titulo,descripcion,comunidad_autonoma,provincia,municipio,publicador_codigo,publicador_nombre,identificador,url_catalogo,formatos,urls_descarga,licencia,fecha_modificacion
"Caracterización y distribución del espacio construido en Andalucía. Piscinas, garajes y aparcamientos","Caracterización y distribución del espacio construido en Andalucía. Piscinas, garajes y aparcamientos es una actividad de estadística experimental que, a partir de la reutilización de datos del Catastro inmobiliario, permite disponer de información sobre piscinas, garajes y aparcamientos en Andalucí",Andalucía,,,A01002820,Junta de Andalucía,https://www.juntadeandalucia.es/datosabiertos/portal/dataset/a85124a3-439c-4d40-836f-c5a87c894fe4,https://datos.gob.es/catalogo/a01002820-caracterizacion-y-distribucion-del-espacio-construido-en-andalucia-piscinas-garajes-y-aparcamientos,HTML | CSV | VND.OGC.WMS_XML | HTML,https://www.juntadeandalucia.es/institutodeestadisticaycartografia/visores/malla-estadistica/?year=last&style=01-stl_napp | https://www.juntadeandalucia.es/institutodeestadisticaycartografia/dega/caracterizacion-y-distribucion-del-espacio-construido-en-andalucia-piscinas-garajes-y-aparcamientos | https://www.juntadeandalucia.es/institutodeestadisticaycartografia/dega/caracterizacion-y-distribucion-del-espacio-construido-en-andalucia-servicios-interoperables-de-visualizacion-wms-y-descarga-wfs | https://www.juntadeandalucia.es/institutodeestadisticaycartografia/visores/malla-estadistica/?year=last&style=01_stl_kps_npisc,,"mié, 05 nov 2025 11:44:18 GMT+0000"
Aparcamientos Motos,Aparcamientos de motos municipales,Andalucía,Málaga,Málaga,L01290672,Ayuntamiento de Málaga,https://datosabiertos.malaga.eu/dataset/aparcamientos-motos,https://datos.gob.es/catalogo/l01290672-aparcamientos-motos,CSV | GML+XML | CSV | GML+XML | VND.GOOGLE-EARTH.KML+XML | ZIP | JSON | VND.GOOGLE-EARTH.KML+XML | JSON | ZIP,https://datosabiertos.malaga.eu/recursos/transporte/trafico/da_aparcamientosMoto-4326.csv | https://datosabiertos.malaga.eu/recursos/transporte/trafico/da_aparcamientosMoto-25830.gml | https://datosabiertos.malaga.eu/recursos/transporte/trafico/da_aparcamientosMoto-25830.csv | https://datosabiertos.malaga.eu/recursos/transporte/trafico/da_aparcamientosMoto-4326.gml | https://datosabiertos.malaga.eu/recursos/transporte/trafico/da_aparcamientosMoto-25830.kml | https://datosabiertos.malaga.eu/recursos/transporte/trafico/da_aparcamientosMoto-4326.zip | https://datosabiertos.malaga.eu/recursos/transporte/trafico/da_aparcamientosMoto-25830.geojson | https://datosabiertos.malaga.eu/recursos/transporte/trafico/da_aparcamientosMoto-4326.kml | https://datosabiertos.malaga.eu/recursos/transporte/trafico/da_aparcamientosMoto-4326.geojson | https://datosabiertos.malaga.eu/recursos/transporte/trafico/da_aparcamientosMoto-25830.zip,,"dom, 22 feb 2026 23:00:00 GMT+0000"
Aparcamientos bici,Previsualización disponible en la siguiente URL de Geoportal https://callejero.malaga.eu/?gplayers=aparcamiento-bicicleta&gp=o,Andalucía,Málaga,Málaga,L01290672,Ayuntamiento de Málaga,https://datosabiertos.malaga.eu/dataset/aparcamientos-bici,https://datos.gob.es/catalogo/l01290672-aparcamientos-bici,VND.GOOGLE-EARTH.KML+XML | CSV | X-ZIPPED-SHP | VND.GOOGLE-EARTH.KML+XML | X-ZIPPED-SHP | GML+XML | JSON | CSV | GML+XML | JSON,https://datosabiertos.malaga.eu/recursos/transporte/trafico/da_aparcamientosBici-25830.kml | https://datosabiertos.malaga.eu/recursos/transporte/trafico/da_aparcamientosBici-4326.csv | https://datosabiertos.malaga.eu/recursos/transporte/trafico/da_aparcamientosBici-4326.zip | https://datosabiertos.malaga.eu/recursos/transporte/trafico/da_aparcamientosBici-4326.kml | https://datosabiertos.malaga.eu/recursos/transporte/trafico/da_aparcamientosBici-25830.zip | https://datosabiertos.malaga.eu/recursos/transporte/trafico/da_aparcamientosBici-4326.gml | https://datosabiertos.malaga.eu/recursos/transporte/trafico/da_aparcamientosBici-4326.geojson | https://datosabiertos.malaga.eu/recursos/transporte/trafico/da_aparcamientosBici-25830.csv | https://datosabiertos.malaga.eu/recursos/transporte/trafico/da_aparcamientosBici-25830.gml | https://datosabiertos.malaga.eu/recursos/transporte/trafico/da_aparcamientosBici-25830.geojson,,"mar, 16 sep 2025 22:00:00 GMT+0000"
Aparcamientos en rotación,**Descripción de columnas incluidas en los recursos**   * ID_EQUIPAMIENTO: Identificador único de equipamiento. * FINALIDAD: Descripción o finalidad del equipamiento. * TOOLTIP: Nombre del equipamiento. * SDOPUNTO: Localización georreferenciada.  Previsualización disponible en la siguiente URL de Ge,Andalucía,Málaga,Málaga,L01290672,Ayuntamiento de Málaga,https://datosabiertos.malaga.eu/dataset/aparcamientos-en-rotacion,https://datos.gob.es/catalogo/l01290672-aparcamientos-en-rotacion,VND.GOOGLE-EARTH.KML+XML | GML+XML | GML+XML | X-ZIPPED-SHP | CSV | VND.GOOGLE-EARTH.KML+XML | JSON | X-ZIPPED-SHP | JSON | CSV,https://datosabiertos.malaga.eu/recursos/urbanismoEInfraestructura/equipamientos/da_aparcamientosRotacion-4326.kml | https://datosabiertos.malaga.eu/recursos/urbanismoEInfraestructura/equipamientos/da_aparcamientosRotacion-4326.gml | https://datosabiertos.malaga.eu/recursos/urbanismoEInfraestructura/equipamientos/da_aparcamientosRotacion-25830.gml | https://datosabiertos.malaga.eu/recursos/urbanismoEInfraestructura/equipamientos/da_aparcamientosRotacion-25830.zip | https://datosabiertos.malaga.eu/recursos/urbanismoEInfraestructura/equipamientos/da_aparcamientosRotacion-25830.csv | https://datosabiertos.malaga.eu/recursos/urbanismoEInfraestructura/equipamientos/da_aparcamientosRotacion-25830.kml | https://datosabiertos.malaga.eu/recursos/urbanismoEInfraestructura/equipamientos/da_aparcamientosRotacion-4326.geojson | https://datosabiertos.malaga.eu/recursos/urbanismoEInfraestructura/equipamientos/da_aparcamientosRotacion-4326.zip | https://datosabiertos.malaga.eu/recursos/urbanismoEInfraestructura/equipamientos/da_aparcamientosRotacion-25830.geojson | https://datosabiertos.malaga.eu/recursos/urbanismoEInfraestructura/equipamientos/da_aparcamientosRotacion-4326.csv,,"mar, 16 sep 2025 22:00:00 GMT+0000"
Aparcamientos movilidad reducida,Previsualización disponible en la siguiente URL de Geoportal https://callejero.malaga.eu/?gplayers=aparcamiento-movilidad-reducida&gp=o,Andalucía,Málaga,Málaga,L01290672,Ayuntamiento de Málaga,https://datosabiertos.malaga.eu/dataset/aparcamientos-movilidad-reducida,https://datos.gob.es/catalogo/l01290672-aparcamientos-movilidad-reducida,JSON | X-ZIPPED-SHP | X-ZIPPED-SHP | CSV | VND.GOOGLE-EARTH.KML+XML | VND.GOOGLE-EARTH.KML+XML | CSV | JSON | GML+XML | GML+XML,https://datosabiertos.malaga.eu/recursos/transporte/trafico/da_aparcamientosMovilidadReducida-25830.geojson | https://datosabiertos.malaga.eu/recursos/transporte/trafico/da_aparcamientosMovilidadReducida-4326.zip | https://datosabiertos.malaga.eu/recursos/transporte/trafico/da_aparcamientosMovilidadReducida-25830.zip | https://datosabiertos.malaga.eu/recursos/transporte/trafico/da_aparcamientosMovilidadReducida-25830.csv | https://datosabiertos.malaga.eu/recursos/transporte/trafico/da_aparcamientosMovilidadReducida-4326.kml | https://datosabiertos.malaga.eu/recursos/transporte/trafico/da_aparcamientosMovilidadReducida-25830.kml | https://datosabiertos.malaga.eu/recursos/transporte/trafico/da_aparcamientosMovilidadReducida-4326.csv | https://datosabiertos.malaga.eu/recursos/transporte/trafico/da_aparcamientosMovilidadReducida-4326.geojson | https://datosabiertos.malaga.eu/recursos/transporte/trafico/da_aparcamientosMovilidadReducida-25830.gml | https://datosabiertos.malaga.eu/recursos/transporte/trafico/da_aparcamientosMovilidadReducida-4326.gml,,"dom, 11 may 2025 22:00:00 GMT+0000"
Aparcamientos para residentes,**Descripción de columnas incluidas en los recursos**   * ID_EQUIPAMIENTO: Identificador único de equipamiento. * FINALIDAD: Descripción o finalidad del equipamiento. * TOOLTIP: Nombre del equipamiento. * SDOPUNTO: Localización georreferenciada.  Previsualización disponible en la siguiente URL de Ge,Andalucía,Málaga,Málaga,L01290672,Ayuntamiento de Málaga,https://datosabiertos.malaga.eu/dataset/aparcamientos-para-residentes,https://datos.gob.es/catalogo/l01290672-aparcamientos-para-residentes,GML+XML | CSV | GML+XML | CSV | X-ZIPPED-SHP | VND.GOOGLE-EARTH.KML+XML | JSON | X-ZIPPED-SHP | VND.GOOGLE-EARTH.KML+XML,https://datosabiertos.malaga.eu/recursos/urbanismoEInfraestructura/equipamientos/da_aparcamientosResidente-25830.gml | https://datosabiertos.malaga.eu/recursos/urbanismoEInfraestructura/equipamientos/da_aparcamientosResidente-25830.csv | https://datosabiertos.malaga.eu/recursos/urbanismoEInfraestructura/equipamientos/da_aparcamientosResidente-4326.gml | https://datosabiertos.malaga.eu/recursos/urbanismoEInfraestructura/equipamientos/da_aparcamientosResidente-4326.csv | https://datosabiertos.malaga.eu/recursos/urbanismoEInfraestructura/equipamientos/da_aparcamientosResidente-25830.zip | https://datosabiertos.malaga.eu/recursos/urbanismoEInfraestructura/equipamientos/da_aparcamientosResidente-4326.kml | https://datosabiertos.malaga.eu/recursos/urbanismoEInfraestructura/equipamientos/da_aparcamientosResidente-4326.geojson | https://datosabiertos.malaga.eu/recursos/urbanismoEInfraestructura/equipamientos/da_aparcamientosResidente-4326.zip | https://datosabiertos.malaga.eu/recursos/urbanismoEInfraestructura/equipamientos/da_aparcamientosResidente-25830.kml,,"mar, 16 sep 2025 22:00:00 GMT+0000"
Consultas App Aparcamientos pago con móvil,Número de consultas realizadas con la aplicación móvil de Aparcamientos para el pago del S.A.R.E.,Andalucía,Málaga,Málaga,L01290672,Ayuntamiento de Málaga,https://datosabiertos.malaga.eu/dataset/consultas-app-aparcamientos-pago-con-movil,https://datos.gob.es/catalogo/l01290672-consultas-app-aparcamientos-pago-con-movil,CSV,https://datosabiertos.malaga.eu/dataset/08c91a74-cddd-409f-b53b-8707598378f6/resource/1bde389e-bb5a-4cbb-b11d-81504a26180b/download/consultasapppagoconmovil.csv,,"mié, 29 nov 2017 23:00:00 GMT+0000"
Ocupación aparcamientos públicos municipales,Ocupación de los aparcamientos públicos municipales en formato CSV. La información de actualiza cada 1 minuto.  La correspondencia de identificadores de aparcamientos y nombre está disponible en:  https://datosabiertos.malaga.eu/recursos/aparcamientos/ocupappublicosmun/catalogo.csv,Andalucía,Málaga,Málaga,L01290672,Ayuntamiento de Málaga,https://datosabiertos.malaga.eu/dataset/ocupacion-aparcamientos-publicos-municipales,https://datos.gob.es/catalogo/l01290672-ocupacion-aparcamientos-publicos-municipales,CSV,https://datosabiertos.malaga.eu/recursos/aparcamientos/ocupappublicosmun/ocupappublicosmun.csv,,"jue, 13 ago 2026 22:00:00 GMT+0000"
Plazas aparcamientos 2013,Detalle de plazas de aparcamientos para el año 2013,Andalucía,Málaga,Málaga,L01290672,Ayuntamiento de Málaga,https://datosabiertos.malaga.eu/dataset/plazas-aparcamientos-2013,https://datos.gob.es/catalogo/l01290672-plazas-aparcamientos-2013,CSV,https://datosabiertos.malaga.eu/dataset/9d7dd65c-20de-4192-bd8c-10047ad8750e/resource/24d5ecd7-af68-48fb-bb11-2612b1f6e8fd/download/plazasaparcamientos2013.csv,,"mié, 29 nov 2017 23:00:00 GMT+0000"
Plazas aparcamientos S.A.RE.,Detalle de las plazas de aparcamientos por zonas de los sectores de aparcamiento regulado (S.A.RE.).,Andalucía,Málaga,Málaga,L01290672,Ayuntamiento de Málaga,https://datosabiertos.malaga.eu/dataset/plazas-aparcamientos-s-a-re,https://datos.gob.es/catalogo/l01290672-plazas-aparcamientos-s-a-re,CSV,https://datosabiertos.malaga.eu/dataset/27db3586-f3ce-4b18-9147-33f6bcbde758/resource/817455c8-bfe5-4c32-805d-db18f7c6f25c/download/plazasaparcamientossare2013.csv,,"mié, 29 nov 2017 23:00:00 GMT+0000"
Tarifas coches aparcamientos L-D,Tarifas para coches de los aparcamientos con tarifa fija de lunes a domingo. Las tarifas no incluyen IVA.,Andalucía,Málaga,Málaga,L01290672,Ayuntamiento de Málaga,https://datosabiertos.malaga.eu/dataset/tarifas-aparcamientos-l-d,https://datos.gob.es/catalogo/l01290672-tarifas-coches-aparcamientos-l-d,CSV,https://datosabiertos.malaga.eu/dataset/27d3e8ba-d91b-430c-bb1c-b1c4f5467bc4/resource/e365c3f3-9017-40fa-8080-01a129d67bf9/download/tarifasaparcamientoscochesld2013.csv,,"mié, 29 nov 2017 23:00:00 GMT+0000"
Tarifas coches aparcamientos L-V,Tarifas para coches de los aparcamientos con tarifa variable entre días laborables y fines de semana y festivos. Tarifas de los días laborables. Las tarifas no incluyen IVA.,Andalucía,Málaga,Málaga,L01290672,Ayuntamiento de Málaga,https://datosabiertos.malaga.eu/dataset/tarifas-coches-aparcamientos-l-v,https://datos.gob.es/catalogo/l01290672-tarifas-coches-aparcamientos-l-v,CSV,https://datosabiertos.malaga.eu/dataset/68e6355b-69cd-424e-a719-7ba1f384a90c/resource/9a238ea6-dc23-47f1-8203-0c2d1bf3cfed/download/tarifasaparcamientoscocheslv2013.csv,,"mié, 29 nov 2017 23:00:00 GMT+0000"
Tarifas coches aparcamientos S-D-F,Tarifas para coches de los aparcamientos con tarifa variable entre días laborables y fines de semana y festivos. Tarifas de fines de semana y festivos. Las tarifas no incluyen IVA.,Andalucía,Málaga,Málaga,L01290672,Ayuntamiento de Málaga,https://datosabiertos.malaga.eu/dataset/tarifas-coches-aparcamientos-s-d-f,https://datos.gob.es/catalogo/l01290672-tarifas-coches-aparcamientos-s-d-f,CSV,https://datosabiertos.malaga.eu/dataset/2dc9e015-d466-43ef-86cf-786d595df15a/resource/0f0043ca-8a95-4a1d-bd28-fe14812f022d/download/tarifasaparcamientoscochessdf2013.csv,,"mié, 29 nov 2017 23:00:00 GMT+0000"
Tarifas motos aparcamientos L-D,Tarifas para motos de los aparcamientos con tarifa fija de lunes a domingo. Las tarifas no incluyen IVA.,Andalucía,Málaga,Málaga,L01290672,Ayuntamiento de Málaga,https://datosabiertos.malaga.eu/dataset/tarifas-motos-aparcamientos-l-d,https://datos.gob.es/catalogo/l01290672-tarifas-motos-aparcamientos-l-d,CSV,https://datosabiertos.malaga.eu/dataset/00998899-ba53-4e8b-a439-991fe42f8be1/resource/2a64f8a8-fee0-4fa6-ac1e-6d8e9ed3cd68/download/tarifasaparcamientosmotosld2013.csv,,"mié, 29 nov 2017 23:00:00 GMT+0000"
Tarifas motos aparcamientos L-V,Tarifas para motos de los aparcamientos con tarifa variable entre días laborables y fines de semana y festivos. Tarifas de los días laborables. Las tarifas no incluyen IVA.,Andalucía,Málaga,Málaga,L01290672,Ayuntamiento de Málaga,https://datosabiertos.malaga.eu/dataset/tarifas-motos-aparcamientos-l-v,https://datos.gob.es/catalogo/l01290672-tarifas-motos-aparcamientos-l-v,CSV,https://datosabiertos.malaga.eu/dataset/5efb8d7a-2972-4380-91ef-2f982092320e/resource/0704a392-94cc-46d9-b642-ecd7a864a84a/download/tarifasaparcamientosmotoslv2013.csv,,"mié, 29 nov 2017 23:00:00 GMT+0000"
Tarifas motos aparcamientos S-D-F,Tarifas para motos de los aparcamientos con tarifa variable entre días laborables y fines de semana y festivos. Tarifas de fines de semana y festivos. Las tarifas no incluyen IVA.,Andalucía,Málaga,Málaga,L01290672,Ayuntamiento de Málaga,https://datosabiertos.malaga.eu/dataset/tarifas-motos-aparcamientos-s-d-f,https://datos.gob.es/catalogo/l01290672-tarifas-motos-aparcamientos-s-d-f,CSV,https://datosabiertos.malaga.eu/dataset/2384d0e6-6805-4cbb-9849-20447a75c1ee/resource/87605650-7c2e-4180-b3c1-a195764f2936/download/tarifasaparcamientosmotossdf2013.csv,,"mié, 29 nov 2017 23:00:00 GMT+0000"
Ubicación de aparcamientos públicos municipales,Ubicación de los aparcamientos públicos municipales en Málaga. Previsualización disponible en la siguiente URL de Geoportal https://callejero.malaga.eu/?gplayers=aparcamiento-publico-municipal&gp=o,Andalucía,Málaga,Málaga,L01290672,Ayuntamiento de Málaga,https://datosabiertos.malaga.eu/dataset/ubicacion-de-aparcamientos-publicos-municipales,https://datos.gob.es/catalogo/l01290672-ubicacion-de-aparcamientos-publicos-municipales,X-ZIPPED-SHP | GML+XML | CSV | JSON | JSON | GML+XML | X-ZIPPED-SHP | VND.GOOGLE-EARTH.KML+XML | CSV | VND.GOOGLE-EARTH.KML+XML,https://datosabiertos.malaga.eu/recursos/aparcamientos/ubappublicosmun/da_aparcamientosPublicosMunicipales-4326.zip | https://datosabiertos.malaga.eu/recursos/aparcamientos/ubappublicosmun/da_aparcamientosPublicosMunicipales-25830.gml | https://datosabiertos.malaga.eu/recursos/aparcamientos/ubappublicosmun/da_aparcamientosPublicosMunicipales-4326.csv | https://datosabiertos.malaga.eu/recursos/aparcamientos/ubappublicosmun/da_aparcamientosPublicosMunicipales-25830.geojson | https://datosabiertos.malaga.eu/recursos/aparcamientos/ubappublicosmun/da_aparcamientosPublicosMunicipales-4326.geojson | https://datosabiertos.malaga.eu/recursos/aparcamientos/ubappublicosmun/da_aparcamientosPublicosMunicipales-4326.gml | https://datosabiertos.malaga.eu/recursos/aparcamientos/ubappublicosmun/da_aparcamientosPublicosMunicipales-25830.zip | https://datosabiertos.malaga.eu/recursos/aparcamientos/ubappublicosmun/da_aparcamientosPublicosMunicipales-4326.kml | https://datosabiertos.malaga.eu/recursos/aparcamientos/ubappublicosmun/da_aparcamientosPublicosMunicipales-25830.csv | https://datosabiertos.malaga.eu/recursos/aparcamientos/ubappublicosmun/da_aparcamientosPublicosMunicipales-25830.kml,,"mar, 16 sep 2025 22:00:00 GMT+0000"
Uso aparcamientos 2013,Datos sobre el uso de los aparcamientos para el año 2013,Andalucía,Málaga,Málaga,L01290672,Ayuntamiento de Málaga,https://datosabiertos.malaga.eu/dataset/uso-aparcamientos-2013,https://datos.gob.es/catalogo/l01290672-uso-aparcamientos-2013,CSV,https://datosabiertos.malaga.eu/dataset/13a72f0d-f922-4885-8cde-912571bea799/resource/c6c2791f-0a8e-4483-8587-706cc33f526d/download/uso-aparcamientos-2013.csv,,"mié, 29 nov 2017 23:00:00 GMT+0000"
Aparcamientos Públicos,Relación de los principales parkings públicos para automóviles de la ciudad de Zaragoza y la información relativa a la ocupación de los aparcamientos gestionados por la empresa VINCI. https://www.zaragoza.es/sede/portal/datos-abiertos/servicio/catalogo/55,Aragón,Zaragoza,Zaragoza,L01502973,Ayuntamiento de Zaragoza,https://www.zaragoza.es/web/espacio-de-datos/servicio/catalogo/55,https://datos.gob.es/catalogo/l01502973-aparcamientos-publicos,SPARQL-QUERY | SPARQL-QUERY | API | JSON,https://www.zaragoza.es/sede/portal/datos-abiertos/servicio/sparql | https://www.zaragoza.es/sede/portal/datos-abiertos/servicio/sparql | https://www.zaragoza.es/docs-api_sede/#/Equipamientos%20y%20movilidad%3A%20Aparcamientos%20públicos | https://www.zaragoza.es/trafico/ocupacion-parking/VINCI_Park_occupancy_info.json,,"mié, 15 jun 2022 22:00:00 GMT+0000"
Aparcamientos de motos,Ubicación de los aparcamientos de motocicletas en el municipio de Zaragoza.,Aragón,Zaragoza,Zaragoza,L01502973,Ayuntamiento de Zaragoza,https://www.zaragoza.es/web/espacio-de-datos/servicio/catalogo/5521,https://datos.gob.es/catalogo/l01502973-aparcamientos-de-motos,WFS | WMS,https://idezar-sig.zaragoza.es/servicios/geoserver/movilidad/wfs?service=WFS&version=2.0.0&request=GetCapabilities | https://idezar-sig.zaragoza.es/servicios/geoserver/movilidad/wms?service=WMS&version=1.3.0&request=GetCapabilities,,"mar, 28 jul 2026 00:00:00 GMT+0000"
Estacionamientos de personas con movilidad reducida,"Relación de estacionamientos públicos para personas con discapacidad en la ciudad de Zaragoza.
Fuente de información: Servicio de Movilidad Urbana
Herramientas para desarrolladores: Los datos se encuentran disponibles en los siguientes formatos: 
http://www.zaragoza.es/georref/rdf/hilo/estacionamien",Aragón,Zaragoza,Zaragoza,L01502973,Ayuntamiento de Zaragoza,https://www.zaragoza.es/web/espacio-de-datos/servicio/catalogo/307,https://datos.gob.es/catalogo/l01502973-estacionamientos-de-personas-con-movilidad-reducida,API | SPARQL-QUERY,https://www.zaragoza.es/docs-api_sede/#/Equipamientos%20y%20movilidad%3A%20Aparcamientos%20para%20personas%20con%20discapacidad | https://www.zaragoza.es/sede/portal/datos-abiertos/servicio/sparql,,"jue, 28 abr 2022 22:00:00 GMT+0000"
Estacionamientos motos,Este conjunto de datos incluye un directorio con los datos de los Estacionamientos de Motos de la ciudad de Zaragoza. https://www.zaragoza.es/sede/portal/datos-abiertos/servicio/catalogo/334,Aragón,Zaragoza,Zaragoza,L01502973,Ayuntamiento de Zaragoza,https://www.zaragoza.es/web/espacio-de-datos/servicio/catalogo/334,https://datos.gob.es/catalogo/l01502973-estacionamientos-motos,API | SPARQL-QUERY,https://www.zaragoza.es/docs-api_sede/#/Equipamientos%20y%20movilidad%3A%20Aparcamientos%20para%20motos | https://www.zaragoza.es/sede/portal/datos-abiertos/servicio/sparql,,"mié, 15 jun 2022 22:00:00 GMT+0000"
Parking públicos y privados,Parking existentes en la ciudad de Zaragoza tanto públicos como privados.,Aragón,Zaragoza,Zaragoza,L01502973,Ayuntamiento de Zaragoza,https://www.zaragoza.es/web/espacio-de-datos/servicio/catalogo/3994,https://datos.gob.es/catalogo/l01502973-parking-publicos-y-privados,WFS | WMS,https://idezar-sig.zaragoza.es/servicios/geoserver/movilidad/wfs?service=WFS&version=2.0.0&request=GetCapabilities | https://idezar-sig.zaragoza.es/servicios/geoserver/movilidad/wms?service=WMS&version=1.3.0&request=GetCapabilities,,"lun, 14 jul 2025 22:00:00 GMT+0000"
Parquímetros,Relación de parquímetros en la ciudad de Zaragoza,Aragón,Zaragoza,Zaragoza,L01502973,Ayuntamiento de Zaragoza,https://www.zaragoza.es/web/espacio-de-datos/servicio/catalogo/329,https://datos.gob.es/catalogo/l01502973-parquimetros,JSON,https://www.zaragoza.es/docs-api_sede/#/Equipamientos%20y%20movilidad%3A%20Parquimetros,,"mar, 02 abr 2013 22:00:00 GMT+0000"
Zonas de estacionamiento regulado,"Porcentaje de ocupación, parquímetros, relación de zonas y vías que contienen las zonas de estacionamiento regulado de la ciudad de Zaragoza.
Herramientas para desarrolladores: Las coordenadas están en formato UTM30 y WGS84
Los identificadores del archivo de ocupación coinciden con los numeros de re",Aragón,Zaragoza,Zaragoza,L01502973,Ayuntamiento de Zaragoza,https://www.zaragoza.es/web/espacio-de-datos/servicio/catalogo/332,https://datos.gob.es/catalogo/l01502973-zonas-de-estacionamiento-regulado,JSON | WFS | JSON | JSON | JSON | WMS | JSON,https://www.zaragoza.es/trafico/estacionamientoots/Occupation.json | https://idezar-sig.zaragoza.es/servicios/geoserver/movilidad/wfs?service=WFS&version=2.0.0&request=GetCapabilities | https://www.zaragoza.es/trafico/estacionamiento/vias_estacionamiento_regulado_web.json | https://www.zaragoza.es/trafico/estacionamiento/zona_estacionamiento_regulado_WGS84.json | https://www.zaragoza.es/trafico/estacionamiento/zona_estacionamiento_regulado_web.json | https://idezar-sig.zaragoza.es/servicios/geoserver/movilidad/wms?service=WMS&version=1.3.0&request=GetCapabilities | https://www.zaragoza.es/trafico/estacionamiento/vias_estacionamiento_regulado_web_WGS84.json,,"lun, 14 jul 2025 22:00:00 GMT+0000"
"Población de 18 y más años que dispone de vehículos a motor en el hogar según disponibilidad de plaza de aparcamiento privada, sexos y grupos de edad. Canarias. 2025 Segundo trimestre","En esta tabla se aportan datos estimados del segundo trimestre de 2025 sobre la población de 18 y más años en Canarias que dispone de vehículos a motor en el hogar por disponibilidad de plaza de aparcamiento privada, sexos y grupos de edad.",Canarias,,,A05003423,Instituto Canario de Estadística (ISTAC),https://datos.canarias.es/catalogos/estadisticas/dataset/urn-siemac-org-siemac-metamac-infomodel-statisticalresources-dataset-istac-c00086a_000367,https://datos.gob.es/catalogo/a05003423-poblacion-de-18-y-mas-anos-que-dispone-de-vehiculos-a-motor-en-el-hogar-segun-disponibilidad-de-plaza-de-aparcamiento-privada-sexos-y-grupos-de-edad-canarias-2025-segundo-trimestre,CSV | application/vnd.openxmlformats-officedocument.spreadsheetml.sheet | JSON | JSON | XML | TAB-SEPARATED-VALUES,https://datos.canarias.es/api/estadisticas/statistical-resources/v1.0/datasets/ISTAC/C00086A_000367/1.0.csv | https://datos.canarias.es/api/estadisticas/statistical-resources/v1.0/datasets/ISTAC/C00086A_000367/1.0.xlsx | https://datos.canarias.es/api/estadisticas/statistical-resources/v1.0/datasets/ISTAC/C00086A_000367/1.0.json | https://datos.canarias.es/api/estadisticas/statistical-resources/v1.0/datasets/ISTAC/C00086A_000367/1.0.jsonstat | https://datos.canarias.es/api/estadisticas/statistical-resources/v1.0/datasets/ISTAC/C00086A_000367/1.0.xml | https://datos.canarias.es/api/estadisticas/statistical-resources/v1.0/datasets/ISTAC/C00086A_000367/1.0.tsv,,"lun, 08 jun 2026 13:32:05 GMT+0000"
Población de 18 y más años que dispone de vehículos a motor en el hogar según disponibilidad de plaza de aparcamiento privada. Grandes comarcas de Canarias. 2025 Segundo trimestre,En esta tabla se aportan datos estimados del segundo trimestre de 2025 sobre la población de 18 y más años en Canarias que dispone de vehículos a motor en el hogar por disponibilidad de plaza de aparcamiento privada. La información se desagrega territorialmente a nivel de grandes comarcas de Canaria,Canarias,,,A05003423,Instituto Canario de Estadística (ISTAC),https://datos.canarias.es/catalogos/estadisticas/dataset/urn-siemac-org-siemac-metamac-infomodel-statisticalresources-dataset-istac-c00086a_000366,https://datos.gob.es/catalogo/a05003423-poblacion-de-18-y-mas-anos-que-dispone-de-vehiculos-a-motor-en-el-hogar-segun-disponibilidad-de-plaza-de-aparcamiento-privada-grandes-comarcas-de-canarias-2025-segundo-trimestre,JSON | XML | TAB-SEPARATED-VALUES | CSV | JSON | application/vnd.openxmlformats-officedocument.spreadsheetml.sheet,https://datos.canarias.es/api/estadisticas/statistical-resources/v1.0/datasets/ISTAC/C00086A_000366/1.0.json | https://datos.canarias.es/api/estadisticas/statistical-resources/v1.0/datasets/ISTAC/C00086A_000366/1.0.xml | https://datos.canarias.es/api/estadisticas/statistical-resources/v1.0/datasets/ISTAC/C00086A_000366/1.0.tsv | https://datos.canarias.es/api/estadisticas/statistical-resources/v1.0/datasets/ISTAC/C00086A_000366/1.0.csv | https://datos.canarias.es/api/estadisticas/statistical-resources/v1.0/datasets/ISTAC/C00086A_000366/1.0.jsonstat | https://datos.canarias.es/api/estadisticas/statistical-resources/v1.0/datasets/ISTAC/C00086A_000366/1.0.xlsx,,"lun, 08 jun 2026 13:32:03 GMT+0000"
"Población de 18 y más años que se desplaza habitualmente en coche según tipo de aparcamiento utilizado, sexos y grupos de edad. Canarias. 2025 Segundo trimestre","En esta tabla se aportan datos estimados del segundo trimestre de 2025 sobre la población de 18 y más años en Canarias que se desplaza habitualmente en coche según tipo de aparcamiento utilizado, sexos y grupos de edad.",Canarias,,,A05003423,Instituto Canario de Estadística (ISTAC),https://datos.canarias.es/catalogos/estadisticas/dataset/urn-siemac-org-siemac-metamac-infomodel-statisticalresources-dataset-istac-c00086a_000397,https://datos.gob.es/catalogo/a05003423-poblacion-de-18-y-mas-anos-que-se-desplaza-habitualmente-en-coche-segun-tipo-de-aparcamiento-utilizado-sexos-y-grupos-de-edad-canarias-2025-segundo-trimestre,XML | JSON | CSV | TAB-SEPARATED-VALUES | application/vnd.openxmlformats-officedocument.spreadsheetml.sheet | JSON,https://datos.canarias.es/api/estadisticas/statistical-resources/v1.0/datasets/ISTAC/C00086A_000397/1.0.xml | https://datos.canarias.es/api/estadisticas/statistical-resources/v1.0/datasets/ISTAC/C00086A_000397/1.0.jsonstat | https://datos.canarias.es/api/estadisticas/statistical-resources/v1.0/datasets/ISTAC/C00086A_000397/1.0.csv | https://datos.canarias.es/api/estadisticas/statistical-resources/v1.0/datasets/ISTAC/C00086A_000397/1.0.tsv | https://datos.canarias.es/api/estadisticas/statistical-resources/v1.0/datasets/ISTAC/C00086A_000397/1.0.xlsx | https://datos.canarias.es/api/estadisticas/statistical-resources/v1.0/datasets/ISTAC/C00086A_000397/1.0.json,,"lun, 08 jun 2026 13:31:53 GMT+0000"
Población de 18 y más años que se desplaza habitualmente en coche según tipo de aparcamiento utilizado. Grandes comarcas de Canarias. 2025 Segundo trimestre,En esta tabla se aportan datos estimados del segundo trimestre de 2025 sobre la población de 18 y más años en Canarias que se desplaza habitualmente en coche según tipo de aparcamiento utilizado. La información se desagrega territorialmente a nivel de grandes comarcas de Canarias.,Canarias,,,A05003423,Instituto Canario de Estadística (ISTAC),https://datos.canarias.es/catalogos/estadisticas/dataset/urn-siemac-org-siemac-metamac-infomodel-statisticalresources-dataset-istac-c00086a_000396,https://datos.gob.es/catalogo/a05003423-poblacion-de-18-y-mas-anos-que-se-desplaza-habitualmente-en-coche-segun-tipo-de-aparcamiento-utilizado-grandes-comarcas-de-canarias-2025-segundo-trimestre,XML | TAB-SEPARATED-VALUES | CSV | application/vnd.openxmlformats-officedocument.spreadsheetml.sheet | JSON | JSON,https://datos.canarias.es/api/estadisticas/statistical-resources/v1.0/datasets/ISTAC/C00086A_000396/1.0.xml | https://datos.canarias.es/api/estadisticas/statistical-resources/v1.0/datasets/ISTAC/C00086A_000396/1.0.tsv | https://datos.canarias.es/api/estadisticas/statistical-resources/v1.0/datasets/ISTAC/C00086A_000396/1.0.csv | https://datos.canarias.es/api/estadisticas/statistical-resources/v1.0/datasets/ISTAC/C00086A_000396/1.0.xlsx | https://datos.canarias.es/api/estadisticas/statistical-resources/v1.0/datasets/ISTAC/C00086A_000396/1.0.json | https://datos.canarias.es/api/estadisticas/statistical-resources/v1.0/datasets/ISTAC/C00086A_000396/1.0.jsonstat,,"lun, 08 jun 2026 13:32:11 GMT+0000"
Aparcamientos,Ubicación de la entrada de aparcamientos existentes en la ciudad. Gestión pública y privada,Canarias,Santa Cruz de Tenerife,Santa Cruz de Tenerife,L01380380,Ayuntamiento de Santa Cruz de Tenerife,https://www.santacruzdetenerife.es/opendata/dataset/aparcamientos,https://datos.gob.es/catalogo/l01380380-aparcamientos1,X-ZIPPED-SHP | VND.GOOGLE-EARTH.KML+XML | CSV | VND.GOOGLE-EARTH.KMZ | JSON | RDF+XML | VND.MS-EXCEL | JSON,https://www.santacruzdetenerife.es/opendata/dataset/e4ac3cca-3212-4d07-8cc8-2a021f674463/resource/4d5594e7-9de3-4ec9-a330-ae3d573189ef/download/aparcamientos.zip | https://www.santacruzdetenerife.es/opendata/dataset/e4ac3cca-3212-4d07-8cc8-2a021f674463/resource/06984274-07c7-49b9-864e-7a748dba8779/download/aparcamientos.kml | https://www.santacruzdetenerife.es/opendata/dataset/e4ac3cca-3212-4d07-8cc8-2a021f674463/resource/7d542e44-afcf-416e-bd87-388ff75bfcdc/download/aparcamientos.csv | https://www.santacruzdetenerife.es/opendata/dataset/e4ac3cca-3212-4d07-8cc8-2a021f674463/resource/1277311f-e422-43cc-add3-35b1bc7036cc/download/aparcamientos.kmz | https://www.santacruzdetenerife.es/opendata/dataset/e4ac3cca-3212-4d07-8cc8-2a021f674463/resource/21794107-a347-43f8-b215-60acc77c9c2b/download/aparcamientos.geojson | https://www.santacruzdetenerife.es/opendata/dataset/e4ac3cca-3212-4d07-8cc8-2a021f674463/resource/2463ba75-3d11-4730-a9c5-5cb8fe4739a9/download/aparcamientos.ttl | https://www.santacruzdetenerife.es/opendata/dataset/e4ac3cca-3212-4d07-8cc8-2a021f674463/resource/1deaf802-7122-43d7-9c1c-f072ee8511a6/download/aparcamientos.xls | https://www.santacruzdetenerife.es/opendata/dataset/e4ac3cca-3212-4d07-8cc8-2a021f674463/resource/f11f66a2-b581-48ea-b4f2-b53c2983d9c9/download/aparcamientos.json,,"lun, 20 may 2019 22:00:00 GMT+0000"
Aparcamientos para personas con movilidad reducida,Geolocalización de plazas de aparcamiento para personas de movilidad reducida.,Canarias,Santa Cruz de Tenerife,Santa Cruz de Tenerife,L01380380,Ayuntamiento de Santa Cruz de Tenerife,https://www.santacruzdetenerife.es/opendata/dataset/aparcamientos-para-personas-con-movilidad-reducida,https://datos.gob.es/catalogo/l01380380-aparcamientos-para-personas-con-movilidad-reducida1,JSON | VND.GOOGLE-EARTH.KML+XML | VND.GOOGLE-EARTH.KMZ | RDF+XML | VND.GOOGLE-EARTH.KMZ | X-ZIPPED-SHP | JSON | JSON | X-ZIPPED-SHP | VND.GOOGLE-EARTH.KML+XML | CSV | JSON | CSV | VND.MS-EXCEL | VND.MS-EXCEL | RDF+XML,https://www.santacruzdetenerife.es/opendata/dataset/c82761b7-87bc-4706-829f-61ea8b32d29c/resource/fc6025c6-554e-4b6f-aa97-b24df37d1fdb/download/apar_mov_red.geojson | https://www.santacruzdetenerife.es/opendata/dataset/c82761b7-87bc-4706-829f-61ea8b32d29c/resource/15823c27-d067-4714-aaa0-8f29eff486f1/download/apar_mov_red.kml | https://www.santacruzdetenerife.es/opendata/dataset/c82761b7-87bc-4706-829f-61ea8b32d29c/resource/cf0b1d75-e8a5-492d-bdfd-6c961c23adc3/download/apar_mov_red.kmz | https://www.santacruzdetenerife.es/opendata/dataset/c82761b7-87bc-4706-829f-61ea8b32d29c/resource/3e0f5530-b7b0-4c4a-b2c5-309f2e0be517/download/apar_mov_red.ttl | https://www.santacruzdetenerife.es/opendata/dataset/c82761b7-87bc-4706-829f-61ea8b32d29c/resource/cf0b1d75-e8a5-492d-bdfd-6c961c23adc3/download/apar_mov_red.kmz | https://www.santacruzdetenerife.es/opendata/dataset/c82761b7-87bc-4706-829f-61ea8b32d29c/resource/2950cac3-2000-4d49-b0bc-47b2b181ec00/download/apar_mov_red.zip | https://www.santacruzdetenerife.es/opendata/dataset/c82761b7-87bc-4706-829f-61ea8b32d29c/resource/712fc182-5b77-4e6d-a64e-d263ac3b3e1c/download/apar_mov_red.json | https://www.santacruzdetenerife.es/opendata/dataset/c82761b7-87bc-4706-829f-61ea8b32d29c/resource/712fc182-5b77-4e6d-a64e-d263ac3b3e1c/download/apar_mov_red.json | https://www.santacruzdetenerife.es/opendata/dataset/c82761b7-87bc-4706-829f-61ea8b32d29c/resource/2950cac3-2000-4d49-b0bc-47b2b181ec00/download/apar_mov_red.zip | https://www.santacruzdetenerife.es/opendata/dataset/c82761b7-87bc-4706-829f-61ea8b32d29c/resource/15823c27-d067-4714-aaa0-8f29eff486f1/download/apar_mov_red.kml | https://www.santacruzdetenerife.es/opendata/dataset/c82761b7-87bc-4706-829f-61ea8b32d29c/resource/0098b75e-382a-4b9d-9881-c699c2d3ba74/download/apar_mov_red.csv | https://www.santacruzdetenerife.es/opendata/dataset/c82761b7-87bc-4706-829f-61ea8b32d29c/resource/fc6025c6-554e-4b6f-aa97-b24df37d1fdb/download/apar_mov_red.geojson | https://www.santacruzdetenerife.es/opendata/dataset/c82761b7-87bc-4706-829f-61ea8b32d29c/resource/0098b75e-382a-4b9d-9881-c699c2d3ba74/download/apar_mov_red.csv | https://www.santacruzdetenerife.es/opendata/dataset/c82761b7-87bc-4706-829f-61ea8b32d29c/resource/50fe5571-6c9b-483a-934b-90529eb3f6fc/download/apar_mov_red.xls | https://www.santacruzdetenerife.es/opendata/dataset/c82761b7-87bc-4706-829f-61ea8b32d29c/resource/50fe5571-6c9b-483a-934b-90529eb3f6fc/download/apar_mov_red.xls | https://www.santacruzdetenerife.es/opendata/dataset/c82761b7-87bc-4706-829f-61ea8b32d29c/resource/3e0f5530-b7b0-4c4a-b2c5-309f2e0be517/download/apar_mov_red.ttl,,"lun, 20 may 2019 22:00:00 GMT+0000"
Aparcamientos subterráneos,Este dataset contiene un catálogo de los aparcamientos subterráneos disponibles en la ciudad de Santander.,Cantabria,Cantabria,Santander,L01390759,Ayuntamiento de Santander,http://datos.santander.es/catalogo/aparcamientos-subterraneos,https://datos.gob.es/catalogo/l01390759-aparcamientos-subterraneos,XML | LD+JSON | RDF+XML | CSV | ATOM+XML | JSON | TURTLE | N3 | HTML,http://datos.santander.es/api/rest/datasets/puntos_interes_aparcamiento_subterraneo.xml | http://datos.santander.es/api/rest/datasets/puntos_interes_aparcamiento_subterraneo.jsonld | http://datos.santander.es/api/rest/datasets/puntos_interes_aparcamiento_subterraneo.rdf | http://datos.santander.es/api/rest/datasets/puntos_interes_aparcamiento_subterraneo.csv&rnd=1410613426 | http://datos.santander.es/api/rest/datasets/puntos_interes_aparcamiento_subterraneo.atom | http://datos.santander.es/api/rest/datasets/puntos_interes_aparcamiento_subterraneo.json | http://datos.santander.es/api/rest/datasets/puntos_interes_aparcamiento_subterraneo.turtle | http://datos.santander.es/api/rest/datasets/puntos_interes_aparcamiento_subterraneo.n3 | http://datos.santander.es/api/rest/datasets/puntos_interes_aparcamiento_subterraneo.html,,"mié, 04 nov 2015 23:00:00 GMT+0000"
Aparcamientos en espacios naturales,"Servicio temporalmente no disponible.  

Los aparcamientos son espacios habilitados para el estacionamiento de vehículos, que tiene como finalidad facilitar el acceso ordenado de los visitantes con el objeto de disminuir los impactos sobre el entorno

En este conjunto de datos se ofrece el conjunto ",Castilla y León,,,A07002862,Junta de Castilla y León,https://datosabiertos.jcyl.es/web/jcyl/set/es/medio-ambiente/aparcamientos/1284378117797,https://datos.gob.es/catalogo/a07002862-aparcamientos-en-espacios-naturales1,GML+XML | CSV | GML+XML | VND.GOOGLE-EARTH.KML+XML | X-ZIPPED-SHP,https://datosabiertos.jcyl.es/web/jcyl/risp/es/medio-ambiente/aparcamientos/1284378117797.gml32 | https://datosabiertos.jcyl.es/web/jcyl/risp/es/medio-ambiente/aparcamientos/1284378117797.csv | https://datosabiertos.jcyl.es/web/jcyl/risp/es/medio-ambiente/aparcamientos/1284378117797.gml31 | https://datosabiertos.jcyl.es/web/jcyl/risp/es/medio-ambiente/aparcamientos/1284378117797.kml | https://datosabiertos.jcyl.es/web/jcyl/risp/es/medio-ambiente/aparcamientos/1284378117797.shp,,
FGC - Información técnica aparcamientos,Informació tècnica dels aparcaments dels equipaments turístics d'FGC.,Cataluña,,,A09002970,Generalitat de Catalunya,https://analisi.transparenciacatalunya.cat/api/views/s88n-4t2p,https://datos.gob.es/catalogo/a09002970-fgc-informacion-tecnica-aparcamientos,HTML,https://dadesobertes.fgc.cat/explore/dataset/informacio-tecnica-aparcaments/table/,,"dom, 26 oct 2025 23:00:00 GMT+0000"
Aparcamientos con servicio para bicis en la ciudad de Barcelona,Aparcamientos con servicio para bicis en la ciudad de Barcelona.  ,Cataluña,Barcelona,Barcelona,L01080193,Ayuntamiento de Barcelona,https://opendata-ajuntament.barcelona.cat/data/dataset/aparcaments-servei-bicis,https://datos.gob.es/catalogo/l01080193-aparcamientos-con-servicio-para-bicis-en-la-ciudad-de-barcelona,JSON | CSV,https://opendata-ajuntament.barcelona.cat/data/dataset/a7fd022c-d703-49e3-b628-7b32599a6a54/resource/287bfde4-ae4d-40fb-8f6a-f4471edabdc9/download | https://opendata-ajuntament.barcelona.cat/data/dataset/a7fd022c-d703-49e3-b628-7b32599a6a54/resource/797cf565-d91f-4039-8cfe-5b3263c84837/download,http://publications.europa.eu/resource/authority/licence/CC_BY_4_0,"mar, 31 oct 2023 07:52:52 GMT+0000"
Aparcamientos en la ciudad de Barcelona,Aparcamientos en la ciudad de Barcelona ,Cataluña,Barcelona,Barcelona,L01080193,Ayuntamiento de Barcelona,https://opendata-ajuntament.barcelona.cat/data/dataset/aparcaments-bcn,https://datos.gob.es/catalogo/l01080193-aparcamientos-en-la-ciudad-de-barcelona,JSON | CSV,https://opendata-ajuntament.barcelona.cat/data/dataset/a8b29664-ab16-4341-9460-33f60d048d82/resource/3ed73d45-8ea6-4cdf-8984-11a4c4cfc9e8/download | https://opendata-ajuntament.barcelona.cat/data/dataset/a8b29664-ab16-4341-9460-33f60d048d82/resource/8104b9b9-217e-4c7d-b323-c7b4419d2800/download,http://publications.europa.eu/resource/authority/licence/CC_BY_4_0,"mar, 31 oct 2023 07:29:16 GMT+0000"
Estacionamientos del Área de Distribución Urbana de Mercancias (DUM) de la ciudad  de Barcelona,Número de estacionamientos realizados el dia anterior a la fecha actual en las Áreas de Distribución Urbana de Mercancias (DUM) de la ciudad de Barcelona,Cataluña,Barcelona,Barcelona,L01080193,Ayuntamiento de Barcelona,https://opendata-ajuntament.barcelona.cat/data/dataset/estacionaments-dum,https://datos.gob.es/catalogo/l01080193-estacionamientos-del-area-de-distribucion-urbana-de-mercancias-dum-de-la-ciudad-de-barcelona1,JSON,https://opendata-ajuntament.barcelona.cat/data/dataset/ee7ea708-d341-4f1c-bb2e-14199c197435/resource/5c0dd0e5-158c-45e2-bc78-22c32c9ed6b0/download,http://publications.europa.eu/resource/authority/licence/CC_BY_4_0,"jue, 26 mar 2026 08:42:45 GMT+0000"
Información de las tarifas de los aparcamientos en superficie en la ciudad de Barcelona,"Información de las tarifas de los aparcamientos regulados en superficie en la ciudad de Barcelona.  
Se detallan los diferentes precios en relación a cada tipo de plaza.",Cataluña,Barcelona,Barcelona,L01080193,Ayuntamiento de Barcelona,https://opendata-ajuntament.barcelona.cat/data/dataset/tarifes-aparcament-superficie,https://datos.gob.es/catalogo/l01080193-informacion-de-las-tarifas-de-los-aparcamientos-en-superficie-en-la-ciudad-de-barcelona,ZIP | ZIP | ZIP | ZIP | ZIP | CSV | ZIP | ZIP | ZIP | ZIP | ZIP | ZIP | ZIP | ZIP | ZIP | ZIP | ZIP | ZIP | ZIP | ZIP | ZIP | ZIP | ZIP | ZIP | ZIP | ZIP | ZIP | ZIP | ZIP | ZIP | ZIP | ZIP | ZIP | ZIP,https://opendata-ajuntament.barcelona.cat/data/dataset/c401d753-4e78-4760-9943-fff34d90e3d0/resource/87e78408-f684-4b2c-8762-1c4795dfb79c/download | https://opendata-ajuntament.barcelona.cat/data/dataset/c401d753-4e78-4760-9943-fff34d90e3d0/resource/e3dfa2aa-145c-4175-8365-8d8e2de4497a/download | https://opendata-ajuntament.barcelona.cat/data/dataset/c401d753-4e78-4760-9943-fff34d90e3d0/resource/68244042-7eb8-4814-9b2a-a5462d2c9922/download | https://opendata-ajuntament.barcelona.cat/data/dataset/c401d753-4e78-4760-9943-fff34d90e3d0/resource/50167867-d8e1-44c6-9e78-b130d23360a1/download | https://opendata-ajuntament.barcelona.cat/data/dataset/c401d753-4e78-4760-9943-fff34d90e3d0/resource/f807e828-ccb3-49db-aa7f-f93a07b30549/download | https://opendata-ajuntament.barcelona.cat/data/dataset/c401d753-4e78-4760-9943-fff34d90e3d0/resource/30c5d684-fd4a-4229-9ec4-101fde46e512/download | https://opendata-ajuntament.barcelona.cat/data/dataset/c401d753-4e78-4760-9943-fff34d90e3d0/resource/061fab49-c5e4-4c93-9d5f-e8cd20111a10/download | https://opendata-ajuntament.barcelona.cat/data/dataset/c401d753-4e78-4760-9943-fff34d90e3d0/resource/aa7a5722-4ff0-4065-b4f5-2ea202e093a2/download | https://opendata-ajuntament.barcelona.cat/data/dataset/c401d753-4e78-4760-9943-fff34d90e3d0/resource/51333b36-99a7-4f3e-9d32-9d0ea91cb777/download | https://opendata-ajuntament.barcelona.cat/data/dataset/c401d753-4e78-4760-9943-fff34d90e3d0/resource/295a2247-f1ad-4366-8ac3-f37acc1cc3ce/download | https://opendata-ajuntament.barcelona.cat/data/dataset/c401d753-4e78-4760-9943-fff34d90e3d0/resource/a322d9aa-39e5-4a5c-8b82-5568eef0d6f4/download | https://opendata-ajuntament.barcelona.cat/data/dataset/c401d753-4e78-4760-9943-fff34d90e3d0/resource/73baa818-e8f0-4b81-a00f-8be8856ab5cb/download | https://opendata-ajuntament.barcelona.cat/data/dataset/c401d753-4e78-4760-9943-fff34d90e3d0/resource/b1e69568-5d3a-482c-91a7-cf6b8600229e/download | https://opendata-ajuntament.barcelona.cat/data/dataset/c401d753-4e78-4760-9943-fff34d90e3d0/resource/8b3f82bf-b2a4-4dcd-a881-a9c0f9a703ae/download | https://opendata-ajuntament.barcelona.cat/data/dataset/c401d753-4e78-4760-9943-fff34d90e3d0/resource/d2f50c45-cc51-488e-be91-fcafd0e2590a/download | https://opendata-ajuntament.barcelona.cat/data/dataset/c401d753-4e78-4760-9943-fff34d90e3d0/resource/ddcb62e9-21e0-483d-b146-02466dc99d39/download | https://opendata-ajuntament.barcelona.cat/data/dataset/c401d753-4e78-4760-9943-fff34d90e3d0/resource/a30e2af7-23fe-49ae-8a0d-e21b963e08ab/download | https://opendata-ajuntament.barcelona.cat/data/dataset/c401d753-4e78-4760-9943-fff34d90e3d0/resource/2ba1973e-1475-4c48-a825-26a1a752455b/download | https://opendata-ajuntament.barcelona.cat/data/dataset/c401d753-4e78-4760-9943-fff34d90e3d0/resource/4f3dfa60-91bb-4073-a8db-4321ab490353/download | https://opendata-ajuntament.barcelona.cat/data/dataset/c401d753-4e78-4760-9943-fff34d90e3d0/resource/3c593e48-9673-4937-affa-ccb370402674/download | https://opendata-ajuntament.barcelona.cat/data/dataset/c401d753-4e78-4760-9943-fff34d90e3d0/resource/2ebaf5eb-f421-4ade-a979-f2f5b0679c13/download | https://opendata-ajuntament.barcelona.cat/data/dataset/c401d753-4e78-4760-9943-fff34d90e3d0/resource/d591aae8-e37f-479e-acb5-9b2ae00c6450/download | https://opendata-ajuntament.barcelona.cat/data/dataset/c401d753-4e78-4760-9943-fff34d90e3d0/resource/cd549f32-456c-4941-8280-4fb12c0bfbe2/download | https://opendata-ajuntament.barcelona.cat/data/dataset/c401d753-4e78-4760-9943-fff34d90e3d0/resource/60b955d5-201f-4f00-ab9f-b46b8e99d0bb/download | https://opendata-ajuntament.barcelona.cat/data/dataset/c401d753-4e78-4760-9943-fff34d90e3d0/resource/003fc5ff-efb3-4d9d-b410-54aee584d9d3/download | https://opendata-ajuntament.barcelona.cat/data/dataset/c401d753-4e78-4760-9943-fff34d90e3d0/resource/3632e14e-4dc8-4786-a6bc-99e69640b019/download | https://opendata-ajuntament.barcelona.cat/data/dataset/c401d753-4e78-4760-9943-fff34d90e3d0/resource/e2f7dad1-1acb-48f0-9c87-638e9d926cba/download | https://opendata-ajuntament.barcelona.cat/data/dataset/c401d753-4e78-4760-9943-fff34d90e3d0/resource/87f22089-e7b6-4aa7-b132-71a57439f8b3/download | https://opendata-ajuntament.barcelona.cat/data/dataset/c401d753-4e78-4760-9943-fff34d90e3d0/resource/a6b0f541-5926-4cc0-a85c-e2a19075ff1f/download | https://opendata-ajuntament.barcelona.cat/data/dataset/c401d753-4e78-4760-9943-fff34d90e3d0/resource/f5097b24-a30f-47eb-8004-cee35fc293b4/download | https://opendata-ajuntament.barcelona.cat/data/dataset/c401d753-4e78-4760-9943-fff34d90e3d0/resource/c95fba6d-0599-43cd-b635-8c48a6b744b6/download | https://opendata-ajuntament.barcelona.cat/data/dataset/c401d753-4e78-4760-9943-fff34d90e3d0/resource/8c382386-e5a1-4077-87b0-f62709310c24/download | https://opendata-ajuntament.barcelona.cat/data/dataset/c401d753-4e78-4760-9943-fff34d90e3d0/resource/ad569bb3-eabc-49c5-a24b-06b20421cac1/download | https://opendata-ajuntament.barcelona.cat/data/dataset/c401d753-4e78-4760-9943-fff34d90e3d0/resource/5a16b9ff-e34c-485e-90c5-1b723cdca102/download,http://publications.europa.eu/resource/authority/licence/CC_BY_4_0,"mié, 01 abr 2026 01:32:47 GMT+0000"
Información de los colores de los aparcamientos en superfície de la ciudad de Barcelona,Información de los colores de los aparcamientos regulados en superficie en la ciudad de Barcelona. ,Cataluña,Barcelona,Barcelona,L01080193,Ayuntamiento de Barcelona,https://opendata-ajuntament.barcelona.cat/data/dataset/colors-aparcaments-superficie,https://datos.gob.es/catalogo/l01080193-informacion-de-los-colores-de-los-aparcamientos-en-superficie-de-la-ciudad-de-barcelona,CSV | CSV,https://opendata-ajuntament.barcelona.cat/data/dataset/b658184b-45f4-400d-a06c-bb2f68bdcab4/resource/409a7f2d-f62a-407b-a3d7-436026fd858d/download | https://opendata-ajuntament.barcelona.cat/data/dataset/b658184b-45f4-400d-a06c-bb2f68bdcab4/resource/63b6cea4-b109-480a-9fed-d9e47f40c383/download,http://publications.europa.eu/resource/authority/licence/CC_BY_4_0,"jue, 26 mar 2026 11:04:37 GMT+0000"
Información de los horarios de los aparcamientos en superfície en la ciudad de Barcelona,"Información de los horarios de los aparcamientos regulados en superficie en la ciudad de Barcelona.  
Se detallan las franjas horarias que rigen cada tipo de plaza.",Cataluña,Barcelona,Barcelona,L01080193,Ayuntamiento de Barcelona,https://opendata-ajuntament.barcelona.cat/data/dataset/horaris-aparcaments-superficie,https://datos.gob.es/catalogo/l01080193-informacion-de-los-horarios-de-los-aparcamientos-en-superficie-en-la-ciudad-de-barcelona,ZIP | ZIP | ZIP | ZIP | CSV | ZIP | ZIP | ZIP | ZIP | ZIP | ZIP | ZIP | ZIP | ZIP | ZIP | ZIP | ZIP | ZIP | ZIP | ZIP | ZIP | ZIP | ZIP | ZIP | ZIP | ZIP | ZIP | ZIP | ZIP | ZIP | ZIP | ZIP | ZIP | ZIP,https://opendata-ajuntament.barcelona.cat/data/dataset/a9f5eb1e-5aeb-40a2-8f66-c27d2a40c816/resource/61a8c8f2-25ed-40e8-8793-f6bc6b7ad593/download | https://opendata-ajuntament.barcelona.cat/data/dataset/a9f5eb1e-5aeb-40a2-8f66-c27d2a40c816/resource/20971864-615c-470e-a6b4-9a4503092ae8/download | https://opendata-ajuntament.barcelona.cat/data/dataset/a9f5eb1e-5aeb-40a2-8f66-c27d2a40c816/resource/ca0a6f20-2767-458c-908f-fc2e3316b2ba/download | https://opendata-ajuntament.barcelona.cat/data/dataset/a9f5eb1e-5aeb-40a2-8f66-c27d2a40c816/resource/77f92454-052b-48c4-ba61-f513f4f94948/download | https://opendata-ajuntament.barcelona.cat/data/dataset/a9f5eb1e-5aeb-40a2-8f66-c27d2a40c816/resource/3e8b6626-e221-428c-8bec-3238fee1fe1e/download | https://opendata-ajuntament.barcelona.cat/data/dataset/a9f5eb1e-5aeb-40a2-8f66-c27d2a40c816/resource/ee2811c5-4be4-419b-9a4d-da1c56819255/download | https://opendata-ajuntament.barcelona.cat/data/dataset/a9f5eb1e-5aeb-40a2-8f66-c27d2a40c816/resource/5900cccd-4157-4d58-a642-27a3b5d7e618/download | https://opendata-ajuntament.barcelona.cat/data/dataset/a9f5eb1e-5aeb-40a2-8f66-c27d2a40c816/resource/bf6a3548-f1b5-46ed-a692-df25f8a82070/download | https://opendata-ajuntament.barcelona.cat/data/dataset/a9f5eb1e-5aeb-40a2-8f66-c27d2a40c816/resource/6d2728fc-62da-4c95-b4b3-eec9cd6b4b35/download | https://opendata-ajuntament.barcelona.cat/data/dataset/a9f5eb1e-5aeb-40a2-8f66-c27d2a40c816/resource/915ea860-0e00-4e4b-86e2-4a5ccd9f9795/download | https://opendata-ajuntament.barcelona.cat/data/dataset/a9f5eb1e-5aeb-40a2-8f66-c27d2a40c816/resource/0be934a6-dcf3-4d8b-a265-102c884b41d1/download | https://opendata-ajuntament.barcelona.cat/data/dataset/a9f5eb1e-5aeb-40a2-8f66-c27d2a40c816/resource/91661887-b73a-40c2-af14-cc3e3844c688/download | https://opendata-ajuntament.barcelona.cat/data/dataset/a9f5eb1e-5aeb-40a2-8f66-c27d2a40c816/resource/a032781d-fa42-48e6-98a2-23e656b5935c/download | https://opendata-ajuntament.barcelona.cat/data/dataset/a9f5eb1e-5aeb-40a2-8f66-c27d2a40c816/resource/c739e82b-fd56-486a-b62c-d8d595bcc130/download | https://opendata-ajuntament.barcelona.cat/data/dataset/a9f5eb1e-5aeb-40a2-8f66-c27d2a40c816/resource/b1dbf84e-a627-4477-a5cc-e7a738f7d32f/download | https://opendata-ajuntament.barcelona.cat/data/dataset/a9f5eb1e-5aeb-40a2-8f66-c27d2a40c816/resource/e1158fa4-9215-4ea5-9037-dd8aab830a05/download | https://opendata-ajuntament.barcelona.cat/data/dataset/a9f5eb1e-5aeb-40a2-8f66-c27d2a40c816/resource/a6f8ba9d-52c9-46ff-b4b5-42be75ec9ff3/download | https://opendata-ajuntament.barcelona.cat/data/dataset/a9f5eb1e-5aeb-40a2-8f66-c27d2a40c816/resource/105db584-f8a1-4bc0-9b9a-b06d14054b92/download | https://opendata-ajuntament.barcelona.cat/data/dataset/a9f5eb1e-5aeb-40a2-8f66-c27d2a40c816/resource/ea41bcae-97ea-443f-97c9-77e7e3572b3a/download | https://opendata-ajuntament.barcelona.cat/data/dataset/a9f5eb1e-5aeb-40a2-8f66-c27d2a40c816/resource/9c75edf2-8343-4291-86d2-a6ebde8a77b9/download | https://opendata-ajuntament.barcelona.cat/data/dataset/a9f5eb1e-5aeb-40a2-8f66-c27d2a40c816/resource/32c384e5-9725-49ef-8241-e56b1a2e5e0b/download | https://opendata-ajuntament.barcelona.cat/data/dataset/a9f5eb1e-5aeb-40a2-8f66-c27d2a40c816/resource/805d16dc-d52a-4829-8bf1-e53783c43539/download | https://opendata-ajuntament.barcelona.cat/data/dataset/a9f5eb1e-5aeb-40a2-8f66-c27d2a40c816/resource/662738ef-af38-4ede-b37c-ef650a50183d/download | https://opendata-ajuntament.barcelona.cat/data/dataset/a9f5eb1e-5aeb-40a2-8f66-c27d2a40c816/resource/f71eeb1a-dc66-4e0d-82f1-2e5112695ee6/download | https://opendata-ajuntament.barcelona.cat/data/dataset/a9f5eb1e-5aeb-40a2-8f66-c27d2a40c816/resource/8728183f-62b5-4bf8-81f3-6f5758fc376f/download | https://opendata-ajuntament.barcelona.cat/data/dataset/a9f5eb1e-5aeb-40a2-8f66-c27d2a40c816/resource/66ab5fd2-b398-4e8e-b7a5-6bd657b6790b/download | https://opendata-ajuntament.barcelona.cat/data/dataset/a9f5eb1e-5aeb-40a2-8f66-c27d2a40c816/resource/e9c746d1-fcd0-4432-b48b-99098198d18c/download | https://opendata-ajuntament.barcelona.cat/data/dataset/a9f5eb1e-5aeb-40a2-8f66-c27d2a40c816/resource/6b4b880e-f97a-4b3a-9c98-77725dbb0c2a/download | https://opendata-ajuntament.barcelona.cat/data/dataset/a9f5eb1e-5aeb-40a2-8f66-c27d2a40c816/resource/b7f372d7-2ba1-460c-bac7-6316ded278a5/download | https://opendata-ajuntament.barcelona.cat/data/dataset/a9f5eb1e-5aeb-40a2-8f66-c27d2a40c816/resource/ecc57064-4cb8-4359-a395-858259c2ee49/download | https://opendata-ajuntament.barcelona.cat/data/dataset/a9f5eb1e-5aeb-40a2-8f66-c27d2a40c816/resource/4d7d32b5-c542-46bf-ad69-d96e026b64e6/download | https://opendata-ajuntament.barcelona.cat/data/dataset/a9f5eb1e-5aeb-40a2-8f66-c27d2a40c816/resource/2cff8168-75c0-4626-9a1c-10c97bb8c936/download | https://opendata-ajuntament.barcelona.cat/data/dataset/a9f5eb1e-5aeb-40a2-8f66-c27d2a40c816/resource/4cee82fe-e966-4e99-bcf7-b10b6efaec74/download | https://opendata-ajuntament.barcelona.cat/data/dataset/a9f5eb1e-5aeb-40a2-8f66-c27d2a40c816/resource/624c8608-fd15-4087-ad17-b9449124209f/download,http://publications.europa.eu/resource/authority/licence/CC_BY_4_0,"mié, 01 abr 2026 01:33:05 GMT+0000"
Información de los tramos de los aparcamientos en superficie en la ciudad de Barcelona,"Información de los tramos de los aparcamientos regulados  de pago en superficie en la ciudad de Barcelona.   
Se configuran en diferentes tipos de plazas: azules, verdes, verdes exclusivas para residentes, distribución urbana de mercancías... ",Cataluña,Barcelona,Barcelona,L01080193,Ayuntamiento de Barcelona,https://opendata-ajuntament.barcelona.cat/data/dataset/trams-aparcament-superficie,https://datos.gob.es/catalogo/l01080193-informacion-de-los-tramos-de-los-aparcamientos-en-superficie-en-la-ciudad-de-barcelona,ZIP | ZIP | ZIP | ZIP | ZIP | ZIP | ZIP | ZIP | ZIP | ZIP | ZIP | ZIP | ZIP | ZIP | ZIP | ZIP | ZIP | ZIP | ZIP | ZIP | ZIP | CSV | ZIP | ZIP | ZIP | ZIP | ZIP | ZIP | ZIP | ZIP | ZIP | ZIP | ZIP | ZIP,https://opendata-ajuntament.barcelona.cat/data/dataset/40743bb8-e4e0-457f-aa15-87007a0bdb6a/resource/2a360a91-a582-4c53-975a-5644370b5599/download | https://opendata-ajuntament.barcelona.cat/data/dataset/40743bb8-e4e0-457f-aa15-87007a0bdb6a/resource/83ee08e2-616c-4f68-9bbd-782b1ce1a4c1/download | https://opendata-ajuntament.barcelona.cat/data/dataset/40743bb8-e4e0-457f-aa15-87007a0bdb6a/resource/dafb14ba-870c-41a9-98ab-f8928d4a1c7a/download | https://opendata-ajuntament.barcelona.cat/data/dataset/40743bb8-e4e0-457f-aa15-87007a0bdb6a/resource/50a6f1ac-9ce6-4e35-ab13-9ca805d47bde/download | https://opendata-ajuntament.barcelona.cat/data/dataset/40743bb8-e4e0-457f-aa15-87007a0bdb6a/resource/08aef927-35cc-4ceb-85b6-abf00b5386f6/download | https://opendata-ajuntament.barcelona.cat/data/dataset/40743bb8-e4e0-457f-aa15-87007a0bdb6a/resource/c4621b31-182c-4ab6-802c-2bfe6f78e677/download | https://opendata-ajuntament.barcelona.cat/data/dataset/40743bb8-e4e0-457f-aa15-87007a0bdb6a/resource/8e7d2094-5da9-4624-85d8-cd26797bff05/download | https://opendata-ajuntament.barcelona.cat/data/dataset/40743bb8-e4e0-457f-aa15-87007a0bdb6a/resource/5ca2eac3-90f0-4ac0-aff7-69e5ad70f153/download | https://opendata-ajuntament.barcelona.cat/data/dataset/40743bb8-e4e0-457f-aa15-87007a0bdb6a/resource/9c2a702d-bff1-4b5c-9688-174a4f8b7d7c/download | https://opendata-ajuntament.barcelona.cat/data/dataset/40743bb8-e4e0-457f-aa15-87007a0bdb6a/resource/7704a568-043c-4714-b937-49e84eebc832/download | https://opendata-ajuntament.barcelona.cat/data/dataset/40743bb8-e4e0-457f-aa15-87007a0bdb6a/resource/da0b3bab-67ce-4c1d-b646-689b5a681797/download | https://opendata-ajuntament.barcelona.cat/data/dataset/40743bb8-e4e0-457f-aa15-87007a0bdb6a/resource/54521b86-cf45-47bb-9d12-b746668b24ab/download | https://opendata-ajuntament.barcelona.cat/data/dataset/40743bb8-e4e0-457f-aa15-87007a0bdb6a/resource/45284de6-8201-42c5-892e-599f601bf508/download | https://opendata-ajuntament.barcelona.cat/data/dataset/40743bb8-e4e0-457f-aa15-87007a0bdb6a/resource/57d3bcfd-f707-49b1-b7e7-d71984eecf27/download | https://opendata-ajuntament.barcelona.cat/data/dataset/40743bb8-e4e0-457f-aa15-87007a0bdb6a/resource/76f4888b-6465-4821-8e3e-013902b2b6c2/download | https://opendata-ajuntament.barcelona.cat/data/dataset/40743bb8-e4e0-457f-aa15-87007a0bdb6a/resource/3e3cc8e3-1be2-45b2-b6f1-85639d2f5696/download | https://opendata-ajuntament.barcelona.cat/data/dataset/40743bb8-e4e0-457f-aa15-87007a0bdb6a/resource/3452959c-c7e4-467e-895f-83d3af2fb0ae/download | https://opendata-ajuntament.barcelona.cat/data/dataset/40743bb8-e4e0-457f-aa15-87007a0bdb6a/resource/2add6fd8-d4c7-4753-82ed-f566ee0ca6a4/download | https://opendata-ajuntament.barcelona.cat/data/dataset/40743bb8-e4e0-457f-aa15-87007a0bdb6a/resource/3e2ef1dc-f7a3-46cb-bdb7-4a4d9dba766d/download | https://opendata-ajuntament.barcelona.cat/data/dataset/40743bb8-e4e0-457f-aa15-87007a0bdb6a/resource/e8995f4b-d0ea-4d1b-b806-2615b11f2b2d/download | https://opendata-ajuntament.barcelona.cat/data/dataset/40743bb8-e4e0-457f-aa15-87007a0bdb6a/resource/1ccc0a8c-46e5-4044-98df-f00e8037f68a/download | https://opendata-ajuntament.barcelona.cat/data/dataset/40743bb8-e4e0-457f-aa15-87007a0bdb6a/resource/26f6ecdd-b0ac-46c4-84f0-a312640913ca/download | https://opendata-ajuntament.barcelona.cat/data/dataset/40743bb8-e4e0-457f-aa15-87007a0bdb6a/resource/bf82f21a-cb04-4e5a-b31b-260a630c0e7b/download | https://opendata-ajuntament.barcelona.cat/data/dataset/40743bb8-e4e0-457f-aa15-87007a0bdb6a/resource/0e096b70-045e-48f1-90c2-189747041b0e/download | https://opendata-ajuntament.barcelona.cat/data/dataset/40743bb8-e4e0-457f-aa15-87007a0bdb6a/resource/070eeee5-e532-431a-ae68-fc3279e56db0/download | https://opendata-ajuntament.barcelona.cat/data/dataset/40743bb8-e4e0-457f-aa15-87007a0bdb6a/resource/2b5f2006-4927-42a6-aab8-a44bf4c33b4a/download | https://opendata-ajuntament.barcelona.cat/data/dataset/40743bb8-e4e0-457f-aa15-87007a0bdb6a/resource/1f223c49-89d5-4bb1-a4f0-a277966b5b2f/download | https://opendata-ajuntament.barcelona.cat/data/dataset/40743bb8-e4e0-457f-aa15-87007a0bdb6a/resource/1f1f60fa-017e-4781-82e2-ea7cb6ee8aa9/download | https://opendata-ajuntament.barcelona.cat/data/dataset/40743bb8-e4e0-457f-aa15-87007a0bdb6a/resource/d2a42076-e542-4a37-bbc7-40fad98ff10a/download | https://opendata-ajuntament.barcelona.cat/data/dataset/40743bb8-e4e0-457f-aa15-87007a0bdb6a/resource/5e6160eb-a179-45e1-a541-ec79fee81a0f/download | https://opendata-ajuntament.barcelona.cat/data/dataset/40743bb8-e4e0-457f-aa15-87007a0bdb6a/resource/b702b297-a67c-4bab-9de9-fc3b0b9e3f04/download | https://opendata-ajuntament.barcelona.cat/data/dataset/40743bb8-e4e0-457f-aa15-87007a0bdb6a/resource/5aef6ca4-d434-43fb-985f-94e612619ea3/download | https://opendata-ajuntament.barcelona.cat/data/dataset/40743bb8-e4e0-457f-aa15-87007a0bdb6a/resource/f550cccf-9a6b-44e3-ab5c-a7820ea8e668/download | https://opendata-ajuntament.barcelona.cat/data/dataset/40743bb8-e4e0-457f-aa15-87007a0bdb6a/resource/ee11333b-361e-4076-bcba-bf12cf6876e5/download,http://publications.europa.eu/resource/authority/licence/CC_BY_4_0,"mié, 01 abr 2026 01:32:29 GMT+0000"
Inventario de aparcamientos bajo superficie de la red B:SM en la ciudad de Barcelona,Inventario de aparcamientos de rotación de la red de B:SM (Barcelona de Serveis Municipals) en la ciudad de Barcelona,Cataluña,Barcelona,Barcelona,L01080193,Ayuntamiento de Barcelona,https://opendata-ajuntament.barcelona.cat/data/dataset/aparcaments-sota-superficie,https://datos.gob.es/catalogo/l01080193-inventario-de-aparcamientos-bajo-superficie-de-la-red-b-sm-en-la-ciudad-de-barcelona,JSON,https://opendata-ajuntament.barcelona.cat/data/dataset/68b29854-7c61-4126-9004-83ed792d675c/resource/1f8bbdb6-e9d8-43d8-80df-338bf933d1d2/download,http://publications.europa.eu/resource/authority/licence/CC_BY_4_0,"lun, 17 jun 2024 05:30:22 GMT+0000"
Inventario de estacionamientos reservados de la red de infraestructuras de la ciudad de Barcelona,Inventario de estacionamientos reservados de la red de infraestructuras de la ciudad de Barcelona,Cataluña,Barcelona,Barcelona,L01080193,Ayuntamiento de Barcelona,https://opendata-ajuntament.barcelona.cat/data/dataset/infraestructures-inventari-reserves,https://datos.gob.es/catalogo/l01080193-inventario-de-estacionamientos-reservados-de-la-red-de-infraestructuras-de-la-ciudad-de-barcelona1,JSON | CSV,https://opendata-ajuntament.barcelona.cat/data/dataset/14f13e0d-3feb-4688-ad63-e1ca9d1e479f/resource/57acd426-fca6-429f-b223-d98fb32b2ce7/download | https://opendata-ajuntament.barcelona.cat/data/dataset/14f13e0d-3feb-4688-ad63-e1ca9d1e479f/resource/93d8128d-417d-44da-87cb-df7420c40641/download,http://publications.europa.eu/resource/authority/licence/CC_BY_4_0,"mar, 15 jul 2025 15:27:17 GMT+0000"
Zonas de estacionamiento Zona BUS de la ciudad de Barcelona,"La ciudad de Barcelona dispone de un conjunto de zonas de estacionamiento exclusivas para autocares turísticos, que se encuentran próximas a los puntos de mayor atractivo de la ciudad y les hacen más fácil y ordenado el estacionamiento y las paradas.  
",Cataluña,Barcelona,Barcelona,L01080193,Ayuntamiento de Barcelona,https://opendata-ajuntament.barcelona.cat/data/dataset/zones-estacionament-zona-bus,https://datos.gob.es/catalogo/l01080193-zonas-de-estacionamiento-zona-bus-de-la-ciudad-de-barcelona1,GeoJSON,https://opendata-ajuntament.barcelona.cat/data/dataset/fdc8f345-ef5a-4ee9-ba54-b47eb3411b50/resource/6a576fa8-8780-4d17-a916-ed3196fd05e9/download,http://publications.europa.eu/resource/authority/licence/CC_BY_4_0,"jue, 26 mar 2026 10:48:18 GMT+0000"
Mapa parkings de Terrassa,Mapa de parkings y zonas de aparcamiento reservado a personas con mobilidad reducida de Terrassa,Cataluña,Barcelona,Terrassa,L01082798,Ayuntamiento de Terrassa,https://opendata.terrassa.cat/dataset/mapa-aparcaments-de-terrassa,https://datos.gob.es/catalogo/l01082798-mapa-parkings-de-terrassa1,VND.GOOGLE-EARTH.KMZ,https://opendata.terrassa.cat/dataset/07d50066-8027-4543-816e-945be4164698/resource/259b2fc6-5a26-4668-acfa-d612ad0eb6d8/download/kmlterrassa_aparcaments.kmz,,
Zona azul de Terrassa,Mapa de zona azul y zona de carga y descarga de Terrassa,Cataluña,Barcelona,Terrassa,L01082798,Ayuntamiento de Terrassa,https://opendata.terrassa.cat/dataset/zona-blava-de-terrassa,https://datos.gob.es/catalogo/l01082798-zona-azul-de-terrassa1,VND.GOOGLE-EARTH.KMZ,https://opendata.terrassa.cat/dataset/6cc9fc58-05e2-4fbd-a449-35b5ef05f47e/resource/aec416ef-5ae1-400e-8a18-81e5992678fb/download/kmlterrassa_cidzonablava.kmz,,
Aparcamientos (foro EELL-SITNA),Ubicación y características de los aparcamientos de los municipios participantes en el Grupo de Trabajo IDE del Foro SITNA de Entidades Locales.,Comunidad Foral de Navarra,,,A15002917,Comunidad Foral de Navarra,https://datosabiertos.navarra.es/dataset/spasitnaidemun_pol_aparcamientos-xml,https://datos.gob.es/catalogo/a15002917-aparcamientos1,SHP,https://idena.navarra.es/descargas/IDEMUN_Pol_Aparcamientos.zip,http://publications.europa.eu/resource/authority/licence/CC_BY_4_0,"mié, 15 abr 2026 11:33:29 GMT+0000"
Aparcamientos de superficie. Ayuntamiento de Pamplona / Iruñeko Udala.,Ubicación e información de los Aparcamientos de superficie que tiene disponible el Ayuntamiento de Pamplona.,Comunidad Foral de Navarra,,,A15002917,Comunidad Foral de Navarra,https://datosabiertos.navarra.es/dataset/spapamplona_ambi_pol_aparcsuperf,https://datos.gob.es/catalogo/a15002917-aparcamientos-de-superficie-ayuntamiento-de-pamplona-iruneko-udala,SHP | SHP,https://sig.pamplona.es/descargas/AMBI_Pol_AparcSuperf.zip | https://sig.pamplona.es/ogc/wfs?request=getcapabilities,http://publications.europa.eu/resource/authority/licence/CC_BY_4_0,"mié, 15 abr 2026 11:40:45 GMT+0000"
Aparcamientos disuasorios. Ayuntamiento de Pamplona / Iruñeko Udala.,Ubicación e información de los aparcamientos disuasorios que tiene disponible el Ayuntamiento de Pamplona.,Comunidad Foral de Navarra,,,A15002917,Comunidad Foral de Navarra,https://datosabiertos.navarra.es/dataset/spapamplona_gral_pol_aparcdisua,https://datos.gob.es/catalogo/a15002917-aparcamientos-disuasorios-ayuntamiento-de-pamplona-iruneko-udala1,SHP | SHP,https://sig.pamplona.es/descargas/GRAL_Pol_AparcDisua.zip | https://sig.pamplona.es/ogc/wfs?request=getcapabilities,http://publications.europa.eu/resource/authority/licence/CC_BY_4_0,"mié, 15 abr 2026 11:32:14 GMT+0000"
Aparcamientos para motos. Ayuntamiento de Pamplona / Iruñeko Udala.,Ubicación e información de las zonas de estacionamiento de motos y ciclomotores que tiene disponible el Ayuntamiento de Pamplona.,Comunidad Foral de Navarra,,,A15002917,Comunidad Foral de Navarra,https://datosabiertos.navarra.es/dataset/spapamplona_gral_pto_aparcmotos,https://datos.gob.es/catalogo/a15002917-aparcamientos-para-motos-ayuntamiento-de-pamplona-iruneko-udala1,SHP | SHP,https://sig.pamplona.es/ogc/wfs?request=getcapabilities | https://sig.pamplona.es/descargas/GRAL_Pto_AparcMotos.zip,http://publications.europa.eu/resource/authority/licence/CC_BY_4_0,"mié, 15 abr 2026 11:33:11 GMT+0000"
Aparcamientos para personas con discapacidad. Ayuntamiento de Pamplona / Iruñeko Udala.,Ubicación e información de los aparcamientos para personas con discapacidad que tiene disponible el Ayuntamiento de Pamplona.,Comunidad Foral de Navarra,,,A15002917,Comunidad Foral de Navarra,https://datosabiertos.navarra.es/dataset/spapamplona_segu_pto_aparcminus,https://datos.gob.es/catalogo/a15002917-aparcamientos-para-personas-con-discapacidad-ayuntamiento-de-pamplona-iruneko-udala1,SHP | SHP,https://sig.pamplona.es/descargas/SEGU_Pto_AparcMinus.zip | https://sig.pamplona.es/ogc/wfs?request=getcapabilities,http://publications.europa.eu/resource/authority/licence/CC_BY_4_0,"mié, 15 abr 2026 11:42:28 GMT+0000"
Aparcamientos para personas con movilidad reducida (foro EELL-SITNA),Ubicación y características de los aparcamientos con movilidad reducida existentes en los municipios participantes en el Grupo de Trabajo IDE del Foro SITNA de Entidades Locales.,Comunidad Foral de Navarra,,,A15002917,Comunidad Foral de Navarra,https://datosabiertos.navarra.es/dataset/spasitnaidemun_sym_aparcamientosmovreducida-xml,https://datos.gob.es/catalogo/a15002917-aparcamientos-para-personas-con-movilidad-reducida1,SHP,https://idena.navarra.es/descargas/IDEMUN_Sym_AparcamientosMovReducida.zip,http://publications.europa.eu/resource/authority/licence/CC_BY_4_0,"mié, 15 abr 2026 11:23:24 GMT+0000"
Aparcamientos rotatorios cubiertos para bicicletas. Ayuntamiento de Pamplona / Iruñeko Udala.,Ubicación e información de los aparcamientos rotatorios cubiertos para bicicletas que tiene disponible el Ayuntamiento de Pamplona.,Comunidad Foral de Navarra,,,A15002917,Comunidad Foral de Navarra,https://datosabiertos.navarra.es/dataset/spapamplona_movi_pto_aparcabicir,https://datos.gob.es/catalogo/a15002917-aparcamientos-rotatorios-cubiertos-para-bicicletas-ayuntamiento-de-pamplona-iruneko-udala1,SHP | SHP,https://sig.pamplona.es/descargas/MOVI_Pto_AparcaBiciR.zip | https://sig.pamplona.es/ogc/wfs?request=getcapabilities,http://publications.europa.eu/resource/authority/licence/CC_BY_4_0,"mié, 15 abr 2026 11:42:16 GMT+0000"
Aparcamientos vecinales para bicicletas. Ayuntamiento de Pamplona / Iruñeko Udala.,Ubicación e información de los aparcamientos vecinales para bicicletas que tiene disponible el Ayuntamiento de Pamplona.,Comunidad Foral de Navarra,,,A15002917,Comunidad Foral de Navarra,https://datosabiertos.navarra.es/dataset/spapamplona_movi_pto_aparcabiciv,https://datos.gob.es/catalogo/a15002917-aparcamientos-vecinales-para-bicicletas-ayuntamiento-de-pamplona-iruneko-udala1,SHP | SHP,https://sig.pamplona.es/ogc/wfs?request=getcapabilities | https://sig.pamplona.es/descargas/MOVI_Pto_AparcaBiciV.zip,http://publications.europa.eu/resource/authority/licence/CC_BY_4_0,"mié, 15 abr 2026 11:45:18 GMT+0000"
Estacionamiento regulado. Expendedores. Ayuntamiento de Pamplona / Iruñeko Udala.,Ubicación e información de los expendedores de estacionamiento regulado que tiene disponible el Ayuntamiento de Pamplona.,Comunidad Foral de Navarra,,,A15002917,Comunidad Foral de Navarra,https://datosabiertos.navarra.es/dataset/spapamplona_segu_pto_esregexp,https://datos.gob.es/catalogo/a15002917-estacionamiento-regulado-expendedores-ayuntamiento-de-pamplona-iruneko-udala1,SHP | SHP,https://sig.pamplona.es/ogc/wfs?request=getcapabilities | https://sig.pamplona.es/descargas/SEGU_Pto_EsRegExp.zip,http://publications.europa.eu/resource/authority/licence/CC_BY_4_0,"mié, 15 abr 2026 11:38:56 GMT+0000"
Estacionamiento regulado. Sectores. Ayuntamiento de Pamplona / Iruñeko Udala.,Ubicación e información de los sectores de estacionamiento regulado que tiene disponible el Ayuntamiento de Pamplona.,Comunidad Foral de Navarra,,,A15002917,Comunidad Foral de Navarra,https://datosabiertos.navarra.es/dataset/spapamplona_segu_pol_esregsector,https://datos.gob.es/catalogo/a15002917-estacionamiento-regulado-sectores-ayuntamiento-de-pamplona-iruneko-udala1,SHP | SHP,https://sig.pamplona.es/ogc/wfs?request=getcapabilities | https://sig.pamplona.es/descargas/SEGU_Pol_EsRegSector.zip,http://publications.europa.eu/resource/authority/licence/CC_BY_4_0,"mié, 15 abr 2026 11:43:49 GMT+0000"
Estacionamiento regulado. Zonas. Ayuntamiento de Pamplona / Iruñeko Udala.,Ubicación e información de las zonas de estacionamiento regulado que tiene disponible el Ayuntamiento de Pamplona.,Comunidad Foral de Navarra,,,A15002917,Comunidad Foral de Navarra,https://datosabiertos.navarra.es/dataset/spapamplona_segu_lin_esregzonas,https://datos.gob.es/catalogo/a15002917-estacionamiento-regulado-zonas-ayuntamiento-de-pamplona-iruneko-udala,SHP | SHP,https://sig.pamplona.es/descargas/SEGU_Lin_EsRegZonas.zip | https://sig.pamplona.es/ogc/wfs?request=getcapabilities,http://publications.europa.eu/resource/authority/licence/CC_BY_4_0,"mié, 15 abr 2026 11:21:32 GMT+0000"
Movilidad ciclista. Aparcamientos para bicicletas,Ubicación e información de aparcamientos para bicicletas. La información se visualiza como iconos a partir de la escala 1:5.000. Enlace de descarga del contenido y modelo de datos disponible en Información Suplementaria.,Comunidad Foral de Navarra,,,A15002917,Comunidad Foral de Navarra,https://datosabiertos.navarra.es/dataset/spasitnainfrae_sym_aparcamientosigmc-xml,https://datos.gob.es/catalogo/a15002917-movilidad-ciclista-aparcamientos-para-bicicletas1,SHP,https://idena.navarra.es/descargas/INFRAE_Sym_AparcamientoSIGMC.zip,http://publications.europa.eu/resource/authority/licence/CC_BY_4_0,"lun, 06 jul 2026 07:05:47 GMT+0000"
Parkings. Ayuntamiento de Pamplona / Iruñeko Udala.,Ubicación e información de aparcamientos para coches y autocaravanas que tiene disponible el Ayuntamiento de Pamplona.,Comunidad Foral de Navarra,,,A15002917,Comunidad Foral de Navarra,https://datosabiertos.navarra.es/dataset/spapamplona_gral_pto_parkings,https://datos.gob.es/catalogo/a15002917-parkings-ayuntamiento-de-pamplona-iruneko-udala1,SHP | SHP,https://sig.pamplona.es/descargas/GRAL_Pto_Parkings.zip | https://sig.pamplona.es/ogc/wfs?request=getcapabilities,http://publications.europa.eu/resource/authority/licence/CC_BY_4_0,"mié, 15 abr 2026 11:32:39 GMT+0000"
Planes de Ordenación Cinegética. Aparcamientos,Aparcamientos aprobados en los Planes de Ordenación Cinegética (POC) para la temporada 2025-2026.,Comunidad Foral de Navarra,,,A15002917,Comunidad Foral de Navarra,https://datosabiertos.navarra.es/dataset/spasitnacazape_sym_aparcamien-xml,https://datos.gob.es/catalogo/a15002917-planes-de-ordenacion-cinegetica-aparcamientos1,SHP,https://idena.navarra.es/descargas/CAZAPE_Sym_Aparcamien.zip,http://publications.europa.eu/resource/authority/licence/CC_BY_4_0,"mié, 15 abr 2026 11:24:43 GMT+0000"
Zonas de Escalada. Aparcamientos,"Localización y delimitación de los Aparcamientos de las zonas de escalada de Navarra. Esta información se ha integrado previamente en la cartografía BTA 2023 en la capa que contiene servicios, instalaciones y dotaciones.",Comunidad Foral de Navarra,,,A15002917,Comunidad Foral de Navarra,https://datosabiertos.navarra.es/dataset/spasitnadotaci_sym_aparcamientosescalada-xml,https://datos.gob.es/catalogo/a15002917-zonas-de-escalada-aparcamientos,SHP,https://idena.navarra.es/descargas/DOTACI_Sym_AparcamientosEscalada.zip,http://publications.europa.eu/resource/authority/licence/CC_BY_4_0,"mié, 15 abr 2026 11:43:23 GMT+0000"
Ayto. de Pamplona: Ocupación de parkings en tiempo real,"Estado de ocupación de los parkings de Pamplona en tiempo real. Incluyendo coordenadas del parking, situación y contacto.
El sistema se actualiza cada dos minutos.",Comunidad Foral de Navarra,Navarra,Pamplona,L01312016,Ayuntamiento de Pamplona,,https://datos.gob.es/catalogo/l01312016-ayto-de-pamplona-ocupacion-de-parkings-en-tiempo-real,XML,http://www.pamplona.es/xml/parkings.xml,,"dom, 17 may 2015 22:00:00 GMT+0000"
Aparcaments mobilitat reduïda 2016 / Aparcamientos movilidad reducida 2016,Relació de places d'aparcament destinades a persones amb mobilitat reduïda 2016 / Relación de plazas de aparcamientos destinadas a personas con movilidad reducida 2016,Comunidad Valenciana,Valencia,Torrent,L01462444,Ayuntamiento de Torrent,http://datosabiertos.torrent.es/dataset/aparcaments-mobilitat-reduida-2016,https://datos.gob.es/catalogo/l01462444-aparcaments-mobilitat-reduida-2016-aparcamientos-movilidad-reducida-2016,JSON | X-ZIPPED-SHP | CSV | VND.GOOGLE-EARTH.KML+XML,http://datosabiertos.torrent.es/dataset/a52acc91-3e95-4af1-b1d7-c2bb1f661e63/resource/f2c550eb-f6e0-45b9-ac5a-ce82f8735315/download/ODTRAparcamientosMovilidadReducida.geojson | http://datosabiertos.torrent.es/dataset/a52acc91-3e95-4af1-b1d7-c2bb1f661e63/resource/da122359-d4a4-4b49-ae20-1494f5bd57a9/download/AparcamientosMovilidadReducida.rar | http://datosabiertos.torrent.es/dataset/a52acc91-3e95-4af1-b1d7-c2bb1f661e63/resource/5017a5f3-743f-45d5-870e-f814573051f6/download/ODTRAparcamientosMovilidadReducida.csv | http://datosabiertos.torrent.es/dataset/a52acc91-3e95-4af1-b1d7-c2bb1f661e63/resource/7c338fc0-c088-4134-9cb0-95e9bedd5ac0/download/ODTRAparcamientosMovilidadReducida.kml,,"mar, 25 ene 2022 23:00:00 GMT+0000"
Estaciones Smart Parking / Estacions Smart Parking  - Online,## Estaciones Smart Parking en la ciudad de Torrent / Estacions Smart Parking a la ciutat de Torrent  Información obtenida en tiempo real / Informació obtinguda en temps real,Comunidad Valenciana,Valencia,Torrent,L01462444,Ayuntamiento de Torrent,http://datosabiertos.torrent.es/dataset/estaciones-smart-parking-estacions-smart-parking-online,https://datos.gob.es/catalogo/l01462444-estaciones-smart-parking-estacions-smart-parking-online,JSON | JSON | CSV,http://10.128.128.254:51088/api/parkingspot/json | http://10.128.128.254:51088/api/parkingspot/gson | http://10.128.128.254:51088/api/parkingspot/csv,,"jue, 10 mar 2022 23:00:00 GMT+0000"
Parkings 2016 / Parkings 2016,"Relació de parkings, soterrats i en superficie / Relación de parkings subterráneos y en superfície",Comunidad Valenciana,Valencia,Torrent,L01462444,Ayuntamiento de Torrent,http://datosabiertos.torrent.es/dataset/parkings-2016,https://datos.gob.es/catalogo/l01462444-parkings-2016-parkings-2016,CSV | VND.GOOGLE-EARTH.KML+XML | X-ZIPPED-SHP | JSON,http://datosabiertos.torrent.es/dataset/6dff58eb-9d88-47de-8b30-213e645b2350/resource/520ccc08-92c9-417d-9daf-463242c977e4/download/ODTRParkings.csv | http://datosabiertos.torrent.es/dataset/6dff58eb-9d88-47de-8b30-213e645b2350/resource/2a8f603b-f962-4019-92f1-7d29e07bca08/download/ODTRParkings.kml | http://datosabiertos.torrent.es/dataset/6dff58eb-9d88-47de-8b30-213e645b2350/resource/8b5a8ee2-fc12-4009-83e0-734cbf73641c/download/Parkings.rar | http://datosabiertos.torrent.es/dataset/6dff58eb-9d88-47de-8b30-213e645b2350/resource/3c5880ef-ce01-4530-8a76-d121a532048f/download/ODTRParkings.geojson,,"lun, 03 oct 2016 22:00:00 GMT+0000"
Places d'aparcament de càrrega i descàrrega 2016 / Plazas de aparcamiento de carga y descarga 2016,Relació de places d'estacionament habilitades per a vehicles de càrrega i descàrrega a Torrent amb les seues coordenades. / Relación de plazas de estacionamiento habilitadas para vehículos de carga y descarga en Torrent con sus coordenadas. 2016,Comunidad Valenciana,Valencia,Torrent,L01462444,Ayuntamiento de Torrent,http://datosabiertos.torrent.es/dataset/places-carrega-i-descarrega,https://datos.gob.es/catalogo/l01462444-places-aparcament-carrega-i-descarrega-plazas-aparcamiento-carga-y-descarga,CSV | JSON,http://datosabiertos.torrent.es/dataset/c4c94960-bb6f-405e-b13e-5bd5b01388ad/resource/9a60ec66-1eb1-4613-9585-30d602668685/download/CargayDescargaXY.csv | http://datosabiertos.torrent.es/dataset/c4c94960-bb6f-405e-b13e-5bd5b01388ad/resource/cef0d04c-310b-4c1d-a63d-3dbe90de8f62/download/CargayDescargaXY.geojson,,"lun, 25 abr 2022 22:00:00 GMT+0000"
Places d'aparcament per a persones amb mobilitat reduïda 2019 / Plazas de aparcamiento para personas con movilidad reducida 2019,Relació de places d'aparcament senyalitzades a Torrent per l'aparcament de vehicles de persones amb mobilitat reduïda. / Relación de plazas de aparcamiento señalizadas a Torrent por el aparcamiento de vehículos de personas con movilidad reducida.,Comunidad Valenciana,Valencia,Torrent,L01462444,Ayuntamiento de Torrent,http://datosabiertos.torrent.es/dataset/places-aparcament-per-a-persones-amb-mobilitat-reduida-2019xy,https://datos.gob.es/catalogo/l01462444-places-aparcament-per-a-persones-amb-mobilitat-reduida-2019-plazas-aparcamiento-para-personas-con-movilidad-reducida-2019,X-ZIPPED-SHP | JSON | CSV,http://datosabiertos.torrent.es/dataset/3166b957-3326-4f36-a548-b624f73c54cf/resource/0cef7d83-ff8f-4eb1-bfe4-5f724b68f77f/download/MReducidaXY.shp | http://datosabiertos.torrent.es/dataset/3166b957-3326-4f36-a548-b624f73c54cf/resource/414ed388-8947-4053-ae04-679254f34a3a/download/MovReducidad.geojson | http://datosabiertos.torrent.es/dataset/3166b957-3326-4f36-a548-b624f73c54cf/resource/054a943a-4ff5-4be3-8a51-790459497187/download/MReducidaXY2.csv,,"mié, 02 feb 2022 23:00:00 GMT+0000"
Places d'aparcaments amb sensors / Plazas de aparcamiento con sensores,Places d'aparcament per a minusvàlids i per a càrrega i descàrrega amb sistema de sensors que permetet al ciutadà conéixer si estan lliures o ocupades a través de l'APP de l'Ajuntament / Plazas de aparcamiento para minusválidos y de carga y descarga con sistema de sensores que permiten al ciudadano ,Comunidad Valenciana,Valencia,Torrent,L01462444,Ayuntamiento de Torrent,http://datosabiertos.torrent.es/dataset/places-aparcaments-amb-sensors-plazas-de-aparcamiento-con-sensores,https://datos.gob.es/catalogo/l01462444-places-daparcaments-amb-sensors-plazas-de-aparcamiento-con-sensores,CSV,http://datosabiertos.torrent.es/dataset/8803faac-01a6-4598-ba4b-ba315d2aacf0/resource/4ad841f4-159c-4819-b84b-e753c0ac5541/download/ODTRAparcamientoSensorizado.csv,,"lun, 13 jun 2016 22:00:00 GMT+0000"
Aparcamiento para motos,"Dades geogràfiques sobre la localització dels aparcaments per a motos. * Calle: Descripció del carrer on es troba la zona d’aparcament per a motos.

Font: Geoportal https://geoportal.valencia.es/apps/GeoportalHome/es/inicio/geodatos-abiertos",Comunidad Valenciana,Valencia,Valencia,L01462508,Ayuntamiento de Valencia,https://opendata.vlci.valencia.es/dataset/a4c61807-9c48-4e6d-82d0-81d9fa697a78,https://datos.gob.es/catalogo/l01462508-aparcamiento-para-motos,HTML | VND.GEO+JSON | HTML | VND.GOOGLE-EARTH.KMZ | JSON,https://geoportal.valencia.es/server/rest/services/OPENDATA/Trafico/MapServer/195/query?where=1=1&outFields=%2A&f=html | https://geoportal.valencia.es/server/rest/services/OPENDATA/Trafico/MapServer/195/query?where=1=1&outFields=%2A&f=geojson | https://geoportal.valencia.es/server/rest/services/OPENDATA/Trafico/MapServer/195/query?where=1=1&outFields=%2A&f=pbf | https://geoportal.valencia.es/server/rest/services/OPENDATA/Trafico/MapServer/195/query?where=1=1&outFields=%2A&f=kmz | https://geoportal.valencia.es/server/rest/services/OPENDATA/Trafico/MapServer/195/query?where=1=1&outFields=%2A&f=json,,"vie, 20 mar 2026 10:07:31 GMT+0000"
Aparcamientos Bicicletas,"Aparcaments públic de bicicletes. * Plazas: Número de places de bicicletes. * Tipo: Tipus d'aparcabici. * ID: Identificador de l'aparcabici. 

Font: Geoportal https://geoportal.valencia.es/apps/GeoportalHome/es/inicio/geodatos-abiertos",Comunidad Valenciana,Valencia,Valencia,L01462508,Ayuntamiento de Valencia,https://opendata.vlci.valencia.es/dataset/ba531c74-8f0b-4da9-98da-4d6d3b74a351,https://datos.gob.es/catalogo/l01462508-aparcamientos-bicicletas,VND.GEO+JSON | HTML | JSON | HTML | VND.GOOGLE-EARTH.KMZ,https://geoportal.valencia.es/server/rest/services/OPENDATA/Trafico/MapServer/206/query?where=1=1&outFields=%2A&f=geojson | https://geoportal.valencia.es/server/rest/services/OPENDATA/Trafico/MapServer/206/query?where=1=1&outFields=%2A&f=html | https://geoportal.valencia.es/server/rest/services/OPENDATA/Trafico/MapServer/206/query?where=1=1&outFields=%2A&f=json | https://geoportal.valencia.es/server/rest/services/OPENDATA/Trafico/MapServer/206/query?where=1=1&outFields=%2A&f=pbf | https://geoportal.valencia.es/server/rest/services/OPENDATA/Trafico/MapServer/206/query?where=1=1&outFields=%2A&f=kmz,,"vie, 20 mar 2026 09:56:44 GMT+0000"
Aparcamientos ORA,"Aparcaments ORA. * Tipo: Tipus d’ora, blau, taronja…

Font: Geoportal https://geoportal.valencia.es/apps/GeoportalHome/es/inicio/geodatos-abiertos",Comunidad Valenciana,Valencia,Valencia,L01462508,Ayuntamiento de Valencia,https://opendata.vlci.valencia.es/dataset/c6168bc3-440e-4551-8c65-83ffd6364831,https://datos.gob.es/catalogo/l01462508-aparcamientos-ora,VND.GEO+JSON | JSON | HTML | VND.GOOGLE-EARTH.KMZ | HTML,https://geoportal.valencia.es/server/rest/services/OPENDATA/Trafico/MapServer/205/query?where=1=1&outFields=%2A&f=geojson | https://geoportal.valencia.es/server/rest/services/OPENDATA/Trafico/MapServer/205/query?where=1=1&outFields=%2A&f=json | https://geoportal.valencia.es/server/rest/services/OPENDATA/Trafico/MapServer/205/query?where=1=1&outFields=%2A&f=pbf | https://geoportal.valencia.es/server/rest/services/OPENDATA/Trafico/MapServer/205/query?where=1=1&outFields=%2A&f=kmz | https://geoportal.valencia.es/server/rest/services/OPENDATA/Trafico/MapServer/205/query?where=1=1&outFields=%2A&f=html,,"vie, 20 mar 2026 10:19:38 GMT+0000"
Aparcamientos no Regulados,"Dades geogràfiques sobre la localització de les places d’aparcament no regulat, cordó i bateria. * Tipo_marca: Aparcament en cordó o bateria.

Font: Geoportal https://geoportal.valencia.es/apps/GeoportalHome/es/inicio/geodatos-abiertos",Comunidad Valenciana,Valencia,Valencia,L01462508,Ayuntamiento de Valencia,https://opendata.vlci.valencia.es/dataset/476d3ad4-b86a-483f-b53b-741d47e1c452,https://datos.gob.es/catalogo/l01462508-aparcamientos-no-regulados,VND.GEO+JSON | VND.GOOGLE-EARTH.KMZ | JSON | HTML | HTML,https://geoportal.valencia.es/server/rest/services/OPENDATA/Trafico/MapServer/197/query?where=1=1&outFields=%2A&f=geojson | https://geoportal.valencia.es/server/rest/services/OPENDATA/Trafico/MapServer/197/query?where=1=1&outFields=%2A&f=kmz | https://geoportal.valencia.es/server/rest/services/OPENDATA/Trafico/MapServer/197/query?where=1=1&outFields=%2A&f=json | https://geoportal.valencia.es/server/rest/services/OPENDATA/Trafico/MapServer/197/query?where=1=1&outFields=%2A&f=pbf | https://geoportal.valencia.es/server/rest/services/OPENDATA/Trafico/MapServer/197/query?where=1=1&outFields=%2A&f=html,,"vie, 20 mar 2026 10:12:48 GMT+0000"
Aparcamientos personas movilidad reducida,"Ubicació d'aparcaments per a persones amb mobilitat reduïda.

Font: Geoportal https://geoportal.valencia.es/apps/GeoportalHome/es/inicio/geodatos-abiertos.

Conjunt de dades d'Alt Valor: Dades de Mobilitat",Comunidad Valenciana,Valencia,Valencia,L01462508,Ayuntamiento de Valencia,https://opendata.vlci.valencia.es/dataset/eb36ad57-2eef-4f72-a5aa-2f8d63c20af5,https://datos.gob.es/catalogo/l01462508-aparcamientos-personas-movilidad-reducida,VND.GEO+JSON | JSON | HTML | HTML | VND.GOOGLE-EARTH.KMZ,https://geoportal.valencia.es/server/rest/services/OPENDATA/Trafico/MapServer/207/query?where=1=1&outFields=%2A&f=geojson | https://geoportal.valencia.es/server/rest/services/OPENDATA/Trafico/MapServer/207/query?where=1=1&outFields=%2A&f=json | https://geoportal.valencia.es/server/rest/services/OPENDATA/Trafico/MapServer/207/query?where=1=1&outFields=%2A&f=pbf | https://geoportal.valencia.es/server/rest/services/OPENDATA/Trafico/MapServer/207/query?where=1=1&outFields=%2A&f=html | https://geoportal.valencia.es/server/rest/services/OPENDATA/Trafico/MapServer/207/query?where=1=1&outFields=%2A&f=kmz,,"vie, 20 mar 2026 10:24:54 GMT+0000"
Aparcamientos por distritos-barrios,"Dades dels diferents tipus i nombre de places d'aparcament i habitants a la ciutat de València, desagregats per districtes i barris.

Paràmetres: Número places aparcament per barris i districtes, habitants per barris, habitants per districtes, habitants per franja d'edat i districtes, turismes per d",Comunidad Valenciana,Valencia,Valencia,L01462508,Ayuntamiento de Valencia,https://opendata.vlci.valencia.es/dataset/f94550e7-4617-4324-b1ad-6eea05c122d6,https://datos.gob.es/catalogo/l01462508-aparcamientos-por-distritos-barrios,CSV | CSV | CSV,https://opendata.vlci.valencia.es/dataset/f94550e7-4617-4324-b1ad-6eea05c122d6/resource/28a820cc-d67d-49dd-ae0c-87d7ef42f561/download/aparcamientos-por-distritos-barrios-cas.csv | https://opendata.vlci.valencia.es/dataset/f94550e7-4617-4324-b1ad-6eea05c122d6/resource/aaac319b-9f92-4ecb-8e77-df039c63a8c8/download/aparcamientos-por-distritos-barrios-val.csv | https://opendata.vlci.valencia.es/dataset/f94550e7-4617-4324-b1ad-6eea05c122d6/resource/6810cb63-d55c-4ffa-9b5d-5dcbbdce171c/download/aparcamientos-por-distritos-barrios-cas.csv,,"mié, 01 abr 2026 09:50:05 GMT+0000"
Estacionamiento Nocturno Permitido BUS,"Informació geogràfica de l'estacionament nocturn permés per als busos.

Font: Geoportal https://geoportal.valencia.es/apps/GeoportalHome/es/inicio/geodatos-abiertos",Comunidad Valenciana,Valencia,Valencia,L01462508,Ayuntamiento de Valencia,https://opendata.vlci.valencia.es/dataset/8339e606-6714-4cab-97de-b2b93d4c8f5d,https://datos.gob.es/catalogo/l01462508-estacionamiento-nocturno-permitido-bus,HTML | VND.GOOGLE-EARTH.KMZ | HTML | JSON | VND.GEO+JSON,https://geoportal.valencia.es/server/rest/services/OPENDATA/Trafico/MapServer/213/query?where=1=1&outFields=%2A&f=html | https://geoportal.valencia.es/server/rest/services/OPENDATA/Trafico/MapServer/213/query?where=1=1&outFields=%2A&f=kmz | https://geoportal.valencia.es/server/rest/services/OPENDATA/Trafico/MapServer/213/query?where=1=1&outFields=%2A&f=pbf | https://geoportal.valencia.es/server/rest/services/OPENDATA/Trafico/MapServer/213/query?where=1=1&outFields=%2A&f=json | https://geoportal.valencia.es/server/rest/services/OPENDATA/Trafico/MapServer/213/query?where=1=1&outFields=%2A&f=geojson,,"mar, 17 feb 2026 16:12:27 GMT+0000"
Número de incidencias por mal estacionamiento,Número de incidències registrades en el període por mal estacionament de vehicles en las places adjuntes a les estacions de recàrrega,Comunidad Valenciana,Valencia,Valencia,L01462508,Ayuntamiento de Valencia,https://opendata.vlci.valencia.es/dataset/e1ae94be-e088-40a8-9e44-38ce0eeeeba9,https://datos.gob.es/catalogo/l01462508-numero-de-incidencias-por-mal-estacionamiento,CSV,https://datosbi.vlci.valencia.es/pentaho/plugin/cda/api/doQuery?path=/public/vlci/datosabiertos/movilidad_impulso_vehiculo_electrico.cda&dataAccessId=kpi_vehiculos_electricos&paramkpi=IS_SCT_230309&_TRUST_USER_=publicoda&outputType=csv,,"lun, 29 abr 2024 10:07:47 GMT+0000"
Parkings,"Ubicació de Pàrquings públics.

Font: Geoportal https://geoportal.valencia.es/apps/GeoportalHome/es/inicio/geodatos-abiertos",Comunidad Valenciana,Valencia,Valencia,L01462508,Ayuntamiento de Valencia,https://opendata.vlci.valencia.es/dataset/b3a21a8e-90d6-45e5-8e1b-051b6c6bda1e,https://datos.gob.es/catalogo/l01462508-parkings1,VND.GEO+JSON | VND.GOOGLE-EARTH.KMZ | HTML | JSON | HTML,https://geoportal.valencia.es/server/rest/services/OPENDATA/Trafico/MapServer/194/query?where=1=1&outFields=%2A&f=geojson | https://geoportal.valencia.es/server/rest/services/OPENDATA/Trafico/MapServer/194/query?where=1=1&outFields=%2A&f=kmz | https://geoportal.valencia.es/server/rest/services/OPENDATA/Trafico/MapServer/194/query?where=1=1&outFields=%2A&f=html | https://geoportal.valencia.es/server/rest/services/OPENDATA/Trafico/MapServer/194/query?where=1=1&outFields=%2A&f=json | https://geoportal.valencia.es/server/rest/services/OPENDATA/Trafico/MapServer/194/query?where=1=1&outFields=%2A&f=pbf,,"jue, 19 feb 2026 09:32:57 GMT+0000"
Aparcamientos de disuasión ligados al transporte público en la Comunidad de Madrid,"Aparcamientos de disuasión ligados al transporte público en la Comunidad de Madrid.rrPor cuestiones técnicas, la fecha de última actualización de los datos no se refresca automáticamente, sino que se especifica en la dirección web de destino.",Comunidad de Madrid,,,A13002908,Comunidad de Madrid,https://datos.comunidad.madrid/catalogo/dataset/aparcamientos_disuasion,https://datos.gob.es/catalogo/a13002908-aparcamientos-de-disuasion-ligados-al-transporte-publico-en-la-comunidad-de-madrid1,HTML,https://datos.crtm.es/datasets/aparcamientos-disuasi%C3%B3n,,"vie, 05 sep 2025 10:42:09 GMT+0000"
Aparcamientos ligados al transporte público,"La Comunidad de Madrid dispone de una amplia red de aparcamientos ligados a intercambiadores y estaciones de transporte público, tanto ferroviarias (Metro y Cercanías) como de autobuses, para favorecer la movilidad intermodal.",Comunidad de Madrid,,,A13002908,Comunidad de Madrid,https://datos.comunidad.madrid/catalogo/dataset/aparcamientos_ligados_transporte_publico,https://datos.gob.es/catalogo/a13002908-aparcamientos-ligados-al-transporte-publico,HTML,https://crtm.maps.arcgis.com/apps/instant/sidebar/index.html?appid=11c77bb894f34b04bc313ef68bbd8c64,,"mar, 30 jun 2026 06:05:07 GMT+0000"
reB: Red de estacionamiento de bicicletas,"Ubicaciones de estacionamientos para bicicletas en estaciones de Metro y Cercanías y en marquesinas o estaciones de autobús interurbano de municipios de la Comunidad.rrPor cuestiones técnicas, la fecha de última actualización de los datos no se refresca automáticamente, sino que se especifica en la ",Comunidad de Madrid,,,A13002908,Comunidad de Madrid,https://datos.comunidad.madrid/catalogo/dataset/red_estacionamiento_bicicletas,https://datos.gob.es/catalogo/a13002908-reb-red-de-estacionamiento-de-bicicletas1,HTML,https://datos.crtm.es/datasets/reb,,"vie, 05 sep 2025 10:42:13 GMT+0000"
Estacionamientos para patinetes y bicicletas eléctricos,Ayuntamiento de Alcobendas: acionamientos para patienetes eléctricos,Comunidad de Madrid,Madrid,Alcobendas,L01280066,Ayuntamiento de Alcobendas,https://datos.alcobendas.org/dataset/estacionamientos-para-patinetes-electricos,https://datos.gob.es/catalogo/l01280066-estacionamientos-para-patinetes-y-bicicletas-electricos,JSON,http://ingrid.ingra.es/bases/alcobendascomun/exportaciones/mobap.geojson,,"mié, 08 jun 2022 22:00:00 GMT+0000"
Reservas de estacionamiento para personas con movilidad reducida,Reservas de estacionamiento,Comunidad de Madrid,Madrid,Alcobendas,L01280066,Ayuntamiento de Alcobendas,https://datos.alcobendas.org/dataset/reservas-de-estacionamiento,https://datos.gob.es/catalogo/l01280066-reservas-de-estacionamiento-para-personas-con-movilidad-reducida,JSON | CSV | JSON | application/vnd.openxmlformats-officedocument.spreadsheetml.sheet,https://datos.alcobendas.org/dataset/e08d71e0-50af-48df-92f4-4b35401a69e1/resource/079d5397-64f0-406e-ae73-b2da01cc7f6f/download/trafm.geojson | https://datos.alcobendas.org/dataset/e08d71e0-50af-48df-92f4-4b35401a69e1/resource/6fa6e96d-089c-4cf5-bae9-9ff39adc9607/download/trafm.csv | http://ingrid.ingra.es/bases/alcobendascomun/exportaciones/trafm.geojson | https://datos.alcobendas.org/dataset/e08d71e0-50af-48df-92f4-4b35401a69e1/resource/48287d85-2e3f-48b2-946d-6c5d645f147e/download/reservas-de-espacio-para-personas-con-movilidad-reducida.xlsx,,"mar, 21 nov 2023 23:00:00 GMT+0000"
Parquímetros zonas reguladas,Parquímetros Zonas reguladas,Comunidad de Madrid,Madrid,Arganda del Rey,L01280148,Ayuntamiento de Arganda del Rey,https://datosabiertos.ayto-arganda.es/dataset/parquimetros-zonas-reguladas,https://datos.gob.es/catalogo/l01280148-parquimetros-zonas-reguladas,JSON | VND.GOOGLE-EARTH.KML+XML | JSON,https://datosabiertos.ayto-arganda.es/dataset/d6f911c3-8696-4378-822e-bf59d112b441/resource/a84a740f-7390-4d08-bcd4-f42fa15042a0/download/parquimetros-2.json | https://datosabiertos.ayto-arganda.es/dataset/d6f911c3-8696-4378-822e-bf59d112b441/resource/b82f1318-2859-41b4-9e52-2f1b7d8497d7/download/parquimetros-2.kml | https://datosabiertos.ayto-arganda.es/dataset/d6f911c3-8696-4378-822e-bf59d112b441/resource/ef7f1203-dab5-4af1-93a7-0906b162aa7c/download/parquimetros-geo.json,,"lun, 23 abr 2018 22:00:00 GMT+0000"
Plazas de estacionamiento para personas con movilidad reducida,Plazas de estacionamiento para personas con movilidad reducida,Comunidad de Madrid,Madrid,Arganda del Rey,L01280148,Ayuntamiento de Arganda del Rey,https://datosabiertos.ayto-arganda.es/dataset/plazas-de-estacionamiento-para-personas-con-movilidad-reducida,https://datos.gob.es/catalogo/l01280148-plazas-de-estacionamiento-para-personas-con-movilidad-reducida1,CSV | JSON | JSON,https://datosabiertos.ayto-arganda.es/dataset/360de69a-8181-4872-ad7e-9ffe162d2a76/resource/ed040a9a-1f7d-4900-93cd-09168576495c/download/estacionamiento_personas_movilidad_reducida.csv | https://datosabiertos.ayto-arganda.es/dataset/360de69a-8181-4872-ad7e-9ffe162d2a76/resource/166180d0-e07a-41d0-aa01-66835aebccc0/download/estacionamiento_personas_movilidad_reducida.geojson | https://datosabiertos.ayto-arganda.es/dataset/360de69a-8181-4872-ad7e-9ffe162d2a76/resource/3f8e1179-b718-4c6a-9ee0-d5fc768e02b4/download/estacionamiento_personas_movilidad_reducida.json,,"jue, 23 oct 2025 22:00:00 GMT+0000"
Aparcamientos municipales para residentes (PAR),"**“IMPORTANTE: Para cualquier consulta relacionada con su solicitud o aclaraciones sobre gestiones o trámites sobre las listas de espera de Aparcamientos municipales para residentes, debe dirigirse a la [Subdirección General de Gestión de Aparcamientos](https://eur06.safelinks.protection.outlook.com",Comunidad de Madrid,Madrid,Madrid,L01280796,Ayuntamiento de Madrid,https://datos.madrid.es/dataset/202584-0-aparcamientos-residentes,https://datos.gob.es/catalogo/l01280796-aparcamientos-municipales-para-residentes-par,PDF | RDF_XML | CSV | RSS | JSON | XML,https://datos.madrid.es/dataset/202584-0-aparcamientos-residentes/resource/202584-3-aparcamientos-residentes/download/estructura_ds_conjuntodatos.pdf | https://datos.madrid.es/dataset/202584-0-aparcamientos-residentes/resource/202584-5-aparcamientos-residentes-rdf/download/202584-0-aparcamientos-residentes.rdf | https://datos.madrid.es/dataset/202584-0-aparcamientos-residentes/resource/202584-1-aparcamientos-residentes-csv/download/202584-0-aparcamientos-residentes.csv | https://datos.madrid.es/dataset/202584-0-aparcamientos-residentes/resource/202584-0-aparcamientos-residentes-geo/download/202584-0-aparcamientos-residentes.geo | https://datos.madrid.es/dataset/202584-0-aparcamientos-residentes/resource/202584-4-aparcamientos-residentes-json/download/202584-0-aparcamientos-residentes.json | https://datos.madrid.es/dataset/202584-0-aparcamientos-residentes/resource/202584-2-aparcamientos-residentes-xml/download/202584-0-aparcamientos-residentes.xml,https://datos.madrid.es/bnode/N9cdfd5c81b99467ca973ce5830934944,"vie, 31 jul 2026 18:41:43 GMT+0000"
Aparcamientos municipales para residentes (PAR). Listas de espera,"**“IMPORTANTE: Para cualquier consulta relacionada con su solicitud o aclaraciones sobre gestiones o trámites sobre las listas de espera de Aparcamientos municipales para residentes, debe dirigirse a la [Subdirección General de Gestión de Aparcamientos](https://eur06.safelinks.protection.outlook.com",Comunidad de Madrid,Madrid,Madrid,L01280796,Ayuntamiento de Madrid,https://datos.madrid.es/dataset/300074-0-lista-espera-aparcamientos-resid,https://datos.gob.es/catalogo/l01280796-aparcamientos-municipales-para-residentes-par-listas-de-espera,CSV | XLSX | PDF,https://datos.madrid.es/dataset/300074-0-lista-espera-aparcamientos-resid/resource/300074-1-lista-espera-aparcamientos-resid-csv/download/lista-de-espera-07-julio-2026-publicada.csv | https://datos.madrid.es/dataset/300074-0-lista-espera-aparcamientos-resid/resource/300074-0-lista-espera-aparcamientos-resid-xlsx/download/lista-de-espera-07-julio-2026-publicada.xlsx | https://datos.madrid.es/dataset/300074-0-lista-espera-aparcamientos-resid/resource/300074-2-lista-espera-aparcamientos-resid/download/estructura_ds_listasaparcamientospar.pdf,https://datos.madrid.es/bnode/N1d021666e4c549f795f7eaa1e558c2cc,"vie, 24 jul 2026 00:00:00 GMT+0000"
Aparcamientos municipales para residentes (PAR). Valor de las plazas,"**“IMPORTANTE: Para cualquier consulta relacionada con su solicitud o aclaraciones sobre gestiones o trámites sobre las listas de espera de Aparcamientos municipales para residentes, debe dirigirse a la [Subdirección General de Gestión de Aparcamientos](https://eur06.safelinks.protection.outlook.com",Comunidad de Madrid,Madrid,Madrid,L01280796,Ayuntamiento de Madrid,https://datos.madrid.es/dataset/300532-0-par-valor-plazas,https://datos.gob.es/catalogo/l01280796-aparcamientos-municipales-para-residentes-par-valor-de-las-plazas1,XLSX | PDF | XLSX | XLSX | XLSX | XLSX | XLSX,https://datos.madrid.es/dataset/300532-0-par-valor-plazas/resource/300532-4-par-valor-plazas-xlsx/download/300532-4-par-valor-plazas-xlsx.xlsx | https://datos.madrid.es/dataset/300532-0-par-valor-plazas/resource/300532-5-par-valor-plazas/download/estructura_aparcamientos20municipales_valor20de20las20plazas.pdf | https://datos.madrid.es/dataset/300532-0-par-valor-plazas/resource/300532-2-par-valor-plazas-xlsx/download/300532-2-par-valor-plazas-xlsx.xlsx | https://datos.madrid.es/dataset/300532-0-par-valor-plazas/resource/300532-6-par-valor-plazas-xlsx/download/valor_plazas_07_2026.xlsx | https://datos.madrid.es/dataset/300532-0-par-valor-plazas/resource/300532-3-par-valor-plazas-xlsx/download/300532-3-par-valor-plazas-xlsx.xlsx | https://datos.madrid.es/dataset/300532-0-par-valor-plazas/resource/300532-0-par-valor-plazas-xlsx/download/300532-0-par-valor-plazas-xlsx.xlsx | https://datos.madrid.es/dataset/300532-0-par-valor-plazas/resource/300532-1-par-valor-plazas-xlsx/download/300532-1-par-valor-plazas-xlsx.xlsx,https://datos.madrid.es/bnode/N316ea946d5444e69952892ea49446307,"vie, 24 jul 2026 00:00:00 GMT+0000"
Aparcamientos municipales para residentes. Áreas de influencia,"**“IMPORTANTE: Para cualquier consulta relacionada con su solicitud o aclaraciones sobre gestiones o trámites sobre las listas de espera de Aparcamientos municipales para residentes, debe dirigirse a la [Subdirección General de Gestión de Aparcamientos](https://eur06.safelinks.protection.outlook.com",Comunidad de Madrid,Madrid,Madrid,L01280796,Ayuntamiento de Madrid,https://datos.madrid.es/dataset/300574-0-aparcamiento-influencia,https://datos.gob.es/catalogo/l01280796-aparcamientos-municipales-para-residentes-areas-de-influencia1,PDF | CSV | ZIP | XLSX | PDF | ZIP | CSV | ZIP | PDF | XLSX,https://datos.madrid.es/dataset/300574-0-aparcamiento-influencia/resource/300574-6-aparcamiento-influencia/download/areas20de20influencia20par_listado.pdf | https://datos.madrid.es/dataset/300574-0-aparcamiento-influencia/resource/300574-0-aparcamiento-influencia-csv/download/300574-0-aparcamiento-influencia-csv.csv | https://datos.madrid.es/dataset/300574-0-aparcamiento-influencia/resource/300574-2-aparcamiento-influencia-zip/download/300574-2-aparcamiento-influencia-zip.zip | https://datos.madrid.es/dataset/300574-0-aparcamiento-influencia/resource/300574-8-aparcamiento-influencia-xlsx/download/300574-8-aparcamiento-influencia-xlsx.xlsx | https://datos.madrid.es/dataset/300574-0-aparcamiento-influencia/resource/300574-4-aparcamiento-influencia/download/estructura_aparcamientos20municipales_c381reas20de20influencia.pdf | https://datos.madrid.es/dataset/300574-0-aparcamiento-influencia/resource/300574-3-aparcamiento-influencia-zip/download/300574-3-aparcamiento-influencia-zip.zip | https://datos.madrid.es/dataset/300574-0-aparcamiento-influencia/resource/300574-9-aparcamiento-influencia-csv/download/300574-9-aparcamiento-influencia-csv.csv | https://datos.madrid.es/dataset/300574-0-aparcamiento-influencia/resource/300574-5-aparcamiento-influencia/download/2022.06.16_planospdf.zip | https://datos.madrid.es/dataset/300574-0-aparcamiento-influencia/resource/300574-7-aparcamiento-influencia/download/resolucion20de20la20direccic393n20general20de20planificacic393n20e20infraestructuras20de20movili.pdf | https://datos.madrid.es/dataset/300574-0-aparcamiento-influencia/resource/300574-1-aparcamiento-influencia-xlsx/download/300574-1-aparcamiento-influencia-xlsx.xlsx,https://datos.madrid.es/bnode/N71423756835c464c944874ae8de938a3,"jue, 23 jul 2026 00:00:00 GMT+0000"
Aparcamientos municipales. Número de plazas,"**“IMPORTANTE: Para cualquier consulta relacionada con su solicitud o aclaraciones sobre gestiones o trámites sobre las listas de espera de Aparcamientos municipales para residentes, debe dirigirse a la [Subdirección General de Gestión de Aparcamientos](https://eur06.safelinks.protection.outlook.com",Comunidad de Madrid,Madrid,Madrid,L01280796,Ayuntamiento de Madrid,https://datos.madrid.es/dataset/300542-0-aparcamientos-municipales,https://datos.gob.es/catalogo/l01280796-aparcamientos-municipales-numero-de-plazas1,PDF | CSV | XLSX,https://datos.madrid.es/dataset/300542-0-aparcamientos-municipales/resource/300542-2-aparcamientos-municipales/download/estructura_aparcamientos20municipales_nc3bamero20de20plazas.pdf | https://datos.madrid.es/dataset/300542-0-aparcamientos-municipales/resource/300542-0-aparcamientos-municipales-csv/download/inventario_07_2026.csv | https://datos.madrid.es/dataset/300542-0-aparcamientos-municipales/resource/300542-1-aparcamientos-municipales-xlsx/download/inventario_07_2026.xlsx,https://datos.madrid.es/bnode/Nd0dd43ce285a474399d85a4aa6683528,"vie, 24 jul 2026 00:00:00 GMT+0000"
Aparcamientos públicos (Rotacionales). Datos de ocupación en tiempo real,"El Ayuntamiento de Madrid ha diseñado un sistema de datos que recoge las ocupaciones en tiempo real de los aparcamientos que voluntariamente deseen darlos y los ofrece a través de la plataforma municipal de datos abiertos.
Los datos ofrecidos tienen su origen en los aparcamientos rotacionales tanto ",Comunidad de Madrid,Madrid,Madrid,L01280796,Ayuntamiento de Madrid,https://datos.madrid.es/dataset/50027-0-aparcamientosocupacionyservicios,https://datos.gob.es/catalogo/l01280796-aparcamientos-publicos-rotacionales-datos-de-ocupacion-en-tiempo-real,OP | XML,https://datos.madrid.es/dataset/50027-0-aparcamientosocupacionyservicios/resource/50027-0-aparcamientosocupacionyservicios-api/download/50027-0-aparcamientosocupacionyservicios-api | https://servayto.madrid.es/MTPAR_WSINFO/InfoParking?wsdl,https://datos.madrid.es/bnode/N14551b96c46f4af0bf5907da7b4a40be,
Aparcamientos públicos municipales,"Relación de los aparcamientos destinados a la provisión de plazas de uso público de la ciudad de Madrid, en la que se incluyen aquellos que tienen zonas reservada para residentes.
La gestión de estos aparcamientos se realiza a través de un concesionario.
Su régimen de utilización característico es e",Comunidad de Madrid,Madrid,Madrid,L01280796,Ayuntamiento de Madrid,https://datos.madrid.es/dataset/202625-0-aparcamientos-publicos,https://datos.gob.es/catalogo/l01280796-aparcamientos-publicos-municipales1,JSON | PDF | RSS | RDF_XML | CSV | XML,https://datos.madrid.es/dataset/202625-0-aparcamientos-publicos/resource/202625-5-aparcamientos-publicos-json/download/202625-0-aparcamientos-publicos.json | https://datos.madrid.es/dataset/202625-0-aparcamientos-publicos/resource/202625-2-aparcamientos-publicos/download/estructura_ds_conjuntodatos.pdf | https://datos.madrid.es/dataset/202625-0-aparcamientos-publicos/resource/202625-4-aparcamientos-publicos-geo/download/202625-0-aparcamientos-publicos.geo | https://datos.madrid.es/dataset/202625-0-aparcamientos-publicos/resource/202625-0-aparcamientos-publicos-rdf/download/202625-0-aparcamientos-publicos.rdf | https://datos.madrid.es/dataset/202625-0-aparcamientos-publicos/resource/202625-3-aparcamientos-publicos-csv/download/202625-0-aparcamientos-publicos.csv | https://datos.madrid.es/dataset/202625-0-aparcamientos-publicos/resource/202625-1-aparcamientos-publicos-xml/download/202625-0-aparcamientos-publicos.xml,https://datos.madrid.es/bnode/N22c761abd58c4717aceb153f6211085a,"vie, 31 jul 2026 18:42:00 GMT+0000"
Aparcamientos públicos municipales (rotacionales). Histórico de ocupación,"Este conjunto de datos recoge la evolución mensual del porcentaje de plazas rotación ocupadas en los aparcamientos municipales rotacionales y mixtos.
****
Los datos ofrecidos han sido suministrados por las empresas concesionarias de los aparcamientos.
****
Se ofrecen datos desde enero de 2019.
****
",Comunidad de Madrid,Madrid,Madrid,L01280796,Ayuntamiento de Madrid,https://datos.madrid.es/dataset/300346-0-aparcamientos-ocupa-historico,https://datos.gob.es/catalogo/l01280796-aparcamientos-publicos-municipales-rotacionales-historico-de-ocupacion,CSV | XLSX | PDF | XLSX | XLSX | CSV | CSV | XLSX | CSV | CSV | XLSX | CSV | XLSX | XLSX | CSV | CSV | XLSX,https://datos.madrid.es/dataset/300346-0-aparcamientos-ocupa-historico/resource/300346-11-aparcamientos-ocupa-historico-csv/download/300346-11-aparcamientos-ocupa-historico-csv.csv | https://datos.madrid.es/dataset/300346-0-aparcamientos-ocupa-historico/resource/300346-3-aparcamientos-ocupa-historico-xlsx/download/300346-3-aparcamientos-ocupa-historico-xlsx.xlsx | https://datos.madrid.es/dataset/300346-0-aparcamientos-ocupa-historico/resource/300346-8-aparcamientos-ocupa-historico/download/estructura_ds_ocupacic3b3n_aparcamientos_historico.pdf | https://datos.madrid.es/dataset/300346-0-aparcamientos-ocupa-historico/resource/300346-14-aparcamientos-ocupa-historico-xlsx/download/300346-14-aparcamientos-ocupa-historico-xlsx.xlsx | https://datos.madrid.es/dataset/300346-0-aparcamientos-ocupa-historico/resource/300346-7-aparcamientos-ocupa-historico-xlsx/download/300346-7-aparcamientos-ocupa-historico-xlsx.xlsx | https://datos.madrid.es/dataset/300346-0-aparcamientos-ocupa-historico/resource/300346-4-aparcamientos-ocupa-historico-csv/download/300346-4-aparcamientos-ocupa-historico-csv.csv | https://datos.madrid.es/dataset/300346-0-aparcamientos-ocupa-historico/resource/300346-0-aparcamientos-ocupa-historico-csv/download/300346-0-aparcamientos-ocupa-historico-csv.csv | https://datos.madrid.es/dataset/300346-0-aparcamientos-ocupa-historico/resource/300346-12-aparcamientos-ocupa-historico-xlsx/download/300346-12-aparcamientos-ocupa-historico-xlsx.xlsx | https://datos.madrid.es/dataset/300346-0-aparcamientos-ocupa-historico/resource/300346-15-aparcamientos-ocupa-historico/download/ocupacionesaparcamientos2.csv | https://datos.madrid.es/dataset/300346-0-aparcamientos-ocupa-historico/resource/300346-6-aparcamientos-ocupa-historico-csv/download/300346-6-aparcamientos-ocupa-historico-csv.csv | https://datos.madrid.es/dataset/300346-0-aparcamientos-ocupa-historico/resource/300346-13-aparcamientos-ocupa-historico-xlsx/download/300346-13-aparcamientos-ocupa-historico-xlsx.xlsx | https://datos.madrid.es/dataset/300346-0-aparcamientos-ocupa-historico/resource/300346-10-aparcamientos-ocupa-historico-csv/download/300346-10-aparcamientos-ocupa-historico-csv.csv | https://datos.madrid.es/dataset/300346-0-aparcamientos-ocupa-historico/resource/300346-9-aparcamientos-ocupa-historico-xlsx/download/300346-9-aparcamientos-ocupa-historico-xlsx.xlsx | https://datos.madrid.es/dataset/300346-0-aparcamientos-ocupa-historico/resource/300346-16-aparcamientos-ocupa-historico/download/ocupacionesaparcamientos2.xlsx | https://datos.madrid.es/dataset/300346-0-aparcamientos-ocupa-historico/resource/300346-5-aparcamientos-ocupa-historico-csv/download/300346-5-aparcamientos-ocupa-historico-csv.csv | https://datos.madrid.es/dataset/300346-0-aparcamientos-ocupa-historico/resource/300346-2-aparcamientos-ocupa-historico-csv/download/300346-2-aparcamientos-ocupa-historico-csv.csv | https://datos.madrid.es/dataset/300346-0-aparcamientos-ocupa-historico/resource/300346-1-aparcamientos-ocupa-historico-xlsx/download/300346-1-aparcamientos-ocupa-historico-xlsx.xlsx,https://datos.madrid.es/bnode/N3e469677ac5a488da74bb556509051e7,"vie, 24 jul 2026 00:00:00 GMT+0000"
Aparcamientos públicos municipales disuasorios,"Relación de los aparcamientos disuasorios.
****
Los aparcamientos disuasorios tienen como principal objetivo proteger la salud de la ciudadanía y mejorar la calidad del aire, evitando que los vehículos privados entren en la almendra central de la ciudad. Con estas infraestructuras se persigue mejora",Comunidad de Madrid,Madrid,Madrid,L01280796,Ayuntamiento de Madrid,https://datos.madrid.es/dataset/300531-0-aparcamientos-publicos,https://datos.gob.es/catalogo/l01280796-aparcamientos-publicos-municipales-disuasorios1,JSON | RSS | RDF_XML | CSV | XML | PDF,https://datos.madrid.es/dataset/300531-0-aparcamientos-publicos/resource/300531-2-aparcamientos-publicos-json/download/300531-0-aparcamientos-publicos.json | https://datos.madrid.es/dataset/300531-0-aparcamientos-publicos/resource/300531-0-aparcamientos-publicos-geo/download/300531-0-aparcamientos-publicos.geo | https://datos.madrid.es/dataset/300531-0-aparcamientos-publicos/resource/300531-1-aparcamientos-publicos-rdf/download/300531-0-aparcamientos-publicos.rdf | https://datos.madrid.es/dataset/300531-0-aparcamientos-publicos/resource/300531-5-aparcamientos-publicos-csv/download/300531-0-aparcamientos-publicos.csv | https://datos.madrid.es/dataset/300531-0-aparcamientos-publicos/resource/300531-3-aparcamientos-publicos-xml/download/300531-0-aparcamientos-publicos.xml | https://datos.madrid.es/dataset/300531-0-aparcamientos-publicos/resource/300531-4-aparcamientos-publicos/download/estructura_ds_conjuntodatos.pdf,https://datos.madrid.es/bnode/N5432275f8fe5465b93e6581bbe468adf,"vie, 31 jul 2026 18:57:53 GMT+0000"
Autorizaciones del Servicio de Estacionamiento Regulado (SER),"**AVISO:** desde el año 2023 se publican exclusivamente los datos de autorizaciones de residentes y de vehículos comerciales e industriales.
****
La autorización de estacionamiento de residente del Servicio de Estacionamiento Regulado se concede a la persona física empadronada en Madrid en un domici",Comunidad de Madrid,Madrid,Madrid,L01280796,Ayuntamiento de Madrid,https://datos.madrid.es/dataset/300088-0-ser-autorizaciones,https://datos.gob.es/catalogo/l01280796-autorizaciones-del-servicio-de-estacionamiento-regulado-ser,CSV | PDF | XLS | XLS | XLS | XLS | XLS | XLS | XLS | CSV | XLS | XLS | XLS | XLS | XLS | XLS | XLS | PDF | XLS | PDF | CSV | XLS | XLS | CSV | XLS | XLS | XLS | XLS | XLS | PDF | XLS | XLS,https://datos.madrid.es/dataset/300088-0-ser-autorizaciones/resource/300088-13-ser-autorizaciones-csv/download/300088-13-ser-autorizaciones-csv.csv | https://datos.madrid.es/dataset/300088-0-ser-autorizaciones/resource/300088-26-ser-autorizaciones/download/estructura20de20datos.20autorizaciones20del20ser20residentes.pdf | https://datos.madrid.es/dataset/300088-0-ser-autorizaciones/resource/300088-30-ser-autorizaciones-xls/download/300088-30-ser-autorizaciones-xls.xls | https://datos.madrid.es/dataset/300088-0-ser-autorizaciones/resource/300088-27-ser-autorizaciones-xls/download/300088-27-ser-autorizaciones-xls.xls | https://datos.madrid.es/dataset/300088-0-ser-autorizaciones/resource/300088-12-ser-autorizaciones-xls/download/300088-12-ser-autorizaciones-xls.xls | https://datos.madrid.es/dataset/300088-0-ser-autorizaciones/resource/300088-19-ser-autorizaciones-xls/download/300088-19-ser-autorizaciones-xls.xls | https://datos.madrid.es/dataset/300088-0-ser-autorizaciones/resource/300088-22-ser-autorizaciones-xls/download/300088-22-ser-autorizaciones-xls.xls | https://datos.madrid.es/dataset/300088-0-ser-autorizaciones/resource/300088-17-ser-autorizaciones-xls/download/300088-17-ser-autorizaciones-xls.xls | https://datos.madrid.es/dataset/300088-0-ser-autorizaciones/resource/300088-29-ser-autorizaciones-xls/download/300088-29-ser-autorizaciones-xls.xls | https://datos.madrid.es/dataset/300088-0-ser-autorizaciones/resource/300088-2-ser-autorizaciones-csv/download/300088-2-ser-autorizaciones-csv.csv | https://datos.madrid.es/dataset/300088-0-ser-autorizaciones/resource/300088-20-ser-autorizaciones-xls/download/300088-20-ser-autorizaciones-xls.xls | https://datos.madrid.es/dataset/300088-0-ser-autorizaciones/resource/300088-5-ser-autorizaciones-xls/download/300088-5-ser-autorizaciones-xls.xls | https://datos.madrid.es/dataset/300088-0-ser-autorizaciones/resource/300088-18-ser-autorizaciones-xls/download/300088-18-ser-autorizaciones-xls.xls | https://datos.madrid.es/dataset/300088-0-ser-autorizaciones/resource/300088-11-ser-autorizaciones-xls/download/300088-11-ser-autorizaciones-xls.xls | https://datos.madrid.es/dataset/300088-0-ser-autorizaciones/resource/300088-28-ser-autorizaciones-xls/download/300088-28-ser-autorizaciones-xls.xls | https://datos.madrid.es/dataset/300088-0-ser-autorizaciones/resource/300088-4-ser-autorizaciones-xls/download/300088-4-ser-autorizaciones-xls.xls | https://datos.madrid.es/dataset/300088-0-ser-autorizaciones/resource/300088-7-ser-autorizaciones-xls/download/300088-7-ser-autorizaciones-xls.xls | https://datos.madrid.es/dataset/300088-0-ser-autorizaciones/resource/300088-25-ser-autorizaciones/download/estructura20de20datos.20autorizaciones20del20ser20talleres.pdf | https://datos.madrid.es/dataset/300088-0-ser-autorizaciones/resource/300088-16-ser-autorizaciones-xls/download/300088-16-ser-autorizaciones-xls.xls | https://datos.madrid.es/dataset/300088-0-ser-autorizaciones/resource/300088-24-ser-autorizaciones/download/estructura20de20datos.20autorizaciones20del20ser20comerciales.pdf | https://datos.madrid.es/dataset/300088-0-ser-autorizaciones/resource/300088-9-ser-autorizaciones-csv/download/300088-9-ser-autorizaciones-csv.csv | https://datos.madrid.es/dataset/300088-0-ser-autorizaciones/resource/300088-14-ser-autorizaciones-xls/download/300088-14-ser-autorizaciones-xls.xls | https://datos.madrid.es/dataset/300088-0-ser-autorizaciones/resource/300088-1-ser-autorizaciones-xls/download/300088-1-ser-autorizaciones-xls.xls | https://datos.madrid.es/dataset/300088-0-ser-autorizaciones/resource/300088-31-ser-autorizaciones/download/autorizacionesser_2026.csv | https://datos.madrid.es/dataset/300088-0-ser-autorizaciones/resource/300088-8-ser-autorizaciones-xls/download/300088-8-ser-autorizaciones-xls.xls | https://datos.madrid.es/dataset/300088-0-ser-autorizaciones/resource/300088-10-ser-autorizaciones-xls/download/300088-10-ser-autorizaciones-xls.xls | https://datos.madrid.es/dataset/300088-0-ser-autorizaciones/resource/300088-6-ser-autorizaciones-xls/download/300088-6-ser-autorizaciones-xls.xls | https://datos.madrid.es/dataset/300088-0-ser-autorizaciones/resource/300088-3-ser-autorizaciones-xls/download/300088-3-ser-autorizaciones-xls.xls | https://datos.madrid.es/dataset/300088-0-ser-autorizaciones/resource/300088-15-ser-autorizaciones-xls/download/300088-15-ser-autorizaciones-xls | https://datos.madrid.es/dataset/300088-0-ser-autorizaciones/resource/300088-23-ser-autorizaciones/download/estructuradatosautorizacionesser.pdf | https://datos.madrid.es/dataset/300088-0-ser-autorizaciones/resource/300088-0-ser-autorizaciones-xls/download/300088-0-ser-autorizaciones-xls.xls | https://datos.madrid.es/dataset/300088-0-ser-autorizaciones/resource/300088-21-ser-autorizaciones-xls/download/300088-21-ser-autorizaciones-xls.xls,https://datos.madrid.es/bnode/Nefc6a470d6804773bf5d71714f466022,"mié, 15 jul 2026 00:00:00 GMT+0000"
Carga y descarga. Reserva de estacionamiento para carga y descarga de mercancías en vía pública,"Este conjunto de datos recoge la relación de las reservas de estacionamiento para carga y descarga de mercancías en vía pública.
****
Se irá completando progresivamente la información relativa a limitación de horario.
****
Nota: los días hábiles son diferentes a los laborales, por tanto los sábados ",Comunidad de Madrid,Madrid,Madrid,L01280796,Ayuntamiento de Madrid,https://datos.madrid.es/dataset/208072-0-carga-descarga,https://datos.gob.es/catalogo/l01280796-carga-y-descarga-reserva-de-estacionamiento-para-carga-y-descarga-de-mercancias-en-via-publica1,KMZ | KMZ | CSV | CSV | XLSX | XLSX | KMZ | XLS | XLS | KMZ | CSV | CSV | RSS | XLSX | CSV | XLSX | XLS | KMZ | XLS | KMZ | PDF | KMZ | XLSX | CSV | XLS | XLSX | CSV | JSON | XLS | RSS,https://datos.madrid.es/dataset/208072-0-carga-descarga/resource/208072-13-carga-descarga-kmz/download/208072-13-carga-descarga-kmz.kmz | https://datos.madrid.es/dataset/208072-0-carga-descarga/resource/208072-24-carga-descarga-kmz/download/208072-24-carga-descarga-kmz.kmz | https://datos.madrid.es/dataset/208072-0-carga-descarga/resource/208072-12-carga-descarga-csv/download/208072-12-carga-descarga-csv.csv | https://datos.madrid.es/dataset/208072-0-carga-descarga/resource/208072-1-carga-descarga-csv/download/carga_descarga-01-07-2026.csv | https://datos.madrid.es/dataset/208072-0-carga-descarga/resource/208072-7-carga-descarga-xlsx/download/208072-7-carga-descarga-xlsx.xlsx | https://datos.madrid.es/dataset/208072-0-carga-descarga/resource/208072-10-carga-descarga-xlsx/download/208072-10-carga-descarga-xlsx.xlsx | https://datos.madrid.es/dataset/208072-0-carga-descarga/resource/208072-25-carga-descarga-kmz/download/208072-25-carga-descarga-kmz.kmz | https://datos.madrid.es/dataset/208072-0-carga-descarga/resource/208072-19-carga-descarga-xls/download/208072-19-carga-descarga-xls.xls | https://datos.madrid.es/dataset/208072-0-carga-descarga/resource/208072-18-carga-descarga-xls/download/208072-18-carga-descarga-xls.xls | https://datos.madrid.es/dataset/208072-0-carga-descarga/resource/208072-9-carga-descarga-kmz/download/208072-9-carga-descarga-kmz.kmz | https://datos.madrid.es/dataset/208072-0-carga-descarga/resource/208072-14-carga-descarga-csv/download/208072-14-carga-descarga-csv.csv | https://datos.madrid.es/dataset/208072-0-carga-descarga/resource/208072-23-carga-descarga-csv/download/208072-23-carga-descarga-csv.csv | https://datos.madrid.es/dataset/208072-0-carga-descarga/resource/208072-5-carga-descarga-geo/download/208072-5-carga-descarga-geo.geo | https://datos.madrid.es/dataset/208072-0-carga-descarga/resource/208072-26-carga-descarga-xlsx/download/208072-26-carga-descarga-xlsx.xlsx | https://datos.madrid.es/dataset/208072-0-carga-descarga/resource/208072-3-carga-descarga-csv/download/208072-3-carga-descarga-csv.csv | https://datos.madrid.es/dataset/208072-0-carga-descarga/resource/208072-2-carga-descarga-xlsx/download/carga_descarga-01-07-2026.xlsx | https://datos.madrid.es/dataset/208072-0-carga-descarga/resource/208072-28-carga-descarga-xls/download/208072-28-carga-descarga-xls.xls | https://datos.madrid.es/dataset/208072-0-carga-descarga/resource/208072-4-carga-descarga-kmz/download/carga_descarga-01-07-2026.kmz | https://datos.madrid.es/dataset/208072-0-carga-descarga/resource/208072-20-carga-descarga-xls/download/208072-20-carga-descarga-xls.xls | https://datos.madrid.es/dataset/208072-0-carga-descarga/resource/208072-8-carga-descarga-kmz/download/208072-8-carga-descarga-kmz.kmz | https://datos.madrid.es/dataset/208072-0-carga-descarga/resource/208072-21-carga-descarga/download/estructura_ds_carga_descarga.pdf | https://datos.madrid.es/dataset/208072-0-carga-descarga/resource/208072-22-carga-descarga-kmz/download/208072-22-carga-descarga-kmz.kmz | https://datos.madrid.es/dataset/208072-0-carga-descarga/resource/208072-27-carga-descarga-xlsx/download/208072-27-carga-descarga-xlsx.xlsx | https://datos.madrid.es/dataset/208072-0-carga-descarga/resource/208072-6-carga-descarga-csv/download/208072-6-carga-descarga-csv.csv | https://datos.madrid.es/dataset/208072-0-carga-descarga/resource/208072-17-carga-descarga-xls/download/208072-17-carga-descarga-xls.xls | https://datos.madrid.es/dataset/208072-0-carga-descarga/resource/208072-15-carga-descarga-xlsx/download/208072-15-carga-descarga-xlsx.xlsx | https://datos.madrid.es/dataset/208072-0-carga-descarga/resource/208072-29-carga-descarga-csv/download/208072-29-carga-descarga-csv.csv | https://datos.madrid.es/dataset/208072-0-carga-descarga/resource/208072-11-carga-descarga-json/download/208072-11-carga-descarga-json.json | https://datos.madrid.es/dataset/208072-0-carga-descarga/resource/208072-16-carga-descarga-xls/download/208072-16-carga-descarga-xls.xls | https://datos.madrid.es/dataset/208072-0-carga-descarga/resource/208072-0-carga-descarga-geo/download/carga_descarga-01-07-2026.geo,https://datos.madrid.es/bnode/N4657595b513d4090b606f036ff777aa0,"jue, 30 jul 2026 00:00:00 GMT+0000"
EMT. Aparcamientos EMT,"Localización geoespacial y características de los aparcamientos públicos municipales de gestión integral de la Empresa Municipal de Transportes (EMT) de Madrid. Los tipos de aparcamientos de EMT son: rotación, residentes, mixtos y disuasorios.
****
Tienen como objetivo principal persuadir al conduct",Comunidad de Madrid,Madrid,Madrid,L01280796,Ayuntamiento de Madrid,https://datos.madrid.es/dataset/900033-0-emt-aparcamientos,https://datos.gob.es/catalogo/l01280796-emt-aparcamientos-emt1,KML | ZIP | CSV | PDF | GEOJSON,https://datos.emtmadrid.es/dataset/0f3310f5-c4b5-4727-8183-6de7b8e44c91/resource/63c9854d-f784-41b6-80c2-36788c77d8be/download/parkings.kml | https://datos.emtmadrid.es/dataset/0f3310f5-c4b5-4727-8183-6de7b8e44c91/resource/a64b9699-6bf0-4314-8b0b-491f7d29e278/download/parkings_shp.zip | https://datos.emtmadrid.es/dataset/0f3310f5-c4b5-4727-8183-6de7b8e44c91/resource/97bcf990-3bb2-4a58-aa50-fcc2992182c8/download/parkings.csv | https://datos.madrid.es/dataset/900033-0-emt-aparcamientos/resource/900033-4-emt-aparcamientos/download/metadatos-aparcamientos.pdf | https://datos.emtmadrid.es/dataset/0f3310f5-c4b5-4727-8183-6de7b8e44c91/resource/7e17d10a-4ed6-4ce9-ae45-04e5918f06f4/download/parkings.geojson,https://datos.madrid.es/bnode/Nbdaae3dc33da451dacef7bdfca4d0567,
EMT. Plazas totales y disponibles por hora en aparcamientos por mes y año,"Listado de las plazas de aparcamiento gestionadas por la Empresa Municipal de Transportes (EMT), disponibles y totales detalladas por aparcamiento para cada día del mes y año. Cada fichero contiene los datos correspondientes a un mes.
****
Fuente: [Portal de datos abiertos EMT](https://datos.emtmadr",Comunidad de Madrid,Madrid,Madrid,L01280796,Ayuntamiento de Madrid,https://datos.madrid.es/dataset/900032-0-emt-aparcamientos-plazas,https://datos.gob.es/catalogo/l01280796-emt-plazas-totales-y-disponibles-por-hora-en-aparcamientos-por-mes-y-ano1,CSV | CSV | CSV | CSV | CSV | CSV | CSV | CSV | CSV | CSV | CSV | CSV,https://datos.emtmadrid.es/dataset/e8798dd9-3f24-40f3-8b3c-f6b261a744cd/resource/d8b06a47-da43-45c2-a42d-3b957ca6fc1b/download/parking_places_hourly_202601.csv | https://datos.emtmadrid.es/dataset/e8798dd9-3f24-40f3-8b3c-f6b261a744cd/resource/3ed5f553-28e3-4e0f-b5c4-48fed89ec5b5/download/parking_places_hourly_202607.csv | https://datos.emtmadrid.es/dataset/e8798dd9-3f24-40f3-8b3c-f6b261a744cd/resource/73a1ad3f-b846-4475-af56-155344cf50ff/download/parking_places_hourly_202511.csv | https://datos.emtmadrid.es/dataset/e8798dd9-3f24-40f3-8b3c-f6b261a744cd/resource/195ec566-8f4f-4802-b9c1-280189047a64/download/parking_places_hourly_202506.csv | https://datos.emtmadrid.es/dataset/e8798dd9-3f24-40f3-8b3c-f6b261a744cd/resource/a1be0dd9-d3e7-4cde-b8da-1573b03411b5/download/parking_places_hourly_202606.csv | https://datos.emtmadrid.es/dataset/e8798dd9-3f24-40f3-8b3c-f6b261a744cd/resource/09196477-5e38-44ea-b280-d264e44a67b5/download/parking_places_hourly_202507.csv | https://datos.emtmadrid.es/dataset/e8798dd9-3f24-40f3-8b3c-f6b261a744cd/resource/b4e36bfc-d901-4f2b-81e2-f79a37fb819a/download/parking_places_hourly_202603.csv | https://datos.emtmadrid.es/dataset/e8798dd9-3f24-40f3-8b3c-f6b261a744cd/resource/1f3ffbcb-4da8-4b0a-9e65-6ea2cece541a/download/parking_places_hourly_202510.csv | https://datos.emtmadrid.es/dataset/e8798dd9-3f24-40f3-8b3c-f6b261a744cd/resource/91903fed-81e4-46fe-a256-dff2f4f8c39b/download/parking_places_hourly_202605.csv | https://datos.emtmadrid.es/dataset/e8798dd9-3f24-40f3-8b3c-f6b261a744cd/resource/e716c56a-b560-4a63-a014-fa4e38e66eb6/download/parking_places_hourly_202512.csv | https://datos.emtmadrid.es/dataset/e8798dd9-3f24-40f3-8b3c-f6b261a744cd/resource/7f4d2cdb-92e7-49bc-b2ef-b837fa236607/download/parking_places_hourly_202602.csv | https://datos.emtmadrid.es/dataset/e8798dd9-3f24-40f3-8b3c-f6b261a744cd/resource/1b307a67-40ca-4767-9c4c-124a92cc9e5e/download/parking_places_hourly_202604.csv,https://datos.madrid.es/bnode/N97a82812938f40108301db8818c92934,
Estudio de satisfacción de clientes de plazas de aparcamientos gestionadas por la EMT,"Estudio de satisfacción de clientes de plazas de aparcamientos gestionadas por la EMT. El objetivo del estudio es el conocimiento de la satisfacción del cliente de plazas de aparcamientos gestionadas por EMT.<br>
<br>
En el [banco de estudios del Ayuntamiento de Madrid](https://transparencia.madrid.",Comunidad de Madrid,Madrid,Madrid,L01280796,Ayuntamiento de Madrid,https://datos.madrid.es/dataset/300653-0-emt-encuesta-aparcamientos,https://datos.gob.es/catalogo/l01280796-estudio-de-satisfaccion-de-clientes-de-plazas-de-aparcamientos-gestionadas-por-la-emt1,XLSX,https://datos.madrid.es/dataset/300653-0-emt-encuesta-aparcamientos/resource/300653-0-emt-encuesta-aparcamientos-xlsx/download/300653-0-emt-encuesta-aparcamientos-xlsx.xlsx,https://datos.madrid.es/bnode/N3f5bfeb6e8fb494ba89b40974cc2eb15,"vie, 24 jul 2026 00:00:00 GMT+0000"
Inspecciones técnicas de aparcamientos municipales,"Relación de las visitas de inspecciones de aparcamientos municipales realizadas por técnicos de la Subdirección General de Aparcamientos. 
****
Las inspecciones de aparcamientos municipales son necesarias para asegurar el cumplimiento de las normativas y regulaciones vigentes en relación a la seguri",Comunidad de Madrid,Madrid,Madrid,L01280796,Ayuntamiento de Madrid,https://datos.madrid.es/dataset/300166-0-inspecciones-aparcamientos,https://datos.gob.es/catalogo/l01280796-inspecciones-tecnicas-de-aparcamientos-municipales1,PDF | XLSX | CSV,https://datos.madrid.es/dataset/300166-0-inspecciones-aparcamientos/resource/300166-2-inspecciones-aparcamientos/download/estruc_inspe_aparcam.pdf | https://datos.madrid.es/dataset/300166-0-inspecciones-aparcamientos/resource/300166-1-inspecciones-aparcamientos-xlsx/download/inspecciones-tecnicas-000006.xlsx | https://datos.madrid.es/dataset/300166-0-inspecciones-aparcamientos/resource/300166-0-inspecciones-aparcamientos-csv/download/inspecciones-tecnicas-000006.csv,https://datos.madrid.es/bnode/Nb6491544a1ac48cdadd4544c05d03be0,"vie, 24 jul 2026 00:00:00 GMT+0000"
Plazas de estacionamiento para personas de movilidad reducida,Plazas de estacionamiento para personas de movilidad reducida,Comunidad de Madrid,Madrid,Madrid,L01280796,Ayuntamiento de Madrid,https://datos.madrid.es/dataset/208083-0-estacionamiento-pmr,https://datos.gob.es/catalogo/l01280796-plazas-de-estacionamiento-para-personas-de-movilidad-reducida1,RSS | CSV | PDF | XLSX | KMZ,https://datos.madrid.es/dataset/208083-0-estacionamiento-pmr/resource/208083-0-estacionamiento-pmr-geo/download/208083-0-estacionamiento-pmr-geo.geo | https://datos.madrid.es/dataset/208083-0-estacionamiento-pmr/resource/208083-1-estacionamiento-pmr-csv/download/208083-1-estacionamiento-pmr-csv.csv | https://datos.madrid.es/dataset/208083-0-estacionamiento-pmr/resource/208083-4-estacionamiento-pmr/download/estructura_ds_plazas_pmr.pdf | https://datos.madrid.es/dataset/208083-0-estacionamiento-pmr/resource/208083-3-estacionamiento-pmr-xlsx/download/208083-3-estacionamiento-pmr-xlsx.xlsx | https://datos.madrid.es/dataset/208083-0-estacionamiento-pmr/resource/208083-2-estacionamiento-pmr-kmz/download/208083-2-estacionamiento-pmr-kmz.kmz,https://datos.madrid.es/bnode/Na7b11c5fed87492683148ea9c352619e,"jue, 23 jul 2026 00:00:00 GMT+0000"
Servicio de Estacionamiento Regulado (SER). Calles y número de plazas,"Este conjunto de datos ofrece el listado georreferenciado de calles del Servicio de Estacionamiento Regulado (SER) de la ciudad de la ciudad de Madrid, así como el número de plazas por calle, número y tipo de zona (zona azul, zona verde, estacionamientos de larga estancia y de ámbito sanitario). 
**",Comunidad de Madrid,Madrid,Madrid,L01280796,Ayuntamiento de Madrid,https://datos.madrid.es/dataset/218228-0-ser-calles,https://datos.gob.es/catalogo/l01280796-servicio-de-estacionamiento-regulado-ser-calles-y-numero-de-plazas1,PDF | XLSX | XLSX | CSV | CSV | XLSX | XLSX | XLSX | XLSX | XLSX | PDF | CSV | CSV | XLSX | CSV | CSV | XLSX | CSV | CSV | CSV | PDF | CSV | CSV | XLSX | XLSX | CSV | XLSX,https://datos.madrid.es/dataset/218228-0-ser-calles/resource/218228-17-ser-calles/download/estructuracallesser2025.pdf | https://datos.madrid.es/dataset/218228-0-ser-calles/resource/218228-0-ser-calles-xlsx/download/calles-ser-2026-06-30.xlsx | https://datos.madrid.es/dataset/218228-0-ser-calles/resource/218228-8-ser-calles-xlsx/download/218228-8-ser-calles-xlsx.xlsx | https://datos.madrid.es/dataset/218228-0-ser-calles/resource/218228-24-ser-calles-csv/download/218228-24-ser-calles-csv.csv | https://datos.madrid.es/dataset/218228-0-ser-calles/resource/218228-13-ser-calles-csv/download/218228-13-ser-calles-csv.csv | https://datos.madrid.es/dataset/218228-0-ser-calles/resource/218228-16-ser-calles-xlsx/download/218228-16-ser-calles-xlsx.xlsx | https://datos.madrid.es/dataset/218228-0-ser-calles/resource/218228-9-ser-calles-xlsx/download/218228-9-ser-calles-xlsx.xlsx | https://datos.madrid.es/dataset/218228-0-ser-calles/resource/218228-12-ser-calles-xlsx/download/218228-12-ser-calles-xlsx.xlsx | https://datos.madrid.es/dataset/218228-0-ser-calles/resource/218228-22-ser-calles-xlsx/download/218228-22-ser-calles-xlsx.xlsx | https://datos.madrid.es/dataset/218228-0-ser-calles/resource/218228-4-ser-calles-xlsx/download/218228-4-ser-calles-xlsx.xlsx | https://datos.madrid.es/dataset/218228-0-ser-calles/resource/218228-19-ser-calles/download/estructura_ds_zonasserprevias2024.pdf | https://datos.madrid.es/dataset/218228-0-ser-calles/resource/218228-1-ser-calles-csv/download/calles-ser-2026-06-30.csv | https://datos.madrid.es/dataset/218228-0-ser-calles/resource/218228-26-ser-calles-csv/download/218228-26-ser-calles-csv.csv | https://datos.madrid.es/dataset/218228-0-ser-calles/resource/218228-10-ser-calles-xlsx/download/218228-10-ser-calles-xlsx.xlsx | https://datos.madrid.es/dataset/218228-0-ser-calles/resource/218228-20-ser-calles-csv/download/218228-20-ser-calles-csv.csv | https://datos.madrid.es/dataset/218228-0-ser-calles/resource/218228-11-ser-calles-csv/download/218228-11-ser-calles-csv.csv | https://datos.madrid.es/dataset/218228-0-ser-calles/resource/218228-3-ser-calles-xlsx/download/218228-3-ser-calles-xlsx.xlsx | https://datos.madrid.es/dataset/218228-0-ser-calles/resource/218228-7-ser-calles-csv/download/218228-7-ser-calles-csv.csv | https://datos.madrid.es/dataset/218228-0-ser-calles/resource/218228-25-ser-calles-csv/download/218228-25-ser-calles-csv.csv | https://datos.madrid.es/dataset/218228-0-ser-calles/resource/218228-15-ser-calles-csv/download/218228-15-ser-calles-csv.csv | https://datos.madrid.es/dataset/218228-0-ser-calles/resource/218228-18-ser-calles/download/estructura_20ds_plazas_ser.pdf | https://datos.madrid.es/dataset/218228-0-ser-calles/resource/218228-6-ser-calles-csv/download/218228-6-ser-calles-csv.csv | https://datos.madrid.es/dataset/218228-0-ser-calles/resource/218228-2-ser-calles-csv/download/218228-2-ser-calles-csv.csv | https://datos.madrid.es/dataset/218228-0-ser-calles/resource/218228-23-ser-calles-xlsx/download/218228-23-ser-calles-xlsx.xlsx | https://datos.madrid.es/dataset/218228-0-ser-calles/resource/218228-5-ser-calles-xlsx/download/218228-5-ser-calles-xlsx.xlsx | https://datos.madrid.es/dataset/218228-0-ser-calles/resource/218228-21-ser-calles-csv/download/218228-21-ser-calles-csv.csv | https://datos.madrid.es/dataset/218228-0-ser-calles/resource/218228-14-ser-calles-xlsx/download/218228-14-ser-calles-xlsx.xlsx,https://datos.madrid.es/bnode/N48b333e66b314810846837f7badf1a5c,"mié, 15 jul 2026 00:00:00 GMT+0000"
Servicio de Estacionamiento Regulado (SER). Carga y descarga. Tiques de estacionamiento en reservas de carga y descarga de mercancías en vía pública en la zona SER,"Este conjunto de datos recoge la relación de tiques de estacionamiento obtenidos por vehículos industriales en reservas de carga y descarga de mercancías en vía pública ubicadas dentro del AER (Área de Estacionamiento Regulado). 
El conjunto de datos proporciona información sobre los vehículos, como",Comunidad de Madrid,Madrid,Madrid,L01280796,Ayuntamiento de Madrid,https://datos.madrid.es/dataset/300747-0-tiques-carga-descarga,https://datos.gob.es/catalogo/l01280796-servicio-de-estacionamiento-regulado-ser-carga-y-descarga-tiques-de-estacionamiento-en-reservas-de-carga-y-descarga-de-mercancias-en-via-publica-en-la-zona-ser1,CSV | CSV | CSV | CSV | CSV | CSV | CSV | CSV | CSV | CSV | PDF | CSV | CSV | CSV | CSV | CSV | CSV | CSV | CSV | CSV | CSV | CSV | CSV | CSV | CSV | CSV | CSV | CSV | CSV | CSV | CSV | CSV | CSV | CSV | CSV | CSV | CSV | CSV | CSV | CSV | CSV | CSV,https://datos.madrid.es/dataset/300747-0-tiques-carga-descarga/resource/300747-10-tiques-carga-descarga-csv/download/300747-10-tiques-carga-descarga-csv.csv | https://datos.madrid.es/dataset/300747-0-tiques-carga-descarga/resource/300747-14-tiques-carga-descarga-csv/download/300747-14-tiques-carga-descarga-csv.csv | https://datos.madrid.es/dataset/300747-0-tiques-carga-descarga/resource/300747-34-tiques-carga-descarga-csv/download/300747-34-tiques-carga-descarga-csv.csv | https://datos.madrid.es/dataset/300747-0-tiques-carga-descarga/resource/300747-12-tiques-carga-descarga-csv/download/300747-12-tiques-carga-descarga-csv.csv | https://datos.madrid.es/dataset/300747-0-tiques-carga-descarga/resource/300747-25-tiques-carga-descarga-csv/download/300747-25-tiques-carga-descarga-csv.csv | https://datos.madrid.es/dataset/300747-0-tiques-carga-descarga/resource/300747-39-tiques-carga-descarga/download/marzo-2026.csv | https://datos.madrid.es/dataset/300747-0-tiques-carga-descarga/resource/300747-17-tiques-carga-descarga-csv/download/300747-17-tiques-carga-descarga-csv.csv | https://datos.madrid.es/dataset/300747-0-tiques-carga-descarga/resource/300747-9-tiques-carga-descarga-csv/download/300747-9-tiques-carga-descarga-csv.csv | https://datos.madrid.es/dataset/300747-0-tiques-carga-descarga/resource/300747-27-tiques-carga-descarga-csv/download/300747-27-tiques-carga-descarga-csv.csv | https://datos.madrid.es/dataset/300747-0-tiques-carga-descarga/resource/300747-3-tiques-carga-descarga-csv/download/300747-3-tiques-carga-descarga-csv.csv | https://datos.madrid.es/dataset/300747-0-tiques-carga-descarga/resource/300747-26-tiques-carga-descarga/download/estructurads_cargaydescargatiques.pdf | https://datos.madrid.es/dataset/300747-0-tiques-carga-descarga/resource/300747-40-tiques-carga-descarga/download/abril-2026.csv | https://datos.madrid.es/dataset/300747-0-tiques-carga-descarga/resource/300747-18-tiques-carga-descarga-csv/download/300747-18-tiques-carga-descarga-csv.csv | https://datos.madrid.es/dataset/300747-0-tiques-carga-descarga/resource/300747-6-tiques-carga-descarga-csv/download/300747-6-tiques-carga-descarga-csv.csv | https://datos.madrid.es/dataset/300747-0-tiques-carga-descarga/resource/300747-21-tiques-carga-descarga-csv/download/300747-21-tiques-carga-descarga-csv.csv | https://datos.madrid.es/dataset/300747-0-tiques-carga-descarga/resource/300747-7-tiques-carga-descarga-csv/download/300747-7-tiques-carga-descarga-csv.csv | https://datos.madrid.es/dataset/300747-0-tiques-carga-descarga/resource/300747-4-tiques-carga-descarga-csv/download/300747-4-tiques-carga-descarga-csv.csv | https://datos.madrid.es/dataset/300747-0-tiques-carga-descarga/resource/300747-2-tiques-carga-descarga-csv/download/300747-2-tiques-carga-descarga-csv.csv | https://datos.madrid.es/dataset/300747-0-tiques-carga-descarga/resource/300747-8-tiques-carga-descarga-csv/download/300747-8-tiques-carga-descarga-csv.csv | https://datos.madrid.es/dataset/300747-0-tiques-carga-descarga/resource/300747-22-tiques-carga-descarga-csv/download/300747-22-tiques-carga-descarga-csv.csv | https://datos.madrid.es/dataset/300747-0-tiques-carga-descarga/resource/300747-16-tiques-carga-descarga-csv/download/300747-16-tiques-carga-descarga-csv.csv | https://datos.madrid.es/dataset/300747-0-tiques-carga-descarga/resource/300747-33-tiques-carga-descarga-csv/download/300747-33-tiques-carga-descarga-csv.csv | https://datos.madrid.es/dataset/300747-0-tiques-carga-descarga/resource/300747-31-tiques-carga-descarga-csv/download/300747-31-tiques-carga-descarga-csv.csv | https://datos.madrid.es/dataset/300747-0-tiques-carga-descarga/resource/300747-29-tiques-carga-descarga-csv/download/300747-29-tiques-carga-descarga-csv.csv | https://datos.madrid.es/dataset/300747-0-tiques-carga-descarga/resource/300747-11-tiques-carga-descarga-csv/download/300747-11-tiques-carga-descarga-csv.csv | https://datos.madrid.es/dataset/300747-0-tiques-carga-descarga/resource/300747-35-tiques-carga-descarga-csv/download/300747-35-tiques-carga-descarga-csv.csv | https://datos.madrid.es/dataset/300747-0-tiques-carga-descarga/resource/300747-24-tiques-carga-descarga-csv/download/300747-24-tiques-carga-descarga-csv.csv | https://datos.madrid.es/dataset/300747-0-tiques-carga-descarga/resource/300747-36-tiques-carga-descarga-csv/download/300747-36-tiques-carga-descarga-csv.csv | https://datos.madrid.es/dataset/300747-0-tiques-carga-descarga/resource/300747-37-tiques-carga-descarga-csv/download/300747-37-tiques-carga-descarga-csv.csv | https://datos.madrid.es/dataset/300747-0-tiques-carga-descarga/resource/300747-23-tiques-carga-descarga-csv/download/300747-23-tiques-carga-descarga-csv.csv | https://datos.madrid.es/dataset/300747-0-tiques-carga-descarga/resource/300747-32-tiques-carga-descarga-csv/download/300747-32-tiques-carga-descarga-csv.csv | https://datos.madrid.es/dataset/300747-0-tiques-carga-descarga/resource/300747-30-tiques-carga-descarga-csv/download/300747-30-tiques-carga-descarga-csv.csv | https://datos.madrid.es/dataset/300747-0-tiques-carga-descarga/resource/300747-15-tiques-carga-descarga-csv/download/300747-15-tiques-carga-descarga-csv.csv | https://datos.madrid.es/dataset/300747-0-tiques-carga-descarga/resource/300747-19-tiques-carga-descarga-csv/download/300747-19-tiques-carga-descarga-csv.csv | https://datos.madrid.es/dataset/300747-0-tiques-carga-descarga/resource/300747-38-tiques-carga-descarga/download/febrero-2026.csv | https://datos.madrid.es/dataset/300747-0-tiques-carga-descarga/resource/300747-41-tiques-carga-descarga/download/mayo-2026.csv | https://datos.madrid.es/dataset/300747-0-tiques-carga-descarga/resource/300747-1-tiques-carga-descarga-csv/download/300747-1-tiques-carga-descarga-csv.csv | https://datos.madrid.es/dataset/300747-0-tiques-carga-descarga/resource/300747-13-tiques-carga-descarga-csv/download/300747-13-tiques-carga-descarga-csv.csv | https://datos.madrid.es/dataset/300747-0-tiques-carga-descarga/resource/300747-20-tiques-carga-descarga-csv/download/300747-20-tiques-carga-descarga-csv.csv | https://datos.madrid.es/dataset/300747-0-tiques-carga-descarga/resource/300747-28-tiques-carga-descarga-csv/download/300747-28-tiques-carga-descarga-csv.csv | https://datos.madrid.es/dataset/300747-0-tiques-carga-descarga/resource/300747-0-tiques-carga-descarga-csv/download/300747-0-tiques-carga-descarga-csv.csv | https://datos.madrid.es/dataset/300747-0-tiques-carga-descarga/resource/300747-5-tiques-carga-descarga-csv/download/300747-5-tiques-carga-descarga-csv.csv,https://datos.madrid.es/bnode/Nc38d8aeb148b4814b7ef9608c50964d7,"jue, 30 jul 2026 00:00:00 GMT+0000"
Servicio de Estacionamiento Regulado (SER). Parquímetros,"Este conjunto de datos recoge los datos de parquímetros desde el año 2014 (vigentes e histórico) del Servicio de Estacionamiento Regulado (SER).
****
En este portal también están disponibles otros conjuntos de datos relacionados con el Servicio de Estacionamiento Regulado:
****
  * [Servicio de Esta",Comunidad de Madrid,Madrid,Madrid,L01280796,Ayuntamiento de Madrid,https://datos.madrid.es/dataset/300481-0-ser-parquimetros,https://datos.gob.es/catalogo/l01280796-servicio-de-estacionamiento-regulado-ser-parquimetros1,PDF | CSV | XLSX | KMZ,https://datos.madrid.es/dataset/300481-0-ser-parquimetros/resource/300481-2-ser-parquimetros/download/estructura_ds_parquimetrosser.pdf | https://datos.madrid.es/dataset/300481-0-ser-parquimetros/resource/300481-1-ser-parquimetros-csv/download/parquimetros-2026-06-30.csv | https://datos.madrid.es/dataset/300481-0-ser-parquimetros/resource/300481-3-ser-parquimetros-xlsx/download/parquimetros-2026-06-30.xlsx | https://datos.madrid.es/dataset/300481-0-ser-parquimetros/resource/300481-0-ser-parquimetros-kmz/download/parquimetros-2026-06-30.kmz,https://datos.madrid.es/bnode/N34fa1c0e7d9a4a6d8290ec278e6a028b,"mié, 15 jul 2026 00:00:00 GMT+0000"
Servicio de Estacionamiento Regulado (SER). Recaudación de parquímetros,"El Servicio de Estacionamiento Regulado (SER) tiene por objeto la gestión, regulación y control del estacionamiento de vehículos en determinadas zonas de la vía pública en la ciudad de Madrid, con la finalidad de racionalizar y compatibilizar el uso del espacio público y el estacionamiento de vehícu",Comunidad de Madrid,Madrid,Madrid,L01280796,Ayuntamiento de Madrid,https://datos.madrid.es/dataset/300444-0-recaudacion-parquimetros,https://datos.gob.es/catalogo/l01280796-servicio-de-estacionamiento-regulado-ser-recaudacion-de-parquimetros,XLS | CSV | XLSX | CSV | CSV | XLS | XLSX | CSV | XLS | PDF | CSV | XLS | CSV,https://datos.madrid.es/dataset/300444-0-recaudacion-parquimetros/resource/300444-9-recaudacion-parquimetros-xls/download/300444-9-recaudacion-parquimetros-xls | https://datos.madrid.es/dataset/300444-0-recaudacion-parquimetros/resource/300444-4-recaudacion-parquimetros-csv/download/300444-4-recaudacion-parquimetros-csv.csv | https://datos.madrid.es/dataset/300444-0-recaudacion-parquimetros/resource/300444-1-recaudacion-parquimetros-xlsx/download/300444-1-recaudacion-parquimetros-xlsx | https://datos.madrid.es/dataset/300444-0-recaudacion-parquimetros/resource/300444-12-recaudacion-parquimetros-csv/download/300444-12-recaudacion-parquimetros-csv.csv | https://datos.madrid.es/dataset/300444-0-recaudacion-parquimetros/resource/300444-5-recaudacion-parquimetros-csv/download/300444-5-recaudacion-parquimetros-csv.csv | https://datos.madrid.es/dataset/300444-0-recaudacion-parquimetros/resource/300444-11-recaudacion-parquimetros-xls/download/300444-11-recaudacion-parquimetros-xls | https://datos.madrid.es/dataset/300444-0-recaudacion-parquimetros/resource/300444-8-recaudacion-parquimetros-xlsx/download/300444-8-recaudacion-parquimetros-xlsx | https://datos.madrid.es/dataset/300444-0-recaudacion-parquimetros/resource/300444-10-recaudacion-parquimetros-csv/download/300444-10-recaudacion-parquimetros-csv.csv | https://datos.madrid.es/dataset/300444-0-recaudacion-parquimetros/resource/300444-2-recaudacion-parquimetros-xls/download/300444-2-recaudacion-parquimetros-xls | https://datos.madrid.es/dataset/300444-0-recaudacion-parquimetros/resource/300444-7-recaudacion-parquimetros/download/estructura20de20datos.20recaudacic3b3n20parquc3admetros20ser.pdf | https://datos.madrid.es/dataset/300444-0-recaudacion-parquimetros/resource/300444-3-recaudacion-parquimetros-csv/download/300444-3-recaudacion-parquimetros-csv.csv | https://datos.madrid.es/dataset/300444-0-recaudacion-parquimetros/resource/300444-6-recaudacion-parquimetros-xls/download/300444-6-recaudacion-parquimetros-xls | https://datos.madrid.es/dataset/300444-0-recaudacion-parquimetros/resource/300444-0-recaudacion-parquimetros-csv/download/300444-0-recaudacion-parquimetros-csv.csv,https://datos.madrid.es/bnode/N24f8f8cc0b2c49818960b0e8049aefa3,"vie, 26 jun 2026 00:00:00 GMT+0000"
Servicio de Estacionamiento Regulado (SER). Tiques de aparcamiento,"Este conjunto de datos recoge los datos de tiques del Servicio de Estacionamiento Regulado (SER) expedidos en parquímetros de este servicio y desde las aplicaciones de pago por móvil. La información está desagregada por tique proporcionando para cada uno de ellos la matrícula del parquímetro, fecha ",Comunidad de Madrid,Madrid,Madrid,L01280796,Ayuntamiento de Madrid,https://datos.madrid.es/dataset/300470-0-ser-uso-parquimetros,https://datos.gob.es/catalogo/l01280796-servicio-de-estacionamiento-regulado-ser-tiques-de-aparcamiento1,ZIP | ZIP | ZIP | PDF | ZIP | ZIP | ZIP | ZIP | ZIP | ZIP | ZIP | ZIP | ZIP | ZIP | ZIP | ZIP | ZIP | ZIP | ZIP | ZIP | ZIP | ZIP | ZIP | ZIP | ZIP,https://datos.madrid.es/dataset/300470-0-ser-uso-parquimetros/resource/300470-12-ser-uso-parquimetros-zip/download/300470-12-ser-uso-parquimetros-zip.zip | https://datos.madrid.es/dataset/300470-0-ser-uso-parquimetros/resource/300470-2-ser-uso-parquimetros-zip/download/300470-2-ser-uso-parquimetros-zip.zip | https://datos.madrid.es/dataset/300470-0-ser-uso-parquimetros/resource/300470-3-ser-uso-parquimetros-zip/download/300470-3-ser-uso-parquimetros-zip.zip | https://datos.madrid.es/dataset/300470-0-ser-uso-parquimetros/resource/300470-21-ser-uso-parquimetros/download/estructura_ds_tiques_aparcamiento_ser.pdf | https://datos.madrid.es/dataset/300470-0-ser-uso-parquimetros/resource/300470-8-ser-uso-parquimetros-zip/download/300470-8-ser-uso-parquimetros-zip.zip | https://datos.madrid.es/dataset/300470-0-ser-uso-parquimetros/resource/300470-10-ser-uso-parquimetros-zip/download/300470-10-ser-uso-parquimetros-zip.zip | https://datos.madrid.es/dataset/300470-0-ser-uso-parquimetros/resource/300470-22-ser-uso-parquimetros-zip/download/300470-22-ser-uso-parquimetros-zip.zip | https://datos.madrid.es/dataset/300470-0-ser-uso-parquimetros/resource/300470-0-ser-uso-parquimetros-zip/download/300470-0-ser-uso-parquimetros-zip.zip | https://datos.madrid.es/dataset/300470-0-ser-uso-parquimetros/resource/300470-4-ser-uso-parquimetros-zip/download/300470-4-ser-uso-parquimetros-zip.zip | https://datos.madrid.es/dataset/300470-0-ser-uso-parquimetros/resource/300470-9-ser-uso-parquimetros-zip/download/300470-9-ser-uso-parquimetros-zip.zip | https://datos.madrid.es/dataset/300470-0-ser-uso-parquimetros/resource/300470-6-ser-uso-parquimetros-zip/download/300470-6-ser-uso-parquimetros-zip.zip | https://datos.madrid.es/dataset/300470-0-ser-uso-parquimetros/resource/300470-18-ser-uso-parquimetros-zip/download/300470-18-ser-uso-parquimetros-zip.zip | https://datos.madrid.es/dataset/300470-0-ser-uso-parquimetros/resource/300470-11-ser-uso-parquimetros-zip/download/300470-11-ser-uso-parquimetros-zip.zip | https://datos.madrid.es/dataset/300470-0-ser-uso-parquimetros/resource/300470-5-ser-uso-parquimetros-zip/download/300470-5-ser-uso-parquimetros-zip.zip | https://datos.madrid.es/dataset/300470-0-ser-uso-parquimetros/resource/300470-17-ser-uso-parquimetros-zip/download/300470-17-ser-uso-parquimetros-zip.zip | https://datos.madrid.es/dataset/300470-0-ser-uso-parquimetros/resource/300470-14-ser-uso-parquimetros-zip/download/300470-14-ser-uso-parquimetros-zip.zip | https://datos.madrid.es/dataset/300470-0-ser-uso-parquimetros/resource/300470-16-ser-uso-parquimetros-zip/download/300470-16-ser-uso-parquimetros-zip.zip | https://datos.madrid.es/dataset/300470-0-ser-uso-parquimetros/resource/300470-1-ser-uso-parquimetros-zip/download/300470-1-ser-uso-parquimetros-zip.zip | https://datos.madrid.es/dataset/300470-0-ser-uso-parquimetros/resource/300470-15-ser-uso-parquimetros-zip/download/300470-15-ser-uso-parquimetros-zip.zip | https://datos.madrid.es/dataset/300470-0-ser-uso-parquimetros/resource/300470-24-ser-uso-parquimetros/download/segundo-trimestre.zip | https://datos.madrid.es/dataset/300470-0-ser-uso-parquimetros/resource/300470-23-ser-uso-parquimetros/download/primertrimestre2026.zip | https://datos.madrid.es/dataset/300470-0-ser-uso-parquimetros/resource/300470-7-ser-uso-parquimetros-zip/download/300470-7-ser-uso-parquimetros-zip.zip | https://datos.madrid.es/dataset/300470-0-ser-uso-parquimetros/resource/300470-19-ser-uso-parquimetros-zip/download/300470-19-ser-uso-parquimetros-zip.zip | https://datos.madrid.es/dataset/300470-0-ser-uso-parquimetros/resource/300470-20-ser-uso-parquimetros-zip/download/300470-20-ser-uso-parquimetros-zip.zip | https://datos.madrid.es/dataset/300470-0-ser-uso-parquimetros/resource/300470-13-ser-uso-parquimetros-zip/download/300470-13-ser-uso-parquimetros-zip.zip,https://datos.madrid.es/bnode/N781c80240a464065a4fb1fd45756d03c,"jue, 16 jul 2026 00:00:00 GMT+0000"
Zonas del Servicio de Estacionamiento Regulado SER,"Viales de la ciudad y su zona SER asociada.
Importante: también existe en el catálogo otro conjunto de datos que se llama “**Callejero vigente de la ciudad: calles o viales, edificios y/o numeraciones, tramos postales y cruces** ”, en el cual existe un fichero descargable que es “**Direcciones posta",Comunidad de Madrid,Madrid,Madrid,L01280796,Ayuntamiento de Madrid,https://datos.madrid.es/dataset/200077-0-zona-ser,https://datos.gob.es/catalogo/l01280796-zonas-del-servicio-de-estacionamiento-regulado-ser1,PDF | TXT | PDF | CSV | PDF | PDF | PDF,https://datos.madrid.es/dataset/200077-0-zona-ser/resource/200077-2-zona-ser/download/plazas_ser.20ambito_diferenciado_sanitario.pdf | https://datos.madrid.es/dataset/200077-0-zona-ser/resource/200077-1-zona-ser-txt/download/200077-1-zona-ser-txt.txt | https://datos.madrid.es/dataset/200077-0-zona-ser/resource/200077-3-zona-ser/download/ambito_diferenciado_larga_estancia_plano_general.pdf | https://datos.madrid.es/dataset/200077-0-zona-ser/resource/200077-0-zona-ser-csv/download/200077-0-zona-ser-csv.csv | https://datos.madrid.es/dataset/200077-0-zona-ser/resource/200077-4-zona-ser/download/ambito_diferenciado_larga_estancia_cuesta_de_la_vega.pdf | https://datos.madrid.es/dataset/200077-0-zona-ser/resource/200077-6-zona-ser/download/ambito_diferenciado_larga_estancia_parque_del_oeste.pdf | https://datos.madrid.es/dataset/200077-0-zona-ser/resource/200077-5-zona-ser/download/ambito_20diferenciado_larga20estancia_templo_20de_debod.pdf,https://datos.madrid.es/bnode/Nabf6a95d396b42e1baa8ec51dd6e15a5,"lun, 27 jul 2026 00:00:00 GMT+0000"
Aparcamiento para personas con movilidad reducida ,Plazas de estacionamiento en vía pública para personas con movilidad reducida ,Comunidad de Madrid,Madrid,Pozuelo de Alarcón,L01281150,Ayuntamiento de Pozuelo de Alarcón,,https://datos.gob.es/catalogo/l01281150-aparcamiento-para-personas-con-movilidad-reducida,CSV,https://www.pozuelodealarcon.org/tu-ayuntamiento/datos-abiertos/datos-abiertos-aparcamiento-para-personas-con-movilidad-reducida,,"dom, 09 mar 2025 23:00:00 GMT+0000"
Aparcamientos públicos,"Datos de estacionamientos y aparcamientos públicos gratuitos, de pago o controlados ",Comunidad de Madrid,Madrid,Pozuelo de Alarcón,L01281150,Ayuntamiento de Pozuelo de Alarcón,,https://datos.gob.es/catalogo/l01281150-aparcamientos-publicos,CSV,https://www.pozuelodealarcon.org/tu-ayuntamiento/datos-abiertos/datos-abiertos-aparcamientos-publicos,,"dom, 09 mar 2025 23:00:00 GMT+0000"
Aparcamientos públicos,"Inventario de los aparcamientos públicos ubicados en el municipio de San Lorenzo de El Escorial, incluyendo su localización y características básicas. 
Fuente: Ayuntamiento de San Lorenzo de El Escorial.",Comunidad de Madrid,Madrid,San Lorenzo de El Escorial,L01281317,Ayuntamiento de San Lorenzo de El Escorial,f896c53e-a2f4-49c4-ac47-e239c68907f2,https://datos.gob.es/catalogo/l01281317-aparcamientos-publicos,CSV | XLSX,https://datosabiertos.aytosanlorenzo.es/dataset/f896c53e-a2f4-49c4-ac47-e239c68907f2/resource/8c791fe0-5c76-46fe-931a-adf2a01252cc/download/8.aparcamientos-publicos.csv | https://datosabiertos.aytosanlorenzo.es/dataset/f896c53e-a2f4-49c4-ac47-e239c68907f2/resource/0e46ae96-b756-461d-8504-e102002aaa9d/download/8.aparcamientos-publicos.xlsx,http://creativecommons.org/licenses/by/4.0/,"mar, 13 ene 2026 13:32:21 GMT+0000"
Edificios destinados a viviendas que disponen de garaje según nº de inmuebles por nº de plazas de garaje (Identificador API: /t20/e244/edificios/p02/l0/00010.px),"Tabla de INEbase
Edificios destinados a viviendas que disponen de garaje según nº de inmuebles por nº de plazas de garaje. Nacional. Censos de Población y Viviendas",España (estatal),,,EA0042823,Instituto Nacional de Estadística (INE),urn:ine:es:TABLA:PX:t20:e244:edificios:p02:00010,https://datos.gob.es/catalogo/ea0042823-edificios-destinados-a-viviendas-que-disponen-de-garaje-segun-n-de-inmuebles-por-n-de-plazas-de-garaje-identificador-api-t20-e244-edificios-p02-l0-00010-px1,JSON | CSV | CSV | HTML | PC-AXIS | application/vnd.openxmlformats-officedocument.spreadsheetml.sheet,https://servicios.ine.es/wstempus/js/es/DATOS_TABLA/t20/e244/edificios/p02/00010.px?tip=AM | https://www.ine.es/jaxi/files/_px/csv_bdsc/t20/e244/edificios/p02/00010.csv | https://www.ine.es/jaxi/files/_px/csv_bd/t20/e244/edificios/p02/00010.csv | https://www.ine.es/jaxi/Tabla.htm?path=/t20/e244/edificios/p02/&file=00010.px | https://www.ine.es/jaxi/files/_px/px/t20/e244/edificios/p02/00010.px | https://www.ine.es/jaxi/files/_px/xlsx/t20/e244/edificios/p02/00010.xlsx,,"mié, 09 oct 2013 14:05:00 GMT+0000"
"Edificios destinados principal o exclusivamente a viviendas que disponen de garaje por municipios (con más de 2.000 habitantes), nº de plazas de garaje y nº de inmuebles (Identificador API: /t20/e244/edificios/p04/l0/4mun00.px)","Tabla de INEbase
Edificios destinados principal o exclusivamente a viviendas que disponen de garaje por municipios (con más de 2.000 habitantes), nº de plazas de garaje y nº de inmuebles. Censos de Población y Viviendas",España (estatal),,,EA0042823,Instituto Nacional de Estadística (INE),urn:ine:es:TABLA:PX:t20:e244:edificios:p04:4mun00,https://datos.gob.es/catalogo/ea0042823-edificios-destinados-principal-o-exclusivamente-a-viviendas-que-disponen-de-garaje-por-municipios-con-mas-de-2-000-habitantes-n-de-plazas-de-garaje-y-n-de-inmuebles-identificador-api-t20-e244-edificios-p04-l0-4mun00-px1,PC-AXIS | CSV | HTML | CSV | JSON | application/vnd.openxmlformats-officedocument.spreadsheetml.sheet,https://www.ine.es/jaxi/files/_px/px/t20/e244/edificios/p04/4mun00.px | https://www.ine.es/jaxi/files/_px/csv_bdsc/t20/e244/edificios/p04/4mun00.csv | https://www.ine.es/jaxi/Tabla.htm?path=/t20/e244/edificios/p04/&file=4mun00.px | https://www.ine.es/jaxi/files/_px/csv_bd/t20/e244/edificios/p04/4mun00.csv | https://servicios.ine.es/wstempus/js/es/DATOS_TABLA/t20/e244/edificios/p04/4mun00.px?tip=AM | https://www.ine.es/jaxi/files/_px/xlsx/t20/e244/edificios/p04/4mun00.xlsx,,"mié, 09 oct 2013 14:59:29 GMT+0000"
"Edificios destinados principal o exclusivamente a viviendas que disponen de garaje por municipios (con más de 2.000 habitantes), nº de plazas de garaje y nº de inmuebles (Identificador API: /t20/e244/edificios/p04/l0/4mun01.px)","Tabla de INEbase
Edificios destinados principal o exclusivamente a viviendas que disponen de garaje por municipios (con más de 2.000 habitantes), nº de plazas de garaje y nº de inmuebles. Censos de Población y Viviendas",España (estatal),,,EA0042823,Instituto Nacional de Estadística (INE),urn:ine:es:TABLA:PX:t20:e244:edificios:p04:4mun01,https://datos.gob.es/catalogo/ea0042823-edificios-destinados-principal-o-exclusivamente-a-viviendas-que-disponen-de-garaje-por-municipios-con-mas-de-2-000-habitantes-n-de-plazas-de-garaje-y-n-de-inmuebles-identificador-api-t20-e244-edificios-p04-l0-4mun01-px1,CSV | HTML | PC-AXIS | CSV | application/vnd.openxmlformats-officedocument.spreadsheetml.sheet | JSON,https://www.ine.es/jaxi/files/_px/csv_bdsc/t20/e244/edificios/p04/4mun01.csv | https://www.ine.es/jaxi/Tabla.htm?path=/t20/e244/edificios/p04/&file=4mun01.px | https://www.ine.es/jaxi/files/_px/px/t20/e244/edificios/p04/4mun01.px | https://www.ine.es/jaxi/files/_px/csv_bd/t20/e244/edificios/p04/4mun01.csv | https://www.ine.es/jaxi/files/_px/xlsx/t20/e244/edificios/p04/4mun01.xlsx | https://servicios.ine.es/wstempus/js/es/DATOS_TABLA/t20/e244/edificios/p04/4mun01.px?tip=AM,,"mié, 09 oct 2013 15:02:26 GMT+0000"
"Edificios destinados principal o exclusivamente a viviendas que disponen de garaje por municipios (con más de 2.000 habitantes), nº de plazas de garaje y nº de inmuebles (Identificador API: /t20/e244/edificios/p04/l0/4mun02.px)","Tabla de INEbase
Edificios destinados principal o exclusivamente a viviendas que disponen de garaje por municipios (con más de 2.000 habitantes), nº de plazas de garaje y nº de inmuebles. Censos de Población y Viviendas",España (estatal),,,EA0042823,Instituto Nacional de Estadística (INE),urn:ine:es:TABLA:PX:t20:e244:edificios:p04:4mun02,https://datos.gob.es/catalogo/ea0042823-edificios-destinados-principal-o-exclusivamente-a-viviendas-que-disponen-de-garaje-por-municipios-con-mas-de-2-000-habitantes-n-de-plazas-de-garaje-y-n-de-inmuebles-identificador-api-t20-e244-edificios-p04-l0-4mun02-px1,CSV | JSON | HTML | PC-AXIS | application/vnd.openxmlformats-officedocument.spreadsheetml.sheet | CSV,https://www.ine.es/jaxi/files/_px/csv_bd/t20/e244/edificios/p04/4mun02.csv | https://servicios.ine.es/wstempus/js/es/DATOS_TABLA/t20/e244/edificios/p04/4mun02.px?tip=AM | https://www.ine.es/jaxi/Tabla.htm?path=/t20/e244/edificios/p04/&file=4mun02.px | https://www.ine.es/jaxi/files/_px/px/t20/e244/edificios/p04/4mun02.px | https://www.ine.es/jaxi/files/_px/xlsx/t20/e244/edificios/p04/4mun02.xlsx | https://www.ine.es/jaxi/files/_px/csv_bdsc/t20/e244/edificios/p04/4mun02.csv,,"mié, 09 oct 2013 15:02:17 GMT+0000"
"Edificios destinados principal o exclusivamente a viviendas que disponen de garaje por municipios (con más de 2.000 habitantes), nº de plazas de garaje y nº de inmuebles (Identificador API: /t20/e244/edificios/p04/l0/4mun03.px)","Tabla de INEbase
Edificios destinados principal o exclusivamente a viviendas que disponen de garaje por municipios (con más de 2.000 habitantes), nº de plazas de garaje y nº de inmuebles. Censos de Población y Viviendas",España (estatal),,,EA0042823,Instituto Nacional de Estadística (INE),urn:ine:es:TABLA:PX:t20:e244:edificios:p04:4mun03,https://datos.gob.es/catalogo/ea0042823-edificios-destinados-principal-o-exclusivamente-a-viviendas-que-disponen-de-garaje-por-municipios-con-mas-de-2-000-habitantes-n-de-plazas-de-garaje-y-n-de-inmuebles-identificador-api-t20-e244-edificios-p04-l0-4mun03-px1,CSV | JSON | CSV | application/vnd.openxmlformats-officedocument.spreadsheetml.sheet | PC-AXIS | HTML,https://www.ine.es/jaxi/files/_px/csv_bd/t20/e244/edificios/p04/4mun03.csv | https://servicios.ine.es/wstempus/js/es/DATOS_TABLA/t20/e244/edificios/p04/4mun03.px?tip=AM | https://www.ine.es/jaxi/files/_px/csv_bdsc/t20/e244/edificios/p04/4mun03.csv | https://www.ine.es/jaxi/files/_px/xlsx/t20/e244/edificios/p04/4mun03.xlsx | https://www.ine.es/jaxi/files/_px/px/t20/e244/edificios/p04/4mun03.px | https://www.ine.es/jaxi/Tabla.htm?path=/t20/e244/edificios/p04/&file=4mun03.px,,"mié, 09 oct 2013 15:02:21 GMT+0000"
"Edificios destinados principal o exclusivamente a viviendas que disponen de garaje por municipios (con más de 2.000 habitantes), nº de plazas de garaje y nº de inmuebles (Identificador API: /t20/e244/edificios/p04/l0/4mun04.px)","Tabla de INEbase
Edificios destinados principal o exclusivamente a viviendas que disponen de garaje por municipios (con más de 2.000 habitantes), nº de plazas de garaje y nº de inmuebles. Censos de Población y Viviendas",España (estatal),,,EA0042823,Instituto Nacional de Estadística (INE),urn:ine:es:TABLA:PX:t20:e244:edificios:p04:4mun04,https://datos.gob.es/catalogo/ea0042823-edificios-destinados-principal-o-exclusivamente-a-viviendas-que-disponen-de-garaje-por-municipios-con-mas-de-2-000-habitantes-n-de-plazas-de-garaje-y-n-de-inmuebles-identificador-api-t20-e244-edificios-p04-l0-4mun04-px1,application/vnd.openxmlformats-officedocument.spreadsheetml.sheet | HTML | CSV | CSV | JSON | PC-AXIS,https://www.ine.es/jaxi/files/_px/xlsx/t20/e244/edificios/p04/4mun04.xlsx | https://www.ine.es/jaxi/Tabla.htm?path=/t20/e244/edificios/p04/&file=4mun04.px | https://www.ine.es/jaxi/files/_px/csv_bd/t20/e244/edificios/p04/4mun04.csv | https://www.ine.es/jaxi/files/_px/csv_bdsc/t20/e244/edificios/p04/4mun04.csv | https://servicios.ine.es/wstempus/js/es/DATOS_TABLA/t20/e244/edificios/p04/4mun04.px?tip=AM | https://www.ine.es/jaxi/files/_px/px/t20/e244/edificios/p04/4mun04.px,,"mié, 09 oct 2013 15:02:24 GMT+0000"
"Edificios destinados principal o exclusivamente a viviendas que disponen de garaje por municipios (con más de 2.000 habitantes), nº de plazas de garaje y nº de inmuebles (Identificador API: /t20/e244/edificios/p04/l0/4mun05.px)","Tabla de INEbase
Edificios destinados principal o exclusivamente a viviendas que disponen de garaje por municipios (con más de 2.000 habitantes), nº de plazas de garaje y nº de inmuebles. Censos de Población y Viviendas",España (estatal),,,EA0042823,Instituto Nacional de Estadística (INE),urn:ine:es:TABLA:PX:t20:e244:edificios:p04:4mun05,https://datos.gob.es/catalogo/ea0042823-edificios-destinados-principal-o-exclusivamente-a-viviendas-que-disponen-de-garaje-por-municipios-con-mas-de-2-000-habitantes-n-de-plazas-de-garaje-y-n-de-inmuebles-identificador-api-t20-e244-edificios-p04-l0-4mun05-px,CSV | JSON | application/vnd.openxmlformats-officedocument.spreadsheetml.sheet | PC-AXIS | HTML | CSV,https://www.ine.es/jaxi/files/_px/csv_bdsc/t20/e244/edificios/p04/4mun05.csv | https://servicios.ine.es/wstempus/js/es/DATOS_TABLA/t20/e244/edificios/p04/4mun05.px?tip=AM | https://www.ine.es/jaxi/files/_px/xlsx/t20/e244/edificios/p04/4mun05.xlsx | https://www.ine.es/jaxi/files/_px/px/t20/e244/edificios/p04/4mun05.px | https://www.ine.es/jaxi/Tabla.htm?path=/t20/e244/edificios/p04/&file=4mun05.px | https://www.ine.es/jaxi/files/_px/csv_bd/t20/e244/edificios/p04/4mun05.csv,,"mié, 09 oct 2013 15:02:29 GMT+0000"
"Edificios destinados principal o exclusivamente a viviendas que disponen de garaje por municipios (con más de 2.000 habitantes), nº de plazas de garaje y nº de inmuebles (Identificador API: /t20/e244/edificios/p04/l0/4mun06.px)","Tabla de INEbase
Edificios destinados principal o exclusivamente a viviendas que disponen de garaje por municipios (con más de 2.000 habitantes), nº de plazas de garaje y nº de inmuebles. Censos de Población y Viviendas",España (estatal),,,EA0042823,Instituto Nacional de Estadística (INE),urn:ine:es:TABLA:PX:t20:e244:edificios:p04:4mun06,https://datos.gob.es/catalogo/ea0042823-edificios-destinados-principal-o-exclusivamente-a-viviendas-que-disponen-de-garaje-por-municipios-con-mas-de-2-000-habitantes-n-de-plazas-de-garaje-y-n-de-inmuebles-identificador-api-t20-e244-edificios-p04-l0-4mun06-px,CSV | HTML | CSV | application/vnd.openxmlformats-officedocument.spreadsheetml.sheet | JSON | PC-AXIS,https://www.ine.es/jaxi/files/_px/csv_bd/t20/e244/edificios/p04/4mun06.csv | https://www.ine.es/jaxi/Tabla.htm?path=/t20/e244/edificios/p04/&file=4mun06.px | https://www.ine.es/jaxi/files/_px/csv_bdsc/t20/e244/edificios/p04/4mun06.csv | https://www.ine.es/jaxi/files/_px/xlsx/t20/e244/edificios/p04/4mun06.xlsx | https://servicios.ine.es/wstempus/js/es/DATOS_TABLA/t20/e244/edificios/p04/4mun06.px?tip=AM | https://www.ine.es/jaxi/files/_px/px/t20/e244/edificios/p04/4mun06.px,,"mié, 09 oct 2013 15:02:32 GMT+0000"
"Edificios destinados principal o exclusivamente a viviendas que disponen de garaje por municipios (con más de 2.000 habitantes), nº de plazas de garaje y nº de inmuebles (Identificador API: /t20/e244/edificios/p04/l0/4mun07.px)","Tabla de INEbase
Edificios destinados principal o exclusivamente a viviendas que disponen de garaje por municipios (con más de 2.000 habitantes), nº de plazas de garaje y nº de inmuebles. Censos de Población y Viviendas",España (estatal),,,EA0042823,Instituto Nacional de Estadística (INE),urn:ine:es:TABLA:PX:t20:e244:edificios:p04:4mun07,https://datos.gob.es/catalogo/ea0042823-edificios-destinados-principal-o-exclusivamente-a-viviendas-que-disponen-de-garaje-por-municipios-con-mas-de-2-000-habitantes-n-de-plazas-de-garaje-y-n-de-inmuebles-identificador-api-t20-e244-edificios-p04-l0-4mun07-px1,CSV | application/vnd.openxmlformats-officedocument.spreadsheetml.sheet | HTML | JSON | CSV | PC-AXIS,https://www.ine.es/jaxi/files/_px/csv_bd/t20/e244/edificios/p04/4mun07.csv | https://www.ine.es/jaxi/files/_px/xlsx/t20/e244/edificios/p04/4mun07.xlsx | https://www.ine.es/jaxi/Tabla.htm?path=/t20/e244/edificios/p04/&file=4mun07.px | https://servicios.ine.es/wstempus/js/es/DATOS_TABLA/t20/e244/edificios/p04/4mun07.px?tip=AM | https://www.ine.es/jaxi/files/_px/csv_bdsc/t20/e244/edificios/p04/4mun07.csv | https://www.ine.es/jaxi/files/_px/px/t20/e244/edificios/p04/4mun07.px,,"mié, 09 oct 2013 15:02:36 GMT+0000"
"Edificios destinados principal o exclusivamente a viviendas que disponen de garaje por municipios (con más de 2.000 habitantes), nº de plazas de garaje y nº de inmuebles (Identificador API: /t20/e244/edificios/p04/l0/4mun08.px)","Tabla de INEbase
Edificios destinados principal o exclusivamente a viviendas que disponen de garaje por municipios (con más de 2.000 habitantes), nº de plazas de garaje y nº de inmuebles. Censos de Población y Viviendas",España (estatal),,,EA0042823,Instituto Nacional de Estadística (INE),urn:ine:es:TABLA:PX:t20:e244:edificios:p04:4mun08,https://datos.gob.es/catalogo/ea0042823-edificios-destinados-principal-o-exclusivamente-a-viviendas-que-disponen-de-garaje-por-municipios-con-mas-de-2-000-habitantes-n-de-plazas-de-garaje-y-n-de-inmuebles-identificador-api-t20-e244-edificios-p04-l0-4mun08-px1,HTML | CSV | JSON | PC-AXIS | CSV | application/vnd.openxmlformats-officedocument.spreadsheetml.sheet,https://www.ine.es/jaxi/Tabla.htm?path=/t20/e244/edificios/p04/&file=4mun08.px | https://www.ine.es/jaxi/files/_px/csv_bd/t20/e244/edificios/p04/4mun08.csv | https://servicios.ine.es/wstempus/js/es/DATOS_TABLA/t20/e244/edificios/p04/4mun08.px?tip=AM | https://www.ine.es/jaxi/files/_px/px/t20/e244/edificios/p04/4mun08.px | https://www.ine.es/jaxi/files/_px/csv_bdsc/t20/e244/edificios/p04/4mun08.csv | https://www.ine.es/jaxi/files/_px/xlsx/t20/e244/edificios/p04/4mun08.xlsx,,"mié, 09 oct 2013 15:02:48 GMT+0000"
"Edificios destinados principal o exclusivamente a viviendas que disponen de garaje por municipios (con más de 2.000 habitantes), nº de plazas de garaje y nº de inmuebles (Identificador API: /t20/e244/edificios/p04/l0/4mun09.px)","Tabla de INEbase
Edificios destinados principal o exclusivamente a viviendas que disponen de garaje por municipios (con más de 2.000 habitantes), nº de plazas de garaje y nº de inmuebles. Censos de Población y Viviendas",España (estatal),,,EA0042823,Instituto Nacional de Estadística (INE),urn:ine:es:TABLA:PX:t20:e244:edificios:p04:4mun09,https://datos.gob.es/catalogo/ea0042823-edificios-destinados-principal-o-exclusivamente-a-viviendas-que-disponen-de-garaje-por-municipios-con-mas-de-2-000-habitantes-n-de-plazas-de-garaje-y-n-de-inmuebles-identificador-api-t20-e244-edificios-p04-l0-4mun09-px,HTML | CSV | JSON | application/vnd.openxmlformats-officedocument.spreadsheetml.sheet | CSV | PC-AXIS,https://www.ine.es/jaxi/Tabla.htm?path=/t20/e244/edificios/p04/&file=4mun09.px | https://www.ine.es/jaxi/files/_px/csv_bd/t20/e244/edificios/p04/4mun09.csv | https://servicios.ine.es/wstempus/js/es/DATOS_TABLA/t20/e244/edificios/p04/4mun09.px?tip=AM | https://www.ine.es/jaxi/files/_px/xlsx/t20/e244/edificios/p04/4mun09.xlsx | https://www.ine.es/jaxi/files/_px/csv_bdsc/t20/e244/edificios/p04/4mun09.csv | https://www.ine.es/jaxi/files/_px/px/t20/e244/edificios/p04/4mun09.px,,"mié, 09 oct 2013 15:02:59 GMT+0000"
"Edificios destinados principal o exclusivamente a viviendas que disponen de garaje por municipios (con más de 2.000 habitantes), nº de plazas de garaje y nº de inmuebles (Identificador API: /t20/e244/edificios/p04/l0/4mun10.px)","Tabla de INEbase
Edificios destinados principal o exclusivamente a viviendas que disponen de garaje por municipios (con más de 2.000 habitantes), nº de plazas de garaje y nº de inmuebles. Censos de Población y Viviendas",España (estatal),,,EA0042823,Instituto Nacional de Estadística (INE),urn:ine:es:TABLA:PX:t20:e244:edificios:p04:4mun10,https://datos.gob.es/catalogo/ea0042823-edificios-destinados-principal-o-exclusivamente-a-viviendas-que-disponen-de-garaje-por-municipios-con-mas-de-2-000-habitantes-n-de-plazas-de-garaje-y-n-de-inmuebles-identificador-api-t20-e244-edificios-p04-l0-4mun10-px,PC-AXIS | HTML | CSV | application/vnd.openxmlformats-officedocument.spreadsheetml.sheet | CSV | JSON,https://www.ine.es/jaxi/files/_px/px/t20/e244/edificios/p04/4mun10.px | https://www.ine.es/jaxi/Tabla.htm?path=/t20/e244/edificios/p04/&file=4mun10.px | https://www.ine.es/jaxi/files/_px/csv_bd/t20/e244/edificios/p04/4mun10.csv | https://www.ine.es/jaxi/files/_px/xlsx/t20/e244/edificios/p04/4mun10.xlsx | https://www.ine.es/jaxi/files/_px/csv_bdsc/t20/e244/edificios/p04/4mun10.csv | https://servicios.ine.es/wstempus/js/es/DATOS_TABLA/t20/e244/edificios/p04/4mun10.px?tip=AM,,"mié, 09 oct 2013 15:03:01 GMT+0000"
"Edificios destinados principal o exclusivamente a viviendas que disponen de garaje por municipios (con más de 2.000 habitantes), nº de plazas de garaje y nº de inmuebles (Identificador API: /t20/e244/edificios/p04/l0/4mun11.px)","Tabla de INEbase
Edificios destinados principal o exclusivamente a viviendas que disponen de garaje por municipios (con más de 2.000 habitantes), nº de plazas de garaje y nº de inmuebles. Censos de Población y Viviendas",España (estatal),,,EA0042823,Instituto Nacional de Estadística (INE),urn:ine:es:TABLA:PX:t20:e244:edificios:p04:4mun11,https://datos.gob.es/catalogo/ea0042823-edificios-destinados-principal-o-exclusivamente-a-viviendas-que-disponen-de-garaje-por-municipios-con-mas-de-2-000-habitantes-n-de-plazas-de-garaje-y-n-de-inmuebles-identificador-api-t20-e244-edificios-p04-l0-4mun11-px1,application/vnd.openxmlformats-officedocument.spreadsheetml.sheet | CSV | JSON | HTML | CSV | PC-AXIS,https://www.ine.es/jaxi/files/_px/xlsx/t20/e244/edificios/p04/4mun11.xlsx | https://www.ine.es/jaxi/files/_px/csv_bd/t20/e244/edificios/p04/4mun11.csv | https://servicios.ine.es/wstempus/js/es/DATOS_TABLA/t20/e244/edificios/p04/4mun11.px?tip=AM | https://www.ine.es/jaxi/Tabla.htm?path=/t20/e244/edificios/p04/&file=4mun11.px | https://www.ine.es/jaxi/files/_px/csv_bdsc/t20/e244/edificios/p04/4mun11.csv | https://www.ine.es/jaxi/files/_px/px/t20/e244/edificios/p04/4mun11.px,,"mié, 09 oct 2013 15:03:03 GMT+0000"
"Edificios destinados principal o exclusivamente a viviendas que disponen de garaje por municipios (con más de 2.000 habitantes), nº de plazas de garaje y nº de inmuebles (Identificador API: /t20/e244/edificios/p04/l0/4mun12.px)","Tabla de INEbase
Edificios destinados principal o exclusivamente a viviendas que disponen de garaje por municipios (con más de 2.000 habitantes), nº de plazas de garaje y nº de inmuebles. Censos de Población y Viviendas",España (estatal),,,EA0042823,Instituto Nacional de Estadística (INE),urn:ine:es:TABLA:PX:t20:e244:edificios:p04:4mun12,https://datos.gob.es/catalogo/ea0042823-edificios-destinados-principal-o-exclusivamente-a-viviendas-que-disponen-de-garaje-por-municipios-con-mas-de-2-000-habitantes-n-de-plazas-de-garaje-y-n-de-inmuebles-identificador-api-t20-e244-edificios-p04-l0-4mun12-px1,CSV | JSON | HTML | PC-AXIS | application/vnd.openxmlformats-officedocument.spreadsheetml.sheet | CSV,https://www.ine.es/jaxi/files/_px/csv_bd/t20/e244/edificios/p04/4mun12.csv | https://servicios.ine.es/wstempus/js/es/DATOS_TABLA/t20/e244/edificios/p04/4mun12.px?tip=AM | https://www.ine.es/jaxi/Tabla.htm?path=/t20/e244/edificios/p04/&file=4mun12.px | https://www.ine.es/jaxi/files/_px/px/t20/e244/edificios/p04/4mun12.px | https://www.ine.es/jaxi/files/_px/xlsx/t20/e244/edificios/p04/4mun12.xlsx | https://www.ine.es/jaxi/files/_px/csv_bdsc/t20/e244/edificios/p04/4mun12.csv,,"mié, 09 oct 2013 15:03:08 GMT+0000"
"Edificios destinados principal o exclusivamente a viviendas que disponen de garaje por municipios (con más de 2.000 habitantes), nº de plazas de garaje y nº de inmuebles (Identificador API: /t20/e244/edificios/p04/l0/4mun13.px)","Tabla de INEbase
Edificios destinados principal o exclusivamente a viviendas que disponen de garaje por municipios (con más de 2.000 habitantes), nº de plazas de garaje y nº de inmuebles. Censos de Población y Viviendas",España (estatal),,,EA0042823,Instituto Nacional de Estadística (INE),urn:ine:es:TABLA:PX:t20:e244:edificios:p04:4mun13,https://datos.gob.es/catalogo/ea0042823-edificios-destinados-principal-o-exclusivamente-a-viviendas-que-disponen-de-garaje-por-municipios-con-mas-de-2-000-habitantes-n-de-plazas-de-garaje-y-n-de-inmuebles-identificador-api-t20-e244-edificios-p04-l0-4mun13-px1,HTML | CSV | application/vnd.openxmlformats-officedocument.spreadsheetml.sheet | PC-AXIS | JSON | CSV,https://www.ine.es/jaxi/Tabla.htm?path=/t20/e244/edificios/p04/&file=4mun13.px | https://www.ine.es/jaxi/files/_px/csv_bd/t20/e244/edificios/p04/4mun13.csv | https://www.ine.es/jaxi/files/_px/xlsx/t20/e244/edificios/p04/4mun13.xlsx | https://www.ine.es/jaxi/files/_px/px/t20/e244/edificios/p04/4mun13.px | https://servicios.ine.es/wstempus/js/es/DATOS_TABLA/t20/e244/edificios/p04/4mun13.px?tip=AM | https://www.ine.es/jaxi/files/_px/csv_bdsc/t20/e244/edificios/p04/4mun13.csv,,"mié, 09 oct 2013 15:03:10 GMT+0000"
"Edificios destinados principal o exclusivamente a viviendas que disponen de garaje por municipios (con más de 2.000 habitantes), nº de plazas de garaje y nº de inmuebles (Identificador API: /t20/e244/edificios/p04/l0/4mun14.px)","Tabla de INEbase
Edificios destinados principal o exclusivamente a viviendas que disponen de garaje por municipios (con más de 2.000 habitantes), nº de plazas de garaje y nº de inmuebles. Censos de Población y Viviendas",España (estatal),,,EA0042823,Instituto Nacional de Estadística (INE),urn:ine:es:TABLA:PX:t20:e244:edificios:p04:4mun14,https://datos.gob.es/catalogo/ea0042823-edificios-destinados-principal-o-exclusivamente-a-viviendas-que-disponen-de-garaje-por-municipios-con-mas-de-2-000-habitantes-n-de-plazas-de-garaje-y-n-de-inmuebles-identificador-api-t20-e244-edificios-p04-l0-4mun14-px,HTML | PC-AXIS | application/vnd.openxmlformats-officedocument.spreadsheetml.sheet | CSV | CSV | JSON,https://www.ine.es/jaxi/Tabla.htm?path=/t20/e244/edificios/p04/&file=4mun14.px | https://www.ine.es/jaxi/files/_px/px/t20/e244/edificios/p04/4mun14.px | https://www.ine.es/jaxi/files/_px/xlsx/t20/e244/edificios/p04/4mun14.xlsx | https://www.ine.es/jaxi/files/_px/csv_bd/t20/e244/edificios/p04/4mun14.csv | https://www.ine.es/jaxi/files/_px/csv_bdsc/t20/e244/edificios/p04/4mun14.csv | https://servicios.ine.es/wstempus/js/es/DATOS_TABLA/t20/e244/edificios/p04/4mun14.px?tip=AM,,"mié, 09 oct 2013 15:03:12 GMT+0000"
"Edificios destinados principal o exclusivamente a viviendas que disponen de garaje por municipios (con más de 2.000 habitantes), nº de plazas de garaje y nº de inmuebles (Identificador API: /t20/e244/edificios/p04/l0/4mun15.px)","Tabla de INEbase
Edificios destinados principal o exclusivamente a viviendas que disponen de garaje por municipios (con más de 2.000 habitantes), nº de plazas de garaje y nº de inmuebles. Censos de Población y Viviendas",España (estatal),,,EA0042823,Instituto Nacional de Estadística (INE),urn:ine:es:TABLA:PX:t20:e244:edificios:p04:4mun15,https://datos.gob.es/catalogo/ea0042823-edificios-destinados-principal-o-exclusivamente-a-viviendas-que-disponen-de-garaje-por-municipios-con-mas-de-2-000-habitantes-n-de-plazas-de-garaje-y-n-de-inmuebles-identificador-api-t20-e244-edificios-p04-l0-4mun15-px1,PC-AXIS | CSV | HTML | application/vnd.openxmlformats-officedocument.spreadsheetml.sheet | CSV | JSON,https://www.ine.es/jaxi/files/_px/px/t20/e244/edificios/p04/4mun15.px | https://www.ine.es/jaxi/files/_px/csv_bd/t20/e244/edificios/p04/4mun15.csv | https://www.ine.es/jaxi/Tabla.htm?path=/t20/e244/edificios/p04/&file=4mun15.px | https://www.ine.es/jaxi/files/_px/xlsx/t20/e244/edificios/p04/4mun15.xlsx | https://www.ine.es/jaxi/files/_px/csv_bdsc/t20/e244/edificios/p04/4mun15.csv | https://servicios.ine.es/wstempus/js/es/DATOS_TABLA/t20/e244/edificios/p04/4mun15.px?tip=AM,,"mié, 09 oct 2013 15:03:17 GMT+0000"
"Edificios destinados principal o exclusivamente a viviendas que disponen de garaje por municipios (con más de 2.000 habitantes), nº de plazas de garaje y nº de inmuebles (Identificador API: /t20/e244/edificios/p04/l0/4mun16.px)","Tabla de INEbase
Edificios destinados principal o exclusivamente a viviendas que disponen de garaje por municipios (con más de 2.000 habitantes), nº de plazas de garaje y nº de inmuebles. Censos de Población y Viviendas",España (estatal),,,EA0042823,Instituto Nacional de Estadística (INE),urn:ine:es:TABLA:PX:t20:e244:edificios:p04:4mun16,https://datos.gob.es/catalogo/ea0042823-edificios-destinados-principal-o-exclusivamente-a-viviendas-que-disponen-de-garaje-por-municipios-con-mas-de-2-000-habitantes-n-de-plazas-de-garaje-y-n-de-inmuebles-identificador-api-t20-e244-edificios-p04-l0-4mun16-px,JSON | HTML | CSV | PC-AXIS | CSV | application/vnd.openxmlformats-officedocument.spreadsheetml.sheet,https://servicios.ine.es/wstempus/js/es/DATOS_TABLA/t20/e244/edificios/p04/4mun16.px?tip=AM | https://www.ine.es/jaxi/Tabla.htm?path=/t20/e244/edificios/p04/&file=4mun16.px | https://www.ine.es/jaxi/files/_px/csv_bdsc/t20/e244/edificios/p04/4mun16.csv | https://www.ine.es/jaxi/files/_px/px/t20/e244/edificios/p04/4mun16.px | https://www.ine.es/jaxi/files/_px/csv_bd/t20/e244/edificios/p04/4mun16.csv | https://www.ine.es/jaxi/files/_px/xlsx/t20/e244/edificios/p04/4mun16.xlsx,,"mié, 09 oct 2013 15:03:19 GMT+0000"
"Edificios destinados principal o exclusivamente a viviendas que disponen de garaje por municipios (con más de 2.000 habitantes), nº de plazas de garaje y nº de inmuebles (Identificador API: /t20/e244/edificios/p04/l0/4mun17.px)","Tabla de INEbase
Edificios destinados principal o exclusivamente a viviendas que disponen de garaje por municipios (con más de 2.000 habitantes), nº de plazas de garaje y nº de inmuebles. Censos de Población y Viviendas",España (estatal),,,EA0042823,Instituto Nacional de Estadística (INE),urn:ine:es:TABLA:PX:t20:e244:edificios:p04:4mun17,https://datos.gob.es/catalogo/ea0042823-edificios-destinados-principal-o-exclusivamente-a-viviendas-que-disponen-de-garaje-por-municipios-con-mas-de-2-000-habitantes-n-de-plazas-de-garaje-y-n-de-inmuebles-identificador-api-t20-e244-edificios-p04-l0-4mun17-px,JSON | CSV | HTML | application/vnd.openxmlformats-officedocument.spreadsheetml.sheet | CSV | PC-AXIS,https://servicios.ine.es/wstempus/js/es/DATOS_TABLA/t20/e244/edificios/p04/4mun17.px?tip=AM | https://www.ine.es/jaxi/files/_px/csv_bd/t20/e244/edificios/p04/4mun17.csv | https://www.ine.es/jaxi/Tabla.htm?path=/t20/e244/edificios/p04/&file=4mun17.px | https://www.ine.es/jaxi/files/_px/xlsx/t20/e244/edificios/p04/4mun17.xlsx | https://www.ine.es/jaxi/files/_px/csv_bdsc/t20/e244/edificios/p04/4mun17.csv | https://www.ine.es/jaxi/files/_px/px/t20/e244/edificios/p04/4mun17.px,,"mié, 09 oct 2013 15:03:25 GMT+0000"
"Edificios destinados principal o exclusivamente a viviendas que disponen de garaje por municipios (con más de 2.000 habitantes), nº de plazas de garaje y nº de inmuebles (Identificador API: /t20/e244/edificios/p04/l0/4mun18.px)","Tabla de INEbase
Edificios destinados principal o exclusivamente a viviendas que disponen de garaje por municipios (con más de 2.000 habitantes), nº de plazas de garaje y nº de inmuebles. Censos de Población y Viviendas",España (estatal),,,EA0042823,Instituto Nacional de Estadística (INE),urn:ine:es:TABLA:PX:t20:e244:edificios:p04:4mun18,https://datos.gob.es/catalogo/ea0042823-edificios-destinados-principal-o-exclusivamente-a-viviendas-que-disponen-de-garaje-por-municipios-con-mas-de-2-000-habitantes-n-de-plazas-de-garaje-y-n-de-inmuebles-identificador-api-t20-e244-edificios-p04-l0-4mun18-px,CSV | application/vnd.openxmlformats-officedocument.spreadsheetml.sheet | JSON | CSV | HTML | PC-AXIS,https://www.ine.es/jaxi/files/_px/csv_bdsc/t20/e244/edificios/p04/4mun18.csv | https://www.ine.es/jaxi/files/_px/xlsx/t20/e244/edificios/p04/4mun18.xlsx | https://servicios.ine.es/wstempus/js/es/DATOS_TABLA/t20/e244/edificios/p04/4mun18.px?tip=AM | https://www.ine.es/jaxi/files/_px/csv_bd/t20/e244/edificios/p04/4mun18.csv | https://www.ine.es/jaxi/Tabla.htm?path=/t20/e244/edificios/p04/&file=4mun18.px | https://www.ine.es/jaxi/files/_px/px/t20/e244/edificios/p04/4mun18.px,,"mié, 09 oct 2013 15:03:29 GMT+0000"
"Edificios destinados principal o exclusivamente a viviendas que disponen de garaje por municipios (con más de 2.000 habitantes), nº de plazas de garaje y nº de inmuebles (Identificador API: /t20/e244/edificios/p04/l0/4mun19.px)","Tabla de INEbase
Edificios destinados principal o exclusivamente a viviendas que disponen de garaje por municipios (con más de 2.000 habitantes), nº de plazas de garaje y nº de inmuebles. Censos de Población y Viviendas",España (estatal),,,EA0042823,Instituto Nacional de Estadística (INE),urn:ine:es:TABLA:PX:t20:e244:edificios:p04:4mun19,https://datos.gob.es/catalogo/ea0042823-edificios-destinados-principal-o-exclusivamente-a-viviendas-que-disponen-de-garaje-por-municipios-con-mas-de-2-000-habitantes-n-de-plazas-de-garaje-y-n-de-inmuebles-identificador-api-t20-e244-edificios-p04-l0-4mun19-px1,HTML | application/vnd.openxmlformats-officedocument.spreadsheetml.sheet | JSON | PC-AXIS | CSV | CSV,https://www.ine.es/jaxi/Tabla.htm?path=/t20/e244/edificios/p04/&file=4mun19.px | https://www.ine.es/jaxi/files/_px/xlsx/t20/e244/edificios/p04/4mun19.xlsx | https://servicios.ine.es/wstempus/js/es/DATOS_TABLA/t20/e244/edificios/p04/4mun19.px?tip=AM | https://www.ine.es/jaxi/files/_px/px/t20/e244/edificios/p04/4mun19.px | https://www.ine.es/jaxi/files/_px/csv_bd/t20/e244/edificios/p04/4mun19.csv | https://www.ine.es/jaxi/files/_px/csv_bdsc/t20/e244/edificios/p04/4mun19.csv,,"mié, 09 oct 2013 15:03:32 GMT+0000"
"Edificios destinados principal o exclusivamente a viviendas que disponen de garaje por municipios (con más de 2.000 habitantes), nº de plazas de garaje y nº de inmuebles (Identificador API: /t20/e244/edificios/p04/l0/4mun20.px)","Tabla de INEbase
Edificios destinados principal o exclusivamente a viviendas que disponen de garaje por municipios (con más de 2.000 habitantes), nº de plazas de garaje y nº de inmuebles. Censos de Población y Viviendas",España (estatal),,,EA0042823,Instituto Nacional de Estadística (INE),urn:ine:es:TABLA:PX:t20:e244:edificios:p04:4mun20,https://datos.gob.es/catalogo/ea0042823-edificios-destinados-principal-o-exclusivamente-a-viviendas-que-disponen-de-garaje-por-municipios-con-mas-de-2-000-habitantes-n-de-plazas-de-garaje-y-n-de-inmuebles-identificador-api-t20-e244-edificios-p04-l0-4mun20-px1,CSV | application/vnd.openxmlformats-officedocument.spreadsheetml.sheet | JSON | CSV | HTML | PC-AXIS,https://www.ine.es/jaxi/files/_px/csv_bdsc/t20/e244/edificios/p04/4mun20.csv | https://www.ine.es/jaxi/files/_px/xlsx/t20/e244/edificios/p04/4mun20.xlsx | https://servicios.ine.es/wstempus/js/es/DATOS_TABLA/t20/e244/edificios/p04/4mun20.px?tip=AM | https://www.ine.es/jaxi/files/_px/csv_bd/t20/e244/edificios/p04/4mun20.csv | https://www.ine.es/jaxi/Tabla.htm?path=/t20/e244/edificios/p04/&file=4mun20.px | https://www.ine.es/jaxi/files/_px/px/t20/e244/edificios/p04/4mun20.px,,"mié, 09 oct 2013 15:03:22 GMT+0000"
"Edificios destinados principal o exclusivamente a viviendas que disponen de garaje por municipios (con más de 2.000 habitantes), nº de plazas de garaje y nº de inmuebles (Identificador API: /t20/e244/edificios/p04/l0/4mun21.px)","Tabla de INEbase
Edificios destinados principal o exclusivamente a viviendas que disponen de garaje por municipios (con más de 2.000 habitantes), nº de plazas de garaje y nº de inmuebles. Censos de Población y Viviendas",España (estatal),,,EA0042823,Instituto Nacional de Estadística (INE),urn:ine:es:TABLA:PX:t20:e244:edificios:p04:4mun21,https://datos.gob.es/catalogo/ea0042823-edificios-destinados-principal-o-exclusivamente-a-viviendas-que-disponen-de-garaje-por-municipios-con-mas-de-2-000-habitantes-n-de-plazas-de-garaje-y-n-de-inmuebles-identificador-api-t20-e244-edificios-p04-l0-4mun21-px,CSV | PC-AXIS | HTML | application/vnd.openxmlformats-officedocument.spreadsheetml.sheet | CSV | JSON,https://www.ine.es/jaxi/files/_px/csv_bd/t20/e244/edificios/p04/4mun21.csv | https://www.ine.es/jaxi/files/_px/px/t20/e244/edificios/p04/4mun21.px | https://www.ine.es/jaxi/Tabla.htm?path=/t20/e244/edificios/p04/&file=4mun21.px | https://www.ine.es/jaxi/files/_px/xlsx/t20/e244/edificios/p04/4mun21.xlsx | https://www.ine.es/jaxi/files/_px/csv_bdsc/t20/e244/edificios/p04/4mun21.csv | https://servicios.ine.es/wstempus/js/es/DATOS_TABLA/t20/e244/edificios/p04/4mun21.px?tip=AM,,"mié, 09 oct 2013 15:03:34 GMT+0000"
"Edificios destinados principal o exclusivamente a viviendas que disponen de garaje por municipios (con más de 2.000 habitantes), nº de plazas de garaje y nº de inmuebles (Identificador API: /t20/e244/edificios/p04/l0/4mun22.px)","Tabla de INEbase
Edificios destinados principal o exclusivamente a viviendas que disponen de garaje por municipios (con más de 2.000 habitantes), nº de plazas de garaje y nº de inmuebles. Censos de Población y Viviendas",España (estatal),,,EA0042823,Instituto Nacional de Estadística (INE),urn:ine:es:TABLA:PX:t20:e244:edificios:p04:4mun22,https://datos.gob.es/catalogo/ea0042823-edificios-destinados-principal-o-exclusivamente-a-viviendas-que-disponen-de-garaje-por-municipios-con-mas-de-2-000-habitantes-n-de-plazas-de-garaje-y-n-de-inmuebles-identificador-api-t20-e244-edificios-p04-l0-4mun22-px,CSV | CSV | application/vnd.openxmlformats-officedocument.spreadsheetml.sheet | HTML | PC-AXIS | JSON,https://www.ine.es/jaxi/files/_px/csv_bdsc/t20/e244/edificios/p04/4mun22.csv | https://www.ine.es/jaxi/files/_px/csv_bd/t20/e244/edificios/p04/4mun22.csv | https://www.ine.es/jaxi/files/_px/xlsx/t20/e244/edificios/p04/4mun22.xlsx | https://www.ine.es/jaxi/Tabla.htm?path=/t20/e244/edificios/p04/&file=4mun22.px | https://www.ine.es/jaxi/files/_px/px/t20/e244/edificios/p04/4mun22.px | https://servicios.ine.es/wstempus/js/es/DATOS_TABLA/t20/e244/edificios/p04/4mun22.px?tip=AM,,"mié, 09 oct 2013 15:03:36 GMT+0000"
"Edificios destinados principal o exclusivamente a viviendas que disponen de garaje por municipios (con más de 2.000 habitantes), nº de plazas de garaje y nº de inmuebles (Identificador API: /t20/e244/edificios/p04/l0/4mun23.px)","Tabla de INEbase
Edificios destinados principal o exclusivamente a viviendas que disponen de garaje por municipios (con más de 2.000 habitantes), nº de plazas de garaje y nº de inmuebles. Censos de Población y Viviendas",España (estatal),,,EA0042823,Instituto Nacional de Estadística (INE),urn:ine:es:TABLA:PX:t20:e244:edificios:p04:4mun23,https://datos.gob.es/catalogo/ea0042823-edificios-destinados-principal-o-exclusivamente-a-viviendas-que-disponen-de-garaje-por-municipios-con-mas-de-2-000-habitantes-n-de-plazas-de-garaje-y-n-de-inmuebles-identificador-api-t20-e244-edificios-p04-l0-4mun23-px1,CSV | HTML | PC-AXIS | JSON | application/vnd.openxmlformats-officedocument.spreadsheetml.sheet | CSV,https://www.ine.es/jaxi/files/_px/csv_bd/t20/e244/edificios/p04/4mun23.csv | https://www.ine.es/jaxi/Tabla.htm?path=/t20/e244/edificios/p04/&file=4mun23.px | https://www.ine.es/jaxi/files/_px/px/t20/e244/edificios/p04/4mun23.px | https://servicios.ine.es/wstempus/js/es/DATOS_TABLA/t20/e244/edificios/p04/4mun23.px?tip=AM | https://www.ine.es/jaxi/files/_px/xlsx/t20/e244/edificios/p04/4mun23.xlsx | https://www.ine.es/jaxi/files/_px/csv_bdsc/t20/e244/edificios/p04/4mun23.csv,,"mié, 09 oct 2013 15:03:39 GMT+0000"
"Edificios destinados principal o exclusivamente a viviendas que disponen de garaje por municipios (con más de 2.000 habitantes), nº de plazas de garaje y nº de inmuebles (Identificador API: /t20/e244/edificios/p04/l0/4mun24.px)","Tabla de INEbase
Edificios destinados principal o exclusivamente a viviendas que disponen de garaje por municipios (con más de 2.000 habitantes), nº de plazas de garaje y nº de inmuebles. Censos de Población y Viviendas",España (estatal),,,EA0042823,Instituto Nacional de Estadística (INE),urn:ine:es:TABLA:PX:t20:e244:edificios:p04:4mun24,https://datos.gob.es/catalogo/ea0042823-edificios-destinados-principal-o-exclusivamente-a-viviendas-que-disponen-de-garaje-por-municipios-con-mas-de-2-000-habitantes-n-de-plazas-de-garaje-y-n-de-inmuebles-identificador-api-t20-e244-edificios-p04-l0-4mun24-px1,JSON | HTML | application/vnd.openxmlformats-officedocument.spreadsheetml.sheet | CSV | CSV | PC-AXIS,https://servicios.ine.es/wstempus/js/es/DATOS_TABLA/t20/e244/edificios/p04/4mun24.px?tip=AM | https://www.ine.es/jaxi/Tabla.htm?path=/t20/e244/edificios/p04/&file=4mun24.px | https://www.ine.es/jaxi/files/_px/xlsx/t20/e244/edificios/p04/4mun24.xlsx | https://www.ine.es/jaxi/files/_px/csv_bdsc/t20/e244/edificios/p04/4mun24.csv | https://www.ine.es/jaxi/files/_px/csv_bd/t20/e244/edificios/p04/4mun24.csv | https://www.ine.es/jaxi/files/_px/px/t20/e244/edificios/p04/4mun24.px,,"mié, 09 oct 2013 15:03:41 GMT+0000"
"Edificios destinados principal o exclusivamente a viviendas que disponen de garaje por municipios (con más de 2.000 habitantes), nº de plazas de garaje y nº de inmuebles (Identificador API: /t20/e244/edificios/p04/l0/4mun25.px)","Tabla de INEbase
Edificios destinados principal o exclusivamente a viviendas que disponen de garaje por municipios (con más de 2.000 habitantes), nº de plazas de garaje y nº de inmuebles. Censos de Población y Viviendas",España (estatal),,,EA0042823,Instituto Nacional de Estadística (INE),urn:ine:es:TABLA:PX:t20:e244:edificios:p04:4mun25,https://datos.gob.es/catalogo/ea0042823-edificios-destinados-principal-o-exclusivamente-a-viviendas-que-disponen-de-garaje-por-municipios-con-mas-de-2-000-habitantes-n-de-plazas-de-garaje-y-n-de-inmuebles-identificador-api-t20-e244-edificios-p04-l0-4mun25-px1,CSV | application/vnd.openxmlformats-officedocument.spreadsheetml.sheet | HTML | PC-AXIS | JSON | CSV,https://www.ine.es/jaxi/files/_px/csv_bd/t20/e244/edificios/p04/4mun25.csv | https://www.ine.es/jaxi/files/_px/xlsx/t20/e244/edificios/p04/4mun25.xlsx | https://www.ine.es/jaxi/Tabla.htm?path=/t20/e244/edificios/p04/&file=4mun25.px | https://www.ine.es/jaxi/files/_px/px/t20/e244/edificios/p04/4mun25.px | https://servicios.ine.es/wstempus/js/es/DATOS_TABLA/t20/e244/edificios/p04/4mun25.px?tip=AM | https://www.ine.es/jaxi/files/_px/csv_bdsc/t20/e244/edificios/p04/4mun25.csv,,"mié, 09 oct 2013 15:03:44 GMT+0000"
"Edificios destinados principal o exclusivamente a viviendas que disponen de garaje por municipios (con más de 2.000 habitantes), nº de plazas de garaje y nº de inmuebles (Identificador API: /t20/e244/edificios/p04/l0/4mun26.px)","Tabla de INEbase
Edificios destinados principal o exclusivamente a viviendas que disponen de garaje por municipios (con más de 2.000 habitantes), nº de plazas de garaje y nº de inmuebles. Censos de Población y Viviendas",España (estatal),,,EA0042823,Instituto Nacional de Estadística (INE),urn:ine:es:TABLA:PX:t20:e244:edificios:p04:4mun26,https://datos.gob.es/catalogo/ea0042823-edificios-destinados-principal-o-exclusivamente-a-viviendas-que-disponen-de-garaje-por-municipios-con-mas-de-2-000-habitantes-n-de-plazas-de-garaje-y-n-de-inmuebles-identificador-api-t20-e244-edificios-p04-l0-4mun26-px,PC-AXIS | JSON | CSV | HTML | application/vnd.openxmlformats-officedocument.spreadsheetml.sheet | CSV,https://www.ine.es/jaxi/files/_px/px/t20/e244/edificios/p04/4mun26.px | https://servicios.ine.es/wstempus/js/es/DATOS_TABLA/t20/e244/edificios/p04/4mun26.px?tip=AM | https://www.ine.es/jaxi/files/_px/csv_bd/t20/e244/edificios/p04/4mun26.csv | https://www.ine.es/jaxi/Tabla.htm?path=/t20/e244/edificios/p04/&file=4mun26.px | https://www.ine.es/jaxi/files/_px/xlsx/t20/e244/edificios/p04/4mun26.xlsx | https://www.ine.es/jaxi/files/_px/csv_bdsc/t20/e244/edificios/p04/4mun26.csv,,"mié, 09 oct 2013 15:04:15 GMT+0000"
"Edificios destinados principal o exclusivamente a viviendas que disponen de garaje por municipios (con más de 2.000 habitantes), nº de plazas de garaje y nº de inmuebles (Identificador API: /t20/e244/edificios/p04/l0/4mun27.px)","Tabla de INEbase
Edificios destinados principal o exclusivamente a viviendas que disponen de garaje por municipios (con más de 2.000 habitantes), nº de plazas de garaje y nº de inmuebles. Censos de Población y Viviendas",España (estatal),,,EA0042823,Instituto Nacional de Estadística (INE),urn:ine:es:TABLA:PX:t20:e244:edificios:p04:4mun27,https://datos.gob.es/catalogo/ea0042823-edificios-destinados-principal-o-exclusivamente-a-viviendas-que-disponen-de-garaje-por-municipios-con-mas-de-2-000-habitantes-n-de-plazas-de-garaje-y-n-de-inmuebles-identificador-api-t20-e244-edificios-p04-l0-4mun27-px1,CSV | JSON | application/vnd.openxmlformats-officedocument.spreadsheetml.sheet | CSV | HTML | PC-AXIS,https://www.ine.es/jaxi/files/_px/csv_bdsc/t20/e244/edificios/p04/4mun27.csv | https://servicios.ine.es/wstempus/js/es/DATOS_TABLA/t20/e244/edificios/p04/4mun27.px?tip=AM | https://www.ine.es/jaxi/files/_px/xlsx/t20/e244/edificios/p04/4mun27.xlsx | https://www.ine.es/jaxi/files/_px/csv_bd/t20/e244/edificios/p04/4mun27.csv | https://www.ine.es/jaxi/Tabla.htm?path=/t20/e244/edificios/p04/&file=4mun27.px | https://www.ine.es/jaxi/files/_px/px/t20/e244/edificios/p04/4mun27.px,,"mié, 09 oct 2013 15:03:46 GMT+0000"
"Edificios destinados principal o exclusivamente a viviendas que disponen de garaje por municipios (con más de 2.000 habitantes), nº de plazas de garaje y nº de inmuebles (Identificador API: /t20/e244/edificios/p04/l0/4mun28.px)","Tabla de INEbase
Edificios destinados principal o exclusivamente a viviendas que disponen de garaje por municipios (con más de 2.000 habitantes), nº de plazas de garaje y nº de inmuebles. Censos de Población y Viviendas",España (estatal),,,EA0042823,Instituto Nacional de Estadística (INE),urn:ine:es:TABLA:PX:t20:e244:edificios:p04:4mun28,https://datos.gob.es/catalogo/ea0042823-edificios-destinados-principal-o-exclusivamente-a-viviendas-que-disponen-de-garaje-por-municipios-con-mas-de-2-000-habitantes-n-de-plazas-de-garaje-y-n-de-inmuebles-identificador-api-t20-e244-edificios-p04-l0-4mun28-px1,JSON | PC-AXIS | application/vnd.openxmlformats-officedocument.spreadsheetml.sheet | CSV | CSV | HTML,https://servicios.ine.es/wstempus/js/es/DATOS_TABLA/t20/e244/edificios/p04/4mun28.px?tip=AM | https://www.ine.es/jaxi/files/_px/px/t20/e244/edificios/p04/4mun28.px | https://www.ine.es/jaxi/files/_px/xlsx/t20/e244/edificios/p04/4mun28.xlsx | https://www.ine.es/jaxi/files/_px/csv_bdsc/t20/e244/edificios/p04/4mun28.csv | https://www.ine.es/jaxi/files/_px/csv_bd/t20/e244/edificios/p04/4mun28.csv | https://www.ine.es/jaxi/Tabla.htm?path=/t20/e244/edificios/p04/&file=4mun28.px,,"mié, 09 oct 2013 15:03:52 GMT+0000"
"Edificios destinados principal o exclusivamente a viviendas que disponen de garaje por municipios (con más de 2.000 habitantes), nº de plazas de garaje y nº de inmuebles (Identificador API: /t20/e244/edificios/p04/l0/4mun29.px)","Tabla de INEbase
Edificios destinados principal o exclusivamente a viviendas que disponen de garaje por municipios (con más de 2.000 habitantes), nº de plazas de garaje y nº de inmuebles. Censos de Población y Viviendas",España (estatal),,,EA0042823,Instituto Nacional de Estadística (INE),urn:ine:es:TABLA:PX:t20:e244:edificios:p04:4mun29,https://datos.gob.es/catalogo/ea0042823-edificios-destinados-principal-o-exclusivamente-a-viviendas-que-disponen-de-garaje-por-municipios-con-mas-de-2-000-habitantes-n-de-plazas-de-garaje-y-n-de-inmuebles-identificador-api-t20-e244-edificios-p04-l0-4mun29-px1,CSV | HTML | JSON | PC-AXIS | CSV | application/vnd.openxmlformats-officedocument.spreadsheetml.sheet,https://www.ine.es/jaxi/files/_px/csv_bdsc/t20/e244/edificios/p04/4mun29.csv | https://www.ine.es/jaxi/Tabla.htm?path=/t20/e244/edificios/p04/&file=4mun29.px | https://servicios.ine.es/wstempus/js/es/DATOS_TABLA/t20/e244/edificios/p04/4mun29.px?tip=AM | https://www.ine.es/jaxi/files/_px/px/t20/e244/edificios/p04/4mun29.px | https://www.ine.es/jaxi/files/_px/csv_bd/t20/e244/edificios/p04/4mun29.csv | https://www.ine.es/jaxi/files/_px/xlsx/t20/e244/edificios/p04/4mun29.xlsx,,"mié, 09 oct 2013 15:03:58 GMT+0000"
"Edificios destinados principal o exclusivamente a viviendas que disponen de garaje por municipios (con más de 2.000 habitantes), nº de plazas de garaje y nº de inmuebles (Identificador API: /t20/e244/edificios/p04/l0/4mun30.px)","Tabla de INEbase
Edificios destinados principal o exclusivamente a viviendas que disponen de garaje por municipios (con más de 2.000 habitantes), nº de plazas de garaje y nº de inmuebles. Censos de Población y Viviendas",España (estatal),,,EA0042823,Instituto Nacional de Estadística (INE),urn:ine:es:TABLA:PX:t20:e244:edificios:p04:4mun30,https://datos.gob.es/catalogo/ea0042823-edificios-destinados-principal-o-exclusivamente-a-viviendas-que-disponen-de-garaje-por-municipios-con-mas-de-2-000-habitantes-n-de-plazas-de-garaje-y-n-de-inmuebles-identificador-api-t20-e244-edificios-p04-l0-4mun30-px,PC-AXIS | CSV | HTML | CSV | JSON | application/vnd.openxmlformats-officedocument.spreadsheetml.sheet,https://www.ine.es/jaxi/files/_px/px/t20/e244/edificios/p04/4mun30.px | https://www.ine.es/jaxi/files/_px/csv_bd/t20/e244/edificios/p04/4mun30.csv | https://www.ine.es/jaxi/Tabla.htm?path=/t20/e244/edificios/p04/&file=4mun30.px | https://www.ine.es/jaxi/files/_px/csv_bdsc/t20/e244/edificios/p04/4mun30.csv | https://servicios.ine.es/wstempus/js/es/DATOS_TABLA/t20/e244/edificios/p04/4mun30.px?tip=AM | https://www.ine.es/jaxi/files/_px/xlsx/t20/e244/edificios/p04/4mun30.xlsx,,"mié, 09 oct 2013 15:04:01 GMT+0000"
"Edificios destinados principal o exclusivamente a viviendas que disponen de garaje por municipios (con más de 2.000 habitantes), nº de plazas de garaje y nº de inmuebles (Identificador API: /t20/e244/edificios/p04/l0/4mun31.px)","Tabla de INEbase
Edificios destinados principal o exclusivamente a viviendas que disponen de garaje por municipios (con más de 2.000 habitantes), nº de plazas de garaje y nº de inmuebles. Censos de Población y Viviendas",España (estatal),,,EA0042823,Instituto Nacional de Estadística (INE),urn:ine:es:TABLA:PX:t20:e244:edificios:p04:4mun31,https://datos.gob.es/catalogo/ea0042823-edificios-destinados-principal-o-exclusivamente-a-viviendas-que-disponen-de-garaje-por-municipios-con-mas-de-2-000-habitantes-n-de-plazas-de-garaje-y-n-de-inmuebles-identificador-api-t20-e244-edificios-p04-l0-4mun31-px1,CSV | application/vnd.openxmlformats-officedocument.spreadsheetml.sheet | HTML | CSV | PC-AXIS | JSON,https://www.ine.es/jaxi/files/_px/csv_bd/t20/e244/edificios/p04/4mun31.csv | https://www.ine.es/jaxi/files/_px/xlsx/t20/e244/edificios/p04/4mun31.xlsx | https://www.ine.es/jaxi/Tabla.htm?path=/t20/e244/edificios/p04/&file=4mun31.px | https://www.ine.es/jaxi/files/_px/csv_bdsc/t20/e244/edificios/p04/4mun31.csv | https://www.ine.es/jaxi/files/_px/px/t20/e244/edificios/p04/4mun31.px | https://servicios.ine.es/wstempus/js/es/DATOS_TABLA/t20/e244/edificios/p04/4mun31.px?tip=AM,,"mié, 09 oct 2013 15:04:04 GMT+0000"
"Edificios destinados principal o exclusivamente a viviendas que disponen de garaje por municipios (con más de 2.000 habitantes), nº de plazas de garaje y nº de inmuebles (Identificador API: /t20/e244/edificios/p04/l0/4mun32.px)","Tabla de INEbase
Edificios destinados principal o exclusivamente a viviendas que disponen de garaje por municipios (con más de 2.000 habitantes), nº de plazas de garaje y nº de inmuebles. Censos de Población y Viviendas",España (estatal),,,EA0042823,Instituto Nacional de Estadística (INE),urn:ine:es:TABLA:PX:t20:e244:edificios:p04:4mun32,https://datos.gob.es/catalogo/ea0042823-edificios-destinados-principal-o-exclusivamente-a-viviendas-que-disponen-de-garaje-por-municipios-con-mas-de-2-000-habitantes-n-de-plazas-de-garaje-y-n-de-inmuebles-identificador-api-t20-e244-edificios-p04-l0-4mun32-px1,HTML | JSON | CSV | PC-AXIS | application/vnd.openxmlformats-officedocument.spreadsheetml.sheet | CSV,https://www.ine.es/jaxi/Tabla.htm?path=/t20/e244/edificios/p04/&file=4mun32.px | https://servicios.ine.es/wstempus/js/es/DATOS_TABLA/t20/e244/edificios/p04/4mun32.px?tip=AM | https://www.ine.es/jaxi/files/_px/csv_bd/t20/e244/edificios/p04/4mun32.csv | https://www.ine.es/jaxi/files/_px/px/t20/e244/edificios/p04/4mun32.px | https://www.ine.es/jaxi/files/_px/xlsx/t20/e244/edificios/p04/4mun32.xlsx | https://www.ine.es/jaxi/files/_px/csv_bdsc/t20/e244/edificios/p04/4mun32.csv,,"mié, 09 oct 2013 15:04:07 GMT+0000"
"Edificios destinados principal o exclusivamente a viviendas que disponen de garaje por municipios (con más de 2.000 habitantes), nº de plazas de garaje y nº de inmuebles (Identificador API: /t20/e244/edificios/p04/l0/4mun33.px)","Tabla de INEbase
Edificios destinados principal o exclusivamente a viviendas que disponen de garaje por municipios (con más de 2.000 habitantes), nº de plazas de garaje y nº de inmuebles. Censos de Población y Viviendas",España (estatal),,,EA0042823,Instituto Nacional de Estadística (INE),urn:ine:es:TABLA:PX:t20:e244:edificios:p04:4mun33,https://datos.gob.es/catalogo/ea0042823-edificios-destinados-principal-o-exclusivamente-a-viviendas-que-disponen-de-garaje-por-municipios-con-mas-de-2-000-habitantes-n-de-plazas-de-garaje-y-n-de-inmuebles-identificador-api-t20-e244-edificios-p04-l0-4mun33-px1,JSON | CSV | PC-AXIS | HTML | CSV | application/vnd.openxmlformats-officedocument.spreadsheetml.sheet,https://servicios.ine.es/wstempus/js/es/DATOS_TABLA/t20/e244/edificios/p04/4mun33.px?tip=AM | https://www.ine.es/jaxi/files/_px/csv_bdsc/t20/e244/edificios/p04/4mun33.csv | https://www.ine.es/jaxi/files/_px/px/t20/e244/edificios/p04/4mun33.px | https://www.ine.es/jaxi/Tabla.htm?path=/t20/e244/edificios/p04/&file=4mun33.px | https://www.ine.es/jaxi/files/_px/csv_bd/t20/e244/edificios/p04/4mun33.csv | https://www.ine.es/jaxi/files/_px/xlsx/t20/e244/edificios/p04/4mun33.xlsx,,"mié, 09 oct 2013 15:02:27 GMT+0000"
"Edificios destinados principal o exclusivamente a viviendas que disponen de garaje por municipios (con más de 2.000 habitantes), nº de plazas de garaje y nº de inmuebles (Identificador API: /t20/e244/edificios/p04/l0/4mun34.px)","Tabla de INEbase
Edificios destinados principal o exclusivamente a viviendas que disponen de garaje por municipios (con más de 2.000 habitantes), nº de plazas de garaje y nº de inmuebles. Censos de Población y Viviendas",España (estatal),,,EA0042823,Instituto Nacional de Estadística (INE),urn:ine:es:TABLA:PX:t20:e244:edificios:p04:4mun34,https://datos.gob.es/catalogo/ea0042823-edificios-destinados-principal-o-exclusivamente-a-viviendas-que-disponen-de-garaje-por-municipios-con-mas-de-2-000-habitantes-n-de-plazas-de-garaje-y-n-de-inmuebles-identificador-api-t20-e244-edificios-p04-l0-4mun34-px,HTML | PC-AXIS | JSON | CSV | CSV | application/vnd.openxmlformats-officedocument.spreadsheetml.sheet,https://www.ine.es/jaxi/Tabla.htm?path=/t20/e244/edificios/p04/&file=4mun34.px | https://www.ine.es/jaxi/files/_px/px/t20/e244/edificios/p04/4mun34.px | https://servicios.ine.es/wstempus/js/es/DATOS_TABLA/t20/e244/edificios/p04/4mun34.px?tip=AM | https://www.ine.es/jaxi/files/_px/csv_bdsc/t20/e244/edificios/p04/4mun34.csv | https://www.ine.es/jaxi/files/_px/csv_bd/t20/e244/edificios/p04/4mun34.csv | https://www.ine.es/jaxi/files/_px/xlsx/t20/e244/edificios/p04/4mun34.xlsx,,"mié, 09 oct 2013 15:04:08 GMT+0000"
"Edificios destinados principal o exclusivamente a viviendas que disponen de garaje por municipios (con más de 2.000 habitantes), nº de plazas de garaje y nº de inmuebles (Identificador API: /t20/e244/edificios/p04/l0/4mun35.px)","Tabla de INEbase
Edificios destinados principal o exclusivamente a viviendas que disponen de garaje por municipios (con más de 2.000 habitantes), nº de plazas de garaje y nº de inmuebles. Censos de Población y Viviendas",España (estatal),,,EA0042823,Instituto Nacional de Estadística (INE),urn:ine:es:TABLA:PX:t20:e244:edificios:p04:4mun35,https://datos.gob.es/catalogo/ea0042823-edificios-destinados-principal-o-exclusivamente-a-viviendas-que-disponen-de-garaje-por-municipios-con-mas-de-2-000-habitantes-n-de-plazas-de-garaje-y-n-de-inmuebles-identificador-api-t20-e244-edificios-p04-l0-4mun35-px1,JSON | PC-AXIS | application/vnd.openxmlformats-officedocument.spreadsheetml.sheet | HTML | CSV | CSV,https://servicios.ine.es/wstempus/js/es/DATOS_TABLA/t20/e244/edificios/p04/4mun35.px?tip=AM | https://www.ine.es/jaxi/files/_px/px/t20/e244/edificios/p04/4mun35.px | https://www.ine.es/jaxi/files/_px/xlsx/t20/e244/edificios/p04/4mun35.xlsx | https://www.ine.es/jaxi/Tabla.htm?path=/t20/e244/edificios/p04/&file=4mun35.px | https://www.ine.es/jaxi/files/_px/csv_bd/t20/e244/edificios/p04/4mun35.csv | https://www.ine.es/jaxi/files/_px/csv_bdsc/t20/e244/edificios/p04/4mun35.csv,,"mié, 09 oct 2013 15:04:10 GMT+0000"
"Edificios destinados principal o exclusivamente a viviendas que disponen de garaje por municipios (con más de 2.000 habitantes), nº de plazas de garaje y nº de inmuebles (Identificador API: /t20/e244/edificios/p04/l0/4mun36.px)","Tabla de INEbase
Edificios destinados principal o exclusivamente a viviendas que disponen de garaje por municipios (con más de 2.000 habitantes), nº de plazas de garaje y nº de inmuebles. Censos de Población y Viviendas",España (estatal),,,EA0042823,Instituto Nacional de Estadística (INE),urn:ine:es:TABLA:PX:t20:e244:edificios:p04:4mun36,https://datos.gob.es/catalogo/ea0042823-edificios-destinados-principal-o-exclusivamente-a-viviendas-que-disponen-de-garaje-por-municipios-con-mas-de-2-000-habitantes-n-de-plazas-de-garaje-y-n-de-inmuebles-identificador-api-t20-e244-edificios-p04-l0-4mun36-px1,application/vnd.openxmlformats-officedocument.spreadsheetml.sheet | CSV | HTML | JSON | CSV | PC-AXIS,https://www.ine.es/jaxi/files/_px/xlsx/t20/e244/edificios/p04/4mun36.xlsx | https://www.ine.es/jaxi/files/_px/csv_bd/t20/e244/edificios/p04/4mun36.csv | https://www.ine.es/jaxi/Tabla.htm?path=/t20/e244/edificios/p04/&file=4mun36.px | https://servicios.ine.es/wstempus/js/es/DATOS_TABLA/t20/e244/edificios/p04/4mun36.px?tip=AM | https://www.ine.es/jaxi/files/_px/csv_bdsc/t20/e244/edificios/p04/4mun36.csv | https://www.ine.es/jaxi/files/_px/px/t20/e244/edificios/p04/4mun36.px,,"mié, 09 oct 2013 15:04:13 GMT+0000"
"Edificios destinados principal o exclusivamente a viviendas que disponen de garaje por municipios (con más de 2.000 habitantes), nº de plazas de garaje y nº de inmuebles (Identificador API: /t20/e244/edificios/p04/l0/4mun37.px)","Tabla de INEbase
Edificios destinados principal o exclusivamente a viviendas que disponen de garaje por municipios (con más de 2.000 habitantes), nº de plazas de garaje y nº de inmuebles. Censos de Población y Viviendas",España (estatal),,,EA0042823,Instituto Nacional de Estadística (INE),urn:ine:es:TABLA:PX:t20:e244:edificios:p04:4mun37,https://datos.gob.es/catalogo/ea0042823-edificios-destinados-principal-o-exclusivamente-a-viviendas-que-disponen-de-garaje-por-municipios-con-mas-de-2-000-habitantes-n-de-plazas-de-garaje-y-n-de-inmuebles-identificador-api-t20-e244-edificios-p04-l0-4mun37-px1,JSON | CSV | HTML | application/vnd.openxmlformats-officedocument.spreadsheetml.sheet | CSV | PC-AXIS,https://servicios.ine.es/wstempus/js/es/DATOS_TABLA/t20/e244/edificios/p04/4mun37.px?tip=AM | https://www.ine.es/jaxi/files/_px/csv_bdsc/t20/e244/edificios/p04/4mun37.csv | https://www.ine.es/jaxi/Tabla.htm?path=/t20/e244/edificios/p04/&file=4mun37.px | https://www.ine.es/jaxi/files/_px/xlsx/t20/e244/edificios/p04/4mun37.xlsx | https://www.ine.es/jaxi/files/_px/csv_bd/t20/e244/edificios/p04/4mun37.csv | https://www.ine.es/jaxi/files/_px/px/t20/e244/edificios/p04/4mun37.px,,"mié, 09 oct 2013 15:04:16 GMT+0000"
"Edificios destinados principal o exclusivamente a viviendas que disponen de garaje por municipios (con más de 2.000 habitantes), nº de plazas de garaje y nº de inmuebles (Identificador API: /t20/e244/edificios/p04/l0/4mun38.px)","Tabla de INEbase
Edificios destinados principal o exclusivamente a viviendas que disponen de garaje por municipios (con más de 2.000 habitantes), nº de plazas de garaje y nº de inmuebles. Censos de Población y Viviendas",España (estatal),,,EA0042823,Instituto Nacional de Estadística (INE),urn:ine:es:TABLA:PX:t20:e244:edificios:p04:4mun38,https://datos.gob.es/catalogo/ea0042823-edificios-destinados-principal-o-exclusivamente-a-viviendas-que-disponen-de-garaje-por-municipios-con-mas-de-2-000-habitantes-n-de-plazas-de-garaje-y-n-de-inmuebles-identificador-api-t20-e244-edificios-p04-l0-4mun38-px1,application/vnd.openxmlformats-officedocument.spreadsheetml.sheet | PC-AXIS | CSV | JSON | HTML | CSV,https://www.ine.es/jaxi/files/_px/xlsx/t20/e244/edificios/p04/4mun38.xlsx | https://www.ine.es/jaxi/files/_px/px/t20/e244/edificios/p04/4mun38.px | https://www.ine.es/jaxi/files/_px/csv_bdsc/t20/e244/edificios/p04/4mun38.csv | https://servicios.ine.es/wstempus/js/es/DATOS_TABLA/t20/e244/edificios/p04/4mun38.px?tip=AM | https://www.ine.es/jaxi/Tabla.htm?path=/t20/e244/edificios/p04/&file=4mun38.px | https://www.ine.es/jaxi/files/_px/csv_bd/t20/e244/edificios/p04/4mun38.csv,,"mié, 09 oct 2013 15:04:18 GMT+0000"
"Edificios destinados principal o exclusivamente a viviendas que disponen de garaje por municipios (con más de 2.000 habitantes), nº de plazas de garaje y nº de inmuebles (Identificador API: /t20/e244/edificios/p04/l0/4mun39.px)","Tabla de INEbase
Edificios destinados principal o exclusivamente a viviendas que disponen de garaje por municipios (con más de 2.000 habitantes), nº de plazas de garaje y nº de inmuebles. Censos de Población y Viviendas",España (estatal),,,EA0042823,Instituto Nacional de Estadística (INE),urn:ine:es:TABLA:PX:t20:e244:edificios:p04:4mun39,https://datos.gob.es/catalogo/ea0042823-edificios-destinados-principal-o-exclusivamente-a-viviendas-que-disponen-de-garaje-por-municipios-con-mas-de-2-000-habitantes-n-de-plazas-de-garaje-y-n-de-inmuebles-identificador-api-t20-e244-edificios-p04-l0-4mun39-px1,JSON | CSV | HTML | PC-AXIS | CSV | application/vnd.openxmlformats-officedocument.spreadsheetml.sheet,https://servicios.ine.es/wstempus/js/es/DATOS_TABLA/t20/e244/edificios/p04/4mun39.px?tip=AM | https://www.ine.es/jaxi/files/_px/csv_bdsc/t20/e244/edificios/p04/4mun39.csv | https://www.ine.es/jaxi/Tabla.htm?path=/t20/e244/edificios/p04/&file=4mun39.px | https://www.ine.es/jaxi/files/_px/px/t20/e244/edificios/p04/4mun39.px | https://www.ine.es/jaxi/files/_px/csv_bd/t20/e244/edificios/p04/4mun39.csv | https://www.ine.es/jaxi/files/_px/xlsx/t20/e244/edificios/p04/4mun39.xlsx,,"mié, 09 oct 2013 15:03:05 GMT+0000"
"Edificios destinados principal o exclusivamente a viviendas que disponen de garaje por municipios (con más de 2.000 habitantes), nº de plazas de garaje y nº de inmuebles (Identificador API: /t20/e244/edificios/p04/l0/4mun40.px)","Tabla de INEbase
Edificios destinados principal o exclusivamente a viviendas que disponen de garaje por municipios (con más de 2.000 habitantes), nº de plazas de garaje y nº de inmuebles. Censos de Población y Viviendas",España (estatal),,,EA0042823,Instituto Nacional de Estadística (INE),urn:ine:es:TABLA:PX:t20:e244:edificios:p04:4mun40,https://datos.gob.es/catalogo/ea0042823-edificios-destinados-principal-o-exclusivamente-a-viviendas-que-disponen-de-garaje-por-municipios-con-mas-de-2-000-habitantes-n-de-plazas-de-garaje-y-n-de-inmuebles-identificador-api-t20-e244-edificios-p04-l0-4mun40-px1,CSV | JSON | PC-AXIS | application/vnd.openxmlformats-officedocument.spreadsheetml.sheet | HTML | CSV,https://www.ine.es/jaxi/files/_px/csv_bd/t20/e244/edificios/p04/4mun40.csv | https://servicios.ine.es/wstempus/js/es/DATOS_TABLA/t20/e244/edificios/p04/4mun40.px?tip=AM | https://www.ine.es/jaxi/files/_px/px/t20/e244/edificios/p04/4mun40.px | https://www.ine.es/jaxi/files/_px/xlsx/t20/e244/edificios/p04/4mun40.xlsx | https://www.ine.es/jaxi/Tabla.htm?path=/t20/e244/edificios/p04/&file=4mun40.px | https://www.ine.es/jaxi/files/_px/csv_bdsc/t20/e244/edificios/p04/4mun40.csv,,"mié, 09 oct 2013 15:04:20 GMT+0000"
"Edificios destinados principal o exclusivamente a viviendas que disponen de garaje por municipios (con más de 2.000 habitantes), nº de plazas de garaje y nº de inmuebles (Identificador API: /t20/e244/edificios/p04/l0/4mun41.px)","Tabla de INEbase
Edificios destinados principal o exclusivamente a viviendas que disponen de garaje por municipios (con más de 2.000 habitantes), nº de plazas de garaje y nº de inmuebles. Censos de Población y Viviendas",España (estatal),,,EA0042823,Instituto Nacional de Estadística (INE),urn:ine:es:TABLA:PX:t20:e244:edificios:p04:4mun41,https://datos.gob.es/catalogo/ea0042823-edificios-destinados-principal-o-exclusivamente-a-viviendas-que-disponen-de-garaje-por-municipios-con-mas-de-2-000-habitantes-n-de-plazas-de-garaje-y-n-de-inmuebles-identificador-api-t20-e244-edificios-p04-l0-4mun41-px1,application/vnd.openxmlformats-officedocument.spreadsheetml.sheet | CSV | HTML | PC-AXIS | CSV | JSON,https://www.ine.es/jaxi/files/_px/xlsx/t20/e244/edificios/p04/4mun41.xlsx | https://www.ine.es/jaxi/files/_px/csv_bdsc/t20/e244/edificios/p04/4mun41.csv | https://www.ine.es/jaxi/Tabla.htm?path=/t20/e244/edificios/p04/&file=4mun41.px | https://www.ine.es/jaxi/files/_px/px/t20/e244/edificios/p04/4mun41.px | https://www.ine.es/jaxi/files/_px/csv_bd/t20/e244/edificios/p04/4mun41.csv | https://servicios.ine.es/wstempus/js/es/DATOS_TABLA/t20/e244/edificios/p04/4mun41.px?tip=AM,,"mié, 09 oct 2013 15:04:24 GMT+0000"
"Edificios destinados principal o exclusivamente a viviendas que disponen de garaje por municipios (con más de 2.000 habitantes), nº de plazas de garaje y nº de inmuebles (Identificador API: /t20/e244/edificios/p04/l0/4mun42.px)","Tabla de INEbase
Edificios destinados principal o exclusivamente a viviendas que disponen de garaje por municipios (con más de 2.000 habitantes), nº de plazas de garaje y nº de inmuebles. Censos de Población y Viviendas",España (estatal),,,EA0042823,Instituto Nacional de Estadística (INE),urn:ine:es:TABLA:PX:t20:e244:edificios:p04:4mun42,https://datos.gob.es/catalogo/ea0042823-edificios-destinados-principal-o-exclusivamente-a-viviendas-que-disponen-de-garaje-por-municipios-con-mas-de-2-000-habitantes-n-de-plazas-de-garaje-y-n-de-inmuebles-identificador-api-t20-e244-edificios-p04-l0-4mun42-px,HTML | JSON | CSV | PC-AXIS | CSV | application/vnd.openxmlformats-officedocument.spreadsheetml.sheet,https://www.ine.es/jaxi/Tabla.htm?path=/t20/e244/edificios/p04/&file=4mun42.px | https://servicios.ine.es/wstempus/js/es/DATOS_TABLA/t20/e244/edificios/p04/4mun42.px?tip=AM | https://www.ine.es/jaxi/files/_px/csv_bd/t20/e244/edificios/p04/4mun42.csv | https://www.ine.es/jaxi/files/_px/px/t20/e244/edificios/p04/4mun42.px | https://www.ine.es/jaxi/files/_px/csv_bdsc/t20/e244/edificios/p04/4mun42.csv | https://www.ine.es/jaxi/files/_px/xlsx/t20/e244/edificios/p04/4mun42.xlsx,,"mié, 09 oct 2013 15:04:27 GMT+0000"
"Edificios destinados principal o exclusivamente a viviendas que disponen de garaje por municipios (con más de 2.000 habitantes), nº de plazas de garaje y nº de inmuebles (Identificador API: /t20/e244/edificios/p04/l0/4mun43.px)","Tabla de INEbase
Edificios destinados principal o exclusivamente a viviendas que disponen de garaje por municipios (con más de 2.000 habitantes), nº de plazas de garaje y nº de inmuebles. Censos de Población y Viviendas",España (estatal),,,EA0042823,Instituto Nacional de Estadística (INE),urn:ine:es:TABLA:PX:t20:e244:edificios:p04:4mun43,https://datos.gob.es/catalogo/ea0042823-edificios-destinados-principal-o-exclusivamente-a-viviendas-que-disponen-de-garaje-por-municipios-con-mas-de-2-000-habitantes-n-de-plazas-de-garaje-y-n-de-inmuebles-identificador-api-t20-e244-edificios-p04-l0-4mun43-px1,HTML | application/vnd.openxmlformats-officedocument.spreadsheetml.sheet | CSV | CSV | PC-AXIS | JSON,https://www.ine.es/jaxi/Tabla.htm?path=/t20/e244/edificios/p04/&file=4mun43.px | https://www.ine.es/jaxi/files/_px/xlsx/t20/e244/edificios/p04/4mun43.xlsx | https://www.ine.es/jaxi/files/_px/csv_bd/t20/e244/edificios/p04/4mun43.csv | https://www.ine.es/jaxi/files/_px/csv_bdsc/t20/e244/edificios/p04/4mun43.csv | https://www.ine.es/jaxi/files/_px/px/t20/e244/edificios/p04/4mun43.px | https://servicios.ine.es/wstempus/js/es/DATOS_TABLA/t20/e244/edificios/p04/4mun43.px?tip=AM,,"mié, 09 oct 2013 15:04:30 GMT+0000"
"Edificios destinados principal o exclusivamente a viviendas que disponen de garaje por municipios (con más de 2.000 habitantes), nº de plazas de garaje y nº de inmuebles (Identificador API: /t20/e244/edificios/p04/l0/4mun44.px)","Tabla de INEbase
Edificios destinados principal o exclusivamente a viviendas que disponen de garaje por municipios (con más de 2.000 habitantes), nº de plazas de garaje y nº de inmuebles. Censos de Población y Viviendas",España (estatal),,,EA0042823,Instituto Nacional de Estadística (INE),urn:ine:es:TABLA:PX:t20:e244:edificios:p04:4mun44,https://datos.gob.es/catalogo/ea0042823-edificios-destinados-principal-o-exclusivamente-a-viviendas-que-disponen-de-garaje-por-municipios-con-mas-de-2-000-habitantes-n-de-plazas-de-garaje-y-n-de-inmuebles-identificador-api-t20-e244-edificios-p04-l0-4mun44-px1,PC-AXIS | HTML | CSV | application/vnd.openxmlformats-officedocument.spreadsheetml.sheet | CSV | JSON,https://www.ine.es/jaxi/files/_px/px/t20/e244/edificios/p04/4mun44.px | https://www.ine.es/jaxi/Tabla.htm?path=/t20/e244/edificios/p04/&file=4mun44.px | https://www.ine.es/jaxi/files/_px/csv_bdsc/t20/e244/edificios/p04/4mun44.csv | https://www.ine.es/jaxi/files/_px/xlsx/t20/e244/edificios/p04/4mun44.xlsx | https://www.ine.es/jaxi/files/_px/csv_bd/t20/e244/edificios/p04/4mun44.csv | https://servicios.ine.es/wstempus/js/es/DATOS_TABLA/t20/e244/edificios/p04/4mun44.px?tip=AM,,"mié, 09 oct 2013 15:04:32 GMT+0000"
"Edificios destinados principal o exclusivamente a viviendas que disponen de garaje por municipios (con más de 2.000 habitantes), nº de plazas de garaje y nº de inmuebles (Identificador API: /t20/e244/edificios/p04/l0/4mun45.px)","Tabla de INEbase
Edificios destinados principal o exclusivamente a viviendas que disponen de garaje por municipios (con más de 2.000 habitantes), nº de plazas de garaje y nº de inmuebles. Censos de Población y Viviendas",España (estatal),,,EA0042823,Instituto Nacional de Estadística (INE),urn:ine:es:TABLA:PX:t20:e244:edificios:p04:4mun45,https://datos.gob.es/catalogo/ea0042823-edificios-destinados-principal-o-exclusivamente-a-viviendas-que-disponen-de-garaje-por-municipios-con-mas-de-2-000-habitantes-n-de-plazas-de-garaje-y-n-de-inmuebles-identificador-api-t20-e244-edificios-p04-l0-4mun45-px,JSON | application/vnd.openxmlformats-officedocument.spreadsheetml.sheet | CSV | PC-AXIS | HTML | CSV,https://servicios.ine.es/wstempus/js/es/DATOS_TABLA/t20/e244/edificios/p04/4mun45.px?tip=AM | https://www.ine.es/jaxi/files/_px/xlsx/t20/e244/edificios/p04/4mun45.xlsx | https://www.ine.es/jaxi/files/_px/csv_bdsc/t20/e244/edificios/p04/4mun45.csv | https://www.ine.es/jaxi/files/_px/px/t20/e244/edificios/p04/4mun45.px | https://www.ine.es/jaxi/Tabla.htm?path=/t20/e244/edificios/p04/&file=4mun45.px | https://www.ine.es/jaxi/files/_px/csv_bd/t20/e244/edificios/p04/4mun45.csv,,"mié, 09 oct 2013 15:04:36 GMT+0000"
"Edificios destinados principal o exclusivamente a viviendas que disponen de garaje por municipios (con más de 2.000 habitantes), nº de plazas de garaje y nº de inmuebles (Identificador API: /t20/e244/edificios/p04/l0/4mun46.px)","Tabla de INEbase
Edificios destinados principal o exclusivamente a viviendas que disponen de garaje por municipios (con más de 2.000 habitantes), nº de plazas de garaje y nº de inmuebles. Censos de Población y Viviendas",España (estatal),,,EA0042823,Instituto Nacional de Estadística (INE),urn:ine:es:TABLA:PX:t20:e244:edificios:p04:4mun46,https://datos.gob.es/catalogo/ea0042823-edificios-destinados-principal-o-exclusivamente-a-viviendas-que-disponen-de-garaje-por-municipios-con-mas-de-2-000-habitantes-n-de-plazas-de-garaje-y-n-de-inmuebles-identificador-api-t20-e244-edificios-p04-l0-4mun46-px1,HTML | CSV | JSON | application/vnd.openxmlformats-officedocument.spreadsheetml.sheet | PC-AXIS | CSV,https://www.ine.es/jaxi/Tabla.htm?path=/t20/e244/edificios/p04/&file=4mun46.px | https://www.ine.es/jaxi/files/_px/csv_bdsc/t20/e244/edificios/p04/4mun46.csv | https://servicios.ine.es/wstempus/js/es/DATOS_TABLA/t20/e244/edificios/p04/4mun46.px?tip=AM | https://www.ine.es/jaxi/files/_px/xlsx/t20/e244/edificios/p04/4mun46.xlsx | https://www.ine.es/jaxi/files/_px/px/t20/e244/edificios/p04/4mun46.px | https://www.ine.es/jaxi/files/_px/csv_bd/t20/e244/edificios/p04/4mun46.csv,,"mié, 09 oct 2013 15:04:45 GMT+0000"
"Edificios destinados principal o exclusivamente a viviendas que disponen de garaje por municipios (con más de 2.000 habitantes), nº de plazas de garaje y nº de inmuebles (Identificador API: /t20/e244/edificios/p04/l0/4mun47.px)","Tabla de INEbase
Edificios destinados principal o exclusivamente a viviendas que disponen de garaje por municipios (con más de 2.000 habitantes), nº de plazas de garaje y nº de inmuebles. Censos de Población y Viviendas",España (estatal),,,EA0042823,Instituto Nacional de Estadística (INE),urn:ine:es:TABLA:PX:t20:e244:edificios:p04:4mun47,https://datos.gob.es/catalogo/ea0042823-edificios-destinados-principal-o-exclusivamente-a-viviendas-que-disponen-de-garaje-por-municipios-con-mas-de-2-000-habitantes-n-de-plazas-de-garaje-y-n-de-inmuebles-identificador-api-t20-e244-edificios-p04-l0-4mun47-px1,HTML | CSV | JSON | PC-AXIS | application/vnd.openxmlformats-officedocument.spreadsheetml.sheet | CSV,https://www.ine.es/jaxi/Tabla.htm?path=/t20/e244/edificios/p04/&file=4mun47.px | https://www.ine.es/jaxi/files/_px/csv_bd/t20/e244/edificios/p04/4mun47.csv | https://servicios.ine.es/wstempus/js/es/DATOS_TABLA/t20/e244/edificios/p04/4mun47.px?tip=AM | https://www.ine.es/jaxi/files/_px/px/t20/e244/edificios/p04/4mun47.px | https://www.ine.es/jaxi/files/_px/xlsx/t20/e244/edificios/p04/4mun47.xlsx | https://www.ine.es/jaxi/files/_px/csv_bdsc/t20/e244/edificios/p04/4mun47.csv,,"mié, 09 oct 2013 15:04:50 GMT+0000"
"Edificios destinados principal o exclusivamente a viviendas que disponen de garaje por municipios (con más de 2.000 habitantes), nº de plazas de garaje y nº de inmuebles (Identificador API: /t20/e244/edificios/p04/l0/4mun48.px)","Tabla de INEbase
Edificios destinados principal o exclusivamente a viviendas que disponen de garaje por municipios (con más de 2.000 habitantes), nº de plazas de garaje y nº de inmuebles. Censos de Población y Viviendas",España (estatal),,,EA0042823,Instituto Nacional de Estadística (INE),urn:ine:es:TABLA:PX:t20:e244:edificios:p04:4mun48,https://datos.gob.es/catalogo/ea0042823-edificios-destinados-principal-o-exclusivamente-a-viviendas-que-disponen-de-garaje-por-municipios-con-mas-de-2-000-habitantes-n-de-plazas-de-garaje-y-n-de-inmuebles-identificador-api-t20-e244-edificios-p04-l0-4mun48-px1,PC-AXIS | JSON | CSV | application/vnd.openxmlformats-officedocument.spreadsheetml.sheet | HTML | CSV,https://www.ine.es/jaxi/files/_px/px/t20/e244/edificios/p04/4mun48.px | https://servicios.ine.es/wstempus/js/es/DATOS_TABLA/t20/e244/edificios/p04/4mun48.px?tip=AM | https://www.ine.es/jaxi/files/_px/csv_bdsc/t20/e244/edificios/p04/4mun48.csv | https://www.ine.es/jaxi/files/_px/xlsx/t20/e244/edificios/p04/4mun48.xlsx | https://www.ine.es/jaxi/Tabla.htm?path=/t20/e244/edificios/p04/&file=4mun48.px | https://www.ine.es/jaxi/files/_px/csv_bd/t20/e244/edificios/p04/4mun48.csv,,"mié, 09 oct 2013 15:02:58 GMT+0000"
"Edificios destinados principal o exclusivamente a viviendas que disponen de garaje por municipios (con más de 2.000 habitantes), nº de plazas de garaje y nº de inmuebles (Identificador API: /t20/e244/edificios/p04/l0/4mun49.px)","Tabla de INEbase
Edificios destinados principal o exclusivamente a viviendas que disponen de garaje por municipios (con más de 2.000 habitantes), nº de plazas de garaje y nº de inmuebles. Censos de Población y Viviendas",España (estatal),,,EA0042823,Instituto Nacional de Estadística (INE),urn:ine:es:TABLA:PX:t20:e244:edificios:p04:4mun49,https://datos.gob.es/catalogo/ea0042823-edificios-destinados-principal-o-exclusivamente-a-viviendas-que-disponen-de-garaje-por-municipios-con-mas-de-2-000-habitantes-n-de-plazas-de-garaje-y-n-de-inmuebles-identificador-api-t20-e244-edificios-p04-l0-4mun49-px,CSV | CSV | application/vnd.openxmlformats-officedocument.spreadsheetml.sheet | JSON | HTML | PC-AXIS,https://www.ine.es/jaxi/files/_px/csv_bdsc/t20/e244/edificios/p04/4mun49.csv | https://www.ine.es/jaxi/files/_px/csv_bd/t20/e244/edificios/p04/4mun49.csv | https://www.ine.es/jaxi/files/_px/xlsx/t20/e244/edificios/p04/4mun49.xlsx | https://servicios.ine.es/wstempus/js/es/DATOS_TABLA/t20/e244/edificios/p04/4mun49.px?tip=AM | https://www.ine.es/jaxi/Tabla.htm?path=/t20/e244/edificios/p04/&file=4mun49.px | https://www.ine.es/jaxi/files/_px/px/t20/e244/edificios/p04/4mun49.px,,"mié, 09 oct 2013 15:04:51 GMT+0000"
"Edificios destinados principal o exclusivamente a viviendas que disponen de garaje por municipios (con más de 2.000 habitantes), nº de plazas de garaje y nº de inmuebles (Identificador API: /t20/e244/edificios/p04/l0/4mun50.px)","Tabla de INEbase
Edificios destinados principal o exclusivamente a viviendas que disponen de garaje por municipios (con más de 2.000 habitantes), nº de plazas de garaje y nº de inmuebles. Censos de Población y Viviendas",España (estatal),,,EA0042823,Instituto Nacional de Estadística (INE),urn:ine:es:TABLA:PX:t20:e244:edificios:p04:4mun50,https://datos.gob.es/catalogo/ea0042823-edificios-destinados-principal-o-exclusivamente-a-viviendas-que-disponen-de-garaje-por-municipios-con-mas-de-2-000-habitantes-n-de-plazas-de-garaje-y-n-de-inmuebles-identificador-api-t20-e244-edificios-p04-l0-4mun50-px1,CSV | HTML | application/vnd.openxmlformats-officedocument.spreadsheetml.sheet | PC-AXIS | CSV | JSON,https://www.ine.es/jaxi/files/_px/csv_bdsc/t20/e244/edificios/p04/4mun50.csv | https://www.ine.es/jaxi/Tabla.htm?path=/t20/e244/edificios/p04/&file=4mun50.px | https://www.ine.es/jaxi/files/_px/xlsx/t20/e244/edificios/p04/4mun50.xlsx | https://www.ine.es/jaxi/files/_px/px/t20/e244/edificios/p04/4mun50.px | https://www.ine.es/jaxi/files/_px/csv_bd/t20/e244/edificios/p04/4mun50.csv | https://servicios.ine.es/wstempus/js/es/DATOS_TABLA/t20/e244/edificios/p04/4mun50.px?tip=AM,,"mié, 09 oct 2013 15:04:53 GMT+0000"
"Edificios destinados principal o exclusivamente a viviendas que disponen de garaje por municipios (con más de 2.000 habitantes), nº de plazas de garaje y nº de inmuebles (Identificador API: /t20/e244/edificios/p04/l0/4mun51.px)","Tabla de INEbase
Edificios destinados principal o exclusivamente a viviendas que disponen de garaje por municipios (con más de 2.000 habitantes), nº de plazas de garaje y nº de inmuebles. Censos de Población y Viviendas",España (estatal),,,EA0042823,Instituto Nacional de Estadística (INE),urn:ine:es:TABLA:PX:t20:e244:edificios:p04:4mun51,https://datos.gob.es/catalogo/ea0042823-edificios-destinados-principal-o-exclusivamente-a-viviendas-que-disponen-de-garaje-por-municipios-con-mas-de-2-000-habitantes-n-de-plazas-de-garaje-y-n-de-inmuebles-identificador-api-t20-e244-edificios-p04-l0-4mun51-px,CSV | HTML | application/vnd.openxmlformats-officedocument.spreadsheetml.sheet | CSV | JSON | PC-AXIS,https://www.ine.es/jaxi/files/_px/csv_bd/t20/e244/edificios/p04/4mun51.csv | https://www.ine.es/jaxi/Tabla.htm?path=/t20/e244/edificios/p04/&file=4mun51.px | https://www.ine.es/jaxi/files/_px/xlsx/t20/e244/edificios/p04/4mun51.xlsx | https://www.ine.es/jaxi/files/_px/csv_bdsc/t20/e244/edificios/p04/4mun51.csv | https://servicios.ine.es/wstempus/js/es/DATOS_TABLA/t20/e244/edificios/p04/4mun51.px?tip=AM | https://www.ine.es/jaxi/files/_px/px/t20/e244/edificios/p04/4mun51.px,,"mié, 09 oct 2013 15:04:54 GMT+0000"
"Edificios destinados principal o exclusivamente a viviendas que disponen de garaje por municipios (con más de 2.000 habitantes), nº de plazas de garaje y nº de inmuebles (Identificador API: /t20/e244/edificios/p04/l0/4mun52.px)","Tabla de INEbase
Edificios destinados principal o exclusivamente a viviendas que disponen de garaje por municipios (con más de 2.000 habitantes), nº de plazas de garaje y nº de inmuebles. Censos de Población y Viviendas",España (estatal),,,EA0042823,Instituto Nacional de Estadística (INE),urn:ine:es:TABLA:PX:t20:e244:edificios:p04:4mun52,https://datos.gob.es/catalogo/ea0042823-edificios-destinados-principal-o-exclusivamente-a-viviendas-que-disponen-de-garaje-por-municipios-con-mas-de-2-000-habitantes-n-de-plazas-de-garaje-y-n-de-inmuebles-identificador-api-t20-e244-edificios-p04-l0-4mun52-px1,HTML | PC-AXIS | CSV | CSV | JSON | application/vnd.openxmlformats-officedocument.spreadsheetml.sheet,https://www.ine.es/jaxi/Tabla.htm?path=/t20/e244/edificios/p04/&file=4mun52.px | https://www.ine.es/jaxi/files/_px/px/t20/e244/edificios/p04/4mun52.px | https://www.ine.es/jaxi/files/_px/csv_bd/t20/e244/edificios/p04/4mun52.csv | https://www.ine.es/jaxi/files/_px/csv_bdsc/t20/e244/edificios/p04/4mun52.csv | https://servicios.ine.es/wstempus/js/es/DATOS_TABLA/t20/e244/edificios/p04/4mun52.px?tip=AM | https://www.ine.es/jaxi/files/_px/xlsx/t20/e244/edificios/p04/4mun52.xlsx,,"mié, 09 oct 2013 15:04:54 GMT+0000"
Aparcamiento para motos,Información sobre las aparcamientos para motos del municipio de Villanueva de la Serena.,Extremadura,Badajoz,Villanueva de la Serena,L01061535,Ayuntamiento de Villanueva de la Serena,http://catalogo.villanuevadelaserena.es/dataset/0caed2a2-2323-4800-9228-9a74ff32880e,https://datos.gob.es/catalogo/l01061535-aparcamiento-para-motos,WMS | WMS | VND.GOOGLE-EARTH.KML+XML | X-ZIPPED-SHP | VND.GEO+JSON | HTML | CSV | WMS,http://geoserver.villanuevadelaserena.es:80/geoserver/LG3_WS_MapPublish_public/ows?service=WMS&request=GetLegendGraphic&format=image%2Fpng&width=20&height=20&layer=vva_transporte_aparcamiento_motos_105 | http://geoserver.villanuevadelaserena.es:80/geoserver/LG3_WS_MapPublish_public/ows?SERVICE=WMS&REQUEST=GETCAPABILITIES | http://geoserver.villanuevadelaserena.es/geoserver/wfs/kml?service=WFS&version=1.0.0&request=GetFeature&typeName=LG3_WS_MapPublish_public%3Avva_transporte_aparcamiento_motos_105&srsName=EPSG%3A4258&outputFormat=application%2Fvnd.google-earth.kml%2Bxml | http://geoserver.villanuevadelaserena.es/geoserver/wms/ows?service=WFS&version=1.0.0&request=GetFeature&typeName=LG3_WS_MapPublish_public%3Avva_transporte_aparcamiento_motos_105&srsName=EPSG%3A4258&outputFormat=SHAPE-ZIP | http://geoserver.villanuevadelaserena.es/geoserver/wfs/ows?service=WFS&version=1.0.0&request=GetFeature&typeName=LG3_WS_MapPublish_public%3Avva_transporte_aparcamiento_motos_105&srsName=EPSG%3A4258&outputFormat=application%2Fjson | http://ide.villanuevadelaserena.es/ | http://geoserver.villanuevadelaserena.es/geoserver/wms/ows?service=WFS&version=1.0.0&request=GetFeature&typeName=LG3_WS_MapPublish_public%3Avva_transporte_aparcamiento_motos_105&srsName=EPSG%3A4258&outputFormat=csv | http://geoserver.villanuevadelaserena.es:80/geoserver/LG3_WS_MapPublish_public/ows?SERVICE=WMS&REQUEST=GETCAPABILITIES,,"mar, 14 dic 2021 07:39:42 GMT+0000"
Sensores del parking,Ubicación de los sensores del parking,Extremadura,Badajoz,Villanueva de la Serena,L01061535,Ayuntamiento de Villanueva de la Serena,http://catalogo.villanuevadelaserena.es/dataset/55062a42-2ebc-41a4-98fc-8aeaddd3fc19,https://datos.gob.es/catalogo/l01061535-sensores-del-parking,WMS | application/vnd.openxmlformats-officedocument.spreadsheetml.sheet | VND.GEO+JSON | CSV | X-ZIPPED-SHP | VND.GOOGLE-EARTH.KML+XML,http://geoserver.villanuevadelaserena.es/geoserver/LG3_WS_SmartParking_public/wms | http://catalogo.villanuevadelaserena.es/dataset/55062a42-2ebc-41a4-98fc-8aeaddd3fc19/resource/d6dc7c4a-4384-4dee-8381-e5b21c409e85/download/sensoreses.xlsx | http://geoserver.villanuevadelaserena.es/geoserver/wfs/ows?service=WFS&version=1.0.0&request=GetFeature&typeName=LG3_WS_SmartParking_public:sensores_es&srsName=EPSG%3A4258&outputFormat=application%2Fjson | http://geoserver.villanuevadelaserena.es/geoserver/wfs/ows?service=WFS&version=1.0.0&request=GetFeature&typeName=LG3_WS_SmartParking_public:sensores_es&srsName=EPSG%3A4258&outputFormat=csv | http://geoserver.villanuevadelaserena.es/geoserver/wfs/ows?service=WFS&version=1.0.0&request=GetFeature&typeName=LG3_WS_SmartParking_public:sensores_es&srsName=EPSG%3A4258&outputFormat=SHAPE-ZIP | http://geoserver.villanuevadelaserena.es/geoserver/wfs/ows?service=WFS&version=1.0.0&request=GetFeature&typeName=LG3_WS_SmartParking_public:sensores_es&srsName=EPSG%3A4258&outputFormat=application%2Fvnd.google-earth.kml%2Bxml,,"jue, 27 abr 2017 12:28:15 GMT+0000"
Aparcamientos Ciudad Monumental Cáceres,Conjunto de datos que contiene la información catalogada por el ayuntamiento de Cáceres sobre aparcamientos de la ciudad monumental,Extremadura,Cáceres,Cáceres,L01100377,Ayuntamiento de Cáceres,http://opendata.caceres.es/federator/aparcamientos-ciudad-monumental-caceres,https://datos.gob.es/catalogo/l01100377-aparcamientos-ciudad-monumental-caceres,VND.GEO+JSON | JSON | CSV | TURTLE | SPARQL-QUERY | VND.MS-EXCEL,http://opendata.caceres.es/GetData/GetData?dataset=om%3AAparcamientoCiudadMonumental&format=geojson&geojson=Polygon | http://opendata.caceres.es/GetData/GetData?dataset=om%3AAparcamientoCiudadMonumental&format=json | http://opendata.caceres.es/GetData/GetData?dataset=om%3AAparcamientoCiudadMonumental&format=csv | http://opendata.caceres.es/dataset/5bed3e9c-ceca-4b41-914e-2059dcdde0fc/resource/c7bfbc82-6613-48d1-997c-ea01c2643bfb/download/aparcamientosciudadmonumental.ttl | http://opendata.caceres.es/sparql/ | http://opendata.caceres.es/GetData/GetData?dataset=om%3AAparcamientoCiudadMonumental&format=xls,,"vie, 13 sep 2019 05:39:11 GMT+0000"
Aparcamientos Públicos Cáceres,Conjunto de datos que contiene la información catalogada por el ayuntamiento de Cáceres sobre aparcamientos públicos de la ciudad,Extremadura,Cáceres,Cáceres,L01100377,Ayuntamiento de Cáceres,http://opendata.caceres.es/federator/aparcamientos-publicos-caceres,https://datos.gob.es/catalogo/l01100377-aparcamientos-publicos-caceres,VND.GEO+JSON | TURTLE | VND.MS-EXCEL | JSON | SPARQL-QUERY | CSV,http://opendata.caceres.es/GetData/GetData?dataset=om%3AAparcamientoPublico&format=geojson&geojson=Point | http://opendata.caceres.es/dataset/e56bee62-cfdc-44ba-befc-896ba8a2d8f4/resource/6c63678a-2ddb-4253-a070-d518eba759f5/download/aparcamientos.ttl | http://opendata.caceres.es/GetData/GetData?dataset=om%3AAparcamientoPublico&format=xls | http://opendata.caceres.es/GetData/GetData?dataset=om%3AAparcamientoPublico&format=json | http://opendata.caceres.es/sparql/ | http://opendata.caceres.es/GetData/GetData?dataset=om%3AAparcamientoPublico&format=csv,,"vie, 13 sep 2019 05:37:45 GMT+0000"
Aparcamientos en Batería,Aparcamientos en Batería de la ciudad de Cáceres.,Extremadura,Cáceres,Cáceres,L01100377,Ayuntamiento de Cáceres,https://opendata.caceres.es/datosabiertos/catalogo/dataset/3142c19c-111d-4112-b73b-e767f5539753,https://datos.gob.es/catalogo/l01100377-aparcamientos-en-bateria,HTML | HTML | HTML | VND.GEO+JSON | WMS | CSV | HTML | HTML | WMS,http://sig.caceres.es/visores/MovilidadUrbana/ | https://play.google.com/store/apps/details?id=es.igosoftware.caceresviewandroid&hl=es | https://itunes.apple.com/es/app/caceres-view/id1202640256?l=en&mt=8 | https://ide.caceres.es/geoserver/Movilidad_urbana/ows?service=WFS&version=1.0.0&request=GetFeature&typeName=Movilidad_urbana%3Aaparcamientos_en_bateria&outputFormat=application%2Fjson | https://ide.caceres.es/geoserver/Movilidad_urbana/aparcamientos_en_bateria/wms?request=GetCapabilities&service=WMS | https://ide.caceres.es/geoserver/Movilidad_urbana/ows?service=WFS&version=1.0.0&request=GetFeature&typeName=Movilidad_urbana%3Aaparcamientos_en_bateria&outputFormat=csv | http://ide.caceres.es/descargas/movilidad-catalogo | http://sig.caceres.es/callejero/movilidad-urbana/ | https://ide.caceres.es/geoserver/Movilidad_urbana/aparcamientos_en_bateria/wms?request=GetCapabilities&service=WMS,,"lun, 10 ago 2026 02:38:17 GMT+0000"
Aparcamientos en Línea,Aparcamientos en Línea de la ciudad de Cáceres.,Extremadura,Cáceres,Cáceres,L01100377,Ayuntamiento de Cáceres,https://opendata.caceres.es/datosabiertos/catalogo/dataset/b76d060a-8c04-42a9-be91-d9bf9a1b162b,https://datos.gob.es/catalogo/l01100377-aparcamientos-en-linea,HTML | HTML | WMS | HTML | WMS | VND.GEO+JSON | CSV | HTML | HTML,https://itunes.apple.com/es/app/caceres-view/id1202640256?l=en&mt=8 | https://play.google.com/store/apps/details?id=es.igosoftware.caceresviewandroid&hl=es | https://ide.caceres.es/geoserver/Movilidad_urbana/aparcamientos_en_linea/wms?request=GetCapabilities&service=WMS | http://sig.caceres.es/visores/MovilidadUrbana/ | https://ide.caceres.es/geoserver/Movilidad_urbana/aparcamientos_en_linea/wms?request=GetCapabilities&service=WMS | https://ide.caceres.es/geoserver/Movilidad_urbana/ows?service=WFS&version=1.0.0&request=GetFeature&typeName=Movilidad_urbana%3Aaparcamientos_en_linea&outputFormat=application%2Fjson | https://ide.caceres.es/geoserver/Movilidad_urbana/ows?service=WFS&version=1.0.0&request=GetFeature&typeName=Movilidad_urbana%3Aaparcamientos_en_linea&outputFormat=csv | http://ide.caceres.es/descargas/movilidad-catalogo | http://sig.caceres.es/callejero/movilidad-urbana/,,"lun, 10 ago 2026 02:38:11 GMT+0000"
Aparcamientos para Motos Cáceres,Conjunto de datos que contiene la información catalogada por el ayuntamiento de Cáceres sobre aparcamientos para motos de la ciudad,Extremadura,Cáceres,Cáceres,L01100377,Ayuntamiento de Cáceres,http://opendata.caceres.es/federator/aparcamientos-motos-caceres,https://datos.gob.es/catalogo/l01100377-aparcamientos-para-motos-caceres,VND.MS-EXCEL | VND.GEO+JSON | CSV | TURTLE | JSON | SPARQL-QUERY,http://opendata.caceres.es/GetData/GetData?dataset=om%3AAparcamientoMotos&format=xls | http://opendata.caceres.es/GetData/GetData?dataset=om%3AAparcamientoMotos&format=geojson&geojson=Point | http://opendata.caceres.es/GetData/GetData?dataset=om%3AAparcamientoMotos&format=csv | http://opendata.caceres.es/dataset/4ab20a17-5344-4577-af6f-8f1b1007780e/resource/f03e0016-d2bc-43ff-b6aa-2cd1aba78ec7/download/parkingmotos.ttl | http://opendata.caceres.es/GetData/GetData?dataset=om%3AAparcamientoMotos&format=json | http://opendata.caceres.es/sparql/,,"vie, 13 sep 2019 05:37:26 GMT+0000"
Aparcamientos y Parking,Información de todos los aparcamientos y parking del municipio de Cáceres.,Extremadura,Cáceres,Cáceres,L01100377,Ayuntamiento de Cáceres,https://opendata.caceres.es/datosabiertos/catalogo/dataset/cc8f1f94-9fb2-48bc-8ea6-52416ffe9c9e,https://datos.gob.es/catalogo/l01100377-aparcamientos-y-parking,VND.GEO+JSON | HTML | HTML | HTML | CSV | WMS | HTML | WMS | HTML | WMS,https://ide.caceres.es/geoserver/Movilidad_urbana/ows?service=WFS&version=1.0.0&request=GetFeature&typeName=Movilidad_urbana%3Aaparcamientos&outputFormat=application%2Fjson | http://sig.caceres.es/visores/MovilidadUrbana/ | http://ide.caceres.es/descargas/movilidad-catalogo | https://play.google.com/store/apps/details?id=es.igosoftware.caceresviewandroid&hl=es | https://ide.caceres.es/geoserver/Movilidad_urbana/ows?service=WFS&version=1.0.0&request=GetFeature&typeName=Movilidad_urbana%3Aaparcamientos&outputFormat=csv | https://ide.caceres.es/geoserver/Movilidad_urbana/aparcamientos/wms?request=GetCapabilities&service=WMS | http://sig.caceres.es/callejero/movilidad-urbana/ | https://ide.caceres.es/geoserver/Movilidad_urbana/aparcamientos/wms?request=GetCapabilities&service=WMS | https://itunes.apple.com/es/app/caceres-view/id1202640256?l=en&mt=8 | https://ide.caceres.es/geoserver/Movilidad_urbana/wms?request=GetCapabilities&service=WMS,,"lun, 10 ago 2026 02:41:50 GMT+0000"
Parking Bicis,Información de todos los parking de bicicletas de la ciudad de Cáceres.,Extremadura,Cáceres,Cáceres,L01100377,Ayuntamiento de Cáceres,https://opendata.caceres.es/datosabiertos/catalogo/dataset/b16aa0ac-e05f-4c48-9182-211e3e72b906,https://datos.gob.es/catalogo/l01100377-parking-bicis,HTML | VND.GEO+JSON | HTML | HTML | HTML | WMS | WFS | HTML | WMS,https://play.google.com/store/apps/details?id=es.igosoftware.caceresviewandroid&hl=es | https://ide.caceres.es/geoserver/Movilidad_urbana/ows?service=WFS&version=1.0.0&request=GetFeature&typeName=Movilidad_urbana%3Aparking_bicis&outputFormat=application%2Fjson | http://sig.caceres.es/callejero/movilidad-urbana/ | http://ide.caceres.es/descargas/movilidad-catalogo | http://sig.caceres.es/visores/MovilidadUrbana/ | https://ide.caceres.es/geoserver/Movilidad_urbana/parking_bicis/wms?request=GetCapabilities&service=WMS | https://ide.caceres.es/geoserver/Movilidad_urbana/ows?service=WFS&version=1.0.0&request=GetFeature&typeName=Movilidad_urbana%3Aparking_bicis&outputFormat=csv | https://itunes.apple.com/es/app/caceres-view/id1202640256?l=en&mt=8 | https://ide.caceres.es/geoserver/Movilidad_urbana/parking_bicis/wms?request=GetCapabilities&service=WMS,,"lun, 10 ago 2026 02:40:03 GMT+0000"
Parking Motos,Información de todos los parking de motos y números de plazas incluidas en el municipio de Cáceres.,Extremadura,Cáceres,Cáceres,L01100377,Ayuntamiento de Cáceres,https://opendata.caceres.es/datosabiertos/catalogo/dataset/da1b1ce9-0477-4aa8-b2b3-0a01f99503a0,https://datos.gob.es/catalogo/l01100377-parking-motos,CSV | HTML | HTML | VND.GEO+JSON | WMS | HTML | WMS | HTML | HTML,https://ide.caceres.es/geoserver/Movilidad_urbana/ows?service=WFS&version=1.0.0&request=GetFeature&typeName=Movilidad_urbana%3Aparking_motos&outputFormat=csv | http://ide.caceres.es/descargas/movilidad-catalogo | https://itunes.apple.com/es/app/caceres-view/id1202640256?l=en&mt=8 | https://ide.caceres.es/geoserver/Movilidad_urbana/ows?service=WFS&version=1.0.0&request=GetFeature&typeName=Movilidad_urbana%3Aparking_motos&outputFormat=application%2Fjson | https://ide.caceres.es/geoserver/Movilidad_urbana/parking_motos/wms?request=GetCapabilities&service=WMS | http://sig.caceres.es/callejero/movilidad-urbana/ | https://ide.caceres.es/geoserver/Movilidad_urbana/parking_motos/wms?request=GetCapabilities&service=WMS | http://sig.caceres.es/visores/MovilidadUrbana/ | https://play.google.com/store/apps/details?id=es.igosoftware.caceresviewandroid&hl=es,,"lun, 10 ago 2026 02:40:08 GMT+0000"
Parking de Pago,Información de todos los parking de pago del municipio de Cáceres.,Extremadura,Cáceres,Cáceres,L01100377,Ayuntamiento de Cáceres,https://opendata.caceres.es/datosabiertos/catalogo/dataset/93aedd10-96fc-41a1-8ba8-e306a6da168e,https://datos.gob.es/catalogo/l01100377-parking-de-pago,WMS | HTML | HTML | WMS | HTML | VND.GEO+JSON | WMS | CSV | HTML | HTML,https://ide.caceres.es/geoserver/Movilidad_urbana/wms?request=GetCapabilities&service=WMS | http://sig.caceres.es/visores/MovilidadUrbana/ | https://play.google.com/store/apps/details?id=es.igosoftware.caceresviewandroid&hl=es | https://ide.caceres.es/geoserver/Movilidad_urbana/parkings_de_pago/wms?request=GetCapabilities&service=WMS | http://ide.caceres.es/descargas/movilidad-catalogo | https://ide.caceres.es/geoserver/Movilidad_urbana/ows?service=WFS&version=1.0.0&request=GetFeature&typeName=Movilidad_urbana%3Aparkings_de_pago&outputFormat=application%2Fjson | https://ide.caceres.es/geoserver/Movilidad_urbana/wms?request=GetCapabilities&service=WMS | https://ide.caceres.es/geoserver/Movilidad_urbana/ows?service=WFS&version=1.0.0&request=GetFeature&typeName=Movilidad_urbana%3Aparkings_de_pago&outputFormat=csv | https://itunes.apple.com/es/app/caceres-view/id1202640256?l=en&mt=8 | http://sig.caceres.es/callejero/movilidad-urbana/,,"lun, 10 ago 2026 02:40:05 GMT+0000"
Parking en Superficie,Información de los aparcamientos en superficie del municipio de Cáceres.,Extremadura,Cáceres,Cáceres,L01100377,Ayuntamiento de Cáceres,https://opendata.caceres.es/datosabiertos/catalogo/dataset/589b0e7d-3319-4b3d-bdba-974132769422,https://datos.gob.es/catalogo/l01100377-parking-en-superficie,WMS | HTML | HTML | WMS | VND.GEO+JSON | HTML | WMS | HTML | CSV | HTML,https://ide.caceres.es/geoserver/Movilidad_urbana/Parkings_superficie/wms?request=GetCapabilities&service=WMS | https://itunes.apple.com/es/app/caceres-view/id1202640256?l=en&mt=8 | http://sig.caceres.es/visores/MovilidadUrbana/ | https://ide.caceres.es/geoserver/Movilidad_urbana/Parkings_superficie/wms?request=GetCapabilities&service=WMS | https://ide.caceres.es/geoserver/Movilidad_urbana/ows?service=WFS&version=1.0.0&request=GetFeature&typeName=Movilidad_urbana%3AParkings_superficie&outputFormat=application%2Fjson | http://sig.caceres.es/callejero/movilidad-urbana/ | https://ide.caceres.es/geoserver/Movilidad_urbana/wms?request=GetCapabilities&service=WMS | https://play.google.com/store/apps/details?id=es.igosoftware.caceresviewandroid&hl=es | https://ide.caceres.es/geoserver/Movilidad_urbana/ows?service=WFS&version=1.0.0&request=GetFeature&typeName=Movilidad_urbana%3AParkings_superficie&outputFormat=csv | http://ide.caceres.es/descargas/movilidad-catalogo,,"lun, 10 ago 2026 02:41:47 GMT+0000"
Parquímetro,Información de los parquímetros localizados en la ciudad de Cáceres.,Extremadura,Cáceres,Cáceres,L01100377,Ayuntamiento de Cáceres,https://opendata.caceres.es/datosabiertos/catalogo/dataset/242517d4-5eb2-4b85-a6be-6600a145b40f,https://datos.gob.es/catalogo/l01100377-parquimetro,WMS | WMS | CSV | HTML | HTML | WMS | HTML | HTML | WMS | HTML | VND.GEO+JSON,https://ide.caceres.es/geoserver/Movilidad_urbana/zona_azul/wms?request=GetCapabilities&service=WMS | https://ide.caceres.es/geoserver/Movilidad_urbana/zona_azul/wms?request=GetCapabilities&service=WMS | https://ide.caceres.es/geoserver/Movilidad_urbana/ows?service=WFS&version=1.0.0&request=GetFeature&typeName=Movilidad_urbana%3Aparquimetro&outputFormat=csv | https://itunes.apple.com/es/app/caceres-view/id1202640256?l=en&mt=8 | https://play.google.com/store/apps/details?id=es.igosoftware.caceresviewandroid&hl=es | https://ide.caceres.es/geoserver/Movilidad_urbana/parquimetro/wms?request=GetCapabilities&service=WMS | http://sig.caceres.es/visores/MovilidadUrbana/ | http://sig.caceres.es/callejero/movilidad-urbana/ | https://ide.caceres.es/geoserver/Movilidad_urbana/parquimetro/wms?request=GetCapabilities&service=WMS | http://ide.caceres.es/descargas/movilidad-catalogo | https://ide.caceres.es/geoserver/Movilidad_urbana/ows?service=WFS&version=1.0.0&request=GetFeature&typeName=Movilidad_urbana%3Aparquimetro&outputFormat=application%2Fjson,,"lun, 10 ago 2026 02:40:15 GMT+0000"
Plazas Zona Azul,Conjunto de datos que contiene la información catalogada por el ayuntamiento de Cáceres sobre las plazas de zona azul de la ciudad,Extremadura,Cáceres,Cáceres,L01100377,Ayuntamiento de Cáceres,http://opendata.caceres.es/federator/plazas-zona-azul,https://datos.gob.es/catalogo/l01100377-plazas-zona-azul,CSV | SPARQL-QUERY | JSON | VND.GEO+JSON | VND.MS-EXCEL | TURTLE,http://opendata.caceres.es/GetData/GetData?dataset=om%3APlazaZonaAzul&format=csv | http://opendata.caceres.es/sparql/ | http://opendata.caceres.es/GetData/GetData?dataset=om%3APlazaZonaAzul&format=json | http://opendata.caceres.es/GetData/GetData?dataset=om%3APlazaZonaAzul&format=geojson&geojson=Point | http://opendata.caceres.es/GetData/GetData?dataset=om%3APlazaZonaAzul&format=xls | http://opendata.caceres.es/dataset/31b980b2-7d77-4637-a439-ea6c92f1a026/resource/6fd004a4-bc94-4111-a2f1-c8cd46e99f5b/download/plazaszonaazul.ttl,,"vie, 13 sep 2019 04:37:45 GMT+0000"
Zona Azul,"Información de la Zona Azul, aparcamiento regulado de la ciudad de Cáceres.",Extremadura,Cáceres,Cáceres,L01100377,Ayuntamiento de Cáceres,https://opendata.caceres.es/datosabiertos/catalogo/dataset/92df4fa3-6633-4e9a-9e87-23ca44b72d07,https://datos.gob.es/catalogo/l01100377-zona-azul,WMS | HTML | CSV | HTML | VND.GEO+JSON | WMS | WMS | WMS | HTML | HTML | HTML | HTML,https://ide.caceres.es/geoserver/Movilidad_urbana/parquimetro/wms?request=GetCapabilities&service=WMS | http://sig.caceres.es/visores/MovilidadUrbana/ | https://ide.caceres.es/geoserver/Movilidad_urbana/ows?service=WFS&version=1.0.0&request=GetFeature&typeName=Movilidad_urbana%3Azona_azul&outputFormat=csv | http://opendata.caceres.es/dataset/plazas-zona-azul | https://ide.caceres.es/geoserver/Movilidad_urbana/ows?service=WFS&version=1.0.0&request=GetFeature&typeName=Movilidad_urbana%3Azona_azul&outputFormat=application%2Fjson | https://ide.caceres.es/geoserver/Movilidad_urbana/parquimetro/wms?request=GetCapabilities&service=WMS | https://ide.caceres.es/geoserver/Movilidad_urbana/zona_azul/wms?request=GetCapabilities&service=WMS | https://ide.caceres.es/geoserver/Movilidad_urbana/zona_azul/wms?request=GetCapabilities&service=WMS | https://itunes.apple.com/es/app/caceres-view/id1202640256?l=en&mt=8 | https://play.google.com/store/apps/details?id=es.igosoftware.caceresviewandroid&hl=es | http://sig.caceres.es/callejero/movilidad-urbana/ | http://ide.caceres.es/descargas/movilidad-catalogo,,"lun, 10 ago 2026 02:41:34 GMT+0000"
Aparcamientos en la ciudad,Aparcamientos en la ciudad,Galicia,Pontevedra,Vigo,L01360577,Ayuntamiento de Vigo,,https://datos.gob.es/catalogo/l01360577-aparcamientos-en-la-ciudad,VND.MS-EXCEL | VND.GOOGLE-EARTH.KML+XML | JSON | ZIP | CSV | JSON,https://datos.vigo.org/data/trafico/aparcamientos-od.xls | https://datos.vigo.org/data/trafico/aparcamientos-od.kml | https://datos.vigo.org/data/trafico/aparcamientos-od.json | https://datos.vigo.org/data/trafico/aparcamientos-od.shp.zip | https://datos.vigo.org/data/trafico/aparcamientos-od.csv | https://datos.vigo.org/data/trafico/aparcamientos-od.geojson,,"mar, 17 mar 2020 16:55:18 GMT+0000"
Plazas de aparcamiento para personas con discapacidad,Distribución de plazas de aparcamiento para personas con discapacidad,Galicia,Pontevedra,Vigo,L01360577,Ayuntamiento de Vigo,,https://datos.gob.es/catalogo/l01360577-plazas-de-aparcamiento-para-personas-con-discapacidad,ZIP | JSON | JSON | CSV | VND.MS-EXCEL | VND.GOOGLE-EARTH.KML+XML,https://datos.vigo.org/data/trafico/plazas_minusvalido.shp.zip | https://datos.vigo.org/data/trafico/plazas_minusvalido.json | https://datos.vigo.org/data/trafico/plazas_minusvalido.geojson | https://datos.vigo.org/data/trafico/plazas_minusvalido.csv | https://datos.vigo.org/data/trafico/plazas_minusvalido.xls | https://datos.vigo.org/data/trafico/plazas_minusvalido.kml,,"mar, 17 mar 2020 16:55:10 GMT+0000"
Aparcamientos: Actual o planificado,Aparcamientos fotovoltaicos de las Illes Balears,Islas Baleares,,,A04003003,Gobierno de las Illes Balears,https://intranet.caib.es/opendatacataleg/dataset/b72af3e4-7203-4f3d-bb60-06b6ecf84903,https://datos.gob.es/catalogo/a04003003-aparcamientos-actual-o-planificado1,JSON | CSV,https://intranet.caib.es/opendatacataleg/files/dataset/aparcaments-actual-o-planificat/aparcaments-actual-o-planificat.geojson | https://intranet.caib.es/opendatacataleg/files/dataset/aparcaments-actual-o-planificat/aparcaments-actual-o-planificat.csv,,"mar, 07 jul 2026 04:12:03 GMT+0000"
Aparcamientos: Insolación anual (kWh / m2),Aparcamientos fotovoltaicos de las Islas Baleares,Islas Baleares,,,A04003003,Gobierno de las Illes Balears,https://intranet.caib.es/opendatacataleg/dataset/89510927-be28-422f-8491-a737d646430f,https://datos.gob.es/catalogo/a04003003-aparcamientos-insolacion-anual-kwh-m21,JSON | CSV,https://intranet.caib.es/opendatacataleg/files/dataset/aparcaments-insolacio-anual-kwh-m2/aparcaments-insolacio-anual-kwh-m2.geojson | https://intranet.caib.es/opendatacataleg/files/dataset/aparcaments-insolacio-anual-kwh-m2/aparcaments-insolacio-anual-kwh-m2.csv,,"mar, 07 jul 2026 16:12:53 GMT+0000"
Aparcamientos: Porcentaje zona arbolada,Aparcamientos fotovoltaicos de las Illes Balears,Islas Baleares,,,A04003003,Gobierno de las Illes Balears,https://intranet.caib.es/opendatacataleg/dataset/eaef8ce0-6832-4d00-acc6-1c44e1f7457c,https://datos.gob.es/catalogo/a04003003-aparcamientos-porcentaje-zona-arbolada1,JSON | CSV,https://intranet.caib.es/opendatacataleg/files/dataset/aparcaments-percentatge-zona-arbrada/aparcaments-percentatge-zona-arbrada.geojson | https://intranet.caib.es/opendatacataleg/files/dataset/aparcaments-percentatge-zona-arbrada/aparcaments-percentatge-zona-arbrada.csv,,"mar, 07 jul 2026 17:43:56 GMT+0000"
Parkings de Euskadi,Información sobre diferentes aparcamientos subterraneos en las tres capitales.,País Vasco,,,A16003011,Comunidad Autónoma del País Vasco,https://opendata.euskadi.eus/catalogo/-/parkings-de-euskadi/,https://datos.gob.es/catalogo/a16003011-parkings-de-euskadi,VND.GOOGLE-EARTH.KML+XML | RSS+XML | API | VND.GEO+JSON | application/vnd.openxmlformats-officedocument.spreadsheetml.sheet | JAVASCRIPT | JSON | XML | HTML,"http://turismo.euskadi.net/x65-15809/es/s12GoogleMapsWar/gMapsJSP/VisorGMapsNP.jsp?lang=es | http://www.euskadi.net/r01hSearchResultWar/r01hPresentationRSS.jsp?r01kLang=es&r01kQry=tC:euskadi;tF:turismo;tT:c_transporte_y_movilidad;m:documentLanguage.EQ.es,templateType.EQ.C6;p:Inter_portal,Inter;pp:r01NavBarBlockSize.10,r01PageSize.100 | https://opendata.euskadi.eus/webopd00-resbus/es?r01kQry=tC:euskadi;tF:turismo;tT:c_transporte_y_movilidad;m:documentLanguage.EQ.es,templateType.EQ.C6;p:Inter_portal,Inter; | https://opendata.euskadi.eus/contenidos/ds_recursos_turisticos/parkings_de_euskadi/opendata/transporte.geojson | https://opendata.euskadi.eus/contenidos/ds_recursos_turisticos/parkings_de_euskadi/opendata/transporte.xlsx | https://opendata.euskadi.eus/contenidos/ds_recursos_turisticos/parkings_de_euskadi/opendata/transporte.jsonp | https://opendata.euskadi.eus/contenidos/ds_recursos_turisticos/parkings_de_euskadi/opendata/transporte.json | https://opendata.euskadi.eus/contenidos/ds_recursos_turisticos/parkings_de_euskadi/opendata/transporte.xml | https://opendata.euskadi.eus/contenidos/ds_recursos_turisticos/parkings_de_euskadi/opendata/transporte-padding.geojson",,"mié, 12 ago 2026 22:00:00 GMT+0000"
Aparcamientos de carga y descarga de Donostia / San Sebastián,"Localización, horarios, tiempos y usos de las zonas de carga y descarga.Sistema de referencia: ETRS89 ZONA 30 EPSG:25830.El conjunto de datos se puede visualizar a través del visor de [GeoDonostia](https://www.donostia.eus/es/geodonostia/catalogo-mapas/visor?extent=-234654.4487,5350747.3305,-215621.",País Vasco,Gipuzkoa,Donostia/San Sebastián,L01200697,Ayuntamiento de Donostia/San Sebastián,https://www.donostia.eus/datosabiertos/catalogo/aparcamiento-cd,https://datos.gob.es/catalogo/l01200697-aparcamientos-carga-y-descarga,CSV | WMS | X-ZIPPED-SHP | VND.GEO+JSON,https://www.donostia.eus/datosabiertos/recursos/aparcamiento-cd/Zamalanak.csv | https://www.donostia.eus/datosabiertos/recursos/aparcamiento-cd/MapServer | https://www.donostia.eus/datosabiertos/recursos/aparcamiento-cd/Zamalanak.zip | https://www.donostia.eus/datosabiertos/recursos/aparcamiento-cd/Zamalanak.json,,"sáb, 26 ago 2023 22:00:00 GMT+0000"
Aparcamientos de movilidad reducida de Donostia / San Sebastián,Este conjunto de datos proporciona la localización y características de los aparcamientos destinados a personas con movilidad reducida en toda la ciudad de Donostia / San Sebastián. Incluye tanto aparcamientos públicos como privados identificados por matrícula.Para cada aparcamiento se ofrece la sig,País Vasco,Gipuzkoa,Donostia/San Sebastián,L01200697,Ayuntamiento de Donostia/San Sebastián,https://www.donostia.eus/datosabiertos/catalogo/aparcamiento-movreducida,https://datos.gob.es/catalogo/l01200697-aparcamientos-aparcamientos-movilidad-reducida,WMS | VND.GEO+JSON | CSV | X-ZIPPED-SHP,https://www.donostia.eus/datosabiertos/recursos/aparcamiento-movreducida/WMSServer%3Frequest=GetCapabilities&service=WMS | https://www.donostia.eus/datosabiertos/recursos/aparcamiento-movreducida/MMAparkalekuak.json | https://www.donostia.eus/datosabiertos/recursos/aparcamiento-movreducida/MMAparkalekuak.csv | https://www.donostia.eus/datosabiertos/recursos/aparcamiento-movreducida/MMurriztuenAparkalekuak.zip,,"lun, 23 mar 2020 23:00:00 GMT+0000"
Aparcamientos de superficie de Donostia / San Sebastián,Este conjunto de datos recoge información detallada sobre todos los aparcamientos en superficie en Donostia / San Sebastián. Cada aparcamiento está representado geográficamente mediante un polígono y contiene los siguientes atributos: * Tipo de vehículo: Indica si el aparcamiento es para turismos o ,País Vasco,Gipuzkoa,Donostia/San Sebastián,L01200697,Ayuntamiento de Donostia/San Sebastián,https://www.donostia.eus/datosabiertos/catalogo/aparcamiento-superficie,https://datos.gob.es/catalogo/l01200697-aparcamientos-aparcamientos-en-superficie,X-ZIPPED-SHP | WMS,https://www.donostia.eus/datosabiertos/recursos/aparcamiento-superficie/LurgainekoAparkalekuak.zip | https://www.donostia.eus/datosabiertos/recursos/aparcamiento-superficie/MapServer,,"mié, 23 ago 2023 22:00:00 GMT+0000"
Aparcamientos disuasorios de Donostia / San Sebastián,"Este conjunto de datos proporciona la ubicación e información detallada de los aparcamientos disuasorios disponibles en Donostia / San Sebastián. Estos aparcamientos están estratégicamente situados cerca de las principales vías de acceso a la ciudad, facilitando que los conductores puedan estacionar",País Vasco,Gipuzkoa,Donostia/San Sebastián,L01200697,Ayuntamiento de Donostia/San Sebastián,https://www.donostia.eus/datosabiertos/catalogo/aparcamiento-disuasorio,https://datos.gob.es/catalogo/l01200697-aparcamientos-aparcamientos-disuasorios,WMS | X-ZIPPED-SHP | CSV | VND.GEO+JSON,https://www.donostia.eus/datosabiertos/recursos/aparcamiento-disuasorio/MapServer | https://www.donostia.eus/datosabiertos/recursos/aparcamiento-disuasorio/AldirietakoAparkalekuak.zip | https://www.donostia.eus/datosabiertos/recursos/aparcamiento-disuasorio/AldirietakoAparkalekuak.csv | https://www.donostia.eus/datosabiertos/recursos/aparcamiento-disuasorio/AldirietakoAparkalekuak.json,,"mié, 23 ago 2023 22:00:00 GMT+0000"
Aparcamientos para caravanas de Donostia / San Sebastián,Este conjunto de datos recoge la localización geográfica de los aparcamientos habilitados para autocaravanas en el término municipal de Donostia / San Sebastián.Cada aparcamiento se representa geográficamente mediante un punto e incluye la siguiente información:* Nombre del aparcamiento* Número de a,País Vasco,Gipuzkoa,Donostia/San Sebastián,L01200697,Ayuntamiento de Donostia/San Sebastián,https://www.donostia.eus/datosabiertos/catalogo/aparcamiento-autocaravana,https://datos.gob.es/catalogo/l01200697-aparcamientos-para-caravanas-de-donostia-san-sebastian,WMS | X-ZIPPED-SHP,https://www.donostia.eus/datosabiertos/recursos/aparcamiento-autocaravana/MapServer | https://www.donostia.eus/datosabiertos/recursos/aparcamiento-autocaravana/AutokarabanaAparkalekuak.zip,,"mié, 23 ago 2023 22:00:00 GMT+0000"
Aparcamientos para motoclitas y ciclomotores de Donostia / San Sebastián,Este conjunto de datos ofrece información sobre los aparcamientos destinados a motocicletas en el término municipal de Donostia / San Sebastián. Cada punto en el mapa representa una zona de aparcamiento y contiene la siguiente información:* Número de plazas para estacionar.* Dirección completa* Barr,País Vasco,Gipuzkoa,Donostia/San Sebastián,L01200697,Ayuntamiento de Donostia/San Sebastián,https://www.donostia.eus/datosabiertos/catalogo/aparcamiento-motos,https://datos.gob.es/catalogo/l01200697-aparcamientos-aparcamientos-motos,CSV | VND.GEO+JSON | X-ZIPPED-SHP | WMS,https://www.donostia.eus/datosabiertos/recursos/aparcamiento-motos/MotoenAparkalekuak.csv | https://www.donostia.eus/datosabiertos/recursos/aparcamiento-motos/MotoenAparkalekuak.json | https://www.donostia.eus/datosabiertos/recursos/aparcamiento-motos/MotoenAparkalekuak.zip | https://www.donostia.eus/datosabiertos/recursos/aparcamiento-motos/WMSServer,,"mié, 23 ago 2023 22:00:00 GMT+0000"
Aparcamientos públicos de bicicletas de Donostia/San Sebastián,Este conjunto de datos describe la ubicación de los aparcamientos públicos de bicicletas de Donostia / San Sebastián. Incluye información sobre:* Dirección completa* Barrio donde se encuentra * Número de plazas * Año de instalación de los aparcamiento Sistema de Referencia: ETRS89 ZONA 30 EPSG:25830,País Vasco,Gipuzkoa,Donostia/San Sebastián,L01200697,Ayuntamiento de Donostia/San Sebastián,https://www.donostia.eus/datosabiertos/catalogo/bicicleta-aparcamiento-publico,https://datos.gob.es/catalogo/l01200697-bicicleta-aparcamientos-publicos,X-ZIPPED-SHP | VND.GEO+JSON | WMS | CSV,https://www.donostia.eus/datosabiertos/recursos/bicicleta-aparcamiento-publico/BizikletaAparkalekuak.zip | https://www.donostia.eus/datosabiertos/recursos/bicicleta-aparcamiento-publico/bizikletaaparkalekuak.json | https://www.donostia.eus/datosabiertos/recursos/bicicleta-aparcamiento-publico/WMSServer%3Frequest=GetCapabilities&service=WMS | https://www.donostia.eus/datosabiertos/recursos/bicicleta-aparcamiento-publico/bizikletaaparkalekuak.csv,,"lun, 23 mar 2020 23:00:00 GMT+0000"
Zonas de ordenación del aparcamiento (OTA) de Donostia / San Sebastián,"Este conjunto de datos ofrece información sobre las distintas zonas de ordenación del aparcamiento (OTA) establecidas en la ciudad. Las zonas se organizan en los siguientes tipos:* Coexistencia: Calles donde se alterna el uso entre aparcamiento para residentes y zonas peatonales, según horarios espe",País Vasco,Gipuzkoa,Donostia/San Sebastián,L01200697,Ayuntamiento de Donostia/San Sebastián,https://www.donostia.eus/datosabiertos/catalogo/transporte-ota,https://datos.gob.es/catalogo/l01200697-zonas-de-ota,X-ZIPPED-SHP | X-ZIPPED-SHP | X-ZIPPED-SHP | WMS | X-ZIPPED-SHP,https://www.donostia.eus/datosabiertos/recursos/transporte-ota/TAO_OrdainduBeharrekoEremuak.zip | https://www.donostia.eus/datosabiertos/recursos/transporte-ota/TAO_Elkarbanatua.zip | https://www.donostia.eus/datosabiertos/recursos/transporte-ota/TAO_Bertakoak.zip | https://www.donostia.eus/datosabiertos/recursos/transporte-ota/WMSServer%3Frequest=GetCapabilities&service=WMS | https://www.donostia.eus/datosabiertos/recursos/transporte-ota/TAO_Merkataritza.zip,,"mié, 23 ago 2023 22:00:00 GMT+0000"
Aparcamientos Municipales para Residentes,"Relaci&#243;n de edificios de aparcamiento de titularidad municipal destinados al estacionamiento de veh&#237;culos por parte de vecinos residentes que ostenten el t&#237;tulo constitutivo de su situaci&#243;n y re&#250;nan, en todo momento, las condiciones fijadas en la &#8220;Ordenanza Reguladora ",País Vasco,Vizcaya,Bilbao,L01480209,Ayuntamiento de Bilbao,http://www.bilbao.net/opendata/catalogo/dato-aparcamientos-residentes,https://datos.gob.es/catalogo/l01480209-aparcamientos-municipales-para-residentes,JSON | XML,https://www.bilbao.eus/cs/Satellite?c=Page&language=es&pageid=1272990695486&pagename=Bilbaonet/Page/OD_aparcamientosResidentes&formato=JSON | https://www.bilbao.eus/cs/Satellite?c=Page&language=es&pageid=1272990695486&pagename=Bilbaonet/Page/OD_aparcamientosResidentes&formato=XML,,"mié, 29 may 2024 22:00:00 GMT+0000"
Noticias de temas de Aparcamientos,"Noticias de temas de Aparcamientos, publicadas por el Gabinete de Prensa del Ayuntamiento de Bilbao.",País Vasco,Vizcaya,Bilbao,L01480209,Ayuntamiento de Bilbao,http://www.bilbao.net/opendata/catalogo/dato-noticias-aparcamientos,https://datos.gob.es/catalogo/l01480209-noticias-de-temas-de-aparcamientos,RSS+XML,https://www.bilbao.eus/cs/Satellite?language=es&pageid=3000075248&pagename=Bilbaonet/Page/BIO_suscripcionRSS&tipoSus=Noticias&idSec=3000014050,,"mié, 29 may 2024 22:00:00 GMT+0000"
Aparcamientos,"Información sobre los aparcamientos de Vitoria-Gasteiz: subterráneos, en superficie, de pago, gratuitos y disuasorios . Además, se ofrece, en formato PDF y SHP (el archivo 7Z), el mapa de los aparcamientos colectivos.",País Vasco,Álava,Vitoria-Gasteiz,L01010590,Ayuntamiento de Vitoria-Gasteiz,https://www.vitoria-gasteiz.org/j34-01w/catalogo/aparcamientos_en_vitoriagasteiz,https://datos.gob.es/catalogo/l01010590-aparcamientos,VND.GOOGLE-EARTH.KML+XML | OCTET-STREAM | PDF | OCTET-STREAM | OCTET-STREAM | OCTET-STREAM | OCTET-STREAM,https://www.vitoria-gasteiz.org/docs/j34/catalogo/00/24/aparcamientosdisuasorios.kml | https://www.vitoria-gasteiz.org/docs/j34/catalogo/00/24/AparcamientosGratuitos.kml | https://www.vitoria-gasteiz.org/docs/j34/catalogo/00/24/aparcamientos_colectivos.pdf | https://www.vitoria-gasteiz.org/docs/j34/catalogo/00/24/aparcamientos16colectivos.7z | https://www.vitoria-gasteiz.org/docs/j34/catalogo/00/24/Aparcamientossubterraneos.kml | https://www.vitoria-gasteiz.org/docs/j34/catalogo/00/24/AparcamientosSuperficie.kml | https://www.vitoria-gasteiz.org/docs/j34/catalogo/00/24/Aparcamientosdepago.kml,,"dom, 15 may 2022 22:00:00 GMT+0000"
Aparcamientos en línea y en batería en la ciudad,Aparcamientos en línea y en batería en Vitoria-Gasteiz. Fecha de los datos: 2016. Los datos se ofrecen en PDF y SHP (archivo 7Z).,País Vasco,Álava,Vitoria-Gasteiz,L01010590,Ayuntamiento de Vitoria-Gasteiz,https://www.vitoria-gasteiz.org/j34-01w/catalogo/Aparcamientos,https://datos.gob.es/catalogo/l01010590-aparcamientos-en-linea-y-en-bateria-en-la-ciudad1,PDF | OCTET-STREAM,https://www.vitoria-gasteiz.org/docs/j34/catalogo/00/86/aparcamientos.pdf | https://www.vitoria-gasteiz.org/docs/j34/catalogo/00/86/aparcamientos16.7z,,"dom, 09 abr 2017 22:00:00 GMT+0000"
Aparcamientos para bicicletas,Ubicación en el mapa de los aparcamientos para bicicletas en Vitoria-Gasteiz. Los datos se ofrecen en SHP (archivo ZIP) y como WMS (Web Map Service).,País Vasco,Álava,Vitoria-Gasteiz,L01010590,Ayuntamiento de Vitoria-Gasteiz,https://www.vitoria-gasteiz.org/j34-01w/catalogo/Aparcabicicletas,https://datos.gob.es/catalogo/l01010590-aparcamientos-para-bicicletas,HTML | ZIP,https://www.vitoria-gasteiz.org/geovitoria/geo?idioma=ES#YWNjaW9uPXNob3cmaWQ9MTE1OTgmbj11bmRlZmluZWQ= | https://www.vitoria-gasteiz.org/docs/j34/catalogo/00/04/aparcamientos_bicicletas.zip,,"dom, 30 mar 2025 22:00:00 GMT+0000"
Aparcamientos para motocicletas,Ubicación y listado de los aparcamientos para motocicletas disponibles en la vía pública. Se publica a url del servicio WMS y un listado en formato csv y ods.,País Vasco,Álava,Vitoria-Gasteiz,L01010590,Ayuntamiento de Vitoria-Gasteiz,https://www.vitoria-gasteiz.org/j34-01w/catalogo/aparcamientos_para_motocicletas,https://datos.gob.es/catalogo/l01010590-aparcamientos-para-motocicletas,ZIP | HTML,https://www.vitoria-gasteiz.org/docs/j34/catalogo/02/06/aparcamientos_motocicletas.zip | https://www.vitoria-gasteiz.org/geovitoria/geo?#YWNjaW9uPXNob3cmaWQ9MTc2MzI=,,"jue, 09 jul 2026 22:00:00 GMT+0000"
Aparcamientos para personas con movilidad reducida,Información sobre los aparcamientos para personas con movilidad reducida en Vitoria-Gasteiz.,País Vasco,Álava,Vitoria-Gasteiz,L01010590,Ayuntamiento de Vitoria-Gasteiz,https://www.vitoria-gasteiz.org/j34-01w/catalogo/aparcamientos_para_personas_con_movilidad_reducida,https://datos.gob.es/catalogo/l01010590-aparcamientos-para-personas-con-movilidad-reducida1,HTML | ZIP,https://www.vitoria-gasteiz.org/j16-02w/inicio.do?idioma=es#ZGV0LDE2MTU1 | https://www.vitoria-gasteiz.org/docs/j34/catalogo/00/25/aparcamientos_motocicletas.zip,,"dom, 30 mar 2025 22:00:00 GMT+0000"
Balance de la oferta y demanda de aparcamiento,"Balance de la oferta y demanda de aparcamientos en la ciudad de Vitoria-Gasteiz. FECHA DE LOS DATOS: 2016. La demanda de aparcamientos se estima a partir del número de vehículos motorizados por portal, según el impuesto de circulación. La oferta es el número de plazas de aparcamiento, en la que se i",País Vasco,Álava,Vitoria-Gasteiz,L01010590,Ayuntamiento de Vitoria-Gasteiz,https://www.vitoria-gasteiz.org/j34-01w/catalogo/Balance_de_la_oferta_y_demanda_de_aparcamiento,https://datos.gob.es/catalogo/l01010590-balance-de-la-oferta-y-demanda-de-aparcamiento,PDF | PDF | OCTET-STREAM | PDF,https://www.vitoria-gasteiz.org/docs/j34/catalogo/00/87/balance_aparcamientos.pdf | https://www.vitoria-gasteiz.org/docs/j34/catalogo/00/87/oferta_aparcamientos.pdf | https://www.vitoria-gasteiz.org/docs/j34/catalogo/00/87/balance_oferta_demanda.7z | https://www.vitoria-gasteiz.org/docs/j34/catalogo/00/87/demanda_aparcamientos.pdf,,"dom, 09 abr 2017 22:00:00 GMT+0000"
Estacionamiento regulado en superficie (OTA),Información sobre la regulación del servicio de estacionamiento regulado en superficie (OTA) de Vitoria-Gasteiz.,País Vasco,Álava,Vitoria-Gasteiz,L01010590,Ayuntamiento de Vitoria-Gasteiz,https://www.vitoria-gasteiz.org/j34-01w/catalogo/estacionamiento_limitado_en_superficie_ota,https://datos.gob.es/catalogo/l01010590-estacionamiento-regulado-en-superficie-ota,HTML,https://www.vitoria-gasteiz.org/geovitoria/geo?idioma=ES#YWNjaW9uPXNob3dDb2xlY2Npb24maWQ9OTQmdGlwbz1nJm5vbWJyZT1udWxsJmFwbGljYWNpb249SjE2Jm49dW5kZWZpbmVk,,"mié, 26 nov 2025 23:00:00 GMT+0000"
Aparcamientos Subterráneos en Rotación,"Localización de los aparcamientos públicos subterráneos en rotación en la ciudad de Gijón, en los que cualquier ciudadano o visitante puede aparcar adecuándose a sus tarifas vigentes.",Principado de Asturias,Asturias,Gijón,L01330241,Ayuntamiento de Gijón,https://opendata.gijon.es/catalogo/aparcamientos-rotacion,https://datos.gob.es/catalogo/l01330241-aparcamientos-subterraneos-en-rotacion1,VND.GOOGLE-EARTH.KML+XML,https://opendata.gijon.es/descargar.php?id=453&tipo=KML,,"jue, 14 mar 2019 12:18:17 GMT+0000"
Aparcamientos Zona ORA,Localización de las Zonas del Municipio de Gijón cuyo régimen de estacionamiento queda sometido a las normas de la Ordenanza Municipal de Circulación y Transporte  que regula el aparcamiento en zonas limitadas.,Principado de Asturias,Asturias,Gijón,L01330241,Ayuntamiento de Gijón,https://opendata.gijon.es/catalogo/aparcamientos_zona_ora,https://datos.gob.es/catalogo/l01330241-aparcamientos-zona-ora1,VND.GOOGLE-EARTH.KML+XML,https://opendata.gijon.es/descargar.php?id=803&tipo=KML,,"jue, 14 mar 2019 12:13:59 GMT+0000"
Aparcamientos carga y descarga,Localización de las zonas de estacionamiento para carga y descarga de mercancías en vía pública.,Principado de Asturias,Asturias,Gijón,L01330241,Ayuntamiento de Gijón,https://opendata.gijon.es/catalogo/aparcamiento_carga_descarga,https://datos.gob.es/catalogo/l01330241-aparcamientos-carga-y-descarga,VND.GOOGLE-EARTH.KML+XML,https://opendata.gijon.es/descargar.php?id=826&tipo=KML,,"jue, 14 mar 2019 12:09:38 GMT+0000"
Aparcamientos en Superficie,"Localización de zonas de aparcamiento en superficie de Gijón, ya sean libres o de pago. Están asociados a puntos estratégicos con una afluencia significativa de personas como estaciones, centros comerciales, edificios administrativos, centros de trabajo, zona universitaria, hospitales,etc.",Principado de Asturias,Asturias,Gijón,L01330241,Ayuntamiento de Gijón,https://opendata.gijon.es/catalogo/aparcamientos-superficie,https://datos.gob.es/catalogo/l01330241-aparcamientos-en-superficie1,VND.GOOGLE-EARTH.KML+XML,https://opendata.gijon.es/descargar.php?id=452&tipo=KML,,"jue, 14 mar 2019 12:20:36 GMT+0000"
Aparcamientos libres para bicicletas,Localización de las zonas de aparcamiento libres para bicicletas en diferentes emplazamientos estratégicos de la ciudad de Gijón.,Principado de Asturias,Asturias,Gijón,L01330241,Ayuntamiento de Gijón,https://opendata.gijon.es/catalogo/aparcamiento_libre_bicicletas,https://datos.gob.es/catalogo/l01330241-aparcamientos-libres-para-bicicletas,VND.GOOGLE-EARTH.KML+XML,https://opendata.gijon.es/descargar.php?id=828&tipo=KML,,"jue, 14 mar 2019 11:43:25 GMT+0000"
Aparcamientos para Residentes,Localización de los aparcamientos destinados al estacionamiento de vehículos por parte de los vecinos residentes.,Principado de Asturias,Asturias,Gijón,L01330241,Ayuntamiento de Gijón,https://opendata.gijon.es/catalogo/aparcamientos_residentes,https://datos.gob.es/catalogo/l01330241-aparcamientos-para-residentes1,VND.GOOGLE-EARTH.KML+XML,https://opendata.gijon.es/descargar.php?id=451&tipo=KML,,"jue, 14 mar 2019 12:15:50 GMT+0000"
Aparcamientos para motos,Localización de los aparcamientos para motos en Gijón.,Principado de Asturias,Asturias,Gijón,L01330241,Ayuntamiento de Gijón,https://opendata.gijon.es/catalogo/aparcamiento-motos,https://datos.gob.es/catalogo/l01330241-aparcamientos-para-motos,VND.GOOGLE-EARTH.KML+XML,https://opendata.gijon.es/descargar.php?id=450&tipo=KML,,"jue, 14 mar 2019 12:16:42 GMT+0000"
Aparcamientos para personas con movilidad reducida,Localización de las plazas de aparcamiento habilitadas en superficie reservadas para personas en situación de movilidad reducida.,Principado de Asturias,Asturias,Gijón,L01330241,Ayuntamiento de Gijón,https://opendata.gijon.es/catalogo/aparcamiento-minusvalidos,https://datos.gob.es/catalogo/l01330241-aparcamientos-para-personas-con-movilidad-reducida,VND.GOOGLE-EARTH.KML+XML,https://opendata.gijon.es/descargar.php?id=449&tipo=KML,,"jue, 14 mar 2019 12:01:26 GMT+0000"
Aparcamientos públicos,Aparcamientos públicos,Región de Murcia,,,A14002961,Región de Murcia (CARM),https://datosabiertos.regiondemurcia.es/ayuntamiento-de-molina-de-segura/catalogo/transporte/transporte-parking,https://datos.gob.es/catalogo/a14002961-aparcamientos-publicos,CSV | HTML | JSON | VND.MS-EXCEL | XML,http://datosabiertos.regiondemurcia.es/catalogo/recursos/ayuntamiento-de-molina-de-segura/transporte-parking.csv | http://datosabiertos.regiondemurcia.es/catalogo/recursos/ayuntamiento-de-molina-de-segura/transporte-parking.html | http://datosabiertos.regiondemurcia.es/catalogo/recursos/ayuntamiento-de-molina-de-segura/transporte-parking.json | http://datosabiertos.regiondemurcia.es/catalogo/recursos/ayuntamiento-de-molina-de-segura/transporte-parking.xls | http://datosabiertos.regiondemurcia.es/catalogo/recursos/ayuntamiento-de-molina-de-segura/transporte-parking.xml,,"mar, 13 may 2025 22:00:00 GMT+0000"
Smart10k - Aparcamiento - Movilidad Reducida - Blanca,Contiene datos sobre uso y ocupación de plazas de aparcamiento para personas de movilidad reducida en el municipio de Blanca sensorizadas dentro del marco de una experiencia piloto para la generación de datos abiertos sobre calidad de aire en municipios de la Región de Murcia de menos de 10.000 habi,Región de Murcia,,,A14002961,Región de Murcia (CARM),https://datosabiertos.regiondemurcia.es/fundacion-integra/catalogo/transporte/smart10k-aparcamiento-movilidad-reducida-blanca,https://datos.gob.es/catalogo/a14002961-smart10k-aparcamiento-movilidad-reducida-blanca,CSV | JSON,https://datosabiertos.regiondemurcia.es/dumper?id=a94451d8-f8d5-488b-9dfa-6edf74502d08&type=csv | https://datosabiertos.regiondemurcia.es/dumper?id=a94451d8-f8d5-488b-9dfa-6edf74502d08&type=json,,"mié, 11 mar 2026 23:00:00 GMT+0000"
Smart10k - Aparcamiento - Movilidad Reducida - Librilla,Contiene datos sobre uso y ocupación de plazas de aparcamiento para personas de movilidad reducida en el municipio de Librilla sensorizadas dentro del marco de una experiencia piloto para la generación de datos abiertos sobre calidad de aire en municipios de la Región de Murcia de menos de 10.000 ha,Región de Murcia,,,A14002961,Región de Murcia (CARM),https://datosabiertos.regiondemurcia.es/fundacion-integra/catalogo/transporte/smart10k-aparcamiento-movilidad-reducida-librilla1,https://datos.gob.es/catalogo/a14002961-smart10k-aparcamiento-movilidad-reducida-librilla,CSV | JSON,https://datosabiertos.regiondemurcia.es/dumper?id=6cc05fb2-2d4a-4331-bfb9-1e64d94a2533&type=csv | https://datosabiertos.regiondemurcia.es/dumper?id=6cc05fb2-2d4a-4331-bfb9-1e64d94a2533&type=json,,"mié, 11 mar 2026 23:00:00 GMT+0000"
Smart10k - Aparcamiento - Movilidad Reducida - Lorqui,Contiene datos sobre uso y ocupación de plazas de aparcamiento para personas de movilidad reducida en el municipio de Lorquí sensorizadas dentro del marco de una experiencia piloto para la generación de datos abiertos sobre calidad de aire en municipios de la Región de Murcia de menos de 10.000 habi,Región de Murcia,,,A14002961,Región de Murcia (CARM),https://datosabiertos.regiondemurcia.es/fundacion-integra/catalogo/transporte/smart10k-aparcamiento-movilidad-reducida-lorqui,https://datos.gob.es/catalogo/a14002961-smart10k-aparcamiento-movilidad-reducida-lorqui,JSON | CSV,https://datosabiertos.regiondemurcia.es/dumper?id=1aaab106-f56a-48a2-a72a-58cb95e32b66&type=json | https://datosabiertos.regiondemurcia.es/dumper?id=1aaab106-f56a-48a2-a72a-58cb95e32b66&type=csv,,"mié, 11 mar 2026 23:00:00 GMT+0000"
Smart10k - Aparcamiento - Movilidad Reducida - Moratalla,Contiene datos sobre uso y ocupación de plazas de aparcamiento para personas de movilidad reducida en el municipio de Moratalla sensorizadas dentro del marco de una experiencia piloto para la generación de datos abiertos sobre calidad de aire en municipios de la Región de Murcia de menos de 10.000 h,Región de Murcia,,,A14002961,Región de Murcia (CARM),https://datosabiertos.regiondemurcia.es/fundacion-integra/catalogo/transporte/smart10k-aparcamiento-movilidad-reducida-moratalla,https://datos.gob.es/catalogo/a14002961-smart10k-aparcamiento-movilidad-reducida-moratalla,JSON | CSV,https://datosabiertos.regiondemurcia.es/dumper?id=85806c57-af02-4087-9d03-3252f5357e31&type=JSON | https://datosabiertos.regiondemurcia.es/dumper?id=85806c57-af02-4087-9d03-3252f5357e31&type=csv,,"mié, 11 mar 2026 23:00:00 GMT+0000"
Smart5k - Aparcamiento - Movilidad Reducida - Albudeite,Contiene datos sobre uso y ocupación de plazas de aparcamiento para personas de movilidad reducida en el municipio sensorizadas en el marco del proyecto Smart5K.,Región de Murcia,,,A14002961,Región de Murcia (CARM),https://datosabiertos.regiondemurcia.es/fundacion-integra/catalogo/transporte/smart5k-aparcamiento-movilidad-reducida-albudeite,https://datos.gob.es/catalogo/a14002961-smart5k-aparcamiento-movilidad-reducida-albudeite,CSV | JSON,https://datosabiertos.regiondemurcia.es/dumper?id=60a3b15f-bc58-413f-9e4c-bb38f45b85f1&type=csv | https://datosabiertos.regiondemurcia.es/dumper?id=60a3b15f-bc58-413f-9e4c-bb38f45b85f1&type=json,,"mié, 11 mar 2026 23:00:00 GMT+0000"
Smart5k - Aparcamiento - Movilidad Reducida - Aledo,Contiene datos sobre uso y ocupación de plazas de aparcamiento para personas de movilidad reducida en el municipio sensorizadas en el marco del proyecto Smart5K.,Región de Murcia,,,A14002961,Región de Murcia (CARM),https://datosabiertos.regiondemurcia.es/fundacion-integra/catalogo/transporte/smart5k-aparcamiento-movilidad-reducida-aledo,https://datos.gob.es/catalogo/a14002961-smart5k-aparcamiento-movilidad-reducida-aledo,CSV | JSON,https://datosabiertos.regiondemurcia.es/dumper?id=b6765bbb-1b03-40ab-9302-b3e905a06f15&type=csv | https://datosabiertos.regiondemurcia.es/dumper?id=b6765bbb-1b03-40ab-9302-b3e905a06f15&type=json,,"mié, 11 mar 2026 23:00:00 GMT+0000"
Smart5k - Aparcamiento - Movilidad Reducida - Campos del Rio,Contiene datos sobre uso y ocupación de plazas de aparcamiento para personas de movilidad reducida en el municipio sensorizadas en el marco del proyecto Smart5K.,Región de Murcia,,,A14002961,Región de Murcia (CARM),https://datosabiertos.regiondemurcia.es/fundacion-integra/catalogo/transporte/smart5k-aparcamiento-movilidad-reducida-campos-del-rio,https://datos.gob.es/catalogo/a14002961-smart5k-aparcamiento-movilidad-reducida-campos-del-rio,JSON | CSV,https://datosabiertos.regiondemurcia.es/dumper/?id=ff2eeb25-91e8-4066-b2f4-735f1ed9b63c&type=json | https://datosabiertos.regiondemurcia.es/dumper/?id=ff2eeb25-91e8-4066-b2f4-735f1ed9b63c&type=csv,,"mié, 11 mar 2026 23:00:00 GMT+0000"
Smart5k - Aparcamiento - Movilidad Reducida - Ojos,Contiene datos sobre uso y ocupación de plazas de aparcamiento para personas de movilidad reducida en el municipio sensorizadas en el marco del proyecto Smart5K.,Región de Murcia,,,A14002961,Región de Murcia (CARM),https://datosabiertos.regiondemurcia.es/fundacion-integra/catalogo/transporte/smart5k-aparcamiento-movilidad-reducida-ojos,https://datos.gob.es/catalogo/a14002961-smart5k-aparcamiento-movilidad-reducida-ojos,CSV | JSON,https://datosabiertos.regiondemurcia.es/dumper?id=7be383d0-786b-4b50-8f7d-a5c87706f7f4&type=csv | https://datosabiertos.regiondemurcia.es/dumper?id=7be383d0-786b-4b50-8f7d-a5c87706f7f4&type=json,,"mié, 11 mar 2026 23:00:00 GMT+0000"
Smart5k - Aparcamiento - Movilidad Reducida - Pliego,Contiene datos sobre uso y ocupación de plazas de aparcamiento para personas de movilidad reducida en el municipio sensorizadas en el marco del proyecto Smart5K.,Región de Murcia,,,A14002961,Región de Murcia (CARM),https://datosabiertos.regiondemurcia.es/fundacion-integra/catalogo/transporte/smart5k-aparcamiento-movilidad-reducida-pliego,https://datos.gob.es/catalogo/a14002961-smart5k-aparcamiento-movilidad-reducida-pliego,CSV | JSON,https://datosabiertos.regiondemurcia.es/dumper?id=38ec3cd7-35b0-47d3-9b07-e550b357afa7&type=csv | https://datosabiertos.regiondemurcia.es/dumper?id=38ec3cd7-35b0-47d3-9b07-e550b357afa7&type=json,,"mié, 11 mar 2026 23:00:00 GMT+0000"
Smart5k - Aparcamiento - Movilidad Reducida - Ricote,Contiene datos sobre uso y ocupación de plazas de aparcamiento para personas de movilidad reducida en el municipio sensorizadas en el marco del proyecto Smart5K.,Región de Murcia,,,A14002961,Región de Murcia (CARM),https://datosabiertos.regiondemurcia.es/fundacion-integra/catalogo/transporte/smart5k-aparcamiento-movilidad-reducida-ricote,https://datos.gob.es/catalogo/a14002961-smart5k-aparcamiento-movilidad-reducida-ricote,CSV | JSON,https://datosabiertos.regiondemurcia.es/dumper?id=243ffdd4-b76b-459a-ad9d-db99a1e16983&type=csv | https://datosabiertos.regiondemurcia.es/dumper?id=243ffdd4-b76b-459a-ad9d-db99a1e16983&type=json,,"mié, 11 mar 2026 23:00:00 GMT+0000"
Smart5k - Aparcamiento - Movilidad Reducida - Ulea,Contiene datos sobre uso y ocupación de plazas de aparcamiento para personas de movilidad reducida en el municipio sensorizadas en el marco del proyecto Smart5K.,Región de Murcia,,,A14002961,Región de Murcia (CARM),https://datosabiertos.regiondemurcia.es/fundacion-integra/catalogo/transporte/smart5k-aparcamiento-movilidad-reducida-ulea,https://datos.gob.es/catalogo/a14002961-smart5k-aparcamiento-movilidad-reducida-ulea,CSV | JSON,https://datosabiertos.regiondemurcia.es/dumper?id=b3b82f9d-4b81-481c-9f4c-69d3d3125aca&type=csv | https://datosabiertos.regiondemurcia.es/dumper?id=b3b82f9d-4b81-481c-9f4c-69d3d3125aca&type=json,,"mié, 11 mar 2026 23:00:00 GMT+0000"
Smart5k - Aparcamiento - Movilidad Reducida - Villanueva,Contiene datos sobre uso y ocupación de plazas de aparcamiento para personas de movilidad reducida en el municipio sensorizadas en el marco del proyecto Smart5K.,Región de Murcia,,,A14002961,Región de Murcia (CARM),https://datosabiertos.regiondemurcia.es/fundacion-integra/catalogo/transporte/smart5k-aparcamiento-movilidad-reducida-villanueva,https://datos.gob.es/catalogo/a14002961-smart5k-aparcamiento-movilidad-reducida-villanueva,CSV | JSON,https://datosabiertos.regiondemurcia.es/dumper?id=ee7931cd-a01c-44e2-8bac-94dd45102387&type=csv | https://datosabiertos.regiondemurcia.es/dumper?id=ee7931cd-a01c-44e2-8bac-94dd45102387&type=json,,"mié, 11 mar 2026 23:00:00 GMT+0000"
Parkings públicos,Parkings públicos de la ciudad de Lorca,Región de Murcia,Murcia,Lorca,L01300243,Ayuntamiento de Lorca,https://datos.lorca.es/catalogo/parkings/,https://datos.gob.es/catalogo/l01300243-parkings-publicos,XML | RDF+XML | CSV | VND.MS-EXCEL | JSON | HTML,https://datos.lorca.es/catalogo/parkings/parkings.xml | https://datos.lorca.es/catalogo/parkings/parkings.rdf | https://datos.lorca.es/catalogo/parkings/parkings.csv | https://datos.lorca.es/catalogo/parkings/parkings.excel | https://datos.lorca.es/catalogo/parkings/parkings.json | https://datos.lorca.es/catalogo/parkings/parkings.html,,"mié, 31 dic 2025 23:00:00 GMT+0000"
Plazas de parking para personas con movilidad reducida,Plazas de parking geoposicionadas reservadas a personas con discapacidad,Región de Murcia,Murcia,Lorca,L01300243,Ayuntamiento de Lorca,https://datos.lorca.es/catalogo/parking-movilidad-reducida/,https://datos.gob.es/catalogo/l01300243-plazas-de-parking-para-personas-con-movilidad-reducida,XML | CSV | VND.MS-EXCEL | RDF+XML | JSON | HTML,https://datos.lorca.es/catalogo/parking-movilidad-reducida/parking-movilidad-reducida.xml | https://datos.lorca.es/catalogo/parking-movilidad-reducida/parking-movilidad-reducida.csv | https://datos.lorca.es/catalogo/parking-movilidad-reducida/parking-movilidad-reducida.excel | https://datos.lorca.es/catalogo/parking-movilidad-reducida/parking-movilidad-reducida.rdf | https://datos.lorca.es/catalogo/parking-movilidad-reducida/parking-movilidad-reducida.json | https://datos.lorca.es/catalogo/parking-movilidad-reducida/parking-movilidad-reducida.html,,"vie, 14 ago 2026 22:00:00 GMT+0000"
Edificios destinados a viviendas que disponen de garaje según nº de inmuebles por nº de plazas de garaje (Identificador API: /t20/e244/edificios/p03/l0/01009.px),"Tabla de INEbase
Edificios destinados a viviendas que disponen de garaje según nº de inmuebles por nº de plazas de garaje. Comunidades Autónomas y Provincias. Censos de Población y Viviendas",Región de Murcia,Zaragoza,,EA0042823,Instituto Nacional de Estadística (INE),urn:ine:es:TABLA:PX:t20:e244:edificios:p03:01009,https://datos.gob.es/catalogo/ea0042823-edificios-destinados-a-viviendas-que-disponen-de-garaje-segun-n-de-inmuebles-por-n-de-plazas-de-garaje-identificador-api-t20-e244-edificios-p03-l0-01009-px1,PC-AXIS | HTML | application/vnd.openxmlformats-officedocument.spreadsheetml.sheet | CSV | JSON | CSV,https://www.ine.es/jaxi/files/_px/px/t20/e244/edificios/p03/01009.px | https://www.ine.es/jaxi/Tabla.htm?path=/t20/e244/edificios/p03/&file=01009.px | https://www.ine.es/jaxi/files/_px/xlsx/t20/e244/edificios/p03/01009.xlsx | https://www.ine.es/jaxi/files/_px/csv_bdsc/t20/e244/edificios/p03/01009.csv | https://servicios.ine.es/wstempus/js/es/DATOS_TABLA/t20/e244/edificios/p03/01009.px?tip=AM | https://www.ine.es/jaxi/files/_px/csv_bd/t20/e244/edificios/p03/01009.csv,,"mié, 09 oct 2013 14:05:32 GMT+0000"
