gis_x;gis_y;fecha_de_alta;fecha_de_baja;cod_distrito;distrito;cod_barrio;num_barrio;barrio;calle;numero_finca;matricula;longitud;latitud
439608.1907882330;4473550.0278627100;2014-05-28;1900-01-08;1;Centro;11;1;Palacio;AGUAS, CALLE, DE LAS;1;0301110056;-3.7117741820;40.4103791990
439757.5709535220;4473794.5182208300;2014-05-27;1900-01-08;1;Centro;11;1;Palacio;ALMENDRO, CALLE, DEL;14;0301110042;-3.7100368020;40.4125919050
439724.4730690000;4474317.3719490000;2014-05-26;1900-01-08;1;Centro;11;1;Palacio;AMNISTIA, CALLE, DE LA;6;0301110014;-3.7104764900;40.4172997840
439923.6811090000;4474528.8892540000;2014-05-26;1900-01-08;1;Centro;11;1;Palacio;ANGELES, COSTANILLA, DE LOS;11;0301110012;-3.7081485050;40.4192195370
439735.2317480000;4474489.9585980000;2014-05-26;1900-01-08;1;Centro;11;1;Palacio;ARRIETA, CALLE, DE;8;0301110010;-3.7103660230;40.4188551350
439232.9841766630;4473818.0719398400;2014-05-27;1900-01-08;1;Centro;11;1;Palacio;BEATRIZ GALINDO, CALLE, DE;S/N;0301110032;-3.7162215950;40.4127663130
439622.7569039360;4473423.0306175300;2014-05-28;1900-01-08;1;Centro;11;1;Palacio;CALATRAVA, CALLE, DE;17;0301110064;-3.7115904910;40.4092360910
439549.6164080680;4473438.8364026500;2014-05-28;1900-01-08;1;Centro;11;1;Palacio;CALATRAVA, CALLE, DE;29;0301110063;-3.7124538820;40.4093730850
439479.2651683980;4473481.5016919100;2014-05-28;1900-01-08;1;Centro;11;1;Palacio;CALATRAVA, CALLE, DE;37;0301110046;-3.7132870190;40.4097518670
439834.9469865800;4474517.9686340600;2014-05-26;1900-01-08;1;Centro;11;1;Palacio;CAMPOMANES, CALLE, DE;8;0301110011;-3.7091932930;40.4191145710
439885.3223309330;4473783.4094054000;2014-05-27;1900-01-08;1;Centro;11;1;Palacio;CAVA ALTA, CALLE, DE LA;6;0301110041;-3.7085302090;40.4125010340
439775.1329369930;4473743.0719398400;2014-05-27;1900-01-08;1;Centro;11;1;Palacio;CAVA BAJA, CALLE, DE LA;34;0301110045;-3.7098250370;40.4121295850
439778.7486394730;4473597.8240059600;2014-05-28;1900-01-08;1;Centro;11;1;Palacio;CEBADA, CALLE, DE LA;1;0301110058;-3.7097686580;40.4108218660
439834.8436807950;4473661.7702869500;2014-05-27;2020-06-29;1;Centro;11;1;Palacio;CEBADA, PLAZA, DE LA;3;0301110049;-3.7091135950;40.4114019860
439819.5452090000;4473647.6337040000;2014-05-27;1900-01-08;1;Centro;11;1;Palacio;CEBADA, PLAZA, DE LA;5;0301110048;-3.7092925870;40.4112732420
439351.2693006300;4473878.4025183500;2014-05-27;1900-01-08;1;Centro;11;1;Palacio;CIEGOS, CUESTA, DE LOS;S/N;0301110031;-3.7148332610;40.4133184150
438968.1585284230;4474047.6933661300;2014-07-01;1900-01-08;1;Centro;11;1;Palacio;CIUDAD DE PLASENCIA, PASEO, DE LA;S/N;0301120021;-3.7193647840;40.4148152670
439153.1012452810;4474042.2378287500;2014-05-28;2023-03-03;1;Centro;11;1;Palacio;CIUDAD DE PLASENCIA, PASEO, DE LA;S/N;0301120022;-3.7171844500;40.4147800880
439765.7321105470;4473972.8240059600;2014-05-26;1900-01-08;1;Centro;11;1;Palacio;CORDON, PLAZA, DEL;3;0301110030;-3.7099575620;40.4141987070
439308.7417524200;4473344.2427387400;2014-05-28;1900-01-08;1;Centro;11;1;Palacio;DESCARGAS, CUESTA, DE LAS;10;0301110069;-3.7152835480;40.4085031060
439715.6288047620;4474900.3033448000;2014-05-26;1900-01-08;1;Centro;11;1;Palacio;DOCTOR CARRACIDO, CALLE, DEL;2;0301110002;-3.7106359440;40.4225501400
439510.6701270760;4473694.6215266200;2014-05-27;1900-01-08;1;Centro;11;1;Palacio;DON PEDRO, CALLE, DE;12;0301110044;-3.7129371710;40.4116737970
439363.0409850000;4473727.7498540000;2014-05-27;1900-01-08;1;Centro;11;1;Palacio;DON PEDRO, CALLE, DE;20;0301110035;-3.7146801660;40.4119615940
439631.1246725310;4474662.9066505800;2014-05-26;1900-01-08;1;Centro;11;1;Palacio;ENCARNACION, CALLE, DE LA;10;0301110007;-3.7116095140;40.4204059600
439693.3179710000;4474587.8144370000;2014-05-26;1900-01-08;1;Centro;11;1;Palacio;ENCARNACION, CALLE, DE LA;2;0301110009;-3.7108692520;40.4197334800
439814.3891353410;4474304.9521051300;2014-05-26;1900-01-08;1;Centro;11;1;Palacio;ESCALINATA, CALLE, DE LA;11;0301110013;-3.7094154860;40.4171943600
439545.7940940180;4474176.5430142200;2014-05-26;1900-01-08;1;Centro;11;1;Palacio;FACTOR, CALLE, DEL;10;0301110017;-3.7125690460;40.4160178480
439718.1791390000;4474760.2235020000;2014-05-26;1900-01-08;1;Centro;11;1;Palacio;FOMENTO, CALLE, DE;16;0301110004;-3.7105925710;40.4212884300
439902.7155816220;4473831.2950803400;2014-05-27;1900-01-08;1;Centro;11;1;Palacio;GRAFAL, CALLE, DE;7;0301110040;-3.7083297310;40.4129341900
439485.6702090000;4473409.5087040000;2014-05-28;1900-01-08;1;Centro;11;1;Palacio;GRAN VIA DE SAN FRANCISCO, AVENIDA, DE LA;08;0301110065;-3.7132047430;40.4091041390
439545.6374944230;4473293.6732361800;2014-05-28;1900-01-08;1;Centro;11;1;Palacio;GRAN VIA DE SAN FRANCISCO, AVENIDA, DE LA;6;0301110072;-3.7124869980;40.4080645070
439524.4070589660;4473280.6560348800;2014-05-28;1900-01-08;1;Centro;11;1;Palacio;GRAN VIA DE SAN FRANCISCO, AVENIDA, DE LA;7;0301110073;-3.7127360060;40.4079464770
439435.9210834510;4473319.8626054700;2014-05-28;1900-01-08;1;Centro;11;1;Palacio;GRAN VIA DE SAN FRANCISCO, AVENIDA, DE LA;S/N;0301110070;-3.7137824560;40.4082931170
439513.7693006300;4473853.9190472800;2014-05-27;1900-01-08;1;Centro;11;1;Palacio;GRANADO, CALLE, DEL;2;0301110039;-3.7129158000;40.4131099160
439718.1449150000;4473601.4641750000;2014-05-28;1900-01-08;1;Centro;11;1;Palacio;HUMILLADERO, CALLE, DEL;10;0301110057;-3.7104831360;40.4108497120
439724.2952090000;4473505.3837040000;2014-05-28;1900-01-08;1;Centro;11;1;Palacio;HUMILLADERO, CALLE, DEL;13;0301110059;-3.7104016610;40.4099853480
439703.2389975990;4473689.4094054000;2014-05-27;1900-01-08;1;Centro;11;1;Palacio;HUMILLADERO, PLAZA, DEL;5;0301110036;-3.7106672270;40.4116416540
439833.8088040000;4474770.9404620000;2014-05-26;1900-01-08;1;Centro;11;1;Palacio;ISABEL LA CATOLICA, CALLE, DE;11;0301110005;-3.7092306500;40.4213935100
439629.3438770000;4474143.3902660000;2014-05-26;1900-01-08;1;Centro;11;1;Palacio;JUAN DE HERRERA, CALLE, DE;5;0301110018;-3.7115812090;40.4157258690
439733.9139287290;4474857.1215266200;2014-05-26;1900-01-08;1;Centro;11;1;Palacio;LEGANITOS, CALLE, DE;22;0301110003;-3.7104162720;40.4221628210
439670.2133160000;4474954.7315650000;2014-05-26;2023-09-11;1;Centro;11;1;Palacio;LEGANITOS, CALLE, DE;47;0301110001;-3.7111764720;40.4230371540
439526.1659948450;4473771.4810307500;2014-05-27;1900-01-08;1;Centro;11;1;Palacio;MANCEBOS, CALLE, DE LOS;11;0301110043;-3.7127619040;40.4123674200
439388.5626890600;4474069.8281381900;2014-05-26;1900-01-08;1;Centro;11;1;Palacio;MAYOR, CALLE;85;0301110024;-3.7144120220;40.4150455960
439327.6307972990;4474007.4675988800;2016-08-30;1900-01-08;1;Centro;11;1;Palacio;MAYOR, CALLE;S/N;0301110023;-3.7151242090;40.4144791700
439370.8629645420;4473809.8074770300;2014-05-27;1900-01-08;1;Centro;11;1;Palacio;MORERIA, CALLE, DE LA;14;0301110033;-3.7145958840;40.4127013400
439596.3217400000;4474269.2357610000;2014-05-26;1900-01-08;1;Centro;11;1;Palacio;NOBLEJAS, CALLE, DE;2;0301110016;-3.7119822800;40.4168568880
439340.4616510000;4473439.0550110000;2014-05-28;1900-01-08;1;Centro;11;1;Palacio;ROSARIO, CALLE, DEL;21;0301110062;-3.7149187460;40.4093599640
439435.3602097210;4473472.6173943900;2014-05-28;1900-01-08;1;Centro;11;1;Palacio;ROSARIO, CALLE, DEL;5;0301110061;-3.7138035410;40.4096687890
439624.0998791420;4473850.3033448000;2014-05-27;1900-01-08;1;Centro;11;1;Palacio;SAN ANDRES, COSTANILLA, DE;8;0301110038;-3.7116151290;40.4130852790
439412.6329369930;4473402.5760720700;2014-05-28;1900-01-08;1;Centro;11;1;Palacio;SAN BERNABE, CALLE, DE;12;0301110066;-3.7140646950;40.4090361860
439365.0089700510;4473646.0678076100;2014-05-27;1900-01-08;1;Centro;11;1;Palacio;SAN BUENAVENTURA, CALLE, DE;4;0301110051;-3.7146492270;40.4112265460
439473.0306642660;4473601.5760720700;2014-05-27;2020-06-29;1;Centro;11;1;Palacio;SAN FRANCISCO, CARRERA, DE;14;0301110054;-3.7133718740;40.4108329240
439599.9618760000;4473649.5503710000;2014-05-27;1900-01-08;1;Centro;11;1;Palacio;SAN FRANCISCO, CARRERA, DE;2;0301110050;-3.7118805800;40.4112747890
439500.6702090000;4473595.5087040000;2014-05-27;1900-01-08;1;Centro;11;1;Palacio;SAN ISIDRO LABRADOR, CALLE, DE;11;0301110055;-3.7130456320;40.4107807280
439703.7787670000;4473820.4406230000;2014-05-27;1900-01-08;1;Centro;11;1;Palacio;SAN PEDRO, COSTANILLA, DE;10;0301110034;-3.7106731860;40.4128216030
439659.9469865800;4473910.7372291000;2014-05-27;1900-01-08;1;Centro;11;1;Palacio;SEGOVIA, CALLE, DE;14;0301110037;-3.7111984160;40.4136322240
439415.3436490000;4473949.1348630000;2014-05-26;1900-01-08;1;Centro;11;1;Palacio;SEGOVIA, CALLE, DE;23;0301110027;-3.7140848630;40.4139601280
439536.2899617870;4473948.1339233100;2014-05-26;1900-01-08;1;Centro;11;1;Palacio;SEGOVIA, CALLE, DE;24;0301110029;-3.7126593440;40.4139598410
439316.9016010000;4473935.3773140000;2014-05-26;1900-01-08;1;Centro;11;1;Palacio;SEGOVIA, CALLE, DE;29;0301110026;-3.7152437850;40.4138285770
439271.2073171590;4473951.1297910800;2014-05-26;1900-01-08;1;Centro;11;1;Palacio;SEGOVIA, CALLE, DE;35;0301110025;-3.7157837980;40.4139675190
439117.4883088940;4473755.9851629800;2014-05-28;1900-01-08;1;Centro;11;1;Palacio;SEGOVIA, RONDA, DE;11;0301110060;-3.7175768690;40.4121981110
439073.2806642660;4473645.5760720700;2014-05-27;1900-01-08;1;Centro;11;1;Palacio;SEGOVIA, RONDA, DE;23;0301110052;-3.7180872600;40.4112008780
439157.6742593070;4473451.2330968700;2014-05-27;1900-01-08;1;Centro;11;1;Palacio;SEGOVIA, RONDA, DE;45;0301110053;-3.7170740410;40.4094561070
439216.8684741830;4473360.7027938300;2014-05-28;1900-01-08;1;Centro;11;1;Palacio;SEGOVIA, RONDA, DE;55;0301110068;-3.7163678710;40.4086451990
439356.2811550000;4473286.1154680000;2014-05-28;1900-01-08;1;Centro;11;1;Palacio;SEGOVIA, RONDA, DE;69;0301110071;-3.7147177520;40.4079830890
439479.5723309330;4473224.2427387400;2014-05-28;1900-01-08;1;Centro;11;1;Palacio;SEGOVIA, RONDA, DE;85;0301110075;-3.7132590020;40.4074343100
439922.1556642660;4474676.3260720700;2014-04-26;1900-01-08;1;Centro;11;1;Palacio;SILVA, CALLE, DE;2;0301110008;-3.7081804180;40.4205479390
439650.3949715650;4473258.8057326900;2014-05-29;1900-01-08;1;Centro;11;1;Palacio;TOLEDO, CALLE, DE;104;0301110074;-3.7112491800;40.4077584900
439941.0723309330;4473756.4094054000;2014-05-27;1900-01-08;1;Centro;11;1;Palacio;TOLEDO, CALLE, DE;43;0301110047;-3.7078706200;40.4122619960
439814.9056642660;4474700.9231795100;2014-05-26;1900-01-08;1;Centro;11;1;Palacio;TORIJA, CALLE, DE;2;0301110006;-3.7094468840;40.4207616530
439315.4988990000;4474040.4991780000;2014-07-01;1900-01-08;1;Centro;11;1;Palacio;VEGA, CUESTA, DE LA;1;0301120020;-3.7152703130;40.4147759620
439253.0677160000;4474038.7374520000;2014-07-01;1900-01-08;1;Centro;11;1;Palacio;VEGA, CUESTA, DE LA;3;0301120019;-3.7160060480;40.4147558520
439685.0561090000;4474340.0559210000;2014-05-26;1900-01-08;1;Centro;11;1;Palacio;VERGARA, CALLE, DE;9;0301110015;-3.7109431640;40.4175010640
439540.6985080000;4473987.0359070000;2014-05-26;1900-01-08;1;Centro;11;1;Palacio;VILLA, CALLE, DE LA;2;0301110028;-3.7126111580;40.4143104920
439594.5452090000;4473328.8837040000;2014-05-28;1900-01-08;1;Centro;11;1;Palacio;VIRGEN DE LA PALOMA, PLAZA, DE LA;5;0301110067;-3.7119139830;40.4083860510
439927.1851630000;4473440.6122180000;2014-05-28;1900-01-08;1;Centro;12;2;Embajadores;AMAZONAS, CALLE, DE LAS;1;0301210024;-3.7080044060;40.4094162290
440569.4511188120;4473100.7165679400;2014-05-30;1900-01-08;1;Centro;12;2;Embajadores;AMPARO, CALLE, DE;103;0301210064;-3.7004036050;40.4064005800
440529.0347270000;4473187.9190360000;2014-05-30;1900-01-08;1;Centro;12;2;Embajadores;AMPARO, CALLE, DE;87;0301210057;-3.7008880980;40.4071827250
439829.4080671500;4473148.5712663000;2014-05-29;1900-01-08;1;Centro;12;2;Embajadores;ARGANZUELA, CALLE, DE LA;35;0301210053;-3.7091291790;40.4067787320
439770.6462550000;4473304.0500810000;2014-05-29;1900-01-08;1;Centro;12;2;Embajadores;ARGANZUELA, CALLE, DE LA;FRENTE 12;0301210036;-3.7098363810;40.4081749160
440718.9889975990;4473280.9927387400;2014-05-28;1900-01-08;1;Centro;12;2;Embajadores;ARGUMOSA, CALLE, DE;16;0301210015;-3.6986582040;40.4080348850
440793.2646951030;4473275.6237292600;2014-05-29;1900-01-08;1;Centro;12;2;Embajadores;ARGUMOSA, CALLE, DE;27;0301210052;-3.6977823800;40.4079921420
440952.8562049150;4473193.3249707500;2014-05-30;1900-01-08;1;Centro;12;2;Embajadores;ARGUMOSA, CALLE, DE;32;0301210060;-3.6958940260;40.4072616780
440630.2212810000;4473311.6805300000;2014-05-29;1900-01-08;1;Centro;12;2;Embajadores;ARGUMOSA, CALLE, DE;7;0301210042;-3.6997071180;40.4083047480
441085.1556642660;4473489.9927387400;2014-05-29;1900-01-08;1;Centro;12;2;Embajadores;ATOCHA, CALLE, DE;119;0301210033;-3.6943623950;40.4099433500
440424.6556642660;4473907.4510720700;2014-05-28;1900-01-08;1;Centro;12;2;Embajadores;ATOCHA, CALLE, DE;35;0301210006;-3.7021854460;40.4136577780
440854.7937800000;4473129.5172630000;2014-05-30;1900-01-08;1;Centro;12;2;Embajadores;ATOCHA, RONDA, DE;16;0301210061;-3.6970437810;40.4066801260
440571.9395446700;4473635.0384606700;2026-05-29;1900-01-08;1;Centro;12;2;Embajadores;AVE MARIA, CALLE, DEL;14;0301210016;-3.7004241740;40.4112139980
440520.8871110000;4473546.9684990000;2014-05-28;1900-01-08;1;Centro;12;2;Embajadores;AVE MARIA, CALLE, DEL;32;0301210019;-3.7010176440;40.4104168420
439908.0508910000;4473148.5247830000;2014-05-30;1900-01-08;1;Centro;12;2;Embajadores;CAMPILLO DEL MUNDO NUEVO, PLAZA, DEL;2;0301210066;-3.7082023630;40.4067836600
440469.3478130260;4473832.3281381900;2014-05-28;1900-01-08;1;Centro;12;2;Embajadores;CAÑIZARES, CALLE, DE LOS;3;0301210007;-3.7016517360;40.4129836360
439710.8658164490;4473220.9581305400;2014-05-29;1900-01-08;1;Centro;12;2;Embajadores;CAPITAN SALAZAR MARTINEZ, CALLE, DEL;5;0301210047;-3.7105328690;40.4074217050
439893.2192020000;4473279.2389430000;2014-05-29;1900-01-08;1;Centro;12;2;Embajadores;CARLOS ARNICHES, CALLE, DE;17;0301210037;-3.7083894910;40.4079602860
439996.8483450000;4473663.9107080000;2014-05-28;1900-01-08;1;Centro;12;2;Embajadores;CASCORRO, PLAZA, DE;1;0301210013;-3.7072044990;40.4114324670
440002.2865080000;4473502.2434570000;2014-05-28;1900-01-08;1;Centro;12;2;Embajadores;CASCORRO, PLAZA, DE;12;0301210022;-3.7071251450;40.4099766960
440180.5294127640;4473154.3782346700;2014-05-30;1900-01-08;1;Centro;12;2;Embajadores;CASINO, CALLE, DEL;12;0301210056;-3.7049919080;40.4068555080
440007.1415150000;4473050.5316820000;2014-05-30;1900-01-08;1;Centro;12;2;Embajadores;CASINO, CALLE, DEL;7;0301210067;-3.7070253930;40.4059076640
440052.8302660000;4473848.7498380000;2014-05-27;1900-01-08;1;Centro;12;2;Embajadores;COLEGIATA, CALLE, DE LA;10;0301210002;-3.7065622140;40.4131017800
440115.0089700510;4473821.9975596800;2014-05-27;1900-01-08;1;Centro;12;2;Embajadores;COLEGIATA, CALLE, DE LA;6;0301210003;-3.7058268800;40.4128658360
440216.1453336880;4473941.1091299200;2014-05-27;1900-01-08;1;Centro;12;2;Embajadores;CONCEPCION JERONIMA, CALLE, DE LA;4;0301210001;-3.7046461280;40.4139455750
440204.4056642660;4473863.7010720700;2014-05-28;1900-01-08;1;Centro;12;2;Embajadores;CONDE DE ROMANONES, CALLE, DEL;7;0301210004;-3.7047772210;40.4132476550
440286.5306642660;4473869.7010720700;2014-05-28;1900-01-08;1;Centro;12;2;Embajadores;DOCTOR CORTEZO, CALLE, DEL;7;0301210005;-3.7038098390;40.4133075860
440966.6727848110;4473341.5027841300;2014-05-29;1900-01-08;1;Centro;12;2;Embajadores;DOCTOR FOURQUET, CALLE, DEL;3;0301210041;-3.6957449430;40.4085973570
440779.7925400000;4473203.8592470000;2014-05-30;1900-01-08;1;Centro;12;2;Embajadores;DOCTOR FOURQUET, CALLE, DEL;FRENTE 20;0301210059;-3.6979345010;40.4073445280
440702.7560847710;4473362.3277741100;2014-05-29;1900-01-08;1;Centro;12;2;Embajadores;DOCTOR PIGA, CALLE, DEL;3;0301210040;-3.6988571350;40.4087663230
440061.5998791420;4473688.8364026500;2014-05-28;1900-01-08;1;Centro;12;2;Embajadores;DUQUE DE ALBA, CALLE, DEL;10;0301210012;-3.7064437830;40.4116617650
440032.1513591000;4473554.9589315000;2014-05-28;1900-01-08;1;Centro;12;2;Embajadores;EMBAJADORES, CALLE, DE;4;0301210021;-3.7067781620;40.4104536260
440206.2602898170;4473325.3834409100;2014-05-29;1900-01-08;1;Centro;12;2;Embajadores;EMBAJADORES, CALLE, DE;48;0301210038;-3.7047047420;40.4083987130
440339.4924411260;4473068.4851629800;2014-05-30;1900-01-08;1;Centro;12;2;Embajadores;EMBAJADORES, CALLE, DE;53;0301210065;-3.7031105440;40.4060937040
440357.5709535220;4473003.4025183500;2014-05-30;1900-01-08;1;Centro;12;2;Embajadores;EMBAJADORES, CALLE, DE;S/N;0301210070;-3.7028914450;40.4055083130
439986.2899617870;4473704.0223530600;2014-05-28;1900-01-08;1;Centro;12;2;Embajadores;ESTUDIOS, CALLE, DE LOS;10;0301210011;-3.7073327270;40.4117937740
439888.2589395860;4473426.8891814100;2014-05-28;1900-01-08;1;Centro;12;2;Embajadores;GENERAL VARA DE REY, PLAZA, DEL;9;0301210023;-3.7084619130;40.4092896620
440978.5870819670;4473279.7286551700;2014-05-29;1900-01-08;1;Centro;12;2;Embajadores;HOSPITAL, CALLE, DEL;10;0301210044;-3.6955987810;40.4080422760
440389.9158600000;4473534.7436200000;2014-05-28;1900-01-08;1;Centro;12;2;Embajadores;LAVAPIES, CALLE, DE;32;0301210020;-3.7025600460;40.4102971510
440551.1556642660;4473771.4510720700;2014-05-28;1900-01-08;1;Centro;12;2;Embajadores;MAGDALENA, CALLE, DE LA;25;0301210009;-3.7006819480;40.4124416180
440390.3393940000;4473765.5397270000;2014-05-28;1900-01-08;1;Centro;12;2;Embajadores;MAGDALENA, CALLE, DE LA;8;0301210008;-3.7025767190;40.4123768160
440770.5419920000;4473098.3402750000;2014-05-30;1900-01-08;1;Centro;12;2;Embajadores;MALLORCA, CALLE, DE;13;0301210062;-3.6980336800;40.4063928450
440946.9349840000;4473534.0072780000;2014-05-29;2021-09-17;1;Centro;12;2;Embajadores;MARQUES DE TOCA, CALLE, DEL;1;0301210029;-3.6959954400;40.4103308990
440519.0002330000;4473010.0158270000;2014-05-30;1900-01-08;1;Centro;12;2;Embajadores;MESON DE PAREDES, CALLE, DEL;85;0301210072;-3.7009896840;40.4055795310
440463.7059930000;4473077.1215030000;2014-05-30;1900-01-08;1;Centro;12;2;Embajadores;MIGUEL SERVET, CALLE, DE;19;0301210071;-3.7016476110;40.4061805640
439860.7817060000;4473262.1377830000;2014-05-29;1900-01-08;1;Centro;12;2;Embajadores;MIRA EL RIO BAJA, CALLE, DE;9;0301210045;-3.7087701070;40.4078039830
440083.6876450000;4473195.6714380000;2014-05-29;1900-01-08;1;Centro;12;2;Embajadores;MIRA EL SOL, CALLE, DE;15;0301210049;-3.7061370220;40.4072211130
440463.0805953960;4473661.0471464500;2014-05-28;1900-01-08;1;Centro;12;2;Embajadores;OLIVAR, CALLE, DEL;12;0301210014;-3.7017096050;40.4114404310
440575.4563950000;4473490.1091000000;2014-05-28;2025-10-20;1;Centro;12;2;Embajadores;PRIMAVERA, CALLE, DE LA;3;0301210027;-3.7003691700;40.4099082850
439658.2026206140;4473176.3045462400;2014-05-29;2023-09-11;1;Centro;12;2;Embajadores;PUERTA DE TOLEDO, GLORIETA, DE LA;1;0301210046;-3.7111493140;40.4070153640
439977.2855200930;4473216.0522434800;2014-05-29;1900-01-08;1;Centro;12;2;Embajadores;RIBERA DE CURTIDORES, CALLE, DE LA;20;0301210048;-3.7073927730;40.4073967820
440000.6490740000;4473116.8437470000;2014-05-30;1900-01-08;1;Centro;12;2;Embajadores;RIBERA DE CURTIDORES, CALLE, DE LA;39;0301210055;-3.7071081850;40.4065052020
439975.8364290000;4473389.5450840000;2014-05-28;1900-01-08;1;Centro;12;2;Embajadores;RIBERA DE CURTIDORES, CALLE, DE LA;6;0301210025;-3.7074262910;40.4089593520
440756.0200014710;4473470.3574096800;2014-05-29;1900-01-08;1;Centro;12;2;Embajadores;SALITRE, CALLE, DEL;16;0301210030;-3.6982394290;40.4097437890
440464.9707423600;4473548.1507617000;2014-05-28;1900-01-08;1;Centro;12;2;Embajadores;SAN CARLOS, CALLE, DE;9;0301210026;-3.7016767170;40.4104233170
440823.0003779230;4473616.9333007500;2014-05-28;2021-07-08;1;Centro;12;2;Embajadores;SAN ILDEFONSO, CALLE, DE;1;0301210028;-3.6974637010;40.4110688680
440732.0912870130;4473617.0334208900;2014-05-28;1900-01-08;1;Centro;12;2;Embajadores;SANTA ISABEL, CALLE, DE;26;0301210017;-3.6985350750;40.4110632530
440840.2210427200;4473502.2957356700;2014-05-29;1900-01-08;1;Centro;12;2;Embajadores;SANTA ISABEL, CALLE, DE;31;0301210032;-3.6972501600;40.4100376590
440959.0599970000;4473436.1709660000;2014-05-29;1900-01-08;1;Centro;12;2;Embajadores;SANTA ISABEL, CALLE, DE;FRENTE 48 B;0301210034;-3.6958434340;40.4094496900
440666.7903580000;4473234.7178020000;2014-05-29;1900-01-08;1;Centro;12;2;Embajadores;SOMBRERERIA, CALLE, DE LA;14 A;0301210051;-3.6992690910;40.4076147920
440158.2389975990;4473779.5760720700;2014-05-30;1900-01-08;1;Centro;12;2;Embajadores;TIRSO DE MOLINA, PLAZA, DE;14;0301210054;-3.7053133380;40.4124859070
439672.3970810000;4473278.0324660000;2014-05-29;1900-01-08;1;Centro;12;2;Embajadores;TOLEDO, CALLE, DE;115;0301210035;-3.7109916930;40.4079334140
439939.0723309330;4473722.4927387400;2014-05-28;1900-01-08;1;Centro;12;2;Embajadores;TOLEDO, CALLE, DE;49;0301210010;-3.7078909600;40.4119564370
440128.3393830000;4473020.4282010000;2014-05-30;2017-11-17;1;Centro;12;2;Embajadores;TOLEDO, RONDA, DE;9;0301210068;-3.7055943160;40.4056453640
440207.9841766630;4473001.7496257900;2014-05-30;1900-01-08;1;Centro;12;2;Embajadores;TOLEDO, RONDA, DE;S/N;0301210069;-3.7046539780;40.4054831030
440656.0070880000;4473585.9892250000;2014-05-28;2026-05-28;1;Centro;12;2;Embajadores;TORRECILLA DEL LEAL, CALLE, DE LA;13;0301210018;-3.6994288890;40.4107779780
440695.5187390000;4473479.6984340000;2014-05-29;1900-01-08;1;Centro;12;2;Embajadores;TORRECILLA DEL LEAL, CALLE, DE LA;32;0301210031;-3.6989533340;40.4098230290
440334.8306710000;4473220.7998550000;2014-05-29;2017-03-29;1;Centro;12;2;Embajadores;TRIBULETE, CALLE, DEL;23;0301210050;-3.7031798150;40.4074655370
440611.4720620000;4473157.9725480000;2014-05-30;1900-01-08;1;Centro;12;2;Embajadores;VALENCIA, CALLE, DE;15;0301210058;-3.6999137830;40.4069195080
440572.1994167690;4473244.4863644200;2014-05-29;1900-01-08;1;Centro;12;2;Embajadores;VALENCIA, CALLE, DE;5;0301210043;-3.7003846970;40.4076956940
440633.0874824480;4473052.7826836400;2014-05-30;1900-01-08;1;Centro;12;2;Embajadores;VALENCIA, RONDA, DE;2;0301210063;-3.6996492490;40.4059732680
440608.6431492480;4473376.7450748700;2014-05-29;1900-01-08;1;Centro;12;2;Embajadores;ZURITA, CALLE, DE;41;0301210039;-3.6999675270;40.4088895090
441134.7902500000;4473596.6064190000;2014-05-29;1900-01-08;1;Centro;13;3;Cortes;ALMADEN, CALLE, DE;FRENTE 21;0301310025;-3.6937873180;40.4109077530
440728.1087685380;4473757.1130845400;2014-05-29;1900-01-08;1;Centro;13;3;Cortes;AMOR DE DIOS, CALLE, DEL;14;0301310019;-3.6985950640;40.4123248490
440710.4432030000;4474274.8952840000;2014-05-28;2018-06-06;1;Centro;13;3;Cortes;ARLABAN, CALLE, DE;12;0301310004;-3.6988515200;40.4169875800
440697.4056642660;4474273.5760720700;2021-04-01;1900-01-08;1;Centro;13;3;Cortes;ARLABAN, CALLE, DE;12;0301310004;-3.6990051300;40.4169754330
441079.7935655660;4473517.9249709800;2014-05-29;1900-01-08;1;Centro;13;3;Cortes;ATOCHA, CALLE, DE;117;0301310026;-3.6944281140;40.4101947070
440924.0493363280;4473607.2059473700;2014-05-29;1900-01-08;1;Centro;13;3;Cortes;ATOCHA, CALLE, DE;95;0301310024;-3.6962718920;40.4109881380
440644.6204638550;4474523.4907688900;2016-03-28;1900-01-08;1;Centro;13;3;Cortes;CABALLERO DE GRACIA, CALLE, DEL;26;0301310028;-3.6996505670;40.4192226310
441122.9341250000;4474028.3851570000;2014-05-29;1900-01-08;1;Centro;13;3;Cortes;CANOVAS DEL CASTILLO, PLAZA, DE;3;0301310012;-3.6939670540;40.4147965890
441097.4358600000;4474139.8997220000;2014-05-29;1900-01-08;1;Centro;13;3;Cortes;CANOVAS DEL CASTILLO, PLAZA, DE;5;0301310007;-3.6942778270;40.4157997230
441176.7809534840;4473526.8241053900;2014-05-29;2023-02-02;1;Centro;13;3;Cortes;CENICERO, CALLE, DE;11;0301310027;-3.6932859220;40.4102817390
440867.1376886760;4473982.2391126700;2014-05-29;1900-01-08;1;Centro;13;3;Cortes;CERVANTES, CALLE, DE;15;0301310010;-3.6969774320;40.4143625730
440980.4343270000;4473988.6853260000;2014-05-29;1900-01-08;1;Centro;13;3;Cortes;CERVANTES, CALLE, DE;25;0301310011;-3.6956428410;40.4144290940
440411.2806642660;4474060.7010720700;2014-05-29;2025-02-05;1;Centro;13;3;Cortes;ESPOZ Y MINA, CALLE, DE;28;0301310009;-3.7023575060;40.4150370020
440981.3162050000;4473906.5378350000;2014-05-29;1900-01-08;1;Centro;13;3;Cortes;JESUS, CALLE, DE;3;0301310015;-3.6956247930;40.4136891760
440861.6985801590;4473911.2653795800;2014-05-29;1900-01-08;1;Centro;13;3;Cortes;LOPE DE VEGA, CALLE, DE;23;0301310014;-3.6970350140;40.4137226370
441111.8396265300;4473938.3661664100;2014-05-29;1900-01-08;1;Centro;13;3;Cortes;LOPE DE VEGA, CALLE, DE;51;0301310016;-3.6940894380;40.4139851660
440953.9415342620;4474350.5546689800;2014-05-28;1900-01-08;1;Centro;13;3;Cortes;LOS MADRAZO, CALLE, DE;28;0301310002;-3.6959886790;40.4176865310
440890.3082110000;4474339.9347330000;2014-05-28;1900-01-08;1;Centro;13;3;Cortes;LOS MADRAZO, CALLE, DE;FRENTE 17;0301310003;-3.6967375920;40.4175862060
440995.2944210370;4474253.5801677200;2014-05-28;1900-01-08;1;Centro;13;3;Cortes;MARQUES DE CUBAS, CALLE, DEL;19;0301310005;-3.6954922680;40.4168157500
440983.1556642660;4474408.9510720700;2014-05-28;1900-01-08;1;Centro;13;3;Cortes;MARQUES DE CUBAS, CALLE, DEL;2;0301310001;-3.6956497170;40.4182151990
440787.1800700000;4474070.2636370000;2014-05-29;1900-01-08;1;Centro;13;3;Cortes;PRADO, CALLE, DEL;25;0301310008;-3.6979280840;40.4151495880
441186.6596150000;4473856.9173930000;2014-05-29;1900-01-08;1;Centro;13;3;Cortes;PRADO, PASEO, DEL;20;0301310018;-3.6932000930;40.4132567650
441175.0401530000;4473924.4555190000;2014-05-29;1900-01-08;1;Centro;13;3;Cortes;PRADO, PASEO, DEL;FRENTE 11;0301310017;-3.6933432180;40.4138643870
440581.4187540000;4474136.6317480000;2014-05-29;1900-01-08;1;Centro;13;3;Cortes;PRINCIPE, CALLE, DEL;12;0301310006;-3.7003593150;40.4157329740
440958.1432604460;4473780.4614528100;2014-05-29;1900-01-08;1;Centro;13;3;Cortes;SAN JUAN, PLAZUELA, DE;1;0301310020;-3.6958862340;40.4125517400
441050.7912180000;4473701.8271080000;2014-05-29;1900-01-08;1;Centro;13;3;Cortes;SAN PEDRO, CALLE, DE;14;0301310021;-3.6947869570;40.4118492370
441039.8625493820;4473628.2990755200;2014-05-29;1900-01-08;1;Centro;13;3;Cortes;SAN PEDRO, CALLE, DE;17;0301310023;-3.6949089400;40.4111862670
440482.4112490000;4473925.3027720000;2014-05-29;1900-01-08;1;Centro;13;3;Cortes;SAN SEBASTIAN, CALLE, DE;FRENTE 2;0301310013;-3.7015064920;40.4138223320
441128.8782034010;4473690.5171705100;2014-05-29;1900-01-08;1;Centro;13;3;Cortes;VERONICA, CALLE, DE LA;17;0301310022;-3.6938657560;40.4117537250
441196.7302360000;4474884.7097250000;2014-05-27;1900-01-08;1;Centro;14;4;Justicia;ALMIRANTE, CALLE, DEL;21;0301410043;-3.6931763730;40.4225157060
441040.2011100000;4474891.5195220000;2014-05-27;1900-01-08;1;Centro;14;4;Justicia;ALMIRANTE, CALLE, DEL;5;0301410048;-3.6950220420;40.4225660690
441104.0294300000;4475290.6413050000;2014-05-26;1900-01-08;1;Centro;14;4;Justicia;ARGENSOLA, CALLE, DE;23;0301410012;-3.6943067040;40.4261667070
441050.3023300000;4475196.7343050000;2014-05-26;1900-01-08;1;Centro;14;4;Justicia;ARGENSOLA, CALLE, DE;9;0301410022;-3.6949313420;40.4253165520
440673.9778300000;4474916.0923050000;2014-05-27;1900-01-08;1;Centro;14;4;Justicia;AUGUSTO FIGUEROA, CALLE, DE;17;0301410044;-3.6993411690;40.4227619630
440854.0957850000;4474842.3091020000;2014-05-27;1900-01-08;1;Centro;14;4;Justicia;AUGUSTO FIGUEROA, CALLE, DE;39;0301410046;-3.6972112560;40.4221097650
441274.8556180000;4474970.0299860000;2014-05-27;1900-01-08;1;Centro;14;4;Justicia;BARBARA DE BRAGANZA, CALLE, DE;14;0301410038;-3.6922634220;40.4232904590
441145.5442650000;4475009.6652020000;2014-05-27;1900-01-08;1;Centro;14;4;Justicia;BARBARA DE BRAGANZA, CALLE, DE;2;0301410037;-3.6937913860;40.4236376140
440795.0934470000;4474794.1407460000;2014-05-27;2018-05-03;1;Centro;14;4;Justicia;BARBIERI, CALLE, DE;18;0301410050;-3.6979021860;40.4216712800
440644.8260690000;4475372.3196310000;2014-05-26;1900-01-08;1;Centro;14;4;Justicia;BARCELO, CALLE, DE;11;0301410009;-3.6997273430;40.4268690960
440981.3283150000;4474736.1185700000;2014-05-28;1900-01-08;1;Centro;14;4;Justicia;BARQUILLO, CALLE, DEL;13;0301410052;-3.6957016270;40.4211619210
440992.1394210000;4474568.4968730000;2014-05-28;1900-01-08;1;Centro;14;4;Justicia;BARQUILLO, CALLE, DEL;4;0301410057;-3.6955586740;40.4196525780
440921.5920300000;4475064.7533050000;2014-05-27;1900-01-08;1;Centro;14;4;Justicia;BELEN, TRAVESIA, DE;4;0301410033;-3.6964362730;40.4241184980
440964.7889740000;4475269.4570880000;2014-05-26;1900-01-08;1;Centro;14;4;Justicia;CAMPOAMOR, CALLE, DE;7;0301410014;-3.6959461080;40.4259653130
441021.5051500000;4475343.6500400000;2014-05-26;1900-01-08;1;Centro;14;4;Justicia;CAMPOAMOR, CALLE, DE;FRENTE 18;0301410010;-3.6952843420;40.4266381370
440526.2348250000;4475490.0841650000;2014-05-26;1900-01-08;1;Centro;14;4;Justicia;CHURRUCA, CALLE, DE;17;0301410002;-3.7011363610;40.4279215050
440556.8291860000;4475415.5776200000;2014-05-26;1900-01-08;1;Centro;14;4;Justicia;CHURRUCA, CALLE, DE;FRENTE 7;0301410008;-3.7007688080;40.4272528630
440890.2286307730;4474728.9397084400;2014-05-27;1900-01-08;1;Centro;14;4;Justicia;COLMENARES, CALLE, DE;13;0301410051;-3.6967747200;40.4210911030
441119.8286300000;4474939.9233050000;2014-05-27;1900-01-08;1;Centro;14;4;Justicia;CONDE DE XIQUENA, CALLE, DEL;8;0301410042;-3.6940880060;40.4230075900
440682.5031300000;4475042.0373050000;2014-05-27;2017-07-19;1;Centro;14;4;Justicia;FARMACIA, CALLE, DE LA;11;0301410028;-3.6992524180;40.4238967630
441052.4775050000;4475066.8965830000;2014-05-27;1900-01-08;1;Centro;14;4;Justicia;FERNANDO VI, CALLE, DE;16;0301410029;-3.6948936420;40.4241465730
440966.9562680000;4475167.3285870000;2014-05-26;1900-01-08;1;Centro;14;4;Justicia;FERNANDO VI, CALLE, DE;17;0301410025;-3.6959110430;40.4250457730
440887.6598300000;4475235.7283050000;2014-05-26;1900-01-08;1;Centro;14;4;Justicia;FERNANDO VI, CALLE, DE;FRENTE 5;0301410020;-3.6968521260;40.4256559730
440547.9983320000;4475220.3183040000;2014-05-26;1900-01-08;1;Centro;14;4;Justicia;FUENCARRAL, CALLE, DE;79;0301410017;-3.7008545800;40.4254929660
440466.0220340000;4475487.3950500000;2014-05-26;1900-01-08;1;Centro;14;4;Justicia;FUENCARRAL, CALLE, DE;98;0301410001;-3.7018458540;40.4278930860
441147.4412914930;4475248.3008048700;2014-05-26;1900-01-08;1;Centro;14;4;Justicia;GENERAL CASTAÑOS, CALLE, DEL;11;0301410023;-3.6937910990;40.4257882690
441081.5369030000;4475375.2814390000;2014-05-26;1900-01-08;1;Centro;14;4;Justicia;GENOVA, CALLE, DE;10;0301410011;-3.6945797180;40.4269274810
440627.0127550000;4474994.9919880000;2014-05-27;2017-05-16;1;Centro;14;4;Justicia;HERNAN CORTES, CALLE, DE;11;0301410034;-3.6999020950;40.4234688780
440575.1556642660;4474745.3260720700;2014-05-28;1900-01-08;1;Centro;14;4;Justicia;HORTALEZA, CALLE, DE;15;0301410053;-3.7004900070;40.4212160080
440616.2857300000;4474815.4213050000;2014-05-27;1900-01-08;1;Centro;14;4;Justicia;HORTALEZA, CALLE, DE;25;0301410049;-3.7000118170;40.4218509030
440536.8921150000;4474670.6455700000;2014-05-28;1900-01-08;1;Centro;14;4;Justicia;HORTALEZA, CALLE, DE;7;0301410061;-3.7009341070;40.4205402620
440877.8627790000;4474617.0530540000;2014-05-28;1900-01-08;1;Centro;14;4;Justicia;INFANTAS, CALLE, DE LAS;29;0301410055;-3.6969100520;40.4200821250
440629.8849150000;4474699.6745700000;2014-05-28;1900-01-08;1;Centro;14;4;Justicia;INFANTAS, CALLE, DE LAS;FRENTE 16;0301410054;-3.6998406740;40.4208085200
441038.5642580000;4475267.2356450000;2014-05-26;1900-01-08;1;Centro;14;4;Justicia;JUSTINIANO, CALLE, DE;10;0301410013;-3.6950762430;40.4259503580
440601.0623700000;4475494.9947230000;2014-05-26;1900-01-08;1;Centro;14;4;Justicia;LARRA, CALLE, DE;16;0301410003;-3.7002546930;40.4279711800
440610.5314470000;4475429.0616420000;2014-05-26;1900-01-08;1;Centro;14;4;Justicia;LARRA, CALLE, DE;FRENTE 8;0301410007;-3.7001368930;40.4273779400
440888.0686300000;4474915.8453050000;2014-05-27;1900-01-08;1;Centro;14;4;Justicia;LUIS DE GONGORA, CALLE, DE;1;0301410040;-3.6968175200;40.4227745680
441227.5885300000;4475000.9103050000;2014-05-27;1900-01-08;1;Centro;14;4;Justicia;MARQUES DE LA ENSENADA, CALLE, DEL;2;0301410032;-3.6928233730;40.4235649630
441298.2392260000;4475222.5729540000;2014-05-26;1900-01-08;1;Centro;14;4;Justicia;MARQUES DE LA ENSENADA, CALLE, DEL;FRENTE 3;0301410024;-3.6920110910;40.4255669920
440848.2446960000;4474606.2190710000;2014-05-28;2017-09-07;1;Centro;14;4;Justicia;MARQUES DE VALDEIGLESIAS, CALLE, DEL;5;0301410059;-3.6972581810;40.4199822010
440848.4609440000;4475293.0772670000;2014-05-26;2024-07-29;1;Centro;14;4;Justicia;MEJIA LEQUERICA, CALLE, DE;2;0301410015;-3.6973195450;40.4261699730
440671.2131950000;4475488.6811490000;2014-05-26;1900-01-08;1;Centro;14;4;Justicia;MEJIA LEQUERICA, CALLE, DE;21;0301410004;-3.6994271700;40.4279192130
440722.6850290000;4474879.7993590000;2014-05-27;1900-01-08;1;Centro;14;4;Justicia;PELAYO, CALLE, DE;13;0301410045;-3.6987635710;40.4224378980
440776.2314050000;4474967.7962410000;2014-05-27;1900-01-08;1;Centro;14;4;Justicia;PELAYO, CALLE, DE;36;0301410039;-3.6981406510;40.4232347680
440874.2568660000;4475126.9544640000;2014-05-27;1900-01-08;1;Centro;14;4;Justicia;PELAYO, CALLE, DE;70;0301410027;-3.6970000070;40.4246750690
441175.0228780040;4474819.7051273400;2026-04-30;1900-01-08;1;Centro;14;4;Justicia;PRIM, CALLE, DE;15;0301410047;-3.6934262970;40.4219289970
440768.6246725310;4474588.9397084400;2014-07-01;1900-01-08;1;Centro;14;4;Justicia;REINA, CALLE, DE LA;20;0301410062;-3.6981950250;40.4198211420
440665.3920070000;4474627.1076140000;2014-05-28;1900-01-08;1;Centro;14;4;Justicia;REINA, CALLE, DE LA;21;0301410060;-3.6994153670;40.4201580420
440850.3223309330;4474563.2427387400;2014-05-28;1900-01-08;1;Centro;14;4;Justicia;REINA, CALLE, DE LA;26;0301410058;-3.6972297050;40.4195956260
440938.9446720000;4474617.1686050000;2014-05-28;1900-01-08;1;Centro;14;4;Justicia;REY, PLAZA, DEL;6;0301410056;-3.6961901310;40.4200876250
441091.9757540000;4475044.4914870000;2014-05-27;1900-01-08;1;Centro;14;4;Justicia;SALESAS, PLAZA, DE LAS;7;0301410031;-3.6944259940;40.4239475840
441075.9780310000;4475104.6026510000;2014-05-27;1900-01-08;1;Centro;14;4;Justicia;SALESAS, PLAZA, DE LAS;FRENTE 3;0301410030;-3.6946201120;40.4244885710
440856.6522300000;4475025.8953050000;2014-05-27;1900-01-08;1;Centro;14;4;Justicia;SAN GREGORIO, CALLE, DE;13;0301410035;-3.6971981350;40.4237635500
440767.9714300000;4475149.1333050000;2014-05-26;1900-01-08;1;Centro;14;4;Justicia;SAN LORENZO, CALLE, DE;17;0301410019;-3.6982549560;40.4248679260
440977.2446550000;4475013.3145580000;2014-05-27;1900-01-08;1;Centro;14;4;Justicia;SAN LUCAS, CALLE, DE;10;0301410036;-3.6957754810;40.4236590430
440642.7162060000;4475200.9217280000;2014-05-26;1900-01-08;1;Centro;14;4;Justicia;SAN MATEO, CALLE, DE;10;0301410018;-3.6997362240;40.4253251470
440737.0264170000;4475256.1828350000;2014-05-26;1900-01-08;1;Centro;14;4;Justicia;SAN MATEO, CALLE, DE;24;0301410016;-3.6986296130;40.4258298650
440813.4878350000;4475168.9653760000;2014-05-26;1900-01-08;1;Centro;14;4;Justicia;SAN MATEO, TRAVESIA, DE;11;0301410021;-3.6977202720;40.4250490960
440658.1487860000;4475103.5717670000;2014-05-27;1900-01-08;1;Centro;14;4;Justicia;SANTA BRIGIDA, CALLE, DE;FRENTE 13;0301410026;-3.6995452570;40.4244493810
441035.5228780040;4475007.6217940100;2026-04-30;1900-01-08;1;Centro;14;4;Justicia;SANTO TOME, CALLE, DE;6;0301410041;-3.6950879320;40.4236119460
440744.8715600000;4475455.8271800000;2014-05-26;1900-01-08;1;Centro;14;4;Justicia;SERRANO ANGUITA, CALLE, DE;11;0301410005;-3.6985558160;40.4276290670
440824.2589100000;4475404.2663240000;2014-05-26;1900-01-08;1;Centro;14;4;Justicia;SERRANO ANGUITA, CALLE, DE;8;0301410006;-3.6976151910;40.4271700140
439926.6955550000;4475382.2646200000;2014-05-29;2023-09-11;1;Centro;15;5;Universidad;ACUERDO, CALLE, DEL;13;0301510025;-3.7081936540;40.4269075420
439961.4934240000;4475596.9523470000;2014-05-28;1900-01-08;1;Centro;15;5;Universidad;ACUERDO, CALLE, DEL;34;0301510011;-3.7078036990;40.4288436810
439909.2058430000;4475307.9182150000;2014-05-29;1900-01-08;1;Centro;15;5;Universidad;ACUERDO, CALLE, DEL;7;0301510032;-3.7083926990;40.4262365510
439830.2806642660;4475358.8260720700;2014-05-29;1900-01-08;1;Centro;15;5;Universidad;AMANIEL, CALLE, DE;26;0301510024;-3.7093279380;40.4266892450
439919.3456880830;4475006.2082037200;2014-05-30;1900-01-08;1;Centro;15;5;Universidad;ANTONIO GRILO, CALLE, DE;10;0301510059;-3.7082447620;40.4235192410
439727.1675950000;4475632.2948790000;2014-05-28;1900-01-08;1;Centro;15;5;Universidad;BALTASAR GRACIAN, CALLE, DE;2;0301510004;-3.7105693090;40.4291452860
440375.9578800000;4474771.7320250000;2014-05-31;1900-01-08;1;Centro;15;5;Universidad;BARCO, CALLE, DEL;11;0301510070;-3.7028404520;40.4214395190
440418.5520950000;4474966.6902510000;2014-05-30;1900-01-08;1;Centro;15;5;Universidad;BARCO, CALLE, DEL;41;0301510064;-3.7023566460;40.4231991870
440541.4056642660;4475027.5760720700;2014-05-30;1900-01-08;1;Centro;15;5;Universidad;COLON, CALLE, DE;1;0301510055;-3.7009142250;40.4237560450
439632.0277900000;4475257.8065130000;2014-05-29;1900-01-08;1;Centro;15;5;Universidad;CONDE DUQUE, CALLE, DEL;1;0301510035;-3.7116553500;40.4257652930
439718.6345520000;4475399.7845910000;2014-05-29;1900-01-08;1;Centro;15;5;Universidad;CONDE DUQUE, CALLE, DEL;20;0301510023;-3.7106478610;40.4270504370
439825.4488830000;4475589.0850030000;2014-05-28;1900-01-08;1;Centro;15;5;Universidad;CONDE DUQUE, CALLE, DEL;40;0301510020;-3.7094067200;40.4287633520
439856.3130810000;4475656.3810570000;2014-05-28;1900-01-08;1;Centro;15;5;Universidad;CONDE DUQUE, CALLE, DEL;46;0301510005;-3.7090491370;40.4293713750
439668.5451200000;4475322.0592650000;2014-05-29;1900-01-08;1;Centro;15;5;Universidad;CONDE DUQUE, CALLE, DEL;7;0301510033;-3.7112310180;40.4263468450
439774.9310420000;4475273.1377480000;2014-05-29;1900-01-08;1;Centro;15;5;Universidad;CONDE DUQUE, TRAVESIA, DEL;FRENTE 5;0301510036;-3.7099722870;40.4259130590
440304.2901040000;4474903.6217120000;2014-05-30;1900-01-08;1;Centro;15;5;Universidad;CORREDERA BAJA DE SAN PABLO, CALLE, DE LA;29;0301510063;-3.7036975970;40.4226225620
440226.5728590000;4474823.0459790000;2014-05-30;1900-01-08;1;Centro;15;5;Universidad;CORREDERA BAJA DE SAN PABLO, CALLE, DE LA;9;0301510067;-3.7046060790;40.4218909520
440368.2389975990;4474695.6594054000;2014-05-31;1900-01-08;1;Centro;15;5;Universidad;DESENGAÑO, CALLE, DEL;10;0301510072;-3.7029243330;40.4207544330
440257.4252950000;4474733.8979750000;2014-05-31;1900-01-08;1;Centro;15;5;Universidad;DESENGAÑO, CALLE, DEL;24;0301510071;-3.7042340570;40.4210901290
440348.3193950000;4475133.0136060000;2014-05-30;1900-01-08;1;Centro;15;5;Universidad;DON FELIPE, CALLE, DE;14;0301510045;-3.7032001550;40.4246926590
440269.4889975990;4475310.0760720700;2014-05-29;1900-01-08;1;Centro;15;5;Universidad;DOS DE MAYO, CALLE, DEL;8;0301510030;-3.7041459360;40.4262815850
440303.0517550000;4475070.6242320000;2014-05-30;1900-01-08;1;Centro;15;5;Universidad;EL ESCORIAL, CALLE, DE;20;0301510054;-3.7037278490;40.4241268630
440364.4050990000;4475037.9315940000;2014-05-30;2019-06-06;1;Centro;15;5;Universidad;EL ESCORIAL, CALLE, DE;8;0301510056;-3.7030016250;40.4238370610
440108.8189650000;4475236.2704950000;2014-05-29;1900-01-08;1;Centro;15;5;Universidad;ESPIRITU SANTO, CALLE, DEL;39;0301510039;-3.7060330300;40.4256054950
440188.4305980000;4475234.0834430000;2014-05-29;2017-03-29;1;Centro;15;5;Universidad;ESPIRITU SANTO, CALLE, DEL;40;0301510038;-3.7050942960;40.4255917440
440555.8223309330;4475121.7427387400;2014-05-30;1900-01-08;1;Centro;15;5;Universidad;FUENCARRAL, CALLE, DE;69;0301510046;-3.7007531670;40.4246053970
439815.5598749060;4475008.8112648400;2024-01-12;1900-01-08;1;Centro;15;5;Universidad;GENERAL MITRE, CALLE, DEL;4;0301510060;-3.7094683700;40.4235351690
439801.9716650000;4475004.8694950000;2014-05-30;2024-01-12;1;Centro;15;5;Universidad;GENERAL MITRE, CALLE, DEL;FRENTE 4;0301510060;-3.7096281680;40.4234983280
440309.8297750000;4475146.5743650000;2014-05-30;1900-01-08;1;Centro;15;5;Universidad;JESUS DEL VALLE, CALLE, DE;34;0301510047;-3.7036550830;40.4248115470
439720.1556642660;4475075.7010720700;2014-05-30;1900-01-08;1;Centro;15;5;Universidad;MAESTRO GUERRERO, CALLE, DEL;4;0301510051;-3.7105992170;40.4241312750
440205.0179950000;4475585.9380650000;2014-05-28;1900-01-08;1;Centro;15;5;Universidad;MANUELA MALASAÑA, CALLE, DE;31;0301510009;-3.7049318620;40.4287619200
440381.4887180000;4475572.6193620000;2014-05-28;1900-01-08;1;Centro;15;5;Universidad;MANUELA MALASAÑA, CALLE, DE;4;0301510007;-3.7028503640;40.4286554070
440181.0473980000;4475088.2349800000;2014-05-30;1900-01-08;1;Centro;15;5;Universidad;MARQUES DE SANTA ANA, CALLE, DEL;11;0301510048;-3.7051676350;40.4242768060
439484.9092036720;4475508.4829463800;2014-05-29;1900-01-08;1;Centro;15;5;Universidad;MARTIRES DE ALCALA, CALLE, DE LOS;5;0301510021;-3.7134133570;40.4280120900
440192.1881710000;4475490.1985340000;2014-05-29;1900-01-08;1;Centro;15;5;Universidad;MONTELEON, CALLE, DE;3;0301510017;-3.7050741280;40.4278987010
439765.6890200000;4475494.2822650000;2014-05-29;1900-01-08;1;Centro;15;5;Universidad;MONTSERRAT, CALLE, DEL;17;0301510013;-3.7101021190;40.4279045450
439563.8223309330;4475324.6594054000;2014-05-29;1900-01-08;1;Centro;15;5;Universidad;NEGRAS, CALLE, DE LAS;6;0301510034;-3.7124656270;40.4263626590
440010.2716200000;4475358.5552650000;2014-05-29;2023-09-11;1;Centro;15;5;Universidad;NORTE, CALLE, DEL;21;0301510026;-3.7072061040;40.4267000740
440382.2094940000;4475304.0980890000;2014-05-29;2017-03-29;1;Centro;15;5;Universidad;PALMA, CALLE, DE LA;16;0301510028;-3.7028167310;40.4262360350
440222.3725650000;4474975.2264950000;2014-05-30;1900-01-08;1;Centro;15;5;Universidad;PEZ, CALLE, DEL;12;0301510057;-3.7046699060;40.4232622700
440105.4782260000;4475063.5586910000;2014-05-30;1900-01-08;1;Centro;15;5;Universidad;PEZ, CALLE, DEL;30;0301510053;-3.7060561200;40.4240494560
440059.5877030000;4475167.0294610000;2014-05-30;1900-01-08;1;Centro;15;5;Universidad;POZAS, CALLE, DE LAS;12;0301510044;-3.7066067900;40.4249782780
440331.5245280000;4474860.9723270000;2014-05-30;1900-01-08;1;Centro;15;5;Universidad;PUEBLA, CALLE, DE LA;20;0301510066;-3.7033725580;40.4222401700
440026.4104790000;4475444.5600720000;2014-05-29;2023-09-11;1;Centro;15;5;Universidad;QUIÑONES, CALLE, DE;FRENTE 5;0301510019;-3.7070240180;40.4274756290
439802.3506846870;4475071.9917176900;2014-05-30;1900-01-08;1;Centro;15;5;Universidad;REYES, CALLE, DE LOS;10;0301510052;-3.7096300020;40.4241037730
439894.1919150000;4475100.0965150000;2014-05-30;1900-01-08;1;Centro;15;5;Universidad;REYES, CALLE, DE LOS;FRENTE 3;0301510049;-3.7085500910;40.4243634370
439845.4154570000;4474940.7118950000;2014-05-30;1900-01-08;1;Centro;15;5;Universidad;RICARDO LEON, CALLE, DE;3;0301510061;-3.7091099850;40.4229242820
440299.6682000000;4475569.4771600000;2014-05-28;1900-01-08;1;Centro;15;5;Universidad;RUIZ, CALLE, DE;15;0301510008;-3.7038145950;40.4286208570
440324.4714200000;4475455.3312650000;2014-05-28;1900-01-08;1;Centro;15;5;Universidad;SAN ANDRES, CALLE, DE;30;0301510016;-3.7035114430;40.4275946330
439716.0268220000;4475208.9079410000;2014-05-29;1900-01-08;1;Centro;15;5;Universidad;SAN BERNARDINO, CALLE, DE;14;0301510041;-3.7106604660;40.4253302460
439777.6406465990;4475161.9406645300;2026-03-30;1900-01-08;1;Centro;15;5;Universidad;SAN BERNARDINO, CALLE, DE;3;0301510042;-3.7099297730;40.4249122160
439977.2226580000;4474906.9229490000;2014-05-30;1900-01-08;1;Centro;15;5;Universidad;SAN BERNARDO, CALLE, DE;20;0301510062;-3.7075530870;40.4226287500
439992.6556642660;4475008.1594054000;2014-05-30;1900-01-08;1;Centro;15;5;Universidad;SAN BERNARDO, CALLE, DE;34;0301510058;-3.7073807410;40.4235425030
439996.5884290000;4475143.2458730000;2014-05-30;1900-01-08;1;Centro;15;5;Universidad;SAN BERNARDO, CALLE, DE;46;0301510043;-3.7073471660;40.4247597520
439994.8939240000;4475237.3514170000;2014-05-29;1900-01-08;1;Centro;15;5;Universidad;SAN BERNARDO, CALLE, DE;53;0301510037;-3.7073759860;40.4256069270
440031.4836810000;4475294.3947940000;2014-05-29;1900-01-08;1;Centro;15;5;Universidad;SAN BERNARDO, CALLE, DE;64;0301510027;-3.7069500490;40.4261235060
440093.9068840000;4475443.9627560000;2014-05-29;1900-01-08;1;Centro;15;5;Universidad;SAN BERNARDO, CALLE, DE;72;0301510018;-3.7062283510;40.4274751140
440116.4195920000;4475566.8143660000;2014-05-28;1900-01-08;1;Centro;15;5;Universidad;SAN BERNARDO, CALLE, DE;84;0301510010;-3.7059745880;40.4285841310
439989.5132740000;4475499.8209020000;2014-05-28;2023-09-11;1;Centro;15;5;Universidad;SAN DIMAS, CALLE, DE;17;0301510015;-3.7074641640;40.4279709510
439883.6672320000;4475541.7599000000;2014-05-28;2024-08-14;1;Centro;15;5;Universidad;SAN HERMENEGILDO, CALLE, DE;30;0301510014;-3.7087158480;40.4283411970
439675.1922780000;4475130.4916980000;2014-05-30;1900-01-08;1;Centro;15;5;Universidad;SAN LEONARDO, CALLE, DE;7;0301510050;-3.7111344740;40.4246212110
440388.0192260000;4475242.0671040000;2014-05-29;2017-03-29;1;Centro;15;5;Universidad;SAN VICENTE FERRER, CALLE, DE;14;0301510029;-3.7027424190;40.4256777450
440135.0906650000;4475277.0814950000;2014-05-29;1900-01-08;1;Centro;15;5;Universidad;SAN VICENTE FERRER, CALLE, DE;52;0301510031;-3.7057271280;40.4259749960
439905.4537250000;4475592.5042720000;2014-05-28;1900-01-08;1;Centro;15;5;Universidad;SANTA CRUZ DE MARCENADO, CALLE, DE;10;0301510012;-3.7084639180;40.4288000210
439565.4028890000;4475680.2856800000;2014-05-28;1900-01-08;1;Centro;15;5;Universidad;SANTA CRUZ DE MARCENADO, CALLE, DE;24 B;0301510003;-3.7124808110;40.4295664670
440095.9644970000;4475597.6785640000;2014-05-28;1900-01-08;1;Centro;15;5;Universidad;SANTA CRUZ DE MARCENADO, CALLE, DE;S/N;0301510006;-3.7062185540;40.4288601250
439457.9228600000;4475521.9705030000;2014-05-29;1900-01-08;1;Centro;15;5;Universidad;SEMINARIO DE NOBLES, CALLE, DEL;4;0301510022;-3.7137327810;40.4281322960
439395.2920150000;4475660.5037930000;2014-05-28;1900-01-08;1;Centro;15;5;Universidad;SERRANO JOVER, CALLE, DE;4;0301510002;-3.7144843290;40.4293752140
439431.6028350000;4475727.6788110000;2014-07-01;1900-01-08;1;Centro;15;5;Universidad;SERRANO JOVER, CALLE, DE;6;0301510001;-3.7140626320;40.4299833510
440126.7331650000;4474809.6254950000;2014-05-31;1900-01-08;1;Centro;15;5;Universidad;SILVA, CALLE, DE;23;0301510068;-3.7057816160;40.4217636410
440195.9175650000;4475180.1184950000;2014-05-29;2025-07-09;1;Centro;15;5;Universidad;TESORO, CALLE, DEL;12;0301510040;-3.7050010180;40.4251058760
440466.0491800000;4474866.1080250000;2014-05-30;1900-01-08;1;Centro;15;5;Universidad;VALVERDE, CALLE, DE;23;0301510065;-3.7017873550;40.4222963200
440453.0591800000;4474796.0773350000;2014-05-31;1900-01-08;1;Centro;15;5;Universidad;VALVERDE, CALLE, DE;FRENTE 18;0301510069;-3.7019339180;40.4216646340
440223.4800444310;4473996.1711133900;2014-05-30;1900-01-08;1;Centro;16;6;Sol;ATOCHA, CALLE, DE;12;0301610017;-3.7045648260;40.4144422720
439982.1577303820;4474263.5264853000;2014-05-30;1900-01-08;1;Centro;16;6;Sol;BORDADORES, CALLE, DE LOS;7;0301610010;-3.7074341980;40.4168332820
440629.3684880000;4474537.9224080000;2014-05-30;2020-07-01;1;Centro;16;6;Sol;CABALLERO DE GRACIA, CALLE, DEL;FRENTE 24;0301610004;-3.6998316790;40.4193517750
440327.7389975990;4474512.3260720700;2014-05-29;1900-01-08;1;Centro;16;6;Sol;CARMEN, PLAZA, DEL;S/N;0301610003;-3.7033844750;40.4190997880
440333.0383090000;4474120.0763830000;2014-05-30;2018-07-12;1;Centro;16;6;Sol;CARRETAS, CALLE, DE LAS;8;0301610014;-3.7032852390;40.4155667020
439888.3560774890;4474102.1628489300;2014-05-30;1900-01-08;1;Centro;16;6;Sol;CAVA DE SAN MIGUEL, CALLE, DE LA;7;0301610016;-3.7085245370;40.4153731560
440116.7972600000;4474321.6579710000;2014-05-30;1900-01-08;1;Centro;16;6;Sol;CELENQUE, PLAZA, DEL;3;0301610008;-3.7058528350;40.4173665910
440270.5874824480;4474521.6876423200;2014-05-29;1900-01-08;1;Centro;16;6;Sol;CHINCHILLA, CALLE, DE;2;0301610002;-3.7040589610;40.4191796010
440420.3808708780;4474176.4397084400;2014-05-30;2020-08-26;1;Centro;16;6;Sol;ESPOZ Y MINA, CALLE, DE;5;0301610012;-3.7022610200;40.4160800140
439904.3684741830;4474277.7826836400;2014-05-30;1900-01-08;1;Centro;16;6;Sol;HILERAS, CALLE, DE LAS;5;0301610009;-3.7083524200;40.4169564680
440171.6499810000;4474136.8350320000;2014-05-30;1900-01-08;1;Centro;16;6;Sol;MARQUES VIUDO DE PONTEJOS, CALLE, DEL;9;0301610015;-3.7051888910;40.4157055290
440466.7651683980;4474182.5347497600;2014-05-30;2020-08-26;1;Centro;16;6;Sol;MATHEU, PASAJE, DE;3;0301610013;-3.7017149340;40.4161381120
440057.3643419520;4474200.8198737200;2014-05-30;1900-01-08;1;Centro;16;6;Sol;MAYOR, CALLE;19;0301610011;-3.7065419310;40.4162740750
439882.6690700000;4474177.6521400000;2014-05-30;1900-01-08;1;Centro;16;6;Sol;MAYOR, CALLE;42;0301610007;-3.7085986780;40.4160522830
440013.1009700000;4474350.8902570000;2014-05-30;1900-01-08;1;Centro;16;6;Sol;SAN MARTIN, CALLE, DE;1;0301610006;-3.7070777610;40.4176226460
439897.2658110000;4474426.3944110000;2014-05-30;1900-01-08;1;Centro;16;6;Sol;SANTA CATALINA DE LOS DONADOS, PLAZA, DE;1;0301610005;-3.7084501670;40.4182940380
439978.1748250000;4474473.4849620000;2014-05-29;1900-01-08;1;Centro;16;6;Sol;TRUJILLOS, CALLE, DE;7;0301610001;-3.7075009480;40.4187246160
438983.2450803250;4472775.2038093000;2016-10-20;2020-07-17;2;Arganzuela;21;1;Imperial;ALEJANDRO DUMAS, CALLE, DE;12;0302130024;-3.7190648400;40.4033534190
439120.0306642660;4472615.8260720700;2016-10-04;2020-06-30;2;Arganzuela;21;1;Imperial;ALEJANDRO DUMAS, CALLE, DE;3;0302130014;-3.7174378120;40.4019279000
439049.1556642660;4472674.3260720700;2016-10-04;1900-01-08;2;Arganzuela;21;1;Imperial;ALEJANDRO DUMAS, CALLE, DE;8;0302130015;-3.7182785700;40.4024493480
439158.1294595030;4472738.2689278800;2024-05-08;1900-01-08;2;Arganzuela;21;1;Imperial;CASIMIRO MAHOU BIERHANS, CALLE, DE;S/N;0302130024;-3.7170005310;40.4030334220
438974.9184002570;4473046.6425988900;2016-10-20;1900-01-08;2;Arganzuela;21;1;Imperial;COBOS DE SEGOVIA, CALLE, DE;16;0302130054;-3.7191890580;40.4057977710
438949.8489099390;4473225.5138108900;2016-10-20;1900-01-08;2;Arganzuela;21;1;Imperial;COBOS DE SEGOVIA, CALLE, DE;2;0302130064;-3.7195016630;40.4074077830
439010.0090705920;4472879.1778563400;2016-10-20;2020-06-30;2;Arganzuela;21;1;Imperial;COBOS DE SEGOVIA, CALLE, DE;21;0302130044;-3.7187593970;40.4042921530
439010.6925075950;4472880.3770948500;2020-08-03;1900-01-08;2;Arganzuela;21;1;Imperial;COBOS DE SEGOVIA, CALLE, DE;21;0302130044;-3.7187514900;40.4043029240
438960.7301181820;4473142.5867273700;2016-10-20;1900-01-08;2;Arganzuela;21;1;Imperial;COBOS DE SEGOVIA, CALLE, DE;6;0302130061;-3.7193654710;40.4066608750
438807.2515685650;4472734.8145148900;2016-10-20;2020-07-14;2;Arganzuela;21;1;Imperial;DUQUE DE TOVAR, CALLE, DEL;12;0302130020;-3.7211349370;40.4029761260
438868.1392550000;4473607.9171274100;2016-10-19;1900-01-08;2;Arganzuela;21;1;Imperial;FOSFORO, CALLE, DEL;3;0302130081;-3.7205012460;40.4108462740
439171.8271518690;4473200.3033448000;2016-10-20;1900-01-08;2;Arganzuela;21;1;Imperial;GIL IMON, CALLE, DE;10;0302130038;-3.7168832460;40.4071969340
439265.9869791450;4473224.2672485400;2016-10-20;1900-01-08;2;Arganzuela;21;1;Imperial;GIL IMON, CALLE, DE;6;0302130037;-3.7157758910;40.4074192420
439213.3269445430;4473198.0994284700;2016-10-20;1900-01-08;2;Arganzuela;21;1;Imperial;GIL IMON, CALLE, DE;7;0302130039;-3.7163939980;40.4071800890
439392.3850031090;4473187.7000390100;2016-10-20;1900-01-08;2;Arganzuela;21;1;Imperial;GIL IMON, TRAVESIA, DE;11 B;0302130034;-3.7142829920;40.4070986720
439099.1017948140;4473482.7157679600;2016-10-19;1900-01-08;2;Arganzuela;21;1;Imperial;IMPERIAL, PASEO;1;0302130070;-3.7177673780;40.4097350800
439107.2376781680;4473377.2333418200;2016-10-19;1900-01-08;2;Arganzuela;21;1;Imperial;IMPERIAL, PASEO;14 B;0302130068;-3.7176613800;40.4087853450
439138.6882534180;4473235.8844328700;2016-10-20;1900-01-08;2;Arganzuela;21;1;Imperial;IMPERIAL, PASEO;20;0302130059;-3.7172772120;40.4075147540
439170.0038063100;4473137.2928835800;2016-10-20;1900-01-08;2;Arganzuela;21;1;Imperial;IMPERIAL, PASEO;22;0302130058;-3.7168987160;40.4066286170
439195.0345429900;4473033.7109465900;2016-10-20;1900-01-08;2;Arganzuela;21;1;Imperial;IMPERIAL, PASEO;26;0302130057;-3.7165938450;40.4056971600
439288.9056642660;4472685.9927387400;2016-10-04;2020-07-14;2;Arganzuela;21;1;Imperial;IMPERIAL, PASEO;36;0302130010;-3.7154544610;40.4025715600
439074.7989834400;4473502.1609340100;2016-10-19;1900-01-08;2;Arganzuela;21;1;Imperial;IMPERIAL, PASEO;4;0302130072;-3.7180556330;40.4099088010
439308.2389975990;4472613.8260720700;2016-10-04;2020-07-14;2;Arganzuela;21;1;Imperial;IMPERIAL, PASEO;42;0302130011;-3.7152197780;40.4019236600
439306.3525921080;4472613.5671988100;2020-08-13;1900-01-08;2;Arganzuela;21;1;Imperial;IMPERIAL, PASEO;42;0302130011;-3.7152420090;40.4019206230
439258.3223309330;4472803.2427387400;2016-10-04;2020-07-14;2;Arganzuela;21;1;Imperial;IMPERIAL, PASEO;57;0302130008;-3.7158261390;40.4036263180
439256.0105770730;4472813.2736156700;2020-08-13;1900-01-08;2;Arganzuela;21;1;Imperial;IMPERIAL, PASEO;57;0302130008;-3.7158543290;40.4037158720
439302.6497367910;4472715.0276449800;2016-10-04;1900-01-08;2;Arganzuela;21;1;Imperial;IMPERIAL, PASEO;85;0302130009;-3.7152952940;40.4028343190
439054.5584509830;4473330.9130523800;2016-10-19;1900-01-08;2;Arganzuela;21;1;Imperial;JEMENUÑO, CALLE, DE;2 J;0302130067;-3.7182777110;40.4083643360
439373.4695105390;4472817.6155885800;2016-10-04;1900-01-08;2;Arganzuela;21;1;Imperial;JUAN ANTONIO VALLEJO-NÁJERA BOTAS, PASEO, DE;48;0302130005;-3.7144705780;40.4037638860
439261.5723309330;4472878.6594054000;2016-10-04;1900-01-08;2;Arganzuela;21;1;Imperial;JUAN ANTONIO VALLEJO-NÁJERA BOTAS, PASEO, DE;S/N;0302130006;-3.7157950280;40.4043056740
438956.5378956710;4473930.0554109200;2016-10-21;1900-01-08;2;Arganzuela;21;1;Imperial;JUAN DUQUE, CALLE, DE;2;0302130094;-3.7194903760;40.4137550090
438957.3284441890;4473635.7163552100;2016-10-19;1900-01-08;2;Arganzuela;21;1;Imperial;JUAN DUQUE, CALLE, DE;27 A;0302130082;-3.7194528470;40.4111030740
438868.4632172760;4473934.9414085700;2016-10-21;1900-01-08;2;Arganzuela;21;1;Imperial;LINNEO, CALLE, DE;2;0302130093;-3.7205288050;40.4137924230
438868.9543558150;4473734.6009541000;2016-10-19;1900-01-08;2;Arganzuela;21;1;Imperial;LINNEO, CALLE, DE;20;0302130086;-3.7205037670;40.4119875490
438962.3477492080;4473825.4203449200;2016-10-19;1900-01-08;2;Arganzuela;21;1;Imperial;MANZANARES, CALLE, DEL;13;0302130090;-3.7194119380;40.4128122070
438864.9056642660;4473812.3260720700;2016-10-21;1900-01-08;2;Arganzuela;21;1;Imperial;MANZANARES, CALLE, DEL;23;0302130091;-3.7205590000;40.4126872450
438845.3554912560;4473000.0025426600;2016-10-20;1900-01-08;2;Arganzuela;21;1;Imperial;MARMOL, CALLE, DEL;1;0302130048;-3.7207112920;40.4053680530
439054.5556708510;4473927.4344943000;2016-10-21;1900-01-08;2;Arganzuela;21;1;Imperial;MAZARREDO, CALLE, DE;1;0302130095;-3.7183349490;40.4137384500
439054.2396411000;4473742.7305122300;2016-10-19;1900-01-08;2;Arganzuela;21;1;Imperial;MAZARREDO, CALLE, DE;S/N;0302130085;-3.7183209690;40.4120745810
438960.9320477930;4473743.9531634500;2016-10-19;1900-01-08;2;Arganzuela;21;1;Imperial;MAZARREDO, CALLE, DE;S/N;0302130087;-3.7194207620;40.4120780760
438858.7961347490;4473098.0360660800;2016-10-20;1900-01-08;2;Arganzuela;21;1;Imperial;MELANCOLICOS, PASEO, DE LOS;21;0302130052;-3.7205623800;40.4062527000
438935.9280719170;4472646.7632087700;2024-05-08;1900-01-08;2;Arganzuela;21;1;Imperial;MELANCOLICOS, PASEO, DE LOS;30;0302130017;-3.7196101820;40.4021924340
439142.4056642660;4472540.9510720700;2016-10-04;2020-07-14;2;Arganzuela;21;1;Imperial;MELANCOLICOS, PASEO, DE LOS;32;0302130012;-3.7171669750;40.4012547890
439003.7891906500;4473512.0355315300;2016-10-19;1900-01-08;2;Arganzuela;21;1;Imperial;MELANCOLICOS, PASEO, DE LOS;4 C;0302130079;-3.7188933540;40.4099922810
438941.5773673500;4472677.5257079000;2016-10-04;2020-07-14;2;Arganzuela;21;1;Imperial;MELANCOLICOS, PASEO, DE LOS;67;0302130018;-3.7195465830;40.4024703190
439073.6556642660;4472582.0760720700;2016-10-04;1900-01-08;2;Arganzuela;21;1;Imperial;MELANCOLICOS, PASEO, DE LOS;77;0302130013;-3.7179810330;40.4016202790
438948.5306642660;4472609.9510720700;2016-10-04;2020-06-30;2;Arganzuela;21;1;Imperial;MELANCOLICOS, PASEO, DE LOS;S/N;0302130017;-3.7194581190;40.4018617800
438875.9056642660;4472715.0760720700;2016-10-04;2020-06-30;2;Arganzuela;21;1;Imperial;MELANCOLICOS, PASEO, DE LOS;S/N;0302130019;-3.7203239720;40.4028040090
438901.3493262380;4473228.2428386300;2016-10-20;1900-01-08;2;Arganzuela;21;1;Imperial;MELANCOLICOS, PASEO, DE LOS;S/N;0302130063;-3.7200734180;40.4074281230
439049.2203360810;4473633.7858532800;2016-10-19;1900-01-08;2;Arganzuela;21;1;Imperial;MELANCOLICOS, PASEO, DE LOS;S/N;0302130083;-3.7183696710;40.4110921300
438869.9239466590;4472770.7084553500;2016-10-20;1900-01-08;2;Arganzuela;21;1;Imperial;MELANCOLICOS, TRAVESIA, DE LOS;S/N;0302130022;-3.7203997750;40.4033046600
439216.5708891800;4473031.5769371200;2016-10-20;1900-01-08;2;Arganzuela;21;1;Imperial;MUÑOPEDRO, CALLE, DE;12;0302130041;-3.7163399100;40.4056800280
439355.9523770690;4473142.5198437000;2016-10-20;1900-01-08;2;Arganzuela;21;1;Imperial;MUÑOPEDRO, CALLE, DE;2;0302130036;-3.7147079550;40.4066894650
439426.8145454660;4473213.6343189000;2016-10-20;1900-01-08;2;Arganzuela;21;1;Imperial;MUÑOPEDRO, CALLE, DE;S/N;0302130033;-3.7138796300;40.4073349020
439265.3381902180;4473054.3926810700;2016-10-20;1900-01-08;2;Arganzuela;21;1;Imperial;MUÑOPEDRO, CALLE, DE;S/N;0302130040;-3.7157674110;40.4058892720
438927.8650679790;4473027.7870227600;2016-10-20;1900-01-08;2;Arganzuela;21;1;Imperial;PARADINAS, CALLE, DE;11;0302130053;-3.7197417330;40.4056249670
438952.7301790390;4472925.2921061900;2016-10-20;1900-01-08;2;Arganzuela;21;1;Imperial;PARADINAS, CALLE, DE;19;0302130045;-3.7194389250;40.4047031350
439340.0982838930;4472959.3076211400;2016-10-20;1900-01-08;2;Arganzuela;21;1;Imperial;PARTICULAR, CALLE;S/N;0302130028;-3.7148773780;40.4050379140
438938.5382253990;4473493.5027130000;2016-10-19;1900-01-08;2;Arganzuela;21;1;Imperial;PIZARRA, CALLE, DE LA;1;0302130078;-3.7196606590;40.4098203930
438858.1006449610;4473480.8901003900;2016-10-19;1900-01-08;2;Arganzuela;21;1;Imperial;PIZARRA, CALLE, DE LA;4;0302130076;-3.7206073570;40.4097008170
439289.3278053850;4472957.8477671200;2016-10-20;1900-01-08;2;Arganzuela;21;1;Imperial;PONTONES, PASEO, DE;10;0302130027;-3.7154754890;40.4050213560
439480.7308872990;4473061.1729901600;2016-10-20;1900-01-08;2;Arganzuela;21;1;Imperial;PONTONES, PASEO, DE;11;0302130030;-3.7132297810;40.4059657620
439116.4162076560;4472894.5874264900;2016-10-20;2020-06-30;2;Arganzuela;21;1;Imperial;PONTONES, PASEO, DE;18;0302130043;-3.7175070830;40.4044386580
439116.6897181950;4472894.9439629800;2020-07-28;1900-01-08;2;Arganzuela;21;1;Imperial;PONTONES, PASEO, DE;18;0302130043;-3.7175038740;40.4044415800
439524.6374981760;4473124.3177099000;2016-10-20;1900-01-08;2;Arganzuela;21;1;Imperial;PONTONES, PASEO, DE;2;0302130031;-3.7127184160;40.4065378610
439127.7525609470;4472870.4646901100;2016-10-20;1900-01-08;2;Arganzuela;21;1;Imperial;PONTONES, PASEO, DE;31;0302130026;-3.7173710630;40.4042221370
439014.3079706600;4472855.4637525500;2016-10-20;1900-01-08;2;Arganzuela;21;1;Imperial;PONTONES, PASEO, DE;43;0302130025;-3.7187065130;40.4040787830
438921.1201817030;4472842.5192999700;2016-10-20;2020-07-14;2;Arganzuela;21;1;Imperial;PONTONES, PASEO, DE;45;0302130023;-3.7198034400;40.4039550240
439352.7503520200;4473000.1835335500;2016-10-20;1900-01-08;2;Arganzuela;21;1;Imperial;PONTONES, PASEO, DE;8;0302130029;-3.7147321910;40.4054065560
438930.0440169040;4473338.8051583000;2016-10-19;1900-01-08;2;Arganzuela;21;1;Imperial;RUY GONZALEZ DE CLAVIJO, CALLE, DE;2;0302130074;-3.7197459150;40.4084261580
438850.0051452350;4472918.2551378200;2016-10-20;1900-01-08;2;Arganzuela;21;1;Imperial;SAN ALEJANDRO, CALLE, DE;2;0302130046;-3.7206486680;40.4046319740
438744.4778459370;4472815.2686917000;2016-10-20;2025-03-12;2;Arganzuela;21;1;Imperial;SAN ISIDRO, PUENTE, DE;S/N;0302130021;-3.7218823600;40.4036962190
439452.1556642660;4472962.1594054000;2016-10-04;1900-01-08;2;Arganzuela;21;1;Imperial;SANTA CASILDA, CALLE, DE;8;0302130002;-3.7135570540;40.4050713180
438989.5564236890;4473163.5455076600;2016-10-20;1900-01-08;2;Arganzuela;21;1;Imperial;SANTA MARIA LA REAL DE NIEVA, CALLE, DE;S/N;0302130055;-3.7190276550;40.4068521850
439144.9813310330;4472987.0081967300;2016-10-20;1900-01-08;2;Arganzuela;21;1;Imperial;SANTA MARIA LA REAL DE NIEVA, CALLE, DE;S/N;0302130056;-3.7171792360;40.4052730560
439027.5231077080;4473115.5504817600;2016-10-20;1900-01-08;2;Arganzuela;21;1;Imperial;SANTA MARIA LA REAL DE NIEVA, CALLE, DE;S/N;0302130060;-3.7185757060;40.4064229250
438990.6510942930;4473227.9431682700;2016-10-20;1900-01-08;2;Arganzuela;21;1;Imperial;SANTA MARIA LA REAL DE NIEVA, CALLE, DE;S/N;0302130065;-3.7190210090;40.4074320190
438969.7903842560;4473315.5752067000;2016-10-20;1900-01-08;2;Arganzuela;21;1;Imperial;SANTA MARIA LA REAL DE NIEVA, CALLE, DE;S/N;0302130066;-3.7192753450;40.4082206380
439025.0506141980;4473490.1332484800;2016-10-19;1900-01-08;2;Arganzuela;21;1;Imperial;SANTA MARIA LA REAL DE NIEVA, CALLE, DE;S/N;0302130073;-3.7186407370;40.4097966150
439138.4487302480;4473924.8004893000;2016-10-21;1900-01-08;2;Arganzuela;21;1;Imperial;SEGOVIA, CALLE, DE;43;0302130096;-3.7173459100;40.4137205170
439168.7806642660;4473379.2010720700;2016-10-19;1900-01-08;2;Arganzuela;21;1;Imperial;SEGOVIA, RONDA, DE;14;0302130069;-3.7169363020;40.4088081490
439118.5897054500;4473484.8798043800;2016-10-19;1900-01-08;2;Arganzuela;21;1;Imperial;SEGOVIA, RONDA, DE;2;0302130071;-3.7175379650;40.4097566230
439110.6701270760;4473790.5926010000;2016-10-19;1900-01-08;2;Arganzuela;21;1;Imperial;SEGOVIA, RONDA, DE;2 G;0302130088;-3.7176604640;40.4125092270
439079.9370724790;4473710.8922168300;2016-10-19;1900-01-08;2;Arganzuela;21;1;Imperial;SEGOVIA, RONDA, DE;2 J;0302130084;-3.7180151240;40.4117894770
439280.6928614980;4473301.3649994100;2016-10-20;1900-01-08;2;Arganzuela;21;1;Imperial;SEGOVIA, RONDA, DE;30;0302130035;-3.7156099620;40.4081152710
439510.1478787990;4473166.4889901800;2016-10-20;1900-01-08;2;Arganzuela;21;1;Imperial;SEGOVIA, RONDA, DE;52;0302130032;-3.7128931680;40.4069161270
439557.9889975990;4473045.8260720700;2016-10-04;1900-01-08;2;Arganzuela;21;1;Imperial;TOLEDO, CALLE, DE;122;0302130001;-3.7123178610;40.4058327790
439510.8223309330;4472913.2427387400;2016-10-04;1900-01-08;2;Arganzuela;21;1;Imperial;TOLEDO, CALLE, DE;134 B;0302130003;-3.7128610830;40.4046349530
439474.5077873100;4472812.5016880600;2016-10-04;1900-01-08;2;Arganzuela;21;1;Imperial;TOLEDO, CALLE, DE;142;0302130004;-3.7132794560;40.4037250390
439421.6641486920;4472666.8330068300;2016-10-04;1900-01-08;2;Arganzuela;21;1;Imperial;TOLEDO, CALLE, DE;172;0302130007;-3.7138882810;40.4024092410
438828.6453336880;4473844.4149150500;2016-10-21;1900-01-08;2;Arganzuela;21;1;Imperial;VIRGEN DEL PUERTO, PASEO, DE LA;13;0302130092;-3.7209894630;40.4129742970
438810.3257744590;4473681.2262098100;2016-10-19;1900-01-08;2;Arganzuela;21;1;Imperial;VIRGEN DEL PUERTO, PASEO, DE LA;27;0302130080;-3.7211897120;40.4115020820
438810.9963978570;4473492.4731119700;2016-10-19;1900-01-08;2;Arganzuela;21;1;Imperial;VIRGEN DEL PUERTO, PASEO, DE LA;43;0302130077;-3.7211635850;40.4098023450
438813.4417003020;4473354.7639742600;2016-10-19;1900-01-08;2;Arganzuela;21;1;Imperial;VIRGEN DEL PUERTO, PASEO, DE LA;49;0302130075;-3.7211215300;40.4085618340
438790.5711821960;4473249.3196541300;2016-10-20;1900-01-08;2;Arganzuela;21;1;Imperial;VIRGEN DEL PUERTO, PASEO, DE LA;53;0302130062;-3.7213809650;40.4076104380
438767.2931658110;4473172.5414571600;2016-10-20;1900-01-08;2;Arganzuela;21;1;Imperial;VIRGEN DEL PUERTO, PASEO, DE LA;55;0302130051;-3.7216478490;40.4069168150
438730.3035881420;4472960.7508125600;2016-10-20;1900-01-08;2;Arganzuela;21;1;Imperial;VIRGEN DEL PUERTO, PASEO, DE LA;63;0302130047;-3.7220633580;40.4050057140
438981.2488379840;4472518.9947920500;2016-10-20;2020-07-23;2;Arganzuela;21;1;Imperial;VIRGEN DEL PUERTO, PASEO, DE LA;S/N;0302130016;-3.7190638090;40.4010448000
438730.3293878410;4473034.2054452900;2016-10-20;1900-01-08;2;Arganzuela;21;1;Imperial;VIRGEN DEL PUERTO, PASEO, DE LA;S/N;0302130049;-3.7220701190;40.4056674810
438739.7110275880;4473125.8675945600;2016-10-20;1900-01-08;2;Arganzuela;21;1;Imperial;VIRGEN DEL PUERTO, PASEO, DE LA;S/N;0302130050;-3.7219684190;40.4064939150
439841.6854410150;4472355.4617151100;2016-11-02;1900-01-08;2;Arganzuela;22;2;Acacias;ARGANDA, CALLE, DE;1;0302230057;-3.7089095070;40.3996349220
439907.5325847740;4472425.7223646600;2016-11-02;1900-01-08;2;Arganzuela;22;2;Acacias;ARGANDA, CALLE, DE;10;0302230058;-3.7081402540;40.4002718800
439995.3081358760;4472459.9241014600;2016-11-02;1900-01-08;2;Arganzuela;22;2;Acacias;ARGANDA, CALLE, DE;26;0302230049;-3.7071091020;40.4005869490
440157.2881115010;4472279.0788773100;2016-11-02;1900-01-08;2;Arganzuela;22;2;Acacias;ARGANDA, CALLE, DE;S/N;0302230047;-3.7051834480;40.3989692600
440063.4227643730;4472439.0028622400;2016-11-02;1900-01-08;2;Arganzuela;22;2;Acacias;ARGANDA, CALLE, DE;S/N;0302230048;-3.7063046120;40.4004033730
440393.5840412430;4472354.9354187100;2016-10-28;1900-01-08;2;Arganzuela;22;2;Acacias;ARQUITECTURA, CALLE, DE LA;16;0302230007;-3.7024063220;40.3996696440
440455.0307614920;4472240.9867539500;2016-10-28;1900-01-08;2;Arganzuela;22;2;Acacias;ARQUITECTURA, CALLE, DE LA;19;0302230003;-3.7016716180;40.3986476590
440275.6423727890;4472185.5709959300;2016-11-02;1900-01-08;2;Arganzuela;22;2;Acacias;BAÑOS DE MONTEMAYOR, CALLE, DE;5 C;0302230040;-3.7037801030;40.3981349190
440115.1292836590;4472683.2994322000;2016-10-28;1900-01-08;2;Arganzuela;22;2;Acacias;CAOBA, CALLE, DE LA;S/N;0302230035;-3.7057183620;40.4026071980
439653.1344348620;4472567.1831696600;2016-11-02;1900-01-08;2;Arganzuela;22;2;Acacias;CARMEN COBEÑA, CALLE, DE;2;0302230068;-3.7111513190;40.4015283760
439609.7250559010;4472455.4911544500;2016-11-02;1900-01-08;2;Arganzuela;22;2;Acacias;CARMEN COBEÑA, CALLE, DE;20;0302230069;-3.7116522560;40.4005189390
440338.6190425390;4472309.1744646000;2016-10-28;1900-01-08;2;Arganzuela;22;2;Acacias;CARVAJALES, CALLE, DE LOS;21;0302230009;-3.7030496960;40.3992531030
440015.4818165710;4472234.7404007300;2016-11-02;1900-01-08;2;Arganzuela;22;2;Acacias;CASABLANCA, BARRIO, DE;S/N;0302230051;-3.7068502400;40.3985594810
439963.5837886990;4472959.1242309700;2016-11-03;1900-01-08;2;Arganzuela;22;2;Acacias;CIGARRERAS, CALLE, DE LAS;3;0302230076;-3.7075301110;40.4050815170
439897.9208102850;4472949.3292010400;2016-11-03;1900-01-08;2;Arganzuela;22;2;Acacias;CONCEJAL BENITO MARTIN LOZANO, CALLE, DEL;14;0302230078;-3.7083029740;40.4049886970
439750.8139719030;4473001.3879712200;2016-11-03;1900-01-08;2;Arganzuela;22;2;Acacias;CONCEJAL BENITO MARTIN LOZANO, CALLE, DEL;5;0302230081;-3.7100413280;40.4054463190
440583.6281169500;4472588.9255665000;2016-10-28;1900-01-08;2;Arganzuela;22;2;Acacias;EMBAJADORES, CALLE, DE;108;0302230014;-3.7001888030;40.4017905620
440429.1038753110;4472852.7316333900;2016-10-28;1900-01-08;2;Arganzuela;22;2;Acacias;EMBAJADORES, CALLE, DE;76;0302230027;-3.7020343000;40.4041563620
440478.4945934860;4472767.5618122800;2016-10-28;1900-01-08;2;Arganzuela;22;2;Acacias;EMBAJADORES, CALLE, DE;86;0302230026;-3.7014443830;40.4033924370
440528.5334838150;4472683.6883354900;2016-10-28;1900-01-08;2;Arganzuela;22;2;Acacias;EMBAJADORES, CALLE, DE;98;0302230015;-3.7008469020;40.4026402580
440343.4155164830;4472742.4127326900;2016-10-28;1900-01-08;2;Arganzuela;22;2;Acacias;ERCILLA, CALLE, DE;14;0302230024;-3.7030337680;40.4031568940
440411.8624960010;4472623.6675939800;2016-10-28;1900-01-08;2;Arganzuela;22;2;Acacias;ERCILLA, CALLE, DE;27;0302230018;-3.7022161000;40.4020913640
440509.3475880410;4472435.6976691700;2016-10-28;1900-01-08;2;Arganzuela;22;2;Acacias;ERCILLA, CALLE, DE;49;0302230005;-3.7010497870;40.4004055510
440279.6353764780;4472851.0463857900;2016-10-28;1900-01-08;2;Arganzuela;22;2;Acacias;ERCILLA, CALLE, DE;5;0302230029;-3.7037955150;40.4041305790
440362.0416028100;4472211.1599064100;2016-11-02;1900-01-08;2;Arganzuela;22;2;Acacias;ESPERANZA, PASEO, DE LA;20;0302230038;-3.7027644780;40.3983722950
440241.3932193610;4472490.0144957200;2016-10-28;1900-01-08;2;Arganzuela;22;2;Acacias;ESPERANZA, PASEO, DE LA;23;0302230012;-3.7042122850;40.4008754910
440084.4059235350;4472779.6178143600;2016-10-28;1900-01-08;2;Arganzuela;22;2;Acacias;ESPERANZA, PASEO, DE LA;3;0302230032;-3.7060893520;40.4034732810
440291.5617441210;4472394.7331890000;2016-10-28;1900-01-08;2;Arganzuela;22;2;Acacias;ESPERANZA, PASEO, DE LA;33;0302230010;-3.7036121690;40.4000205800
440374.1388766070;4472238.9126030500;2016-10-28;1900-01-08;2;Arganzuela;22;2;Acacias;ESPERANZA, PASEO, DE LA;51;0302230008;-3.7026246190;40.3986226210
440267.5860249880;4472383.6381963200;2016-11-02;1900-01-08;2;Arganzuela;22;2;Acacias;ESPERANZA, PASEO, DE LA;S/N;0302230037;-3.7038936060;40.3999189950
440245.9870161230;4472264.6519470400;2016-11-02;1900-01-08;2;Arganzuela;22;2;Acacias;GARGANTILLA, CALLE, DE;9;0302230041;-3.7041370550;40.3988455010
439964.1051716550;4472679.2807648400;2016-10-28;1900-01-08;2;Arganzuela;22;2;Acacias;GASOMETRO, CALLE, DEL;30;0302230034;-3.7074975100;40.4025600440
439891.5721797750;4473010.2760539300;2016-11-03;1900-01-08;2;Arganzuela;22;2;Acacias;GASOMETRO, CALLE, DEL;4;0302230077;-3.7083835320;40.4055373620
439908.3623663660;4472869.8433782700;2016-11-03;1900-01-08;2;Arganzuela;22;2;Acacias;GASOMETRO, CALLE, DEL;8 B;0302230079;-3.7081723400;40.4042730730
440090.4317163700;4472548.3676552400;2016-11-02;1900-01-08;2;Arganzuela;22;2;Acacias;JUAN ANTONIO VALLEJO-NÁJERA BOTAS, PASEO, DE;17;0302230036;-3.7059966470;40.4013904650
439802.5806707480;4472645.7054472300;2016-11-02;1900-01-08;2;Arganzuela;22;2;Acacias;JUAN ANTONIO VALLEJO-NÁJERA BOTAS, PASEO, DE;29 C;0302230065;-3.7093977250;40.4022463500
439615.8672027280;4472724.9635902100;2016-11-03;1900-01-08;2;Arganzuela;22;2;Acacias;JUAN ANTONIO VALLEJO-NÁJERA BOTAS, PASEO, DE;37;0302230089;-3.7116053880;40.4029468480
439927.6908353690;4472617.2465410200;2016-11-02;1900-01-08;2;Arganzuela;22;2;Acacias;JUAN ANTONIO VALLEJO-NÁJERA BOTAS, PASEO, DE;S/N;0302230064;-3.7079207540;40.4019986600
440465.1422471030;4472614.9820871100;2016-10-28;1900-01-08;2;Arganzuela;22;2;Acacias;LABRADOR, CALLE, DEL;10;0302230017;-3.7015874500;40.4020172240
440312.8217907890;4472478.9955690900;2016-10-28;1900-01-08;2;Arganzuela;22;2;Acacias;LABRADOR, CALLE, DEL;22;0302230011;-3.7033695210;40.4007812390
440230.2446583030;4472642.7238553200;2016-10-28;1900-01-08;2;Arganzuela;22;2;Acacias;LAUREL, CALLE, DEL;18;0302230022;-3.7043580450;40.4022504750
440286.3304163560;4472559.2453312600;2016-10-28;1900-01-08;2;Arganzuela;22;2;Acacias;LAUREL, CALLE, DEL;39;0302230020;-3.7036892320;40.4015023070
440167.7608626070;4472777.9325667600;2016-10-28;1900-01-08;2;Arganzuela;22;2;Acacias;LAUREL, CALLE, DEL;9;0302230031;-3.7051070160;40.4034642290
439996.9056642660;4472736.6594054000;2016-10-28;1900-01-08;2;Arganzuela;22;2;Acacias;MAJUELO, CALLE, DEL;3;0302230033;-3.7071164360;40.4030797170
440479.0131312090;4472652.5760720700;2016-10-28;1900-01-08;2;Arganzuela;22;2;Acacias;MARTIN DE VARGAS, CALLE, DE;25;0302230016;-3.7014274810;40.4023565290
440361.9532401020;4472851.6945579400;2016-10-28;1900-01-08;2;Arganzuela;22;2;Acacias;MARTIN DE VARGAS, CALLE, DE;3;0302230028;-3.7028255550;40.4041418080
440516.3518046510;4472588.6056268100;2016-10-28;1900-01-08;2;Arganzuela;22;2;Acacias;MARTIN DE VARGAS, CALLE, DE;33;0302230013;-3.7009815480;40.4017836290
440398.8990529100;4472788.9514933800;2016-10-28;1900-01-08;2;Arganzuela;22;2;Acacias;MARTIN DE VARGAS, CALLE, DE;9;0302230025;-3.7023843770;40.4035792790
439729.4969190190;4472494.9398236600;2016-11-02;1900-01-08;2;Arganzuela;22;2;Acacias;MELILLA, CALLE, DE;10;0302230063;-3.7102446140;40.4008831680
439886.5573008730;4472507.7530927800;2016-11-02;1900-01-08;2;Arganzuela;22;2;Acacias;MELILLA, CALLE, DE;17;0302230059;-3.7083951630;40.4010099640
439681.0178315670;4472609.3251215000;2016-11-02;1900-01-08;2;Arganzuela;22;2;Acacias;MELILLA, CALLE, DE;3;0302230067;-3.7108267390;40.4019093360
439787.0839470130;4472375.2354586100;2016-11-02;1900-01-08;2;Arganzuela;22;2;Acacias;MELILLA, CALLE, DE;59;0302230060;-3.7095547720;40.3998087580
439661.6895679420;4472369.4645384800;2016-11-02;1900-01-08;2;Arganzuela;22;2;Acacias;MELILLA, CALLE, DE;69;0302230062;-3.7110318000;40.3997479100
440178.9958466190;4472600.2901849400;2016-10-28;1900-01-08;2;Arganzuela;22;2;Acacias;MORATINES, CALLE, DE;30;0302230021;-3.7049579320;40.4018644730
440080.2112754890;4472265.6021241800;2016-11-02;1900-01-08;2;Arganzuela;22;2;Acacias;NAVES, CALLE, DE LAS;14 A;0302230050;-3.7060904400;40.3988425790
439997.0449428230;4472139.1492183600;2016-11-02;1900-01-08;2;Arganzuela;22;2;Acacias;NAVES, CALLE, DE LAS;2;0302230052;-3.7070584530;40.3976967780
440149.7416767110;4472231.2641716300;2016-11-02;1900-01-08;2;Arganzuela;22;2;Acacias;NAVES, CALLE, DE LAS;28;0302230046;-3.7052679020;40.3985381090
439834.0596566620;4472698.0450201100;2016-11-02;1900-01-08;2;Arganzuela;22;2;Acacias;NOGALES, CALLE, DE LOS;4;0302230066;-3.7090316620;40.4027201280
439665.3137658380;4472926.3366524800;2016-11-03;1900-01-08;2;Arganzuela;22;2;Acacias;OLMOS, PASEO, DE LOS;14;0302230084;-3.7110418840;40.4047640410
439705.8526889400;4472781.2045191000;2016-11-03;1900-01-08;2;Arganzuela;22;2;Acacias;OLMOS, PASEO, DE LOS;21;0302230087;-3.7105503440;40.4034601030
439680.9978268210;4472816.7632999400;2016-11-03;1900-01-08;2;Arganzuela;22;2;Acacias;OLMOS, PASEO, DE LOS;24;0302230086;-3.7108466780;40.4037780380
439645.4267054420;4473059.9767613500;2016-11-03;1900-01-08;2;Arganzuela;22;2;Acacias;OLMOS, PASEO, DE LOS;4;0302230082;-3.7112888860;40.4059669080
439672.4537324690;4473004.8343706400;2016-11-03;1900-01-08;2;Arganzuela;22;2;Acacias;OLMOS, PASEO, DE LOS;8;0302230083;-3.7109651650;40.4054721590
440274.5796336720;4472729.3196551700;2016-10-28;1900-01-08;2;Arganzuela;22;2;Acacias;PEÑUELAS, CALLE, DE LAS;25;0302230023;-3.7038436440;40.4030331920
440318.2389975990;4472622.9094054000;2016-10-28;1900-01-08;2;Arganzuela;22;2;Acacias;PEÑUELAS, CALLE, DE LAS;28;0302230019;-3.7033192150;40.4020783010
440425.6037456770;4472445.8091547800;2016-10-28;1900-01-08;2;Arganzuela;22;2;Acacias;PEÑUELAS, CALLE, DE LAS;43;0302230006;-3.7020375090;40.4004906350
440218.9664628140;4472832.2493933100;2016-10-28;1900-01-08;2;Arganzuela;22;2;Acacias;PEÑUELAS, CALLE, DE LAS;5;0302230030;-3.7045086760;40.4039570870
440484.7170461690;4472334.8420819200;2016-10-28;1900-01-08;2;Arganzuela;22;2;Acacias;PEÑUELAS, CALLE, DE LAS;59;0302230004;-3.7013305360;40.3994952930
440024.3492521490;4472956.2219998800;2016-11-03;1900-01-08;2;Arganzuela;22;2;Acacias;RIBERA DE CURTIDORES, CALLE, DE LA;43;0302230074;-3.7068136850;40.4050598010
439992.9688784870;4473026.9638827000;2016-11-03;1900-01-08;2;Arganzuela;22;2;Acacias;RIBERA DE CURTIDORES, CALLE, DE LA;S/N;0302230075;-3.7071901760;40.4056946960
440278.2694989800;4472063.5654745100;2016-11-02;1900-01-08;2;Arganzuela;22;2;Acacias;SAN ANASTASIO, CALLE, DE;S/N;0302230039;-3.7037377040;40.3970367880
439811.5048178330;4472829.4402397500;2016-11-03;1900-01-08;2;Arganzuela;22;2;Acacias;SAN ISIDORO DE SEVILLA, CALLE, DE;14;0302230085;-3.7093099470;40.4039023120
439888.7521090470;4472801.2397130200;2016-11-14;1900-01-08;2;Arganzuela;22;2;Acacias;SAN ISIDORO DE SEVILLA, CALLE, DE;23;0302230080;-3.7083969390;40.4036539920
439616.4043945400;4472901.0796091700;2016-11-03;1900-01-08;2;Arganzuela;22;2;Acacias;SAN ISIDORO DE SEVILLA, CALLE, DE;5;0302230088;-3.7116157590;40.4045335400
440599.9620552440;4472436.7347446100;2016-10-28;1900-01-08;2;Arganzuela;22;2;Acacias;SANTA MARIA DE LA CABEZA, PASEO, DE;64;0302230001;-3.6999820800;40.4004207340
440540.2005825960;4472352.4723645300;2016-10-28;1900-01-08;2;Arganzuela;22;2;Acacias;SANTA MARIA DE LA CABEZA, PASEO, DE;70;0302230002;-3.7006784530;40.3996573250
440227.1033668050;4472913.0355642100;2016-11-03;1900-01-08;2;Arganzuela;22;2;Acacias;SANTOCILDES, CALLE, DE;4;0302230070;-3.7044203830;40.4046848010
440127.5598452930;4472946.9711382800;2016-11-03;1900-01-08;2;Arganzuela;22;2;Acacias;SORIA, CALLE, DE;3;0302230072;-3.7055965510;40.4049834830
439590.7099700230;4473016.2674121800;2016-11-03;1900-01-08;2;Arganzuela;22;2;Acacias;TOLEDO, CALLE, DE;133;0302230094;-3.7119294530;40.4055694470
439568.8803604390;4472953.8639371200;2016-11-03;1900-01-08;2;Arganzuela;22;2;Acacias;TOLEDO, CALLE, DE;137;0302230093;-3.7121808100;40.4050050840
439513.3635742810;4472802.6123565400;2016-11-03;1900-01-08;2;Arganzuela;22;2;Acacias;TOLEDO, CALLE, DE;153;0302230092;-3.7128206890;40.4036389230
439479.7185894360;4472711.3515822800;2016-11-03;1900-01-08;2;Arganzuela;22;2;Acacias;TOLEDO, CALLE, DE;163;0302230091;-3.7132084670;40.4028142650
439436.7428679430;4472594.2790232100;2016-11-03;1900-01-08;2;Arganzuela;22;2;Acacias;TOLEDO, CALLE, DE;181;0302230090;-3.7137037320;40.4017565850
440180.8883415740;4472980.1654063700;2016-11-03;1900-01-08;2;Arganzuela;22;2;Acacias;TOLEDO, RONDA, DE;36;0302230071;-3.7049713390;40.4052869790
440208.7174462590;4472124.5237076600;2016-11-02;1900-01-08;2;Arganzuela;22;2;Acacias;VALDELASIERRA, CALLE, DE;10;0302230042;-3.7045629920;40.3975801240
440068.8563722540;4472167.1365850300;2016-11-02;1900-01-08;2;Arganzuela;22;2;Acacias;VALDELASIERRA, CALLE, DE;3;0302230045;-3.7062150010;40.3979547240
440115.9509209320;4472913.4140913000;2016-11-03;1900-01-08;2;Arganzuela;22;2;Acacias;VILLA DE ARBANCON, CALLE, DE LA;1;0302230073;-3.7057302790;40.4046809620
439708.3476298540;4472313.1185042700;2016-11-02;1900-01-08;2;Arganzuela;22;2;Acacias;YESERIAS, PASEO, DE LAS;19;0302230061;-3.7104766040;40.3992436500
439888.7701102940;4472292.2269448900;2016-11-02;1900-01-08;2;Arganzuela;22;2;Acacias;YESERIAS, PASEO, DE LAS;31;0302230055;-3.7083486960;40.3990678090
439967.7864257890;4472135.1412023300;2016-11-02;1900-01-08;2;Arganzuela;22;2;Acacias;YESERIAS, PASEO, DE LAS;41;0302230053;-3.7074029150;40.3976585620
440154.5381506550;4472089.5737386500;2016-11-02;1900-01-08;2;Arganzuela;22;2;Acacias;YESERIAS, PASEO, DE LAS;55;0302230043;-3.7051980590;40.3972620750
439876.6040610600;4472197.2654508300;2016-11-02;1900-01-08;2;Arganzuela;22;2;Acacias;YESERIAS, PASEO, DE LAS;6;0302230054;-3.7084830550;40.3982114660
440058.3033399270;4472090.4601223000;2016-11-02;1900-01-08;2;Arganzuela;22;2;Acacias;YESERIAS, PASEO, DE LAS;8;0302230044;-3.7063320570;40.3972629340
439783.4975773410;4472262.2126948000;2016-11-02;1900-01-08;2;Arganzuela;22;2;Acacias;YESERIAS, PASEO, DE LAS;S/N;0302230056;-3.7095863420;40.3987899240
440471.7661607580;4472168.3612852400;2016-12-02;1900-01-08;2;Arganzuela;23;3;Chopera;AGUILON, CALLE, DE;1 B;0702330042;-3.7014676450;40.3979939710
440554.7397171530;4472089.9748848100;2016-12-02;1900-01-08;2;Arganzuela;23;3;Chopera;AGUILON, CALLE, DE;15;0702330043;-3.7004826730;40.3972943330
440499.1541801860;4472077.9673294900;2016-12-02;1900-01-08;2;Arganzuela;23;3;Chopera;AGUILON, CALLE, DE;S/N;0702330044;-3.7011364180;40.3971822050
440519.2567166140;4471952.0903732100;2016-12-02;1900-01-08;2;Arganzuela;23;3;Chopera;AGUILON, CALLE, DE;S/N;0702330045;-3.7008878120;40.3960496960
440811.9056642660;4471942.0760720700;2016-12-02;2020-12-03;2;Arganzuela;23;3;Chopera;ALDEA DEL FRESNO, CALLE, DE;10;0702330016;-3.6974387200;40.3959801970
440795.9056642660;4471932.9927387400;2020-12-03;1900-01-08;2;Arganzuela;23;3;Chopera;ALDEA DEL FRESNO, CALLE, DE;12;0702330016;-3.6976264210;40.3958966020
440727.9775750110;4471895.2162370800;2016-12-02;1900-01-08;2;Arganzuela;23;3;Chopera;ALDEA DEL FRESNO, CALLE, DE;20;0702330025;-3.6984232340;40.3955519110
440639.6595551340;4471851.1509830000;2016-12-02;1900-01-08;2;Arganzuela;23;3;Chopera;ALDEA DEL FRESNO, CALLE, DE;27;0702330031;-3.6994597720;40.3951482620
440873.4866693290;4471646.7632087700;2016-12-02;1900-01-08;2;Arganzuela;23;3;Chopera;ALEJANDRO SAINT AUBIN, CALLE, DE;7;0702330007;-3.6966856820;40.3933240790
440887.3625365710;4471892.2160495700;2016-12-02;1900-01-08;2;Arganzuela;23;3;Chopera;ALONSO CARBONELL, CALLE, DE;1;0702330014;-3.6965450210;40.3955361540
440896.3630991060;4471804.0855414100;2016-12-02;1900-01-08;2;Arganzuela;23;3;Chopera;ALONSO CARBONELL, CALLE, DE;8;0702330011;-3.6964307730;40.3947431230
440869.3614115000;4471720.6428262400;2016-12-02;1900-01-08;2;Arganzuela;23;3;Chopera;BENITO VALDERAS, CALLE, DE;S/N;0702330010;-3.6967411440;40.3939896270
440689.3161358890;4472269.0857422600;2016-12-02;1900-01-08;2;Arganzuela;23;3;Chopera;CACERES, CALLE, DE;40;0702330036;-3.6989136860;40.3989174070
440565.6817100960;4472271.2839836700;2016-12-02;1900-01-08;2;Arganzuela;23;3;Chopera;CACERES, CALLE, DE;51;0702330040;-3.7003705450;40.3989284080
440473.9012598230;4471997.8520207000;2016-12-02;1900-01-08;2;Arganzuela;23;3;Chopera;CHOPERA, PASEO, DE LA;13;0702330046;-3.7014265070;40.3964581010
440540.6556642660;4471833.2010720700;2016-12-02;1900-01-08;2;Arganzuela;23;3;Chopera;CHOPERA, PASEO, DE LA;31;0702330047;-3.7006245950;40.3949800990
440613.9704495650;4471794.8974671600;2016-12-02;1900-01-08;2;Arganzuela;23;3;Chopera;CHOPERA, PASEO, DE LA;39;0702330030;-3.6997571940;40.3946404490
440488.9056642660;4471883.0760720700;2016-12-02;1900-01-08;2;Arganzuela;23;3;Chopera;CHOPERA, PASEO, DE LA;4;0702330048;-3.7012389780;40.3954251720
440809.5451729850;4471608.5108179900;2016-12-02;1900-01-08;2;Arganzuela;23;3;Chopera;CHOPERA, PASEO, DE LA;51;0702330005;-3.6974355120;40.3929746890
440793.1556642660;4471591.4510720700;2016-12-02;1900-01-08;2;Arganzuela;23;3;Chopera;CHOPERA, PASEO, DE LA;51;0702330006;-3.6976271090;40.3928202770
440591.4690432270;4471784.5843225900;2016-12-02;1900-01-08;2;Arganzuela;23;3;Chopera;CHOPERA, PASEO, DE LA;6;0702330029;-3.7000213850;40.3945459110
440646.9056642660;4471731.5760720700;2016-12-02;1900-01-08;2;Arganzuela;23;3;Chopera;CHOPERA, PASEO, DE LA;S/N;0702330028;-3.6993632280;40.3940716740
440386.9037754370;4471992.0256133600;2016-12-02;1900-01-08;2;Arganzuela;23;3;Chopera;CHOPERA, PASEO, DE LA;S/N;0702330049;-3.7024510120;40.3964001170
440837.8594426270;4471993.6598898100;2016-12-02;1900-01-08;2;Arganzuela;23;3;Chopera;DIVINO VALLES, CALLE, DEL;20 B;0702330017;-3.6971377460;40.3964462980
440737.5306642660;4471991.8260720700;2016-12-02;1900-01-08;2;Arganzuela;23;3;Chopera;DIVINO VALLES, CALLE, DEL;25;0702330023;-3.6983196430;40.3964233220
440915.3017827740;4471711.2672402700;2016-12-02;1900-01-08;2;Arganzuela;23;3;Chopera;DOMINGO PEREZ DEL VAL, CALLE, DE;S/N;0702330008;-3.6961990120;40.3939078080
440697.2113847190;4472378.6059335600;2016-12-02;1900-01-08;2;Arganzuela;23;3;Chopera;EMBAJADORES, CALLE, DE;118;0702330038;-3.6988307790;40.3999040980
440732.6943852590;4472310.2932874000;2016-12-02;1900-01-08;2;Arganzuela;23;3;Chopera;EMBAJADORES, CALLE, DE;126;0702330037;-3.6984062740;40.3992914920
440819.0306642660;4472146.5760720700;2016-12-02;1900-01-08;2;Arganzuela;23;3;Chopera;EMBAJADORES, CALLE, DE;142;0702330019;-3.6973738040;40.3978227140
440861.5306642660;4472064.8260720700;2016-12-02;1900-01-08;2;Arganzuela;23;3;Chopera;EMBAJADORES, CALLE, DE;150;0702330018;-3.6968654190;40.3970893280
440931.2806642660;4471931.5760720700;2016-12-02;1900-01-08;2;Arganzuela;23;3;Chopera;EMBAJADORES, CALLE, DE;166;0702330015;-3.6960312500;40.3958941960
440970.6177400210;4471856.2137994300;2016-12-02;1900-01-08;2;Arganzuela;23;3;Chopera;EMBAJADORES, CALLE, DE;174;0702330012;-3.6955607940;40.3952179340
440902.6556642660;4471519.4510720700;2016-12-02;1900-01-08;2;Arganzuela;23;3;Chopera;ENRIQUE TROMPETA, CALLE, DE;14;0702330002;-3.6963302190;40.3921789650
440982.5306642660;4471562.2010720700;2016-12-02;1900-01-08;2;Arganzuela;23;3;Chopera;ENRIQUE TROMPETA, CALLE, DE;3;0702330001;-3.6953931460;40.3925699520
440656.2806642660;4471943.9510720700;2016-12-02;1900-01-08;2;Arganzuela;23;3;Chopera;EUGENIO SELLES, CALLE, DE;10;0702330032;-3.6992725290;40.3959858690
440618.6900679360;4472102.1173564800;2016-12-02;1900-01-08;2;Arganzuela;23;3;Chopera;FERNANDO POO, CALLE, DE;24;0702330033;-3.6997302080;40.3974076640
440588.8731987460;4471949.1823017300;2016-12-02;1900-01-08;2;Arganzuela;23;3;Chopera;FERNANDO POO, CALLE, DE;44;0702330034;-3.7000672790;40.3960283820
440640.1417678820;4472338.4908049400;2016-12-02;1900-01-08;2;Arganzuela;23;3;Chopera;GENERAL PALANCA, CALLE, DEL;6 A;0702330039;-3.6994994780;40.3995387800
440937.8031891110;4471734.8937169200;2016-12-02;1900-01-08;2;Arganzuela;23;3;Chopera;GUILLERMO DE OSMA, CALLE, DE;8;0702330009;-3.6959361390;40.3941223240
440769.4056642660;4472088.3260720700;2016-12-02;1900-01-08;2;Arganzuela;23;3;Chopera;JAIME EL CONQUISTADOR, CALLE, DE;11;0702330021;-3.6979530650;40.3972943330
440758.7806642660;4471990.0760720700;2016-12-02;1900-01-08;2;Arganzuela;23;3;Chopera;JAIME EL CONQUISTADOR, CALLE, DE;19;0702330024;-3.6980691460;40.3964085970
440738.1032078630;4471816.0862914600;2016-12-02;1900-01-08;2;Arganzuela;23;3;Chopera;JAIME EL CONQUISTADOR, CALLE, DE;31;0702330026;-3.6982965530;40.3948398960
440716.1556642660;4471783.4510720700;2016-12-02;1900-01-08;2;Arganzuela;23;3;Chopera;JAIME EL CONQUISTADOR, CALLE, DE;50;0702330027;-3.6985520920;40.3945442500
440837.0399821280;4471802.2244546300;2016-12-02;2025-06-20;2;Arganzuela;23;3;Chopera;JOSE DE VILLARREAL, PLAZA, DE;4;0702330013;-3.6971296100;40.3947216370
440934.7806642660;4471624.0760720700;2016-12-02;1900-01-08;2;Arganzuela;23;3;Chopera;JOSE MIGUEL GORDOA, CALLE, DE;2;0702330004;-3.6959614630;40.3931243460
440889.1556642660;4471577.2010720700;2016-12-02;1900-01-08;2;Arganzuela;23;3;Chopera;JOSE MIGUEL GORDOA, CALLE, DE;7;0702330003;-3.6964946000;40.3926984090
440746.7806642660;4472075.7010720700;2016-12-02;1900-01-08;2;Arganzuela;23;3;Chopera;PARROCO JULIO MORATE, CALLE, DEL;1;0702330022;-3.6982185160;40.3971788820
440628.8087943260;4472181.9878367800;2016-12-02;1900-01-08;2;Arganzuela;23;3;Chopera;TORRES MIRANDA, CALLE, DE;12;0702330035;-3.6996184240;40.3981281010
440756.5192040350;4472161.1775697400;2016-12-02;1900-01-08;2;Arganzuela;23;3;Chopera;TORRES MIRANDA, CALLE, DE;2;0702330020;-3.6981117170;40.3979497390
440538.9545039860;4472193.7255593900;2016-12-02;1900-01-08;2;Arganzuela;23;3;Chopera;TORRES MIRANDA, CALLE, DE;24;0702330041;-3.7006783380;40.3982276810
441530.5277343960;4471511.5672590200;2016-11-29;1900-01-08;2;Arganzuela;24;4;Legazpi;(Sin Asignar);S/N;0702430072;-3.6889319590;40.3921524950
441059.7806642660;4471121.3260720700;2016-11-29;1900-01-08;2;Arganzuela;24;4;Legazpi;ALGETE, CALLE, DE;7;0702430040;-3.6944421510;40.3886038810
441186.6556642660;4471168.5760720700;2016-11-29;1900-01-08;2;Arganzuela;24;4;Legazpi;ANDRES DE URDANETA, CALLE, DE;5;0702430037;-3.6929517160;40.3890386980
441271.7806642660;4471078.0760720700;2016-11-29;1900-01-08;2;Arganzuela;24;4;Legazpi;ANDRES DE URDANETA, CALLE, DE;S/N;0702430034;-3.6919405030;40.3882289940
441361.0171399830;4471290.3034300300;2016-11-29;1900-01-08;2;Arganzuela;24;4;Legazpi;ANTRACITA, CALLE, DE LA;1 C;0702430056;-3.6909087200;40.3901470850
441627.0962699290;4471400.3728093700;2016-11-29;1900-01-08;2;Arganzuela;24;4;Legazpi;ANTRACITA, CALLE, DE LA;13;0702430063;-3.6877840380;40.3911573240
441704.6556642660;4471431.9510720700;2016-11-29;1900-01-08;2;Arganzuela;24;4;Legazpi;ANTRACITA, CALLE, DE LA;31;0702430062;-3.6868732070;40.3914478140
442378.4647740410;4471660.3047109700;2016-11-25;1900-01-08;2;Arganzuela;24;4;Legazpi;ARIEL, CALLE, DE;4 C;0702430005;-3.6789551590;40.3935517720
442269.3223309330;4471570.6594054000;2016-11-25;1900-01-08;2;Arganzuela;24;4;Legazpi;ARIEL, CALLE, DE;7;0702430007;-3.6802329120;40.3927367970
442240.0648885400;4471524.1947925500;2016-11-25;1900-01-08;2;Arganzuela;24;4;Legazpi;ARIEL, CALLE, DE;S/N;0702430010;-3.6805734210;40.3923159020
441314.8550213210;4471526.2769704300;2016-11-29;1900-01-08;2;Arganzuela;24;4;Legazpi;BOLIVAR, CALLE, DE;22 D;0702430071;-3.6914743440;40.3922698360
441433.3973998030;4471578.9190472800;2016-11-29;1900-01-08;2;Arganzuela;24;4;Legazpi;BOLIVAR, CALLE, DE;S/N;0702430069;-3.6900825150;40.3927524390
441566.7129631970;4471574.7827976300;2016-11-22;1900-01-08;2;Arganzuela;24;4;Legazpi;BRONCE, CALLE, DEL;1 B;0702430073;-3.6885114080;40.3927242490
441624.0960824170;4471307.9295316600;2016-11-29;1900-01-08;2;Arganzuela;24;4;Legazpi;BRONCE, CALLE, DEL;12;0702430060;-3.6878108520;40.3903245300
441426.9056642660;4471051.7010720700;2016-11-29;1900-01-08;2;Arganzuela;24;4;Legazpi;BRONCE, CALLE, DEL;30;0702430050;-3.6901105900;40.3880027330
441526.9056642660;4471134.7010720700;2016-11-29;1900-01-08;2;Arganzuela;24;4;Legazpi;BRONCE, CALLE, DEL;31;0702430051;-3.6889399800;40.3887570320
441576.0930822300;4471520.5678215600;2016-11-29;1900-01-08;2;Arganzuela;24;4;Legazpi;BRONCE, CALLE, DEL;6;0702430065;-3.6883959570;40.3922367200
441589.4056642660;4471218.3260720700;2016-11-29;1900-01-08;2;Arganzuela;24;4;Legazpi;CROMO, CALLE, DEL;7;0702430052;-3.6882114070;40.3895153990
440982.2806642660;4471069.0760720700;2016-11-29;1900-01-08;2;Arganzuela;24;4;Legazpi;EL SOTO, CALLE, DE;1;0702430041;-3.6953504040;40.3881275810
441192.1556642660;4471375.5760720700;2016-11-29;1900-01-08;2;Arganzuela;24;4;Legazpi;EMBAJADORES, CALLE, DE;206 C;0702430047;-3.6929061090;40.3909035040
441230.6556642660;4471286.5760720700;2016-11-29;1900-01-08;2;Arganzuela;24;4;Legazpi;EMBAJADORES, CALLE, DE;216;0702430045;-3.6924443050;40.3901041130
441294.1556642660;4471139.3260720700;2016-11-29;1900-01-08;2;Arganzuela;24;4;Legazpi;EMBAJADORES, CALLE, DE;230;0702430036;-3.6916826140;40.3887824720
441431.2806642660;4470738.8260720700;2016-11-29;1900-01-08;2;Arganzuela;24;4;Legazpi;EMBAJADORES, CALLE, DE;284;0702430026;-3.6900302610;40.3851838380
442252.2303386610;4471694.0817254300;2016-11-25;1900-01-08;2;Arganzuela;24;4;Legazpi;EROS, CALLE, DE;S/N;0702430006;-3.6804454800;40.3938470170
442336.1003830300;4471758.7732954900;2016-11-25;1900-01-08;2;Arganzuela;24;4;Legazpi;ESTRELLA HADAR, CALLE, DE LA;S/N;0702430001;-3.6794632010;40.3944360180
441184.9056642660;4471258.5760720700;2016-11-29;1900-01-08;2;Arganzuela;24;4;Legazpi;FRIGILIANA, CALLE, DE;2;0702430044;-3.6929807080;40.3898488610
441480.7806642660;4471112.9510720700;2016-11-29;1900-01-08;2;Arganzuela;24;4;Legazpi;HIERRO, CALLE, DEL;16;0702430053;-3.6894814250;40.3885583880
441422.3334722540;4471243.4255001600;2016-11-29;1900-01-08;2;Arganzuela;24;4;Legazpi;HIERRO, CALLE, DEL;6;0702430057;-3.6901820950;40.3897296280
441367.9550736040;4471397.3726218600;2016-11-29;1900-01-08;2;Arganzuela;24;4;Legazpi;HIERRO, CALLE, DEL;S/N;0702430067;-3.6908368140;40.3911120610
441536.3405977000;4471362.4954420300;2016-11-29;1900-01-08;2;Arganzuela;24;4;Legazpi;ISIDORO ÁLVAREZ ÁLVAREZ, CALLE, DE;1;0702430061;-3.6888497390;40.3908101690
441252.1556642660;4470862.4510720700;2016-11-29;1900-01-08;2;Arganzuela;24;4;Legazpi;JOSE ANTONIO ZAPATA, CALLE, DE;1;0702430029;-3.6921518100;40.3862854070
441147.1556642660;4470962.7010720700;2016-11-29;1900-01-08;2;Arganzuela;24;4;Legazpi;JULIAN RABANEDO, CALLE, DE;18;0702430033;-3.6933981650;40.3871808830
441278.4056642660;4470952.0760720700;2016-11-29;1900-01-08;2;Arganzuela;24;4;Legazpi;JULIAN RABANEDO, CALLE, DE;2 A;0702430032;-3.6918508350;40.3870942510
441477.8369412210;4471322.7429575000;2016-11-29;1900-01-08;2;Arganzuela;24;4;Legazpi;LITIO, CALLE, DEL;S/N;0702430059;-3.6895353980;40.3904477160
441000.4056642660;4471186.8260720700;2016-11-29;1900-01-08;2;Arganzuela;24;4;Legazpi;MAESTRO ARBOS, CALLE, DEL;13;0702430042;-3.6951477490;40.3891894440
441143.9056642660;4471428.7010720700;2016-11-29;1900-01-08;2;Arganzuela;24;4;Legazpi;MANUEL ALEIXANDRE, CALLE, DE;11;0702430049;-3.6934795250;40.3913786010
442196.6986369300;4471460.2188372100;2016-11-25;1900-01-08;2;Arganzuela;24;4;Legazpi;MENESES, CALLE, DE;S/N;0702430011;-3.6810785980;40.3917362410
441061.0306642660;4471384.3260720700;2016-11-29;1900-01-08;2;Arganzuela;24;4;Legazpi;MOLINO, PASEO, DEL;1;0702430048;-3.6944517770;40.3909735190
441151.9924411260;4471316.2124357100;2016-11-29;1900-01-08;2;Arganzuela;24;4;Legazpi;MOLINO, PASEO, DEL;11;0702430046;-3.6933738710;40.3903656690
442303.4683521150;4471476.3917297200;2016-11-25;1900-01-08;2;Arganzuela;24;4;Legazpi;NEREIDA, CALLE, DE;2;0702430009;-3.6798220440;40.3918899080
441088.2806642660;4471278.9510720700;2016-11-29;1900-01-08;2;Arganzuela;24;4;Legazpi;NERJA, CALLE, DE;1;0702430043;-3.6941210080;40.3900260760
441422.3334722540;4471465.0643525900;2016-11-29;1900-01-08;2;Arganzuela;24;4;Legazpi;ONICE, CALLE, DEL;5;0702430070;-3.6902024350;40.3917262140
442462.4779413520;4471608.0648369200;2016-11-25;1900-01-08;2;Arganzuela;24;4;Legazpi;PLANETA TIERRA, CALLE, DEL;1;0702430002;-3.6779605040;40.3930869890
442393.3495600730;4471550.6725369300;2016-11-25;1900-01-08;2;Arganzuela;24;4;Legazpi;PLANETA TIERRA, CALLE, DEL;S/N;0702430004;-3.6787697500;40.3925646810
441500.1765089040;4470876.1246342000;2016-11-25;1900-01-08;2;Arganzuela;24;4;Legazpi;PUERTO DE BEJAR, CALLE, DEL;1;0702430024;-3.6892311570;40.3864256100
441686.8287064080;4471068.0219031400;2016-11-25;1900-01-08;2;Arganzuela;24;4;Legazpi;PUERTO DE BEJAR, CALLE, DEL;20;0702430019;-3.6870499070;40.3881680320
441745.4789702700;4470965.8145577200;2016-11-25;1900-01-08;2;Arganzuela;24;4;Legazpi;PUERTO DE BEJAR, CALLE, DEL;30;0702430020;-3.6863495810;40.3872510700
441683.9348738880;4470951.1834151700;2016-11-25;1900-01-08;2;Arganzuela;24;4;Legazpi;PUERTO DE LA CRUZ VERDE, CALLE, DEL;12;0702430021;-3.6870732840;40.3871148210
441750.7508048460;4470895.4363775800;2016-11-25;1900-01-08;2;Arganzuela;24;4;Legazpi;PUERTO DE LA CRUZ VERDE, CALLE, DEL;19;0702430016;-3.6862810550;40.3866171490
441816.5024098940;4470680.9134641500;2016-11-25;1900-01-08;2;Arganzuela;24;4;Legazpi;PUERTO DE LA CRUZ VERDE, CALLE, DEL;34;0702430014;-3.6854867630;40.3846893180
441791.2644200780;4470826.8067561500;2016-11-25;1900-01-08;2;Arganzuela;24;4;Legazpi;PUERTO DE LA CRUZ VERDE, CALLE, DEL;49;0702430015;-3.6857974210;40.3860018500
441690.0910749370;4470721.4270793800;2016-11-25;1900-01-08;2;Arganzuela;24;4;Legazpi;PUERTO DE LA CRUZ VERDE, CALLE, DEL;52;0702430018;-3.6869797770;40.3850453540
441727.7266737860;4470587.0458529000;2016-11-25;1900-01-08;2;Arganzuela;24;4;Legazpi;PUERTO DE LA CRUZ VERDE, CALLE, DEL;S/N;0702430013;-3.6865240460;40.3838375020
441562.3939080720;4470927.3092968900;2016-11-25;1900-01-08;2;Arganzuela;24;4;Legazpi;PUERTO DE MIRAVETE, CALLE, DEL;1;0702430023;-3.6885029280;40.3868915960
441570.5427021230;4470754.1921889600;2016-11-25;1900-01-08;2;Arganzuela;24;4;Legazpi;PUERTO SERRANO, CALLE, DE;6;0702430025;-3.6883910290;40.3853324640
441652.4554760880;4470824.5928974000;2016-11-25;1900-01-08;2;Arganzuela;24;4;Legazpi;PUERTO SERRANO, CALLE, DE;S/N;0702430017;-3.6874325280;40.3859721140
441348.0306642660;4470813.5760720700;2016-11-29;1900-01-08;2;Arganzuela;24;4;Legazpi;RICARDO DAMAS, CALLE, DE;41;0702430027;-3.6910178690;40.3858513910
441258.1556642660;4470793.7010720700;2016-11-29;1900-01-08;2;Arganzuela;24;4;Legazpi;RICARDO DAMAS, CALLE, DE;S/N;0702430028;-3.6920748610;40.3856663830
441170.7806642660;4470805.7010720700;2016-11-29;1900-01-08;2;Arganzuela;24;4;Legazpi;RICARDO DAMAS, CALLE, DE;S/N;0702430030;-3.6931052110;40.3857681980
441086.9056642660;4470899.5760720700;2016-11-29;1900-01-08;2;Arganzuela;24;4;Legazpi;RICARDO GOIZUETA, CALLE, DE;27;0702430031;-3.6941021010;40.3866080390
441275.6993076190;4471351.9947857400;2016-11-29;1900-01-08;2;Arganzuela;24;4;Legazpi;RODIO, CALLE, DEL;2 B;0702430068;-3.6919195900;40.3906973540
441692.9128834670;4471519.8177746800;2016-11-29;1900-01-08;2;Arganzuela;24;4;Legazpi;RODIO, CALLE, DEL;S/N;0702430064;-3.6870195970;40.3922386100
441491.1502733040;4471443.3129931300;2016-11-29;1900-01-08;2;Arganzuela;24;4;Legazpi;RODIO, CALLE, DEL;S/N;0702430066;-3.6893895800;40.3915347890
441350.8915071310;4471170.4834412800;2016-11-29;1900-01-08;2;Arganzuela;24;4;Legazpi;SODIO, CALLE, DEL;1;0702430055;-3.6910170090;40.3890675180
441445.5849254700;4471193.7348945000;2016-11-29;1900-01-08;2;Arganzuela;24;4;Legazpi;SODIO, CALLE, DEL;S/N;0702430054;-3.6899035230;40.3892830650
441569.9051954870;4471259.5515080400;2016-11-29;1900-01-08;2;Arganzuela;24;4;Legazpi;SODIO, CALLE, DEL;S/N;0702430058;-3.6884449450;40.3898853580
441069.2806642660;4471197.3260720700;2016-11-29;1900-01-08;2;Arganzuela;24;4;Legazpi;TENIENTE CORONEL NOREÑA, CALLE, DEL;15;0702430038;-3.6943372430;40.3892887940
441190.7806642660;4471053.7010720700;2016-11-29;1900-01-08;2;Arganzuela;24;4;Legazpi;TENIENTE CORONEL NOREÑA, CALLE, DEL;28;0702430035;-3.6928925870;40.3880041080
441062.5306642660;4471030.4510720700;2016-11-29;1900-01-08;2;Arganzuela;24;4;Legazpi;TERESA LOPEZ VALCARCEL, CALLE, DE;17;0702430039;-3.6944012990;40.3877852390
442342.1115466190;4471429.7336504300;2016-11-25;1900-01-08;2;Arganzuela;24;4;Legazpi;TITAN, CALLE, DE;12;0702430008;-3.6793625890;40.3914720500
442408.3774690460;4471437.8916581600;2016-11-25;1900-01-08;2;Arganzuela;24;4;Legazpi;TITAN, CALLE, DE;8;0702430003;-3.6785825650;40.3915496860
442143.6000252220;4471561.1205117500;2016-11-25;1900-01-08;2;Arganzuela;24;4;Legazpi;VILLARROBLEDO, CALLE, DE;19;0702430012;-3.6817133210;40.3926418580
441538.7237158420;4471874.1615544000;2016-11-22;1900-01-08;2;Arganzuela;25;5;Delicias;ALABASTRO, CALLE, DEL;5;0702530074;-3.6888687040;40.3954191560
441061.0717259720;4471855.9724941600;2016-11-22;1900-01-08;2;Arganzuela;25;5;Delicias;ALEJANDRO FERRANT, CALLE, DE;1;0702530057;-3.6944949200;40.3952218300
441294.5870290120;4471749.7850288800;2016-11-22;1900-01-08;2;Arganzuela;25;5;Delicias;ALICANTE, CALLE, DE;12;0702530085;-3.6917337800;40.3942814910
441179.6024168930;4471744.4258014600;2016-11-22;1900-01-08;2;Arganzuela;25;5;Delicias;ALICANTE, CALLE, DE;7;0702530071;-3.6930880230;40.3942255710
441995.7292510110;4471781.1010883200;2016-11-17;1900-01-08;2;Arganzuela;25;5;Delicias;AMALTEA, CALLE, DE;1;0702530002;-3.6834756240;40.3946127180
441894.0779218980;4471985.1825799600;2016-11-17;1900-01-08;2;Arganzuela;25;5;Delicias;AMALTEA, CALLE, DE;S/N;0702530006;-3.6846918990;40.3964445790
441887.4805831970;4472244.2119884300;2016-11-17;1900-01-08;2;Arganzuela;25;5;Delicias;AMANECER EN MENDEZ ALVARO, PLAZA, DEL;2;0702530014;-3.6847933700;40.3987773190
441845.2128877930;4472294.9779506400;2016-11-17;1900-01-08;2;Arganzuela;25;5;Delicias;AMANECER EN MENDEZ ALVARO, PLAZA, DEL;6;0702530016;-3.6852960260;40.3992319610
441637.4183990640;4471692.8498702300;2016-11-22;1900-01-08;2;Arganzuela;25;5;Delicias;ANTRACITA, CALLE, DE LA;S/N;0702530077;-3.6876892130;40.3937927580
440924.8409656760;4472428.1843163000;2016-11-17;1900-01-08;2;Arganzuela;25;5;Delicias;BATALLA DEL SALADO, CALLE, DE LA;31;0702530035;-3.6961531750;40.4003673920
440907.0232922640;4472242.4658970900;2016-11-22;1900-01-08;2;Arganzuela;25;5;Delicias;BATALLA DEL SALADO, CALLE, DE LA;36;0702530042;-3.6963458610;40.3986929800
440900.8016461200;4472168.9727020100;2016-11-22;1900-01-08;2;Arganzuela;25;5;Delicias;BATALLA DEL SALADO, CALLE, DE LA;51;0702530046;-3.6964123240;40.3980301250
441100.9650402610;4471448.6601217400;2016-11-22;1900-01-08;2;Arganzuela;25;5;Delicias;BOLIVAR, CALLE, DE;5;0702530090;-3.6939872230;40.3915558160
441354.4938896940;4472457.8427611000;2016-11-17;1900-01-08;2;Arganzuela;25;5;Delicias;BUSTAMANTE, CALLE, DE;12;0702530026;-3.6910931550;40.4006643560
441612.7964727200;4472436.5411844500;2016-11-17;1900-01-08;2;Arganzuela;25;5;Delicias;BUSTAMANTE, CALLE, DE;16;0702530022;-3.6880474260;40.4004907500
440848.9545949210;4472250.1133371400;2016-11-22;1900-01-08;2;Arganzuela;25;5;Delicias;CACERES, CALLE, DE;24;0702530041;-3.6970308890;40.3987572660
440787.1269863660;4472255.8165127700;2016-11-22;1900-01-08;2;Arganzuela;25;5;Delicias;CACERES, CALLE, DE;32;0702530040;-3.6977599200;40.3988042480
441012.6616590810;4472219.0051064200;2016-11-22;1900-01-08;2;Arganzuela;25;5;Delicias;CACERES, CALLE, DE;7;0702530045;-3.6950989330;40.3984888350
441596.0303061000;4471790.4302586400;2016-11-22;1900-01-08;2;Arganzuela;25;5;Delicias;CAOLIN, CALLE, DEL;9;0702530076;-3.6881857960;40.3946689830
441792.9056642660;4471976.0760720700;2016-11-17;1900-01-08;2;Arganzuela;25;5;Delicias;CASTOR Y POLUX, CALLE, DE;S/N;0702530005;-3.6858831360;40.3963554840
441473.0195614520;4471969.8217881500;2016-11-22;1900-01-08;2;Arganzuela;25;5;Delicias;CIRCON, CALLE, DEL;6;0702530066;-3.6896515940;40.3962762440
441373.3305289590;4471565.5018918700;2016-11-22;1900-01-08;2;Arganzuela;25;5;Delicias;CIRCONITA, CALLE, DE LA;3;0702530087;-3.6907889720;40.3926273050
441027.4783468110;4472388.2352468500;2016-11-17;1900-01-08;2;Arganzuela;25;5;Delicias;CIUDAD REAL, CALLE, DE;10;0702530032;-3.6949399940;40.4000145640
441489.2171892580;4471761.8830868200;2016-11-22;1900-01-08;2;Arganzuela;25;5;Delicias;COBRE, CALLE, DEL;2;0702530082;-3.6894416050;40.3944041620
441509.5928657940;4471669.8741724600;2016-11-22;1900-01-08;2;Arganzuela;25;5;Delicias;COBRE, CALLE, DEL;8;0702530081;-3.6891931130;40.3935771540
441178.6556642660;4472428.7010720700;2016-11-17;1900-01-08;2;Arganzuela;25;5;Delicias;CRISTO DEL CAMINO, CALLE, DEL;4;0702530028;-3.6931623930;40.4003900810
441046.1637664180;4471916.6414078300;2016-11-22;1900-01-08;2;Arganzuela;25;5;Delicias;DELICIAS, PASEO, DE LAS;108;0702530054;-3.6946762040;40.3957675720
441037.6094210310;4471584.9224585700;2016-11-22;1900-01-08;2;Arganzuela;25;5;Delicias;DELICIAS, PASEO, DE LAS;125;0702530093;-3.6947462770;40.3927786230
441095.1849329680;4472424.1292421500;2016-11-17;1900-01-08;2;Arganzuela;25;5;Delicias;DELICIAS, PASEO, DE LAS;52;0702530033;-3.6941455880;40.4003424680
441102.4371108070;4472260.3748142100;2016-11-22;1900-01-08;2;Arganzuela;25;5;Delicias;DELICIAS, PASEO, DE LAS;65 D;0702530044;-3.6940449770;40.3988682480
441086.5880542030;4472333.5823613800;2016-11-17;1900-01-08;2;Arganzuela;25;5;Delicias;DELICIAS, PASEO, DE LAS;66;0702530031;-3.6942384650;40.3995262320
441084.9244612590;4472074.0176069400;2016-11-22;1900-01-08;2;Arganzuela;25;5;Delicias;DELICIAS, PASEO, DE LAS;75;0702530058;-3.6942341100;40.3971877620
441070.4711211680;4472164.6953202900;2016-11-22;1900-01-08;2;Arganzuela;25;5;Delicias;DELICIAS, PASEO, DE LAS;84;0702530049;-3.6944127580;40.3980037690
441058.0901340610;4472034.2198366600;2016-11-22;1900-01-08;2;Arganzuela;25;5;Delicias;DELICIAS, PASEO, DE LAS;98;0702530053;-3.6945465440;40.3968276580
440927.3732598590;4471984.1379644900;2016-11-22;1900-01-08;2;Arganzuela;25;5;Delicias;DIVINO VALLES, CALLE, DEL;14;0702530051;-3.6960820710;40.3963667710
440997.6260142340;4471979.2124946200;2016-11-22;1900-01-08;2;Arganzuela;25;5;Delicias;DIVINO VALLES, CALLE, DEL;6;0702530052;-3.6952539750;40.3963280390
440845.1956837090;4472145.7711466000;2016-11-22;1900-01-08;2;Arganzuela;25;5;Delicias;EMBAJADORES, CALLE, DE;127;0702530047;-3.6970654380;40.3978172710
440884.7290602480;4472069.4263637100;2016-11-22;1900-01-08;2;Arganzuela;25;5;Delicias;EMBAJADORES, CALLE, DE;135;0702530050;-3.6965924620;40.3971324150
440971.4859370070;4471903.1571971300;2016-11-22;1900-01-08;2;Arganzuela;25;5;Delicias;EMBAJADORES, CALLE, DE;159;0702530055;-3.6955548350;40.3956410630
441011.5513733670;4471826.9343816400;2016-11-22;1900-01-08;2;Arganzuela;25;5;Delicias;EMBAJADORES, CALLE, DE;167;0702530056;-3.6950756710;40.3949566070
441129.1407804710;4471580.3060943600;2016-11-22;1900-01-08;2;Arganzuela;25;5;Delicias;EMBAJADORES, CALLE, DE;173 H;0702530089;-3.6936674550;40.3927433860
441058.0381592250;4471691.9478220500;2016-11-22;1900-01-08;2;Arganzuela;25;5;Delicias;EMBAJADORES, CALLE, DE;180;0702530094;-3.6945154900;40.3937438280
441090.1935237590;4471612.5675822100;2016-11-22;1900-01-08;2;Arganzuela;25;5;Delicias;EMBAJADORES, CALLE, DE;188;0702530092;-3.6941293160;40.3930316410
441127.1244374810;4471523.5301206800;2016-11-22;1900-01-08;2;Arganzuela;25;5;Delicias;EMBAJADORES, CALLE, DE;198;0702530091;-3.6936859610;40.3922314480
440704.8796662790;4472414.5686920000;2016-11-22;1900-01-08;2;Arganzuela;25;5;Delicias;EMBAJADORES, CALLE, DE;89;0702530038;-3.6987438040;40.4002289650
441933.3264962020;4471833.3878801900;2016-11-17;1900-01-08;2;Arganzuela;25;5;Delicias;ESTRELLA DENEBOLA, CALLE, DE LA;11;0702530007;-3.6842155990;40.3950799080
442017.3027905100;4471715.6421572800;2016-11-17;1900-01-08;2;Arganzuela;25;5;Delicias;ESTRELLA DENEBOLA, CALLE, DE LA;3;0702530001;-3.6832154440;40.3940253220
442016.6877843600;4471909.5368235000;2016-11-17;1900-01-08;2;Arganzuela;25;5;Delicias;ESTRELLA SHAULA, CALLE, DE LA;1;0702530008;-3.6832403680;40.3957716970
440866.2635598190;4472479.6332547800;2016-11-17;1900-01-08;2;Arganzuela;25;5;Delicias;FERROCARRIL, CALLE, DEL;27;0702530036;-3.6968481150;40.4008268470
440772.1389752360;4472485.5180378500;2016-11-17;1900-01-08;2;Arganzuela;25;5;Delicias;FERROCARRIL, CALLE, DEL;37;0702530037;-3.6979578200;40.4008729700
441017.1909712100;4472468.5215042500;2016-11-17;1900-01-08;2;Arganzuela;25;5;Delicias;FERROCARRIL, CALLE, DEL;9;0702530034;-3.6950686800;40.4007372930
440748.0723309330;4472330.4927387400;2016-11-22;1900-01-08;2;Arganzuela;25;5;Delicias;GENERAL PALANCA, CALLE, DEL;20;0702530039;-3.6982269380;40.3994744370
441028.2157744410;4472295.7387422000;2016-11-22;1900-01-08;2;Arganzuela;25;5;Delicias;GENERAL PALANCA, CALLE, DEL;33;0702530043;-3.6949227480;40.3991810250
441401.2409608810;4471679.9558874200;2016-11-22;1900-01-08;2;Arganzuela;25;5;Delicias;GRANITO, CALLE, DEL;32;0702530083;-3.6904706940;40.3936601760
441267.3133369820;4471636.0208348900;2016-11-22;1900-01-08;2;Arganzuela;25;5;Delicias;GRANITO, CALLE, DEL;S/N;0702530086;-3.6920446660;40.3932548080
441363.6733072670;4471739.5971906100;2016-11-22;1900-01-08;2;Arganzuela;25;5;Delicias;ISIDORO ÁLVAREZ ÁLVAREZ, CALLE, DE;21;0702530084;-3.6909188040;40.3941947460
441713.3779330800;4472185.2832173200;2016-11-17;1900-01-08;2;Arganzuela;25;5;Delicias;JUAN DE MARIANA, CALLE, DE;13;0702530019;-3.6868393450;40.3982343270
441787.2806642660;4472218.4510720700;2016-11-17;1900-01-08;2;Arganzuela;25;5;Delicias;JUAN DE MARIANA, CALLE, DE;17 B;0702530018;-3.6859716000;40.3985386820
441819.0306642660;4472193.5760720700;2016-11-17;1900-01-08;2;Arganzuela;25;5;Delicias;JUAN DE MARIANA, CALLE, DE;18;0702530017;-3.6855952240;40.3983163170
441118.4753872840;4471968.5582433500;2016-11-22;1900-01-08;2;Arganzuela;25;5;Delicias;JUAN DE VERA, CALLE, DE;5;0702530069;-3.6938289720;40.3962402620
441206.3454923460;4471957.5744802200;2016-11-22;1900-01-08;2;Arganzuela;25;5;Delicias;JUAN DE VERA, CALLE, DE;8;0702530068;-3.6927926060;40.3961477290
441320.0035630250;4471936.5620637900;2016-11-22;1900-01-08;2;Arganzuela;25;5;Delicias;JUAN DE VERA, CALLE, DE;S/N;0702530072;-3.6914514260;40.3959664460
441189.3127002420;4471845.6674442500;2016-11-22;1900-01-08;2;Arganzuela;25;5;Delicias;JUANA DOÑA, CALLE, DE;13;0702530070;-3.6929829990;40.3951380630
441847.5610930930;4472366.4304833400;2016-11-17;1900-01-08;2;Arganzuela;25;5;Delicias;MENDEZ ALVARO, CALLE, DE;36;0702530015;-3.6852747690;40.3998758510
441959.2685738040;4472233.3655163300;2016-11-17;1900-01-08;2;Arganzuela;25;5;Delicias;MENDEZ ALVARO, CALLE, DE;S/N;0702530013;-3.6839463660;40.3986850730
441800.8206256880;4471873.8105571400;2016-11-17;1900-01-08;2;Arganzuela;25;5;Delicias;NEBULOSAS, CALLE, DE LAS;18;0702530004;-3.6857805760;40.3954347980
441873.0558934960;4471761.2644316800;2016-11-17;1900-01-08;2;Arganzuela;25;5;Delicias;NEBULOSAS, CALLE, DE LAS;4;0702530003;-3.6849191910;40.3944262200
442152.7159628240;4471928.9933817000;2016-11-17;1900-01-08;2;Arganzuela;25;5;Delicias;ORIANA, CALLE, DEL;10;0702530009;-3.6816392950;40.3959559600
442044.1953321630;4472079.9494367100;2016-11-17;1900-01-08;2;Arganzuela;25;5;Delicias;ORIANA, CALLE, DEL;2;0702530012;-3.6829317730;40.3973087710
441561.4440960030;4471664.8184399600;2016-11-22;1900-01-08;2;Arganzuela;25;5;Delicias;PARROCO EUSEBIO CUENCA, CALLE, DEL;68;0702530080;-3.6885817670;40.3935348700
441156.9091865740;4472382.8679204400;2016-11-17;1900-01-08;2;Arganzuela;25;5;Delicias;PARROCO EUSEBIO CUENCA, CALLE, DEL;S/N;0702530029;-3.6934143790;40.3999756600
441200.1556642660;4472321.2010720700;2016-11-17;1900-01-08;2;Arganzuela;25;5;Delicias;PARROCO EUSEBIO CUENCA, CALLE, DEL;S/N;0702530030;-3.6928991180;40.3994229280
441419.1322829710;4471990.3166903900;2016-11-22;1900-01-08;2;Arganzuela;25;5;Delicias;PATIO DE SERVICIO, CALLE, DEL;S/N;0702530065;-3.6902884940;40.3964578140
441233.7290456820;4472426.4774474500;2016-11-17;1900-01-08;2;Arganzuela;25;5;Delicias;RAMIREZ DE PRADO, CALLE, DE;1 B;0702530027;-3.6925132890;40.4003737520
441405.1480325990;4472320.1372931400;2016-11-17;1900-01-08;2;Arganzuela;25;5;Delicias;RAMIREZ DE PRADO, CALLE, DE;3 E;0702530025;-3.6904835860;40.3994280850
441532.6556642660;4472308.3260720700;2016-11-17;1900-01-08;2;Arganzuela;25;5;Delicias;RAMIREZ DE PRADO, CALLE, DE;4;0702530023;-3.6889800300;40.3993306820
441672.3402499760;4472297.3261559400;2016-11-17;1900-01-08;2;Arganzuela;25;5;Delicias;RAMIREZ DE PRADO, CALLE, DE;7 D;0702530021;-3.6873331200;40.3992414720
442046.7112664130;4471969.7515165500;2016-11-17;1900-01-08;2;Arganzuela;25;5;Delicias;SABAL, CALLE, DEL;11;0702530010;-3.6828921240;40.3963160070
442125.5438729210;4472036.1721807600;2016-11-17;1900-01-08;2;Arganzuela;25;5;Delicias;SABAL, CALLE, DEL;2;0702530011;-3.6819692610;40.3969196180
441156.2062221460;4472101.3595836200;2016-11-22;1900-01-08;2;Arganzuela;25;5;Delicias;TOMAS BRETON, CALLE, DE;27;0702530059;-3.6933966750;40.3974394630
441263.5607070450;4472090.3515452400;2016-11-22;1900-01-08;2;Arganzuela;25;5;Delicias;TOMAS BRETON, CALLE, DE;45;0702530061;-3.6921307250;40.3973477320
440981.8687047120;4472117.7860519300;2016-11-22;1900-01-08;2;Arganzuela;25;5;Delicias;TOMAS BRETON, CALLE, DE;5;0702530048;-3.6954524480;40.3975751960
441345.6193018080;4472027.0899429600;2016-11-22;1900-01-08;2;Arganzuela;25;5;Delicias;TOMAS BRETON, CALLE, DE;51;0702530064;-3.6911580140;40.3967835410
441392.6333887500;4471955.2292567600;2016-11-22;1900-01-08;2;Arganzuela;25;5;Delicias;TOMAS BRETON, CALLE, DE;53;0702530067;-3.6905974320;40.3961392500
441493.0376286090;4471813.5120797100;2016-11-22;1900-01-08;2;Arganzuela;25;5;Delicias;TOMAS BRETON, CALLE, DE;61;0702530075;-3.6894013830;40.3948703770
441443.3719170520;4471884.9861325600;2016-11-22;1900-01-08;2;Arganzuela;25;5;Delicias;TOMAS BRETON, CALLE, DE;S/N;0702530073;-3.6899931340;40.3955101420
441343.9340542070;4472110.9634197500;2016-11-22;1900-01-08;2;Arganzuela;25;5;Delicias;TURMALINA, CALLE, DE LA;3;0702530062;-3.6911855740;40.3975391570
441238.2819930190;4472174.6139253300;2016-11-22;1900-01-08;2;Arganzuela;25;5;Delicias;TURMALINA, CALLE, DE LA;S/N;0702530060;-3.6924363400;40.3981051820
441400.0657627880;4472073.6287036500;2016-11-22;1900-01-08;2;Arganzuela;25;5;Delicias;TURMALINA, CALLE, DE LA;S/N;0702530063;-3.6905208280;40.3972066700
441493.5411892580;4472445.4308188000;2016-11-17;1900-01-08;2;Arganzuela;25;5;Delicias;VARA DE REY, CALLE, DE;11;0702530024;-3.6894535220;40.4005623120
441730.8776535320;4472425.1356158500;2016-11-17;1900-01-08;2;Arganzuela;25;5;Delicias;VILLA DEL PRADO, CALLE, DE;2;0702530020;-3.6866551390;40.4003962690
441239.7743366630;4471508.0361166400;2016-11-22;1900-01-08;2;Arganzuela;25;5;Delicias;ZINC, CALLE, DEL;3;0702530088;-3.6923573300;40.3920998970
440496.0007055880;4472891.5223530600;2014-06-10;1900-01-08;2;Arganzuela;26;6;Palos de la Frontera;ALONSO DEL BARCO, CALLE, DE;6;0702630005;-3.7012496350;40.4045102780
441335.5303800000;4472714.5374280000;2014-06-06;1900-01-08;2;Arganzuela;26;6;Palos de la Frontera;ANCORA, CALLE, DEL;21;0702630048;-3.6913402720;40.4029757250
441434.0614832650;4472707.4342775600;2014-06-06;1900-01-08;2;Arganzuela;26;6;Palos de la Frontera;ANCORA, CALLE, DEL;31;0702630049;-3.6901785430;40.4029187150
441530.1058860000;4472701.3535090000;2014-06-06;1900-01-08;2;Arganzuela;26;6;Palos de la Frontera;ANCORA, CALLE, DEL;43;0702630050;-3.6890462060;40.4028708740
441001.7858295550;4473152.9892952100;2014-06-10;1900-01-08;2;Arganzuela;26;6;Palos de la Frontera;ATOCHA, RONDA, DE;13;0702630004;-3.6953136770;40.4069016890
440879.0585568280;4473110.5306175300;2014-06-10;1900-01-08;2;Arganzuela;26;6;Palos de la Frontera;ATOCHA, RONDA, DE;14;0702630003;-3.6967559840;40.4065111040
440759.8436807950;4473069.3116092600;2014-06-10;1900-01-08;2;Arganzuela;26;6;Palos de la Frontera;ATOCHA, RONDA, DE;31;0702630002;-3.6981570380;40.4061314040
440942.9632760000;4472625.1419030000;2014-06-06;1900-01-08;2;Arganzuela;26;6;Palos de la Frontera;BATALLA DEL SALADO, CALLE, DE LA;17;0702630059;-3.6959578540;40.4021423000
440954.4975130000;4472748.0517040000;2014-06-06;1900-01-08;2;Arganzuela;26;6;Palos de la Frontera;BATALLA DEL SALADO, CALLE, DE LA;9;0702630046;-3.6958333500;40.4032505730
440721.6796453600;4472611.0450012500;2014-06-06;1900-01-08;2;Arganzuela;26;6;Palos de la Frontera;BERNARDINO OBREGON, CALLE, DE;30;0702630055;-3.6985641240;40.4019997480
440562.1543890000;4472934.4589060000;2014-06-10;1900-01-08;2;Arganzuela;26;6;Palos de la Frontera;BERNARDINO OBREGON, CALLE, DE;FRENTE 6;0702630006;-3.7004740220;40.4049018370
441354.5289540000;4472467.1948390000;2014-06-09;1900-01-08;2;Arganzuela;26;6;Palos de la Frontera;BUSTAMANTE, CALLE, DE;17;0702630079;-3.6910935570;40.4007490390
441482.1381090000;4472456.3882940000;2014-06-09;1900-01-08;2;Arganzuela;26;6;Palos de la Frontera;BUSTAMANTE, CALLE, DE;25;0702630080;-3.6895889120;40.4006606890
441746.4528190000;4472437.4730470000;2014-06-09;1900-01-08;2;Arganzuela;26;6;Palos de la Frontera;BUSTAMANTE, CALLE, DE;43;0702630082;-3.6864727670;40.4005087400
441255.0749653660;4472583.1509984600;2014-06-09;1900-01-08;2;Arganzuela;26;6;Palos de la Frontera;CANARIAS, CALLE, DE LAS;40;0702630063;-3.6922761990;40.4017864360
441505.1488100000;4472561.6346440000;2014-06-09;1900-01-08;2;Arganzuela;26;6;Palos de la Frontera;CANARIAS, CALLE, DE LAS;51;0702630065;-3.6893274140;40.4016101370
441620.7320310000;4472562.5765040000;2014-06-09;1900-01-08;2;Arganzuela;26;6;Palos de la Frontera;CANARIAS, CALLE, DE LAS;63;0702630067;-3.6879656080;40.4016271540
441748.3409650000;4472483.8507620000;2014-06-09;1900-01-08;2;Arganzuela;26;6;Palos de la Frontera;CANARIAS, CALLE, DE LAS;63;0702630072;-3.6864547760;40.4009261970
440851.4217160000;4472624.4095710000;2014-06-06;1900-01-08;2;Arganzuela;26;6;Palos de la Frontera;CANARIAS, CALLE, DE LAS;7;0702630058;-3.6970365040;40.4021298100
441014.9759700000;4472612.2040290000;2014-06-06;1900-01-08;2;Arganzuela;26;6;Palos de la Frontera;CANARIAS, CALLE, DE LAS;FRENTE 28;0702630060;-3.6951081000;40.4020314900
441138.5400203800;4472591.2092659400;2014-06-09;1900-01-08;2;Arganzuela;26;6;Palos de la Frontera;CANARIAS, CALLE, DE LAS;S/N;0702630062;-3.6936502090;40.4018512950
440603.8903110000;4472606.2574690000;2014-06-06;1900-01-08;2;Arganzuela;26;6;Palos de la Frontera;CARDENAL SOLIS, CALLE, DEL;2;0702630054;-3.6999516560;40.4019483540
441158.0913520000;4472836.1174250000;2014-06-11;1900-01-08;2;Arganzuela;26;6;Palos de la Frontera;DELICIAS, CALLE, DE LAS;18;0702630034;-3.6934423400;40.4040584430
441315.3570047280;4472837.2963572100;2014-06-05;1900-01-08;2;Arganzuela;26;6;Palos de la Frontera;DELICIAS, CALLE, DE LAS;33;0702630036;-3.6915892800;40.4040799860
441400.9020105280;4472831.0471232200;2014-06-06;1900-01-08;2;Arganzuela;26;6;Palos de la Frontera;DELICIAS, CALLE, DE LAS;45;0702630037;-3.6905806450;40.4040301960
441044.9459840000;4472857.9043160000;2014-06-11;1900-01-08;2;Arganzuela;26;6;Palos de la Frontera;DELICIAS, CALLE, DE LAS;7;0702630033;-3.6947777320;40.4042464880
441175.9056642660;4473024.3260720700;2014-06-11;1900-01-08;2;Arganzuela;26;6;Palos de la Frontera;DELICIAS, PASEO, DE LAS;13;0702630015;-3.6932498260;40.4057550860
441132.4597150000;4472812.6827850000;2014-06-06;1900-01-08;2;Arganzuela;26;6;Palos de la Frontera;DELICIAS, PASEO, DE LAS;36;0702630038;-3.6937422830;40.4038453600
441159.6154891540;4473093.6112495100;2014-06-10;1900-01-08;2;Arganzuela;26;6;Palos de la Frontera;DELICIAS, PASEO, DE LAS;8;0702630011;-3.6934481840;40.4063785210
441002.1121180000;4472493.7945150000;2014-06-09;1900-01-08;2;Arganzuela;26;6;Palos de la Frontera;FERROCARRIL, CALLE, DEL;12;0702630075;-3.6952488180;40.4009636120
441096.5172345140;4472484.9107828200;2014-06-09;1900-01-08;2;Arganzuela;26;6;Palos de la Frontera;FERROCARRIL, CALLE, DEL;2;0702630076;-3.6941355040;40.4008905020
440869.3638620000;4472505.8937650000;2014-06-09;1900-01-08;2;Arganzuela;26;6;Palos de la Frontera;FERROCARRIL, CALLE, DEL;28;0702630074;-3.6968140820;40.4010630770
440796.3719840000;4472510.3285970000;2014-06-09;1900-01-08;2;Arganzuela;26;6;Palos de la Frontera;FERROCARRIL, CALLE, DEL;36;0702630073;-3.6976746070;40.4010980850
440733.7670465690;4472860.2314261700;2014-06-11;1900-01-08;2;Arganzuela;26;6;Palos de la Frontera;FRAY LUIS DE LEON, CALLE, DE;12;0702630031;-3.6984448340;40.4042456280
440690.6905060000;4472983.0719240000;2014-06-10;1900-01-08;2;Arganzuela;26;6;Palos de la Frontera;FRAY LUIS DE LEON, CALLE, DE;3;0702630007;-3.6989639910;40.4053488010
441387.1065785700;4472612.1297680300;2014-06-09;1900-01-08;2;Arganzuela;26;6;Palos de la Frontera;GENERAL LACY, CALLE, DEL;19 B;0702630064;-3.6907230820;40.4020573310
440814.4443360000;4473038.3022170000;2014-06-10;1900-01-08;2;Arganzuela;26;6;Palos de la Frontera;JOSE ANTONIO DE ARMONA, CALLE, DE;1;0702630008;-3.6975107410;40.4058559840
440889.8184955070;4472851.8632253300;2014-06-11;1900-01-08;2;Arganzuela;26;6;Palos de la Frontera;JOSE ANTONIO DE ARMONA, CALLE, DE;28;0702630032;-3.6966051240;40.4041816860
441174.3064907120;4472482.3281381900;2014-06-09;1900-01-08;2;Arganzuela;26;6;Palos de la Frontera;JOSE MARIA ROQUERO, CALLE, DE;8;0702630077;-3.6932186000;40.4008727980
441613.9579550000;4472449.4311360000;2014-06-09;1900-01-08;2;Arganzuela;26;6;Palos de la Frontera;JUAN MARTIN EL EMPECINADO, CALLE, DE;15;0702630081;-3.6880349360;40.4006067730
441633.1907882330;4472626.5430142200;2014-06-09;1900-01-08;2;Arganzuela;26;6;Palos de la Frontera;JUAN MARTIN EL EMPECINADO, CALLE, DE;6;0702630066;-3.6878246600;40.4022035500
441112.7423560000;4472607.5659240000;2014-06-06;1900-01-08;2;Arganzuela;26;6;Palos de la Frontera;LUCA DE TENA, PLAZA, DE;12;0702630061;-3.6939556530;40.4019962530
440951.2693006300;4473060.9438406700;2014-06-10;1900-01-08;2;Arganzuela;26;6;Palos de la Frontera;MARQUES DE LA VALDAVIA, CALLE, DEL;5;0702630009;-3.6959004430;40.4060690090
440864.9698670000;4472678.2970360000;2014-06-06;1900-01-08;2;Arganzuela;26;6;Palos de la Frontera;MARTIN SOLER, CALLE, DE;3;0702630057;-3.6968818630;40.4026157930
441349.7806642660;4472993.2010720700;2014-06-11;1900-01-08;2;Arganzuela;26;6;Palos de la Frontera;MENDEZ ALVARO, CALLE, DE;16;0702630018;-3.6911979490;40.4054869420
441445.3435770000;4472876.2052480000;2014-06-11;1900-01-08;2;Arganzuela;26;6;Palos de la Frontera;MENDEZ ALVARO, CALLE, DE;18;0702630028;-3.6900611440;40.4044395170
441238.7847790000;4473125.7438890000;2014-06-10;1900-01-08;2;Arganzuela;26;6;Palos de la Frontera;MENDEZ ALVARO, CALLE, DE;6;0702630012;-3.6925182730;40.4066736520
441534.9447933530;4472768.0262502800;2014-06-06;1900-01-08;2;Arganzuela;26;6;Palos de la Frontera;MENDEZ ALVARO, CALLE, DE;S/N;0702630041;-3.6889952700;40.4034720780
441094.3745159630;4472969.7928704600;2014-06-11;1900-01-08;2;Arganzuela;26;6;Palos de la Frontera;MURCIA, CALLE, DE;10;0702630025;-3.6942055770;40.4052581020
441221.4381110000;4472969.2188530000;2014-06-11;1900-01-08;2;Arganzuela;26;6;Palos de la Frontera;MURCIA, CALLE, DE;15;0702630017;-3.6927082660;40.4052621130
441271.1678751800;4472954.3253551500;2014-06-11;1900-01-08;2;Arganzuela;26;6;Palos de la Frontera;MURCIA, CALLE, DE;19;0702630016;-3.6921208130;40.4051316500
440557.9394750000;4472686.1696100000;2014-06-06;1900-01-08;2;Arganzuela;26;6;Palos de la Frontera;PALOS DE LA FRONTERA, CALLE, DE;1;0702630042;-3.7005006640;40.4026654680
441054.3931119650;4472719.9865788100;2014-06-06;1900-01-08;2;Arganzuela;26;6;Palos de la Frontera;PALOS DE LA FRONTERA, CALLE, DE;27;0702630052;-3.6946536300;40.4030053470
440675.1126720000;4472724.2508990000;2014-06-06;1900-01-08;2;Arganzuela;26;6;Palos de la Frontera;PALOS DE LA FRONTERA, CALLE, DE;3;0702630043;-3.6991233880;40.4030164620
441123.3532855280;4472714.0978448900;2014-06-06;1900-01-08;2;Arganzuela;26;6;Palos de la Frontera;PALOS DE LA FRONTERA, CALLE, DE;42 B;0702630053;-3.6938404880;40.4029564160
440957.6099260000;4472731.2080570000;2014-06-06;1900-01-08;2;Arganzuela;26;6;Palos de la Frontera;PALOS DE LA FRONTERA, CALLE, DE;FRENTE 19;0702630051;-3.6957951910;40.4030988530
440813.7996180000;4472744.3063250000;2014-06-06;1900-01-08;2;Arganzuela;26;6;Palos de la Frontera;PALOS DE LA FRONTERA, CALLE, DE;S/N;0702630045;-3.6974910310;40.4032074290
441031.3030763230;4472784.7626519600;2014-06-06;1900-01-08;2;Arganzuela;26;6;Palos de la Frontera;PEDRO UNANUE, CALLE, DE;14;0702630039;-3.6949316860;40.4035866700
441267.2088910000;4472900.1965170000;2014-06-11;1900-01-08;2;Arganzuela;26;6;Palos de la Frontera;RAFAEL DE RIEGO, CALLE, DE;16;0702630027;-3.6921625240;40.4046438340
441271.5014336760;4472803.6685871800;2014-06-06;1900-01-08;2;Arganzuela;26;6;Palos de la Frontera;RAFAEL DE RIEGO, CALLE, DE;17;0702630040;-3.6921029940;40.4037739120
441254.2045800000;4472720.7723190000;2014-06-06;1900-01-08;2;Arganzuela;26;6;Palos de la Frontera;RAFAEL DE RIEGO, CALLE, DE;30;0702630047;-3.6922991740;40.4030264890
441236.2409590000;4472477.1044510000;2014-06-09;1900-01-08;2;Arganzuela;26;6;Palos de la Frontera;RAFAEL DE RIEGO, CALLE, DE;52;0702630078;-3.6924883080;40.4008299980
441053.7732452360;4473035.6537103800;2014-06-10;1900-01-08;2;Arganzuela;26;6;Palos de la Frontera;SANTA MARIA DE LA CABEZA, PASEO, DE;17;0702630013;-3.6946901270;40.4058487070
440995.9407360000;4472952.4972610000;2014-06-11;1900-01-08;2;Arganzuela;26;6;Palos de la Frontera;SANTA MARIA DE LA CABEZA, PASEO, DE;27;0702630024;-3.6953639830;40.4050954970
440917.5575316150;4472850.4685251900;2014-06-05;1900-01-08;2;Arganzuela;26;6;Palos de la Frontera;SANTA MARIA DE LA CABEZA, PASEO, DE;31;0702630035;-3.6962781940;40.4041711440
440850.8724670000;4472756.6566110000;2014-06-06;1900-01-08;2;Arganzuela;26;6;Palos de la Frontera;SANTA MARIA DE LA CABEZA, PASEO, DE;37;0702630044;-3.6970553540;40.4033208170
440784.6574050000;4472660.7820840000;2014-06-06;1900-01-08;2;Arganzuela;26;6;Palos de la Frontera;SANTA MARIA DE LA CABEZA, PASEO, DE;47;0702630056;-3.6978266130;40.4024523280
440720.0709535220;4472567.7620224900;2014-06-09;1900-01-08;2;Arganzuela;26;6;Palos de la Frontera;SANTA MARIA DE LA CABEZA, PASEO, DE;53;0702630070;-3.6985790210;40.4016100800
441107.3773280000;4473110.9251880000;2014-06-10;1900-01-08;2;Arganzuela;26;6;Palos de la Frontera;SANTA MARIA DE LA CABEZA, PASEO, DE;7;0702630010;-3.6940654310;40.4065307560
440644.5347790000;4472895.9938890000;2014-06-11;1900-01-08;2;Arganzuela;26;6;Palos de la Frontera;SEBASTIAN ELCANO, CALLE, DE;16 B;0702630021;-3.6994997640;40.4045617870
440767.8597166450;4472932.2909333800;2014-06-11;1900-01-08;2;Arganzuela;26;6;Palos de la Frontera;SEBASTIAN ELCANO, CALLE, DE;24;0702630022;-3.6980498370;40.4048972530
440911.9787310570;4472962.9743364400;2014-06-11;1900-01-08;2;Arganzuela;26;6;Palos de la Frontera;SEBASTIAN ELCANO, CALLE, DE;38;0702630023;-3.6963543980;40.4051836180
440527.7361710000;4472852.0456560000;2014-06-11;1900-01-08;2;Arganzuela;26;6;Palos de la Frontera;SEBASTIAN ELCANO, CALLE, DE;4;0702630020;-3.7008720550;40.4041573360
440505.8880270000;4472776.3759400000;2014-06-11;1900-01-08;2;Arganzuela;26;6;Palos de la Frontera;SEBASTIAN HERRERA, CALLE, DE;1;0702630029;-3.7011223810;40.4034738540
440622.9393930000;4472818.5414450000;2014-06-11;1900-01-08;2;Arganzuela;26;6;Palos de la Frontera;SEBASTIAN HERRERA, CALLE, DE;11;0702630030;-3.6997469380;40.4038624340
440851.4759122000;4472574.1669811600;2014-06-09;1900-01-08;2;Arganzuela;26;6;Palos de la Frontera;TARRAGONA, CALLE, DE;13;0702630068;-3.6970312330;40.4016771160
440936.2502290000;4472556.1805950000;2014-06-09;1900-01-08;2;Arganzuela;26;6;Palos de la Frontera;TARRAGONA, CALLE, DE;22;0702630071;-3.6960306190;40.4015213290
440991.6613300000;4472552.5996930000;2014-06-09;1900-01-08;2;Arganzuela;26;6;Palos de la Frontera;TARRAGONA, CALLE, DE;26;0702630069;-3.6953773330;40.4014923370
441240.9514460000;4473063.3688890000;2014-06-10;1900-01-08;2;Arganzuela;26;6;Palos de la Frontera;TORTOSA, CALLE, DE;8;0702630014;-3.6924869900;40.4061115800
440607.0721890000;4473014.6234670000;2014-06-17;1900-01-08;2;Arganzuela;26;6;Palos de la Frontera;VALENCIA, RONDA, DE;3;0702630001;-3.6999522860;40.4056273160
441144.3601180000;4472910.2660880000;2014-06-11;1900-01-08;2;Arganzuela;26;6;Palos de la Frontera;VIZCAYA, CALLE, DE;13;0702630026;-3.6936110760;40.4047254810
442703.6260268880;4472001.2511069400;2016-12-14;1900-01-08;2;Arganzuela;27;7;Atocha;ACANTO, CALLE, DEL;12;0702730102;-3.6751546730;40.3966450570
442643.5657828720;4472072.3314464200;2016-12-14;1900-01-08;2;Arganzuela;27;7;Atocha;ACANTO, CALLE, DEL;13;0702730103;-3.6758688070;40.3972815560
442758.2803862820;4471914.2513871200;2016-12-14;1900-01-08;2;Arganzuela;27;7;Atocha;ACANTO, CALLE, DEL;16;0702730101;-3.6745028760;40.3958656050
442779.7777917680;4471784.3403419000;2016-12-14;1900-01-08;2;Arganzuela;27;7;Atocha;ACANTO, CALLE, DEL;18;0702730014;-3.6742378830;40.3946964850
442712.5057383950;4471697.7947525800;2016-12-14;1900-01-08;2;Arganzuela;27;7;Atocha;ACANTO, CALLE, DEL;20;0702730015;-3.6750226630;40.3939123920
442637.6354641180;4471664.2513871200;2016-12-14;1900-01-08;2;Arganzuela;27;7;Atocha;ACANTO, CALLE, DEL;26;0702730016;-3.6759018670;40.3936047710
442644.1217502560;4472006.1713278200;2016-12-14;1900-01-08;2;Arganzuela;27;7;Atocha;ACANTO, CALLE, DEL;4;0702730105;-3.6758562600;40.3966854500
442567.9542187510;4472053.0579104700;2016-12-14;1900-01-08;2;Arganzuela;27;7;Atocha;ACANTO, CALLE, DEL;7;0702730104;-3.6767579230;40.3971031370
442120.4396038870;4472349.7446451100;2016-12-14;1900-01-08;2;Arganzuela;27;7;Atocha;ALAMEDILLA, CALLE, DE;33;0702730032;-3.6820578980;40.3997448160
441881.6385730000;4472502.9195680000;2014-06-09;2025-10-16;2;Arganzuela;27;7;Atocha;GARGANTA DE LOS MONTES, CALLE, DE;S/N;0702730010;-3.6848857310;40.4011078250
441791.2012120000;4472572.9714590000;2014-06-09;1900-01-08;2;Arganzuela;27;7;Atocha;GARGANTA DE LOS MONTES, CALLE, DE;S/N;0702730011;-3.6859577920;40.4017326360
442242.0040786060;4472204.1100258800;2018-09-12;1900-01-08;2;Arganzuela;27;7;Atocha;GARGANTA DE LOS MONTES, CALLE, DE;S/N;0702730028;-3.6806122100;40.3984408780
442337.5983996260;4471972.6279623600;2016-12-14;1900-01-08;2;Arganzuela;27;7;Atocha;JACARANDA, CALLE, DEL;15;0702730019;-3.6794648620;40.3963619010
442341.7013406960;4472088.8072823600;2016-12-14;1900-01-08;2;Arganzuela;27;7;Atocha;JACARANDA, CALLE, DEL;S/N;0702730024;-3.6794270470;40.3974088100
442694.7147821310;4471908.3210683700;2016-12-14;1900-01-08;2;Arganzuela;27;7;Atocha;KENTIA, CALLE, DE LA;3;0702730012;-3.6752513310;40.3958075070
442647.8281994770;4471888.6768874900;2016-12-14;1900-01-08;2;Arganzuela;27;7;Atocha;KENTIA, CALLE, DE LA;4;0702730111;-3.6758020010;40.3956270250
442557.3908384690;4471815.6598378200;2016-12-14;1900-01-08;2;Arganzuela;27;7;Atocha;KENTIA, CALLE, DE LA;S/N;0702730110;-3.6768609410;40.3949633110
442149.5039204070;4472056.6638275600;2016-12-14;1900-01-08;2;Arganzuela;27;7;Atocha;LEGANES, CALLE, DE;1;0702730026;-3.6816887980;40.3971066320
442298.1916001500;4472304.9373268100;2018-09-12;1900-01-08;2;Arganzuela;27;7;Atocha;LEGANES, CALLE, DE;S/N;0702730027;-3.6799593250;40.3993527980
441249.7806642660;4473134.2245312300;2014-06-16;1900-01-08;2;Arganzuela;27;7;Atocha;MENDEZ ALVARO, CALLE, DE;1;0702730001;-3.6923894150;40.4067506570
441774.6782506600;4472503.8080571900;2014-06-09;1900-01-08;2;Arganzuela;27;7;Atocha;MENDEZ ALVARO, CALLE, DE;11;0702730008;-3.6861461230;40.4011082260
441352.5306642660;4473012.3260720700;2014-06-16;1900-01-08;2;Arganzuela;27;7;Atocha;MENDEZ ALVARO, CALLE, DE;16;0702730002;-3.6911672960;40.4056595160
441869.2219680000;4472392.4673820000;2014-06-09;1900-01-08;2;Arganzuela;27;7;Atocha;MENDEZ ALVARO, CALLE, DE;27;0702730009;-3.6850220370;40.4001121390
441909.4889194700;4472344.3068052400;2016-12-14;1900-01-08;2;Arganzuela;27;7;Atocha;MENDEZ ALVARO, CALLE, DE;33;0702730033;-3.6845431590;40.3996807590
441996.7455062000;4472238.6600640100;2016-12-14;1900-01-08;2;Arganzuela;27;7;Atocha;MENDEZ ALVARO, CALLE, DE;49;0702730031;-3.6835052460;40.3987352640
441699.2094764470;4472592.7589327600;2014-06-16;1900-01-08;2;Arganzuela;27;7;Atocha;MENDEZ ALVARO, CALLE, DE;5;0702730007;-3.6870436620;40.4019041790
442086.1957366550;4472141.2006842700;2016-12-14;2018-09-12;2;Arganzuela;27;7;Atocha;MENDEZ ALVARO, CALLE, DE;57;0702730030;-3.6824423520;40.3978636230
442115.8406866720;4472142.5795191600;2018-09-12;1900-01-08;2;Arganzuela;27;7;Atocha;MENDEZ ALVARO, CALLE, DE;59;0702730030;-3.6820931920;40.3978778900
442198.4212313530;4471998.7584293700;2016-12-14;1900-01-08;2;Arganzuela;27;7;Atocha;MENDEZ ALVARO, CALLE, DE;73;0702730025;-3.6811071310;40.3965878180
441427.5881460180;4472921.0067290100;2014-06-16;1900-01-08;2;Arganzuela;27;7;Atocha;MENDEZ ALVARO, CALLE, DE;S/N;0702730003;-3.6902745130;40.4048424790
441506.2377810540;4472825.7512545500;2014-06-16;1900-01-08;2;Arganzuela;27;7;Atocha;MENDEZ ALVARO, CALLE, DE;S/N;0702730004;-3.6893388160;40.4039899750
441566.2742774050;4472753.3059990800;2014-06-16;1900-01-08;2;Arganzuela;27;7;Atocha;MENDEZ ALVARO, CALLE, DE;S/N;0702730005;-3.6886247390;40.4033415580
441617.9166131710;4472689.6198676900;2014-06-16;1900-01-08;2;Arganzuela;27;7;Atocha;MENDEZ ALVARO, CALLE, DE;S/N;0702730006;-3.6880103560;40.4027710640
442620.2389975990;4471898.1594054000;2016-12-14;1900-01-08;2;Arganzuela;27;7;Atocha;OMBU, CALLE, DEL;1;0702730107;-3.6761278990;40.3957112500
442596.4938777580;4471743.5694004600;2016-12-14;1900-01-08;2;Arganzuela;27;7;Atocha;OMBU, CALLE, DEL;20;0702730018;-3.6763937510;40.3943162130
442521.4382810190;4471861.9904530900;2016-12-14;1900-01-08;2;Arganzuela;27;7;Atocha;OMBU, CALLE, DEL;3;0702730109;-3.6772887690;40.3953783040
442674.5146338730;4471934.4515353800;2016-12-14;2020-07-23;2;Arganzuela;27;7;Atocha;OMBU, CALLE, DEL;6;0702730106;-3.6754916870;40.3960416180
442485.6710460300;4471931.1157310800;2016-12-14;2019-06-06;2;Arganzuela;27;7;Atocha;PEDRO BOSCH, CALLE, DE;S/N;0702730108;-3.6777164240;40.3959982450
442672.4760868010;4471750.0556866000;2016-12-14;1900-01-08;2;Arganzuela;27;7;Atocha;RETAMA, CALLE, DE LA;3;0702730017;-3.6754991350;40.3943806130
442705.8341297960;4471812.6946784500;2016-12-14;1900-01-08;2;Arganzuela;27;7;Atocha;RETAMA, CALLE, DE LA;6;0702730013;-3.6751116440;40.3949471540
442468.2507346890;4472283.0430846700;2016-12-14;2020-07-23;2;Arganzuela;27;7;Atocha;TEJO, CALLE, DEL;1;0702730022;-3.6779535140;40.3991675040
442416.3604455860;4472186.3047599900;2016-12-14;1900-01-08;2;Arganzuela;27;7;Atocha;TEJO, CALLE, DEL;10 C;0702730023;-3.6785561510;40.3982926540
442491.7866872460;4472214.6590965300;2016-12-14;1900-01-08;2;Arganzuela;27;7;Atocha;TEJO, CALLE, DEL;10 F;0702730021;-3.6776700150;40.3985535790
442418.3989926580;4472096.6086888200;2016-12-14;1900-01-08;2;Arganzuela;27;7;Atocha;TEJO, CALLE, DEL;5;0702730020;-3.6785240080;40.3974844400
442587.0131022830;4472781.9149150500;2014-06-04;1900-01-08;3;Retiro;31;1;Pacífico;ABTAO, CALLE, DE;10;0703130042;-3.6765990990;40.4036702070
442537.1164080680;4472699.5802043000;2014-06-04;1900-01-08;3;Retiro;31;1;Pacífico;ABTAO, CALLE, DE;2;0703130043;-3.6771797350;40.4029252470
442684.0446684160;4472923.5304289200;2014-06-04;1900-01-08;3;Retiro;31;1;Pacífico;ABTAO, CALLE, DE;26;0703130026;-3.6754684250;40.4049519710
442767.2816973240;4473073.8570638100;2014-06-03;1900-01-08;3;Retiro;31;1;Pacífico;ABTAO, CALLE, DE;27;0703130009;-3.6745010430;40.4063121730
441966.1453336880;4472852.5760720700;2014-06-05;1900-01-08;3;Retiro;31;1;Pacífico;ANTONIO NEBRIJA, CALLE, DE;3;0703130051;-3.6839217870;40.4042639060
442008.0723309330;4472690.0760720700;2014-06-05;1900-01-08;3;Retiro;31;1;Pacífico;ANTONIO NEBRIJA, CALLE, DE;S/N;0703130060;-3.6834129430;40.4028029780
442710.7734328610;4472633.2578902500;2014-06-04;1900-01-08;3;Retiro;31;1;Pacífico;CARIDAD, CALLE, DE LA;22;0703130048;-3.6751272850;40.4023390540
442466.8684741830;4473136.4603695900;2014-06-03;1900-01-08;3;Retiro;31;1;Pacífico;CAVANILLES, CALLE, DE;10;0703130015;-3.6780469060;40.4068560240
442627.5266340000;4473067.9260580000;2014-06-03;1900-01-08;3;Retiro;31;1;Pacífico;CAVANILLES, CALLE, DE;19;0703130008;-3.6761474370;40.4062489180
442570.0709535220;4473078.5058241400;2014-06-03;1900-01-08;3;Retiro;31;1;Pacífico;CAVANILLES, CALLE, DE;24;0703130017;-3.6768254750;40.4063409350
442685.6516340000;4473032.7177240000;2014-06-03;1900-01-08;3;Retiro;31;1;Pacífico;CAVANILLES, CALLE, DE;25;0703130019;-3.6754593140;40.4059359110
442646.2806642660;4473031.0760720700;2014-06-03;1900-01-08;3;Retiro;31;1;Pacífico;CAVANILLES, CALLE, DE;32;0703130018;-3.6759231810;40.4059189520
442836.1764230000;4472934.7931460000;2014-06-03;1900-01-08;3;Retiro;31;1;Pacífico;CAVANILLES, CALLE, DE;41;0703130021;-3.6736766710;40.4050644420
442778.4056642660;4472947.2010720700;2014-06-03;1900-01-08;3;Retiro;31;1;Pacífico;CAVANILLES, CALLE, DE;50;0703130020;-3.6743586050;40.4051722160
442891.8684741830;4472872.1008654600;2014-06-03;1900-01-08;3;Retiro;31;1;Pacífico;CAVANILLES, CALLE, DE;58;0703130022;-3.6730147330;40.4045030010
442529.3076940000;4473125.5940280000;2014-06-03;1900-01-08;3;Retiro;31;1;Pacífico;CAVANILLES, CALLE, DE;7;0703130016;-3.6773101970;40.4067618870
442561.0139640000;4472424.2688360000;2014-06-05;1900-01-08;3;Retiro;31;1;Pacífico;COCHERAS, CALLE, DE LAS;6;0703130058;-3.6768731450;40.4004464030
442198.8932675720;4472782.0182208300;2014-06-05;1900-01-08;3;Retiro;31;1;Pacífico;COMERCIO, CALLE, DEL;1;0703130049;-3.6811727350;40.4036443670
442156.1516950000;4472749.4108390000;2014-06-05;1900-01-08;3;Retiro;31;1;Pacífico;COMERCIO, CALLE, DEL;4;0703130052;-3.6816733860;40.4033477460
443059.0644280000;4473002.4402480000;2014-06-04;1900-01-08;3;Retiro;31;1;Pacífico;DOCTOR ESQUERDO, CALLE, DEL;138;0703130023;-3.6710561340;40.4056891960
442996.8028390000;4472914.4216200000;2014-06-04;1900-01-08;3;Retiro;31;1;Pacífico;DOCTOR ESQUERDO, CALLE, DEL;140 B;0703130025;-3.6717820710;40.4048923260
442894.3143779590;4472767.5138314100;2014-06-04;1900-01-08;3;Retiro;31;1;Pacífico;DOCTOR ESQUERDO, CALLE, DEL;154;0703130035;-3.6729765740;40.4035617460
442832.6742593070;4472678.8157414900;2014-06-04;1900-01-08;3;Retiro;31;1;Pacífico;DOCTOR ESQUERDO, CALLE, DEL;168;0703130046;-3.6736950060;40.4027580580
442151.2338150000;4473086.6565160000;2014-06-03;1900-01-08;3;Retiro;31;1;Pacífico;FUENTERRABIA, CALLE, DE;13;0703130012;-3.6817619650;40.4063848810
442348.4800444310;4472909.7041712500;2014-06-04;1900-01-08;3;Retiro;31;1;Pacífico;GRANADA, CALLE, DE;14;0703130038;-3.6794216040;40.4048050070
442648.7899617870;4472742.0388819900;2014-06-04;1900-01-08;3;Retiro;31;1;Pacífico;GRANADA, CALLE, DE;45;0703130045;-3.6758675470;40.4033148010
442199.2031849270;4472992.2454935600;2014-06-04;1900-01-08;3;Retiro;31;1;Pacífico;GUTENBERG, CALLE, DE;12;0703130036;-3.6811881480;40.4055381640
442263.4550720000;4473109.5351730000;2014-06-03;1900-01-08;3;Retiro;31;1;Pacífico;GUTENBERG, CALLE, DE;20;0703130013;-3.6804415840;40.4065993390
442598.1701270760;4472492.4521051300;2014-06-05;1900-01-08;3;Retiro;31;1;Pacífico;HOYUELO, CALLE, DE;5;0703130055;-3.6764415360;40.4010626760
441754.1877680000;4473078.7889620000;2014-06-03;1900-01-08;3;Retiro;31;1;Pacífico;INFANTA ISABEL, PASEO, DE LA;2;0703130001;-3.6864402800;40.4062866190
442548.8786933120;4472942.3063625300;2014-06-04;1900-01-08;3;Retiro;31;1;Pacífico;JUAN DE URBIETA, CALLE, DE;22;0703130031;-3.6770629090;40.4051123990
442444.5544245970;4472788.7330968700;2014-06-04;1900-01-08;3;Retiro;31;1;Pacífico;JUAN DE URBIETA, CALLE, DE;3;0703130040;-3.6782784390;40.4037218880
442480.1949204640;4472837.0802043000;2014-06-04;1900-01-08;3;Retiro;31;1;Pacífico;JUAN DE URBIETA, CALLE, DE;9;0703130041;-3.6778628720;40.4041592260
442017.9651048260;4473052.3429718400;2014-06-03;1900-01-08;3;Retiro;31;1;Pacífico;JULIAN GAYARRE, CALLE, DE;3;0703130011;-3.6833294050;40.4060666030
442559.4304576550;4472555.3653282700;2014-06-05;1900-01-08;3;Retiro;31;1;Pacífico;LEGANES, CALLE, DE;14;0703130054;-3.6769036260;40.4016273830
442369.1412014560;4472683.9810307500;2014-06-05;1900-01-08;3;Retiro;31;1;Pacífico;LEON GIL DE PALACIO, CALLE, DE;2;0703130050;-3.6791576420;40.4027722670
442885.3244617250;4473134.9873536500;2014-06-03;1900-01-08;3;Retiro;31;1;Pacífico;MEDITERRANEO, AVENIDA, DEL;30;0703130007;-3.6731154590;40.4068709780
442543.2114493900;4473179.6421877700;2014-06-03;1900-01-08;3;Retiro;31;1;Pacífico;MEDITERRANEO, AVENIDA, DEL;8;0703130006;-3.6771511440;40.4072499330
442315.5799381250;4473009.7337484200;2014-06-04;1900-01-08;3;Retiro;31;1;Pacífico;MENENDEZ PELAYO, AVENIDA, DE;109;0703130029;-3.6798183200;40.4057035770
442265.3188874070;4472909.8074770300;2014-06-04;1900-01-08;3;Retiro;31;1;Pacífico;MENENDEZ PELAYO, AVENIDA, DE;119;0703130037;-3.6804015340;40.4048001940
442265.3374930000;4472964.7335510000;2014-06-04;1900-01-08;3;Retiro;31;1;Pacífico;MENENDEZ PELAYO, AVENIDA, DE;36;0703130028;-3.6804062890;40.4052949430
442365.3240980000;4473107.5746310000;2014-06-03;1900-01-08;3;Retiro;31;1;Pacífico;MENENDEZ PELAYO, AVENIDA, DE;99;0703130014;-3.6792409510;40.4065882240
442357.4676477370;4472850.8198737200;2014-06-04;1900-01-08;3;Retiro;31;1;Pacífico;NARCISO SERRA, CALLE, DE;4;0703130039;-3.6793103360;40.4042747920
442646.7057335660;4472384.0383035300;2014-06-05;2019-06-06;3;Retiro;31;1;Pacífico;PEDRO BOSCH, CALLE, DE;S/N;0703130059;-3.6758598120;40.4000898510
442061.3165553550;4473126.5859730600;2014-06-03;1900-01-08;3;Retiro;31;1;Pacífico;REINA CRISTINA, PASEO, DE LA;10;0703130004;-3.6828253170;40.4067383390
441885.9443284530;4473087.4125822200;2014-06-03;1900-01-08;3;Retiro;31;1;Pacífico;REINA CRISTINA, PASEO, DE LA;2;0703130002;-3.6848883660;40.4063737080
442196.4139287290;4473154.5388819900;2014-06-03;1900-01-08;3;Retiro;31;1;Pacífico;REINA CRISTINA, PASEO, DE LA;22;0703130005;-3.6812357600;40.4069998370
441944.9866343580;4473101.3595836200;2014-06-03;1900-01-08;3;Retiro;31;1;Pacífico;REINA CRISTINA, PASEO, DE LA;4;0703130003;-3.6841938270;40.4065028530
442752.4889975990;4472822.7427387400;2014-06-04;1900-01-08;3;Retiro;31;1;Pacífico;SANCHEZ BARCAIZTEGUI, CALLE, DE;21;0703130033;-3.6746528190;40.4040495050
442657.4676477370;4472663.5264853000;2014-06-04;1900-01-08;3;Retiro;31;1;Pacífico;SANCHEZ BARCAIZTEGUI, CALLE, DE;4;0703130047;-3.6757581690;40.4026084590
442905.7195100000;4473068.2525850000;2014-06-03;1900-01-08;3;Retiro;31;1;Pacífico;SANCHEZ BARCAIZTEGUI, CALLE, DE;41;0703130010;-3.6728691440;40.4062712060
442356.4889975990;4472633.9927387400;2014-06-05;1900-01-08;3;Retiro;31;1;Pacífico;TELLEZ, CALLE, DE;21;0703130053;-3.6793022000;40.4023214640
442286.2806642660;4472542.8260720700;2021-04-01;1900-01-08;3;Retiro;31;1;Pacífico;TELLEZ, CALLE, DE;50;0703130061;-3.6801212430;40.4014953160
442245.4670310720;4472571.5284973000;2014-06-05;2020-09-25;3;Retiro;31;1;Pacífico;TELLEZ, CALLE, DE;56;0703130061;-3.6806047620;40.4017508560
442382.6125447870;4472490.3259558500;2014-06-05;2020-09-25;3;Retiro;31;1;Pacífico;TELLEZ, CALLE, DE;S/N;0703130062;-3.6789812860;40.4010293300
442379.2806642660;4472488.8260720700;2021-04-01;1900-01-08;3;Retiro;31;1;Pacífico;TELLEZ, CALLE, DE;S/N;0703130062;-3.6790204760;40.4010155790
442256.7795988700;4472677.2157745400;2014-06-05;1900-01-08;3;Retiro;31;1;Pacífico;TELLEZ, TRAVESIA, DE;1;0703130057;-3.6804810600;40.4027039710
442434.6074340000;4473009.6079290000;2014-06-04;1900-01-08;3;Retiro;31;1;Pacífico;VALDERRIBAS, CALLE, DE;12;0703130030;-3.6784156050;40.4057103950
442644.9367845980;4472885.1486861800;2014-06-04;1900-01-08;3;Retiro;31;1;Pacífico;VALDERRIBAS, CALLE, DE;28 B;0703130032;-3.6759258170;40.4046038990
442803.3392742250;4472791.0615492500;2014-06-04;1900-01-08;3;Retiro;31;1;Pacífico;VALDERRIBAS, CALLE, DE;40;0703130034;-3.6740507550;40.4037669800
442114.7017015620;4472987.4079069000;2014-06-04;1900-01-08;3;Retiro;31;1;Pacífico;VANDERGOTEN, CALLE, DE;8;0703130027;-3.6821834900;40.4054884310
442573.0306642660;4472668.2010720700;2014-06-04;1900-01-08;3;Retiro;31;1;Pacífico;VIGO, CALLE, DE;2;0703130044;-3.6767536260;40.4026445550
442875.0306642660;4472586.5760720700;2016-11-23;1900-01-08;3;Retiro;32;2;Adelfas;ADELFAS, CALLE, DE LAS;1;0703230042;-3.6731875370;40.4019302490
442957.3446010480;4472690.0221927600;2016-11-23;1900-01-08;3;Retiro;32;2;Adelfas;ADELFAS, CALLE, DE LAS;10;0703230027;-3.6722269160;40.4028676080
443021.2806642660;4472795.5760720700;2016-11-23;1900-01-08;3;Retiro;32;2;Adelfas;ADELFAS, CALLE, DE LAS;24;0703230019;-3.6714828730;40.4038227280
443073.2285548260;4472869.6465259800;2016-11-23;1900-01-08;3;Retiro;32;2;Adelfas;ADELFAS, CALLE, DE LAS;36;0703230016;-3.6708773140;40.4044937190
443066.9056642660;4472402.0760720700;2016-11-23;1900-01-08;3;Retiro;32;2;Adelfas;AGUSTIN VIÑAMATA, CALLE, DE;8;0703230037;-3.6709100870;40.4002813910
443180.5306642660;4472271.4510720700;2016-11-23;1900-01-08;3;Retiro;32;2;Adelfas;ARREGUI Y ARUEJ, CALLE, DE;1 B;0703230036;-3.6695594530;40.3991120980
443278.9056642660;4472474.8260720700;2016-11-23;1900-01-08;3;Retiro;32;2;Adelfas;ARREGUI Y ARUEJ, CALLE, DE;21;0703230031;-3.6684184650;40.4009512930
443313.6556642660;4472588.2427387400;2016-11-23;1900-01-08;3;Retiro;32;2;Adelfas;ARREGUI Y ARUEJ, CALLE, DE;29;0703230023;-3.6680191140;40.4019748820
442802.2043313030;4472193.2373401800;2016-11-23;1900-01-08;3;Retiro;32;2;Adelfas;BARRILERO, CALLE, DE;1;0703230054;-3.6740104190;40.3983819210
442938.2776442720;4472076.3253712800;2017-06-05;1900-01-08;3;Retiro;32;2;Adelfas;BARRILERO, CALLE, DE;5 A;0703230015;-3.6723965110;40.3973377050
442886.1556642660;4472323.8260720700;2016-11-23;1900-01-08;3;Retiro;32;2;Adelfas;CAFETO, CALLE, DEL;3;0703230049;-3.6730328960;40.3995641620
443276.0528205330;4472915.0001471700;2016-11-23;1900-01-08;3;Retiro;32;2;Adelfas;CARLOS Y GUILLERMO FERNANDEZ SHAW, CALLE, DE;3;0703230008;-3.6684912880;40.4049163330
443242.0936819360;4472968.1475795300;2016-11-23;1900-01-08;3;Retiro;32;2;Adelfas;CARLOS Y GUILLERMO FERNANDEZ SHAW, CALLE, DE;S/N;0703230007;-3.6688962550;40.4053929760
443218.8704373100;4472951.7963449800;2016-11-23;1900-01-08;3;Retiro;32;2;Adelfas;CARLOS Y GUILLERMO FERNANDEZ SHAW, CALLE, DE;S/N;0703230010;-3.6691684100;40.4052437210
442964.6556642660;4472465.7010720700;2016-11-23;1900-01-08;3;Retiro;32;2;Adelfas;CATALINA SUAREZ, CALLE, DE;1;0703230038;-3.6721206320;40.4008474730
442983.7806642660;4472510.9510720700;2016-11-23;1900-01-08;3;Retiro;32;2;Adelfas;CATALINA SUAREZ, CALLE, DE;3;0703230040;-3.6718993560;40.4012566220
443072.5565263350;4472630.0365605800;2016-11-23;1900-01-08;3;Retiro;32;2;Adelfas;CATALINA SUAREZ, CALLE, DE;32;0703230028;-3.6708639060;40.4023355590
442726.7806642660;4472376.2010720700;2016-11-23;1900-01-08;3;Retiro;32;2;Adelfas;CERRO DE LA PLATA, CALLE, DEL;4;0703230045;-3.6749155200;40.4000245340
442661.9056642660;4472299.5760720700;2016-11-23;1900-01-08;3;Retiro;32;2;Adelfas;CERRO DE LA PLATA, CALLE, DEL;8;0703230044;-3.6756731420;40.3993299370
442679.9056642660;4472204.7010720700;2016-11-23;1900-01-08;3;Retiro;32;2;Adelfas;CERRO DE LA PLATA, CALLE, DEL;S/N;0703230048;-3.6754524960;40.3984764020
442747.6556642660;4472139.4510720700;2016-11-23;1900-01-08;3;Retiro;32;2;Adelfas;CERRO DE LA PLATA, CALLE, DEL;S/N;0703230050;-3.6746482930;40.3978931310
442805.7806642660;4472014.9510720700;2016-11-23;1900-01-08;3;Retiro;32;2;Adelfas;CERRO DE LA PLATA, CALLE, DEL;S/N;0703230062;-3.6739522060;40.3967754620
442847.7806642660;4471934.2010720700;2016-11-23;1900-01-08;3;Retiro;32;2;Adelfas;CERRO DE LA PLATA, CALLE, DEL;S/N;0703230063;-3.6734501230;40.3960509000
442871.6115521340;4471891.2784909700;2016-11-23;1900-01-08;3;Retiro;32;2;Adelfas;CERRO NEGRO, CALLE, DEL;14;0703230064;-3.6731654210;40.3956658720
443025.6556642660;4472031.8260720700;2016-11-23;1900-01-08;3;Retiro;32;2;Adelfas;CERRO NEGRO, CALLE, DEL;S/N;0703230058;-3.6713629530;40.3969431090
442952.0540797920;4471944.5318193100;2016-11-23;1900-01-08;3;Retiro;32;2;Adelfas;CERRO NEGRO, CALLE, DEL;S/N;0703230059;-3.6722223890;40.3961513390
443108.1770371430;4473008.0480854400;2016-11-23;1900-01-08;3;Retiro;32;2;Adelfas;DOCTOR ESQUERDO, CALLE, DEL;177;0703230009;-3.6704779620;40.4057430540
443050.7354056450;4472927.3605548300;2016-11-23;1900-01-08;3;Retiro;32;2;Adelfas;DOCTOR ESQUERDO, CALLE, DEL;183;0703230012;-3.6711475780;40.4050119590
442931.3927332320;4472761.5020778200;2016-11-23;1900-01-08;3;Retiro;32;2;Adelfas;DOCTOR ESQUERDO, CALLE, DEL;189;0703230018;-3.6725390630;40.4035100080
442869.7806642660;4472673.4510720700;2016-11-23;2025-06-17;3;Retiro;32;2;Adelfas;DOCTOR ESQUERDO, CALLE, DEL;199;0703230041;-3.6732572080;40.4027126800
442825.1678751800;4472610.2003551500;2016-11-23;1900-01-08;3;Retiro;32;2;Adelfas;DOCTOR ESQUERDO, CALLE, DEL;211;0703230043;-3.6737772820;40.4021396650
443351.2874975070;4472973.8074359600;2016-11-23;1900-01-08;3;Retiro;32;2;Adelfas;FEDERICO MORENO TORROBA, CALLE, DE;1 B;0703230005;-3.6676099650;40.4054509600
443314.4294080540;4473000.0360389400;2016-11-23;1900-01-08;3;Retiro;32;2;Adelfas;FEDERICO MORENO TORROBA, CALLE, DE;2;0703230006;-3.6680466730;40.4056848980
443410.0947862980;4473021.0189213300;2016-11-23;1900-01-08;3;Retiro;32;2;Adelfas;FEDERICO MORENO TORROBA, CALLE, DE;3;0703230003;-3.6669211550;40.4058801050
443363.1199499800;4472914.3083012000;2016-11-23;1900-01-08;3;Retiro;32;2;Adelfas;FEDERICO MORENO TORROBA, CALLE, DE;4;0703230004;-3.6674652350;40.4049161040
443006.4056642660;4472174.5760720700;2016-11-23;1900-01-08;3;Retiro;32;2;Adelfas;GANDIA, CALLE, DE;4;0703230056;-3.6716026210;40.3982273370
443086.5306642660;4472140.7010720700;2016-11-23;1900-01-08;3;Retiro;32;2;Adelfas;GANDIA, CALLE, DE;7;0703230055;-3.6706554070;40.3979281380
443128.7806642660;4472739.4510720700;2016-11-23;1900-01-08;3;Retiro;32;2;Adelfas;GARIBAY, CALLE, DE;11;0703230020;-3.6702111360;40.4033245410
443105.0306642660;4472796.2010720700;2016-11-23;1900-01-08;3;Retiro;32;2;Adelfas;HERBERTO GUT, CALLE, DE;16;0703230017;-3.6704960100;40.4038342450
443041.7806642660;4472705.4510720700;2016-11-23;1900-01-08;3;Retiro;32;2;Adelfas;HERBERTO GUT, CALLE, DE;23;0703230026;-3.6712332920;40.4030124510
443123.8765694390;4472837.1127100000;2016-11-23;1900-01-08;3;Retiro;32;2;Adelfas;HERBERTO GUT, CALLE, DE;41;0703230013;-3.6702775990;40.4042039740
442962.7806642660;4472609.3260720700;2016-11-23;1900-01-08;3;Retiro;32;2;Adelfas;HERBERTO GUT, CALLE, DE;7;0703230039;-3.6721555830;40.4021405820
442824.7806642660;4472377.4510720700;2016-11-23;1900-01-08;3;Retiro;32;2;Adelfas;HERMANOS RUIZ, CALLE, DE LOS;2;0703230046;-3.6737609530;40.4000428680
442755.6556642660;4472280.7010720700;2016-11-23;1900-01-08;3;Retiro;32;2;Adelfas;JATIVA, CALLE, DE;3;0703230047;-3.6745667040;40.3991667590
442861.7806642660;4472219.8260720700;2016-11-23;1900-01-08;3;Retiro;32;2;Adelfas;JATIVA, CALLE, DE;37;0703230051;-3.6733107230;40.3986253140
442970.2806642660;4472128.8260720700;2016-11-23;1900-01-08;3;Retiro;32;2;Adelfas;JATIVA, CALLE, DE;49;0703230057;-3.6720241460;40.3978125160
443269.6036388770;4472622.3120187500;2016-11-23;1900-01-08;3;Retiro;32;2;Adelfas;JUAN DE JUANES, CALLE, DE;10;0703230024;-3.6685411930;40.4022792370
443185.7806642660;4472434.8260720700;2016-11-23;1900-01-08;3;Retiro;32;2;Adelfas;LOS MESEJO, CALLE, DE;19;0703230033;-3.6695121840;40.4005839120
443142.9056642660;4472299.0760720700;2016-11-23;1900-01-08;3;Retiro;32;2;Adelfas;LOS MESEJO, CALLE, DE;5;0703230035;-3.6700053290;40.3993584700
443122.3436807950;4472500.4066505800;2016-11-23;1900-01-08;3;Retiro;32;2;Adelfas;LUIS MITJANS, CALLE, DE;38;0703230032;-3.6702656240;40.4011707360
443146.6556642660;4472596.7010720700;2016-11-23;1900-01-08;3;Retiro;32;2;Adelfas;LUIS MITJANS, CALLE, DE;46;0703230029;-3.6699877390;40.4020401990
443176.8223309330;4472703.9927387400;2016-11-23;1900-01-08;3;Retiro;32;2;Adelfas;LUIS MITJANS, CALLE, DE;50 B;0703230025;-3.6696418450;40.4030080970
442896.0306642660;4471973.9510720700;2016-11-23;1900-01-08;3;Retiro;32;2;Adelfas;LUIS PEIDRO, CALLE, DE;17;0703230061;-3.6728851300;40.3964124930
443234.1556642660;4472790.4510720700;2016-11-23;1900-01-08;3;Retiro;32;2;Adelfas;MARTINEZ CORROCHANO, CALLE, DE;41;0703230021;-3.6689738910;40.4037908720
443254.2416664750;4473081.7588440200;2016-11-23;1900-01-08;3;Retiro;32;2;Adelfas;MEDITERRANEO, AVENIDA, DEL;50;0703230001;-3.6687631570;40.4064166800
443368.9345898860;4473063.7330968700;2016-11-23;1900-01-08;3;Retiro;32;2;Adelfas;MEDITERRANEO, AVENIDA, DEL;56;0703230002;-3.6674099450;40.4062619240
443242.1556642660;4472685.4510720700;2016-11-23;1900-01-08;3;Retiro;32;2;Adelfas;NUEVO BAZTAN, CALLE;2;0703230022;-3.6688702430;40.4028460640
442680.6627675230;4472433.9343534300;2014-06-05;2022-03-30;3;Retiro;32;2;Adelfas;PEDRO BOSCH, CALLE, DE;S/N;0703130056;-3.6754641850;40.4005413420
443122.6576832020;4472943.3028891100;2016-11-23;1900-01-08;3;Retiro;32;2;Adelfas;SANTA SABINA, CALLE, DE;3;0703230011;-3.6703014910;40.4051607570
443200.3851901280;4472847.6191755200;2016-11-23;1900-01-08;3;Retiro;32;2;Adelfas;SANTA SABINA, CALLE, DE;5;0703230014;-3.6693769660;40.4043038980
443001.8893379710;4472289.0131321800;2016-11-23;1900-01-08;3;Retiro;32;2;Adelfas;SECO, CALLE, DE;1 B;0703230052;-3.6716661050;40.3992585460
442886.9030261100;4472126.0337856100;2016-11-23;1900-01-08;3;Retiro;32;2;Adelfas;SECO, CALLE, DE;30;0703230060;-3.6730063680;40.3977818050
442939.3223309330;4472226.1594054000;2016-11-23;1900-01-08;3;Retiro;32;2;Adelfas;SECO, CALLE, DE;5;0703230053;-3.6723976570;40.3986878810
443226.5306642660;4472353.3260720700;2016-11-23;1900-01-08;3;Retiro;32;2;Adelfas;TRIQUET, CALLE, DE;6;0703230034;-3.6690247690;40.3998529330
443220.4056642660;4472557.2010720700;2016-11-23;1900-01-08;3;Retiro;32;2;Adelfas;VALDERRIBAS, CALLE, DE;86;0703230030;-3.6691151820;40.4016886900
443271.6556642660;4474218.2010720700;2016-11-15;1900-01-08;3;Retiro;33;3;Estrella;ALCALDE SAINZ DE BARANDA, CALLE, DEL;68;0703330040;-3.6686593370;40.4166556650
443407.5306642660;4474300.8260720700;2016-11-15;1900-01-08;3;Retiro;33;3;Estrella;ALCALDE SAINZ DE BARANDA, CALLE, DEL;78;0703330037;-3.6670651390;40.4174090470
443272.1556642660;4474274.4510720700;2016-11-15;1900-01-08;3;Retiro;33;3;Estrella;ALCALDE SAINZ DE BARANDA, CALLE, DEL;79;0703330041;-3.6686584200;40.4171626180
443533.8302452720;4474491.2352899500;2016-11-15;1900-01-08;3;Retiro;33;3;Estrella;ALCALDE SAINZ DE BARANDA, CALLE, DEL;90;0703330007;-3.6655934400;40.4191328480
443393.2806642660;4474319.8260720700;2016-11-15;1900-01-08;3;Retiro;33;3;Estrella;ALCALDE SAINZ DE BARANDA, CALLE, DEL;97;0703330038;-3.6672347920;40.4175791580
443548.7163711850;4474456.4388134900;2016-11-15;1900-01-08;3;Retiro;33;3;Estrella;ALCALDE SAINZ DE BARANDA, CALLE, DEL;S/N;0703330014;-3.6654149060;40.4188206430
443400.3106921990;4474569.4475804500;2016-11-15;1900-01-08;3;Retiro;33;3;Estrella;ANTONIO CASERO, CALLE, DE;16;0703330005;-3.6671741730;40.4198288770
443340.4224240430;4474603.0788653700;2016-11-15;1900-01-08;3;Retiro;33;3;Estrella;ANTONIO CASERO, CALLE, DE;3;0703330004;-3.6678830360;40.4201278470
443370.6556642660;4473612.4510720700;2016-11-15;1900-01-08;3;Retiro;33;3;Estrella;ASTROS, CALLE, DE LOS;11;0703330074;-3.6674385360;40.4112058620
443187.9056642660;4473619.0760720700;2016-11-15;1900-01-08;3;Retiro;33;3;Estrella;ASTROS, CALLE, DE LOS;S/N;0703330079;-3.6695928570;40.4112523290
443241.9056642660;4473643.9510720700;2016-11-15;1900-01-08;3;Retiro;33;3;Estrella;ASTROS, PLAZA, DE LOS;S/N;0703330073;-3.6689587070;40.4114806530
443457.9056642660;4473677.8260720700;2016-11-15;1900-01-08;3;Retiro;33;3;Estrella;CAN MAYOR, PASAJE, DE;2;0703330075;-3.6664160920;40.4118001340
443433.2806642660;4473792.7010720700;2016-11-15;1900-01-08;3;Retiro;33;3;Estrella;CAN MENOR, PASAJE, DE;5;0703330065;-3.6667164940;40.4128333490
443256.7806642660;4473543.0760720700;2016-11-15;1900-01-08;3;Retiro;33;3;Estrella;CRUZ DEL SUR, CALLE, DE LA;16;0703330080;-3.6687744440;40.4105729730
443295.9056642660;4473692.2010720700;2016-11-15;1900-01-08;3;Retiro;33;3;Estrella;CRUZ DEL SUR, CALLE, DE LA;2;0703330072;-3.6683266200;40.4119191950
443261.5306642660;4473379.9510720700;2016-11-15;1900-01-08;3;Retiro;33;3;Estrella;CRUZ DEL SUR, CALLE, DE LA;23;0703330089;-3.6687038560;40.4091035080
443245.5306642660;4473297.7010720700;2016-11-15;1900-01-08;3;Retiro;33;3;Estrella;CRUZ DEL SUR, CALLE, DE LA;36;0703330093;-3.6688851390;40.4083614710
443297.1556642660;4473783.7010720700;2016-11-15;1900-01-08;3;Retiro;33;3;Estrella;CRUZ DEL SUR, CALLE, DE LA;S/N;0703330070;-3.6683200880;40.4127430510
443215.7806642660;4474045.7010720700;2016-11-15;1900-01-08;3;Retiro;33;3;Estrella;DOCTOR ESQUERDO, CALLE, DEL;105;0703330050;-3.6693024250;40.4150980220
443200.1556642660;4473836.2010720700;2016-11-15;1900-01-08;3;Retiro;33;3;Estrella;DOCTOR ESQUERDO, CALLE, DEL;119;0703330069;-3.6694678950;40.4132099540
443192.0306642660;4473715.8260720700;2016-11-15;1900-01-08;3;Retiro;33;3;Estrella;DOCTOR ESQUERDO, CALLE, DEL;125;0703330071;-3.6695529220;40.4121250590
443178.5306642660;4473534.5760720700;2016-11-15;1900-01-08;3;Retiro;33;3;Estrella;DOCTOR ESQUERDO, CALLE, DEL;151;0703330081;-3.6696958170;40.4104910400
443168.6556642660;4473399.5760720700;2016-11-15;1900-01-08;3;Retiro;33;3;Estrella;DOCTOR ESQUERDO, CALLE, DEL;157;0703330091;-3.6698002100;40.4092741350
443159.0306642660;4473267.3260720700;2016-11-15;1900-01-08;3;Retiro;33;3;Estrella;DOCTOR ESQUERDO, CALLE, DEL;163;0703330092;-3.6699017960;40.4080823830
443254.0537089590;4474592.0174128500;2016-11-15;1900-01-08;3;Retiro;33;3;Estrella;DOCTOR ESQUERDO, CALLE, DEL;59;0703330008;-3.6689001510;40.4200218490
443237.1556642660;4474352.3260720700;2016-11-15;1900-01-08;3;Retiro;33;3;Estrella;DOCTOR ESQUERDO, CALLE, DEL;83;0703330042;-3.6690779400;40.4178620280
443231.9056642660;4474280.8260720700;2016-11-15;1900-01-08;3;Retiro;33;3;Estrella;DOCTOR ESQUERDO, CALLE, DEL;89;0703330043;-3.6691333450;40.4172169920
443221.6556642660;4474129.3260720700;2016-11-15;1900-01-08;3;Retiro;33;3;Estrella;DOCTOR ESQUERDO, CALLE, DEL;99;0703330045;-3.6692406600;40.4158515190
443340.7806642660;4473449.5760720700;2016-11-15;1900-01-08;3;Retiro;33;3;Estrella;ESCUDO, PASAJE, DEL;2;0703330088;-3.6677760650;40.4097359390
443460.4056642660;4473620.7010720700;2016-11-15;1900-01-08;3;Retiro;33;3;Estrella;ESTRELLA POLAR, CALLE, DE LA;11;0703330076;-3.6663816000;40.4112857900
443398.5306642660;4473424.5760720700;2016-11-15;2023-09-11;3;Retiro;33;3;Estrella;ESTRELLA POLAR, CALLE, DE LA;12;0703330087;-3.6670933290;40.4095148350
443600.2806642660;4473607.5760720700;2016-11-15;1900-01-08;3;Retiro;33;3;Estrella;ESTRELLA POLAR, CALLE, DE LA;17;0703330061;-3.6647318830;40.4111768710
443372.9056642660;4473535.7010720700;2016-11-15;1900-01-08;3;Retiro;33;3;Estrella;ESTRELLA POLAR, CALLE, DE LA;5;0703330082;-3.6674051890;40.4105145890
443426.9056642660;4473565.4510720700;2016-11-15;1900-01-08;3;Retiro;33;3;Estrella;ESTRELLA POLAR, CALLE, DE LA;8;0703330078;-3.6667714410;40.4107857120
443563.5306642660;4473586.4510720700;2016-11-15;1900-01-08;3;Retiro;33;3;Estrella;ESTRELLA POLAR, CALLE, DE LA;S/N;0703330077;-3.6651631480;40.4109840700
443233.6556642660;4473461.4510720700;2016-11-15;1900-01-08;3;Retiro;33;3;Estrella;ESTRELLA POLAR, CALLE, DE LA;S/N;0703330090;-3.6690396660;40.4098362640
443394.6556642660;4474124.8260720700;2016-11-15;1900-01-08;3;Retiro;33;3;Estrella;JOSE MARTINEZ DE VELASCO, CALLE, DE;12;0703330048;-3.6672012740;40.4158228140
443372.7806642660;4474001.0760720700;2016-11-15;1900-01-08;3;Retiro;33;3;Estrella;JOSE MARTINEZ DE VELASCO, CALLE, DE;22;0703330052;-3.6674481040;40.4147067490
443283.2806642660;4473980.4510720700;2016-11-15;1900-01-08;3;Retiro;33;3;Estrella;JOSE MARTINEZ DE VELASCO, CALLE, DE;5;0703330051;-3.6685010860;40.4145147510
443307.6556642660;4474193.0760720700;2016-11-15;1900-01-08;3;Retiro;33;3;Estrella;JOSE MARTINEZ DE VELASCO, CALLE, DE;8;0703330044;-3.6682327700;40.4164317530
443814.7806642660;4474384.7010720700;2016-11-15;1900-01-08;3;Retiro;33;3;Estrella;JUAN ESPLANDIU, CALLE, DE;16;0703330018;-3.6622726340;40.4181924530
443555.1556642660;4474155.2010720700;2016-11-15;1900-01-08;3;Retiro;33;3;Estrella;JUAN ESPLANDIU, CALLE, DE;2 A;0703330031;-3.6653123470;40.4161078030
443567.9056642660;4474137.2010720700;2016-11-15;1900-01-08;3;Retiro;33;3;Estrella;JUAN ESPLANDIU, CALLE, DE;2 A;0703330032;-3.6651604550;40.4159466300
443762.1556642660;4474285.5760720700;2016-11-15;1900-01-08;3;Retiro;33;3;Estrella;JUAN ESPLANDIU, CALLE, DE;20;0703330024;-3.6628840940;40.4172962320
443697.1556642660;4474202.0760720700;2016-11-15;1900-01-08;3;Retiro;33;3;Estrella;JUAN ESPLANDIU, CALLE, DE;22;0703330028;-3.6636427480;40.4165392400
443534.9056642660;4474378.8260720700;2016-11-15;1900-01-08;3;Retiro;33;3;Estrella;JUAN ESPLANDIU, CALLE, DE;23;0703330036;-3.6655707500;40.4181208330
443802.6556642660;4474233.8260720700;2016-11-15;1900-01-08;3;Retiro;33;3;Estrella;JUAN ESPLANDIU, CALLE, DE;6;0703330025;-3.6624022370;40.4168326520
443613.4079144070;4474449.1258564300;2016-11-15;1900-01-08;3;Retiro;33;3;Estrella;JUAN ESPLANDIU, CALLE, DE;S/N;0703330015;-3.6646517830;40.4187590500
443717.6644304390;4474513.2548645000;2016-11-15;1900-01-08;3;Retiro;33;3;Estrella;JUAN ESPLANDIU, CALLE, DE;S/N;0703330016;-3.6634285760;40.4193436970
443852.4056642660;4474449.1316276300;2016-11-15;1900-01-08;3;Retiro;33;3;Estrella;JUAN ESPLANDIU, CALLE, DE;S/N;0703330017;-3.6618347220;40.4187752080
443603.5306642660;4474395.7010720700;2016-11-15;1900-01-08;3;Retiro;33;3;Estrella;JUAN ESPLANDIU, CALLE, DE;S/N;0703330021;-3.6647635100;40.4182771360
443828.6556642660;4474348.0760720700;2016-11-15;1900-01-08;3;Retiro;33;3;Estrella;JUAN ESPLANDIU, CALLE, DE;S/N;0703330022;-3.6621058460;40.4178634030
443752.5306642660;4474165.3260720700;2016-11-15;1900-01-08;3;Retiro;33;3;Estrella;JUAN ESPLANDIU, CALLE, DE;S/N;0703330026;-3.6629868830;40.4162117370
443676.2806642660;4474147.8260720700;2016-11-15;1900-01-08;3;Retiro;33;3;Estrella;JUAN ESPLANDIU, CALLE, DE;S/N;0703330027;-3.6638840200;40.4160490170
443510.2806642660;4474120.2010720700;2016-11-15;1900-01-08;3;Retiro;33;3;Estrella;JUAN ESPLANDIU, CALLE, DE;S/N;0703330033;-3.6658380930;40.4157887800
443500.7806642660;4474032.0760720700;2016-11-15;1900-01-08;3;Retiro;33;3;Estrella;JUAN ESPLANDIU, CALLE, DE;S/N;0703330034;-3.6659422560;40.4149945460
443358.7806642660;4473298.9510720700;2016-11-15;1900-01-08;3;Retiro;33;3;Estrella;LIRA, CALLE, DE LA;10 B;0703330086;-3.6675506060;40.4083808940
443628.4056642660;4474220.7010720700;2016-11-15;1900-01-08;3;Retiro;33;3;Estrella;MARQUES DE LOZOYA, CALLE, DEL;12;0703330030;-3.6644547430;40.4167024180
443756.5306642660;4474432.3260720700;2016-11-15;1900-01-08;3;Retiro;33;3;Estrella;MARQUES DE LOZOYA, CALLE, DEL;21;0703330019;-3.6629633340;40.4186175300
443715.4056642660;4474318.4510720700;2016-11-15;1900-01-08;3;Retiro;33;3;Estrella;MARQUES DE LOZOYA, CALLE, DEL;24;0703330023;-3.6634379720;40.4175888410
443662.9110083500;4474382.5591960200;2016-11-15;1900-01-08;3;Retiro;33;3;Estrella;MARQUES DE LOZOYA, CALLE, DEL;44;0703330020;-3.6640624390;40.4181634040
443492.6503670600;4474283.7405198500;2016-11-15;1900-01-08;3;Retiro;33;3;Estrella;MARQUES DE LOZOYA, CALLE, DEL;8;0703330035;-3.6660604580;40.4172611100
443656.3480981680;4474311.1172308900;2016-11-15;1900-01-08;3;Retiro;33;3;Estrella;MARQUES DE LOZOYA, CALLE, DEL;9;0703330029;-3.6641334290;40.4175185400
443396.6443666850;4474258.9889728800;2016-11-15;1900-01-08;3;Retiro;33;3;Estrella;MARQUES DE LOZOYA, CALLE, DEL;S/N;0703330039;-3.6671898150;40.4170312960
443311.5140460400;4473133.3561208200;2016-11-15;1900-01-08;3;Retiro;33;3;Estrella;MEDITERRANEO, AVENIDA, DEL;53;0703330098;-3.6680929110;40.4068860470
443424.7711246070;4473117.0426012300;2016-11-15;1900-01-08;3;Retiro;33;3;Estrella;MEDITERRANEO, AVENIDA, DEL;65;0703330097;-3.6667567160;40.4067467040
443299.3051056070;4474669.5593123000;2016-11-15;1900-01-08;3;Retiro;33;3;Estrella;O'DONNELL, CALLE, DE;56;0703330001;-3.6683736600;40.4207233790
443376.2883458300;4474644.5313793300;2016-11-15;1900-01-08;3;Retiro;33;3;Estrella;O'DONNELL, CALLE, DE;58;0703330002;-3.6674639750;40.4205030770
443446.0090162210;4474620.5090329700;2016-11-15;1900-01-08;3;Retiro;33;3;Estrella;O'DONNELL, CALLE, DE;62;0703330003;-3.6666401190;40.4202922280
443207.1556642660;4473926.3260720700;2016-11-15;1900-01-08;3;Retiro;33;3;Estrella;PATIO DE LA IMPRENTA, CALLE, DEL;S/N;0703330068;-3.6693934680;40.4140220650
443431.7090582280;4473175.9212811500;2016-11-15;1900-01-08;3;Retiro;33;3;Estrella;PERSEO, CALLE, DE;16;0703330096;-3.6666801690;40.4072770340
443246.6349910990;4473182.6717030500;2016-11-15;1900-01-08;3;Retiro;33;3;Estrella;PERSEO, CALLE, DE;2;0703330094;-3.6688618200;40.4073256780
443355.9543235570;4473175.5462577100;2016-11-15;1900-01-08;3;Retiro;33;3;Estrella;PERSEO, CALLE, DE;8;0703330095;-3.6675728940;40.4072687830
443508.7806642660;4473696.5760720700;2016-11-15;1900-01-08;3;Retiro;33;3;Estrella;PEZ AUSTRAL, CALLE, DEL;15;0703330062;-3.6658180960;40.4119728240
443479.0306642660;4473888.4510720700;2016-11-15;1900-01-08;3;Retiro;33;3;Estrella;PEZ AUSTRAL, CALLE, DEL;4;0703330064;-3.6661858210;40.4136989740
443504.5306642660;4473808.7010720700;2016-11-15;1900-01-08;3;Retiro;33;3;Estrella;PEZ AUSTRAL, CALLE, DEL;7;0703330063;-3.6658782000;40.4129822610
443348.1834420440;4473820.5390350300;2016-11-15;1900-01-08;3;Retiro;33;3;Estrella;PEZ VOLADOR, CALLE, DEL;14;0703330066;-3.6677218630;40.4130785180
443432.4056642660;4473941.7010720700;2016-11-15;1900-01-08;3;Retiro;33;3;Estrella;PEZ VOLADOR, CALLE, DEL;22;0703330053;-3.6667401000;40.4141756170
443544.6556642660;4473935.4510720700;2016-11-15;1900-01-08;3;Retiro;33;3;Estrella;PEZ VOLADOR, CALLE, DEL;24;0703330054;-3.6654165100;40.4141273740
443576.7806642660;4473876.3260720700;2016-11-15;1900-01-08;3;Retiro;33;3;Estrella;PEZ VOLADOR, CALLE, DEL;30;0703330055;-3.6650326860;40.4135969870
443677.6556642660;4473940.0760720700;2016-11-15;1900-01-08;3;Retiro;33;3;Estrella;PEZ VOLADOR, CALLE, DEL;34;0703330057;-3.6638494710;40.4141782530
443620.4056642660;4473930.7010720700;2016-11-15;1900-01-08;3;Retiro;33;3;Estrella;PEZ VOLADOR, CALLE, DEL;S/N;0703330056;-3.6645233840;40.4140892730
443317.2806642660;4474061.0760720700;2016-11-15;1900-01-08;3;Retiro;33;3;Estrella;RAFAEL SALAZAR ALONSO, CALLE, DE;16 G;0703330049;-3.6681075780;40.4152431520
443254.9056642660;4474096.5760720700;2016-11-15;1900-01-08;3;Retiro;33;3;Estrella;RAFAEL SALAZAR ALONSO, CALLE, DE;3;0703330046;-3.6688458920;40.4155593680
443320.6556642660;4474109.5760720700;2016-11-15;1900-01-08;3;Retiro;33;3;Estrella;RAFAEL SALAZAR ALONSO, CALLE, DE;7;0703330047;-3.6680721120;40.4156808920
443476.8470050480;4474556.8218821300;2016-11-15;1900-01-08;3;Retiro;33;3;Estrella;SALIENTE, CALLE, DE;6;0703330006;-3.6662709620;40.4197201870
443420.0872285120;4474420.7324966500;2016-11-15;1900-01-08;3;Retiro;33;3;Estrella;SALIENTE, CALLE, DE;S/N;0703330012;-3.6669278580;40.4184903910
443779.7308095880;4473835.5875102900;2016-11-15;1900-01-08;3;Retiro;33;3;Estrella;SIRIO, CALLE, DE;4;0703330058;-3.6626371490;40.4132436440
443629.4056642660;4473479.0760720700;2016-11-15;1900-01-08;3;Retiro;33;3;Estrella;SIRIO, CALLE, DE;50;0703330083;-3.6643772790;40.4100220170
443567.7806642660;4473383.9510720700;2016-11-15;1900-01-08;3;Retiro;33;3;Estrella;SIRIO, CALLE, DE;64;0703330084;-3.6650950810;40.4091602890
443750.6834420440;4473726.3538498500;2016-11-15;1900-01-08;3;Retiro;33;3;Estrella;SIRIO, CALLE, DE;S/N;0703330059;-3.6629698090;40.4122570110
443709.7889382210;4473670.9522205800;2016-11-15;1900-01-08;3;Retiro;33;3;Estrella;SIRIO, CALLE, DE;S/N;0703330060;-3.6634469110;40.4117555010
443502.7806642660;4473296.8260720700;2016-11-15;1900-01-08;3;Retiro;33;3;Estrella;SIRIO, CALLE, DE;S/N;0703330085;-3.6658533330;40.4083712680
443286.2806642660;4473951.9510720700;2016-11-15;1900-01-08;3;Retiro;33;3;Estrella;VALORES, CALLE, DE;1;0703330067;-3.6684632130;40.4142583520
443486.9028709700;4474389.3358486100;2016-11-15;1900-01-08;3;Retiro;33;3;Estrella;VAQUERIAS, CALLE, DE LAS;2;0703330013;-3.6661375780;40.4182122770
443340.0872285120;4474455.9280273800;2016-11-15;1900-01-08;3;Retiro;33;3;Estrella;VAQUERIAS, CALLE, DE LAS;7;0703330011;-3.6678738690;40.4188016790
443297.1822005790;4474533.3581949800;2016-11-15;1900-01-08;3;Retiro;33;3;Estrella;VICENTE CABALLERO, CALLE, DE;10;0703330009;-3.6683865520;40.4194961610
443243.7743793500;4474455.2576363200;2016-11-15;1900-01-08;3;Retiro;33;3;Estrella;VICENTE CABALLERO, TRAVESIA, DE;S/N;0703330010;-3.6690091280;40.4187893600
442543.4357470780;4474249.1621799000;2014-06-07;1900-01-08;3;Retiro;34;4;Ibiza;ALCALDE SAINZ DE BARANDA, CALLE, DEL;10;0703430048;-3.6772451090;40.4168850770
442655.1052665910;4474265.7745337800;2014-06-07;1900-01-08;3;Retiro;34;4;Ibiza;ALCALDE SAINZ DE BARANDA, CALLE, DEL;15;0703430043;-3.6759304580;40.4170424120
442628.2320920000;4474240.3797980000;2014-06-07;1900-01-08;3;Retiro;34;4;Ibiza;ALCALDE SAINZ DE BARANDA, CALLE, DEL;18;0703430049;-3.6762448400;40.4168111090
442469.3608700000;4474254.2859010000;2014-06-07;1900-01-08;3;Retiro;34;4;Ibiza;ALCALDE SAINZ DE BARANDA, CALLE, DEL;2;0703430047;-3.6781186410;40.4169253560
442889.9187630000;4474246.3810610000;2014-06-07;1900-01-08;3;Retiro;34;4;Ibiza;ALCALDE SAINZ DE BARANDA, CALLE, DEL;39;0703430045;-3.6731610090;40.4168831290
442954.0375250000;4474214.0058250000;2014-06-07;1900-01-08;3;Retiro;34;4;Ibiza;ALCALDE SAINZ DE BARANDA, CALLE, DEL;44;0703430051;-3.6724024700;40.4165963070
443112.2813660000;4474216.6906000000;2014-06-07;1900-01-08;3;Retiro;34;4;Ibiza;ALCALDE SAINZ DE BARANDA, CALLE, DEL;57;0703430046;-3.6705376070;40.4166312000
442405.8791500000;4474716.5437970000;2014-06-06;1900-01-08;3;Retiro;34;4;Ibiza;ANTONIO ACUÑA, CALLE, DE;25;0703430009;-3.6789086920;40.4210857750
443025.7967726140;4474315.7291363900;2014-06-07;1900-01-08;3;Retiro;34;4;Ibiza;ANTONIO ARIAS, CALLE, DE;6;0703430040;-3.6715657800;40.4175172220
442689.1922950000;4474139.1479600000;2014-06-09;1900-01-08;3;Retiro;34;4;Ibiza;DOCE DE OCTUBRE, CALLE, DEL;13;0703430054;-3.6755172410;40.4159036580
442799.8998120000;4474158.0993180000;2014-06-09;1900-01-08;3;Retiro;34;4;Ibiza;DOCE DE OCTUBRE, CALLE, DEL;23;0703430055;-3.6742141050;40.4160823060
442948.7730549050;4474182.6706284100;2014-06-09;1900-01-08;3;Retiro;34;4;Ibiza;DOCE DE OCTUBRE, CALLE, DEL;35;0703430056;-3.6724616570;40.4163135520
442731.9960680000;4474634.7286460000;2014-06-06;1900-01-08;3;Retiro;34;4;Ibiza;DOCTOR CASTELO, CALLE, DEL;33;0703430013;-3.6750573850;40.4203707230
442839.9732180540;4474626.1293823600;2014-06-06;1900-01-08;3;Retiro;34;4;Ibiza;DOCTOR CASTELO, CALLE, DEL;43;0703430018;-3.6737839290;40.4203007080
442987.0497640000;4474615.7772880000;2014-07-01;1900-01-08;3;Retiro;34;4;Ibiza;DOCTOR CASTELO, CALLE, DEL;47;0703430057;-3.6720494130;40.4202180870
443076.5111850000;4474608.9730290000;2014-06-06;1900-01-08;3;Retiro;34;4;Ibiza;DOCTOR CASTELO, CALLE, DEL;49;0703430015;-3.6709943120;40.4201628540
443121.9202630000;4474593.6673700000;2014-06-06;1900-01-08;3;Retiro;34;4;Ibiza;DOCTOR CASTELO, CALLE, DEL;56;0703430014;-3.6704577370;40.4200281520
443185.7231690000;4474589.4033150000;2014-06-06;1900-01-08;3;Retiro;34;4;Ibiza;DOCTOR CASTELO, CALLE, DEL;60;0703430019;-3.6697052140;40.4199934880
442437.3068190000;4474643.5810680000;2014-06-06;1900-01-08;3;Retiro;34;4;Ibiza;DOCTOR CASTELO, CALLE, DEL;8;0703430016;-3.6785316860;40.4204305980
443199.4576140000;4474285.5472020000;2014-06-07;1900-01-08;3;Retiro;34;4;Ibiza;DOCTOR ESQUERDO, CALLE, DEL;54;0703430041;-3.6695162520;40.4172575000
442791.0611350000;4474686.2131690000;2014-06-06;1900-01-08;3;Retiro;34;4;Ibiza;FERNAN GONZALEZ, CALLE, DE;39;0703430011;-3.6743658250;40.4208390590
442752.8372720000;4474257.5939480000;2014-06-07;1900-01-08;3;Retiro;34;4;Ibiza;FERNAN GONZALEZ, CALLE, DE;68;0703430044;-3.6747777240;40.4169748030
442759.9440320000;4474230.2724070000;2014-06-07;1900-01-08;3;Retiro;34;4;Ibiza;FERNAN GONZALEZ, CALLE, DE;73;0703430050;-3.6746915510;40.4167291180
442566.1716840000;4474393.4146850000;2014-06-07;1900-01-08;3;Retiro;34;4;Ibiza;IBIZA, CALLE, DE;12;0703430033;-3.6769901430;40.4181858060
442700.4104720000;4474384.2548620000;2014-06-07;1900-01-08;3;Retiro;34;4;Ibiza;IBIZA, CALLE, DE;26;0703430034;-3.6754070610;40.4181129260
442772.8994170000;4474404.3117160000;2014-06-07;1900-01-08;3;Retiro;34;4;Ibiza;IBIZA, CALLE, DE;33;0703430028;-3.6745545000;40.4182980490
442826.1211470000;4474375.2529670000;2014-06-07;1900-01-08;3;Retiro;34;4;Ibiza;IBIZA, CALLE, DE;38;0703430035;-3.6739245900;40.4180405040
442964.7542000000;4474390.5218760000;2014-06-07;1900-01-08;3;Retiro;34;4;Ibiza;IBIZA, CALLE, DE;43;0703430029;-3.6722919460;40.4181871810
442963.9662842310;4474366.4169320700;2014-06-07;1900-01-08;3;Retiro;34;4;Ibiza;IBIZA, CALLE, DE;52;0703430036;-3.6722991080;40.4179700880
443124.1579840380;4474354.7925821200;2014-06-07;1900-01-08;3;Retiro;34;4;Ibiza;IBIZA, CALLE, DE;68;0703430037;-3.6704099520;40.4178761230
443054.1972900000;4474386.2091060000;2014-06-07;1900-01-08;3;Retiro;34;4;Ibiza;IBIZA, CALLE, DE;S/N;0703430030;-3.6712373600;40.4181544080
443202.0424990000;4474375.1007240000;2014-06-07;1900-01-08;3;Retiro;34;4;Ibiza;IBIZA, CALLE, DE;S/N;0703430031;-3.6694937350;40.4180644540
442525.1104080000;4474704.3748870000;2014-06-06;1900-01-08;3;Retiro;34;4;Ibiza;LOPE DE RUEDA, CALLE, DE;27;0703430010;-3.6775022530;40.4209839030
442509.7860430000;4474544.5432740000;2014-06-06;1900-01-08;3;Retiro;34;4;Ibiza;LOPE DE RUEDA, CALLE, DE;43;0703430021;-3.6776684680;40.4195436020
442499.9472160000;4474427.2112740000;2014-06-07;1900-01-08;3;Retiro;34;4;Ibiza;LOPE DE RUEDA, CALLE, DE;49;0703430027;-3.6777737770;40.4184854060
442494.9461630000;4474336.8764670000;2014-06-07;1900-01-08;3;Retiro;34;4;Ibiza;LOPE DE RUEDA, CALLE, DE;57;0703430038;-3.6778245420;40.4176714620
442920.4041540000;4474630.4645910000;2014-06-06;1900-01-08;3;Retiro;34;4;Ibiza;MAIQUEZ, CALLE, DE;24;0703430012;-3.6728362560;40.4203456280
442899.8735160000;4474518.1777930000;2014-06-06;1900-01-08;3;Retiro;34;4;Ibiza;MAIQUEZ, CALLE, DE;32;0703430023;-3.6730681320;40.4193325810
442905.5004970000;4474440.3999930000;2014-06-06;1900-01-08;3;Retiro;34;4;Ibiza;MAIQUEZ, CALLE, DE;38;0703430026;-3.6729948510;40.4186328280
442929.0901940000;4474733.1177810000;2014-06-06;1900-01-08;3;Retiro;34;4;Ibiza;MAIQUEZ, CALLE, DE;FRENTE 16 B;0703430005;-3.6727430930;40.4212708400
442347.7945069740;4474705.9611279500;2014-06-06;1900-01-08;3;Retiro;34;4;Ibiza;MENENDEZ PELAYO, AVENIDA, DE;11;0703430008;-3.6795924030;40.4209866530
442377.9258960000;4474603.1515040000;2014-06-06;1900-01-08;3;Retiro;34;4;Ibiza;MENENDEZ PELAYO, AVENIDA, DE;15;0703430020;-3.6792280020;40.4200621860
442390.6243390000;4474551.8959600000;2014-06-06;1900-01-08;3;Retiro;34;4;Ibiza;MENENDEZ PELAYO, AVENIDA, DE;19;0703430024;-3.6790735900;40.4196010690
442429.7092720000;4474404.0610080000;2014-06-07;1900-01-08;3;Retiro;34;4;Ibiza;MENENDEZ PELAYO, AVENIDA, DE;33;0703430032;-3.6785995240;40.4182726090
442505.9177174660;4474114.0612480200;2014-06-09;1900-01-08;3;Retiro;34;4;Ibiza;MENENDEZ PELAYO, AVENIDA, DE;61;0703430053;-3.6776751140;40.4156653080
442645.6094610000;4474525.1266250000;2014-06-06;1900-01-08;3;Retiro;34;4;Ibiza;MENORCA, CALLE, DE;26;0703430025;-3.6760657330;40.4193780170
442769.8987850000;4474526.5479770000;2014-06-06;1900-01-08;3;Retiro;34;4;Ibiza;MENORCA, CALLE, DE;37;0703430022;-3.6746009090;40.4193995600
442634.8748850000;4474632.4371380000;2014-06-06;1900-01-08;3;Retiro;34;4;Ibiza;NARVAEZ, CALLE, DE;40;0703430017;-3.6762019820;40.4203435080
442614.1556642660;4474355.7010720700;2014-06-07;1900-01-08;3;Retiro;34;4;Ibiza;NARVAEZ, CALLE, DE;68;0703430039;-3.6764211390;40.4178494800
442610.2283020000;4474270.3861150000;2014-06-07;1900-01-08;3;Retiro;34;4;Ibiza;NARVAEZ, CALLE, DE;76;0703430042;-3.6764597560;40.4170809720
442606.1221750000;4474201.0557300000;2014-06-09;1900-01-08;3;Retiro;34;4;Ibiza;NARVAEZ, CALLE, DE;80;0703430052;-3.6765018680;40.4164553020
442593.1773700000;4474757.1228340000;2014-06-06;1900-01-08;3;Retiro;34;4;Ibiza;O'DONNELL, CALLE, DE;20;0703430002;-3.6767046380;40.4214638700
442720.6586429310;4474748.1704195400;2014-06-06;1900-01-08;3;Retiro;34;4;Ibiza;O'DONNELL, CALLE, DE;30;0703430003;-3.6752011970;40.4213924790
442860.2335920000;4474738.0135480000;2014-06-06;1900-01-08;3;Retiro;34;4;Ibiza;O'DONNELL, CALLE, DE;44;0703430004;-3.6735551470;40.4213101450
443131.4396800000;4474716.5404310000;2014-06-06;1900-01-08;3;Retiro;34;4;Ibiza;O'DONNELL, CALLE, DE;52;0703430007;-3.6703564950;40.4211356790
442462.1015120000;4474766.7648960000;2014-06-16;1900-01-08;3;Retiro;34;4;Ibiza;O'DONNELL, CALLE, DE;8;0703430001;-3.6782505360;40.4215420210
443008.4830350000;4474726.9645010000;2014-06-06;1900-01-08;3;Retiro;34;4;Ibiza;O'DONNELL, CALLE, DE;S/N;0703430006;-3.6718067660;40.4212213370
441536.2466600000;4474026.6821050000;2014-06-04;1900-01-08;3;Retiro;35;5;Los Jerónimos;ACADEMIA, CALLE, DE LA;11;0703530019;-3.6890955380;40.4148103970
441540.2389975990;4473883.9094054000;2014-06-04;1900-01-08;3;Retiro;35;5;Los Jerónimos;ALBERTO BOSCH, CALLE, DE;19;0703530021;-3.6890354350;40.4135246800
441412.9007480000;4474518.4375300000;2014-06-09;1900-01-08;3;Retiro;35;5;Los Jerónimos;ALFONSO XI, CALLE, DE;2;0703530001;-3.6905946820;40.4192320270
441536.4240920000;4474314.3654660000;2014-06-04;1900-01-08;3;Retiro;35;5;Los Jerónimos;ALFONSO XII, CALLE, DE;16;0703530005;-3.6891199460;40.4174019430
441579.5944830000;4473247.2548190000;2014-06-05;1900-01-08;3;Retiro;35;5;Los Jerónimos;ALFONSO XII, CALLE, DE;17;0703530031;-3.6885131840;40.4077916640
441534.2966710000;4474220.3618480000;2014-06-04;1900-01-08;3;Retiro;35;5;Los Jerónimos;ALFONSO XII, CALLE, DE;22;0703530013;-3.6891363900;40.4165545950
441544.3280020000;4473709.0606850000;2014-06-04;1900-01-08;3;Retiro;35;5;Los Jerónimos;ALFONSO XII, CALLE, DE;52;0703530025;-3.6889711490;40.4119495040
441546.9505680000;4473547.5799330000;2014-06-04;1900-01-08;3;Retiro;35;5;Los Jerónimos;ALFONSO XII, CALLE, DE;54;0703530027;-3.6889254270;40.4104951660
441550.3607750000;4474464.2278190000;2014-07-01;1900-01-08;3;Retiro;35;5;Los Jerónimos;ALFONSO XII, CALLE, DE;6;0703530002;-3.6889694870;40.4187526910
441552.5029010000;4473335.2063240000;2014-06-05;1900-01-08;3;Retiro;35;5;Los Jerónimos;ALFONSO XII, CALLE, DE;62;0703530030;-3.6888404570;40.4085820020
441579.5998530000;4473348.4275120000;2014-06-05;1900-01-08;3;Retiro;35;5;Los Jerónimos;ALFONSO XII, CALLE, DE;7;0703530029;-3.6885223510;40.4087031250
441545.7044640000;4473628.5376290000;2014-06-04;1900-01-08;3;Retiro;35;5;Los Jerónimos;ALFONSO XII, CALLE, DE;S/N;0703530026;-3.6889475430;40.4112243690
442107.6399060000;4473232.8019630000;2014-06-05;1900-01-08;3;Retiro;35;5;Los Jerónimos;ANDRES TORREJON, CALLE, DE;17;0703530035;-3.6822890290;40.4076988450
441482.0618930000;4474237.9261160000;2014-06-04;1900-01-08;3;Retiro;35;5;Los Jerónimos;ANTONIO MAURA, CALLE, DE;11;0703530010;-3.6897535800;40.4167096380
441291.4452050000;4474201.4688350000;2014-06-04;1900-01-08;3;Retiro;35;5;Los Jerónimos;ANTONIO MAURA, CALLE, DE;2;0703530011;-3.6919969390;40.4163674670
441390.1909260000;4474231.2164390000;2014-06-04;1900-01-08;3;Retiro;35;5;Los Jerónimos;ANTONIO MAURA, CALLE, DE;7;0703530009;-3.6908358400;40.4166426590
441433.8720970000;4473926.2050430000;2014-06-04;1900-01-08;3;Retiro;35;5;Los Jerónimos;CASADO DEL ALISAL, CALLE, DE;10;0703530020;-3.6902929630;40.4138978470
441507.8577400000;4473371.5934200000;2014-06-05;1900-01-08;3;Retiro;35;5;Los Jerónimos;DOCTOR VELASCO, CALLE, DEL;12;0703530028;-3.6893699280;40.4089072700
441534.4629650000;4473788.5510200000;2014-06-04;1900-01-08;3;Retiro;35;5;Los Jerónimos;ESPALTER, CALLE, DE;12;0703530024;-3.6890947360;40.4126652430
441426.4736110000;4473794.7528750000;2014-06-04;1900-01-08;3;Retiro;35;5;Los Jerónimos;ESPALTER, CALLE, DE;FRENTE 7;0703530023;-3.6903680200;40.4127135440
441290.9540513630;4474080.1889753000;2014-06-04;1900-01-08;3;Retiro;35;5;Los Jerónimos;FELIPE IV, CALLE, DE;3;0703530016;-3.6919915530;40.4152748370
441414.7790750000;4474310.8716720000;2014-06-04;1900-01-08;3;Retiro;35;5;Los Jerónimos;JUAN DE MENA, CALLE, DE;17;0703530006;-3.6905533720;40.4173619500
441336.8942390000;4474303.9893590000;2014-06-04;1900-01-08;3;Retiro;35;5;Los Jerónimos;JUAN DE MENA, CALLE, DE;9;0703530008;-3.6914706770;40.4172946850
441985.1347450000;4473276.5046470000;2014-06-05;1900-01-08;3;Retiro;35;5;Los Jerónimos;JUAN VALERA, CALLE, DE;21;0703530032;-3.6837366640;40.4080838150
441996.8332053980;4473201.1449249000;2014-06-05;1900-01-08;3;Retiro;35;5;Los Jerónimos;JULIAN GAYARRE, CALLE, DE;16;0703530034;-3.6835919350;40.4074056630
441229.6447050000;4474273.4251220000;2014-06-04;1900-01-08;3;Retiro;35;5;Los Jerónimos;LEALTAD, PLAZA, DE LA;1;0703530007;-3.6927319870;40.4170114150
441204.7605029760;4474157.0922011000;2014-06-04;1900-01-08;3;Retiro;35;5;Los Jerónimos;LEALTAD, PLAZA, DE LA;S/N;0703530012;-3.6930145120;40.4159621000
441889.8147170000;4473244.6739520000;2014-06-05;1900-01-08;3;Retiro;35;5;Los Jerónimos;LUIS CAMOENS, CALLE, DE;17;0703530033;-3.6848571400;40.4077902890
442378.0585180000;4473241.6858970000;2014-06-05;1900-01-08;3;Retiro;35;5;Los Jerónimos;MARIANO DE CAVIA, PLAZA, DE;1;0703530038;-3.6791030400;40.4077973940
441427.9649440000;4474110.9330800000;2014-06-04;1900-01-08;3;Retiro;35;5;Los Jerónimos;MENDEZ NUÑEZ, CALLE, DE;4;0703530017;-3.6903795370;40.4155617170
441414.1961250780;4474167.2947405600;2014-06-04;1900-01-08;3;Retiro;35;5;Los Jerónimos;MENDEZ NUÑEZ, CALLE, DE;7;0703530014;-3.6905470120;40.4160686700
442500.8821570000;4474032.2761420000;2014-06-05;1900-01-08;3;Retiro;35;5;Los Jerónimos;MENENDEZ PELAYO, AVENIDA, DE;63;0703530044;-3.6777270810;40.4149278540
442332.3071350000;4474665.7590990000;2014-06-05;1900-01-08;3;Retiro;35;5;Los Jerónimos;MENENDEZ PELAYO, AVENIDA, DE;S/N;0703530039;-3.6797712800;40.4206227680
442352.8384080000;4474589.1417910000;2014-06-05;1900-01-08;3;Retiro;35;5;Los Jerónimos;MENENDEZ PELAYO, AVENIDA, DE;S/N;0703530040;-3.6795223870;40.4199342440
442378.5068342590;4474493.0784808800;2014-06-05;1900-01-08;3;Retiro;35;5;Los Jerónimos;MENENDEZ PELAYO, AVENIDA, DE;S/N;0703530041;-3.6792110990;40.4190706250
442417.2198418300;4474348.2058036600;2014-06-05;1900-01-08;3;Retiro;35;5;Los Jerónimos;MENENDEZ PELAYO, AVENIDA, DE;S/N;0703530042;-3.6787416750;40.4177684060
442462.6924473090;4474177.2366428700;2014-06-05;1900-01-08;3;Retiro;35;5;Los Jerónimos;MENENDEZ PELAYO, AVENIDA, DE;S/N;0703530043;-3.6781902610;40.4162308170
442535.1963726800;4473902.3220774300;2014-06-05;1900-01-08;3;Retiro;35;5;Los Jerónimos;MENENDEZ PELAYO, AVENIDA, DE;S/N;0703530045;-3.6773109420;40.4137598220
442561.6118155550;4473802.1096455500;2014-06-05;1900-01-08;3;Retiro;35;5;Los Jerónimos;MENENDEZ PELAYO, AVENIDA, DE;S/N;0703530046;-3.6769904870;40.4128584450
442583.5539430000;4473707.1538890000;2014-06-05;1900-01-08;3;Retiro;35;5;Los Jerónimos;MENENDEZ PELAYO, AVENIDA, DE;S/N;0703530047;-3.6767232590;40.4120045080
442544.5030200350;4473505.9414566900;2014-06-05;1900-01-08;3;Retiro;35;5;Los Jerónimos;MENENDEZ PELAYO, AVENIDA, DE;S/N;0703530048;-3.6771653540;40.4101893780
442474.9417219580;4473376.5844855300;2014-06-05;1900-01-08;3;Retiro;35;5;Los Jerónimos;MENENDEZ PELAYO, AVENIDA, DE;S/N;0703530049;-3.6779735110;40.4090194550
441426.0201850000;4474397.4741040000;2014-06-04;1900-01-08;3;Retiro;35;5;Los Jerónimos;MONTALBAN, CALLE, DE;7;0703530004;-3.6904288680;40.4181424330
441415.8061920000;4474025.5924050000;2014-06-04;1900-01-08;3;Retiro;35;5;Los Jerónimos;MORETO, CALLE, DE;2;0703530018;-3.6905150410;40.4147921200
442219.6656620000;4474745.3320480000;2014-06-03;1900-01-08;3;Retiro;35;5;Los Jerónimos;O'DONNELL, CALLE, DE;3;0703530050;-3.6811062720;40.4213319170
442344.9087130000;4473301.7914250000;2014-06-05;1900-01-08;3;Retiro;35;5;Los Jerónimos;POETA ESTEBAN DE VILLEGAS, CALLE, DEL;14;0703530037;-3.6794991250;40.4083363750
442229.1974154490;4473324.4264214100;2014-06-05;1900-01-08;3;Retiro;35;5;Los Jerónimos;POETA ESTEBAN DE VILLEGAS, CALLE, DEL;S/N;0703530036;-3.6808648270;40.4085323270
441338.0617280000;4474134.9630740000;2014-06-04;1900-01-08;3;Retiro;35;5;Los Jerónimos;RUIZ DE ALARCON, CALLE, DE;15;0703530015;-3.6914413420;40.4157718780
441343.3696880000;4473863.9201150000;2014-06-04;1900-01-08;3;Retiro;35;5;Los Jerónimos;RUIZ DE ALARCON, CALLE, DE;25;0703530022;-3.6913537940;40.4133309060
441488.5920210000;4474467.1528020000;2014-06-04;1900-01-08;3;Retiro;35;5;Los Jerónimos;VALENZUELA, CALLE, DE;8;0703530003;-3.6896977170;40.4187748640
443111.4501789510;4474210.8534328000;2014-06-09;1900-01-08;3;Retiro;36;6;Niño Jesús;ALCALDE SAINZ DE BARANDA, CALLE, DEL;58;0703630005;-3.6705468320;40.4165782590
442579.9056642660;4473517.8260720700;2014-06-10;1900-01-08;3;Retiro;36;6;Niño Jesús;AMADO NERVO, CALLE, DE;1;0703630031;-3.6767492140;40.4102987560
442801.0953330000;4473391.4697520000;2014-06-11;1900-01-08;3;Retiro;36;6;Niño Jesús;AMADO NERVO, CALLE, DE;13 B;0703630048;-3.6741311410;40.4091758730
442709.2806642660;4473445.2010720700;2014-06-10;1900-01-08;3;Retiro;36;6;Niño Jesús;AMADO NERVO, CALLE, DE;9;0703630046;-3.6752179270;40.4096535480
443028.0335190000;4474159.6063260000;2014-06-09;1900-01-08;3;Retiro;36;6;Niño Jesús;ANTONIO ARIAS, CALLE, DE;17;0703630004;-3.6715254440;40.4161115840
442835.1192690000;4473483.5159450000;2014-06-11;1900-01-08;3;Retiro;36;6;Niño Jesús;ANTONIO BIENVENIDA, CALLE, DE;1;0703630047;-3.6737384360;40.4100072920
442708.0257260000;4473747.4627750000;2014-06-10;1900-01-08;3;Retiro;36;6;Niño Jesús;ANUNCIACION, CALLE, DE LA;12;0703630023;-3.6752599250;40.4123761290
443090.8528080000;4473472.5603480000;2014-06-10;1900-01-08;3;Retiro;36;6;Niño Jesús;ARIAS MONTANO, CALLE, DE;11;0703630041;-3.6707235890;40.4099265620
442527.5446710000;4473416.1861830000;2014-06-10;1900-01-08;3;Retiro;36;6;Niño Jesús;CONDE DE CARTAGENA, CALLE, DEL;1;0703630043;-3.6773572370;40.4093796740
442767.0191110000;4473281.2689550000;2014-06-11;1900-01-08;3;Retiro;36;6;Niño Jesús;CONDE DE CARTAGENA, CALLE, DEL;17;0703630056;-3.6745228150;40.4081804730
442856.2820540000;4473211.6438590000;2014-06-11;1900-01-08;3;Retiro;36;6;Niño Jesús;CONDE DE CARTAGENA, CALLE, DEL;18;0703630059;-3.6734646770;40.4075596160
442921.7972910000;4473181.6744990000;2014-06-11;1900-01-08;3;Retiro;36;6;Niño Jesús;CONDE DE CARTAGENA, CALLE, DEL;39;0703630057;-3.6726898080;40.4072945090
442950.6084785820;4474171.2502144200;2014-06-09;1900-01-08;3;Retiro;36;6;Niño Jesús;DOCE DE OCTUBRE, CALLE, DEL;36;0703630003;-3.6724390250;40.4162105910
443146.3423720000;4473547.5645900000;2014-06-10;1900-01-08;3;Retiro;36;6;Niño Jesús;DOCTOR ESQUERDO, CALLE, DEL;100;0703630042;-3.6700763190;40.4106056890
443137.0424250000;4473425.9918600000;2014-06-11;1900-01-08;3;Retiro;36;6;Niño Jesús;DOCTOR ESQUERDO, CALLE, DEL;108;0703630051;-3.6701751540;40.4095098500
443125.1294900000;4473262.5993550000;2014-06-11;1900-01-08;3;Retiro;36;6;Niño Jesús;DOCTOR ESQUERDO, CALLE, DEL;118;0703630054;-3.6703008610;40.4080372340
443185.0709330000;4474107.4302000000;2014-06-09;1900-01-08;3;Retiro;36;6;Niño Jesús;DOCTOR ESQUERDO, CALLE, DEL;62;0703630017;-3.6696699200;40.4156519000
443100.5710600000;4473899.9982840000;2014-06-09;1900-01-08;3;Retiro;36;6;Niño Jesús;DOCTOR ESQUERDO, CALLE, DEL;64;0703630019;-3.6706473280;40.4137774690
443107.4430380000;4473967.6999890000;2014-06-09;1900-01-08;3;Retiro;36;6;Niño Jesús;DOCTOR ESQUERDO, CALLE, DEL;66;0703630018;-3.6705723280;40.4143874970
443169.7998720000;4473887.0178810000;2014-06-09;1900-01-08;3;Retiro;36;6;Niño Jesús;DOCTOR ESQUERDO, CALLE, DEL;70;0703630020;-3.6698302910;40.4136655700
443158.7879250000;4473727.0718600000;2014-06-10;1900-01-08;3;Retiro;36;6;Niño Jesús;DOCTOR ESQUERDO, CALLE, DEL;82;0703630029;-3.6699457420;40.4122234930
442958.5306642660;4474027.4510720700;2014-06-09;1900-01-08;3;Retiro;36;6;Niño Jesús;DOCTOR LAGUNA, PLAZA, DEL;9;0703630016;-3.6723327980;40.4149157070
442830.9056642660;4474050.7010720700;2014-06-09;1900-01-08;3;Retiro;36;6;Niño Jesús;DOCTOR LAGUNA, PLAZA, DEL;S/N;0703630014;-3.6738390470;40.4151167000
442937.1556642660;4474046.8260720700;2014-06-09;1900-01-08;3;Retiro;36;6;Niño Jesús;DOCTOR LAGUNA, PLAZA, DEL;S/N;0703630015;-3.6725864470;40.4150893130
442923.3302656670;4473593.1214453400;2014-06-10;1900-01-08;3;Retiro;36;6;Niño Jesús;FUENTIDUEÑAS, GLORIETA, DE;8;0703630038;-3.6727086590;40.4110010870
443047.2417450000;4473574.8851400000;2014-06-10;1900-01-08;3;Retiro;36;6;Niño Jesús;JESUS APRENDIZ, CALLE, DE;10 B;0703630039;-3.6712467000;40.4108450140
443092.5913150000;4473799.1015250000;2014-06-10;1900-01-08;3;Retiro;36;6;Niño Jesús;JESUS APRENDIZ, CALLE, DE;2;0703630028;-3.6707322980;40.4128677270
443055.0905730000;4473388.9195990000;2014-06-11;1900-01-08;3;Retiro;36;6;Niño Jesús;JESUS APRENDIZ, CALLE, DE;21;0703630050;-3.6711375510;40.4091707740
443081.1021340000;4473325.8458150000;2014-06-11;1900-01-08;3;Retiro;36;6;Niño Jesús;JESUS APRENDIZ, CALLE, DE;23;0703630052;-3.6708254040;40.4086040040
442721.7806642660;4473196.0760720700;2014-06-11;1900-01-08;3;Retiro;36;6;Niño Jesús;JUAN DE URBIETA, CALLE, DE;48;0703630065;-3.6750482750;40.4074104750
442846.1480360000;4473407.2807010000;2014-06-11;1900-01-08;3;Retiro;36;6;Niño Jesús;JUAN DE URBIETA, CALLE, DE;FRENTE 70;0703630049;-3.6736016130;40.4093214040
442648.9309190000;4473246.7884060000;2014-06-11;1900-01-08;3;Retiro;36;6;Niño Jesús;JULIO REY PASTOR, CALLE, DE;4;0703630062;-3.6759113780;40.4078620810
443008.2123880000;4473491.3962550000;2014-06-10;1900-01-08;3;Retiro;36;6;Niño Jesús;MARTIN SARMIENTO, CALLE, DE;6;0703630040;-3.6716992790;40.4100899700
442617.6490420000;4473199.3555600000;2014-06-11;1900-01-08;3;Retiro;36;6;Niño Jesús;MEDITERRANEO, AVENIDA, DEL;11;0703630064;-3.6762757220;40.4074326490
442801.9400990000;4473171.8139080000;2014-06-11;1900-01-08;3;Retiro;36;6;Niño Jesús;MEDITERRANEO, AVENIDA, DEL;25;0703630066;-3.6741014050;40.4071969910
442467.1942540000;4473216.3649850000;2014-06-11;1900-01-08;3;Retiro;36;6;Niño Jesús;MEDITERRANEO, AVENIDA, DEL;3;0703630063;-3.6780502870;40.4075754870
442560.5034752940;4473911.0964378200;2014-06-09;1900-01-08;3;Retiro;36;6;Niño Jesús;MENENDEZ PELAYO, AVENIDA, DE;65;0703630007;-3.6770134050;40.4138403220
442612.6583400000;4473707.7546460000;2014-06-09;1900-01-08;3;Retiro;36;6;Niño Jesús;MENENDEZ PELAYO, AVENIDA, DE;67;0703630021;-3.6763804010;40.4120120140
442464.2944550000;4473304.9957990000;2014-06-11;1900-01-08;3;Retiro;36;6;Niño Jesús;MENENDEZ PELAYO, AVENIDA, DE;89;0703630060;-3.6780925140;40.4083734460
442527.6688950780;4474035.0920044600;2014-06-09;1900-01-08;3;Retiro;36;6;Niño Jesús;MENENDEZ PELAYO, AVENIDA, DE;S/N;0703630006;-3.6774116110;40.4149551840
443112.4038010000;4473623.4172970000;2014-06-10;1900-01-08;3;Retiro;36;6;Niño Jesús;NAZARET, AVENIDA, DE;10;0703630037;-3.6704831190;40.4112867070
442778.1088750000;4473586.5939470000;2014-06-10;1900-01-08;3;Retiro;36;6;Niño Jesús;NAZARET, AVENIDA, DE;2;0703630025;-3.6744195680;40.4109319890
442771.7495166540;4473560.8361169100;2014-06-10;1900-01-08;3;Retiro;36;6;Niño Jesús;NAZARET, AVENIDA, DE;2;0703630033;-3.6744921620;40.4107000550
442829.1864250000;4473623.9263750000;2014-06-10;1900-01-08;3;Retiro;36;6;Niño Jesús;NAZARET, AVENIDA, DE;4;0703630034;-3.6738209990;40.4112719240
442925.3766954190;4473635.9074894800;2014-06-10;1900-01-08;3;Retiro;36;6;Niño Jesús;NAZARET, AVENIDA, DE;4;0703630035;-3.6726884330;40.4113862300
443003.3166885220;4473630.2746581200;2014-06-10;1900-01-08;3;Retiro;36;6;Niño Jesús;NAZARET, AVENIDA, DE;8;0703630036;-3.6717694090;40.4113414820
443069.8108940000;4473650.2287680000;2014-06-10;1900-01-08;3;Retiro;36;6;Niño Jesús;NAZARET, AVENIDA, DE;9 A;0703630030;-3.6709874930;40.4115252860
442677.8203970000;4473622.0597540000;2014-06-10;1900-01-08;3;Retiro;36;6;Niño Jesús;NIÑO JESUS, PLAZA, DEL;3;0703630022;-3.6756047310;40.4112450530
442754.6965510000;4474135.5530010000;2014-06-05;1900-01-08;3;Retiro;36;6;Niño Jesús;PIO BAROJA, CALLE, DE;1;0703630002;-3.6747448930;40.4158758120
442696.6514880000;4473827.9697780000;2014-06-09;1900-01-08;3;Retiro;36;6;Niño Jesús;PIO BAROJA, CALLE, DE;10;0703630009;-3.6754013880;40.4131010920
442620.2961810000;4473833.0601310000;2014-06-09;1900-01-08;3;Retiro;36;6;Niño Jesús;PIO BAROJA, CALLE, DE;15;0703630008;-3.6763016770;40.4131415430
442803.5306642660;4473981.0760720700;2014-06-09;1900-01-08;3;Retiro;36;6;Niño Jesús;PIO BAROJA, CALLE, DE;4;0703630011;-3.6741554920;40.4144877650
442817.8222930000;4473996.4048590000;2014-06-09;1900-01-08;3;Retiro;36;6;Niño Jesús;PIO BAROJA, CALLE, DE;4;0703630013;-3.6739884170;40.4146269930
442773.1556642660;4473850.2010720700;2014-06-09;1900-01-08;3;Retiro;36;6;Niño Jesús;PIO BAROJA, CALLE, DE;8 B;0703630010;-3.6745016730;40.4133067840
442810.9299300000;4473878.1097620000;2014-06-09;1900-01-08;3;Retiro;36;6;Niño Jesús;PIO BAROJA, CALLE, DE;9;0703630012;-3.6740590060;40.4135607190
442708.5348040000;4473585.5757900000;2014-06-10;1900-01-08;3;Retiro;36;6;Niño Jesús;REYES MAGOS, CALLE, DE LOS;14;0703630032;-3.6752393560;40.4109178940
442757.7155460000;4473664.7197200000;2014-06-10;1900-01-08;3;Retiro;36;6;Niño Jesús;REYES MAGOS, CALLE, DE LOS;8;0703630024;-3.6746669140;40.4116342060
442638.9203300000;4473343.4321650000;2014-06-11;1900-01-08;3;Retiro;36;6;Niño Jesús;REYES MAGOS, CALLE, DE LOS;FRENTE 14;0703630058;-3.6760380020;40.4087318880
442532.1339110000;4473257.1590280000;2014-06-11;1900-01-08;3;Retiro;36;6;Niño Jesús;REYES MAGOS, CALLE, DE LOS;FRENTE 21;0703630061;-3.6772887110;40.4079471650
442606.1556642660;4473379.0760720700;2014-06-10;1900-01-08;3;Retiro;36;6;Niño Jesús;REYES MAGOS, CALLE, DE LOS;S/N;0703630044;-3.6764273840;40.4090509110
442654.1556642660;4473396.0760720700;2014-06-10;1900-01-08;3;Retiro;36;6;Niño Jesús;REYES MAGOS, PLAZA, DE LOS;2;0703630045;-3.6758632500;40.4092072710
442596.2383310000;4474106.3653110000;2014-06-05;1900-01-08;3;Retiro;36;6;Niño Jesús;SAMARIA, CALLE, DE;1;0703630001;-3.6766098710;40.4156022250
442954.4250420000;4473812.1184180000;2014-06-10;1900-01-08;3;Retiro;36;6;Niño Jesús;SAMARIA, CALLE, DE;8 B;0703630027;-3.6723618470;40.4129756140
442877.8999739570;4473679.8205829300;2014-06-10;1900-01-08;3;Retiro;36;6;Niño Jesús;SAMARIA, CALLE, DE;S/N;0703630026;-3.6732518800;40.4117784760
442907.3464230000;4473285.0407010000;2014-06-11;1900-01-08;3;Retiro;36;6;Niño Jesús;VIERA Y CLAVIJO, CALLE, DE;13;0703630053;-3.6728693730;40.4082247630
443008.6725030000;4473224.3470600000;2014-06-11;1900-01-08;3;Retiro;36;6;Niño Jesús;WALIA, CALLE, DE;13;0703630055;-3.6716698860;40.4076844070
442197.2775170000;4474801.3769730000;2014-06-03;1900-01-08;4;Salamanca;41;1;Recoletos;AGUIRRE, CALLE, DE;3;0704130061;-3.6813752180;40.4218353180
442129.9262840000;4474822.2426440000;2014-06-03;1900-01-08;4;Salamanca;41;1;Recoletos;ALCALA, CALLE, DE;111;0704130060;-3.6821709420;40.4220182640
441752.1289400000;4474666.4369220000;2014-06-03;1900-01-08;4;Salamanca;41;1;Recoletos;ALCALA, CALLE, DE;79;0704130065;-3.6866099330;40.4205890780
441868.6709090000;4474697.3649490000;2014-06-03;1900-01-08;4;Salamanca;41;1;Recoletos;ALCALA, CALLE, DE;89;0704130066;-3.6852390740;40.4208759580
442001.0667354090;4474750.5976548100;2014-06-03;1900-01-08;4;Salamanca;41;1;Recoletos;ALCALA, CALLE, DE;97;0704130067;-3.6836833790;40.4213638310
441540.8431390000;4475482.8832710000;2014-06-11;1900-01-08;4;Salamanca;41;1;Recoletos;AYALA, CALLE, DE;2;0704130002;-3.6891752940;40.4279286100
441892.7555760000;4475465.9591700000;2014-05-31;1900-01-08;4;Salamanca;41;1;Recoletos;AYALA, CALLE, DE;25;0704130012;-3.6850254180;40.4278006110
442047.6348690000;4475446.2379870000;2014-05-31;1900-01-08;4;Salamanca;41;1;Recoletos;AYALA, CALLE, DE;48;0704130015;-3.6831979120;40.4276346250
442212.3437080000;4475444.2652000000;2014-05-31;1900-01-08;4;Salamanca;41;1;Recoletos;AYALA, CALLE, DE;49;0704130014;-3.6812560430;40.4276276350
442150.7064060000;4475439.2689340000;2014-05-31;1900-01-08;4;Salamanca;41;1;Recoletos;AYALA, CALLE, DE;56;0704130016;-3.6819822100;40.4275784750
442263.6556642660;4475430.4510720700;2014-05-31;1900-01-08;4;Salamanca;41;1;Recoletos;AYALA, CALLE, DE;66;0704130017;-3.6806499110;40.4275066840
441556.3678400000;4475592.1165890000;2014-06-11;1900-01-08;4;Salamanca;41;1;Recoletos;CASTELLANA, PASEO, DE LA;18;0704130001;-3.6890023180;40.4289142690
441494.2612268740;4475293.3027454900;2014-05-31;2024-09-18;4;Salamanca;41;1;Recoletos;CASTELLANA, PASEO, DE LA;2;0704130004;-3.6897068840;40.4262178720
441515.0726040000;4475394.5329890000;2014-05-31;1900-01-08;4;Salamanca;41;1;Recoletos;CASTELLANA, PASEO, DE LA;6;0704130003;-3.6894708830;40.4271309380
442189.4167870000;4475089.2337130000;2014-06-02;1900-01-08;4;Salamanca;41;1;Recoletos;CASTELLO, CALLE, DE;24;0704130042;-3.6814940500;40.4244277800
442192.9732050000;4475171.8395970000;2014-06-02;1900-01-08;4;Salamanca;41;1;Recoletos;CASTELLO, CALLE, DE;28;0704130033;-3.6814596720;40.4251726250
442208.9377490000;4475376.1013450000;2014-06-02;1900-01-08;4;Salamanca;41;1;Recoletos;CASTELLO, CALLE, DE;48;0704130022;-3.6812900190;40.4270132520
442177.4388140000;4474922.8894710000;2014-06-03;1900-01-08;4;Salamanca;41;1;Recoletos;CASTELLO, CALLE, DE;8;0704130048;-3.6816201000;40.4229289800
441483.5991040000;4474887.5606820000;2014-06-03;2024-08-06;4;Salamanca;41;1;Recoletos;CID, CALLE, DEL;7;0704130051;-3.6897952340;40.4225621150
441718.7476090000;4474801.5644850000;2014-06-03;1900-01-08;4;Salamanca;41;1;Recoletos;CLAUDIO COELLO, CALLE, DE;12;0704130057;-3.6870157590;40.4218035760
441727.9356830000;4474970.8875680000;2014-06-03;1900-01-08;4;Salamanca;41;1;Recoletos;CLAUDIO COELLO, CALLE, DE;25;0704130043;-3.6869229970;40.4233297070
441744.4015815580;4475115.5024516300;2014-06-02;1900-01-08;4;Salamanca;41;1;Recoletos;CLAUDIO COELLO, CALLE, DE;33;0704130038;-3.6867421140;40.4246338160
441754.5319030000;4475204.3107760000;2014-06-02;1900-01-08;4;Salamanca;41;1;Recoletos;CLAUDIO COELLO, CALLE, DE;39;0704130030;-3.6866308460;40.4254341230
441777.7595502060;4475392.6060162700;2014-06-02;1900-01-08;4;Salamanca;41;1;Recoletos;CLAUDIO COELLO, CALLE, DE;53;0704130018;-3.6863742180;40.4271326570
441788.2172100000;4475474.8696380000;2014-05-31;1900-01-08;4;Salamanca;41;1;Recoletos;CLAUDIO COELLO, CALLE, DE;61;0704130011;-3.6862585380;40.4278736630
441809.7249056730;4475554.3276854000;2014-05-31;1900-01-08;4;Salamanca;41;1;Recoletos;CLAUDIO COELLO, CALLE, DE;62;0704130009;-3.6860122800;40.4285910640
441701.4911560000;4474734.8076180000;2014-06-03;1900-01-08;4;Salamanca;41;1;Recoletos;COLUMELA, CALLE, DE;5;0704130062;-3.6872130280;40.4212008820
441822.0665670000;4474796.6891800000;2014-06-03;1900-01-08;4;Salamanca;41;1;Recoletos;CONDE DE ARANDA, CALLE, DEL;17;0704130058;-3.6857974210;40.4217670790
441926.4209090000;4474787.6149490000;2014-06-03;1900-01-08;4;Salamanca;41;1;Recoletos;CONDE DE ARANDA, CALLE, DEL;25;0704130059;-3.6845665360;40.4216929950
442104.2512085140;4475598.7420218200;2025-09-30;1900-01-08;4;Salamanca;41;1;Recoletos;DON RAMON DE LA CRUZ, CALLE, DE;32;0704130007;-3.6825442810;40.4290115570
442223.8203730000;4475589.8913160000;2014-05-31;1900-01-08;4;Salamanca;41;1;Recoletos;DON RAMON DE LA CRUZ, CALLE, DE;FRENTE 58;0704130008;-3.6811340030;40.4289406820
442021.1474900000;4475160.1571150000;2014-06-02;1900-01-08;4;Salamanca;41;1;Recoletos;GOYA, CALLE, DE;20;0704130035;-3.6834840470;40.4250547110
442137.6517900000;4475152.5721150000;2014-06-02;1900-01-08;4;Salamanca;41;1;Recoletos;GOYA, CALLE, DE;28;0704130036;-3.6821099790;40.4249947220
441918.4056642660;4475191.9927387400;2014-06-02;1900-01-08;4;Salamanca;41;1;Recoletos;GOYA, CALLE, DE;29;0704130031;-3.6846979720;40.4253344860
442248.8221900000;4475145.2621150000;2014-06-02;1900-01-08;4;Salamanca;41;1;Recoletos;GOYA, CALLE, DE;38;0704130037;-3.6807988230;40.4249365670
442087.0206260000;4475178.6505530000;2014-06-02;1900-01-08;4;Salamanca;41;1;Recoletos;GOYA, CALLE, DE;45;0704130032;-3.6827091790;40.4252267130
441845.1305080000;4474953.0739540000;2014-06-03;1900-01-08;4;Salamanca;41;1;Recoletos;GURTUBAY, CALLE, DE;1;0704130044;-3.6855398770;40.4231773570
441779.0187520000;4475321.9605300000;2014-06-02;1900-01-08;4;Salamanca;41;1;Recoletos;HERMOSILLA, CALLE, DE;19;0704130023;-3.6863529040;40.4264954130
441985.8536080000;4475294.8605140000;2014-06-02;1900-01-08;4;Salamanca;41;1;Recoletos;HERMOSILLA, CALLE, DE;35;0704130024;-3.6839123330;40.4262658860
442160.4426720360;4475282.7617694200;2014-06-02;1900-01-08;4;Salamanca;41;1;Recoletos;HERMOSILLA, CALLE, DE;48;0704130028;-3.6818531220;40.4261691140
442255.1556642660;4475288.2427387400;2014-06-02;1900-01-08;4;Salamanca;41;1;Recoletos;HERMOSILLA, CALLE, DE;59;0704130025;-3.6807371730;40.4262248620
441943.3866490000;4475014.3902870000;2014-06-03;1900-01-08;4;Salamanca;41;1;Recoletos;JORGE JUAN, CALLE, DE;24;0704130045;-3.6843872570;40.4237364490
441837.0675040000;4474871.8813800000;2014-06-03;1900-01-08;4;Salamanca;41;1;Recoletos;LAGASCA, CALLE, DE;22;0704130049;-3.6856274820;40.4224450030
441814.5607230000;4474728.2447080000;2014-06-03;1900-01-08;4;Salamanca;41;1;Recoletos;LAGASCA, CALLE, DE;3;0704130063;-3.6858796410;40.4211499460
441857.3187700000;4475097.0829550000;2014-06-02;1900-01-08;4;Salamanca;41;1;Recoletos;LAGASCA, CALLE, DE;40;0704130039;-3.6854093570;40.4244756800
441851.6556642660;4475175.1594054000;2014-06-02;1900-01-08;4;Salamanca;41;1;Recoletos;LAGASCA, CALLE, DE;42;0704130034;-3.6854833260;40.4251788710
441866.9944370000;4475315.8757980000;2014-06-02;1900-01-08;4;Salamanca;41;1;Recoletos;LAGASCA, CALLE, DE;43;0704130026;-3.6853153920;40.4264469410
441883.9150460000;4475387.9244880000;2014-06-02;1900-01-08;4;Salamanca;41;1;Recoletos;LAGASCA, CALLE, DE;58;0704130019;-3.6851224770;40.4270971910
441905.9311700000;4475611.9947760000;2014-05-31;1900-01-08;4;Salamanca;41;1;Recoletos;LAGASCA, CALLE, DE;80;0704130006;-3.6848834960;40.4291175540
441554.6033360000;4475326.4381160000;2014-05-31;1900-01-08;4;Salamanca;41;1;Recoletos;MARQUES DE ZURGENA, CALLE, DEL;3;0704130005;-3.6889987080;40.4265207380
441396.9773680000;4474645.3719630000;2014-06-03;1900-01-08;4;Salamanca;41;1;Recoletos;MARQUES DEL DUERO, CALLE, DEL;7;0704130064;-3.6907940140;40.4203739890
442286.1155900000;4474838.0651150000;2014-06-03;1900-01-08;4;Salamanca;41;1;Recoletos;MENENDEZ PELAYO, AVENIDA, DE;4;0704130055;-3.6803314040;40.4221717020
442069.4377991270;4474921.2445825400;2014-06-03;1900-01-08;4;Salamanca;41;1;Recoletos;NUÑEZ DE BALBOA, CALLE, DE;12;0704130047;-3.6828930410;40.4229061760
442081.3180273330;4475082.0417550600;2014-06-02;1900-01-08;4;Salamanca;41;1;Recoletos;NUÑEZ DE BALBOA, CALLE, DE;26;0704130041;-3.6827676200;40.4243555880
442095.4586540000;4475287.2198380000;2014-06-02;1900-01-08;4;Salamanca;41;1;Recoletos;NUÑEZ DE BALBOA, CALLE, DE;36;0704130027;-3.6826196250;40.4262053820
442102.2081430000;4475381.4641000000;2014-06-02;1900-01-08;4;Salamanca;41;1;Recoletos;NUÑEZ DE BALBOA, CALLE, DE;42;0704130021;-3.6825485790;40.4270545630
442097.5770670000;4475452.4263840000;2014-05-31;1900-01-08;4;Salamanca;41;1;Recoletos;NUÑEZ DE BALBOA, CALLE, DE;57;0704130013;-3.6826096560;40.4276936970
442064.7105100000;4474854.9360300000;2014-06-03;1900-01-08;4;Salamanca;41;1;Recoletos;NUÑEZ DE BALBOA, CALLE, DE;6;0704130050;-3.6829427160;40.4223088680
441496.6157090000;4474783.4943000000;2014-06-03;1900-01-08;4;Salamanca;41;1;Recoletos;RECOLETOS, CALLE, DE;16;0704130056;-3.6896322850;40.4216255580
441935.6986690000;4474912.1963990000;2014-06-03;1900-01-08;4;Salamanca;41;1;Recoletos;VELAZQUEZ, CALLE, DE;15;0704130046;-3.6844686170;40.4228159350
441973.2010120000;4475095.7703730000;2014-07-01;1900-01-08;4;Salamanca;41;1;Recoletos;VELAZQUEZ, CALLE, DE;26;0704130068;-3.6840433110;40.4244718410
441950.5120940000;4475113.9590100000;2014-06-02;1900-01-08;4;Salamanca;41;1;Recoletos;VELAZQUEZ, CALLE, DE;29;0704130040;-3.6843123720;40.4246339310
441959.0773890000;4475249.3637720000;2014-06-02;1900-01-08;4;Salamanca;41;1;Recoletos;VELAZQUEZ, CALLE, DE;37;0704130029;-3.6842237930;40.4258545030
441970.7902580000;4475432.4671600000;2014-06-02;1900-01-08;4;Salamanca;41;1;Recoletos;VELAZQUEZ, CALLE, DE;49;0704130020;-3.6841024400;40.4275046780
441986.0911760000;4475596.1869830000;2014-05-31;1900-01-08;4;Salamanca;41;1;Recoletos;VELAZQUEZ, CALLE, DE;59;0704130010;-3.6839369700;40.4289807320
442109.0795744470;4474841.1708304000;2014-06-03;1900-01-08;4;Salamanca;41;1;Recoletos;VILLANUEVA, CALLE, DE;44;0704130054;-3.6824184030;40.4221874010
441709.9063430610;4474871.6909240900;2014-06-03;1900-01-08;4;Salamanca;41;1;Recoletos;VILLANUEVA, CALLE, DE;7;0704130053;-3.6871263390;40.4224345170
441516.5104970000;4474913.7210200000;2014-06-03;1900-01-08;4;Salamanca;41;1;Recoletos;VILLANUEVA, CALLE, DE;FRENTE 4;0704130052;-3.6894096910;40.4227996060
442835.5665340000;4475341.0652900000;2014-07-01;1900-01-08;4;Salamanca;42;2;Goya;ALCANTARA, CALLE, DE;14;0704230023;-3.6739001240;40.4267416700
442834.9697460000;4475481.6893830000;2014-07-01;1900-01-08;4;Salamanca;42;2;Goya;ALCANTARA, CALLE, DE;25;0704230008;-3.6739197770;40.4280078500
442418.8223309330;4474896.8260720700;2014-07-01;1900-01-08;4;Salamanca;42;2;Goya;ANTONIO ACUÑA, CALLE, DE;7;0704230056;-3.6787725000;40.4227104540
442748.3223309330;4475396.4094054000;2014-07-01;1900-01-08;4;Salamanca;42;2;Goya;AYALA, CALLE, DE;106;0704230018;-3.6749335110;40.4272333830
443213.4850140000;4475374.5041500000;2014-07-01;1900-01-08;4;Salamanca;42;2;Goya;AYALA, CALLE, DE;113;0704230014;-3.6694481280;40.4270680840
442899.8720350000;4475384.9908930000;2014-07-01;1900-01-08;4;Salamanca;42;2;Goya;AYALA, CALLE, DE;126;0704230019;-3.6731459970;40.4271417670
443021.0065850000;4475375.8325200000;2014-07-01;1900-01-08;4;Salamanca;42;2;Goya;AYALA, CALLE, DE;146;0704230020;-3.6717172130;40.4270671100
442457.6480540000;4475428.5207700000;2014-07-01;1900-01-08;4;Salamanca;42;2;Goya;AYALA, CALLE, DE;53;0704230011;-3.6783629500;40.4275034180
442384.4272040000;4475421.4868540000;2014-07-01;1900-01-08;4;Salamanca;42;2;Goya;AYALA, CALLE, DE;72;0704230015;-3.6792253660;40.4274347770
442502.3651090000;4475413.2853130000;2014-07-01;1900-01-08;4;Salamanca;42;2;Goya;AYALA, CALLE, DE;84;0704230016;-3.6778344540;40.4273690590
442636.9120030000;4475403.9857490000;2014-07-01;1900-01-08;4;Salamanca;42;2;Goya;AYALA, CALLE, DE;96;0704230017;-3.6762475330;40.4272946890
442574.3653800000;4475565.2881230000;2014-06-03;1900-01-08;4;Salamanca;42;2;Goya;DON RAMON DE LA CRUZ, CALLE, DE;56;0704230002;-3.6769993680;40.4287434130
442721.2158870000;4475552.3731910000;2014-07-01;1900-01-08;4;Salamanca;42;2;Goya;DON RAMON DE LA CRUZ, CALLE, DE;70;0704230003;-3.6752670870;40.4286371290
442841.0070450000;4475545.9744160000;2014-07-01;1900-01-08;4;Salamanca;42;2;Goya;DON RAMON DE LA CRUZ, CALLE, DE;82;0704230004;-3.6738544020;40.4285877400
442980.2044450000;4475533.1903390000;2014-07-01;1900-01-08;4;Salamanca;42;2;Goya;DON RAMON DE LA CRUZ, CALLE, DE;90;0704230005;-3.6722123630;40.4284823730
443120.8850940000;4475524.6822270000;2014-07-01;1900-01-08;4;Salamanca;42;2;Goya;DON RAMON DE LA CRUZ, CALLE, DE;98;0704230006;-3.6705532490;40.4284153370
442421.2752520000;4475574.1897540000;2014-06-03;1900-01-08;4;Salamanca;42;2;Goya;DON RAMON DE LA CRUZ, CALLE, DE;FRENTE 53;0704230001;-3.6788048720;40.4288130270
442921.5657290000;4474858.0129000000;2014-07-01;1900-01-08;4;Salamanca;42;2;Goya;DUQUE DE SESTO, CALLE, DEL;43;0704230059;-3.6728430170;40.4223955560
442787.2734310000;4474852.0682150000;2014-07-01;1900-01-08;4;Salamanca;42;2;Goya;DUQUE DE SESTO, CALLE, DEL;44;0704230058;-3.6744254120;40.4223324740
443156.7806642660;4474828.4510720700;2014-07-01;1900-01-08;4;Salamanca;42;2;Goya;DUQUE DE SESTO, CALLE, DEL;62;0704230061;-3.6700678390;40.4221449450
442554.0020830000;4474883.8010550000;2014-07-01;1900-01-08;4;Salamanca;42;2;Goya;DUQUE DE SESTO, CALLE, DEL;FRENTE 20;0704230057;-3.6771779010;40.4226023370
442340.5113160000;4475070.5321020000;2014-07-01;1900-01-08;4;Salamanca;42;2;Goya;ENRIQUE RUANO, PASAJE, DE;2;0704230041;-3.6797113490;40.4242698160
442499.5429140000;4475124.0703870000;2014-07-01;1900-01-08;4;Salamanca;42;2;Goya;FRANCISCA MORENO, CALLE, DE;8;0704230043;-3.6778415010;40.4247631900
443090.2977890000;4475257.8533890000;2014-07-01;1900-01-08;4;Salamanca;42;2;Goya;FUENTE DEL BERRO, CALLE, DE LA;12;0704230025;-3.6708899190;40.4260089720
443086.0559020000;4475008.6526570000;2014-07-01;1900-01-08;4;Salamanca;42;2;Goya;FUENTE DEL BERRO, CALLE, DE LA;35;0704230045;-3.6709175350;40.4237642950
442550.0448210000;4475210.4729980000;2014-07-01;1900-01-08;4;Salamanca;42;2;Goya;GENERAL DIAZ PORLIER, CALLE, DEL;13;0704230032;-3.6772539900;40.4255455060
442560.7347180000;4475353.5306640000;2014-07-01;1900-01-08;4;Salamanca;42;2;Goya;GENERAL DIAZ PORLIER, CALLE, DEL;25;0704230022;-3.6771409460;40.4268346610
442564.2962530000;4475407.5472840000;2014-07-01;1900-01-08;4;Salamanca;42;2;Goya;GENERAL DIAZ PORLIER, CALLE, DEL;27;0704230012;-3.6771038180;40.4273213320
442571.8091586700;4475506.5209260200;2014-07-01;1900-01-08;4;Salamanca;42;2;Goya;GENERAL DIAZ PORLIER, CALLE, DEL;39;0704230007;-3.6770242340;40.4282134840
442542.2389975990;4475125.9094054000;2014-07-01;1900-01-08;4;Salamanca;42;2;Goya;GENERAL DIAZ PORLIER, CALLE, DEL;5;0704230044;-3.6773383870;40.4247830140
442424.6699990000;4475133.5786790000;2014-07-01;1900-01-08;4;Salamanca;42;2;Goya;GENERAL PARDIÑAS, CALLE, DEL;11;0704230039;-3.6787250020;40.4248436900
442441.0436730000;4475204.5213800000;2014-07-01;1900-01-08;4;Salamanca;42;2;Goya;GENERAL PARDIÑAS, CALLE, DEL;22;0704230031;-3.6785383900;40.4254838560
442451.7112860000;4475357.8894560000;2014-07-01;1900-01-08;4;Salamanca;42;2;Goya;GENERAL PARDIÑAS, CALLE, DEL;34;0704230021;-3.6784264910;40.4268660020
442430.6014760000;4475058.1184270000;2014-07-01;1900-01-08;4;Salamanca;42;2;Goya;GENERAL PARDIÑAS, CALLE, DEL;8;0704230042;-3.6786482260;40.4241642200
443109.9973340000;4475084.4342170000;2014-07-01;1900-01-08;4;Salamanca;42;2;Goya;GOYA, CALLE, DE;104;0704230040;-3.6706421720;40.4244480060
443187.7575240000;4475101.2525780000;2014-07-01;1900-01-08;4;Salamanca;42;2;Goya;GOYA, CALLE, DE;135;0704230038;-3.6697269860;40.4246048820
442376.3254530000;4475159.6306510000;2014-07-01;1900-01-08;4;Salamanca;42;2;Goya;GOYA, CALLE, DE;71;0704230035;-3.6792972720;40.4250753370
442507.1556642660;4475150.7427387400;2014-07-01;1900-01-08;4;Salamanca;42;2;Goya;GOYA, CALLE, DE;83;0704230036;-3.6777542400;40.4250045200
442818.9407450000;4475126.5790520000;2014-07-01;1900-01-08;4;Salamanca;42;2;Goya;GOYA, CALLE, DE;99;0704230037;-3.6740768820;40.4248078230
443031.9781690000;4475231.0063430000;2014-07-01;1900-01-08;4;Salamanca;42;2;Goya;HERMOSILLA, CALLE, DE;117;0704230009;-3.6715748900;40.4257628290
443224.0723309330;4475215.1594054000;2014-07-01;1900-01-08;4;Salamanca;42;2;Goya;HERMOSILLA, CALLE, DE;135;0704230028;-3.6693091280;40.4256337990
442446.0591800000;4475262.0851400000;2014-07-01;1900-01-08;4;Salamanca;42;2;Goya;HERMOSILLA, CALLE, DE;72;0704230026;-3.6784844740;40.4260030130
442548.6556642660;4475267.4927387400;2014-07-01;1900-01-08;4;Salamanca;42;2;Goya;HERMOSILLA, CALLE, DE;83;0704230027;-3.6772755330;40.4260588770
442761.4056642660;4475239.3260720700;2023-07-13;1900-01-08;4;Salamanca;42;2;Goya;HERMOSILLA, CALLE, DE;92;0704230029;-3.6747651760;40.4258193800
442756.1556642660;4475239.5760720700;2014-07-01;2023-07-13;4;Salamanca;42;2;Goya;HERMOSILLA, CALLE, DE;92;0704230029;-3.6748270560;40.4258217290
443165.7806642660;4475126.8260720700;2014-07-01;1900-01-08;4;Salamanca;42;2;Goya;JARDIN DE SAN FEDERICO, CALLE, DEL;10;0704230034;-3.6699883700;40.4248342940
443093.0306642660;4475135.2010720700;2014-07-01;1900-01-08;4;Salamanca;42;2;Goya;JARDIN DE SAN FEDERICO, CALLE, DEL;2;0704230033;-3.6708466600;40.4249044810
442896.7009350000;4474946.9193770000;2014-07-01;1900-01-08;4;Salamanca;42;2;Goya;JORGE JUAN, CALLE, DE;100;0704230051;-3.6731440490;40.4231952330
443146.5477890000;4474945.9783890000;2014-07-01;1900-01-08;4;Salamanca;42;2;Goya;JORGE JUAN, CALLE, DE;127;0704230053;-3.6701989890;40.4232034840
442366.9056642660;4474995.5760720700;2014-07-01;1900-01-08;4;Salamanca;42;2;Goya;JORGE JUAN, CALLE, DE;55;0704230047;-3.6793934150;40.4235963610
442509.6807530000;4474985.8984030000;2014-07-01;1900-01-08;4;Salamanca;42;2;Goya;JORGE JUAN, CALLE, DE;65;0704230048;-3.6777095490;40.4235192980
442606.8174289720;4474978.8271695300;2014-07-01;1900-01-08;4;Salamanca;42;2;Goya;JORGE JUAN, CALLE, DE;73;0704230049;-3.6765639200;40.4234626330
442746.8867490000;4474957.0260340000;2014-07-01;1900-01-08;4;Salamanca;42;2;Goya;JORGE JUAN, CALLE, DE;84;0704230050;-3.6749108790;40.4232759630
442977.4227890000;4474952.8533890000;2014-07-01;1900-01-08;4;Salamanca;42;2;Goya;JORGE JUAN, CALLE, DE;99;0704230052;-3.6721931110;40.4232535610
442954.2790910000;4475179.4084940000;2014-07-01;1900-01-08;4;Salamanca;42;2;Goya;LOMBIA, CALLE, DE;3;0704230030;-3.6724861790;40.4252930040
443059.9056642660;4474816.5760720700;2014-07-01;1900-01-08;4;Salamanca;42;2;Goya;MAESTRO VIVES, CALLE, DEL;2;0704230060;-3.6712085980;40.4220316710
443101.4056642660;4475402.7010720700;2014-07-01;1900-01-08;4;Salamanca;42;2;Goya;MARTIRES CONCEPCIONISTAS, CALLE, DE LAS;1;0704230010;-3.6707718890;40.4273150870
442310.6295760000;4474845.4214070000;2014-07-01;1900-01-08;4;Salamanca;42;2;Goya;MENENDEZ PELAYO, AVENIDA, DE;5;0704230055;-3.6800430910;40.4222401700
442970.3112910000;4475393.3011420000;2014-07-01;1900-01-08;4;Salamanca;42;2;Goya;MONTESA, CALLE, DE;10;0704230013;-3.6723164120;40.4272215230
442961.0117260000;4475312.1772800000;2014-07-01;1900-01-08;4;Salamanca;42;2;Goya;MONTESA, CALLE, DE;2;0704230024;-3.6724187420;40.4264894540
442671.7306150000;4474877.6672990000;2014-07-01;1900-01-08;4;Salamanca;42;2;Goya;NARVAEZ, CALLE, DE;17;0704230054;-3.6757896820;40.4225558130
443191.0544757460;4475001.3546896600;2014-07-01;1900-01-08;4;Salamanca;42;2;Goya;POVEDILLA, CALLE, DE;8;0704230046;-3.6696792020;40.4237057390
443954.9889975990;4474759.4927387400;2022-06-27;1900-01-08;4;Salamanca;43;3;Fuente del Berro;ALCALDE SAINZ DE BARANDA, CALLE, DEL;S/N;0704330052;-3.6606531110;40.4215786330
443809.6808330000;4475635.2486750000;2014-07-01;1900-01-08;4;Salamanca;43;3;Fuente del Berro;ALEJANDRO GONZALEZ, CALLE, DE;11;0704330003;-3.6624432600;40.4294581780
443738.0845418470;4475672.7420218200;2026-02-17;1900-01-08;4;Salamanca;43;3;Fuente del Berro;ALEJANDRO GONZALEZ, CALLE, DE;5;0704330002;-3.6632905500;40.4297907800
443783.1206950000;4475702.1888610000;2014-07-01;1900-01-08;4;Salamanca;43;3;Fuente del Berro;ALMERIA, CALLE, DE;6;0704330001;-3.6627622830;40.4300593820
443714.8796780000;4474982.6872120000;2014-07-01;1900-01-08;4;Salamanca;43;3;Fuente del Berro;AMBROS, CALLE, DE;24;0704330038;-3.6635030030;40.4235726980
443754.3776152970;4475089.7370824500;2014-07-01;1900-01-08;4;Salamanca;43;3;Fuente del Berro;AMBROS, CALLE, DE;6;0704330035;-3.6630469290;40.4245395640
443835.6999473030;4475593.9069061900;2014-07-01;1900-01-08;4;Salamanca;43;3;Fuente del Berro;AMERICA ESPAÑOLA, PLAZA, DE;2;0704330006;-3.6621328320;40.4290873020
443428.1556642660;4475191.7010720700;2014-07-01;1900-01-08;4;Salamanca;43;3;Fuente del Berro;ANTONIO TOLEDANO, CALLE, DE;16;0704330031;-3.6669013880;40.4254360140
443432.6512180000;4475034.0800000000;2014-07-01;1900-01-08;4;Salamanca;43;3;Fuente del Berro;ANTONIO TOLEDANO, CALLE, DE;23;0704330037;-3.6668342940;40.4240161670
443439.1753837760;4475107.0933508600;2014-07-01;1900-01-08;4;Salamanca;43;3;Fuente del Berro;ANTONIO TOLEDANO, CALLE, DE;26;0704330033;-3.6667639350;40.4246749540
443746.4115610000;4475567.6606810000;2014-07-01;1900-01-08;4;Salamanca;43;3;Fuente del Berro;BOCANGEL, CALLE, DE;11;0704330008;-3.6631830630;40.4288445970
443774.6991880000;4475427.0862910000;2014-07-01;1900-01-08;4;Salamanca;43;3;Fuente del Berro;BOCANGEL, CALLE, DE;26;0704330012;-3.6628371690;40.4275803090
443769.3093740000;4475250.0351300000;2014-07-01;1900-01-08;4;Salamanca;43;3;Fuente del Berro;BOCANGEL, CALLE, DE;38;0704330020;-3.6628850680;40.4259845070
443690.3188080020;4475640.0472480900;2014-07-01;1900-01-08;4;Salamanca;43;3;Fuente del Berro;BOCANGEL, CALLE, DE;7;0704330005;-3.6638506740;40.4294932430
443513.0519920000;4475310.4082270000;2014-07-01;1900-01-08;4;Salamanca;43;3;Fuente del Berro;CONCEPCION BAHAMONDE, CALLE, DE;11;0704330016;-3.6659111450;40.4265114560
443528.9050300000;4474761.1379200000;2014-07-01;1900-01-08;4;Salamanca;43;3;Fuente del Berro;CONDES DE TORREANAZ, CALLE, DE LOS;26;0704330050;-3.6656754300;40.4215641370
443309.2272534720;4474785.8219491300;2014-07-01;1900-01-08;4;Salamanca;43;3;Fuente del Berro;CONDES DE TORREANAZ, CALLE, DE LOS;3;0704330049;-3.6682670900;40.4217713190
443287.3296940000;4475050.7213990000;2014-07-01;1900-01-08;4;Salamanca;43;3;Fuente del Berro;DOCTOR ESQUERDO, CALLE, DEL;39;0704330036;-3.6685488130;40.4241565420
443278.2603780000;4474920.2960040000;2014-07-01;1900-01-08;4;Salamanca;43;3;Fuente del Berro;DOCTOR ESQUERDO, CALLE, DEL;47;0704330041;-3.6686440960;40.4229814060
443571.7856190000;4474811.3174020000;2014-07-01;1900-01-08;4;Salamanca;43;3;Fuente del Berro;ELVIRA, CALLE, DE;17;0704330048;-3.6651744930;40.4220195240
443749.5736481500;4474868.2896936400;2014-07-01;1900-01-08;4;Salamanca;43;3;Fuente del Berro;ENRIQUE D'ALMONTE, CALLE, DE;2;0704330046;-3.6630839420;40.4225442390
443363.3041553500;4475102.6172243300;2014-07-01;1900-01-08;4;Salamanca;43;3;Fuente del Berro;FUNDADORES, CALLE, DE LOS;6;0704330032;-3.6676578640;40.4246297480
443545.0076180000;4475183.9059430000;2014-07-01;1900-01-08;4;Salamanca;43;3;Fuente del Berro;HERMOSILLA, CALLE, DE;144;0704330030;-3.6655231950;40.4253738480
443417.0193920000;4474817.9457590000;2014-07-01;1900-01-08;4;Salamanca;43;3;Fuente del Berro;ITURBE, CALLE, DE;9;0704330047;-3.6669993630;40.4220681680
443413.7181585950;4474909.2678423300;2014-07-01;1900-01-08;4;Salamanca;43;3;Fuente del Berro;JORGE JUAN, CALLE, DE;110;0704330042;-3.6670464030;40.4228911650
443659.6929724950;4474888.1254289600;2014-07-01;1900-01-08;4;Salamanca;43;3;Fuente del Berro;JORGE JUAN, CALLE, DE;142;0704330045;-3.6641451740;40.4227171000
443469.9889975990;4474905.6594054000;2014-07-01;1900-01-08;4;Salamanca;43;3;Fuente del Berro;JORGE JUAN, CALLE, DE;149;0704330043;-3.6663828610;40.4228623450
443559.5844958170;4474896.6485964800;2014-07-01;1900-01-08;4;Salamanca;43;3;Fuente del Berro;JORGE JUAN, CALLE, DE;163;0704330044;-3.6653259260;40.4227872300
443562.2128670000;4474978.8003630000;2014-07-01;1900-01-08;4;Salamanca;43;3;Fuente del Berro;JOSE CELESTINO MUTIS, CALLE, DE;1;0704330040;-3.6653022620;40.4235274920
443561.5639090000;4475101.9882920000;2014-07-01;1900-01-08;4;Salamanca;43;3;Fuente del Berro;LANUZA, CALLE, DE;15;0704330034;-3.6653208260;40.4246372540
443719.5101118100;4475437.1723838600;2014-07-01;1900-01-08;4;Salamanca;43;3;Fuente del Berro;MAESTRO ALONSO, CALLE, DEL;21;0704330011;-3.6634886220;40.4276672840
443629.4744694730;4475484.9021219700;2014-07-01;1900-01-08;4;Salamanca;43;3;Fuente del Berro;MARQUES DE MONDEJAR, CALLE, DEL;24;0704330010;-3.6645542660;40.4280910430
443709.7488254280;4474764.3513785700;2014-07-01;1900-01-08;4;Salamanca;43;3;Fuente del Berro;MARQUES DE VALLEJO, CALLE, DEL;12;0704330051;-3.6635441410;40.4216054470
443386.9889975990;4475331.9927387400;2014-07-01;1900-01-08;4;Salamanca;43;3;Fuente del Berro;MARQUES DE ZAFRA, CALLE, DEL;S/N;0704330023;-3.6673991160;40.4266970370
443440.0306642660;4475299.4510720700;2014-07-01;1900-01-08;4;Salamanca;43;3;Fuente del Berro;MARQUES DE ZAFRA, PASEO, DEL;13;0704330027;-3.6667709250;40.4264073490
443543.7968488390;4475272.6862649100;2014-07-01;1900-01-08;4;Salamanca;43;3;Fuente del Berro;MARQUES DE ZAFRA, PASEO, DEL;25;0704330024;-3.6655453680;40.4261736970
443629.5047695660;4475225.5285841200;2014-07-01;1900-01-08;4;Salamanca;43;3;Fuente del Berro;MARQUES DE ZAFRA, PASEO, DEL;33;0704330028;-3.6645309470;40.4257544070
443699.2806642660;4475210.8260720700;2014-07-01;1900-01-08;4;Salamanca;43;3;Fuente del Berro;MARQUES DE ZAFRA, PASEO, DEL;39;0704330025;-3.6637070910;40.4256267520
443790.6166010000;4475158.9995220000;2014-07-01;1900-01-08;4;Salamanca;43;3;Fuente del Berro;MARQUES DE ZAFRA, PASEO, DEL;48;0704330029;-3.6626258620;40.4251661510
443826.8964740000;4475159.8633280000;2014-07-01;1900-01-08;4;Salamanca;43;3;Fuente del Berro;MARQUES DE ZAFRA, PASEO, DEL;57;0704330026;-3.6621983210;40.4251760630
443909.2579670000;4475164.8846640000;2014-07-01;1900-01-08;4;Salamanca;43;3;Fuente del Berro;MARQUES DE ZAFRA, PASEO, DEL;63;0704330022;-3.6612277880;40.4252269990
444053.0306642660;4474733.8260720700;2022-06-27;1900-01-08;4;Salamanca;43;3;Fuente del Berro;O'DONNELL, CALLE, DE;S/N;0704330053;-3.6594951630;40.4213536330
443597.2744552690;4475571.4139352400;2014-07-01;1900-01-08;4;Salamanca;43;3;Fuente del Berro;PEDRO HEREDIA, CALLE, DE;16;0704330007;-3.6649414710;40.4288687760
443638.6594560000;4475595.7323720000;2014-07-01;1900-01-08;4;Salamanca;43;3;Fuente del Berro;PEDRO HEREDIA, CALLE, DE;22;0704330004;-3.6644558320;40.4290906250
443351.4627100000;4475001.7039080000;2014-07-01;1900-01-08;4;Salamanca;43;3;Fuente del Berro;PEYRE, CALLE, DE;7;0704330039;-3.6677884410;40.4237193750
443758.4401470250;4475331.4866168000;2014-07-01;1900-01-08;4;Salamanca;43;3;Fuente del Berro;RAMON DE AGUINAGA, CALLE, DE;18;0704330018;-3.6630204010;40.4267176060
443595.2493907880;4475338.7143140000;2014-07-01;1900-01-08;4;Salamanca;43;3;Fuente del Berro;RAMON DE AGUINAGA, CALLE, DE;2;0704330015;-3.6649446790;40.4267719230
443492.8965070000;4475413.1052220000;2014-07-01;1900-01-08;4;Salamanca;43;3;Fuente del Berro;RUFINO BLANCO, CALLE, DE;12;0704330014;-3.6661578600;40.4274355220
443462.3753430000;4475479.7622910000;2014-07-01;1900-01-08;4;Salamanca;43;3;Fuente del Berro;RUFINO BLANCO, CALLE, DE;15;0704330009;-3.6665236370;40.4280340340
443849.1678751800;4475353.9086884800;2025-11-20;1900-01-08;4;Salamanca;43;3;Fuente del Berro;SANCHO DAVILA, CALLE, DE;22;0704330019;-3.6619528080;40.4269258190
443873.5420260000;4475220.1858160000;2014-07-01;1900-01-08;4;Salamanca;43;3;Fuente del Berro;SANCHO DAVILA, CALLE, DE;29;0704330021;-3.6616536670;40.4257233520
443846.4288413220;4475475.2028050600;2014-07-01;1900-01-08;4;Salamanca;43;3;Fuente del Berro;SANCHO DAVILA, CALLE, DE;9;0704330013;-3.6619958380;40.4280184500
443645.2091720000;4475289.7702290000;2014-07-01;1900-01-08;4;Salamanca;43;3;Fuente del Berro;VIZCONDE DE MATAMALA, CALLE, DEL;8;0704330017;-3.6643514390;40.4263342400
443693.8910650000;4476026.3143800000;2014-07-01;2015-06-09;4;Salamanca;44;4;Guindalera;(Sin Asignar);S/N;0204430024;-3.6638428240;40.4329724140
443835.4056642660;4476002.6871831800;2014-07-01;1900-01-08;4;Salamanca;44;4;Guindalera;(Sin Asignar);S/N;0204430025;-3.6621723660;40.4327699880
443792.1093679700;4476034.6131091100;2014-07-01;1900-01-08;4;Salamanca;44;4;Guindalera;(Sin Asignar);S/N;0204430043;-3.6626856790;40.4330547490
442732.6358560000;4476643.2983190000;2014-07-01;2014-08-12;4;Salamanca;44;4;Guindalera;A-2, AUTOVIA;S/N;0204410007;-3.6752307620;40.4384657620
442668.3825471890;4476596.4345998200;2014-07-01;1900-01-08;4;Salamanca;44;4;Guindalera;A-2, AUTOVIA;S/N;0204410130;-3.6759840870;40.4380389080
442955.2806642660;4476345.4510720700;2014-07-01;1900-01-08;4;Salamanca;44;4;Guindalera;AGUSTIN DURAN, CALLE, DE;12;0204410082;-3.6725790560;40.4357973830
442803.6791700000;4476485.9386400000;2014-07-01;1900-01-08;4;Salamanca;44;4;Guindalera;AGUSTIN DURAN, CALLE, DE;28;0204410089;-3.6743790600;40.4370525040
442859.1192200000;4476441.9632210000;2014-07-01;1900-01-08;4;Salamanca;44;4;Guindalera;AGUSTIN DURAN, CALLE, DE;33;0204410087;-3.6737213620;40.4366607160
443060.6148700000;4476454.3934400000;2014-07-01;1900-01-08;4;Salamanca;44;4;Guindalera;ALONSO HEREDIA, CALLE, DE;34;0204410081;-3.6713469100;40.4367857920
442867.4797383400;4476236.2797757800;2014-07-01;1900-01-08;4;Salamanca;44;4;Guindalera;ALONSO HEREDIA, CALLE, DE;4;0204410006;-3.6736043640;40.4348078270
443583.6021060000;4477072.2477130000;2014-07-01;1900-01-08;4;Salamanca;44;4;Guindalera;AMERICA, AVENIDA, DE;54;0204410161;-3.6652359140;40.4423879450
443796.4952750000;4477177.0527350000;2014-07-01;1900-01-08;4;Salamanca;44;4;Guindalera;AMERICA, AVENIDA, DE;60;0204410132;-3.6627350100;40.4433459870
443058.6030649270;4476728.6387118900;2014-07-01;1900-01-08;4;Salamanca;44;4;Guindalera;AMERICA, AVENIDA, DE;S/N;0204410169;-3.6713952100;40.4392568450
443291.2945531550;4476210.3538498500;2018-09-03;1900-01-08;4;Salamanca;44;4;Guindalera;AMOROS, CALLE, DE;5;0204431131;-3.6686054790;40.4346032240
443087.8136640000;4476370.8613690000;2014-07-01;2023-04-03;4;Salamanca;44;4;Guindalera;ANDRES TAMAYO, CALLE, DE;4;0204410080;-3.6710188340;40.4360353900
443390.6556642660;4476587.4094054000;2014-07-01;1900-01-08;4;Salamanca;44;4;Guindalera;ANTONIA RUIZ SORO, CALLE, DE;1;0204410101;-3.6674676990;40.4380069370
443539.3010891030;4476599.1120197800;2014-07-01;1900-01-08;4;Salamanca;44;4;Guindalera;ANTONIA RUIZ SORO, CALLE, DE;20;0204410103;-3.6657162240;40.4381223880
443022.6417030000;4476129.0253760000;2014-07-01;1900-01-08;4;Salamanca;44;4;Guindalera;ARDEMANS, CALLE, DE;13;0204410066;-3.6717653980;40.4338524780
443052.0536750000;4476075.7187800000;2014-07-01;1900-01-08;4;Salamanca;44;4;Guindalera;ARDEMANS, CALLE, DE;7;0204430064;-3.6714139460;40.4333744590
443488.2575161180;4476328.6501461500;2014-07-01;1900-01-08;4;Salamanca;44;4;Guindalera;AZCONA, CALLE, DE;64;0204430142;-3.6662939950;40.4356825620
443867.6045279030;4476630.4880038900;2014-07-01;1900-01-08;4;Salamanca;44;4;Guindalera;BASILEA, PLAZA, DE;6;0204430153;-3.6618482440;40.4384277180
443613.5970750000;4476975.6288350000;2014-07-01;1900-01-08;4;Salamanca;44;4;Guindalera;BAVIERA, AVENIDA, DE;1;0204410160;-3.6648736900;40.4415190540
443737.4056642660;4477056.1871831800;2014-07-01;1900-01-08;4;Salamanca;44;4;Guindalera;BAVIERA, AVENIDA, DE;10;0204410162;-3.6634210130;40.4422532990
443800.8501087110;4476625.6316276300;2014-07-01;1900-01-08;4;Salamanca;44;4;Guindalera;BAYONA, CALLE, DE;10;0204430140;-3.6626349150;40.4383790160
443732.0167753770;4476493.7427387400;2014-07-01;1900-01-08;4;Salamanca;44;4;Guindalera;BAYONA, CALLE, DE;3;0204430145;-3.6634347070;40.4371861750
442848.1915700000;4476333.3322400000;2014-07-01;2020-09-28;4;Salamanca;44;4;Guindalera;BEJAR, CALLE, DE;14;0204410083;-3.6738404800;40.4356807290
442907.5650700000;4476381.6646400000;2014-07-01;1900-01-08;4;Salamanca;44;4;Guindalera;BEJAR, CALLE, DE;22;0204410084;-3.6731448510;40.4361202450
442986.1533700000;4476472.3038400000;2014-07-01;1900-01-08;4;Salamanca;44;4;Guindalera;BEJAR, CALLE, DE;27;0204410085;-3.6722264570;40.4369419810
443866.0723309330;4477077.6378004700;2014-07-01;1900-01-08;4;Salamanca;44;4;Guindalera;BERLIN, CALLE, DE;5 D;0204430128;-3.6619058260;40.4424554390
443837.4889975990;4477024.5760720700;2014-07-01;1900-01-08;4;Salamanca;44;4;Guindalera;BERLIN, CALLE, DE;S/N;0204430127;-3.6622381410;40.4419753000
443684.3223309330;4476352.3260720700;2014-07-01;1900-01-08;4;Salamanca;44;4;Guindalera;BIARRITZ, CALLE, DE;4;0204430119;-3.6639844600;40.4359087660
443648.8319750000;4476742.3833000000;2014-07-01;1900-01-08;4;Salamanca;44;4;Guindalera;BOLONIA, CALLE, DE;2;0204410106;-3.6644375550;40.4394203100
443763.1556642660;4476701.9510720700;2014-07-01;1900-01-08;4;Salamanca;44;4;Guindalera;BONN, AVENIDA, DE;10 C;0204410157;-3.6630860620;40.4390637010
443494.7381453570;4476521.1176721600;2014-07-01;2023-10-31;4;Salamanca;44;4;Guindalera;BOSTON, CALLE, DE;1;0204410107;-3.6662346940;40.4374171920
443435.0527230900;4476565.1904511600;2014-07-01;1900-01-08;4;Salamanca;44;4;Guindalera;BOSTON, CALLE, DE;5;0204410102;-3.6669422970;40.4378096680
443918.2973750000;4476591.3607000000;2014-07-01;1900-01-08;4;Salamanca;44;4;Guindalera;BRASILIA, AVENIDA, DE;11;0204430151;-3.6612471540;40.4380786720
443919.7352097210;4476755.1328902500;2014-07-01;1900-01-08;4;Salamanca;44;4;Guindalera;BRASILIA, AVENIDA, DE;17;0204430155;-3.6612446330;40.4395538090
443941.3223309330;4476498.9094054000;2014-07-01;1900-01-08;4;Salamanca;44;4;Guindalera;BRASILIA, AVENIDA, DE;2;0204431116;-3.6609674930;40.4372465650
443917.8150690000;4476883.2245640000;2014-07-01;1900-01-08;4;Salamanca;44;4;Guindalera;BRASILIA, AVENIDA, DE;27;0204410156;-3.6612785520;40.4407077460
443921.2341750000;4477119.3061350000;2014-07-01;1900-01-08;4;Salamanca;44;4;Guindalera;BRASILIA, AVENIDA, DE;39;0204430159;-3.6612591280;40.4428339920
443934.7389975990;4477006.1316276300;2014-07-01;1900-01-08;4;Salamanca;44;4;Guindalera;BRASILIA, AVENIDA, DE;6;0204430158;-3.6610898770;40.4418154450
443942.7806642660;4476401.0760720700;2014-07-01;1900-01-08;4;Salamanca;44;4;Guindalera;BRASILIA, AVENIDA, DE;S/N;0204430035;-3.6609417100;40.4363655850
443945.2389975990;4476783.9927387400;2014-07-01;1900-01-08;4;Salamanca;44;4;Guindalera;BRASILIA, AVENIDA, DE;S/N;0204430165;-3.6609464650;40.4398158800
443687.0012085140;4476646.4920218200;2014-07-01;1900-01-08;4;Salamanca;44;4;Guindalera;BREMEN, CALLE, DE;15;0204410143;-3.6639789590;40.4385596120
443694.7389975990;4476548.2057017000;2014-07-01;1900-01-08;4;Salamanca;44;4;Guindalera;BREMEN, CALLE, DE;S/N;0204430150;-3.6638790350;40.4376745070
443733.4612198220;4476627.1316276300;2014-07-01;1900-01-08;4;Salamanca;44;4;Guindalera;BREMEN, CALLE, DE;S/N;0204430154;-3.6634295500;40.4383879540
443810.7073750000;4476496.8310000000;2014-07-01;1900-01-08;4;Salamanca;44;4;Guindalera;BRESCIA, CALLE, DE;17;0204430146;-3.6625072600;40.4372191780
443885.7255170000;4476481.4353760000;2014-07-01;1900-01-08;4;Salamanca;44;4;Guindalera;BRESCIA, CALLE, DE;21;0204430147;-3.6616214100;40.4370856780
443753.6130506300;4476420.0476629800;2014-07-01;1900-01-08;4;Salamanca;44;4;Guindalera;BRESCIA, CALLE, DE;5;0204430144;-3.6631736100;40.4365242370
443657.6973930000;4476452.9118860000;2014-07-01;1900-01-08;4;Salamanca;44;4;Guindalera;BRESCIA, CALLE, DE;S/N;0204430038;-3.6643073790;40.4368132370
443915.2607779030;4476419.2664129800;2014-07-01;1900-01-08;4;Salamanca;44;4;Guindalera;BRESCIA, CALLE, DE;S/N;0204430148;-3.6612677800;40.4365273310
443833.1093679700;4476912.9464424400;2014-07-01;1900-01-08;4;Salamanca;44;4;Guindalera;BRISTOL, CALLE, DE;18;0204430135;-3.6622799670;40.4409697020
443821.1092750000;4476893.7024350000;2014-07-01;1900-01-08;4;Salamanca;44;4;Guindalera;BRISTOL, CALLE, DE;19;0204430134;-3.6624197690;40.4407952360
443845.5164597210;4476756.6953902500;2014-07-01;1900-01-08;4;Salamanca;44;4;Guindalera;BRISTOL, CALLE, DE;4;0204430139;-3.6621198260;40.4395625750
443557.2065750000;4476376.4563000000;2014-07-01;1900-01-08;4;Salamanca;44;4;Guindalera;BRUSELAS, AVENIDA, DE;36;0204430039;-3.6654853220;40.4361176660
443665.7760346370;4476486.2427387400;2014-07-01;1900-01-08;4;Salamanca;44;4;Guindalera;BRUSELAS, AVENIDA, DE;43;0204430149;-3.6642150750;40.4371141550
443707.7987611020;4476537.6298698800;2014-07-01;1900-01-08;4;Salamanca;44;4;Guindalera;BRUSELAS, AVENIDA, DE;44;0204430020;-3.6637241080;40.4375804280
443744.5908494510;4476607.5390350300;2014-07-01;1900-01-08;4;Salamanca;44;4;Guindalera;BRUSELAS, AVENIDA, DE;48;0204430019;-3.6632965660;40.4382124000
443782.6556642660;4476758.2427387400;2014-07-01;1900-01-08;4;Salamanca;44;4;Guindalera;BRUSELAS, AVENIDA, DE;58;0204430037;-3.6628611760;40.4395726020
443762.1292181170;4476810.8801095700;2014-07-01;1900-01-08;4;Salamanca;44;4;Guindalera;BRUSELAS, AVENIDA, DE;61;0204430164;-3.6631078340;40.4400454640
443734.1900690000;4476851.3495640000;2014-07-01;1900-01-08;4;Salamanca;44;4;Guindalera;BRUSELAS, AVENIDA, DE;63;0204410136;-3.6634407800;40.4404076310
443784.6484030000;4476846.9328980000;2014-07-01;1900-01-08;4;Salamanca;44;4;Guindalera;BRUSELAS, AVENIDA, DE;66;0204410031;-3.6628454770;40.4403711900
443756.5650690000;4476980.1828980000;2014-07-01;1900-01-08;4;Salamanca;44;4;Guindalera;BRUSELAS, AVENIDA, DE;69;0204410036;-3.6631883920;40.4415702190
443712.4245750000;4477061.8862350000;2014-07-01;1900-01-08;4;Salamanca;44;4;Guindalera;BRUSELAS, AVENIDA, DE;73;0204410040;-3.6637160860;40.4423027460
443777.9056642660;4476970.5205165200;2014-07-01;1900-01-08;4;Salamanca;44;4;Guindalera;BRUSELAS, AVENIDA, DE;S/N;0204430126;-3.6629359470;40.4414841040
443372.6459700000;4476508.8033400000;2014-07-01;1900-01-08;4;Salamanca;44;4;Guindalera;CAMILO JOSE CELA, AVENIDA, DE;19;0204410015;-3.6676729900;40.4372979020
443397.0591890000;4476507.1028290000;2014-07-01;1900-01-08;4;Salamanca;44;4;Guindalera;CAMILO JOSE CELA, AVENIDA, DE;6;0204410073;-3.6673850210;40.4372842660
443481.0723309330;4476954.9649609600;2014-07-01;1900-01-08;4;Salamanca;44;4;Guindalera;CAMILO JOSE CELA, AVENIDA, DE;S/N;0204410032;-3.6664343700;40.4413243630
443448.5650690000;4476952.0162310000;2014-07-01;1900-01-08;4;Salamanca;44;4;Guindalera;CAMILO JOSE CELA, AVENIDA, DE;S/N;0204410033;-3.6668173920;40.4412951420
443443.4612198220;4476814.7982942900;2016-05-19;1900-01-08;4;Salamanca;44;4;Guindalera;CAMILO JOSE CELA, AVENIDA, DE;S/N;0204410041;-3.6668654060;40.4400593290
443405.8100580000;4476792.8949430000;2016-05-19;1900-01-08;4;Salamanca;44;4;Guindalera;CAMILO JOSE CELA, AVENIDA, DE;S/N;0204410042;-3.6673073280;40.4398594820
443434.6724128390;4475695.2876425000;2014-07-01;1900-01-08;4;Salamanca;44;4;Guindalera;CAMPANAR, CALLE, DEL;2;0204430044;-3.6668693590;40.4299735530
443418.9175526810;4475751.0078130600;2014-07-01;1900-01-08;4;Salamanca;44;4;Guindalera;CAMPANAR, CALLE, DEL;5;0204430046;-3.6670600400;40.4304743190
443618.4808681320;4476634.2533095600;2014-07-01;1900-01-08;4;Salamanca;44;4;Guindalera;CANALILLO, ARROYO, DEL;S/N;0204410104;-3.6647858560;40.4384444480
443559.3686272290;4476721.9094054000;2014-07-01;1900-01-08;4;Salamanca;44;4;Guindalera;CANALILLO, ARROYO, DEL;S/N;0204410105;-3.6654905360;40.4392300880
443433.3892033610;4476631.3250432600;2014-07-01;1900-01-08;4;Salamanca;44;4;Guindalera;CANALILLO, CALLE, DEL;S/N;0204410099;-3.6669677360;40.4384053150
443564.9056642660;4475773.5987993400;2014-07-01;1900-01-08;4;Salamanca;44;4;Guindalera;CARDENAL BELLUGA, CALLE, DEL;7;0204430047;-3.6653409940;40.4306875730
443117.7389975990;4475853.0760720700;2014-07-01;1900-01-08;4;Salamanca;44;4;Guindalera;CARTAGENA, CALLE, DE;11;0204430009;-3.6706197120;40.4313733470
443136.1710963650;4475967.7365659000;2014-07-01;1900-01-08;4;Salamanca;44;4;Guindalera;CARTAGENA, CALLE, DE;22;0204430010;-3.6704126450;40.4324073640
443126.4460750000;4476042.1227800000;2014-07-01;1900-01-08;4;Salamanca;44;4;Guindalera;CARTAGENA, CALLE, DE;23;0204430011;-3.6705339400;40.4330762920
443168.1963750000;4476269.9009800000;2014-07-01;1900-01-08;4;Salamanca;44;4;Guindalera;CARTAGENA, CALLE, DE;38;0204410012;-3.6700621670;40.4351313770
443179.2389975990;4476371.5760720700;2014-07-01;1900-01-08;4;Salamanca;44;4;Guindalera;CARTAGENA, CALLE, DE;51;0204410166;-3.6699409860;40.4360481090
443174.6950872930;4476433.5708174000;2014-07-01;1900-01-08;4;Salamanca;44;4;Guindalera;CARTAGENA, CALLE, DE;54;0204410013;-3.6700001150;40.4366058840
443091.7389975990;4476487.7427387400;2014-07-01;1900-01-08;4;Salamanca;44;4;Guindalera;CARTAGENA, CALLE, DE;69;0204410167;-3.6709829670;40.4370886010
443028.0402700000;4476553.2376400000;2014-07-01;1900-01-08;4;Salamanca;44;4;Guindalera;CARTAGENA, CALLE, DE;75;0204410014;-3.6717398440;40.4376747360
442970.4889975990;4476586.9927387400;2014-07-01;1900-01-08;4;Salamanca;44;4;Guindalera;CARTAGENA, CALLE, DE;83;0204410168;-3.6724214350;40.4379742790
443620.3686272290;4476218.1686646600;2014-07-01;1900-01-08;4;Salamanca;44;4;Guindalera;COLOMER, CALLE, DE;11;0204430120;-3.6647266120;40.4346961010
443243.4228700000;4476350.9974400000;2014-07-01;1900-01-08;4;Salamanca;44;4;Guindalera;CONDE DE VILCHES, CALLE, DEL;10;0204410070;-3.6691824470;40.4358674560
443214.0636640000;4476480.6669250000;2014-07-01;1900-01-08;4;Salamanca;44;4;Guindalera;CONDE DE VILCHES, CALLE, DEL;18;0204410074;-3.6695402020;40.4370334250
442675.9461990480;4476483.0863522500;2014-07-01;1900-01-08;4;Salamanca;44;4;Guindalera;COSLADA, CALLE, DE;1;0204410091;-3.6758847360;40.4370185280
443538.0167753770;4475904.4649609600;2014-07-01;1900-01-08;4;Salamanca;44;4;Guindalera;CUARZO, GLORIETA, DEL;S/N;0204430057;-3.6656695860;40.4318644860
443375.3315901920;4475700.5019980000;2014-07-01;1900-01-08;4;Salamanca;44;4;Guindalera;DOCTOR GOMEZ ULLA, CALLE, DEL;16;0204430017;-3.6675693420;40.4300157800
443307.4135819230;4475601.6391494000;2014-07-01;1900-01-08;4;Salamanca;44;4;Guindalera;DOCTOR GOMEZ ULLA, CALLE, DEL;3;0204430093;-3.6683612840;40.4291214510
443331.1278864880;4475591.9649609600;2014-07-01;1900-01-08;4;Salamanca;44;4;Guindalera;DOCTOR GOMEZ ULLA, CALLE, DEL;4;0204430016;-3.6680807640;40.4290352780
442984.3969980000;4476649.6947030000;2014-07-01;1900-01-08;4;Salamanca;44;4;Guindalera;EDUARDO VICENTE, CALLE, DE;5;0204410078;-3.6722630690;40.4385405900
443203.4086732930;4476232.8167942400;2014-07-01;1900-01-08;4;Salamanca;44;4;Guindalera;ERASO, CALLE, DE;20;0204410067;-3.6696436210;40.4348000350
442961.6604847630;4476144.7460944400;2014-07-01;1900-01-08;4;Salamanca;44;4;Guindalera;FERRER DEL RIO, CALLE, DE;10;0204410005;-3.6724858350;40.4339900450
443131.1140850000;4475739.1169200000;2014-07-01;1900-01-08;4;Salamanca;44;4;Guindalera;FLORESTAN AGUILAR, CALLE, DE;1;0204430008;-3.6704517780;40.4303478090
443201.9056642660;4475760.4094054000;2014-07-01;1900-01-08;4;Salamanca;44;4;Guindalera;FLORESTAN AGUILAR, CALLE, DE;2;0204430049;-3.6696190980;40.4305442190
443308.6870450000;4475785.7027600000;2014-07-01;1900-01-08;4;Salamanca;44;4;Guindalera;FLORESTAN AGUILAR, CALLE, DE;9;0204430050;-3.6683626020;40.4307791320
443683.8294418310;4476265.1253423400;2014-07-01;1900-01-08;4;Salamanca;44;4;Guindalera;FRANCISCO ALTIMIRAS, CALLE, DE;37;0204430116;-3.6639825690;40.4351236420
443196.5167753770;4475802.5760720700;2014-07-01;1900-01-08;4;Salamanca;44;4;Guindalera;FRANCISCO NAVACERRADA, CALLE, DE;12;0204430054;-3.6696864210;40.4309231740
443318.7124450000;4475819.9690600000;2014-07-01;1900-01-08;4;Salamanca;44;4;Guindalera;FRANCISCO NAVACERRADA, CALLE, DE;30;0204430053;-3.6682474950;40.4310889300
443460.9725450000;4475840.9707600000;2014-07-01;1900-01-08;4;Salamanca;44;4;Guindalera;FRANCISCO NAVACERRADA, CALLE, DE;50;0204430052;-3.6665722810;40.4312877470
443643.1278864880;4475873.0205165200;2014-07-01;1900-01-08;4;Salamanca;44;4;Guindalera;FRANCISCO NAVACERRADA, CALLE, DE;64;0204430051;-3.6644277570;40.4315881480
443480.7232650000;4476074.0704800000;2014-07-01;1900-01-08;4;Salamanca;44;4;Guindalera;FRANCISCO SANTOS, CALLE, DE;10;0204430124;-3.6663601720;40.4333884390
443507.5352087710;4475974.6404264400;2014-07-01;1900-01-08;4;Salamanca;44;4;Guindalera;FRANCISCO SANTOS, CALLE, DE;2;0204430001;-3.6660351900;40.4324949110
443410.7389975990;4476210.6501461500;2014-07-01;1900-01-08;4;Salamanca;44;4;Guindalera;FRANCISCO SANTOS, CALLE, DE;26;0204430063;-3.6671973780;40.4346139960
443345.9153052590;4476324.0366025900;2014-07-01;1900-01-08;4;Salamanca;44;4;Guindalera;FRANCISCO SANTOS, CALLE, DE;34;0204410068;-3.6679716730;40.4356312250
443054.4750360000;4476244.6087090000;2014-07-01;1900-01-08;4;Salamanca;44;4;Guindalera;FRANCISCO ZEA, CALLE, DE;12;0204410069;-3.6714005390;40.4348959480
443501.5369650000;4476167.8514800000;2014-07-01;1900-01-08;4;Salamanca;44;4;Guindalera;FUNDACION, PASAJE, DE LA;7;0204430123;-3.6661230820;40.4342348700
442895.6276700000;4476576.0393400000;2014-07-01;1900-01-08;4;Salamanca;44;4;Guindalera;GRANJILLA, CALLE, DE LA;9;0204410090;-3.6733029880;40.4378709170
443587.2728780040;4476894.5801273400;2014-07-01;1900-01-08;4;Salamanca;44;4;Guindalera;GUINDALERA, AVENIDA, DE LA;S/N;0204410034;-3.6651768990;40.4407871580
443763.5650690000;4476920.0995640000;2014-07-01;2014-08-14;4;Salamanca;44;4;Guindalera;GUINDALERA, AVENIDA, DE LA;S/N;0204410131;-3.6631005580;40.4410290030
443708.0723309330;4476951.7427387400;2014-07-01;1900-01-08;4;Salamanca;44;4;Guindalera;GUINDALERA, AVENIDA, DE LA;S/N;0204430129;-3.6637576260;40.4413105550
443455.8978780040;4476732.2051273400;2026-02-18;1900-01-08;4;Salamanca;44;4;Guindalera;JOSE MARIA SANCHEZ SILVA, CALLE, DE;4;0204410100;-3.6667113380;40.4393156880
443422.3978780040;4476721.7051273400;2014-07-01;2026-02-18;4;Salamanca;44;4;Guindalera;JOSE MARIA SANCHEZ SILVA, CALLE, DE;S/N;0204410100;-3.6671054750;40.4392189150
443686.6900690000;4476826.7245640000;2014-07-01;1900-01-08;4;Salamanca;44;4;Guindalera;JOSE MARIA SANCHEZ SILVA, CALLE, DE;S/N;0204410137;-3.6639986120;40.4401825150
443612.7728780040;4476780.8301273400;2026-02-18;1900-01-08;4;Salamanca;44;4;Guindalera;JOSE MARIA SANCHEZ SILVA, CALLE, DE;S/N;0204410170;-3.6648661270;40.4397643710
442944.8286961190;4476227.4136133500;2014-07-01;1900-01-08;4;Salamanca;44;4;Guindalera;JOSE PICON, CALLE, DE;11;0204410079;-3.6726916990;40.4347336870
443679.4367650000;4475849.3901800000;2014-07-01;1900-01-08;4;Salamanca;44;4;Guindalera;JULIO CAMBA, CALLE, DE;7;0204430018;-3.6639975230;40.4313785030
443643.3686272290;4475924.2057017000;2014-07-01;1900-01-08;4;Salamanca;44;4;Guindalera;JULIO CAMBA, CALLE, DE;S/N;0204430023;-3.6644294190;40.4320496660
443217.7019605620;4475847.7982942900;2014-07-01;1900-01-08;4;Salamanca;44;4;Guindalera;LONDRES, CALLE, DE;16;0204430055;-3.6694407370;40.4313328380
443408.1278864880;4475878.1316276300;2014-07-01;1900-01-08;4;Salamanca;44;4;Guindalera;LONDRES, CALLE, DE;37;0204430056;-3.6671985240;40.4316182860
443559.5167753770;4476511.4649609600;2014-07-01;1900-01-08;4;Salamanca;44;4;Guindalera;LUIS CALVO, CALLE, DE;S/N;0204410110;-3.6654700820;40.4373342850
443609.4714260000;4476287.1776430000;2014-07-01;1900-01-08;4;Salamanca;44;4;Guindalera;LUIS CALVO, CALLE, DE;S/N;0204430125;-3.6648612000;40.4353167860
443603.2177801570;4476397.0302716600;2014-07-01;1900-01-08;4;Salamanca;44;4;Guindalera;LUIS CALVO, CALLE, DE;S/N;0204430141;-3.6649446790;40.4363066280
443378.2389975990;4476022.8260720700;2014-07-01;1900-01-08;4;Salamanca;44;4;Guindalera;LUIS DIAZ COBEÑA, CALLE, DE;22;0204430059;-3.6675637270;40.4329197600
443303.9062700000;4476422.8270400000;2014-07-01;1900-01-08;4;Salamanca;44;4;Guindalera;MARIA PIGNATELLI, GLORIETA, DE;2;0204410072;-3.6684758180;40.4365185650
443394.8091890000;4476400.0194960000;2014-07-01;1900-01-08;4;Salamanca;44;4;Guindalera;MARIA TERESA, CALLE, DE;27;0204410071;-3.6674020380;40.4363193470
443297.3374848690;4476586.2076902700;2014-07-01;1900-01-08;4;Salamanca;44;4;Guindalera;MARQUES DE MONTEAGUDO, CALLE, DEL;24;0204410075;-3.6685678350;40.4379896910
443318.8725189910;4476153.8454655800;2014-07-01;2018-09-03;4;Salamanca;44;4;Guindalera;MARTINEZ IZQUIERDO, CALLE, DE;38;0204430065;-3.6682753980;40.4340963280
443556.8342650000;4476276.6000800000;2014-07-01;1900-01-08;4;Salamanca;44;4;Guindalera;MARTINEZ IZQUIERDO, CALLE, DE;60;0204430121;-3.6654808530;40.4352180650
443837.7760346370;4476269.0945905900;2014-07-01;2023-03-21;4;Salamanca;44;4;Guindalera;MARTINEZ IZQUIERDO, CALLE, DE;86;0204430115;-3.6621680110;40.4351695360
443086.9937324480;4476016.4255038900;2014-07-01;1900-01-08;4;Salamanca;44;4;Guindalera;MARTINEZ IZQUIERDO, CALLE, DE;9;0204430061;-3.6709967750;40.4328422380
442960.7017119920;4476565.3277499200;2014-07-01;1900-01-08;4;Salamanca;44;4;Guindalera;MEJICO, CALLE, DE;45;0204410086;-3.6725348810;40.4377789000
442789.4889975990;4476377.5760720700;2014-07-01;1900-01-08;4;Salamanca;44;4;Guindalera;MEJICO, CALLE, DE;8;0204410088;-3.6745365660;40.4360754970
443592.0064873110;4476059.8847140500;2014-07-01;1900-01-08;4;Salamanca;44;4;Guindalera;NUESTRA SEÑORA DE GUADALUPE, CALLE, DE;S/N;0204430112;-3.6650469520;40.4332684040
443751.8223309330;4476281.9927387400;2014-07-01;1900-01-08;4;Salamanca;44;4;Guindalera;ORCASITAS, CALLE, DE;1;0204430117;-3.6631824910;40.4352798300
443746.9855750000;4476372.6267000000;2014-07-01;1900-01-08;4;Salamanca;44;4;Guindalera;ORCASITAS, CALLE, DE;12;0204430118;-3.6632475210;40.4360966390
443609.2389975990;4476564.4927387400;2014-07-01;1900-01-08;4;Salamanca;44;4;Guindalera;OTERO, CALLE, DE;4 A;0204410109;-3.6648885870;40.4378152830
443208.0167753770;4475932.6871831800;2014-07-01;1900-01-08;4;Salamanca;44;4;Guindalera;PALMAS, CALLE, DE LAS;2;0204430004;-3.6695624330;40.4320962470
443269.8519750000;4476005.7229800000;2014-07-01;1900-01-08;4;Salamanca;44;4;Guindalera;PILAR DE ZARAGOZA, CALLE, DE;12;0204430058;-3.6688400480;40.4327584150
443229.7861750000;4476106.9728800000;2014-07-01;1900-01-08;4;Salamanca;44;4;Guindalera;PILAR DE ZARAGOZA, CALLE, DE;31;0204430062;-3.6693214470;40.4336675840
442812.4803310000;4476570.1113690000;2014-07-01;1900-01-08;4;Salamanca;44;4;Guindalera;PILAR DE ZARAGOZA, CALLE, DE;91;0204410092;-3.6742828600;40.4378115590
443131.7760346370;4476603.9834794800;2014-07-01;1900-01-08;4;Salamanca;44;4;Guindalera;PINTOR MORENO CARBONERO, CALLE, DEL;11;0204410077;-3.6705213920;40.4381382020
443265.9056642660;4476657.9927387400;2014-07-01;1900-01-08;4;Salamanca;44;4;Guindalera;PINTOR MORENO CARBONERO, CALLE, DEL;38;0204410076;-3.6689448420;40.4386345550
443382.1727950000;4476134.1018000000;2014-07-01;1900-01-08;4;Salamanca;44;4;Guindalera;RAFAELA BONILLA, CALLE, DE;6;0204430060;-3.6675273440;40.4339224930
443905.3155650000;4476174.0772800000;2014-07-01;1900-01-08;4;Salamanca;44;4;Guindalera;ROBERTO DOMINGO, CALLE, DE;1 B;0204430138;-3.6613633500;40.4343185220
443923.7389975990;4476124.9649609600;2014-07-01;1900-01-08;4;Salamanca;44;4;Guindalera;ROBERTO DOMINGO, CALLE, DE;S/N;0204430030;-3.6611418440;40.4338774590
443552.3032792990;4475817.5965490600;2014-07-01;1900-01-08;4;Salamanca;44;4;Guindalera;ROMA, CALLE, DE;32;0204430048;-3.6654935160;40.4310827420
443576.2770500000;4475725.1669600000;2014-07-01;1900-01-08;4;Salamanca;44;4;Guindalera;RUIZ PERELLO, CALLE, DE;23;0204430045;-3.6652026250;40.4302520680
443408.4983840000;4475960.1557450000;2014-07-01;1900-01-08;4;Salamanca;44;4;Guindalera;SILICE, GLORIETA, DEL;S/N;0204430002;-3.6672014460;40.4323578600
443406.9056642660;4475941.5760720700;2014-07-01;1900-01-08;4;Salamanca;44;4;Guindalera;SILICE, GLORIETA, DEL;S/N;0204430097;-3.6672186340;40.4321898110
443288.4797383400;4475925.0945905900;2014-07-01;1900-01-08;4;Salamanca;44;4;Guindalera;TOREROS, AVENIDA, DE LOS;16;0204430096;-3.6686132710;40.4320335090
443078.7945531550;4475896.3538498500;2014-07-01;1900-01-08;4;Salamanca;44;4;Guindalera;TOREROS, AVENIDA, DE LOS;2;0204430094;-3.6710826040;40.4317600930
443510.6692650000;4475955.7493800000;2014-07-01;1900-01-08;4;Salamanca;44;4;Guindalera;TOREROS, AVENIDA, DE LOS;28;0204430098;-3.6659965150;40.4323250870
443298.7760346370;4475945.6501461500;2014-07-01;1900-01-08;4;Salamanca;44;4;Guindalera;TOREROS, AVENIDA, DE LOS;31;0204430003;-3.6684937520;40.4322197770
443601.6442650000;4475999.2445800000;2014-07-01;1900-01-08;4;Salamanca;44;4;Guindalera;TOREROS, AVENIDA, DE LOS;51;0204430029;-3.6649279490;40.4327227770
443677.4366650000;4476066.0237800000;2014-07-01;1900-01-08;4;Salamanca;44;4;Guindalera;TOREROS, AVENIDA, DE LOS;59;0204430028;-3.6640403230;40.4333298830
443789.1831650000;4476079.4695800000;2014-07-01;1900-01-08;4;Salamanca;44;4;Guindalera;TOREROS, AVENIDA, DE LOS;69;0204430027;-3.6627241240;40.4334579960
443778.4797383400;4476110.7242202200;2014-07-01;1900-01-08;4;Salamanca;44;4;Guindalera;TOREROS, AVENIDA, DE LOS;69;0204430113;-3.6628530970;40.4337391470
443862.2549650000;4476040.0293800000;2014-07-01;1900-01-08;4;Salamanca;44;4;Guindalera;TOREROS, AVENIDA, DE LOS;79;0204430026;-3.6618591300;40.4331074610
443185.8223309330;4475910.4927387400;2014-07-01;1900-01-08;4;Salamanca;44;4;Guindalera;TOREROS, AVENIDA, DE LOS;8;0204430095;-3.6698221550;40.4318949670
443897.5723309330;4475972.3260720700;2014-07-01;1900-01-08;4;Salamanca;44;4;Guindalera;TOREROS, AVENIDA, DE LOS;S/N;0204430021;-3.6614368030;40.4325002970
443800.0306642660;4475838.8260720700;2014-07-01;1900-01-08;4;Salamanca;44;4;Guindalera;TOREROS, AVENIDA, DE LOS;S/N;0204430022;-3.6625750410;40.4312908980
443566.0723309330;4476231.4927387400;2014-07-01;1900-01-08;4;Salamanca;44;4;Guindalera;VILLAFRANCA, CALLE, DE;13;0204430122;-3.6653679230;40.4348126400
442843.3699604320;4475598.6691361600;2014-07-01;1900-01-08;4;Salamanca;45;5;Lista;ALCANTARA, CALLE, DE;33;0204530213;-3.6738313120;40.4290623210
442853.5810889990;4475752.1414612500;2014-07-01;1900-01-08;4;Salamanca;45;5;Lista;ALCANTARA, CALLE, DE;45;0204530212;-3.6737247420;40.4304453270
442863.9854087680;4475891.4803259900;2014-07-01;1900-01-08;4;Salamanca;45;5;Lista;ALCANTARA, CALLE, DE;59;0204530211;-3.6736145620;40.4317017090
442871.3712750000;4475947.0622800000;2014-07-01;1900-01-08;4;Salamanca;45;5;Lista;ALCANTARA, CALLE, DE;63;0204530182;-3.6735325150;40.4322024170
442886.6556642660;4476015.6594054000;2014-07-01;1900-01-08;4;Salamanca;45;5;Lista;ALCANTARA, CALLE, DE;82;0204530210;-3.6733584500;40.4328219560
442484.0723309330;4476214.5760720700;2014-07-01;1900-01-08;4;Salamanca;45;5;Lista;DIEGO DE LEON, CALLE, DE;54;0204530191;-3.6781225370;40.4345860930
443038.6556642660;4475542.5760720700;2014-07-01;1900-01-08;4;Salamanca;45;5;Lista;DON RAMON DE LA CRUZ, CALLE, DE;105;0204531120;-3.6715241260;40.4285707810
443165.5530790000;4475533.6060490000;2014-07-01;1900-01-08;4;Salamanca;45;5;Lista;DON RAMON DE LA CRUZ, CALLE, DE;113;0204531121;-3.6700274450;40.4284980150
442510.8560593500;4475580.2904414000;2014-07-01;1900-01-08;4;Salamanca;45;5;Lista;DON RAMON DE LA CRUZ, CALLE, DE;61;0204531117;-3.6777494270;40.4288741050
442636.9612198220;4475571.1316276300;2014-07-01;1900-01-08;4;Salamanca;45;5;Lista;DON RAMON DE LA CRUZ, CALLE, DE;73;0204530193;-3.6762620860;40.4287998490
442786.3315901920;4475560.3168128100;2014-07-01;1900-01-08;4;Salamanca;45;5;Lista;DON RAMON DE LA CRUZ, CALLE, DE;85;0204531118;-3.6745002400;40.4287125880
442904.6258921420;4475551.0074752200;2014-07-01;1900-01-08;4;Salamanca;45;5;Lista;DON RAMON DE LA CRUZ, CALLE, DE;95;0204531119;-3.6731048590;40.4286368430
442627.1278864880;4476305.0205165200;2014-07-01;1900-01-08;4;Salamanca;45;5;Lista;GENERAL DIAZ PORLIER, CALLE, DEL;103;0204530208;-3.6764441720;40.4354105220
442580.3030790000;4475641.4810490000;2015-05-05;1900-01-08;4;Salamanca;45;5;Lista;GENERAL DIAZ PORLIER, CALLE, DEL;49;0204530209;-3.6769362850;40.4294296450
442590.5723309330;4475782.4649609600;2014-07-01;1900-01-08;4;Salamanca;45;5;Lista;GENERAL DIAZ PORLIER, CALLE, DEL;59;0204530187;-3.6768279390;40.4307004080
442599.8223309330;4475912.3260720700;2014-07-01;1900-01-08;4;Salamanca;45;5;Lista;GENERAL DIAZ PORLIER, CALLE, DEL;75;0204530188;-3.6767306510;40.4318715910
442609.7389975990;4476061.2427387400;2014-07-01;1900-01-08;4;Salamanca;45;5;Lista;GENERAL DIAZ PORLIER, CALLE, DEL;89;0204530189;-3.6766271740;40.4332131140
442616.1238381030;4476151.0835347600;2014-07-01;1900-01-08;4;Salamanca;45;5;Lista;GENERAL DIAZ PORLIER, CALLE, DEL;95;0204530190;-3.6765600810;40.4340236200
442457.9612198220;4476355.0760720700;2014-07-01;1900-01-08;4;Salamanca;45;5;Lista;GENERAL ORAA, CALLE, DEL;66;0204530203;-3.6784431070;40.4358499800
442569.9056642660;4476345.5760720700;2014-07-01;1900-01-08;4;Salamanca;45;5;Lista;GENERAL ORAA, CALLE, DEL;80;0204530202;-3.6771224960;40.4357722300
442455.6704620000;4475584.9768540000;2014-07-01;1900-01-08;4;Salamanca;45;5;Lista;GENERAL PARDIÑAS, CALLE, DEL;39;0204530192;-3.6784004210;40.4289123780
442466.8701067600;4475701.8298034100;2014-07-01;1900-01-08;4;Salamanca;45;5;Lista;GENERAL PARDIÑAS, CALLE, DEL;66;0204530170;-3.6782789540;40.4299655890
442478.4889975990;4475718.0760720700;2014-07-01;1900-01-08;4;Salamanca;45;5;Lista;GENERAL PARDIÑAS, CALLE, DEL;68;0204530207;-3.6781434500;40.4301131260
442491.1716750000;4475910.4302800000;2014-07-01;1900-01-08;4;Salamanca;45;5;Lista;GENERAL PARDIÑAS, CALLE, DEL;82 B;0204530206;-3.6780113830;40.4318470680
442505.9056642660;4476293.9094054000;2014-07-01;1900-01-08;4;Salamanca;45;5;Lista;GENERAL PARDIÑAS, CALLE, DEL;87;0204530205;-3.6778723260;40.4353020610
442492.4342750000;4476101.9794800000;2014-07-01;1900-01-08;4;Salamanca;45;5;Lista;GENERAL PARDIÑAS, CALLE, DEL;92;0204530201;-3.6780137900;40.4335721290
442514.2575161180;4476406.0205165200;2014-07-01;1900-01-08;4;Salamanca;45;5;Lista;GENERAL PARDIÑAS, CALLE, DEL;97;0204530204;-3.6777840910;40.4363129300
443086.6364130000;4475655.0227160000;2014-07-01;1900-01-08;4;Salamanca;45;5;Lista;JOSE ORTEGA Y GASSET, CALLE, DE;100;0204530173;-3.6709685860;40.4295867500
442525.5157656750;4475695.3786534000;2014-07-01;1900-01-08;4;Salamanca;45;5;Lista;JOSE ORTEGA Y GASSET, CALLE, DE;48;0204530171;-3.6775871080;40.4299120750
442540.5295942020;4475716.0555926800;2014-07-01;1900-01-08;4;Salamanca;45;5;Lista;JOSE ORTEGA Y GASSET, CALLE, DE;49;0204530177;-3.6774118970;40.4300990310
442649.1823006420;4475707.0999756700;2014-07-01;1900-01-08;4;Salamanca;45;5;Lista;JOSE ORTEGA Y GASSET, CALLE, DE;55;0204530176;-3.6761302480;40.4300262660
442798.1834420440;4475676.8723683700;2014-07-01;1900-01-08;4;Salamanca;45;5;Lista;JOSE ORTEGA Y GASSET, CALLE, DE;70;0204530172;-3.6743709810;40.4297641950
442900.4889975990;4475688.4927387400;2014-07-01;1900-01-08;4;Salamanca;45;5;Lista;JOSE ORTEGA Y GASSET, CALLE, DE;73;0204530175;-3.6731659940;40.4298751190
442394.6033450000;4476011.3956050000;2014-07-01;1900-01-08;4;Salamanca;45;5;Lista;JUAN BRAVO, CALLE, DE;29;0204530186;-3.6791589030;40.4327499350
442442.6556642660;4475978.5760720700;2014-07-01;1900-01-08;4;Salamanca;45;5;Lista;JUAN BRAVO, CALLE, DE;38;0204530178;-3.6785894980;40.4324576120
442563.5723309330;4476000.9649609600;2014-07-01;1900-01-08;4;Salamanca;45;5;Lista;JUAN BRAVO, CALLE, DE;41;0204530185;-3.6771659270;40.4326673720
442520.8501087110;4475972.8538498500;2014-07-01;1900-01-08;4;Salamanca;45;5;Lista;JUAN BRAVO, CALLE, DE;42;0204530179;-3.6776671500;40.4324113170
442658.2575161180;4475992.2057017000;2014-07-01;1900-01-08;4;Salamanca;45;5;Lista;JUAN BRAVO, CALLE, DE;49 A;0204530184;-3.6760490030;40.4325946060
442668.1691453130;4475961.8392861700;2014-07-01;1900-01-08;4;Salamanca;45;5;Lista;JUAN BRAVO, CALLE, DE;50;0204530180;-3.6759294260;40.4323221650
442793.0869750000;4475954.0113800000;2014-07-01;2016-01-22;4;Salamanca;45;5;Lista;JUAN BRAVO, CALLE, DE;56;0204530181;-3.6744560080;40.4322600560
442793.2945531550;4475983.0205165200;2014-07-01;1900-01-08;4;Salamanca;45;5;Lista;JUAN BRAVO, CALLE, DE;59;0204530183;-3.6744561800;40.4325213250
442613.4612198220;4476103.6871831800;2014-07-01;1900-01-08;4;Salamanca;45;5;Lista;MALDONADO, CALLE, DE;46;0204530200;-3.6765871250;40.4335958500
442806.6556642660;4476091.6594054000;2014-07-01;1900-01-08;4;Salamanca;45;5;Lista;MALDONADO, CALLE, DE;75;0204530199;-3.6743084140;40.4335005670
442391.2089490050;4475692.6203606900;2014-07-01;2022-04-29;4;Salamanca;45;5;Lista;MARQUES DE SALAMANCA, PLAZA, DEL;9;0204530194;-3.6791700180;40.4298772960
443109.9982568590;4475593.5760720700;2014-07-01;1900-01-08;4;Salamanca;45;5;Lista;MARTIRES CONCEPCIONISTAS, CALLE, DE LAS;19;0204530216;-3.6706876650;40.4290347620
442991.9811850000;4475682.3182200000;2014-07-01;1900-01-08;4;Salamanca;45;5;Lista;MONTESA, CALLE, DE;28;0204530174;-3.6720869420;40.4298259590
442981.8571327240;4475751.6146602500;2014-07-01;1900-01-08;4;Salamanca;45;5;Lista;MONTESA, CALLE, DE;39;0204530214;-3.6722124770;40.4304500250
442987.2389975990;4475819.4927387400;2014-07-01;1900-01-08;4;Salamanca;45;5;Lista;MONTESA, CALLE, DE;47;0204530195;-3.6721551240;40.4310613140
442971.2013915120;4475596.5620246600;2014-07-01;1900-01-08;4;Salamanca;45;5;Lista;MONTESA, PASAJE, DE;2;0204530215;-3.6723241470;40.4290520080
442605.5590151590;4475836.5971431900;2014-07-01;1900-01-08;4;Salamanca;45;5;Lista;PADILLA, CALLE, DE;43;0204530197;-3.6766561660;40.4311890260
442487.1556642660;4475842.9094054000;2014-07-01;1900-01-08;4;Salamanca;45;5;Lista;PADILLA, CALLE, DE;50;0204530198;-3.6780525790;40.4312377850
442770.5538124140;4475835.3908868900;2014-07-01;1900-01-08;4;Salamanca;45;5;Lista;PADILLA, CALLE, DE;51;0204530196;-3.6747109740;40.4311895420
441607.9889975990;4475831.8260720700;2014-07-01;1900-01-08;4;Salamanca;46;6;Castellana;CASTELLANA, PASEO, DE LA;26;0204630217;-3.6884158960;40.4310768980
441645.5059500000;4476019.8338050000;2014-07-01;1900-01-08;4;Salamanca;46;6;Castellana;CASTELLANA, PASEO, DE LA;38;0204630218;-3.6879908750;40.4327730820
441642.3432300000;4476308.6685950000;2014-07-01;1900-01-08;4;Salamanca;46;6;Castellana;CASTELLANA, PASEO, DE LA;50;0204630219;-3.6880546460;40.4353753420
442257.9889975990;4476232.9094054000;2014-07-01;1900-01-08;4;Salamanca;46;6;Castellana;CASTELLO, CALLE, DE;102;0204630275;-3.6807895410;40.4347357490
442274.1834420440;4476365.4649609600;2014-07-01;1900-01-08;4;Salamanca;46;6;Castellana;CASTELLO, CALLE, DE;112;0204630259;-3.6806107210;40.4359307100
442271.0723309330;4476454.9927387400;2014-07-01;1900-01-08;4;Salamanca;46;6;Castellana;CASTELLO, CALLE, DE;120;0204630274;-3.6806555260;40.4367367470
442212.7389975990;4475601.7427387400;2014-07-01;1900-01-08;4;Salamanca;46;6;Castellana;CASTELLO, CALLE, DE;65;0204630278;-3.6812657260;40.4290461070
442250.2389975990;4475947.1316276300;2014-07-01;1900-01-08;4;Salamanca;46;6;Castellana;CASTELLO, CALLE, DE;83;0204630276;-3.6808550300;40.4321608200
442249.4647500000;4476119.4768050000;2014-07-01;1900-01-08;4;Salamanca;46;6;Castellana;CASTELLO, CALLE, DE;97;0204630255;-3.6808797820;40.4337127910
441868.3003300000;4476398.9808950000;2014-07-01;1900-01-08;4;Salamanca;46;6;Castellana;CLAUDIO COELLO, CALLE, DE;116;0204630256;-3.6853990440;40.4362043550
441874.9612198220;4476478.9649609600;2014-07-01;1900-01-08;4;Salamanca;46;6;Castellana;CLAUDIO COELLO, CALLE, DE;143 B;0204630265;-3.6853277680;40.4369255940
441806.4371700000;4475631.0303100000;2014-07-01;1900-01-08;4;Salamanca;46;6;Castellana;CLAUDIO COELLO, CALLE, DE;75;0204630246;-3.6860580020;40.4292822800
441849.4864500000;4475958.1314050000;2014-07-01;1900-01-08;4;Salamanca;46;6;Castellana;CLAUDIO COELLO, CALLE, DE;94;0204630266;-3.6855804990;40.4322318670
441429.0000000000;4476595.0000000000;2022-12-07;2022-12-08;4;Salamanca;46;6;Castellana;DOCTOR MARAÑON, PLAZA, DEL;S/N;;-3.6905962290;40.4379393280
441429.0000000000;4476595.0000000000;2022-12-07;2022-12-08;4;Salamanca;46;6;Castellana;DOCTOR MARAÑON, PLAZA, DEL;S/N;;-3.6905962290;40.4379393280
441965.6834420440;4476394.1316276300;2014-07-01;1900-01-08;4;Salamanca;46;6;Castellana;GENERAL ORAA, CALLE, DEL;24;0204630257;-3.6842504350;40.4361679720
442160.7945531550;4476378.3538498500;2014-07-01;1900-01-08;4;Salamanca;46;6;Castellana;GENERAL ORAA, CALLE, DEL;38;0204630258;-3.6819486920;40.4360388270
441690.7389975990;4476420.9094054000;2014-07-01;1900-01-08;4;Salamanca;46;6;Castellana;HERMANOS BECQUER, CALLE, DE LOS;8;0204630260;-3.6874944080;40.4363895920
441870.2777191420;4475742.9429077400;2014-07-01;1900-01-08;4;Salamanca;46;6;Castellana;JOSE ORTEGA Y GASSET, CALLE, DE;12;0204630221;-3.6853156780;40.4302944100
441948.4056642660;4475737.9094054000;2014-07-01;1900-01-08;4;Salamanca;46;6;Castellana;JOSE ORTEGA Y GASSET, CALLE, DE;16;0204630222;-3.6843941900;40.4302551050
442068.1278864880;4475728.6871831800;2014-07-01;1900-01-08;4;Salamanca;46;6;Castellana;JOSE ORTEGA Y GASSET, CALLE, DE;26;0204630223;-3.6829820210;40.4301802770
442187.5340700000;4475720.3662100000;2014-07-01;1900-01-08;4;Salamanca;46;6;Castellana;JOSE ORTEGA Y GASSET, CALLE, DE;30;0204630224;-3.6815736340;40.4301134120
442185.8223309330;4475740.1594054000;2014-07-01;1900-01-08;4;Salamanca;46;6;Castellana;JOSE ORTEGA Y GASSET, CALLE, DE;30;0204630225;-3.6815955780;40.4302914880
441796.5507700000;4475748.8690100000;2014-07-01;1900-01-08;4;Salamanca;46;6;Castellana;JOSE ORTEGA Y GASSET, CALLE, DE;8;0204630220;-3.6861853140;40.4303427670
441897.2684736910;4476016.8766983800;2014-07-01;1900-01-08;4;Salamanca;46;6;Castellana;JUAN BRAVO, CALLE, DE;10;0204630226;-3.6850226100;40.4327644880
442091.7212025900;4476035.0693616600;2014-07-01;2020-09-28;4;Salamanca;46;6;Castellana;JUAN BRAVO, CALLE, DE;13;0204630232;-3.6827318100;40.4329418190
442192.1278864880;4476026.9649609600;2014-07-01;1900-01-08;4;Salamanca;46;6;Castellana;JUAN BRAVO, CALLE, DE;19;0204630231;-3.6815473350;40.4328757570
442098.5167753770;4476003.1316276300;2014-07-01;1900-01-08;4;Salamanca;46;6;Castellana;JUAN BRAVO, CALLE, DE;20;0204630227;-3.6826487320;40.4326544230
442308.8501087110;4476018.9094054000;2014-07-01;1900-01-08;4;Salamanca;46;6;Castellana;JUAN BRAVO, CALLE, DE;25;0204630230;-3.6801705750;40.4328108400
442192.5264516210;4475995.8507514600;2014-07-01;1900-01-08;4;Salamanca;46;6;Castellana;JUAN BRAVO, CALLE, DE;26;0204630228;-3.6815398290;40.4325955800
442318.7389975990;4475987.4927387400;2014-07-01;1900-01-08;4;Salamanca;46;6;Castellana;JUAN BRAVO, CALLE, DE;30;0204630229;-3.6800511130;40.4325285440
441853.6834420440;4476048.7427387400;2014-07-01;1900-01-08;4;Salamanca;46;6;Castellana;JUAN BRAVO, CALLE, DE;4 B;0204630234;-3.6855393040;40.4330480450
441970.4889975990;4476042.2427387400;2014-07-01;1900-01-08;4;Salamanca;46;6;Castellana;JUAN BRAVO, CALLE, DE;7;0204630233;-3.6841616270;40.4329976820
441956.0740500000;4476253.9843050000;2014-07-01;1900-01-08;4;Salamanca;46;6;Castellana;LAGASCA, CALLE, DE;109;0204630268;-3.6843509320;40.4349041990
441959.4889975990;4476480.9927387400;2014-07-01;1900-01-08;4;Salamanca;46;6;Castellana;LAGASCA, CALLE, DE;127;0204630267;-3.6843313940;40.4369500590
441898.7897700000;4475624.8462100000;2014-07-01;1900-01-08;4;Salamanca;46;6;Castellana;LAGASCA, CALLE, DE;69;0204630247;-3.6849688100;40.4292332350
441912.5915700000;4475765.9562100000;2014-07-01;1900-01-08;4;Salamanca;46;6;Castellana;LAGASCA, CALLE, DE;77;0204630269;-3.6848190380;40.4305046850
441918.0064500000;4475896.6517050000;2014-07-01;1900-01-08;4;Salamanca;46;6;Castellana;LAGASCA, CALLE, DE;87;0204630249;-3.6847670140;40.4316824570
441583.2945531550;4476426.1316276300;2014-07-01;2024-04-17;4;Salamanca;46;6;Castellana;LOPEZ DE HOYOS, CALLE, DE;2;0204630261;-3.6887615610;40.4364292410
441662.0012085140;4476466.3253551500;2024-04-01;1900-01-08;4;Salamanca;46;6;Castellana;LOPEZ DE HOYOS, CALLE, DE;3;0204630281;-3.6878373800;40.4367965640
441698.2542300000;4476487.7381950000;2014-07-01;2016-10-21;4;Salamanca;46;6;Castellana;LOPEZ DE HOYOS, CALLE, DE;7;0204630262;-3.6874119590;40.4369920000
441694.5306642660;4476475.2010720700;2016-10-21;2024-04-01;4;Salamanca;46;6;Castellana;LOPEZ DE HOYOS, CALLE, DE;8;0204630281;-3.6874547020;40.4368785540
442155.9525660920;4476139.4263920300;2014-07-01;1900-01-08;4;Salamanca;46;6;Castellana;MALDONADO, CALLE, DE;27;0204630254;-3.6819841010;40.4338862820
441864.4681500000;4476159.0266050000;2014-07-01;1900-01-08;4;Salamanca;46;6;Castellana;MALDONADO, CALLE, DE;3;0204630252;-3.6854221910;40.4340424700
441934.5183500000;4476142.1485050000;2014-07-01;1900-01-08;4;Salamanca;46;6;Castellana;MALDONADO, CALLE, DE;9;0204630253;-3.6845948400;40.4338955070
442293.0334602700;4475740.7061048800;2014-07-01;2022-04-29;4;Salamanca;46;6;Castellana;MARQUES DE SALAMANCA, PLAZA, DEL;5;0204630277;-3.6803318050;40.4303042650
442178.1556642660;4476458.6594054000;2014-07-01;1900-01-08;4;Salamanca;46;6;Castellana;NUÑEZ DE BALBOA, CALLE, DE;114;0204630270;-3.6817514220;40.4367639630
442107.3745700000;4475609.2177100000;2014-07-01;1900-01-08;4;Salamanca;46;6;Castellana;NUÑEZ DE BALBOA, CALLE, DE;67;0204630111;-3.6825084720;40.4291067830
442115.4612198220;4475758.2982942900;2014-07-01;1900-01-08;4;Salamanca;46;6;Castellana;NUÑEZ DE BALBOA, CALLE, DE;75;0204630273;-3.6824267100;40.4304502540
442123.6329234370;4475867.4582671200;2014-07-01;1900-01-08;4;Salamanca;46;6;Castellana;NUÑEZ DE BALBOA, CALLE, DE;79;0204630250;-3.6823403080;40.4314340800
442144.4085500000;4475958.2647050000;2014-07-01;1900-01-08;4;Salamanca;46;6;Castellana;NUÑEZ DE BALBOA, CALLE, DE;80;0204630272;-3.6821036770;40.4322539250
442151.2201587490;4476240.1096241100;2014-07-01;1900-01-08;4;Salamanca;46;6;Castellana;NUÑEZ DE BALBOA, CALLE, DE;97;0204630271;-3.6820489590;40.4347931600
442289.8223309330;4475872.0760720700;2016-07-18;1900-01-08;4;Salamanca;46;6;Castellana;PADILLA, CALLE, DE;25;0204630280;-3.6803815380;40.4314873080
442230.5367500000;4475860.5181050000;2014-07-01;1900-01-08;4;Salamanca;46;6;Castellana;PADILLA, CALLE, DE;36;0204630251;-3.6810794000;40.4313786750
441831.6654500000;4475890.2488050000;2014-07-01;1900-01-08;4;Salamanca;46;6;Castellana;PADILLA, CALLE, DE;8;0204630248;-3.6857843000;40.4316187440
441617.6834420440;4476501.7427387400;2014-07-01;1900-01-08;4;Salamanca;46;6;Castellana;PINAR, CALLE, DEL;4;0204630263;-3.6883630690;40.4371124930
441494.3042726160;4476543.9279607400;2014-07-01;1900-01-08;4;Salamanca;46;6;Castellana;SALAS, CALLE, DE;2;0204630264;-3.6898215330;40.4374843430
442051.3223309330;4476185.4094054000;2015-06-08;1900-01-08;4;Salamanca;46;6;Castellana;VELAZQUEZ, CALLE, DE;100;0204630279;-3.6832218040;40.4342937120
442036.9903420190;4476345.8001971600;2014-07-01;1900-01-08;4;Salamanca;46;6;Castellana;VELAZQUEZ, CALLE, DE;105;0204630243;-3.6834054370;40.4357375090
442062.0306642660;4476334.0760720700;2014-07-01;1900-01-08;4;Salamanca;46;6;Castellana;VELAZQUEZ, CALLE, DE;112;0204630244;-3.6831091600;40.4356334600
442047.7389975990;4476496.5760720700;2014-07-01;1900-01-08;4;Salamanca;46;6;Castellana;VELAZQUEZ, CALLE, DE;119;0204630245;-3.6832923920;40.4370963930
441988.5300305050;4475667.1898507800;2014-07-01;1900-01-08;4;Salamanca;46;6;Castellana;VELAZQUEZ, CALLE, DE;63;0204630235;-3.6839147390;40.4296201530
442000.3842500000;4475822.3778050000;2014-07-01;1900-01-08;4;Salamanca;46;6;Castellana;VELAZQUEZ, CALLE, DE;71;0204630237;-3.6837892040;40.4310198320
442013.7666700000;4475663.5542100000;2014-07-01;1900-01-08;4;Salamanca;46;6;Castellana;VELAZQUEZ, CALLE, DE;76;0204630236;-3.6836169160;40.4295897860
442009.4017500000;4475936.1444050000;2014-07-01;1900-01-08;4;Salamanca;46;6;Castellana;VELAZQUEZ, CALLE, DE;77;0204630239;-3.6836932910;40.4320451970
442018.1556642660;4476079.7427387400;2014-07-01;1900-01-08;4;Salamanca;46;6;Castellana;VELAZQUEZ, CALLE, DE;83;0204630241;-3.6836031650;40.4333386490
442024.7235500000;4475819.6905050000;2014-07-01;1900-01-08;4;Salamanca;46;6;Castellana;VELAZQUEZ, CALLE, DE;86 A;0204630238;-3.6835019800;40.4309964550
442025.4427013030;4476175.8353313300;2014-07-01;1900-01-08;4;Salamanca;46;6;Castellana;VELAZQUEZ, CALLE, DE;91;0204630242;-3.6835259870;40.4342050190
442043.4800500000;4476085.9800050000;2014-07-01;1900-01-08;4;Salamanca;46;6;Castellana;VELAZQUEZ, CALLE, DE;96;0204630240;-3.6833051690;40.4333969190
441898.1373450000;4477859.3560970000;2017-01-01;1900-01-08;5;Chamartín;51;1;El Viso;ALFONSO RODRIGUEZ SANTAMARIA, CALLE, DE;19;0205110462;-3.6851808610;40.4493626170
441898.1373450000;4477859.3560970000;2014-07-01;2017-01-01;5;Chamartín;51;1;El Viso;ALFONSO RODRIGUEZ SANTAMARIA, CALLE, DE;19;0505110462;-3.6851808610;40.4493626170
441913.8223309330;4478057.6594054000;2017-01-01;1900-01-08;5;Chamartín;51;1;El Viso;ALFONSO RODRIGUEZ SANTAMARIA, CALLE, DE;33;0205110502;-3.6850140160;40.4511499020
441914.0817890000;4478057.3005410000;2014-07-01;2017-01-01;5;Chamartín;51;1;El Viso;ALFONSO RODRIGUEZ SANTAMARIA, CALLE, DE;33;0505110502;-3.6850108650;40.4511461200
441571.8223309330;4476663.4927387400;2014-07-01;1900-01-08;5;Chamartín;51;1;El Viso;ALVAREZ DE BAENA, CALLE, DE;4;0205110297;-3.6889186660;40.4385668320
442149.8504670000;4477139.8506420000;2017-01-01;1900-01-08;5;Chamartín;51;1;El Viso;ANTONIO PEREZ, CALLE, DE;28;0205110465;-3.6821471070;40.4428980490
442149.8504670000;4477139.8506420000;2014-07-01;2017-01-01;5;Chamartín;51;1;El Viso;ANTONIO PEREZ, CALLE, DE;28;0505110465;-3.6821471070;40.4428980490
442250.3134300000;4477008.3506420000;2017-01-01;1900-01-08;5;Chamartín;51;1;El Viso;ANTONIO PEREZ, CALLE, DE;7;0205110461;-3.6809505420;40.4417202770
442250.3134300000;4477008.3506420000;2014-07-01;2017-01-01;5;Chamartín;51;1;El Viso;ANTONIO PEREZ, CALLE, DE;7;0505110461;-3.6809505420;40.4417202770
442251.7393560000;4477138.4061970000;2017-01-01;1900-01-08;5;Chamartín;51;1;El Viso;ANTONIO RODRIGUEZ VILLA, CALLE, DE;1;0205110485;-3.6809455570;40.4428926630
442251.7393560000;4477138.4061970000;2014-07-01;2017-01-01;5;Chamartín;51;1;El Viso;ANTONIO RODRIGUEZ VILLA, CALLE, DE;1;0505110485;-3.6809455570;40.4428926630
442335.9543380000;4477779.4166490000;2017-01-01;1900-01-08;5;Chamartín;51;1;El Viso;ARGA, CALLE, DEL;24;0205110494;-3.6800108910;40.4486731200
442335.9543380000;4477779.4166490000;2014-07-01;2017-01-01;5;Chamartín;51;1;El Viso;ARGA, CALLE, DEL;24;0505110494;-3.6800108910;40.4486731200
442176.2484560000;4477861.6894300000;2014-07-01;2017-01-01;5;Chamartín;51;1;El Viso;ARGA, CALLE, DEL;8;0505110492;-3.6819015950;40.4494023800
441779.7484560000;4478000.8838740000;2017-01-01;1900-01-08;5;Chamartín;51;1;El Viso;ARMANDO PALACIO VALDES, CALLE, DE;13;0205110519;-3.6865897640;40.4506286820
441779.7484560000;4478000.8838740000;2014-07-01;2017-01-01;5;Chamartín;51;1;El Viso;ARMANDO PALACIO VALDES, CALLE, DE;13;0505110519;-3.6865897640;40.4506286820
441706.6929000000;4477913.8005410000;2017-01-01;1900-01-08;5;Chamartín;51;1;El Viso;ARMANDO PALACIO VALDES, CALLE, DE;3;0205110520;-3.6874433000;40.4498397190
441706.6929000000;4477913.8005410000;2014-07-01;2017-01-01;5;Chamartín;51;1;El Viso;ARMANDO PALACIO VALDES, CALLE, DE;3;0505110520;-3.6874433000;40.4498397190
441598.9056642660;4477731.2427387400;2017-01-01;1900-01-08;5;Chamartín;51;1;El Viso;BALBINA VALVERDE, CALLE, DE;16;0205110513;-3.6886976190;40.4481872510
441598.7441060000;4477731.5755840000;2014-07-01;2017-01-01;5;Chamartín;51;1;El Viso;BALBINA VALVERDE, CALLE, DE;16;0505110513;-3.6886995100;40.4481904600
441613.5817890000;4477803.8560970000;2017-01-01;1900-01-08;5;Chamartín;51;1;El Viso;BALBINA VALVERDE, CALLE, DE;24;0205110459;-3.6885311750;40.4488420850
441613.5817890000;4477803.8560970000;2014-07-01;2017-01-01;5;Chamartín;51;1;El Viso;BALBINA VALVERDE, CALLE, DE;24;0505110459;-3.6885311750;40.4488420850
441665.1373450000;4477866.4672080000;2017-01-01;1900-01-08;5;Chamartín;51;1;El Viso;BALBINA VALVERDE, CALLE, DE;28;0205110457;-3.6879289390;40.4494103440
441665.1373450000;4477866.4672080000;2014-07-01;2017-01-01;5;Chamartín;51;1;El Viso;BALBINA VALVERDE, CALLE, DE;28;0505110457;-3.6879289390;40.4494103440
441534.7019605620;4477626.6501461500;2017-01-01;1900-01-08;5;Chamartín;51;1;El Viso;BALBINA VALVERDE, CALLE, DE;9;0205110512;-3.6894449280;40.4472402670
441535.0774390000;4477626.4644730000;2014-07-01;2017-01-01;5;Chamartín;51;1;El Viso;BALBINA VALVERDE, CALLE, DE;9;0505110512;-3.6894404590;40.4472387200
441506.2389975990;4477224.9927387400;2014-07-01;1900-01-08;5;Chamartín;51;1;El Viso;BELALCAZAR, CALLE, DE;2;0205110330;-3.6897434960;40.4436199180
441501.0723309330;4477303.2427387400;2014-07-01;1900-01-08;5;Chamartín;51;1;El Viso;BELALCAZAR, CALLE, DE;7;0205110332;-3.6898116780;40.4443245420
442407.7628490000;4477605.0512450000;2017-01-01;1900-01-08;5;Chamartín;51;1;El Viso;CALERAS, CALLE, DE LAS;11;0205110436;-3.6791482460;40.4471067100
442407.7628490000;4477605.0512450000;2014-07-01;2017-01-01;5;Chamartín;51;1;El Viso;CALERAS, CALLE, DE LAS;11;0505110436;-3.6791482460;40.4471067100
442434.2389975990;4477688.5760720700;2017-01-01;1900-01-08;5;Chamartín;51;1;El Viso;CALERAS, CALLE, DE LAS;8;0205110434;-3.6788436040;40.4478607800
442434.9889975990;4477688.9927387400;2014-07-01;2017-01-01;5;Chamartín;51;1;El Viso;CALERAS, CALLE, DE LAS;8;0505110434;-3.6788347810;40.4478646760
441727.3501087110;4477363.6871831800;2014-07-01;1900-01-08;5;Chamartín;51;1;El Viso;CARBONERO Y SOL, CALLE, DE;17;0205110334;-3.6871492580;40.4448850090
441413.9052350000;4477363.6245250000;2014-07-01;1900-01-08;5;Chamartín;51;1;El Viso;CARBONERO Y SOL, CALLE, DE;2;0205110336;-3.6908450650;40.4448626640
441615.9056642660;4477353.9094054000;2014-07-01;1900-01-08;5;Chamartín;51;1;El Viso;CARBONERO Y SOL, CALLE, DE;22;0205110333;-3.6884624200;40.4447892680
441424.2100450000;4477609.4670100000;2014-07-01;2022-08-10;5;Chamartín;51;1;El Viso;CASTELLANA, PASEO, DE LA;114;0205110291;-3.6907461720;40.4470778910
441442.4056642660;4477622.2010720700;2017-01-01;1900-01-08;5;Chamartín;51;1;El Viso;CASTELLANA, PASEO, DE LA;114;0205110419;-3.6905328030;40.4471942010
441442.2441060000;4477618.7422510000;2014-07-01;2017-01-01;5;Chamartín;51;1;El Viso;CASTELLANA, PASEO, DE LA;114;0505110419;-3.6905344640;40.4471624590
441429.2819050000;4477698.1820800000;2014-07-01;2022-08-12;5;Chamartín;51;1;El Viso;CASTELLANA, PASEO, DE LA;116;0205110292;-3.6906946060;40.4478771090
441448.2152050000;4477700.6558800000;2014-07-01;1900-01-08;5;Chamartín;51;1;El Viso;CASTELLANA, PASEO, DE LA;116;0205110337;-3.6904715540;40.4479014030
441436.0306642660;4477766.9510720700;2022-08-12;1900-01-08;5;Chamartín;51;1;El Viso;CASTELLANA, PASEO, DE LA;120;0205111279;-3.6906213250;40.4484972790
441447.7389975990;4477910.6316276300;2014-07-01;1900-01-08;5;Chamartín;51;1;El Viso;CASTELLANA, PASEO, DE LA;126;0205110294;-3.6904965920;40.4497923930
441465.0723309330;4477898.2427387400;2014-07-01;1900-01-08;5;Chamartín;51;1;El Viso;CASTELLANA, PASEO, DE LA;126;0205110342;-3.6902909570;40.4496821560
441476.6290950000;4478038.5703450000;2014-07-01;1900-01-08;5;Chamartín;51;1;El Viso;CASTELLANA, PASEO, DE LA;134;0205110344;-3.6901675990;40.4509474760
441459.6278864880;4478059.2427387400;2014-07-01;2022-08-10;5;Chamartín;51;1;El Viso;CASTELLANA, PASEO, DE LA;136;0205110299;-3.6903700250;40.4511321400
441440.4889975990;4476686.9927387400;2014-07-01;1900-01-08;5;Chamartín;51;1;El Viso;CASTELLANA, PASEO, DE LA;74;0205110298;-3.6904692620;40.4387692000
441398.1556642660;4477183.2427387400;2014-07-01;1900-01-08;5;Chamartín;51;1;El Viso;CASTELLANA, PASEO, DE LA;92;0205110290;-3.6910140870;40.4432368390
441422.3223309330;4476758.5760720700;2014-07-01;1900-01-08;5;Chamartín;51;1;El Viso;CASTELLANA, PASEO, DE LA;S/N;0205110285;-3.6906900220;40.4394130330
441441.2389975990;4477833.1594054000;2014-07-01;2022-08-10;5;Chamartín;51;1;El Viso;CASTELLANA, PASEO, DE LA;S/N;0205110293;-3.6905660340;40.4490938430
442283.9707300000;4476620.6913950000;2014-07-01;1900-01-08;5;Chamartín;51;1;El Viso;CASTELLO, CALLE, DE;123;0205110305;-3.6805185320;40.4382303340
441966.8380950000;4476913.1905900000;2014-07-01;1900-01-08;5;Chamartín;51;1;El Viso;CASTELLON DE LA PLANA, CALLE, DE;12;0205110311;-3.6842842400;40.4408433650
442016.8152950000;4476971.3238900000;2014-07-01;1900-01-08;5;Chamartín;51;1;El Viso;CASTELLON DE LA PLANA, CALLE, DE;16;0205110312;-3.6837003380;40.4413704860
441916.5167753770;4476817.9649609600;2014-07-01;1900-01-08;5;Chamartín;51;1;El Viso;CASTELLON DE LA PLANA, CALLE, DE;5;0205110310;-3.6848688280;40.4399823240
442162.9706780000;4478021.9116520000;2017-01-01;1900-01-08;5;Chamartín;51;1;El Viso;CIDACOS, CALLE, DEL;S/N;0205110499;-3.6820727370;40.4508449730
442162.9706780000;4478021.9116520000;2014-07-01;2017-01-01;5;Chamartín;51;1;El Viso;CIDACOS, CALLE, DEL;S/N;0505110499;-3.6820727370;40.4508449730
442366.2698617970;4477852.1069362700;2017-01-01;1900-01-08;5;Chamartín;51;1;El Viso;CINCA, CALLE, DEL;23;0205110450;-3.6796599550;40.4493294430
442366.0221090000;4477851.5697640000;2014-07-01;2017-01-01;5;Chamartín;51;1;El Viso;CINCA, CALLE, DEL;23;0505110450;-3.6796628770;40.4493242860
442229.5185051890;4477922.3071384400;2017-01-01;1900-01-08;5;Chamartín;51;1;El Viso;CINCA, CALLE, DEL;5;0205110449;-3.6812789040;40.4499529350
442226.9151230000;4477922.4672080000;2014-07-01;2017-01-01;5;Chamartín;51;1;El Viso;CINCA, CALLE, DEL;5;0505110449;-3.6813096150;40.4499537380
441991.8595670000;4478111.7449860000;2017-01-01;1900-01-08;5;Chamartín;51;1;El Viso;CONCHA ESPINA, AVENIDA, DE;22;0205110454;-3.6840986590;40.4516421300
441991.8595670000;4478111.7449860000;2014-07-01;2017-01-01;5;Chamartín;51;1;El Viso;CONCHA ESPINA, AVENIDA, DE;22;0505110454;-3.6840986590;40.4516421300
442100.2945531550;4478105.5760720700;2017-01-01;1900-01-08;5;Chamartín;51;1;El Viso;CONCHA ESPINA, AVENIDA, DE;28;0205110453;-3.6828194160;40.4515944020
442101.0817890000;4478105.9116520000;2014-07-01;2017-01-01;5;Chamartín;51;1;El Viso;CONCHA ESPINA, AVENIDA, DE;28;0505110453;-3.6828101910;40.4515978400
442394.6375600000;4478097.5725040000;2014-07-01;2017-01-01;5;Chamartín;51;1;El Viso;CONCHA ESPINA, AVENIDA, DE;32;0505110463;-3.6793476930;40.4515428360
442318.7484560000;4478097.7172080000;2017-01-01;1900-01-08;5;Chamartín;51;1;El Viso;CONCHA ESPINA, AVENIDA, DE;S/N;0205110458;-3.6802426530;40.4515392260
442397.0723309330;4478097.2427387400;2017-01-01;1900-01-08;5;Chamartín;51;1;El Viso;CONCHA ESPINA, AVENIDA, DE;S/N;0205110463;-3.6793189300;40.4515397420
442318.7484560000;4478097.7172080000;2014-07-01;2017-01-01;5;Chamartín;51;1;El Viso;CONCHA ESPINA, AVENIDA, DE;S/N;0505110458;-3.6802426530;40.4515392260
441736.0723309330;4477583.4094054000;2017-01-01;1900-01-08;5;Chamartín;51;1;El Viso;DANIEL URRABIETA, CALLE, DE;1;0205110510;-3.6870665800;40.4468647500
441759.4056642660;4477772.4094054000;2017-01-01;1900-01-08;5;Chamartín;51;1;El Viso;DANIEL URRABIETA, CALLE, DE;12;0205110516;-3.6868087490;40.4485697010
441759.7441060000;4477772.1866950000;2014-07-01;2017-01-01;5;Chamartín;51;1;El Viso;DANIEL URRABIETA, CALLE, DE;12;0505110516;-3.6868047380;40.4485675240
441836.8871457480;4477973.8723683700;2017-01-01;1900-01-08;5;Chamartín;51;1;El Viso;DARRO, CALLE, DE;23;0205110517;-3.6859135600;40.4503894150
441837.3595670000;4477973.8560970000;2014-07-01;2017-01-01;5;Chamartín;51;1;El Viso;DARRO, CALLE, DE;23;0505110517;-3.6859080020;40.4503891860
441825.5723309330;4477803.4094054000;2017-01-01;1900-01-08;5;Chamartín;51;1;El Viso;DARRO, CALLE, DE;6;0205110523;-3.6860313600;40.4488533720
441826.9984560000;4477803.3005410000;2014-07-01;2017-01-01;5;Chamartín;51;1;El Viso;DARRO, CALLE, DE;6;0505110523;-3.6860145150;40.4488524550
442077.4056642660;4477462.0945905900;2017-01-01;1900-01-08;5;Chamartín;51;1;El Viso;DOCTOR ARCE, AVENIDA, DEL;10 B;0205110525;-3.6830306080;40.4457962990
442077.5774390000;4477462.9459540000;2014-07-01;2017-01-01;5;Chamartín;51;1;El Viso;DOCTOR ARCE, AVENIDA, DEL;10 B;0505110525;-3.6830286600;40.4458035750
442029.1700320000;4477467.5015100000;2017-01-01;1900-01-08;5;Chamartín;51;1;El Viso;DOCTOR ARCE, AVENIDA, DEL;11;0205110526;-3.6835998990;40.4458416770
442029.1700320000;4477467.5015100000;2014-07-01;2017-01-01;5;Chamartín;51;1;El Viso;DOCTOR ARCE, AVENIDA, DEL;11;0505110526;-3.6835998990;40.4458416770
442210.6556642660;4477558.8260720700;2017-01-01;1900-01-08;5;Chamartín;51;1;El Viso;DOCTOR ARCE, AVENIDA, DEL;16;0205110466;-3.6814682670;40.4466767060
442192.1329950000;4477571.1681770000;2017-01-01;1900-01-08;5;Chamartín;51;1;El Viso;DOCTOR ARCE, AVENIDA, DEL;25;0205110429;-3.6816878240;40.4467868850
442192.1329950000;4477571.1681770000;2014-07-01;2017-01-01;5;Chamartín;51;1;El Viso;DOCTOR ARCE, AVENIDA, DEL;25;0505110429;-3.6816878240;40.4467868850
442266.3922540000;4477642.6866950000;2017-01-01;1900-01-08;5;Chamartín;51;1;El Viso;DOCTOR ARCE, AVENIDA, DEL;31;0205110430;-3.6808186470;40.4474361040
442266.3922540000;4477642.6866950000;2014-07-01;2017-01-01;5;Chamartín;51;1;El Viso;DOCTOR ARCE, AVENIDA, DEL;31;0505110430;-3.6808186470;40.4474361040
442330.6556642660;4477706.2427387400;2017-01-01;1900-01-08;5;Chamartín;51;1;El Viso;DOCTOR ARCE, AVENIDA, DEL;37;0205110431;-3.6800666970;40.4480132440
442332.1655540000;4477706.0929640000;2014-07-01;2017-01-01;5;Chamartín;51;1;El Viso;DOCTOR ARCE, AVENIDA, DEL;37;0505110431;-3.6800488210;40.4480115250
441965.8366990000;4477419.8718800000;2017-01-01;1900-01-08;5;Chamartín;51;1;El Viso;DOCTOR ARCE, AVENIDA, DEL;6;0205110524;-3.6843423380;40.4454082340
441965.8366990000;4477419.8718800000;2014-07-01;2017-01-01;5;Chamartín;51;1;El Viso;DOCTOR ARCE, AVENIDA, DEL;6;0505110524;-3.6843423380;40.4454082340
442395.5126590000;4477017.3421070000;2017-01-01;1900-01-08;5;Chamartín;51;1;El Viso;DUQUE DE SEVILLA, CALLE, DEL;2;0205110482;-3.6792394040;40.4418112050
442395.5126590000;4477017.3421070000;2014-07-01;2017-01-01;5;Chamartín;51;1;El Viso;DUQUE DE SEVILLA, CALLE, DEL;2;0505110482;-3.6792394040;40.4418112050
442251.7389975990;4476761.5760720700;2014-07-01;1900-01-08;5;Chamartín;51;1;El Viso;EDISON, CALLE, DE;3;0205110303;-3.6809113520;40.4394971430
442414.7214720000;4477392.0114630000;2017-01-01;2021-02-12;5;Chamartín;51;1;El Viso;EMILIO CAMPION, CALLE, DE;9;0205110473;-3.6790468320;40.4451880470
442414.7214720000;4477392.0114630000;2014-07-01;2017-01-01;5;Chamartín;51;1;El Viso;EMILIO CAMPION, CALLE, DE;9;0505110473;-3.6790468320;40.4451880470
442321.3552170000;4477665.5755840000;2017-01-01;1900-01-08;5;Chamartín;51;1;El Viso;ESTEVEZ, CALLE, DE;S/N;0205110469;-3.6801726370;40.4476458640
442321.3552170000;4477665.5755840000;2014-07-01;2017-01-01;5;Chamartín;51;1;El Viso;ESTEVEZ, CALLE, DE;S/N;0505110469;-3.6801726370;40.4476458640
442308.2393560000;4477169.5173080000;2017-01-01;1900-01-08;5;Chamartín;51;1;El Viso;FELIPE CAMPOS, CALLE, DE;11;0205110437;-3.6802821870;40.4431767930
442308.2393560000;4477169.5173080000;2014-07-01;2017-01-01;5;Chamartín;51;1;El Viso;FELIPE CAMPOS, CALLE, DE;11;0505110437;-3.6802821870;40.4431767930
442375.5733240000;4477102.3818340000;2017-01-01;1900-01-08;5;Chamartín;51;1;El Viso;FELIPE CAMPOS, CALLE, DE;2 C;0205110481;-3.6794822230;40.4425766770
442375.5733240000;4477102.3818340000;2014-07-01;2017-01-01;5;Chamartín;51;1;El Viso;FELIPE CAMPOS, CALLE, DE;2 C;0505110481;-3.6794822230;40.4425766770
441871.4131690000;4477691.4634810000;2017-01-01;1900-01-08;5;Chamartín;51;1;El Viso;FRANCISCO ALCANTARA, CALLE, DE;24;0205110507;-3.6854805750;40.4478484040
441871.4131690000;4477691.4634810000;2014-07-01;2017-01-01;5;Chamartín;51;1;El Viso;FRANCISCO ALCANTARA, CALLE, DE;24;0505110507;-3.6854805750;40.4478484040
442311.2389975990;4476836.2427387400;2017-01-01;2021-02-12;5;Chamartín;51;1;El Viso;FRANCISCO SILVELA, CALLE, DE;124;0205110425;-3.6802165830;40.4401740360
442311.1793250000;4476837.6198840000;2014-07-01;2017-01-01;5;Chamartín;51;1;El Viso;FRANCISCO SILVELA, CALLE, DE;124;0505110425;-3.6802173850;40.4401870990
442221.6278864880;4477292.6871831800;2017-01-01;2023-10-25;5;Chamartín;51;1;El Viso;FRANCO, CALLE, DE;26;0205110480;-3.6813147140;40.4442802520
442219.7208370000;4477288.7950860000;2014-07-01;2017-01-01;5;Chamartín;51;1;El Viso;FRANCO, CALLE, DE;26;0505110480;-3.6813368300;40.4442451300
441774.3223309330;4477899.4094054000;2017-01-01;1900-01-08;5;Chamartín;51;1;El Viso;FRAY JUAN GIL, CALLE, DE;5;0205110518;-3.6866444820;40.4497141270
441772.8595670000;4477898.0227630000;2014-07-01;2017-01-01;5;Chamartín;51;1;El Viso;FRAY JUAN GIL, CALLE, DE;5;0505110518;-3.6866616130;40.4497016360
442346.1288800000;4477220.3818340000;2017-01-01;1900-01-08;5;Chamartín;51;1;El Viso;GABRIEL LOBO, CALLE, DE;25;0205110475;-3.6798401500;40.4436369930
442346.1288800000;4477220.3818340000;2014-07-01;2017-01-01;5;Chamartín;51;1;El Viso;GABRIEL LOBO, CALLE, DE;25;0505110475;-3.6798401500;40.4436369930
442377.9324421410;4477241.1040205600;2017-01-01;2024-04-24;5;Chamartín;51;1;El Viso;GABRIEL LOBO, CALLE, DE;26;0205110468;-3.6794670400;40.4438259540
442377.2399910000;4477241.0485000000;2014-07-01;2017-01-01;5;Chamartín;51;1;El Viso;GABRIEL LOBO, CALLE, DE;26;0505110468;-3.6794752330;40.4438257820
442212.4245410000;4477072.6099010000;2017-01-01;1900-01-08;5;Chamartín;51;1;El Viso;GABRIEL LOBO, CALLE, DE;6;0205110464;-3.6814031790;40.4422966150
442212.4245410000;4477072.6099010000;2014-07-01;2017-01-01;5;Chamartín;51;1;El Viso;GABRIEL LOBO, CALLE, DE;6;0505110464;-3.6814031790;40.4422966150
442283.0723309330;4477437.8260720700;2023-10-05;1900-01-08;5;Chamartín;51;1;El Viso;GALLARZA, CALLE, DE;17;0205110478;-3.6806033300;40.4455915230
442280.1700320000;4477444.6126210000;2017-01-01;2023-10-05;5;Chamartín;51;1;El Viso;GALLARZA, CALLE, DE;19;0205110478;-3.6806382230;40.4456522570
442280.1700320000;4477444.6126210000;2014-07-01;2017-01-01;5;Chamartín;51;1;El Viso;GALLARZA, CALLE, DE;19;0505110478;-3.6806382230;40.4456522570
442227.0723309330;4477694.2427387400;2017-01-01;1900-01-08;5;Chamartín;51;1;El Viso;GENIL, CALLE, DEL;1;0205110490;-3.6812869830;40.4478979650
442227.5902280000;4477694.4621140000;2014-07-01;2017-01-01;5;Chamartín;51;1;El Viso;GENIL, CALLE, DEL;1;0505110490;-3.6812809090;40.4479002000
442280.5723309330;4477878.4927387400;2017-01-01;1900-01-08;5;Chamartín;51;1;El Viso;GENIL, CALLE, DEL;17;0205110493;-3.6806728290;40.4495609750
442281.0262340000;4477878.3190600000;2014-07-01;2017-01-01;5;Chamartín;51;1;El Viso;GENIL, CALLE, DEL;17;0505110493;-3.6806675010;40.4495596000
441598.7493950000;4477290.5929900000;2014-07-01;1900-01-08;5;Chamartín;51;1;El Viso;GRIJALBA, CALLE, DE;17;0205110331;-3.6886588870;40.4442179140
441659.0774390000;4477598.7978060000;2017-01-01;1900-01-08;5;Chamartín;51;1;El Viso;GUADALQUIVIR, CALLE, DEL;11;0205110456;-3.6879758640;40.4469987080
441659.0774390000;4477598.7978060000;2014-07-01;2017-01-01;5;Chamartín;51;1;El Viso;GUADALQUIVIR, CALLE, DEL;11;0505110456;-3.6879758640;40.4469987080
441736.1329950000;4477582.7978060000;2014-07-01;2017-01-01;5;Chamartín;51;1;El Viso;GUADALQUIVIR, CALLE, DEL;16;0505110510;-3.6870658350;40.4468591930
441838.6362170000;4477539.0919720000;2017-01-01;1900-01-08;5;Chamartín;51;1;El Viso;GUADALQUIVIR, CALLE, DEL;3;0205110455;-3.6858531130;40.4464727900
441838.6362170000;4477539.0919720000;2014-07-01;2017-01-01;5;Chamartín;51;1;El Viso;GUADALQUIVIR, CALLE, DEL;3;0505110455;-3.6858531130;40.4464727900
441952.1556642660;4477696.0760720700;2017-01-01;1900-01-08;5;Chamartín;51;1;El Viso;GUADIANA, CALLE, DEL;8;0205110506;-3.6845288930;40.4478947560
441951.1700320000;4477696.1681770000;2014-07-01;2017-01-01;5;Chamartín;51;1;El Viso;GUADIANA, CALLE, DEL;8;0505110506;-3.6845405240;40.4478963610
441611.6852950000;4478016.0674450000;2014-07-01;1900-01-08;5;Chamartín;51;1;El Viso;GUTIERREZ SOLANA, CALLE, DE;4;0205110347;-3.6885730580;40.4507543890
441694.3223309330;4477972.6594054000;2014-07-01;1900-01-08;5;Chamartín;51;1;El Viso;GUTIERREZ SOLANA, CALLE, DE;8;0205110352;-3.6875945610;40.4503683300
441488.3143950000;4477847.3546450000;2014-07-01;1900-01-08;5;Chamartín;51;1;El Viso;HERMANOS PINZON, CALLE, DE LOS;1;0205110340;-3.6900122130;40.4492257370
441488.6934100000;4477808.0029070000;2014-07-01;1900-01-08;5;Chamartín;51;1;El Viso;HERMANOS PINZON, CALLE, DE LOS;4;0205110339;-3.6900041350;40.4488710770
442229.8978780040;4477288.8301273400;2024-10-30;1900-01-08;5;Chamartín;51;1;El Viso;JOAQUIN MONTES JOVELLAR, CALLE, DE;2;0205110480;-3.6812167380;40.4442455880
441741.8223309330;4477177.6594054000;2014-07-01;1900-01-08;5;Chamartín;51;1;El Viso;JORGE MANRIQUE, CALLE, DE;27;0205110327;-3.6869615570;40.4432100240
441471.0723309330;4476842.5760720700;2014-07-01;1900-01-08;5;Chamartín;51;1;El Viso;JOSE GUTIERREZ ABASCAL, CALLE, DE;2;0205110286;-3.6901229090;40.4401726030
441419.5723309330;4476954.8260720700;2014-07-01;1900-01-08;5;Chamartín;51;1;El Viso;JOSE GUTIERREZ ABASCAL, CALLE, DE;S/N;0205110288;-3.6907405570;40.4411800350
441919.7389975990;4477142.8260720700;2014-07-01;1900-01-08;5;Chamartín;51;1;El Viso;JUAN DE LA CIERVA, CALLE, DE;6;0205110353;-3.6848605210;40.4429085910
441488.0723309330;4477724.2427387400;2014-07-01;1900-01-08;5;Chamartín;51;1;El Viso;LA HABANA, PASEO, DE;1;0205110338;-3.6900037340;40.4481164340
441549.9612198220;4477785.1871831800;2017-01-01;1900-01-08;5;Chamartín;51;1;El Viso;LA HABANA, PASEO, DE;22;0205110420;-3.6892795720;40.4486698540
441549.0774390000;4477785.0755840000;2014-07-01;2017-01-01;5;Chamartín;51;1;El Viso;LA HABANA, PASEO, DE;22;0505110420;-3.6892900000;40.4486686510
441767.0800950000;4478058.1117450000;2014-07-01;1900-01-08;5;Chamartín;51;1;El Viso;LA HABANA, PASEO, DE;25;0205110351;-3.6867444060;40.4511432550
441602.7945531550;4477837.6871831800;2017-01-01;1900-01-08;5;Chamartín;51;1;El Viso;LA HABANA, PASEO, DE;28;0205110421;-3.6886615230;40.4491461540
441604.6929000000;4477839.8560970000;2014-07-01;2017-01-01;5;Chamartín;51;1;El Viso;LA HABANA, PASEO, DE;28;0505110421;-3.6886393490;40.4491664940
441681.6556642660;4477921.6594054000;2017-01-01;1900-01-08;5;Chamartín;51;1;El Viso;LA HABANA, PASEO, DE;42;0205110422;-3.6877392900;40.4499083590
441681.9706780000;4477922.6894300000;2014-07-01;2017-01-01;5;Chamartín;51;1;El Viso;LA HABANA, PASEO, DE;42;0505110422;-3.6877356230;40.4499179280
441756.9056642660;4478009.9094054000;2017-01-01;1900-01-08;5;Chamartín;51;1;El Viso;LA HABANA, PASEO, DE;52;0205110460;-3.6868600290;40.4507085520
441760.9984560000;4478014.0505410000;2014-07-01;2017-01-01;5;Chamartín;51;1;El Viso;LA HABANA, PASEO, DE;52;0505110460;-3.6868121870;40.4507464820
441585.5723309330;4477854.6316276300;2014-07-01;1900-01-08;5;Chamartín;51;1;El Viso;LA HABANA, PASEO, DE;S/N;0205110343;-3.6888660690;40.4492979300
441972.4056642660;4476621.4927387400;2014-07-01;1900-01-08;5;Chamartín;51;1;El Viso;LAGASCA, CALLE, DE;150;0205110315;-3.6841919360;40.4382158380
442182.6278864880;4476796.6871831800;2014-07-01;1900-01-08;5;Chamartín;51;1;El Viso;LOPEZ DE HOYOS, CALLE, DE;40;0205110308;-3.6817293640;40.4398094050
441949.4056642660;4476646.1594054000;2014-07-01;1900-01-08;5;Chamartín;51;1;El Viso;LOPEZ DE HOYOS, CALLE, DE;S/N;0205110316;-3.6844653520;40.4384368850
442290.3504670000;4476908.4617530000;2017-01-01;2021-07-07;5;Chamartín;51;1;El Viso;LOPEZ DE HOYOS, GLORIETA, DE;4;0205110424;-3.6804694870;40.4408238840
442290.3504670000;4476908.4617530000;2014-07-01;2017-01-01;5;Chamartín;51;1;El Viso;LOPEZ DE HOYOS, GLORIETA, DE;4;0505110424;-3.6804694870;40.4408238840
442297.8726411620;4477321.4470003100;2024-01-30;1900-01-08;5;Chamartín;51;1;El Viso;LORIGA, CALLE, DE;1;0205110476;-3.6804182070;40.4445440420
442312.0548060000;4477310.8633150000;2017-01-01;2023-11-30;5;Chamartín;51;1;El Viso;LORIGA, PASAJE, DE;2;0205110476;-3.6802501010;40.4444499050
442312.0548060000;4477310.8633150000;2014-07-01;2017-01-01;5;Chamartín;51;1;El Viso;LORIGA, PASAJE, DE;2;0505110476;-3.6802501010;40.4444499050
441452.6556642660;4477140.5760720700;2014-07-01;1900-01-08;5;Chamartín;51;1;El Viso;MAESTRO RIPOLL, CALLE, DEL;5;0205110287;-3.6903675620;40.4428560510
441615.7389975990;4478128.4927387400;2014-07-01;1900-01-08;5;Chamartín;51;1;El Viso;MARCELIANO SANTA MARIA, CALLE, DE;11;0205110348;-3.6885355290;40.4517669770
442422.5723309330;4477287.0760720700;2024-05-23;1900-01-08;5;Chamartín;51;1;El Viso;MARIA FRANCISCA, CALLE, DE;3;0205110474;-3.6789447890;40.4442435260
442404.9889975990;4477290.5760720700;2017-01-01;2024-05-23;5;Chamartín;51;1;El Viso;MARIA FRANCISCA, CALLE, DE;5;0205110474;-3.6791524290;40.4442738350
442404.2399910000;4477289.6225740000;2014-07-01;2017-01-01;5;Chamartín;51;1;El Viso;MARIA FRANCISCA, CALLE, DE;5;0505110474;-3.6791611370;40.4442646680
441687.2441060000;4477743.3903990000;2017-01-01;1900-01-08;5;Chamartín;51;1;El Viso;MARIA GUERRERO, PLAZA, DE;1;0205110515;-3.6876570130;40.4483032180
441687.2441060000;4477743.3903990000;2014-07-01;2017-01-01;5;Chamartín;51;1;El Viso;MARIA GUERRERO, PLAZA, DE;1;0505110515;-3.6876570130;40.4483032180
442373.3552170000;4477518.5755840000;2017-01-01;1900-01-08;5;Chamartín;51;1;El Viso;MARQUES DE VALDECILLA, CALLE, DEL;41;0205110471;-3.6795461650;40.4463251390
442373.3552170000;4477518.5755840000;2014-07-01;2017-01-01;5;Chamartín;51;1;El Viso;MARQUES DE VALDECILLA, CALLE, DEL;41;0505110471;-3.6795461650;40.4463251390
442324.6844350000;4477374.4559080000;2017-01-01;2023-11-08;5;Chamartín;51;1;El Viso;MARQUES DE VALDECILLA, CALLE, DEL;6;0205110477;-3.6801069760;40.4450241230
442324.6844350000;4477374.4559080000;2014-07-01;2017-01-01;5;Chamartín;51;1;El Viso;MARQUES DE VALDECILLA, CALLE, DEL;6;0505110477;-3.6801069760;40.4450241230
442316.4047662340;4477370.2673121700;2023-11-08;1900-01-08;5;Chamartín;51;1;El Viso;MARQUES DE VALDECILLA, CALLE, DEL;7;0205110477;-3.6802042070;40.4449850480
442190.5723309330;4476624.0760720700;2014-07-01;1900-01-08;5;Chamartín;51;1;El Viso;NUÑEZ DE BALBOA, CALLE, DE;120;0205110306;-3.6816200430;40.4382550280
442149.9056642660;4476879.3260720700;2014-07-01;1900-01-08;5;Chamartín;51;1;El Viso;OQUENDO, CALLE, DE;23;0205110313;-3.6821226990;40.4405515000
442205.4663280000;4477553.2422510000;2014-07-01;2017-01-01;5;Chamartín;51;1;El Viso;ORIA, CALLE, DEL;31;0505110466;-3.6815290000;40.4466262280
442056.6885500000;4477633.0570650000;2017-01-01;1900-01-08;5;Chamartín;51;1;El Viso;ORIA, CALLE, DEL;8;0205110488;-3.6832905590;40.4473345760
442056.6885500000;4477633.0570650000;2014-07-01;2017-01-01;5;Chamartín;51;1;El Viso;ORIA, CALLE, DEL;8;0505110488;-3.6832905590;40.4473345760
442085.1072950000;4477019.6437900000;2014-07-01;1900-01-08;5;Chamartín;51;1;El Viso;PABLO ARANDA, CALLE, DE;24;0205110317;-3.6828994580;40.4418104030
441961.9831950000;4477044.7047900000;2014-07-01;1900-01-08;5;Chamartín;51;1;El Viso;PABLO ARANDA, CALLE, DE;3;0205110318;-3.6843535100;40.4420278980
441635.4007580000;4476743.0146130000;2014-07-01;1900-01-08;5;Chamartín;51;1;El Viso;PEDRO DE VALDIVIA, CALLE, DE;1;0205110324;-3.6881763990;40.4392873260
441904.9056642660;4476712.7427387400;2014-07-01;1900-01-08;5;Chamartín;51;1;El Viso;PEDRO DE VALDIVIA, CALLE, DE;15;0205110309;-3.6849961400;40.4390339640
441749.5723309330;4476766.7427387400;2014-07-01;1900-01-08;5;Chamartín;51;1;El Viso;PEDRO DE VALDIVIA, CALLE, DE;20;0205110326;-3.6868324690;40.4395092330
442158.9889975990;4476704.4094054000;2014-07-01;1900-01-08;5;Chamartín;51;1;El Viso;PEDRO DE VALDIVIA, CALLE, DE;21;0205110307;-3.6819996850;40.4389763250
442338.4056642660;4476672.4094054000;2014-07-01;1900-01-08;5;Chamartín;51;1;El Viso;PEDRO DE VALDIVIA, CALLE, DE;38;0205110304;-3.6798814600;40.4387007320
441503.6556642660;4476733.7427387400;2014-07-01;1900-01-08;5;Chamartín;51;1;El Viso;PEDRO DE VALDIVIA, CALLE, DE;6;0205110323;-3.6897287710;40.4391949080
441687.1556642660;4476688.1594054000;2014-07-01;1900-01-08;5;Chamartín;51;1;El Viso;PINAR, CALLE, DEL;18;0205110325;-3.6875611570;40.4387966450
442015.9056642660;4477873.0205165200;2017-01-01;1900-01-08;5;Chamartín;51;1;El Viso;PISUERGA, CALLE, DEL;8;0205110504;-3.6837933290;40.4494935380
442016.8040120000;4477870.8005410000;2014-07-01;2017-01-01;5;Chamartín;51;1;El Viso;PISUERGA, CALLE, DEL;8;0505110504;-3.6837825580;40.4494734270
442405.3636795330;4476810.4959194000;2022-12-07;1900-01-08;5;Chamartín;51;1;El Viso;PRINCIPE DE VERGARA, CALLE, DEL;111;0205110439;-3.6791045290;40.4399493220
442409.6237700000;4476841.7309960000;2017-01-01;2022-12-07;5;Chamartín;51;1;El Viso;PRINCIPE DE VERGARA, CALLE, DEL;111 A;0205110439;-3.6790570880;40.4402301850
442409.6237700000;4476841.7309960000;2014-07-01;2017-01-01;5;Chamartín;51;1;El Viso;PRINCIPE DE VERGARA, CALLE, DEL;111 A;0505110439;-3.6790570880;40.4402301850
442434.9577380000;4477121.2251510000;2017-01-01;1900-01-08;5;Chamartín;51;1;El Viso;PRINCIPE DE VERGARA, CALLE, DEL;131;0205110438;-3.6787837300;40.4427498820
442434.9577380000;4477121.2251510000;2014-07-01;2017-01-01;5;Chamartín;51;1;El Viso;PRINCIPE DE VERGARA, CALLE, DEL;131;0505110438;-3.6787837300;40.4427498820
442446.7282801550;4477231.8643505200;2017-01-01;1900-01-08;5;Chamartín;51;1;El Viso;PRINCIPE DE VERGARA, CALLE, DEL;135;0205110435;-3.6786549870;40.4437480320
442446.6288800000;4477229.8447970000;2014-07-01;2017-01-01;5;Chamartín;51;1;El Viso;PRINCIPE DE VERGARA, CALLE, DEL;135;0505110435;-3.6786559610;40.4437296970
442468.0920680000;4477455.3389770000;2017-01-01;1900-01-08;5;Chamartín;51;1;El Viso;PRINCIPE DE VERGARA, CALLE, DEL;141;0205110433;-3.6784233400;40.4457620930
442468.0920680000;4477455.3389770000;2014-07-01;2017-01-01;5;Chamartín;51;1;El Viso;PRINCIPE DE VERGARA, CALLE, DEL;141;0505110433;-3.6784233400;40.4457620930
442489.9889975990;4477695.9094054000;2017-01-01;1900-01-08;5;Chamartín;51;1;El Viso;PRINCIPE DE VERGARA, CALLE, DEL;195;0205110432;-3.6781869370;40.4479309100
442488.7587340000;4477683.9686060000;2014-07-01;2017-01-01;5;Chamartín;51;1;El Viso;PRINCIPE DE VERGARA, CALLE, DEL;195;0505110432;-3.6782002870;40.4478230220
442512.6889900000;4477931.6750600000;2017-01-01;1900-01-08;5;Chamartín;51;1;El Viso;PRINCIPE DE VERGARA, CALLE, DEL;207 A;0205110495;-3.6779405660;40.4500565840
442512.6889900000;4477931.6750600000;2014-07-01;2017-01-01;5;Chamartín;51;1;El Viso;PRINCIPE DE VERGARA, CALLE, DEL;207 A;0505110495;-3.6779405660;40.4500565840
442522.9889975990;4478047.0760720700;2017-01-01;1900-01-08;5;Chamartín;51;1;El Viso;PRINCIPE DE VERGARA, CALLE, DEL;211;0205110496;-3.6778295840;40.4510970750
442523.0223240000;4478047.1195040000;2014-07-01;2017-01-01;5;Chamartín;51;1;El Viso;PRINCIPE DE VERGARA, CALLE, DEL;211;0505110496;-3.6778291830;40.4510969600
441702.7389975990;4477415.7427387400;2014-07-01;1900-01-08;5;Chamartín;51;1;El Viso;PUENTE DEL DUERO, CALLE, DEL;11;0205110335;-3.6874442160;40.4453523140
441560.3496950000;4477874.1088450000;2014-07-01;1900-01-08;5;Chamartín;51;1;El Viso;QUITO, PLAZA, DE;S/N;0205110341;-3.6891652670;40.4494713070
441892.6556642660;4477432.1594054000;2017-01-01;1900-01-08;5;Chamartín;51;1;El Viso;REPUBLICA ARGENTINA, PLAZA, DE LA;7;0205110423;-3.6852063580;40.4455136010
441896.2441060000;4477431.1311390000;2014-07-01;2017-01-01;5;Chamartín;51;1;El Viso;REPUBLICA ARGENTINA, PLAZA, DE LA;7;0505110423;-3.6851639590;40.4455042620
442245.9848470000;4477496.1681770000;2017-01-01;1900-01-08;5;Chamartín;51;1;El Viso;RODRIGUEZ MARIN, CALLE, DE;11;0205110472;-3.6810459390;40.4461145190
442245.9848470000;4477496.1681770000;2014-07-01;2017-01-01;5;Chamartín;51;1;El Viso;RODRIGUEZ MARIN, CALLE, DE;11;0505110472;-3.6810459390;40.4461145190
442075.0723309330;4477249.4649609600;2017-01-01;1900-01-08;5;Chamartín;51;1;El Viso;RODRIGUEZ MARIN, CALLE, DE;4;0205110427;-3.6830387440;40.4438806710
442076.7949120000;4477251.6839750000;2014-07-01;2017-01-01;5;Chamartín;51;1;El Viso;RODRIGUEZ MARIN, CALLE, DE;4;0505110427;-3.6830186330;40.4439008970
442302.1556642660;4477571.9094054000;2017-01-01;1900-01-08;5;Chamartín;51;1;El Viso;RODRIGUEZ MARIN, CALLE, DE;46 B;0205110470;-3.6803904760;40.4468006940
442305.0589210000;4477577.7237320000;2014-07-01;2017-01-01;5;Chamartín;51;1;El Viso;RODRIGUEZ MARIN, CALLE, DE;46 B;0505110470;-3.6803568430;40.4468534060
442176.0959580000;4477387.7607690000;2017-01-01;1900-01-08;5;Chamartín;51;1;El Viso;RODRIGUEZ MARIN, CALLE, DE;5 B;0205110479;-3.6818602270;40.4451336730
442176.0959580000;4477387.7607690000;2014-07-01;2017-01-01;5;Chamartín;51;1;El Viso;RODRIGUEZ MARIN, CALLE, DE;5 B;0505110479;-3.6818602270;40.4451336730
442392.3501087110;4477731.9649609600;2017-01-01;1900-01-08;5;Chamartín;51;1;El Viso;RODRIGUEZ MARIN, CALLE, DE;70;0205110467;-3.6793415050;40.4482493030
442392.1887750000;4477732.2364310000;2014-07-01;2017-01-01;5;Chamartín;51;1;El Viso;RODRIGUEZ MARIN, CALLE, DE;70;0505110467;-3.6793433950;40.4482514800
442433.4665530000;4477889.9586530000;2017-01-01;1900-01-08;5;Chamartín;51;1;El Viso;RODRIGUEZ MARIN, CALLE, DE;78;0205110451;-3.6788709920;40.4496753950
442433.4665530000;4477889.9586530000;2014-07-01;2017-01-01;5;Chamartín;51;1;El Viso;RODRIGUEZ MARIN, CALLE, DE;78;0505110451;-3.6788709920;40.4496753950
442454.2945531550;4477940.6871831800;2017-01-01;1900-01-08;5;Chamartín;51;1;El Viso;RODRIGUEZ MARIN, CALLE, DE;80;0205110497;-3.6786299480;40.4501337040
442453.4112130000;4477940.6195040000;2014-07-01;2017-01-01;5;Chamartín;51;1;El Viso;RODRIGUEZ MARIN, CALLE, DE;80;0505110497;-3.6786404330;40.4501334170
442440.9112130000;4478003.2306160000;2017-01-01;1900-01-08;5;Chamartín;51;1;El Viso;RODRIGUEZ MARIN, CALLE, DE;82;0205110452;-3.6787934700;40.4506962910
442440.9112130000;4478003.2306160000;2014-07-01;2017-01-01;5;Chamartín;51;1;El Viso;RODRIGUEZ MARIN, CALLE, DE;82;0505110452;-3.6787934700;40.4506962910
441537.8501087110;4478067.8538498500;2014-07-01;1900-01-08;5;Chamartín;51;1;El Viso;SAN JUAN DE LA SALLE, CALLE, DE;3;0205110346;-3.6894484230;40.4512152190
441548.4706780000;4478145.2449860000;2014-07-01;1900-01-08;5;Chamartín;51;1;El Viso;SAN JUAN DE LA SALLE, CALLE, DE;5;0205110295;-3.6893302790;40.4519135400
442290.8689860000;4477042.5358270000;2017-01-01;1900-01-08;5;Chamartín;51;1;El Viso;SAN JULIO, CALLE, DE;5;0205110483;-3.6804755600;40.4420315650
442290.8689860000;4477042.5358270000;2014-07-01;2017-01-01;5;Chamartín;51;1;El Viso;SAN JULIO, CALLE, DE;5;0505110483;-3.6804755600;40.4420315650
441584.0218840000;4477627.2422510000;2017-01-01;1900-01-08;5;Chamartín;51;1;El Viso;SANTIAGO ARTIGAS, CALLE, DE;7;0205110511;-3.6888634330;40.4472489760
441584.0218840000;4477627.2422510000;2014-07-01;2017-01-01;5;Chamartín;51;1;El Viso;SANTIAGO ARTIGAS, CALLE, DE;7;0505110511;-3.6888634330;40.4472489760
441605.8223309330;4477944.1594054000;2014-07-01;1900-01-08;5;Chamartín;51;1;El Viso;SANTIAGO BERNABEU, CALLE, DE;16;0205110350;-3.6886355680;40.4501056290
441545.9889975990;4478000.6594054000;2014-07-01;1900-01-08;5;Chamartín;51;1;El Viso;SANTIAGO BERNABEU, CALLE, DE;6;0205110345;-3.6893463220;40.4506109200
441697.7605950000;4478130.6953450000;2014-07-01;1900-01-08;5;Chamartín;51;1;El Viso;SANTO DOMINGO DE SILOS, CALLE, DE;10;0205110296;-3.6875685480;40.4517926460
441671.7366950000;4478072.6762450000;2014-07-01;1900-01-08;5;Chamartín;51;1;El Viso;SANTO DOMINGO DE SILOS, CALLE, DE;5;0205110349;-3.6878701530;40.4512682750
442311.1560230000;4477083.5450860000;2017-01-01;1900-01-08;5;Chamartín;51;1;El Viso;SANTORCAZ, CALLE, DE;3;0205110484;-3.6802400740;40.4424023260
442311.1560230000;4477083.5450860000;2014-07-01;2017-01-01;5;Chamartín;51;1;El Viso;SANTORCAZ, CALLE, DE;3;0505110484;-3.6802400740;40.4424023260
442008.4889975990;4478036.7427387400;2017-01-01;1900-01-08;5;Chamartín;51;1;El Viso;SEGRE, CALLE, DEL;14;0205110501;-3.6838957740;40.4509681020
442008.7484560000;4478036.2449860000;2014-07-01;2017-01-01;5;Chamartín;51;1;El Viso;SEGRE, CALLE, DEL;14;0505110501;-3.6838926230;40.4509635760
441796.0337273220;4476739.0830176000;2014-07-01;1900-01-08;5;Chamartín;51;1;El Viso;SERRANO, CALLE, DE;107;0205110283;-3.6862820860;40.4392629180
441812.2389975990;4476959.8260720700;2014-07-01;1900-01-08;5;Chamartín;51;1;El Viso;SERRANO, CALLE, DE;113;0205110282;-3.6861112870;40.4412526290
441825.4612198220;4476855.9094054000;2014-07-01;1900-01-08;5;Chamartín;51;1;El Viso;SERRANO, CALLE, DE;132;0205110320;-3.6859459320;40.4403179050
441829.3315901920;4477195.1686646600;2014-07-01;1900-01-08;5;Chamartín;51;1;El Viso;SERRANO, CALLE, DE;135;0205110284;-3.6859313210;40.4433738900
441823.9056642660;4477081.8260720700;2014-07-01;1900-01-08;5;Chamartín;51;1;El Viso;SERRANO, CALLE, DE;144;0205110281;-3.6859848930;40.4423527650
441844.1942950000;4477115.4448900000;2014-07-01;1900-01-08;5;Chamartín;51;1;El Viso;SERRANO, CALLE, DE;144;0205110319;-3.6857487770;40.4426570630
441935.1006680000;4477546.7655370000;2017-01-01;1900-01-08;5;Chamartín;51;1;El Viso;SERRANO, CALLE, DE;149;0205110442;-3.6847163640;40.4465492220
441935.1006680000;4477546.7655370000;2014-07-01;2017-01-01;5;Chamartín;51;1;El Viso;SERRANO, CALLE, DE;149;0505110442;-3.6847163640;40.4465492220
441853.0723309330;4477238.9094054000;2014-07-01;1900-01-08;5;Chamartín;51;1;El Viso;SERRANO, CALLE, DE;150;0205110322;-3.6856553850;40.4437696320
441990.8424640000;4477658.9068790000;2017-01-01;1900-01-08;5;Chamartín;51;1;El Viso;SERRANO, CALLE, DE;159;0205110443;-3.6840692660;40.4475631860
441990.8424640000;4477658.9068790000;2014-07-01;2017-01-01;5;Chamartín;51;1;El Viso;SERRANO, CALLE, DE;159;0505110443;-3.6840692660;40.4475631860
441921.4663280000;4477494.2978060000;2017-01-01;1900-01-08;5;Chamartín;51;1;El Viso;SERRANO, CALLE, DE;160;0205110440;-3.6848723240;40.4460753290
441921.4663280000;4477494.2978060000;2014-07-01;2017-01-01;5;Chamartín;51;1;El Viso;SERRANO, CALLE, DE;160;0505110440;-3.6848723240;40.4460753290
442027.0774390000;4477734.9089170000;2017-01-01;1900-01-08;5;Chamartín;51;1;El Viso;SERRANO, CALLE, DE;167;0205110445;-3.6836490010;40.4482499330
442027.0774390000;4477734.9089170000;2014-07-01;2017-01-01;5;Chamartín;51;1;El Viso;SERRANO, CALLE, DE;167;0505110445;-3.6836490010;40.4482499330
441966.1278864880;4477575.4649609600;2017-01-01;1900-01-08;5;Chamartín;51;1;El Viso;SERRANO, CALLE, DE;170;0205110441;-3.6843531090;40.4468098040
441965.6329950000;4477575.5755840000;2014-07-01;2017-01-01;5;Chamartín;51;1;El Viso;SERRANO, CALLE, DE;170;0505110441;-3.6843589530;40.4468108920
442023.9056642660;4477691.7010720700;2017-01-01;1900-01-08;5;Chamartín;51;1;El Viso;SERRANO, CALLE, DE;180;0205110444;-3.6836824620;40.4478606080
442023.9056642660;4477691.7010720700;2014-07-01;2017-01-01;5;Chamartín;51;1;El Viso;SERRANO, CALLE, DE;180;0505110444;-3.6836824620;40.4478606080
442066.3686272290;4477778.1686646600;2017-01-01;1900-01-08;5;Chamartín;51;1;El Viso;SERRANO, CALLE, DE;186;0205110446;-3.6831896040;40.4486426380
442067.7441060000;4477781.0200280000;2014-07-01;2017-01-01;5;Chamartín;51;1;El Viso;SERRANO, CALLE, DE;186;0505110446;-3.6831737330;40.4486688220
442117.4706780000;4477885.3560970000;2017-01-01;1900-01-08;5;Chamartín;51;1;El Viso;SERRANO, CALLE, DE;192;0205110447;-3.6825968220;40.4496119680
442117.4706780000;4477885.3560970000;2014-07-01;2017-01-01;5;Chamartín;51;1;El Viso;SERRANO, CALLE, DE;192;0505110447;-3.6825968220;40.4496119680
442189.9056642660;4478022.5760720700;2017-01-01;1900-01-08;5;Chamartín;51;1;El Viso;SERRANO, CALLE, DE;208;0205110448;-3.6817552040;40.4508533960
442188.9151230000;4478023.1338740000;2015-02-24;2017-01-01;5;Chamartín;51;1;El Viso;SERRANO, CALLE, DE;208;0505110448;-3.6817668920;40.4508579800
442025.7255870000;4477572.5015100000;2017-01-01;1900-01-08;5;Chamartín;51;1;El Viso;SIL, CALLE, DEL;2;0205110486;-3.6836500900;40.4467867710
442025.7255870000;4477572.5015100000;2014-07-01;2017-01-01;5;Chamartín;51;1;El Viso;SIL, CALLE, DEL;2;0505110486;-3.6836500900;40.4467867710
442266.9056642660;4478019.8260720700;2017-01-01;1900-01-08;5;Chamartín;51;1;El Viso;SIL, CALLE, DEL;33;0205110498;-3.6808468370;40.4508335720
442267.3595670000;4478020.8560970000;2014-07-01;2017-01-01;5;Chamartín;51;1;El Viso;SIL, CALLE, DEL;33;0505110498;-3.6808416230;40.4508431400
442137.6556642660;4477781.9094054000;2017-01-01;1900-01-08;5;Chamartín;51;1;El Viso;SIL, CALLE, DEL;38;0205110491;-3.6823493610;40.4486815990
442176.4056642660;4477859.4927387400;2017-01-01;1900-01-08;5;Chamartín;51;1;El Viso;SIL, CALLE, DEL;50;0205110492;-3.6818994750;40.4493826710
442094.1066290000;4477700.5357690000;2017-01-01;1900-01-08;5;Chamartín;51;1;El Viso;SIL, CALLE, DEL;7;0205110489;-3.6828553970;40.4479453490
442094.1066290000;4477700.5357690000;2014-07-01;2017-01-01;5;Chamartín;51;1;El Viso;SIL, CALLE, DEL;7;0505110489;-3.6828553970;40.4479453490
442135.0589210000;4477779.4644730000;2014-07-01;2017-01-01;5;Chamartín;51;1;El Viso;TAJO, CALLE, DEL;7;0505110491;-3.6823797280;40.4486590250
441897.8550790000;4477612.2479250000;2017-01-01;1900-01-08;5;Chamartín;51;1;El Viso;TAMBRE, CALLE, DEL;10;0205110508;-3.6851615530;40.4471359880
441897.8550790000;4477612.2479250000;2014-07-01;2017-01-01;5;Chamartín;51;1;El Viso;TAMBRE, CALLE, DEL;10;0505110508;-3.6851615530;40.4471359880
441815.7389975990;4477625.8260720700;2017-01-01;1900-01-08;5;Chamartín;51;1;El Viso;TAMBRE, CALLE, DEL;21;0205110509;-3.6861310540;40.4472522990
441813.4613150000;4477626.5155390000;2014-07-01;2017-01-01;5;Chamartín;51;1;El Viso;TAMBRE, CALLE, DEL;21;0505110509;-3.6861579830;40.4472591170
441685.2389975990;4477668.2982942900;2017-01-01;1900-01-08;5;Chamartín;51;1;El Viso;TAMBRE, CALLE, DEL;32;0205110514;-3.6876738010;40.4476262110
441682.8552170000;4477668.9089170000;2014-07-01;2017-01-01;5;Chamartín;51;1;El Viso;TAMBRE, CALLE, DEL;32;0505110514;-3.6877019330;40.4476316540
442021.2945531550;4477944.2427387400;2017-01-01;1900-01-08;5;Chamartín;51;1;El Viso;TORMES, CALLE, DEL;13;0205110500;-3.6837362630;40.4501352510
442020.0817890000;4477943.4672080000;2014-07-01;2017-01-01;5;Chamartín;51;1;El Viso;TORMES, CALLE, DEL;13;0505110500;-3.6837505290;40.4501284320
442034.6373450000;4477806.8005410000;2017-01-01;1900-01-08;5;Chamartín;51;1;El Viso;TORMES, CALLE, DEL;2;0205110505;-3.6835663810;40.4488984640
442034.6373450000;4477806.8005410000;2014-07-01;2017-01-01;5;Chamartín;51;1;El Viso;TORMES, CALLE, DEL;2;0505110505;-3.6835663810;40.4488984640
442092.9056642660;4477570.5760720700;2017-01-01;1900-01-08;5;Chamartín;51;1;El Viso;URUMEA, CALLE, DEL;10;0205110487;-3.6828577470;40.4467747390
442095.9478100000;4477568.0941020000;2014-07-01;2017-01-01;5;Chamartín;51;1;El Viso;URUMEA, CALLE, DEL;10;0505110487;-3.6828215930;40.4467518780
442058.4056642660;4476636.8260720700;2014-07-01;1900-01-08;5;Chamartín;51;1;El Viso;VELAZQUEZ, CALLE, DE;129;0205110314;-3.6831794620;40.4383601660
442071.3223309330;4476816.2427387400;2014-07-01;1900-01-08;5;Chamartín;51;1;El Viso;VELAZQUEZ, CALLE, DE;133;0205110302;-3.6830434420;40.4399773390
442084.2389975990;4476679.5760720700;2014-07-01;1900-01-08;5;Chamartín;51;1;El Viso;VELAZQUEZ, CALLE, DE;134;0205110279;-3.6828787170;40.4387473130
442095.5499950000;4476811.1182900000;2014-07-01;1900-01-08;5;Chamartín;51;1;El Viso;VELAZQUEZ, CALLE, DE;136;0205110278;-3.6827573070;40.4399326480
442105.6760769090;4476950.5567568800;2014-07-01;1900-01-08;5;Chamartín;51;1;El Viso;VELAZQUEZ, CALLE, DE;144;0205110280;-3.6826506800;40.4411900040
442102.8501087110;4477231.9094054000;2017-01-01;1900-01-08;5;Chamartín;51;1;El Viso;VELAZQUEZ, CALLE, DE;147;0205110522;-3.6827096370;40.4437240820
442102.3504670000;4477235.6284190000;2014-07-01;2017-01-01;5;Chamartín;51;1;El Viso;VELAZQUEZ, CALLE, DE;147;0505110522;-3.6827158250;40.4437576570
442127.7393560000;4477268.5173080000;2017-01-01;1900-01-08;5;Chamartín;51;1;El Viso;VELAZQUEZ, CALLE, DE;156;0205110521;-3.6824194910;40.4440555380
442127.7393560000;4477268.5173080000;2014-07-01;2017-01-01;5;Chamartín;51;1;El Viso;VELAZQUEZ, CALLE, DE;156;0505110521;-3.6824194910;40.4440555380
442135.3552170000;4477379.7978060000;2017-01-01;1900-01-08;5;Chamartín;51;1;El Viso;VELAZQUEZ, CALLE, DE;162;0205110428;-3.6823398500;40.4450585580
442135.3552170000;4477379.7978060000;2014-07-01;2017-01-01;5;Chamartín;51;1;El Viso;VELAZQUEZ, CALLE, DE;162;0505110428;-3.6823398500;40.4450585580
441651.7780950000;4477213.8780900000;2014-07-01;1900-01-08;5;Chamartín;51;1;El Viso;VITRUVIO, CALLE, DE;13;0205110328;-3.6880265710;40.4435299640
441726.6556642660;4477282.5760720700;2014-07-01;1900-01-08;5;Chamartín;51;1;El Viso;VITRUVIO, CALLE, DE;21;0205110329;-3.6871500030;40.4441546030
441782.7389975990;4477310.9927387400;2014-07-01;1900-01-08;5;Chamartín;51;1;El Viso;VITRUVIO, CALLE, DE;30;0205110321;-3.6864912730;40.4444144390
441566.1357950000;4477112.4514900000;2014-07-01;1900-01-08;5;Chamartín;51;1;El Viso;VITRUVIO, CALLE, DE;5;0205110300;-3.6890269550;40.4426105960
441818.7389975990;4477387.4649609600;2014-07-01;1900-01-08;5;Chamartín;51;1;El Viso;VITRUVIO, CALLE, DE;S/N;0205110301;-3.6860738160;40.4451061140
443396.3422220000;4477020.6054690000;2017-01-01;1900-01-08;5;Chamartín;52;2;Prosperidad;A-2, AUTOVIA;S/N;0205210613;-3.6674392230;40.4419098690
443467.7317360000;4477074.7106760000;2017-01-01;2023-12-11;5;Chamartín;52;2;Prosperidad;A-2, AUTOVIA;S/N;0205210614;-3.6666023040;40.4424018670
443260.4056642660;4476919.0760720700;2017-01-01;1900-01-08;5;Chamartín;52;2;Prosperidad;A-2, AUTOVIA;S/N;0205210679;-3.6690329630;40.4409854580
443396.3422220000;4477020.6054690000;2014-07-01;2017-01-01;5;Chamartín;52;2;Prosperidad;A-2, AUTOVIA;S/N;0505210613;-3.6674392230;40.4419098690
443467.7317360000;4477074.7106760000;2014-07-01;2017-01-01;5;Chamartín;52;2;Prosperidad;A-2, AUTOVIA;S/N;0505210614;-3.6666023040;40.4424018670
443260.2355160000;4476918.6695950000;2014-07-01;2017-01-01;5;Chamartín;52;2;Prosperidad;A-2, AUTOVIA;S/N;0505210679;-3.6690349680;40.4409826510
443153.5688490000;4476993.2251510000;2017-01-01;1900-01-08;5;Chamartín;52;2;Prosperidad;ALUSTANTE, CALLE, DE;1;0205210676;-3.6702993140;40.4416461360
443153.5688490000;4476993.2251510000;2014-07-01;2017-01-01;5;Chamartín;52;2;Prosperidad;ALUSTANTE, CALLE, DE;1;0505210676;-3.6702993140;40.4416461360
443081.1587506860;4477144.8970597300;2017-01-01;1900-01-08;5;Chamartín;52;2;Prosperidad;ALUSTANTE, CALLE, DE;15;0205210683;-3.6711666000;40.4430081710
443080.6799600000;4477144.9473730000;2014-07-01;2017-01-01;5;Chamartín;52;2;Prosperidad;ALUSTANTE, CALLE, DE;15;0505210683;-3.6711722150;40.4430081710
442953.1834420440;4476749.7427387400;2017-01-01;1900-01-08;5;Chamartín;52;2;Prosperidad;AMERICA, AVENIDA, DE;35;0205210654;-3.6726401330;40.4394396180
442952.3969980000;4476748.0002580000;2014-07-01;2017-01-01;5;Chamartín;52;2;Prosperidad;AMERICA, AVENIDA, DE;35;0505210654;-3.6726491860;40.4394235180
442841.6649235250;4476990.5019980000;2017-01-01;1900-01-08;5;Chamartín;52;2;Prosperidad;ANASTASIO AROCA, CALLE, DE;21;0205210660;-3.6739766140;40.4416009300
442842.5688490000;4476989.4473730000;2014-07-01;2017-01-01;5;Chamartín;52;2;Prosperidad;ANASTASIO AROCA, CALLE, DE;21;0505210660;-3.6739658430;40.4415910180
442920.0723309330;4476919.7242202200;2017-01-01;1900-01-08;5;Chamartín;52;2;Prosperidad;ANASTASIO AROCA, CALLE, DE;7;0205210659;-3.6730457300;40.4409684420
442920.0503310000;4476920.0399650000;2014-07-01;2017-01-01;5;Chamartín;52;2;Prosperidad;ANASTASIO AROCA, CALLE, DE;7;0505210659;-3.6730460740;40.4409713640
443128.2402160000;4477400.4871250000;2017-01-01;1900-01-08;5;Chamartín;52;2;Prosperidad;ANTONIO ZAPATA, CALLE, DE;7;0205210688;-3.6706343800;40.4453132380
443128.2402160000;4477400.4871250000;2014-07-01;2017-01-01;5;Chamartín;52;2;Prosperidad;ANTONIO ZAPATA, CALLE, DE;7;0505210688;-3.6706343800;40.4453132380
443198.4797383400;4477406.3168128100;2017-01-01;1900-01-08;5;Chamartín;52;2;Prosperidad;BAEZA, CALLE, DE;1;0205210620;-3.6698066270;40.4453707630
443202.5735490000;4477405.0056430000;2014-07-01;2017-01-01;5;Chamartín;52;2;Prosperidad;BAEZA, CALLE, DE;1;0505210620;-3.6697582700;40.4453591320
443264.5735490000;4477455.8574950000;2014-07-01;2017-01-01;5;Chamartín;52;2;Prosperidad;BAEZA, CALLE, DE;5;0505210714;-3.6690317590;40.4458216810
443264.3192445130;4477456.2303930600;2017-01-01;1900-01-08;5;Chamartín;52;2;Prosperidad;BAEZA, CALLE, DE;7;0205210714;-3.6690347960;40.4458247750
443420.9539580000;4477068.7106760000;2017-01-01;1900-01-08;5;Chamartín;52;2;Prosperidad;CAMILO JOSE CELA, AVENIDA, DE;S/N;0205210615;-3.6671533170;40.4423446860
443450.3223309330;4477097.8260720700;2017-01-01;1900-01-08;5;Chamartín;52;2;Prosperidad;CAMILO JOSE CELA, AVENIDA, DE;S/N;0205210616;-3.6668096570;40.4426089920
443420.9539580000;4477068.7106760000;2014-07-01;2017-01-01;5;Chamartín;52;2;Prosperidad;CAMILO JOSE CELA, AVENIDA, DE;S/N;0505210615;-3.6671533170;40.4423446860
443453.5095140000;4477086.8217870000;2014-07-01;2017-01-01;5;Chamartín;52;2;Prosperidad;CAMILO JOSE CELA, AVENIDA, DE;S/N;0505210616;-3.6667711540;40.4425100990
443384.2361410000;4477216.5525790000;2014-07-01;2017-01-01;5;Chamartín;52;2;Prosperidad;CANILLAS, CALLE, DE;106;0505210692;-3.6675994220;40.4436744640
442590.4427013030;4476892.4649609600;2017-01-01;1900-01-08;5;Chamartín;52;2;Prosperidad;CANILLAS, CALLE, DE;12 A;0205210643;-3.6769298110;40.4406998390
442591.0688490000;4476893.1695950000;2014-07-01;2017-01-01;5;Chamartín;52;2;Prosperidad;CANILLAS, CALLE, DE;12 A;0505210643;-3.6769224770;40.4407061990
442707.8466270000;4476989.0029280000;2017-01-01;1900-01-08;5;Chamartín;52;2;Prosperidad;CANILLAS, CALLE, DE;22;0205210729;-3.6755541960;40.4415781830
442707.8466270000;4476989.0029280000;2014-07-01;2017-01-01;5;Chamartín;52;2;Prosperidad;CANILLAS, CALLE, DE;22;0505210729;-3.6755541960;40.4415781830
442779.8651460000;4477046.3362620000;2017-01-01;1900-01-08;5;Chamartín;52;2;Prosperidad;CANILLAS, CALLE, DE;32;0205210611;-3.6747102870;40.4420996320
442779.8651460000;4477046.3362620000;2014-07-01;2017-01-01;5;Chamartín;52;2;Prosperidad;CANILLAS, CALLE, DE;32;0505210611;-3.6747102870;40.4420996320
442847.1244050000;4477134.3362620000;2017-01-01;1900-01-08;5;Chamartín;52;2;Prosperidad;CANILLAS, CALLE, DE;41;0205210670;-3.6739251630;40.4428964450
442847.1244050000;4477134.3362620000;2014-07-01;2017-01-01;5;Chamartín;52;2;Prosperidad;CANILLAS, CALLE, DE;41;0505210670;-3.6739251630;40.4428964450
442916.0229482170;4477183.0698992300;2017-01-01;1900-01-08;5;Chamartín;52;2;Prosperidad;CANILLAS, CALLE, DE;56;0205210703;-3.6731171200;40.4433402580
442915.5132940000;4477183.5584840000;2014-07-01;2017-01-01;5;Chamartín;52;2;Prosperidad;CANILLAS, CALLE, DE;56;0505210703;-3.6731231940;40.4433446120
442515.0352938960;4476833.4649609600;2017-01-01;1900-01-08;5;Chamartín;52;2;Prosperidad;CANILLAS, CALLE, DE;6;0205210644;-3.6778135410;40.4401634360
442514.2355160000;4476833.0029280000;2014-07-01;2017-01-01;5;Chamartín;52;2;Prosperidad;CANILLAS, CALLE, DE;6;0505210644;-3.6778229370;40.4401595400
443017.4855160000;4477248.4473730000;2014-07-01;2017-01-01;5;Chamartín;52;2;Prosperidad;CANILLAS, CALLE, DE;69;0505210667;-3.6719266290;40.4439364780
442968.4021830000;4477227.1140390000;2017-01-01;1900-01-08;5;Chamartín;52;2;Prosperidad;CANILLAS, CALLE, DE;70;0205210669;-3.6725035400;40.4437408120
442968.4021830000;4477227.1140390000;2014-07-01;2017-01-01;5;Chamartín;52;2;Prosperidad;CANILLAS, CALLE, DE;70;0505210669;-3.6725035400;40.4437408120
443114.7910720000;4477257.3362620000;2017-01-01;1900-01-08;5;Chamartín;52;2;Prosperidad;CANILLAS, CALLE, DE;91;0205210684;-3.6707801400;40.4440231090
443114.7910720000;4477257.3362620000;2014-07-01;2017-01-01;5;Chamartín;52;2;Prosperidad;CANILLAS, CALLE, DE;91;0505210684;-3.6707801400;40.4440231090
443205.7910720000;4477237.9473730000;2017-01-01;1900-01-08;5;Chamartín;52;2;Prosperidad;CANILLAS, CALLE, DE;98;0205210690;-3.6697053860;40.4438548880
443205.7910720000;4477237.9473730000;2014-07-01;2017-01-01;5;Chamartín;52;2;Prosperidad;CANILLAS, CALLE, DE;98;0505210690;-3.6697053860;40.4438548880
443064.1680136010;4477386.2554422400;2017-01-01;1900-01-08;5;Chamartín;52;2;Prosperidad;CARDENAL SILICEO, CALLE, DEL;10;0205210686;-3.6713885640;40.4451813430
443065.1291050000;4477383.8389770000;2014-07-01;2017-01-01;5;Chamartín;52;2;Prosperidad;CARDENAL SILICEO, CALLE, DEL;10;0505210686;-3.6713770470;40.4451595710
443125.2402160000;4477308.3389770000;2014-07-01;2017-01-01;5;Chamartín;52;2;Prosperidad;CARDENAL SILICEO, CALLE, DEL;20;0505210685;-3.6706614800;40.4444829650
443130.5414667350;4477302.2303930600;2017-01-01;1900-01-08;5;Chamartín;52;2;Prosperidad;CARDENAL SILICEO, CALLE, DEL;22;0205210685;-3.6705984550;40.4444282470
443264.6834420440;4477097.9094054000;2017-01-01;1900-01-08;5;Chamartín;52;2;Prosperidad;CARDENAL SILICEO, CALLE, DEL;37;0205210681;-3.6689984700;40.4425969020
443268.1799600000;4477092.6695950000;2014-07-01;2017-01-01;5;Chamartín;52;2;Prosperidad;CARDENAL SILICEO, CALLE, DEL;37;0505210681;-3.6689568160;40.4425504930
442787.7760346370;4476898.3168128100;2017-01-01;1900-01-08;5;Chamartín;52;2;Prosperidad;CARTAGENA, CALLE, DE;113;0205210604;-3.6746036590;40.4407665310
442789.6244050000;4476899.6140390000;2014-07-01;2017-01-01;5;Chamartín;52;2;Prosperidad;CARTAGENA, CALLE, DE;113;0505210604;-3.6745820010;40.4407782770
442841.2355160000;4476827.8362620000;2017-01-01;1900-01-08;5;Chamartín;52;2;Prosperidad;CARTAGENA, CALLE, DE;114;0205210652;-3.6739670460;40.4401349600
442841.2355160000;4476827.8362620000;2014-07-01;2017-01-01;5;Chamartín;52;2;Prosperidad;CARTAGENA, CALLE, DE;114;0505210652;-3.6739670460;40.4401349600
442756.7389975990;4476956.5760720700;2017-01-01;1900-01-08;5;Chamartín;52;2;Prosperidad;CARTAGENA, CALLE, DE;117;0205210641;-3.6749748790;40.4412893550
442710.2945531550;4477052.1871831800;2017-01-01;1900-01-08;5;Chamartín;52;2;Prosperidad;CARTAGENA, CALLE, DE;127;0205210640;-3.6755310490;40.4421471300
443063.8501087110;4476993.9464424400;2017-01-01;1900-01-08;5;Chamartín;52;2;Prosperidad;CLARA DEL REY, CALLE, DE;12;0205210657;-3.6713571660;40.4416466520
443064.9021830000;4476995.0584840000;2014-07-01;2017-01-01;5;Chamartín;52;2;Prosperidad;CLARA DEL REY, CALLE, DE;12;0505210657;-3.6713448470;40.4416569080
442997.6556642660;4476922.5760720700;2017-01-01;1900-01-08;5;Chamartín;52;2;Prosperidad;CLARA DEL REY, CALLE, DE;19;0205210609;-3.6721312320;40.4409998400
442995.9021830000;4476921.8640390000;2014-07-01;2017-01-01;5;Chamartín;52;2;Prosperidad;CLARA DEL REY, CALLE, DE;19;0505210609;-3.6721519160;40.4409931930
443179.0688490000;4477089.6140390000;2017-01-01;1900-01-08;5;Chamartín;52;2;Prosperidad;CLARA DEL REY, CALLE, DE;24;0205210618;-3.6700071630;40.4425164020
443179.0688490000;4477089.6140390000;2014-07-01;2017-01-01;5;Chamartín;52;2;Prosperidad;CLARA DEL REY, CALLE, DE;24;0505210618;-3.6700071630;40.4425164020
443012.1217136490;4476968.3538498500;2017-01-01;1900-01-08;5;Chamartín;52;2;Prosperidad;CLARA DEL REY, CALLE, DE;25;0205210655;-3.6719647880;40.4414127130
443011.6799600000;4476963.4473730000;2014-07-01;2017-01-01;5;Chamartín;52;2;Prosperidad;CLARA DEL REY, CALLE, DE;25;0505210655;-3.6719696000;40.4413684810
443291.2204790810;4477206.0945905900;2017-01-01;1900-01-08;5;Chamartín;52;2;Prosperidad;CLARA DEL REY, CALLE, DE;36;0205210621;-3.6686952610;40.4435733940
443291.0132940000;4477207.9473730000;2015-02-24;2017-01-01;5;Chamartín;52;2;Prosperidad;CLARA DEL REY, CALLE, DE;36;0505210621;-3.6686978970;40.4435905830
443172.2355160000;4477100.4473730000;2017-01-01;1900-01-08;5;Chamartín;52;2;Prosperidad;CLARA DEL REY, CALLE, DE;39;0205210619;-3.6700887520;40.4426138040
443172.2355160000;4477100.4473730000;2014-07-01;2017-01-01;5;Chamartín;52;2;Prosperidad;CLARA DEL REY, CALLE, DE;39;0505210619;-3.6700887520;40.4426138040
443256.3836640000;4477171.8177430000;2017-01-01;1900-01-08;5;Chamartín;52;2;Prosperidad;CLARA DEL REY, CALLE, DE;45;0205210725;-3.6691029780;40.4432626790
443256.3836640000;4477171.8177430000;2014-07-01;2017-01-01;5;Chamartín;52;2;Prosperidad;CLARA DEL REY, CALLE, DE;45;0505210725;-3.6691029780;40.4432626790
443331.9583630000;4477393.1081340000;2017-01-01;1900-01-08;5;Chamartín;52;2;Prosperidad;CLARA DEL REY, CALLE, DE;48;0205210627;-3.6682316810;40.4452609270
443331.9583630000;4477393.1081340000;2014-07-01;2017-01-01;5;Chamartín;52;2;Prosperidad;CLARA DEL REY, CALLE, DE;48;0505210627;-3.6682316810;40.4452609270
443371.9626880000;4477581.9442230000;2017-01-01;1900-01-08;5;Chamartín;52;2;Prosperidad;CLARA DEL REY, CALLE, DE;60;0205210718;-3.6677766950;40.4469649030
443371.9626880000;4477581.9442230000;2014-07-01;2017-01-01;5;Chamartín;52;2;Prosperidad;CLARA DEL REY, CALLE, DE;60;0505210718;-3.6677766950;40.4469649030
443379.4056642660;4477681.8538498500;2017-01-01;1900-01-08;5;Chamartín;52;2;Prosperidad;CLARA DEL REY, CALLE, DE;81;0205210719;-3.6676978560;40.4478658790
443381.7404660000;4477681.6664450000;2014-07-01;2017-01-01;5;Chamartín;52;2;Prosperidad;CLARA DEL REY, CALLE, DE;81;0505210719;-3.6676702970;40.4478635300
442911.3151292870;4477002.5184589000;2017-01-01;1900-01-08;5;Chamartín;52;2;Prosperidad;CONSTANCIA, CALLE, DE LA;18;0205210674;-3.6731563680;40.4417140320
442909.9145280000;4477001.6695950000;2014-07-01;2017-01-01;5;Chamartín;52;2;Prosperidad;CONSTANCIA, CALLE, DE LA;18;0505210674;-3.6731728690;40.4417058960
443039.5688490000;4477138.9288540000;2017-01-01;1900-01-08;5;Chamartín;52;2;Prosperidad;CONSTANCIA, CALLE, DE LA;34;0205210673;-3.6716564790;40.4429509900
443039.5688490000;4477138.9288540000;2014-07-01;2017-01-01;5;Chamartín;52;2;Prosperidad;CONSTANCIA, CALLE, DE LA;34;0505210673;-3.6716564790;40.4429509900
443236.1799600000;4477031.7807060000;2017-01-01;1900-01-08;5;Chamartín;52;2;Prosperidad;CORAZON DE MARIA, CALLE, DEL;15;0205210678;-3.6693286660;40.4419993650
443236.1799600000;4477031.7807060000;2014-07-01;2017-01-01;5;Chamartín;52;2;Prosperidad;CORAZON DE MARIA, CALLE, DEL;15;0505210678;-3.6693286660;40.4419993650
443357.9583630000;4477139.4414680000;2017-01-01;1900-01-08;5;Chamartín;52;2;Prosperidad;CORAZON DE MARIA, CALLE, DEL;25;0205210680;-3.6679024020;40.4429774610
443357.9583630000;4477139.4414680000;2014-07-01;2017-01-01;5;Chamartín;52;2;Prosperidad;CORAZON DE MARIA, CALLE, DEL;25;0505210680;-3.6679024020;40.4429774610
443386.1278864880;4477218.4094054000;2017-01-01;1900-01-08;5;Chamartín;52;2;Prosperidad;CORAZON DE MARIA, CALLE, DEL;31;0205210692;-3.6675773060;40.4436910220
443275.9889975990;4476987.5760720700;2017-01-01;1900-01-08;5;Chamartín;52;2;Prosperidad;CORAZON DE MARIA, CALLE, DEL;32;0205210612;-3.6688553460;40.4416041380
443276.1521830000;4476986.5307060000;2014-07-01;2017-01-01;5;Chamartín;52;2;Prosperidad;CORAZON DE MARIA, CALLE, DEL;32;0505210612;-3.6688533980;40.4415943410
443347.0503310000;4477097.5214470000;2017-01-01;1900-01-08;5;Chamartín;52;2;Prosperidad;CORAZON DE MARIA, CALLE, DEL;38;0205210617;-3.6680272500;40.4425991940
443347.0503310000;4477097.5214470000;2014-07-01;2017-01-01;5;Chamartín;52;2;Prosperidad;CORAZON DE MARIA, CALLE, DEL;38;0505210617;-3.6680272500;40.4425991940
443420.1250300000;4477358.6081340000;2014-07-01;2017-01-01;5;Chamartín;52;2;Prosperidad;CORAZON DE MARIA, CALLE, DEL;39;0505210693;-3.6671889550;40.4449562850
443049.0503310000;4476856.3732990000;2014-07-01;2017-01-01;5;Chamartín;52;2;Prosperidad;CORAZON DE MARIA, CALLE, DEL;4;0505210608;-3.6715193130;40.4404064270
443440.8377630320;4477471.2427387400;2017-01-01;1900-01-08;5;Chamartín;52;2;Prosperidad;CORAZON DE MARIA, CALLE, DEL;45;0205210713;-3.6669547870;40.4459720250
443441.8475020000;4477475.1022690000;2014-07-01;2017-01-01;5;Chamartín;52;2;Prosperidad;CORAZON DE MARIA, CALLE, DEL;45;0505210713;-3.6669432140;40.4460073760
443452.3472520000;4477372.5525790000;2017-01-01;1900-01-08;5;Chamartín;52;2;Prosperidad;CORAZON DE MARIA, CALLE, DEL;48 B;0205211124;-3.6668102870;40.4450844560
443452.3472520000;4477372.5525790000;2014-07-01;2017-01-01;5;Chamartín;52;2;Prosperidad;CORAZON DE MARIA, CALLE, DEL;48 B;0505211124;-3.6668102870;40.4450844560
443461.2389975990;4477564.7427387400;2017-01-01;1900-01-08;5;Chamartín;52;2;Prosperidad;CORAZON DE MARIA, CALLE, DEL;55;0205210728;-3.6667225100;40.4468161060
443466.7919470000;4477592.6578250000;2014-07-01;2017-01-01;5;Chamartín;52;2;Prosperidad;CORAZON DE MARIA, CALLE, DEL;57;0505210728;-3.6666595420;40.4470679210
443562.8475020000;4477507.8244920000;2017-01-01;1900-01-08;5;Chamartín;52;2;Prosperidad;CORAZON DE MARIA, CALLE, DEL;66;0205210712;-3.6655192990;40.4463104140
443562.8475020000;4477507.8244920000;2014-07-01;2017-01-01;5;Chamartín;52;2;Prosperidad;CORAZON DE MARIA, CALLE, DEL;66;0505210712;-3.6655192990;40.4463104140
443486.2363910000;4477688.1022690000;2017-01-01;1900-01-08;5;Chamartín;52;2;Prosperidad;CORAZON DE MARIA, CALLE, DEL;67;0205210631;-3.6664387240;40.4479289050
443486.2363910000;4477688.1022690000;2014-07-01;2017-01-01;5;Chamartín;52;2;Prosperidad;CORAZON DE MARIA, CALLE, DEL;67;0505210631;-3.6664387240;40.4479289050
443129.2355160000;4476943.6695950000;2017-01-01;1900-01-08;5;Chamartín;52;2;Prosperidad;CORAZON DE MARIA, CALLE, DEL;7 B;0205210675;-3.6705817250;40.4411987130
443129.2355160000;4476943.6695950000;2014-07-01;2017-01-01;5;Chamartín;52;2;Prosperidad;CORAZON DE MARIA, CALLE, DEL;7 B;0505210675;-3.6705817250;40.4411987130
443172.7910720000;4476956.3918170000;2014-07-01;2017-01-01;5;Chamartín;52;2;Prosperidad;CORAZON DE MARIA, CALLE, DEL;7 C;0505210607;-3.6700693860;40.4413163990
443492.2919470000;4477558.4911580000;2017-01-01;1900-01-08;5;Chamartín;52;2;Prosperidad;CORAZON DE MARIA, CALLE, DEL;72;0205210628;-3.6663558170;40.4467615030
443492.2919470000;4477558.4911580000;2014-07-01;2017-01-01;5;Chamartín;52;2;Prosperidad;CORAZON DE MARIA, CALLE, DEL;72;0505210628;-3.6663558170;40.4467615030
443521.6556642660;4477693.4094054000;2017-01-01;1900-01-08;5;Chamartín;52;2;Prosperidad;CORAZON DE MARIA, CALLE, DEL;78;0205210720;-3.6660214960;40.4479791530
443520.0697240000;4477688.1578250000;2014-07-01;2017-01-01;5;Chamartín;52;2;Prosperidad;CORAZON DE MARIA, CALLE, DEL;78;0505210720;-3.6660397740;40.4479322280
443107.9056642660;4476840.0760720700;2017-01-01;1900-01-08;5;Chamartín;52;2;Prosperidad;CORAZON DE MARIA, CALLE, DEL;8;0205210610;-3.6708239140;40.4402637040
443109.4577380000;4476841.6695950000;2014-07-01;2017-01-01;5;Chamartín;52;2;Prosperidad;CORAZON DE MARIA, CALLE, DEL;8;0505210610;-3.6708057510;40.4402781420
443173.1340593280;4476954.3785412100;2017-01-01;1900-01-08;5;Chamartín;52;2;Prosperidad;CORAZON DE MARIA, CALLE, DEL;S/N;0205210607;-3.6700651460;40.4412981790
443041.8501087110;4476851.9649609600;2017-01-01;1900-01-08;5;Chamartín;52;2;Prosperidad;CORAZON DE MARIA, CALLE, DEL;S/N;0205210608;-3.6716038240;40.4403662630
443618.6110810000;4477837.4754000000;2017-01-01;1900-01-08;5;Chamartín;52;2;Prosperidad;DIAZ ZORITA, CALLE, DE;6;0205210711;-3.6648911080;40.4492833200
443618.6110810000;4477837.4754000000;2014-07-01;2017-01-01;5;Chamartín;52;2;Prosperidad;DIAZ ZORITA, CALLE, DE;6;0505210711;-3.6648911080;40.4492833200
443751.7549090000;4477674.2504180000;2017-01-01;1900-01-08;5;Chamartín;52;2;Prosperidad;DOÑA CARLOTA, PASAJE, DE;11;0205210707;-3.6633065360;40.4478226210
443751.7549090000;4477674.2504180000;2014-07-01;2017-01-01;5;Chamartín;52;2;Prosperidad;DOÑA CARLOTA, PASAJE, DE;11;0505210707;-3.6633065360;40.4478226210
443672.3475020000;4477627.2874550000;2017-01-01;1900-01-08;5;Chamartín;52;2;Prosperidad;DOÑA CARLOTA, PASAJE, DE;2;0205210705;-3.6642387380;40.4473939340
443672.3475020000;4477627.2874550000;2014-07-01;2017-01-01;5;Chamartín;52;2;Prosperidad;DOÑA CARLOTA, PASAJE, DE;2;0505210705;-3.6642387380;40.4473939340
442448.1093679700;4476900.6131091100;2017-01-01;2021-04-06;5;Chamartín;52;2;Prosperidad;FRANCISCO GIRALTE, CALLE, DE;3;0205210603;-3.6786086920;40.4407636660
442446.5126590000;4476902.1754400000;2014-07-01;2017-01-01;5;Chamartín;52;2;Prosperidad;FRANCISCO GIRALTE, CALLE, DE;3;0505210603;-3.6786276560;40.4407773600
443714.6067610000;4477567.5096770000;2017-01-01;1900-01-08;5;Chamartín;52;2;Prosperidad;FRANCISCO VIVANCOS, CALLE, DE;2;0205210706;-3.6637351080;40.4468578750
443714.6067610000;4477567.5096770000;2014-07-01;2017-01-01;5;Chamartín;52;2;Prosperidad;FRANCISCO VIVANCOS, CALLE, DE;2;0505210706;-3.6637351080;40.4468578750
442731.8501087110;4477165.3538498500;2017-01-01;1900-01-08;5;Chamartín;52;2;Prosperidad;GENERAL ZABALA, CALLE, DEL;8;0205210650;-3.6752870830;40.4431679690
442733.4207010000;4477166.6325580000;2014-07-01;2017-01-01;5;Chamartín;52;2;Prosperidad;GENERAL ZABALA, CALLE, DEL;8;0505210650;-3.6752686910;40.4431802880
443449.3223309330;4477763.9927387400;2017-01-01;2025-06-02;5;Chamartín;52;2;Prosperidad;GUSTAVO FERNANDEZ BALBUENA, CALLE, DE;1;0205210724;-3.6668808180;40.4486104950
443453.9071330000;4477759.2775560000;2014-07-01;2017-01-01;5;Chamartín;52;2;Prosperidad;GUSTAVO FERNANDEZ BALBUENA, CALLE, DE;1;0505210724;-3.6668262730;40.4485682110
442620.6469980000;4476725.2780360000;2017-01-01;1900-01-08;5;Chamartín;52;2;Prosperidad;HORCAJUELO, CALLE, DE;1;0205210648;-3.6765585910;40.4391959390
442620.6469980000;4476725.2780360000;2014-07-01;2017-01-01;5;Chamartín;52;2;Prosperidad;HORCAJUELO, CALLE, DE;1;0505210648;-3.6765585910;40.4391959390
442557.5688490000;4476819.0029280000;2017-01-01;1900-01-08;5;Chamartín;52;2;Prosperidad;HORCAJUELO, CALLE, DE;7;0205210647;-3.6773107130;40.4400365260
442557.5688490000;4476819.0029280000;2014-07-01;2017-01-01;5;Chamartín;52;2;Prosperidad;HORCAJUELO, CALLE, DE;7;0505210647;-3.6773107130;40.4400365260
442804.4577380000;4477243.6140390000;2014-07-01;2017-01-01;5;Chamartín;52;2;Prosperidad;JUAN BAUTISTA DE TOLEDO, CALLE, DE;2;0505210636;-3.6744380750;40.4438780360
442937.8466270000;4477121.4473730000;2017-01-01;1900-01-08;5;Chamartín;52;2;Prosperidad;JUAN BAUTISTA DE TOLEDO, CALLE, DE;21;0205210671;-3.6728542470;40.4427868380
442937.8466270000;4477121.4473730000;2014-07-01;2017-01-01;5;Chamartín;52;2;Prosperidad;JUAN BAUTISTA DE TOLEDO, CALLE, DE;21;0505210671;-3.6728542470;40.4427868380
442966.2945531550;4477078.6871831800;2017-01-01;1900-01-08;5;Chamartín;52;2;Prosperidad;JUAN BAUTISTA DE TOLEDO, CALLE, DE;28;0205210672;-3.6725150560;40.4424032420
442965.2910720000;4477079.7807060000;2014-07-01;2017-01-01;5;Chamartín;52;2;Prosperidad;JUAN BAUTISTA DE TOLEDO, CALLE, DE;28;0505210672;-3.6725269740;40.4424129830
443032.6155408090;4477026.7982942900;2017-01-01;1900-01-08;5;Chamartín;52;2;Prosperidad;JUAN BAUTISTA DE TOLEDO, CALLE, DE;36;0205210656;-3.6717283280;40.4419406940
443028.7910720000;4477031.3918170000;2014-07-01;2017-01-01;5;Chamartín;52;2;Prosperidad;JUAN BAUTISTA DE TOLEDO, CALLE, DE;36;0505210656;-3.6717738780;40.4419817170
442802.3501087110;4477243.0760720700;2017-01-01;1900-01-08;5;Chamartín;52;2;Prosperidad;LOPEZ DE HOYOS, CALLE, DE;110;0205210636;-3.6744628260;40.4438736810
442923.9056642660;4477344.5205165200;2017-01-01;1900-01-08;5;Chamartín;52;2;Prosperidad;LOPEZ DE HOYOS, CALLE, DE;132;0205210637;-3.6730387400;40.4447956850
442927.2389975990;4477344.8260720700;2014-07-01;2017-01-01;5;Chamartín;52;2;Prosperidad;LOPEZ DE HOYOS, CALLE, DE;132;0505210637;-3.6729994350;40.4447987220
443062.3142900000;4477455.5611990000;2017-01-01;1900-01-08;5;Chamartín;52;2;Prosperidad;LOPEZ DE HOYOS, CALLE, DE;154;0205210635;-3.6714165820;40.4458052370
443062.3142900000;4477455.5611990000;2014-07-01;2017-01-01;5;Chamartín;52;2;Prosperidad;LOPEZ DE HOYOS, CALLE, DE;154;0505210635;-3.6714165820;40.4458052370
443185.4068830000;4477561.5611990000;2017-01-01;1900-01-08;5;Chamartín;52;2;Prosperidad;LOPEZ DE HOYOS, CALLE, DE;168;0205210634;-3.6699746760;40.4467688370
443185.4068830000;4477561.5611990000;2014-07-01;2017-01-01;5;Chamartín;52;2;Prosperidad;LOPEZ DE HOYOS, CALLE, DE;168;0505210634;-3.6699746760;40.4467688370
443273.6846600000;4477649.0056430000;2017-01-01;1900-01-08;5;Chamartín;52;2;Prosperidad;LOPEZ DE HOYOS, CALLE, DE;182;0205210633;-3.6689415760;40.4475624980
443273.6846600000;4477649.0056430000;2014-07-01;2017-01-01;5;Chamartín;52;2;Prosperidad;LOPEZ DE HOYOS, CALLE, DE;182;0505210633;-3.6689415760;40.4475624980
443388.7389975990;4477743.4094054000;2017-01-01;1900-01-08;5;Chamartín;52;2;Prosperidad;LOPEZ DE HOYOS, CALLE, DE;196;0205210630;-3.6675932910;40.4484202730
443386.5737990000;4477742.4442230000;2014-01-01;2017-01-01;5;Chamartín;52;2;Prosperidad;LOPEZ DE HOYOS, CALLE, DE;196;0505210630;-3.6676187310;40.4484117940
443563.9178751800;4477898.1586884800;2017-01-01;1900-01-08;5;Chamartín;52;2;Prosperidad;LOPEZ DE HOYOS, CALLE, DE;214;0205210632;-3.6655413580;40.4498267130
443561.2407110000;4477894.2161410000;2014-01-01;2017-01-01;5;Chamartín;52;2;Prosperidad;LOPEZ DE HOYOS, CALLE, DE;214;0505210632;-3.6655725840;40.4497906170
442622.3188490000;4476998.2807060000;2017-01-01;1900-01-08;5;Chamartín;52;2;Prosperidad;LUIS CABRERA, CALLE, DE;24;0205210638;-3.6765634610;40.4416557040
442622.3188490000;4476998.2807060000;2014-07-01;2017-01-01;5;Chamartín;52;2;Prosperidad;LUIS CABRERA, CALLE, DE;24;0505210638;-3.6765634610;40.4416557040
442781.2389975990;4477136.3538498500;2017-01-01;1900-01-08;5;Chamartín;52;2;Prosperidad;LUIS CABRERA, CALLE, DE;31;0205210663;-3.6747021510;40.4429103100
442782.4855160000;4477137.4473730000;2014-07-01;2017-01-01;5;Chamartín;52;2;Prosperidad;LUIS CABRERA, CALLE, DE;31;0505210663;-3.6746875400;40.4429201650
442707.3466270000;4477053.6140390000;2014-07-01;2017-01-01;5;Chamartín;52;2;Prosperidad;LUIS CABRERA, CALLE, DE;34;0505210640;-3.6755658850;40.4421599650
442541.5908494510;4476936.3908868900;2017-01-01;1900-01-08;5;Chamartín;52;2;Prosperidad;LUIS CABRERA, CALLE, DE;4;0205210639;-3.6775097010;40.4410920860
442846.2698617970;4477199.2921214500;2017-01-01;1900-01-08;5;Chamartín;52;2;Prosperidad;LUIS CABRERA, CALLE, DE;45 B;0205210664;-3.6739410340;40.4434817780
442846.3466270000;4477198.8362620000;2014-07-01;2017-01-01;5;Chamartín;52;2;Prosperidad;LUIS CABRERA, CALLE, DE;45 B;0505210664;-3.6739401170;40.4434780540
442933.7019605620;4477278.2797757800;2017-01-01;1900-01-08;5;Chamartín;52;2;Prosperidad;LUIS CABRERA, CALLE, DE;57;0205210665;-3.6729172730;40.4441995800
442934.1244050000;4477278.3918170000;2014-07-01;2017-01-01;5;Chamartín;52;2;Prosperidad;LUIS CABRERA, CALLE, DE;57;0505210665;-3.6729122310;40.4442007260
443565.3475020000;4477621.0467140000;2017-01-01;1900-01-08;5;Chamartín;52;2;Prosperidad;LUIS DE SALAZAR, CALLE, DE;12;0205210704;-3.6654998760;40.4473301070
443565.3475020000;4477621.0467140000;2014-07-01;2017-01-01;5;Chamartín;52;2;Prosperidad;LUIS DE SALAZAR, CALLE, DE;12;0505210704;-3.6654998760;40.4473301070
443446.4586130000;4477625.7689360000;2017-01-01;1900-01-08;5;Chamartín;52;2;Prosperidad;LUIS DE SALAZAR, CALLE, DE;8;0205210717;-3.6669022470;40.4473647710
443446.4586130000;4477625.7689360000;2014-07-01;2017-01-01;5;Chamartín;52;2;Prosperidad;LUIS DE SALAZAR, CALLE, DE;8;0505210717;-3.6669022470;40.4473647710
443717.1808350000;4477738.0467140000;2017-01-01;1900-01-08;5;Chamartín;52;2;Prosperidad;MARTIN MACHIO, CALLE, DE;1;0205210708;-3.6637198680;40.4483946620
443717.1808350000;4477738.0467140000;2014-07-01;2017-01-01;5;Chamartín;52;2;Prosperidad;MARTIN MACHIO, CALLE, DE;1;0505210708;-3.6637198680;40.4483946620
443763.9400950000;4477625.1022690000;2017-01-01;1900-01-08;5;Chamartín;52;2;Prosperidad;MARTIN MACHIO, CALLE, DE;20;0205210701;-3.6631585410;40.4473805840
443763.9400950000;4477625.1022690000;2014-07-01;2017-01-01;5;Chamartín;52;2;Prosperidad;MARTIN MACHIO, CALLE, DE;20;0505210701;-3.6631585410;40.4473805840
443824.1252800000;4477535.1022690000;2017-01-01;1900-01-08;5;Chamartín;52;2;Prosperidad;MARTIN MACHIO, CALLE, DE;33;0205210700;-3.6624409110;40.4465735160
443824.1252800000;4477535.1022690000;2014-07-01;2017-01-01;5;Chamartín;52;2;Prosperidad;MARTIN MACHIO, CALLE, DE;33;0505210700;-3.6624409110;40.4465735160
442788.2575161180;4476770.0945905900;2017-01-01;1900-01-08;5;Chamartín;52;2;Prosperidad;MATAELPINO, CALLE, DE;2 B;0205210605;-3.6745864710;40.4396111050
442787.7858870000;4476770.7224810000;2014-07-01;2017-01-01;5;Chamartín;52;2;Prosperidad;MATAELPINO, CALLE, DE;2 B;0505210605;-3.6745920860;40.4396169490
443157.0723309330;4477216.5760720700;2017-01-01;1900-01-08;5;Chamartín;52;2;Prosperidad;MAURO, CALLE, DE;9;0205210691;-3.6702780000;40.4436585360
443157.1244050000;4477217.0029280000;2014-07-01;2017-01-01;5;Chamartín;52;2;Prosperidad;MAURO, CALLE, DE;9;0505210691;-3.6702774270;40.4436626040
442674.1469980000;4476769.2780360000;2017-01-01;2017-02-06;5;Chamartín;52;2;Prosperidad;NUESTRA SEÑORA DEL PILAR, PLAZA, DE;1;0205210649;-3.6759317750;40.4395966090
442674.1469980000;4476769.2780360000;2014-07-01;2017-01-01;5;Chamartín;52;2;Prosperidad;NUESTRA SEÑORA DEL PILAR, PLAZA, DE;1;0505210649;-3.6759317750;40.4395966090
443690.4612198220;4477968.3538498500;2017-01-01;1900-01-08;5;Chamartín;52;2;Prosperidad;PADRE CLARET, CALLE, DEL;22;0205210709;-3.6640553340;40.4504671650
443687.2962670000;4477967.7716960000;2014-07-01;2017-01-01;5;Chamartín;52;2;Prosperidad;PADRE CLARET, CALLE, DEL;22;0505210709;-3.6640926340;40.4504618370
443673.0723309330;4477787.9094054000;2017-01-01;1900-01-08;5;Chamartín;52;2;Prosperidad;PADRE CLARET, CALLE, DEL;23;0205210626;-3.6642444100;40.4488410540
443672.8475020000;4477777.2133810000;2014-07-01;2017-01-01;5;Chamartín;52;2;Prosperidad;PADRE CLARET, CALLE, DEL;23;0505210626;-3.6642461290;40.4487447970
443580.7872920000;4477290.8217870000;2017-01-01;1900-01-08;5;Chamartín;52;2;Prosperidad;PADRE CLARET, CALLE, DEL;3;0205210694;-3.6652885110;40.4443561690
443580.7872920000;4477290.8217870000;2014-07-01;2017-01-01;5;Chamartín;52;2;Prosperidad;PADRE CLARET, CALLE, DEL;3;0505210694;-3.6652885110;40.4443561690
443615.4030580000;4477368.2689360000;2017-01-01;1900-01-08;5;Chamartín;52;2;Prosperidad;PADRE CLARET, CALLE, DEL;5;0205210695;-3.6648872120;40.4450562090
443615.4030580000;4477368.2689360000;2014-07-01;2017-01-01;5;Chamartín;52;2;Prosperidad;PADRE CLARET, CALLE, DEL;5;0505210695;-3.6648872120;40.4450562090
443651.2363910000;4477538.4356030000;2017-01-01;1900-01-08;5;Chamartín;52;2;Prosperidad;PADRE CLARET, CALLE, DEL;8;0205210697;-3.6644798390;40.4465920800
443651.2363910000;4477538.4356030000;2014-07-01;2017-01-01;5;Chamartín;52;2;Prosperidad;PADRE CLARET, CALLE, DEL;8;0505210697;-3.6644798390;40.4465920800
443615.7512085140;4477457.4920218200;2017-01-01;1900-01-08;5;Chamartín;52;2;Prosperidad;PADRE CLARET, CALLE, DEL;9;0205210696;-3.6648910510;40.4458605840
443616.7363910000;4477463.7689360000;2014-07-01;2017-01-01;5;Chamartín;52;2;Prosperidad;PADRE CLARET, CALLE, DEL;9;0505210696;-3.6648799930;40.4459169060
443719.6252800000;4477448.2133810000;2017-01-01;1900-01-08;5;Chamartín;52;2;Prosperidad;PADRE CLARET, CALLE, DEL;S/N;0205210662;-3.6636653790;40.4457834640
443657.4073780000;4477915.4383630000;2017-01-01;1900-01-08;5;Chamartín;52;2;Prosperidad;PADRE CLARET, CALLE, DEL;S/N;0205210723;-3.6644405340;40.4499884590
443719.6252800000;4477448.2133810000;2014-07-01;2017-01-01;5;Chamartín;52;2;Prosperidad;PADRE CLARET, CALLE, DEL;S/N;0505210662;-3.6636653790;40.4457834640
443657.4073780000;4477915.4383630000;2014-07-01;2017-01-01;5;Chamartín;52;2;Prosperidad;PADRE CLARET, CALLE, DEL;S/N;0505210723;-3.6644405340;40.4499884590
442704.8130716740;4476728.2427387400;2017-02-06;1900-01-08;5;Chamartín;52;2;Prosperidad;PADRE INDALECIO HERNANDEZ, CALLE, DEL;1;0205211125;-3.6755664580;40.4392290560
442541.4577380000;4476940.5029280000;2014-07-01;2017-01-01;5;Chamartín;52;2;Prosperidad;PADRE JESUS ORDOÑEZ, CALLE, DEL;5;0505210639;-3.6775116490;40.4411292140
442943.9612198220;4476838.8538498500;2017-01-01;1900-01-08;5;Chamartín;52;2;Prosperidad;PADRE XIFRE, CALLE, DEL;5;0205210677;-3.6727568440;40.4402413010
442942.4577380000;4476840.6695950000;2014-07-01;2017-01-01;5;Chamartín;52;2;Prosperidad;PADRE XIFRE, CALLE, DEL;5;0505210677;-3.6727746630;40.4402576870
442979.0167753770;4476789.7982942900;2017-01-01;1900-01-08;5;Chamartín;52;2;Prosperidad;PADRE XIFRE, CALLE, DEL;S/N;0205210606;-3.6723391010;40.4398016700
442979.0636640000;4476788.4447030000;2014-07-01;2017-01-01;5;Chamartín;52;2;Prosperidad;PADRE XIFRE, CALLE, DEL;S/N;0505210606;-3.6723384130;40.4397899250
443758.7166823970;4478246.8732981700;2022-03-01;2022-03-02;5;Chamartín;52;2;Prosperidad;PAZ, AVENIDA, DE LA;S/N;0205211158;-3.6632751950;40.4529811890
443048.6058860000;4476923.3732990000;2017-01-01;1900-01-08;5;Chamartín;52;2;Prosperidad;POETA CLAUDIO RODRIGUEZ, CALLE, DEL;2;0205210653;-3.6715305430;40.4410105540
443048.6058860000;4476923.3732990000;2014-07-01;2017-01-01;5;Chamartín;52;2;Prosperidad;POETA CLAUDIO RODRIGUEZ, CALLE, DEL;2;0505210653;-3.6715305430;40.4410105540
442552.9056642660;4476725.8260720700;2017-01-01;1900-01-08;5;Chamartín;52;2;Prosperidad;PRADENA DEL RINCON, CALLE, DE;19;0205210730;-3.6773572940;40.4391966270
442541.3136640000;4476738.7780360000;2014-07-01;2017-01-01;5;Chamartín;52;2;Prosperidad;PRADENA DEL RINCON, CALLE, DE;19;0505210730;-3.6774950910;40.4393119630
442438.8459920000;4476816.3976620000;2017-01-01;2017-03-29;5;Chamartín;52;2;Prosperidad;PRINCIPE DE VERGARA, CALLE, DEL;114;0205210426;-3.6787102200;40.4400047840
442438.7806642660;4476815.9510720700;2017-05-08;1900-01-08;5;Chamartín;52;2;Prosperidad;PRINCIPE DE VERGARA, CALLE, DEL;114;0205210731;-3.6787110220;40.4400003150
442438.8459920000;4476816.3976620000;2014-07-01;2017-01-01;5;Chamartín;52;2;Prosperidad;PRINCIPE DE VERGARA, CALLE, DEL;114;0505210426;-3.6787102200;40.4400047840
443162.8466270000;4477140.5584840000;2017-01-01;1900-01-08;5;Chamartín;52;2;Prosperidad;PUENTEAREAS, CALLE, DE;10;0205210682;-3.6702031140;40.4429744240
443162.8466270000;4477140.5584840000;2014-07-01;2017-01-01;5;Chamartín;52;2;Prosperidad;PUENTEAREAS, CALLE, DE;10;0505210682;-3.6702031140;40.4429744240
443265.5179940000;4477298.6167540000;2017-01-01;1900-01-08;5;Chamartín;52;2;Prosperidad;PUENTEAREAS, CALLE, DE;21;0205210721;-3.6690066060;40.4444049280
443265.5179940000;4477298.6167540000;2014-07-01;2017-01-01;5;Chamartín;52;2;Prosperidad;PUENTEAREAS, CALLE, DE;21;0505210721;-3.6690066060;40.4444049280
443063.1799600000;4477073.4473730000;2017-01-01;1900-01-08;5;Chamartín;52;2;Prosperidad;PUENTEAREAS, CALLE, DE;3;0205210658;-3.6713722350;40.4423632500
443063.1799600000;4477073.4473730000;2014-07-01;2017-01-01;5;Chamartín;52;2;Prosperidad;PUENTEAREAS, CALLE, DE;3;0505210658;-3.6713722350;40.4423632500
442681.0132940000;4476902.2807060000;2017-01-01;1900-01-08;5;Chamartín;52;2;Prosperidad;QUINTILIANO, CALLE, DE;13;0205210642;-3.6758628490;40.4407944920
442681.0132940000;4476902.2807060000;2014-07-01;2017-01-01;5;Chamartín;52;2;Prosperidad;QUINTILIANO, CALLE, DE;13;0505210642;-3.6758628490;40.4407944920
442754.2910720000;4476822.3918170000;2017-01-01;1900-01-08;5;Chamartín;52;2;Prosperidad;QUINTILIANO, CALLE, DE;14;0205210651;-3.6749916090;40.4400804720
442754.2910720000;4476822.3918170000;2014-07-01;2017-01-01;5;Chamartín;52;2;Prosperidad;QUINTILIANO, CALLE, DE;14;0505210651;-3.6749916090;40.4400804720
443344.5167753770;4477521.1316276300;2017-01-01;1900-01-08;5;Chamartín;52;2;Prosperidad;RAMOS CARRION, CALLE, DE;11;0205210715;-3.6680949160;40.4464154370
443344.9068830000;4477520.1723100000;2014-07-01;2017-01-01;5;Chamartín;52;2;Prosperidad;RAMOS CARRION, CALLE, DE;11;0505210715;-3.6680902180;40.4464063270
443401.1252800000;4477533.6578250000;2017-01-01;1900-01-08;5;Chamartín;52;2;Prosperidad;RAMOS CARRION, CALLE, DE;15;0205210716;-3.6674285660;40.4465323200
443401.1252800000;4477533.6578250000;2014-07-01;2017-01-01;5;Chamartín;52;2;Prosperidad;RAMOS CARRION, CALLE, DE;15;0505210716;-3.6674285660;40.4465323200
443265.5179940000;4477555.3389770000;2017-01-01;1900-01-08;5;Chamartín;52;2;Prosperidad;RAMOS CARRION, CALLE, DE;5;0205210727;-3.6690295820;40.4467180730
443265.5179940000;4477555.3389770000;2014-07-01;2017-01-01;5;Chamartín;52;2;Prosperidad;RAMOS CARRION, CALLE, DE;5;0505210727;-3.6690295820;40.4467180730
443545.2407110000;4477820.2161410000;2017-01-01;1900-01-08;5;Chamartín;52;2;Prosperidad;ROBREGORDO, CALLE, DE;3;0205210710;-3.6657547270;40.4491232930
443545.2407110000;4477820.2161410000;2014-07-01;2017-01-01;5;Chamartín;52;2;Prosperidad;ROBREGORDO, CALLE, DE;3;0505210710;-3.6657547270;40.4491232930
443017.6278864880;4477252.1069362700;2017-01-01;1900-01-08;5;Chamartín;52;2;Prosperidad;ROS DE OLANO, CALLE, DE;12;0205210667;-3.6719253110;40.4439691360
442989.2823915470;4477345.5786963800;2017-01-01;1900-01-08;5;Chamartín;52;2;Prosperidad;ROS DE OLANO, CALLE, DE;5;0205210666;-3.6722679400;40.4448093210
442989.9809570000;4477343.8945320000;2014-07-01;2017-01-01;5;Chamartín;52;2;Prosperidad;ROS DE OLANO, CALLE, DE;5;0505210666;-3.6722595170;40.4447944250
442533.7911970000;4476662.4024810000;2017-01-01;1900-01-08;5;Chamartín;52;2;Prosperidad;SAN FERNANDO DEL JARAMA, CALLE, DE;3;0205210645;-3.6775769660;40.4386240700
442533.7911970000;4476662.4024810000;2014-07-01;2017-01-01;5;Chamartín;52;2;Prosperidad;SAN FERNANDO DEL JARAMA, CALLE, DE;3;0505210645;-3.6775769660;40.4386240700
443439.3501087110;4477715.1871831800;2017-01-01;1900-01-08;5;Chamartín;52;2;Prosperidad;SAN NAZARIO, CALLE, DE;6;0205210629;-3.6669940350;40.4481694320
443444.4071330000;4477718.7775560000;2014-07-01;2017-01-01;5;Chamartín;52;2;Prosperidad;SAN NAZARIO, CALLE, DE;6;0505210629;-3.6669347340;40.4482029500
443473.4178751800;4477761.7420218200;2025-06-02;1900-01-08;5;Chamartín;52;2;Prosperidad;SAN NAZARIO, CALLE, DE;7;0205210724;-3.6665965170;40.4485913590
443779.1252800000;4477447.7133810000;2017-01-01;1900-01-08;5;Chamartín;52;2;Prosperidad;SANCHEZ BALDERAS, CALLE, DE;2;0205210698;-3.6629637930;40.4457829490
443779.1252800000;4477447.7133810000;2014-07-01;2017-01-01;5;Chamartín;52;2;Prosperidad;SANCHEZ BALDERAS, CALLE, DE;2;0505210698;-3.6629637930;40.4457829490
443164.4068830000;4477471.8945320000;2017-01-01;1900-01-08;5;Chamartín;52;2;Prosperidad;SANTA HORTENSIA, CALLE, DE;1;0205210687;-3.6702143440;40.4459595340
443164.4068830000;4477471.8945320000;2014-07-01;2017-01-01;5;Chamartín;52;2;Prosperidad;SANTA HORTENSIA, CALLE, DE;1;0505210687;-3.6702143440;40.4459595340
443237.0179940000;4477350.1723100000;2017-01-01;1900-01-08;5;Chamartín;52;2;Prosperidad;SANTA HORTENSIA, CALLE, DE;13;0205210689;-3.6693472300;40.4448675340
443237.0179940000;4477350.1723100000;2014-07-01;2017-01-01;5;Chamartín;52;2;Prosperidad;SANTA HORTENSIA, CALLE, DE;13;0505210689;-3.6693472300;40.4448675340
443362.8472520000;4477277.0525790000;2017-01-01;1900-01-08;5;Chamartín;52;2;Prosperidad;SANTA HORTENSIA, CALLE, DE;24;0205210722;-3.6678570240;40.4442176280
443362.8472520000;4477277.0525790000;2014-07-01;2017-01-01;5;Chamartín;52;2;Prosperidad;SANTA HORTENSIA, CALLE, DE;24;0505210722;-3.6678570240;40.4442176280
443489.8472520000;4477266.6636900000;2017-01-01;1900-01-08;5;Chamartín;52;2;Prosperidad;SANTA HORTENSIA, CALLE, DE;33;0205210622;-3.6663587390;40.4441328870
443489.8472520000;4477266.6636900000;2014-07-01;2017-01-01;5;Chamartín;52;2;Prosperidad;SANTA HORTENSIA, CALLE, DE;33;0505210622;-3.6663587390;40.4441328870
443768.3104650000;4477307.3985660000;2017-01-01;1900-01-08;5;Chamartín;52;2;Prosperidad;SANTA HORTENSIA, CALLE, DE;46 B;0205210623;-3.6630789000;40.4445188320
443768.3104650000;4477307.3985660000;2014-07-01;2017-01-01;5;Chamartín;52;2;Prosperidad;SANTA HORTENSIA, CALLE, DE;46 B;0505210623;-3.6630789000;40.4445188320
443730.0723309330;4477503.1871831800;2017-01-01;1900-01-08;5;Chamartín;52;2;Prosperidad;SANTA HORTENSIA, CALLE, DE;49;0205210702;-3.6635470640;40.4462797030
443727.2363910000;4477508.4356030000;2014-07-01;2017-01-01;5;Chamartín;52;2;Prosperidad;SANTA HORTENSIA, CALLE, DE;49;0505210702;-3.6635810400;40.4463272010
443682.3428470000;4477288.4328980000;2017-01-01;1900-01-08;5;Chamartín;52;2;Prosperidad;SANTA HORTENSIA, CALLE, DE;S/N;0205210624;-3.6640908000;40.4443416730
443650.5167753770;4477254.7982942900;2017-01-01;1900-01-08;5;Chamartín;52;2;Prosperidad;SANTA HORTENSIA, CALLE, DE;S/N;0205210625;-3.6644631660;40.4440364010
443806.5326870000;4477367.4356030000;2017-01-01;1900-01-08;5;Chamartín;52;2;Prosperidad;SANTA HORTENSIA, CALLE, DE;S/N;0205210699;-3.6626335400;40.4450622250
443682.3428470000;4477288.4328980000;2014-07-01;2017-01-01;5;Chamartín;52;2;Prosperidad;SANTA HORTENSIA, CALLE, DE;S/N;0505210624;-3.6640908000;40.4443416730
443653.1206250000;4477256.0995640000;2014-07-01;2017-01-01;5;Chamartín;52;2;Prosperidad;SANTA HORTENSIA, CALLE, DE;S/N;0505210625;-3.6644325700;40.4440483190
443806.5326870000;4477367.4356030000;2014-07-01;2017-01-01;5;Chamartín;52;2;Prosperidad;SANTA HORTENSIA, CALLE, DE;S/N;0505210699;-3.6626335400;40.4450622250
442472.4015480000;4476752.2309960000;2017-01-01;1900-01-08;5;Chamartín;52;2;Prosperidad;SANTA MARIA DE LA ALAMEDA, CALLE, DE;11;0205210646;-3.6783088630;40.4394287320
442472.4015480000;4476752.2309960000;2014-07-01;2017-01-01;5;Chamartín;52;2;Prosperidad;SANTA MARIA DE LA ALAMEDA, CALLE, DE;11;0505210646;-3.6783088630;40.4394287320
443426.7389975990;4477390.9094054000;2017-01-01;1900-01-08;5;Chamartín;52;2;Prosperidad;SANTA RITA, CALLE, DE;14;0205210693;-3.6671137830;40.4452475770
443379.1464050070;4477417.4279239200;2017-01-01;1900-01-08;5;Chamartín;52;2;Prosperidad;SANTA RITA, CALLE, DE;9;0205210726;-3.6676774020;40.4454832340
443379.2916970000;4477418.3859120000;2014-07-01;2017-01-01;5;Chamartín;52;2;Prosperidad;SANTA RITA, CALLE, DE;9;0505210726;-3.6676757400;40.4454923440
442844.9762570000;4477038.8918170000;2014-07-01;2017-01-01;5;Chamartín;52;2;Prosperidad;ZABALETA, CALLE, DE;17;0505210661;-3.6739419500;40.4420366640
442847.3345418470;4477038.1586884800;2017-01-01;1900-01-08;5;Chamartín;52;2;Prosperidad;ZABALETA, CALLE, DE;26;0205210661;-3.6739139900;40.4420299600
442758.3188490000;4476952.4473730000;2014-07-01;2017-01-01;5;Chamartín;52;2;Prosperidad;ZABALETA, CALLE, DE;5;0505210641;-3.6749557990;40.4412520560
443030.7389975990;4477212.9711338000;2017-01-01;1900-01-08;5;Chamartín;52;2;Prosperidad;ZABALETA, CALLE, DE;74;0205210668;-3.6717671740;40.4436173970
443030.8188490000;4477212.6973730000;2014-07-01;2017-01-01;5;Chamartín;52;2;Prosperidad;ZABALETA, CALLE, DE;74;0505210668;-3.6717662580;40.4436151630
443384.6151610000;4478115.4099410000;2017-01-01;1900-01-08;5;Chamartín;53;3;Ciudad Jardín;ALFONSO XIII, AVENIDA, DE;31;0205310584;-3.6676751100;40.4517717330
443384.6151610000;4478115.4099410000;2014-07-01;2017-01-01;5;Chamartín;53;3;Ciudad Jardín;ALFONSO XIII, AVENIDA, DE;31;0505310584;-3.6676751100;40.4517717330
442491.9624380000;4477379.5611990000;2017-01-01;1900-01-08;5;Chamartín;53;3;Ciudad Jardín;ANDRES SEGOVIA, PLAZA, DE;S/N;0205310529;-3.6781350270;40.4450817060
442491.9624380000;4477379.5611990000;2014-07-01;2017-01-01;5;Chamartín;53;3;Ciudad Jardín;ANDRES SEGOVIA, PLAZA, DE;S/N;0505310529;-3.6781350270;40.4450817060
443116.4056642660;4477991.4094054000;2017-01-01;1900-01-08;5;Chamartín;53;3;Ciudad Jardín;ATALAYA, CALLE, DE LA;18;0205310592;-3.6708268930;40.4506361880
443116.0778790000;4477994.5639490000;2014-07-01;2017-01-01;5;Chamartín;53;3;Ciudad Jardín;ATALAYA, CALLE, DE LA;18;0505310592;-3.6708309610;40.4506641480
442635.3466270000;4477180.4103360000;2017-01-01;1900-01-08;5;Chamartín;53;3;Ciudad Jardín;CARTAGENA, CALLE, DE;160;0205310528;-3.6764263530;40.4432973430
442635.3466270000;4477180.4103360000;2014-07-01;2017-01-01;5;Chamartín;53;3;Ciudad Jardín;CARTAGENA, CALLE, DE;160;0505310528;-3.6764263530;40.4432973430
442530.7389975990;4477266.9094054000;2017-01-01;1900-01-08;5;Chamartín;53;3;Ciudad Jardín;CARTAGENA, CALLE, DE;174;0205310601;-3.6776676080;40.4440688880
442531.4021830000;4477267.0584840000;2014-07-01;2017-01-01;5;Chamartín;53;3;Ciudad Jardín;CARTAGENA, CALLE, DE;174;0505310601;-3.6776598160;40.4440707220
443176.2575161180;4478180.1316276300;2017-01-01;1900-01-08;5;Chamartín;53;3;Ciudad Jardín;CASTREJON, CALLE, DE;3;0205310589;-3.6701379690;40.4523403930
443177.3445070000;4478180.2408580000;2014-07-01;2017-01-01;5;Chamartín;53;3;Ciudad Jardín;CASTREJON, CALLE, DE;3;0505310589;-3.6701250770;40.4523415390
442982.9112130000;4477963.4898750000;2017-01-01;1900-01-08;5;Chamartín;53;3;Ciudad Jardín;CHARCA VERDE, CALLE, DE LA;9;0205310595;-3.6723985740;40.4503754920
442982.9112130000;4477963.4898750000;2014-07-01;2017-01-01;5;Chamartín;53;3;Ciudad Jardín;CHARCA VERDE, CALLE, DE LA;9;0505310595;-3.6723985740;40.4503754920
443145.6678751800;4478089.0753551500;2023-09-28;1900-01-08;5;Chamartín;53;3;Ciudad Jardín;CLAVILEÑO, CALLE, DE;43;0205310590;-3.6704905670;40.4515180270
443001.4112130000;4478053.3972820000;2017-01-01;1900-01-08;5;Chamartín;53;3;Ciudad Jardín;CLAVILEÑO, CALLE, DE;5;0205310596;-3.6721884700;40.4511862840
443001.4112130000;4478053.3972820000;2014-07-01;2017-01-01;5;Chamartín;53;3;Ciudad Jardín;CLAVILEÑO, CALLE, DE;5;0505310596;-3.6721884700;40.4511862840
442588.3223309330;4477854.5760720700;2017-01-01;1900-01-08;5;Chamartín;53;3;Ciudad Jardín;DOCTOR MARCO CORERA, CALLE, DEL;1;0205310549;-3.6770417090;40.4493668000
442586.8001020000;4477852.1195040000;2014-07-01;2017-01-01;5;Chamartín;53;3;Ciudad Jardín;DOCTOR MARCO CORERA, CALLE, DEL;1;0505310549;-3.6770594710;40.4493449700
442594.5778790000;4477959.0639490000;2017-01-01;1900-01-08;5;Chamartín;53;3;Ciudad Jardín;DOCTOR MARCO CORERA, CALLE, DEL;5;0205310550;-3.6769774230;40.4503086850
442594.5778790000;4477959.0639490000;2014-07-01;2017-01-01;5;Chamartín;53;3;Ciudad Jardín;DOCTOR MARCO CORERA, CALLE, DEL;5;0505310550;-3.6769774230;40.4503086850
443487.4258960000;4477986.3272520000;2017-01-01;1900-01-08;5;Chamartín;53;3;Ciudad Jardín;EMILIO MARIO, CALLE, DE;14;0205310585;-3.6664512150;40.4506159050
443487.4258960000;4477986.3272520000;2014-07-01;2017-01-01;5;Chamartín;53;3;Ciudad Jardín;EMILIO MARIO, CALLE, DE;14;0505310585;-3.6664512150;40.4506159050
442725.4056642660;4477621.4649609600;2017-01-01;1900-01-08;5;Chamartín;53;3;Ciudad Jardín;EUGENIO SALAZAR, CALLE, DE;45;0205310558;-3.6754041960;40.4472765920
442725.8698460000;4477619.1167540000;2014-07-01;2017-01-01;5;Chamartín;53;3;Ciudad Jardín;EUGENIO SALAZAR, CALLE, DE;45;0505310558;-3.6753984660;40.4472559660
443039.2142683050;4477528.3442898100;2017-01-01;1900-01-08;5;Chamartín;53;3;Ciudad Jardín;FERNANDEZ DE OVIEDO, CALLE, DE;10;0205310574;-3.6716954970;40.4464596120
443038.2957720000;4477530.9500880000;2014-07-01;2017-01-01;5;Chamartín;53;3;Ciudad Jardín;FERNANDEZ DE OVIEDO, CALLE, DE;10;0505310574;-3.6717066130;40.4464830460
442994.6291050000;4477648.3389770000;2017-01-01;1900-01-08;5;Chamartín;53;3;Ciudad Jardín;FERNANDEZ DE OVIEDO, CALLE, DE;22;0205310536;-3.6722320720;40.4475368300
442994.6291050000;4477648.3389770000;2014-07-01;2017-01-01;5;Chamartín;53;3;Ciudad Jardín;FERNANDEZ DE OVIEDO, CALLE, DE;22;0505310536;-3.6722320720;40.4475368300
443286.6334350000;4478105.0639490000;2017-01-01;1900-01-08;5;Chamartín;53;3;Ciudad Jardín;GABRIEL Y GALAN, CALLE, DE;17;0205310582;-3.6688296770;40.4516714650
443286.6334350000;4478105.0639490000;2014-07-01;2017-01-01;5;Chamartín;53;3;Ciudad Jardín;GABRIEL Y GALAN, CALLE, DE;17;0505310582;-3.6688296770;40.4516714650
442954.9889975990;4477541.0760720700;2017-01-01;1900-01-08;5;Chamartín;53;3;Ciudad Jardín;GARCIA LUNA, CALLE, DE;30;0205310565;-3.6726898080;40.4465678440
442955.8513270000;4477542.3945320000;2014-07-01;2017-01-01;5;Chamartín;53;3;Ciudad Jardín;GARCIA LUNA, CALLE, DE;33;0505310565;-3.6726797820;40.4465799330
442721.4624380000;4477491.6167540000;2017-01-01;1900-01-08;5;Chamartín;53;3;Ciudad Jardín;GARCIA LUNA, CALLE, DE;9;0205310563;-3.6754389740;40.4461068990
442721.4624380000;4477491.6167540000;2014-07-01;2017-01-01;5;Chamartín;53;3;Ciudad Jardín;GARCIA LUNA, CALLE, DE;9;0505310563;-3.6754389740;40.4461068990
442635.8651460000;4477262.1510770000;2017-01-01;1900-01-08;5;Chamartín;53;3;Ciudad Jardín;GENERAL ZABALA, CALLE, DEL;25;0205310572;-3.6764275560;40.4440336510
442635.8651460000;4477262.1510770000;2014-07-01;2017-01-01;5;Chamartín;53;3;Ciudad Jardín;GENERAL ZABALA, CALLE, DEL;25;0505310572;-3.6764275560;40.4440336510
443222.8556570000;4478147.1195040000;2017-01-01;1900-01-08;5;Chamartín;53;3;Ciudad Jardín;GUERRERO Y MENDOZA, CALLE, DE;61;0205310588;-3.6695854660;40.4520462370
443222.8556570000;4478147.1195040000;2014-07-01;2017-01-01;5;Chamartín;53;3;Ciudad Jardín;GUERRERO Y MENDOZA, CALLE, DE;61;0505310588;-3.6695854660;40.4520462370
443308.4889975990;4478015.0760720700;2017-01-01;1900-01-08;5;Chamartín;53;3;Ciudad Jardín;GUSTAVO FERNANDEZ BALBUENA, CALLE, DE;19;0205310581;-3.6685638820;40.4508621050
443272.4056642660;4478178.9927387400;2017-01-01;1900-01-08;5;Chamartín;53;3;Ciudad Jardín;GUSTAVO FERNANDEZ BALBUENA, CALLE, DE;31;0205310599;-3.6690040280;40.4523363830
443271.5102010000;4478180.1825150000;2014-07-01;2017-01-01;5;Chamartín;53;3;Ciudad Jardín;GUSTAVO FERNANDEZ BALBUENA, CALLE, DE;31;0505310599;-3.6690146850;40.4523468680
443310.6149160000;4478014.6380230000;2014-07-01;2017-01-01;5;Chamartín;53;3;Ciudad Jardín;GUSTAVO FERNANDEZ BALBUENA, CALLE, DE;36;0505310581;-3.6685387860;40.4508588390
443130.0179940000;4477755.5611990000;2017-01-01;1900-01-08;5;Chamartín;53;3;Ciudad Jardín;JAVIER FERRERO, CALLE, DE;8 B;0205310538;-3.6706452080;40.4485124620
443130.0179940000;4477755.5611990000;2014-07-01;2017-01-01;5;Chamartín;53;3;Ciudad Jardín;JAVIER FERRERO, CALLE, DE;8 B;0505310538;-3.6706452080;40.4485124620
442531.1556642660;4477124.4094054000;2017-01-01;1900-01-08;5;Chamartín;53;3;Ciudad Jardín;JOSEP PLA, CALLE, DE;4;0205310548;-3.6776498470;40.4427851190
442530.3466270000;4477123.3918170000;2014-07-01;2017-01-01;5;Chamartín;53;3;Ciudad Jardín;JOSEP PLA, CALLE, DE;4;0505310548;-3.6776592430;40.4427766390
443462.6296000000;4478102.7716960000;2017-01-01;1900-01-08;5;Chamartín;53;3;Ciudad Jardín;LA PEDRIZA, CALLE, DE;6;0205310586;-3.6667540230;40.4516629280
443462.6296000000;4478102.7716960000;2014-07-01;2017-01-01;5;Chamartín;53;3;Ciudad Jardín;LA PEDRIZA, CALLE, DE;6;0505310586;-3.6667540230;40.4516629280
442997.4889975990;4477424.4094054000;2017-01-01;1900-01-08;5;Chamartín;53;3;Ciudad Jardín;LOPEZ DE HOYOS, CALLE, DE;109;0205310600;-3.6721782720;40.4455198460
442992.9068830000;4477421.3945320000;2014-07-01;2017-01-01;5;Chamartín;53;3;Ciudad Jardín;LOPEZ DE HOYOS, CALLE, DE;109;0505310600;-3.6722320720;40.4454930890
443230.0223240000;4478000.1195040000;2017-01-01;1900-01-08;5;Chamartín;53;3;Ciudad Jardín;LUIS LARRAINZA, CALLE, DE;38;0205310591;-3.6694878340;40.4507224180
443230.0223240000;4478000.1195040000;2014-07-01;2017-01-01;5;Chamartín;53;3;Ciudad Jardín;LUIS LARRAINZA, CALLE, DE;38;0505310591;-3.6694878340;40.4507224180
442698.3883640000;4477308.6723100000;2017-01-01;1900-01-08;5;Chamartín;53;3;Ciudad Jardín;LUIS VIVES, CALLE, DE;14;0205310573;-3.6756945140;40.4444570100
442698.3883640000;4477308.6723100000;2014-07-01;2017-01-01;5;Chamartín;53;3;Ciudad Jardín;LUIS VIVES, CALLE, DE;14;0505310573;-3.6756945140;40.4444570100
442937.9068830000;4477451.0611990000;2017-01-01;1900-01-08;5;Chamartín;53;3;Ciudad Jardín;MALCAMPO, CALLE, DE;22;0205310566;-3.6728831820;40.4457561340
442937.9068830000;4477451.0611990000;2014-07-01;2017-01-01;5;Chamartín;53;3;Ciudad Jardín;MALCAMPO, CALLE, DE;22;0505310566;-3.6728831820;40.4457561340
442779.2402160000;4477381.2278660000;2017-01-01;1900-01-08;5;Chamartín;53;3;Ciudad Jardín;MALCAMPO, CALLE, DE;6;0205310546;-3.6747477580;40.4451162550
442779.2402160000;4477381.2278660000;2014-07-01;2017-01-01;5;Chamartín;53;3;Ciudad Jardín;MALCAMPO, CALLE, DE;6;0505310546;-3.6747477580;40.4451162550
442750.9889975990;4477452.7427387400;2017-01-01;1900-01-08;5;Chamartín;53;3;Ciudad Jardín;MANTUANO, CALLE, DE;19;0205310568;-3.6750873500;40.4457582540
442749.7957720000;4477454.8389770000;2014-07-01;2017-01-01;5;Chamartín;53;3;Ciudad Jardín;MANTUANO, CALLE, DE;20;0505310568;-3.6751016170;40.4457770470
442821.1846600000;4477336.1167540000;2017-01-01;1900-01-08;5;Chamartín;53;3;Ciudad Jardín;MANTUANO, CALLE, DE;3;0205310553;-3.6742491700;40.4447128930
442821.1846600000;4477336.1167540000;2014-07-01;2017-01-01;5;Chamartín;53;3;Ciudad Jardín;MANTUANO, CALLE, DE;3;0505310553;-3.6742491700;40.4447128930
442656.7389975990;4477680.2982942900;2017-01-01;1900-01-08;5;Chamartín;53;3;Ciudad Jardín;MANTUANO, CALLE, DE;49;0205310559;-3.6762192280;40.4478018230
442658.1661420000;4477673.5241620000;2014-07-01;2017-01-01;5;Chamartín;53;3;Ciudad Jardín;MANTUANO, CALLE, DE;49;0505310559;-3.6762018680;40.4477411470
442908.5365120000;4477551.3389770000;2017-01-01;1900-01-08;5;Chamartín;53;3;Ciudad Jardín;MARCENADO, CALLE, DE;19;0205310564;-3.6732385300;40.4466576260
442908.5365120000;4477551.3389770000;2014-07-01;2017-01-01;5;Chamartín;53;3;Ciudad Jardín;MARCENADO, CALLE, DE;19;0505310564;-3.6732385300;40.4466576260
442878.2945531550;4477674.6316276300;2017-01-01;1900-01-08;5;Chamartín;53;3;Ciudad Jardín;MARCENADO, CALLE, DE;31;0205310556;-3.6736061400;40.4477663570
442877.5179940000;4477675.2278660000;2014-07-01;2017-01-01;5;Chamartín;53;3;Ciudad Jardín;MARCENADO, CALLE, DE;31;0505310556;-3.6736154220;40.4477716280
442837.9112130000;4477884.6195040000;2017-01-01;1900-01-08;5;Chamartín;53;3;Ciudad Jardín;MARCENADO, CALLE, DE;50;0205310602;-3.6741012900;40.4496548830
442837.9112130000;4477884.6195040000;2014-07-01;2017-01-01;5;Chamartín;53;3;Ciudad Jardín;MARCENADO, CALLE, DE;50;0505310602;-3.6741012900;40.4496548830
442803.5723309330;4478001.9094054000;2017-01-01;1900-01-08;5;Chamartín;53;3;Ciudad Jardín;MARCENADO, CALLE, DE;S/N;0205310533;-3.6745167990;40.4507092400
442804.1334350000;4477998.4528380000;2014-07-01;2017-01-01;5;Chamartín;53;3;Ciudad Jardín;MARCENADO, CALLE, DE;S/N;0505310533;-3.6745098660;40.4506785870
442814.9889975990;4477465.3260720700;2017-01-01;1900-01-08;5;Chamartín;53;3;Ciudad Jardín;MATILDE DIEZ, CALLE, DE;1;0205310567;-3.6743338530;40.4458757680
442815.5735490000;4477466.1167540000;2014-07-01;2017-01-01;5;Chamartín;53;3;Ciudad Jardín;MATILDE DIEZ, CALLE, DE;1;0505310567;-3.6743270350;40.4458837890
443337.5778790000;4478126.4528380000;2017-01-01;1900-01-08;5;Chamartín;53;3;Ciudad Jardín;MOSTOLES, CALLE, DE;16;0205310583;-3.6682308220;40.4518674740
443337.5778790000;4478126.4528380000;2014-07-01;2017-01-01;5;Chamartín;53;3;Ciudad Jardín;MOSTOLES, CALLE, DE;16;0505310583;-3.6682308220;40.4518674740
443021.1334350000;4477892.3972820000;2017-01-01;1900-01-08;5;Chamartín;53;3;Ciudad Jardín;NAVALAFUENTE, CALLE, DE;1;0205310594;-3.6719414110;40.4497372740
443021.1334350000;4477892.3972820000;2014-07-01;2017-01-01;5;Chamartín;53;3;Ciudad Jardín;NAVALAFUENTE, CALLE, DE;1;0505310594;-3.6719414110;40.4497372740
443159.5778790000;4477899.1195040000;2017-01-01;1900-01-08;5;Chamartín;53;3;Ciudad Jardín;NAVALAFUENTE, CALLE, DE;21;0205310593;-3.6703095130;40.4498074610
443159.5778790000;4477899.1195040000;2014-07-01;2017-01-01;5;Chamartín;53;3;Ciudad Jardín;NAVALAFUENTE, CALLE, DE;21;0505310593;-3.6703095130;40.4498074610
443043.4068830000;4477623.1167540000;2017-01-01;1900-01-08;5;Chamartín;53;3;Ciudad Jardín;NIEREMBERG, CALLE, DE;13;0205310575;-3.6716545880;40.4473137200
443043.4068830000;4477623.1167540000;2014-07-01;2017-01-01;5;Chamartín;53;3;Ciudad Jardín;NIEREMBERG, CALLE, DE;13;0505310575;-3.6716545880;40.4473137200
442959.7402160000;4477722.6167540000;2017-01-01;1900-01-08;5;Chamartín;53;3;Ciudad Jardín;NIEREMBERG, CALLE, DE;23;0205310578;-3.6726501020;40.4482038100
442959.7402160000;4477722.6167540000;2014-07-01;2017-01-01;5;Chamartín;53;3;Ciudad Jardín;NIEREMBERG, CALLE, DE;23;0505310578;-3.6726501020;40.4482038100
443090.5735490000;4477592.6723100000;2017-01-01;1900-01-08;5;Chamartín;53;3;Ciudad Jardín;NIEREMBERG, CALLE, DE;6;0205310576;-3.6710957250;40.4470424820
443090.5735490000;4477592.6723100000;2014-07-01;2017-01-01;5;Chamartín;53;3;Ciudad Jardín;NIEREMBERG, CALLE, DE;6;0505310576;-3.6710957250;40.4470424820
443578.7945531550;4478014.5760720700;2017-05-05;2017-05-18;5;Chamartín;53;3;Ciudad Jardín;PADRE CLARET, CALLE, DEL;S/N;0205211127;-3.6653762890;40.4508759700
443578.9629330000;4478014.4939180000;2017-01-01;2017-05-05;5;Chamartín;53;3;Ciudad Jardín;PADRE CLARET, CALLE, DEL;S/N;0205310547;-3.6653742830;40.4508753400
443579.5167753770;4478012.8538498500;2017-05-18;1900-01-08;5;Chamartín;53;3;Ciudad Jardín;PADRE CLARET, CALLE, DEL;S/N;0205310547;-3.6653676370;40.4508612450
443578.9629330000;4478014.4939180000;2014-07-01;2017-01-01;5;Chamartín;53;3;Ciudad Jardín;PADRE CLARET, CALLE, DEL;S/N;0505310547;-3.6653742830;40.4508753400
443186.7587340000;4477586.0797170000;2017-01-01;1900-01-08;5;Chamartín;53;3;Ciudad Jardín;PANTOJA, CALLE, DE;1;0205310577;-3.6699609250;40.4469897700
443186.7587340000;4477586.0797170000;2014-07-01;2017-01-01;5;Chamartín;53;3;Ciudad Jardín;PANTOJA, CALLE, DE;1;0505310577;-3.6699609250;40.4469897700
443085.3513270000;4477684.8945320000;2014-07-01;2017-01-01;5;Chamartín;53;3;Ciudad Jardín;PANTOJA, CALLE, DE;14;0505310537;-3.6711655690;40.4478726400
442637.4994750000;4477385.0426800000;2017-01-01;1900-01-08;5;Chamartín;53;3;Ciudad Jardín;PECHUAN, CALLE, DE;15;0205310570;-3.6764194770;40.4451410070
442637.4994750000;4477385.0426800000;2014-07-01;2017-01-01;5;Chamartín;53;3;Ciudad Jardín;PECHUAN, CALLE, DE;15;0505310570;-3.6764194770;40.4451410070
443517.3518220000;4478115.2716960000;2017-01-01;1900-01-08;5;Chamartín;53;3;Ciudad Jardín;PEÑOTA, CALLE, DE LA;14;0205310587;-3.6661097890;40.4517791240
443517.3518220000;4478115.2716960000;2014-07-01;2017-01-01;5;Chamartín;53;3;Ciudad Jardín;PEÑOTA, CALLE, DE LA;14;0505310587;-3.6661097890;40.4517791240
442853.7389975990;4477772.6594054000;2017-01-01;1900-01-08;5;Chamartín;53;3;Ciudad Jardín;PRADILLO, CALLE, DE;20;0205310534;-3.6739046510;40.4486474510
442853.6846600000;4477773.5056430000;2014-07-01;2017-01-01;5;Chamartín;53;3;Ciudad Jardín;PRADILLO, CALLE, DE;20;0505310534;-3.6739052810;40.4486554730
442962.1556642660;4477789.7427387400;2017-01-01;1900-01-08;5;Chamartín;53;3;Ciudad Jardín;PRADILLO, CALLE, DE;30;0205310539;-3.6726277000;40.4488085100
442957.3142900000;4477789.1908290000;2014-07-01;2017-01-01;5;Chamartín;53;3;Ciudad Jardín;PRADILLO, CALLE, DE;30;0505310539;-3.6726847090;40.4488036970
443052.2445460000;4477820.5083930000;2017-01-01;1900-01-08;5;Chamartín;53;3;Ciudad Jardín;PRADILLO, CALLE, DE;33;0205310540;-3.6715680720;40.4490922960
443052.2445460000;4477820.5083930000;2014-07-01;2017-01-01;5;Chamartín;53;3;Ciudad Jardín;PRADILLO, CALLE, DE;33;0505310540;-3.6715680720;40.4490922960
443255.9112130000;4477896.3417270000;2017-01-01;1900-01-08;5;Chamartín;53;3;Ciudad Jardín;PRADILLO, CALLE, DE;56;0205310542;-3.6691732800;40.4497892410
443255.9112130000;4477896.3417270000;2014-07-01;2017-01-01;5;Chamartín;53;3;Ciudad Jardín;PRADILLO, CALLE, DE;56;0505310542;-3.6691732800;40.4497892410
443345.9904660000;4477938.9442230000;2017-01-01;1900-01-08;5;Chamartín;53;3;Ciudad Jardín;PRADILLO, CALLE, DE;66;0205310543;-3.6681147980;40.4501789100
443345.9904660000;4477938.9442230000;2014-07-01;2017-01-01;5;Chamartín;53;3;Ciudad Jardín;PRADILLO, CALLE, DE;66;0505310543;-3.6681147980;40.4501789100
442707.9809570000;4477768.7093470000;2017-01-01;1900-01-08;5;Chamartín;53;3;Ciudad Jardín;PRADILLO, CALLE, DE;7 A;0205310555;-3.6756229510;40.4486022450
442707.9809570000;4477768.7093470000;2014-07-01;2017-01-01;5;Chamartín;53;3;Ciudad Jardín;PRADILLO, CALLE, DE;7 A;0505310555;-3.6756229510;40.4486022450
442466.0306642660;4477076.3260720700;2020-12-17;2025-04-02;5;Chamartín;53;3;Ciudad Jardín;PRINCIPE DE VERGARA, CALLE, DEL;126;0205311154;-3.6784133130;40.4423478950
442471.0012085140;4477117.7420218200;2025-04-02;1900-01-08;5;Chamartín;53;3;Ciudad Jardín;PRINCIPE DE VERGARA, CALLE, DEL;128;0205311154;-3.6783584240;40.4427212910
442479.4889975990;4477231.9094054000;2017-01-01;1900-01-08;5;Chamartín;53;3;Ciudad Jardín;PRINCIPE DE VERGARA, CALLE, DEL;134;0205310527;-3.6782687560;40.4437502090
442479.0177690000;4477233.5670190000;2014-07-01;2017-01-01;5;Chamartín;53;3;Ciudad Jardín;PRINCIPE DE VERGARA, CALLE, DEL;134;0505310527;-3.6782743710;40.4437656790
442520.7957720000;4477679.0611990000;2017-01-01;1900-01-08;5;Chamartín;53;3;Ciudad Jardín;PRINCIPE DE VERGARA, CALLE, DEL;154;0205310531;-3.6778221920;40.4477809670
442520.7957720000;4477679.0611990000;2014-07-01;2017-01-01;5;Chamartín;53;3;Ciudad Jardín;PRINCIPE DE VERGARA, CALLE, DEL;154;0505310531;-3.6778221920;40.4477809670
442546.1889900000;4477946.2306160000;2017-01-01;1900-01-08;5;Chamartín;53;3;Ciudad Jardín;PRINCIPE DE VERGARA, CALLE, DEL;206;0205310551;-3.6775468290;40.4501895100
442546.1889900000;4477946.2306160000;2014-07-01;2017-01-01;5;Chamartín;53;3;Ciudad Jardín;PRINCIPE DE VERGARA, CALLE, DEL;206;0505310551;-3.6775468290;40.4501895100
442508.4068830000;4477545.1723100000;2017-01-01;1900-01-08;5;Chamartín;53;3;Ciudad Jardín;PRINCIPE DE VERGARA, CALLE, DEL;S/N;0205310530;-3.6779561500;40.4465748340
442552.9112130000;4478019.1195040000;2017-01-01;1900-01-08;5;Chamartín;53;3;Ciudad Jardín;PRINCIPE DE VERGARA, CALLE, DEL;S/N;0205310552;-3.6774741780;40.4508469220
442508.4068830000;4477545.1723100000;2014-07-01;2017-01-01;5;Chamartín;53;3;Ciudad Jardín;PRINCIPE DE VERGARA, CALLE, DEL;S/N;0505310530;-3.6779561500;40.4465748340
442552.9112130000;4478019.1195040000;2014-07-01;2017-01-01;5;Chamartín;53;3;Ciudad Jardín;PRINCIPE DE VERGARA, CALLE, DEL;S/N;0505310552;-3.6774741780;40.4508469220
442990.7445460000;4478127.3972820000;2017-01-01;1900-01-08;5;Chamartín;53;3;Ciudad Jardín;RAMON Y CAJAL, AVENIDA, DE;18;0205310598;-3.6723208810;40.4518525770
442990.7445460000;4478127.3972820000;2014-07-01;2017-01-01;5;Chamartín;53;3;Ciudad Jardín;RAMON Y CAJAL, AVENIDA, DE;18;0505310598;-3.6723208810;40.4518525770
442881.3186200000;4478093.2676530000;2017-01-01;1900-01-08;5;Chamartín;53;3;Ciudad Jardín;RAMON Y CAJAL, AVENIDA, DE;4;0205310597;-3.6736082020;40.4515375650
442881.3186200000;4478093.2676530000;2014-07-01;2017-01-01;5;Chamartín;53;3;Ciudad Jardín;RAMON Y CAJAL, AVENIDA, DE;4;0505310597;-3.6736082020;40.4515375650
442631.3223309330;4478095.9094054000;2017-01-01;1900-01-08;5;Chamartín;53;3;Ciudad Jardín;RAMON Y CAJAL, AVENIDA, DE;S/N;0205310532;-3.6765564710;40.4515444980
442632.2445460000;4478097.0083930000;2014-07-01;2017-01-01;5;Chamartín;53;3;Ciudad Jardín;RAMON Y CAJAL, AVENIDA, DE;S/N;0505310532;-3.6765457570;40.4515544670
443136.9178751800;4478095.3253551500;2017-01-01;2023-05-25;5;Chamartín;53;3;Ciudad Jardín;REDRUEÑA, CALLE, DE;S/N;0205310590;-3.6705942150;40.4515732600
443136.6889900000;4478093.9528380000;2014-07-01;2017-01-01;5;Chamartín;53;3;Ciudad Jardín;REDRUEÑA, CALLE, DE;S/N;0505310590;-3.6705968510;40.4515611710
442701.3556570000;4477840.3972820000;2017-01-01;1900-01-08;5;Chamartín;53;3;Ciudad Jardín;SAN ERNESTO, CALLE, DE;10;0205310554;-3.6757075200;40.4492470510
442701.3556570000;4477840.3972820000;2014-07-01;2017-01-01;5;Chamartín;53;3;Ciudad Jardín;SAN ERNESTO, CALLE, DE;10;0505310554;-3.6757075200;40.4492470510
442627.5723309330;4477569.2427387400;2017-01-01;1900-01-08;5;Chamartín;53;3;Ciudad Jardín;SANCHEZ PACHECO, CALLE, DE;16;0205310535;-3.6765531480;40.4467994900
442627.3883640000;4477568.4500880000;2014-07-01;2017-01-01;5;Chamartín;53;3;Ciudad Jardín;SANCHEZ PACHECO, CALLE, DE;16;0505310535;-3.6765552680;40.4467924430
442837.9624380000;4477604.2278660000;2017-01-01;1900-01-08;5;Chamartín;53;3;Ciudad Jardín;SANCHEZ PACHECO, CALLE, DE;48;0205310557;-3.6740755070;40.4471287690
442837.9624380000;4477604.2278660000;2014-07-01;2017-01-01;5;Chamartín;53;3;Ciudad Jardín;SANCHEZ PACHECO, CALLE, DE;48;0505310557;-3.6740755070;40.4471287690
443089.5798487520;4477683.2846720400;2017-01-01;1900-01-08;5;Chamartín;53;3;Ciudad Jardín;SANCHEZ PACHECO, CALLE, DE;61;0205310537;-3.6711155500;40.4478583160
443208.8223309330;4477726.5760720700;2017-01-01;1900-01-08;5;Chamartín;53;3;Ciudad Jardín;SANCHEZ PACHECO, CALLE, DE;80;0205310545;-3.6697133500;40.4482570380
443203.4254010000;4477723.7093470000;2014-07-01;2017-01-01;5;Chamartín;53;3;Ciudad Jardín;SANCHEZ PACHECO, CALLE, DE;80;0505310545;-3.6697767190;40.4482303380
443286.1293550000;4477788.7220010000;2017-01-01;1900-01-08;5;Chamartín;53;3;Ciudad Jardín;SANCHEZ PACHECO, CALLE, DE;83;0205310579;-3.6688073320;40.4488222030
443286.1293550000;4477788.7220010000;2014-07-01;2017-01-01;5;Chamartín;53;3;Ciudad Jardín;SANCHEZ PACHECO, CALLE, DE;83;0505310579;-3.6688073320;40.4488222030
443390.8330590000;4477844.4442230000;2017-01-01;1900-01-08;5;Chamartín;53;3;Ciudad Jardín;SANCHEZ PACHECO, CALLE, DE;94;0205310544;-3.6675775920;40.4493312190
443390.8330590000;4477844.4442230000;2014-07-01;2017-01-01;5;Chamartín;53;3;Ciudad Jardín;SANCHEZ PACHECO, CALLE, DE;94;0505310544;-3.6675775920;40.4493312190
443304.7019605620;4477702.9094054000;2017-01-01;1900-01-08;5;Chamartín;53;3;Ciudad Jardín;SATURNINO CALLEJA, CALLE, DE;2;0205310580;-3.6685807270;40.4480499130
443304.6846600000;4477702.5241620000;2014-07-01;2017-01-01;5;Chamartín;53;3;Ciudad Jardín;SATURNINO CALLEJA, CALLE, DE;2;0505310580;-3.6685808420;40.4480465900
443186.6278864880;4477829.2427387400;2017-01-01;1900-01-08;5;Chamartín;53;3;Ciudad Jardín;SATURNINO CALLEJA, CALLE, DE;22;0205310541;-3.6699842440;40.4491804160
443185.0223240000;4477829.6195040000;2014-07-01;2017-01-01;5;Chamartín;53;3;Ciudad Jardín;SATURNINO CALLEJA, CALLE, DE;22;0505310541;-3.6700031520;40.4491835100
442592.1846600000;4477460.5611990000;2017-01-01;1900-01-08;5;Chamartín;53;3;Ciudad Jardín;SUERO DE QUIÑONES, CALLE, DE;19;0205310571;-3.6769605780;40.4458178420
442592.1846600000;4477460.5611990000;2014-07-01;2017-01-01;5;Chamartín;53;3;Ciudad Jardín;SUERO DE QUIÑONES, CALLE, DE;19;0505310571;-3.6769605780;40.4458178420
442560.0735490000;4477574.5611990000;2017-01-01;1900-01-08;5;Chamartín;53;3;Ciudad Jardín;SUERO DE QUIÑONES, CALLE, DE;34;0205310562;-3.6773495020;40.4468429210
442560.0735490000;4477574.5611990000;2014-07-01;2017-01-01;5;Chamartín;53;3;Ciudad Jardín;SUERO DE QUIÑONES, CALLE, DE;34;0505310562;-3.6773495020;40.4468429210
442609.0179940000;4477646.6167540000;2017-01-01;1900-01-08;5;Chamartín;53;3;Ciudad Jardín;VINAROZ, CALLE, DE;23;0205310561;-3.6767788940;40.4474954620
442609.0179940000;4477646.6167540000;2014-07-01;2017-01-01;5;Chamartín;53;3;Ciudad Jardín;VINAROZ, CALLE, DE;23;0505310561;-3.6767788940;40.4474954620
442580.4068830000;4477772.9500880000;2017-01-01;1900-01-08;5;Chamartín;53;3;Ciudad Jardín;VINAROZ, CALLE, DE;31;0205310560;-3.6771276530;40.4486311790
442580.4068830000;4477772.9500880000;2014-07-01;2017-01-01;5;Chamartín;53;3;Ciudad Jardín;VINAROZ, CALLE, DE;31;0505310560;-3.6771276530;40.4486311790
442706.8328090000;4477399.3760140000;2017-01-01;1900-01-08;5;Chamartín;53;3;Ciudad Jardín;VINAROZ, CALLE, DE;7;0205310569;-3.6756031270;40.4452750790
442706.8328090000;4477399.3760140000;2014-07-01;2017-01-01;5;Chamartín;53;3;Ciudad Jardín;VINAROZ, CALLE, DE;7;0505310569;-3.6756031270;40.4452750790
442018.7571560000;4478875.9726780000;2017-01-01;1900-01-08;5;Chamartín;54;4;Hispanoamérica;ALBERTO ALCOCER, AVENIDA, DE;28;0205410736;-3.6838512550;40.4585289100
442018.7571560000;4478875.9726780000;2014-07-01;2017-01-01;5;Chamartín;54;4;Hispanoamérica;ALBERTO ALCOCER, AVENIDA, DE;28;0505410736;-3.6838512550;40.4585289100
441727.5167753770;4478904.4649609600;2014-07-01;1900-01-08;5;Chamartín;54;4;Hispanoamérica;ALBERTO ALCOCER, AVENIDA, DE;8;0205410362;-3.6872887160;40.4587649690
443441.6935600000;4478835.1719550000;2017-01-01;1900-01-08;5;Chamartín;54;4;Hispanoamérica;ALFONSO XIII, AVENIDA, DE;124;0205410830;-3.6670661700;40.4582596780
443441.6935600000;4478835.1719550000;2014-07-01;2017-01-01;5;Chamartín;54;4;Hispanoamérica;ALFONSO XIII, AVENIDA, DE;124;0505410830;-3.6670661700;40.4582596780
443403.1892350000;4478234.8358670000;2017-01-01;1900-01-08;5;Chamartín;54;4;Hispanoamérica;ALFONSO XIII, AVENIDA, DE;47;0205410761;-3.6674667250;40.4528483780
443403.1892350000;4478234.8358670000;2014-07-01;2017-01-01;5;Chamartín;54;4;Hispanoamérica;ALFONSO XIII, AVENIDA, DE;47;0505410761;-3.6674667250;40.4528483780
443439.6825153050;4478334.7534206200;2017-01-01;1900-01-08;5;Chamartín;54;4;Hispanoamérica;ALFONSO XIII, AVENIDA, DE;60;0205410835;-3.6670453150;40.4537515310
443436.8003470000;4478326.3358670000;2014-07-01;2017-01-01;5;Chamartín;54;4;Hispanoamérica;ALFONSO XIII, AVENIDA, DE;60;0505410835;-3.6670784890;40.4536753850
443428.9947910000;4478390.7803110000;2017-01-01;1900-01-08;5;Chamartín;54;4;Hispanoamérica;ALFONSO XIII, AVENIDA, DE;67;0205410760;-3.6671763500;40.4542553900
443428.9947910000;4478390.7803110000;2014-07-01;2017-01-01;5;Chamartín;54;4;Hispanoamérica;ALFONSO XIII, AVENIDA, DE;67;0505410760;-3.6671763500;40.4542553900
443423.2822074760;4478636.2057017000;2017-01-01;1900-01-08;5;Chamartín;54;4;Hispanoamérica;ALFONSO XIII, AVENIDA, DE;93;0205410759;-3.6672655020;40.4564656890
443422.8602270000;4478638.6163990000;2014-07-01;2017-01-01;5;Chamartín;54;4;Hispanoamérica;ALFONSO XIII, AVENIDA, DE;93;0505410759;-3.6672707160;40.4564874620
443568.7450310000;4478453.1911230000;2017-01-01;1900-01-08;5;Chamartín;54;4;Hispanoamérica;ALHELIES, AVENIDA, DE LOS;12;0205410837;-3.6655337370;40.4548268010
443568.7450310000;4478453.1911230000;2014-07-01;2017-01-01;5;Chamartín;54;4;Hispanoamérica;ALHELIES, AVENIDA, DE LOS;12;0505410837;-3.6655337370;40.4548268010
443395.6892350000;4478505.2247560000;2014-07-01;2017-01-01;5;Chamartín;54;4;Hispanoamérica;ANGEL DE DIEGO ROLDAN, CALLE, DE;26;0505410842;-3.6675793110;40.4552838490
443376.9713380000;4478681.0052880000;2014-07-01;2017-01-01;5;Chamartín;54;4;Hispanoamérica;ANGEL DE DIEGO ROLDAN, CALLE, DE;31;0505410839;-3.6678157140;40.4568658430
443368.5306642660;4478367.0760720700;2024-10-02;1900-01-08;5;Chamartín;54;4;Hispanoamérica;ANGEL DE DIEGO ROLDAN, CALLE, DE;6;0205410843;-3.6678872190;40.4540378380
443379.9612198220;4478366.4649609600;2017-01-01;2024-10-02;5;Chamartín;54;4;Hispanoamérica;ANGEL DE DIEGO ROLDAN, CALLE, DE;6;0205410843;-3.6677524020;40.4540329680
443378.9670130000;4478366.6136440000;2014-07-01;2017-01-01;5;Chamartín;54;4;Hispanoamérica;ANGEL DE DIEGO ROLDAN, CALLE, DE;6;0505410843;-3.6677640900;40.4540337700
443586.4427013030;4478633.2180473800;2017-01-01;1900-01-08;5;Chamartín;54;4;Hispanoamérica;ASTER, AVENIDA, DEL;17;0205410756;-3.6653411090;40.4564499330
443591.5228090000;4478633.7189010000;2014-07-01;2017-01-01;5;Chamartín;54;4;Hispanoamérica;ASTER, AVENIDA, DEL;17;0505410756;-3.6652812350;40.4564548030
443562.2895470000;4478685.5204360000;2014-07-01;2017-01-01;5;Chamartín;54;4;Hispanoamérica;ASTER, AVENIDA, DEL;24;0505410832;-3.6656305100;40.4569191280
443507.8561420000;4478724.3300120000;2017-01-01;1900-01-08;5;Chamartín;54;4;Hispanoamérica;ASTER, AVENIDA, DEL;43;0205410853;-3.6662759470;40.4572650230
443507.8561420000;4478724.3300120000;2014-07-01;2017-01-01;5;Chamartín;54;4;Hispanoamérica;ASTER, AVENIDA, DEL;43;0505410853;-3.6662759470;40.4572650230
442521.2488760000;4478711.3444770000;2017-01-01;1900-01-08;5;Chamartín;54;4;Hispanoamérica;BOLIVIA, CALLE, DE;18;0205410793;-3.6779102560;40.4570805880
442521.2488760000;4478711.3444770000;2014-07-01;2017-01-01;5;Chamartín;54;4;Hispanoamérica;BOLIVIA, CALLE, DE;18;0505410793;-3.6779102560;40.4570805880
442518.4754280000;4478811.2361110000;2017-01-01;1900-01-08;5;Chamartín;54;4;Hispanoamérica;BOLIVIA, CALLE, DE;26;0205410794;-3.6779520250;40.4579804180
442518.4754280000;4478811.2361110000;2014-07-01;2017-01-01;5;Chamartín;54;4;Hispanoamérica;BOLIVIA, CALLE, DE;26;0505410794;-3.6779520250;40.4579804180
443237.1556642660;4478420.5760720700;2017-01-01;1900-01-08;5;Chamartín;54;4;Hispanoamérica;CALAS, CALLE, DE LAS;4;0205410844;-3.6694413100;40.4545104710
443237.0266540000;4478421.6222540000;2014-07-01;2017-01-01;5;Chamartín;54;4;Hispanoamérica;CALAS, CALLE, DE LAS;4;0505410844;-3.6694429140;40.4545203260
441543.4284913070;4478282.5146146500;2014-07-01;2024-02-23;5;Chamartín;54;4;Hispanoamérica;CASTELLANA, PASEO, DE LA;142;0205410356;-3.6894023570;40.4531496960
441497.6278864880;4478514.6871831800;2014-07-01;1900-01-08;5;Chamartín;54;4;Hispanoamérica;CASTELLANA, PASEO, DE LA;148;0205410359;-3.6899639130;40.4552381270
441521.2204790810;4478602.1686646600;2014-07-01;1900-01-08;5;Chamartín;54;4;Hispanoamérica;CASTELLANA, PASEO, DE LA;152;0205410368;-3.6896937060;40.4560272050
441501.3740575940;4478297.7033767300;2014-07-01;2024-02-23;5;Chamartín;54;4;Hispanoamérica;CASTELLANA, PASEO, DE LA;S/N;0205410357;-3.6898996840;40.4532833670
441479.0366928290;4478302.2170897100;2014-07-01;2024-02-23;5;Chamartín;54;4;Hispanoamérica;CASTELLANA, PASEO, DE LA;S/N;0205410358;-3.6901635310;40.4533225000
441517.2144023120;4478764.7080803200;2014-07-01;1900-01-08;5;Chamartín;54;4;Hispanoamérica;CASTELLANA, PASEO, DE LA;S/N;0205410363;-3.6897559290;40.4574915130
441521.2945531550;4478810.0945905900;2014-07-01;2022-10-21;5;Chamartín;54;4;Hispanoamérica;CASTELLANA, PASEO, DE LA;S/N;0205410364;-3.6897120410;40.4579003180
441518.1556642660;4478763.4094054000;2023-02-06;2023-02-07;5;Chamartín;54;4;Hispanoamérica;CASTELLANA, PASEO, DE LA;S/N;0205411570;-3.6897446990;40.4574798820
443589.0184890000;4478255.8828070000;2017-01-01;1900-01-08;5;Chamartín;54;4;Hispanoamérica;CEREZOS, PASEO, DE LOS;3;0205410758;-3.6652771670;40.4530509180
443589.0184890000;4478255.8828070000;2014-07-01;2017-01-01;5;Chamartín;54;4;Hispanoamérica;CEREZOS, PASEO, DE LOS;3;0505410758;-3.6652771670;40.4530509180
443636.2450310000;4478390.5244560000;2017-01-01;1900-01-08;5;Chamartín;54;4;Hispanoamérica;CEREZOS, PASEO, DE LOS;31;0205410757;-3.6647322270;40.4542666770
443636.2450310000;4478390.5244560000;2014-07-01;2017-01-01;5;Chamartín;54;4;Hispanoamérica;CEREZOS, PASEO, DE LOS;31;0505410757;-3.6647322270;40.4542666770
443642.5783640000;4478525.9411230000;2017-01-01;1900-01-08;5;Chamartín;54;4;Hispanoamérica;CEREZOS, PASEO, DE LOS;S/N;0205410863;-3.6646696020;40.4554872490
443642.5783640000;4478525.9411230000;2014-07-01;2017-01-01;5;Chamartín;54;4;Hispanoamérica;CEREZOS, PASEO, DE LOS;S/N;0505410863;-3.6646696020;40.4554872490
442702.6377650000;4478786.4555880000;2017-01-01;1900-01-08;5;Chamartín;54;4;Hispanoamérica;CHILE, CALLE, DE;17;0205410811;-3.6757778220;40.4577702570
442702.6377650000;4478786.4555880000;2014-07-01;2017-01-01;5;Chamartín;54;4;Hispanoamérica;CHILE, CALLE, DE;17;0505410811;-3.6757778220;40.4577702570
442695.0822090000;4478663.1222540000;2014-07-01;2017-01-01;5;Chamartín;54;4;Hispanoamérica;CHILE, CALLE, DE;18;0505410809;-3.6758558590;40.4566582030
442680.1278864880;4478509.8538498500;2017-01-01;1900-01-08;5;Chamartín;54;4;Hispanoamérica;CHILE, CALLE, DE;2;0205410807;-3.6760183490;40.4552767450
442679.8044320000;4478509.2333660000;2014-07-01;2017-01-01;5;Chamartín;54;4;Hispanoamérica;CHILE, CALLE, DE;2;0505410807;-3.6760220740;40.4552709580
442696.0167753770;4478665.6316276300;2017-01-01;1900-01-08;5;Chamartín;54;4;Hispanoamérica;CHILE, CALLE, DE;20;0205410809;-3.6758450300;40.4566809500
442672.6933200000;4478562.5666990000;2014-07-01;2017-01-01;5;Chamartín;54;4;Hispanoamérica;CHILE, CALLE, DE;3;0505410808;-3.6761107670;40.4557509250
442672.9056642660;4478568.0760720700;2017-01-01;1900-01-08;5;Chamartín;54;4;Hispanoamérica;CHILE, CALLE, DE;8;0205410808;-3.6761088190;40.4558006570
442298.7528060000;4478566.8866090000;2017-01-01;1900-01-08;5;Chamartín;54;4;Hispanoamérica;COCHABAMBA, CALLE, DE;15;0205410783;-3.6805211100;40.4557641030
442298.7528060000;4478566.8866090000;2014-07-01;2017-01-01;5;Chamartín;54;4;Hispanoamérica;COCHABAMBA, CALLE, DE;15;0505410783;-3.6805211100;40.4557641030
442375.5030110000;4478583.3808040000;2017-01-01;1900-01-08;5;Chamartín;54;4;Hispanoamérica;COCHABAMBA, CALLE, DE;16;0205410787;-3.6796174410;40.4559178270
442375.5030110000;4478583.3808040000;2014-07-01;2017-01-01;5;Chamartín;54;4;Hispanoamérica;COCHABAMBA, CALLE, DE;16;0505410787;-3.6796174410;40.4559178270
442719.7488760000;4478721.0111430000;2017-01-01;1900-01-08;5;Chamartín;54;4;Hispanoamérica;COLOMBIA, CALLE, DE;13;0205410746;-3.6755700670;40.4571818870
442719.7488760000;4478721.0111430000;2014-07-01;2017-01-01;5;Chamartín;54;4;Hispanoamérica;COLOMBIA, CALLE, DE;13;0505410746;-3.6755700670;40.4571818870
442930.3501087110;4478704.4649609600;2017-01-01;1900-01-08;5;Chamartín;54;4;Hispanoamérica;COLOMBIA, CALLE, DE;31;0205410814;-3.6730849200;40.4570469550
442926.9988760000;4478703.9555880000;2014-07-01;2017-01-01;5;Chamartín;54;4;Hispanoamérica;COLOMBIA, CALLE, DE;31;0505410814;-3.6731243970;40.4570420850
443111.2488760000;4478700.7889210000;2017-01-01;1900-01-08;5;Chamartín;54;4;Hispanoamérica;COLOMBIA, CALLE, DE;49;0205410826;-3.6709512250;40.4570264430
443111.2488760000;4478700.7889210000;2014-07-01;2017-01-01;5;Chamartín;54;4;Hispanoamérica;COLOMBIA, CALLE, DE;49;0505410826;-3.6709512250;40.4570264430
443295.4157830000;4478823.6997330000;2017-01-01;1900-01-08;5;Chamartín;54;4;Hispanoamérica;COLOMBIA, CALLE, DE;52;0205410829;-3.6687902580;40.4581457740
443295.4157830000;4478823.6997330000;2014-07-01;2017-01-01;5;Chamartín;54;4;Hispanoamérica;COLOMBIA, CALLE, DE;52;0505410829;-3.6687902580;40.4581457740
443244.9710980000;4478763.5666990000;2017-01-01;1900-01-08;5;Chamartín;54;4;Hispanoamérica;COLOMBIA, CALLE, DE;57;0205410828;-3.6693797740;40.4576007190
443244.9710980000;4478763.5666990000;2014-07-01;2017-01-01;5;Chamartín;54;4;Hispanoamérica;COLOMBIA, CALLE, DE;57;0505410828;-3.6693797740;40.4576007190
442628.1655430000;4478725.1222540000;2017-01-01;1900-01-08;5;Chamartín;54;4;Hispanoamérica;COLOMBIA, CALLE, DE;7;0205410745;-3.6766506080;40.4572126550
442628.1655430000;4478725.1222540000;2014-07-01;2017-01-01;5;Chamartín;54;4;Hispanoamérica;COLOMBIA, CALLE, DE;7;0505410745;-3.6766506080;40.4572126550
441638.1556642660;4478164.4510720700;2014-07-01;2024-02-23;5;Chamartín;54;4;Hispanoamérica;CONCHA ESPINA, AVENIDA, DE;1;0205410354;-3.6882745470;40.4520928760
441727.4495624220;4478157.3170729500;2014-07-01;2024-02-23;5;Chamartín;54;4;Hispanoamérica;CONCHA ESPINA, AVENIDA, DE;3;0205410360;-3.6872209350;40.4520346060
442170.7945531550;4478129.6871831800;2017-01-01;1900-01-08;5;Chamartín;54;4;Hispanoamérica;CONCHA ESPINA, AVENIDA, DE;49;0205410858;-3.6819902880;40.4518164810
441970.8317890000;4478140.3005410000;2017-01-01;1900-01-08;5;Chamartín;54;4;Hispanoamérica;CONCHA ESPINA, AVENIDA, DE;9;0205410857;-3.6843492130;40.4518982420
441970.8317890000;4478140.3005410000;2014-07-01;2017-01-01;5;Chamartín;54;4;Hispanoamérica;CONCHA ESPINA, AVENIDA, DE;9;0505410857;-3.6843492130;40.4518982420
442175.9984560000;4478129.1338740000;2014-07-01;2017-01-01;5;Chamartín;54;4;Hispanoamérica;CONCHA ESPINA, AVENIDA, DE;S/N;0505410858;-3.6819288670;40.4518122980
442052.6694730000;4478640.1366090000;2017-01-01;1900-01-08;5;Chamartín;54;4;Hispanoamérica;CONDES DEL VAL, CALLE, DE LOS;16;0205410770;-3.6834298450;40.4564068470
442052.6694730000;4478640.1366090000;2014-07-01;2017-01-01;5;Chamartín;54;4;Hispanoamérica;CONDES DEL VAL, CALLE, DE LOS;16;0505410770;-3.6834298450;40.4564068470
442084.4056642660;4478779.9094054000;2017-01-01;1900-01-08;5;Chamartín;54;4;Hispanoamérica;CONDES DEL VAL, CALLE, DE LOS;30;0205410774;-3.6830683090;40.4576680990
442086.0028060000;4478790.1366090000;2014-07-01;2017-01-01;5;Chamartín;54;4;Hispanoamérica;CONDES DEL VAL, CALLE, DE LOS;32;0505410774;-3.6830503750;40.4577604590
442086.4238230000;4478868.8060110000;2017-01-01;1900-01-08;5;Chamartín;54;4;Hispanoamérica;CONDES DEL VAL, CALLE, DE LOS;34;0205410735;-3.6830526100;40.4584693800
442086.4238230000;4478868.8060110000;2014-07-01;2017-01-01;5;Chamartín;54;4;Hispanoamérica;CONDES DEL VAL, CALLE, DE LOS;34;0505410735;-3.6830526100;40.4584693800
442016.9194730000;4478456.5532760000;2017-01-01;1900-01-08;5;Chamartín;54;4;Hispanoamérica;CONDES DEL VAL, CALLE, DE LOS;6;0205410769;-3.6838346400;40.4547500250
442016.9194730000;4478456.5532760000;2014-07-01;2017-01-01;5;Chamartín;54;4;Hispanoamérica;CONDES DEL VAL, CALLE, DE LOS;6;0505410769;-3.6838346400;40.4547500250
442901.1420950000;4478851.9583330000;2014-07-01;2017-01-01;5;Chamartín;54;4;Hispanoamérica;COSTA RICA, CALLE, DE;22;0505410867;-3.6734426180;40.4583736960
442903.1278864880;4478851.5760720700;2017-01-01;1900-01-08;5;Chamartín;54;4;Hispanoamérica;COSTA RICA, CALLE, DE;24;0205410867;-3.6734191840;40.4583706020
443274.1556642660;4478589.4510720700;2017-01-01;1900-01-08;5;Chamartín;54;4;Hispanoamérica;CUARTA, CALLE;18;0205410840;-3.6690200710;40.4560340800
443276.0266540000;4478590.2889210000;2014-07-01;2017-01-01;5;Chamartín;54;4;Hispanoamérica;DECIMA, CALLE;11;0505410840;-3.6689980690;40.4560420440
441632.5679450000;4478648.8270800000;2014-07-01;1900-01-08;5;Chamartín;54;4;Hispanoamérica;DOCTOR FLEMING, CALLE, DEL;11;0205410380;-3.6883849560;40.4564555480
441634.7389975990;4478523.4094054000;2014-07-01;1900-01-08;5;Chamartín;54;4;Hispanoamérica;DOCTOR FLEMING, CALLE, DEL;14;0205410370;-3.6883477710;40.4553256180
441641.5686450000;4478768.6639800000;2014-07-01;1900-01-08;5;Chamartín;54;4;Hispanoamérica;DOCTOR FLEMING, CALLE, DEL;15;0205410382;-3.6882897880;40.4575354590
441584.8683508330;4478477.9492064000;2014-07-01;1900-01-08;5;Chamartín;54;4;Hispanoamérica;DOCTOR FLEMING, CALLE, DEL;6;0205410371;-3.6889317290;40.4549132600
441667.1556642660;4478854.1594054000;2014-07-01;1900-01-08;5;Chamartín;54;4;Hispanoamérica;DOCTOR FLEMING, CALLE, DEL;S/N;0205410381;-3.6879959180;40.4583077490
443505.5228090000;4478623.9411230000;2017-01-01;1900-01-08;5;Chamartín;54;4;Hispanoamérica;ENDRINAS, CALLE, DE LAS;15;0205410838;-3.6662945110;40.4563611250
443505.5228090000;4478623.9411230000;2014-07-01;2017-01-01;5;Chamartín;54;4;Hispanoamérica;ENDRINAS, CALLE, DE LAS;15;0505410838;-3.6662945110;40.4563611250
443701.5783640000;4478384.9966780000;2017-01-01;1900-01-08;5;Chamartín;54;4;Hispanoamérica;EUCALIPTO, CALLE, DEL;15;0205410856;-3.6639611970;40.4542219870
443701.5783640000;4478384.9966780000;2014-07-01;2017-01-01;5;Chamartín;54;4;Hispanoamérica;EUCALIPTO, CALLE, DEL;15;0505410856;-3.6639611970;40.4542219870
443682.7389975990;4478523.1871831800;2017-01-01;1900-01-08;5;Chamartín;54;4;Hispanoamérica;EUCALIPTO, CALLE, DEL;27;0205410762;-3.6641956520;40.4554655920
443683.7448280000;4478518.7542050000;2014-07-01;2017-01-01;5;Chamartín;54;4;Hispanoamérica;EUCALIPTO, CALLE, DEL;27;0505410762;-3.6641833900;40.4554254270
442152.5028060000;4478666.6366090000;2017-01-01;1900-01-08;5;Chamartín;54;4;Hispanoamérica;FEDERICO GARCIA SANCHIZ, CALLE, DE;1;0205410776;-3.6822548800;40.4566524160
442152.5028060000;4478666.6366090000;2014-07-01;2017-01-01;5;Chamartín;54;4;Hispanoamérica;FEDERICO GARCIA SANCHIZ, CALLE, DE;1;0505410776;-3.6822548800;40.4566524160
443377.4934605790;4478681.6366515300;2017-01-01;1900-01-08;5;Chamartín;54;4;Hispanoamérica;FERNAN NUÑEZ, CALLE, DE;3;0205410839;-3.6678095830;40.4568718590
442337.7486710000;4478298.6836150000;2017-01-01;1900-01-08;5;Chamartín;54;4;Hispanoamérica;FUENTE DEL SAZ, CALLE, DE;2;0205410804;-3.6800368460;40.4533504610
442337.7486710000;4478298.6836150000;2014-07-01;2017-01-01;5;Chamartín;54;4;Hispanoamérica;FUENTE DEL SAZ, CALLE, DE;2;0505410804;-3.6800368460;40.4533504610
442211.2528060000;4478451.9699430000;2017-01-01;1900-01-08;5;Chamartín;54;4;Hispanoamérica;HERREROS DE TEJADA, CALLE, DE;18;0205410781;-3.6815425220;40.4547224080
442211.2528060000;4478451.9699430000;2014-07-01;2017-01-01;5;Chamartín;54;4;Hispanoamérica;HERREROS DE TEJADA, CALLE, DE;18;0505410781;-3.6815425220;40.4547224080
442207.7389975990;4478318.8538498500;2017-01-01;1900-01-08;5;Chamartín;54;4;Hispanoamérica;HERREROS DE TEJADA, CALLE, DE;3;0205410743;-3.6815718570;40.4535236080
442208.8361390000;4478319.1366090000;2014-07-01;2017-01-01;5;Chamartín;54;4;Hispanoamérica;HERREROS DE TEJADA, CALLE, DE;3;0505410743;-3.6815589090;40.4535260720
442259.2389975990;4478391.0205165200;2017-01-01;1900-01-08;5;Chamartín;54;4;Hispanoamérica;INFANTA MARIA TERESA, CALLE, DE LA;11;0205410739;-3.6809709970;40.4541765510
442257.3361390000;4478390.4699430000;2014-07-01;2017-01-01;5;Chamartín;54;4;Hispanoamérica;INFANTA MARIA TERESA, CALLE, DE LA;11;0505410739;-3.6809934570;40.4541719100
442399.5820040000;4478369.2113930000;2017-01-01;1900-01-08;5;Chamartín;54;4;Hispanoamérica;INFANTA MARIA TERESA, CALLE, DE LA;22;0205410790;-3.6793140030;40.4539899390
442399.5820040000;4478369.2113930000;2014-07-01;2017-01-01;5;Chamartín;54;4;Hispanoamérica;INFANTA MARIA TERESA, CALLE, DE LA;22;0505410790;-3.6793140030;40.4539899390
442130.9056642660;4478387.3260720700;2017-01-01;1900-01-08;5;Chamartín;54;4;Hispanoamérica;INFANTA MARIA TERESA, CALLE, DE LA;4;0205410780;-3.6824841210;40.4541343810
442144.0861390000;4478386.1366090000;2014-07-01;2017-01-01;5;Chamartín;54;4;Hispanoamérica;INFANTA MARIA TERESA, CALLE, DE LA;4;0505410780;-3.6823286200;40.4541246980
443594.6339200000;4478352.3300120000;2017-01-01;1900-01-08;5;Chamartín;54;4;Hispanoamérica;JACINTOS, PASEO, DE LOS;19;0205410833;-3.6652195270;40.4539200380
443594.6339200000;4478352.3300120000;2014-07-01;2017-01-01;5;Chamartín;54;4;Hispanoamérica;JACINTOS, PASEO, DE LOS;19;0505410833;-3.6652195270;40.4539200380
442379.7945531550;4478202.6316276300;2017-01-01;2025-08-06;5;Chamartín;54;4;Hispanoamérica;JILOCA, CALLE, DEL;5;0205410799;-3.6795323000;40.4524881590
442379.7486710000;4478203.0725040000;2014-07-01;2017-01-01;5;Chamartín;54;4;Hispanoamérica;JILOCA, CALLE, DEL;5;0505410799;-3.6795328730;40.4524924560
442370.4178751800;4478198.7420218200;2025-08-06;1900-01-08;5;Chamartín;54;4;Hispanoamérica;JILOCA, CALLE, DEL;8;0205410799;-3.6796425370;40.4524525780
441753.5734450000;4478766.4734800000;2014-07-01;1900-01-08;5;Chamartín;54;4;Hispanoamérica;JOSE LAZARO GALDIANO, CALLE, DE;4;0205410374;-3.6869687190;40.4575237130
441853.0246450000;4478788.7816800000;2014-07-01;1900-01-08;5;Chamartín;54;4;Hispanoamérica;JOSE LAZARO GALDIANO, CALLE, DE;6;0205410377;-3.6857978800;40.4577315820
443355.7491160000;4478884.5052880000;2017-01-01;1900-01-08;5;Chamartín;54;4;Hispanoamérica;JOSE MARIA SOLER, PLAZA, DE;S/N;0205410755;-3.6680841440;40.4586982190
443355.7491160000;4478884.5052880000;2014-07-01;2017-01-01;5;Chamartín;54;4;Hispanoamérica;JOSE MARIA SOLER, PLAZA, DE;S/N;0505410755;-3.6680841440;40.4586982190
441742.9056642660;4478608.8260720700;2014-07-01;1900-01-08;5;Chamartín;54;4;Hispanoamérica;JUAN RAMON JIMENEZ, CALLE, DE;1;0205410372;-3.6870801020;40.4561031790
441772.0775950000;4478838.7981150000;2014-07-01;1900-01-08;5;Chamartín;54;4;Hispanoamérica;JUAN RAMON JIMENEZ, CALLE, DE;15;0205410376;-3.6867571250;40.4581763120
441767.2415450000;4478711.5625800000;2014-07-01;1900-01-08;5;Chamartín;54;4;Hispanoamérica;JUAN RAMON JIMENEZ, CALLE, DE;4;0205410375;-3.6868024460;40.4570301670
442001.0861390000;4478355.6366090000;2017-01-01;1900-01-08;5;Chamartín;54;4;Hispanoamérica;LA HABANA, PASEO, DE;43;0205410768;-3.6840121990;40.4538401680
441987.7771329720;4478366.1315582600;2017-01-01;1900-01-08;5;Chamartín;54;4;Hispanoamérica;LA HABANA, PASEO, DE;43;0205410866;-3.6841700490;40.4539337320
442001.0861390000;4478355.6366090000;2014-07-01;2017-01-01;5;Chamartín;54;4;Hispanoamérica;LA HABANA, PASEO, DE;43;0505410768;-3.6840121990;40.4538401680
441988.0028060000;4478365.9699430000;2014-07-01;2017-01-01;5;Chamartín;54;4;Hispanoamérica;LA HABANA, PASEO, DE;43;0505410866;-3.6841674140;40.4539325860
441868.5817890000;4478199.6338740000;2014-07-01;2017-01-01;5;Chamartín;54;4;Hispanoamérica;LA HABANA, PASEO, DE;60;0505410865;-3.6855604460;40.4524255920
442059.7528060000;4478440.9699430000;2017-01-01;1900-01-08;5;Chamartín;54;4;Hispanoamérica;LA HABANA, PASEO, DE;67;0205410733;-3.6833280880;40.4546128010
442059.7528060000;4478440.9699430000;2014-07-01;2017-01-01;5;Chamartín;54;4;Hispanoamérica;LA HABANA, PASEO, DE;67;0505410733;-3.6833280880;40.4546128010
441934.7484560000;4478263.2172080000;2017-01-01;1900-01-08;5;Chamartín;54;4;Hispanoamérica;LA HABANA, PASEO, DE;70;0205410767;-3.6847860360;40.4530033630
441934.7484560000;4478263.2172080000;2014-07-01;2017-01-01;5;Chamartín;54;4;Hispanoamérica;LA HABANA, PASEO, DE;70;0505410767;-3.6847860360;40.4530033630
442101.4194730000;4478459.7199430000;2017-01-01;1900-01-08;5;Chamartín;54;4;Hispanoamérica;LA HABANA, PASEO, DE;74 B;0205410779;-3.6828384380;40.4547849750
442101.4194730000;4478459.7199430000;2014-07-01;2017-01-01;5;Chamartín;54;4;Hispanoamérica;LA HABANA, PASEO, DE;74 B;0505410779;-3.6828384380;40.4547849750
442241.1834420440;4478631.9094054000;2017-01-01;1900-01-08;5;Chamartín;54;4;Hispanoamérica;LA HABANA, PASEO, DE;77;0205410734;-3.6812058520;40.4563457120
442243.6456410000;4478634.0951490000;2014-07-01;2017-01-01;5;Chamartín;54;4;Hispanoamérica;LA HABANA, PASEO, DE;77;0505410734;-3.6811770320;40.4563654220
442205.3075380000;4478564.9651290000;2014-07-01;2017-01-01;5;Chamartín;54;4;Hispanoamérica;LA HABANA, PASEO, DE;80;0505410778;-3.6816229080;40.4557400960
442208.5723309330;4478566.7982942900;2017-01-01;1900-01-08;5;Chamartín;54;4;Hispanoamérica;LA HABANA, PASEO, DE;82;0205410778;-3.6815845770;40.4557571130
441862.0723309330;4478188.4927387400;2017-01-01;1900-01-08;5;Chamartín;54;4;Hispanoamérica;LA HABANA, PASEO, DE;S/N;0205410865;-3.6856362480;40.4523244080
443647.4411700000;4478709.0105380000;2017-01-01;1900-01-08;5;Chamartín;54;4;Hispanoamérica;LEVANTE, AVENIDA, DEL;15;0205410855;-3.6646284640;40.4571372530
443647.4411700000;4478709.0105380000;2014-07-01;2017-01-01;5;Chamartín;54;4;Hispanoamérica;LEVANTE, AVENIDA, DEL;15;0505410855;-3.6646284640;40.4571372530
443621.1752770000;4478817.3327620000;2014-07-01;2017-01-01;5;Chamartín;54;4;Hispanoamérica;LEVANTE, AVENIDA, DEL;39;0505410854;-3.6649478880;40.4581108230
443617.8223309330;4478824.6594054000;2017-01-01;1900-01-08;5;Chamartín;54;4;Hispanoamérica;LEVANTE, AVENIDA, DEL;43;0205410854;-3.6649880520;40.4581768280
442033.9194730000;4478778.8866090000;2017-01-01;1900-01-08;5;Chamartín;54;4;Hispanoamérica;LIGULA, CALLE, DE LA;34;0205410773;-3.6836636120;40.4576551500
442033.9194730000;4478778.8866090000;2014-07-01;2017-01-01;5;Chamartín;54;4;Hispanoamérica;LIGULA, CALLE, DE LA;34;0505410773;-3.6836636120;40.4576551500
443531.0826840000;4478842.8327620000;2017-01-01;1900-01-08;5;Chamartín;54;4;Hispanoamérica;LIRIOS, CALLE, DE LOS;5;0205410831;-3.6660126160;40.4583343910
443531.0826840000;4478842.8327620000;2014-07-01;2017-01-01;5;Chamartín;54;4;Hispanoamérica;LIRIOS, CALLE, DE LOS;5;0505410831;-3.6660126160;40.4583343910
443759.3365491260;4478275.8520677300;2022-03-01;2022-03-02;5;Chamartín;54;4;Hispanoamérica;M-30, AUTOVIA;S/N;0205411159;-3.6632704400;40.4532420000
441733.1401450000;4478499.7397800000;2014-07-01;1900-01-08;5;Chamartín;54;4;Hispanoamérica;MANUEL DE FALLA, CALLE, DE;10;0205410373;-3.6871852400;40.4551196970
441517.2651901660;4478539.9334030600;2014-07-01;1900-01-08;5;Chamartín;54;4;Hispanoamérica;MANUEL DE FALLA, CALLE, DE;S/N;0205410367;-3.6897346150;40.4554663360
443362.9114580000;4478250.2803110000;2017-01-01;1900-01-08;5;Chamartín;54;4;Hispanoamérica;MOSTOLES, CALLE, DE;19;0205410847;-3.6679430820;40.4529850280
443362.9114580000;4478250.2803110000;2014-07-01;2017-01-01;5;Chamartín;54;4;Hispanoamérica;MOSTOLES, CALLE, DE;19;0505410847;-3.6679430820;40.4529850280
443509.6278864880;4478398.1316276300;2017-01-01;1900-01-08;5;Chamartín;54;4;Hispanoamérica;NARCISOS, CALLE, DE LOS;34;0205410836;-3.6662260420;40.4543266090
443509.2450310000;4478398.2744560000;2014-07-01;2017-01-01;5;Chamartín;54;4;Hispanoamérica;NARCISOS, CALLE, DE LOS;34;0505410836;-3.6662305690;40.4543283280
443488.4114580000;4478275.4469780000;2017-01-01;1900-01-08;5;Chamartín;54;4;Hispanoamérica;NARCISOS, CALLE, DE LOS;9;0205410834;-3.6664653670;40.4532198840
443488.4114580000;4478275.4469780000;2014-07-01;2017-01-01;5;Chamartín;54;4;Hispanoamérica;NARCISOS, CALLE, DE LOS;9;0505410834;-3.6664653670;40.4532198840
442910.0266540000;4478776.6778100000;2017-01-01;1900-01-08;5;Chamartín;54;4;Hispanoamérica;NICARAGUA, CALLE, DE;10;0205410813;-3.6733311200;40.4576958300
442910.0266540000;4478776.6778100000;2014-07-01;2017-01-01;5;Chamartín;54;4;Hispanoamérica;NICARAGUA, CALLE, DE;10;0505410813;-3.6733311200;40.4576958300
443110.5723309330;4478759.0205165200;2017-01-01;1900-01-08;5;Chamartín;54;4;Hispanoamérica;NICARAGUA, CALLE, DE;15;0205410827;-3.6709644030;40.4575509860
443110.3599870000;4478759.3444770000;2014-07-01;2017-01-01;5;Chamartín;54;4;Hispanoamérica;NICARAGUA, CALLE, DE;15;0505410827;-3.6709669240;40.4575532210
443331.2488760000;4478544.7889210000;2017-01-01;1900-01-08;5;Chamartín;54;4;Hispanoamérica;NOVENA, CALLE;6 B;0205410841;-3.6683428350;40.4556362180
443331.2488760000;4478544.7889210000;2014-07-01;2017-01-01;5;Chamartín;54;4;Hispanoamérica;NOVENA, CALLE;6 B;0505410841;-3.6683428350;40.4556362180
443396.6834420440;4478506.2982942900;2017-01-01;1900-01-08;5;Chamartín;54;4;Hispanoamérica;OCTAVA, CALLE;S/N;0205410842;-3.6675676230;40.4552933030
442497.9155430000;4478558.7055880000;2017-01-01;1900-01-08;5;Chamartín;54;4;Hispanoamérica;ORURO, CALLE, DE;13;0205410792;-3.6781715820;40.4557044000
442497.9155430000;4478558.7055880000;2014-07-01;2017-01-01;5;Chamartín;54;4;Hispanoamérica;ORURO, CALLE, DE;13;0505410792;-3.6781715820;40.4557044000
442445.6655430000;4478530.6222540000;2017-01-01;1900-01-08;5;Chamartín;54;4;Hispanoamérica;ORURO, CALLE, DE;8;0205410740;-3.6787852200;40.4554472570
442445.6655430000;4478530.6222540000;2014-07-01;2017-01-01;5;Chamartín;54;4;Hispanoamérica;ORURO, CALLE, DE;8;0505410740;-3.6787852200;40.4554472570
441758.0861390000;4478525.5532760000;2017-01-01;1900-01-08;5;Chamartín;54;4;Hispanoamérica;PADRE DAMIAN, CALLE, DEL;13;0205410731;-3.6868934320;40.4553539220
441758.0861390000;4478525.5532760000;2014-07-01;2017-01-01;5;Chamartín;54;4;Hispanoamérica;PADRE DAMIAN, CALLE, DEL;13;0505410731;-3.6868934320;40.4553539220
441747.6694730000;4478391.4699430000;2017-01-01;1900-01-08;5;Chamartín;54;4;Hispanoamérica;PADRE DAMIAN, CALLE, DEL;18;0205410766;-3.6870039560;40.4541453820
441747.6694730000;4478391.4699430000;2014-07-01;2017-01-01;5;Chamartín;54;4;Hispanoamérica;PADRE DAMIAN, CALLE, DEL;18;0505410766;-3.6870039560;40.4541453820
441799.1651230000;4478254.9672080000;2017-01-01;1900-01-08;5;Chamartín;54;4;Hispanoamérica;PADRE DAMIAN, CALLE, DEL;2;0205410765;-3.6863841300;40.4529191380
441799.1651230000;4478254.9672080000;2014-07-01;2017-01-01;5;Chamartín;54;4;Hispanoamérica;PADRE DAMIAN, CALLE, DEL;2;0505410765;-3.6863841300;40.4529191380
441810.8361390000;4478651.9699430000;2017-01-01;1900-01-08;5;Chamartín;54;4;Hispanoamérica;PADRE DAMIAN, CALLE, DEL;24;0205410732;-3.6862828880;40.4564968010
441810.8361390000;4478651.9699430000;2014-07-01;2017-01-01;5;Chamartín;54;4;Hispanoamérica;PADRE DAMIAN, CALLE, DEL;24;0505410732;-3.6862828880;40.4564968010
441878.1738230000;4478820.9726780000;2017-01-01;1900-01-08;5;Chamartín;54;4;Hispanoamérica;PADRE DAMIAN, CALLE, DEL;38;0205410764;-3.6855042390;40.4580239050
441878.1738230000;4478820.9726780000;2014-07-01;2017-01-01;5;Chamartín;54;4;Hispanoamérica;PADRE DAMIAN, CALLE, DEL;38;0505410764;-3.6855042390;40.4580239050
441752.1203262500;4478305.3416559200;2014-07-01;2024-02-23;5;Chamartín;54;4;Hispanoamérica;PADRE DAMIAN, CALLE, DEL;S/N;0205410355;-3.6869435660;40.4533700560
441801.7389975990;4478686.5205165200;2014-07-01;1900-01-08;5;Chamartín;54;4;Hispanoamérica;PADRE DAMIAN, CALLE, DEL;S/N;0205410378;-3.6863933550;40.4568067140
441687.6556642660;4478656.9094054000;2014-07-01;1900-01-08;5;Chamartín;54;4;Hispanoamérica;PANAMA, CALLE, DE;1 B;0205410379;-3.6877360240;40.4565321530
443085.8501087110;4478216.6871831800;2017-01-01;1900-01-08;5;Chamartín;54;4;Hispanoamérica;PARDO BAZAN, CALLE, DE;28;0205410850;-3.6712073950;40.4526637130
443088.3556570000;4478217.3972820000;2014-07-01;2017-01-01;5;Chamartín;54;4;Hispanoamérica;PARDO BAZAN, CALLE, DE;28;0505410850;-3.6711778870;40.4526704170
443216.8556570000;4478239.4528380000;2017-01-01;1900-01-08;5;Chamartín;54;4;Hispanoamérica;PARDO BAZAN, CALLE, DE;56;0205410849;-3.6696644770;40.4528774270
443216.8556570000;4478239.4528380000;2014-07-01;2017-01-01;5;Chamartín;54;4;Hispanoamérica;PARDO BAZAN, CALLE, DE;56;0505410849;-3.6696644770;40.4528774270
443294.6834420440;4478337.0205165200;2017-01-01;1900-01-08;5;Chamartín;54;4;Hispanoamérica;PINTOR RIBERA, CALLE, DEL;21;0205410846;-3.6687554220;40.4537617300
443183.5822090000;4478383.4555880000;2017-01-01;1900-01-08;5;Chamartín;54;4;Hispanoamérica;PINTOR RIBERA, CALLE, DEL;8;0205410845;-3.6700697300;40.4541724830
443183.5822090000;4478383.4555880000;2014-07-01;2017-01-01;5;Chamartín;54;4;Hispanoamérica;PINTOR RIBERA, CALLE, DEL;8;0505410845;-3.6700697300;40.4541724830
442291.0028060000;4478646.3866090000;2017-01-01;1900-01-08;5;Chamartín;54;4;Hispanoamérica;POTOSI, CALLE, DE;2;0205410784;-3.6806196590;40.4564793260
442291.0028060000;4478646.3866090000;2014-07-01;2017-01-01;5;Chamartín;54;4;Hispanoamérica;POTOSI, CALLE, DE;2;0505410784;-3.6806196590;40.4564793260
442411.6696780000;4478702.9641380000;2017-01-01;1900-01-08;5;Chamartín;54;4;Hispanoamérica;POTOSI, CALLE, DE;7;0205410737;-3.6792017600;40.4569976810
442411.6696780000;4478702.9641380000;2014-07-01;2017-01-01;5;Chamartín;54;4;Hispanoamérica;POTOSI, CALLE, DE;7;0505410737;-3.6792017600;40.4569976810
442442.9613440000;4478687.2558040000;2017-01-01;1900-01-08;5;Chamartín;54;4;Hispanoamérica;POTOSI, CALLE, DE;8;0205410786;-3.6788312860;40.4568583950
442442.9613440000;4478687.2558040000;2014-07-01;2017-01-01;5;Chamartín;54;4;Hispanoamérica;POTOSI, CALLE, DE;8;0505410786;-3.6788312860;40.4568583950
442613.7019605620;4478703.2797757800;2017-01-01;1900-01-08;5;Chamartín;54;4;Hispanoamérica;PRINCIPE DE VERGARA, CALLE, DEL;262;0205410810;-3.6768191730;40.4570146980
442611.9155430000;4478702.3444770000;2014-07-01;2017-01-01;5;Chamartín;54;4;Hispanoamérica;PRINCIPE DE VERGARA, CALLE, DEL;262;0505410810;-3.6768401430;40.4570058170
442583.0822090000;4478668.4000320000;2017-01-01;1900-01-08;5;Chamartín;54;4;Hispanoamérica;PRINCIPE DE VERGARA, CALLE, DEL;263;0205410795;-3.6771770990;40.4566977950
442583.0822090000;4478668.4000320000;2014-07-01;2017-01-01;5;Chamartín;54;4;Hispanoamérica;PRINCIPE DE VERGARA, CALLE, DEL;263;0505410795;-3.6771770990;40.4566977950
442586.7488760000;4478429.4555880000;2017-01-01;1900-01-08;5;Chamartín;54;4;Hispanoamérica;PRINCIPE DE VERGARA, CALLE, DEL;S/N;0205410744;-3.6771122400;40.4545455360
442545.6649235250;4478295.4649609600;2017-01-01;1900-01-08;5;Chamartín;54;4;Hispanoamérica;PRINCIPE DE VERGARA, CALLE, DEL;S/N;0205410800;-3.6775846440;40.4533356210
442534.6649235250;4478125.4649609600;2017-01-01;1900-01-08;5;Chamartín;54;4;Hispanoamérica;PRINCIPE DE VERGARA, CALLE, DEL;S/N;0205410801;-3.6776990060;40.4518035320
442586.7488760000;4478429.4555880000;2014-07-01;2017-01-01;5;Chamartín;54;4;Hispanoamérica;PRINCIPE DE VERGARA, CALLE, DEL;S/N;0505410744;-3.6771122400;40.4545455360
442546.6377650000;4478296.4555880000;2015-02-24;2017-01-01;5;Chamartín;54;4;Hispanoamérica;PRINCIPE DE VERGARA, CALLE, DEL;S/N;0505410800;-3.6775731850;40.4533445020
442533.8001020000;4478122.0639490000;2014-07-01;2017-01-01;5;Chamartín;54;4;Hispanoamérica;PRINCIPE DE VERGARA, CALLE, DEL;S/N;0505410801;-3.6777089190;40.4517728210
441626.7167450000;4478595.1184800000;2014-07-01;1900-01-08;5;Chamartín;54;4;Hispanoamérica;PROFESOR WAKSMAN, CALLE, DEL;8;0205410369;-3.6884489550;40.4559716280
442838.8223309330;4478374.4094054000;2017-01-01;1900-01-08;5;Chamartín;54;4;Hispanoamérica;PUERTO RICO, CALLE, DE;15;0205410818;-3.6741346360;40.4540670020
442841.4155430000;4478383.3444770000;2014-07-01;2017-01-01;5;Chamartín;54;4;Hispanoamérica;PUERTO RICO, CALLE, DE;15;0505410818;-3.6741049000;40.4541479030
442832.9155430000;4478445.7889210000;2017-01-01;1900-01-08;5;Chamartín;54;4;Hispanoamérica;PUERTO RICO, CALLE, DE;21;0205410749;-3.6742107250;40.4547099180
442832.9155430000;4478445.7889210000;2014-07-01;2017-01-01;5;Chamartín;54;4;Hispanoamérica;PUERTO RICO, CALLE, DE;21;0505410749;-3.6742107250;40.4547099180
442836.5822090000;4478594.0389210000;2014-07-01;2017-01-01;5;Chamartín;54;4;Hispanoamérica;PUERTO RICO, CALLE, DE;27;0505410816;-3.6741808740;40.4560461120
442824.6377650000;4478695.5666990000;2017-01-01;1900-01-08;5;Chamartín;54;4;Hispanoamérica;PUERTO RICO, CALLE, DE;29;0205410815;-3.6743308740;40.4569596940
442824.6377650000;4478695.5666990000;2014-07-01;2017-01-01;5;Chamartín;54;4;Hispanoamérica;PUERTO RICO, CALLE, DE;29;0505410815;-3.6743308740;40.4569596940
442821.3599870000;4478619.4000320000;2017-01-01;1900-01-08;5;Chamartín;54;4;Hispanoamérica;PUERTO RICO, CALLE, DE;29 B;0205410859;-3.6743626160;40.4562730610
442821.3599870000;4478619.4000320000;2014-07-01;2017-01-01;5;Chamartín;54;4;Hispanoamérica;PUERTO RICO, CALLE, DE;29 B;0505410859;-3.6743626160;40.4562730610
442837.6278864880;4478582.9094054000;2017-01-01;1900-01-08;5;Chamartín;54;4;Hispanoamérica;PUERTO RICO, CALLE, DE;34;0205410816;-3.6741674670;40.4559457880
442824.7945531550;4478790.9649609600;2017-01-01;1900-01-08;5;Chamartín;54;4;Hispanoamérica;PUERTO RICO, CALLE, DE;48;0205410812;-3.6743376350;40.4578185000
442827.6933200000;4478790.1778100000;2014-07-01;2017-01-01;5;Chamartín;54;4;Hispanoamérica;PUERTO RICO, CALLE, DE;48;0505410812;-3.6743033720;40.4578116820
442799.1889900000;4478257.2306160000;2017-01-01;1900-01-08;5;Chamartín;54;4;Hispanoamérica;PUERTO RICO, CALLE, DE;7;0205410750;-3.6745915130;40.4530086910
442799.1889900000;4478257.2306160000;2014-07-01;2017-01-01;5;Chamartín;54;4;Hispanoamérica;PUERTO RICO, CALLE, DE;7;0505410750;-3.6745915130;40.4530086910
441647.9056642660;4478405.1594054000;2014-07-01;1900-01-08;5;Chamartín;54;4;Hispanoamérica;RAFAEL SALGADO, CALLE, DE;11;0205410383;-3.6881816700;40.4542615210
441633.5075079890;4478377.2468359000;2014-07-01;2024-02-23;5;Chamartín;54;4;Hispanoamérica;RAFAEL SALGADO, CALLE, DE;2;0205410365;-3.6883489170;40.4540091330
441708.3357054180;4478371.7859486100;2014-07-01;2024-02-23;5;Chamartín;54;4;Hispanoamérica;RAFAEL SALGADO, CALLE, DE;S/N;0205410366;-3.6874660460;40.4539655310
442332.4194730000;4478498.9699430000;2017-01-01;2023-11-03;5;Chamartín;54;4;Hispanoamérica;RAMON DE SANTILLAN, CALLE, DE;4;0205410782;-3.6801178620;40.4551548190
442332.4194730000;4478498.9699430000;2014-07-01;2017-01-01;5;Chamartín;54;4;Hispanoamérica;RAMON DE SANTILLAN, CALLE, DE;4;0505410782;-3.6801178620;40.4551548190
442324.7389975990;4478513.0760720700;2023-11-03;1900-01-08;5;Chamartín;54;4;Hispanoamérica;RAMON DE SANTILLAN, CALLE, DE;6;0205410782;-3.6802097650;40.4552813860
442951.6649235250;4478139.1686646600;2017-01-01;1900-01-08;5;Chamartín;54;4;Hispanoamérica;RAMON Y CAJAL, AVENIDA, DE;23;0205410852;-3.6727827420;40.4519556520
442956.3556570000;4478139.8417270000;2014-07-01;2017-01-01;5;Chamartín;54;4;Hispanoamérica;RAMON Y CAJAL, AVENIDA, DE;23;0505410852;-3.6727275090;40.4519627000
443072.3501087110;4478175.0760720700;2017-01-01;1900-01-08;5;Chamartín;54;4;Hispanoamérica;RAMON Y CAJAL, AVENIDA, DE;39;0205410851;-3.6713627810;40.4522872800
443072.4112130000;4478174.7306160000;2014-07-01;2017-01-01;5;Chamartín;54;4;Hispanoamérica;RAMON Y CAJAL, AVENIDA, DE;39;0505410851;-3.6713620930;40.4522846450
443230.8501087110;4478205.1871831800;2017-01-01;1900-01-08;5;Chamartín;54;4;Hispanoamérica;RAMON Y CAJAL, AVENIDA, DE;63;0205410864;-3.6694963710;40.4525701490
443230.7445460000;4478204.7306160000;2014-07-01;2017-01-01;5;Chamartín;54;4;Hispanoamérica;RAMON Y CAJAL, AVENIDA, DE;63;0505410864;-3.6694975740;40.4525656230
442665.6334350000;4478117.7306160000;2017-01-01;1900-01-08;5;Chamartín;54;4;Hispanoamérica;RAMON Y CAJAL, AVENIDA, DE;7;0205410819;-3.6761538540;40.4517434860
442665.6334350000;4478117.7306160000;2014-07-01;2017-01-01;5;Chamartín;54;4;Hispanoamérica;RAMON Y CAJAL, AVENIDA, DE;7;0505410819;-3.6761538540;40.4517434860
442558.3501087110;4478535.6871831800;2017-01-01;1900-01-08;5;Chamartín;54;4;Hispanoamérica;REPUBLICA DEL ECUADOR, PLAZA, DE LA;8;0205410796;-3.6774568170;40.4555011720
442557.9155430000;4478535.2333660000;2014-07-01;2017-01-01;5;Chamartín;54;4;Hispanoamérica;REPUBLICA DEL ECUADOR, PLAZA, DE LA;8;0505410796;-3.6774618590;40.4554966460
442435.1612130000;4478125.5361710000;2017-01-01;1900-01-08;5;Chamartín;54;4;Hispanoamérica;RODRIGUEZ MARIN, CALLE, DE;61;0205410742;-3.6788723090;40.4517979170
442435.1612130000;4478125.5361710000;2014-07-01;2017-01-01;5;Chamartín;54;4;Hispanoamérica;RODRIGUEZ MARIN, CALLE, DE;61;0505410742;-3.6788723090;40.4517979170
442425.1653380000;4478286.7113930000;2017-01-01;1900-01-08;5;Chamartín;54;4;Hispanoamérica;RODRIGUEZ MARIN, CALLE, DE;71;0205410741;-3.6790048350;40.4532489320
442425.1653380000;4478286.7113930000;2014-07-01;2017-01-01;5;Chamartín;54;4;Hispanoamérica;RODRIGUEZ MARIN, CALLE, DE;71;0505410741;-3.6790048350;40.4532489320
442247.7223180000;4478693.9442250000;2017-01-01;1900-01-08;5;Chamartín;54;4;Hispanoamérica;ROMERO GIRON, CALLE, DE;1;0205410777;-3.6811344040;40.4569049190
442247.7223180000;4478693.9442250000;2014-07-01;2017-01-01;5;Chamartín;54;4;Hispanoamérica;ROMERO GIRON, CALLE, DE;1;0505410777;-3.6811344040;40.4569049190
442053.7528060000;4478671.1366090000;2017-01-01;1900-01-08;5;Chamartín;54;4;Hispanoamérica;ROMERO GIRON, CALLE, DE;8;0205410771;-3.6834198750;40.4566860490
442053.7528060000;4478671.1366090000;2014-07-01;2017-01-01;5;Chamartín;54;4;Hispanoamérica;ROMERO GIRON, CALLE, DE;8;0505410771;-3.6834198750;40.4566860490
441932.8361390000;4478689.9699430000;2017-01-01;1900-01-08;5;Chamartín;54;4;Hispanoamérica;ROMERO GIRON, CALLE, DE;S/N;0205410772;-3.6848475720;40.4568474510
441932.8361390000;4478689.9699430000;2014-07-01;2017-01-01;5;Chamartín;54;4;Hispanoamérica;ROMERO GIRON, CALLE, DE;S/N;0505410772;-3.6848475720;40.4568474510
443292.6336800000;4478337.5580890000;2014-07-01;2017-01-01;5;Chamartín;54;4;Hispanoamérica;SAUCE, CALLE, DEL;13;0505410846;-3.6687796580;40.4537667140
443305.2447910000;4478248.1692000000;2017-01-01;1900-01-08;5;Chamartín;54;4;Hispanoamérica;SAUCE, CALLE, DEL;4;0205410848;-3.6686229540;40.4529621100
443305.2447910000;4478248.1692000000;2014-07-01;2017-01-01;5;Chamartín;54;4;Hispanoamérica;SAUCE, CALLE, DEL;4;0505410848;-3.6686229540;40.4529621100
442304.9153380000;4478270.8502820000;2017-01-01;1900-01-08;5;Chamartín;54;4;Hispanoamérica;SERRANO, CALLE, DE;205;0205410806;-3.6804214730;40.4530972710
442304.9153380000;4478270.8502820000;2014-07-01;2017-01-01;5;Chamartín;54;4;Hispanoamérica;SERRANO, CALLE, DE;205;0505410806;-3.6804214730;40.4530972710
442490.9155430000;4478425.9555880000;2017-01-01;1900-01-08;5;Chamartín;54;4;Hispanoamérica;SERRANO, CALLE, DE;219;0205410797;-3.6782421130;40.4545074340
442490.9155430000;4478425.9555880000;2014-07-01;2017-01-01;5;Chamartín;54;4;Hispanoamérica;SERRANO, CALLE, DE;219;0505410797;-3.6782421130;40.4545074340
442279.9982568590;4478208.5019980000;2017-01-01;1900-01-08;5;Chamartín;54;4;Hispanoamérica;SERRANO, CALLE, DE;220;0205410802;-3.6807096710;40.4525337090
442283.3040120000;4478209.6338740000;2014-07-01;2017-01-01;5;Chamartín;54;4;Hispanoamérica;SERRANO, CALLE, DE;220;0505410802;-3.6806707670;40.4525444240
442342.8320040000;4478274.5447260000;2017-01-01;1900-01-08;5;Chamartín;54;4;Hispanoamérica;SERRANO, CALLE, DE;226;0205410803;-3.6799746800;40.4531331380
442342.8320040000;4478274.5447260000;2014-07-01;2017-01-01;5;Chamartín;54;4;Hispanoamérica;SERRANO, CALLE, DE;226;0505410803;-3.6799746800;40.4531331380
442474.7019605620;4478383.5760720700;2017-01-01;1900-01-08;5;Chamartín;54;4;Hispanoamérica;SERRANO, CALLE, DE;236;0205410798;-3.6784294700;40.4541249850
442474.5266540000;4478383.9000320000;2014-07-01;2017-01-01;5;Chamartín;54;4;Hispanoamérica;SERRANO, CALLE, DE;236;0505410798;-3.6784315330;40.4541281360
442264.5861390000;4478311.5532760000;2017-01-01;1900-01-08;5;Chamartín;54;4;Hispanoamérica;TALAVERA, CALLE, DE;8;0205410805;-3.6809007520;40.4534618440
442264.5861390000;4478311.5532760000;2014-07-01;2017-01-01;5;Chamartín;54;4;Hispanoamérica;TALAVERA, CALLE, DE;8;0505410805;-3.6809007520;40.4534618440
443562.8501087110;4478687.6316276300;2017-01-01;1900-01-08;5;Chamartín;54;4;Hispanoamérica;TRANSVERSAL, CALLE;1;0205410832;-3.6656241500;40.4569383220
442338.4153380000;4478428.7113930000;2017-01-01;1900-01-08;5;Chamartín;54;4;Hispanoamérica;TRUEBA Y FERNANDEZ, CALLE, DE;6;0205410788;-3.6800408000;40.4545222170
442338.4153380000;4478428.7113930000;2014-07-01;2017-01-01;5;Chamartín;54;4;Hispanoamérica;TRUEBA Y FERNANDEZ, CALLE, DE;6;0505410788;-3.6800408000;40.4545222170
442864.4155430000;4478497.8444770000;2017-01-01;1900-01-08;5;Chamartín;54;4;Hispanoamérica;URUGUAY, CALLE, DE;15;0205410817;-3.6738438600;40.4551812330
442864.4155430000;4478497.8444770000;2014-07-01;2017-01-01;5;Chamartín;54;4;Hispanoamérica;URUGUAY, CALLE, DE;15;0505410817;-3.6738438600;40.4551812330
442948.9056642660;4478496.7427387400;2017-01-01;1900-01-08;5;Chamartín;54;4;Hispanoamérica;URUGUAY, CALLE, DE;27;0205410823;-3.6728474860;40.4551770500
442947.9710980000;4478496.2333660000;2014-07-01;2017-01-01;5;Chamartín;54;4;Hispanoamérica;URUGUAY, CALLE, DE;27;0505410823;-3.6728584300;40.4551723520
442650.9155430000;4478495.2055880000;2017-01-01;1900-01-08;5;Chamartín;54;4;Hispanoamérica;URUGUAY, CALLE, DE;3;0205410861;-3.6763614940;40.4551425010
442650.9155430000;4478495.2055880000;2014-07-01;2017-01-01;5;Chamartín;54;4;Hispanoamérica;URUGUAY, CALLE, DE;3;0505410861;-3.6763614940;40.4551425010
442759.7488760000;4478488.2055880000;2017-01-01;1900-01-08;5;Chamartín;54;4;Hispanoamérica;URUGUAY, CALLE, DE;S/N;0205410862;-3.6750773810;40.4550869240
442759.7488760000;4478488.2055880000;2014-07-01;2017-01-01;5;Chamartín;54;4;Hispanoamérica;URUGUAY, CALLE, DE;S/N;0505410862;-3.6750773810;40.4550869240
442164.1694730000;4478779.3866090000;2017-01-01;1900-01-08;5;Chamartín;54;4;Hispanoamérica;VERACRUZ, CALLE, DE;5;0205410775;-3.6821275690;40.4576687290
442164.1694730000;4478779.3866090000;2014-07-01;2017-01-01;5;Chamartín;54;4;Hispanoamérica;VERACRUZ, CALLE, DE;5;0505410775;-3.6821275690;40.4576687290
442344.0863440000;4478651.5474710000;2017-01-01;1900-01-08;5;Chamartín;54;4;Hispanoamérica;VICTOR ANDRES BELAUNDE, CALLE, DE;27;0205410738;-3.6799941610;40.4565300330
442344.0863440000;4478651.5474710000;2014-07-01;2017-01-01;5;Chamartín;54;4;Hispanoamérica;VICTOR ANDRES BELAUNDE, CALLE, DE;27;0505410738;-3.6799941610;40.4565300330
442334.3363440000;4478758.7974710000;2017-01-01;1900-01-08;5;Chamartín;54;4;Hispanoamérica;VICTOR ANDRES BELAUNDE, CALLE, DE;48;0205410785;-3.6801188360;40.4574952950
442334.3363440000;4478758.7974710000;2014-07-01;2017-01-01;5;Chamartín;54;4;Hispanoamérica;VICTOR ANDRES BELAUNDE, CALLE, DE;48;0505410785;-3.6801188360;40.4574952950
442419.3501087110;4478444.6316276300;2017-01-01;1900-01-08;5;Chamartín;54;4;Hispanoamérica;VICTOR ANDRES BELAUNDE, CALLE, DE;6;0205410791;-3.6790877420;40.4546713580
442419.4153380000;4478443.5447260000;2014-07-01;2017-01-01;5;Chamartín;54;4;Hispanoamérica;VICTOR ANDRES BELAUNDE, CALLE, DE;6;0505410791;-3.6790868820;40.4546616750
442833.9612198220;4478155.7427387400;2017-01-01;1900-01-08;5;Chamartín;54;4;Hispanoamérica;VICTOR DE LA SERNA, CALLE, DE;1;0205410751;-3.6741723370;40.4520975170
442836.0223240000;4478156.9528380000;2014-07-01;2017-01-01;5;Chamartín;54;4;Hispanoamérica;VICTOR DE LA SERNA, CALLE, DE;1;0505410751;-3.6741481010;40.4521085750
443029.5266540000;4478337.2333660000;2017-01-01;1900-01-08;5;Chamartín;54;4;Hispanoamérica;VICTOR DE LA SERNA, CALLE, DE;15;0205410752;-3.6718823390;40.4537456300
443047.9155430000;4478337.7333660000;2017-01-01;1900-01-08;5;Chamartín;54;4;Hispanoamérica;VICTOR DE LA SERNA, CALLE, DE;15;0205410821;-3.6716655320;40.4537514160
443029.5266540000;4478337.2333660000;2014-07-01;2017-01-01;5;Chamartín;54;4;Hispanoamérica;VICTOR DE LA SERNA, CALLE, DE;15;0505410752;-3.6718823390;40.4537456300
443047.9155430000;4478337.7333660000;2014-07-01;2017-01-01;5;Chamartín;54;4;Hispanoamérica;VICTOR DE LA SERNA, CALLE, DE;15;0505410821;-3.6716655320;40.4537514160
443053.1377650000;4478393.5666990000;2017-01-01;1900-01-08;5;Chamartín;54;4;Hispanoamérica;VICTOR DE LA SERNA, CALLE, DE;21 B;0205410753;-3.6716089240;40.4542547600
443053.1377650000;4478393.5666990000;2014-07-01;2017-01-01;5;Chamartín;54;4;Hispanoamérica;VICTOR DE LA SERNA, CALLE, DE;21 B;0505410753;-3.6716089240;40.4542547600
443064.5723309330;4478508.9094054000;2017-01-01;1900-01-08;5;Chamartín;54;4;Hispanoamérica;VICTOR DE LA SERNA, CALLE, DE;25;0205410860;-3.6714844770;40.4552942200
443066.0822090000;4478497.0389210000;2014-07-01;2017-01-01;5;Chamartín;54;4;Hispanoamérica;VICTOR DE LA SERNA, CALLE, DE;25;0505410860;-3.6714655690;40.4551878220
443074.9155430000;4478445.4555880000;2017-01-01;1900-01-08;5;Chamartín;54;4;Hispanoamérica;VICTOR DE LA SERNA, CALLE, DE;26;0205410822;-3.6713567650;40.4547232670
443074.9155430000;4478445.4555880000;2014-07-01;2017-01-01;5;Chamartín;54;4;Hispanoamérica;VICTOR DE LA SERNA, CALLE, DE;26;0505410822;-3.6713567650;40.4547232670
442874.5908494510;4478170.0081708400;2017-01-01;1900-01-08;5;Chamartín;54;4;Hispanoamérica;VICTOR DE LA SERNA, CALLE, DE;3;0205410820;-3.6736944330;40.4522283230
442874.3556570000;4478170.7306160000;2014-07-01;2017-01-01;5;Chamartín;54;4;Hispanoamérica;VICTOR DE LA SERNA, CALLE, DE;3;0505410820;-3.6736972400;40.4522350840
443031.9710980000;4478627.1778100000;2014-07-01;2017-01-01;5;Chamartín;54;4;Hispanoamérica;VICTOR DE LA SERNA, CALLE, DE;35;0505410754;-3.6718795310;40.4563574000
443075.1556642660;4478542.7010720700;2017-01-01;1900-01-08;5;Chamartín;54;4;Hispanoamérica;VICTOR DE LA SERNA, CALLE, DE;36;0205410824;-3.6713626660;40.4556000080
443075.1556642660;4478542.7010720700;2014-07-01;2017-01-01;5;Chamartín;54;4;Hispanoamérica;VICTOR DE LA SERNA, CALLE, DE;36;0505410824;-3.6713626660;40.4556000080
443030.5167753770;4478629.1316276300;2017-01-01;1900-01-08;5;Chamartín;54;4;Hispanoamérica;VICTOR DE LA SERNA, CALLE, DE;37;0205410754;-3.6718968350;40.4563753340
443012.6562830000;4478721.3444770000;2017-01-01;1900-01-08;5;Chamartín;54;4;Hispanoamérica;VICTOR DE LA SERNA, CALLE, DE;39;0205410748;-3.6721158190;40.4572044610
443012.6562830000;4478721.3444770000;2014-07-01;2017-01-01;5;Chamartín;54;4;Hispanoamérica;VICTOR DE LA SERNA, CALLE, DE;39;0505410748;-3.6721158190;40.4572044610
443147.6834420440;4478594.6316276300;2017-01-01;1900-01-08;5;Chamartín;54;4;Hispanoamérica;VICTOR DE LA SERNA, CALLE, DE;44;0205410825;-3.6705120530;40.4560728120
443147.3044320000;4478594.3444770000;2014-07-01;2017-01-01;5;Chamartín;54;4;Hispanoamérica;VICTOR DE LA SERNA, CALLE, DE;44;0505410825;-3.6705164650;40.4560694890
443016.7532060000;4478806.4583330000;2017-01-01;1900-01-08;5;Chamartín;54;4;Hispanoamérica;VICTOR DE LA SERNA, CALLE, DE;45;0205410747;-3.6720750820;40.4579720530
443016.7532060000;4478806.4583330000;2014-07-01;2017-01-01;5;Chamartín;54;4;Hispanoamérica;VICTOR DE LA SERNA, CALLE, DE;45;0505410747;-3.6720750820;40.4579720530
442944.7389975990;4478254.2427387400;2017-01-01;1900-01-08;5;Chamartín;54;4;Hispanoamérica;VICTOR DE LA SERNA, CALLE, DE;9;0205410763;-3.6728747590;40.4529917890
442943.4112130000;4478253.1195040000;2014-07-01;2017-01-01;5;Chamartín;54;4;Hispanoamérica;VICTOR DE LA SERNA, CALLE, DE;9;0505410763;-3.6728903440;40.4529822780
442205.3501087110;4479650.3538498500;2017-01-01;1900-01-08;5;Chamartín;55;5;Nueva España;ABEDUL, CALLE, DEL;12;0205510923;-3.6817212280;40.4655177350
442137.2198390000;4479654.2670740000;2017-01-01;1900-01-08;5;Chamartín;55;5;Nueva España;ABEDUL, CALLE, DEL;17;0205511018;-3.6825251450;40.4655484460
442137.2198390000;4479654.2670740000;2014-07-01;2017-01-01;5;Chamartín;55;5;Nueva España;ABEDUL, CALLE, DEL;17;0505511018;-3.6825251450;40.4655484460
442202.1781730000;4479648.3920740000;2014-07-01;2017-01-01;5;Chamartín;55;5;Nueva España;ABEDUL, CALLE, DEL;7;0505510923;-3.6817584700;40.4655002030
441765.2546950000;4478933.2465150000;2014-07-01;1900-01-08;5;Chamartín;55;5;Nueva España;ALBERTO ALCOCER, AVENIDA, DE;11;0205510417;-3.6868462200;40.4590274980
441944.6738230000;4478917.2226780000;2017-01-01;1900-01-08;5;Chamartín;55;5;Nueva España;ALBERTO ALCOCER, AVENIDA, DE;19;0205510947;-3.6847287980;40.4588954890
441944.6738230000;4478917.2226780000;2014-07-01;2017-01-01;5;Chamartín;55;5;Nueva España;ALBERTO ALCOCER, AVENIDA, DE;19;0505510947;-3.6847287980;40.4588954890
442635.2389975990;4479818.9927387400;2017-01-01;1900-01-08;5;Chamartín;55;5;Nueva España;ALFONSO VIII, CALLE, DE;16;0205510972;-3.6766660780;40.4670670700
442634.0118710000;4479818.5471560000;2014-07-01;2017-01-01;5;Chamartín;55;5;Nueva España;ALFONSO VIII, CALLE, DE;16;0505510972;-3.6766804590;40.4670626010
442637.1742030000;4479699.9610780000;2017-01-01;1900-01-08;5;Chamartín;55;5;Nueva España;ALFONSO VIII, CALLE, DE;5;0205510969;-3.6766324460;40.4659944360
442637.1742030000;4479699.9610780000;2014-07-01;2017-01-01;5;Chamartín;55;5;Nueva España;ALFONSO VIII, CALLE, DE;5;0505510969;-3.6766324460;40.4659944360
443233.3365390000;4479016.7916660000;2017-01-01;1900-01-08;5;Chamartín;55;5;Nueva España;ALFONSO XIII, AVENIDA, DE;121;0205510900;-3.6695396290;40.4598815490
443233.3365390000;4479016.7916660000;2014-07-01;2017-01-01;5;Chamartín;55;5;Nueva España;ALFONSO XIII, AVENIDA, DE;121;0505510900;-3.6695396290;40.4598815490
442976.4889975990;4479048.9927387400;2017-01-01;1900-01-08;5;Chamartín;55;5;Nueva España;ALFONSO XIII, AVENIDA, DE;131;0205510896;-3.6725717790;40.4601539330
442981.7532060000;4479049.7916660000;2014-07-01;2017-01-01;5;Chamartín;55;5;Nueva España;ALFONSO XIII, AVENIDA, DE;131;0505510896;-3.6725097280;40.4601614390
442906.5032060000;4479054.6249990000;2017-01-01;1900-01-08;5;Chamartín;55;5;Nueva España;ALFONSO XIII, AVENIDA, DE;135;0205510895;-3.6733976400;40.4602001710
442922.2532060000;4479073.2916660000;2017-01-01;1900-01-08;5;Chamartín;55;5;Nueva España;ALFONSO XIII, AVENIDA, DE;135;0205510901;-3.6732135490;40.4603689070
442906.5032060000;4479054.6249990000;2014-07-01;2017-01-01;5;Chamartín;55;5;Nueva España;ALFONSO XIII, AVENIDA, DE;135;0505510895;-3.6733976400;40.4602001710
442922.2532060000;4479073.2916660000;2014-07-01;2017-01-01;5;Chamartín;55;5;Nueva España;ALFONSO XIII, AVENIDA, DE;135;0505510901;-3.6732135490;40.4603689070
442772.2532060000;4479062.8749990000;2017-01-01;1900-01-08;5;Chamartín;55;5;Nueva España;ALFONSO XIII, AVENIDA, DE;141;0205511016;-3.6749817540;40.4602647430
442772.2532060000;4479062.8749990000;2014-07-01;2017-01-01;5;Chamartín;55;5;Nueva España;ALFONSO XIII, AVENIDA, DE;141;0505511016;-3.6749817540;40.4602647430
442665.6409583840;4479063.3750185200;2017-01-01;1900-01-08;5;Chamartín;55;5;Nueva España;ALFONSO XIII, AVENIDA, DE;147;0205510894;-3.6762391670;40.4602618210
442670.8365390000;4479065.2916660000;2014-07-01;2017-01-01;5;Chamartín;55;5;Nueva España;ALFONSO XIII, AVENIDA, DE;147;0505510894;-3.6761780330;40.4602795260
443071.0032060000;4479063.6249990000;2017-01-01;1900-01-08;5;Chamartín;55;5;Nueva España;ALFONSO XIII, AVENIDA, DE;158;0205511017;-3.6714583500;40.4602924170
443071.0032060000;4479063.6249990000;2014-07-01;2017-01-01;5;Chamartín;55;5;Nueva España;ALFONSO XIII, AVENIDA, DE;158;0505511017;-3.6714583500;40.4602924170
442815.5865390000;4479078.7916660000;2017-01-01;1900-01-08;5;Chamartín;55;5;Nueva España;ALFONSO XIII, AVENIDA, DE;164;0205510902;-3.6744721080;40.4604111340
442815.5865390000;4479078.7916660000;2014-07-01;2017-01-01;5;Chamartín;55;5;Nueva España;ALFONSO XIII, AVENIDA, DE;164;0505510902;-3.6744721080;40.4604111340
442360.7571560000;4479060.3060110000;2017-01-01;1900-01-08;5;Chamartín;55;5;Nueva España;ALFONSO XIII, AVENIDA, DE;165;0205510951;-3.6798347070;40.4602134060
442360.7571560000;4479060.3060110000;2014-07-01;2017-01-01;5;Chamartín;55;5;Nueva España;ALFONSO XIII, AVENIDA, DE;165;0505510951;-3.6798347070;40.4602134060
442710.5032060000;4479084.2083330000;2017-01-01;1900-01-08;5;Chamartín;55;5;Nueva España;ALFONSO XIII, AVENIDA, DE;178;0205510903;-3.6757118740;40.4604528450
442710.5032060000;4479084.2083330000;2014-07-01;2017-01-01;5;Chamartín;55;5;Nueva España;ALFONSO XIII, AVENIDA, DE;178;0505510903;-3.6757118740;40.4604528450
442544.6556642660;4479082.0760720700;2017-01-01;2024-11-28;5;Chamartín;55;5;Nueva España;ALFONSO XIII, AVENIDA, DE;184;0205510888;-3.6776677230;40.4604219060
442544.5032060000;4479081.6249990000;2014-07-01;2017-01-01;5;Chamartín;55;5;Nueva España;ALFONSO XIII, AVENIDA, DE;184;0505510888;-3.6776694990;40.4604182390
442449.7532060000;4479080.6249990000;2017-01-01;1900-01-08;5;Chamartín;55;5;Nueva España;ALFONSO XIII, AVENIDA, DE;192;0205510887;-3.6787868240;40.4604026540
442449.7532060000;4479080.6249990000;2014-07-01;2017-01-01;5;Chamartín;55;5;Nueva España;ALFONSO XIII, AVENIDA, DE;192;0505510887;-3.6787868240;40.4604026540
441952.0723309330;4479426.9094054000;2017-01-01;1900-01-08;5;Chamartín;55;5;Nueva España;APOLONIO MORALES, CALLE, DE;1;0205510941;-3.6846881750;40.4634872300
441943.8448390000;4479427.2254080000;2014-07-01;2017-01-01;5;Chamartín;55;5;Nueva España;APOLONIO MORALES, CALLE, DE;1;0505510941;-3.6847851770;40.4634896360
442106.1503950000;4479414.0865190000;2017-01-01;1900-01-08;5;Chamartín;55;5;Nueva España;APOLONIO MORALES, CALLE, DE;13;0205510942;-3.6828697210;40.4633823790
442106.1503950000;4479414.0865190000;2014-07-01;2017-01-01;5;Chamartín;55;5;Nueva España;APOLONIO MORALES, CALLE, DE;13;0505510942;-3.6828697210;40.4633823790
442010.5115060000;4479409.3920740000;2017-01-01;1900-01-08;5;Chamartín;55;5;Nueva España;APOLONIO MORALES, CALLE, DE;3;0205510880;-3.6839972450;40.4633334480
442010.5115060000;4479409.3920740000;2014-07-01;2017-01-01;5;Chamartín;55;5;Nueva España;APOLONIO MORALES, CALLE, DE;3;0505510880;-3.6839972450;40.4633334480
442203.6781730000;4479423.6420740000;2017-01-01;1900-01-08;5;Chamartín;55;5;Nueva España;ARENAL DE MAUDES, CALLE, DEL;14;0205510933;-3.6817203110;40.4634756560
442203.6781730000;4479423.6420740000;2014-07-01;2017-01-01;5;Chamartín;55;5;Nueva España;ARENAL DE MAUDES, CALLE, DEL;14;0505510933;-3.6817203110;40.4634756560
442106.0904890000;4479261.0560110000;2017-01-01;1900-01-08;5;Chamartín;55;5;Nueva España;ARENAL DE MAUDES, CALLE, DEL;6;0205510939;-3.6828564290;40.4620043010
442106.0904890000;4479261.0560110000;2014-07-01;2017-01-01;5;Chamartín;55;5;Nueva España;ARENAL DE MAUDES, CALLE, DEL;6;0505510939;-3.6828564290;40.4620043010
443243.3408690000;4479374.0444110000;2017-01-01;1900-01-08;5;Chamartín;55;5;Nueva España;ARQUITECTO GAUDI, CALLE, DEL;1 B;0205511014;-3.6694536280;40.4630998530
443243.3408690000;4479374.0444110000;2014-07-01;2017-01-01;5;Chamartín;55;5;Nueva España;ARQUITECTO GAUDI, CALLE, DEL;1 B;0505511014;-3.6694536280;40.4630998530
442035.1834420440;4479476.2982942900;2017-01-01;1900-01-08;5;Chamartín;55;5;Nueva España;AZULINAS, CALLE, DE LAS;10;0205510917;-3.6837124280;40.4639375750
442034.8448390000;4479472.8087410000;2014-07-01;2017-01-01;5;Chamartín;55;5;Nueva España;AZULINAS, CALLE, DE LAS;10;0505510917;-3.6837160950;40.4639062910
441958.7615060000;4479495.8087410000;2017-01-01;1900-01-08;5;Chamartín;55;5;Nueva España;BENDICION DE CAMPOS, CALLE, DE LA;9;0205510916;-3.6846155810;40.4641079720
441958.7615060000;4479495.8087410000;2014-07-01;2017-01-01;5;Chamartín;55;5;Nueva España;BENDICION DE CAMPOS, CALLE, DE LA;9;0505510916;-3.6846155810;40.4641079720
442541.4198730000;4479063.0416660000;2017-01-01;1900-01-08;5;Chamartín;55;5;Nueva España;BOLIVIA, CALLE, DE;35;0205510950;-3.6777041630;40.4602500180
442541.4198730000;4479063.0416660000;2014-07-01;2017-01-01;5;Chamartín;55;5;Nueva España;BOLIVIA, CALLE, DE;35;0505510950;-3.6777041630;40.4602500180
442550.1698730000;4478958.2916660000;2017-01-01;1900-01-08;5;Chamartín;55;5;Nueva España;BOLIVIA, CALLE, DE;36;0205510949;-3.6775914620;40.4593071020
442550.1698730000;4478958.2916660000;2014-07-01;2017-01-01;5;Chamartín;55;5;Nueva España;BOLIVIA, CALLE, DE;36;0505510949;-3.6775914620;40.4593071020
442420.7573510000;4479124.3835390000;2017-01-01;2024-03-22;5;Chamartín;55;5;Nueva España;BONETERO, CALLE, DEL;3;0205510955;-3.6791328330;40.4607942140
442420.7573510000;4479124.3835390000;2014-07-01;2017-01-01;5;Chamartín;55;5;Nueva España;BONETERO, CALLE, DEL;3;0505510955;-3.6791328330;40.4607942140
442696.8452040000;4479869.3804890000;2017-01-01;1900-01-08;5;Chamartín;55;5;Nueva España;CAIDOS DE LA DIVISION AZUL, CALLE, DE LOS;10;0205511023;-3.6759439790;40.4675248640
442696.8452040000;4479869.3804890000;2014-07-01;2017-01-01;5;Chamartín;55;5;Nueva España;CAIDOS DE LA DIVISION AZUL, CALLE, DE LOS;10;0505511023;-3.6759439790;40.4675248640
442927.5305276970;4479770.2208356100;2017-01-01;1900-01-08;5;Chamartín;55;5;Nueva España;CAIDOS DE LA DIVISION AZUL, CALLE, DE LOS;20;0205510906;-3.6732140650;40.4666474930
442920.0075360000;4479774.0444110000;2014-07-01;2017-01-01;5;Chamartín;55;5;Nueva España;CAIDOS DE LA DIVISION AZUL, CALLE, DE LOS;20;0505510906;-3.6733031020;40.4666815270
443216.3408690000;4479648.7110780000;2017-01-01;1900-01-08;5;Chamartín;55;5;Nueva España;CARLOS CAAMAÑO, CALLE, DE;16;0205510996;-3.6697966010;40.4655723380
443216.3408690000;4479648.7110780000;2014-07-01;2017-01-01;5;Chamartín;55;5;Nueva España;CARLOS CAAMAÑO, CALLE, DE;16;0505510996;-3.6697966010;40.4655723380
443219.4242030000;4479504.9610780000;2017-01-01;1900-01-08;5;Chamartín;55;5;Nueva España;CARLOS CAAMAÑO, CALLE, DE;8;0205511000;-3.6697473840;40.4642779120
443219.4242030000;4479504.9610780000;2014-07-01;2017-01-01;5;Chamartín;55;5;Nueva España;CARLOS CAAMAÑO, CALLE, DE;8;0505511000;-3.6697473840;40.4642779120
441610.8404890000;4479244.5143440000;2014-07-01;1900-01-08;5;Chamartín;55;5;Nueva España;CARLOS MAURRAS, CALLE, DE;2;0205510389;-3.6886959570;40.4618203810
441557.0659950000;4479030.2667150000;2014-07-01;1900-01-08;5;Chamartín;55;5;Nueva España;CASTELLANA, PASEO, DE LA;170;0205510396;-3.6893104550;40.4598864770
441544.9056642660;4479096.4510720700;2014-07-01;1900-01-08;5;Chamartín;55;5;Nueva España;CASTELLANA, PASEO, DE LA;176;0205510383;-3.6894599390;40.4604822380
441569.9776950000;4479179.1990150000;2014-07-01;1900-01-08;5;Chamartín;55;5;Nueva España;CASTELLANA, PASEO, DE LA;180;0205510402;-3.6891719130;40.4612293750
441560.9056642660;4479325.7427387400;2014-07-01;1900-01-08;5;Chamartín;55;5;Nueva España;CASTELLANA, PASEO, DE LA;202;0205510391;-3.6892923490;40.4625484390
441587.9056642660;4479412.0760720700;2014-07-01;1900-01-08;5;Chamartín;55;5;Nueva España;CASTELLANA, PASEO, DE LA;210;0205510404;-3.6889819210;40.4633278900
441574.7805001930;4479461.6891416400;2014-07-01;2014-07-02;5;Chamartín;55;5;Nueva España;CASTELLANA, PASEO, DE LA;212;0106330240;-3.6891412030;40.4637737090
441550.7389975990;4479183.0760720700;2014-07-01;2023-01-27;5;Chamartín;55;5;Nueva España;CASTELLANA, PASEO, DE LA;S/N;0205510390;-3.6893990910;40.4612627210
441591.4698390000;4479496.0170740000;2014-07-01;1900-01-08;5;Chamartín;55;5;Nueva España;CASTELLANA, PASEO, DE LA;S/N;0205510405;-3.6889476580;40.4640841950
442721.7532060000;4478989.9583330000;2017-01-01;1900-01-08;5;Chamartín;55;5;Nueva España;CHILE, CALLE, DE;25;0205510973;-3.6755707550;40.4596045810
442721.7532060000;4478989.9583330000;2014-07-01;2017-01-01;5;Chamartín;55;5;Nueva España;CHILE, CALLE, DE;25;0505510973;-3.6755707550;40.4596045810
442714.4198730000;4478895.4583330000;2017-01-01;1900-01-08;5;Chamartín;55;5;Nueva España;CHILE, CALLE, DE;30;0205510974;-3.6756486770;40.4587524210
442714.4198730000;4478895.4583330000;2014-07-01;2017-01-01;5;Chamartín;55;5;Nueva España;CHILE, CALLE, DE;30;0505510974;-3.6756486770;40.4587524210
442046.9056642660;4479759.1871831800;2017-01-01;1900-01-08;5;Chamartín;55;5;Nueva España;CIPRESES, CALLE, DE LOS;3;0205510927;-3.6835999560;40.4664868930
443184.0865390000;4479189.7083330000;2017-01-01;1900-01-08;5;Chamartín;55;5;Nueva España;COMANDANTE AZCARRAGA, CALLE, DEL;1;0205510908;-3.6701359060;40.4614360410
443184.0865390000;4479189.7083330000;2014-07-01;2017-01-01;5;Chamartín;55;5;Nueva España;COMANDANTE AZCARRAGA, CALLE, DEL;1;0505510908;-3.6701359060;40.4614360410
443273.5032060000;4479183.5416660000;2017-01-01;1900-01-08;5;Chamartín;55;5;Nueva España;COMANDANTE AZCARRAGA, CALLE, DEL;3 B;0205510914;-3.6690808050;40.4613859650
443273.5032060000;4479183.5416660000;2014-07-01;2017-01-01;5;Chamartín;55;5;Nueva España;COMANDANTE AZCARRAGA, CALLE, DEL;3 B;0505510914;-3.6690808050;40.4613859650
442875.8408690000;4479688.2110780000;2017-01-01;1900-01-08;5;Chamartín;55;5;Nueva España;COMANDANTE FRANCO, AVENIDA, DEL;21;0205510980;-3.6738163010;40.4659054560
442875.8408690000;4479688.2110780000;2014-07-01;2017-01-01;5;Chamartín;55;5;Nueva España;COMANDANTE FRANCO, AVENIDA, DEL;21;0505510980;-3.6738163010;40.4659054560
442563.0167753770;4479637.4649609600;2017-01-01;1900-01-08;5;Chamartín;55;5;Nueva España;COMANDANTE FRANCO, AVENIDA, DEL;8;0205510967;-3.6775013930;40.4654266920
442559.7575360000;4479637.7944110000;2014-07-01;2017-01-01;5;Chamartín;55;5;Nueva España;COMANDANTE FRANCO, AVENIDA, DEL;8;0505510967;-3.6775398960;40.4654297290
442718.1742030000;4479648.8777440000;2014-07-01;2017-01-01;5;Chamartín;55;5;Nueva España;COMANDANTE FRANCO, AVENIDA, DEL;S/N;0505510970;-3.6756723970;40.4655402520
442902.5167753770;4478881.2427387400;2017-01-01;1900-01-08;5;Chamartín;55;5;Nueva España;COSTA RICA, CALLE, DE;S/N;0205510977;-3.6734290960;40.4586372570
442902.8365390000;4478880.8749990000;2014-07-01;2017-01-01;5;Chamartín;55;5;Nueva España;COSTA RICA, CALLE, DE;S/N;0505510977;-3.6734253140;40.4586342770
441678.4010950000;4479002.5692150000;2014-07-01;1900-01-08;5;Chamartín;55;5;Nueva España;DOCTOR FLEMING, CALLE, DEL;21;0205510385;-3.6878769140;40.4596456620
441666.0071560000;4479148.8060110000;2014-07-01;1900-01-08;5;Chamartín;55;5;Nueva España;DOCTOR FLEMING, CALLE, DEL;31;0205510403;-3.6880365400;40.4609617470
441694.6004889430;4479240.4253126500;2014-07-01;1900-01-08;5;Chamartín;55;5;Nueva España;DOCTOR FLEMING, CALLE, DEL;48;0205510401;-3.6877077770;40.4617895560
441735.0655450000;4479459.2932450000;2014-07-01;1900-01-08;5;Chamartín;55;5;Nueva España;DOCTOR FLEMING, CALLE, DEL;53;0205510407;-3.6872506140;40.4637634530
441704.9698390000;4479340.3920740000;2014-07-01;1900-01-08;5;Chamartín;55;5;Nueva España;DOCTOR FLEMING, CALLE, DEL;54;0205510411;-3.6875946180;40.4626908190
441665.3486607030;4479084.7905854800;2014-07-01;1900-01-08;5;Chamartín;55;5;Nueva España;DOCTOR FLEMING, CALLE, DEL;S/N;0205510395;-3.6880384310;40.4603851220
441651.8569373130;4478945.4645707600;2014-07-01;1900-01-08;5;Chamartín;55;5;Nueva España;DOCTOR FLEMING, CALLE, DEL;S/N;0205510418;-3.6881847070;40.4591287970
441934.8448390000;4479752.7254080000;2017-01-01;1900-01-08;5;Chamartín;55;5;Nueva España;DONOSO MONTESINOS, CALLE, DE;8;0205510925;-3.6849210820;40.4664212320
441934.8448390000;4479752.7254080000;2014-07-01;2017-01-01;5;Chamartín;55;5;Nueva España;DONOSO MONTESINOS, CALLE, DE;8;0505510925;-3.6849210820;40.4664212320
443012.9242030000;4479377.6277440000;2017-01-01;1900-01-08;5;Chamartín;55;5;Nueva España;DRACENA, CALLE, DE LA;11;0205510992;-3.6721715680;40.4631171560
443012.9242030000;4479377.6277440000;2014-07-01;2017-01-01;5;Chamartín;55;5;Nueva España;DRACENA, CALLE, DE LA;11;0505510992;-3.6721715680;40.4631171560
443289.7575360000;4479449.8777440000;2017-01-01;1900-01-08;5;Chamartín;55;5;Nueva España;DRACENA, CALLE, DE LA;40;0205510999;-3.6689129280;40.4637870590
443289.7575360000;4479449.8777440000;2014-07-01;2017-01-01;5;Chamartín;55;5;Nueva España;DRACENA, CALLE, DE LA;40;0505510999;-3.6689129280;40.4637870590
442809.9198730000;4479106.8749990000;2017-01-01;1900-01-08;5;Chamartín;55;5;Nueva España;ENCINAS, CALLE, DE LAS;15;0205510988;-3.6745414930;40.4606634070
442809.9198730000;4479106.8749990000;2014-07-01;2017-01-01;5;Chamartín;55;5;Nueva España;ENCINAS, CALLE, DE LAS;15;0505510988;-3.6745414930;40.4606634070
442865.8871457480;4479208.9094054000;2017-01-01;1900-01-08;5;Chamartín;55;5;Nueva España;ENCINAS, CALLE, DE LAS;26;0205510987;-3.6738904990;40.4615870730
442865.5865390000;4479208.6249990000;2014-07-01;2017-01-01;5;Chamartín;55;5;Nueva España;ENCINAS, CALLE, DE LAS;26;0505510987;-3.6738940510;40.4615846090
442907.2575360000;4479310.5444110000;2017-01-01;1900-01-08;5;Chamartín;55;5;Nueva España;ENCINAS, CALLE, DE LAS;37;0205510985;-3.6734117920;40.4625052380
442907.2575360000;4479310.5444110000;2014-07-01;2017-01-01;5;Chamartín;55;5;Nueva España;ENCINAS, CALLE, DE LAS;37;0505510985;-3.6734117920;40.4625052380
443230.5032060000;4479116.4583330000;2017-01-01;1900-01-08;5;Chamartín;55;5;Nueva España;ENRIQUE JARDIEL PONCELA, CALLE, DE;6;0205511007;-3.6695820280;40.4607793170
443230.5032060000;4479116.4583330000;2014-07-01;2017-01-01;5;Chamartín;55;5;Nueva España;ENRIQUE JARDIEL PONCELA, CALLE, DE;6;0505511007;-3.6695820280;40.4607793170
443134.5032060000;4479120.9583330000;2017-01-01;1900-01-08;5;Chamartín;55;5;Nueva España;ENRIQUE JARDIEL PONCELA, CALLE, DE;9;0205511008;-3.6707146510;40.4608132930
443134.5032060000;4479120.9583330000;2014-07-01;2017-01-01;5;Chamartín;55;5;Nueva España;ENRIQUE JARDIEL PONCELA, CALLE, DE;9;0505511008;-3.6707146510;40.4608132930
443393.2204790810;4479438.3538498500;2017-01-01;2023-05-03;5;Chamartín;55;5;Nueva España;FEDERICO SALMON, CALLE, DE;12;0205511013;-3.6676916110;40.4636900570
443392.3367740000;4479438.4524730000;2014-07-01;2017-01-01;5;Chamartín;55;5;Nueva España;FEDERICO SALMON, CALLE, DE;12;0505511013;-3.6677019820;40.4636909160
443348.0034410000;4479336.2024730000;2017-01-01;1900-01-08;5;Chamartín;55;5;Nueva España;FEDERICO SALMON, CALLE, DE;13;0205510911;-3.6682158100;40.4627669070
443348.0034410000;4479336.2024730000;2014-07-01;2017-01-01;5;Chamartín;55;5;Nueva España;FEDERICO SALMON, CALLE, DE;13;0505510911;-3.6682158100;40.4627669070
443360.5032060000;4479036.6249990000;2014-07-01;2017-01-01;5;Chamartín;55;5;Nueva España;FEDERICO SALMON, CALLE, DE;2;0505510910;-3.6680415740;40.4600682760
443359.6772692040;4479053.5308045800;2017-01-01;1900-01-08;5;Chamartín;55;5;Nueva España;FEDERICO SALMON, CALLE, DE;4;0205510910;-3.6680528610;40.4602204540
443347.6698730000;4479123.7083330000;2017-01-01;1900-01-08;5;Chamartín;55;5;Nueva España;FEDERICO SALMON, CALLE, DE;5;0205511006;-3.6682007410;40.4608520820
443347.6698730000;4479123.7083330000;2014-07-01;2017-01-01;5;Chamartín;55;5;Nueva España;FEDERICO SALMON, CALLE, DE;5;0505511006;-3.6682007410;40.4608520820
443355.1701080000;4479235.8691390000;2017-01-01;1900-01-08;5;Chamartín;55;5;Nueva España;FEDERICO SALMON, CALLE, DE;9;0205510912;-3.6681223030;40.4618628370
443355.1701080000;4479235.8691390000;2014-07-01;2017-01-01;5;Chamartín;55;5;Nueva España;FEDERICO SALMON, CALLE, DE;9;0505510912;-3.6681223030;40.4618628370
443381.4303556240;4479390.8229856500;2017-01-01;1900-01-08;5;Chamartín;55;5;Nueva España;FEDERICO SALMON, CALLE, DE;S/N;0205511005;-3.6678264280;40.4632610830
443382.0867740000;4479390.5358060000;2014-07-01;2017-01-01;5;Chamartín;55;5;Nueva España;FEDERICO SALMON, CALLE, DE;S/N;0505511005;-3.6678186360;40.4632586770
441782.9612198220;4479408.1316276300;2014-07-01;1900-01-08;5;Chamartín;55;5;Nueva España;FELIX BOIX, CALLE, DE;11;0205510410;-3.6866809220;40.4633065760
441640.2198390000;4479404.1420740000;2014-07-01;1900-01-08;5;Chamartín;55;5;Nueva España;FELIX BOIX, CALLE, DE;6;0205510392;-3.6883641570;40.4632606820
441687.5948390000;4479415.8920740000;2014-07-01;1900-01-08;5;Chamartín;55;5;Nueva España;FELIX BOIX, CALLE, DE;8;0205510406;-3.6878064400;40.4633693730
442046.5948390000;4479758.2254080000;2014-07-01;2017-01-01;5;Chamartín;55;5;Nueva España;FILIPINAS, CALLE, DE;1;0505510927;-3.6836035660;40.4664785850
442361.4427013030;4479076.4279239200;2017-01-01;1900-01-08;5;Chamartín;55;5;Nueva España;FRANCISCO GOYA, CALLE, DE;1;0205510886;-3.6798280030;40.4603587660
442364.0904890000;4479076.3893440000;2014-07-01;2017-01-01;5;Chamartín;55;5;Nueva España;FRANCISCO GOYA, CALLE, DE;1;0505510886;-3.6797968340;40.4603582500
442363.2573510000;4479146.8002060000;2017-01-01;1900-01-08;5;Chamartín;55;5;Nueva España;FRANCISCO GOYA, CALLE, DE;8;0205510953;-3.6798130490;40.4609922850
442363.2573510000;4479146.8002060000;2014-07-01;2017-01-01;5;Chamartín;55;5;Nueva España;FRANCISCO GOYA, CALLE, DE;8;0505510953;-3.6798130490;40.4609922850
442036.4281730000;4479581.3087410000;2014-07-01;2017-01-01;5;Chamartín;55;5;Nueva España;FRANCISCO SUAREZ, CALLE, DE;10;0505510915;-3.6837073280;40.4648839860
442049.1464050070;4479579.1316276300;2017-01-01;1900-01-08;5;Chamartín;55;5;Nueva España;FRANCISCO SUAREZ, CALLE, DE;11;0205510915;-3.6835570990;40.4648655370
442091.9281730000;4479560.9754080000;2017-01-01;1900-01-08;5;Chamartín;55;5;Nueva España;FRANCISCO SUAREZ, CALLE, DE;14;0205510874;-3.6830508330;40.4647045360
442091.9281730000;4479560.9754080000;2014-07-01;2017-01-01;5;Chamartín;55;5;Nueva España;FRANCISCO SUAREZ, CALLE, DE;14;0505510874;-3.6830508330;40.4647045360
442196.7615060000;4479554.8920740000;2017-01-01;1900-01-08;5;Chamartín;55;5;Nueva España;FRANCISCO SUAREZ, CALLE, DE;20;0205510918;-3.6818138750;40.4646572100
442196.7615060000;4479554.8920740000;2014-07-01;2017-01-01;5;Chamartín;55;5;Nueva España;FRANCISCO SUAREZ, CALLE, DE;20;0505510918;-3.6818138750;40.4646572100
442350.4281730000;4479520.8920740000;2017-01-01;1900-01-08;5;Chamartín;55;5;Nueva España;FRANCISCO SUAREZ, CALLE, DE;25;0205510876;-3.6799982860;40.4643617930
442350.4281730000;4479520.8920740000;2014-07-01;2017-01-01;5;Chamartín;55;5;Nueva España;FRANCISCO SUAREZ, CALLE, DE;25;0505510876;-3.6799982860;40.4643617930
441973.7945531550;4479578.6871831800;2017-01-01;1900-01-08;5;Chamartín;55;5;Nueva España;FRANCISCO SUAREZ, CALLE, DE;8;0205510873;-3.6844458140;40.4648558540
441975.8448390000;4479575.8920740000;2014-07-01;2017-01-01;5;Chamartín;55;5;Nueva España;FRANCISCO SUAREZ, CALLE, DE;8;0505510873;-3.6844213480;40.4648308730
442035.3404890000;4479255.0560110000;2017-01-01;1900-01-08;5;Chamartín;55;5;Nueva España;FRAY BERNARDINO SAHAGUN, CALLE, DE;1;0205510940;-3.6836903690;40.4619454000
442035.3404890000;4479255.0560110000;2014-07-01;2017-01-01;5;Chamartín;55;5;Nueva España;FRAY BERNARDINO SAHAGUN, CALLE, DE;1;0505510940;-3.6836903690;40.4619454000
442116.6278864880;4479169.6131091100;2017-01-01;1900-01-08;5;Chamartín;55;5;Nueva España;FRAY BERNARDINO SAHAGUN, CALLE, DE;12;0205511010;-3.6827238460;40.4611806160
442114.3404890000;4479171.4726780000;2014-07-01;2017-01-01;5;Chamartín;55;5;Nueva España;FRAY BERNARDINO SAHAGUN, CALLE, DE;12;0505511010;-3.6827509470;40.4611976910
442199.5904890000;4479114.1393440000;2017-01-01;1900-01-08;5;Chamartín;55;5;Nueva España;FRAY BERNARDINO SAHAGUN, CALLE, DE;24;0205511009;-3.6817403640;40.4606871280
442199.5904890000;4479114.1393440000;2014-07-01;2017-01-01;5;Chamartín;55;5;Nueva España;FRAY BERNARDINO SAHAGUN, CALLE, DE;24;0505511009;-3.6817403640;40.4606871280
442011.9612198220;4479246.9649609600;2017-01-01;1900-01-08;5;Chamartín;55;5;Nueva España;FRAY BERNARDINO SAHAGUN, CALLE, DE;S/N;0205511011;-3.6839653310;40.4618701140
441951.9056642660;4479310.9094054000;2017-01-01;1900-01-08;5;Chamartín;55;5;Nueva España;FRAY BERNARDINO SAHAGUN, CALLE, DE;S/N;0205511012;-3.6846794660;40.4624420400
441990.3404890000;4479268.5560110000;2014-07-01;2017-01-01;5;Chamartín;55;5;Nueva España;FRAY BERNARDINO SAHAGUN, CALLE, DE;S/N;0505511011;-3.6842223030;40.4620638310
441951.8448390000;4479312.2254080000;2014-07-01;2017-01-01;5;Chamartín;55;5;Nueva España;FRAY BERNARDINO SAHAGUN, CALLE, DE;S/N;0505511012;-3.6846803250;40.4624540150
441842.8404890000;4479142.5143440000;2014-07-01;1900-01-08;5;Chamartín;55;5;Nueva España;GENERAL GALLEGOS, CALLE, DEL;4;0205510400;-3.6859504010;40.4609174570
441880.9281730000;4479694.2254080000;2017-01-01;1900-01-08;5;Chamartín;55;5;Nueva España;GENERAL LOPEZ POZAS, CALLE, DEL;22;0205510869;-3.6855517940;40.4658907880
441880.9281730000;4479694.2254080000;2014-07-01;2017-01-01;5;Chamartín;55;5;Nueva España;GENERAL LOPEZ POZAS, CALLE, DEL;22;0505510869;-3.6855517940;40.4658907880
441910.5167753770;4479482.2982942900;2017-01-01;1900-01-08;5;Chamartín;55;5;Nueva España;GENERAL LOPEZ POZAS, CALLE, DEL;4;0205510868;-3.6851833820;40.4639828960
441910.8448390000;4479476.3087410000;2014-07-01;2017-01-01;5;Chamartín;55;5;Nueva España;GENERAL LOPEZ POZAS, CALLE, DEL;4;0505510868;-3.6851789710;40.4639290950
441882.4698390000;4479507.6420740000;2014-07-01;1900-01-08;5;Chamartín;55;5;Nueva España;GENERAL LOPEZ POZAS, CALLE, DEL;5;0205510394;-3.6855165000;40.4642094430
441856.9698390000;4479680.0170740000;2014-07-01;1900-01-08;5;Chamartín;55;5;Nueva España;GENERAL LOPEZ POZAS, CALLE, DEL;S/N;0205510393;-3.6858330020;40.4657610700
442968.9198730000;4478962.9583330000;2017-01-01;1900-01-08;5;Chamartín;55;5;Nueva España;GUATEMALA, CALLE, DE;12;0205510976;-3.6726533680;40.4593784920
442968.9198730000;4478962.9583330000;2014-07-01;2017-01-01;5;Chamartín;55;5;Nueva España;GUATEMALA, CALLE, DE;12;0505510976;-3.6726533680;40.4593784920
443155.3147790550;4478961.1655125800;2017-01-01;1900-01-08;5;Chamartín;55;5;Nueva España;GUATEMALA, CALLE, DE;24;0205510978;-3.6704548720;40.4593752260
442837.3365390000;4478972.4583330000;2017-01-01;1900-01-08;5;Chamartín;55;5;Nueva España;GUATEMALA, CALLE, DE;S/N;0205510975;-3.6742060270;40.4594549820
442837.3365390000;4478972.4583330000;2014-07-01;2017-01-01;5;Chamartín;55;5;Nueva España;GUATEMALA, CALLE, DE;S/N;0505510975;-3.6742060270;40.4594549820
442225.1738230000;4479059.6393440000;2017-01-01;1900-01-08;5;Chamartín;55;5;Nueva España;HENRI DUNANT, CALLE, DE;1;0205510881;-3.6814336600;40.4601973640
442225.1738230000;4479059.6393440000;2014-07-01;2017-01-01;5;Chamartín;55;5;Nueva España;HENRI DUNANT, CALLE, DE;1;0505510881;-3.6814336600;40.4601973640
442088.2389975990;4479057.0205165200;2017-01-01;1900-01-08;5;Chamartín;55;5;Nueva España;HENRI DUNANT, CALLE, DE;12;0205510882;-3.6830483700;40.4601650490
442083.1738230000;4479057.6393440000;2014-07-01;2017-01-01;5;Chamartín;55;5;Nueva España;HENRI DUNANT, CALLE, DE;12;0505510882;-3.6831081290;40.4601695180
442027.7945531550;4479069.0205165200;2017-01-01;1900-01-08;5;Chamartín;55;5;Nueva España;HENRI DUNANT, CALLE, DE;17;0205510944;-3.6837623900;40.4602688110
442028.0904890000;4479068.7226780000;2014-07-01;2017-01-01;5;Chamartín;55;5;Nueva España;HENRI DUNANT, CALLE, DE;17;0505510944;-3.6837588950;40.4602661180
441935.4797383400;4479056.1686646600;2017-01-01;1900-01-08;5;Chamartín;55;5;Nueva España;HENRI DUNANT, CALLE, DE;23;0205510883;-3.6848498640;40.4601462560
441936.6738230000;4479055.1393440000;2014-07-01;2017-01-01;5;Chamartín;55;5;Nueva España;HENRI DUNANT, CALLE, DE;23;0505510883;-3.6848357110;40.4601367450
442131.4238230000;4478997.2226780000;2017-01-01;1900-01-08;5;Chamartín;55;5;Nueva España;HONDURAS, CALLE, DE;1 A;0205510946;-3.6825336240;40.4596288180
442131.4238230000;4478997.2226780000;2014-07-01;2017-01-01;5;Chamartín;55;5;Nueva España;HONDURAS, CALLE, DE;1 A;0505510946;-3.6825336240;40.4596288180
442444.6834420440;4478997.5205165200;2017-01-01;1900-01-08;5;Chamartín;55;5;Nueva España;HONDURAS, CALLE, DE;12;0205511020;-3.6788391350;40.4596532260
442440.5865390000;4478997.3749990000;2014-07-01;2017-01-01;5;Chamartín;55;5;Nueva España;HONDURAS, CALLE, DE;12;0505511020;-3.6788873780;40.4596521370
442285.5904890000;4478995.7226780000;2017-01-01;2025-03-26;5;Chamartín;55;5;Nueva España;HONDURAS, CALLE, DE;4;0205510952;-3.6807152280;40.4596260100
442285.5904890000;4478995.7226780000;2014-07-01;2017-01-01;5;Chamartín;55;5;Nueva España;HONDURAS, CALLE, DE;4;0505510952;-3.6807152280;40.4596260100
442538.0032060000;4479156.7083330000;2017-01-01;1900-01-08;5;Chamartín;55;5;Nueva España;ITALICA, CALLE, DE;9;0205510956;-3.6777530360;40.4610936410
442538.0032060000;4479156.7083330000;2014-07-01;2017-01-01;5;Chamartín;55;5;Nueva España;ITALICA, CALLE, DE;9;0505510956;-3.6777530360;40.4610936410
442644.9056642660;4479480.4094054000;2024-11-28;1900-01-08;5;Chamartín;55;5;Nueva España;JEREZ, CALLE, DE;18;0205511128;-3.6765214060;40.4640169870
442445.1742030000;4479506.3777440000;2017-01-01;1900-01-08;5;Chamartín;55;5;Nueva España;JEREZ, CALLE, DE;2;0205510959;-3.6788795290;40.4642376330
442445.1742030000;4479506.3777440000;2014-07-01;2017-01-01;5;Chamartín;55;5;Nueva España;JEREZ, CALLE, DE;2;0505510959;-3.6788795290;40.4642376330
442690.7575360000;4479471.3777440000;2017-01-01;1900-01-08;5;Chamartín;55;5;Nueva España;JEREZ, CALLE, DE;20;0205510891;-3.6759797890;40.4639395230
442690.7575360000;4479471.3777440000;2014-07-01;2017-01-01;5;Chamartín;55;5;Nueva España;JEREZ, CALLE, DE;20;0505510891;-3.6759797890;40.4639395230
442540.4242030000;4479492.2944110000;2017-01-01;1900-01-08;5;Chamartín;55;5;Nueva España;JEREZ, CALLE, DE;6;0205510962;-3.6777547550;40.4641175410
442540.4242030000;4479492.2944110000;2014-07-01;2017-01-01;5;Chamartín;55;5;Nueva España;JEREZ, CALLE, DE;6;0505510962;-3.6777547550;40.4641175410
441841.7198390000;4479466.2670740000;2014-07-01;1900-01-08;5;Chamartín;55;5;Nueva España;JOAQUIN BAU, CALLE, DE;4;0205510408;-3.6859933150;40.4638343850
442409.1740180000;4479210.6335390000;2017-01-01;1900-01-08;5;Chamartín;55;5;Nueva España;JOSE RODRIGUEZ PINILLA, CALLE, DE;13;0205510954;-3.6792772760;40.4615704000
442409.1740180000;4479210.6335390000;2014-07-01;2017-01-01;5;Chamartín;55;5;Nueva España;JOSE RODRIGUEZ PINILLA, CALLE, DE;13;0505510954;-3.6792772760;40.4615704000
441737.3404890000;4479075.0143440000;2014-07-01;1900-01-08;5;Chamartín;55;5;Nueva España;JUAN HURTADO DE MENDOZA, CALLE, DE;11;0205510397;-3.6871884480;40.4603023870
441616.3404890000;4479109.3893440000;2014-07-01;1900-01-08;5;Chamartín;55;5;Nueva España;JUAN HURTADO DE MENDOZA, CALLE, DE;5;0205510384;-3.6886186650;40.4606031320
441789.4689950000;4479038.2578150000;2014-07-01;1900-01-08;5;Chamartín;55;5;Nueva España;JUAN RAMON JIMENEZ, CALLE, DE;16;0205510398;-3.6865702840;40.4599745980
441798.0570950000;4479104.3969150000;2014-07-01;1900-01-08;5;Chamartín;55;5;Nueva España;JUAN RAMON JIMENEZ, CALLE, DE;18;0205510386;-3.6864750580;40.4605709890
441754.2520950000;4479231.7174150000;2014-07-01;1900-01-08;5;Chamartín;55;5;Nueva España;JUAN RAMON JIMENEZ, CALLE, DE;24;0205510399;-3.6870034400;40.4617153010
441738.5306642660;4479324.9510720700;2014-07-01;1900-01-08;5;Chamartín;55;5;Nueva España;JUAN RAMON JIMENEZ, CALLE, DE;43;0205510388;-3.6871974440;40.4625538820
441748.5063450000;4479396.7519450000;2014-07-01;1900-01-08;5;Chamartín;55;5;Nueva España;JUAN RAMON JIMENEZ, CALLE, DE;47;0205510387;-3.6870863470;40.4632009230
442305.6740180000;4479245.4668730000;2017-01-01;1900-01-08;5;Chamartín;55;5;Nueva España;LA HABANA, PASEO, DE;145;0205510935;-3.6805010570;40.4618770470
442305.6740180000;4479245.4668730000;2014-07-01;2017-01-01;5;Chamartín;55;5;Nueva España;LA HABANA, PASEO, DE;145;0505510935;-3.6805010570;40.4618770470
442420.5723309330;4479731.9927387400;2017-01-01;1900-01-08;5;Chamartín;55;5;Nueva España;LA HABANA, PASEO, DE;179;0205510920;-3.6791901290;40.4662680230
442420.0950240000;4479728.7196130000;2014-07-01;2017-01-01;5;Chamartín;55;5;Nueva España;LA HABANA, PASEO, DE;179;0505510920;-3.6791954580;40.4662388600
442294.1738230000;4479136.7226780000;2017-01-01;1900-01-08;5;Chamartín;55;5;Nueva España;LA HABANA, PASEO, DE;182;0205510937;-3.6806268210;40.4608968880
442294.1738230000;4479136.7226780000;2014-07-01;2017-01-01;5;Chamartín;55;5;Nueva España;LA HABANA, PASEO, DE;182;0505510937;-3.6806268210;40.4608968880
442338.0906840000;4479330.5502060000;2017-01-01;1900-01-08;5;Chamartín;55;5;Nueva España;LA HABANA, PASEO, DE;198;0205510936;-3.6801265710;40.4626460710
442338.0906840000;4479330.5502060000;2014-07-01;2017-01-01;5;Chamartín;55;5;Nueva España;LA HABANA, PASEO, DE;198;0505510936;-3.6801265710;40.4626460710
442356.2573510000;4479472.0502060000;2017-01-01;1900-01-08;5;Chamartín;55;5;Nueva España;LA HABANA, PASEO, DE;202 A;0205510932;-3.6799251770;40.4639220480
442356.2573510000;4479472.0502060000;2014-07-01;2017-01-01;5;Chamartín;55;5;Nueva España;LA HABANA, PASEO, DE;202 A;0505510932;-3.6799251770;40.4639220480
442400.2863227020;4479608.6912984100;2017-01-01;1900-01-08;5;Chamartín;55;5;Nueva España;LA HABANA, PASEO, DE;206;0205510919;-3.6794182240;40.4651556830
442398.7616910000;4479609.3862790000;2014-07-01;2017-01-01;5;Chamartín;55;5;Nueva España;LA HABANA, PASEO, DE;206;0505510919;-3.6794362720;40.4651618140
442427.3406840000;4479246.3002060000;2017-01-01;1900-01-08;5;Chamartín;55;5;Nueva España;MACARENA, CALLE, DE LA;13;0205510966;-3.6790661980;40.4618933190
442427.3406840000;4479246.3002060000;2014-07-01;2017-01-01;5;Chamartín;55;5;Nueva España;MACARENA, CALLE, DE LA;13;0505510966;-3.6790661980;40.4618933190
442594.5865390000;4479223.4583330000;2017-01-01;1900-01-08;5;Chamartín;55;5;Nueva España;MACARENA, CALLE, DE LA;16;0205510960;-3.6770916710;40.4616989140
442594.5865390000;4479223.4583330000;2014-07-01;2017-01-01;5;Chamartín;55;5;Nueva España;MACARENA, CALLE, DE LA;16;0505510960;-3.6770916710;40.4616989140
442647.6698730000;4479221.8749990000;2017-01-01;1900-01-08;5;Chamartín;55;5;Nueva España;MACARENA, CALLE, DE LA;37;0205510892;-3.6764654280;40.4616884290
442647.6698730000;4479221.8749990000;2014-07-01;2017-01-01;5;Chamartín;55;5;Nueva España;MACARENA, CALLE, DE LA;37;0505510892;-3.6764654280;40.4616884290
442860.0908690000;4479416.2110780000;2017-01-01;1900-01-08;5;Chamartín;55;5;Nueva España;MADRE DE DIOS, CALLE, DE LA;13;0205510983;-3.6739775310;40.4634538840
442860.0908690000;4479416.2110780000;2014-07-01;2017-01-01;5;Chamartín;55;5;Nueva España;MADRE DE DIOS, CALLE, DE LA;13;0505510983;-3.6739775310;40.4634538840
442802.3408690000;4479306.4610780000;2017-01-01;1900-01-08;5;Chamartín;55;5;Nueva España;MADRE DE DIOS, CALLE, DE LA;2 L;0205510984;-3.6746488660;40.4624614060
442802.3408690000;4479306.4610780000;2014-07-01;2017-01-01;5;Chamartín;55;5;Nueva España;MADRE DE DIOS, CALLE, DE LA;2 L;0505510984;-3.6746488660;40.4624614060
442956.2945531550;4479548.4649609600;2017-01-01;1900-01-08;5;Chamartín;55;5;Nueva España;MADRE DE DIOS, CALLE, DE LA;35;0205510982;-3.6728548200;40.4646516520
442954.1742030000;4479545.3777440000;2014-07-01;2017-01-01;5;Chamartín;55;5;Nueva España;MADRE DE DIOS, CALLE, DE LA;35;0505510982;-3.6728795720;40.4646238060
441897.6449450000;4479385.6007450000;2014-07-01;1900-01-08;5;Chamartín;55;5;Nueva España;MADRE MOLAS, PLAZA, DE LA;2;0205510409;-3.6853263350;40.4631114270
442913.8130716740;4479389.7612572600;2017-01-01;1900-01-08;5;Chamartín;55;5;Nueva España;MAESTRO CHAPI, CALLE, DEL;10;0205510986;-3.6733416050;40.4632190280
442914.0075360000;4479389.3777440000;2014-07-01;2017-01-01;5;Chamartín;55;5;Nueva España;MAESTRO CHAPI, CALLE, DEL;10;0505510986;-3.6733393130;40.4632157050
442963.0075360000;4479461.5444110000;2017-01-01;1900-01-08;5;Chamartín;55;5;Nueva España;MAESTRO CHAPI, CALLE, DEL;22;0205510994;-3.6727678450;40.4638693930
442963.0075360000;4479461.5444110000;2014-07-01;2017-01-01;5;Chamartín;55;5;Nueva España;MAESTRO CHAPI, CALLE, DEL;22;0505510994;-3.6727678450;40.4638693930
443057.3408690000;4479591.2110780000;2017-01-01;1900-01-08;5;Chamartín;55;5;Nueva España;MAESTRO CHAPI, CALLE, DEL;31;0205510995;-3.6716668500;40.4650438420
443057.3408690000;4479591.2110780000;2014-07-01;2017-01-01;5;Chamartín;55;5;Nueva España;MAESTRO CHAPI, CALLE, DEL;31;0505510995;-3.6716668500;40.4650438420
443031.0908690000;4479482.3777440000;2017-01-01;1900-01-08;5;Chamartín;55;5;Nueva España;MAESTRO LASALLE, CALLE, DEL;30;0205511021;-3.6719666780;40.4640619070
443031.0908690000;4479482.3777440000;2014-07-01;2017-01-01;5;Chamartín;55;5;Nueva España;MAESTRO LASALLE, CALLE, DEL;30;0505511021;-3.6719666780;40.4640619070
442029.0904890000;4479154.4726780000;2017-01-01;1900-01-08;5;Chamartín;55;5;Nueva España;MANUEL BENEDITO, CALLE, DE;7;0205510945;-3.6837549410;40.4610386370
442029.0904890000;4479154.4726780000;2014-07-01;2017-01-01;5;Chamartín;55;5;Nueva España;MANUEL BENEDITO, CALLE, DE;7;0505510945;-3.6837549410;40.4610386370
441928.4797383400;4479801.3538498500;2017-01-01;1900-01-08;5;Chamartín;55;5;Nueva España;MATEO INURRIA, CALLE, DE;10;0205510928;-3.6850006090;40.4668588000
441927.5991940000;4479799.9781380000;2014-07-01;2017-01-01;5;Chamartín;55;5;Nueva España;MATEO INURRIA, CALLE, DE;10;0505510928;-3.6850109220;40.4668465960
442022.4889975990;4479825.6594054000;2017-01-01;1900-01-08;5;Chamartín;55;5;Nueva España;MATEO INURRIA, CALLE, DE;20;0205510929;-3.6838940550;40.4670842590
442034.0991940000;4479828.3948040000;2014-07-01;2017-01-01;5;Chamartín;55;5;Nueva España;MATEO INURRIA, CALLE, DE;20;0505510929;-3.6837574050;40.4671099850
442183.8491940000;4479852.4781380000;2017-01-01;1900-01-08;5;Chamartín;55;5;Nueva España;MATEO INURRIA, CALLE, DE;30;0205510930;-3.6819932680;40.4673371630
442183.8491940000;4479852.4781380000;2014-07-01;2017-01-01;5;Chamartín;55;5;Nueva España;MATEO INURRIA, CALLE, DE;30;0505510930;-3.6819932680;40.4673371630
442305.5950240000;4479864.2196130000;2017-01-01;1900-01-08;5;Chamartín;55;5;Nueva España;MATEO INURRIA, CALLE, DE;34;0205510931;-3.6805582950;40.4674516390
442305.5950240000;4479864.2196130000;2014-07-01;2017-01-01;5;Chamartín;55;5;Nueva España;MATEO INURRIA, CALLE, DE;34;0505510931;-3.6805582950;40.4674516390
441777.4698390000;4479754.7670740000;2014-07-01;1900-01-08;5;Chamartín;55;5;Nueva España;MATEO INURRIA, CALLE, DE;4;0205511122;-3.6867775800;40.4664289670
442174.3404890000;4479153.8060110000;2017-01-01;1900-01-08;5;Chamartín;55;5;Nueva España;MENENDEZ PIDAL, CALLE, DE;18;0205510938;-3.6820416830;40.4610422470
442174.3404890000;4479153.8060110000;2014-07-01;2017-01-01;5;Chamartín;55;5;Nueva España;MENENDEZ PIDAL, CALLE, DE;18;0505510938;-3.6820416830;40.4610422470
442106.7389975990;4478897.1316276300;2017-01-01;1900-01-08;5;Chamartín;55;5;Nueva España;MENENDEZ PIDAL, CALLE, DE;2;0205510948;-3.6828155770;40.4587251490
442108.0904890000;4478898.8060110000;2014-07-01;2017-01-01;5;Chamartín;55;5;Nueva España;MENENDEZ PIDAL, CALLE, DE;2;0505510948;-3.6827997630;40.4587409620
442224.0904890000;4479291.8893440000;2017-01-01;1900-01-08;5;Chamartín;55;5;Nueva España;MENENDEZ PIDAL, CALLE, DE;21;0205510934;-3.6814675220;40.4622895190
442224.0904890000;4479291.8893440000;2014-07-01;2017-01-01;5;Chamartín;55;5;Nueva España;MENENDEZ PIDAL, CALLE, DE;21;0505510934;-3.6814675220;40.4622895190
442217.1834420440;4479244.4279239200;2017-01-01;1900-01-08;5;Chamartín;55;5;Nueva España;MENENDEZ PIDAL, CALLE, DE;22;0205510879;-3.6815447570;40.4618621500
442216.8404890000;4479244.6393440000;2014-07-01;2017-01-01;5;Chamartín;55;5;Nueva España;MENENDEZ PIDAL, CALLE, DE;22;0505510879;-3.6815487670;40.4618640980
442248.6781730000;4479450.4754080000;2017-01-01;1900-01-08;5;Chamartín;55;5;Nueva España;MENENDEZ PIDAL, CALLE, DE;29;0205510875;-3.6811919860;40.4637206530
442248.6781730000;4479450.4754080000;2014-07-01;2017-01-01;5;Chamartín;55;5;Nueva España;MENENDEZ PIDAL, CALLE, DE;29;0505510875;-3.6811919860;40.4637206530
442281.8448390000;4479542.5587410000;2017-01-01;1900-01-08;5;Chamartín;55;5;Nueva España;MENENDEZ PIDAL, CALLE, DE;33;0205510878;-3.6808091360;40.4645518430
442281.8448390000;4479542.5587410000;2014-07-01;2017-01-01;5;Chamartín;55;5;Nueva España;MENENDEZ PIDAL, CALLE, DE;33;0505510878;-3.6808091360;40.4645518430
442293.2806642660;4479622.5760720700;2017-01-01;1900-01-08;5;Chamartín;55;5;Nueva España;MENENDEZ PIDAL, CALLE, DE;37;0205510922;-3.6806815960;40.4652740560
442287.7615060000;4479605.5587410000;2014-07-01;2017-01-01;5;Chamartín;55;5;Nueva España;MENENDEZ PIDAL, CALLE, DE;37;0505510922;-3.6807450790;40.4651202740
442349.4283580000;4479724.8862790000;2017-01-01;1900-01-08;5;Chamartín;55;5;Nueva España;MENENDEZ PIDAL, CALLE, DE;40;0205510921;-3.6800286530;40.4661990960
442349.4283580000;4479724.8862790000;2014-07-01;2017-01-01;5;Chamartín;55;5;Nueva España;MENENDEZ PIDAL, CALLE, DE;40;0505510921;-3.6800286530;40.4661990960
442409.4283580000;4479792.5529460000;2017-01-01;1900-01-08;5;Chamartín;55;5;Nueva España;MENENDEZ PIDAL, CALLE, DE;47;0205510877;-3.6793270660;40.4668130780
442409.4283580000;4479792.5529460000;2014-07-01;2017-01-01;5;Chamartín;55;5;Nueva España;MENENDEZ PIDAL, CALLE, DE;47;0505510877;-3.6793270660;40.4668130780
442159.2571560000;4479074.4726780000;2017-01-01;1900-01-08;5;Chamartín;55;5;Nueva España;MENENDEZ PIDAL, CALLE, DE;7;0205510943;-3.6822123670;40.4603266230
442159.2571560000;4479074.4726780000;2014-07-01;2017-01-01;5;Chamartín;55;5;Nueva España;MENENDEZ PIDAL, CALLE, DE;7;0505510943;-3.6822123670;40.4603266230
442467.2532060000;4478936.2083330000;2014-07-01;2017-01-01;5;Chamartín;55;5;Nueva España;NUESTRA SEÑORA DE LUJAN, CALLE, DE;14;0505510885;-3.6785673810;40.4591027280
442467.2204790810;4478936.7242202200;2017-01-01;1900-01-08;5;Chamartín;55;5;Nueva España;NUESTRA SEÑORA DE LUJAN, CALLE, DE;19;0205510885;-3.6785678400;40.4591074830
442355.0723309330;4478935.1871831800;2017-01-01;1900-01-08;5;Chamartín;55;5;Nueva España;NUESTRA SEÑORA DE LUJAN, CALLE, DE;7;0205510884;-3.6798903410;40.4590854820
442357.4196780000;4478934.3808040000;2014-07-01;2017-01-01;5;Chamartín;55;5;Nueva España;NUESTRA SEÑORA DE LUJAN, CALLE, DE;7;0505510884;-3.6798626100;40.4590783770
441868.4654890000;4478975.5143440000;2014-07-01;1900-01-08;5;Chamartín;55;5;Nueva España;PADRE DAMIAN, CALLE, DEL;29;0205510416;-3.6856329250;40.4594148750
441876.2154890000;4479071.2643440000;2014-07-01;1900-01-08;5;Chamartín;55;5;Nueva España;PADRE DAMIAN, CALLE, DEL;35;0205510415;-3.6855503040;40.4602779790
441884.2154890000;4479178.5143440000;2014-07-01;1900-01-08;5;Chamartín;55;5;Nueva España;PADRE DAMIAN, CALLE, DEL;39;0205510414;-3.6854657360;40.4612445010
441892.5538124140;4478990.7242202200;2017-01-01;1900-01-08;5;Chamartín;55;5;Nueva España;PADRE DAMIAN, CALLE, DEL;44;0205510872;-3.6853502280;40.4595536450
441891.9238230000;4478989.4726780000;2014-07-01;2017-01-01;5;Chamartín;55;5;Nueva España;PADRE DAMIAN, CALLE, DEL;44;0505510872;-3.6853575610;40.4595428170
441904.6738230000;4479141.7226780000;2017-01-01;1900-01-08;5;Chamartín;55;5;Nueva España;PADRE DAMIAN, CALLE, DEL;50;0205510871;-3.6852211400;40.4609147640
441904.6738230000;4479141.7226780000;2014-07-01;2017-01-01;5;Chamartín;55;5;Nueva España;PADRE DAMIAN, CALLE, DEL;50;0505510871;-3.6852211400;40.4609147640
441917.9612198220;4479285.5205165200;2017-01-01;1900-01-08;5;Chamartín;55;5;Nueva España;PADRE DAMIAN, CALLE, DEL;S/N;0205510870;-3.6850775000;40.4622111380
441917.1738230000;4479276.3060110000;2014-07-01;2017-01-01;5;Chamartín;55;5;Nueva España;PADRE DAMIAN, CALLE, DEL;S/N;0505510870;-3.6850859220;40.4621280020
441992.6781730000;4479688.2254080000;2017-01-01;1900-01-08;5;Chamartín;55;5;Nueva España;PALMA DEL RIO, CALLE, DE;14;0205510926;-3.6842330740;40.4658446070
441992.6781730000;4479688.2254080000;2014-07-01;2017-01-01;5;Chamartín;55;5;Nueva España;PALMA DEL RIO, CALLE, DE;14;0505510926;-3.6842330740;40.4658446070
443037.0865390000;4478955.4583330000;2017-01-01;1900-01-08;5;Chamartín;55;5;Nueva España;PARAGUAY, CALLE, DE;8;0205510898;-3.6718486490;40.4593156390
443037.0865390000;4478955.4583330000;2014-07-01;2017-01-01;5;Chamartín;55;5;Nueva España;PARAGUAY, CALLE, DE;8;0505510898;-3.6718486490;40.4593156390
443057.6698730000;4479044.2083330000;2017-01-01;1900-01-08;5;Chamartín;55;5;Nueva España;PARAGUAY, CALLE, DE;S/N;0205510897;-3.6716139080;40.4601165190
443057.6698730000;4479044.2083330000;2014-07-01;2017-01-01;5;Chamartín;55;5;Nueva España;PARAGUAY, CALLE, DE;S/N;0505510897;-3.6716139080;40.4601165190
441793.4056642660;4479266.1594054000;2014-07-01;1900-01-08;5;Chamartín;55;5;Nueva España;PEDRO MUGURUZA, CALLE, DE;4;0205510412;-3.6865447300;40.4620284790
441893.9220450000;4479292.9743450000;2014-07-01;1900-01-08;5;Chamartín;55;5;Nueva España;PEDRO MUGURUZA, CALLE, DE;7;0205510413;-3.6853617440;40.4622770860
442664.6556642660;4479168.7427387400;2017-01-01;1900-01-08;5;Chamartín;55;5;Nueva España;PIO XII, AVENIDA, DE;2;0205510904;-3.6762603090;40.4612109830
442665.4198730000;4479176.3749990000;2014-07-01;2017-01-01;5;Chamartín;55;5;Nueva España;PIO XII, AVENIDA, DE;2;0505510904;-3.6762519440;40.4612800250
442806.8130716740;4479780.5760720700;2017-01-01;1900-01-08;5;Chamartín;55;5;Nueva España;PIO XII, AVENIDA, DE;30;0205511022;-3.6746388390;40.4667328640
442809.5075360000;4479786.1277440000;2014-07-01;2017-01-01;5;Chamartín;55;5;Nueva España;PIO XII, AVENIDA, DE;30;0505511022;-3.6746075550;40.4667826540
442696.2204790810;4479342.8353313300;2017-01-01;1900-01-08;5;Chamartín;55;5;Nueva España;PIO XII, AVENIDA, DE;4;0205510905;-3.6759037580;40.4627813460
442695.2575360000;4479343.2944110000;2014-07-01;2017-01-01;5;Chamartín;55;5;Nueva España;PIO XII, AVENIDA, DE;4;0505510905;-3.6759151600;40.4627859300
442720.2389975990;4479649.4649609600;2017-01-01;1900-01-08;5;Chamartín;55;5;Nueva España;PIO XII, AVENIDA, DE;51;0205510970;-3.6756481040;40.4655455810
442753.9242030000;4479727.2944110000;2017-01-01;1900-01-08;5;Chamartín;55;5;Nueva España;PIO XII, AVENIDA, DE;57 A;0205510971;-3.6752578630;40.4662488290
442753.9242030000;4479727.2944110000;2014-07-01;2017-01-01;5;Chamartín;55;5;Nueva España;PIO XII, AVENIDA, DE;57 A;0505510971;-3.6752578630;40.4662488290
442716.5075360000;4479486.4610780000;2017-01-01;1900-01-08;5;Chamartín;55;5;Nueva España;PIO XII, AVENIDA, DE;6;0205510979;-3.6756773820;40.4640769180
442716.5075360000;4479486.4610780000;2014-07-01;2017-01-01;5;Chamartín;55;5;Nueva España;PIO XII, AVENIDA, DE;6;0505510979;-3.6756773820;40.4640769180
443340.6742030000;4479551.0444110000;2017-01-01;1900-01-08;5;Chamartín;55;5;Nueva España;PRIETO UREÑA, CALLE, DE;13;0205510998;-3.6683214060;40.4647009840
443340.6742030000;4479551.0444110000;2014-07-01;2017-01-01;5;Chamartín;55;5;Nueva España;PRIETO UREÑA, CALLE, DE;13;0505510998;-3.6683214060;40.4647009840
443227.4242030000;4479578.2944110000;2017-01-01;1900-01-08;5;Chamartín;55;5;Nueva España;PRIETO UREÑA, CALLE, DE;5;0205510997;-3.6696596060;40.4649389900
443227.4242030000;4479578.2944110000;2014-07-01;2017-01-01;5;Chamartín;55;5;Nueva España;PRIETO UREÑA, CALLE, DE;5;0505510997;-3.6696596060;40.4649389900
442643.5865390000;4478994.4583330000;2017-01-01;1900-01-08;5;Chamartín;55;5;Nueva España;PRINCIPE DE VERGARA, CALLE, DEL;280;0205510893;-3.6764930450;40.4596397040
442643.5865390000;4478994.4583330000;2014-07-01;2017-01-01;5;Chamartín;55;5;Nueva España;PRINCIPE DE VERGARA, CALLE, DEL;280;0505510893;-3.6764930450;40.4596397040
442611.4198730000;4478995.7916660000;2014-07-01;2017-01-01;5;Chamartín;55;5;Nueva España;PRINCIPE DE VERGARA, CALLE, DEL;289;0505510958;-3.6768725150;40.4596489280
442612.6278864880;4479007.0760720700;2017-01-01;1900-01-08;5;Chamartín;55;5;Nueva España;PRINCIPE DE VERGARA, CALLE, DEL;291;0205510958;-3.6768592800;40.4597513160
443155.1834420440;4479039.8692162800;2017-01-01;1900-01-08;5;Chamartín;55;5;Nueva España;RICARDO CALVO, CALLE, DE;10;0205510899;-3.6704634660;40.4600838030
443157.0865390000;4479039.9583330000;2014-07-01;2017-01-01;5;Chamartín;55;5;Nueva España;RICARDO CALVO, CALLE, DE;10;0505510899;-3.6704410060;40.4600846050
443156.0865390000;4478963.1249990000;2014-07-01;2017-01-01;5;Chamartín;55;5;Nueva España;RICARDO CALVO, CALLE, DE;6;0505510978;-3.6704459340;40.4593925870
442537.7532060000;4479272.4583330000;2017-01-01;1900-01-08;5;Chamartín;55;5;Nueva España;SAN TELMO, CALLE, DE;19;0205510965;-3.6777663860;40.4621369400
442537.7532060000;4479272.4583330000;2014-07-01;2017-01-01;5;Chamartín;55;5;Nueva España;SAN TELMO, CALLE, DE;19;0505510965;-3.6777663860;40.4621369400
442574.4242030000;4479417.3777440000;2014-07-01;2017-01-01;5;Chamartín;55;5;Nueva España;SAN TELMO, CALLE, DE;32;0505510964;-3.6773469810;40.4634443730
442575.5167753770;4479417.5390350300;2017-01-01;1900-01-08;5;Chamartín;55;5;Nueva España;SAN TELMO, TRAVESIA, DE;6;0205510964;-3.6773341470;40.4634464350
443157.8408690000;4479327.5444110000;2017-01-01;1900-01-08;5;Chamartín;55;5;Nueva España;SANTA MARIA MAGDALENA, CALLE, DE;13;0205511001;-3.6704579090;40.4626754060
443157.8408690000;4479327.5444110000;2014-07-01;2017-01-01;5;Chamartín;55;5;Nueva España;SANTA MARIA MAGDALENA, CALLE, DE;13;0505511001;-3.6704579090;40.4626754060
443131.9056642660;4479436.3260720700;2017-01-01;1900-01-08;5;Chamartín;55;5;Nueva España;SANTA MARIA MAGDALENA, CALLE, DE;19;0205511002;-3.6707734940;40.4636537890
443130.0908690000;4479445.9610780000;2014-07-01;2017-01-01;5;Chamartín;55;5;Nueva España;SANTA MARIA MAGDALENA, CALLE, DE;19;0505511002;-3.6707957250;40.4637407060
443110.1742030000;4479488.4610780000;2017-01-01;1900-01-08;5;Chamartín;55;5;Nueva España;SANTA MARIA MAGDALENA, CALLE, DE;21;0205510993;-3.6710345330;40.4641219530
443110.1742030000;4479488.4610780000;2014-07-01;2017-01-01;5;Chamartín;55;5;Nueva España;SANTA MARIA MAGDALENA, CALLE, DE;21;0505510993;-3.6710345330;40.4641219530
443120.8408690000;4479567.2110780000;2017-01-01;1900-01-08;5;Chamartín;55;5;Nueva España;SANTA MARIA MAGDALENA, CALLE, DE;28;0205511004;-3.6709157590;40.4648321340
443120.8408690000;4479567.2110780000;2014-07-01;2017-01-01;5;Chamartín;55;5;Nueva España;SANTA MARIA MAGDALENA, CALLE, DE;28;0505511004;-3.6709157590;40.4648321340
443046.4242030000;4479692.3777440000;2017-01-01;1900-01-08;5;Chamartín;55;5;Nueva España;SANTA MARIA MAGDALENA, CALLE, DE;35;0205510981;-3.6718047030;40.4659544430
443046.4242030000;4479692.3777440000;2014-07-01;2017-01-01;5;Chamartín;55;5;Nueva España;SANTA MARIA MAGDALENA, CALLE, DE;35;0505510981;-3.6718047030;40.4659544430
443127.7532060000;4479244.7083330000;2017-01-01;1900-01-08;5;Chamartín;55;5;Nueva España;SANTA MARIA MAGDALENA, TRAVESIA, DE;11;0205511003;-3.6708053500;40.4619272380
443127.7532060000;4479244.7083330000;2014-07-01;2017-01-01;5;Chamartín;55;5;Nueva España;SANTA MARIA MAGDALENA, TRAVESIA, DE;11;0505511003;-3.6708053500;40.4619272380
441949.0115060000;4479664.4754080000;2017-01-01;1900-01-08;5;Chamartín;55;5;Nueva España;SAXIFRAGA, CALLE, DE LA;S/N;0205510924;-3.6847459860;40.4656272850
441949.0115060000;4479664.4754080000;2014-07-01;2017-01-01;5;Chamartín;55;5;Nueva España;SAXIFRAGA, CALLE, DE LA;S/N;0505510924;-3.6847459860;40.4656272850
442540.2575360000;4479750.9610780000;2017-01-01;1900-01-08;5;Chamartín;55;5;Nueva España;TAHONA, CALLE, DE LA;8;0205510968;-3.6777801950;40.4664477030
442540.2575360000;4479750.9610780000;2014-07-01;2017-01-01;5;Chamartín;55;5;Nueva España;TAHONA, CALLE, DE LA;8;0505510968;-3.6777801950;40.4664477030
442954.0032060000;4479232.3749990000;2017-01-01;1900-01-08;5;Chamartín;55;5;Nueva España;TORPEDERO TUCUMAN, CALLE, DE;13;0205510990;-3.6728534450;40.4618039950
442954.0032060000;4479232.3749990000;2014-07-01;2017-01-01;5;Chamartín;55;5;Nueva España;TORPEDERO TUCUMAN, CALLE, DE;13;0505510990;-3.6728534450;40.4618039950
442979.0908690000;4479300.7527440000;2017-01-01;1900-01-08;5;Chamartín;55;5;Nueva España;TORPEDERO TUCUMAN, CALLE, DE;19;0205510907;-3.6725637000;40.4624220440
442979.0908690000;4479300.7527440000;2014-07-01;2017-01-01;5;Chamartín;55;5;Nueva España;TORPEDERO TUCUMAN, CALLE, DE;19;0505510907;-3.6725637000;40.4624220440
442918.4198730000;4479168.3749990000;2017-01-01;1900-01-08;5;Chamartín;55;5;Nueva España;TORPEDERO TUCUMAN, CALLE, DE;7;0205510989;-3.6732672930;40.4612254220
442918.4198730000;4479168.3749990000;2014-07-01;2017-01-01;5;Chamartín;55;5;Nueva España;TORPEDERO TUCUMAN, CALLE, DE;7;0505510989;-3.6732672930;40.4612254220
443052.3686272290;4479296.2427387400;2017-01-01;1900-01-08;5;Chamartín;55;5;Nueva España;TORPEDERO TUCUMAN, CALLE, DE;S/N;0205510991;-3.6716990500;40.4623864630
443052.6742030000;4479294.0444110000;2014-07-01;2017-01-01;5;Chamartín;55;5;Nueva España;TORPEDERO TUCUMAN, CALLE, DE;S/N;0505510991;-3.6716952110;40.4623666390
443261.8501087110;4479243.3538498500;2017-01-01;1900-01-08;5;Chamartín;55;5;Nueva España;TORREGALINDO, CALLE, DE;3;0205510913;-3.6692235860;40.4619238000
443281.0865390000;4479242.1249990000;2014-07-01;2017-01-01;5;Chamartín;55;5;Nueva España;TORREGALINDO, CALLE, DE;5;0505510913;-3.6689966370;40.4619146900
443184.2389975990;4479297.2982942900;2017-01-01;1900-01-08;5;Chamartín;55;5;Nueva España;TORRELARA, CALLE, DE;S/N;0205510909;-3.6701437560;40.4624045120
443184.0908690000;4479297.8777440000;2014-07-01;2017-01-01;5;Chamartín;55;5;Nueva España;TORRELARA, CALLE, DE;S/N;0505510909;-3.6701455320;40.4624104130
442549.5723309330;4479082.2427387400;2024-11-28;1900-01-08;5;Chamartín;55;5;Nueva España;TRIANA, CALLE, DE;1;0205510888;-3.6776097400;40.4604243120
442603.4056642660;4479319.3260720700;2018-06-14;2024-11-28;5;Chamartín;55;5;Nueva España;TRIANA, CALLE, DE;29;0205511130;-3.6769962740;40.4625632210
442612.0908690000;4479357.7110780000;2017-01-01;2018-06-14;5;Chamartín;55;5;Nueva España;TRIANA, CALLE, DE;33;0205510889;-3.6768973240;40.4629101470
442612.0908690000;4479357.7110780000;2014-07-01;2017-01-01;5;Chamartín;55;5;Nueva España;TRIANA, CALLE, DE;33;0505510889;-3.6768973240;40.4629101470
442625.4242030000;4479370.3777440000;2017-01-01;2018-06-14;5;Chamartín;55;5;Nueva España;TRIANA, CALLE, DE;39;0205510961;-3.6767412500;40.4630247960
442625.4242030000;4479370.3777440000;2014-07-01;2017-01-01;5;Chamartín;55;5;Nueva España;TRIANA, CALLE, DE;39;0505510961;-3.6767412500;40.4630247960
442621.7389975990;4479414.1594054000;2018-06-14;2024-11-28;5;Chamartín;55;5;Nueva España;TRIANA, CALLE, DE;43;0205511128;-3.6767886340;40.4634185320
442655.5908494510;4479511.0575535500;2017-01-01;2024-11-28;5;Chamartín;55;5;Nueva España;TRIANA, CALLE, DE;44;0205510963;-3.6763981060;40.4642940690
442654.5908690000;4479510.9610780000;2014-07-01;2017-01-01;5;Chamartín;55;5;Nueva España;TRIANA, CALLE, DE;44;0505510963;-3.6764099660;40.4642931520
442575.2532060000;4479136.7083330000;2017-01-01;2024-11-28;5;Chamartín;55;5;Nueva España;TRIANA, CALLE, DE;5;0205510957;-3.6773118020;40.4609161390
442575.2532060000;4479136.7083330000;2014-07-01;2017-01-01;5;Chamartín;55;5;Nueva España;TRIANA, CALLE, DE;5;0505510957;-3.6773118020;40.4609161390
442656.9242030000;4479561.0444110000;2017-01-01;1900-01-08;5;Chamartín;55;5;Nueva España;TRIANA, CALLE, DE;61;0205510890;-3.6763869330;40.4647449300
442656.9242030000;4479561.0444110000;2014-07-01;2017-01-01;5;Chamartín;55;5;Nueva España;TRIANA, CALLE, DE;61;0505510890;-3.6763869330;40.4647449300
442275.0845418470;4478986.5753551500;2025-03-26;1900-01-08;5;Chamartín;55;5;Nueva España;VICTOR ANDRES BELAUNDE, CALLE, DE;S/N;0205510952;-3.6808383570;40.4595434470
442290.7760346370;4478897.7982942900;2017-01-01;1900-01-08;5;Chamartín;55;5;Nueva España;VICTOR ANDRES BELAUNDE, CALLE, DE;S/N;0205511019;-3.6806452700;40.4587445720
442289.7571560000;4478905.5560110000;2014-07-01;2017-01-01;5;Chamartín;55;5;Nueva España;VICTOR ANDRES BELAUNDE, CALLE, DE;S/N;0505511019;-3.6806579320;40.4588139000
441716.3491940000;4479951.0614710000;2017-01-01;1900-01-08;5;Chamartín;56;6;Castilla;AGUSTIN DE FOXA, CALLE, DE;17;0205611073;-3.6875165240;40.4681927030
441716.3491940000;4479951.0614710000;2014-07-01;2017-01-01;5;Chamartín;56;6;Castilla;AGUSTIN DE FOXA, CALLE, DE;17;0505611073;-3.6875165240;40.4681927030
441839.9325280000;4480083.8948040000;2017-01-01;1900-01-08;5;Chamartín;56;6;Castilla;AGUSTIN DE FOXA, CALLE, DE;22;0205611083;-3.6860710090;40.4693975190
441839.9325280000;4480083.8948040000;2014-07-01;2017-01-01;5;Chamartín;56;6;Castilla;AGUSTIN DE FOXA, CALLE, DE;22;0505611083;-3.6860710090;40.4693975190
441855.9741940000;4480144.8948040000;2017-01-01;1900-01-08;5;Chamartín;56;6;Castilla;AGUSTIN DE FOXA, CALLE, DE;23;0205611082;-3.6858873760;40.4699487040
441855.9741940000;4480144.8948040000;2014-07-01;2017-01-01;5;Chamartín;56;6;Castilla;AGUSTIN DE FOXA, CALLE, DE;23;0505611082;-3.6858873760;40.4699487040
441913.8223309330;4480232.9927387400;2017-01-01;2017-03-29;5;Chamartín;56;6;Castilla;AGUSTIN DE FOXA, CALLE, DE;27;0205611033;-3.6852131190;40.4707458600
441913.8223309330;4480232.9927387400;2014-07-01;2017-01-01;5;Chamartín;56;6;Castilla;AGUSTIN DE FOXA, CALLE, DE;27;0505611033;-3.6852131190;40.4707458600
441978.6035490000;4480321.7308680000;2017-01-01;1900-01-08;5;Chamartín;56;6;Castilla;AGUSTIN DE FOXA, CALLE, DE;31;0205611081;-3.6844570440;40.4715496630
441978.6035490000;4480321.7308680000;2014-07-01;2017-01-01;5;Chamartín;56;6;Castilla;AGUSTIN DE FOXA, CALLE, DE;31;0505611081;-3.6844570440;40.4715496630
442029.4785490000;4480334.3975340000;2017-01-01;2025-05-02;5;Chamartín;56;6;Castilla;AGUSTIN DE FOXA, CALLE, DE;40;0205611034;-3.6838580740;40.4716678640
442029.4785490000;4480334.3975340000;2014-07-01;2017-01-01;5;Chamartín;56;6;Castilla;AGUSTIN DE FOXA, CALLE, DE;40;0505611034;-3.6838580740;40.4716678640
442007.6678751800;4480310.9920218200;2025-05-02;1900-01-08;5;Chamartín;56;6;Castilla;AGUSTIN DE FOXA, CALLE, DE;S/N;0205611034;-3.6841132690;40.4714555260
441898.7745710000;4481060.9002590000;2017-01-01;1900-01-08;5;Chamartín;56;6;Castilla;ANDRES MANJON, PLAZA, DE;5;0205611062;-3.6854664810;40.4782028490
441898.7745710000;4481060.9002590000;2014-07-01;2017-01-01;5;Chamartín;56;6;Castilla;ANDRES MANJON, PLAZA, DE;5;0505611062;-3.6854664810;40.4782028490
441953.8579040000;4481124.5669260000;2017-01-01;1900-01-08;5;Chamartín;56;6;Castilla;ANDRES MANJON, PLAZA, DE;7;0205611057;-3.6848224190;40.4787805050
441953.8579040000;4481124.5669260000;2014-07-01;2017-01-01;5;Chamartín;56;6;Castilla;ANDRES MANJON, PLAZA, DE;7;0505611057;-3.6848224190;40.4787805050
442639.7662060000;4480762.8832290000;2017-01-01;1900-01-08;5;Chamartín;56;6;Castilla;BAMBU, CALLE, DEL;14;0205611112;-3.6766979920;40.4755702800
442639.7662060000;4480762.8832290000;2014-07-01;2017-01-01;5;Chamartín;56;6;Castilla;BAMBU, CALLE, DEL;14;0505611112;-3.6766979920;40.4755702800
442606.3495390000;4480655.2998960000;2017-01-01;1900-01-08;5;Chamartín;56;6;Castilla;BAMBU, CALLE, DEL;8;0205611111;-3.6770824470;40.4745987150
442606.3495390000;4480655.2998960000;2014-07-01;2017-01-01;5;Chamartín;56;6;Castilla;BAMBU, CALLE, DEL;8;0505611111;-3.6770824470;40.4745987150
442558.2660681290;4480675.2275207100;2017-01-01;1900-01-08;5;Chamartín;56;6;Castilla;BAMBU, CALLE, DEL;S/N;0205611050;-3.6776514510;40.4747751290
442556.9732500000;4480684.9477800000;2014-07-01;2017-01-01;5;Chamartín;56;6;Castilla;BAMBU, CALLE, DEL;S/N;0505611050;-3.6776675510;40.4748626770
442556.3495390000;4480319.0498960000;2017-01-01;1900-01-08;5;Chamartín;56;6;Castilla;BUGANVILLA, CALLE, DE LA;3 B;0205611094;-3.6776418250;40.4715658200
442556.3495390000;4480319.0498960000;2014-07-01;2017-01-01;5;Chamartín;56;6;Castilla;BUGANVILLA, CALLE, DE LA;3 B;0505611094;-3.6776418250;40.4715658200
442608.4056642660;4480296.5760720700;2017-01-01;1900-01-08;5;Chamartín;56;6;Castilla;BUGANVILLA, CALLE, DE LA;6;0205611093;-3.6770257240;40.4713673480
442610.5995390000;4480296.9665630000;2014-07-01;2017-01-01;5;Chamartín;56;6;Castilla;BUGANVILLA, CALLE, DE LA;6;0505611093;-3.6769999410;40.4713709570
442545.3495390000;4480444.7582290000;2017-01-01;1900-01-08;5;Chamartín;56;6;Castilla;BUGANVILLA, CALLE, DE LA;9;0205611095;-3.6777829450;40.4726977560
442545.3495390000;4480444.7582290000;2014-07-01;2017-01-01;5;Chamartín;56;6;Castilla;BUGANVILLA, CALLE, DE LA;9;0505611095;-3.6777829450;40.4726977560
442707.3495390000;4480677.4665630000;2017-01-01;1900-01-08;5;Chamartín;56;6;Castilla;BURGOS, AVENIDA, DE;16 C;0205611100;-3.6758929860;40.4748049230
442707.3495390000;4480677.4665630000;2014-07-01;2017-01-01;5;Chamartín;56;6;Castilla;BURGOS, AVENIDA, DE;16 C;0505611100;-3.6758929860;40.4748049230
442699.8223309330;4480578.4927387400;2017-01-01;1900-01-08;5;Chamartín;56;6;Castilla;BURGOS, AVENIDA, DE;19;0205611048;-3.6759727990;40.4739136290
442698.0162060000;4480594.0498960000;2014-07-01;2017-01-01;5;Chamartín;56;6;Castilla;BURGOS, AVENIDA, DE;19;0505611048;-3.6759954880;40.4740531450
442705.5162060000;4480772.4665630000;2014-07-01;2017-01-01;5;Chamartín;56;6;Castilla;BURGOS, AVENIDA, DE;27;0505611051;-3.6759231810;40.4756609790
442789.2288740000;4481106.2609690000;2017-01-01;1900-01-08;5;Chamartín;56;6;Castilla;BURGOS, AVENIDA, DE;28;0205611103;-3.6749657690;40.4786735910
442789.2288740000;4481106.2609690000;2014-07-01;2017-01-01;5;Chamartín;56;6;Castilla;BURGOS, AVENIDA, DE;28;0505611103;-3.6749657690;40.4786735910
442732.1872080000;4480852.7193030000;2017-01-01;1900-01-08;5;Chamartín;56;6;Castilla;BURGOS, AVENIDA, DE;31;0205611101;-3.6756158470;40.4763857700
442732.1872080000;4480852.7193030000;2014-07-01;2017-01-01;5;Chamartín;56;6;Castilla;BURGOS, AVENIDA, DE;31;0505611101;-3.6756158470;40.4763857700
442791.6556642660;4481229.8260720700;2017-01-01;1900-01-08;5;Chamartín;56;6;Castilla;BURGOS, AVENIDA, DE;32;0205611105;-3.6749483510;40.4797868480
442793.4788740000;4481245.5109690000;2014-07-01;2017-01-01;5;Chamartín;56;6;Castilla;BURGOS, AVENIDA, DE;34;0505611105;-3.6749282400;40.4799288840
442733.0248810000;4481394.3053760000;2017-01-01;1900-01-08;5;Chamartín;56;6;Castilla;BURGOS, AVENIDA, DE;40;0205611106;-3.6756548080;40.4812642200
442733.0248810000;4481394.3053760000;2014-07-01;2017-01-01;5;Chamartín;56;6;Castilla;BURGOS, AVENIDA, DE;40;0505611106;-3.6756548080;40.4812642200
442741.2288740000;4480981.0109690000;2017-01-01;1900-01-08;5;Chamartín;56;6;Castilla;BURGOS, AVENIDA, DE;41;0205611102;-3.6755207360;40.4775422280
442741.2288740000;4480981.0109690000;2014-07-01;2017-01-01;5;Chamartín;56;6;Castilla;BURGOS, AVENIDA, DE;41;0505611102;-3.6755207360;40.4775422280
442632.5952040000;4480187.9638230000;2017-01-01;1900-01-08;5;Chamartín;56;6;Castilla;BURGOS, AVENIDA, DE;S/N;0205611040;-3.6767305930;40.4703901680
442704.2389975990;4480757.6871831800;2017-01-01;1900-01-08;5;Chamartín;56;6;Castilla;BURGOS, AVENIDA, DE;S/N;0205611051;-3.6759369320;40.4755280530
442753.1148440000;4481051.9109550000;2017-01-01;1900-01-08;5;Chamartín;56;6;Castilla;BURGOS, AVENIDA, DE;S/N;0205611104;-3.6753868930;40.4781813630
442729.5845418470;4481551.6586884800;2017-01-01;1900-01-08;5;Chamartín;56;6;Castilla;BURGOS, AVENIDA, DE;S/N;0205611107;-3.6757096400;40.4826820040
442652.8345418470;4480092.4086884800;2024-06-24;1900-01-08;5;Chamartín;56;6;Castilla;BURGOS, AVENIDA, DE;S/N;0205611117;-3.6764831900;40.4695308460
442632.5952040000;4480187.9638230000;2014-07-01;2017-01-01;5;Chamartín;56;6;Castilla;BURGOS, AVENIDA, DE;S/N;0505611040;-3.6767305930;40.4703901680
442753.1148440000;4481051.9109550000;2014-07-01;2017-01-01;5;Chamartín;56;6;Castilla;BURGOS, AVENIDA, DE;S/N;0505611104;-3.6753868930;40.4781813630
442729.6915480000;4481551.4720430000;2014-07-01;2017-01-01;5;Chamartín;56;6;Castilla;BURGOS, AVENIDA, DE;S/N;0505611107;-3.6757083790;40.4826804570
442685.0260340000;4479893.3162600000;2017-01-01;1900-01-08;5;Chamartín;56;6;Castilla;CAIDOS DE LA DIVISION AZUL, CALLE, DE LOS;1;0205611099;-3.6760855000;40.4677398370
442685.0260340000;4479893.3162600000;2014-07-01;2017-01-01;5;Chamartín;56;6;Castilla;CAIDOS DE LA DIVISION AZUL, CALLE, DE LOS;1;0505611099;-3.6760855000;40.4677398370
442922.4056642660;4479806.9094054000;2017-01-01;1900-01-08;5;Chamartín;56;6;Castilla;CAIDOS DE LA DIVISION AZUL, CALLE, DE LOS;15;0205611047;-3.6732777780;40.4669772880
442920.2039000000;4479807.5455090000;2014-07-01;2017-01-01;5;Chamartín;56;6;Castilla;CAIDOS DE LA DIVISION AZUL, CALLE, DE LOS;15;0505611047;-3.6733037900;40.4669832470
443203.7389975990;4479839.3260720700;2017-01-01;1900-01-08;5;Chamartín;56;6;Castilla;CARDENAL MARCELO SPINOLA, CALLE, DEL;10;0205611044;-3.6699623000;40.4672885760
443208.9285380000;4479838.5471560000;2014-07-01;2017-01-01;5;Chamartín;56;6;Castilla;CARDENAL MARCELO SPINOLA, CALLE, DEL;10;0505611044;-3.6699009940;40.4672821010
443053.2202040000;4479854.5054890000;2017-01-01;1900-01-08;5;Chamartín;56;6;Castilla;CARDENAL MARCELO SPINOLA, CALLE, DEL;32;0205611046;-3.6717391000;40.4674156580
443053.2202040000;4479854.5054890000;2014-07-01;2017-01-01;5;Chamartín;56;6;Castilla;CARDENAL MARCELO SPINOLA, CALLE, DEL;32;0505611046;-3.6717391000;40.4674156580
443100.4658690000;4479774.1277440000;2017-01-01;1900-01-08;5;Chamartín;56;6;Castilla;CARDENAL MARCELO SPINOLA, CALLE, DEL;4;0205611043;-3.6711746210;40.4666945900
443100.4658690000;4479774.1277440000;2014-07-01;2017-01-01;5;Chamartín;56;6;Castilla;CARDENAL MARCELO SPINOLA, CALLE, DEL;4;0505611043;-3.6711746210;40.4666945900
443137.7389975990;4479925.5760720700;2017-01-01;1900-01-08;5;Chamartín;56;6;Castilla;CARDENAL MARCELO SPINOLA, CALLE, DEL;42;0205611045;-3.6707485130;40.4680610370
443137.7389975990;4479925.5760720700;2014-07-01;2017-01-01;5;Chamartín;56;6;Castilla;CARDENAL MARCELO SPINOLA, CALLE, DEL;42;0505611045;-3.6707485130;40.4680610370
441759.5991940000;4480025.3114710000;2017-01-01;1900-01-08;5;Chamartín;56;6;Castilla;CARMEN SANCHEZ CARRASCOSA, CALLE, DE;7;0205611072;-3.6870131800;40.4688646110
441759.5991940000;4480025.3114710000;2014-07-01;2017-01-01;5;Chamartín;56;6;Castilla;CARMEN SANCHEZ CARRASCOSA, CALLE, DE;7;0505611072;-3.6870131800;40.4688646110
441709.8491940000;4480212.4781380000;2017-01-01;1900-01-08;5;Chamartín;56;6;Castilla;CASTELLANA, PASEO, DE LA;242;0205611071;-3.6876171920;40.4705468150
441709.8491940000;4480212.4781380000;2014-07-01;2017-01-01;5;Chamartín;56;6;Castilla;CASTELLANA, PASEO, DE LA;242;0505611071;-3.6876171920;40.4705468150
441711.9368830000;4480318.1475340000;2017-01-01;1900-01-08;5;Chamartín;56;6;Castilla;CASTELLANA, PASEO, DE LA;246;0205611027;-3.6876022380;40.4714987840
441711.9368830000;4480318.1475340000;2014-07-01;2017-01-01;5;Chamartín;56;6;Castilla;CASTELLANA, PASEO, DE LA;246;0505611027;-3.6876022380;40.4714987840
441757.1035490000;4480431.8142010000;2017-01-01;1900-01-08;5;Chamartín;56;6;Castilla;CASTELLANA, PASEO, DE LA;264;0205611068;-3.6870799300;40.4725259260
441757.1035490000;4480431.8142010000;2014-07-01;2017-01-01;5;Chamartín;56;6;Castilla;CASTELLANA, PASEO, DE LA;264;0505611068;-3.6870799300;40.4725259260
441883.2745710000;4480980.8169260000;2017-01-01;1900-01-08;5;Chamartín;56;6;Castilla;CASTELLANA, PASEO, DE LA;286;0205611109;-3.6856419780;40.4774809790
441883.2745710000;4480980.8169260000;2014-07-01;2017-01-01;5;Chamartín;56;6;Castilla;CASTELLANA, PASEO, DE LA;286;0505611109;-3.6856419780;40.4774809790
441887.4829040000;4481110.4002590000;2017-01-01;1900-01-08;5;Chamartín;56;6;Castilla;CASTELLANA, PASEO, DE LA;292;0205611025;-3.6856041620;40.4786486100
441887.4829040000;4481110.4002590000;2014-07-01;2017-01-01;5;Chamartín;56;6;Castilla;CASTELLANA, PASEO, DE LA;292;0505611025;-3.6856041620;40.4786486100
441923.2329040000;4481181.1502590000;2017-01-01;1900-01-08;5;Chamartín;56;6;Castilla;CASTELLANA, PASEO, DE LA;296;0205611055;-3.6851888250;40.4792885460
441923.2329040000;4481181.1502590000;2014-07-01;2017-01-01;5;Chamartín;56;6;Castilla;CASTELLANA, PASEO, DE LA;296;0505611055;-3.6851888250;40.4792885460
441931.5723309330;4481281.4094054000;2017-01-01;1900-01-08;5;Chamartín;56;6;Castilla;CASTELLANA, PASEO, DE LA;300;0205611024;-3.6850996730;40.4801922160
441930.5245710000;4481280.4002590000;2014-07-01;2017-01-01;5;Chamartín;56;6;Castilla;CASTELLANA, PASEO, DE LA;300;0505611024;-3.6851119340;40.4801829340
441860.5245710000;4480984.2335930000;2017-01-01;1900-01-08;5;Chamartín;56;6;Castilla;CASTELLANA, PASEO, DE LA;S/N;0205611026;-3.6859106380;40.4775103150
441860.5245710000;4480984.2335930000;2014-07-01;2017-01-01;5;Chamartín;56;6;Castilla;CASTELLANA, PASEO, DE LA;S/N;0505611026;-3.6859106380;40.4775103150
441936.9412380000;4480967.3169260000;2017-01-01;1900-01-08;5;Chamartín;56;6;Castilla;CONDE DE TORRALBA, CALLE, DEL;4;0205611059;-3.6850075420;40.4773631220
441936.9412380000;4480967.3169260000;2014-07-01;2017-01-01;5;Chamartín;56;6;Castilla;CONDE DE TORRALBA, CALLE, DEL;4;0505611059;-3.6850075420;40.4773631220
441839.1035490000;4480649.9808680000;2017-01-01;1900-01-08;5;Chamartín;56;6;Castilla;DANIEL VAZQUEZ DIAZ, CALLE, DE;2;0205611065;-3.6861326590;40.4744972440
441839.1035490000;4480649.9808680000;2014-07-01;2017-01-01;5;Chamartín;56;6;Castilla;DANIEL VAZQUEZ DIAZ, CALLE, DE;2;0505611065;-3.6861326590;40.4744972440
442550.5596310000;4479950.3123080000;2017-01-01;1900-01-08;5;Chamartín;56;6;Castilla;DUQUE DE PASTRANA, PLAZA, DEL;7;0205611092;-3.6776766610;40.4682436390
442550.5596310000;4479950.3123080000;2014-07-01;2017-01-01;5;Chamartín;56;6;Castilla;DUQUE DE PASTRANA, PLAZA, DEL;7;0505611092;-3.6776766610;40.4682436390
441831.2658610000;4479832.3948040000;2017-01-01;1900-01-08;5;Chamartín;56;6;Castilla;ENRIQUE LARRETA, CALLE, DE;2 A;0205611032;-3.6861501340;40.4671318140
441831.2658610000;4479832.3948040000;2014-07-01;2017-01-01;5;Chamartín;56;6;Castilla;ENRIQUE LARRETA, CALLE, DE;2 A;0505611032;-3.6861501340;40.4671318140
441812.5158610000;4479910.0614710000;2017-01-01;1900-01-08;5;Chamartín;56;6;Castilla;ENRIQUE LARRETA, CALLE, DE;4;0205611031;-3.6863784580;40.4678304220
441812.5158610000;4479910.0614710000;2014-07-01;2017-01-01;5;Chamartín;56;6;Castilla;ENRIQUE LARRETA, CALLE, DE;4;0505611031;-3.6863784580;40.4678304220
441794.1825280000;4479891.1448040000;2017-01-01;1900-01-08;5;Chamartín;56;6;Castilla;ENRIQUE LARRETA, CALLE, DE;9;0205611074;-3.6865929160;40.4676585920
441794.1825280000;4479891.1448040000;2014-07-01;2017-01-01;5;Chamartín;56;6;Castilla;ENRIQUE LARRETA, CALLE, DE;9;0505611074;-3.6865929160;40.4676585920
442164.8491940000;4480088.3948040000;2017-01-01;1900-01-08;5;Chamartín;56;6;Castilla;HIEDRA, CALLE, DE LA;12;0205611038;-3.6822388950;40.4694607160
442164.8491940000;4480088.3948040000;2014-07-01;2017-01-01;5;Chamartín;56;6;Castilla;HIEDRA, CALLE, DE LA;12;0505611038;-3.6822388950;40.4694607160
442133.9741940000;4479964.8948040000;2017-01-01;1900-01-08;5;Chamartín;56;6;Castilla;HIEDRA, CALLE, DE LA;4;0205611115;-3.6825917800;40.4683467140
442133.9741940000;4479964.8948040000;2015-07-01;2017-01-01;5;Chamartín;56;6;Castilla;HIEDRA, CALLE, DE LA;4;0505611115;-3.6825917800;40.4683467140
443013.6426350000;4479925.3320710000;2017-01-01;1900-01-08;5;Chamartín;56;6;Castilla;JOSE BARDASANO BAOS, CALLE, DE;4;0205611110;-3.6722123050;40.4680507810
443013.6426350000;4479925.3320710000;2014-07-01;2017-01-01;5;Chamartín;56;6;Castilla;JOSE BARDASANO BAOS, CALLE, DE;4;0505611110;-3.6722123050;40.4680507810
443010.0118710000;4479850.8804890000;2017-01-01;1900-01-08;5;Chamartín;56;6;Castilla;JOSE BARDASANO BAOS, CALLE, DE;8;0205611042;-3.6722484020;40.4673797910
443010.0118710000;4479850.8804890000;2014-07-01;2017-01-01;5;Chamartín;56;6;Castilla;JOSE BARDASANO BAOS, CALLE, DE;8;0505611042;-3.6722484020;40.4673797910
441927.8491940000;4480203.3948040000;2017-01-01;1900-01-08;5;Chamartín;56;6;Castilla;JOSE VASCONCELOS, CALLE, DE;9;0205611080;-3.6850448980;40.4704804660
441927.8491940000;4480203.3948040000;2014-07-01;2017-01-01;5;Chamartín;56;6;Castilla;JOSE VASCONCELOS, CALLE, DE;9;0505611080;-3.6850448980;40.4704804660
442288.5991940000;4480074.3948040000;2017-01-01;1900-01-08;5;Chamartín;56;6;Castilla;LEVANTE, CALLE, DEL;24;0205611089;-3.6807779100;40.4693433170
442288.5991940000;4480074.3948040000;2014-07-01;2017-01-01;5;Chamartín;56;6;Castilla;LEVANTE, CALLE, DEL;24;0505611089;-3.6807779100;40.4693433170
441916.6079040000;4480861.8169260000;2017-01-01;1900-01-08;5;Chamartín;56;6;Castilla;MANUEL CALDEIRO, CALLE, DE;2;0205611049;-3.6852378130;40.4764110380
441916.6079040000;4480861.8169260000;2014-07-01;2017-01-01;5;Chamartín;56;6;Castilla;MANUEL CALDEIRO, CALLE, DE;2;0505611049;-3.6852378130;40.4764110380
441967.4325280000;4479887.3948040000;2017-01-01;1900-01-08;5;Chamartín;56;6;Castilla;MANUEL FERRERO, CALLE, DE;10;0205611076;-3.6845491180;40.4676364760
441967.4325280000;4479887.3948040000;2014-07-01;2017-01-01;5;Chamartín;56;6;Castilla;MANUEL FERRERO, CALLE, DE;10;0505611076;-3.6845491180;40.4676364760
441978.6834420440;4480062.2982942900;2017-01-01;1900-01-08;5;Chamartín;56;6;Castilla;MANUEL FERRERO, CALLE, DE;11;0205611079;-3.6844324070;40.4692127970
441978.9325280000;4480062.2281380000;2014-07-01;2017-01-01;5;Chamartín;56;6;Castilla;MANUEL FERRERO, CALLE, DE;11;0505611079;-3.6844294840;40.4692124530
441893.2285490000;4480524.5225340000;2017-01-01;1900-01-08;5;Chamartín;56;6;Castilla;MARQUES DE TORRELAGUNA, CALLE, DEL;S/N;0205611066;-3.6854827530;40.4733710380
441893.2285490000;4480524.5225340000;2014-07-01;2017-01-01;5;Chamartín;56;6;Castilla;MARQUES DE TORRELAGUNA, CALLE, DEL;S/N;0505611066;-3.6854827530;40.4733710380
442053.1825280000;4479851.7281380000;2017-01-01;1900-01-08;5;Chamartín;56;6;Castilla;MATEO INURRIA, CALLE, DE;21;0205611054;-3.6835344670;40.4673217500
442053.1825280000;4479851.7281380000;2014-07-01;2017-01-01;5;Chamartín;56;6;Castilla;MATEO INURRIA, CALLE, DE;21;0505611054;-3.6835344670;40.4673217500
442148.3491940000;4479867.2698040000;2017-01-01;1900-01-08;5;Chamartín;56;6;Castilla;MATEO INURRIA, CALLE, DE;25;0205611053;-3.6824133030;40.4674676820
442148.3491940000;4479867.2698040000;2014-07-01;2017-01-01;5;Chamartín;56;6;Castilla;MATEO INURRIA, CALLE, DE;25;0505611053;-3.6824133030;40.4674676820
442314.2869697030;4479883.1942588100;2017-01-01;1900-01-08;5;Chamartín;56;6;Castilla;MATEO INURRIA, CALLE, DE;37;0205611088;-3.6804574550;40.4676228390
442314.3450240000;4479883.0529460000;2014-07-01;2017-01-01;5;Chamartín;56;6;Castilla;MATEO INURRIA, CALLE, DE;37;0505611088;-3.6804568240;40.4676220370
441758.3448390000;4479775.3920740000;2017-01-01;1900-01-08;5;Chamartín;56;6;Castilla;MATEO INURRIA, CALLE, DE;9;0205611075;-3.6870050440;40.4666126000
441758.3448390000;4479775.3920740000;2014-07-01;2017-01-01;5;Chamartín;56;6;Castilla;MATEO INURRIA, CALLE, DE;9;0505611075;-3.6870050440;40.4666126000
441815.2241940000;4480210.6448040000;2017-01-01;1900-01-08;5;Chamartín;56;6;Castilla;MAURICIO LEGENDRE, CALLE, DE;15;0205611029;-3.6863740460;40.4705382780
441815.2241940000;4480210.6448040000;2014-07-01;2017-01-01;5;Chamartín;56;6;Castilla;MAURICIO LEGENDRE, CALLE, DE;15;0505611029;-3.6863740460;40.4705382780
441843.4368830000;4480343.3142010000;2017-01-01;1900-01-08;5;Chamartín;56;6;Castilla;MAURICIO LEGENDRE, CALLE, DE;16;0205611028;-3.6860534760;40.4717352440
441843.4368830000;4480343.3142010000;2014-07-01;2017-01-01;5;Chamartín;56;6;Castilla;MAURICIO LEGENDRE, CALLE, DE;16;0505611028;-3.6860534760;40.4717352440
441813.0991940000;4480270.9781380000;2017-01-01;1900-01-08;5;Chamartín;56;6;Castilla;MAURICIO LEGENDRE, CALLE, DE;19;0205611069;-3.6864046420;40.4710815560
441813.0991940000;4480270.9781380000;2014-07-01;2017-01-01;5;Chamartín;56;6;Castilla;MAURICIO LEGENDRE, CALLE, DE;19;0505611069;-3.6864046420;40.4710815560
441803.8491940000;4480135.9781380000;2017-01-01;1900-01-08;5;Chamartín;56;6;Castilla;MAURICIO LEGENDRE, CALLE, DE;2;0205611030;-3.6865013570;40.4698647090
441803.8491940000;4480135.9781380000;2014-07-01;2017-01-01;5;Chamartín;56;6;Castilla;MAURICIO LEGENDRE, CALLE, DE;2;0505611030;-3.6865013570;40.4698647090
441849.0202160000;4480429.5642010000;2017-01-01;1900-01-08;5;Chamartín;56;6;Castilla;MAURICIO LEGENDRE, CALLE, DE;31;0205611067;-3.6859954930;40.4725125180
441849.0202160000;4480429.5642010000;2014-07-01;2017-01-01;5;Chamartín;56;6;Castilla;MAURICIO LEGENDRE, CALLE, DE;31;0505611067;-3.6859954930;40.4725125180
442013.9829040000;4480804.1502590000;2017-01-01;1900-01-08;5;Chamartín;56;6;Castilla;MAURICIO LEGENDRE, CALLE, DE;38;0205611064;-3.6840838190;40.4758981260
442013.9829040000;4480804.1502590000;2014-07-01;2017-01-01;5;Chamartín;56;6;Castilla;MAURICIO LEGENDRE, CALLE, DE;38;0505611064;-3.6840838190;40.4758981260
441972.1035490000;4480754.1475340000;2017-01-01;1900-01-08;5;Chamartín;56;6;Castilla;MAURICIO LEGENDRE, CALLE, DE;45 G;0205611063;-3.6845732970;40.4754449740
441972.1035490000;4480754.1475340000;2014-07-01;2017-01-01;5;Chamartín;56;6;Castilla;MAURICIO LEGENDRE, CALLE, DE;45 G;0505611063;-3.6845732970;40.4754449740
442046.0121800000;4480957.0443150000;2017-01-01;1900-01-08;5;Chamartín;56;6;Castilla;MAURICIO LEGENDRE, CALLE, DE;S/N;0205611052;-3.6837199910;40.4772776940
442074.1389370000;4481119.0544410000;2017-01-01;1900-01-08;5;Chamartín;56;6;Castilla;MAURICIO LEGENDRE, CALLE, DE;S/N;0205611114;-3.6834029730;40.4787391370
442018.2736786680;4481022.3014474100;2025-08-08;1900-01-08;5;Chamartín;56;6;Castilla;MAURICIO LEGENDRE, CALLE, DE;S/N;0205611118;-3.6840531660;40.4778637150
442046.0121800000;4480957.0443150000;2014-07-01;2017-01-01;5;Chamartín;56;6;Castilla;MAURICIO LEGENDRE, CALLE, DE;S/N;0505611052;-3.6837199910;40.4772776940
442074.1389370000;4481119.0544410000;2014-07-01;2017-01-01;5;Chamartín;56;6;Castilla;MAURICIO LEGENDRE, CALLE, DE;S/N;0505611114;-3.6834029730;40.4787391370
442234.6825280000;4480134.5614710000;2017-01-01;1900-01-08;5;Chamartín;56;6;Castilla;MEMBRILLO, CALLE, DEL;5;0205611090;-3.6814193360;40.4698817830
442234.6825280000;4480134.5614710000;2014-07-01;2017-01-01;5;Chamartín;56;6;Castilla;MEMBRILLO, CALLE, DEL;5;0505611090;-3.6814193360;40.4698817830
442610.9056642660;4480045.4510720700;2017-01-01;2024-06-24;5;Chamartín;56;6;Castilla;NUESTRA SEÑORA DEL RECUERDO, PASEO, DE;S/N;0205611039;-3.6769735270;40.4691055970
442609.6110150000;4480048.4150740000;2014-07-01;2017-01-01;5;Chamartín;56;6;Castilla;NUESTRA SEÑORA DEL RECUERDO, PASEO, DE;S/N;0505611039;-3.6769891120;40.4691318380
441888.0158610000;4479898.7281380000;2017-01-01;1900-01-08;5;Chamartín;56;6;Castilla;NUÑEZ MORGADO, CALLE, DE;1;0205611077;-3.6854868780;40.4677333060
441888.0158610000;4479898.7281380000;2014-07-01;2017-01-01;5;Chamartín;56;6;Castilla;NUÑEZ MORGADO, CALLE, DE;1;0505611077;-3.6854868780;40.4677333060
441892.8491940000;4480057.3114710000;2017-01-01;1900-01-08;5;Chamartín;56;6;Castilla;NUÑEZ MORGADO, CALLE, DE;15;0205611078;-3.6854444220;40.4691620900
441892.8491940000;4480057.3114710000;2014-07-01;2017-01-01;5;Chamartín;56;6;Castilla;NUÑEZ MORGADO, CALLE, DE;15;0505611078;-3.6854444220;40.4691620900
442023.2389975990;4481168.5760720700;2017-01-01;1900-01-08;5;Chamartín;56;6;Castilla;PABLO LUNA, CALLE, DE;10;0205611058;-3.6840080170;40.4791816330
442033.3579040000;4481216.5669260000;2014-07-01;2017-01-01;5;Chamartín;56;6;Castilla;PABLO LUNA, CALLE, DE;12;0505611058;-3.6838930240;40.4796151320
441965.5723309330;4480958.6594054000;2017-01-01;1900-01-08;5;Chamartín;56;6;Castilla;PABLO LUNA, CALLE, DE;3;0205611060;-3.6846690380;40.4772866890
441964.1079040000;4480963.9002590000;2014-07-01;2017-01-01;5;Chamartín;56;6;Castilla;PABLO LUNA, CALLE, DE;3;0505611060;-3.6846868000;40.4773340730
442832.7748810000;4481377.9720430000;2017-01-01;1900-01-08;5;Chamartín;56;6;Castilla;PASTORA IMPERIO, CALLE, DE;3 A;0205611061;-3.6744766350;40.4811245900
442832.7748810000;4481377.9720430000;2014-07-01;2017-01-01;5;Chamartín;56;6;Castilla;PASTORA IMPERIO, CALLE, DE;3 A;0505611061;-3.6744766350;40.4811245900
442849.4832140000;4481512.6387090000;2017-01-01;1900-01-08;5;Chamartín;56;6;Castilla;PASTORA IMPERIO, CALLE, DE;S/N;0205611108;-3.6742916260;40.4823388020
442849.4832140000;4481512.6387090000;2014-07-01;2017-01-01;5;Chamartín;56;6;Castilla;PASTORA IMPERIO, CALLE, DE;S/N;0505611108;-3.6742916260;40.4823388020
442858.7809750000;4479934.2648770000;2017-01-01;1900-01-08;5;Chamartín;56;6;Castilla;PIO XII, AVENIDA, DE;77;0205611097;-3.6740396970;40.4681209120
442880.7572600000;4479921.5376040000;2017-01-01;1900-01-08;5;Chamartín;56;6;Castilla;PIO XII, AVENIDA, DE;77;0205611098;-3.6737793450;40.4680075800
442858.7809750000;4479934.2648770000;2014-07-01;2017-01-01;5;Chamartín;56;6;Castilla;PIO XII, AVENIDA, DE;77;0505611097;-3.6740396970;40.4681209120
442880.7572600000;4479921.5376040000;2014-07-01;2017-01-01;5;Chamartín;56;6;Castilla;PIO XII, AVENIDA, DE;77;0505611098;-3.6737793450;40.4680075800
442828.0162060000;4480368.1332290000;2017-01-01;1900-01-08;5;Chamartín;56;6;Castilla;PIO XII, AVENIDA, DE;94 E;0205611096;-3.6744417410;40.4720272230
442828.0162060000;4480368.1332290000;2014-07-01;2017-01-01;5;Chamartín;56;6;Castilla;PIO XII, AVENIDA, DE;94 E;0505611096;-3.6744417410;40.4720272230
442926.2118050000;4480215.2925450000;2017-01-01;1900-01-08;5;Chamartín;56;6;Castilla;PIO XII, AVENIDA, DE;S/N;0205611041;-3.6732695840;40.4706567080
442953.4993900000;4480159.6604310000;2017-01-01;1900-01-08;5;Chamartín;56;6;Castilla;PIO XII, AVENIDA, DE;S/N;0205611113;-3.6729427120;40.4701574900
442926.2118050000;4480215.2925450000;2014-07-01;2017-01-01;5;Chamartín;56;6;Castilla;PIO XII, AVENIDA, DE;S/N;0505611041;-3.6732695840;40.4706567080
442953.4993900000;4480159.6604310000;2014-07-01;2017-01-01;5;Chamartín;56;6;Castilla;PIO XII, AVENIDA, DE;S/N;0505611113;-3.6729427120;40.4701574900
442192.5991940000;4479992.3114710000;2017-01-01;1900-01-08;5;Chamartín;56;6;Castilla;PONIENTE, CALLE, DE;16;0205611087;-3.6819028550;40.4685977840
442192.5991940000;4479992.3114710000;2014-07-01;2017-01-01;5;Chamartín;56;6;Castilla;PONIENTE, CALLE, DE;16;0505611087;-3.6819028550;40.4685977840
442197.4612198220;4480096.5760720700;2017-01-01;1900-01-08;5;Chamartín;56;6;Castilla;PONIENTE, CALLE, DE;34;0205611091;-3.6818549560;40.4695373780
442196.8491940000;4480096.9781380000;2014-07-01;2017-01-01;5;Chamartín;56;6;Castilla;PONIENTE, CALLE, DE;34;0505611091;-3.6818621750;40.4695409870
442228.9325280000;4479873.7281380000;2017-01-01;1900-01-08;5;Chamartín;56;6;Castilla;RECUERDO, AVENIDA, DEL;1;0205611086;-3.6814633390;40.4675319680
442228.9325280000;4479873.7281380000;2014-07-01;2017-01-01;5;Chamartín;56;6;Castilla;RECUERDO, AVENIDA, DEL;1;0505611086;-3.6814633390;40.4675319680
442022.0158610000;4479918.2281380000;2017-01-01;1900-01-08;5;Chamartín;56;6;Castilla;RODRIGUEZ JAEN, CALLE, DE;15;0205611037;-3.6839080930;40.4679181990
442022.0158610000;4479918.2281380000;2014-07-01;2017-01-01;5;Chamartín;56;6;Castilla;RODRIGUEZ JAEN, CALLE, DE;15;0505611037;-3.6839080930;40.4679181990
442008.4880830000;4479867.9225820000;2017-01-01;1900-01-08;5;Chamartín;56;6;Castilla;RODRIGUEZ JAEN, CALLE, DE;3;0205611085;-3.6840630780;40.4674643590
442008.4880830000;4479867.9225820000;2014-07-01;2017-01-01;5;Chamartín;56;6;Castilla;RODRIGUEZ JAEN, CALLE, DE;3;0505611085;-3.6840630780;40.4674643590
442024.1825280000;4480043.2281380000;2017-01-01;1900-01-08;5;Chamartín;56;6;Castilla;RODRIGUEZ JAEN, CALLE, DE;35;0205611036;-3.6838939410;40.4690445770
442024.1825280000;4480043.2281380000;2014-07-01;2017-01-01;5;Chamartín;56;6;Castilla;RODRIGUEZ JAEN, CALLE, DE;35;0505611036;-3.6838939410;40.4690445770
442011.6825280000;4480102.3948040000;2017-01-01;2022-09-21;5;Chamartín;56;6;Castilla;RODRIGUEZ JAEN, CALLE, DE;41;0205611084;-3.6840468060;40.4695761100
442011.6825280000;4480102.3948040000;2014-07-01;2017-01-01;5;Chamartín;56;6;Castilla;RODRIGUEZ JAEN, CALLE, DE;41;0505611084;-3.6840468060;40.4695761100
442026.3491940000;4480207.6448040000;2017-01-01;2022-09-16;5;Chamartín;56;6;Castilla;RODRIGUEZ JAEN, CALLE, DE;S/N;0205611035;-3.6838834560;40.4705260160
442026.3491940000;4480207.6448040000;2014-07-01;2017-01-01;5;Chamartín;56;6;Castilla;RODRIGUEZ JAEN, CALLE, DE;S/N;0505611035;-3.6838834560;40.4705260160
441778.4325280000;4480120.1448040000;2017-01-01;1900-01-08;5;Chamartín;56;6;Castilla;SAN RAMON NONATO, CALLE, DE;6;0205611070;-3.6867996960;40.4697200370
441778.4325280000;4480120.1448040000;2014-07-01;2017-01-01;5;Chamartín;56;6;Castilla;SAN RAMON NONATO, CALLE, DE;6;0505611070;-3.6867996960;40.4697200370
442650.3351345620;4480056.3805789500;2024-06-24;1900-01-08;5;Chamartín;56;6;Castilla;SANTA MAGDALENA SOFIA, CALLE, DE;12;0205611116;-3.6765094320;40.4692059790
442006.6912380000;4481289.8169260000;2017-01-01;1900-01-08;5;Chamartín;56;6;Castilla;VIEJAS, CALLE, DE LAS;1;0205611056;-3.6842142810;40.4802732320
442006.6912380000;4481289.8169260000;2014-07-01;2017-01-01;5;Chamartín;56;6;Castilla;VIEJAS, CALLE, DE LAS;1;0505611056;-3.6842142810;40.4802732320
439887.5370040000;4478025.2698210000;2017-01-01;1900-01-08;6;Tetuán;61;1;Bellas Vistas;ABEL, CALLE, DE;24;0106120317;-3.7089052670;40.4507142820
439887.5370040000;4478025.2698210000;2014-07-01;2017-01-01;6;Tetuán;61;1;Bellas Vistas;ABEL, CALLE, DE;24;0406120317;-3.7089052670;40.4507142820
440039.9982568590;4477746.4649609600;2017-01-01;1900-01-08;6;Tetuán;61;1;Bellas Vistas;ADELA BALBOA, CALLE, DE;14;0106120357;-3.7070810840;40.4482135500
439757.3469890000;4478418.4115140000;2017-01-01;1900-01-08;6;Tetuán;61;1;Bellas Vistas;ALEJANDRO RODRIGUEZ, CALLE, DE;23;0106120322;-3.7104778070;40.4542464520
439757.3469890000;4478418.4115140000;2014-07-01;2017-01-01;6;Tetuán;61;1;Bellas Vistas;ALEJANDRO RODRIGUEZ, CALLE, DE;23;0406120322;-3.7104778070;40.4542464520
439740.3747670000;4478493.1615140000;2017-01-01;1900-01-08;6;Tetuán;61;1;Bellas Vistas;ALEJANDRO RODRIGUEZ, CALLE, DE;29 B;0106120346;-3.7106850460;40.4549185320
439740.3747670000;4478493.1615140000;2014-07-01;2017-01-01;6;Tetuán;61;1;Bellas Vistas;ALEJANDRO RODRIGUEZ, CALLE, DE;29 B;0406120346;-3.7106850460;40.4549185320
439727.7636560000;4478606.8281810000;2017-01-01;1900-01-08;6;Tetuán;61;1;Bellas Vistas;ALEJANDRO RODRIGUEZ, CALLE, DE;33;0106120345;-3.7108445000;40.4559415480
439727.7636560000;4478606.8281810000;2014-07-01;2017-01-01;6;Tetuán;61;1;Bellas Vistas;ALEJANDRO RODRIGUEZ, CALLE, DE;33;0406120345;-3.7108445000;40.4559415480
439621.2636560000;4478659.8281810000;2017-01-01;1900-01-08;6;Tetuán;61;1;Bellas Vistas;ALEJANDRO RODRIGUEZ, CALLE, DE;39;0106120355;-3.7121055230;40.4564110290
439621.2636560000;4478659.8281810000;2014-07-01;2017-01-01;6;Tetuán;61;1;Bellas Vistas;ALEJANDRO RODRIGUEZ, CALLE, DE;39;0406120355;-3.7121055230;40.4564110290
440141.3703370000;4477812.0475980000;2017-01-01;2021-05-27;6;Tetuán;61;1;Bellas Vistas;ALMANSA, CALLE, DE;34;0106120364;-3.7058919100;40.4488110310
440141.3703370000;4477812.0475980000;2014-07-01;2017-01-01;6;Tetuán;61;1;Bellas Vistas;ALMANSA, CALLE, DE;34;0406120364;-3.7058919100;40.4488110310
439759.9056642660;4477992.9510720700;2017-01-01;1900-01-08;6;Tetuán;61;1;Bellas Vistas;AMANIEL, PUENTE, DE;S/N;0106120352;-3.7104072190;40.4504139370
439677.9258930000;4478163.5753760000;2017-01-01;2024-09-12;6;Tetuán;61;1;Bellas Vistas;AMANIEL, PUENTE, DE;S/N;0106120353;-3.7113901280;40.4519443080
439716.5925590000;4478083.7420430000;2017-01-01;1900-01-08;6;Tetuán;61;1;Bellas Vistas;AMANIEL, PUENTE, DE;S/N;0106120354;-3.7109266050;40.4512280530
439761.1384681240;4477990.3295822100;2014-07-01;2017-01-01;6;Tetuán;61;1;Bellas Vistas;AMANIEL, PUENTE, DE;S/N;0406120352;-3.7103924370;40.4503902740
439677.9258930000;4478163.5753760000;2014-07-01;2017-01-01;6;Tetuán;61;1;Bellas Vistas;AMANIEL, PUENTE, DE;S/N;0406120353;-3.7113901280;40.4519443080
439716.5925590000;4478083.7420430000;2014-07-01;2017-01-01;6;Tetuán;61;1;Bellas Vistas;AMANIEL, PUENTE, DE;S/N;0406120354;-3.7109266050;40.4512280530
439745.9814480000;4478211.4364870000;2017-01-01;1900-01-08;6;Tetuán;61;1;Bellas Vistas;ANTONIO GOMEZ GALIANA, CALLE, DE;8;0106120323;-3.7105921700;40.4523806720
439745.9814480000;4478211.4364870000;2014-07-01;2017-01-01;6;Tetuán;61;1;Bellas Vistas;ANTONIO GOMEZ GALIANA, CALLE, DE;8;0406120323;-3.7105921700;40.4523806720
439941.0092260000;4477903.7420430000;2017-01-01;1900-01-08;6;Tetuán;61;1;Bellas Vistas;ARANJUEZ, CALLE, DE;11;0106120315;-3.7082632110;40.4496229690
439941.0092260000;4477903.7420430000;2014-07-01;2017-01-01;6;Tetuán;61;1;Bellas Vistas;ARANJUEZ, CALLE, DE;11;0406120315;-3.7082632110;40.4496229690
440028.3147820000;4478005.4920430000;2017-01-01;1900-01-08;6;Tetuán;61;1;Bellas Vistas;AVELINO MONTERO RIOS, CALLE, DE;42;0106120365;-3.7072432890;40.4505457180
440028.3147820000;4478005.4920430000;2014-07-01;2017-01-01;6;Tetuán;61;1;Bellas Vistas;AVELINO MONTERO RIOS, CALLE, DE;42;0406120365;-3.7072432890;40.4505457180
439995.0370040000;4478139.0475980000;2017-01-01;1900-01-08;6;Tetuán;61;1;Bellas Vistas;BEIRE, CALLE, DE;42;0106120327;-3.7076483130;40.4517470960
439995.0370040000;4478139.0475980000;2014-07-01;2017-01-01;6;Tetuán;61;1;Bellas Vistas;BEIRE, CALLE, DE;42;0406120327;-3.7076483130;40.4517470960
440053.2036700000;4477793.7698210000;2014-07-01;2017-01-01;6;Tetuán;61;1;Bellas Vistas;CARLOS LATORRE, CALLE, DE;18;0406120292;-3.7069298240;40.4486403460
440065.8223309330;4477790.9927387400;2017-01-01;1900-01-08;6;Tetuán;61;1;Bellas Vistas;CARLOS LATORRE, CALLE, DE;8;0106120292;-3.7067807970;40.4486165110
440083.4814480000;4477936.2142650000;2017-01-01;1900-01-08;6;Tetuán;61;1;Bellas Vistas;CARLOS RUBIO, CALLE, DE;5;0106120307;-3.7065862780;40.4499261780
440083.4814480000;4477936.2142650000;2014-07-01;2017-01-01;6;Tetuán;61;1;Bellas Vistas;CARLOS RUBIO, CALLE, DE;5;0406120307;-3.7065862780;40.4499261780
440249.0050650000;4477892.1769800000;2014-07-01;2017-01-01;6;Tetuán;61;1;Bellas Vistas;CARNICER, CALLE, DE;12;0406120308;-3.7046303150;40.4495413230
440216.3425590000;4478077.9920430000;2017-01-01;1900-01-08;6;Tetuán;61;1;Bellas Vistas;CAROLINAS, CALLE, DE LAS;12;0106120288;-3.7050329320;40.4512129270
440216.3425590000;4478077.9920430000;2014-07-01;2017-01-01;6;Tetuán;61;1;Bellas Vistas;CAROLINAS, CALLE, DE LAS;12;0406120288;-3.7050329320;40.4512129270
440120.7592260000;4478072.8253760000;2017-01-01;1900-01-08;6;Tetuán;61;1;Bellas Vistas;CAROLINAS, CALLE, DE LAS;27;0106120289;-3.7061595390;40.4511588400
440120.7592260000;4478072.8253760000;2014-07-01;2017-01-01;6;Tetuán;61;1;Bellas Vistas;CAROLINAS, CALLE, DE LAS;27;0406120289;-3.7061595390;40.4511588400
440303.4258930000;4478070.8253760000;2017-01-01;1900-01-08;6;Tetuán;61;1;Bellas Vistas;CAROLINAS, CALLE, DE LAS;4 A;0106120287;-3.7040053320;40.4511539700
440303.4258930000;4478070.8253760000;2014-07-01;2017-01-01;6;Tetuán;61;1;Bellas Vistas;CAROLINAS, CALLE, DE LAS;4 A;0406120287;-3.7040053320;40.4511539700
440305.5032862940;4478261.8158827000;2017-01-01;1900-01-08;6;Tetuán;61;1;Bellas Vistas;CASTILLA, CALLE, DE;3;0106120302;-3.7039988010;40.4528753070
440153.8703370000;4478290.9364870000;2017-01-01;2017-04-05;6;Tetuán;61;1;Bellas Vistas;CASTILLA, CALLE, DE;40;0106120284;-3.7057895800;40.4531267210
440153.8703370000;4478290.9364870000;2014-07-01;2017-01-01;6;Tetuán;61;1;Bellas Vistas;CASTILLA, CALLE, DE;40;0406120284;-3.7057895800;40.4531267210
440016.8192120000;4478624.5504030000;2017-01-01;1900-01-08;6;Tetuán;61;1;Bellas Vistas;CASTILLEJOS, CALLE, DE;21;0106120339;-3.7074373500;40.4561222590
440016.8192120000;4478624.5504030000;2014-07-01;2017-01-01;6;Tetuán;61;1;Bellas Vistas;CASTILLEJOS, CALLE, DE;21;0406120339;-3.7074373500;40.4561222590
440051.3103520000;4477676.8781270000;2017-01-01;1900-01-08;6;Tetuán;61;1;Bellas Vistas;CASTILLO PIÑEIRO, CALLE, DE;1;0106120293;-3.7069411110;40.4475870780
440051.3103520000;4477676.8781270000;2014-07-01;2017-01-01;6;Tetuán;61;1;Bellas Vistas;CASTILLO PIÑEIRO, CALLE, DE;1;0406120293;-3.7069411110;40.4475870780
440035.9955370000;4477744.8966450000;2014-07-01;2017-01-01;6;Tetuán;61;1;Bellas Vistas;CASTILLO PIÑEIRO, CALLE, DE;12;0406120357;-3.7071281820;40.4481993980
439912.0092260000;4477797.2420430000;2017-01-01;1900-01-08;6;Tetuán;61;1;Bellas Vistas;DOCTOR FEDERICO RUBIO Y GALI, AVENIDA, DEL;10;0106120312;-3.7085950680;40.4486612020
439912.0092260000;4477797.2420430000;2014-07-01;2017-01-01;6;Tetuán;61;1;Bellas Vistas;DOCTOR FEDERICO RUBIO Y GALI, AVENIDA, DEL;10;0406120312;-3.7085950680;40.4486612020
439827.9258930000;4478021.2698210000;2017-01-01;1900-01-08;6;Tetuán;61;1;Bellas Vistas;DOCTOR FEDERICO RUBIO Y GALI, AVENIDA, DEL;23;0106120318;-3.7096078860;40.4506739460
439827.9258930000;4478021.2698210000;2014-07-01;2017-01-01;6;Tetuán;61;1;Bellas Vistas;DOCTOR FEDERICO RUBIO Y GALI, AVENIDA, DEL;23;0406120318;-3.7096078860;40.4506739460
440168.5140550000;4477679.0077560000;2017-01-01;1900-01-08;6;Tetuán;61;1;Bellas Vistas;DOCTOR SANTERO, CALLE, DEL;13;0106120356;-3.7055593080;40.4476149240
440168.5140550000;4477679.0077560000;2014-07-01;2017-01-01;6;Tetuán;61;1;Bellas Vistas;DOCTOR SANTERO, CALLE, DEL;13;0406120356;-3.7055593080;40.4476149240
440203.8425590000;4478284.5753760000;2017-01-01;1900-01-08;6;Tetuán;61;1;Bellas Vistas;FRANCISCO SALAS, CALLE, DE;16;0106120300;-3.7051997200;40.4530725760
440203.8425590000;4478284.5753760000;2014-07-01;2017-01-01;6;Tetuán;61;1;Bellas Vistas;FRANCISCO SALAS, CALLE, DE;16;0406120300;-3.7051997200;40.4530725760
440191.1481150000;4478206.4920430000;2017-01-01;1900-01-08;6;Tetuán;61;1;Bellas Vistas;FRANCISCO SALAS, CALLE, DE;6;0106120361;-3.7053421000;40.4523687550
440191.1481150000;4478206.4920430000;2014-07-01;2017-01-01;6;Tetuán;61;1;Bellas Vistas;FRANCISCO SALAS, CALLE, DE;6;0406120361;-3.7053421000;40.4523687550
439902.7636560000;4478697.2726260000;2017-01-01;1900-01-08;6;Tetuán;61;1;Bellas Vistas;FRANCOS RODRIGUEZ, CALLE, DE;51;0106120341;-3.7087893010;40.4567688990
439902.7636560000;4478697.2726260000;2014-07-01;2017-01-01;6;Tetuán;61;1;Bellas Vistas;FRANCOS RODRIGUEZ, CALLE, DE;51;0406120341;-3.7087893010;40.4567688990
440143.4577567450;4477878.6223114600;2021-07-01;1900-01-08;6;Tetuán;61;1;Bellas Vistas;GARELLANO, CALLE, DE;21;0106121156;-3.7058735190;40.4494112040
440123.5881290000;4477715.3225710000;2017-01-01;1900-01-08;6;Tetuán;61;1;Bellas Vistas;GARELLANO, CALLE, DE;3;0106120363;-3.7060924460;40.4479387600
440123.5881290000;4477715.3225710000;2014-07-01;2017-01-01;6;Tetuán;61;1;Bellas Vistas;GARELLANO, CALLE, DE;3;0406120363;-3.7060924460;40.4479387600
440305.8142970000;4478259.7650060000;2014-07-01;2017-01-01;6;Tetuán;61;1;Bellas Vistas;GOIRI, CALLE, DE;13;0406120302;-3.7039949050;40.4528564560
440334.6291110000;4478396.3020430000;2017-01-01;1900-01-08;6;Tetuán;61;1;Bellas Vistas;GOIRI, CALLE, DE;28;0106120299;-3.7036679750;40.4540889460
440334.6291110000;4478396.3020430000;2014-07-01;2017-01-01;6;Tetuán;61;1;Bellas Vistas;GOIRI, CALLE, DE;28;0406120299;-3.7036679750;40.4540889460
440144.5969890000;4478568.8281810000;2017-01-01;1900-01-08;6;Tetuán;61;1;Bellas Vistas;JERONIMA LLORENTE, CALLE, DE;16;0106120359;-3.7059251990;40.4556286550
440144.5969890000;4478568.8281810000;2014-07-01;2017-01-01;6;Tetuán;61;1;Bellas Vistas;JERONIMA LLORENTE, CALLE, DE;16;0406120359;-3.7059251990;40.4556286550
440077.1525450000;4478470.7726260000;2017-01-01;1900-01-08;6;Tetuán;61;1;Bellas Vistas;JERONIMA LLORENTE, CALLE, DE;31 B;0106120336;-3.7067113550;40.4547405710
440077.1525450000;4478470.7726260000;2014-07-01;2017-01-01;6;Tetuán;61;1;Bellas Vistas;JERONIMA LLORENTE, CALLE, DE;31 B;0406120336;-3.7067113550;40.4547405710
440003.4858780000;4478400.7541070000;2017-01-01;1900-01-08;6;Tetuán;61;1;Bellas Vistas;JERONIMA LLORENTE, CALLE, DE;49;0106120329;-3.7075734270;40.4541047020
440003.4858780000;4478400.7541070000;2014-07-01;2017-01-01;6;Tetuán;61;1;Bellas Vistas;JERONIMA LLORENTE, CALLE, DE;49;0406120329;-3.7075734270;40.4541047020
440194.3747670000;4478606.0504030000;2017-01-01;1900-01-08;6;Tetuán;61;1;Bellas Vistas;JERONIMA LLORENTE, CALLE, DE;5;0106120297;-3.7053416990;40.4559676170
440194.3747670000;4478606.0504030000;2014-07-01;2017-01-01;6;Tetuán;61;1;Bellas Vistas;JERONIMA LLORENTE, CALLE, DE;5;0406120297;-3.7053416990;40.4559676170
439951.5969890000;4478346.2355890000;2017-01-01;1900-01-08;6;Tetuán;61;1;Bellas Vistas;JERONIMA LLORENTE, CALLE, DE;52;0106120295;-3.7081802470;40.4536100100
439951.5969890000;4478346.2355890000;2014-07-01;2017-01-01;6;Tetuán;61;1;Bellas Vistas;JERONIMA LLORENTE, CALLE, DE;52;0406120295;-3.7081802470;40.4536100100
439899.1678751800;4478224.1586884800;2017-01-01;1900-01-08;6;Tetuán;61;1;Bellas Vistas;JERONIMA LLORENTE, CALLE, DE;73;0106120296;-3.7087868940;40.4525065510
439905.0771650000;4478231.6838800000;2014-07-01;2017-01-01;6;Tetuán;61;1;Bellas Vistas;JERONIMA LLORENTE, CALLE, DE;73;0406120296;-3.7087179670;40.4525749050
440097.7636560000;4478627.3281810000;2017-01-01;2023-11-08;6;Tetuán;61;1;Bellas Vistas;JUAN DE LA ENCINA, CALLE, DE;15;0106120358;-3.7064830880;40.4561529120
440097.7636560000;4478627.3281810000;2014-07-01;2017-01-01;6;Tetuán;61;1;Bellas Vistas;JUAN DE LA ENCINA, CALLE, DE;15;0406120358;-3.7064830880;40.4561529120
440186.1110780000;4477962.9364870000;2017-01-01;1900-01-08;6;Tetuán;61;1;Bellas Vistas;JUAN PANTOJA, CALLE, DE;22;0106120290;-3.7053785400;40.4501743840
440186.1110780000;4477962.9364870000;2014-07-01;2017-01-01;6;Tetuán;61;1;Bellas Vistas;JUAN PANTOJA, CALLE, DE;22;0406120290;-3.7053785400;40.4501743840
440280.1851520000;4477944.4550060000;2017-01-01;1900-01-08;6;Tetuán;61;1;Bellas Vistas;JUAN PANTOJA, CALLE, DE;7;0106120291;-3.7042674610;40.4500139550
440280.1851520000;4477944.4550060000;2014-07-01;2017-01-01;6;Tetuán;61;1;Bellas Vistas;JUAN PANTOJA, CALLE, DE;7;0406120291;-3.7042674610;40.4500139550
439893.7592260000;4478287.5475980000;2017-01-01;1900-01-08;6;Tetuán;61;1;Bellas Vistas;JUAN PRADILLO, CALLE, DE;6;0106120325;-3.7088566810;40.4530767010
439893.7592260000;4478287.5475980000;2014-07-01;2017-01-01;6;Tetuán;61;1;Bellas Vistas;JUAN PRADILLO, CALLE, DE;6;0406120325;-3.7088566810;40.4530767010
439665.1525450000;4478354.9392920000;2017-01-01;1900-01-08;6;Tetuán;61;1;Bellas Vistas;LA RABIDA, CALLE, DE;17;0106120348;-3.7115589790;40.4536676500
439665.1525450000;4478354.9392920000;2014-07-01;2017-01-01;6;Tetuán;61;1;Bellas Vistas;LA RABIDA, CALLE, DE;17;0406120348;-3.7115589790;40.4536676500
439688.9303230000;4478473.0874400000;2017-01-01;1900-01-08;6;Tetuán;61;1;Bellas Vistas;LA RABIDA, CALLE, DE;26;0106120349;-3.7112897460;40.4547334660
439688.9303230000;4478473.0874400000;2014-07-01;2017-01-01;6;Tetuán;61;1;Bellas Vistas;LA RABIDA, CALLE, DE;26;0406120349;-3.7112897460;40.4547334660
439818.9303230000;4478454.5781810000;2017-01-01;1900-01-08;6;Tetuán;61;1;Bellas Vistas;LEÑEROS, CALLE, DE LOS;33;0106120343;-3.7097550210;40.4545761320
439818.9303230000;4478454.5781810000;2014-07-01;2017-01-01;6;Tetuán;61;1;Bellas Vistas;LEÑEROS, CALLE, DE LOS;33;0406120343;-3.7097550210;40.4545761320
439772.8469890000;4478527.7448480000;2017-01-01;1900-01-08;6;Tetuán;61;1;Bellas Vistas;LEÑEROS, CALLE, DE LOS;39;0106120344;-3.7103053470;40.4552321690
439772.8469890000;4478527.7448480000;2014-07-01;2017-01-01;6;Tetuán;61;1;Bellas Vistas;LEÑEROS, CALLE, DE LOS;39;0406120344;-3.7103053470;40.4552321690
439968.8703370000;4478273.6587090000;2017-01-01;1900-01-08;6;Tetuán;61;1;Bellas Vistas;LEÑEROS, CALLE, DE LOS;6 B;0106120326;-3.7079696850;40.4529571820
439968.8703370000;4478273.6587090000;2014-07-01;2017-01-01;6;Tetuán;61;1;Bellas Vistas;LEÑEROS, CALLE, DE LOS;6 B;0406120326;-3.7079696850;40.4529571820
440119.1525450000;4478317.5504030000;2014-07-01;2017-01-01;6;Tetuán;61;1;Bellas Vistas;LORENZA CORREA, CALLE, DE;4;0406120301;-3.7062015940;40.4533639250
440112.3686272290;4478324.6871831800;2017-01-01;1900-01-08;6;Tetuán;61;1;Bellas Vistas;LORENZA CORREA, CALLE, DE;8;0106120301;-3.7062823240;40.4534271800
439923.8501087110;4478218.0205165200;2017-01-01;1900-01-08;6;Tetuán;61;1;Bellas Vistas;MARIA IGNACIA, CALLE, DE;11;0106120330;-3.7084952590;40.4524526930
439924.0925590000;4478219.6587090000;2014-07-01;2017-01-01;6;Tetuán;61;1;Bellas Vistas;MARIA IGNACIA, CALLE, DE;11;0406120330;-3.7084925660;40.4524677620
439803.0969890000;4478299.9948480000;2017-01-01;1900-01-08;6;Tetuán;61;1;Bellas Vistas;MARIA PEDRAZA, CALLE, DE;20;0106120321;-3.7099270230;40.4531826410
439803.0969890000;4478299.9948480000;2014-07-01;2017-01-01;6;Tetuán;61;1;Bellas Vistas;MARIA PEDRAZA, CALLE, DE;20;0406120321;-3.7099270230;40.4531826410
439720.7592260000;4478267.4364870000;2017-01-01;1900-01-08;6;Tetuán;61;1;Bellas Vistas;MARIA PEDRAZA, CALLE, DE;38;0106120320;-3.7108948630;40.4528829270
439720.7592260000;4478267.4364870000;2014-07-01;2017-01-01;6;Tetuán;61;1;Bellas Vistas;MARIA PEDRAZA, CALLE, DE;38;0406120320;-3.7108948630;40.4528829270
439891.6078950000;4478350.4142850000;2017-01-01;1900-01-08;6;Tetuán;61;1;Bellas Vistas;MARIA PEDRAZA, CALLE, DE;4;0106120324;-3.7088880210;40.4536431850
439891.6078950000;4478350.4142850000;2014-07-01;2017-01-01;6;Tetuán;61;1;Bellas Vistas;MARIA PEDRAZA, CALLE, DE;4;0406120324;-3.7088880210;40.4536431850
439991.1481150000;4478038.8809320000;2017-01-01;2021-12-01;6;Tetuán;61;1;Bellas Vistas;MARIANELA, CALLE, DE;1;0106120332;-3.7076847530;40.4508444580
439991.1481150000;4478038.8809320000;2014-07-01;2017-01-01;6;Tetuán;61;1;Bellas Vistas;MARIANELA, CALLE, DE;1;0406120332;-3.7076847530;40.4508444580
440310.0962060480;4478336.4144559100;2017-01-01;1900-01-08;6;Tetuán;61;1;Bellas Vistas;NAVARRA, CALLE, DE;14;0106120283;-3.7039516460;40.4535472720
440313.2217040000;4478336.6353760000;2014-07-01;2017-01-01;6;Tetuán;61;1;Bellas Vistas;NAVARRA, CALLE, DE;14;0406120283;-3.7039147480;40.4535496210
440186.7117507110;4478350.8265866300;2017-01-01;1900-01-08;6;Tetuán;61;1;Bellas Vistas;NAVARRA, CALLE, DE;35;0106120285;-3.7054079900;40.4536681660
440180.0969890000;4478352.7726260000;2014-07-01;2017-01-01;6;Tetuán;61;1;Bellas Vistas;NAVARRA, CALLE, DE;35;0406120285;-3.7054861990;40.4536856410
439673.5414340000;4478532.9948480000;2017-01-01;1900-01-08;6;Tetuán;61;1;Bellas Vistas;NUMANCIA, CALLE, DE;12;0106120347;-3.7114769880;40.4552726770
439673.5414340000;4478532.9948480000;2014-07-01;2017-01-01;6;Tetuán;61;1;Bellas Vistas;NUMANCIA, CALLE, DE;12;0406120347;-3.7114769880;40.4552726770
439793.8747670000;4478646.8281810000;2017-01-01;1900-01-08;6;Tetuán;61;1;Bellas Vistas;NUMANCIA, CALLE, DE;30;0106120342;-3.7100686580;40.4563065220
439793.8747670000;4478646.8281810000;2014-07-01;2017-01-01;6;Tetuán;61;1;Bellas Vistas;NUMANCIA, CALLE, DE;30;0406120342;-3.7100686580;40.4563065220
439568.0414340000;4478355.3837370000;2017-01-01;1900-01-08;6;Tetuán;61;1;Bellas Vistas;NUMANCIA, CALLE, DE;4;0106120350;-3.7127042070;40.4536650140
439568.0414340000;4478355.3837370000;2014-07-01;2017-01-01;6;Tetuán;61;1;Bellas Vistas;NUMANCIA, CALLE, DE;4;0406120350;-3.7127042070;40.4536650140
439609.5969890000;4478444.1059590000;2017-01-01;1900-01-08;6;Tetuán;61;1;Bellas Vistas;NUMANCIA, CALLE, DE;S/N;0106120298;-3.7122225780;40.4544669830
439609.5969890000;4478444.1059590000;2014-07-01;2017-01-01;6;Tetuán;61;1;Bellas Vistas;NUMANCIA, CALLE, DE;S/N;0406120298;-3.7122225780;40.4544669830
440012.0672650000;4477875.2312800000;2017-01-01;1900-01-08;6;Tetuán;61;1;Bellas Vistas;OLITE, CALLE, DE;2;0106120310;-3.7074226250;40.4493713260
440012.0672650000;4477875.2312800000;2014-07-01;2017-01-01;6;Tetuán;61;1;Bellas Vistas;OLITE, CALLE, DE;2;0406120310;-3.7074226250;40.4493713260
440053.0370040000;4478128.7142650000;2017-01-01;1900-01-08;6;Tetuán;61;1;Bellas Vistas;OLITE, CALLE, DE;38;0106120334;-3.7069634560;40.4516579430
440053.0370040000;4478128.7142650000;2014-07-01;2017-01-01;6;Tetuán;61;1;Bellas Vistas;OLITE, CALLE, DE;38;0406120334;-3.7069634560;40.4516579430
440064.4886149850;4478216.0899992200;2017-01-01;1900-01-08;6;Tetuán;61;1;Bellas Vistas;OLITE, CALLE, DE;48;0106120328;-3.7068366030;40.4524461040
440064.1481150000;4478216.1587090000;2014-07-01;2017-01-01;6;Tetuán;61;1;Bellas Vistas;OLITE, CALLE, DE;48;0406120328;-3.7068406710;40.4524463910
440074.0370040000;4478292.1587090000;2017-01-01;1900-01-08;6;Tetuán;61;1;Bellas Vistas;OLITE, CALLE, DE;52;0106120286;-3.7067312360;40.4531313040
440074.0370040000;4478292.1587090000;2014-07-01;2017-01-01;6;Tetuán;61;1;Bellas Vistas;OLITE, CALLE, DE;52;0406120286;-3.7067312360;40.4531313040
439864.4258930000;4477796.8253760000;2017-01-01;1900-01-08;6;Tetuán;61;1;Bellas Vistas;PABLO IGLESIAS, AVENIDA, DE;40;0106120311;-3.7091561080;40.4486547280
439864.4258930000;4477796.8253760000;2014-07-01;2017-01-01;6;Tetuán;61;1;Bellas Vistas;PABLO IGLESIAS, AVENIDA, DE;40;0406120311;-3.7091561080;40.4486547280
439810.8223309330;4477901.5760720700;2017-01-01;1900-01-08;6;Tetuán;61;1;Bellas Vistas;PABLO IGLESIAS, AVENIDA, DE;46;0106120314;-3.7097981650;40.4495943210
439810.3425590000;4477901.9920430000;2014-07-01;2017-01-01;6;Tetuán;61;1;Bellas Vistas;PABLO IGLESIAS, AVENIDA, DE;46;0406120314;-3.7098039520;40.4495982170
439626.9814480000;4478290.6031540000;2017-01-01;1900-01-08;6;Tetuán;61;1;Bellas Vistas;PABLO IGLESIAS, AVENIDA, DE;S/N;0106120351;-3.7120029640;40.4530854100
439626.9814480000;4478290.6031540000;2014-07-01;2017-01-01;6;Tetuán;61;1;Bellas Vistas;PABLO IGLESIAS, AVENIDA, DE;S/N;0406120351;-3.7120029640;40.4530854100
440221.0759950000;4478417.2969850000;2017-01-01;1900-01-08;6;Tetuán;61;1;Bellas Vistas;PAMPLONA, CALLE, DE;10;0106120337;-3.7050089830;40.4542697140
440221.0759950000;4478417.2969850000;2014-07-01;2017-01-01;6;Tetuán;61;1;Bellas Vistas;PAMPLONA, CALLE, DE;10;0406120337;-3.7050089830;40.4542697140
440153.5969890000;4478467.8837370000;2017-01-01;1900-01-08;6;Tetuán;61;1;Bellas Vistas;PAMPLONA, CALLE, DE;23;0106120338;-3.7058095190;40.4547201740
440153.5969890000;4478467.8837370000;2014-07-01;2017-01-01;6;Tetuán;61;1;Bellas Vistas;PAMPLONA, CALLE, DE;23;0406120338;-3.7058095190;40.4547201740
440084.9858780000;4478578.5504030000;2017-01-01;1900-01-08;6;Tetuán;61;1;Bellas Vistas;PAMPLONA, CALLE, DE;38;0106120340;-3.7066291350;40.4557121930
440084.9858780000;4478578.5504030000;2014-07-01;2017-01-01;6;Tetuán;61;1;Bellas Vistas;PAMPLONA, CALLE, DE;38;0406120340;-3.7066291350;40.4557121930
439964.4303230000;4478516.1615140000;2017-01-01;1900-01-08;6;Tetuán;61;1;Bellas Vistas;SAHAGUN, CALLE, DE;2;0106120335;-3.7080449710;40.4551418700
439964.4303230000;4478516.1615140000;2014-07-01;2017-01-01;6;Tetuán;61;1;Bellas Vistas;SAHAGUN, CALLE, DE;2;0406120335;-3.7080449710;40.4551418700
440209.2081334020;4478151.5143436800;2017-01-01;1900-01-08;6;Tetuán;61;1;Bellas Vistas;SAN RAIMUNDO, CALLE, DE;18;0106120305;-3.7051239750;40.4518744640
440208.1758930000;4478151.3253760000;2014-07-01;2017-01-01;6;Tetuán;61;1;Bellas Vistas;SAN RAIMUNDO, CALLE, DE;18;0406120305;-3.7051360650;40.4518728020
439902.1481150000;4478131.2698210000;2017-01-01;1900-01-08;6;Tetuán;61;1;Bellas Vistas;SAN RAIMUNDO, CALLE, DE;63;0106120331;-3.7087430060;40.4516696320
439902.1481150000;4478131.2698210000;2014-07-01;2017-01-01;6;Tetuán;61;1;Bellas Vistas;SAN RAIMUNDO, CALLE, DE;63;0406120331;-3.7087430060;40.4516696320
439788.2592260000;4478079.5753760000;2017-01-01;1900-01-08;6;Tetuán;61;1;Bellas Vistas;SAN ROGELIO, CALLE, DE;7;0106120319;-3.7100811490;40.4511960820
439788.2592260000;4478079.5753760000;2014-07-01;2017-01-01;6;Tetuán;61;1;Bellas Vistas;SAN ROGELIO, CALLE, DE;7;0406120319;-3.7100811490;40.4511960820
440350.9254080000;4478199.9316720000;2017-01-01;2022-04-21;6;Tetuán;61;1;Bellas Vistas;SANTA JULIANA, CALLE, DE;1;0106120362;-3.7034572980;40.4523206840
440350.9254080000;4478199.9316720000;2014-07-01;2017-01-01;6;Tetuán;61;1;Bellas Vistas;SANTA JULIANA, CALLE, DE;1;0406120362;-3.7034572980;40.4523206840
440295.9892170900;4478204.1125075400;2024-04-18;1900-01-08;6;Tetuán;61;1;Bellas Vistas;SANTA JULIANA, CALLE, DE;7;0106120360;-3.7041055430;40.4523542020
440274.7592260000;4478204.1587090000;2017-01-01;2024-04-18;6;Tetuán;61;1;Bellas Vistas;SANTA JULIANA, CALLE, DE;9;0106120360;-3.7043558680;40.4523535140
440274.7592260000;4478204.1587090000;2014-07-01;2017-01-01;6;Tetuán;61;1;Bellas Vistas;SANTA JULIANA, CALLE, DE;9;0406120360;-3.7043558680;40.4523535140
439969.7036700000;4477960.4364870000;2017-01-01;1900-01-08;6;Tetuán;61;1;Bellas Vistas;SANTA MATILDE, CALLE, DE;11;0106120316;-3.7079302650;40.4501353650
439969.7036700000;4477960.4364870000;2014-07-01;2017-01-01;6;Tetuán;61;1;Bellas Vistas;SANTA MATILDE, CALLE, DE;11;0406120316;-3.7079302650;40.4501353650
440120.7036700000;4478236.9920430000;2017-01-01;1900-01-08;6;Tetuán;61;1;Bellas Vistas;TENERIFE, CALLE, DE;41;0106120303;-3.7061756960;40.4526382740
440120.7036700000;4478236.9920430000;2014-07-01;2017-01-01;6;Tetuán;61;1;Bellas Vistas;TENERIFE, CALLE, DE;41;0406120303;-3.7061756960;40.4526382740
440119.7592260000;4478147.2142650000;2017-01-01;1900-01-08;6;Tetuán;61;1;Bellas Vistas;TENERIFE, CALLE, DE;46;0106120304;-3.7061783890;40.4518292580
440119.7592260000;4478147.2142650000;2014-07-01;2017-01-01;6;Tetuán;61;1;Bellas Vistas;TENERIFE, CALLE, DE;46;0406120304;-3.7061783890;40.4518292580
440158.4814480000;4477894.6031540000;2017-01-01;2021-07-01;6;Tetuán;61;1;Bellas Vistas;TENERIFE, CALLE, DE;9;0106120309;-3.7056979070;40.4495559900
440158.4814480000;4477894.6031540000;2014-07-01;2017-01-01;6;Tetuán;61;1;Bellas Vistas;TENERIFE, CALLE, DE;9;0406120309;-3.7056979070;40.4495559900
440261.8147820000;4478022.3809320000;2017-01-01;1900-01-08;6;Tetuán;61;1;Bellas Vistas;TOPETE, CALLE, DEL;28;0106120306;-3.7044914870;40.4507144540
440261.8147820000;4478022.3809320000;2014-07-01;2017-01-01;6;Tetuán;61;1;Bellas Vistas;TOPETE, CALLE, DEL;28;0406120306;-3.7044914870;40.4507144540
440244.9734307360;4477885.9920218200;2017-01-01;1900-01-08;6;Tetuán;61;1;Bellas Vistas;TOPETE, CALLE, DEL;8;0106120308;-3.7046772400;40.4494846000
439822.6481150000;4478157.4920430000;2017-01-01;1900-01-08;6;Tetuán;61;1;Bellas Vistas;TUDELILLA, CALLE, DE;1;0106120294;-3.7096830000;40.4519001900
439822.6481150000;4478157.4920430000;2014-07-01;2017-01-01;6;Tetuán;61;1;Bellas Vistas;TUDELILLA, CALLE, DE;1;0406120294;-3.7096830000;40.4519001900
439935.1481150000;4478071.4920430000;2017-01-01;1900-01-08;6;Tetuán;61;1;Bellas Vistas;ZAMORA, CALLE, DE;16;0106120333;-3.7083482380;40.4511340880
439935.1481150000;4478071.4920430000;2014-07-01;2017-01-01;6;Tetuán;61;1;Bellas Vistas;ZAMORA, CALLE, DE;16;0406120333;-3.7083482380;40.4511340880
440644.6556642660;4478655.1594054000;2014-07-01;1900-01-08;6;Tetuán;62;2;Cuatro Caminos;ANASTASIO HERRERO, CALLE, DE;18;0106230226;-3.7000361100;40.4564430000
440459.1556642660;4477928.7427387400;2019-05-14;1900-01-08;6;Tetuán;62;2;Cuatro Caminos;ARAGON, PLAZA, DE;S/N;0106231132;-3.7021555950;40.4498853260
440447.9056642660;4477650.3260720700;2014-07-01;1900-01-08;6;Tetuán;62;2;Cuatro Caminos;ARTISTAS, CALLE, DE LOS;19;0106230176;-3.7022621080;40.4473769750
440625.2410552130;4477649.6131091100;2014-07-01;1900-01-08;6;Tetuán;62;2;Cuatro Caminos;ARTISTAS, CALLE, DE LOS;38;0106230178;-3.7001709840;40.4473831620
440785.9337016490;4477857.3491027800;2014-07-01;1900-01-08;6;Tetuán;62;2;Cuatro Caminos;AVIADOR ZORITA, CALLE, DEL;23;0106230185;-3.6982955210;40.4492659590
440786.0221850000;4478059.0332650000;2014-07-01;1900-01-08;6;Tetuán;62;2;Cuatro Caminos;AVIADOR ZORITA, CALLE, DEL;43;0106230195;-3.6983133400;40.4510824640
440769.9810950000;4477655.6308950000;2014-07-01;1900-01-08;6;Tetuán;62;2;Cuatro Caminos;AVIADOR ZORITA, CALLE, DEL;6;0106230143;-3.6984648880;40.4474477350
441027.7640850000;4477845.9788650000;2014-07-01;1900-01-08;6;Tetuán;62;2;Cuatro Caminos;BASILICA, CALLE, DE LA;15;0106230183;-3.6954428220;40.4491801300
441271.1064750000;4478377.1761350000;2014-07-01;1900-01-08;6;Tetuán;62;2;Cuatro Caminos;BRASIL, AVENIDA, DE;6;0106230212;-3.6926225520;40.4539831780
441174.6834420440;4478344.4094054000;2014-07-01;1900-01-08;6;Tetuán;62;2;Cuatro Caminos;BRASIL, AVENIDA, DE;S/N;0106230213;-3.6937565500;40.4536808280
440682.9314850000;4478180.6624650000;2014-07-01;1900-01-08;6;Tetuán;62;2;Cuatro Caminos;BRUNO AYLLON, CALLE, DE;17;0106230199;-3.6995403870;40.4521712560
441354.0306642660;4477727.3260720700;2014-07-01;1900-01-08;6;Tetuán;62;2;Cuatro Caminos;CASTELLANA, PASEO, DE LA;83;0106230156;-3.6915845810;40.4481345390
441364.7806642660;4477908.4510720700;2014-07-01;1900-01-08;6;Tetuán;62;2;Cuatro Caminos;CASTELLANA, PASEO, DE LA;89;0106230155;-3.6914745160;40.4497671250
441377.7945531550;4478012.7982942900;2014-07-01;1900-01-08;6;Tetuán;62;2;Cuatro Caminos;CASTELLANA, PASEO, DE LA;91;0106230154;-3.6913307040;40.4507078650
441386.6278864880;4477993.3538498500;2014-07-01;1900-01-08;6;Tetuán;62;2;Cuatro Caminos;CASTELLANA, PASEO, DE LA;91;0106230157;-3.6912247640;40.4505339150
441423.9056642660;4478340.9510720700;2014-07-01;2023-09-25;6;Tetuán;62;2;Cuatro Caminos;CASTELLANA, PASEO, DE LA;S/N;0106230203;-3.6908173340;40.4536676500
441408.0758427850;4478405.5757794200;2014-07-01;1900-01-08;6;Tetuán;62;2;Cuatro Caminos;CASTELLANA, PASEO, DE LA;S/N;0106230211;-3.6910099620;40.4542485720
440740.5435850000;4478043.2401650000;2014-07-01;1900-01-08;6;Tetuán;62;2;Cuatro Caminos;DON QUIJOTE, CALLE, DE;56;0106230151;-3.6988481390;40.4509371050
440635.7603950000;4477735.5687950000;2014-07-01;1900-01-08;6;Tetuán;62;2;Cuatro Caminos;DULCINEA, CALLE, DE;14;0106230179;-3.7000549600;40.4481582020
440656.3223309330;4477979.4927387400;2014-07-01;1900-01-08;6;Tetuán;62;2;Cuatro Caminos;DULCINEA, CALLE, DE;46;0106230190;-3.6998354030;40.4503566990
440682.4889975990;4478068.9094054000;2014-07-01;1900-01-08;6;Tetuán;62;2;Cuatro Caminos;DULCINEA, CALLE, DE;54;0106230196;-3.6995351730;40.4511637670
440898.0154950000;4477663.8488950000;2014-07-01;1900-01-08;6;Tetuán;62;2;Cuatro Caminos;EDGAR NEVILLE, CALLE, DE;10;0106230181;-3.6969558890;40.4475309860
440906.8202850000;4477914.1499650000;2014-07-01;1900-01-08;6;Tetuán;62;2;Cuatro Caminos;EDGAR NEVILLE, CALLE, DE;25;0106230192;-3.6968753880;40.4497859180
440933.3748850000;4478046.9776650000;2014-07-01;1900-01-08;6;Tetuán;62;2;Cuatro Caminos;EDGAR NEVILLE, CALLE, DE;26;0106230194;-3.6965745850;40.4509848320
440903.9056642660;4477726.9510720700;2014-07-01;1900-01-08;6;Tetuán;62;2;Cuatro Caminos;EDGAR NEVILLE, CALLE, DE;S/N;0106230184;-3.6968922900;40.4480995320
441070.9876750000;4478373.3718350000;2014-07-01;1900-01-08;6;Tetuán;62;2;Cuatro Caminos;FORTUNATA Y JACINTA, CALLE, DE;18;0106230214;-3.6949821070;40.4539347630
440758.0723309330;4478239.9927387400;2014-07-01;2023-09-25;6;Tetuán;62;2;Cuatro Caminos;FORTUNATA Y JACINTA, CALLE, DE;S/N;0106230161;-3.6986597510;40.4527109820
440978.5926750000;4478396.2718350000;2014-07-01;1900-01-08;6;Tetuán;62;2;Cuatro Caminos;GENERAL CABRERA, CALLE, DEL;10;0106230215;-3.6960738780;40.4541343240
440985.1093679700;4478646.2797757800;2014-07-01;1900-01-08;6;Tetuán;62;2;Cuatro Caminos;GENERAL CABRERA, CALLE, DEL;22;0106230171;-3.6960202490;40.4563865070
440924.9889975990;4478196.5760720700;2014-07-01;1900-01-08;6;Tetuán;62;2;Cuatro Caminos;GENERAL PERON, AVENIDA, DEL;16;0106230201;-3.6966874010;40.4523318560
441001.4056642660;4478211.8260720700;2014-07-01;1900-01-08;6;Tetuán;62;2;Cuatro Caminos;GENERAL PERON, AVENIDA, DEL;21;0106230159;-3.6957877420;40.4524741790
441081.8772850000;4478267.3341650000;2014-07-01;1900-01-08;6;Tetuán;62;2;Cuatro Caminos;GENERAL PERON, AVENIDA, DEL;25;0106230163;-3.6948438520;40.4529796420
441057.2389975990;4478183.8260720700;2014-07-01;1900-01-08;6;Tetuán;62;2;Cuatro Caminos;GENERAL PERON, AVENIDA, DEL;26;0106230202;-3.6951266640;40.4522260880
441200.7389975990;4478273.0760720700;2014-07-01;1900-01-08;6;Tetuán;62;2;Cuatro Caminos;GENERAL PERON, AVENIDA, DEL;29;0106230210;-3.6934426830;40.4530402040
441194.7389975990;4478172.9094054000;2014-07-01;1900-01-08;6;Tetuán;62;2;Cuatro Caminos;GENERAL PERON, AVENIDA, DEL;36;0106230153;-3.6935041620;40.4521372800
440798.5723309330;4478207.9927387400;2014-07-01;1900-01-08;6;Tetuán;62;2;Cuatro Caminos;GENERAL PERON, AVENIDA, DEL;8;0106230200;-3.6981792110;40.4524257640
441140.0723309330;4478205.7427387400;2014-07-01;1900-01-08;6;Tetuán;62;2;Cuatro Caminos;GENERAL PERON, AVENIDA, DEL;S/N;0106230158;-3.6941519480;40.4524294310
440894.4889975990;4478221.7427387400;2014-07-01;1900-01-08;6;Tetuán;62;2;Cuatro Caminos;GENERAL PERON, AVENIDA, DEL;S/N;0106230160;-3.6970493960;40.4525559400
440853.4889975990;4478666.3260720700;2014-07-01;1900-01-08;6;Tetuán;62;2;Cuatro Caminos;GENERAL RAMIREZ DE MADRID, CALLE, DEL;32;0106230172;-3.6975743390;40.4565581080
440811.4056642660;4478408.8260720700;2014-07-01;1900-01-08;6;Tetuán;62;2;Cuatro Caminos;GENERAL RAMIREZ DE MADRID, CALLE, DEL;5;0106230216;-3.6980466290;40.4542350500
440761.2834962850;4477732.9365677500;2014-07-01;1900-01-08;6;Tetuán;62;2;Cuatro Caminos;HERNANI, CALLE, DE;52;0106230180;-3.6985746090;40.4481431340
441014.8671950000;4477702.3714950000;2014-07-01;1900-01-08;6;Tetuán;62;2;Cuatro Caminos;HERNANI, CALLE, DE;70;0106230182;-3.6955815920;40.4478863340
440746.0723309330;4478431.8260720700;2014-07-01;1900-01-08;6;Tetuán;62;2;Cuatro Caminos;INFANTA MERCEDES, CALLE, DE LA;12;0106230166;-3.6988192050;40.4544383930
440721.5723309330;4478354.3260720700;2014-07-01;1900-01-08;6;Tetuán;62;2;Cuatro Caminos;INFANTA MERCEDES, CALLE, DE LA;17;0106230162;-3.6991008710;40.4537380090
440781.2806642660;4478545.5760720700;2014-07-01;1900-01-08;6;Tetuán;62;2;Cuatro Caminos;INFANTA MERCEDES, CALLE, DE LA;26;0106230167;-3.6984146390;40.4554654770
440807.2389975990;4478630.9927387400;2014-07-01;1900-01-08;6;Tetuán;62;2;Cuatro Caminos;INFANTA MERCEDES, CALLE, DE LA;30;0106230173;-3.6981164720;40.4562364490
440780.4612198220;4477968.2427387400;2014-07-01;1900-01-08;6;Tetuán;62;2;Cuatro Caminos;JAEN, CALLE, DE;41;0106230191;-3.6983704640;40.4502647390
440485.9374850000;4477983.8195650000;2014-07-01;1900-01-08;6;Tetuán;62;2;Cuatro Caminos;JAEN, CALLE, DE;9;0106230189;-3.7018449380;40.4503836850
440653.6420750000;4478305.9826350000;2014-07-01;1900-01-08;6;Tetuán;62;2;Cuatro Caminos;JOSE MARIA DE CASTRO, CALLE, DE;20;0106230204;-3.6998975110;40.4532975770
440477.8623196250;4478316.0105403400;2014-07-01;1900-01-08;6;Tetuán;62;2;Cuatro Caminos;JUAN DE OLIAS, CALLE, DE;10;0106230205;-3.7019713320;40.4533754990
441034.8770750000;4478503.4714350000;2014-07-01;1900-01-08;6;Tetuán;62;2;Cuatro Caminos;JULIÁN BESTEIRO, CALLE, DE;15;0106230223;-3.6954200750;40.4551043420
441031.0723309330;4478307.1316276300;2014-07-01;1900-01-08;6;Tetuán;62;2;Cuatro Caminos;JULIÁN BESTEIRO, CALLE, DE;4;0106230209;-3.6954467180;40.4533351630
440623.9056642660;4478527.1871831800;2014-07-01;1900-01-08;6;Tetuán;62;2;Cuatro Caminos;LA CORUÑA, CALLE, DE;18;0106230219;-3.7002687880;40.4552887200
440745.0723309330;4478696.4649609600;2014-07-01;1900-01-08;6;Tetuán;62;2;Cuatro Caminos;LAZAGA, CALLE, DE;4;0106230174;-3.6988556450;40.4568220120
440538.8271850000;4478237.1451650000;2014-07-01;1900-01-08;6;Tetuán;62;2;Cuatro Caminos;LERIDA, CALLE, DE;14;0106230198;-3.7012450510;40.4526692710
441298.9056642660;4478408.5760720700;2014-07-01;1900-01-08;6;Tetuán;62;2;Cuatro Caminos;MANOLETE, PLAZA, DE;5;0106230164;-3.6922976270;40.4542678230
440729.7019605620;4478433.7612572600;2014-07-01;1900-01-08;6;Tetuán;62;2;Cuatro Caminos;MANUEL LUNA, CALLE, DE;18;0106230217;-3.6990124060;40.4544540920
440524.4056642660;4478479.6316276300;2014-07-01;1900-01-08;6;Tetuán;62;2;Cuatro Caminos;MANUEL LUNA, CALLE, DE;7;0106230218;-3.7014377940;40.4548529280
440887.8223309330;4478307.9094054000;2014-07-01;1900-01-08;6;Tetuán;62;2;Cuatro Caminos;MARTIRES DE PARACUELLOS, CALLE, DE LOS;10;0106230208;-3.6971360840;40.4533318390
440764.8596750000;4478318.3100350000;2014-07-01;1900-01-08;6;Tetuán;62;2;Cuatro Caminos;MARTIRES DE PARACUELLOS, CALLE, DE LOS;2;0106230207;-3.6985870420;40.4534167520
440494.5081456280;4477716.5017424800;2014-07-01;1900-01-08;6;Tetuán;62;2;Cuatro Caminos;ORDEN, CALLE, DE LA;12;0106230177;-3.7017188870;40.4479758300
441058.9056642660;4477911.4510720700;2014-07-01;1900-01-08;6;Tetuán;62;2;Cuatro Caminos;ORENSE, CALLE, DE;16;0106230147;-3.6950817440;40.4497724540
441064.6556642660;4477986.0760720700;2014-07-01;1900-01-08;6;Tetuán;62;2;Cuatro Caminos;ORENSE, CALLE, DE;18;0106230148;-3.6950208380;40.4504449340
441036.7806642660;4477961.2010720700;2014-07-01;1900-01-08;6;Tetuán;62;2;Cuatro Caminos;ORENSE, CALLE, DE;19;0106230193;-3.6953471950;40.4502192460
441075.9664850000;4478133.3577650000;2014-07-01;1900-01-08;6;Tetuán;62;2;Cuatro Caminos;ORENSE, CALLE, DE;26;0106230152;-3.6949011480;40.4517723630
441096.4835750000;4478418.7269350000;2014-07-01;1900-01-08;6;Tetuán;62;2;Cuatro Caminos;ORENSE, CALLE, DE;34;0106230165;-3.6946856580;40.4543444280
441110.7254750000;4478632.7495350000;2014-07-01;1900-01-08;6;Tetuán;62;2;Cuatro Caminos;ORENSE, CALLE, DE;42;0106230170;-3.6945376060;40.4562743220
441047.4056642660;4477774.7427387400;2014-07-01;1900-01-08;6;Tetuán;62;2;Cuatro Caminos;ORENSE, CALLE, DE;8;0106230145;-3.6952046430;40.4485398500
441033.2466543280;4477616.3863102100;2014-07-01;1900-01-08;6;Tetuán;62;2;Cuatro Caminos;ORENSE, CALLE, DE;S/N;0106230144;-3.6953568780;40.4471127840
440643.0560481540;4477820.8190897600;2014-07-01;1900-01-08;6;Tetuán;62;2;Cuatro Caminos;OVIEDO, CALLE, DE;20;0106230187;-3.6999769230;40.4489266530
440717.9263585250;4477814.2082483100;2014-07-01;1900-01-08;6;Tetuán;62;2;Cuatro Caminos;OVIEDO, CALLE, DE;35;0106230186;-3.6990934800;40.4488723940
440555.6046850000;4477903.9054650000;2014-07-01;1900-01-08;6;Tetuán;62;2;Cuatro Caminos;PALENCIA, CALLE, DE;20;0106230146;-3.7010159250;40.4496682900
441079.8501087110;4478516.7982942900;2014-07-01;1900-01-08;6;Tetuán;62;2;Cuatro Caminos;PEDRO TEIXEIRA, CALLE, DE;3;0106230224;-3.6948909490;40.4552268400
441102.1844750000;4478513.2279350000;2014-07-01;1900-01-08;6;Tetuán;62;2;Cuatro Caminos;PEDRO TEIXEIRA, CALLE, DE;6 B;0106230168;-3.6946271590;40.4551965310
441213.1556642660;4478486.8260720700;2014-07-01;1900-01-08;6;Tetuán;62;2;Cuatro Caminos;PEDRO TEIXEIRA, CALLE, DE;S/N;0106230225;-3.6933160600;40.4549667170
440871.5538124140;4478030.5390350300;2014-07-01;1900-01-08;6;Tetuán;62;2;Cuatro Caminos;REINA MERCEDES, CALLE, DE LA;20;0106230150;-3.6973020130;40.4508320250
440959.9612198220;4478022.8353313300;2014-07-01;1900-01-08;6;Tetuán;62;2;Cuatro Caminos;REINA MERCEDES, CALLE, DE LA;23;0106230149;-3.6962588280;40.4507689990
440575.7389975990;4478386.7427387400;2014-07-01;1900-01-08;6;Tetuán;62;2;Cuatro Caminos;SALAMANCA, CALLE, DE;13;0106230206;-3.7008236400;40.4540195610
440906.1278864880;4478493.4094054000;2014-07-01;1900-01-08;6;Tetuán;62;2;Cuatro Caminos;SAN AMARO, PLAZA, DE;9;0106230222;-3.6969374400;40.4550040170
440778.4056642660;4478591.3538498500;2014-07-01;1900-01-08;6;Tetuán;62;2;Cuatro Caminos;SAN ENRIQUE, CALLE, DE;19;0106230221;-3.6984527980;40.4558771470
440569.8223309330;4478626.7427387400;2014-07-01;1900-01-08;6;Tetuán;62;2;Cuatro Caminos;SAN ENRIQUE, CALLE, DE;5;0106230220;-3.7009159440;40.4561816170
440613.6678751800;4478734.5753551500;2024-12-11;1900-01-08;6;Tetuán;62;2;Cuatro Caminos;SAN GERMÁN, CALLE, DE;49;0106230175;-3.7004089340;40.4571558170
440612.9889975990;4478735.9094054000;2014-07-01;2024-12-11;6;Tetuán;62;2;Cuatro Caminos;SAN GERMÁN, CALLE, DE;49;0106230175;-3.7004170700;40.4571680780
441230.1057750000;4478620.8500350000;2014-07-01;1900-01-08;6;Tetuán;62;2;Cuatro Caminos;SAN GERMÁN, CALLE, DE;5;0106230169;-3.6931286450;40.4561756580
440504.2806642660;4478102.4510720700;2014-07-01;1900-01-08;6;Tetuán;62;2;Cuatro Caminos;TERUEL, CALLE, DE;19;0106230197;-3.7016397610;40.4514533400
440460.0695120460;4477843.4072726900;2014-07-01;1900-01-08;6;Tetuán;62;2;Cuatro Caminos;ZARZALEJO, CALLE, DE;S/N;0106230188;-3.7021368020;40.4491167610
440793.0057650000;4478934.1423050000;2014-07-01;1900-01-08;6;Tetuán;63;3;Castillejos;ALONSO CASTRILLO, CALLE, DE;11;0106330254;-3.6983126530;40.4589668220
441435.9092450000;4478722.6689850000;2014-07-01;1900-01-08;6;Tetuán;63;3;Castillejos;CASTELLANA, PASEO, DE LA;117;0106330245;-3.6907109930;40.4571069440
441443.6556642660;4478828.3260720700;2018-06-13;2023-09-25;6;Tetuán;63;3;Castillejos;CASTELLANA, PASEO, DE LA;123;0106331129;-3.6906293460;40.4580592000
441442.6556642660;4478892.3260720700;2014-07-01;2018-06-13;6;Tetuán;63;3;Castillejos;CASTELLANA, PASEO, DE LA;133;0106330263;-3.6906470510;40.4586361680
441466.4889975990;4479103.8260720700;2014-07-01;1900-01-08;6;Tetuán;63;3;Castillejos;CASTELLANA, PASEO, DE LA;149;0106330270;-3.6903853810;40.4605429140
441508.2442450000;4479353.2305450000;2014-07-01;2015-10-09;6;Tetuán;63;3;Castillejos;CASTELLANA, PASEO, DE LA;177;0106330238;-3.6899159560;40.4627920600
441486.4056642660;4479355.2427387400;2015-10-07;1900-01-08;6;Tetuán;63;3;Castillejos;CASTELLANA, PASEO, DE LA;177;0106330993;-3.6901736730;40.4628087910
441511.4706335370;4479486.6410413400;2023-11-02;1900-01-08;6;Tetuán;63;3;Castillejos;CASTELLANA, PASEO, DE LA;185;0106330240;-3.6898901730;40.4639943550
441531.4056642660;4479527.0760720700;2014-07-01;2023-11-02;6;Tetuán;63;3;Castillejos;CASTELLANA, PASEO, DE LA;S/N;0106330240;-3.6896587560;40.4643600740
441439.5306642660;4478785.2010720700;2014-07-01;1900-01-08;6;Tetuán;63;3;Castillejos;CASTELLANA, PASEO, DE LA;S/N;0106330246;-3.6906739800;40.4576704480
441506.6556642660;4479339.0760720700;2015-10-09;2023-09-25;6;Tetuán;63;3;Castillejos;CASTELLANA, PASEO, DE LA;S/N;0106330994;-3.6899333740;40.4626649210
441428.5213589970;4479445.1881103200;2014-07-01;1900-01-08;6;Tetuán;63;3;Castillejos;ESTEBANEZ CALDERON, CALLE, DE;5;0106330277;-3.6908647170;40.4636148850
441493.6479820890;4479434.0217846800;2014-07-01;1900-01-08;6;Tetuán;63;3;Castillejos;ESTEBANEZ CALDERON, CALLE, DE;S/N;0106330239;-3.6900955790;40.4635192010
441139.5185650000;4479158.0708050000;2014-07-01;1900-01-08;6;Tetuán;63;3;Castillejos;FRANCISCO GERVAS, CALLE, DE;16;0106330268;-3.6942467720;40.4610085570
441327.2945531550;4479112.9094054000;2014-07-01;1900-01-08;6;Tetuán;63;3;Castillejos;FRANCISCO GERVAS, CALLE, DE;S/N;0106330269;-3.6920278790;40.4606146490
440977.5110244660;4479123.6678671500;2014-07-01;1900-01-08;6;Tetuán;63;3;Castillejos;GENERAL MARGALLO, CALLE, DEL;18;0106330266;-3.6961542640;40.4606873000
440994.4612198220;4479015.4649609600;2014-07-01;1900-01-08;6;Tetuán;63;3;Castillejos;HERMANO GARATE, CALLE, DEL;S/N;0106330262;-3.6959443320;40.4597134430
440713.1332650000;4478834.7180050000;2014-07-01;1900-01-08;6;Tetuán;63;3;Castillejos;HUESCA, CALLE, DE;14;0106330253;-3.6992451990;40.4580649290
441017.9241827850;4478820.0328621900;2014-07-01;1900-01-08;6;Tetuán;63;3;Castillejos;HUESCA, CALLE, DE;33;0106330257;-3.6956493730;40.4579545200
440861.3501087110;4478814.8538498500;2014-07-01;1900-01-08;6;Tetuán;63;3;Castillejos;INFANTA MERCEDES, CALLE, DE LA;40;0106330251;-3.6974953860;40.4578969380
441041.0723309330;4479252.3260720700;2014-07-01;1900-01-08;6;Tetuán;63;3;Castillejos;INFANTA MERCEDES, CALLE, DE LA;81;0106330241;-3.6954165230;40.4618505760
441088.6556642660;4479310.9094054000;2014-07-01;1900-01-08;6;Tetuán;63;3;Castillejos;INFANTA MERCEDES, CALLE, DE LA;89;0106330237;-3.6948608110;40.4623812490
441166.8888550000;4479374.4517750000;2014-07-01;1900-01-08;6;Tetuán;63;3;Castillejos;INFANTA MERCEDES, CALLE, DE LA;90;0106330275;-3.6939439640;40.4629592490
441241.4889975990;4479468.7427387400;2014-07-01;1900-01-08;6;Tetuán;63;3;Castillejos;INFANTA MERCEDES, CALLE, DE LA;98;0106330990;-3.6930728970;40.4638142170
441056.2806642660;4478756.3260720700;2014-07-01;1900-01-08;6;Tetuán;63;3;Castillejos;JULIÁN BESTEIRO, CALLE, DE;34;0106330249;-3.6951911220;40.4573836250
440750.5723309330;4478713.6316276300;2014-07-01;1900-01-08;6;Tetuán;63;3;Castillejos;LAZAGA, CALLE, DE;3;0106330243;-3.6987924480;40.4569767100
440683.1278864880;4478783.1871831800;2014-07-01;1900-01-08;6;Tetuán;63;3;Castillejos;LERIDA, CALLE, DE;77;0106330252;-3.6995943590;40.4575985990
441032.6468550000;4479409.1799750000;2014-07-01;1900-01-08;6;Tetuán;63;3;Castillejos;LIMONERO, CALLE, DEL;43;0106330274;-3.6955304840;40.4632626300
441118.6556642660;4478717.3260720700;2014-07-01;1900-01-08;6;Tetuán;63;3;Castillejos;ORENSE, CALLE, DE;46;0106330248;-3.6944519490;40.4570360120
441134.9056642660;4478862.5760720700;2014-07-01;1900-01-08;6;Tetuán;63;3;Castillejos;ORENSE, CALLE, DE;54;0106330259;-3.6942737590;40.4583462520
441095.4056642660;4478710.9649609600;2014-07-01;1900-01-08;6;Tetuán;63;3;Castillejos;ORENSE, CALLE, DE;61;0106330229;-3.6947254790;40.4569775130
441175.1556642660;4479235.4927387400;2014-07-01;1900-01-08;6;Tetuán;63;3;Castillejos;ORENSE, CALLE, DE;68;0106330236;-3.6938336130;40.4617082530
441107.9889975990;4478863.4927387400;2014-07-01;1900-01-08;6;Tetuán;63;3;Castillejos;ORENSE, CALLE, DE;69;0106330230;-3.6945912920;40.4583527260
441135.6146194900;4479085.6460164700;2014-07-01;1900-01-08;6;Tetuán;63;3;Castillejos;ORENSE, CALLE, DE;85;0106330265;-3.6942861350;40.4603560160
441141.1278864880;4478984.3538498500;2014-07-01;1900-01-08;6;Tetuán;63;3;Castillejos;ORENSE, CALLE, DE;S/N;0106330233;-3.6942117070;40.4594436950
440981.6525778460;4479293.3661955300;2014-07-01;1900-01-08;6;Tetuán;63;3;Castillejos;PEDRO VILLAR, CALLE, DE;13;0106330273;-3.6961211470;40.4622162380
440913.5167753770;4478957.2982942900;2014-07-01;1900-01-08;6;Tetuán;63;3;Castillejos;PENSAMIENTO, CALLE, DEL;21;0106330256;-3.6968934940;40.4591834000
441065.8836650000;4478909.5973050000;2014-07-01;1900-01-08;6;Tetuán;63;3;Castillejos;PENSAMIENTO, CALLE, DEL;28;0106330258;-3.6950920570;40.4587647970
440760.3946650000;4479004.8718050000;2014-07-01;1900-01-08;6;Tetuán;63;3;Castillejos;PENSAMIENTO, CALLE, DEL;4;0106330255;-3.6987038110;40.4596014870
441322.6834420440;4478713.6316276300;2014-07-01;1900-01-08;6;Tetuán;63;3;Castillejos;POETA JOAN MARAGALL, CALLE, DEL;20;0106330247;-3.6920453540;40.4570172760
441337.6122450000;4478888.0610850000;2014-07-01;1900-01-08;6;Tetuán;63;3;Castillejos;POETA JOAN MARAGALL, CALLE, DEL;32;0106330260;-3.6918854420;40.4585898730
441348.7945531550;4479029.7982942900;2014-07-01;1900-01-08;6;Tetuán;63;3;Castillejos;POETA JOAN MARAGALL, CALLE, DEL;38;0106330264;-3.6917666670;40.4598679130
441377.1249150000;4479384.0218350000;2014-07-01;1900-01-08;6;Tetuán;63;3;Castillejos;POETA JOAN MARAGALL, CALLE, DEL;60;0106330276;-3.6914652920;40.4630608350
441368.5079550000;4479518.5412750000;2014-07-01;1900-01-08;6;Tetuán;63;3;Castillejos;POETA JOAN MARAGALL, CALLE, DEL;66;0106330278;-3.6915793100;40.4642714370
441302.9056642660;4478786.5760720700;2014-07-01;1900-01-08;6;Tetuán;63;3;Castillejos;POETA JOAN MARAGALL, CALLE, DEL;S/N;0106330282;-3.6922854810;40.4576729690
440888.8562650000;4479219.8711050000;2014-07-01;1900-01-08;6;Tetuán;63;3;Castillejos;ROBLE, CALLE, DEL;14;0106330267;-3.6972087350;40.4615471380
441342.7389975990;4479270.4927387400;2014-07-01;1900-01-08;6;Tetuán;63;3;Castillejos;ROSARIO PINO, CALLE, DE;10;0106330272;-3.6918602890;40.4620352400
441244.4612198220;4479275.0205165200;2015-05-14;1900-01-08;6;Tetuán;63;3;Castillejos;ROSARIO PINO, CALLE, DE;9;0106330992;-3.6930198410;40.4620692740
441476.5723309330;4479258.0760720700;2014-07-01;1900-01-08;6;Tetuán;63;3;Castillejos;ROSARIO PINO, CALLE, DE;S/N;0106330271;-3.6902807010;40.4619326810
441177.0723309330;4478651.5760720700;2014-07-01;1900-01-08;6;Tetuán;63;3;Castillejos;SAN GERMÁN, CALLE, DE;16;0106330244;-3.6937568360;40.4564478130
441016.1645750000;4478659.5515350000;2014-07-01;1900-01-08;6;Tetuán;63;3;Castillejos;SAN GERMÁN, CALLE, DE;30;0106330228;-3.6956552170;40.4565088330
440606.6574925050;4478758.1451701400;2014-07-01;1900-01-08;6;Tetuán;63;3;Castillejos;SAN GERMÁN, CALLE, DE;68;0106330242;-3.7004938460;40.4573672390
441136.3265992840;4479421.1365685200;2014-07-01;1900-01-08;6;Tetuán;63;3;Castillejos;SOFORA, CALLE, DE LA;3;0106330281;-3.6943087660;40.4633780810
441172.4612198220;4479471.8538498500;2014-07-01;1900-01-08;6;Tetuán;63;3;Castillejos;SOFORA, CALLE, DE LA;6;0106330280;-3.6938872990;40.4638374790
441370.9383450000;4478966.4827850000;2014-07-01;1900-01-08;6;Tetuán;63;3;Castillejos;SOR ANGELA DE LA CRUZ, CALLE, DE;2;0106330235;-3.6914996690;40.4592983930
441059.1678751800;4479018.8253551500;2014-07-01;1900-01-08;6;Tetuán;63;3;Castillejos;SOR ANGELA DE LA CRUZ, CALLE, DE;22;0106330232;-3.6951814390;40.4597479350
441016.4612198220;4479037.7982942900;2014-07-01;1900-01-08;6;Tetuán;63;3;Castillejos;SOR ANGELA DE LA CRUZ, CALLE, DE;24;0106330231;-3.6956869020;40.4599164420
441273.4964650000;4478974.4273050000;2014-07-01;1900-01-08;6;Tetuán;63;3;Castillejos;SOR ANGELA DE LA CRUZ, CALLE, DE;6;0106330234;-3.6926496530;40.4593634230
441241.6556642660;4478939.3260720700;2014-07-01;1900-01-08;6;Tetuán;63;3;Castillejos;SOR ANGELA DE LA CRUZ, CALLE, DE;7;0106330261;-3.6930218460;40.4590451450
440913.2540750000;4478668.9546350000;2014-07-01;1900-01-08;6;Tetuán;63;3;Castillejos;TERESITA GONZALEZ QUEVEDO, CALLE, DE;14;0106330227;-3.6968697730;40.4565862400
440912.5306642660;4478811.4510720700;2014-07-01;1900-01-08;6;Tetuán;63;3;Castillejos;TERESITA GONZALEZ QUEVEDO, CALLE, DE;15;0106330250;-3.6968915460;40.4578699520
441278.1278864880;4479527.4094054000;2014-07-01;1900-01-08;6;Tetuán;63;3;Castillejos;ULPIANA BENITO, CALLE, DE;10;0106330279;-3.6926461580;40.4643455780
441161.4892380000;4479764.9879380000;2017-01-01;1900-01-08;6;Tetuán;64;4;Almenara;AGUILEÑAS, CALLE, DE LAS;11;0106420640;-3.6940438880;40.4664768660
441161.4892380000;4479764.9879380000;2014-07-01;2017-01-01;6;Tetuán;64;4;Almenara;AGUILEÑAS, CALLE, DE LAS;11;0406420640;-3.6940438880;40.4664768660
441343.3036377110;4480094.4793819000;2017-01-01;1900-01-08;6;Tetuán;64;4;Almenara;AILANTO, CALLE, DEL;20;0106420597;-3.6919298460;40.4694586530
441343.6603000000;4480093.7684810000;2014-07-01;2017-01-01;6;Tetuán;64;4;Almenara;AILANTO, CALLE, DEL;20;0406420597;-3.6919255490;40.4694521790
441393.9374930000;4480062.9857930000;2014-07-01;2017-01-01;6;Tetuán;64;4;Almenara;AILANTO, CALLE, DEL;3;0406420595;-3.6913296720;40.4691777890
441203.7714110000;4480157.8240360000;2017-01-01;1900-01-08;6;Tetuán;64;4;Almenara;AILANTO, CALLE, DEL;40 A;0106420629;-3.6935815110;40.4700186050
441203.7714110000;4480157.8240360000;2014-07-01;2017-01-01;6;Tetuán;64;4;Almenara;AILANTO, CALLE, DEL;40 A;0406420629;-3.6935815110;40.4700186050
440636.3869170000;4480313.1045790000;2017-01-01;1900-01-08;6;Tetuán;64;4;Almenara;ALVAREZ, CALLE, DE;20;0106420589;-3.7002887270;40.4713777750
440636.3869170000;4480313.1045790000;2014-07-01;2017-01-01;6;Tetuán;64;4;Almenara;ALVAREZ, CALLE, DE;20;0406420589;-3.7002887270;40.4713777750
441032.1603000000;4479869.0462580000;2017-01-01;1900-01-08;6;Tetuán;64;4;Almenara;ANTONIO, CALLE, DE;25;0106420576;-3.6955789570;40.4674050010
441032.1603000000;4479869.0462580000;2014-07-01;2017-01-01;6;Tetuán;64;4;Almenara;ANTONIO, CALLE, DE;25;0406420576;-3.6955789570;40.4674050010
440991.7114600000;4479778.7101600000;2017-01-01;1900-01-08;6;Tetuán;64;4;Almenara;ANTONIO, CALLE, DE;6;0106420577;-3.6960477510;40.4665885930
440991.7114600000;4479778.7101600000;2014-07-01;2017-01-01;6;Tetuán;64;4;Almenara;ANTONIO, CALLE, DE;6;0406420577;-3.6960477510;40.4665885930
441227.3825220000;4479897.8240360000;2017-01-01;1900-01-08;6;Tetuán;64;4;Almenara;ASTURIAS, AVENIDA, DE;21;0106420555;-3.6932789320;40.4676787030
441227.3825220000;4479897.8240360000;2014-07-01;2017-01-01;6;Tetuán;64;4;Almenara;ASTURIAS, AVENIDA, DE;21;0406420555;-3.6932789320;40.4676787030
441158.1603000000;4480016.3240360000;2017-01-01;1900-01-08;6;Tetuán;64;4;Almenara;ASTURIAS, AVENIDA, DE;24;0106420637;-3.6941064550;40.4687414250
441158.1603000000;4480016.3240360000;2014-07-01;2017-01-01;6;Tetuán;64;4;Almenara;ASTURIAS, AVENIDA, DE;24;0406420637;-3.6941064550;40.4687414250
441098.2714110000;4480070.9351470000;2017-01-01;1900-01-08;6;Tetuán;64;4;Almenara;ASTURIAS, AVENIDA, DE;26;0106420557;-3.6948179540;40.4692290120
441098.2714110000;4480070.9351470000;2014-07-01;2017-01-01;6;Tetuán;64;4;Almenara;ASTURIAS, AVENIDA, DE;26;0406420557;-3.6948179540;40.4692290120
441077.9985831210;4480012.1813575200;2017-01-01;1900-01-08;6;Tetuán;64;4;Almenara;ASTURIAS, AVENIDA, DE;33;0106420652;-3.6950515490;40.4686981090
441030.2621500000;4480136.2542400000;2017-01-01;1900-01-08;6;Tetuán;64;4;Almenara;ASTURIAS, AVENIDA, DE;34;0106420569;-3.6956261680;40.4698123400
441030.2621500000;4480136.2542400000;2014-07-01;2017-01-01;6;Tetuán;64;4;Almenara;ASTURIAS, AVENIDA, DE;34;0406420569;-3.6956261680;40.4698123400
440982.0723309330;4480104.7242202200;2017-01-01;1900-01-08;6;Tetuán;64;4;Almenara;ASTURIAS, AVENIDA, DE;41;0106420568;-3.6961917350;40.4695247730
440979.6603000000;4480107.6018140000;2014-07-01;2017-01-01;6;Tetuán;64;4;Almenara;ASTURIAS, AVENIDA, DE;41;0406420568;-3.6962204400;40.4695503840
440875.8269670000;4480285.1018140000;2017-01-01;1900-01-08;6;Tetuán;64;4;Almenara;ASTURIAS, AVENIDA, DE;50;0106420654;-3.6974616960;40.4711426910
440875.8269670000;4480285.1018140000;2014-07-01;2017-01-01;6;Tetuán;64;4;Almenara;ASTURIAS, AVENIDA, DE;50;0406420654;-3.6974616960;40.4711426910
440826.1834420440;4480255.1316276300;2017-01-01;1900-01-08;6;Tetuán;64;4;Almenara;ASTURIAS, AVENIDA, DE;55;0106420567;-3.6980445660;40.4708687600
440826.6047440000;4480255.5462580000;2014-07-01;2017-01-01;6;Tetuán;64;4;Almenara;ASTURIAS, AVENIDA, DE;55;0406420567;-3.6980396380;40.4708726560
440773.4385860770;4480306.0904753600;2017-01-01;1900-01-08;6;Tetuán;64;4;Almenara;ASTURIAS, AVENIDA, DE;59;0106420566;-3.6986714390;40.4713243190
440761.9424730000;4480316.9379120000;2014-07-01;2017-01-01;6;Tetuán;64;4;Almenara;ASTURIAS, AVENIDA, DE;61;0406420566;-3.6988079750;40.4714206900
440786.9424730000;4480370.9934680000;2017-01-01;1900-01-08;6;Tetuán;64;4;Almenara;ASTURIAS, AVENIDA, DE;64;0106420655;-3.6985181730;40.4719095950
440786.9424730000;4480370.9934680000;2014-07-01;2017-01-01;6;Tetuán;64;4;Almenara;ASTURIAS, AVENIDA, DE;64;0406420655;-3.6985181730;40.4719095950
441241.7389975990;4479949.5760720700;2017-01-01;1900-01-08;6;Tetuán;64;4;Almenara;ASTURIAS, AVENIDA, DE;8;0106420653;-3.6931144360;40.4681460640
441242.2714110000;4479950.4351470000;2014-07-01;2017-01-01;6;Tetuán;64;4;Almenara;ASTURIAS, AVENIDA, DE;8;0406420653;-3.6931082480;40.4681533980
440949.1047440000;4480215.3795920000;2017-01-01;1900-01-08;6;Tetuán;64;4;Almenara;ASTURIAS, AVENIDA, DE;S/N;0106420558;-3.6965908570;40.4705191980
441154.3269670000;4479943.9907030000;2017-01-01;1900-01-08;6;Tetuán;64;4;Almenara;ASTURIAS, AVENIDA, DE;S/N;0106420638;-3.6941449580;40.4680896850
441400.2108900000;4479840.5386030000;2017-01-01;1900-01-08;6;Tetuán;64;4;Almenara;ASTURIAS, AVENIDA, DE;S/N;0106420646;-3.6912351920;40.4671743850
440915.6649235250;4480169.0945905900;2017-01-01;1900-01-08;6;Tetuán;64;4;Almenara;ASTURIAS, AVENIDA, DE;S/N;0106420651;-3.6969809840;40.4701002510
440949.1047440000;4480215.3795920000;2014-07-01;2017-01-01;6;Tetuán;64;4;Almenara;ASTURIAS, AVENIDA, DE;S/N;0406420558;-3.6965908570;40.4705191980
441154.3269670000;4479943.9907030000;2014-07-01;2017-01-01;6;Tetuán;64;4;Almenara;ASTURIAS, AVENIDA, DE;S/N;0406420638;-3.6941449580;40.4680896850
441400.2108900000;4479840.5386030000;2014-07-01;2017-01-01;6;Tetuán;64;4;Almenara;ASTURIAS, AVENIDA, DE;S/N;0406420646;-3.6912351920;40.4671743850
440919.6603000000;4480165.2129250000;2014-07-01;2017-01-01;6;Tetuán;64;4;Almenara;ASTURIAS, AVENIDA, DE;S/N;0406420651;-3.6969334860;40.4700657590
441080.7714110000;4480010.4907030000;2014-07-01;2017-01-01;6;Tetuán;64;4;Almenara;ASTURIAS, AVENIDA, DE;S/N;0406420652;-3.6950187190;40.4686831550
440657.2343740000;4480167.8610730000;2017-01-01;1900-01-08;6;Tetuán;64;4;Almenara;BARACALDO, CALLE, DE;15;0106420592;-3.7000291770;40.4700704580
440657.2343740000;4480167.8610730000;2014-07-01;2017-01-01;6;Tetuán;64;4;Almenara;BARACALDO, CALLE, DE;15;0406420592;-3.7000291770;40.4700704580
440713.6047440000;4480229.2684810000;2014-07-01;2017-01-01;6;Tetuán;64;4;Almenara;BARACALDO, CALLE, DE;23;0406420587;-3.6993699890;40.4706273730
440713.6556642660;4480227.9510720700;2017-01-01;1900-01-08;6;Tetuán;64;4;Almenara;BARACALDO, CALLE, DE;32;0106420587;-3.6993693020;40.4706162570
440992.8269670000;4479919.9907030000;2017-01-01;1900-01-08;6;Tetuán;64;4;Almenara;BASCONES, CALLE, DE;22;0106420579;-3.6960476360;40.4678613040
440992.8269670000;4479919.9907030000;2014-07-01;2017-01-01;6;Tetuán;64;4;Almenara;BASCONES, CALLE, DE;22;0406420579;-3.6960476360;40.4678613040
441437.8263820000;4480418.2635710000;2017-01-01;1900-01-08;6;Tetuán;64;4;Almenara;CAÑAVERAL, CALLE, DEL;102;0106420626;-3.6908447780;40.4723819410
441437.8263820000;4480418.2635710000;2014-07-01;2017-01-01;6;Tetuán;64;4;Almenara;CAÑAVERAL, CALLE, DEL;102;0406420626;-3.6908447780;40.4723819410
441092.4336830000;4479742.4879380000;2017-01-01;1900-01-08;6;Tetuán;64;4;Almenara;CAÑAVERAL, CALLE, DEL;13;0106420572;-3.6948562850;40.4662694560
441092.4336830000;4479742.4879380000;2014-07-01;2017-01-01;6;Tetuán;64;4;Almenara;CAÑAVERAL, CALLE, DEL;13;0406420572;-3.6948562850;40.4662694560
441144.1047440000;4479874.3795920000;2017-01-01;1900-01-08;6;Tetuán;64;4;Almenara;CAÑAVERAL, CALLE, DEL;26 A;0106420575;-3.6942590910;40.4674612650
441144.1047440000;4479874.3795920000;2014-07-01;2017-01-01;6;Tetuán;64;4;Almenara;CAÑAVERAL, CALLE, DEL;26 A;0406420575;-3.6942590910;40.4674612650
441227.2389975990;4480054.3260720700;2017-01-01;1900-01-08;6;Tetuán;64;4;Almenara;CAÑAVERAL, CALLE, DEL;63;0106420598;-3.6932951470;40.4690885800
441286.8825220000;4480167.3795920000;2017-01-01;1900-01-08;6;Tetuán;64;4;Almenara;CAÑAVERAL, CALLE, DEL;79;0106420599;-3.6926021540;40.4701110230
441286.8825220000;4480167.3795920000;2014-07-01;2017-01-01;6;Tetuán;64;4;Almenara;CAÑAVERAL, CALLE, DEL;79;0406420599;-3.6926021540;40.4701110230
441363.6834420440;4480309.0205165200;2017-01-01;1900-01-08;6;Tetuán;64;4;Almenara;CAÑAVERAL, CALLE, DEL;99;0106420605;-3.6917093140;40.4713919280
441364.7152700000;4480310.3191260000;2014-07-01;2017-01-01;6;Tetuán;64;4;Almenara;CAÑAVERAL, CALLE, DEL;99;0406420605;-3.6916972250;40.4714046470
440773.3269670000;4480126.0462580000;2017-01-01;1900-01-08;6;Tetuán;64;4;Almenara;CARMEN MONTOYA, CALLE, DE;8;0106420584;-3.6986559120;40.4697021030
440773.3269670000;4480126.0462580000;2014-07-01;2017-01-01;6;Tetuán;64;4;Almenara;CARMEN MONTOYA, CALLE, DE;8;0406420584;-3.6986559120;40.4697021030
441654.1035490000;4480342.3697570000;2017-01-01;1900-01-08;6;Tetuán;64;4;Almenara;CASTELLANA, PASEO, DE LA;227;0106420562;-3.6882866940;40.4717131280
441654.1035490000;4480342.3697570000;2014-07-01;2017-01-01;6;Tetuán;64;4;Almenara;CASTELLANA, PASEO, DE LA;227;0406420562;-3.6882866940;40.4717131280
441673.1035490000;4480429.6475340000;2017-01-01;1900-01-08;6;Tetuán;64;4;Almenara;CASTELLANA, PASEO, DE LA;233;0106420564;-3.6880705740;40.4725008870
441673.1035490000;4480429.6475340000;2014-07-01;2017-01-01;6;Tetuán;64;4;Almenara;CASTELLANA, PASEO, DE LA;233;0406420564;-3.6880705740;40.4725008870
441691.8898222180;4480512.9631487100;2017-01-01;1900-01-08;6;Tetuán;64;4;Almenara;CASTELLANA, PASEO, DE LA;245;0106420565;-3.6878566310;40.4732523790
441690.8257720000;4480519.4808680000;2014-07-01;2017-01-01;6;Tetuán;64;4;Almenara;CASTELLANA, PASEO, DE LA;247;0406420565;-3.6878698100;40.4733111070
441657.9325280000;4480265.6448040000;2017-01-01;1900-01-08;6;Tetuán;64;4;Almenara;CASTELLANA, PASEO, DE LA;S/N;0106420560;-3.6882344400;40.4710223700
441657.9325280000;4480265.6448040000;2014-07-01;2017-01-01;6;Tetuán;64;4;Almenara;CASTELLANA, PASEO, DE LA;S/N;0406420560;-3.6882344400;40.4710223700
441541.6035490000;4480379.7586460000;2017-01-01;1900-01-08;6;Tetuán;64;4;Almenara;CEDROS, CALLE, DE LOS;106;0106420601;-3.6896171020;40.4720425780
441541.6035490000;4480379.7586460000;2014-07-01;2017-01-01;6;Tetuán;64;4;Almenara;CEDROS, CALLE, DE LOS;106;0406420601;-3.6896171020;40.4720425780
441424.3474260450;4480147.1619661300;2021-07-01;1900-01-08;6;Tetuán;64;4;Almenara;CEDROS, CALLE, DE LOS;55;0106421157;-3.6909787930;40.4699385060
441392.0167753770;4480062.4649609600;2017-01-01;1900-01-08;6;Tetuán;64;4;Almenara;CEDROS, CALLE, DE LOS;56;0106420595;-3.6913523040;40.4691728620
441430.3078630000;4480146.1524590000;2017-01-01;2021-07-01;6;Tetuán;64;4;Almenara;CEDROS, CALLE, DE LOS;74;0106420600;-3.6909083770;40.4699297390
441430.3078630000;4480146.1524590000;2014-07-01;2017-01-01;6;Tetuán;64;4;Almenara;CEDROS, CALLE, DE LOS;74;0406420600;-3.6909083770;40.4699297390
441464.5486040000;4480236.8191260000;2017-01-01;1900-01-08;6;Tetuán;64;4;Almenara;CEDROS, CALLE, DE LOS;88;0106420604;-3.6905128070;40.4707490120
441464.5486040000;4480236.8191260000;2014-07-01;2017-01-01;6;Tetuán;64;4;Almenara;CEDROS, CALLE, DE LOS;88;0406420604;-3.6905128070;40.4707490120
441355.8775570000;4479693.4830480000;2017-01-01;1900-01-08;6;Tetuán;64;4;Almenara;CONDE DEL SERRALLO, CALLE, DEL;2;0106420551;-3.6917444370;40.4658468420
441355.8775570000;4479693.4830480000;2014-07-01;2017-01-01;6;Tetuán;64;4;Almenara;CONDE DEL SERRALLO, CALLE, DEL;2;0406420551;-3.6917444370;40.4658468420
441350.1556642660;4479747.1594054000;2017-01-01;1900-01-08;6;Tetuán;64;4;Almenara;CONDE DEL SERRALLO, CALLE, DEL;4;0106420563;-3.6918169160;40.4663303610
441350.3775570000;4479750.3719370000;2014-07-01;2017-01-01;6;Tetuán;64;4;Almenara;CONDE DEL SERRALLO, CALLE, DEL;4;0406420563;-3.6918145670;40.4663584930
440946.5491890000;4480085.9907030000;2017-01-01;1900-01-08;6;Tetuán;64;4;Almenara;COSTA VERDE, CALLE, DE LA;20;0106420581;-3.6966089630;40.4693533440
440946.5491890000;4480085.9907030000;2014-07-01;2017-01-01;6;Tetuán;64;4;Almenara;COSTA VERDE, CALLE, DE LA;20;0406420581;-3.6966089630;40.4693533440
441091.7714110000;4479952.8240360000;2017-01-01;1900-01-08;6;Tetuán;64;4;Almenara;COSTA VERDE, CALLE, DE LA;9;0106420580;-3.6948836720;40.4681641700
441091.7714110000;4479952.8240360000;2014-07-01;2017-01-01;6;Tetuán;64;4;Almenara;COSTA VERDE, CALLE, DE LA;9;0406420580;-3.6948836720;40.4681641700
441180.6603000000;4479821.8795920000;2017-01-01;1900-01-08;6;Tetuán;64;4;Almenara;DELFIN, CALLE, DEL;2;0106420574;-3.6938230130;40.4669912110
441180.6603000000;4479821.8795920000;2014-07-01;2017-01-01;6;Tetuán;64;4;Almenara;DELFIN, CALLE, DEL;2;0406420574;-3.6938230130;40.4669912110
440502.7758060000;4480324.4379120000;2014-07-01;2017-01-01;6;Tetuán;64;4;Almenara;DIRECCION, PASEO, DE LA;325;0406420585;-3.7018657930;40.4714697350
441154.5214110000;4480070.4907030000;2017-01-01;1900-01-08;6;Tetuán;64;4;Almenara;EMILIA, CALLE, DE;17;0106420636;-3.6941544120;40.4692285540
441154.5214110000;4480070.4907030000;2014-07-01;2017-01-01;6;Tetuán;64;4;Almenara;EMILIA, CALLE, DE;17;0406420636;-3.6941544120;40.4692285540
441073.2158550000;4480150.4351470000;2017-01-01;1900-01-08;6;Tetuán;64;4;Almenara;EMILIA, CALLE, DE;26;0106420635;-3.6951208770;40.4699429170
441073.2158550000;4480150.4351470000;2014-07-01;2017-01-01;6;Tetuán;64;4;Almenara;EMILIA, CALLE, DE;26;0406420635;-3.6951208770;40.4699429170
440855.0617431270;4480359.3121071200;2017-01-01;1900-01-08;6;Tetuán;64;4;Almenara;EMILIA, CALLE, DE;47;0106420633;-3.6977135110;40.4718094420
440854.7758060000;4480360.6601340000;2014-07-01;2017-01-01;6;Tetuán;64;4;Almenara;EMILIA, CALLE, DE;47;0406420633;-3.6977171210;40.4718210730
440959.2714110000;4480259.5462580000;2017-01-01;1900-01-08;6;Tetuán;64;4;Almenara;EMILIA, CALLE, DE;50;0106420634;-3.6964750630;40.4709180910
440959.2714110000;4480259.5462580000;2014-07-01;2017-01-01;6;Tetuán;64;4;Almenara;EMILIA, CALLE, DE;50;0406420634;-3.6964750630;40.4709180910
441288.6047440000;4479978.8240360000;2017-01-01;1900-01-08;6;Tetuán;64;4;Almenara;EMILIA, CALLE, DE;S/N;0106420593;-3.6925643960;40.4684122030
441288.6047440000;4479978.8240360000;2014-07-01;2017-01-01;6;Tetuán;64;4;Almenara;EMILIA, CALLE, DE;S/N;0406420593;-3.6925643960;40.4684122030
441235.4936330000;4480247.3240360000;2017-01-01;1900-01-08;6;Tetuán;64;4;Almenara;GENERAL PINTOS, CALLE, DEL;21 A;0106420609;-3.6932156780;40.4708275070
441235.4936330000;4480247.3240360000;2014-07-01;2017-01-01;6;Tetuán;64;4;Almenara;GENERAL PINTOS, CALLE, DEL;21 A;0406420609;-3.6932156780;40.4708275070
441264.6091390000;4480292.7712460000;2017-01-01;1900-01-08;6;Tetuán;64;4;Almenara;GENERAL PINTOS, CALLE, DEL;32 B;0106420610;-3.6928764870;40.4712391200
441264.6091390000;4480292.7712460000;2014-07-01;2017-01-01;6;Tetuán;64;4;Almenara;GENERAL PINTOS, CALLE, DEL;32 B;0406420610;-3.6928764870;40.4712391200
441296.6091390000;4480380.2156900000;2017-01-01;1900-01-08;6;Tetuán;64;4;Almenara;GENERAL PINTOS, CALLE, DEL;41;0106420606;-3.6925071010;40.4720289990
441296.6091390000;4480380.2156900000;2014-07-01;2017-01-01;6;Tetuán;64;4;Almenara;GENERAL PINTOS, CALLE, DEL;41;0406420606;-3.6925071010;40.4720289990
441141.3269670000;4480232.7684810000;2017-01-01;1900-01-08;6;Tetuán;64;4;Almenara;GERANIOS, CALLE, DE LOS;6;0106420607;-3.6943250960;40.4706902260
441141.3269670000;4480232.7684810000;2014-07-01;2017-01-01;6;Tetuán;64;4;Almenara;GERANIOS, CALLE, DE LOS;6;0406420607;-3.6943250960;40.4706902260
441617.7887340000;4480463.5549420000;2017-01-01;1900-01-08;6;Tetuán;64;4;Almenara;LUIS ESTEBAN, CALLE, DE;5;0106420639;-3.6887262100;40.4728023200
441617.7887340000;4480463.5549420000;2014-07-01;2017-01-01;6;Tetuán;64;4;Almenara;LUIS ESTEBAN, CALLE, DE;5;0406420639;-3.6887262100;40.4728023200
441466.8819370000;4480353.4857930000;2017-01-01;1900-01-08;6;Tetuán;64;4;Almenara;MAGNOLIAS, CALLE, DE LAS;87;0106420602;-3.6904960760;40.4718000450
441466.8819370000;4480353.4857930000;2014-07-01;2017-01-01;6;Tetuán;64;4;Almenara;MAGNOLIAS, CALLE, DE LAS;87;0406420602;-3.6904960760;40.4718000450
441521.2745551060;4480555.0636342600;2017-01-01;1900-01-08;6;Tetuán;64;4;Almenara;MAGNOLIAS, CALLE, DE LAS;S/N;0106420622;-3.6898730420;40.4736203320
441523.8257720000;4480556.2030900000;2014-07-01;2017-01-01;6;Tetuán;64;4;Almenara;MAGNOLIAS, CALLE, DE LAS;S/N;0406420622;-3.6898430760;40.4736301870
440926.3269670000;4479976.9907030000;2017-01-01;1900-01-08;6;Tetuán;64;4;Almenara;MARCELINA, CALLE, DE;25;0106420578;-3.6968373440;40.4683705490
440926.3269670000;4479976.9907030000;2014-07-01;2017-01-01;6;Tetuán;64;4;Almenara;MARCELINA, CALLE, DE;25;0406420578;-3.6968373440;40.4683705490
441517.5479940000;4480471.1475340000;2017-01-01;2017-04-05;6;Tetuán;64;4;Almenara;MARQUES DE ENCINARES, CALLE, DEL;7;0106420625;-3.6899092530;40.4728635120
441517.5479940000;4480471.1475340000;2014-07-01;2017-01-01;6;Tetuán;64;4;Almenara;MARQUES DE ENCINARES, CALLE, DEL;7;0406420625;-3.6899092530;40.4728635120
441580.5306642660;4480152.4510720700;2019-07-02;1900-01-08;6;Tetuán;64;4;Almenara;MARTIRES DE LA VENTILLA, CALLE, DE LOS;3;0106421133;-3.6891370780;40.4699970050
441418.3449000000;4480228.4117190000;2017-01-01;1900-01-08;6;Tetuán;64;4;Almenara;MARTIRES DE LA VENTILLA, CALLE, DE LOS;31;0106420603;-3.6910571160;40.4706700010
441418.3449000000;4480228.4117190000;2014-07-01;2017-01-01;6;Tetuán;64;4;Almenara;MARTIRES DE LA VENTILLA, CALLE, DE LOS;31;0406420603;-3.6910571160;40.4706700010
441179.4980280000;4480333.6601340000;2017-01-01;1900-01-08;6;Tetuán;64;4;Almenara;MARTIRES DE LA VENTILLA, CALLE, DE LOS;99;0106420611;-3.6938841470;40.4716011140
441179.4980280000;4480333.6601340000;2014-07-01;2017-01-01;6;Tetuán;64;4;Almenara;MARTIRES DE LA VENTILLA, CALLE, DE LOS;99;0406420611;-3.6938841470;40.4716011140
441051.6091390000;4480406.2156900000;2017-01-01;1900-01-08;6;Tetuán;64;4;Almenara;MARTIRES DE LA VENTILLA, CALLE, DE LOS;S/N;0106420612;-3.6953994490;40.4722456920
441051.6091390000;4480406.2156900000;2014-07-01;2017-01-01;6;Tetuán;64;4;Almenara;MARTIRES DE LA VENTILLA, CALLE, DE LOS;S/N;0406420612;-3.6953994490;40.4722456920
441372.7708260000;4480400.0969040000;2017-01-01;1900-01-08;6;Tetuán;64;4;Almenara;MATILDE LANDA, CALLE, DE;13;0106420627;-3.6916105360;40.4722132050
441372.7708260000;4480400.0969040000;2014-07-01;2017-01-01;6;Tetuán;64;4;Almenara;MATILDE LANDA, CALLE, DE;13;0406420627;-3.6916105360;40.4722132050
441243.6646950000;4480467.1045790000;2017-01-01;1900-01-08;6;Tetuán;64;4;Almenara;MATILDE LANDA, CALLE, DE;28 C;0106420628;-3.6931396460;40.4728083370
441243.6646950000;4480467.1045790000;2014-07-01;2017-01-01;6;Tetuán;64;4;Almenara;MATILDE LANDA, CALLE, DE;28 C;0406420628;-3.6931396460;40.4728083370
441584.6556642660;4480320.6594054000;2017-01-01;1900-01-08;6;Tetuán;64;4;Almenara;MATILDE LANDA, CALLE, DE;S/N;0106420642;-3.6891039030;40.4715126500
441584.1591050000;4480318.2030900000;2014-07-01;2017-01-01;6;Tetuán;64;4;Almenara;MATILDE LANDA, CALLE, DE;S/N;0406420642;-3.6891095760;40.4714908770
440508.6025050920;4480318.7364608900;2017-01-01;1900-01-08;6;Tetuán;64;4;Almenara;MOLINA, CALLE, DE;63;0106420585;-3.7017965230;40.4714187990
440852.5908494510;4480065.1686646600;2017-01-01;1900-01-08;6;Tetuán;64;4;Almenara;MONTOYA, CALLE, DE;17;0106420583;-3.6977152870;40.4691598560
440853.1603000000;4480065.1203320000;2014-07-01;2017-01-01;6;Tetuán;64;4;Almenara;MONTOYA, CALLE, DE;17;0406420583;-3.6977085830;40.4691591110
441249.1834420440;4479677.1316276300;2017-01-01;1900-01-08;6;Tetuán;64;4;Almenara;NARDO, CALLE, DEL;1;0106420552;-3.6930014490;40.4656915700
441248.6003490000;4479679.9046040000;2014-07-01;2017-01-01;6;Tetuán;64;4;Almenara;NARDO, CALLE, DEL;1;0406420552;-3.6930085530;40.4657171820
441237.4336830000;4479776.2657160000;2017-01-01;1900-01-08;6;Tetuán;64;4;Almenara;NARDO, CALLE, DEL;12;0106420573;-3.6931492150;40.4665844680
441237.4336830000;4479776.2657160000;2014-07-01;2017-01-01;6;Tetuán;64;4;Almenara;NARDO, CALLE, DEL;12;0406420573;-3.6931492150;40.4665844680
440993.6646950000;4480450.3268010000;2017-01-01;1900-01-08;6;Tetuán;64;4;Almenara;OESTE, PLAZA, DEL;5;0106420613;-3.6960871130;40.4726388560
440993.6646950000;4480450.3268010000;2014-07-01;2017-01-01;6;Tetuán;64;4;Almenara;OESTE, PLAZA, DEL;5;0406420613;-3.6960871130;40.4726388560
441081.3313620000;4480311.3268010000;2017-01-01;1900-01-08;6;Tetuán;64;4;Almenara;PADRE RUBIO, CALLE, DEL;55;0106420608;-3.6950400900;40.4713927300
441081.3313620000;4480311.3268010000;2014-07-01;2017-01-01;6;Tetuán;64;4;Almenara;PADRE RUBIO, CALLE, DEL;55;0406420608;-3.6950400900;40.4713927300
440946.4424730000;4480381.1045790000;2017-01-01;1900-01-08;6;Tetuán;64;4;Almenara;PADRE RUBIO, CALLE, DEL;77;0106420614;-3.6966376680;40.4720120970
440946.4424730000;4480381.1045790000;2014-07-01;2017-01-01;6;Tetuán;64;4;Almenara;PADRE RUBIO, CALLE, DEL;77;0406420614;-3.6966376680;40.4720120970
441170.6091390000;4480448.3268010000;2017-01-01;1900-01-08;6;Tetuán;64;4;Almenara;PALMERA, CALLE, DE LA;30;0106420615;-3.6939996560;40.4726334130
441170.6091390000;4480448.3268010000;2014-07-01;2017-01-01;6;Tetuán;64;4;Almenara;PALMERA, CALLE, DE LA;30;0406420615;-3.6939996560;40.4726334130
440549.9936330000;4480236.9907030000;2017-01-01;1900-01-08;6;Tetuán;64;4;Almenara;PINOS ALTA, CALLE, DE;118;0106420590;-3.7013006850;40.4706853560
440549.9936330000;4480236.9907030000;2014-07-01;2017-01-01;6;Tetuán;64;4;Almenara;PINOS ALTA, CALLE, DE;118;0406420590;-3.7013006850;40.4706853560
441000.2114600000;4479706.7101600000;2017-01-01;1900-01-08;6;Tetuán;64;4;Almenara;PINOS ALTA, CALLE, DE;19;0106420648;-3.6959407790;40.4659409220
441000.2114600000;4479706.7101600000;2014-07-01;2017-01-01;6;Tetuán;64;4;Almenara;PINOS ALTA, CALLE, DE;19;0406420648;-3.6959407790;40.4659409220
440940.0723309330;4479798.4094054000;2017-01-01;1900-01-08;6;Tetuán;64;4;Almenara;PINOS ALTA, CALLE, DE;28;0106420556;-3.6966585810;40.4667622570
440938.9936330000;4479798.7129250000;2014-07-01;2017-01-01;6;Tetuán;64;4;Almenara;PINOS ALTA, CALLE, DE;28;0406420556;-3.6966713580;40.4667649500
440889.7158550000;4479865.9351470000;2017-01-01;1900-01-08;6;Tetuán;64;4;Almenara;PINOS ALTA, CALLE, DE;40;0106420559;-3.6972588690;40.4673676440
440889.7158550000;4479865.9351470000;2014-07-01;2017-01-01;6;Tetuán;64;4;Almenara;PINOS ALTA, CALLE, DE;40;0406420559;-3.6972588690;40.4673676440
440825.2158550000;4479945.5462580000;2017-01-01;1900-01-08;6;Tetuán;64;4;Almenara;PINOS ALTA, CALLE, DE;56;0106420649;-3.6980270910;40.4680799450
440825.2158550000;4479945.5462580000;2014-07-01;2017-01-01;6;Tetuán;64;4;Almenara;PINOS ALTA, CALLE, DE;56;0406420649;-3.6980270910;40.4680799450
440723.6763740000;4480086.6220240000;2017-01-01;1900-01-08;6;Tetuán;64;4;Almenara;PINOS ALTA, CALLE, DE;91;0106420650;-3.6992378650;40.4693434320
440723.6763740000;4480086.6220240000;2014-07-01;2017-01-01;6;Tetuán;64;4;Almenara;PINOS ALTA, CALLE, DE;91;0406420650;-3.6992378650;40.4693434320
440629.5306642660;4480243.4510720700;2017-01-01;1900-01-08;6;Tetuán;64;4;Almenara;PINOS BAJA, CALLE, DE;85;0106420591;-3.7003630400;40.4707496990
440628.4936330000;4480244.4907030000;2014-07-01;2017-01-01;6;Tetuán;64;4;Almenara;PINOS BAJA, CALLE, DE;85;0406420591;-3.7003753580;40.4707584650
440684.0116450000;4480324.5448050000;2017-01-01;1900-01-08;6;Tetuán;64;4;Almenara;PINOS BAJA, CALLE, DE;95;0106420586;-3.6997279730;40.4714836010
440684.0116450000;4480324.5448050000;2014-07-01;2017-01-01;6;Tetuán;64;4;Almenara;PINOS BAJA, CALLE, DE;95;0406420586;-3.6997279730;40.4714836010
440869.6788180000;4480162.3055180000;2017-01-01;1900-01-08;6;Tetuán;64;4;Almenara;ROSARIO ROMERO, CALLE, DE;25;0106420582;-3.6975227160;40.4700359660
440869.6788180000;4480162.3055180000;2014-07-01;2017-01-01;6;Tetuán;64;4;Almenara;ROSARIO ROMERO, CALLE, DE;25;0406420582;-3.6975227160;40.4700359660
441521.1825280000;4480073.8948040000;2017-01-01;1900-01-08;6;Tetuán;64;4;Almenara;SAN AQUILINO, CALLE, DE;1;0106420645;-3.6898297840;40.4692851620
441521.1825280000;4480073.8948040000;2014-07-01;2017-01-01;6;Tetuán;64;4;Almenara;SAN AQUILINO, CALLE, DE;1;0406420645;-3.6898297840;40.4692851620
441558.2103050000;4480239.0336930000;2017-01-01;1900-01-08;6;Tetuán;64;4;Almenara;SAN AQUILINO, CALLE, DE;15;0106420643;-3.6894082580;40.4707757110
441558.2103050000;4480239.0336930000;2014-07-01;2017-01-01;6;Tetuán;64;4;Almenara;SAN AQUILINO, CALLE, DE;15;0406420643;-3.6894082580;40.4707757110
441540.1825280000;4480163.9781380000;2017-01-01;2019-07-15;6;Tetuán;64;4;Almenara;SAN AQUILINO, CALLE, DE;9;0106420644;-3.6896140080;40.4700982460
441540.1825280000;4480163.9781380000;2014-07-01;2017-01-01;6;Tetuán;64;4;Almenara;SAN AQUILINO, CALLE, DE;9;0406420644;-3.6896140080;40.4700982460
441503.0436390000;4479965.3670270000;2017-01-01;1900-01-08;6;Tetuán;64;4;Almenara;SAN AQUILINO, CALLE, DE;S/N;0106420647;-3.6900337570;40.4683064930
441503.0436390000;4479965.3670270000;2014-07-01;2017-01-01;6;Tetuán;64;4;Almenara;SAN AQUILINO, CALLE, DE;S/N;0406420647;-3.6900337570;40.4683064930
441408.3220020000;4479997.3163810000;2017-01-01;1900-01-08;6;Tetuán;64;4;Almenara;SAN BENITO, CALLE, DE;10;0106420594;-3.6911540040;40.4685879870
441408.3220020000;4479997.3163810000;2014-07-01;2017-01-01;6;Tetuán;64;4;Almenara;SAN BENITO, CALLE, DE;10;0406420594;-3.6911540040;40.4685879870
441226.8825220000;4480055.6018140000;2014-07-01;2017-01-01;6;Tetuán;64;4;Almenara;SAN BENITO, CALLE, DE;23;0406420598;-3.6932995010;40.4690997530
441145.1047440000;4480130.1573690000;2017-01-01;1900-01-08;6;Tetuán;64;4;Almenara;SAN BENITO, CALLE, DE;33;0106420630;-3.6942710090;40.4697656440
441145.1047440000;4480130.1573690000;2014-07-01;2017-01-01;6;Tetuán;64;4;Almenara;SAN BENITO, CALLE, DE;33;0406420630;-3.6942710090;40.4697656440
441089.6047440000;4480211.8795920000;2017-01-01;1900-01-08;6;Tetuán;64;4;Almenara;SAN BENITO, CALLE, DE;36;0106420631;-3.6949332900;40.4704976550
441089.6047440000;4480211.8795920000;2014-07-01;2017-01-01;6;Tetuán;64;4;Almenara;SAN BENITO, CALLE, DE;36;0406420631;-3.6949332900;40.4704976550
441450.3769720000;4480089.7003600000;2017-01-01;1900-01-08;6;Tetuán;64;4;Almenara;SAN LEOPOLDO, CALLE, DE;12;0106420596;-3.6906664740;40.4694225000
441450.3769720000;4480089.7003600000;2014-07-01;2017-01-01;6;Tetuán;64;4;Almenara;SAN LEOPOLDO, CALLE, DE;12;0406420596;-3.6906664740;40.4694225000
441060.3225720000;4479637.2101600000;2017-01-01;1900-01-08;6;Tetuán;64;4;Almenara;SIMANCAS, CALLE, DE;2;0106420570;-3.6952252700;40.4653186900
441060.3225720000;4479637.2101600000;2014-07-01;2017-01-01;6;Tetuán;64;4;Almenara;SIMANCAS, CALLE, DE;2;0406420570;-3.6952252700;40.4653186900
441277.1003490000;4479738.2101600000;2017-01-01;1900-01-08;6;Tetuán;64;4;Almenara;SIMANCAS, CALLE, DE;21;0106420571;-3.6926777850;40.4662441880
441277.1003490000;4479738.2101600000;2014-07-01;2017-01-01;6;Tetuán;64;4;Almenara;SIMANCAS, CALLE, DE;21;0406420571;-3.6926777850;40.4662441880
441191.3223309330;4479696.0760720700;2017-01-01;1900-01-08;6;Tetuán;64;4;Almenara;SIMANCAS, CALLE, DE;7 I;0106420553;-3.6936855600;40.4658584730
441190.6003490000;4479696.5712710000;2014-07-01;2017-01-01;6;Tetuán;64;4;Almenara;SIMANCAS, CALLE, DE;7 I;0406420553;-3.6936940970;40.4658628280
441662.9924380000;4480619.7030900000;2017-01-01;1900-01-08;6;Tetuán;64;4;Almenara;SINESIO DELGADO, CALLE, DE;3;0106420561;-3.6882073390;40.4742125410
441662.9924380000;4480619.7030900000;2014-07-01;2017-01-01;6;Tetuán;64;4;Almenara;SINESIO DELGADO, CALLE, DE;3;0406420561;-3.6882073390;40.4742125410
440993.7758060000;4480296.8268010000;2017-01-01;1900-01-08;6;Tetuán;64;4;Almenara;SOROLLA, CALLE, DE;4;0106420632;-3.6960715280;40.4712560220
440993.7758060000;4480296.8268010000;2014-07-01;2017-01-01;6;Tetuán;64;4;Almenara;SOROLLA, CALLE, DE;4;0406420632;-3.6960715280;40.4712560220
441415.1035490000;4480530.8142010000;2017-01-01;1900-01-08;6;Tetuán;64;4;Almenara;VIA LIMITE, CALLE, DE LA;13;0106420621;-3.6911232360;40.4733940710
441415.1035490000;4480530.8142010000;2014-07-01;2017-01-01;6;Tetuán;64;4;Almenara;VIA LIMITE, CALLE, DE LA;13;0406420621;-3.6911232360;40.4733940710
440831.9424730000;4480462.3268010000;2017-01-01;1900-01-08;6;Tetuán;64;4;Almenara;VIA LIMITE, CALLE, DE LA;14;0106420616;-3.6979959220;40.4727353990
440831.9424730000;4480462.3268010000;2014-07-01;2017-01-01;6;Tetuán;64;4;Almenara;VIA LIMITE, CALLE, DE LA;14;0406420616;-3.6979959220;40.4727353990
441323.5440450000;4480541.3111050000;2014-07-01;2017-01-01;6;Tetuán;64;4;Almenara;VIA LIMITE, CALLE, DE LA;33;0406420620;-3.6922042350;40.4734820780
441307.3223309330;4480544.2427387400;2017-01-01;1900-01-08;6;Tetuán;64;4;Almenara;VIA LIMITE, CALLE, DE LA;41;0106420620;-3.6923958320;40.4735075740
441189.4424730000;4480557.7712460000;2017-01-01;1900-01-08;6;Tetuán;64;4;Almenara;VIA LIMITE, CALLE, DE LA;73;0106420619;-3.6937876610;40.4736212490
441189.4424730000;4480557.7712460000;2014-07-01;2017-01-01;6;Tetuán;64;4;Almenara;VIA LIMITE, CALLE, DE LA;73;0406420619;-3.6937876610;40.4736212490
440935.1091390000;4480504.6601340000;2017-01-01;1900-01-08;6;Tetuán;64;4;Almenara;VIA LIMITE, CALLE, DE LA;S/N;0106420617;-3.6967829130;40.4731240940
441040.8869170000;4480552.2712460000;2017-01-01;1900-01-08;6;Tetuán;64;4;Almenara;VIA LIMITE, CALLE, DE LA;S/N;0106420618;-3.6955395370;40.4735612600
440935.1091390000;4480504.6601340000;2014-07-01;2017-01-01;6;Tetuán;64;4;Almenara;VIA LIMITE, CALLE, DE LA;S/N;0406420617;-3.6967829130;40.4731240940
441040.8869170000;4480552.2712460000;2014-07-01;2017-01-01;6;Tetuán;64;4;Almenara;VIA LIMITE, CALLE, DE LA;S/N;0406420618;-3.6955395370;40.4735612600
441633.5953043010;4480501.9175997300;2017-01-01;1900-01-08;6;Tetuán;64;4;Almenara;VICENTE GACEO, CALLE, DE;17;0106420624;-3.6885432640;40.4731493610
441632.3813270000;4480500.3697570000;2014-07-01;2017-01-01;6;Tetuán;64;4;Almenara;VICENTE GACEO, CALLE, DE;17;0406420624;-3.6885574160;40.4731348650
441580.2736771430;4480522.5789986200;2017-01-01;1900-01-08;6;Tetuán;64;4;Almenara;VICENTE GACEO, CALLE, DE;S/N;0106420623;-3.6891742630;40.4733312180
441580.4368830000;4480524.3697570000;2014-07-01;2017-01-01;6;Tetuán;64;4;Almenara;VICENTE GACEO, CALLE, DE;S/N;0406420623;-3.6891724290;40.4733472030
441161.5723309330;4479623.8260720700;2017-01-01;1900-01-08;6;Tetuán;64;4;Almenara;VIÑA VIRGEN, CALLE, DEL;2;0106420554;-3.6940297360;40.4652054730
441160.5170160000;4479626.6546040000;2014-07-01;2017-01-01;6;Tetuán;64;4;Almenara;VIÑA VIRGEN, CALLE, DEL;2;0406420554;-3.6940425130;40.4652310840
441114.6003490000;4479697.5434930000;2017-01-01;1900-01-08;6;Tetuán;64;4;Almenara;VIÑA VIRGEN, CALLE, DEL;3;0106420641;-3.6945906620;40.4658659790
441114.6003490000;4479697.5434930000;2014-07-01;2017-01-01;6;Tetuán;64;4;Almenara;VIÑA VIRGEN, CALLE, DEL;3;0406420641;-3.6945906620;40.4658659790
440791.9380780000;4480235.6018140000;2017-01-01;1900-01-08;6;Tetuán;64;4;Almenara;YEROS, CALLE, DEL;5;0106420588;-3.6984466680;40.4706902260
440791.9380780000;4480235.6018140000;2014-07-01;2017-01-01;6;Tetuán;64;4;Almenara;YEROS, CALLE, DEL;5;0406420588;-3.6984466680;40.4706902260
440183.0723309330;4480182.1594054000;2016-01-18;2017-01-01;6;Tetuán;65;5;Valdeacederas;(Sin Asignar);S/N;0406520551;-3.7056234800;40.4701651100
440160.4391880000;4479699.5004580000;2017-01-01;1900-01-08;6;Tetuán;65;5;Valdeacederas;AGAVE, CALLE, DEL;23;0106520510;-3.7058449850;40.4658159020
440160.4391880000;4479699.5004580000;2014-07-01;2017-01-01;6;Tetuán;65;5;Valdeacederas;AGAVE, CALLE, DEL;23;0406520510;-3.7058449850;40.4658159020
440004.7389975990;4479820.1871831800;2017-01-01;1900-01-08;6;Tetuán;65;5;Valdeacederas;ALBERDI, CALLE, DE;21;0106520518;-3.7076928310;40.4668919170
440008.7863950000;4479818.3678000000;2014-07-01;2017-01-01;6;Tetuán;65;5;Valdeacederas;ALBERDI, CALLE, DE;21;0406520518;-3.7076448750;40.4668757020
440055.6843630000;4479945.6514110000;2014-07-01;2017-01-01;6;Tetuán;65;5;Valdeacederas;ALBERDI, CALLE, DE;41;0406520517;-3.7071037740;40.4680257430
440518.2389975990;4479985.4094054000;2017-01-01;1900-01-08;6;Tetuán;65;5;Valdeacederas;ALFALFA, CALLE, DE LA;30;0106520502;-3.7016516790;40.4684174170
440519.2621500000;4479987.6970400000;2014-07-01;2017-01-01;6;Tetuán;65;5;Valdeacederas;ALFALFA, CALLE, DE LA;30;0406520502;-3.7016397610;40.4684379290
440249.6001390590;4479782.5510993900;2017-01-01;1900-01-08;6;Tetuán;65;5;Valdeacederas;ALIGUSTRE, CALLE, DEL;32;0106520505;-3.7048011710;40.4665704300
440257.8280770000;4479782.7226800000;2014-07-01;2017-01-01;6;Tetuán;65;5;Valdeacederas;ALIGUSTRE, CALLE, DEL;34;0406520505;-3.7047041690;40.4665723210
440283.7169650000;4479733.5560130000;2017-01-01;1900-01-08;6;Tetuán;65;5;Valdeacederas;ALMORTAS, CALLE, DE LAS;30;0106520506;-3.7043941410;40.4661318890
440283.7169650000;4479733.5560130000;2014-07-01;2017-01-01;6;Tetuán;65;5;Valdeacederas;ALMORTAS, CALLE, DE LAS;30;0406520506;-3.7043941410;40.4661318890
440230.8280770000;4479604.2041620000;2017-01-01;1900-01-08;6;Tetuán;65;5;Valdeacederas;ALMORTAS, CALLE, DE LAS;9;0106520508;-3.7050057740;40.4649621950
440230.8280770000;4479604.2041620000;2014-07-01;2017-01-01;6;Tetuán;65;5;Valdeacederas;ALMORTAS, CALLE, DE LAS;9;0406520508;-3.7050057740;40.4649621950
440497.8225720000;4479445.0434930000;2017-01-01;1900-01-08;6;Tetuán;65;5;Valdeacederas;ANA MARIA, CALLE, DE;16;0106520469;-3.7018417290;40.4635478490
440497.8225720000;4479445.0434930000;2014-07-01;2017-01-01;6;Tetuán;65;5;Valdeacederas;ANA MARIA, CALLE, DE;16;0406520469;-3.7018417290;40.4635478490
440498.0950550000;4479519.7500750000;2014-07-01;2017-01-01;6;Tetuán;65;5;Valdeacederas;ANA MARIA, CALLE, DE;29;0406520468;-3.7018455680;40.4642205590
440521.3225720000;4479653.0990490000;2017-01-01;2025-01-23;6;Tetuán;65;5;Valdeacederas;ANA MARIA, CALLE, DE;45;0106520486;-3.7015840700;40.4654241140
440521.3225720000;4479653.0990490000;2014-07-01;2017-01-01;6;Tetuán;65;5;Valdeacederas;ANA MARIA, CALLE, DE;45;0406520486;-3.7015840700;40.4654241140
440489.6793830000;4479801.6437410000;2017-01-01;1900-01-08;6;Tetuán;65;5;Valdeacederas;ANTONIO LANZUELA, CALLE, DE;13;0106520496;-3.7019712750;40.4667595640
440489.6793830000;4479801.6437410000;2014-07-01;2017-01-01;6;Tetuán;65;5;Valdeacederas;ANTONIO LANZUELA, CALLE, DE;13;0406520496;-3.7019712750;40.4667595640
440367.9829150000;4479875.9927300000;2017-01-01;1900-01-08;6;Tetuán;65;5;Valdeacederas;ANTONIO LANZUELA, CALLE, DE;39;0106520500;-3.7034136960;40.4674205850
440367.9829150000;4479875.9927300000;2014-07-01;2017-01-01;6;Tetuán;65;5;Valdeacederas;ANTONIO LANZUELA, CALLE, DE;39;0406520500;-3.7034136960;40.4674205850
440429.2158550000;4480071.8795920000;2017-01-01;1900-01-08;6;Tetuán;65;5;Valdeacederas;ARANDANO, CALLE, DEL;1;0106520536;-3.7027097600;40.4691892490
440429.2158550000;4480071.8795920000;2014-07-01;2017-01-01;6;Tetuán;65;5;Valdeacederas;ARANDANO, CALLE, DEL;1;0406520536;-3.7027097600;40.4691892490
440571.9936330000;4480044.9351470000;2017-01-01;1900-01-08;6;Tetuán;65;5;Valdeacederas;ARROYO, CALLE, DEL;10;0106520542;-3.7010231440;40.4689573730
440571.9936330000;4480044.9351470000;2014-07-01;2017-01-01;6;Tetuán;65;5;Valdeacederas;ARROYO, CALLE, DEL;10;0406520542;-3.7010231440;40.4689573730
440487.9406436900;4480118.1233971700;2017-01-01;1900-01-08;6;Tetuán;65;5;Valdeacederas;ARROYO, CALLE, DEL;24;0106520537;-3.7020214660;40.4696102010
440487.6047440000;4480117.6758880000;2014-07-01;2017-01-01;6;Tetuán;65;5;Valdeacederas;ARROYO, CALLE, DEL;24;0406520537;-3.7020253620;40.4696065910
440286.6058540000;4479594.4634210000;2017-01-01;1900-01-08;6;Tetuán;65;5;Valdeacederas;AZUCENAS, CALLE, DE LAS;102;0106520493;-3.7043469870;40.4648790590
440286.6058540000;4479594.4634210000;2014-07-01;2017-01-01;6;Tetuán;65;5;Valdeacederas;AZUCENAS, CALLE, DE LAS;102;0406520493;-3.7043469870;40.4648790590
440795.7855340000;4479418.6360860000;2017-01-01;1900-01-08;6;Tetuán;65;5;Valdeacederas;AZUCENAS, CALLE, DE LAS;11;0106520462;-3.6983250290;40.4633313850
440795.7855340000;4479418.6360860000;2014-07-01;2017-01-01;6;Tetuán;65;5;Valdeacederas;AZUCENAS, CALLE, DE LAS;11;0406520462;-3.6983250290;40.4633313850
440700.6402321670;4479450.9711338000;2017-01-01;1900-01-08;6;Tetuán;65;5;Valdeacederas;AZUCENAS, CALLE, DE LAS;25;0106520465;-3.6994502030;40.4636160310
440701.2114600000;4479451.5434930000;2014-07-01;2017-01-01;6;Tetuán;65;5;Valdeacederas;AZUCENAS, CALLE, DE LAS;25;0406520465;-3.6994435570;40.4636209580
440600.7114600000;4479492.5990490000;2017-01-01;1900-01-08;6;Tetuán;65;5;Valdeacederas;AZUCENAS, CALLE, DE LAS;38;0106520479;-3.7006327310;40.4639838700
440600.7114600000;4479492.5990490000;2014-07-01;2017-01-01;6;Tetuán;65;5;Valdeacederas;AZUCENAS, CALLE, DE LAS;38;0406520479;-3.7006327310;40.4639838700
440497.7019605620;4479519.3908868900;2017-01-01;1900-01-08;6;Tetuán;65;5;Valdeacederas;AZUCENAS, CALLE, DE LAS;57;0106520468;-3.7018502090;40.4642176940
440861.9889975990;4479403.7427387400;2017-01-01;1900-01-08;6;Tetuán;65;5;Valdeacederas;AZUCENAS, CALLE, DE LAS;6;0106520461;-3.6975427690;40.4632020690
440861.0077570000;4479402.9694190000;2014-07-01;2017-01-01;6;Tetuán;65;5;Valdeacederas;AZUCENAS, CALLE, DE LAS;6;0406520461;-3.6975542290;40.4631943910
440434.6003490000;4479549.3027530000;2017-01-01;1900-01-08;6;Tetuán;65;5;Valdeacederas;AZUCENAS, CALLE, DE LAS;68;0106520483;-3.7025971740;40.4644825720
440434.6003490000;4479549.3027530000;2014-07-01;2017-01-01;6;Tetuán;65;5;Valdeacederas;AZUCENAS, CALLE, DE LAS;68;0406520483;-3.7025971740;40.4644825720
440599.7528920000;4480103.1203320000;2017-01-01;1900-01-08;6;Tetuán;65;5;Valdeacederas;BARACALDO, CALLE, DE;9;0106520547;-3.7007011420;40.4694830610
440599.7528920000;4480103.1203320000;2014-07-01;2017-01-01;6;Tetuán;65;5;Valdeacederas;BARACALDO, CALLE, DE;9;0406520547;-3.7007011420;40.4694830610
440677.2081334020;4479724.3044671300;2017-01-01;1900-01-08;6;Tetuán;65;5;Valdeacederas;BARDALA, CALLE, DE LA;4;0106520476;-3.6997521520;40.4660763120
440675.8225720000;4479721.9694190000;2014-07-01;2017-01-01;6;Tetuán;65;5;Valdeacederas;BARDALA, CALLE, DE LA;4;0406520476;-3.6997682520;40.4660548830
440452.9707200000;4479593.8583080000;2017-01-01;1900-01-08;6;Tetuán;65;5;Valdeacederas;BENJAMIN, CALLE, DE;24;0106520484;-3.7023846640;40.4648854760
440452.9707200000;4479593.8583080000;2014-07-01;2017-01-01;6;Tetuán;65;5;Valdeacederas;BENJAMIN, CALLE, DE;24;0406520484;-3.7023846640;40.4648854760
440663.1885520000;4479207.4110940000;2017-01-01;1900-01-08;6;Tetuán;65;5;Valdeacederas;CACTUS, CALLE, DEL;24;0106520459;-3.6998691500;40.4614191960
440663.1885520000;4479207.4110940000;2014-07-01;2017-01-01;6;Tetuán;65;5;Valdeacederas;CACTUS, CALLE, DEL;24;0406520459;-3.6998691500;40.4614191960
440752.5262750000;4479377.3768270000;2017-01-01;1900-01-08;6;Tetuán;65;5;Valdeacederas;CACTUS, CALLE, DEL;46;0106520460;-3.6988313520;40.4629563270
440752.5262750000;4479377.3768270000;2014-07-01;2017-01-01;6;Tetuán;65;5;Valdeacederas;CACTUS, CALLE, DEL;46;0406520460;-3.6988313520;40.4629563270
440128.7725210000;4479759.1671240000;2017-01-01;2020-01-13;6;Tetuán;65;5;Valdeacederas;CANTUESO, CALLE, DEL;17;0106520521;-3.7062240540;40.4663513890
440128.7725210000;4479759.1671240000;2014-07-01;2017-01-01;6;Tetuán;65;5;Valdeacederas;CANTUESO, CALLE, DEL;17;0406520521;-3.7062240540;40.4663513890
440068.2169650000;4479703.2782360000;2017-01-01;2020-01-13;6;Tetuán;65;5;Valdeacederas;CANTUESO, CALLE, DEL;3;0106520519;-3.7069330890;40.4658430600
440068.2169650000;4479703.2782360000;2014-07-01;2017-01-01;6;Tetuán;65;5;Valdeacederas;CANTUESO, CALLE, DEL;3;0406520519;-3.7069330890;40.4658430600
440180.9436230000;4479832.3551150000;2017-01-01;2022-05-09;6;Tetuán;65;5;Valdeacederas;CANTUESO, CALLE, DEL;41;0106520522;-3.7056156300;40.4670139570
440180.9436230000;4479832.3551150000;2014-07-01;2017-01-01;6;Tetuán;65;5;Valdeacederas;CANTUESO, CALLE, DEL;41;0406520522;-3.7056156300;40.4670139570
440287.6119950000;4479946.9352000000;2017-01-01;1900-01-08;6;Tetuán;65;5;Valdeacederas;CANTUESO, CALLE, DEL;60;0106520530;-3.7043683010;40.4680538180
440287.6119950000;4479946.9352000000;2014-07-01;2017-01-01;6;Tetuán;65;5;Valdeacederas;CANTUESO, CALLE, DEL;60;0406520530;-3.7043683010;40.4680538180
440368.5497540000;4479815.0511480000;2017-01-01;1900-01-08;6;Tetuán;65;5;Valdeacederas;CAPITAN BLANCO ARGIBAY, CALLE, DEL;114;0106520454;-3.7034012060;40.4668715770
440368.5497540000;4479815.0511480000;2014-07-01;2017-01-01;6;Tetuán;65;5;Valdeacederas;CAPITAN BLANCO ARGIBAY, CALLE, DEL;114;0406520454;-3.7034012060;40.4668715770
440056.3315901920;4479935.8353313300;2017-01-01;1900-01-08;6;Tetuán;65;5;Valdeacederas;CAPITAN BLANCO ARGIBAY, CALLE, DEL;184;0106520517;-3.7070952360;40.4679372790
440803.2054081040;4479638.9781207400;2025-06-24;1900-01-08;6;Tetuán;65;5;Valdeacederas;CAPITAN BLANCO ARGIBAY, CALLE, DEL;30;0106520548;-3.6982581070;40.4653168560
440643.3809729080;4479687.3661955300;2017-01-01;1900-01-08;6;Tetuán;65;5;Valdeacederas;CAPITAN BLANCO ARGIBAY, CALLE, DEL;47;0106520451;-3.7001476080;40.4657410170
440643.0170160000;4479687.4879380000;2014-07-01;2017-01-01;6;Tetuán;65;5;Valdeacederas;CAPITAN BLANCO ARGIBAY, CALLE, DEL;47;0406520451;-3.7001519620;40.4657423350
440449.0352938960;4479776.2427387400;2017-01-01;1900-01-08;6;Tetuán;65;5;Valdeacederas;CAPITAN BLANCO ARGIBAY, CALLE, DEL;90;0106520453;-3.7024482620;40.4665278600
440448.1608650000;4479775.4400370000;2014-07-01;2017-01-01;6;Tetuán;65;5;Valdeacederas;CAPITAN BLANCO ARGIBAY, CALLE, DEL;90;0406520453;-3.7024584610;40.4665205830
440769.3781270000;4479312.6731230000;2017-01-01;1900-01-08;6;Tetuán;65;5;Valdeacederas;CEUTA, CALLE, DE;19;0106520448;-3.6986265190;40.4623750040
440769.3781270000;4479312.6731230000;2014-07-01;2017-01-01;6;Tetuán;65;5;Valdeacederas;CEUTA, CALLE, DE;19;0406520448;-3.6986265190;40.4623750040
440725.0404040000;4479249.9296120000;2017-01-01;1900-01-08;6;Tetuán;65;5;Valdeacederas;CEUTA, CALLE, DE;5;0106520447;-3.6991436140;40.4618066300
440725.0404040000;4479249.9296120000;2014-07-01;2017-01-01;6;Tetuán;65;5;Valdeacederas;CEUTA, CALLE, DE;5;0406520447;-3.6991436140;40.4618066300
440117.2533600000;4479665.4447950000;2017-01-01;1900-01-08;6;Tetuán;65;5;Valdeacederas;CRISANTEMO, CALLE, DEL;10;0106520511;-3.7063511930;40.4655057030
440117.2533600000;4479665.4447950000;2014-07-01;2017-01-01;6;Tetuán;65;5;Valdeacederas;CRISANTEMO, CALLE, DEL;10;0406520511;-3.7063511930;40.4655057030
440640.6744230000;4479302.6731230000;2017-01-01;1900-01-08;6;Tetuán;65;5;Valdeacederas;CUEVAS, CALLE, DE LAS;18;0106520463;-3.7001435970;40.4622757680
440640.6744230000;4479302.6731230000;2014-07-01;2017-01-01;6;Tetuán;65;5;Valdeacederas;CUEVAS, CALLE, DE LAS;18;0406520463;-3.7001435970;40.4622757680
440533.6559050000;4479363.8212710000;2017-01-01;1900-01-08;6;Tetuán;65;5;Valdeacederas;CUEVAS, CALLE, DE LAS;37;0106520467;-3.7014115520;40.4628191040
440533.6559050000;4479363.8212710000;2014-07-01;2017-01-01;6;Tetuán;65;5;Valdeacederas;CUEVAS, CALLE, DE LAS;37;0406520467;-3.7014115520;40.4628191040
440118.9333201050;4479468.8183898900;2017-01-01;1900-01-08;6;Tetuán;65;5;Valdeacederas;DIRECCION, PASEO, DE LA;151;0106620448;-3.7063128050;40.4637345190
440118.9333201050;4479468.8183898900;2016-07-18;2017-01-01;6;Tetuán;65;5;Valdeacederas;DIRECCION, PASEO, DE LA;151;0406620448;-3.7063128050;40.4637345190
440095.8518562750;4479605.5501576800;2017-01-01;1900-01-08;6;Tetuán;65;5;Valdeacederas;DIRECCION, PASEO, DE LA;176;0106520513;-3.7065979090;40.4649650030
440089.7667600000;4479605.7349950000;2014-07-01;2017-01-01;6;Tetuán;65;5;Valdeacederas;DIRECCION, PASEO, DE LA;176;0406520513;-3.7066697010;40.4649660910
440016.5581112940;4479649.7633962800;2014-07-01;2016-07-18;6;Tetuán;65;5;Valdeacederas;DIRECCION, PASEO, DE LA;184;0406520512;-3.7075373310;40.4653574790
439948.1694921850;4479824.5690483700;2017-01-31;1900-01-08;6;Tetuán;65;5;Valdeacederas;DIRECCION, PASEO, DE LA;224;0106520995;-3.7083604990;40.4669271540
440110.3512950000;4480124.0581000000;2014-07-01;2016-01-18;6;Tetuán;65;5;Valdeacederas;DIRECCION, PASEO, DE LA;267;0406520525;-3.7064758690;40.4696368430
440243.1743950000;4480127.2226000000;2014-07-01;2015-02-20;6;Tetuán;65;5;Valdeacederas;DIRECCION, PASEO, DE LA;289;0406520527;-3.7049094600;40.4696745440
440179.0737942050;4480091.2064496000;2017-01-01;1900-01-08;6;Tetuán;65;5;Valdeacederas;DIRECCION, PASEO, DE LA;312;0106520552;-3.7056620970;40.4693454370
440177.8602890000;4480087.3365960000;2016-03-29;2017-01-01;6;Tetuán;65;5;Valdeacederas;DIRECCION, PASEO, DE LA;312;0406520552;-3.7056760770;40.4693108300
440189.2988950000;4480099.5911000000;2014-07-01;2015-02-20;6;Tetuán;65;5;Valdeacederas;DIRECCION, PASEO, DE LA;314;0406520526;-3.7055422920;40.4694215830
440190.3117222120;4480138.0896805000;2017-01-01;1900-01-08;6;Tetuán;65;5;Valdeacederas;DIRECCION, PASEO, DE LA;S/N;0106520551;-3.7055340410;40.4697690820
439933.5183814620;4479827.8517943000;2017-01-31;1900-01-08;6;Tetuán;65;5;Valdeacederas;DIRECCION, PASEO, DE LA;S/N;0106520996;-3.7085335900;40.4669555730
440526.1834420440;4479866.6131091100;2017-01-01;1900-01-08;6;Tetuán;65;5;Valdeacederas;DIVINO REDENTOR, CALLE, DEL;23;0106520501;-3.7015467700;40.4673476480
440526.1047440000;4479867.4907030000;2014-07-01;2017-01-01;6;Tetuán;65;5;Valdeacederas;DIVINO REDENTOR, CALLE, DEL;23;0406520501;-3.7015478020;40.4673553830
440563.0491890000;4479929.7129250000;2017-01-01;1900-01-08;6;Tetuán;65;5;Valdeacederas;DIVINO REDENTOR, CALLE, DEL;34;0106520503;-3.7011177970;40.4679184280
440563.0491890000;4479929.7129250000;2014-07-01;2017-01-01;6;Tetuán;65;5;Valdeacederas;DIVINO REDENTOR, CALLE, DEL;34;0406520503;-3.7011177970;40.4679184280
440628.4380780000;4480045.4351470000;2017-01-01;1900-01-08;6;Tetuán;65;5;Valdeacederas;DIVINO REDENTOR, CALLE, DEL;52;0106520550;-3.7003574250;40.4689659670
440628.4380780000;4480045.4351470000;2014-07-01;2017-01-01;6;Tetuán;65;5;Valdeacederas;DIVINO REDENTOR, CALLE, DEL;52;0406520550;-3.7003574250;40.4689659670
440413.5497540000;4479937.6622590000;2017-01-01;1900-01-08;6;Tetuán;65;5;Valdeacederas;ESPERANZA SANCHEZ CARRASCOSA, CALLE, DE;27;0106520539;-3.7028819340;40.4679796770
440413.5497540000;4479937.6622590000;2014-07-01;2017-01-01;6;Tetuán;65;5;Valdeacederas;ESPERANZA SANCHEZ CARRASCOSA, CALLE, DE;27;0406520539;-3.7028819340;40.4679796770
440458.4380780000;4479999.4351470000;2017-01-01;2018-05-10;6;Tetuán;65;5;Valdeacederas;ESPERANZA SANCHEZ CARRASCOSA, CALLE, DE;43;0106520540;-3.7023582510;40.4685387120
440458.4380780000;4479999.4351470000;2014-07-01;2017-01-01;6;Tetuán;65;5;Valdeacederas;ESPERANZA SANCHEZ CARRASCOSA, CALLE, DE;43;0406520540;-3.7023582510;40.4685387120
440498.2714110000;4480050.4166290000;2017-01-01;1900-01-08;6;Tetuán;65;5;Valdeacederas;ESPERANZA SANCHEZ CARRASCOSA, CALLE, DE;57;0106520541;-3.7018932380;40.4690012610
440498.2714110000;4480050.4166290000;2014-07-01;2017-01-01;6;Tetuán;65;5;Valdeacederas;ESPERANZA SANCHEZ CARRASCOSA, CALLE, DE;57;0406520541;-3.7018932380;40.4690012610
440563.5015840000;4479431.7842340000;2017-01-01;1900-01-08;6;Tetuán;65;5;Valdeacederas;FERELUZ, CALLE, DE;22;0106520480;-3.7010658300;40.4634327420
440563.5015840000;4479431.7842340000;2014-07-01;2017-01-01;6;Tetuán;65;5;Valdeacederas;FERELUZ, CALLE, DE;22;0406520480;-3.7010658300;40.4634327420
440579.3225720000;4479570.4879380000;2017-01-01;1900-01-08;6;Tetuán;65;5;Valdeacederas;FERELUZ, CALLE, DE;55;0106520481;-3.7008922230;40.4646834510
440579.3225720000;4479570.4879380000;2014-07-01;2017-01-01;6;Tetuán;65;5;Valdeacederas;FERELUZ, CALLE, DE;55;0406520481;-3.7008922230;40.4646834510
440370.6402321670;4479977.5801873000;2017-01-01;1900-01-08;6;Tetuán;65;5;Valdeacederas;FRANCISCA CALONGE, CALLE, DE;10;0106520533;-3.7033918660;40.4683361720
440369.1171120000;4479976.1954090000;2014-07-01;2017-01-01;6;Tetuán;65;5;Valdeacederas;FRANCISCA CALONGE, CALLE, DE;8;0406520533;-3.7034096850;40.4683236810
440729.0760837340;4479964.6747230300;2023-01-01;1900-01-08;6;Tetuán;65;5;Valdeacederas;FRANCISCA CONDE, CALLE, DE;11;0106520544;-3.6991628080;40.4682455300
440710.7158550000;4479959.3055180000;2017-01-01;2023-01-01;6;Tetuán;65;5;Valdeacederas;FRANCISCA CONDE, CALLE, DE;9;0106520544;-3.6993788700;40.4681952810
440710.7158550000;4479959.3055180000;2014-07-01;2017-01-01;6;Tetuán;65;5;Valdeacederas;FRANCISCA CONDE, CALLE, DE;9;0406520544;-3.6993788700;40.4681952810
440604.6744230000;4479435.7101600000;2017-01-01;1900-01-08;6;Tetuán;65;5;Valdeacederas;FRAY JUNIPERO SERRA, CALLE, DE;15;0106520466;-3.7005805920;40.4634712440
440604.6744230000;4479435.7101600000;2014-07-01;2017-01-01;6;Tetuán;65;5;Valdeacederas;FRAY JUNIPERO SERRA, CALLE, DE;15;0406520466;-3.7005805920;40.4634712440
440678.8225720000;4479613.3397900000;2017-01-01;1900-01-08;6;Tetuán;65;5;Valdeacederas;FRAY JUNIPERO SERRA, CALLE, DE;39;0106520478;-3.6997227590;40.4650768440
440678.8225720000;4479613.3397900000;2014-07-01;2017-01-01;6;Tetuán;65;5;Valdeacederas;FRAY JUNIPERO SERRA, CALLE, DE;39;0406520478;-3.6997227590;40.4650768440
440528.5633120000;4479736.1175670000;2017-01-01;1900-01-08;6;Tetuán;65;5;Valdeacederas;GARCI-NUÑO, CALLE, DE;1;0106520452;-3.7015064920;40.4661721670
440528.5633120000;4479736.1175670000;2014-07-01;2017-01-01;6;Tetuán;65;5;Valdeacederas;GARCI-NUÑO, CALLE, DE;1;0406520452;-3.7015064920;40.4661721670
440577.3225720000;4479788.0434930000;2017-01-01;1900-01-08;6;Tetuán;65;5;Valdeacederas;GARCI-NUÑO, CALLE, DE;14;0106520497;-3.7009362270;40.4666433110
440577.3225720000;4479788.0434930000;2014-07-01;2017-01-01;6;Tetuán;65;5;Valdeacederas;GARCI-NUÑO, CALLE, DE;14;0406520497;-3.7009362270;40.4666433110
440632.4646500000;4479880.0345400000;2017-01-01;1900-01-08;6;Tetuán;65;5;Valdeacederas;GARCI-NUÑO, CALLE, DE;37;0106520499;-3.7002943990;40.4674762190
440190.3836320000;4479649.4449020000;2017-01-01;1900-01-08;6;Tetuán;65;5;Valdeacederas;GARDENIAS, CALLE, DE LAS;10 B;0106520509;-3.7054871160;40.4653669330
440190.3836320000;4479649.4449020000;2014-07-01;2017-01-01;6;Tetuán;65;5;Valdeacederas;GARDENIAS, CALLE, DE LAS;10 B;0406520509;-3.7054871160;40.4653669330
440397.1608650000;4479715.8289260000;2017-01-01;1900-01-08;6;Tetuán;65;5;Valdeacederas;GENCIANA, CALLE, DE LA;51;0106520488;-3.7030544520;40.4659801120
440397.1608650000;4479715.8289260000;2014-07-01;2017-01-01;6;Tetuán;65;5;Valdeacederas;GENCIANA, CALLE, DE LA;51;0406520488;-3.7030544520;40.4659801120
440345.4577060000;4479492.6115690000;2017-01-01;1900-01-08;6;Tetuán;65;5;Valdeacederas;GENCIANA, CALLE, DE LA;7;0106520491;-3.7036433380;40.4639649050
440345.4577060000;4479492.6115690000;2014-07-01;2017-01-01;6;Tetuán;65;5;Valdeacederas;GENCIANA, CALLE, DE LA;7;0406520491;-3.7036433380;40.4639649050
440667.9035550000;4479352.6707750000;2017-01-01;1900-01-08;6;Tetuán;65;5;Valdeacederas;GONZALO SANDINO, CALLE, DE;7;0106520464;-3.6998271520;40.4627278320
440667.9035550000;4479352.6707750000;2014-07-01;2017-01-01;6;Tetuán;65;5;Valdeacederas;GONZALO SANDINO, CALLE, DE;7;0406520464;-3.6998271520;40.4627278320
440248.3095580000;4479674.1300870000;2017-01-01;1900-01-08;6;Tetuán;65;5;Valdeacederas;GUILHOU, PLAZA, DE;6;0106520507;-3.7048062130;40.4655932510
440248.3095580000;4479674.1300870000;2014-07-01;2017-01-01;6;Tetuán;65;5;Valdeacederas;GUILHOU, PLAZA, DE;6;0406520507;-3.7048062130;40.4655932510
440641.0352938960;4479806.1686646600;2017-01-01;1900-01-08;6;Tetuán;65;5;Valdeacederas;GUINDOS, CALLE, DE LOS;10;0106520498;-3.7001863970;40.4668113020
440465.0121520000;4479904.3055180000;2017-01-01;1900-01-08;6;Tetuán;65;5;Valdeacederas;GUINDOS, CALLE, DE LOS;33;0106520504;-3.7022718490;40.4676825410
440465.0121520000;4479904.3055180000;2014-07-01;2017-01-01;6;Tetuán;65;5;Valdeacederas;GUINDOS, CALLE, DE LOS;33;0406520504;-3.7022718490;40.4676825410
440812.1232630000;4479862.1944070000;2017-01-01;1900-01-08;6;Tetuán;65;5;Valdeacederas;HERRERA, CALLE, DE;8;0106520474;-3.6981737110;40.4673281100
440812.1232630000;4479862.1944070000;2014-07-01;2017-01-01;6;Tetuán;65;5;Valdeacederas;HERRERA, CALLE, DE;8;0406520474;-3.6981737110;40.4673281100
440733.6788180000;4479915.6388510000;2017-01-01;1900-01-08;6;Tetuán;65;5;Valdeacederas;HERRERA, TRAVESIA, DE;11;0106520473;-3.6991039080;40.4678041230
440733.6788180000;4479915.6388510000;2014-07-01;2017-01-01;6;Tetuán;65;5;Valdeacederas;HERRERA, TRAVESIA, DE;11;0406520473;-3.6991039080;40.4678041230
440255.5723309330;4480022.9094054000;2017-01-01;1900-01-08;6;Tetuán;65;5;Valdeacederas;ISABEL SERRANO, CALLE, DE;7 D;0106520531;-3.7047534430;40.4687362110
440255.5723309330;4480022.9094054000;2014-07-01;2017-01-01;6;Tetuán;65;5;Valdeacederas;ISABEL SERRANO, CALLE, DE;7 D;0406520531;-3.7047534430;40.4687362110
440387.8319470000;4480109.9798540000;2017-01-01;1900-01-08;6;Tetuán;65;5;Valdeacederas;JARAMAGOS, CALLE, DE LOS;12;0106520535;-3.7032015870;40.4695301580
440387.8319470000;4480109.9798540000;2014-07-01;2017-01-01;6;Tetuán;65;5;Valdeacederas;JARAMAGOS, CALLE, DE LOS;12;0406520535;-3.7032015870;40.4695301580
440345.3875020000;4480134.6094840000;2017-01-01;1900-01-08;6;Tetuán;65;5;Valdeacederas;JARAMAGOS, CALLE, DE LOS;14;0106520529;-3.7037044150;40.4697482840
440345.3875020000;4480134.6094840000;2014-07-01;2017-01-01;6;Tetuán;65;5;Valdeacederas;JARAMAGOS, CALLE, DE LOS;14;0406520529;-3.7037044150;40.4697482840
440270.7331445120;4480156.4391098200;2017-01-01;1900-01-08;6;Tetuán;65;5;Valdeacederas;JARAMAGOS, CALLE, DE LOS;25;0106520528;-3.7045870560;40.4699397090
440284.9436230000;4480156.7810410000;2014-07-01;2017-01-01;6;Tetuán;65;5;Valdeacederas;JARAMAGOS, CALLE, DE LOS;25;0406520528;-3.7044195240;40.4699441780
440365.6431730000;4480050.0850070000;2017-01-01;1900-01-08;6;Tetuán;65;5;Valdeacederas;JIRAFA, CALLE, DE LA;10;0106520534;-3.7034575850;40.4689884840
440365.6431730000;4480050.0850070000;2014-07-01;2017-01-01;6;Tetuán;65;5;Valdeacederas;JIRAFA, CALLE, DE LA;10;0406520534;-3.7034575850;40.4689884840
440409.6008940000;4479465.8816920000;2017-01-01;2022-04-20;6;Tetuán;65;5;Valdeacederas;JOSE FRANCISCO DE ITURZAETA E IZAGUIRRE, CALLE, DE;S/N;0106520549;-3.7028842830;40.4637295340
440409.6008940000;4479465.8816920000;2014-07-01;2017-01-01;6;Tetuán;65;5;Valdeacederas;JOSE FRANCISCO DE ITURZAETA E IZAGUIRRE, CALLE, DE;S/N;0406520549;-3.7028842830;40.4637295340
440801.7389975990;4479769.0575535500;2017-01-01;1900-01-08;6;Tetuán;65;5;Valdeacederas;MANCHEGOS, CALLE, DE LOS;1;0106520472;-3.6982875000;40.4664886120
440796.8781270000;4479760.8768270000;2014-07-01;2017-01-01;6;Tetuán;65;5;Valdeacederas;MANCHEGOS, CALLE, DE LOS;1;0406520472;-3.6983440510;40.4664138410
440471.9430580000;4480237.9983730000;2017-01-01;1900-01-08;6;Tetuán;65;5;Valdeacederas;MARIANO SERRANO, CALLE, DE;22;0106520538;-3.7022213710;40.4706889080
440471.9430580000;4480237.9983730000;2014-07-01;2017-01-01;6;Tetuán;65;5;Valdeacederas;MARIANO SERRANO, CALLE, DE;22;0406520538;-3.7022213710;40.4706889080
440584.9118371060;4479267.6213395600;2017-01-01;1900-01-08;6;Tetuán;65;5;Valdeacederas;MARQUES DE VIANA, CALLE, DEL;20;0106520456;-3.7007979150;40.4619557140
440582.7070700000;4479269.0036860000;2014-07-01;2017-01-01;6;Tetuán;65;5;Valdeacederas;MARQUES DE VIANA, CALLE, DEL;20;0406520456;-3.7008240990;40.4619679180
440479.2120050000;4479343.6039140000;2017-01-01;1900-01-08;6;Tetuán;65;5;Valdeacederas;MARQUES DE VIANA, CALLE, DEL;42;0106520457;-3.7020517750;40.4626330070
440479.2120050000;4479343.6039140000;2014-07-01;2017-01-01;6;Tetuán;65;5;Valdeacederas;MARQUES DE VIANA, CALLE, DEL;42;0406520457;-3.7020517750;40.4626330070
440181.0498600000;4479517.9903950000;2014-07-01;2016-07-18;6;Tetuán;65;5;Valdeacederas;MARQUES DE VIANA, CALLE, DEL;82;0406520514;-3.7055847480;40.4641824000
440404.0453390000;4479394.4928030000;2017-01-01;1900-01-08;6;Tetuán;65;5;Valdeacederas;MATADERO, CALLE, DEL;2;0106520458;-3.7029431260;40.4630857010
440404.0453390000;4479394.4928030000;2014-07-01;2017-01-01;6;Tetuán;65;5;Valdeacederas;MATADERO, CALLE, DEL;2;0406520458;-3.7029431260;40.4630857010
440741.8223309330;4479536.9094054000;2018-11-27;1900-01-08;6;Tetuán;65;5;Valdeacederas;MIOSOTIS, CALLE, DE LA;1;0106520450;-3.6989724710;40.4643930190
440582.4892380000;4479595.1546040000;2017-01-01;1900-01-08;6;Tetuán;65;5;Valdeacederas;MIOSOTIS, CALLE, DE LA;19 C;0106520482;-3.7008571580;40.4649063890
440582.4892380000;4479595.1546040000;2014-07-01;2017-01-01;6;Tetuán;65;5;Valdeacederas;MIOSOTIS, CALLE, DE LA;19 C;0406520482;-3.7008571580;40.4649063890
440474.0818310000;4479622.4509010000;2014-07-01;2017-01-01;6;Tetuán;65;5;Valdeacederas;MIOSOTIS, CALLE, DE LA;50;0406520489;-3.7021384070;40.4651443380
440470.0723309330;4479621.9649609600;2017-01-01;1900-01-08;6;Tetuán;65;5;Valdeacederas;MIOSOTIS, CALLE, DE LA;52 B;0106520489;-3.7021856760;40.4651397550
440350.1556642660;4479624.5760720700;2017-01-01;1900-01-08;6;Tetuán;65;5;Valdeacederas;MIOSOTIS, CALLE, DE LA;66;0106520490;-3.7036003080;40.4651548240
440348.9762250000;4479617.8337910000;2014-07-01;2017-01-01;6;Tetuán;65;5;Valdeacederas;MIOSOTIS, CALLE, DE LA;66;0406520490;-3.7036135440;40.4650935740
440643.9751150000;4479806.3425550000;2014-07-01;2017-01-01;6;Tetuán;65;5;Valdeacederas;MOQUETAS, CALLE, DE LAS;15;0406520498;-3.7001517900;40.4668128490
440696.9751150000;4479866.8240360000;2014-07-01;2017-01-01;6;Tetuán;65;5;Valdeacederas;MOQUETAS, CALLE, DE LAS;27;0406520475;-3.6995323080;40.4673618570
440742.5262750000;4479535.8583080000;2017-01-01;2018-05-09;6;Tetuán;65;5;Valdeacederas;MULLER, CALLE, DE;31;0106520450;-3.6989640490;40.4643831070
440742.5262750000;4479535.8583080000;2014-07-01;2017-01-01;6;Tetuán;65;5;Valdeacederas;MULLER, CALLE, DE;31;0406520450;-3.6989640490;40.4643831070
440830.8377630320;4479686.8476770100;2017-01-01;1900-01-08;6;Tetuán;65;5;Valdeacederas;MULLER, CALLE, DE;42;0106520449;-3.6979365630;40.4657494960
440830.2670160000;4479687.1669500000;2014-07-01;2017-01-01;6;Tetuán;65;5;Valdeacederas;MULLER, CALLE, DE;42;0406520449;-3.6979433820;40.4657524760
440793.8781270000;4479642.8768270000;2017-01-01;2025-06-24;6;Tetuán;65;5;Valdeacederas;MULLER, CALLE, DE;45;0106520548;-3.6983684590;40.4653512340
440793.8781270000;4479642.8768270000;2014-07-01;2017-01-01;6;Tetuán;65;5;Valdeacederas;MULLER, CALLE, DE;45;0406520548;-3.6983684590;40.4653512340
440355.7719760000;4479755.9400370000;2017-01-01;2024-03-15;6;Tetuán;65;5;Valdeacederas;NUESTRA SEÑORA DE LOS DOLORES, CALLE, DE;18;0106520495;-3.7035463930;40.4663384400
440355.7719760000;4479755.9400370000;2014-07-01;2017-01-01;6;Tetuán;65;5;Valdeacederas;NUESTRA SEÑORA DE LOS DOLORES, CALLE, DE;18;0406520495;-3.7035463930;40.4663384400
440070.7876770000;4480019.7434530000;2017-01-01;2020-10-02;6;Tetuán;65;5;Valdeacederas;PANDO, CALLE, DE;21;0106520524;-3.7069326310;40.4686938120
440070.7876770000;4480019.7434530000;2014-07-01;2017-01-01;6;Tetuán;65;5;Valdeacederas;PANDO, CALLE, DE;21;0406520524;-3.7069326310;40.4686938120
440070.9056642660;4480027.1594054000;2020-10-02;1900-01-08;6;Tetuán;65;5;Valdeacederas;PANDO, CALLE, DE;22;0106520524;-3.7069320010;40.4687607330
440259.3223309330;4479859.0760720700;2017-01-01;1900-01-08;6;Tetuán;65;5;Valdeacederas;PEDRO MEDRANO, CALLE, DE;1;0106520455;-3.7046937410;40.4672603290
440259.3223309330;4479859.0760720700;2014-07-01;2017-01-01;6;Tetuán;65;5;Valdeacederas;PEDRO MEDRANO, CALLE, DE;1;0406520455;-3.7046937410;40.4672603290
440772.2714110000;4479978.6018140000;2017-01-01;1900-01-08;6;Tetuán;65;5;Valdeacederas;PINOS ALTA, CALLE, DE;77;0106520546;-3.6986545940;40.4683742730
440772.2714110000;4479978.6018140000;2014-07-01;2017-01-01;6;Tetuán;65;5;Valdeacederas;PINOS ALTA, CALLE, DE;77;0406520546;-3.6986545940;40.4683742730
440424.0845730000;4479997.3376160000;2017-01-01;1900-01-08;6;Tetuán;65;5;Valdeacederas;PINOS BAJA, CALLE, DE;37;0106520532;-3.7027632740;40.4685174560
440424.0845730000;4479997.3376160000;2014-07-01;2017-01-01;6;Tetuán;65;5;Valdeacederas;PINOS BAJA, CALLE, DE;37;0406520532;-3.7027632740;40.4685174560
440694.5167753770;4479869.1192819500;2017-01-01;1900-01-08;6;Tetuán;65;5;Valdeacederas;PLATANO, CALLE, DEL;13;0106520475;-3.6995615290;40.4673823120
440632.7158550000;4479947.7129250000;2017-01-01;1900-01-08;6;Tetuán;65;5;Valdeacederas;PLATANO, CALLE, DEL;30;0106520543;-3.7002978370;40.4680853880
440632.7158550000;4479947.7129250000;2014-07-01;2017-01-01;6;Tetuán;65;5;Valdeacederas;PLATANO, CALLE, DEL;30;0406520543;-3.7002978370;40.4680853880
440031.8937950000;4480076.5404000000;2014-07-01;2016-06-14;6;Tetuán;65;5;Valdeacederas;REYES AIZQUIBEL, CALLE, DE;17 B;0406520516;-3.7073967840;40.4692031710
440012.9882950000;4479997.6375000000;2014-07-01;2016-06-14;6;Tetuán;65;5;Valdeacederas;REYES AIZQUIBEL, CALLE, DE;20;0406520515;-3.7076122740;40.4684905270
440012.4363929760;4480037.7384952500;2017-01-01;1900-01-08;6;Tetuán;65;5;Valdeacederas;REYES AIZQUIBEL, CALLE, DE;24;0106520553;-3.7076225870;40.4688524640
440014.7001070000;4480036.9439780000;2016-06-17;2017-01-01;6;Tetuán;65;5;Valdeacederas;REYES AIZQUIBEL, CALLE, DE;24;0406520553;-3.7075958300;40.4688454740
440293.5317800000;4479542.3893470000;2014-07-01;2016-09-05;6;Tetuán;65;5;Valdeacederas;ROBLEDO, CALLE, DE;14;0406520492;-3.7042603560;40.4644100360
440274.0723309330;4479478.4094054000;2017-01-01;1900-01-08;6;Tetuán;65;5;Valdeacederas;ROBLEDO, CALLE, DE;2;0106520554;-3.7044838670;40.4638319790
440274.0723309330;4479478.4094054000;2016-09-05;2017-01-01;6;Tetuán;65;5;Valdeacederas;ROBLEDO, CALLE, DE;2;0406520554;-3.7044838670;40.4638319790
440664.8269670000;4480035.4536660000;2017-01-01;1900-01-08;6;Tetuán;65;5;Valdeacederas;ROSENDO CONDE, CALLE, DE;9;0106520545;-3.6999273050;40.4688779610
440664.8269670000;4480035.4536660000;2014-07-01;2017-01-01;6;Tetuán;65;5;Valdeacederas;ROSENDO CONDE, CALLE, DE;9;0406520545;-3.6999273050;40.4688779610
440932.8966460000;4479739.8212710000;2017-01-01;1900-01-08;6;Tetuán;65;5;Valdeacederas;SANTA VALENTINA, CALLE, DE;13;0106520470;-3.6967377640;40.4662343910
440932.8966460000;4479739.8212710000;2014-07-01;2017-01-01;6;Tetuán;65;5;Valdeacederas;SANTA VALENTINA, CALLE, DE;13;0406520470;-3.6967377640;40.4662343910
440632.4646500000;4479880.0345400000;2014-07-01;2017-01-01;6;Tetuán;65;5;Valdeacederas;SANTIAGO CORDERO, CALLE, DE;1 B;0406520499;-3.7002943990;40.4674762190
440743.8596090000;4479721.0805300000;2017-01-01;1900-01-08;6;Tetuán;65;5;Valdeacederas;SIERRA BULLONES, CALLE, DE LA;10;0106520477;-3.6989656530;40.4660519040
440743.8596090000;4479721.0805300000;2014-07-01;2017-01-01;6;Tetuán;65;5;Valdeacederas;SIERRA BULLONES, CALLE, DE LA;10;0406520477;-3.6989656530;40.4660519040
440096.4056642660;4479788.2010720700;2020-01-10;1900-01-08;6;Tetuán;65;5;Valdeacederas;SORGO, CALLE, DEL;20;0106521153;-3.7066086810;40.4666098500
440106.1102890000;4479850.9477070000;2017-01-01;2020-01-13;6;Tetuán;65;5;Valdeacederas;SORGO, CALLE, DEL;35;0106520520;-3.7065001050;40.4671758750
440106.1102890000;4479850.9477070000;2014-07-01;2017-01-01;6;Tetuán;65;5;Valdeacederas;SORGO, CALLE, DEL;35;0406520520;-3.7065001050;40.4671758750
440158.4436230000;4479991.7254850000;2017-01-01;2020-10-02;6;Tetuán;65;5;Valdeacederas;SORGO, CALLE, DEL;62;0106520523;-3.7058960930;40.4684477270
440158.4436230000;4479991.7254850000;2014-07-01;2017-01-01;6;Tetuán;65;5;Valdeacederas;SORGO, CALLE, DEL;62;0406520523;-3.7058960930;40.4684477270
440912.0447940000;4479705.6546040000;2017-01-01;1900-01-08;6;Tetuán;65;5;Valdeacederas;VEZA, CALLE, DE LA;19;0106520471;-3.6969805260;40.4659247070
440912.0447940000;4479705.6546040000;2014-07-01;2017-01-01;6;Tetuán;65;5;Valdeacederas;VEZA, CALLE, DE LA;19;0406520471;-3.6969805260;40.4659247070
440606.0818310000;4479634.0805300000;2017-01-01;1900-01-08;6;Tetuán;65;5;Valdeacederas;VOLUNTARIOS CATALANES, CALLE, DE LOS;20 B;0106520485;-3.7005825970;40.4652587580
440606.0818310000;4479634.0805300000;2014-07-01;2017-01-01;6;Tetuán;65;5;Valdeacederas;VOLUNTARIOS CATALANES, CALLE, DE LOS;20 B;0406520485;-3.7005825970;40.4652587580
440467.0723309330;4479662.5760720700;2017-01-01;1900-01-08;6;Tetuán;65;5;Valdeacederas;VOLUNTARIOS CATALANES, CALLE, DE LOS;45;0106520487;-3.7022248090;40.4655053020
440469.4192790000;4479663.8089250000;2014-07-01;2017-01-01;6;Tetuán;65;5;Valdeacederas;VOLUNTARIOS CATALANES, CALLE, DE LOS;45;0406520487;-3.7021973070;40.4655168760
440310.7540020000;4479684.2041620000;2017-01-01;1900-01-08;6;Tetuán;65;5;Valdeacederas;VOLUNTARIOS CATALANES, CALLE, DE LOS;72;0106520494;-3.7040705920;40.4656890490
440310.7540020000;4479684.2041620000;2014-07-01;2017-01-01;6;Tetuán;65;5;Valdeacederas;VOLUNTARIOS CATALANES, CALLE, DE LOS;72;0406520494;-3.7040705920;40.4656890490
440687.8501087110;4479035.0945905900;2017-01-01;1900-01-08;6;Tetuán;66;6;Berruguete;ALGODONALES, CALLE, DE LOS;1;0106620378;-3.6995621590;40.4598686000
440687.8501087110;4479035.0945905900;2014-07-01;2017-01-01;6;Tetuán;66;6;Berruguete;ALGODONALES, CALLE, DE LOS;1;0406620378;-3.6995621590;40.4598686000
440543.2204790810;4479125.2427387400;2017-01-01;1900-01-08;6;Tetuán;66;6;Berruguete;ALGODONALES, CALLE, DE LOS;22 B;0106620398;-3.7012763920;40.4606702260
440543.2204790810;4479125.2427387400;2014-07-01;2017-01-01;6;Tetuán;66;6;Berruguete;ALGODONALES, CALLE, DE LOS;22 B;0406620398;-3.7012763920;40.4606702260
440446.1464050070;4479175.9094054000;2014-07-01;2017-01-01;6;Tetuán;66;6;Berruguete;ALGODONALES, CALLE, DE LOS;41;0406620403;-3.7024259170;40.4611191950
440444.4673926610;4479177.1439733100;2017-01-01;1900-01-08;6;Tetuán;66;6;Berruguete;ALGODONALES, CALLE, DE LOS;43;0106620403;-3.7024458560;40.4611304830
439915.9241827850;4478887.2180473800;2017-01-01;1900-01-08;6;Tetuán;66;6;Berruguete;ALONSO NUÑEZ, CALLE, DE;11;0106620437;-3.7086521350;40.4584811830
439915.7945531550;4478888.2427387400;2014-07-01;2017-01-01;6;Tetuán;66;6;Berruguete;ALONSO NUÑEZ, CALLE, DE;11;0406620437;-3.7086537390;40.4584897200
439753.5439250000;4478901.1779900000;2017-01-01;1900-01-08;6;Tetuán;66;6;Berruguete;ALONSO NUÑEZ, CALLE, DE;35;0106620440;-3.7105684490;40.4585947430
439753.5439250000;4478901.1779900000;2014-07-01;2017-01-01;6;Tetuán;66;6;Berruguete;ALONSO NUÑEZ, CALLE, DE;35;0406620440;-3.7105684490;40.4585947430
439993.5723309330;4478749.5205165200;2017-01-01;1900-01-08;6;Tetuán;66;6;Berruguete;AMBROSIO VALLEJO, CALLE, DE;18;0106620389;-3.7077232550;40.4572462300
439993.5723309330;4478749.5205165200;2014-07-01;2017-01-01;6;Tetuán;66;6;Berruguete;AMBROSIO VALLEJO, CALLE, DE;18;0406620389;-3.7077232550;40.4572462300
440081.4056642660;4478760.2427387400;2017-01-01;1900-01-08;6;Tetuán;66;6;Berruguete;AMBROSIO VALLEJO, CALLE, DE;8;0106620435;-3.7066884940;40.4573493050
440081.4056642660;4478760.2427387400;2014-07-01;2017-01-01;6;Tetuán;66;6;Berruguete;AMBROSIO VALLEJO, CALLE, DE;8;0406620435;-3.7066884940;40.4573493050
440617.1464050070;4479005.9094054000;2017-01-01;2026-04-09;6;Tetuán;66;6;Berruguete;ARAUCARIA, CALLE, DE LA;6;0106620400;-3.7003933490;40.4596001120
440617.1464050070;4479005.9094054000;2014-07-01;2017-01-01;6;Tetuán;66;6;Berruguete;ARAUCARIA, CALLE, DE LA;6;0406620400;-3.7003933490;40.4596001120
440272.1217136490;4478915.8106399700;2017-01-01;1900-01-08;6;Tetuán;66;6;Berruguete;BARON DEL CASTILLO DE CHIREL, CALLE, DEL;4;0106620386;-3.7044539580;40.4587641670
440272.8501087110;4478915.9464424400;2014-07-01;2017-01-01;6;Tetuán;66;6;Berruguete;BARON DEL CASTILLO DE CHIREL, CALLE, DEL;4;0406620386;-3.7044453640;40.4587649120
440226.7389975990;4479263.5760720700;2017-01-01;1900-01-08;6;Tetuán;66;6;Berruguete;BELLVER, CALLE, DE;1;0106620412;-3.7050219310;40.4618932040
440226.7389975990;4479263.5760720700;2014-07-01;2017-01-01;6;Tetuán;66;6;Berruguete;BELLVER, CALLE, DE;1;0406620412;-3.7050219310;40.4618932040
440246.6834420440;4479361.2982942900;2017-01-01;1900-01-08;6;Tetuán;66;6;Berruguete;BELLVER, CALLE, DE;22;0106620407;-3.7047959570;40.4627755590
440246.6649235250;4479361.9834794800;2014-07-01;2017-01-01;6;Tetuán;66;6;Berruguete;BELLVER, CALLE, DE;22;0406620407;-3.7047962430;40.4627815750
440324.7389975990;4478622.1316276300;2017-01-01;1900-01-08;6;Tetuán;66;6;Berruguete;BERRUGUETE, CALLE, DE;13;0106620444;-3.7038058280;40.4561224300
440324.7389975990;4478622.1316276300;2014-07-01;2017-01-01;6;Tetuán;66;6;Berruguete;BERRUGUETE, CALLE, DE;13;0406620444;-3.7038058280;40.4561224300
440297.9612198220;4478701.7427387400;2017-01-01;1900-01-08;6;Tetuán;66;6;Berruguete;BERRUGUETE, CALLE, DE;22;0106620375;-3.7041290910;40.4568373670
440297.9612198220;4478701.7427387400;2014-07-01;2017-01-01;6;Tetuán;66;6;Berruguete;BERRUGUETE, CALLE, DE;22;0406620375;-3.7041290910;40.4568373670
440274.5723309330;4478797.6594054000;2024-01-25;1900-01-08;6;Tetuán;66;6;Berruguete;BERRUGUETE, CALLE, DE;41;0106620419;-3.7044139660;40.4577002420
440270.3223309330;4478791.1594054000;2017-01-01;2024-01-25;6;Tetuán;66;6;Berruguete;BERRUGUETE, CALLE, DE;41;0106620419;-3.7044634120;40.4576413990
440270.5167753770;4478790.8538498500;2014-07-01;2017-01-01;6;Tetuán;66;6;Berruguete;BERRUGUETE, CALLE, DE;41;0406620419;-3.7044611200;40.4576385910
440257.9982568590;4478857.1933560200;2024-07-17;1900-01-08;6;Tetuán;66;6;Berruguete;BERRUGUETE, CALLE, DE;47;0106620421;-3.7046150170;40.4582352700
440220.7760346370;4478977.3908868900;2017-01-01;1900-01-08;6;Tetuán;66;6;Berruguete;BERRUGUETE, CALLE, DE;64;0106620423;-3.7050653620;40.4593147220
440220.7760346370;4478977.3908868900;2014-07-01;2017-01-01;6;Tetuán;66;6;Berruguete;BERRUGUETE, CALLE, DE;64;0406620423;-3.7050653620;40.4593147220
440184.0167753770;4479224.9094054000;2017-01-01;1900-01-08;6;Tetuán;66;6;Berruguete;BUSTILLO DEL ORO, CALLE, DE;1;0106620414;-3.7055221240;40.4615423820
440184.0167753770;4479224.9094054000;2014-07-01;2017-01-01;6;Tetuán;66;6;Berruguete;BUSTILLO DEL ORO, CALLE, DE;1;0406620414;-3.7055221240;40.4615423820
440138.7760346370;4479213.0575535500;2017-01-01;1900-01-08;6;Tetuán;66;6;Berruguete;BUSTILLO DEL ORO, CALLE, DE;10;0106620426;-3.7060545730;40.4614319730
440138.7760346370;4479213.0575535500;2014-07-01;2017-01-01;6;Tetuán;66;6;Berruguete;BUSTILLO DEL ORO, CALLE, DE;10;0406620426;-3.7060545730;40.4614319730
440030.8130716740;4479182.5513807100;2017-01-01;1900-01-08;6;Tetuán;66;6;Berruguete;BUSTILLO DEL ORO, CALLE, DE;18 C;0106620429;-3.7073249930;40.4611495050
440030.0723309330;4479176.8538498500;2014-07-01;2017-01-01;6;Tetuán;66;6;Berruguete;BUSTILLO DEL ORO, CALLE, DE;18 C;0406620429;-3.7073331860;40.4610981680
440652.4056642660;4479195.1316276300;2017-01-01;1900-01-08;6;Tetuán;66;6;Berruguete;CACTUS, CALLE, DEL;22;0106620379;-3.6999951430;40.4613072400
440652.4056642660;4479195.1316276300;2014-07-01;2017-01-01;6;Tetuán;66;6;Berruguete;CACTUS, CALLE, DEL;22;0406620379;-3.6999951430;40.4613072400
440563.0167753770;4479035.7427387400;2017-01-01;1900-01-08;6;Tetuán;66;6;Berruguete;CACTUS, CALLE, DEL;6;0106620399;-3.7010344890;40.4598651050
440563.0167753770;4479035.7427387400;2014-07-01;2017-01-01;6;Tetuán;66;6;Berruguete;CACTUS, CALLE, DEL;6;0406620399;-3.7010344890;40.4598651050
439841.6834420440;4478956.7982942900;2017-01-01;1900-01-08;6;Tetuán;66;6;Berruguete;CAMPO REAL, CALLE, DE;5;0106620441;-3.7095341460;40.4591019830
439840.1278864880;4478960.1871831800;2014-07-01;2017-01-01;6;Tetuán;66;6;Berruguete;CAMPO REAL, CALLE, DE;5;0406620441;-3.7095528820;40.4591322920
440169.2420600000;4479375.7788950000;2014-07-01;2016-07-18;6;Tetuán;66;6;Berruguete;CARMEN PORTONES, CALLE, DE;5;0406620410;-3.7057105690;40.4629001770
439856.3501087110;4478812.1871831800;2017-01-01;1900-01-08;6;Tetuán;66;6;Berruguete;DIRECCION, PASEO, DE LA;11;0106620439;-3.7093475340;40.4578002800
439856.3501087110;4478812.1871831800;2014-07-01;2017-01-01;6;Tetuán;66;6;Berruguete;DIRECCION, PASEO, DE LA;11;0406620439;-3.7093475340;40.4578002800
439884.4056642660;4479017.8538498500;2017-01-01;1900-01-08;6;Tetuán;66;6;Berruguete;DIRECCION, PASEO, DE LA;51;0106620436;-3.7090361880;40.4596552880
439884.4056642660;4479017.8538498500;2014-07-01;2017-01-01;6;Tetuán;66;6;Berruguete;DIRECCION, PASEO, DE LA;51;0406620436;-3.7090361880;40.4596552880
440095.9056642660;4479069.2982942900;2014-07-01;2017-01-01;6;Tetuán;66;6;Berruguete;DIRECCION, PASEO, DE LA;60;0406620430;-3.7065467440;40.4601340520
440164.9612198220;4479114.2982942900;2017-01-01;1900-01-08;6;Tetuán;66;6;Berruguete;DIRECCION, PASEO, DE LA;97;0106620428;-3.7057364100;40.4605441180
440164.9612198220;4479114.2982942900;2014-07-01;2017-01-01;6;Tetuán;66;6;Berruguete;DIRECCION, PASEO, DE LA;97;0406620428;-3.7057364100;40.4605441180
439874.7945531550;4479134.9094054000;2017-01-01;1900-01-08;6;Tetuán;66;6;Berruguete;FELIX PORTONES, CALLE, DE;12;0106620443;-3.7091605770;40.4607089000
439874.7945531550;4479134.9094054000;2014-07-01;2017-01-01;6;Tetuán;66;6;Berruguete;FELIX PORTONES, CALLE, DE;12;0406620443;-3.7091605770;40.4607089000
439925.7348823730;4479110.4196934700;2017-01-01;1900-01-08;6;Tetuán;66;6;Berruguete;FELIX PORTONES, CALLE, DE;2;0106620418;-3.7085575390;40.4604922080
439925.9056642660;4479110.2427387400;2014-07-01;2017-01-01;6;Tetuán;66;6;Berruguete;FELIX PORTONES, CALLE, DE;2;0406620418;-3.7085554770;40.4604908330
440282.0167753770;4478589.1316276300;2017-01-01;1900-01-08;6;Tetuán;66;6;Berruguete;FRANCOS RODRIGUEZ, CALLE, DE;24;0106620373;-3.7043065360;40.4558222580
440282.0167753770;4478589.1316276300;2014-07-01;2017-01-01;6;Tetuán;66;6;Berruguete;FRANCOS RODRIGUEZ, CALLE, DE;24;0406620373;-3.7043065360;40.4558222580
440236.7389975990;4478663.9927387400;2017-01-01;1900-01-08;6;Tetuán;66;6;Berruguete;FRANCOS RODRIGUEZ, CALLE, DE;38;0106620371;-3.7048475800;40.4564926760
440236.7389975990;4478663.9927387400;2014-07-01;2017-01-01;6;Tetuán;66;6;Berruguete;FRANCOS RODRIGUEZ, CALLE, DE;38;0406620371;-3.7048475800;40.4564926760
439996.7945531550;4478692.2427387400;2017-01-01;1900-01-08;6;Tetuán;66;6;Berruguete;FRANCOS RODRIGUEZ, CALLE, DE;60;0106620369;-3.7076798830;40.4567301090
439996.7945531550;4478692.2427387400;2014-07-01;2017-01-01;6;Tetuán;66;6;Berruguete;FRANCOS RODRIGUEZ, CALLE, DE;60;0406620369;-3.7076798830;40.4567301090
439933.6278864880;4478706.0205165200;2014-07-01;2017-01-01;6;Tetuán;66;6;Berruguete;FRANCOS RODRIGUEZ, CALLE, DE;64;0406620368;-3.7084262170;40.4568493990
440325.2389975990;4478514.6316276300;2017-01-01;1900-01-08;6;Tetuán;66;6;Berruguete;FULGENCIO DE MIGUEL, CALLE, DE;7;0106620372;-3.7037897860;40.4551537880
440325.2389975990;4478514.6316276300;2014-07-01;2017-01-01;6;Tetuán;66;6;Berruguete;FULGENCIO DE MIGUEL, CALLE, DE;7;0406620372;-3.7037897860;40.4551537880
439848.4715950000;4478738.4654850000;2017-01-01;1900-01-08;6;Tetuán;66;6;Berruguete;GUADALIX, CALLE, DE;1;0106620366;-3.7094334200;40.4571357640
439848.4715950000;4478738.4654850000;2014-07-01;2017-01-01;6;Tetuán;66;6;Berruguete;GUADALIX, CALLE, DE;1;0406620366;-3.7094334200;40.4571357640
440486.3501087110;4479024.5205165200;2017-01-01;1900-01-08;6;Tetuán;66;6;Berruguete;HIERBABUENA, CALLE, DE LA;9;0106620391;-3.7019376420;40.4597583060
440486.3501087110;4479024.5205165200;2014-07-01;2017-01-01;6;Tetuán;66;6;Berruguete;HIERBABUENA, CALLE, DE LA;9;0406620391;-3.7019376420;40.4597583060
440098.4351250000;4479276.8801900000;2017-01-01;1900-01-08;6;Tetuán;66;6;Berruguete;ISLA DE GOMERA, CALLE, DE LA;18;0106620416;-3.7065364310;40.4620038420
440098.4351250000;4479276.8801900000;2014-07-01;2017-01-01;6;Tetuán;66;6;Berruguete;ISLA DE GOMERA, CALLE, DE LA;18;0406620416;-3.7065364310;40.4620038420
439980.6278864880;4479237.8353313300;2017-01-01;1900-01-08;6;Tetuán;66;6;Berruguete;ISLA DE GOMERA, CALLE, DE LA;5;0106620415;-3.7079220720;40.4616443110
439980.6278864880;4479237.8353313300;2014-07-01;2017-01-01;6;Tetuán;66;6;Berruguete;ISLA DE GOMERA, CALLE, DE LA;5;0406620415;-3.7079220720;40.4616443110
440009.2204790810;4479220.3538498500;2017-01-01;1900-01-08;6;Tetuán;66;6;Berruguete;ISLA DE GOMERA, CALLE, DE LA;7;0106620417;-3.7075832250;40.4614882370
440009.2204790810;4479220.3538498500;2014-07-01;2017-01-01;6;Tetuán;66;6;Berruguete;ISLA DE GOMERA, CALLE, DE LA;7;0406620417;-3.7075832250;40.4614882370
440424.1278864880;4478749.0760720700;2017-01-01;1900-01-08;6;Tetuán;66;6;Berruguete;JUAN DEL RISCO, CALLE, DE;2;0106620376;-3.7026455890;40.4572727580
440421.9628900000;4478747.6035550000;2014-07-01;2017-01-01;6;Tetuán;66;6;Berruguete;JUAN DEL RISCO, CALLE, DE;2;0406620376;-3.7026709710;40.4572596370
440281.6278864880;4478985.4649609600;2017-01-01;2022-02-09;6;Tetuán;66;6;Berruguete;JUAN DEL RISCO, CALLE, DE;35;0106620394;-3.7043484190;40.4593924150
440281.6278864880;4478985.4649609600;2014-07-01;2017-01-01;6;Tetuán;66;6;Berruguete;JUAN DEL RISCO, CALLE, DE;35;0406620394;-3.7043484190;40.4593924150
440362.7760346370;4478708.0945905900;2017-01-01;1900-01-08;6;Tetuán;66;6;Berruguete;LOPE DE HARO, CALLE, DE;13;0106620445;-3.7033653380;40.4568995900
440366.1278864880;4478709.6871831800;2014-07-01;2017-01-01;6;Tetuán;66;6;Berruguete;LOPE DE HARO, CALLE, DE;13;0406620445;-3.7033259760;40.4569142010
440465.5723309330;4478760.9094054000;2017-01-01;1900-01-08;6;Tetuán;66;6;Berruguete;LOPE DE HARO, CALLE, DE;6;0106620374;-3.7021579450;40.4573826510
440465.5723309330;4478760.9094054000;2014-07-01;2017-01-01;6;Tetuán;66;6;Berruguete;LOPE DE HARO, CALLE, DE;6;0406620374;-3.7021579450;40.4573826510
439911.4612198220;4478782.9649609600;2014-07-01;2017-01-01;6;Tetuán;66;6;Berruguete;LORENZANA, CALLE, DE;12;0406620422;-3.7086948200;40.4575409020
439932.4427013030;4478707.0575535500;2017-01-01;1900-01-08;6;Tetuán;66;6;Berruguete;LORENZANA, CALLE, DE;2;0106620368;-3.7084401980;40.4568590250
439913.2389975990;4478782.8260720700;2017-01-01;1900-01-08;6;Tetuán;66;6;Berruguete;LORENZANA, CALLE, DE;8;0106620422;-3.7086739070;40.4575403860
440154.2728780040;4478920.2051273400;2026-04-09;1900-01-08;6;Tetuán;66;6;Berruguete;LUIS MISSON, CALLE, DE;6;0106620446;-3.7058441830;40.4587952210
440147.1432483740;4478917.3779668500;2017-01-01;2026-04-09;6;Tetuán;66;6;Berruguete;LUIS MISSON, CALLE, DE;6;0106620446;-3.7059280070;40.4587690370
440147.5723309330;4478917.0760720700;2014-07-01;2017-01-01;6;Tetuán;66;6;Berruguete;LUIS MISSON, CALLE, DE;6;0406620446;-3.7059229650;40.4587663440
440192.4889975990;4479406.2427387400;2017-01-01;1900-01-08;6;Tetuán;66;6;Berruguete;LUIS PORTONES, CALLE, DE;6 B;0106620447;-3.7054393310;40.4631766300
440194.5723309330;4479403.4094054000;2016-07-18;2017-01-01;6;Tetuán;66;6;Berruguete;LUIS PORTONES, CALLE, DE;6 B;0406620447;-3.7054145220;40.4631510180
440105.4304950000;4478686.6407850000;2017-01-01;1900-01-08;6;Tetuán;66;6;Berruguete;MARGARITAS, CALLE, DE LAS;2;0106620370;-3.7063982910;40.4566875390
440105.4304950000;4478686.6407850000;2014-07-01;2017-01-01;6;Tetuán;66;6;Berruguete;MARGARITAS, CALLE, DE LAS;2;0406620370;-3.7063982910;40.4566875390
439996.8501087110;4478902.7427387400;2017-01-01;1900-01-08;6;Tetuán;66;6;Berruguete;MARGARITAS, CALLE, DE LAS;34;0106620434;-3.7076990770;40.4586260840
439996.8501087110;4478902.7427387400;2014-07-01;2017-01-01;6;Tetuán;66;6;Berruguete;MARGARITAS, CALLE, DE LAS;34;0406620434;-3.7076990770;40.4586260840
439958.2728780040;4479011.7051273400;2026-04-09;1900-01-08;6;Tetuán;66;6;Berruguete;MARGARITAS, CALLE, DE LAS;50;0106620433;-3.7081644330;40.4596048680
439947.6278864880;4479021.7427387400;2017-01-01;2026-04-09;6;Tetuán;66;6;Berruguete;MARGARITAS, CALLE, DE LAS;55;0106620433;-3.7082909420;40.4596948220
439947.6278864880;4479021.7427387400;2014-07-01;2017-01-01;6;Tetuán;66;6;Berruguete;MARGARITAS, CALLE, DE LAS;55;0406620433;-3.7082909420;40.4596948220
440569.1093679700;4479256.0205165200;2017-01-01;1900-01-08;6;Tetuán;66;6;Berruguete;MARIA JUANA, CALLE, DE;28;0106620380;-3.7009832660;40.4618501750
440569.1093679700;4479256.0205165200;2014-07-01;2017-01-01;6;Tetuán;66;6;Berruguete;MARIA JUANA, CALLE, DE;28;0406620380;-3.7009832660;40.4618501750
440582.6834420440;4478962.4649609600;2017-01-01;1900-01-08;6;Tetuán;66;6;Berruguete;MARIA ZAYAS, CALLE, DE;8;0106620377;-3.7007956800;40.4592069490
440582.6834420440;4478962.4649609600;2014-07-01;2017-01-01;6;Tetuán;66;6;Berruguete;MARIA ZAYAS, CALLE, DE;8;0406620377;-3.7007956800;40.4592069490
440730.6649235250;4479136.4649609600;2017-01-01;1900-01-08;6;Tetuán;66;6;Berruguete;MARQUES DE VIANA, CALLE, DEL;5;0106620388;-3.6990666650;40.4607849320
440728.9056642660;4479137.4927387400;2014-07-01;2017-01-01;6;Tetuán;66;6;Berruguete;MARQUES DE VIANA, CALLE, DEL;5;0406620388;-3.6990874640;40.4607934120
440432.7389975990;4479351.0205165200;2017-01-01;1900-01-08;6;Tetuán;66;6;Berruguete;MARQUES DE VIANA, CALLE, DEL;57;0106620381;-3.7026005540;40.4626956310
440432.7389975990;4479351.0205165200;2014-07-01;2017-01-01;6;Tetuán;66;6;Berruguete;MARQUES DE VIANA, CALLE, DEL;57;0406620381;-3.7026005540;40.4626956310
440271.3686272290;4479461.7242202200;2017-01-01;1900-01-08;6;Tetuán;66;6;Berruguete;MARQUES DE VIANA, CALLE, DEL;91;0106620382;-3.7045141760;40.4636816350
440271.3686272290;4479461.7242202200;2014-07-01;2017-01-01;6;Tetuán;66;6;Berruguete;MARQUES DE VIANA, CALLE, DEL;91;0406620382;-3.7045141760;40.4636816350
440109.2945531550;4479008.3908868900;2017-01-01;1900-01-08;6;Tetuán;66;6;Berruguete;MASEDA, CALLE, DE;12;0106620425;-3.7063830500;40.4595866480
440109.2945531550;4479008.3908868900;2014-07-01;2017-01-01;6;Tetuán;66;6;Berruguete;MASEDA, CALLE, DE;12;0406620425;-3.7063830500;40.4595866480
440096.3439358710;4479069.3168128100;2017-01-01;1900-01-08;6;Tetuán;66;6;Berruguete;MASEDA, CALLE, DE;2;0106620430;-3.7065415300;40.4601344530
440679.1834420440;4479115.5760720700;2017-01-01;1900-01-08;6;Tetuán;66;6;Berruguete;NARANJO, CALLE, DEL;11;0106620401;-3.6996718810;40.4605923610
440679.1834420440;4479115.5760720700;2014-07-01;2017-01-01;6;Tetuán;66;6;Berruguete;NARANJO, CALLE, DEL;11;0406620401;-3.6996718810;40.4605923610
440570.9982568590;4479178.8353313300;2017-01-01;1900-01-08;6;Tetuán;66;6;Berruguete;NARANJO, CALLE, DEL;22;0106620402;-3.7009537590;40.4611546610
440570.9982568590;4479178.8353313300;2014-07-01;2017-01-01;6;Tetuán;66;6;Berruguete;NARANJO, CALLE, DEL;22;0406620402;-3.7009537590;40.4611546610
440448.7945531550;4479257.2982942900;2017-01-01;1900-01-08;6;Tetuán;66;6;Berruguete;NARANJO, CALLE, DEL;53;0106620404;-3.7024023680;40.4618529250
440448.7945531550;4479257.2982942900;2014-07-01;2017-01-01;6;Tetuán;66;6;Berruguete;NARANJO, CALLE, DEL;53;0406620404;-3.7024023680;40.4618529250
440375.2389975990;4479315.7427387400;2017-01-01;1900-01-08;6;Tetuán;66;6;Berruguete;NENUFAR, CALLE, DEL;15;0106620405;-3.7032754410;40.4623742020
440375.2389975990;4479315.7427387400;2014-07-01;2017-01-01;6;Tetuán;66;6;Berruguete;NENUFAR, CALLE, DEL;15;0406620405;-3.7032754410;40.4623742020
440478.1093679700;4478869.7612572600;2017-01-01;1900-01-08;6;Tetuán;66;6;Berruguete;NUESTRA SEÑORA DEL CARMEN, CALLE, DE;12;0106620387;-3.7020203200;40.4583638990
440418.2575161180;4478976.0205165200;2017-01-01;1900-01-08;6;Tetuán;66;6;Berruguete;NUESTRA SEÑORA DEL CARMEN, CALLE, DE;22;0106620392;-3.7027361740;40.4593167850
440417.6556642660;4478977.8260720700;2014-07-01;2017-01-01;6;Tetuán;66;6;Berruguete;NUESTRA SEÑORA DEL CARMEN, CALLE, DE;22;0406620392;-3.7027433930;40.4593331140
440406.0167753770;4479025.0760720700;2017-01-01;1900-01-08;6;Tetuán;66;6;Berruguete;NUESTRA SEÑORA DEL CARMEN, CALLE, DE;26;0106620395;-3.7028852000;40.4597581340
440406.0167753770;4479025.0760720700;2014-07-01;2017-01-01;6;Tetuán;66;6;Berruguete;NUESTRA SEÑORA DEL CARMEN, CALLE, DE;26;0406620395;-3.7028852000;40.4597581340
440323.6834420440;4479151.6871831800;2017-01-01;1900-01-08;6;Tetuán;66;6;Berruguete;NUESTRA SEÑORA DEL CARMEN, CALLE, DE;39;0106620396;-3.7038680520;40.4608929920
440323.6834420440;4479151.6871831800;2014-07-01;2017-01-01;6;Tetuán;66;6;Berruguete;NUESTRA SEÑORA DEL CARMEN, CALLE, DE;39;0406620396;-3.7038680520;40.4608929920
440468.0408900000;4478872.0688550000;2014-07-01;2017-01-01;6;Tetuán;66;6;Berruguete;NUESTRA SEÑORA DEL CARMEN, CALLE, DE;7;0406620387;-3.7021393230;40.4583840670
439803.6278864880;4478997.5205165200;2017-01-01;1900-01-08;6;Tetuán;66;6;Berruguete;OFELIA NIETO, CALLE, DE;22;0106620442;-3.7099869540;40.4594660980
439803.6278864880;4478997.5205165200;2014-07-01;2017-01-01;6;Tetuán;66;6;Berruguete;OFELIA NIETO, CALLE, DE;22;0406620442;-3.7099869540;40.4594660980
440005.2945531550;4479364.7982942900;2017-01-01;1900-01-08;6;Tetuán;66;6;Berruguete;OFELIA NIETO, CALLE, DE;S/N;0106620427;-3.7076432130;40.4627896540
440006.6125709090;4479361.5020305200;2014-07-01;2017-01-01;6;Tetuán;66;6;Berruguete;OFELIA NIETO, CALLE, DE;S/N;0406620427;-3.7076273420;40.4627601460
440262.3439358710;4478850.3785412100;2017-01-01;2024-07-17;6;Tetuán;66;6;Berruguete;PALACIOS, CALLE, DE LOS;2;0106620421;-3.7045631640;40.4581740780
440261.7389975990;4478849.6871831800;2014-07-01;2017-01-01;6;Tetuán;66;6;Berruguete;PALACIOS, CALLE, DE LOS;2;0406620421;-3.7045702110;40.4581679470
440322.4056642660;4478884.7427387400;2017-01-01;1900-01-08;6;Tetuán;66;6;Berruguete;PALACIOS, CALLE, DE LOS;7;0106620390;-3.7038579680;40.4584874860
440322.4056642660;4478884.7427387400;2014-07-01;2017-01-01;6;Tetuán;66;6;Berruguete;PALACIOS, CALLE, DE LOS;7;0406620390;-3.7038579680;40.4584874860
440298.2945531550;4479036.2427387400;2017-01-01;1900-01-08;6;Tetuán;66;6;Berruguete;PANIZO, CALLE, DEL;2;0106620393;-3.7041565930;40.4598505520
440298.2945531550;4479036.2427387400;2014-07-01;2017-01-01;6;Tetuán;66;6;Berruguete;PANIZO, CALLE, DEL;2;0406620393;-3.7041565930;40.4598505520
440149.2738600000;4479299.1523950000;2017-01-01;1900-01-08;6;Tetuán;66;6;Berruguete;PANIZO, CALLE, DEL;48;0106620409;-3.7059388930;40.4622086750
440149.2738600000;4479299.1523950000;2014-07-01;2017-01-01;6;Tetuán;66;6;Berruguete;PANIZO, CALLE, DEL;48;0406620409;-3.7059388930;40.4622086750
440068.6260330110;4479388.3969675900;2017-01-01;1900-01-08;6;Tetuán;66;6;Berruguete;PANIZO, CALLE, DEL;62;0106620408;-3.7068985400;40.4630066330
440068.6260330110;4479388.3969675900;2014-07-01;2017-01-01;6;Tetuán;66;6;Berruguete;PANIZO, CALLE, DEL;62;0406620408;-3.7068985400;40.4630066330
439950.9338250000;4478843.5530900000;2017-01-01;1900-01-08;6;Tetuán;66;6;Berruguete;RITA LUNA, CALLE, DE;2;0106620438;-3.7082350790;40.4580900250
439950.9338250000;4478843.5530900000;2014-07-01;2017-01-01;6;Tetuán;66;6;Berruguete;RITA LUNA, CALLE, DE;2;0406620438;-3.7082350790;40.4580900250
440037.9889975990;4479088.6594054000;2017-01-01;1900-01-08;6;Tetuán;66;6;Berruguete;ROSA MENENDEZ, CALLE, DE;13;0106620432;-3.7072315430;40.4603038760
440037.9889975990;4479088.6594054000;2014-07-01;2017-01-01;6;Tetuán;66;6;Berruguete;ROSA MENENDEZ, CALLE, DE;13;0406620432;-3.7072315430;40.4603038760
440279.7945531550;4479204.9649609600;2017-01-01;1900-01-08;6;Tetuán;66;6;Berruguete;RUIZ PALACIOS, CALLE, DE;2;0106620411;-3.7043906460;40.4613693490
440279.7945531550;4479204.9649609600;2014-07-01;2017-01-01;6;Tetuán;66;6;Berruguete;RUIZ PALACIOS, CALLE, DE;2;0406620411;-3.7043906460;40.4613693490
440304.2204790810;4479304.0945905900;2017-01-01;1900-01-08;6;Tetuán;66;6;Berruguete;RUIZ PALACIOS, CALLE, DE;21;0106620383;-3.7041118450;40.4622637360
440304.2204790810;4479304.0945905900;2014-07-01;2017-01-01;6;Tetuán;66;6;Berruguete;RUIZ PALACIOS, CALLE, DE;21;0406620383;-3.7041118450;40.4622637360
440328.6649235250;4479356.9094054000;2017-01-01;1900-01-08;6;Tetuán;66;6;Berruguete;RUIZ PALACIOS, CALLE, DE;30;0106620406;-3.7038285750;40.4627420410
440328.6649235250;4479356.9094054000;2014-07-01;2017-01-01;6;Tetuán;66;6;Berruguete;RUIZ PALACIOS, CALLE, DE;30;0406620406;-3.7038285750;40.4627420410
440249.0723309330;4479130.0575535500;2017-01-01;1900-01-08;6;Tetuán;66;6;Berruguete;SAUCO, CALLE, DEL;4;0106620413;-3.7047459950;40.4606926860
440249.0723309330;4479130.0575535500;2014-07-01;2017-01-01;6;Tetuán;66;6;Berruguete;SAUCO, CALLE, DEL;4;0406620413;-3.7047459950;40.4606926860
440604.9395446700;4479005.2051273400;2026-04-09;1900-01-08;6;Tetuán;66;6;Berruguete;TABLADA, CALLE, DE;10;0106620400;-3.7005372190;40.4595927780
440439.3315901920;4479133.6871831800;2017-01-01;2017-03-02;6;Tetuán;66;6;Berruguete;TABLADA, CALLE, DE;38;0106620397;-3.7025024070;40.4607384080
440439.3315901920;4479133.6871831800;2014-07-01;2017-01-01;6;Tetuán;66;6;Berruguete;TABLADA, CALLE, DE;38;0406620397;-3.7025024070;40.4607384080
440146.5306642660;4478781.0760720700;2017-01-01;1900-01-08;6;Tetuán;66;6;Berruguete;VILLAAMIL, CALLE, DE;16;0106620367;-3.7059223920;40.4575409590
440150.5723309330;4478779.5205165200;2014-07-01;2017-01-01;6;Tetuán;66;6;Berruguete;VILLAAMIL, CALLE, DE;16;0406620367;-3.7058746070;40.4575276670
440071.2945531550;4478898.2427387400;2017-01-01;1900-01-08;6;Tetuán;66;6;Berruguete;VILLAAMIL, CALLE, DE;29;0106620384;-3.7068207320;40.4585909620
440071.2945531550;4478898.2427387400;2014-07-01;2017-01-01;6;Tetuán;66;6;Berruguete;VILLAAMIL, CALLE, DE;29;0406620384;-3.7068207320;40.4585909620
440200.7874950000;4478702.7978850000;2017-01-01;2023-08-10;6;Tetuán;66;6;Berruguete;VILLAAMIL, CALLE, DE;3;0106620420;-3.7052751790;40.4568403470
440200.7874950000;4478702.7978850000;2014-07-01;2017-01-01;6;Tetuán;66;6;Berruguete;VILLAAMIL, CALLE, DE;3;0406620420;-3.7052751790;40.4568403470
439994.7586250000;4479030.6195900000;2017-01-01;1900-01-08;6;Tetuán;66;6;Berruguete;VILLAAMIL, CALLE, DE;47;0106620385;-3.7077358610;40.4597779010
439994.7586250000;4479030.6195900000;2014-07-01;2017-01-01;6;Tetuán;66;6;Berruguete;VILLAAMIL, CALLE, DE;47;0406620385;-3.7077358610;40.4597779010
440199.0035571550;4478713.2433240500;2023-08-10;1900-01-08;6;Tetuán;66;6;Berruguete;VILLAAMIL, CALLE, DE;6;0106620420;-3.7052971800;40.4569337960
439412.6746260000;4475792.4384140000;2014-05-28;2017-04-07;7;Chamberí;71;1;Gaztambide;ALBERTO AGUILERA, CALLE, DE;62;0307110059;-3.7142919300;40.4305654760
439338.0707190000;4475802.8983440000;2014-05-28;2017-04-07;7;Chamberí;71;1;Gaztambide;ALBERTO AGUILERA, CALLE, DE;66;0307110058;-3.7151724520;40.4306538260
439392.7952010000;4476074.4274490000;2014-05-27;1900-01-08;7;Chamberí;71;1;Gaztambide;ANDRES MELLADO, CALLE, DE;29;0307110044;-3.7145531990;40.4331043670
439399.6051900000;4476204.8392970000;2014-05-27;1900-01-08;7;Chamberí;71;1;Gaztambide;ANDRES MELLADO, CALLE, DE;35;0307110037;-3.7144853610;40.4342791020
439414.5330150000;4476272.1195650000;2014-05-27;1900-01-08;7;Chamberí;71;1;Gaztambide;ANDRES MELLADO, CALLE, DE;52;0307110030;-3.7143157650;40.4348865520
439417.6532607370;4476514.1591090800;2014-05-26;1900-01-08;7;Chamberí;71;1;Gaztambide;ANDRES MELLADO, CALLE, DE;61 A;0307110012;-3.7143020710;40.4370670570
439392.8315250000;4475863.3505820000;2014-05-28;1900-01-08;7;Chamberí;71;1;Gaztambide;ANDRES MELLADO, CALLE, DE;8;0307110056;-3.7145326870;40.4312024910
439435.6701270760;4476620.3446671100;2014-05-26;1900-01-08;7;Chamberí;71;1;Gaztambide;ANDRES MELLADO, CALLE, DE;82;0307110006;-3.7140997600;40.4380250430
439440.2601505520;4476725.5653793700;2014-05-26;1900-01-08;7;Chamberí;71;1;Gaztambide;ANDRES MELLADO, CALLE, DE;S/N;0307110003;-3.7140557000;40.4389728870
439499.9100750000;4476016.7500350000;2014-05-27;1900-01-08;7;Chamberí;71;1;Gaztambide;ANTONIO PALOMINO, CALLE, DE;10;0307110049;-3.7132848990;40.4325922570
439087.6344840000;4476242.2105020000;2014-05-27;1900-01-08;7;Chamberí;71;1;Gaztambide;ARCIPRESTE DE HITA, CALLE, DEL;14;0307110034;-3.7181668440;40.4345933120
439644.3619670000;4476134.1834930000;2014-05-27;1900-01-08;7;Chamberí;71;1;Gaztambide;BLASCO DE GARAY, CALLE, DE;33;0307110048;-3.7115931270;40.4336602500
439650.1766840000;4476264.8225380000;2014-05-27;1900-01-08;7;Chamberí;71;1;Gaztambide;BLASCO DE GARAY, CALLE, DE;41;0307110029;-3.7115369770;40.4348380800
439661.3081830000;4476419.8866090000;2014-05-26;1900-01-08;7;Chamberí;71;1;Gaztambide;BLASCO DE GARAY, CALLE, DE;53;0307110019;-3.7114204950;40.4362354660
439674.1556642660;4476571.8260720700;2014-05-26;1900-01-08;7;Chamberí;71;1;Gaztambide;BLASCO DE GARAY, CALLE, DE;63;0307110010;-3.7112835010;40.4376054090
439577.2648400000;4475991.7702060000;2014-05-27;1900-01-08;7;Chamberí;71;1;Gaztambide;CALVO ASENSIO, CALLE, DE;7;0307110050;-3.7123706310;40.4323731580
439297.0709362330;4476732.3839133900;2014-05-26;1900-01-08;7;Chamberí;71;1;Gaztambide;CEA BERMUDEZ, CALLE, DE;61;0307110002;-3.7157444930;40.4390239370
439212.8845220000;4476735.3934720000;2014-05-26;1900-01-08;7;Chamberí;71;1;Gaztambide;CEA BERMUDEZ, CALLE, DE;65;0307110001;-3.7167373710;40.4390450220
439516.5601486600;4476445.2798782100;2014-05-26;1900-01-08;7;Chamberí;71;1;Gaztambide;DONOSO CORTES, CALLE, DE;51;0307110018;-3.7131293990;40.4364534770
439378.0114854170;4476443.1726742100;2014-05-26;1900-01-08;7;Chamberí;71;1;Gaztambide;DONOSO CORTES, CALLE, DE;63;0307110020;-3.7147626720;40.4364251730
439180.9917370000;4476469.5279090000;2014-05-26;1900-01-08;7;Chamberí;71;1;Gaztambide;DONOSO CORTES, CALLE, DE;81;0307110016;-3.7170879640;40.4366477100
439239.4901250000;4476341.9369370000;2014-05-27;1900-01-08;7;Chamberí;71;1;Gaztambide;FERNANDEZ DE LOS RIOS, CALLE, DE;100;0307110027;-3.7163860910;40.4355025390
439189.6428520000;4476345.7482420000;2014-05-27;1900-01-08;7;Chamberí;71;1;Gaztambide;FERNANDEZ DE LOS RIOS, CALLE, DE;102;0307110028;-3.7169741170;40.4355331920
439604.6506820000;4476320.2014040000;2014-05-26;1900-01-08;7;Chamberí;71;1;Gaztambide;FERNANDEZ DE LOS RIOS, CALLE, DE;64;0307110023;-3.7120789380;40.4353330010
439501.5896150000;4476326.6619480000;2014-05-26;1900-01-08;7;Chamberí;71;1;Gaztambide;FERNANDEZ DE LOS RIOS, CALLE, DE;76;0307110024;-3.7132946400;40.4353842800
439406.2195570000;4476332.2043180000;2014-05-26;1900-01-08;7;Chamberí;71;1;Gaztambide;FERNANDEZ DE LOS RIOS, CALLE, DE;86;0307110025;-3.7144194710;40.4354275390
439324.5398150000;4476336.6651700000;2014-05-27;1900-01-08;7;Chamberí;71;1;Gaztambide;FERNANDEZ DE LOS RIOS, CALLE, DE;92;0307110026;-3.7153828990;40.4354614580
439598.3385050000;4476186.3730680000;2014-05-27;1900-01-08;7;Chamberí;71;1;Gaztambide;FERNANDO EL CATOLICO, CALLE, DE;47;0307110039;-3.7121407030;40.4341275550
439496.8156630000;4476196.5253530000;2014-05-27;1900-01-08;7;Chamberí;71;1;Gaztambide;FERNANDO EL CATOLICO, CALLE, DE;51;0307110038;-3.7133385280;40.4342111490
439265.6256670000;4476217.7651260000;2014-05-27;1900-01-08;7;Chamberí;71;1;Gaztambide;FERNANDO EL CATOLICO, CALLE, DE;69;0307110036;-3.7160660370;40.4343859010
439141.1428520000;4476208.8157530000;2014-05-27;1900-01-08;7;Chamberí;71;1;Gaztambide;FERNANDO EL CATOLICO, CALLE, DE;77;0307110035;-3.7175328090;40.4342966350
439586.3403510000;4475849.9632850000;2014-05-28;1900-01-08;7;Chamberí;71;1;Gaztambide;FRANCISCO RICCI, CALLE, DE;3;0307110061;-3.7122501380;40.4310962070
439281.3645400000;4475815.4047750000;2014-05-28;1900-01-08;7;Chamberí;71;1;Gaztambide;GAZTAMBIDE, CALLE, DE;1;0307110057;-3.7158420670;40.4307623440
439288.5087650000;4475944.3050350000;2014-05-28;1900-01-08;7;Chamberí;71;1;Gaztambide;GAZTAMBIDE, CALLE, DE;15;0307110052;-3.7157701610;40.4319242450
439307.8894050000;4476080.0720580000;2014-05-27;1900-01-08;7;Chamberí;71;1;Gaztambide;GAZTAMBIDE, CALLE, DE;20;0307110043;-3.7155546720;40.4331484270
439315.6181110000;4476228.8356050000;2014-05-27;1900-01-08;7;Chamberí;71;1;Gaztambide;GAZTAMBIDE, CALLE, DE;28;0307110032;-3.7154777810;40.4344889190
439321.4799910000;4476520.6564210000;2014-05-26;1900-01-08;7;Chamberí;71;1;Gaztambide;GAZTAMBIDE, CALLE, DE;63;0307110013;-3.7154365280;40.4371185090
439331.1246725310;4476667.9686340600;2014-05-26;1900-01-08;7;Chamberí;71;1;Gaztambide;GAZTAMBIDE, CALLE, DE;75;0307110004;-3.7153368910;40.4384463960
439492.6990750000;4475922.4680350000;2014-05-28;1900-01-08;7;Chamberí;71;1;Gaztambide;GUZMAN EL BUENO, CALLE, DE;12;0307110055;-3.7133609310;40.4317421600
439507.7370590000;4476115.6147230000;2014-05-27;1900-01-08;7;Chamberí;71;1;Gaztambide;GUZMAN EL BUENO, CALLE, DE;30;0307110046;-3.7132021070;40.4334834360
439516.9664090000;4476257.7467030000;2014-05-27;1900-01-08;7;Chamberí;71;1;Gaztambide;GUZMAN EL BUENO, CALLE, DE;38;0307110031;-3.7131068240;40.4347648560
439489.8582400000;4475828.0027750000;2014-05-28;1900-01-08;7;Chamberí;71;1;Gaztambide;GUZMAN EL BUENO, CALLE, DE;4;0307110060;-3.7133855110;40.4308909160
439525.2978690000;4476373.9375290000;2014-05-26;1900-01-08;7;Chamberí;71;1;Gaztambide;GUZMAN EL BUENO, CALLE, DE;50;0307110022;-3.7130196200;40.4358114200
439534.8436807950;4476523.8570638100;2014-05-26;1900-01-08;7;Chamberí;71;1;Gaztambide;GUZMAN EL BUENO, CALLE, DE;62;0307110011;-3.7129213580;40.4371628560
439205.9425410000;4476236.0700020000;2014-05-27;1900-01-08;7;Chamberí;71;1;Gaztambide;HILARION ESLAVA, CALLE, DE;23;0307110033;-3.7167714620;40.4345463300
439232.8111750000;4476478.5099450000;2014-05-26;1900-01-08;7;Chamberí;71;1;Gaztambide;HILARION ESLAVA, CALLE, DE;42;0307110017;-3.7164778790;40.4367321640
439229.9883088940;4476630.3653282700;2014-05-26;1900-01-08;7;Chamberí;71;1;Gaztambide;HILARION ESLAVA, CALLE, DE;47;0307110005;-3.7165257210;40.4381004440
439193.1752750000;4476012.5659260000;2014-05-28;1900-01-08;7;Chamberí;71;1;Gaztambide;HILARION ESLAVA, CALLE, DE;5;0307110051;-3.7169006070;40.4325323260
439097.8503270000;4476401.8171770000;2014-05-26;1900-01-08;7;Chamberí;71;1;Gaztambide;ISAAC PERAL, CALLE, DE;12;0307110021;-3.7180616490;40.4360318950
439108.0400220000;4476477.4972030000;2014-05-26;1900-01-08;7;Chamberí;71;1;Gaztambide;ISAAC PERAL, CALLE, DE;20;0307110015;-3.7179488330;40.4367138290
439118.8845080000;4476554.3315370000;2014-05-26;1900-01-08;7;Chamberí;71;1;Gaztambide;ISAAC PERAL, CALLE, DE;34;0307110014;-3.7178283400;40.4374075660
439539.2389975990;4476582.8260720700;2014-05-26;1900-01-08;7;Chamberí;71;1;Gaztambide;JOAQUIN MARIA LOPEZ, CALLE, DE;38;0307110009;-3.7128751770;40.4376946750
439390.8354163320;4476592.7620224900;2014-05-26;1900-01-08;7;Chamberí;71;1;Gaztambide;JOAQUIN MARIA LOPEZ, CALLE, DE;46;0307110008;-3.7146257930;40.4377736860
439198.0668212910;4476606.8116092600;2014-05-26;1900-01-08;7;Chamberí;71;1;Gaztambide;JOAQUIN MARIA LOPEZ, CALLE, DE;66;0307110007;-3.7168998050;40.4378856420
439560.6519960000;4476066.3915270000;2014-05-27;1900-01-08;7;Chamberí;71;1;Gaztambide;MELENDEZ VALDES, CALLE, DE;38;0307110047;-3.7125735150;40.4330439200
439455.4854750000;4476070.5340350000;2014-05-27;1900-01-08;7;Chamberí;71;1;Gaztambide;MELENDEZ VALDES, CALLE, DE;44;0307110045;-3.7138137400;40.4330739430
439211.0487490000;4476072.3044630000;2014-05-27;1900-01-08;7;Chamberí;71;1;Gaztambide;MELENDEZ VALDES, CALLE, DE;61;0307110042;-3.7166956030;40.4330717650
439172.5630610000;4476080.2478210000;2014-05-27;1900-01-08;7;Chamberí;71;1;Gaztambide;MELENDEZ VALDES, CALLE, DE;68;0307110041;-3.7171500730;40.4331400050
439622.5655470000;4475927.4129080000;2014-05-28;1900-01-08;7;Chamberí;71;1;Gaztambide;RODRIGUEZ SAN PEDRO, CALLE, DE;38;0307110054;-3.7118304460;40.4317964760
439380.6896440000;4475941.2212130000;2014-05-28;1900-01-08;7;Chamberí;71;1;Gaztambide;RODRIGUEZ SAN PEDRO, CALLE, DE;62;0307110053;-3.7146832030;40.4319033330
440033.7294810000;4476045.4682360000;2014-05-27;1900-01-08;7;Chamberí;72;2;Arapiles;ARAPILES, CALLE, DE;10;0307210032;-3.7069944530;40.4328896220
439896.6607880000;4476049.5834620000;2014-05-27;2025-03-26;7;Chamberí;72;2;Arapiles;ARAPILES, CALLE, DE;20;0307210035;-3.7086107670;40.4329167800
439656.1574650000;4476178.7382580000;2014-05-26;1900-01-08;7;Chamberí;72;2;Arapiles;BLASCO DE GARAY, CALLE, DE;40;0307210026;-3.7114583670;40.4340626960
439675.6810410000;4476419.8448280000;2014-05-26;1900-01-08;7;Chamberí;72;2;Arapiles;BLASCO DE GARAY, CALLE, DE;68;0307210012;-3.7112510710;40.4362366120
439678.4056642660;4476486.4510720700;2014-05-26;1900-01-08;7;Chamberí;72;2;Arapiles;BLASCO DE GARAY, CALLE, DE;74;0307210009;-3.7112252880;40.4368364990
439689.6556642660;4476629.3260720700;2014-05-26;1900-01-08;7;Chamberí;72;2;Arapiles;BLASCO DE GARAY, CALLE, DE;84;0307210005;-3.7111061130;40.4381242220
440250.2591530000;4476296.8163680000;2014-05-26;1900-01-08;7;Chamberí;72;2;Arapiles;BRAVO MURILLO, CALLE, DE;15;0307210020;-3.7044654750;40.4351693070
440260.7054960000;4476579.8173180000;2014-05-26;1900-01-08;7;Chamberí;72;2;Arapiles;BRAVO MURILLO, CALLE, DE;43;0307210008;-3.7043688740;40.4377196560
440247.7212510000;4476226.6964720000;2014-05-26;1900-01-08;7;Chamberí;72;2;Arapiles;BRAVO MURILLO, CALLE, DE;7;0307210025;-3.7044887940;40.4345376780
439939.4012860000;4476690.4535950000;2014-05-26;2025-05-29;7;Chamberí;72;2;Arapiles;CEA BERMUDEZ, CALLE, DE;11;0307210003;-3.7081674700;40.4386927680
439852.7945300000;4476693.5708050000;2014-05-26;1900-01-08;7;Chamberí;72;2;Arapiles;CEA BERMUDEZ, CALLE, DE;17;0307210002;-3.7091887670;40.4387148270
439758.0845418470;4476700.6586884800;2025-05-29;1900-01-08;7;Chamberí;72;2;Arapiles;CEA BERMUDEZ, CALLE, DE;25;0307210003;-3.7103060920;40.4387716070
439751.2088200000;4476700.7416610000;2014-07-01;2024-05-08;7;Chamberí;72;2;Arapiles;CEA BERMUDEZ, CALLE, DE;27;0307210001;-3.7103871650;40.4387717790
440110.4997350000;4476681.1151970000;2014-05-26;1900-01-08;7;Chamberí;72;2;Arapiles;CEA BERMUDEZ, CALLE, DE;3;0307210004;-3.7061493400;40.4386216640
439982.7585310000;4475762.1479600000;2014-05-27;1900-01-08;7;Chamberí;72;2;Arapiles;CONDE DEL VALLE DE SUCHIL, PLAZA, DEL;1;0307210047;-3.7075685570;40.4303332560
440036.4202060000;4475831.7930220000;2014-05-27;1900-01-08;7;Chamberí;72;2;Arapiles;CONDE DEL VALLE DE SUCHIL, PLAZA, DEL;12;0307210045;-3.7069425430;40.4309645410
440020.9617280000;4475937.8919980000;2014-05-27;1900-01-08;7;Chamberí;72;2;Arapiles;CONDE DEL VALLE DE SUCHIL, PLAZA, DEL;20;0307210038;-3.7071347710;40.4319194900
439975.7997560000;4475830.8433540000;2014-05-27;1900-01-08;7;Chamberí;72;2;Arapiles;CONDE DEL VALLE DE SUCHIL, PLAZA, DEL;7;0307210044;-3.7076570790;40.4309520510
440063.0163540000;4476395.7400780000;2014-05-26;1900-01-08;7;Chamberí;72;2;Arapiles;DONOSO CORTES, CALLE, DE;11;0307210013;-3.7066822480;40.4360475360
439779.3822930000;4476427.8704990000;2014-05-26;1900-01-08;7;Chamberí;72;2;Arapiles;DONOSO CORTES, CALLE, DE;40;0307210010;-3.7100291810;40.4363156230
440162.7314540000;4476392.5745190000;2014-05-26;1900-01-08;7;Chamberí;72;2;Arapiles;DONOSO CORTES, CALLE, DE;7;0307210014;-3.7055063100;40.4360256490
440047.6579390000;4476213.7176820000;2014-05-26;1900-01-08;7;Chamberí;72;2;Arapiles;ESCOSURA, CALLE, DE;4;0307210023;-3.7068461140;40.4344066420
440125.6889620000;4476282.0937500000;2014-05-26;1900-01-08;7;Chamberí;72;2;Arapiles;FERNANDEZ DE LOS RIOS, CALLE, DE;16;0307210018;-3.7059325900;40.4350276140
440038.0029850000;4476275.4460770000;2014-05-26;1900-01-08;7;Chamberí;72;2;Arapiles;FERNANDEZ DE LOS RIOS, CALLE, DE;21;0307210021;-3.7069657480;40.4349618960
439911.7788250000;4476297.1278250000;2014-05-26;1900-01-08;7;Chamberí;72;2;Arapiles;FERNANDEZ DE LOS RIOS, CALLE, DE;40;0307210017;-3.7084559540;40.4351478780
439835.2544040000;4476304.5719870000;2014-05-26;1900-01-08;7;Chamberí;72;2;Arapiles;FERNANDEZ DE LOS RIOS, CALLE, DE;44;0307210016;-3.7093587630;40.4352097000
439752.4750440000;4476311.6944940000;2014-05-26;1900-01-08;7;Chamberí;72;2;Arapiles;FERNANDEZ DE LOS RIOS, CALLE, DE;50;0307210015;-3.7103353700;40.4352671100
440207.0723309330;4476276.5760720700;2014-05-26;1900-01-08;7;Chamberí;72;2;Arapiles;FERNANDEZ DE LOS RIOS, CALLE, DE;6;0307210019;-3.7049726570;40.4349836110
439971.8428080000;4476151.3561750000;2014-05-27;1900-01-08;7;Chamberí;72;2;Arapiles;FERNANDO EL CATOLICO, CALLE, DE;15;0307210029;-3.7077340840;40.4338391850
439831.7668350000;4476164.6515210000;2014-05-27;1900-01-08;7;Chamberí;72;2;Arapiles;FERNANDO EL CATOLICO, CALLE, DE;25;0307210028;-3.7093866090;40.4339487920
440040.2716360000;4476146.0802440000;2014-05-27;1900-01-08;7;Chamberí;72;2;Arapiles;FERNANDO EL CATOLICO, CALLE, DE;7;0307210030;-3.7069268440;40.4337968430
439834.9889975990;4476121.8260720700;2014-05-27;1900-01-08;7;Chamberí;72;2;Arapiles;FERNANDO GARRIDO, CALLE, DE;6;0307210034;-3.7093446110;40.4335631910
439746.7715830000;4475840.9731420000;2014-05-27;1900-01-08;7;Chamberí;72;2;Arapiles;GALILEO, CALLE, DE;12;0307210042;-3.7103580590;40.4310269360
439750.6493920000;4476168.2919140000;2014-05-27;1900-01-08;7;Chamberí;72;2;Arapiles;GALILEO, CALLE, DE;44;0307210027;-3.7103433340;40.4339760070
439770.8352840000;4476556.4713220000;2014-05-26;1900-01-08;7;Chamberí;72;2;Arapiles;JOAQUIN MARIA LOPEZ, CALLE, DE;15;0307210006;-3.7101421690;40.4374737430
439914.2806642660;4476556.3260720700;2014-05-26;1900-01-08;7;Chamberí;72;2;Arapiles;JOAQUIN MARIA LOPEZ, CALLE, DE;6;0307210007;-3.7084509120;40.4374833110
440154.9703800000;4476179.2130920000;2014-05-26;1900-01-08;7;Chamberí;72;2;Arapiles;MAGALLANES, CALLE, DE;24;0307210024;-3.7055777000;40.4341028030
440151.8048210000;4476095.3257850000;2014-05-27;1900-01-08;7;Chamberí;72;2;Arapiles;MAGALLANES, CALLE, DE;5;0307210031;-3.7056071500;40.4333474730
439876.2512085140;4476039.3253551500;2025-03-27;1900-01-08;7;Chamberí;72;2;Arapiles;MELENDEZ VALDES, CALLE, DE;1;0307210035;-3.7088503210;40.4328224710
439720.0666750000;4476046.2680350000;2014-05-27;1900-01-08;7;Chamberí;72;2;Arapiles;MELENDEZ VALDES, CALLE, DE;13;0307210036;-3.7106922650;40.4328740950
439863.2641440000;4475908.7160990000;2014-05-27;1900-01-08;7;Chamberí;72;2;Arapiles;RODRIGUEZ SAN PEDRO, CALLE, DE;16;0307210039;-3.7089910960;40.4316456730
439730.5744740000;4475920.5869440000;2014-05-27;1900-01-08;7;Chamberí;72;2;Arapiles;RODRIGUEZ SAN PEDRO, CALLE, DE;28;0307210040;-3.7105564740;40.4317426750
440108.5949450000;4475878.4850130000;2014-05-27;1900-01-08;7;Chamberí;72;2;Arapiles;RODRIGUEZ SAN PEDRO, CALLE, DE;FRENTE 6;0307210041;-3.7060961700;40.4313909360
440199.7234660000;4475969.8113820000;2014-05-27;1900-01-08;7;Chamberí;72;2;Arapiles;SAN BERNARDO, CALLE, DE;109;0307210037;-3.7050304680;40.4322198920
440221.1305570000;4476039.4536740000;2014-05-27;1900-01-08;7;Chamberí;72;2;Arapiles;SAN BERNARDO, CALLE, DE;119;0307210033;-3.7047846700;40.4328488270
440151.8839600000;4475796.2596250000;2014-05-27;1900-01-08;7;Chamberí;72;2;Arapiles;SAN BERNARDO, CALLE, DE;99;0307210046;-3.7055780440;40.4306534820
439858.8323620000;4475834.6420250000;2014-05-27;1900-01-08;7;Chamberí;72;2;Arapiles;VALLEHERMOSO, CALLE, DE;11;0307210043;-3.7090363600;40.4309778340
439888.5886140000;4476233.3441460000;2014-05-26;1900-01-08;7;Chamberí;72;2;Arapiles;VALLEHERMOSO, CALLE, DE;47;0307210022;-3.7087232960;40.4345711960
439918.3503210000;4476419.3234910000;2014-05-26;1900-01-08;7;Chamberí;72;2;Arapiles;VALLEHERMOSO, CALLE, DE;58;0307210011;-3.7083900640;40.4362492170
440466.0800280000;4475846.5375030000;2014-06-03;1900-01-08;7;Chamberí;73;3;Trafalgar;ALBURQUERQUE, CALLE, DE;15;0307330040;-3.7018787990;40.4311285790
440578.6952910000;4475861.6671710000;2014-06-03;1900-01-08;7;Chamberí;73;3;Trafalgar;ALBURQUERQUE, CALLE, DE;16;0307330043;-3.7005526890;40.4312730790
440403.6622800000;4475842.0253760000;2014-06-03;1900-01-08;7;Chamberí;73;3;Trafalgar;ALBURQUERQUE, CALLE, DE;2;0307330042;-3.7026143050;40.4310833150
440600.6312010000;4475866.4612000000;2014-06-03;1900-01-08;7;Chamberí;73;3;Trafalgar;ALBURQUERQUE, CALLE, DE;27;0307330041;-3.7002945140;40.4313177120
440275.3029490000;4476328.7081980000;2014-06-02;1900-01-08;7;Chamberí;73;3;Trafalgar;BRAVO MURILLO, CALLE, DE;16;0307330017;-3.7041730940;40.4354581350
440279.8529000000;4476450.9633910000;2014-06-02;1900-01-08;7;Chamberí;73;3;Trafalgar;BRAVO MURILLO, CALLE, DE;28;0307330010;-3.7041309820;40.4365605630
440284.2516250000;4476580.4014560000;2014-06-02;1900-01-08;7;Chamberí;73;3;Trafalgar;BRAVO MURILLO, CALLE, DE;36;0307330004;-3.7040912760;40.4377264170
440478.4883750000;4475773.4034550000;2014-06-03;1900-01-08;7;Chamberí;73;3;Trafalgar;CARDENAL CISNEROS, CALLE, DEL;14;0307330048;-3.7017257050;40.4304707090
440501.4056642660;4475674.0760720700;2014-06-04;2024-01-12;7;Chamberí;73;3;Trafalgar;CARDENAL CISNEROS, CALLE, DEL;2;0307330058;-3.7014462160;40.4295778690
440436.9334700000;4475988.5313290000;2014-06-03;1900-01-08;7;Chamberí;73;3;Trafalgar;CARDENAL CISNEROS, CALLE, DEL;44;0307330030;-3.7022356950;40.4324056450
440416.8753570000;4476092.5965730000;2014-06-03;1900-01-08;7;Chamberí;73;3;Trafalgar;CARDENAL CISNEROS, CALLE, DEL;52;0307330027;-3.7024818950;40.4333416860
440369.6020850000;4476264.7722800000;2014-06-02;1900-01-08;7;Chamberí;73;3;Trafalgar;CARDENAL CISNEROS, CALLE, DEL;71;0307330018;-3.7030554830;40.4348890160
440357.2826850000;4476377.6642800000;2014-06-02;1900-01-08;7;Chamberí;73;3;Trafalgar;CARDENAL CISNEROS, CALLE, DEL;88;0307330016;-3.7032112700;40.4359052710
440694.3885180000;4476178.0816570000;2014-06-02;1900-01-08;7;Chamberí;73;3;Trafalgar;CASTILLO, CALLE, DEL;20;0307330024;-3.6992183270;40.4341318520
440835.9215500000;4475681.2470400000;2014-06-04;1900-01-08;7;Chamberí;73;3;Trafalgar;COVARRUBIAS, CALLE, DE;18;0307330054;-3.6975034650;40.4296661040
440805.0270650000;4475797.7287750000;2014-06-04;1900-01-08;7;Chamberí;73;3;Trafalgar;COVARRUBIAS, CALLE, DE;25;0307330052;-3.6978785800;40.4307131850
440780.3309370000;4475893.8160720000;2014-06-03;1900-01-08;7;Chamberí;73;3;Trafalgar;COVARRUBIAS, CALLE, DE;42;0307330045;-3.6981785810;40.4315773200
440576.3083970000;4475655.6422210000;2014-06-04;1900-01-08;7;Chamberí;73;3;Trafalgar;EGUILAZ, CALLE, DE;8;0307330057;-3.7005614550;40.4294170390
440650.8884930000;4475695.3764900000;2014-06-04;1900-01-08;7;Chamberí;73;3;Trafalgar;FRANCISCO DE ROJAS, CALLE, DE;10;0307330056;-3.6996860900;40.4297802950
440652.3926290000;4475605.1283080000;2014-06-04;1900-01-08;7;Chamberí;73;3;Trafalgar;FRANCISCO DE ROJAS, CALLE, DE;3;0307330060;-3.6996599630;40.4289675540
440465.9999740000;4476487.3506950000;2014-06-02;1900-01-08;7;Chamberí;73;3;Trafalgar;GARCIA DE PAREDES, CALLE, DE;12;0307330008;-3.7019398190;40.4369013010
440572.2519738560;4476473.6693906800;2014-06-02;1900-01-08;7;Chamberí;73;3;Trafalgar;GARCIA DE PAREDES, CALLE, DE;24;0307330009;-3.7006858440;40.4367858500
440366.6852638970;4476502.4377868100;2014-06-02;1900-01-08;7;Chamberí;73;3;Trafalgar;GARCIA DE PAREDES, CALLE, DE;8;0307330007;-3.7031120910;40.4370299300
440647.8856350000;4475925.6374350000;2014-06-03;1900-01-08;7;Chamberí;73;3;Trafalgar;GARCILASO, CALLE, DE;6;0307330037;-3.6997429850;40.4318545170
440449.2196090000;4476339.5331330000;2014-06-02;1900-01-08;7;Chamberí;73;3;Trafalgar;GENERAL ALVAREZ DE CASTRO, CALLE, DEL;20;0307330015;-3.7021237960;40.4355683140
440401.4116470000;4476418.8282770000;2014-06-02;1900-01-08;7;Chamberí;73;3;Trafalgar;GENERAL ALVAREZ DE CASTRO, CALLE, DEL;23;0307330012;-3.7026949210;40.4362795840
440392.7688450000;4476601.0081280000;2014-06-02;1900-01-08;7;Chamberí;73;3;Trafalgar;GENERAL ALVAREZ DE CASTRO, CALLE, DEL;43;0307330003;-3.7028138670;40.4379198480
440451.0450370000;4476260.7158500000;2014-06-02;1900-01-08;7;Chamberí;73;3;Trafalgar;GENERAL ALVAREZ DE CASTRO, CALLE, DEL;9;0307330021;-3.7020948620;40.4348587060
440261.5356200000;4475869.1056390000;2014-06-03;1900-01-08;7;Chamberí;73;3;Trafalgar;JERONIMO DE LA QUINTANA, CALLE, DE;7;0307330039;-3.7042923270;40.4313177120
440363.8104840000;4476033.9862560000;2014-06-03;1900-01-08;7;Chamberí;73;3;Trafalgar;JORDAN, CALLE, DEL;8;0307330028;-3.7031020640;40.4328100960
440387.4210550000;4475983.5555300000;2014-06-03;1900-01-08;7;Chamberí;73;3;Trafalgar;JORDAN, CALLE, DEL;9;0307330029;-3.7028190230;40.4323575160
440363.5325200000;4476667.1801790000;2014-06-02;1900-01-08;7;Chamberí;73;3;Trafalgar;JOSE ABASCAL, CALLE, DE;4;0307330001;-3.7031647460;40.4385140620
440492.5942950000;4476657.4021820000;2014-06-02;1900-01-08;7;Chamberí;73;3;Trafalgar;JOSE ABASCAL, CALLE, DE;6;0307330002;-3.7016422250;40.4384355100
440645.8131700000;4476133.5227830000;2014-06-02;1900-01-08;7;Chamberí;73;3;Trafalgar;JUAN DE AUSTRIA, CALLE, DE;28;0307330025;-3.6997868160;40.4337267130
440700.4050630000;4475952.3358560000;2014-06-03;1900-01-08;7;Chamberí;73;3;Trafalgar;JUAN DE AUSTRIA, CALLE, DE;6;0307330038;-3.6991263680;40.4320987110
440690.9056642660;4475793.4510720700;2014-06-03;1900-01-08;7;Chamberí;73;3;Trafalgar;MANUEL CORTINA, CALLE, DE;1;0307330046;-3.6992235410;40.4306668320
440946.7724200000;4475573.5651590000;2014-06-04;1900-01-08;7;Chamberí;73;3;Trafalgar;MANUEL GONZALEZ LONGORIA, CALLE, DE;14;0307330063;-3.6961867500;40.4287038220
440861.7354500000;4475574.6040400000;2014-06-04;1900-01-08;7;Chamberí;73;3;Trafalgar;MANUEL GONZALEZ LONGORIA, CALLE, DE;6;0307330062;-3.6971892550;40.4287074310
440756.2605130000;4475611.4425260000;2014-06-04;1900-01-08;7;Chamberí;73;3;Trafalgar;MANUEL SILVELA, CALLE, DE;6;0307330061;-3.6984360680;40.4290319550
440735.4862660000;4475671.3091060000;2014-06-04;1900-01-08;7;Chamberí;73;3;Trafalgar;NICASIO GALLEGO, CALLE, DE;11;0307330055;-3.6986865650;40.4295690450
440500.6570650000;4475944.9677750000;2014-06-03;1900-01-08;7;Chamberí;73;3;Trafalgar;OLID, CALLE, DE;17;0307330036;-3.7014804220;40.4320174660
440400.6869260000;4475921.5551010000;2014-06-03;1900-01-08;7;Chamberí;73;3;Trafalgar;OLID, CALLE, DE;9;0307330034;-3.7026567620;40.4317993980
440548.9056642660;4475783.7427387400;2014-06-03;1900-01-08;7;Chamberí;73;3;Trafalgar;PALAFOX, CALLE, DE;4;0307330047;-3.7008965780;40.4305692580
440552.9330904260;4476200.2553969700;2014-06-03;1900-01-08;7;Chamberí;73;3;Trafalgar;QUESADA, CALLE, DE;13;0307330026;-3.7008880410;40.4343211000
440730.5672590000;4476029.2186380000;2014-06-03;1900-01-08;7;Chamberí;73;3;Trafalgar;RAIMUNDO LULIO, CALLE, DE;16;0307330033;-3.6987778370;40.4327927920
440624.5715210000;4475994.4516750000;2014-06-03;1900-01-08;7;Chamberí;73;3;Trafalgar;RAIMUNDO LULIO, CALLE, DE;3;0307330032;-3.7000241920;40.4324725090
440180.9479970000;4475800.9520650000;2014-06-03;1900-01-08;7;Chamberí;73;3;Trafalgar;SAN BERNARDO, CALLE, DE;106;0307330049;-3.7052358740;40.4306978290
440214.1582940000;4475919.8670610000;2014-06-03;1900-01-08;7;Chamberí;73;3;Trafalgar;SAN BERNARDO, CALLE, DE;118;0307330035;-3.7048555440;40.4317708650
440240.4735760000;4475740.3192630000;2014-06-03;1900-01-08;7;Chamberí;73;3;Trafalgar;SANDOVAL, CALLE, DE;14;0307330050;-3.7045284430;40.4301559830
440313.5316550000;4475710.6025300000;2014-06-04;1900-01-08;7;Chamberí;73;3;Trafalgar;SANDOVAL, CALLE, DE;7;0307330059;-3.7036643650;40.4298934540
440629.0068980000;4476565.8867980000;2014-06-02;1900-01-08;7;Chamberí;73;3;Trafalgar;SANTA ENGRACIA, CALLE, DE;109;0307330006;-3.7000253380;40.4376203630
440888.0525380000;4475753.6554120000;2014-06-04;1900-01-08;7;Chamberí;73;3;Trafalgar;SANTA ENGRACIA, CALLE, DE;19;0307330053;-3.6968956710;40.4303217400
440845.4288790000;4475885.4017870000;2014-06-03;2019-06-06;7;Chamberí;73;3;Trafalgar;SANTA ENGRACIA, CALLE, DE;35;0307330044;-3.6974104160;40.4315061010
440759.7389975990;4476158.2427387400;2014-06-02;1900-01-08;7;Chamberí;73;3;Trafalgar;SANTA ENGRACIA, CALLE, DE;61;0307330023;-3.6984459800;40.4339575010
440717.8260250000;4476292.4878270000;2014-06-02;1900-01-08;7;Chamberí;73;3;Trafalgar;SANTA ENGRACIA, CALLE, DE;73;0307330020;-3.6989526470;40.4351635200
440678.8585300000;4476410.1993600000;2014-06-02;1900-01-08;7;Chamberí;73;3;Trafalgar;SANTA ENGRACIA, CALLE, DE;91;0307330011;-3.6994230450;40.4362215440
440669.9056642660;4476065.2427387400;2014-06-03;1900-01-08;7;Chamberí;73;3;Trafalgar;SANTA FELICIANA, CALLE, DE;10;0307330031;-3.6994963840;40.4331129610
440530.4905770000;4476564.1063830000;2014-06-02;1900-01-08;7;Chamberí;73;3;Trafalgar;SANTISIMA TRINIDAD, CALLE, DE LA;33;0307330005;-3.7011866660;40.4375974440
440592.6130950000;4476314.1045700000;2014-06-02;1900-01-08;7;Chamberí;73;3;Trafalgar;SANTISIMA TRINIDAD, CALLE, DE LA;6;0307330019;-3.7004308210;40.4353493870
440500.4905160000;4476382.7264910000;2014-06-02;1900-01-08;7;Chamberí;73;3;Trafalgar;VIRIATO, CALLE, DE;25;0307330013;-3.7015233940;40.4359616500
440641.0215800000;4476370.2945050000;2014-06-02;1900-01-08;7;Chamberí;73;3;Trafalgar;VIRIATO, CALLE, DE;39;0307330014;-3.6998654260;40.4358594920
441035.3461290000;4475531.3419400000;2014-06-09;1900-01-08;7;Chamberí;74;4;Almagro;ALMAGRO, CALLE, DE;3;0307430075;-3.6951386960;40.4283296800
440794.4999520000;4476403.9374880000;2014-06-05;1900-01-08;7;Chamberí;74;4;Almagro;ALONSO CANO, CALLE, DE;11;0307430026;-3.6980591190;40.4361737020
440799.7610733160;4476306.1571329100;2014-06-05;1900-01-08;7;Chamberí;74;4;Almagro;ALONSO CANO, CALLE, DE;2;0307430027;-3.6979879580;40.4352930650
440816.8422839840;4476549.1897969700;2014-06-04;1900-01-08;7;Chamberí;74;4;Almagro;ALONSO CANO, CALLE, DE;27;0307430007;-3.6978092520;40.4374834830
441169.9951110000;4475595.5475260000;2014-06-09;1900-01-08;7;Chamberí;74;4;Almagro;BLANCA DE NAVARRA, CALLE, DE;1;0307430073;-3.6935572750;40.4289173060
440898.8978780040;4475806.4551273400;2014-06-06;1900-01-08;7;Chamberí;74;4;Almagro;CARACAS, CALLE, DE;1;0307430060;-3.6967727140;40.4307987270
441028.2621630000;4475794.5906320000;2014-06-09;1900-01-08;7;Chamberí;74;4;Almagro;CARACAS, CALLE, DE;4;0307430067;-3.6952465840;40.4307004650
441446.7611540000;4475452.7547950000;2014-06-09;1900-01-08;7;Chamberí;74;4;Almagro;CASTELLANA, PASEO, DE LA;11;0307430081;-3.6902816180;40.4276504960
441496.9808870000;4475693.8145820000;2014-06-09;1900-01-08;7;Chamberí;74;4;Almagro;CASTELLANA, PASEO, DE LA;27;0307430068;-3.6897117540;40.4298256730
441531.7314690000;4475861.4215120000;2014-06-06;1900-01-08;7;Chamberí;74;4;Almagro;CASTELLANA, PASEO, DE LA;31;0307430058;-3.6893175020;40.4313379950
441564.8221370000;4476105.1342850000;2014-06-06;1900-01-08;7;Chamberí;74;4;Almagro;CASTELLANA, PASEO, DE LA;35;0307430044;-3.6889498350;40.4335362620
441557.0303500000;4476176.8095050000;2014-06-05;1900-01-08;7;Chamberí;74;4;Almagro;CASTELLANA, PASEO, DE LA;37;0307430032;-3.6890482690;40.4341807820
441499.2806642660;4476363.0760720700;2014-06-05;1900-01-08;7;Chamberí;74;4;Almagro;CASTELLANA, PASEO, DE LA;47;0307430020;-3.6897461890;40.4358551370
441414.7806642660;4476520.5760720700;2014-06-04;1900-01-08;7;Chamberí;74;4;Almagro;CASTELLANA, PASEO, DE LA;51;0307430010;-3.6907570010;40.4372679940
441557.9940414060;4475988.2404077400;2014-06-06;1900-01-08;7;Chamberí;74;4;Almagro;CASTELLANA, PASEO, DE LA;S/N;0307430048;-3.6890195640;40.4324826500
441514.0829500000;4476030.9675050000;2014-06-06;1900-01-08;7;Chamberí;74;4;Almagro;EDUARDO DATO, PASEO, DE;20;0307430047;-3.6895411270;40.4328644120
441172.5374780000;4475836.7812340000;2014-06-06;1900-01-08;7;Chamberí;74;4;Almagro;EL ESPAÑOLETO, CALLE, DE;30;0307430062;-3.6935496550;40.4310913370
440990.5388010000;4475849.1902350000;2014-06-06;1900-01-08;7;Chamberí;74;4;Almagro;EL ESPAÑOLETO, CALLE, DE;8;0307430061;-3.6956964130;40.4311902870
441049.1122650000;4476098.1447750000;2014-06-06;1900-01-08;7;Chamberí;74;4;Almagro;FERNANDEZ DE LA HOZ, CALLE, DE;19;0307430040;-3.6950289740;40.4334370830
441058.3746720000;4476211.2021480000;2014-06-05;1900-01-08;7;Chamberí;74;4;Almagro;FERNANDEZ DE LA HOZ, CALLE, DE;23 A;0307430029;-3.6949301970;40.4344561460
441070.9627514700;4476389.3156585300;2014-06-05;1900-01-08;7;Chamberí;74;4;Almagro;FERNANDEZ DE LA HOZ, CALLE, DE;33;0307430022;-3.6947983590;40.4360614590
441093.5816100000;4476537.4693820000;2014-06-04;1900-01-08;7;Chamberí;74;4;Almagro;FERNANDEZ DE LA HOZ, CALLE, DE;62;0307430008;-3.6945453980;40.4373973680
441384.6379570000;4475505.7540380000;2014-06-09;1900-01-08;7;Chamberí;74;4;Almagro;FERNANDO EL SANTO, CALLE, DE;25;0307430078;-3.6910187860;40.4281241600
441112.8521500000;4475524.3340400000;2014-06-09;1900-01-08;7;Chamberí;74;4;Almagro;FERNANDO EL SANTO, CALLE, DE;5;0307430076;-3.6942243700;40.4282719830
441238.0451250000;4475503.4872190000;2014-06-09;1900-01-08;7;Chamberí;74;4;Almagro;FERNANDO EL SANTO, CALLE, DE;FRENTE 15;0307430079;-3.6927465970;40.4280927620
441470.1185703240;4476117.6038742400;2014-06-06;1900-01-08;7;Chamberí;74;4;Almagro;FORTUNY, CALLE, DE;24;0307430043;-3.6900673890;40.4336416290
441433.5723309330;4475868.7427387400;2014-06-06;1900-01-08;7;Chamberí;74;4;Almagro;FORTUNY, CALLE, DE;31;0307430057;-3.6904753350;40.4313971820
441468.6556642660;4476173.3260720700;2014-06-05;1900-01-08;7;Chamberí;74;4;Almagro;FORTUNY, CALLE, DE;32;0307430033;-3.6900897920;40.4341434260
441444.8684640000;4475981.0442790000;2014-06-06;1900-01-08;7;Chamberí;74;4;Almagro;FORTUNY, CALLE, DE;39;0307430049;-3.6903526080;40.4324098850
441456.6209560000;4476221.9518350000;2014-06-05;1900-01-08;7;Chamberí;74;4;Almagro;FORTUNY, CALLE, DE;51;0307430031;-3.6902361820;40.4345805920
440739.3969720500;4476470.4346260000;2014-06-05;1900-01-08;7;Chamberí;74;4;Almagro;GARCIA DE PAREDES, CALLE, DE;29;0307430015;-3.6987149270;40.4367684320
440871.9056642660;4476455.7010720700;2014-06-05;1900-01-08;7;Chamberí;74;4;Almagro;GARCIA DE PAREDES, CALLE, DE;54;0307430016;-3.6971513250;40.4366449020
441227.2806642660;4476444.9510720700;2014-06-05;1900-01-08;7;Chamberí;74;4;Almagro;GARCIA DE PAREDES, CALLE, DE;59;0307430018;-3.6929605970;40.4365737410
441018.4056642660;4476462.0760720700;2014-06-04;1900-01-08;7;Chamberí;74;4;Almagro;GARCIA DE PAREDES, CALLE, DE;68;0307430012;-3.6954246590;40.4367134280
441132.7806642660;4476446.8260720700;2014-06-05;1900-01-08;7;Chamberí;74;4;Almagro;GARCIA DE PAREDES, CALLE, DE;76 A;0307430017;-3.6940748850;40.4365837670
441033.3912170000;4475911.2352380000;2014-06-06;1900-01-08;7;Chamberí;74;4;Almagro;GENERAL ARRANDO, CALLE, DEL;13;0307430053;-3.6951969080;40.4317523010
441232.3223309330;4475916.4094054000;2014-06-06;1900-01-08;7;Chamberí;74;4;Almagro;GENERAL ARRANDO, CALLE, DEL;19;0307430052;-3.6928523080;40.4318126910
441120.4196750000;4475903.9552910000;2014-06-06;1900-01-08;7;Chamberí;74;4;Almagro;GENERAL ARRANDO, CALLE, DEL;30;0307430055;-3.6941703400;40.4316921980
440973.4971070000;4475913.5515850000;2014-06-06;1900-01-08;7;Chamberí;74;4;Almagro;GENERAL ARRANDO, CALLE, DEL;8;0307430054;-3.6959032510;40.4317681720
441031.8189500000;4475436.8140400000;2014-06-09;1900-01-08;7;Chamberí;74;4;Almagro;GENOVA, CALLE, DE;1;0307430083;-3.6951714120;40.4274781500
441105.8188500000;4475391.2230400000;2014-06-09;1900-01-08;7;Chamberí;74;4;Almagro;GENOVA, CALLE, DE;11;0307430084;-3.6942949010;40.4270722100
441200.7806642660;4475325.9510720700;2014-06-09;1900-01-08;7;Chamberí;74;4;Almagro;GENOVA, CALLE, DE;19;0307430085;-3.6931694970;40.4264914600
441300.1462950000;4475260.7358740000;2014-06-09;1900-01-08;7;Chamberí;74;4;Almagro;GENOVA, CALLE, DE;27;0307430087;-3.6919921840;40.4259103660
441388.9451440000;4475905.7677880000;2014-06-06;1900-01-08;7;Chamberí;74;4;Almagro;JENNER, CALLE, DE;6;0307430056;-3.6910048630;40.4317276060
441496.8208130000;4475918.8338220000;2014-06-06;1900-01-08;7;Chamberí;74;4;Almagro;JENNER, CALLE, DE;7;0307430051;-3.6897343860;40.4318533710
440892.2093801790;4476630.1007948800;2014-06-04;1900-01-08;7;Chamberí;74;4;Almagro;JOSE ABASCAL, CALLE, DE;30;0307430002;-3.6969282150;40.4382172700
440951.4613970000;4476625.1677020000;2014-06-04;1900-01-08;7;Chamberí;74;4;Almagro;JOSE ABASCAL, CALLE, DE;32;0307430003;-3.6962291490;40.4381776790
441040.7360710560;4476618.5696336800;2014-06-04;1900-01-08;7;Chamberí;74;4;Almagro;JOSE ABASCAL, CALLE, DE;38;0307430004;-3.6951759380;40.4381246800
441158.3338370000;4476608.4860520000;2014-06-04;1900-01-08;7;Chamberí;74;4;Almagro;JOSE ABASCAL, CALLE, DE;46;0307430005;-3.6937885210;40.4380414290
441511.0444210000;4475775.1073240000;2014-06-09;1900-01-08;7;Chamberí;74;4;Almagro;MARQUES DE RISCAL, CALLE, DEL;16;0307430064;-3.6895533890;40.4305594030
441404.1668520000;4475786.3104750000;2014-06-09;1900-01-08;7;Chamberí;74;4;Almagro;MARQUES DE RISCAL, CALLE, DEL;9;0307430063;-3.6908144110;40.4306526800
441380.6556642660;4476363.5760720700;2014-06-05;1900-01-08;7;Chamberí;74;4;Almagro;MIGUEL ANGEL, CALLE, DE;20;0307430019;-3.6911447790;40.4358512980
441381.6556642660;4476491.5760720700;2014-06-04;1900-01-08;7;Chamberí;74;4;Almagro;MIGUEL ANGEL, CALLE, DE;32;0307430011;-3.6911448360;40.4370046620
441375.7142720000;4476128.8567540000;2014-06-06;1900-01-08;7;Chamberí;74;4;Almagro;MIGUEL ANGEL, CALLE, DE;4 B;0307430042;-3.6911813910;40.4337367970
441377.2585030000;4476225.1505990000;2014-06-05;1900-01-08;7;Chamberí;74;4;Almagro;MIGUEL ANGEL, CALLE, DE;FRENTE 7;0307430030;-3.6911721090;40.4346037400
440935.5530484780;4476551.8822787100;2014-06-05;1900-01-08;7;Chamberí;74;4;Almagro;MODESTO LAFUENTE, CALLE, DE;16;0307430013;-3.6964098600;40.4375160270
440938.5277503980;4476407.2185058900;2014-06-05;1900-01-08;7;Chamberí;74;4;Almagro;MODESTO LAFUENTE, CALLE, DE;8;0307430024;-3.6963613880;40.4362133500
441276.4014500000;4475425.1506800000;2014-06-09;1900-01-08;7;Chamberí;74;4;Almagro;MONTE ESQUINZA, CALLE, DEL;17;0307430082;-3.6922872570;40.4273898580
441300.0414380000;4475517.7844560000;2014-06-09;1900-01-08;7;Chamberí;74;4;Almagro;MONTE ESQUINZA, CALLE, DEL;20;0307430077;-3.6920171650;40.4282267200
441297.0632780000;4475651.9119650000;2014-06-09;1900-01-08;7;Chamberí;74;4;Almagro;MONTE ESQUINZA, CALLE, DEL;31;0307430071;-3.6920646630;40.4294342860
441310.0422840000;4475771.6218950000;2014-06-09;1900-01-08;7;Chamberí;74;4;Almagro;MONTE ESQUINZA, CALLE, DEL;41;0307430065;-3.6919226260;40.4305139100
441324.5837940000;4475846.5354920000;2014-06-06;1900-01-08;7;Chamberí;74;4;Almagro;MONTE ESQUINZA, CALLE, DEL;47;0307430059;-3.6917581300;40.4311894840
441280.7031500000;4475356.2540400000;2014-06-09;1900-01-08;7;Chamberí;74;4;Almagro;MONTE ESQUINZA, CALLE, DEL;6;0307430086;-3.6922301330;40.4267700320
440679.0561540000;4476616.7368210000;2014-06-04;1900-01-08;7;Chamberí;74;4;Almagro;PONZANO, CALLE, DE;15;0307430001;-3.6994400620;40.4380821090
440670.5574530000;4476505.5463730000;2014-06-05;1900-01-08;7;Chamberí;74;4;Almagro;PONZANO, CALLE, DE;FRENTE 4;0307430014;-3.6995298440;40.4370797200
441003.7389975990;4476146.6594054000;2014-06-05;1900-01-08;7;Chamberí;74;4;Almagro;RAFAEL CALVO, CALLE, DE;11;0307430037;-3.6955684140;40.4338707550
441139.2499650000;4476161.9317750000;2014-06-05;1900-01-08;7;Chamberí;74;4;Almagro;RAFAEL CALVO, CALLE, DE;19;0307430036;-3.6939722110;40.4340176040
441246.1642150000;4476165.5370250000;2014-06-05;1900-01-08;7;Chamberí;74;4;Almagro;RAFAEL CALVO, CALLE, DE;25;0307430035;-3.6927121050;40.4340576540
441297.4547510000;4476153.9552910000;2014-06-06;1900-01-08;7;Chamberí;74;4;Almagro;RAFAEL CALVO, CALLE, DE;34;0307430045;-3.6921064310;40.4339572140
441414.5435044770;4476171.2766866500;2014-06-05;1900-01-08;7;Chamberí;74;4;Almagro;RAFAEL CALVO, CALLE, DE;37;0307430034;-3.6907275510;40.4341216530
440897.5723309330;4476129.6594054000;2014-06-06;1900-01-08;7;Chamberí;74;4;Almagro;RAFAEL CALVO, CALLE, DE;8;0307430038;-3.6968183790;40.4337102120
441341.4101890000;4476066.8716820000;2014-06-06;1900-01-08;7;Chamberí;74;4;Almagro;RUBEN DARIO, GLORIETA, DE;2;0307430046;-3.6915801120;40.4331755280
440798.2820180000;4476113.4192220000;2014-06-06;1900-01-08;7;Chamberí;74;4;Almagro;SANTA ENGRACIA, CALLE, DE;46;0307430039;-3.6979874990;40.4335566020
440959.6994720000;4475616.9934770000;2014-06-09;1900-01-08;7;Chamberí;74;4;Almagro;SANTA ENGRACIA, CALLE, DE;8;0307430074;-3.6960384110;40.4290958970
440716.1556642660;4476354.9510720700;2014-06-05;1900-01-08;7;Chamberí;74;4;Almagro;VIRIATO, CALLE, DE;44;0307430028;-3.6989781430;40.4357263360
440935.6137070000;4476336.4530580000;2014-06-05;1900-01-08;7;Chamberí;74;4;Almagro;VIRIATO, CALLE, DE;60;0307430025;-3.6963891760;40.4355754190
441064.5018600000;4476326.6913100000;2014-06-05;1900-01-08;7;Chamberí;74;4;Almagro;VIRIATO, CALLE, DE;70;0307430023;-3.6948687180;40.4354970380
440750.3154634870;4476551.8868302400;2014-06-04;1900-01-08;7;Chamberí;74;4;Almagro;VIRTUDES, CALLE, DE LAS;14;0307430006;-3.6985938030;40.4375029640
441158.4747070000;4475482.7403310000;2014-06-09;1900-01-08;7;Chamberí;74;4;Almagro;ZURBANO, CALLE, DE;12;0307430080;-3.6936826380;40.4279008790
441165.5830220000;4475750.5773080000;2014-06-09;1900-01-08;7;Chamberí;74;4;Almagro;ZURBANO, CALLE, DE;23;0307430066;-3.6936236810;40.4303138330
441193.3150650000;4475965.5027750000;2014-06-06;1900-01-08;7;Chamberí;74;4;Almagro;ZURBANO, CALLE, DE;40;0307430050;-3.6933166330;40.4322519200
441196.3627590000;4476152.3007580000;2014-06-06;1900-01-08;7;Chamberí;74;4;Almagro;ZURBANO, CALLE, DE;43;0307430041;-3.6932980120;40.4339346970
441215.9761295390;4476292.0456157900;2014-06-05;1900-01-08;7;Chamberí;74;4;Almagro;ZURBANO, CALLE, DE;53;0307430021;-3.6930797150;40.4351954330
441221.1556642660;4476524.3260720700;2014-06-04;1900-01-08;7;Chamberí;74;4;Almagro;ZURBANO, CALLE, DE;71;0307430009;-3.6930401230;40.4372877610
441390.6669430000;4475659.3256300000;2014-06-09;1900-01-08;7;Chamberí;74;4;Almagro;ZURBARAN, CALLE, DE;23;0307430069;-3.6909618910;40.4295077390
441485.7852110000;4475639.8767920000;2014-06-09;1900-01-08;7;Chamberí;74;4;Almagro;ZURBARAN, CALLE, DE;32;0307430072;-3.6898387220;40.4293389450
441033.5228780040;4475684.4551273400;2014-06-09;1900-01-08;7;Chamberí;74;4;Almagro;ZURBARAN, CALLE, DE;5;0307430070;-3.6951743340;40.4297090190
441057.0723309330;4477306.6594054000;2014-07-01;1900-01-08;7;Chamberí;75;5;Ríos Rosas;AGUSTIN DE BETANCOURT, CALLE, DE;17;0107530102;-3.6950471950;40.4443239690
441069.5974950000;4477441.7541950000;2014-07-01;1900-01-08;7;Chamberí;75;5;Ríos Rosas;AGUSTIN DE BETANCOURT, CALLE, DE;25;0107530104;-3.6949120910;40.4455420200
441065.4056642660;4477123.9094054000;2014-07-01;1900-01-08;7;Chamberí;75;5;Ríos Rosas;AGUSTIN DE BETANCOURT, CALLE, DE;4;0107530123;-3.6949320300;40.4426780330
441062.0306642660;4477213.5760720700;2014-07-01;1900-01-08;7;Chamberí;75;5;Ríos Rosas;AGUSTIN DE BETANCOURT, CALLE, DE;S/N;0107530097;-3.6949801010;40.4434856170
440593.5316721420;4477423.0617274300;2014-07-01;1900-01-08;7;Chamberí;75;5;Ríos Rosas;ALENZA, CALLE, DE;24;0107530135;-3.7005236970;40.4453398800
440586.1556642660;4477180.9510720700;2014-07-01;1900-01-08;7;Chamberí;75;5;Ríos Rosas;ALENZA, CALLE, DE;3;0107530126;-3.7005880400;40.4431577130
440566.1677362590;4477060.6533328300;2014-07-01;1900-01-08;7;Chamberí;75;5;Ríos Rosas;ALENZA, CALLE, DE;S/N;0107530090;-3.7008124680;40.4420733910
440870.4056642660;4477458.4649609600;2014-07-01;1900-01-08;7;Chamberí;75;5;Ríos Rosas;ALONSO CANO, CALLE, DE;101;0107530140;-3.6972623640;40.4456784410
440851.9241827850;4477017.9094054000;2014-07-01;1900-01-08;7;Chamberí;75;5;Ríos Rosas;ALONSO CANO, CALLE, DE;48;0107530119;-3.6974392930;40.4417085880
440832.4612198220;4476904.8538498500;2014-07-01;1900-01-08;7;Chamberí;75;5;Ríos Rosas;ALONSO CANO, CALLE, DE;61;0107530112;-3.6976582780;40.4406888950
440292.6779900000;4476877.5826800000;2014-07-01;1900-01-08;7;Chamberí;75;5;Ríos Rosas;BRAVO MURILLO, CALLE, DE;42;0107530086;-3.7040198850;40.4404041350
440289.7339250000;4476775.4163300000;2014-07-01;1900-01-08;7;Chamberí;75;5;Ríos Rosas;BRAVO MURILLO, CALLE, DE;49;0107530085;-3.7040449810;40.4394835640
440296.1528900000;4476981.7469800000;2014-07-01;1900-01-08;7;Chamberí;75;5;Ríos Rosas;BRAVO MURILLO, CALLE, DE;53;0107530089;-3.7039886590;40.4413426980
440301.3130900000;4477164.2602800000;2014-07-01;1900-01-08;7;Chamberí;75;5;Ríos Rosas;BRAVO MURILLO, CALLE, DE;54;0107530096;-3.7039450000;40.4429872580
440304.9420600000;4477272.3348900000;2014-07-01;1900-01-08;7;Chamberí;75;5;Ríos Rosas;BRAVO MURILLO, CALLE, DE;64;0107530099;-3.7039123410;40.4439611150
440307.6278864880;4477427.2982942900;2014-07-01;1900-01-08;7;Chamberí;75;5;Ríos Rosas;BRAVO MURILLO, CALLE, DE;86;0107530137;-3.7038952670;40.4453579290
440578.4592200170;4476789.3627270300;2014-07-01;1900-01-08;7;Chamberí;75;5;Ríos Rosas;BRETON DE LOS HERREROS, CALLE, DE;1;0107530110;-3.7006421270;40.4396301840
440703.3518800000;4476779.1019050000;2014-07-01;1900-01-08;7;Chamberí;75;5;Ríos Rosas;BRETON DE LOS HERREROS, CALLE, DE;16;0107530109;-3.6991687090;40.4395462460
440821.9612198220;4476771.8538498500;2014-07-01;1900-01-08;7;Chamberí;75;5;Ríos Rosas;BRETON DE LOS HERREROS, CALLE, DE;28;0107530108;-3.6977696610;40.4394898670
440961.3752800000;4476762.2513050000;2014-07-01;1900-01-08;7;Chamberí;75;5;Ríos Rosas;BRETON DE LOS HERREROS, CALLE, DE;42;0107530107;-3.6961250430;40.4394133200
441250.5723309330;4476740.8260720700;2014-07-01;1900-01-08;7;Chamberí;75;5;Ríos Rosas;BRETON DE LOS HERREROS, CALLE, DE;64;0107530105;-3.6927133080;40.4392406870
440426.4056642660;4477195.7010720700;2014-07-01;1900-01-08;7;Chamberí;75;5;Ríos Rosas;CRISTOBAL BORDIU, CALLE, DE;14;0107530142;-3.7024730140;40.4432796390
440454.5723309330;4477177.1316276300;2014-07-01;1900-01-08;7;Chamberí;75;5;Ríos Rosas;CRISTOBAL BORDIU, CALLE, DE;16;0107530098;-3.7021391520;40.4431147410
440848.7795950000;4477164.1899400000;2014-07-01;1900-01-08;7;Chamberí;75;5;Ríos Rosas;CRISTOBAL BORDIU, CALLE, DE;41;0107530127;-3.6974899430;40.4430259900
440969.6834420440;4476884.1316276300;2014-07-01;1900-01-08;7;Chamberí;75;5;Ríos Rosas;ESPRONCEDA, CALLE, DE;28;0107530113;-3.6960384110;40.4405118520
441246.8521950000;4476863.2719400000;2014-07-01;1900-01-08;7;Chamberí;75;5;Ríos Rosas;ESPRONCEDA, CALLE, DE;45;0107530115;-3.6927684840;40.4403431150
441101.7795800000;4476696.4123050000;2014-07-01;1900-01-08;7;Chamberí;75;5;Ríos Rosas;FERNANDEZ DE LA HOZ, CALLE, DE;53;0107530106;-3.6944635220;40.4388302200
441100.9056642660;4476829.5760720700;2014-07-01;1900-01-08;7;Chamberí;75;5;Ríos Rosas;FERNANDEZ DE LA HOZ, CALLE, DE;57;0107530114;-3.6944861540;40.4400294780
441110.1778950000;4476953.7215400000;2014-07-01;1900-01-08;7;Chamberí;75;5;Ríos Rosas;FERNANDEZ DE LA HOZ, CALLE, DE;82;0107530117;-3.6943883500;40.4411481780
440617.3379800000;4476673.2093050000;2014-07-01;1900-01-08;7;Chamberí;75;5;Ríos Rosas;JOSE ABASCAL, CALLE, DE;17;0107530079;-3.7001729320;40.4385868280
440874.9856800000;4476654.7118050000;2014-07-01;1900-01-08;7;Chamberí;75;5;Ríos Rosas;JOSE ABASCAL, CALLE, DE;39;0107530081;-3.6971335060;40.4384378020
440376.3589250000;4476691.9840300000;2014-07-01;1900-01-08;7;Chamberí;75;5;Ríos Rosas;JOSE ABASCAL, CALLE, DE;4;0107530077;-3.7030158340;40.4387383180
441021.2089800000;4476644.5593050000;2014-07-01;1900-01-08;7;Chamberí;75;5;Ríos Rosas;JOSE ABASCAL, CALLE, DE;45;0107530082;-3.6954085590;40.4383571290
441176.0029800000;4476632.5513050000;2014-07-01;1900-01-08;7;Chamberí;75;5;Ríos Rosas;JOSE ABASCAL, CALLE, DE;55;0107530083;-3.6935824280;40.4382598980
440514.4567800000;4476681.1795050000;2014-07-01;1900-01-08;7;Chamberí;75;5;Ríos Rosas;JOSE ABASCAL, CALLE, DE;7;0107530078;-3.7013866290;40.4386508850
440385.9889975990;4477319.7427387400;2014-07-01;1900-01-08;7;Chamberí;75;5;Ríos Rosas;MARIA DE GUZMAN, CALLE, DE;10;0107530100;-3.7029612310;40.4443938120
440535.9889975990;4477292.2427387400;2014-07-01;1900-01-08;7;Chamberí;75;5;Ríos Rosas;MARIA DE GUZMAN, CALLE, DE;14;0107530131;-3.7011900470;40.4441570090
440738.4290950000;4477278.7849400000;2014-07-01;1900-01-08;7;Chamberí;75;5;Ríos Rosas;MARIA DE GUZMAN, CALLE, DE;28;0107530130;-3.6988017300;40.4440506110
440656.8501087110;4477297.5019980000;2014-07-01;1900-01-08;7;Chamberí;75;5;Ríos Rosas;MARIA DE GUZMAN, CALLE, DE;29;0107530101;-3.6997653870;40.4442135030
440857.4056642660;4477282.4196934700;2014-07-01;1900-01-08;7;Chamberí;75;5;Ríos Rosas;MARIA DE GUZMAN, CALLE, DE;53;0107530129;-3.6973992440;40.4440912910
440997.6649235250;4477273.6501461500;2014-07-01;1900-01-08;7;Chamberí;75;5;Ríos Rosas;MARIA DE GUZMAN, CALLE, DE;58;0107530128;-3.6957446560;40.4440225360
440988.7055457360;4477324.7741492500;2014-07-01;1900-01-08;7;Chamberí;75;5;Ríos Rosas;MARIA PANES, CALLE, DE;18;0107530132;-3.6958550080;40.4444823920
440347.7806642660;4477441.8260720700;2014-07-01;1900-01-08;7;Chamberí;75;5;Ríos Rosas;MAUDES, CALLE, DE;3;0107530103;-3.7034232070;40.4454909690
440747.3845950000;4477398.6747950000;2014-07-01;1900-01-08;7;Chamberí;75;5;Ríos Rosas;MAUDES, CALLE, DE;40;0107530134;-3.6987073630;40.4451314380
440374.6682600000;4477426.0250900000;2014-07-01;1900-01-08;7;Chamberí;75;5;Ríos Rosas;MAUDES, CALLE, DE;5;0107530136;-3.7031046430;40.4453505370
440879.8629950000;4477400.2916950000;2014-07-01;1900-01-08;7;Chamberí;75;5;Ríos Rosas;MAUDES, CALLE, DE;54;0107530133;-3.6971454230;40.4451546430
440969.4247950000;4477031.8835400000;2014-07-01;1900-01-08;7;Chamberí;75;5;Ríos Rosas;MODESTO LAFUENTE, CALLE, DE;33;0107530092;-3.6960551990;40.4418424890
440976.2719950000;4477141.3447400000;2014-07-01;1900-01-08;7;Chamberí;75;5;Ríos Rosas;MODESTO LAFUENTE, CALLE, DE;43;0107530124;-3.6959846110;40.4428289500
440978.7849950000;4477008.5829400000;2014-07-01;1900-01-08;7;Chamberí;75;5;Ríos Rosas;MODESTO LAFUENTE, CALLE, DE;52;0107530118;-3.6959426700;40.4416334160
441009.1093679700;4477425.2797757800;2014-07-01;1900-01-08;7;Chamberí;75;5;Ríos Rosas;MODESTO LAFUENTE, CALLE, DE;82;0107530141;-3.6956237620;40.4453896130
440698.9612198220;4476905.7982942900;2014-07-01;2024-09-05;7;Chamberí;75;5;Ríos Rosas;PONZANO, CALLE, DE;49;0107530111;-3.6992323070;40.4406874060
440710.7389975990;4476915.5205165200;2024-09-05;1900-01-08;7;Chamberí;75;5;Ríos Rosas;PONZANO, CALLE, DE;50;0107530111;-3.6990943390;40.4407759280
440703.2446560000;4476975.3907690000;2014-07-01;2015-03-16;7;Chamberí;75;5;Ríos Rosas;PONZANO, CALLE, DE;59;0107530120;-3.6991883040;40.4413149660
440728.4056642660;4477158.4927387400;2014-07-01;1900-01-08;7;Chamberí;75;5;Ríos Rosas;PONZANO, CALLE, DE;66;0107530125;-3.6989086440;40.4429661160
440738.9612198220;4477464.2427387400;2014-07-01;1900-01-08;7;Chamberí;75;5;Ríos Rosas;PONZANO, CALLE, DE;95;0107530139;-3.6988127880;40.4457208970
440407.2489409680;4477050.5742282700;2014-07-01;1900-01-08;7;Chamberí;75;5;Ríos Rosas;RIOS ROSAS, CALLE, DE;12;0107530122;-3.7026852950;40.4419706020
440780.1337950000;4477045.7616400000;2014-07-01;2024-08-12;7;Chamberí;75;5;Ríos Rosas;RIOS ROSAS, CALLE, DE;37;0107530091;-3.6982883020;40.4419538140
441250.3223309330;4476946.7427387400;2014-07-01;1900-01-08;7;Chamberí;75;5;Ríos Rosas;SAN JUAN DE LA CRUZ, PLAZA, DE;1;0107530116;-3.6927353100;40.4410955240
441170.8989950000;4476992.6073400000;2014-07-01;1900-01-08;7;Chamberí;75;5;Ríos Rosas;SAN JUAN DE LA CRUZ, PLAZA, DE;3 B;0107530094;-3.6936759920;40.4415034700
441086.9454950000;4477015.9186400000;2014-07-01;1900-01-08;7;Chamberí;75;5;Ríos Rosas;SAN JUAN DE LA CRUZ, PLAZA, DE;9;0107530093;-3.6946680110;40.4417074430
440529.8618739330;4476872.3837897100;2014-07-01;1900-01-08;7;Chamberí;75;5;Ríos Rosas;SANTA ENGRACIA, CALLE, DE;120 A;0107530087;-3.7012229350;40.4403743420
440576.1098800000;4476732.7083050000;2014-07-01;1900-01-08;7;Chamberí;75;5;Ríos Rosas;SANTA ENGRACIA, CALLE, DE;123;0107530084;-3.7006645300;40.4391194490
440497.2002118760;4476978.5341913900;2014-07-01;1900-01-08;7;Chamberí;75;5;Ríos Rosas;SANTA ENGRACIA, CALLE, DE;124;0107530088;-3.7016179890;40.4413280300
440509.9780962240;4477009.7314715500;2014-07-01;1900-01-08;7;Chamberí;75;5;Ríos Rosas;SANTA ENGRACIA, CALLE, DE;126;0107530121;-3.7014702230;40.4416107270
440447.5110950000;4477132.9100400000;2014-07-01;1900-01-08;7;Chamberí;75;5;Ríos Rosas;SANTA ENGRACIA, CALLE, DE;135;0107530095;-3.7022183340;40.4427159630
440486.2806642660;4477489.4510720700;2014-07-01;1900-01-08;7;Chamberí;75;5;Ríos Rosas;TREVIÑO, CALLE, DE;2;0107530138;-3.7017945170;40.4459297980
440745.8501087110;4476661.8538498500;2014-07-01;1900-01-08;7;Chamberí;75;5;Ríos Rosas;VARGAS, CALLE, DE;1;0107530080;-3.6986566570;40.4384932070
439284.6556642660;4477382.7010720700;2014-07-01;1900-01-08;7;Chamberí;76;6;Vallehermoso;AMAPOLAS, CALLE, DE LAS;2;0107630067;-3.7159530490;40.4448814570
439265.1464050070;4477236.0205165200;2014-07-01;1900-01-08;7;Chamberí;76;6;Vallehermoso;AMAPOLAS, CALLE, DE LAS;S/N;0107630054;-3.7161690540;40.4435587260
439448.7918900000;4476841.2859500000;2014-07-01;1900-01-08;7;Chamberí;76;6;Vallehermoso;ANDRES MELLADO, CALLE, DE;81;0107630036;-3.7139661460;40.4400164150
439555.8501087110;4476834.3538498500;2014-07-01;1900-01-08;7;Chamberí;76;6;Vallehermoso;AVIACION ESPAÑOLA, CALLE, DE LA;4;0107630008;-3.7127032330;40.4399614680
439687.1464050070;4476764.3538498500;2017-03-06;1900-01-08;7;Chamberí;76;6;Vallehermoso;BLASCO DE GARAY, CALLE, DE;75;0107631126;-3.7111485690;40.4393407830
440073.7051300000;4476706.5908050000;2014-07-01;1900-01-08;7;Chamberí;76;6;Vallehermoso;BOIX Y MORER, CALLE, DE;1;0107630005;-3.7065855330;40.4388481540
440103.2986900000;4476986.3955800000;2014-07-01;1900-01-08;7;Chamberí;76;6;Vallehermoso;BOIX Y MORER, CALLE, DE;24;0107630042;-3.7062630730;40.4413711160
440082.5167753770;4476825.6316276300;2014-07-01;1900-01-08;7;Chamberí;76;6;Vallehermoso;BOIX Y MORER, CALLE, DE;8;0107630032;-3.7064928860;40.4399208460
440269.1556642660;4476878.8260720700;2014-07-01;1900-01-08;7;Chamberí;76;6;Vallehermoso;BRAVO MURILLO, CALLE, DE;42;0107630013;-3.7042973120;40.4404140480
440265.6556642660;4476753.3260720700;2014-07-01;1900-01-08;7;Chamberí;76;6;Vallehermoso;BRAVO MURILLO, CALLE, DE;49;0107630007;-3.7043268190;40.4392830290
440272.8501087110;4476985.5205165200;2014-07-01;1900-01-08;7;Chamberí;76;6;Vallehermoso;BRAVO MURILLO, CALLE, DE;53;0107630014;-3.7042637360;40.4413747830
440278.5936900000;4477155.7929800000;2014-07-01;1900-01-08;7;Chamberí;76;6;Vallehermoso;BRAVO MURILLO, CALLE, DE;73;0107630020;-3.7042121130;40.4429096800
440282.0970222910;4477275.1439733100;2014-07-01;1900-01-08;7;Chamberí;76;6;Vallehermoso;BRAVO MURILLO, CALLE, DE;83;0107630058;-3.7041819750;40.4439848920
440289.2389975990;4477473.0760720700;2014-07-01;1900-01-08;7;Chamberí;76;6;Vallehermoso;BRAVO MURILLO, CALLE, DE;93;0107630025;-3.7041163720;40.4457684530
440155.4056642660;4476703.0760720700;2014-07-01;1900-01-08;7;Chamberí;76;6;Vallehermoso;CEA BERMUDEZ, CALLE, DE;2;0107630006;-3.7056219330;40.4388222560
439482.9056642660;4476749.7010720700;2014-07-01;1900-01-08;7;Chamberí;76;6;Vallehermoso;CEA BERMUDEZ, CALLE, DE;54;0107630001;-3.7135551640;40.4391935900
439235.5437162350;4476989.6556193400;2014-07-01;1900-01-08;7;Chamberí;76;6;Vallehermoso;DOMENICO SCARLATTI, CALLE, DE;4;0107630046;-3.7164946090;40.4413371970
440204.5538124140;4477579.7612572600;2014-07-01;1900-01-08;7;Chamberí;76;6;Vallehermoso;ESQUILACHE, CALLE, DE;26;0107630075;-3.7051250060;40.4467236310
440199.7554171750;4477197.3446570100;2014-07-01;1900-01-08;7;Chamberí;76;6;Vallehermoso;ESQUILACHE, CALLE, DE;8;0107630050;-3.7051455760;40.4432785500
439701.5723309330;4476798.0760720700;2014-07-01;2017-03-06;7;Chamberí;76;6;Vallehermoso;FILIPINAS, AVENIDA, DE;14;0107630035;-3.7109816090;40.4396455970
439813.8501087110;4476874.9094054000;2014-07-01;1900-01-08;7;Chamberí;76;6;Vallehermoso;FILIPINAS, AVENIDA, DE;S/N;0107630012;-3.7096651810;40.4403457510
439804.4056642660;4476847.2982942900;2014-07-01;1900-01-08;7;Chamberí;76;6;Vallehermoso;GALILEO, CALLE, DE;110;0107630034;-3.7097739860;40.4400964000
439782.9597300000;4476722.7621050000;2014-07-01;1900-01-08;7;Chamberí;76;6;Vallehermoso;GALILEO, CALLE, DE;87;0107630003;-3.7100149720;40.4389724290
439352.7389975990;4476811.7427387400;2024-04-18;1900-01-08;7;Chamberí;76;6;Vallehermoso;GAZTAMBIDE, CALLE, DE;70;0107630037;-3.7150958470;40.4397429990
439353.7389975990;4476825.3260720700;2014-07-01;2024-04-18;7;Chamberí;76;6;Vallehermoso;GAZTAMBIDE, CALLE, DE;72;0107630037;-3.7150853050;40.4398652690
439318.9169029080;4476897.8335246500;2014-07-01;1900-01-08;7;Chamberí;76;6;Vallehermoso;GAZTAMBIDE, CALLE, DE;78;0107630039;-3.7155028190;40.4405164350
439366.6080660940;4477093.1414581200;2014-07-01;1900-01-08;7;Chamberí;76;6;Vallehermoso;GENERAL AMPUDIA, CALLE, DEL;8;0107630047;-3.7149591390;40.4422791970
439763.9056642660;4477504.8538498500;2014-07-01;1900-01-08;7;Chamberí;76;6;Vallehermoso;GENERAL IBAÑEZ DE IBERO, CALLE, DEL;S/N;0107630071;-3.7103137700;40.4460164860
439186.7389975990;4477436.8260720700;2014-07-01;1900-01-08;7;Chamberí;76;6;Vallehermoso;GRANJA, CALLE, DE LA;3;0107630029;-3.7171128310;40.4453617670
439179.6556642660;4477528.4094054000;2014-07-01;1900-01-08;7;Chamberí;76;6;Vallehermoso;GRANJA, CALLE, DE LA;9;0107630028;-3.7172050770;40.4461864830
439572.4056642660;4477051.0760720700;2014-07-01;1900-01-08;7;Chamberí;76;6;Vallehermoso;GUZMAN EL BUENO, CALLE, DE;102;0107630016;-3.7125285950;40.4419148530
439562.3686272290;4476903.6624918200;2014-07-01;1900-01-08;7;Chamberí;76;6;Vallehermoso;GUZMAN EL BUENO, CALLE, DE;94;0107630011;-3.7126329310;40.4405869090
439137.9056642660;4476869.2427387400;2014-07-01;1900-01-08;7;Chamberí;76;6;Vallehermoso;ISAAC PERAL, CALLE, DE;46;0107630009;-3.7176341650;40.4402458850
439056.9949800000;4477070.5386200000;2014-07-01;1900-01-08;7;Chamberí;76;6;Vallehermoso;ISAAC PERAL, CALLE, DE;58;0107630018;-3.7186074480;40.4420530510
439283.6478780040;4477152.4551273400;2014-07-01;2026-06-18;7;Chamberí;76;6;Vallehermoso;JULIAN ROMEA, CALLE, DE;16;0107630021;-3.7159429650;40.4428071780
439262.6478780040;4477153.9551273400;2026-06-18;1900-01-08;7;Chamberí;76;6;Vallehermoso;JULIAN ROMEA, CALLE, DE;18;0107630021;-3.7161906550;40.4428191530
439168.5902372690;4477158.7744191800;2014-07-01;1900-01-08;7;Chamberí;76;6;Vallehermoso;JULIAN ROMEA, CALLE, DE;20;0107630022;-3.7173001880;40.4428558790
439435.8501087110;4477141.5760720700;2014-07-01;1900-01-08;7;Chamberí;76;6;Vallehermoso;JULIAN ROMEA, CALLE, DE;5;0107630052;-3.7141472580;40.4427205470
439024.9118371060;4477163.0698992300;2014-07-01;1900-01-08;7;Chamberí;76;6;Vallehermoso;JULIAN ROMEA, CALLE, DE;S/N;0107630023;-3.7189946530;40.4428839540
439276.4056642660;4477459.9649609600;2014-07-01;1900-01-08;7;Chamberí;76;6;Vallehermoso;LOMA, CALLE, DE LA;6;0107630066;-3.7160576710;40.4455769700
439442.0723309330;4477422.9927387400;2014-07-01;1900-01-08;7;Chamberí;76;6;Vallehermoso;MAESTRO ÁNGEL LLORCA, CALLE, DEL;15;0107630030;-3.7141007340;40.4452564580
439446.4612198220;4477290.3538498500;2014-07-01;1900-01-08;7;Chamberí;76;6;Vallehermoso;MAESTRO ÁNGEL LLORCA, CALLE, DEL;8;0107630027;-3.7140363910;40.4440614400
440124.5214350000;4477515.5552750000;2014-07-01;1900-01-08;7;Chamberí;76;6;Vallehermoso;MARQUES DE LEMA, CALLE, DEL;11;0107630074;-3.7060625950;40.4461389270
440077.9056642660;4477421.6316276300;2014-07-01;1900-01-08;7;Chamberí;76;6;Vallehermoso;MARQUES DE LEMA, CALLE, DEL;7;0107630059;-3.7066034670;40.4452896320
439358.5167753770;4477267.2982942900;2014-07-01;1900-01-08;7;Chamberí;76;6;Vallehermoso;MAX AUB, CALLE, DE;15;0107630055;-3.7150711530;40.4438478410
439441.5538124140;4477251.2427387400;2014-07-01;1900-01-08;7;Chamberí;76;6;Vallehermoso;MAX AUB, CALLE, DE;9;0107630056;-3.7140905350;40.4437088990
439672.2865943240;4477013.3486203600;2014-07-01;1900-01-08;7;Chamberí;76;6;Vallehermoso;MELQUÍADES ÁLVAREZ, CALLE, DE;13;0107630040;-3.7113473850;40.4415821940
439759.6788105850;4477072.3047695600;2014-07-01;1900-01-08;7;Chamberí;76;6;Vallehermoso;MELQUÍADES ÁLVAREZ, CALLE, DE;19;0107630044;-3.7103225930;40.4421198000
439485.1464050070;4476979.9464424400;2014-07-01;1900-01-08;7;Chamberí;76;6;Vallehermoso;MELQUÍADES ÁLVAREZ, CALLE, DE;2;0107630045;-3.7135506950;40.4412678120
439832.8223309330;4477123.5760720700;2014-07-01;1900-01-08;7;Chamberí;76;6;Vallehermoso;MELQUÍADES ÁLVAREZ, CALLE, DE;S/N;0107630048;-3.7094649900;40.4425872770
438957.8871457480;4477331.8353313300;2014-07-01;1900-01-08;7;Chamberí;76;6;Vallehermoso;OLIVOS, CALLE, DE LOS;23;0107630062;-3.7198011480;40.4443998860
439208.0167753770;4477324.2427387400;2014-07-01;1900-01-08;7;Chamberí;76;6;Vallehermoso;OLIVOS, CALLE, DE LOS;6;0107630061;-3.7168511610;40.4443490640
439950.6278864880;4477539.8538498500;2014-07-01;1900-01-08;7;Chamberí;76;6;Vallehermoso;PABLO IGLESIAS, AVENIDA, DE;13;0107630072;-3.7081154450;40.4463459370
440218.7389975990;4477102.7427387400;2014-07-01;1900-01-08;7;Chamberí;76;6;Vallehermoso;PABLO IGLESIAS, AVENIDA, DE;2;0107630049;-3.7049128400;40.4424273070
440007.6649235250;4477540.5019980000;2014-07-01;1900-01-08;7;Chamberí;76;6;Vallehermoso;PABLO IGLESIAS, AVENIDA, DE;24;0107630073;-3.7074428500;40.4463554480
440167.4742120100;4477183.8210904000;2014-07-01;1900-01-08;7;Chamberí;76;6;Vallehermoso;PABLO IGLESIAS, AVENIDA, DE;4;0107630076;-3.7055249310;40.4431541610
440149.1834420440;4477243.9834794800;2014-07-01;1900-01-08;7;Chamberí;76;6;Vallehermoso;PABLO IGLESIAS, AVENIDA, DE;8;0107630057;-3.7057462650;40.4436950900
440056.2389975990;4477388.9927387400;2014-07-01;1900-01-08;7;Chamberí;76;6;Vallehermoso;PABLO IGLESIAS, AVENIDA, DE;S/N;0107630024;-3.7068558550;40.4449939860
439373.0084800000;4477378.2706500000;2014-07-01;1900-01-08;7;Chamberí;76;6;Vallehermoso;POETA ANGELA FIGUERA, CALLE, DE LA;13;0107630068;-3.7149108960;40.4448477670
439123.6278864880;4477415.5205165200;2014-07-01;1900-01-08;7;Chamberí;76;6;Vallehermoso;POETA ANGELA FIGUERA, CALLE, DE LA;31;0107630064;-3.7178548680;40.4451653000
439504.4761939710;4477368.0574885200;2014-07-01;1900-01-08;7;Chamberí;76;6;Vallehermoso;POETA ANGELA FIGUERA, CALLE, DE LA;7;0107630069;-3.7133597280;40.4447661780
439330.8223309330;4476941.1594054000;2024-11-19;1900-01-08;7;Chamberí;76;6;Vallehermoso;SAN FRANCISCO DE SALES, PASEO, DE;17 B;0107630017;-3.7153665700;40.4409075360
439355.6556642660;4476963.3260720700;2014-07-01;2024-11-19;7;Chamberí;76;6;Vallehermoso;SAN FRANCISCO DE SALES, PASEO, DE;21;0107630017;-3.7150758510;40.4411086440
439470.5723309330;4477063.4927387400;2014-07-01;1900-01-08;7;Chamberí;76;6;Vallehermoso;SAN FRANCISCO DE SALES, PASEO, DE;29;0107630019;-3.7137304890;40.4420193610
439233.0839800000;4476856.1643200000;2014-07-01;1900-01-08;7;Chamberí;76;6;Vallehermoso;SAN FRANCISCO DE SALES, PASEO, DE;9;0107630010;-3.7165108240;40.4401344440
439933.6556642660;4477438.2010720700;2014-07-01;1900-01-08;7;Chamberí;76;6;Vallehermoso;SAN FRANCISCO DE SALES, PASEO, DE;S/N;0107630026;-3.7083058960;40.4454290900
439887.4056642660;4477374.4510720700;2014-07-01;1900-01-08;7;Chamberí;76;6;Vallehermoso;SAN FRANCISCO DE SALES, PASEO, DE;S/N;0107630031;-3.7088452210;40.4448514340
439875.6834420440;4477409.8538498500;2014-07-01;1900-01-08;7;Chamberí;76;6;Vallehermoso;SAN FRANCISCO DE SALES, PASEO, DE;S/N;0107630060;-3.7089867990;40.4451693680
439239.7684800000;4476825.7691200000;2014-07-01;1900-01-08;7;Chamberí;76;6;Vallehermoso;SAN GABRIEL, PARTICULAR, DE;4;0107630038;-3.7164291200;40.4398612580
439258.9284695630;4476761.7594953200;2014-07-01;1900-01-08;7;Chamberí;76;6;Vallehermoso;SAN GABRIEL, PARTICULAR, DE;S/N;0107630002;-3.7161970720;40.4392863520
439906.7806642660;4477066.5760720700;2014-07-01;1900-01-08;7;Chamberí;76;6;Vallehermoso;SANTANDER, CALLE, DE;1;0107630043;-3.7085876200;40.4420786050
439952.9056642660;4476944.4510720700;2014-07-01;1900-01-08;7;Chamberí;76;6;Vallehermoso;SANTANDER, CALLE, DE;S/N;0107630015;-3.7080323090;40.4409822500
439727.3223309330;4477246.4094054000;2014-07-01;1900-01-08;7;Chamberí;76;6;Vallehermoso;SANTANDER, CALLE, DE;S/N;0107630051;-3.7107205700;40.4436858090
438991.6649235250;4477430.2427387400;2014-07-01;1900-01-08;7;Chamberí;76;6;Vallehermoso;SIERRA, CALLE, DE LA;7;0107630063;-3.7194122820;40.4452883710
439680.0723309330;4477480.7427387400;2014-07-01;1900-01-08;7;Chamberí;76;6;Vallehermoso;SOTOMAYOR, CALLE, DE;5;0107630070;-3.7113000590;40.4457932050
439069.3223309330;4477235.2427387400;2014-07-01;1900-01-08;7;Chamberí;76;6;Vallehermoso;VALLE, AVENIDA, DEL;38;0107630053;-3.7184779600;40.4435376420
439952.8001900000;4476916.9324800000;2014-07-01;1900-01-08;7;Chamberí;76;6;Vallehermoso;VALLEHERMOSO, CALLE, DE;116;0107630041;-3.7080308770;40.4407343880
439923.6556642660;4476713.8260720700;2014-07-01;2024-06-17;7;Chamberí;76;6;Vallehermoso;VALLEHERMOSO, CALLE, DE;83;0107630004;-3.7083552850;40.4389027570
439937.9056642660;4476712.5760720700;2024-06-17;1900-01-08;7;Chamberí;76;6;Vallehermoso;VALLEHERMOSO, CALLE, DE;92;0107630004;-3.7081871790;40.4388921000
439934.6834420440;4476835.3538498500;2014-07-01;1900-01-08;7;Chamberí;76;6;Vallehermoso;VALLEHERMOSO, CALLE, DE;93;0107630033;-3.7082367400;40.4399979080
439042.6030931000;4477511.5292401200;2014-07-01;1900-01-08;7;Chamberí;76;6;Vallehermoso;VICENTE ALEIXANDRE, CALLE, DE;S/N;0107630065;-3.7188195000;40.4460246800
440120.1278864880;4481073.6316276300;2017-01-01;1900-01-08;8;Fuencarral - El Pardo;84;4;Pilar;ARTEIJO, PLAZA, DE;6;0108420860;-3.7064501430;40.4781913900
440120.1278864880;4481073.6316276300;2014-07-01;2017-01-01;8;Fuencarral - El Pardo;84;4;Pilar;ARTEIJO, PLAZA, DE;6;0408420860;-3.7064501430;40.4781913900
439565.2575161180;4480339.3538498500;2017-01-01;1900-01-08;8;Fuencarral - El Pardo;84;4;Pilar;BECERREA, CALLE, DE;4;0108420821;-3.7129259410;40.4715364280
439561.3501087110;4480340.7982942900;2014-07-01;2017-01-01;8;Fuencarral - El Pardo;84;4;Pilar;BECERREA, CALLE, DE;4;0408420821;-3.7129721790;40.4715495480
439615.6649235250;4480441.1316276300;2017-01-01;1900-01-08;8;Fuencarral - El Pardo;84;4;Pilar;BETANZOS, AVENIDA, DE;11;0108420825;-3.7123410660;40.4724569990
439618.4612198220;4480450.0205165200;2014-07-01;2017-01-01;8;Fuencarral - El Pardo;84;4;Pilar;BETANZOS, AVENIDA, DE;11;0408420825;-3.7123089230;40.4725372130
439665.8871457480;4480533.7242202200;2017-01-01;1900-01-08;8;Fuencarral - El Pardo;84;4;Pilar;BETANZOS, AVENIDA, DE;16;0108420833;-3.7117574510;40.4732951210
439665.8871457480;4480533.7242202200;2014-07-01;2017-01-01;8;Fuencarral - El Pardo;84;4;Pilar;BETANZOS, AVENIDA, DE;16;0408420833;-3.7117574510;40.4732951210
439673.0167753770;4480610.5760720700;2017-01-01;1900-01-08;8;Fuencarral - El Pardo;84;4;Pilar;BETANZOS, AVENIDA, DE;29;0108420832;-3.7116806750;40.4739879990
439673.0167753770;4480610.5760720700;2014-07-01;2017-01-01;8;Fuencarral - El Pardo;84;4;Pilar;BETANZOS, AVENIDA, DE;29;0408420832;-3.7116806750;40.4739879990
439715.1702800000;4480778.8393960000;2017-01-01;1900-01-08;8;Fuencarral - El Pardo;84;4;Pilar;BETANZOS, AVENIDA, DE;38;0108420834;-3.7111993900;40.4755063950
439715.1702800000;4480778.8393960000;2014-07-01;2017-01-01;8;Fuencarral - El Pardo;84;4;Pilar;BETANZOS, AVENIDA, DE;38;0408420834;-3.7111993900;40.4755063950
439675.6747200000;4480912.3977520000;2017-01-01;1900-01-08;8;Fuencarral - El Pardo;84;4;Pilar;BETANZOS, AVENIDA, DE;50;0108420836;-3.7116780970;40.4767073720
439675.6747200000;4480912.3977520000;2014-07-01;2017-01-01;8;Fuencarral - El Pardo;84;4;Pilar;BETANZOS, AVENIDA, DE;50;0408420836;-3.7116780970;40.4767073720
439625.3566700000;4481122.2673000000;2014-07-01;2017-01-01;8;Fuencarral - El Pardo;84;4;Pilar;BETANZOS, AVENIDA, DE;61;0408420897;-3.7122916200;40.4785937780
439598.1834420440;4481128.1316276300;2017-01-01;1900-01-08;8;Fuencarral - El Pardo;84;4;Pilar;BETANZOS, AVENIDA, DE;63;0108420907;-3.7126127050;40.4786451150
439597.6191640000;4481128.0644180000;2014-07-01;2017-01-01;8;Fuencarral - El Pardo;84;4;Pilar;BETANZOS, AVENIDA, DE;63;0408420907;-3.7126193520;40.4786438540
439547.4986040000;4481481.1783290000;2014-07-01;2017-01-01;8;Fuencarral - El Pardo;84;4;Pilar;BETANZOS, AVENIDA, DE;68;0408420872;-3.7132442770;40.4818211350
439686.8691640000;4480805.9255290000;2017-01-01;1900-01-08;8;Fuencarral - El Pardo;84;4;Pilar;BETANZOS, AVENIDA, DE;S/N;0108420835;-3.7115358890;40.4757490420
439625.3566700000;4481122.2673000000;2017-01-01;1900-01-08;8;Fuencarral - El Pardo;84;4;Pilar;BETANZOS, AVENIDA, DE;S/N;0108420897;-3.7122916200;40.4785937780
439604.6191640000;4481204.5505290000;2017-01-01;1900-01-08;8;Fuencarral - El Pardo;84;4;Pilar;BETANZOS, AVENIDA, DE;S/N;0108420898;-3.7125440080;40.4793337530
439686.8691640000;4480805.9255290000;2014-07-01;2017-01-01;8;Fuencarral - El Pardo;84;4;Pilar;BETANZOS, AVENIDA, DE;S/N;0408420835;-3.7115358890;40.4757490420
439604.6191640000;4481204.5505290000;2014-07-01;2017-01-01;8;Fuencarral - El Pardo;84;4;Pilar;BETANZOS, AVENIDA, DE;S/N;0408420898;-3.7125440080;40.4793337530
440254.0723309330;4480964.6501461500;2017-01-01;1900-01-08;8;Fuencarral - El Pardo;84;4;Pilar;CARBALLO, PLAZA, DE;4;0108420855;-3.7048597840;40.4772191950
440252.5723309330;4480970.1871831800;2014-07-01;2017-01-01;8;Fuencarral - El Pardo;84;4;Pilar;CARBALLO, PLAZA, DE;4;0408420855;-3.7048780040;40.4772692140
439531.4797383400;4480385.5760720700;2017-01-01;1900-01-08;8;Fuencarral - El Pardo;84;4;Pilar;CELANOVA, CALLE, DE;6;0108420822;-3.7133288450;40.4719503320
439531.4889975990;4480384.9927387400;2014-07-01;2017-01-01;8;Fuencarral - El Pardo;84;4;Pilar;CELANOVA, CALLE, DE;6;0408420822;-3.7133286730;40.4719451760
439728.3315901920;4480474.2427387400;2017-01-01;1900-01-08;8;Fuencarral - El Pardo;84;4;Pilar;CHANTADA, CALLE, DE;1;0108420820;-3.7110151840;40.4727633590
439728.3315901920;4480474.2427387400;2014-07-01;2017-01-01;8;Fuencarral - El Pardo;84;4;Pilar;CHANTADA, CALLE, DE;1;0408420820;-3.7110151840;40.4727633590
439567.6556642660;4480527.7427387400;2017-01-01;1900-01-08;8;Fuencarral - El Pardo;84;4;Pilar;CHANTADA, CALLE, DE;17;0108420837;-3.7129155710;40.4732343880
439565.0352938960;4480527.8723683700;2014-07-01;2017-01-01;8;Fuencarral - El Pardo;84;4;Pilar;CHANTADA, CALLE, DE;17;0408420837;-3.7129465680;40.4732346740
439728.2945531550;4480422.1316276300;2017-01-01;1900-01-08;8;Fuencarral - El Pardo;84;4;Pilar;CHANTADA, CALLE, DE;3;0108420900;-3.7110106580;40.4722942210
439726.9612198220;4480422.0760720700;2014-07-01;2017-01-01;8;Fuencarral - El Pardo;84;4;Pilar;CHANTADA, CALLE, DE;3;0408420900;-3.7110264140;40.4722939920
439423.4056642660;4480537.0760720700;2017-01-01;1900-01-08;8;Fuencarral - El Pardo;84;4;Pilar;CHANTADA, CALLE, DE;37;0108420838;-3.7146180580;40.4733072110
439423.4056642660;4480537.0760720700;2014-07-01;2017-01-01;8;Fuencarral - El Pardo;84;4;Pilar;CHANTADA, CALLE, DE;37;0408420838;-3.7146180580;40.4733072110
439632.3458270000;4481456.7338850000;2017-01-01;1900-01-08;8;Fuencarral - El Pardo;84;4;Pilar;CIEZA, PLAZA, DE;1;0108420911;-3.7122409700;40.4816077080
439632.3458270000;4481456.7338850000;2014-07-01;2017-01-01;8;Fuencarral - El Pardo;84;4;Pilar;CIEZA, PLAZA, DE;1;0408420911;-3.7122409700;40.4816077080
440032.6747200000;4480910.5088630000;2017-01-01;1900-01-08;8;Fuencarral - El Pardo;84;4;Pilar;CORCUBION, PLAZA, DE;3;0108420853;-3.7074663980;40.4767153930
440032.6747200000;4480910.5088630000;2014-07-01;2017-01-01;8;Fuencarral - El Pardo;84;4;Pilar;CORCUBION, PLAZA, DE;3;0408420853;-3.7074663980;40.4767153930
439371.2353150000;4481161.9054770000;2017-01-01;1900-01-08;8;Fuencarral - El Pardo;84;4;Pilar;DOCTOR RAMON CASTROVIEJO, CALLE, DEL;21;0108420866;-3.7152932310;40.4789323960
439371.2353150000;4481161.9054770000;2014-07-01;2017-01-01;8;Fuencarral - El Pardo;84;4;Pilar;DOCTOR RAMON CASTROVIEJO, CALLE, DEL;21;0408420866;-3.7152932310;40.4789323960
440343.6278864880;4480646.0760720700;2017-01-01;1900-01-08;8;Fuencarral - El Pardo;84;4;Pilar;EL FERROL, AVENIDA, DE;11;0108420816;-3.7037733420;40.4743560670
440338.4812300000;4480644.7153000000;2014-07-01;2017-01-01;8;Fuencarral - El Pardo;84;4;Pilar;EL FERROL, AVENIDA, DE;11;0408420816;-3.7038339610;40.4743437490
440234.4612198220;4480642.5205165200;2017-01-01;1900-01-08;8;Fuencarral - El Pardo;84;4;Pilar;EL FERROL, AVENIDA, DE;18;0108420817;-3.7050607780;40.4743165910
440234.4612198220;4480642.5205165200;2014-07-01;2017-01-01;8;Fuencarral - El Pardo;84;4;Pilar;EL FERROL, AVENIDA, DE;18;0408420817;-3.7050607780;40.4743165910
440130.0352938960;4480620.0205165200;2017-01-01;1900-01-08;8;Fuencarral - El Pardo;84;4;Pilar;EL FERROL, AVENIDA, DE;29;0108420818;-3.7062904030;40.4741055700
440130.5167753770;4480620.3538498500;2014-07-01;2017-01-01;8;Fuencarral - El Pardo;84;4;Pilar;EL FERROL, AVENIDA, DE;29;0408420818;-3.7062847880;40.4741088930
439966.2878300000;4480637.4030000000;2014-07-01;2017-01-01;8;Fuencarral - El Pardo;84;4;Pilar;EL FERROL, AVENIDA, DE;39;0408420794;-3.7082237910;40.4742509870
440026.0167753770;4480736.9649609600;2017-01-01;1900-01-08;8;Fuencarral - El Pardo;84;4;Pilar;EL FERROL, AVENIDA, DE;47;0108420801;-3.7075285640;40.4751521920
440026.2389975990;4480736.5760720700;2014-07-01;2017-01-01;8;Fuencarral - El Pardo;84;4;Pilar;EL FERROL, AVENIDA, DE;47;0408420801;-3.7075258720;40.4751487550
439972.8130716740;4480636.8353313300;2017-01-01;1900-01-08;8;Fuencarral - El Pardo;84;4;Pilar;EL FERROL, AVENIDA, DE;S/N;0108420794;-3.7081467290;40.4742457160
439861.5723309330;4480714.0205165200;2017-01-01;1900-01-08;8;Fuencarral - El Pardo;84;4;Pilar;EL FERROL, AVENIDA, DE;S/N;0108420795;-3.7094662500;40.4749333800
440103.7389975990;4480790.6316276300;2017-01-01;1900-01-08;8;Fuencarral - El Pardo;84;4;Pilar;EL FERROL, AVENIDA, DE;S/N;0108420905;-3.7066167590;40.4756406960
439936.1278864880;4480738.7982942900;2017-01-01;1900-01-08;8;Fuencarral - El Pardo;84;4;Pilar;EL FERROL, AVENIDA, DE;S/N;0108420906;-3.7085891090;40.4751615890
439886.2945531550;4480642.3908868900;2017-01-01;1900-01-08;8;Fuencarral - El Pardo;84;4;Pilar;EL FERROL, AVENIDA, DE;S/N;0108420908;-3.7091677970;40.4742900050
439861.5723309330;4480714.0205165200;2014-07-01;2017-01-01;8;Fuencarral - El Pardo;84;4;Pilar;EL FERROL, AVENIDA, DE;S/N;0408420795;-3.7094662500;40.4749333800
440104.9056642660;4480792.8260720700;2014-07-01;2017-01-01;8;Fuencarral - El Pardo;84;4;Pilar;EL FERROL, AVENIDA, DE;S/N;0408420905;-3.7066032380;40.4756613230
439927.5723309330;4480738.6594054000;2014-07-01;2017-01-01;8;Fuencarral - El Pardo;84;4;Pilar;EL FERROL, AVENIDA, DE;S/N;0408420906;-3.7086900070;40.4751602710
439893.5167753770;4480640.5760720700;2014-07-01;2017-01-01;8;Fuencarral - El Pardo;84;4;Pilar;EL FERROL, AVENIDA, DE;S/N;0408420908;-3.7090824830;40.4742740200
439592.9013820000;4481521.0672180000;2017-01-01;2021-03-22;8;Fuencarral - El Pardo;84;4;Pilar;ESQUIVIAS, PLAZA, DE;14;0108420870;-3.7127124000;40.4821843900
439594.9056642660;4481521.4927387400;2021-03-22;1900-01-08;8;Fuencarral - El Pardo;84;4;Pilar;ESQUIVIAS, PLAZA, DE;14;0108431155;-3.7126887940;40.4821877130
439592.9013820000;4481521.0672180000;2014-07-01;2017-01-01;8;Fuencarral - El Pardo;84;4;Pilar;ESQUIVIAS, PLAZA, DE;14;0408420870;-3.7127124000;40.4821843900
439550.3933185870;4481484.4032325700;2017-01-01;1900-01-08;8;Fuencarral - El Pardo;84;4;Pilar;FERMIN CABALLERO, CALLE, DE;72;0108420872;-3.7132103580;40.4818505850
439794.2575161180;4481557.9094054000;2017-01-01;1900-01-08;8;Fuencarral - El Pardo;84;4;Pilar;FERMIN CABALLERO, CALLE, DE;S/N;0108420869;-3.7103404120;40.4825301120
440022.7945531550;4481667.6316276300;2017-01-01;1900-01-08;8;Fuencarral - El Pardo;84;4;Pilar;FERMIN CABALLERO, CALLE, DE;S/N;0108420878;-3.7076545580;40.4835355390
439791.0124930000;4481557.7894410000;2014-07-01;2017-01-01;8;Fuencarral - El Pardo;84;4;Pilar;FERMIN CABALLERO, CALLE, DE;S/N;0408420869;-3.7103786860;40.4825295970
440023.6236040000;4481668.9561070000;2014-07-01;2017-01-01;8;Fuencarral - El Pardo;84;4;Pilar;FERMIN CABALLERO, CALLE, DE;S/N;0408420878;-3.7076449320;40.4835478000
439970.6834420440;4481039.5205165200;2017-01-01;1900-01-08;8;Fuencarral - El Pardo;84;4;Pilar;FONSAGRADA, PLAZA, DE;9;0108420861;-3.7082099260;40.4778734550
439971.3038700000;4481039.7959000000;2014-07-01;2017-01-01;8;Fuencarral - El Pardo;84;4;Pilar;FONSAGRADA, PLAZA, DE;9;0408420861;-3.7082026490;40.4778757470
439367.7864110000;4480643.5137680000;2017-01-01;1900-01-08;8;Fuencarral - El Pardo;84;4;Pilar;GANAPANES, CAMINO, DE;S/N;0108420839;-3.7152844080;40.4742626180
439337.3697440000;4480766.8471010000;2017-01-01;1900-01-08;8;Fuencarral - El Pardo;84;4;Pilar;GANAPANES, CAMINO, DE;S/N;0108420840;-3.7156549390;40.4753710620
439367.7864110000;4480643.5137680000;2014-07-01;2017-01-01;8;Fuencarral - El Pardo;84;4;Pilar;GANAPANES, CAMINO, DE;S/N;0408420839;-3.7152844080;40.4742626180
439337.3697440000;4480766.8471010000;2014-07-01;2017-01-01;8;Fuencarral - El Pardo;84;4;Pilar;GANAPANES, CAMINO, DE;S/N;0408420840;-3.7156549390;40.4753710620
440347.7389975990;4481004.1871831800;2017-01-01;1900-01-08;8;Fuencarral - El Pardo;84;4;Pilar;GINZO DE LIMIA, CALLE, DE;25;0108420857;-3.7037585020;40.4775821640
440347.7389975990;4481004.1871831800;2014-07-01;2017-01-01;8;Fuencarral - El Pardo;84;4;Pilar;GINZO DE LIMIA, CALLE, DE;25;0408420857;-3.7037585020;40.4775821640
440318.8130716740;4481097.9587881200;2017-01-01;1900-01-08;8;Fuencarral - El Pardo;84;4;Pilar;GINZO DE LIMIA, CALLE, DE;35;0108420858;-3.7041085790;40.4784249270
440319.4889975990;4481098.3260720700;2014-07-01;2017-01-01;8;Fuencarral - El Pardo;84;4;Pilar;GINZO DE LIMIA, CALLE, DE;35;0408420858;-3.7041006150;40.4784279640
440297.3686272290;4481169.6501461500;2017-01-01;1900-01-08;8;Fuencarral - El Pardo;84;4;Pilar;GINZO DE LIMIA, CALLE, DE;41;0108420899;-3.7043682440;40.4790696770
440297.3686272290;4481169.6501461500;2014-07-01;2017-01-01;8;Fuencarral - El Pardo;84;4;Pilar;GINZO DE LIMIA, CALLE, DE;41;0408420899;-3.7043682440;40.4790696770
440170.8711100000;4481602.7106000000;2014-07-01;2017-01-01;8;Fuencarral - El Pardo;84;4;Pilar;GINZO DE LIMIA, CALLE, DE;58 D;0408420881;-3.7059014220;40.4829616070
440326.4427013030;4480772.8353313300;2017-01-01;1900-01-08;8;Fuencarral - El Pardo;84;4;Pilar;GINZO DE LIMIA, CALLE, DE;7;0108420910;-3.7039879720;40.4754965400
440325.6278864880;4480772.7982942900;2014-07-01;2017-01-01;8;Fuencarral - El Pardo;84;4;Pilar;GINZO DE LIMIA, CALLE, DE;7;0408420910;-3.7039975400;40.4754967120
440254.7019605620;4481356.9834794800;2017-01-01;1900-01-08;8;Fuencarral - El Pardo;84;4;Pilar;GINZO DE LIMIA, CALLE, DE;S/N;0108420809;-3.7048892920;40.4807533700
440390.4056642660;4480840.9927387400;2017-01-01;1900-01-08;8;Fuencarral - El Pardo;84;4;Pilar;GINZO DE LIMIA, CALLE, DE;S/N;0108420826;-3.7032398610;40.4761152200
440416.4056642660;4480740.5760720700;2017-01-01;1900-01-08;8;Fuencarral - El Pardo;84;4;Pilar;GINZO DE LIMIA, CALLE, DE;S/N;0108420827;-3.7029236450;40.4752128680
440000.2698617970;4481776.6501461500;2017-01-01;1900-01-08;8;Fuencarral - El Pardo;84;4;Pilar;GINZO DE LIMIA, CALLE, DE;S/N;0108420879;-3.7079306660;40.4845155830
439884.4058220000;4481842.2922360000;2017-01-01;1900-01-08;8;Fuencarral - El Pardo;84;4;Pilar;GINZO DE LIMIA, CALLE, DE;S/N;0108420880;-3.7093038170;40.4850985100
440170.8711100000;4481602.7106000000;2017-01-01;1900-01-08;8;Fuencarral - El Pardo;84;4;Pilar;GINZO DE LIMIA, CALLE, DE;S/N;0108420881;-3.7059014220;40.4829616070
440254.1236040000;4481359.2616630000;2014-07-01;2017-01-01;8;Fuencarral - El Pardo;84;4;Pilar;GINZO DE LIMIA, CALLE, DE;S/N;0408420809;-3.7048963960;40.4807745130
440390.4056642660;4480840.9927387400;2014-07-01;2017-01-01;8;Fuencarral - El Pardo;84;4;Pilar;GINZO DE LIMIA, CALLE, DE;S/N;0408420826;-3.7032398610;40.4761152200
440418.7389975990;4480732.4094054000;2014-07-01;2017-01-01;8;Fuencarral - El Pardo;84;4;Pilar;GINZO DE LIMIA, CALLE, DE;S/N;0408420827;-3.7028953980;40.4751389000
439998.6112590000;4481777.9314160000;2014-07-01;2017-01-01;8;Fuencarral - El Pardo;84;4;Pilar;GINZO DE LIMIA, CALLE, DE;S/N;0408420879;-3.7079503190;40.4845277300
439884.4058220000;4481842.2922360000;2014-07-01;2017-01-01;8;Fuencarral - El Pardo;84;4;Pilar;GINZO DE LIMIA, CALLE, DE;S/N;0408420880;-3.7093038170;40.4850985100
439493.4524980000;4480866.7310850000;2017-01-01;1900-01-08;8;Fuencarral - El Pardo;84;4;Pilar;LA BAÑEZA, CALLE, DE;22;0108420847;-3.7138233080;40.4762824660
439493.4524980000;4480866.7310850000;2014-07-01;2017-01-01;8;Fuencarral - El Pardo;84;4;Pilar;LA BAÑEZA, CALLE, DE;22;0408420847;-3.7138233080;40.4762824660
439390.1753000000;4480887.2915460000;2017-01-01;1900-01-08;8;Fuencarral - El Pardo;84;4;Pilar;LA BAÑEZA, CALLE, DE;32;0108420850;-3.7150435930;40.4764596250
439390.1753000000;4480887.2915460000;2014-07-01;2017-01-01;8;Fuencarral - El Pardo;84;4;Pilar;LA BAÑEZA, CALLE, DE;32;0408420850;-3.7150435930;40.4764596250
439371.1143182420;4480815.1587641200;2017-01-01;1900-01-08;8;Fuencarral - El Pardo;84;4;Pilar;LA BAÑEZA, CALLE, DE;37;0108420848;-3.7152615470;40.4758085150
439366.5838500000;4480818.3348050000;2014-07-01;2017-01-01;8;Fuencarral - El Pardo;84;4;Pilar;LA BAÑEZA, CALLE, DE;37;0408420848;-3.7153152330;40.4758374500
439613.6191640000;4480882.7866410000;2017-01-01;1900-01-08;8;Fuencarral - El Pardo;84;4;Pilar;LA BAÑEZA, CALLE, DE;7;0108420846;-3.7124071850;40.4764353310
439613.6191640000;4480882.7866410000;2014-07-01;2017-01-01;8;Fuencarral - El Pardo;84;4;Pilar;LA BAÑEZA, CALLE, DE;7;0408420846;-3.7124071850;40.4764353310
440294.3686272290;4480899.0575535500;2017-01-01;1900-01-08;8;Fuencarral - El Pardo;84;4;Pilar;MELCHOR FERNANDEZ ALMAGRO, CALLE, DE;103;0108420828;-3.7043782130;40.4766316270
440287.8130716740;4480901.5390350300;2014-07-01;2017-01-01;8;Fuencarral - El Pardo;84;4;Pilar;MELCHOR FERNANDEZ ALMAGRO, CALLE, DE;48;0408420828;-3.7044557340;40.4766533420
440102.5908494510;4480867.7612572600;2017-01-01;1900-01-08;8;Fuencarral - El Pardo;84;4;Pilar;MELCHOR FERNANDEZ ALMAGRO, CALLE, DE;60;0108420803;-3.7066376720;40.4763360950
440106.9524980000;4480868.8977520000;2014-07-01;2017-01-01;8;Fuencarral - El Pardo;84;4;Pilar;MELCHOR FERNANDEZ ALMAGRO, CALLE, DE;60;0408420803;-3.7065862210;40.4763460070
439988.1834420440;4480838.0205165200;2017-01-01;1900-01-08;8;Fuencarral - El Pardo;84;4;Pilar;MELCHOR FERNANDEZ ALMAGRO, CALLE, DE;66;0108420802;-3.7079843520;40.4760597000
440015.8583391630;4480826.8970597300;2017-01-01;1900-01-08;8;Fuencarral - El Pardo;84;4;Pilar;MELCHOR FERNANDEZ ALMAGRO, CALLE, DE;66;0108420829;-3.7076569070;40.4759613230
439990.3413870000;4480838.6199740000;2014-07-01;2017-01-01;8;Fuencarral - El Pardo;84;4;Pilar;MELCHOR FERNANDEZ ALMAGRO, CALLE, DE;66;0408420802;-3.7079589700;40.4760653150
440014.6834420440;4480826.6871831800;2014-07-01;2017-01-01;8;Fuencarral - El Pardo;84;4;Pilar;MELCHOR FERNANDEZ ALMAGRO, CALLE, DE;66;0408420829;-3.7076707150;40.4759593180
439910.0352938960;4480797.6871831800;2017-01-01;1900-01-08;8;Fuencarral - El Pardo;84;4;Pilar;MELCHOR FERNANDEZ ALMAGRO, CALLE, DE;72;0108420830;-3.7089025170;40.4756906580
439909.8501087110;4480798.5205165200;2014-07-01;2017-01-01;8;Fuencarral - El Pardo;84;4;Pilar;MELCHOR FERNANDEZ ALMAGRO, CALLE, DE;72;0408420830;-3.7089047520;40.4756984500
439862.4524980000;4480804.1755290000;2017-01-01;1900-01-08;8;Fuencarral - El Pardo;84;4;Pilar;MELCHOR FERNANDEZ ALMAGRO, CALLE, DE;76;0108420888;-3.7094643600;40.4757454900
439862.4524980000;4480804.1755290000;2014-07-01;2017-01-01;8;Fuencarral - El Pardo;84;4;Pilar;MELCHOR FERNANDEZ ALMAGRO, CALLE, DE;76;0408420888;-3.7094643600;40.4757454900
439807.5538124140;4480764.6131091100;2017-01-01;1900-01-08;8;Fuencarral - El Pardo;84;4;Pilar;MELCHOR FERNANDEZ ALMAGRO, CALLE, DE;S/N;0108420831;-3.7101082500;40.4753848130
439809.6834420440;4480764.9094054000;2014-07-01;2017-01-01;8;Fuencarral - El Pardo;84;4;Pilar;MELCHOR FERNANDEZ ALMAGRO, CALLE, DE;S/N;0408420831;-3.7100832110;40.4753884230
440192.3223309330;4481159.9094054000;2017-01-01;1900-01-08;8;Fuencarral - El Pardo;84;4;Pilar;MONDARIZ, PLAZA, DE;1;0108420894;-3.7056066350;40.4789739930
440191.1747200000;4481161.1199740000;2014-07-01;2017-01-01;8;Fuencarral - El Pardo;84;4;Pilar;MONDARIZ, PLAZA, DE;1;0408420894;-3.7056202710;40.4789849360
440241.5723309330;4481106.2982942900;2017-01-01;1900-01-08;8;Fuencarral - El Pardo;84;4;Pilar;MONDARIZ, PLAZA, DE;6;0108420859;-3.7050206140;40.4784948850
440241.5723309330;4481106.2982942900;2014-07-01;2017-01-01;8;Fuencarral - El Pardo;84;4;Pilar;MONDARIZ, PLAZA, DE;6;0408420859;-3.7050206140;40.4784948850
440256.0723309330;4481056.2982942900;2017-01-01;1900-01-08;8;Fuencarral - El Pardo;84;4;Pilar;MONDARIZ, PLAZA, DE;9;0108420856;-3.7048448300;40.4780448270
440256.0723309330;4481056.2982942900;2014-07-01;2017-01-01;8;Fuencarral - El Pardo;84;4;Pilar;MONDARIZ, PLAZA, DE;9;0408420856;-3.7048448300;40.4780448270
440123.8969420000;4481142.1755290000;2017-01-01;1900-01-08;8;Fuencarral - El Pardo;84;4;Pilar;MONFORTE DE LEMOS, AVENIDA, DE;107;0108420896;-3.7064120990;40.4788091530
440123.8969420000;4481142.1755290000;2014-07-01;2017-01-01;8;Fuencarral - El Pardo;84;4;Pilar;MONFORTE DE LEMOS, AVENIDA, DE;107;0408420896;-3.7064120990;40.4788091530
440032.4889975990;4481117.4094054000;2017-01-01;1900-01-08;8;Fuencarral - El Pardo;84;4;Pilar;MONFORTE DE LEMOS, AVENIDA, DE;111;0108420891;-3.7074881710;40.4785798550
440029.1191640000;4481117.2588630000;2014-07-01;2017-01-01;8;Fuencarral - El Pardo;84;4;Pilar;MONFORTE DE LEMOS, AVENIDA, DE;111;0408420891;-3.7075278770;40.4785778500
439909.1093679700;4481085.7982942900;2017-01-01;1900-01-08;8;Fuencarral - El Pardo;84;4;Pilar;MONFORTE DE LEMOS, AVENIDA, DE;117;0108420884;-3.7089406760;40.4782863290
439905.7302750000;4481084.8977520000;2014-07-01;2017-01-01;8;Fuencarral - El Pardo;84;4;Pilar;MONFORTE DE LEMOS, AVENIDA, DE;117;0408420884;-3.7089804390;40.4782779640
439803.5538124140;4481057.9464424400;2017-01-01;1900-01-08;8;Fuencarral - El Pardo;84;4;Pilar;MONFORTE DE LEMOS, AVENIDA, DE;123;0108420889;-3.7101832500;40.4780274660
439798.6747200000;4481056.5088630000;2014-07-01;2017-01-01;8;Fuencarral - El Pardo;84;4;Pilar;MONFORTE DE LEMOS, AVENIDA, DE;125;0408420889;-3.7102407750;40.4780138300
439747.6191640000;4481045.4533070000;2017-01-01;1900-01-08;8;Fuencarral - El Pardo;84;4;Pilar;MONFORTE DE LEMOS, AVENIDA, DE;127;0108420883;-3.7108419220;40.4779109840
439747.6191640000;4481045.4533070000;2014-07-01;2017-01-01;8;Fuencarral - El Pardo;84;4;Pilar;MONFORTE DE LEMOS, AVENIDA, DE;127;0408420883;-3.7108419220;40.4779109840
439584.7302750000;4480997.3421960000;2017-01-01;1900-01-08;8;Fuencarral - El Pardo;84;4;Pilar;MONFORTE DE LEMOS, AVENIDA, DE;141;0108420885;-3.7127589820;40.4774659680
439584.7302750000;4480997.3421960000;2014-07-01;2017-01-01;8;Fuencarral - El Pardo;84;4;Pilar;MONFORTE DE LEMOS, AVENIDA, DE;141;0408420885;-3.7127589820;40.4774659680
439579.9524980000;4480949.1755290000;2017-01-01;1900-01-08;8;Fuencarral - El Pardo;84;4;Pilar;MONFORTE DE LEMOS, AVENIDA, DE;143;0108420849;-3.7128106620;40.4770313790
439579.9524980000;4480949.1755290000;2014-07-01;2017-01-01;8;Fuencarral - El Pardo;84;4;Pilar;MONFORTE DE LEMOS, AVENIDA, DE;143;0408420849;-3.7128106620;40.4770313790
439516.1957877230;4480978.0575535500;2017-01-01;1900-01-08;8;Fuencarral - El Pardo;84;4;Pilar;MONFORTE DE LEMOS, AVENIDA, DE;149;0108420886;-3.7135655920;40.4772865170
439518.3969420000;4480978.8421960000;2014-07-01;2017-01-01;8;Fuencarral - El Pardo;84;4;Pilar;MONFORTE DE LEMOS, AVENIDA, DE;149;0408420886;-3.7135396940;40.4772944810
439422.6197440000;4480953.9304340000;2017-01-01;1900-01-08;8;Fuencarral - El Pardo;84;4;Pilar;MONFORTE DE LEMOS, AVENIDA, DE;163;0108420890;-3.7146671600;40.4770622620
439422.6197440000;4480953.9304340000;2014-07-01;2017-01-01;8;Fuencarral - El Pardo;84;4;Pilar;MONFORTE DE LEMOS, AVENIDA, DE;163;0408420890;-3.7146671600;40.4770622620
439347.8871457480;4480927.8723683700;2017-01-01;1900-01-08;8;Fuencarral - El Pardo;84;4;Pilar;MONFORTE DE LEMOS, AVENIDA, DE;173;0108420887;-3.7155463070;40.4768225930
439350.1197440000;4480928.4304340000;2014-07-01;2017-01-01;8;Fuencarral - El Pardo;84;4;Pilar;MONFORTE DE LEMOS, AVENIDA, DE;173;0408420887;-3.7155200650;40.4768274640
439350.6247840000;4480969.5214930000;2017-01-01;1900-01-08;8;Fuencarral - El Pardo;84;4;Pilar;MONFORTE DE LEMOS, AVENIDA, DE;178;0108420864;-3.7155180020;40.4771982250
439350.6247840000;4480969.5214930000;2014-07-01;2017-01-01;8;Fuencarral - El Pardo;84;4;Pilar;MONFORTE DE LEMOS, AVENIDA, DE;178;0408420864;-3.7155180020;40.4771982250
440036.1191640000;4481154.8421960000;2017-01-01;1900-01-08;8;Fuencarral - El Pardo;84;4;Pilar;MONFORTE DE LEMOS, AVENIDA, DE;32 B;0108420808;-3.7074489230;40.4789174420
440036.1191640000;4481154.8421960000;2014-07-01;2017-01-01;8;Fuencarral - El Pardo;84;4;Pilar;MONFORTE DE LEMOS, AVENIDA, DE;32 B;0408420808;-3.7074489230;40.4789174420
439891.5723309330;4481111.6316276300;2017-01-01;1900-01-08;8;Fuencarral - El Pardo;84;4;Pilar;MONFORTE DE LEMOS, AVENIDA, DE;38;0108420807;-3.7091500350;40.4785169440
439890.3102700000;4481111.3457000000;2014-07-01;2017-01-01;8;Fuencarral - El Pardo;84;4;Pilar;MONFORTE DE LEMOS, AVENIDA, DE;38;0408420807;-3.7091649320;40.4785144230
439803.0865700000;4481088.6636000000;2014-07-01;2017-01-01;8;Fuencarral - El Pardo;84;4;Pilar;MONFORTE DE LEMOS, AVENIDA, DE;40;0408420806;-3.7101917300;40.4783040900
439756.3969420000;4481077.1199740000;2017-01-01;1900-01-08;8;Fuencarral - El Pardo;84;4;Pilar;MONFORTE DE LEMOS, AVENIDA, DE;42;0108420805;-3.7107413680;40.4781963170
439756.3969420000;4481077.1199740000;2014-07-01;2017-01-01;8;Fuencarral - El Pardo;84;4;Pilar;MONFORTE DE LEMOS, AVENIDA, DE;42;0408420805;-3.7107413680;40.4781963170
439549.8969420000;4481021.6755290000;2017-01-01;1900-01-08;8;Fuencarral - El Pardo;84;4;Pilar;MONFORTE DE LEMOS, AVENIDA, DE;64;0108420903;-3.7131721410;40.4776817440
439549.8969420000;4481021.6755290000;2014-07-01;2017-01-01;8;Fuencarral - El Pardo;84;4;Pilar;MONFORTE DE LEMOS, AVENIDA, DE;64;0408420903;-3.7131721410;40.4776817440
439448.0970222910;4480994.8723683700;2017-01-01;1900-01-08;8;Fuencarral - El Pardo;84;4;Pilar;MONFORTE DE LEMOS, AVENIDA, DE;68;0108420904;-3.7143705400;40.4774330800
439447.2867700000;4480994.1740000000;2014-07-01;2017-01-01;8;Fuencarral - El Pardo;84;4;Pilar;MONFORTE DE LEMOS, AVENIDA, DE;68;0408420904;-3.7143799940;40.4774267770
439803.0865700000;4481088.6636000000;2017-01-01;1900-01-08;8;Fuencarral - El Pardo;84;4;Pilar;MONFORTE DE LEMOS, AVENIDA, DE;S/N;0108420806;-3.7101917300;40.4783040900
440178.9982568590;4480885.3168128100;2017-01-01;1900-01-08;8;Fuencarral - El Pardo;84;4;Pilar;PADRON, PLAZA, DE;1;0108420804;-3.7057378990;40.4764992730
440178.8413870000;4480886.1755290000;2014-07-01;2017-01-01;8;Fuencarral - El Pardo;84;4;Pilar;PADRON, PLAZA, DE;1;0408420804;-3.7057398470;40.4765075810
440154.5080530000;4480941.1199740000;2017-01-01;1900-01-08;8;Fuencarral - El Pardo;84;4;Pilar;PADRON, PLAZA, DE;3;0108420854;-3.7060320560;40.4769999810
440154.5080530000;4480941.1199740000;2014-07-01;2017-01-01;8;Fuencarral - El Pardo;84;4;Pilar;PADRON, PLAZA, DE;3;0408420854;-3.7060320560;40.4769999810
439928.4754560000;4481586.5857370000;2017-01-01;1900-01-08;8;Fuencarral - El Pardo;84;4;Pilar;PINTOR FRANCISCO LLORENS, CALLE, DEL;5;0108420877;-3.7087596220;40.4827987150
439928.4754560000;4481586.5857370000;2014-07-01;2017-01-01;8;Fuencarral - El Pardo;84;4;Pilar;PINTOR FRANCISCO LLORENS, CALLE, DEL;5;0408420877;-3.7087596220;40.4827987150
439517.9513300000;4480698.9654000000;2017-01-01;1900-01-08;8;Fuencarral - El Pardo;84;4;Pilar;PONFERRADA, CALLE, DE;2;0108420843;-3.7135182650;40.4747723790
439517.9513300000;4480698.9654000000;2014-07-01;2017-01-01;8;Fuencarral - El Pardo;84;4;Pilar;PONFERRADA, CALLE, DE;2;0408420843;-3.7135182650;40.4747723790
439623.4480580000;4480714.9505070000;2017-01-01;1900-01-08;8;Fuencarral - El Pardo;84;4;Pilar;PONFERRADA, CALLE, DE;23;0108420844;-3.7122753480;40.4749246710
439623.4480580000;4480714.9505070000;2014-07-01;2017-01-01;8;Fuencarral - El Pardo;84;4;Pilar;PONFERRADA, CALLE, DE;23;0408420844;-3.7122753480;40.4749246710
439603.4612198220;4480796.3538498500;2017-01-01;1900-01-08;8;Fuencarral - El Pardo;84;4;Pilar;PONFERRADA, CALLE, DE;27;0108420845;-3.7125188550;40.4756561660
439603.6747200000;4480794.1199740000;2014-07-01;2017-01-01;8;Fuencarral - El Pardo;84;4;Pilar;PONFERRADA, CALLE, DE;27;0408420845;-3.7125161050;40.4756366280
439512.2945531550;4480469.1871831800;2017-01-01;1900-01-08;8;Fuencarral - El Pardo;84;4;Pilar;PUENTEDEUME, CALLE, DE;13;0108420823;-3.7135631280;40.4727025690
439512.2945531550;4480469.1871831800;2014-07-01;2017-01-01;8;Fuencarral - El Pardo;84;4;Pilar;PUENTEDEUME, CALLE, DE;13;0408420823;-3.7135631280;40.4727025690
439472.0723309330;4480500.1594054000;2017-01-01;1900-01-08;8;Fuencarral - El Pardo;84;4;Pilar;PUENTEDEUME, CALLE, DE;S/N;0108420824;-3.7140404590;40.4729782760
439472.0723309330;4480500.1594054000;2014-07-01;2017-01-01;8;Fuencarral - El Pardo;84;4;Pilar;PUENTEDEUME, CALLE, DE;S/N;0408420824;-3.7140404590;40.4729782760
439328.7389975990;4481101.0760720700;2017-01-01;1900-01-08;8;Fuencarral - El Pardo;84;4;Pilar;PUERTO DE LA CRUZ, PLAZA, DE;3;0108420865;-3.7157887250;40.4783814400
439333.9581180000;4481102.6326040000;2014-07-01;2017-01-01;8;Fuencarral - El Pardo;84;4;Pilar;PUERTO DE LA CRUZ, PLAZA, DE;3;0408420865;-3.7157273040;40.4783954200
439453.7075380000;4481202.3499210000;2017-01-01;1900-01-08;8;Fuencarral - El Pardo;84;4;Pilar;PUERTO DE MASPALOMAS, CALLE, DEL;26;0108420868;-3.7143241300;40.4793029850
439465.8413870000;4481157.3421960000;2017-01-01;1900-01-08;8;Fuencarral - El Pardo;84;4;Pilar;PUERTO DE MASPALOMAS, CALLE, DEL;26;0108420909;-3.7141767080;40.4788985340
439453.7075380000;4481202.3499210000;2014-07-01;2017-01-01;8;Fuencarral - El Pardo;84;4;Pilar;PUERTO DE MASPALOMAS, CALLE, DEL;26;0408420868;-3.7143241300;40.4793029850
439465.8413870000;4481157.3421960000;2014-07-01;2017-01-01;8;Fuencarral - El Pardo;84;4;Pilar;PUERTO DE MASPALOMAS, CALLE, DEL;26;0408420909;-3.7141767080;40.4788985340
439495.0723309330;4481047.5760720700;2017-01-01;1900-01-08;8;Fuencarral - El Pardo;84;4;Pilar;PUERTO DE MASPALOMAS, CALLE, DEL;6;0108420867;-3.7138214170;40.4779119010
439498.7302750000;4481048.5644180000;2014-07-01;2017-01-01;8;Fuencarral - El Pardo;84;4;Pilar;PUERTO DE MASPALOMAS, CALLE, DEL;6;0408420867;-3.7137783310;40.4779209540
439910.4524980000;4480877.4533070000;2017-01-01;1900-01-08;8;Fuencarral - El Pardo;84;4;Pilar;REDONDELA, PLAZA, DE;3;0108420852;-3.7089050960;40.4764094340
439910.4524980000;4480877.4533070000;2014-07-01;2017-01-01;8;Fuencarral - El Pardo;84;4;Pilar;REDONDELA, PLAZA, DE;3;0408420852;-3.7089050960;40.4764094340
439635.3686272290;4480417.0205165200;2017-01-01;1900-01-08;8;Fuencarral - El Pardo;84;4;Pilar;RIBADAVIA, CALLE, DE;1;0108420800;-3.7121063250;40.4722413370
439635.3686272290;4480417.0205165200;2014-07-01;2017-01-01;8;Fuencarral - El Pardo;84;4;Pilar;RIBADAVIA, CALLE, DE;1;0408420800;-3.7121063250;40.4722413370
439833.8871457480;4480434.4279239200;2017-01-01;1900-01-08;8;Fuencarral - El Pardo;84;4;Pilar;RIBADAVIA, CALLE, DE;11;0108420815;-3.7097662510;40.4724125370
439837.2204790810;4480434.3908868900;2014-07-01;2017-01-01;8;Fuencarral - El Pardo;84;4;Pilar;RIBADAVIA, CALLE, DE;11;0408420815;-3.7097268890;40.4724129960
439982.7389975990;4480474.7427387400;2017-01-01;1900-01-08;8;Fuencarral - El Pardo;84;4;Pilar;RIBADAVIA, CALLE, DE;27;0108420819;-3.7080142610;40.4727863920
439982.7389975990;4480474.7427387400;2014-07-01;2017-01-01;8;Fuencarral - El Pardo;84;4;Pilar;RIBADAVIA, CALLE, DE;27;0408420819;-3.7080142610;40.4727863920
440032.1834420440;4480456.1871831800;2017-01-01;1900-01-08;8;Fuencarral - El Pardo;84;4;Pilar;RIBADAVIA, CALLE, DE;45;0108420901;-3.7074292140;40.4726232710
440032.1834420440;4480456.1871831800;2014-07-01;2017-01-01;8;Fuencarral - El Pardo;84;4;Pilar;RIBADAVIA, CALLE, DE;45;0408420901;-3.7074292140;40.4726232710
440218.9056642660;4480478.0760720700;2017-01-01;1900-01-08;8;Fuencarral - El Pardo;84;4;Pilar;RIBADAVIA, CALLE, DE;47;0108420799;-3.7052287120;40.4728337190
440218.4056642660;4480478.7982942900;2014-07-01;2017-01-01;8;Fuencarral - El Pardo;84;4;Pilar;RIBADAVIA, CALLE, DE;47;0408420799;-3.7052347280;40.4728403650
439925.8007259950;4480429.1686646600;2017-01-01;1900-01-08;8;Fuencarral - El Pardo;84;4;Pilar;RIBADAVIA, CALLE, DE;S/N;0108420882;-3.7086815850;40.4723722010
440113.4612198220;4480465.2427387400;2017-01-01;1900-01-08;8;Fuencarral - El Pardo;84;4;Pilar;RIBADAVIA, CALLE, DE;S/N;0108420902;-3.7064714000;40.4727102460
439923.5167753770;4480428.7427387400;2014-07-01;2017-01-01;8;Fuencarral - El Pardo;84;4;Pilar;RIBADAVIA, CALLE, DE;S/N;0408420882;-3.7087085140;40.4723679610
440112.9056642660;4480465.6871831800;2014-07-01;2017-01-01;8;Fuencarral - El Pardo;84;4;Pilar;RIBADAVIA, CALLE, DE;S/N;0408420902;-3.7064779890;40.4727146010
439721.7858310000;4480969.5088630000;2017-01-01;1900-01-08;8;Fuencarral - El Pardo;84;4;Pilar;RIBADEO, PLAZA, DE;10;0108420863;-3.7111394590;40.4772249820
439721.7858310000;4480969.5088630000;2014-07-01;2017-01-01;8;Fuencarral - El Pardo;84;4;Pilar;RIBADEO, PLAZA, DE;10;0408420863;-3.7111394590;40.4772249820
439975.7928751800;4481463.7003551500;2017-01-01;1900-01-08;8;Fuencarral - El Pardo;84;4;Pilar;SANTIAGO DE COMPOSTELA, CALLE, DE;S/N;0108420873;-3.7081897580;40.4816950840
439818.4569380000;4481425.3449960000;2017-01-01;1900-01-08;8;Fuencarral - El Pardo;84;4;Pilar;SANTIAGO DE COMPOSTELA, CALLE, DE;S/N;0108420874;-3.7100423590;40.4813379020
439644.4178751800;4481376.9503551500;2017-01-01;1900-01-08;8;Fuencarral - El Pardo;84;4;Pilar;SANTIAGO DE COMPOSTELA, CALLE, DE;S/N;0108420875;-3.7120909700;40.4808896200
440108.0124930000;4481502.5116630000;2017-01-01;1900-01-08;8;Fuencarral - El Pardo;84;4;Pilar;SANTIAGO DE COMPOSTELA, CALLE, DE;S/N;0108420876;-3.7066336040;40.4820541560
439960.9013820000;4481463.9005520000;2014-07-01;2017-01-01;8;Fuencarral - El Pardo;84;4;Pilar;SANTIAGO DE COMPOSTELA, CALLE, DE;S/N;0408420873;-3.7083654840;40.4816958290
439818.4569380000;4481425.3449960000;2014-07-01;2017-01-01;8;Fuencarral - El Pardo;84;4;Pilar;SANTIAGO DE COMPOSTELA, CALLE, DE;S/N;0408420874;-3.7100423590;40.4813379020
439648.1236040000;4481378.8449960000;2014-07-01;2017-01-01;8;Fuencarral - El Pardo;84;4;Pilar;SANTIAGO DE COMPOSTELA, CALLE, DE;S/N;0408420875;-3.7120473680;40.4809068660
440108.0124930000;4481502.5116630000;2014-07-01;2017-01-01;8;Fuencarral - El Pardo;84;4;Pilar;SANTIAGO DE COMPOSTELA, CALLE, DE;S/N;0408420876;-3.7066336040;40.4820541560
439464.2258350000;4480621.6171740000;2017-01-01;1900-01-08;8;Fuencarral - El Pardo;84;4;Pilar;SARRIA, CALLE, DE;35;0108420841;-3.7141446800;40.4740725680
439464.2258350000;4480621.6171740000;2014-07-01;2017-01-01;8;Fuencarral - El Pardo;84;4;Pilar;SARRIA, CALLE, DE;35;0408420841;-3.7141446800;40.4740725680
439426.2864110000;4480757.8471010000;2017-01-01;1900-01-08;8;Fuencarral - El Pardo;84;4;Pilar;SARRIA, CALLE, DE;59;0108420842;-3.7146052230;40.4752965200
439426.2864110000;4480757.8471010000;2014-07-01;2017-01-01;8;Fuencarral - El Pardo;84;4;Pilar;SARRIA, CALLE, DE;59;0408420842;-3.7146052230;40.4752965200
440190.5167753770;4480385.5205165200;2017-01-01;1900-01-08;8;Fuencarral - El Pardo;84;4;Pilar;SINESIO DELGADO, CALLE, DE;32;0108420798;-3.7055548970;40.4719978880
440190.5167753770;4480385.5205165200;2014-07-01;2017-01-01;8;Fuencarral - El Pardo;84;4;Pilar;SINESIO DELGADO, CALLE, DE;32;0408420798;-3.7055548970;40.4719978880
440075.6278864880;4480372.2427387400;2017-01-01;1900-01-08;8;Fuencarral - El Pardo;84;4;Pilar;SINESIO DELGADO, CALLE, DE;38;0108420892;-3.7069088530;40.4718702330
440075.6278864880;4480372.2427387400;2014-07-01;2017-01-01;8;Fuencarral - El Pardo;84;4;Pilar;SINESIO DELGADO, CALLE, DE;38;0408420892;-3.7069088530;40.4718702330
439992.2945531550;4480364.0575535500;2017-01-01;1900-01-08;8;Fuencarral - El Pardo;84;4;Pilar;SINESIO DELGADO, CALLE, DE;44;0108420797;-3.7078910750;40.4717898470
439992.1834420440;4480364.7427387400;2014-07-01;2017-01-01;8;Fuencarral - El Pardo;84;4;Pilar;SINESIO DELGADO, CALLE, DE;44;0408420797;-3.7078923930;40.4717967220
439882.6278864880;4480348.2427387400;2017-01-01;1900-01-08;8;Fuencarral - El Pardo;84;4;Pilar;SINESIO DELGADO, CALLE, DE;50;0108420893;-3.7091832090;40.4716402470
439882.6278864880;4480348.2427387400;2014-07-01;2017-01-01;8;Fuencarral - El Pardo;84;4;Pilar;SINESIO DELGADO, CALLE, DE;50;0408420893;-3.7091832090;40.4716402470
439792.9889975990;4480341.8260720700;2017-01-01;1900-01-08;8;Fuencarral - El Pardo;84;4;Pilar;SINESIO DELGADO, CALLE, DE;58;0108420796;-3.7102399730;40.4715758470
439792.9889975990;4480341.8260720700;2014-07-01;2017-01-01;8;Fuencarral - El Pardo;84;4;Pilar;SINESIO DELGADO, CALLE, DE;58;0408420796;-3.7102399730;40.4715758470
439701.7389975990;4480331.0760720700;2017-01-01;1900-01-08;8;Fuencarral - El Pardo;84;4;Pilar;SINESIO DELGADO, CALLE, DE;64;0108420895;-3.7113152420;40.4714720840
439703.3686272290;4480330.8353313300;2014-07-01;2017-01-01;8;Fuencarral - El Pardo;84;4;Pilar;SINESIO DELGADO, CALLE, DE;64;0408420895;-3.7112959910;40.4714696210
439789.2487940000;4480845.2125670000;2017-01-01;1900-01-08;8;Fuencarral - El Pardo;84;4;Pilar;TUY, PLAZA, DE;3;0108420851;-3.7103318750;40.4761100630
439789.2487940000;4480845.2125670000;2014-07-01;2017-01-01;8;Fuencarral - El Pardo;84;4;Pilar;TUY, PLAZA, DE;3;0408420851;-3.7103318750;40.4761100630
439553.9569380000;4481622.2616630000;2017-01-01;1900-01-08;8;Fuencarral - El Pardo;84;4;Pilar;UBEDA, CALLE, DE;17;0108420871;-3.7131814810;40.4830924710
439553.9569380000;4481622.2616630000;2014-07-01;2017-01-01;8;Fuencarral - El Pardo;84;4;Pilar;UBEDA, CALLE, DE;17;0408420871;-3.7131814810;40.4830924710
440045.9033127860;4481388.8533649500;2017-01-01;1900-01-08;8;Fuencarral - El Pardo;84;4;Pilar;VAGUADA, PASEO, DE LA;3;0108420811;-3.7073555880;40.4810259260
440044.6236040000;4481387.9561070000;2014-07-01;2017-01-01;8;Fuencarral - El Pardo;84;4;Pilar;VAGUADA, PASEO, DE LA;3;0408420811;-3.7073706000;40.4810177330
439889.3753100000;4481348.8082000000;2014-07-01;2017-01-01;8;Fuencarral - El Pardo;84;4;Pilar;VAGUADA, PASEO, DE LA;9;0408420812;-3.7091984500;40.4806536760
440142.6678751800;4481414.9920218200;2017-01-01;1900-01-08;8;Fuencarral - El Pardo;84;4;Pilar;VAGUADA, PASEO, DE LA;S/N;0108420810;-3.7062164910;40.4812685740
439900.1586159210;4481351.5660958900;2017-01-01;1900-01-08;8;Fuencarral - El Pardo;84;4;Pilar;VAGUADA, PASEO, DE LA;S/N;0108420812;-3.7090714820;40.4806798030
439756.9056642660;4481311.9094054000;2017-01-01;1900-01-08;8;Fuencarral - El Pardo;84;4;Pilar;VAGUADA, PASEO, DE LA;S/N;0108420813;-3.7107576970;40.4803118490
439678.3969420000;4481292.3977520000;2017-01-01;1900-01-08;8;Fuencarral - El Pardo;84;4;Pilar;VAGUADA, PASEO, DE LA;S/N;0108420814;-3.7116820500;40.4801303930
440121.9013820000;4481409.0672180000;2014-07-01;2017-01-01;8;Fuencarral - El Pardo;84;4;Pilar;VAGUADA, PASEO, DE LA;S/N;0408420810;-3.7064608580;40.4812134550
439765.3458270000;4481314.7894410000;2014-07-01;2017-01-01;8;Fuencarral - El Pardo;84;4;Pilar;VAGUADA, PASEO, DE LA;S/N;0408420813;-3.7106584610;40.4803382620
439678.3969420000;4481292.3977520000;2014-07-01;2017-01-01;8;Fuencarral - El Pardo;84;4;Pilar;VAGUADA, PASEO, DE LA;S/N;0408420814;-3.7116820500;40.4801303930
439876.7858310000;4481009.2310850000;2017-01-01;1900-01-08;8;Fuencarral - El Pardo;84;4;Pilar;VERIN, PLAZA, DE;15;0108420862;-3.7093147030;40.4775940240
439876.7858310000;4481009.2310850000;2014-07-01;2017-01-01;8;Fuencarral - El Pardo;84;4;Pilar;VERIN, PLAZA, DE;15;0408420862;-3.7093147030;40.4775940240
439653.5124930000;4481452.0672180000;2017-01-01;1900-01-08;8;Fuencarral - El Pardo;84;4;Pilar;VILLAFRANCA DE LOS BARROS, PLAZA, DE;2;0108420912;-3.7119908170;40.4815666840
439653.5124930000;4481452.0672180000;2014-07-01;2017-01-01;8;Fuencarral - El Pardo;84;4;Pilar;VILLAFRANCA DE LOS BARROS, PLAZA, DE;2;0408420912;-3.7119908170;40.4815666840
440961.3315901920;4481973.3908868900;2017-01-01;1900-01-08;8;Fuencarral - El Pardo;85;5;La Paz;ALFREDO MARQUERIE, CALLE, DE;1 A;0108520755;-3.6966102810;40.4863569550
440963.0667790000;4481971.3906420000;2014-07-01;2017-01-01;8;Fuencarral - El Pardo;85;5;La Paz;ALFREDO MARQUERIE, CALLE, DE;1 A;0408520755;-3.6965897110;40.4863390790
440216.9243410000;4481963.1070500000;2017-01-01;1900-01-08;8;Fuencarral - El Pardo;85;5;La Paz;ALFREDO MARQUERIE, CALLE, DE;10 B;0108520780;-3.7053921190;40.4862112520
440216.9243410000;4481963.1070500000;2014-07-01;2017-01-01;8;Fuencarral - El Pardo;85;5;La Paz;ALFREDO MARQUERIE, CALLE, DE;10 B;0408520780;-3.7053921190;40.4862112520
440084.7021180000;4481928.0700130000;2017-01-01;1900-01-08;8;Fuencarral - El Pardo;85;5;La Paz;ALFREDO MARQUERIE, CALLE, DE;14;0108520781;-3.7069487880;40.4858858690
440084.7021180000;4481928.0700130000;2014-07-01;2017-01-01;8;Fuencarral - El Pardo;85;5;La Paz;ALFREDO MARQUERIE, CALLE, DE;14;0408520781;-3.7069487880;40.4858858690
440687.1038160000;4482141.5017530000;2017-01-01;1900-01-08;8;Fuencarral - El Pardo;85;5;La Paz;ALFREDO MARQUERIE, CALLE, DE;17;0108520766;-3.6998614720;40.4878519160
440687.1038160000;4482141.5017530000;2014-07-01;2017-01-01;8;Fuencarral - El Pardo;85;5;La Paz;ALFREDO MARQUERIE, CALLE, DE;17;0408520766;-3.6998614720;40.4878519160
440345.5869500000;4482101.9027950000;2014-07-01;2017-01-01;8;Fuencarral - El Pardo;85;5;La Paz;ALFREDO MARQUERIE, CALLE, DE;41;0408520779;-3.7038872460;40.4874708990
440453.9556680000;4482044.7239750000;2017-01-01;1900-01-08;8;Fuencarral - El Pardo;85;5;La Paz;ALFREDO MARQUERIE, CALLE, DE;6;0108520778;-3.7026031900;40.4869632590
440453.9556680000;4482044.7239750000;2014-07-01;2017-01-01;8;Fuencarral - El Pardo;85;5;La Paz;ALFREDO MARQUERIE, CALLE, DE;6;0408520778;-3.7026031900;40.4869632590
440345.5869500000;4482101.9027950000;2017-01-01;1900-01-08;8;Fuencarral - El Pardo;85;5;La Paz;ALFREDO MARQUERIE, CALLE, DE;S/N;0108520779;-3.7038872460;40.4874708990
440689.4416400000;4481588.4714300000;2017-01-01;1900-01-08;8;Fuencarral - El Pardo;85;5;La Paz;ANTONIO LOPEZ AGUADO, CALLE, DE;1;0108520745;-3.6997821750;40.4828702780
440689.4416400000;4481588.4714300000;2014-07-01;2017-01-01;8;Fuencarral - El Pardo;85;5;La Paz;ANTONIO LOPEZ AGUADO, CALLE, DE;1;0408520745;-3.6997821750;40.4828702780
440577.6556642660;4481523.0760720700;2017-01-01;1900-01-08;8;Fuencarral - El Pardo;85;5;La Paz;ANTONIO LOPEZ AGUADO, CALLE, DE;10;0108520744;-3.7010948210;40.4822735990
440580.2290450000;4481524.1101040000;2014-07-01;2017-01-01;8;Fuencarral - El Pardo;85;5;La Paz;ANTONIO LOPEZ AGUADO, CALLE, DE;10;0408520744;-3.7010645690;40.4822824230
440445.5723309330;4481472.8260720700;2017-01-01;1900-01-08;8;Fuencarral - El Pardo;85;5;La Paz;ANTONIO LOPEZ AGUADO, CALLE, DE;20;0108520743;-3.7026483960;40.4818112800
440447.7846010000;4481474.0545480000;2014-07-01;2017-01-01;8;Fuencarral - El Pardo;85;5;La Paz;ANTONIO LOPEZ AGUADO, CALLE, DE;20;0408520743;-3.7026224410;40.4818227390
441315.1734900000;4481488.8693630000;2017-01-01;1900-01-08;8;Fuencarral - El Pardo;85;5;La Paz;ARTURO DUPERIER, CALLE, DE;2;0108520730;-3.6923906180;40.4820170860
441315.1734900000;4481488.8693630000;2014-07-01;2017-01-01;8;Fuencarral - El Pardo;85;5;La Paz;ARTURO DUPERIER, CALLE, DE;2;0408520730;-3.6923906180;40.4820170860
441297.9929340000;4481596.9156590000;2017-01-01;1900-01-08;8;Fuencarral - El Pardo;85;5;La Paz;ARTURO DUPERIER, CALLE, DE;3;0108520729;-3.6926034720;40.4829899680
441297.9929340000;4481596.9156590000;2014-07-01;2017-01-01;8;Fuencarral - El Pardo;85;5;La Paz;ARTURO DUPERIER, CALLE, DE;3;0408520729;-3.6926034720;40.4829899680
441276.4612198220;4481714.6316276300;2017-01-01;1900-01-08;8;Fuencarral - El Pardo;85;5;La Paz;ARTURO DUPERIER, CALLE, DE;7;0108520728;-3.6928682930;40.4840482790
441276.3679340000;4481714.4156590000;2014-07-01;2017-01-01;8;Fuencarral - El Pardo;85;5;La Paz;ARTURO DUPERIER, CALLE, DE;7;0408520728;-3.6928693820;40.4840462160
441341.7240200000;4481399.9357270000;2017-01-01;1900-01-08;8;Fuencarral - El Pardo;85;5;La Paz;ARTURO DUPERIER, CALLE, DE;S/N;0108520670;-3.6920691890;40.4812180390
441341.7240200000;4481399.9357270000;2014-07-01;2017-01-01;8;Fuencarral - El Pardo;85;5;La Paz;ARTURO DUPERIER, CALLE, DE;S/N;0408520670;-3.6920691890;40.4812180390
441094.7846010000;4481437.0545480000;2017-01-01;1900-01-08;8;Fuencarral - El Pardo;85;5;La Paz;ARZOBISPO MORCILLO, CALLE, DEL;10;0108520731;-3.6949858880;40.4815349420
441094.7846010000;4481437.0545480000;2014-07-01;2017-01-01;8;Fuencarral - El Pardo;85;5;La Paz;ARZOBISPO MORCILLO, CALLE, DEL;10;0408520731;-3.6949858880;40.4815349420
440962.9512680000;4481391.7489930000;2017-01-01;1900-01-08;8;Fuencarral - El Pardo;85;5;La Paz;ARZOBISPO MORCILLO, CALLE, DEL;11;0108520737;-3.6965369990;40.4811176570
440962.9512680000;4481391.7489930000;2014-07-01;2017-01-01;8;Fuencarral - El Pardo;85;5;La Paz;ARZOBISPO MORCILLO, CALLE, DEL;11;0408520737;-3.6965369990;40.4811176570
440761.1062113370;4481635.2884606700;2017-01-01;1900-01-08;8;Fuencarral - El Pardo;85;5;La Paz;ARZOBISPO MORCILLO, CALLE, DEL;17;0108520735;-3.6989410160;40.4832970170
440759.1179340000;4481639.4156590000;2014-07-01;2017-01-01;8;Fuencarral - El Pardo;85;5;La Paz;ARZOBISPO MORCILLO, CALLE, DEL;17;0408520735;-3.6989648510;40.4833343160
441396.2240200000;4481360.3801720000;2017-01-01;1900-01-08;8;Fuencarral - El Pardo;85;5;La Paz;ARZOBISPO MORCILLO, CALLE, DEL;3;0108520671;-3.6914226060;40.4808661860
441396.2240200000;4481360.3801720000;2014-07-01;2017-01-01;8;Fuencarral - El Pardo;85;5;La Paz;ARZOBISPO MORCILLO, CALLE, DEL;3;0408520671;-3.6914226060;40.4808661860
440885.4512680000;4481454.1101040000;2017-01-01;1900-01-08;8;Fuencarral - El Pardo;85;5;La Paz;ARZOBISPO MORCILLO, CALLE, DEL;32;0108520732;-3.6974571120;40.4816740560
440885.4512680000;4481454.1101040000;2014-07-01;2017-01-01;8;Fuencarral - El Pardo;85;5;La Paz;ARZOBISPO MORCILLO, CALLE, DEL;32;0408520732;-3.6974571120;40.4816740560
440914.5438600000;4481617.5360300000;2017-01-01;1900-01-08;8;Fuencarral - El Pardo;85;5;La Paz;ARZOBISPO MORCILLO, CALLE, DEL;42;0108520733;-3.6971291510;40.4831485630
440914.5438600000;4481617.5360300000;2014-07-01;2017-01-01;8;Fuencarral - El Pardo;85;5;La Paz;ARZOBISPO MORCILLO, CALLE, DEL;42;0408520733;-3.6971291510;40.4831485630
441202.8501087110;4481423.0575535500;2017-01-01;1900-01-08;8;Fuencarral - El Pardo;85;5;La Paz;ARZOBISPO MORCILLO, CALLE, DEL;6;0108520679;-3.6937096820;40.4814166260
441193.7846010000;4481426.1656590000;2014-07-01;2017-01-01;8;Fuencarral - El Pardo;85;5;La Paz;ARZOBISPO MORCILLO, CALLE, DEL;6;0408520679;-3.6938169400;40.4814440140
440767.2846010000;4481590.3323260000;2014-07-01;2017-01-01;8;Fuencarral - El Pardo;85;5;La Paz;ARZOBISPO MORCILLO, CALLE, DEL;66;0408520738;-3.6988638960;40.4828922220
441080.0346010000;4481408.8323260000;2017-01-01;1900-01-08;8;Fuencarral - El Pardo;85;5;La Paz;ARZOBISPO MORCILLO, CALLE, DEL;9;0108520736;-3.6951573170;40.4812795750
441080.0346010000;4481408.8323260000;2014-07-01;2017-01-01;8;Fuencarral - El Pardo;85;5;La Paz;ARZOBISPO MORCILLO, CALLE, DEL;9;0408520736;-3.6951573170;40.4812795750
441497.5845418470;4481342.8253551500;2017-01-01;1900-01-08;8;Fuencarral - El Pardo;85;5;La Paz;ARZOBISPO MORCILLO, CALLE, DEL;S/N;0108520672;-3.6902251820;40.4807148100
440832.4512680000;4481516.1101040000;2017-01-01;1900-01-08;8;Fuencarral - El Pardo;85;5;La Paz;ARZOBISPO MORCILLO, CALLE, DEL;S/N;0108520734;-3.6980882250;40.4822284500
440784.6061142940;4481559.3827474900;2017-01-01;1900-01-08;8;Fuencarral - El Pardo;85;5;La Paz;ARZOBISPO MORCILLO, CALLE, DEL;S/N;0108520738;-3.6986567710;40.4826153110
441485.8351320000;4481345.0468380000;2014-07-01;2017-01-01;8;Fuencarral - El Pardo;85;5;La Paz;ARZOBISPO MORCILLO, CALLE, DEL;S/N;0408520672;-3.6903639520;40.4807341760
440832.4512680000;4481516.1101040000;2014-07-01;2017-01-01;8;Fuencarral - El Pardo;85;5;La Paz;ARZOBISPO MORCILLO, CALLE, DEL;S/N;0408520734;-3.6980882250;40.4822284500
441830.5366100000;4481133.8015300000;2014-07-01;2017-01-01;8;Fuencarral - El Pardo;85;5;La Paz;CASTELLANA, PASEO, DE LA;259 D;0408520692;-3.6862780750;40.4788552760
441817.2331534840;4481067.9145307300;2017-01-01;1900-01-08;8;Fuencarral - El Pardo;85;5;La Paz;CASTELLANA, PASEO, DE LA;S/N;0108520691;-3.6864289350;40.4782603740
441830.5366100000;4481133.8015300000;2017-01-01;2017-02-15;8;Fuencarral - El Pardo;85;5;La Paz;CASTELLANA, PASEO, DE LA;S/N;0108520692;-3.6862780750;40.4788552760
441797.9967930000;4480984.2058150000;2014-07-01;2017-01-01;8;Fuencarral - El Pardo;85;5;La Paz;CASTELLANA, PASEO, DE LA;S/N;0408520691;-3.6866482630;40.4775053300
440662.5852970000;4482008.2424940000;2017-01-01;1900-01-08;8;Fuencarral - El Pardo;85;5;La Paz;FERMIN CABALLERO, CALLE, DE;12;0108520763;-3.7001382680;40.4866499080
440662.5852970000;4482008.2424940000;2014-07-01;2017-01-01;8;Fuencarral - El Pardo;85;5;La Paz;FERMIN CABALLERO, CALLE, DE;12;0408520763;-3.7001382680;40.4866499080
440589.4741860000;4481982.7980490000;2017-01-01;1900-01-08;8;Fuencarral - El Pardo;85;5;La Paz;FERMIN CABALLERO, CALLE, DE;16;0108520764;-3.7009985070;40.4864152250
440589.4741860000;4481982.7980490000;2014-07-01;2017-01-01;8;Fuencarral - El Pardo;85;5;La Paz;FERMIN CABALLERO, CALLE, DE;16;0408520764;-3.7009985070;40.4864152250
440819.2149270000;4482070.7610120000;2017-01-01;1900-01-08;8;Fuencarral - El Pardo;85;5;La Paz;FERMIN CABALLERO, CALLE, DE;2;0108520693;-3.6982961520;40.4872240690
440819.2149270000;4482070.7610120000;2014-07-01;2017-01-01;8;Fuencarral - El Pardo;85;5;La Paz;FERMIN CABALLERO, CALLE, DE;2;0408520693;-3.6982961520;40.4872240690
440478.9927050000;4481919.7980490000;2017-01-01;1900-01-08;8;Fuencarral - El Pardo;85;5;La Paz;FERMIN CABALLERO, CALLE, DE;24;0108520687;-3.7022960850;40.4858400900
440478.9927050000;4481919.7980490000;2014-07-01;2017-01-01;8;Fuencarral - El Pardo;85;5;La Paz;FERMIN CABALLERO, CALLE, DE;24;0408520687;-3.7022960850;40.4858400900
440443.8081640000;4481884.8400510000;2017-01-01;1900-01-08;8;Fuencarral - El Pardo;85;5;La Paz;FERMIN CABALLERO, CALLE, DE;25;0108520765;-3.7027078690;40.4855223270
440443.8081640000;4481884.8400510000;2014-07-01;2017-01-01;8;Fuencarral - El Pardo;85;5;La Paz;FERMIN CABALLERO, CALLE, DE;25;0408520765;-3.7027078690;40.4855223270
440354.7340900000;4481857.5807920000;2017-01-01;1900-01-08;8;Fuencarral - El Pardo;85;5;La Paz;FERMIN CABALLERO, CALLE, DE;36;0108520771;-3.7037562680;40.4852709130
440354.7340900000;4481857.5807920000;2014-07-01;2017-01-01;8;Fuencarral - El Pardo;85;5;La Paz;FERMIN CABALLERO, CALLE, DE;36;0408520771;-3.7037562680;40.4852709130
440249.8132290000;4481816.0700130000;2017-01-01;1900-01-08;8;Fuencarral - El Pardo;85;5;La Paz;FERMIN CABALLERO, CALLE, DE;42;0108520772;-3.7049903040;40.4848894950
440249.8132290000;4481816.0700130000;2014-07-01;2017-01-01;8;Fuencarral - El Pardo;85;5;La Paz;FERMIN CABALLERO, CALLE, DE;42;0408520772;-3.7049903040;40.4848894950
440146.7717520000;4481780.4746260000;2017-01-01;1900-01-08;8;Fuencarral - El Pardo;85;5;La Paz;FERMIN CABALLERO, CALLE, DE;50;0108520773;-3.7062025110;40.4845608470
440146.7717520000;4481780.4746260000;2014-07-01;2017-01-01;8;Fuencarral - El Pardo;85;5;La Paz;FERMIN CABALLERO, CALLE, DE;50;0408520773;-3.7062025110;40.4845608470
440743.4001120000;4482070.8721230000;2017-01-01;1900-01-08;8;Fuencarral - El Pardo;85;5;La Paz;FERMIN CABALLERO, CALLE, DE;6;0108520686;-3.6991906530;40.4872197720
440743.4001120000;4482070.8721230000;2014-07-01;2017-01-01;8;Fuencarral - El Pardo;85;5;La Paz;FERMIN CABALLERO, CALLE, DE;6;0408520686;-3.6991906530;40.4872197720
440882.1038160000;4482088.4647160000;2017-01-01;1900-01-08;8;Fuencarral - El Pardo;85;5;La Paz;FERMIN CABALLERO, CALLE, DE;S/N;0108520756;-3.6975557760;40.4873879350
440882.1038160000;4482088.4647160000;2014-07-01;2017-01-01;8;Fuencarral - El Pardo;85;5;La Paz;FERMIN CABALLERO, CALLE, DE;S/N;0408520756;-3.6975557760;40.4873879350
440493.1690900000;4481062.8048750000;2017-01-01;1900-01-08;8;Fuencarral - El Pardo;85;5;La Paz;FINISTERRE, CALLE, DE;20;0108520790;-3.7020483950;40.4781205150
440493.1690900000;4481062.8048750000;2014-07-01;2017-01-01;8;Fuencarral - El Pardo;85;5;La Paz;FINISTERRE, CALLE, DE;20;0408520790;-3.7020483950;40.4781205150
440461.8357570000;4481127.4406770000;2017-01-01;1900-01-08;8;Fuencarral - El Pardo;85;5;La Paz;FINISTERRE, CALLE, DE;23;0108520785;-3.7024241410;40.4787005200
440461.8357570000;4481127.4406770000;2014-07-01;2017-01-01;8;Fuencarral - El Pardo;85;5;La Paz;FINISTERRE, CALLE, DE;23;0408520785;-3.7024241410;40.4787005200
440436.5568310000;4481213.1829500000;2017-01-01;1900-01-08;8;Fuencarral - El Pardo;85;5;La Paz;FINISTERRE, CALLE, DE;29;0108520791;-3.7027303290;40.4794718360
440436.5568310000;4481213.1829500000;2014-07-01;2017-01-01;8;Fuencarral - El Pardo;85;5;La Paz;FINISTERRE, CALLE, DE;29;0408520791;-3.7027303290;40.4794718360
440413.3820260000;4481309.0661090000;2017-01-01;1900-01-08;8;Fuencarral - El Pardo;85;5;La Paz;FINISTERRE, CALLE, DE;31;0108520684;-3.7030127400;40.4803332780
440413.3820260000;4481309.0661090000;2014-07-01;2017-01-01;8;Fuencarral - El Pardo;85;5;La Paz;FINISTERRE, CALLE, DE;31;0408520684;-3.7030127400;40.4803332780
440528.7246450000;4481155.2246280000;2017-01-01;1900-01-08;8;Fuencarral - El Pardo;85;5;La Paz;FINISTERRE, CALLE, DE;42;0108520793;-3.7016376420;40.4789561740
440528.7246450000;4481155.2246280000;2014-07-01;2017-01-01;8;Fuencarral - El Pardo;85;5;La Paz;FINISTERRE, CALLE, DE;42;0408520793;-3.7016376420;40.4789561740
440402.1989110000;4481405.0395120000;2017-01-01;1900-01-08;8;Fuencarral - El Pardo;85;5;La Paz;FINISTERRE, CALLE, DE;48;0108520683;-3.7031537450;40.4811971260
440402.1989110000;4481405.0395120000;2014-07-01;2017-01-01;8;Fuencarral - El Pardo;85;5;La Paz;FINISTERRE, CALLE, DE;48;0408520683;-3.7031537450;40.4811971260
440383.9148560000;4481474.3187530000;2017-01-01;2023-03-25;8;Fuencarral - El Pardo;85;5;La Paz;FINISTERRE, CALLE, DE;50;0108520685;-3.7033759380;40.4818202750
440383.9148560000;4481474.3187530000;2014-07-01;2017-01-01;8;Fuencarral - El Pardo;85;5;La Paz;FINISTERRE, CALLE, DE;50;0408520685;-3.7033759380;40.4818202750
440579.4283490000;4480832.8666030000;2017-01-01;1900-01-08;8;Fuencarral - El Pardo;85;5;La Paz;FINISTERRE, CALLE, DE;7;0108520701;-3.7010092790;40.4760553460
440579.4283490000;4480832.8666030000;2014-07-01;2017-01-01;8;Fuencarral - El Pardo;85;5;La Paz;FINISTERRE, CALLE, DE;7;0408520701;-3.7010092790;40.4760553460
440516.4283490000;4480945.5332700000;2017-01-01;1900-01-08;8;Fuencarral - El Pardo;85;5;La Paz;FINISTERRE, CALLE, DE;8;0108520700;-3.7017630620;40.4770657570
440516.4283490000;4480945.5332700000;2014-07-01;2017-01-01;8;Fuencarral - El Pardo;85;5;La Paz;FINISTERRE, CALLE, DE;8;0408520700;-3.7017630620;40.4770657570
440378.7945531550;4481014.9649609600;2017-01-01;1900-01-08;8;Fuencarral - El Pardo;85;5;La Paz;GINZO DE LIMIA, CALLE, DE;26;0108520697;-3.7033931840;40.4776812280
440359.1994110000;4481087.8298500000;2017-01-01;1900-01-08;8;Fuencarral - El Pardo;85;5;La Paz;GINZO DE LIMIA, CALLE, DE;42;0108520698;-3.7036311340;40.4783364050
440359.1994110000;4481087.8298500000;2014-07-01;2017-01-01;8;Fuencarral - El Pardo;85;5;La Paz;GINZO DE LIMIA, CALLE, DE;42;0408520698;-3.7036311340;40.4783364050
440297.8685590000;4481296.6706040000;2017-01-01;1900-01-08;8;Fuencarral - El Pardo;85;5;La Paz;GINZO DE LIMIA, CALLE, DE;58 A;0108520681;-3.7043743740;40.4802134720
440297.8685590000;4481296.6706040000;2014-07-01;2017-01-01;8;Fuencarral - El Pardo;85;5;La Paz;GINZO DE LIMIA, CALLE, DE;58 A;0408520681;-3.7043743740;40.4802134720
440282.1050860000;4481358.0672180000;2017-01-01;1900-01-08;8;Fuencarral - El Pardo;85;5;La Paz;GINZO DE LIMIA, CALLE, DE;58 B;0108520682;-3.7045660860;40.4807658610
440282.1050860000;4481358.0672180000;2014-07-01;2017-01-01;8;Fuencarral - El Pardo;85;5;La Paz;GINZO DE LIMIA, CALLE, DE;58 B;0408520682;-3.7045660860;40.4807658610
440140.0310120000;4481689.9190700000;2017-01-01;1900-01-08;8;Fuencarral - El Pardo;85;5;La Paz;GINZO DE LIMIA, CALLE, DE;60 B;0108520774;-3.7062735000;40.4837446110
440140.0310120000;4481689.9190700000;2014-07-01;2017-01-01;8;Fuencarral - El Pardo;85;5;La Paz;GINZO DE LIMIA, CALLE, DE;60 B;0408520774;-3.7062735000;40.4837446110
440034.6748100000;4481785.0207000000;2014-07-01;2017-01-01;8;Fuencarral - El Pardo;85;5;La Paz;GINZO DE LIMIA, CALLE, DE;66;0408520695;-3.7075255280;40.4845940210
440034.6748100000;4481785.0207000000;2017-01-01;1900-01-08;8;Fuencarral - El Pardo;85;5;La Paz;GINZO DE LIMIA, CALLE, DE;S/N;0108520695;-3.7075255280;40.4845940210
440425.4056642660;4480818.8538498500;2017-01-01;1900-01-08;8;Fuencarral - El Pardo;85;5;La Paz;GINZO DE LIMIA, CALLE, DE;S/N;0108520702;-3.7028248670;40.4759180650
440378.2252500000;4481016.9456020000;2014-07-01;2017-01-01;8;Fuencarral - El Pardo;85;5;La Paz;GINZO DE LIMIA, CALLE, DE;S/N;0408520697;-3.7034001170;40.4776997350
440421.0585840000;4480833.1678240000;2014-07-01;2017-01-01;8;Fuencarral - El Pardo;85;5;La Paz;GINZO DE LIMIA, CALLE, DE;S/N;0408520702;-3.7028774650;40.4760467510
441089.2389975990;4481566.9927387400;2017-01-01;1900-01-08;8;Fuencarral - El Pardo;85;5;La Paz;JULIO PALACIOS, CALLE, DE;17;0108520724;-3.6950634090;40.4827055520
441088.8401570000;4481568.1101040000;2014-07-01;2017-01-01;8;Fuencarral - El Pardo;85;5;La Paz;JULIO PALACIOS, CALLE, DE;17;0408520724;-3.6950682790;40.4827157510
441182.2829400000;4481552.7777300000;2014-07-01;2017-01-01;8;Fuencarral - El Pardo;85;5;La Paz;JULIO PALACIOS, CALLE, DE;21;0408520725;-3.6939643620;40.4825840280
441186.4056642660;4481556.4649609600;2017-01-01;1900-01-08;8;Fuencarral - El Pardo;85;5;La Paz;JULIO PALACIOS, CALLE, DE;23;0108520725;-3.6939160610;40.4826173740
441076.9118371060;4481653.5143436800;2017-01-01;1900-01-08;8;Fuencarral - El Pardo;85;5;La Paz;JULIO PALACIOS, CALLE, DE;53;0108520792;-3.6952169050;40.4834838010
441075.0068230000;4481646.4434370000;2014-07-01;2017-01-01;8;Fuencarral - El Pardo;85;5;La Paz;JULIO PALACIOS, CALLE, DE;53;0408520792;-3.6952387340;40.4834203170
441190.2945531550;4481699.7982942900;2017-01-01;1900-01-08;8;Fuencarral - El Pardo;85;5;La Paz;JULIO PALACIOS, CALLE, DE;55;0108520726;-3.6938835170;40.4839083620
441190.2475640000;4481696.7212150000;2014-07-01;2017-01-01;8;Fuencarral - El Pardo;85;5;La Paz;JULIO PALACIOS, CALLE, DE;55;0408520726;-3.6938837460;40.4838808610
441018.7806642660;4481011.3260720700;2017-01-01;1900-01-08;8;Fuencarral - El Pardo;85;5;La Paz;MELCHOR FERNANDEZ ALMAGRO, CALLE, DE;11;0108520716;-3.6958429760;40.4776947500
441013.2184730000;4481012.2616650000;2014-07-01;2017-01-01;8;Fuencarral - El Pardo;85;5;La Paz;MELCHOR FERNANDEZ ALMAGRO, CALLE, DE;11;0408520716;-3.6959086940;40.4777031150
440735.5394600000;4481028.0517880000;2017-01-01;1900-01-08;8;Fuencarral - El Pardo;85;5;La Paz;MELCHOR FERNANDEZ ALMAGRO, CALLE, DE;14;0108520712;-3.6991858980;40.4778253270
440735.5394600000;4481028.0517880000;2014-07-01;2017-01-01;8;Fuencarral - El Pardo;85;5;La Paz;MELCHOR FERNANDEZ ALMAGRO, CALLE, DE;14;0408520712;-3.6991858980;40.4778253270
440612.7987190000;4480998.9777140000;2017-01-01;1900-01-08;8;Fuencarral - El Pardo;85;5;La Paz;MELCHOR FERNANDEZ ALMAGRO, CALLE, DE;22;0108520699;-3.7006311270;40.4775542610
440612.7987190000;4480998.9777140000;2014-07-01;2017-01-01;8;Fuencarral - El Pardo;85;5;La Paz;MELCHOR FERNANDEZ ALMAGRO, CALLE, DE;22;0408520699;-3.7006311270;40.4775542610
440819.5918430000;4481019.4055980000;2017-01-01;1900-01-08;8;Fuencarral - El Pardo;85;5;La Paz;MELCHOR FERNANDEZ ALMAGRO, CALLE, DE;23;0108520711;-3.6981935350;40.4777531340
440819.5918430000;4481019.4055980000;2014-07-01;2017-01-01;8;Fuencarral - El Pardo;85;5;La Paz;MELCHOR FERNANDEZ ALMAGRO, CALLE, DE;23;0408520711;-3.6981935350;40.4777531340
440494.3501087110;4480975.8538498500;2017-01-01;1900-01-08;8;Fuencarral - El Pardo;85;5;La Paz;MELCHOR FERNANDEZ ALMAGRO, CALLE, DE;28;0108520656;-3.7020263360;40.4773373390
440494.4283490000;4480975.6937640000;2014-07-01;2017-01-01;8;Fuencarral - El Pardo;85;5;La Paz;MELCHOR FERNANDEZ ALMAGRO, CALLE, DE;28;0408520656;-3.7020253620;40.4773362500
441357.0167753770;4480945.4649609600;2017-01-01;1900-01-08;8;Fuencarral - El Pardo;85;5;La Paz;MELCHOR FERNANDEZ ALMAGRO, CALLE, DE;3;0108520688;-3.6918467670;40.4771251720
441348.2196400000;4480946.8218760000;2014-07-01;2017-01-01;8;Fuencarral - El Pardo;85;5;La Paz;MELCHOR FERNANDEZ ALMAGRO, CALLE, DE;3;0408520688;-3.6919507010;40.4771364020
440422.3548800000;4480957.3530100000;2017-01-01;1900-01-08;8;Fuencarral - El Pardo;85;5;La Paz;MELCHOR FERNANDEZ ALMAGRO, CALLE, DE;40;0108520657;-3.7028738550;40.4771656230
440422.3548800000;4480957.3530100000;2014-07-01;2017-01-01;8;Fuencarral - El Pardo;85;5;La Paz;MELCHOR FERNANDEZ ALMAGRO, CALLE, DE;40;0408520657;-3.7028738550;40.4771656230
441035.3583900000;4480994.9886880000;2017-01-01;1900-01-08;8;Fuencarral - El Pardo;85;5;La Paz;MELCHOR FERNANDEZ ALMAGRO, CALLE, DE;9;0108520694;-3.6956458780;40.4775485310
441035.3583900000;4480994.9886880000;2014-07-01;2017-01-01;8;Fuencarral - El Pardo;85;5;La Paz;MELCHOR FERNANDEZ ALMAGRO, CALLE, DE;9;0408520694;-3.6956458780;40.4775485310
440919.1834420440;4481027.4402696000;2017-01-01;1900-01-08;8;Fuencarral - El Pardo;85;5;La Paz;MELCHOR FERNANDEZ ALMAGRO, CALLE, DE;S/N;0108520715;-3.6970193730;40.4778328330
441191.2925470000;4480970.9036400000;2017-01-01;1900-01-08;8;Fuencarral - El Pardo;85;5;La Paz;MELCHOR FERNANDEZ ALMAGRO, CALLE, DE;S/N;0108520717;-3.6938041630;40.4773428960
440917.8727940000;4481026.5332700000;2014-07-01;2017-01-01;8;Fuencarral - El Pardo;85;5;La Paz;MELCHOR FERNANDEZ ALMAGRO, CALLE, DE;S/N;0408520715;-3.6970348420;40.4778245820
441191.2925470000;4480970.9036400000;2014-07-01;2017-01-01;8;Fuencarral - El Pardo;85;5;La Paz;MELCHOR FERNANDEZ ALMAGRO, CALLE, DE;S/N;0408520717;-3.6938041630;40.4773428960
440459.5153740000;4480697.3036270000;2017-01-01;1900-01-08;8;Fuencarral - El Pardo;85;5;La Paz;MONDOÑEDO, PLAZA, DE;S/N;0108520703;-3.7024110770;40.4748258360
440459.5153740000;4480697.3036270000;2014-07-01;2017-01-01;8;Fuencarral - El Pardo;85;5;La Paz;MONDOÑEDO, PLAZA, DE;S/N;0408520703;-3.7024110770;40.4748258360
441102.6969590000;4481219.0847470000;2017-01-01;1900-01-08;8;Fuencarral - El Pardo;85;5;La Paz;MONFORTE DE LEMOS, AVENIDA, DE;10;0108520664;-3.6948723280;40.4795725620
441102.6969590000;4481219.0847470000;2014-07-01;2017-01-01;8;Fuencarral - El Pardo;85;5;La Paz;MONFORTE DE LEMOS, AVENIDA, DE;10;0408520664;-3.6948723280;40.4795725620
441300.0235340000;4481162.9228990000;2014-07-01;2017-01-01;8;Fuencarral - El Pardo;85;5;La Paz;MONFORTE DE LEMOS, AVENIDA, DE;11;0408520659;-3.6925393010;40.4790802760
441002.0723309330;4481232.6995288600;2017-01-01;1900-01-08;8;Fuencarral - El Pardo;85;5;La Paz;MONFORTE DE LEMOS, AVENIDA, DE;12;0108520663;-3.6960607570;40.4796880700
440997.1866110000;4481233.2648600000;2014-07-01;2017-01-01;8;Fuencarral - El Pardo;85;5;La Paz;MONFORTE DE LEMOS, AVENIDA, DE;12;0408520663;-3.6961184540;40.4796924820
441213.2734960000;4481175.8342010000;2014-07-01;2017-01-01;8;Fuencarral - El Pardo;85;5;La Paz;MONFORTE DE LEMOS, AVENIDA, DE;13;0408520660;-3.6935638070;40.4791905130
440738.3315901920;4481268.6131091100;2017-01-01;1900-01-08;8;Fuencarral - El Pardo;85;5;La Paz;MONFORTE DE LEMOS, AVENIDA, DE;18;0108520783;-3.6991754700;40.4799927690
440736.3542750000;4481269.0147510000;2014-07-01;2017-01-01;8;Fuencarral - El Pardo;85;5;La Paz;MONFORTE DE LEMOS, AVENIDA, DE;18;0408520783;-3.6991988470;40.4799962640
440926.2664840000;4481214.5881400000;2017-01-01;1900-01-08;8;Fuencarral - El Pardo;85;5;La Paz;MONFORTE DE LEMOS, AVENIDA, DE;19;0108520718;-3.6969533100;40.4795195630
440926.2664840000;4481214.5881400000;2014-07-01;2017-01-01;8;Fuencarral - El Pardo;85;5;La Paz;MONFORTE DE LEMOS, AVENIDA, DE;19;0408520718;-3.6969533100;40.4795195630
440781.5147690000;4481234.0147510000;2017-01-01;1900-01-08;8;Fuencarral - El Pardo;85;5;La Paz;MONFORTE DE LEMOS, AVENIDA, DE;23;0108520719;-3.6986627870;40.4796834860
440781.5147690000;4481234.0147510000;2014-07-01;2017-01-01;8;Fuencarral - El Pardo;85;5;La Paz;MONFORTE DE LEMOS, AVENIDA, DE;23;0408520719;-3.6986627870;40.4796834860
440578.4036580000;4481280.4591960000;2017-01-01;1900-01-08;8;Fuencarral - El Pardo;85;5;La Paz;MONFORTE DE LEMOS, AVENIDA, DE;24;0108520782;-3.7010632510;40.4800874790
440578.4036580000;4481280.4591960000;2014-07-01;2017-01-01;8;Fuencarral - El Pardo;85;5;La Paz;MONFORTE DE LEMOS, AVENIDA, DE;24;0408520782;-3.7010632510;40.4800874790
441674.0306642660;4480722.2010720700;2017-01-01;1900-01-08;8;Fuencarral - El Pardo;85;5;La Paz;MONFORTE DE LEMOS, AVENIDA, DE;3;0108520690;-3.6880865590;40.4751360920
441669.3257720000;4480723.3697570000;2014-07-01;2017-01-01;8;Fuencarral - El Pardo;85;5;La Paz;MONFORTE DE LEMOS, AVENIDA, DE;3;0408520690;-3.6881421940;40.4751468640
441363.5167753770;4481183.6501461500;2017-01-01;1900-01-08;8;Fuencarral - El Pardo;85;5;La Paz;MONFORTE DE LEMOS, AVENIDA, DE;6;0108520667;-3.6917921640;40.4792716440
441359.8459320000;4481184.2672150000;2014-07-01;2017-01-01;8;Fuencarral - El Pardo;85;5;La Paz;MONFORTE DE LEMOS, AVENIDA, DE;6;0408520667;-3.6918354800;40.4792770870
440656.8234110000;4481251.1094020000;2017-01-01;1900-01-08;8;Fuencarral - El Pardo;85;5;La Paz;MONFORTE DE LEMOS, AVENIDA, DE;71 B;0108520720;-3.7001354040;40.4798293040
440656.8234110000;4481251.1094020000;2014-07-01;2017-01-01;8;Fuencarral - El Pardo;85;5;La Paz;MONFORTE DE LEMOS, AVENIDA, DE;71 B;0408520720;-3.7001354040;40.4798293040
440523.0950160000;4481243.4386200000;2017-01-01;1900-01-08;8;Fuencarral - El Pardo;85;5;La Paz;MONFORTE DE LEMOS, AVENIDA, DE;79;0108520721;-3.7017122980;40.4797500640
440523.0950160000;4481243.4386200000;2014-07-01;2017-01-01;8;Fuencarral - El Pardo;85;5;La Paz;MONFORTE DE LEMOS, AVENIDA, DE;79;0408520721;-3.7017122980;40.4797500640
441275.8990940000;4481195.6988760000;2017-01-01;1900-01-08;8;Fuencarral - El Pardo;85;5;La Paz;MONFORTE DE LEMOS, AVENIDA, DE;8;0108520666;-3.6928269260;40.4793734590
441275.8990940000;4481195.6988760000;2014-07-01;2017-01-01;8;Fuencarral - El Pardo;85;5;La Paz;MONFORTE DE LEMOS, AVENIDA, DE;8;0408520666;-3.6928269260;40.4793734590
441419.8054350000;4481019.3848270000;2017-01-01;1900-01-08;8;Fuencarral - El Pardo;85;5;La Paz;MONFORTE DE LEMOS, AVENIDA, DE;9;0108520658;-3.6911129230;40.4777953040
441419.8054350000;4481019.3848270000;2014-07-01;2017-01-01;8;Fuencarral - El Pardo;85;5;La Paz;MONFORTE DE LEMOS, AVENIDA, DE;9;0408520658;-3.6911129230;40.4777953040
441297.5723309330;4481163.2427387400;2017-01-01;1900-01-08;8;Fuencarral - El Pardo;85;5;La Paz;MONFORTE DE LEMOS, AVENIDA, DE;S/N;0108520659;-3.6925681780;40.4790831980
441211.0106025380;4481176.2057017000;2017-01-01;1900-01-08;8;Fuencarral - El Pardo;85;5;La Paz;MONFORTE DE LEMOS, AVENIDA, DE;S/N;0108520660;-3.6935905070;40.4791934930
441108.0556540000;4481189.7936790000;2017-01-01;1900-01-08;8;Fuencarral - El Pardo;85;5;La Paz;MONFORTE DE LEMOS, AVENIDA, DE;S/N;0108520661;-3.6948064380;40.4793084280
441017.5247360000;4481202.3368960000;2017-01-01;1900-01-08;8;Fuencarral - El Pardo;85;5;La Paz;MONFORTE DE LEMOS, AVENIDA, DE;S/N;0108520662;-3.6958755770;40.4794152850
441194.8483190000;4481206.6234690000;2017-01-01;1900-01-08;8;Fuencarral - El Pardo;85;5;La Paz;MONFORTE DE LEMOS, AVENIDA, DE;S/N;0108520665;-3.6937840520;40.4794663350
440371.3798760000;4481232.9113450000;2017-01-01;1900-01-08;8;Fuencarral - El Pardo;85;5;La Paz;MONFORTE DE LEMOS, AVENIDA, DE;S/N;0108520680;-3.7035011290;40.4796440670
441489.7389975990;4480826.5760720700;2017-01-01;1900-01-08;8;Fuencarral - El Pardo;85;5;La Paz;MONFORTE DE LEMOS, AVENIDA, DE;S/N;0108520689;-3.6902700440;40.4760634240
440458.3686272290;4481255.8723683700;2017-01-01;1900-01-08;8;Fuencarral - El Pardo;85;5;La Paz;MONFORTE DE LEMOS, AVENIDA, DE;S/N;0108520696;-3.7024770820;40.4798576650
440880.0579790000;4481249.1628990000;2017-01-01;1900-01-08;8;Fuencarral - El Pardo;85;5;La Paz;MONFORTE DE LEMOS, AVENIDA, DE;S/N;0108520784;-3.6975016880;40.4798272410
441542.9739200000;4480785.8512380000;2017-01-01;1900-01-08;8;Fuencarral - El Pardo;85;5;La Paz;MONFORTE DE LEMOS, AVENIDA, DE;S/N;0108520913;-3.6896383010;40.4757003410
441108.0556540000;4481189.7936790000;2014-07-01;2017-01-01;8;Fuencarral - El Pardo;85;5;La Paz;MONFORTE DE LEMOS, AVENIDA, DE;S/N;0408520661;-3.6948064380;40.4793084280
441017.5247360000;4481202.3368960000;2014-07-01;2017-01-01;8;Fuencarral - El Pardo;85;5;La Paz;MONFORTE DE LEMOS, AVENIDA, DE;S/N;0408520662;-3.6958755770;40.4794152850
441194.8483190000;4481206.6234690000;2014-07-01;2017-01-01;8;Fuencarral - El Pardo;85;5;La Paz;MONFORTE DE LEMOS, AVENIDA, DE;S/N;0408520665;-3.6937840520;40.4794663350
440371.3798760000;4481232.9113450000;2014-07-01;2017-01-01;8;Fuencarral - El Pardo;85;5;La Paz;MONFORTE DE LEMOS, AVENIDA, DE;S/N;0408520680;-3.7035011290;40.4796440670
441483.5251960000;4480843.5718760000;2014-07-01;2017-01-01;8;Fuencarral - El Pardo;85;5;La Paz;MONFORTE DE LEMOS, AVENIDA, DE;S/N;0408520689;-3.6903449870;40.4762159460
440455.6185590000;4481255.0594930000;2014-07-01;2017-01-01;8;Fuencarral - El Pardo;85;5;La Paz;MONFORTE DE LEMOS, AVENIDA, DE;S/N;0408520696;-3.7025094540;40.4798499880
440880.0579790000;4481249.1628990000;2014-07-01;2017-01-01;8;Fuencarral - El Pardo;85;5;La Paz;MONFORTE DE LEMOS, AVENIDA, DE;S/N;0408520784;-3.6975016880;40.4798272410
441542.9739200000;4480785.8512380000;2014-07-01;2017-01-01;8;Fuencarral - El Pardo;85;5;La Paz;MONFORTE DE LEMOS, AVENIDA, DE;S/N;0408520913;-3.6896383010;40.4757003410
440395.4303556240;4481786.6995288600;2017-01-01;1900-01-08;8;Fuencarral - El Pardo;85;5;La Paz;PATONES, CALLE, DE;3;0108520760;-3.7032694830;40.4846349880
440395.8452020000;4481786.9511620000;2014-07-01;2017-01-01;8;Fuencarral - El Pardo;85;5;La Paz;PATONES, CALLE, DE;3;0408520760;-3.7032646120;40.4846368210
440807.2081334020;4481699.2921214500;2017-01-01;2024-02-08;8;Fuencarral - El Pardo;85;5;La Paz;PEDRO RICO, CALLE, DE;12;0108520742;-3.6984031800;40.4838774800
441059.1734900000;4481707.3323260000;2017-01-01;1900-01-08;8;Fuencarral - El Pardo;85;5;La Paz;PEDRO RICO, CALLE, DE;21;0108520739;-3.6954311910;40.4839672050
441059.1734900000;4481707.3323260000;2014-07-01;2017-01-01;8;Fuencarral - El Pardo;85;5;La Paz;PEDRO RICO, CALLE, DE;21;0408520739;-3.6954311910;40.4839672050
441577.2632700000;4481613.8226550000;2014-07-01;2017-01-01;8;Fuencarral - El Pardo;85;5;La Paz;PEDRO RICO, CALLE, DE;3;0408520678;-3.6893102830;40.4831619130
441066.5112230000;4481803.2795310000;2017-01-01;1900-01-08;8;Fuencarral - El Pardo;85;5;La Paz;PEDRO RICO, CALLE, DE;31;0108520740;-3.6953534980;40.4848319700
441066.5112230000;4481803.2795310000;2014-07-01;2017-01-01;8;Fuencarral - El Pardo;85;5;La Paz;PEDRO RICO, CALLE, DE;31;0408520740;-3.6953534980;40.4848319700
440933.9512680000;4481765.3323260000;2017-01-01;1900-01-08;8;Fuencarral - El Pardo;85;5;La Paz;PEDRO RICO, CALLE, DE;39;0108520741;-3.6969139480;40.4844813780
440933.9512680000;4481765.3323260000;2014-07-01;2017-01-01;8;Fuencarral - El Pardo;85;5;La Paz;PEDRO RICO, CALLE, DE;39;0408520741;-3.6969139480;40.4844813780
441603.7789310000;4481408.3752070000;2017-01-01;1900-01-08;8;Fuencarral - El Pardo;85;5;La Paz;PEDRO RICO, CALLE, DE;4;0108520673;-3.6889785400;40.4813128640
441603.7789310000;4481408.3752070000;2014-07-01;2017-01-01;8;Fuencarral - El Pardo;85;5;La Paz;PEDRO RICO, CALLE, DE;4;0408520673;-3.6889785400;40.4813128640
441583.4042700000;4481438.4280550000;2014-07-01;2017-01-01;8;Fuencarral - El Pardo;85;5;La Paz;PEDRO RICO, CALLE, DE;4;0408520676;-3.6892216460;40.4815824400
440664.3686272290;4481627.2921214500;2017-01-01;1900-01-08;8;Fuencarral - El Pardo;85;5;La Paz;PEDRO RICO, CALLE, DE;43;0108520746;-3.7000816030;40.4832181780
440661.6549710000;4481625.7582520000;2014-07-01;2017-01-01;8;Fuencarral - El Pardo;85;5;La Paz;PEDRO RICO, CALLE, DE;43;0408520746;-3.7001135170;40.4832038540
440545.0068230000;4481571.9989930000;2017-01-01;1900-01-08;8;Fuencarral - El Pardo;85;5;La Paz;PEDRO RICO, CALLE, DE;45;0108520747;-3.7014846050;40.4827119120
440545.0068230000;4481571.9989930000;2014-07-01;2017-01-01;8;Fuencarral - El Pardo;85;5;La Paz;PEDRO RICO, CALLE, DE;45;0408520747;-3.7014846050;40.4827119120
440432.6734900000;4481519.9434370000;2017-01-01;1900-01-08;8;Fuencarral - El Pardo;85;5;La Paz;PEDRO RICO, CALLE, DE;47;0108520748;-3.7028049860;40.4822346380
440432.6734900000;4481519.9434370000;2014-07-01;2017-01-01;8;Fuencarral - El Pardo;85;5;La Paz;PEDRO RICO, CALLE, DE;47;0408520748;-3.7028049860;40.4822346380
441629.1678200000;4481531.4863180000;2017-01-01;1900-01-08;8;Fuencarral - El Pardo;85;5;La Paz;PEDRO RICO, CALLE, DE;6;0108520677;-3.6886902850;40.4824239430
441629.1678200000;4481531.4863180000;2014-07-01;2017-01-01;8;Fuencarral - El Pardo;85;5;La Paz;PEDRO RICO, CALLE, DE;6;0408520677;-3.6886902850;40.4824239430
441480.0567090000;4481687.4307620000;2017-01-01;1900-01-08;8;Fuencarral - El Pardo;85;5;La Paz;PEDRO RICO, CALLE, DE;8;0108520722;-3.6904637610;40.4838177780
441480.0567090000;4481687.4307620000;2014-07-01;2017-01-01;8;Fuencarral - El Pardo;85;5;La Paz;PEDRO RICO, CALLE, DE;8;0408520722;-3.6904637610;40.4838177780
441389.5370950000;4481720.0064650000;2014-07-01;2017-01-01;8;Fuencarral - El Pardo;85;5;La Paz;PEDRO RICO, CALLE, DE;8;0408520723;-3.6915347910;40.4841044860
441168.6223340000;4481807.7795310000;2017-01-01;1900-01-08;8;Fuencarral - El Pardo;85;5;La Paz;PEDRO RICO, CALLE, DE;9;0108520727;-3.6941492550;40.4848796980
441168.6223340000;4481807.7795310000;2014-07-01;2017-01-01;8;Fuencarral - El Pardo;85;5;La Paz;PEDRO RICO, CALLE, DE;9;0408520727;-3.6941492550;40.4848796980
441451.2795760000;4481175.7690610000;2017-01-01;1900-01-08;8;Fuencarral - El Pardo;85;5;La Paz;PEDRO RICO, CALLE, DE;S/N;0108520668;-3.6907560840;40.4792061550
441533.8579040000;4481226.6502590000;2017-01-01;1900-01-08;8;Fuencarral - El Pardo;85;5;La Paz;PEDRO RICO, CALLE, DE;S/N;0108520669;-3.6897865250;40.4796708810
441602.7945531550;4481531.9649609600;2017-01-01;1900-01-08;8;Fuencarral - El Pardo;85;5;La Paz;PEDRO RICO, CALLE, DE;S/N;0108520674;-3.6890014580;40.4824261780
441563.8900420000;4481367.8752070000;2017-01-01;1900-01-08;8;Fuencarral - El Pardo;85;5;La Paz;PEDRO RICO, CALLE, DE;S/N;0108520675;-3.6894453290;40.4809454830
441583.4042700000;4481438.4280550000;2017-01-01;1900-01-08;8;Fuencarral - El Pardo;85;5;La Paz;PEDRO RICO, CALLE, DE;S/N;0108520676;-3.6892216460;40.4815824400
441584.4056642660;4481608.9649609600;2017-01-01;1900-01-08;8;Fuencarral - El Pardo;85;5;La Paz;PEDRO RICO, CALLE, DE;S/N;0108520678;-3.6892255420;40.4831181390
441351.4540422900;4481740.5190685100;2017-01-01;1900-01-08;8;Fuencarral - El Pardo;85;5;La Paz;PEDRO RICO, CALLE, DE;S/N;0108520723;-3.6919858810;40.4842874890
441451.2795760000;4481175.7690610000;2014-07-01;2017-01-01;8;Fuencarral - El Pardo;85;5;La Paz;PEDRO RICO, CALLE, DE;S/N;0408520668;-3.6907560840;40.4792061550
441533.8579040000;4481226.6502590000;2014-07-01;2017-01-01;8;Fuencarral - El Pardo;85;5;La Paz;PEDRO RICO, CALLE, DE;S/N;0408520669;-3.6897865250;40.4796708810
441604.3900420000;4481540.2085400000;2014-07-01;2017-01-01;8;Fuencarral - El Pardo;85;5;La Paz;PEDRO RICO, CALLE, DE;S/N;0408520674;-3.6889834100;40.4825000320
441563.8900420000;4481367.8752070000;2014-07-01;2017-01-01;8;Fuencarral - El Pardo;85;5;La Paz;PEDRO RICO, CALLE, DE;S/N;0408520675;-3.6894453290;40.4809454830
440804.6734900000;4481698.3878820000;2014-07-01;2017-01-01;8;Fuencarral - El Pardo;85;5;La Paz;PEDRO RICO, CALLE, DE;S/N;0408520742;-3.6984329740;40.4838691150
440945.2802010000;4481113.7184550000;2017-01-01;1900-01-08;8;Fuencarral - El Pardo;85;5;La Paz;PUENTECESURES, CALLE, DE;2;0108520714;-3.6967196580;40.4786121700
440945.2802010000;4481113.7184550000;2014-07-01;2017-01-01;8;Fuencarral - El Pardo;85;5;La Paz;PUENTECESURES, CALLE, DE;2;0408520714;-3.6967196580;40.4786121700
440666.5667790000;4482192.9461970000;2017-01-01;1900-01-08;8;Fuencarral - El Pardo;85;5;La Paz;RIO BULLAQUE, CALLE, DEL;4 C;0108520775;-3.7001086460;40.4883139500
440666.5667790000;4482192.9461970000;2014-07-01;2017-01-01;8;Fuencarral - El Pardo;85;5;La Paz;RIO BULLAQUE, CALLE, DEL;4 C;0408520775;-3.7001086460;40.4883139500
440510.3957120000;4481778.0545480000;2017-01-01;1900-01-08;8;Fuencarral - El Pardo;85;5;La Paz;SANGENJO, CALLE, DE;14;0108520787;-3.7019123180;40.4845650290
440510.3957120000;4481778.0545480000;2014-07-01;2017-01-01;8;Fuencarral - El Pardo;85;5;La Paz;SANGENJO, CALLE, DE;14;0408520787;-3.7019123180;40.4845650290
440440.0146990000;4481743.5447420000;2017-01-01;1900-01-08;8;Fuencarral - El Pardo;85;5;La Paz;SANGENJO, CALLE, DE;17;0108520788;-3.7027393820;40.4842491580
440440.0146990000;4481743.5447420000;2014-07-01;2017-01-01;8;Fuencarral - El Pardo;85;5;La Paz;SANGENJO, CALLE, DE;17;0408520788;-3.7027393820;40.4842491580
440623.0723309330;4481824.1594054000;2017-01-01;1900-01-08;8;Fuencarral - El Pardo;85;5;La Paz;SANGENJO, CALLE, DE;25;0108520759;-3.7005872380;40.4849890750
440616.0297420000;4481820.2795310000;2014-07-01;2017-01-01;8;Fuencarral - El Pardo;85;5;La Paz;SANGENJO, CALLE, DE;25;0408520759;-3.7006699730;40.4849528650
440781.7704820000;4481917.2795310000;2017-01-01;1900-01-08;8;Fuencarral - El Pardo;85;5;La Paz;SANGENJO, CALLE, DE;28;0108520786;-3.6987235780;40.4858389440
440781.7704820000;4481917.2795310000;2014-07-01;2017-01-01;8;Fuencarral - El Pardo;85;5;La Paz;SANGENJO, CALLE, DE;28;0408520786;-3.6987235780;40.4858389440
440701.2389975990;4481868.7982942900;2017-01-01;1900-01-08;8;Fuencarral - El Pardo;85;5;La Paz;SANGENJO, CALLE, DE;29;0108520789;-3.6996692450;40.4853968500
440696.7890010000;4481866.3906420000;2014-07-01;2017-01-01;8;Fuencarral - El Pardo;85;5;La Paz;SANGENJO, CALLE, DE;29;0408520789;-3.6997215560;40.4853747910
440778.4556680000;4481989.7517530000;2017-01-01;1900-01-08;8;Fuencarral - El Pardo;85;5;La Paz;SANGENJO, CALLE, DE;32;0108520758;-3.6987694720;40.4864917150
440778.4556680000;4481989.7517530000;2014-07-01;2017-01-01;8;Fuencarral - El Pardo;85;5;La Paz;SANGENJO, CALLE, DE;32;0408520758;-3.6987694720;40.4864917150
440794.1556642660;4482162.4094054000;2017-01-01;1900-01-08;8;Fuencarral - El Pardo;85;5;La Paz;SANGENJO, CALLE, DE;38;0108520757;-3.6986003920;40.4880477530
440793.2890010000;4482144.5573080000;2014-07-01;2017-01-01;8;Fuencarral - El Pardo;85;5;La Paz;SANGENJO, CALLE, DE;38;0408520757;-3.6986089290;40.4878874970
440249.4754560000;4481671.8079590000;2017-01-01;1900-01-08;8;Fuencarral - El Pardo;85;5;La Paz;SANGENJO, CALLE, DE;4;0108520762;-3.7049806210;40.4835893400
440249.4754560000;4481671.8079590000;2014-07-01;2017-01-01;8;Fuencarral - El Pardo;85;5;La Paz;SANGENJO, CALLE, DE;4;0408520762;-3.7049806210;40.4835893400
440782.0159400000;4482253.1479900000;2017-01-01;1900-01-08;8;Fuencarral - El Pardo;85;5;La Paz;SANGENJO, CALLE, DE;42;0108520776;-3.6987521110;40.4888641610
440782.0159400000;4482253.1479900000;2014-07-01;2017-01-01;8;Fuencarral - El Pardo;85;5;La Paz;SANGENJO, CALLE, DE;42;0408520776;-3.6987521110;40.4888641610
440371.6733850000;4481698.4852550000;2017-01-01;1900-01-08;8;Fuencarral - El Pardo;85;5;La Paz;SANGENJO, CALLE, DE;8;0108520761;-3.7035415230;40.4838389200
440371.6733850000;4481698.4852550000;2014-07-01;2017-01-01;8;Fuencarral - El Pardo;85;5;La Paz;SANGENJO, CALLE, DE;8;0408520761;-3.7035415230;40.4838389200
440826.6743400000;4481811.6460900000;2017-01-01;1900-01-08;8;Fuencarral - El Pardo;85;5;La Paz;SANTIAGO DE COMPOSTELA, CALLE, DE;10;0108520753;-3.6981839670;40.4848908130
440826.6743400000;4481811.6460900000;2014-07-01;2017-01-01;8;Fuencarral - El Pardo;85;5;La Paz;SANTIAGO DE COMPOSTELA, CALLE, DE;10;0408520753;-3.6981839670;40.4848908130
440698.9648400000;4481746.8628300000;2014-07-01;2017-01-01;8;Fuencarral - El Pardo;85;5;La Paz;SANTIAGO DE COMPOSTELA, CALLE, DE;22;0408520752;-3.6996846000;40.4842977450
440590.2846010000;4481694.6101040000;2017-01-01;1900-01-08;8;Fuencarral - El Pardo;85;5;La Paz;SANTIAGO DE COMPOSTELA, CALLE, DE;30;0108520751;-3.7009618950;40.4838190960
440590.2846010000;4481694.6101040000;2014-07-01;2017-01-01;8;Fuencarral - El Pardo;85;5;La Paz;SANTIAGO DE COMPOSTELA, CALLE, DE;30;0408520751;-3.7009618950;40.4838190960
440495.3134080000;4481635.5236840000;2017-01-01;1900-01-08;8;Fuencarral - El Pardo;85;5;La Paz;SANTIAGO DE COMPOSTELA, CALLE, DE;36;0108520750;-3.7020768710;40.4832804580
440495.3134080000;4481635.5236840000;2014-07-01;2017-01-01;8;Fuencarral - El Pardo;85;5;La Paz;SANTIAGO DE COMPOSTELA, CALLE, DE;36;0408520750;-3.7020768710;40.4832804580
440319.6153740000;4481569.7750370000;2017-01-01;1900-01-08;8;Fuencarral - El Pardo;85;5;La Paz;SANTIAGO DE COMPOSTELA, CALLE, DE;44;0108520749;-3.7041435300;40.4826754720
440319.6153740000;4481569.7750370000;2014-07-01;2017-01-01;8;Fuencarral - El Pardo;85;5;La Paz;SANTIAGO DE COMPOSTELA, CALLE, DE;44;0408520749;-3.7041435300;40.4826754720
440698.9648400000;4481746.8628300000;2017-01-01;1900-01-08;8;Fuencarral - El Pardo;85;5;La Paz;SANTIAGO DE COMPOSTELA, CALLE, DE;S/N;0108520752;-3.6996846000;40.4842977450
440957.2519640000;4481881.1313820000;2017-01-01;1900-01-08;8;Fuencarral - El Pardo;85;5;La Paz;SANTIAGO DE COMPOSTELA, CALLE, DE;S/N;0108520754;-3.6966498720;40.4855255360
440957.2519640000;4481881.1313820000;2014-07-01;2017-01-01;8;Fuencarral - El Pardo;85;5;La Paz;SANTIAGO DE COMPOSTELA, CALLE, DE;S/N;0408520754;-3.6966498720;40.4855255360
440743.4432600000;4480719.2588250000;2017-01-01;1900-01-08;8;Fuencarral - El Pardo;85;5;La Paz;SINESIO DELGADO, CALLE, DE;16;0108520705;-3.6990638010;40.4750442470
440743.4432600000;4480719.2588250000;2014-07-01;2017-01-01;8;Fuencarral - El Pardo;85;5;La Paz;SINESIO DELGADO, CALLE, DE;16;0408520705;-3.6990638010;40.4750442470
440422.4139080000;4481940.4188030000;2017-01-01;1900-01-08;8;Fuencarral - El Pardo;85;5;La Paz;VALENCIA DE DON JUAN, CALLE, DE;10;0108520768;-3.7029655290;40.4860218890
440422.4139080000;4481940.4188030000;2014-07-01;2017-01-01;8;Fuencarral - El Pardo;85;5;La Paz;VALENCIA DE DON JUAN, CALLE, DE;10;0408520768;-3.7029655290;40.4860218890
440546.0472400000;4481992.6399900000;2017-01-01;1900-01-08;8;Fuencarral - El Pardo;85;5;La Paz;VALENCIA DE DON JUAN, CALLE, DE;14 C;0108520767;-3.7015118200;40.4865009960
440546.0472400000;4481992.6399900000;2014-07-01;2017-01-01;8;Fuencarral - El Pardo;85;5;La Paz;VALENCIA DE DON JUAN, CALLE, DE;14 C;0408520767;-3.7015118200;40.4865009960
440280.3780440000;4481893.0977910000;2017-01-01;1900-01-08;8;Fuencarral - El Pardo;85;5;La Paz;VALENCIA DE DON JUAN, CALLE, DE;S/N;0108520769;-3.7046368460;40.4855854670
440174.9058220000;4481858.5144580000;2017-01-01;1900-01-08;8;Fuencarral - El Pardo;85;5;La Paz;VALENCIA DE DON JUAN, CALLE, DE;S/N;0108520770;-3.7058779880;40.4852657570
440574.7890010000;4482140.2517530000;2017-01-01;1900-01-08;8;Fuencarral - El Pardo;85;5;La Paz;VALENCIA DE DON JUAN, CALLE, DE;S/N;0108520777;-3.7011864950;40.4878330090
440280.3780440000;4481893.0977910000;2014-07-01;2017-01-01;8;Fuencarral - El Pardo;85;5;La Paz;VALENCIA DE DON JUAN, CALLE, DE;S/N;0408520769;-3.7046368460;40.4855854670
440174.9058220000;4481858.5144580000;2014-07-01;2017-01-01;8;Fuencarral - El Pardo;85;5;La Paz;VALENCIA DE DON JUAN, CALLE, DE;S/N;0408520770;-3.7058779880;40.4852657570
440574.7890010000;4482140.2517530000;2014-07-01;2017-01-01;8;Fuencarral - El Pardo;85;5;La Paz;VALENCIA DE DON JUAN, CALLE, DE;S/N;0408520777;-3.7011864950;40.4878330090
440829.5523910000;4480799.0059760000;2017-01-01;1900-01-08;8;Fuencarral - El Pardo;85;5;La Paz;VILLA DE MARIN, CALLE, DE LA;14;0108520707;-3.6980555090;40.4757686950
440829.5523910000;4480799.0059760000;2014-07-01;2017-01-01;8;Fuencarral - El Pardo;85;5;La Paz;VILLA DE MARIN, CALLE, DE LA;14;0408520707;-3.6980555090;40.4757686950
440749.5476910000;4480884.0476730000;2017-01-01;1900-01-08;8;Fuencarral - El Pardo;85;5;La Paz;VILLA DE MARIN, CALLE, DE LA;18;0108520708;-3.6990071920;40.4765290100
440749.5476910000;4480884.0476730000;2014-07-01;2017-01-01;8;Fuencarral - El Pardo;85;5;La Paz;VILLA DE MARIN, CALLE, DE LA;18;0408520708;-3.6990071920;40.4765290100
440679.7479650000;4480905.0792230000;2017-01-01;1900-01-08;8;Fuencarral - El Pardo;85;5;La Paz;VILLA DE MARIN, CALLE, DE LA;19;0108520709;-3.6998325950;40.4767136170
440679.7479650000;4480905.0792230000;2014-07-01;2017-01-01;8;Fuencarral - El Pardo;85;5;La Paz;VILLA DE MARIN, CALLE, DE LA;19;0408520709;-3.6998325950;40.4767136170
440834.9468680000;4480905.2740110000;2017-01-01;1900-01-08;8;Fuencarral - El Pardo;85;5;La Paz;VILLA DE MARIN, CALLE, DE LA;24;0108520710;-3.6980018230;40.4767264510
440834.9468680000;4480905.2740110000;2014-07-01;2017-01-01;8;Fuencarral - El Pardo;85;5;La Paz;VILLA DE MARIN, CALLE, DE LA;24;0408520710;-3.6980018230;40.4767264510
440790.1320530000;4481139.2740110000;2017-01-01;1900-01-08;8;Fuencarral - El Pardo;85;5;La Paz;VILLA DE MARIN, CALLE, DE LA;43;0108520713;-3.6985522640;40.4788307530
440790.1320530000;4481139.2740110000;2014-07-01;2017-01-01;8;Fuencarral - El Pardo;85;5;La Paz;VILLA DE MARIN, CALLE, DE LA;43;0408520713;-3.6985522640;40.4788307530
440572.4897980000;4480734.5140440000;2017-01-01;1900-01-08;8;Fuencarral - El Pardo;85;5;La Paz;VILLA DE MARIN, CALLE, DE LA;5;0108520704;-3.7010818720;40.4751689800
440572.4897980000;4480734.5140440000;2014-07-01;2017-01-01;8;Fuencarral - El Pardo;85;5;La Paz;VILLA DE MARIN, CALLE, DE LA;5;0408520704;-3.7010818720;40.4751689800
440663.2596250000;4480801.4303890000;2017-01-01;1900-01-08;8;Fuencarral - El Pardo;85;5;La Paz;VILLA DE MARIN, CALLE, DE LA;9;0108520706;-3.7000173740;40.4757788940
440663.2596250000;4480801.4303890000;2014-07-01;2017-01-01;8;Fuencarral - El Pardo;85;5;La Paz;VILLA DE MARIN, CALLE, DE LA;9;0408520706;-3.7000173740;40.4757788940
438090.9225450000;4475543.9841910000;2014-07-01;1900-01-08;9;Moncloa - Aravaca;91;1;Casa de Campo;ALMUÑECAR, PLAZA, DE;10;0309120049;-3.7298492810;40.4282299860
438749.6992460000;4474722.4376000000;2014-07-01;1900-01-08;9;Moncloa - Aravaca;91;1;Casa de Campo;ANICETO MARINAS, CALLE, DE;10;0309120015;-3.7220044000;40.4208776770
437678.4580520000;4475985.1983500000;2014-07-01;1900-01-08;9;Moncloa - Aravaca;91;1;Casa de Campo;ANICETO MARINAS, CALLE, DE;114;0309120002;-3.7347547740;40.4321732530
438704.4606290000;4474821.7670090000;2014-07-01;1900-01-08;9;Moncloa - Aravaca;91;1;Casa de Campo;ANICETO MARINAS, CALLE, DE;22;0309120014;-3.7225471630;40.4217688550
438617.7602920000;4474905.5212180000;2014-07-01;1900-01-08;9;Moncloa - Aravaca;91;1;Casa de Campo;ANICETO MARINAS, CALLE, DE;36;0309120013;-3.7235772270;40.4225169660
438562.6256120000;4474990.9589280000;2014-07-01;1900-01-08;9;Moncloa - Aravaca;91;1;Casa de Campo;ANICETO MARINAS, CALLE, DE;46;0309120012;-3.7242353830;40.4232824380
438453.8293160000;4475101.0178510000;2014-07-01;1900-01-08;9;Moncloa - Aravaca;91;1;Casa de Campo;ANICETO MARINAS, CALLE, DE;56;0309120011;-3.7255284350;40.4242666070
438329.0450730000;4475244.1229990000;2014-07-01;1900-01-08;9;Moncloa - Aravaca;91;1;Casa de Campo;ANICETO MARINAS, CALLE, DE;60;0309120010;-3.7270131970;40.4255457360
438252.8719620000;4475306.2096490000;2014-07-01;1900-01-08;9;Moncloa - Aravaca;91;1;Casa de Campo;ANICETO MARINAS, CALLE, DE;72;0309120009;-3.7279172100;40.4260999000
438157.1228040000;4475427.4217700000;2014-07-01;1900-01-08;9;Moncloa - Aravaca;91;1;Casa de Campo;ANICETO MARINAS, CALLE, DE;84;0309120008;-3.7290575680;40.4271849110
438048.4486770000;4475525.5228410000;2014-07-01;1900-01-08;9;Moncloa - Aravaca;91;1;Casa de Campo;ANICETO MARINAS, CALLE, DE;FRENTE 100;0309120007;-3.7303481560;40.4280600460
437736.6507620000;4475861.3919530000;2014-07-01;1900-01-08;9;Moncloa - Aravaca;91;1;Casa de Campo;ANICETO MARINAS, CALLE, DE;FRENTE 106;0309120003;-3.7340566820;40.4310629750
437646.8162460000;4476084.2896220000;2014-07-01;1900-01-08;9;Moncloa - Aravaca;91;1;Casa de Campo;ANICETO MARINAS, CALLE, DE;FRENTE 116;0309120001;-3.7351374530;40.4330637440
437808.8539230000;4475799.6889300000;2014-07-01;1900-01-08;9;Moncloa - Aravaca;91;1;Casa de Campo;ANICETO MARINAS, CALLE, DE;S/N;0309120004;-3.7331993650;40.4305119050
437886.0790330000;4475699.5177290000;2014-07-01;1900-01-08;9;Moncloa - Aravaca;91;1;Casa de Campo;ANICETO MARINAS, CALLE, DE;S/N;0309120005;-3.7322791950;40.4296152260
437983.0991320000;4475613.9220310000;2014-07-01;1900-01-08;9;Moncloa - Aravaca;91;1;Casa de Campo;ANICETO MARINAS, CALLE, DE;S/N;0309120006;-3.7311272060;40.4288519310
437614.5880250000;4475669.2510950000;2014-07-01;1900-01-08;9;Moncloa - Aravaca;91;1;Casa de Campo;ARCHIPIELAGO, CALLE, DEL;3;0309120030;-3.7354766440;40.4293227310
438404.9918711630;4475884.2897606800;2014-07-01;1900-01-08;9;Moncloa - Aravaca;91;1;Casa de Campo;CAMOENS Y VALERO, PASEO, DE;S/N;0309120943;-3.7261800020;40.4313188010
438353.2677332320;4475963.1821326800;2014-07-01;1900-01-08;9;Moncloa - Aravaca;91;1;Casa de Campo;CAMOENS Y VALERO, PASEO, DE;S/N;0309120944;-3.7267974220;40.4320251430
438380.1747342770;4475979.9010459500;2014-07-01;1900-01-08;9;Moncloa - Aravaca;91;1;Casa de Campo;CAMOENS Y VALERO, PASEO, DE;S/N;0309120945;-3.7264818360;40.4321777790
438138.5037190000;4475203.0835410000;2014-07-01;1900-01-08;9;Moncloa - Aravaca;91;1;Casa de Campo;COMANDANTE FORTEA, PASEO, DEL;14;0309120065;-3.7292553530;40.4251627130
438081.1492600000;4475254.4391270000;2014-07-01;1900-01-08;9;Moncloa - Aravaca;91;1;Casa de Campo;COMANDANTE FORTEA, PASEO, DEL;18;0309120064;-3.7299363710;40.4256203350
437930.2758040000;4475278.5895490000;2014-07-01;1900-01-08;9;Moncloa - Aravaca;91;1;Casa de Campo;COMANDANTE FORTEA, PASEO, DEL;25;0309120062;-3.7317171810;40.4258270580
438015.5763550000;4475313.0527150000;2014-07-01;1900-01-08;9;Moncloa - Aravaca;91;1;Casa de Campo;COMANDANTE FORTEA, PASEO, DEL;30;0309120063;-3.7307150200;40.4261442470
438233.5061630000;4475105.6596650000;2014-07-01;1900-01-08;9;Moncloa - Aravaca;91;1;Casa de Campo;COMANDANTE FORTEA, PASEO, DEL;4;0309120067;-3.7281259390;40.4242915880
437905.4393020000;4475397.3291770000;2014-07-01;1900-01-08;9;Moncloa - Aravaca;91;1;Casa de Campo;COMANDANTE FORTEA, PASEO, DEL;41;0309120035;-3.7320214790;40.4268945350
437834.9426690000;4475527.1692440000;2014-07-01;1900-01-08;9;Moncloa - Aravaca;91;1;Casa de Campo;COMANDANTE FORTEA, PASEO, DEL;50;0309120061;-3.7328652160;40.4280594160
437755.7479440000;4475615.9739580000;2014-07-01;1900-01-08;9;Moncloa - Aravaca;91;1;Casa de Campo;COMANDANTE FORTEA, PASEO, DEL;66;0309120033;-3.7338074460;40.4288530200
438139.6509440000;4475159.5317190000;2014-07-01;1900-01-08;9;Moncloa - Aravaca;91;1;Casa de Campo;COMANDANTE FORTEA, PASEO, DEL;S/N;0309120066;-3.7292375340;40.4247702370
437674.3786960000;4475658.7629590000;2014-07-01;1900-01-08;9;Moncloa - Aravaca;91;1;Casa de Campo;CONTINENTE, CALLE, DEL;11;0309120031;-3.7347708170;40.4292328910
437646.1800430000;4475588.3364720000;2014-07-01;1900-01-08;9;Moncloa - Aravaca;91;1;Casa de Campo;CORDILLERA, CALLE, DE LA;29;0309120032;-3.7350963710;40.4285955900
437830.9443530000;4475356.9251370000;2014-07-01;1900-01-08;9;Moncloa - Aravaca;91;1;Casa de Campo;DOCTOR CASAL, CALLE, DEL;3;0309120034;-3.7328956410;40.4265251500
437836.1048740000;4475400.3961950000;2014-07-01;1900-01-08;9;Moncloa - Aravaca;91;1;Casa de Campo;DOCTOR CASAL, CALLE, DEL;4;0309120043;-3.7328391470;40.4269175680
438781.2649030000;4474784.9376000000;2014-07-01;1900-01-08;9;Moncloa - Aravaca;91;1;Casa de Campo;FLORIDA, PASEO, DE LA;13;0309120060;-3.7216383950;40.4214427270
438623.6525480000;4474996.6407460000;2014-07-01;1900-01-08;9;Moncloa - Aravaca;91;1;Casa de Campo;FLORIDA, PASEO, DE LA;18;0309120057;-3.7235165510;40.4233387590
438640.6980020000;4474941.5060660000;2014-07-01;1900-01-08;9;Moncloa - Aravaca;91;1;Casa de Campo;FLORIDA, PASEO, DE LA;37;0309120058;-3.7233103430;40.4228433800
438512.8210470000;4475081.5387750000;2014-07-01;1900-01-08;9;Moncloa - Aravaca;91;1;Casa de Campo;FLORIDA, PASEO, DE LA;53;0309120056;-3.7248311450;40.4240948920
438628.4981050000;4475405.3135900000;2014-07-01;1900-01-08;9;Moncloa - Aravaca;91;1;Casa de Campo;FRANCISCO Y JACINTO ALCANTARA, CALLE, DE;1;0309120038;-3.7234989040;40.4270208150
438641.5452430000;4475508.6385060000;2014-07-01;1900-01-08;9;Moncloa - Aravaca;91;1;Casa de Campo;FRANCISCO Y JACINTO ALCANTARA, CALLE, DE;S/N;0309120036;-3.7233550910;40.4279521580
438540.9636579970;4475687.0588306900;2014-07-01;1900-01-08;9;Moncloa - Aravaca;91;1;Casa de Campo;FRANCISCO Y JACINTO ALCANTARA, CALLE, DE;S/N;0309120942;-3.7245580160;40.4295520860
439298.4800444310;4474962.1835100900;2014-05-30;1900-01-08;9;Moncloa - Aravaca;91;1;Casa de Campo;IRUN, CALLE, DE;S/N;0309210062;-3.7155588540;40.4230776630
437676.0621980000;4475717.8258100000;2014-07-01;1900-01-08;9;Moncloa - Aravaca;91;1;Casa de Campo;LANZADA, CALLE, DE LA;31;0309120040;-3.7347568370;40.4297644240
437552.9561370000;4475773.3813660000;2014-07-01;1900-01-08;9;Moncloa - Aravaca;91;1;Casa de Campo;LANZADA, CALLE, DE LA;34;0309120029;-3.7362134670;40.4302557920
437810.6551960000;4475882.7877860000;2014-07-01;1900-01-08;9;Moncloa - Aravaca;91;1;Casa de Campo;LOECHES, CALLE, DE;7;0309120041;-3.7331863020;40.4312610470
438770.3276320000;4474928.3887820000;2014-07-01;1900-01-08;9;Moncloa - Aravaca;91;1;Casa de Campo;MAESTRO SOROZABAL, CALLE, DEL;S/N;0309120046;-3.7217810610;40.4227346900
438733.9219080000;4474877.1121270000;2014-07-01;1900-01-08;9;Moncloa - Aravaca;91;1;Casa de Campo;MAESTRO SOROZABAL, CALLE, DEL;S/N;0309120059;-3.7222052790;40.4222696770
437716.0453630000;4475552.2113320000;2014-07-01;1900-01-08;9;Moncloa - Aravaca;91;1;Casa de Campo;MANANTIAL, CALLE, DEL;2;0309120016;-3.7342692500;40.4282754780
437837.7934920000;4475451.5613420000;2014-07-01;1900-01-08;9;Moncloa - Aravaca;91;1;Casa de Campo;MELCHOR CANO, CALLE, DE;FRENTE 4;0309120042;-3.7328241930;40.4273779400
438585.4809750000;4476083.5870780000;2014-05-28;1900-01-08;9;Moncloa - Aravaca;91;1;Casa de Campo;MORET, PASEO, DE;7;0309210005;-3.7240715180;40.4331272850
438849.0622580980;4476226.8825961700;2014-05-28;1900-01-08;9;Moncloa - Aravaca;91;1;Casa de Campo;MORET, PASEO, DE;S/N;0309210001;-3.7209779470;40.4344376390
438755.7723154360;4476176.3634577800;2014-05-28;1900-01-08;9;Moncloa - Aravaca;91;1;Casa de Campo;MORET, PASEO, DE;S/N;0309210002;-3.7220729260;40.4339757780
438716.2234600000;4476154.0023030000;2014-05-28;1900-01-08;9;Moncloa - Aravaca;91;1;Casa de Campo;MORET, PASEO, DE;S/N;0309210003;-3.7225369070;40.4337709460
438639.0700740000;4476113.0073700000;2014-05-28;1900-01-08;9;Moncloa - Aravaca;91;1;Casa de Campo;MORET, PASEO, DE;S/N;0309210004;-3.7234425820;40.4333962310
438655.9898090000;4475051.8455730000;2014-07-01;1900-01-08;9;Moncloa - Aravaca;91;1;Casa de Campo;MOZART, CALLE, DE;15;0309120047;-3.7231407480;40.4238382070
438559.0530950000;4475156.2866850000;2014-07-01;1900-01-08;9;Moncloa - Aravaca;91;1;Casa de Campo;MOZART, CALLE, DE;25;0309120048;-3.7242935390;40.4247717840
438731.3265100000;4475045.1115660000;2014-07-01;1900-01-08;9;Moncloa - Aravaca;91;1;Casa de Campo;MOZART, CALLE, DE;28;0309120045;-3.7222520330;40.4237828590
438608.2905950000;4475185.4033730000;2014-07-01;1900-01-08;9;Moncloa - Aravaca;91;1;Casa de Campo;MOZART, CALLE, DE;44;0309120044;-3.7237158830;40.4250375790
438836.6649235250;4475518.6848586800;2014-07-01;1900-01-08;9;Moncloa - Aravaca;91;1;Casa de Campo;PINTOR ROSALES, PASEO, DEL;40 B;0309210010;-3.7210559830;40.4280564940
438526.9035690000;4475952.2528140000;2014-07-01;1900-01-08;9;Moncloa - Aravaca;91;1;Casa de Campo;PINTOR ROSALES, PASEO, DEL;80;0309210006;-3.7247493840;40.4319402880
438930.8846662810;4475389.9075458100;2014-07-01;1900-01-08;9;Moncloa - Aravaca;91;1;Casa de Campo;PINTOR ROSALES, PASEO, DEL;S/N;0309210011;-3.7199329290;40.4269033590
438982.1556642660;4475320.5760720700;2014-07-01;1900-01-08;9;Moncloa - Aravaca;91;1;Casa de Campo;PINTOR ROSALES, PASEO, DEL;S/N;0309210012;-3.7193218120;40.4262826740
439257.7648950000;4475061.0426850000;2014-07-01;2021-08-25;9;Moncloa - Aravaca;91;1;Casa de Campo;PROFESOR MARTIN ALMAGRO BASCH, CALLE, DEL;S/N;0309120102;-3.7160482750;40.4239651740
439241.7081030000;4474950.5548880000;2014-07-01;1900-01-08;9;Moncloa - Aravaca;91;1;Casa de Campo;PROFESOR MARTIN ALMAGRO BASCH, CALLE, DEL;S/N;0309120103;-3.7162269230;40.4229684570
439125.1256120000;4474933.0885580000;2014-07-01;1900-01-08;9;Moncloa - Aravaca;91;1;Casa de Campo;PROFESOR MARTIN ALMAGRO BASCH, CALLE, DEL;S/N;0309120104;-3.7175994440;40.4228031010
439006.4387430000;4475002.3225650000;2014-07-01;1900-01-08;9;Moncloa - Aravaca;91;1;Casa de Campo;PROFESOR MARTIN ALMAGRO BASCH, CALLE, DEL;S/N;0309120105;-3.7190050810;40.4234179420
438989.3626444430;4475091.5786026500;2014-07-01;1900-01-08;9;Moncloa - Aravaca;91;1;Casa de Campo;PROFESOR MARTIN ALMAGRO BASCH, CALLE, DEL;S/N;0309120106;-3.7192148980;40.4242207710
438999.9580631890;4475174.8347569700;2014-07-01;1900-01-08;9;Moncloa - Aravaca;91;1;Casa de Campo;PROFESOR MARTIN ALMAGRO BASCH, CALLE, DEL;S/N;0309120107;-3.7190980150;40.4249715170
439027.3223309330;4474827.7427387400;2016-10-10;1900-01-08;9;Moncloa - Aravaca;91;1;Casa de Campo;REY, PASEO, DEL;16;0309120108;-3.7187422080;40.4218471210
438873.3047950000;4475004.3376850000;2014-07-01;1900-01-08;9;Moncloa - Aravaca;91;1;Casa de Campo;REY, PASEO, DEL;28;0309120050;-3.7205745840;40.4234264790
438807.7614950000;4475059.6266850000;2014-07-01;1900-01-08;9;Moncloa - Aravaca;91;1;Casa de Campo;REY, PASEO, DEL;30;0309120051;-3.7213524890;40.4239192800
438647.5382260000;4475239.9151250000;2014-07-01;1900-01-08;9;Moncloa - Aravaca;91;1;Casa de Campo;REY, PASEO, DEL;36;0309120053;-3.7232584900;40.4255313540
438620.7064200000;4475288.7282890000;2014-07-01;1900-01-08;9;Moncloa - Aravaca;91;1;Casa de Campo;REY, PASEO, DEL;36;0309120054;-3.7235794610;40.4259698960
438774.1155110000;4475116.3798040000;2014-07-01;1900-01-08;9;Moncloa - Aravaca;91;1;Casa de Campo;REY, PASEO, DEL;S/N;0309120052;-3.7217545340;40.4244282390
438573.1529870000;4475347.4432200000;2014-07-01;1900-01-08;9;Moncloa - Aravaca;91;1;Casa de Campo;REY, PASEO, DEL;S/N;0309120055;-3.7241456580;40.4264950120
437970.8854300000;4475488.6591430000;2014-07-01;1900-01-08;9;Moncloa - Aravaca;91;1;Casa de Campo;RIBERA DEL MANZANARES, CALLE, DE LA;113;0309120071;-3.7312589870;40.4277227460
437885.9387410000;4475598.4374820000;2014-07-01;1900-01-08;9;Moncloa - Aravaca;91;1;Casa de Campo;RIBERA DEL MANZANARES, CALLE, DE LA;121;0309120070;-3.7322709450;40.4287053690
437791.3820630000;4475697.6237900000;2014-07-01;1900-01-08;9;Moncloa - Aravaca;91;1;Casa de Campo;RIBERA DEL MANZANARES, CALLE, DE LA;127;0309120069;-3.7333953740;40.4295912190
437683.1068090000;4475796.3846180000;2014-07-01;1900-01-08;9;Moncloa - Aravaca;91;1;Casa de Campo;RIBERA DEL MANZANARES, CALLE, DE LA;147;0309120068;-3.7346814930;40.4304727140
438444.9909320000;4474987.8023630000;2014-07-01;1900-01-08;9;Moncloa - Aravaca;91;1;Casa de Campo;RIBERA DEL MANZANARES, CALLE, DE LA;21;0309120076;-3.7256216550;40.4232456540
438384.1431079330;4475075.0330419500;2014-07-01;1900-01-08;9;Moncloa - Aravaca;91;1;Casa de Campo;RIBERA DEL MANZANARES, CALLE, DE LA;61;0309120075;-3.7263473630;40.4240268240
438512.3309990000;4474933.0885580000;2014-07-01;1900-01-08;9;Moncloa - Aravaca;91;1;Casa de Campo;RIBERA DEL MANZANARES, CALLE, DE LA;7;0309120077;-3.7248226650;40.4227580090
438239.0218258820;4475202.3966692800;2014-07-01;1900-01-08;9;Moncloa - Aravaca;91;1;Casa de Campo;RIBERA DEL MANZANARES, CALLE, DE LA;75;0309120074;-3.7280703620;40.4251631720
438087.4679220000;4475380.9150360000;2014-07-01;1900-01-08;9;Moncloa - Aravaca;91;1;Casa de Campo;RIBERA DEL MANZANARES, CALLE, DE LA;99;0309120072;-3.7298741480;40.4267601770
438178.7923580000;4475290.4239750000;2014-07-01;1900-01-08;9;Moncloa - Aravaca;91;1;Casa de Campo;RIBERA DEL MANZANARES, CALLE, DE LA;S/N;0309120073;-3.7287888510;40.4259523640
437620.2667420000;4475967.8484340000;2014-07-01;1900-01-08;9;Moncloa - Aravaca;91;1;Casa de Campo;RIBERA DEL MANZANARES, CALLE, DE LA;S/N;0309120095;-3.7354390000;40.4320131110
438713.3045030000;4475351.2310990000;2014-07-01;1900-01-08;9;Moncloa - Aravaca;91;1;Casa de Campo;ROSALEDA, CALLE, DE LA;1;0309120078;-3.7224939930;40.4265394160
438815.9818950000;4475190.1306850000;2014-07-01;1900-01-08;9;Moncloa - Aravaca;91;1;Casa de Campo;ROSALEDA, CALLE, DE LA;2;0309120080;-3.7212681500;40.4250957340
438907.3225820000;4475057.4572450000;2014-07-01;1900-01-08;9;Moncloa - Aravaca;91;1;Casa de Campo;ROSALEDA, CALLE, DE LA;3;0309120082;-3.7201786700;40.4239073630
438682.8808708780;4475453.4025183500;2014-07-01;1900-01-08;9;Moncloa - Aravaca;91;1;Casa de Campo;ROSALEDA, CALLE, DE LA;S/N;0309120037;-3.7228625190;40.4274576380
438783.5852080000;4475245.3781200000;2014-07-01;1900-01-08;9;Moncloa - Aravaca;91;1;Casa de Campo;ROSALEDA, CALLE, DE LA;S/N;0309120079;-3.7216553550;40.4255911710
438845.6643320000;4475115.7484910000;2014-07-01;1900-01-08;9;Moncloa - Aravaca;91;1;Casa de Campo;ROSALEDA, CALLE, DE LA;S/N;0309120081;-3.7209110250;40.4244274940
438923.3158480000;4474972.2299720000;2014-07-01;1900-01-08;9;Moncloa - Aravaca;91;1;Casa de Campo;ROSALEDA, CALLE, DE LA;S/N;0309120083;-3.7199820310;40.4231409740
438829.3104840000;4476312.2271260000;2014-07-01;1900-01-08;9;Moncloa - Aravaca;91;1;Casa de Campo;RUPERTO CHAPI, PASEO, DE;S/N;0309120084;-3.7212190470;40.4352048300
438765.1424410000;4476277.7211470000;2014-07-01;1900-01-08;9;Moncloa - Aravaca;91;1;Casa de Campo;RUPERTO CHAPI, PASEO, DE;S/N;0309120085;-3.7219722000;40.4348894740
438653.9161890000;4476236.6157930000;2014-07-01;1900-01-08;9;Moncloa - Aravaca;91;1;Casa de Campo;RUPERTO CHAPI, PASEO, DE;S/N;0309120086;-3.7232795180;40.4345111500
438581.8466180000;4476216.7276040000;2014-07-01;1900-01-08;9;Moncloa - Aravaca;91;1;Casa de Campo;RUPERTO CHAPI, PASEO, DE;S/N;0309120087;-3.7241272090;40.4343269440
438513.3289700000;4476183.0752060000;2014-07-01;1900-01-08;9;Moncloa - Aravaca;91;1;Casa de Campo;RUPERTO CHAPI, PASEO, DE;S/N;0309120088;-3.7249317560;40.4340183490
438423.1788890000;4476124.7062400000;2014-07-01;1900-01-08;9;Moncloa - Aravaca;91;1;Casa de Campo;RUPERTO CHAPI, PASEO, DE;S/N;0309120089;-3.7259889780;40.4334856130
438361.6934150000;4476083.9510240000;2014-07-01;1900-01-08;9;Moncloa - Aravaca;91;1;Casa de Campo;RUPERTO CHAPI, PASEO, DE;S/N;0309120090;-3.7267097590;40.4331136490
438417.9975410000;4475283.6206860000;2014-07-01;1900-01-08;9;Moncloa - Aravaca;91;1;Casa de Campo;SAN ANTONIO DE LA FLORIDA, GLORIETA, DE;8;0309120039;-3.7259685230;40.4259088760
438307.3697990000;4475072.6209450000;2014-07-01;2024-11-29;9;Moncloa - Aravaca;91;1;Casa de Campo;SAN POL DE MAR, CALLE, DE;1 A;0309120092;-3.7272520640;40.4239993220
438270.1169290000;4475028.4721920000;2014-07-01;1900-01-08;9;Moncloa - Aravaca;91;1;Casa de Campo;SAN POL DE MAR, CALLE, DE;10;0309120091;-3.7276869390;40.4235995130
438291.8684741830;4475091.6256588500;2024-11-29;1900-01-08;9;Moncloa - Aravaca;91;1;Casa de Campo;SAN POL DE MAR, CALLE, DE;6;0309120092;-3.7274366130;40.4241692620
437880.6076520000;4475560.6288400000;2014-07-01;1900-01-08;9;Moncloa - Aravaca;91;1;Casa de Campo;SANTA COLOMA, CALLE, DE;6;0309120093;-3.7323302460;40.4283636570
437737.5963430000;4475499.0353410000;2014-07-01;1900-01-08;9;Moncloa - Aravaca;91;1;Casa de Campo;SANTA COMBA, CALLE, DE;FRENTE 10;0309120094;-3.7340100430;40.4277984910
437578.3742690000;4475868.5380330000;2014-07-01;1900-01-08;9;Moncloa - Aravaca;91;1;Casa de Campo;SANTA FE, CALLE, DE;8;0309120096;-3.7359231500;40.4311148850
438099.8945380000;4475297.4683900000;2014-07-01;1900-01-08;9;Moncloa - Aravaca;91;1;Casa de Campo;SANTA OLALLA, CALLE, DE;FRENTE 3;0309120100;-3.7297195060;40.4260093730
437551.6347760000;4475907.6611160000;2014-07-01;1900-01-08;9;Moncloa - Aravaca;91;1;Casa de Campo;SANTA POLA, CALLE, DE;8;0309120098;-3.7362422300;40.4314653060
437514.9048170000;4475973.1597490000;2014-07-01;1900-01-08;9;Moncloa - Aravaca;91;1;Casa de Campo;SANTA POLA, CALLE, DE;FRENTE 20;0309120097;-3.7366816880;40.4320531610
437989.1935110000;4475393.5412980000;2014-07-01;1900-01-08;9;Moncloa - Aravaca;91;1;Casa de Campo;SANTOVENIA, CALLE, DE;17;0309120099;-3.7310338710;40.4268667470
437802.7987690000;4476182.7420430000;2014-07-01;1900-01-08;9;Moncloa - Aravaca;91;1;Casa de Campo;SENDA DEL REY, CALLE, DE LA;S/N;0309120101;-3.7333082850;40.4339621990
438279.6191350000;4475359.9090360000;2014-07-01;1900-01-08;9;Moncloa - Aravaca;91;1;Casa de Campo;VALLADOLID, AVENIDA, DE;15;0309120025;-3.7276070680;40.4265852530
438208.5723309330;4475456.6594054000;2014-07-01;1900-01-08;9;Moncloa - Aravaca;91;1;Casa de Campo;VALLADOLID, AVENIDA, DE;31;0309120024;-3.7284539570;40.4274515080
438036.4741460000;4475680.2831230000;2014-07-01;2016-11-19;9;Moncloa - Aravaca;91;1;Casa de Campo;VALLADOLID, AVENIDA, DE;47;0309120022;-3.7305044580;40.4294538810
438056.7440160000;4475605.2416350000;2014-07-01;1900-01-08;9;Moncloa - Aravaca;91;1;Casa de Campo;VALLADOLID, AVENIDA, DE;47 A;0309120028;-3.7302581440;40.4287793950
437963.5201100000;4475690.6793450000;2014-07-01;1900-01-08;9;Moncloa - Aravaca;91;1;Casa de Campo;VALLADOLID, AVENIDA, DE;47 H;0309120027;-3.7313654990;40.4295420020
438331.6645360000;4475300.7382320000;2014-07-01;1900-01-08;9;Moncloa - Aravaca;91;1;Casa de Campo;VALLADOLID, AVENIDA, DE;5;0309120026;-3.7269878730;40.4260566420
437960.1531070000;4475787.0598170000;2014-07-01;1900-01-08;9;Moncloa - Aravaca;91;1;Casa de Campo;VALLADOLID, AVENIDA, DE;55;0309120021;-3.7314145450;40.4304092880
437861.9245160000;4475960.3571480000;2014-07-01;1900-01-08;9;Moncloa - Aravaca;91;1;Casa de Campo;VALLADOLID, AVENIDA, DE;71;0309120020;-3.7325895090;40.4319638370
437801.9034690000;4476045.0785890000;2014-07-01;1900-01-08;9;Moncloa - Aravaca;91;1;Casa de Campo;VALLADOLID, AVENIDA, DE;81;0309120019;-3.7333053630;40.4327222610
437819.9100740000;4476110.4053480000;2014-07-01;1900-01-08;9;Moncloa - Aravaca;91;1;Casa de Campo;VALLADOLID, AVENIDA, DE;83;0309120017;-3.7330994990;40.4333120070
437832.3042060000;4476052.2949260000;2014-07-01;1900-01-08;9;Moncloa - Aravaca;91;1;Casa de Campo;VALLADOLID, AVENIDA, DE;S/N;0309120018;-3.7329476650;40.4327896980
438162.5941840000;4475517.9099850000;2014-07-01;1900-01-08;9;Moncloa - Aravaca;91;1;Casa de Campo;VALLADOLID, AVENIDA, DE;S/N;0309120023;-3.7290018770;40.4279998860
439040.9501690000;4475847.1609860000;2014-05-29;1900-01-08;9;Moncloa - Aravaca;92;2;Argüelles;ALTAMIRANO, CALLE, DE;20;0309210040;-3.7186792970;40.4310311190
438830.6209600000;4475735.3707980000;2014-05-28;1900-01-08;9;Moncloa - Aravaca;92;2;Argüelles;ALTAMIRANO, CALLE, DE;46;0309210018;-3.7211481150;40.4300084470
439126.9454440000;4475893.2144480000;2014-05-29;1900-01-08;9;Moncloa - Aravaca;92;2;Argüelles;ALTAMIRANO, CALLE, DE;6;0309210041;-3.7176699170;40.4314525290
439261.1752880000;4474766.6996430000;2014-05-30;1900-01-08;9;Moncloa - Aravaca;92;2;Argüelles;ARRIAZA, CALLE, DE;10;0309210070;-3.7159799780;40.4213142700
439047.2692090000;4475946.4568220000;2014-05-29;1900-01-08;9;Moncloa - Aravaca;92;2;Argüelles;BENITO GUTIERREZ, CALLE, DE;10;0309210039;-3.7186143240;40.4319264230
438864.8962640000;4475848.7735180000;2014-05-29;1900-01-08;9;Moncloa - Aravaca;92;2;Argüelles;BENITO GUTIERREZ, CALLE, DE;24;0309210026;-3.7207548370;40.4310328950
438919.1412014560;4475499.3735927300;2014-07-01;1900-01-08;9;Moncloa - Aravaca;92;2;Argüelles;BUEN SUCESO, CALLE, DEL;34;0309210056;-3.7200818980;40.4278894770
439344.1556642660;4474845.0760720700;2014-05-30;1900-01-08;9;Moncloa - Aravaca;92;2;Argüelles;CADARSO, CALLE, DE;11;0309210069;-3.7150093310;40.4220256550
439076.1884350000;4474859.8111820000;2014-05-30;1900-01-08;9;Moncloa - Aravaca;92;2;Argüelles;EDUARDO BENOT, CALLE, DE;2;0309210065;-3.7181693070;40.4221391000
439386.1371930000;4474929.9415180000;2014-05-30;2021-08-26;9;Moncloa - Aravaca;92;2;Argüelles;ESPAÑA, PLAZA, DE;14;0309210066;-3.7145226030;40.4227933040
439469.2433420000;4475005.3423350000;2014-05-29;2021-03-08;9;Moncloa - Aravaca;92;2;Argüelles;ESPAÑA, PLAZA, DE;15;0309210033;-3.7135501790;40.4234791340
439116.4640860000;4474800.5462510000;2014-05-30;1900-01-08;9;Moncloa - Aravaca;92;2;Argüelles;ESTANISLAO FIGUERAS, CALLE, DE;3;0309210068;-3.7176888820;40.4216079110
439310.9800444310;4475368.6917745500;2014-05-30;1900-01-08;9;Moncloa - Aravaca;92;2;Argüelles;EVARISTO SAN MIGUEL, CALLE, DE;7 A;0309210060;-3.7154502790;40.4267409260
439102.9656850000;4475359.2544950000;2014-05-29;1900-01-08;9;Moncloa - Aravaca;92;2;Argüelles;FERRAZ, CALLE, DE;13;0309210021;-3.7179015070;40.4266404290
439013.9923590000;4475482.4956560000;2014-05-29;1900-01-08;9;Moncloa - Aravaca;92;2;Argüelles;FERRAZ, CALLE, DE;27;0309210020;-3.7189621090;40.4277437740
438936.5908390000;4475587.5405770000;2014-05-28;1900-01-08;9;Moncloa - Aravaca;92;2;Argüelles;FERRAZ, CALLE, DE;39;0309210019;-3.7198846280;40.4286842260
439164.4924411260;4475277.1628489300;2014-05-29;1900-01-08;9;Moncloa - Aravaca;92;2;Argüelles;FERRAZ, CALLE, DE;7;0309210022;-3.7171683500;40.4259050950
439358.5007055880;4475036.2537580200;2014-05-30;2020-07-14;9;Moncloa - Aravaca;92;2;Argüelles;FERRAZ, CALLE, DE;8;0309210061;-3.7148584710;40.4237494560
438799.8766840000;4475797.6332280000;2014-05-28;1900-01-08;9;Moncloa - Aravaca;92;2;Argüelles;FERRAZ, CALLE, DE;92;0309210017;-3.7215165270;40.4305673100
438738.3701180000;4475863.1711220000;2014-05-28;1900-01-08;9;Moncloa - Aravaca;92;2;Argüelles;FERRAZ, CALLE, DE;FRENTE 100;0309210016;-3.7222478500;40.4311531590
438778.9765270000;4475981.2487870000;2014-05-29;1900-01-08;9;Moncloa - Aravaca;92;2;Argüelles;FRANCISCO LOZANO, CALLE, DE;16;0309210024;-3.7217805460;40.4322198340
438698.3639750000;4475937.4243660000;2014-05-28;1900-01-08;9;Moncloa - Aravaca;92;2;Argüelles;FRANCISCO LOZANO, CALLE, DE;24;0309210015;-3.7227267280;40.4318191080
439202.4578940000;4474761.0357020000;2014-05-30;1900-01-08;9;Moncloa - Aravaca;92;2;Argüelles;ILUSTRACION, CALLE, DE LA;6;0309210067;-3.7166714810;40.4212584070
439218.7792950000;4474826.8056850000;2014-05-30;2020-07-14;9;Moncloa - Aravaca;92;2;Argüelles;IRUN, CALLE, DE;13;0309210064;-3.7164853840;40.4218523350
439045.8973998030;4474925.9231795100;2014-05-30;1900-01-08;9;Moncloa - Aravaca;92;2;Argüelles;IRUN, CALLE, DE;25;0309210063;-3.7185326770;40.4227322260
439543.4180609600;4475119.1049976900;2014-05-30;2020-07-14;9;Moncloa - Aravaca;92;2;Argüelles;JOSE MORENO VILLA, PLAZA, DE;4;0309210071;-3.7126866740;40.4245093120
439391.0890890000;4475098.9359690000;2014-05-29;1900-01-08;9;Moncloa - Aravaca;92;2;Argüelles;JUAN ALVAREZ MENDIZABAL, CALLE, DE;11;0309210032;-3.7144803190;40.4243159390
439282.1577303820;4475271.5843365300;2014-05-29;1900-01-08;9;Moncloa - Aravaca;92;2;Argüelles;JUAN ALVAREZ MENDIZABAL, CALLE, DE;36;0309210031;-3.7157807610;40.4258636700
439125.8744270000;4475492.3052790000;2014-05-29;1900-01-08;9;Moncloa - Aravaca;92;2;Argüelles;JUAN ALVAREZ MENDIZABAL, CALLE, DE;52;0309210029;-3.7176441920;40.4278404320
439035.0088120000;4475607.8002570000;2014-05-29;1900-01-08;9;Moncloa - Aravaca;92;2;Argüelles;JUAN ALVAREZ MENDIZABAL, CALLE, DE;65 A;0309210028;-3.7187263940;40.4288743910
438929.2192650000;4475774.1335280000;2014-05-29;1900-01-08;9;Moncloa - Aravaca;92;2;Argüelles;JUAN ALVAREZ MENDIZABAL, CALLE, DE;76;0309210027;-3.7199894800;40.4303652850
438632.8644750000;4476004.0948720000;2014-05-28;1900-01-08;9;Moncloa - Aravaca;92;2;Argüelles;LISBOA, CALLE, DE;2;0309210014;-3.7235052630;40.4324151560
439356.4345898860;4475268.7950803400;2014-05-29;1900-01-08;9;Moncloa - Aravaca;92;2;Argüelles;LUISA FERNANDA, CALLE, DE;15;0309210037;-3.7149049950;40.4258440170
439409.0526650000;4475346.3009850000;2014-05-30;1900-01-08;9;Moncloa - Aravaca;92;2;Argüelles;LUISA FERNANDA, CALLE, DE;3;0309210045;-3.7142921020;40.4265457760
438779.7145430000;4475628.3145920000;2014-07-01;1900-01-08;9;Moncloa - Aravaca;92;2;Argüelles;MARQUES DE URQUIJO, CALLE, DEL;48;0309210009;-3.7217378030;40.4290404340
439175.9700750000;4475786.7816060000;2014-07-01;1900-01-08;9;Moncloa - Aravaca;92;2;Argüelles;MARQUES DE URQUIJO, CALLE, DEL;6;0309210049;-3.7170818340;40.4304967210
439430.1556642660;4475160.4510720700;2014-05-29;1900-01-08;9;Moncloa - Aravaca;92;2;Argüelles;MARTIN DE LOS HEROS, CALLE, DE;15;0309210038;-3.7140256190;40.4248736560
439132.9841766630;4475617.5554109200;2014-05-29;1900-01-08;9;Moncloa - Aravaca;92;2;Argüelles;MARTIN DE LOS HEROS, CALLE, DE;61;0309210036;-3.7175722850;40.4289689290
439004.4717799690;4475808.5678076100;2014-05-29;1900-01-08;9;Moncloa - Aravaca;92;2;Argüelles;MARTIN DE LOS HEROS, CALLE, DE;79;0309210035;-3.7191055780;40.4306810990
438944.5073730000;4475918.6591170000;2014-05-29;1900-01-08;9;Moncloa - Aravaca;92;2;Argüelles;MARTIN DE LOS HEROS, CALLE, DE;80;0309210034;-3.7198231500;40.4316677320
439129.7436070000;4475224.5453690000;2014-07-01;1900-01-08;9;Moncloa - Aravaca;92;2;Argüelles;PINTOR ROSALES, PASEO, DEL;6;0309210013;-3.7175729160;40.4254286800
438697.4754270000;4475739.5792770000;2014-07-01;1900-01-08;9;Moncloa - Aravaca;92;2;Argüelles;PINTOR ROSALES, PASEO, DEL;60;0309210008;-3.7227180770;40.4300366930
438618.8700030000;4475854.1294270000;2014-05-28;1900-01-08;9;Moncloa - Aravaca;92;2;Argüelles;PINTOR ROSALES, PASEO, DEL;66;0309210007;-3.7236557220;40.4310625740
439200.0296312080;4475860.2207001700;2014-05-30;1900-01-08;9;Moncloa - Aravaca;92;2;Argüelles;PRINCESA, CALLE, DE LA;61;0309210047;-3.7168052090;40.4311599770
439324.6350680000;4475586.1584070000;2014-07-01;1900-01-08;9;Moncloa - Aravaca;92;2;Argüelles;QUINTANA, CALLE, DE;1;0309210048;-3.7153101330;40.4287003840
439063.9232500000;4475440.8577850000;2014-05-29;1900-01-08;9;Moncloa - Aravaca;92;2;Argüelles;QUINTANA, CALLE, DE;19;0309210023;-3.7183695560;40.4273723250
438980.5515240000;4475393.9215950000;2014-07-01;1900-01-08;9;Moncloa - Aravaca;92;2;Argüelles;QUINTANA, CALLE, DE;31;0309210057;-3.7193478820;40.4269432940
439225.9250930000;4475547.8031890000;2014-05-30;1900-01-08;9;Moncloa - Aravaca;92;2;Argüelles;QUINTANA, CALLE, DE;8;0309210058;-3.7164701440;40.4283481870
439190.6797580000;4475381.0213410000;2014-05-29;1900-01-08;9;Moncloa - Aravaca;92;2;Argüelles;REY FRANCISCO, CALLE, DEL;19;0309210030;-3.7168696100;40.4268425680
439082.0544245970;4475308.0512786800;2014-05-30;1900-01-08;9;Moncloa - Aravaca;92;2;Argüelles;REY FRANCISCO, CALLE, DEL;29;0309210059;-3.7181431230;40.4261778800
438819.5073730000;4475924.2186580000;2014-05-29;1900-01-08;9;Moncloa - Aravaca;92;2;Argüelles;ROMERO ROBLEDO, CALLE, DE;16;0309210025;-3.7212972560;40.4317091000
439316.5724100000;4475493.2074740000;2014-05-29;1900-01-08;9;Moncloa - Aravaca;92;2;Argüelles;TUTOR, CALLE, DEL;22;0309210044;-3.7153963060;40.4278624900
439212.5296312080;4475661.8735927300;2014-05-29;1900-01-08;9;Moncloa - Aravaca;92;2;Argüelles;TUTOR, CALLE, DEL;36;0309210043;-3.7166388800;40.4293748700
439112.1164080680;4475811.8735927300;2014-05-29;1900-01-08;9;Moncloa - Aravaca;92;2;Argüelles;TUTOR, CALLE, DEL;48;0309210042;-3.7178369920;40.4307187420
439467.4056642660;4475243.8260720700;2020-10-27;1900-01-08;9;Moncloa - Aravaca;92;2;Argüelles;VENTURA RODRIGUEZ, CALLE, DE;5;0309210046;-3.7135944690;40.4256267520
439461.0038550000;4475252.8175630000;2014-05-30;2020-07-14;9;Moncloa - Aravaca;92;2;Argüelles;VENTURA RODRIGUEZ, CALLE, DE;FRENTE 5;0309210046;-3.7136708440;40.4257071950
439295.1174150000;4478503.4714350000;2014-07-01;1900-01-08;9;Moncloa - Aravaca;93;3;Ciudad Universitaria;AJALVIR, CALLE, DE;2;0109330979;-3.7159367770;40.4549790360
439422.0012085140;4477874.0753551500;2025-11-18;1900-01-08;9;Moncloa - Aravaca;93;3;Ciudad Universitaria;ALMANSA, CALLE, DE;102;0109330963;-3.7143804520;40.4493185570
439400.1834420440;4477870.8538498500;2014-07-01;2025-11-18;9;Moncloa - Aravaca;93;3;Ciudad Universitaria;ALMANSA, CALLE, DE;104;0109330963;-3.7146374810;40.4492876740
439322.6763424710;4477845.8745224600;2015-10-07;1900-01-08;9;Moncloa - Aravaca;93;3;Ciudad Universitaria;ALMANSA, CALLE, DE;105;0109330992;-3.7155490000;40.4490564860
439713.0601813560;4477909.6318088500;2014-07-01;1900-01-08;9;Moncloa - Aravaca;93;3;Ciudad Universitaria;ALMANSA, CALLE, DE;78;0109330960;-3.7109517010;40.4496594090
439721.5975650000;4477889.5361800000;2014-07-01;1900-01-08;9;Moncloa - Aravaca;93;3;Ciudad Universitaria;ALMANSA, CALLE, DE;79;0109330961;-3.7108491410;40.4494791570
439600.9612198220;4477877.5760720700;2014-07-01;1900-01-08;9;Moncloa - Aravaca;93;3;Ciudad Universitaria;ALMANSA, CALLE, DE;91;0109330962;-3.7122705350;40.4493630750
439670.0167753770;4478039.1316276300;2014-07-01;1900-01-08;9;Moncloa - Aravaca;93;3;Ciudad Universitaria;ALMANSA, TRAVESIA, DE;S/N;0109330967;-3.7114716600;40.4508229720
439556.6834420440;4477787.1871831800;2014-07-01;1900-01-08;9;Moncloa - Aravaca;93;3;Ciudad Universitaria;ARAVACA, CALLE, DE;20;0109330957;-3.7127840200;40.4485452930
439504.4056642660;4478493.0205165200;2014-07-01;1900-01-08;9;Moncloa - Aravaca;93;3;Ciudad Universitaria;ARQUITECTO SÁNCHEZ ARCAS, CALLE, DEL;13;0109330975;-3.7134677880;40.4548997380
439277.5306642660;4478313.0760720700;2014-07-01;1900-01-08;9;Moncloa - Aravaca;93;3;Ciudad Universitaria;ARQUITECTO SÁNCHEZ ARCAS, CALLE, DEL;S/N;0109330977;-3.7161260250;40.4532619960
439413.6834420440;4478413.2427387400;2014-07-01;1900-01-08;9;Moncloa - Aravaca;93;3;Ciudad Universitaria;ARQUITECTO SÁNCHEZ ARCAS, CALLE, DEL;S/N;0109330978;-3.7145299940;40.4541743170
439393.6525778460;4477739.5637263900;2014-07-01;1900-01-08;9;Moncloa - Aravaca;93;3;Ciudad Universitaria;BEATRIZ DE BOBADILLA, CALLE, DE;12;0109330956;-3.7147019960;40.4481044020
439288.9056642660;4477770.5760720700;2014-07-01;1900-01-08;9;Moncloa - Aravaca;93;3;Ciudad Universitaria;BEATRIZ DE BOBADILLA, CALLE, DE;13;0109330955;-3.7159399860;40.4483760980
439445.9145415860;4477586.2297898700;2014-07-01;1900-01-08;9;Moncloa - Aravaca;93;3;Ciudad Universitaria;CONDE DE LA CIMERA, CALLE, DEL;1;0109330951;-3.7140710550;40.4467266670
439359.7019605620;4477548.2797757800;2014-07-01;1900-01-08;9;Moncloa - Aravaca;93;3;Ciudad Universitaria;CONDE DE LA CIMERA, CALLE, DEL;5;0109330952;-3.7150839870;40.4463783090
439480.0167753770;4478658.2427387400;2014-07-01;1900-01-08;9;Moncloa - Aravaca;93;3;Ciudad Universitaria;DOCTOR FEDERICO RUBIO Y GALI, AVENIDA, DEL;106;0109330972;-3.7137711110;40.4563866210
439511.8830433610;4478304.0439489700;2014-07-01;1900-01-08;9;Moncloa - Aravaca;93;3;Ciudad Universitaria;DOCTOR FEDERICO RUBIO Y GALI, AVENIDA, DEL;S/N;0109330969;-3.7133616190;40.4531983400
439544.7389975990;4478794.1871831800;2014-07-01;1900-01-08;9;Moncloa - Aravaca;93;3;Ciudad Universitaria;DOCTOR FEDERICO RUBIO Y GALI, AVENIDA, DEL;S/N;0109330973;-3.7130208230;40.4576155580
439255.8479390000;4477887.4211190000;2014-07-01;2015-10-07;9;Moncloa - Aravaca;93;3;Ciudad Universitaria;ELIAS AHUJA Y ADRIAN, GLORIETA, DE;S/N;0109330964;-3.7163410560;40.4494260430
439657.5167753770;4477655.3538498500;2014-07-01;1900-01-08;9;Moncloa - Aravaca;93;3;Ciudad Universitaria;EXPLANADA, CALLE, DE LA;1;0109330949;-3.7115825850;40.4473645410
439400.1278864880;4478521.5760720700;2014-07-01;1900-01-08;9;Moncloa - Aravaca;93;3;Ciudad Universitaria;FRANCISCO DE DIEGO, CALLE, DE;1;0109330971;-3.7147002770;40.4551497770
439349.6031951300;4478638.3044671300;2014-07-01;1900-01-08;9;Moncloa - Aravaca;93;3;Ciudad Universitaria;FRANCISCO DE DIEGO, CALLE, DE;10;0109330983;-3.7153072110;40.4561971440
439494.2945531550;4478798.3538498500;2014-07-01;1900-01-08;9;Moncloa - Aravaca;93;3;Ciudad Universitaria;FRANCOS RODRIGUEZ, CALLE, DE;73;0109330989;-3.7136160690;40.4576499930
439727.0931350000;4477667.5333750000;2014-07-01;1900-01-08;9;Moncloa - Aravaca;93;3;Ciudad Universitaria;JUAN MONTALVO, CALLE, DE;11;0109330948;-3.7107632550;40.4474799920
439872.6556642660;4477709.5760720700;2014-07-01;1900-01-08;9;Moncloa - Aravaca;93;3;Ciudad Universitaria;JUAN MONTALVO, CALLE, DE;2;0109330947;-3.7090507990;40.4478693740
439580.3223309330;4477620.2427387400;2014-07-01;1900-01-08;9;Moncloa - Aravaca;93;3;Ciudad Universitaria;JUAN MONTALVO, CALLE, DE;30;0109330950;-3.7124894620;40.4470428260
439488.0167753770;4478016.4094054000;2014-07-01;1900-01-08;9;Moncloa - Aravaca;93;3;Ciudad Universitaria;JUAN XXIII, PASEO, DE;21;0109330966;-3.7136155530;40.4506049610
439211.5167753770;4477750.6316276300;2015-10-07;1900-01-08;9;Moncloa - Aravaca;93;3;Ciudad Universitaria;JUAN XXIII, PASEO, DE;24;0109330993;-3.7168506450;40.4481905170
439235.4729390000;4477798.1711190000;2014-07-01;2015-10-07;9;Moncloa - Aravaca;93;3;Ciudad Universitaria;JUAN XXIII, PASEO, DE;26;0109330954;-3.7165727610;40.4486206370
439372.7389975990;4477952.6871831800;2014-07-01;1900-01-08;9;Moncloa - Aravaca;93;3;Ciudad Universitaria;JUAN XXIII, PASEO, DE;40;0109330965;-3.7149688800;40.4500227220
439439.3519240000;4478834.5858210000;2014-07-01;1900-01-08;9;Moncloa - Aravaca;93;3;Ciudad Universitaria;MARIA AUXILIADORA, CALLE, DE;S/N;0109330988;-3.7142675220;40.4579724540
439745.2722138710;4477970.0475382700;2014-07-01;1900-01-08;9;Moncloa - Aravaca;93;3;Ciudad Universitaria;OLIMPIADA, CALLE, DE LA;1;0109330968;-3.7105776170;40.4502057820
439824.0925590000;4477811.7142650000;2014-07-01;2015-05-18;9;Moncloa - Aravaca;93;3;Ciudad Universitaria;PABLO IGLESIAS, AVENIDA, DE;33;0406120313;-3.7096331530;40.4487857060
439612.7389975990;4478686.2427387400;2014-07-01;1900-01-08;9;Moncloa - Aravaca;93;3;Ciudad Universitaria;PABLO IGLESIAS, AVENIDA, DE;89;0109330974;-3.7122085980;40.4566483480
439210.2389975990;4478629.3538498500;2014-07-01;1900-01-08;9;Moncloa - Aravaca;93;3;Ciudad Universitaria;PIRINEOS, CALLE, DE LOS;23;0109330985;-3.7169498810;40.4561069610
439110.1074150000;4478451.5514350000;2014-07-01;1900-01-08;9;Moncloa - Aravaca;93;3;Ciudad Universitaria;PIRINEOS, CALLE, DE LOS;43;0109330986;-3.7181136730;40.4544970640
439252.2945531550;4478775.9094054000;2014-07-01;1900-01-08;9;Moncloa - Aravaca;93;3;Ciudad Universitaria;PIRINEOS, CALLE, DE LOS;5;0109330984;-3.7164679090;40.4574298630
439272.0167753770;4478836.9094054000;2014-07-01;1900-01-08;9;Moncloa - Aravaca;93;3;Ciudad Universitaria;PIRINEOS, CALLE, DE LOS;S/N;0109330987;-3.7162411330;40.4579805330
439163.7760346370;4477649.9340967600;2014-07-01;1900-01-08;9;Moncloa - Aravaca;93;3;Ciudad Universitaria;SANTIAGO RUSIÑOL, CALLE, DE;13;0109330953;-3.7174039500;40.4472806030
439217.2945531550;4478407.2982942900;2014-07-01;1900-01-08;9;Moncloa - Aravaca;93;3;Ciudad Universitaria;TREMP, CALLE, DE;9;0109330980;-3.7168454310;40.4541069370
439303.0774150000;4478457.7114350000;2014-07-01;2015-10-08;9;Moncloa - Aravaca;93;3;Ciudad Universitaria;VALLE DE ARAN, CALLE, DEL;7;0109330982;-3.7158386300;40.4545672510
439151.3882710000;4478331.5289240000;2014-07-01;2015-10-07;9;Moncloa - Aravaca;93;3;Ciudad Universitaria;VALLE DE ARAN, CALLE, DEL;S/N;0109330981;-3.7176153150;40.4534193300
439248.6278864880;4478405.4649609600;2015-10-07;1900-01-08;9;Moncloa - Aravaca;93;3;Ciudad Universitaria;VALLE DE ARAN, CALLE, DEL;S/N;0109330994;-3.7164757010;40.4540923840
439346.6896148830;4478404.2057017000;2014-07-01;1900-01-08;9;Moncloa - Aravaca;93;3;Ciudad Universitaria;VALLS FERRERA, CALLE, DE;S/N;0109330976;-3.7153191860;40.4540886590
439693.2945531550;4477816.4649609600;2014-07-01;1900-01-08;9;Moncloa - Aravaca;93;3;Ciudad Universitaria;VASCOS, CALLE, DE LOS;24;0109330958;-3.7111758990;40.4488185940
439829.3703370000;4477799.2698210000;2015-05-18;1900-01-08;9;Moncloa - Aravaca;93;3;Ciudad Universitaria;VIVERO, CALLE, DEL;1;0109330991;-3.7095697840;40.4486736350
439737.7493523030;4479254.1623245500;2020-01-01;1900-01-08;9;Moncloa - Aravaca;94;4;Valdezarza;AGUILAFUENTE, CALLE, DE;1;0109431143;-3.7107881790;40.4617730550
439812.6834420440;4479416.4094054000;2022-12-19;1900-01-08;9;Moncloa - Aravaca;94;4;Valdezarza;AGUILAFUENTE, CALLE, DE;73;0109431177;-3.7099198040;40.4632404570
439804.4530566910;4479328.5625880300;2020-01-01;1900-01-08;9;Moncloa - Aravaca;94;4;Valdezarza;AGUILAFUENTE, CALLE, DE;S/N;0109431146;-3.7100086120;40.4624485720
439006.9056642660;4479440.3260720700;2025-01-28;2025-02-05;9;Moncloa - Aravaca;94;4;Valdezarza;AGUILAR DE CAMPOO, CALLE, DE;11;;-3.7194256890;40.4633972180
439067.7169149610;4479534.6799504900;2025-09-29;1900-01-08;9;Moncloa - Aravaca;94;4;Valdezarza;AGUILAR DE CAMPOO, CALLE, DE;22;0109431188;-3.7187175710;40.4642515560
439059.5723309330;4479535.4927387400;2025-01-28;2025-02-05;9;Moncloa - Aravaca;94;4;Valdezarza;AGUILAR DE CAMPOO, CALLE, DE;23;;-3.7188136560;40.4642584310
438991.3067640690;4479441.8623921900;2025-09-29;1900-01-08;9;Moncloa - Aravaca;94;4;Valdezarza;AGUILAR DE CAMPOO, CALLE, DE;S/N;0109431186;-3.7196097810;40.4634102240
439015.6956529580;4479512.6031329300;2025-09-29;1900-01-08;9;Moncloa - Aravaca;94;4;Valdezarza;AGUILAR DE CAMPOO, CALLE, DE;S/N;0109431187;-3.7193289740;40.4640492440
439010.5577362710;4479521.1303567100;2025-01-28;2025-02-05;9;Moncloa - Aravaca;94;4;Valdezarza;AGUILAR DE CAMPOO, CALLE, DE;S/N;;-3.7193903380;40.4641249320
439105.4056642660;4479552.0760720700;2025-01-28;2025-02-05;9;Moncloa - Aravaca;94;4;Valdezarza;AGUILAR DE CAMPOO, CALLE, DE;S/N;;-3.7182746740;40.4644108950
439204.1278864880;4479386.9094054000;2025-01-28;2025-02-05;9;Moncloa - Aravaca;94;4;Valdezarza;ALCALDE MARTIN DE ALZAGA, CALLE, DEL;2;;-3.7170945530;40.4629306010
439315.7389975990;4479416.4649609600;2022-12-19;1900-01-08;9;Moncloa - Aravaca;94;4;Valdezarza;ALCALDE MARTIN DE ALZAGA, CALLE, DEL;23;0109431167;-3.7157809330;40.4632044750
439433.0846766120;4479430.1069362700;2022-12-19;1900-01-08;9;Moncloa - Aravaca;94;4;Valdezarza;ALCALDE MARTIN DE ALZAGA, CALLE, DEL;35;0109431166;-3.7143982140;40.4633361980
439184.7928751800;4479382.7003551500;2025-09-29;1900-01-08;9;Moncloa - Aravaca;94;4;Valdezarza;ALCALDE MARTIN DE ALZAGA, CALLE, DEL;9;0109431183;-3.7173221320;40.4628912390
439844.4223528090;4479296.6788284900;2020-01-01;1900-01-08;9;Moncloa - Aravaca;94;4;Valdezarza;ALESANCO, CALLE, DE;11;0109431148;-3.7095341460;40.4621646140
439641.0969706350;4479516.8252585000;2022-12-19;1900-01-08;9;Moncloa - Aravaca;94;4;Valdezarza;ALMOROX, CALLE, DE;5;0109431176;-3.7119531160;40.4641321510
439297.9159523320;4479540.0822449100;2022-12-19;1900-01-08;9;Moncloa - Aravaca;94;4;Valdezarza;ALTEA, CALLE, DE;10;0109431169;-3.7160029540;40.4643170450
439401.0599852540;4479555.4896523200;2022-12-19;1900-01-08;9;Moncloa - Aravaca;94;4;Valdezarza;ARCINIEGA, CALLE, DE;15;0109431160;-3.7147879970;40.4644634350
439468.2389975990;4479528.6871831800;2022-12-19;1900-01-08;9;Moncloa - Aravaca;94;4;Valdezarza;ARCINIEGA, CALLE, DE;9;0109431161;-3.7139930750;40.4642269180
439559.5844958170;4479493.7352228500;2022-12-19;1900-01-08;9;Moncloa - Aravaca;94;4;Valdezarza;ARMENTEROS, CALLE, DE;31;0109431163;-3.7129122480;40.4639184950
439490.9056642660;4479579.4094054000;2022-12-19;1900-01-08;9;Moncloa - Aravaca;94;4;Valdezarza;ARMENTEROS, CALLE, DE;53;0109431162;-3.7137305460;40.4646854570
439644.5723309330;4479419.7427387400;2022-12-19;1900-01-08;9;Moncloa - Aravaca;94;4;Valdezarza;ARMENTEROS, CALLE, DE;9;0109431174;-3.7119028680;40.4632585620
439147.0012085140;4479531.1586884800;2025-09-29;1900-01-08;9;Moncloa - Aravaca;94;4;Valdezarza;ARTAJONA, CALLE, DE;14;0109431189;-3.7177821030;40.4642255430
439147.4056642660;4479532.6316276300;2025-01-28;2025-02-05;9;Moncloa - Aravaca;94;4;Valdezarza;ARTAJONA, CALLE, DE;14;;-3.7177774620;40.4642394660
439151.8760370460;4479430.6031329300;2025-09-29;1900-01-08;9;Moncloa - Aravaca;94;4;Valdezarza;ARTAJONA, CALLE, DE;2;0109431184;-3.7177148950;40.4633200410
439150.9889975990;4479435.9927387400;2025-01-28;2025-02-05;9;Moncloa - Aravaca;94;4;Valdezarza;ARTAJONA, CALLE, DE;2;;-3.7177258950;40.4633683980
439163.6030603660;4479598.5660958900;2025-09-29;1900-01-08;9;Moncloa - Aravaca;94;4;Valdezarza;ARTAJONA, CALLE, DE;20;0109431190;-3.7175927400;40.4648344830
439164.0306642660;4479598.2010720700;2025-01-28;2025-02-05;9;Moncloa - Aravaca;94;4;Valdezarza;ARTAJONA, CALLE, DE;20;;-3.7175876410;40.4648306440
439111.1556642660;4479400.9094054000;2025-01-28;2025-02-05;9;Moncloa - Aravaca;94;4;Valdezarza;ARTAJONA, CALLE, DE;3;;-3.7181924550;40.4630498340
439079.0428751800;4479436.3253551500;2025-09-29;1900-01-08;9;Moncloa - Aravaca;94;4;Valdezarza;ARTAJONA, CALLE, DE;S/N;0109431185;-3.7185745030;40.4633664500
439077.0306642660;4479437.3260720700;2025-01-28;2025-02-05;9;Moncloa - Aravaca;94;4;Valdezarza;ARTAJONA, CALLE, DE;S/N;;-3.7185983380;40.4633753310
439692.4612198220;4479422.9649609600;2022-12-19;1900-01-08;9;Moncloa - Aravaca;94;4;Valdezarza;AZUAGA, CALLE, DE;26;0109431175;-3.7113383900;40.4632903620
439731.2875796540;4479563.5477131700;2022-12-19;1900-01-08;9;Moncloa - Aravaca;94;4;Valdezarza;AZUAGA, CALLE, DE;S/N;0109431179;-3.7108938320;40.4645595780
439801.2946573280;4479049.9134056600;2020-01-01;1900-01-08;9;Moncloa - Aravaca;94;4;Valdezarza;BERNARDO BONEZZI, CALLE, DE;S/N;0109431140;-3.7100194410;40.4599384440
439348.4734307360;4479666.0475773700;2025-09-29;1900-01-08;9;Moncloa - Aravaca;94;4;Valdezarza;DOROTEO BENACHE, CALLE, DE;14;0109431200;-3.7154187660;40.4654553970
439348.5723309330;4479665.2427387400;2025-01-28;2025-02-05;9;Moncloa - Aravaca;94;4;Valdezarza;DOROTEO BENACHE, CALLE, DE;14;;-3.7154175060;40.4654481210
439447.4919492540;4479754.3809107100;2025-09-29;1900-01-08;9;Moncloa - Aravaca;94;4;Valdezarza;EMERENCIANA ZURILLA, CALLE, DE;27;0109431195;-3.7142592140;40.4662582260
439525.2806642660;4479888.4510720700;2025-01-28;2025-02-05;9;Moncloa - Aravaca;94;4;Valdezarza;EMERENCIANA ZURILLA, CALLE, DE;68;;-3.7133546280;40.4674723810
439422.9612198220;4479681.3538498500;2025-01-28;2025-02-05;9;Moncloa - Aravaca;94;4;Valdezarza;EMERENCIANA ZURILLA, CALLE, DE;9;;-3.7145416250;40.4655986940
439601.2806642660;4478818.7010720700;2020-01-01;1900-01-08;9;Moncloa - Aravaca;94;4;Valdezarza;FRANCOS RODRIGUEZ, CALLE, DE;100;0109431132;-3.7123563070;40.4578404440
439532.4676477370;4479262.1835100900;2022-12-19;1900-01-08;9;Moncloa - Aravaca;94;4;Valdezarza;GENERAL CADENAS CAMPOS, CALLE, DEL;25;0109431170;-3.7132101280;40.4618305800
439586.1306295650;4479005.5405773300;2020-01-01;1900-01-08;9;Moncloa - Aravaca;94;4;Valdezarza;GENERAL CADENAS CAMPOS, CALLE, DEL;S/N;0109431134;-3.7125527170;40.4595227630
439449.2482181170;4479050.3755451900;2022-12-19;1900-01-08;9;Moncloa - Aravaca;94;4;Valdezarza;GENERAL CADENAS CAMPOS, CALLE, DEL;S/N;0109431172;-3.7141713220;40.4599166720
439270.4056642660;4479470.0575535500;2022-12-19;1900-01-08;9;Moncloa - Aravaca;94;4;Valdezarza;ISLA DE LONG, CALLE, DE LA;6;0109431168;-3.7163207160;40.4636844420
439481.0845418470;4479674.4920218200;2025-09-29;1900-01-08;9;Moncloa - Aravaca;94;4;Valdezarza;ISLAS ALMIRANTES, CALLE, DE LAS;1;0109431201;-3.7138554510;40.4655415130
439488.8501087110;4479675.0575535500;2025-01-28;2025-02-05;9;Moncloa - Aravaca;94;4;Valdezarza;ISLAS ALMIRANTES, CALLE, DE LAS;1;;-3.7137639500;40.4655467840
439409.6278864880;4479226.0205165200;2022-12-19;1900-01-08;9;Moncloa - Aravaca;94;4;Valdezarza;MAESTRA MARÍA SÁNCHEZ ARBOS, PASEO, DE LA;1;0109431171;-3.7146553570;40.4614963730
439436.3183325490;4478951.6100860200;2022-12-19;1900-01-08;9;Moncloa - Aravaca;94;4;Valdezarza;MAESTRA MARÍA SÁNCHEZ ARBOS, PASEO, DE LA;8;0109431173;-3.7143143900;40.4590260090
439187.3315901920;4479469.3168128100;2025-01-28;2025-02-05;9;Moncloa - Aravaca;94;4;Valdezarza;OCHAGAVIA, CALLE, DE;26;;-3.7173004740;40.4636713210
439180.8623196250;4479544.1031329300;2025-09-29;1900-01-08;9;Moncloa - Aravaca;94;4;Valdezarza;OCHAGAVIA, CALLE, DE;44;0109431192;-3.7173839540;40.4643449480
439181.6834420440;4479549.8538498500;2025-01-28;2025-02-05;9;Moncloa - Aravaca;94;4;Valdezarza;OCHAGAVIA, CALLE, DE;44;;-3.7173747870;40.4643963420
439187.9178751800;4479648.1031329300;2025-09-29;1900-01-08;9;Moncloa - Aravaca;94;4;Valdezarza;OCHAGAVIA, CALLE, DE;S/N;0109431191;-3.7173106730;40.4652817340
439187.6556642660;4479651.2010720700;2025-01-28;2025-02-05;9;Moncloa - Aravaca;94;4;Valdezarza;OCHAGAVIA, CALLE, DE;S/N;;-3.7173140530;40.4653104960
439876.4056642660;4479194.2010720700;2020-01-01;1900-01-08;9;Moncloa - Aravaca;94;4;Valdezarza;OFELIA NIETO, CALLE, DE;51;0109431151;-3.7091472270;40.4612435840
439896.1102247420;4479253.8979491400;2020-01-01;1900-01-08;9;Moncloa - Aravaca;94;4;Valdezarza;OFELIA NIETO, CALLE, DE;71;0109431150;-3.7089204510;40.4617824510
439716.7268718420;4478893.9036550500;2020-01-01;1900-01-08;9;Moncloa - Aravaca;94;4;Valdezarza;OFELIA NIETO, CALLE, DE;9;0109431138;-3.7110019490;40.4585268480
439718.2269655970;4478958.9702217100;2020-01-01;1900-01-08;9;Moncloa - Aravaca;94;4;Valdezarza;SAN CESAR, CALLE, DE;5;0109431139;-3.7109903750;40.4591124680
439838.2145903470;4479530.0749098200;2022-12-19;1900-01-08;9;Moncloa - Aravaca;94;4;Valdezarza;SAN RESTITUTO, CALLE, DE;1;0109431180;-3.7096294290;40.4642662230
439634.5883699840;4479601.2046169400;2022-12-19;1900-01-08;9;Moncloa - Aravaca;94;4;Valdezarza;SAN RESTITUTO, CALLE, DE;24;0109431178;-3.7120379140;40.4648921220
439270.3623196250;4479724.6031329300;2025-09-29;1900-01-08;9;Moncloa - Aravaca;94;4;Valdezarza;SAN RESTITUTO, CALLE, DE;49 B;0109431193;-3.7163456400;40.4659773620
439270.9889975990;4479720.8260720700;2025-01-28;2025-02-05;9;Moncloa - Aravaca;94;4;Valdezarza;SAN RESTITUTO, CALLE, DE;76;;-3.7163379050;40.4659436150
439671.7240591660;4478939.0939794400;2020-01-01;1900-01-08;9;Moncloa - Aravaca;94;4;Valdezarza;SANCHEZ PRECIADO, CALLE, DE;17;0109431137;-3.7115370340;40.4589302100
439708.6556642660;4479003.4510720700;2020-01-01;1900-01-08;9;Moncloa - Aravaca;94;4;Valdezarza;SANCHEZ PRECIADO, CALLE, DE;24;0109431136;-3.7111074880;40.4595128510
439703.0306642660;4479066.0760720700;2020-01-01;1900-01-08;9;Moncloa - Aravaca;94;4;Valdezarza;SANCHEZ PRECIADO, CALLE, DE;37;0109431135;-3.7111797950;40.4600764690
439744.2204790810;4479165.8353313300;2020-01-01;1900-01-08;9;Moncloa - Aravaca;94;4;Valdezarza;SANCHEZ PRECIADO, CALLE, DE;40;0109431152;-3.7107034950;40.4609780760
439687.7823992300;4479129.5093172800;2020-01-01;1900-01-08;9;Moncloa - Aravaca;94;4;Valdezarza;SANCHEZ PRECIADO, CALLE, DE;41;0109431145;-3.7113657200;40.4606467340
439818.1194778810;4479367.1828136400;2020-01-01;2024-09-18;9;Moncloa - Aravaca;94;4;Valdezarza;SANCHEZ PRECIADO, CALLE, DE;61;0109431147;-3.7098510490;40.4627974460
439709.2389975990;4479188.7427387400;2020-01-01;1900-01-08;9;Moncloa - Aravaca;94;4;Valdezarza;SANCHEZ PRECIADO, CALLE, DE;S/N;0109431144;-3.7111182600;40.4611818770
439567.7806642660;4478885.0760720700;2020-01-01;1900-01-08;9;Moncloa - Aravaca;94;4;Valdezarza;SANTO ANGEL DE LA GUARDA, AVENIDA, DEL;2;0109431133;-3.7127577210;40.4584363200
439619.0447918270;4479158.4584250100;2020-01-01;1900-01-08;9;Moncloa - Aravaca;94;4;Valdezarza;SANTO ANGEL DE LA GUARDA, AVENIDA, DEL;6;0109431142;-3.7121791480;40.4609028460
439590.7321105470;4479330.3653282700;2022-12-19;1900-01-08;9;Moncloa - Aravaca;94;4;Valdezarza;SANTO ANGEL DE LA GUARDA, AVENIDA, DEL;8;0109431164;-3.7125293970;40.4624493170
439604.7685195210;4479214.1094494700;2020-01-01;1900-01-08;9;Moncloa - Aravaca;94;4;Valdezarza;SANTO ANGEL DE LA GUARDA, AVENIDA, DEL;S/N;0109431141;-3.7123528120;40.4614032680
439529.3684741830;4479376.6463200100;2022-12-19;1900-01-08;9;Moncloa - Aravaca;94;4;Valdezarza;SANTO ANGEL DE LA GUARDA, AVENIDA, DEL;S/N;0109431165;-3.7132575690;40.4628613310
439524.0306642660;4479805.2010720700;2025-01-28;2025-02-05;9;Moncloa - Aravaca;94;4;Valdezarza;SERAFIN RAMIREZ, CALLE, DE;43;;-3.7133613890;40.4667214620
439709.4304576550;4479656.3983861200;2022-12-19;1900-01-08;9;Moncloa - Aravaca;94;4;Valdezarza;VALLDEMOSA, CALLE, DE;14;0109431181;-3.7111604290;40.4653951790
439815.5908494510;4479587.8353313300;2022-12-19;1900-01-08;9;Moncloa - Aravaca;94;4;Valdezarza;VALLE DE BELAGUA, CALLE, DEL;1;0109431182;-3.7099018130;40.4647851510
439610.6834420440;4479700.7427387400;2025-01-28;2025-02-05;9;Moncloa - Aravaca;94;4;Valdezarza;VALLE DE CACHEMIRA, CALLE, DEL;1;;-3.7123293200;40.4657867960
439540.7141714770;4479721.9735033000;2025-09-29;1900-01-08;9;Moncloa - Aravaca;94;4;Valdezarza;VALLE DE CACHEMIRA, CALLE, DEL;15;0109431197;-3.7131566720;40.4659730650
439540.8501087110;4479722.1316276300;2025-01-28;2025-02-05;9;Moncloa - Aravaca;94;4;Valdezarza;VALLE DE CACHEMIRA, CALLE, DEL;15;;-3.7131551250;40.4659751270
439624.1833072790;4479715.3685650300;2025-09-29;1900-01-08;9;Moncloa - Aravaca;94;4;Valdezarza;VALLE DE CACHEMIRA, CALLE, DEL;2;0109431199;-3.7121714710;40.4659197220
439370.8345418470;4479746.2420218200;2025-09-29;1900-01-08;9;Moncloa - Aravaca;94;4;Valdezarza;VALLE DE CACHEMIRA, CALLE, DEL;41;0109431194;-3.7151627110;40.4661798450
439388.8223309330;4479761.7427387400;2025-01-28;2025-02-05;9;Moncloa - Aravaca;94;4;Valdezarza;VALLE DE CACHEMIRA, CALLE, DEL;44;;-3.7149519770;40.4663206780
439529.5166406120;4479815.1463428100;2025-09-29;1900-01-08;9;Moncloa - Aravaca;94;4;Valdezarza;VALLE DE PINETA, CALLE, DEL;S/N;0109431196;-3.7132975620;40.4668117600
439587.6956529580;4479804.0475773700;2025-09-29;1900-01-08;9;Moncloa - Aravaca;94;4;Valdezarza;VALLE DEL BAZTAN, CALLE, DEL;37;0109431198;-3.7126102990;40.4667160760
439587.7389975990;4479804.6594054000;2025-01-28;2025-02-05;9;Moncloa - Aravaca;94;4;Valdezarza;VALLE DEL BAZTAN, CALLE, DEL;37;;-3.7126098410;40.4667216910
439888.7806642660;4479403.2010720700;2020-01-01;1900-01-08;9;Moncloa - Aravaca;94;4;Valdezarza;VILLAAMIL, CALLE, DE;S/N;0109431149;-3.7090211190;40.4631269540
438645.5910044180;4473360.1539428300;2022-04-26;1900-01-08;10;Latina;101;1;Los Cármenes;DAIMIEL, CALLE, DE;5;0310130001;-3.7231001250;40.4085979300
438546.5812915060;4473196.5596870200;2022-04-26;1900-01-08;10;Latina;101;1;Los Cármenes;ERMITA DEL SANTO, PASEO, DE LA;29;0310130004;-3.7242511970;40.4071169490
438570.5871302510;4472918.8088320300;2022-04-26;1900-01-08;10;Latina;101;1;Los Cármenes;SAN AMBROSIO, CALLE, DE;S/N;0310130007;-3.7239413990;40.4046168480
438625.7552691010;4473055.3344790100;2022-04-26;1900-01-08;10;Latina;101;1;Los Cármenes;SAN CONRADO, CALLE, DE;1;0310130006;-3.7233044990;40.4058502540
438528.7461260670;4473069.5914137700;2022-04-26;1900-01-08;10;Latina;101;1;Los Cármenes;SAN CONRADO, CALLE, DE;7;0310130005;-3.7244490970;40.4059720080
438586.7036651960;4473328.2308063000;2022-04-26;1900-01-08;10;Latina;101;1;Los Cármenes;SAN GALO, CALLE, DE;13;0310130002;-3.7237909970;40.4083059510
438658.4532390380;4473202.0879270200;2022-04-26;1900-01-08;10;Latina;101;1;Los Cármenes;SAN RUFO, CALLE, DE;1;0310130003;-3.7229333940;40.4071751620
437973.3552735790;4473939.6913646900;2022-11-03;1900-01-08;10;Latina;102;2;Puerta del Angel;A-5, AUTOVIA;S/N;0310230042;-3.7310787910;40.4137685310
438406.1246725310;4474014.2496257900;2022-04-26;1900-01-08;10;Latina;102;2;Puerta del Angel;ALONSO FERNANDEZ, CALLE, DE;3;0310230009;-3.7259854830;40.4144723520
437705.0723309330;4473184.5760720700;2022-11-03;1900-01-08;10;Latina;102;2;Puerta del Angel;AMPELIDO, CALLE, DE;11;0310230103;-3.7341667470;40.4069466660
438236.8064907120;4473740.6959067800;2022-04-26;1900-01-08;10;Latina;102;2;Puerta del Angel;ANTILLON, CALLE, DE;17;0310230019;-3.7279545100;40.4119957420
438209.4993281780;4473861.1160169800;2022-04-26;1900-01-08;10;Latina;102;2;Puerta del Angel;ANTILLON, CALLE, DE;5;0310230012;-3.7282879710;40.4130789190
438020.9889975990;4473664.4927387400;2022-11-03;1900-01-08;10;Latina;102;2;Puerta del Angel;ANTONIO ULLOA, CALLE, DE;1;0310230046;-3.7304904780;40.4112936400
437858.1556642660;4473729.9094054000;2022-11-03;1900-01-08;10;Latina;102;2;Puerta del Angel;ANTONIO ZAMORA, CALLE, DE;68;0310230064;-3.7324160180;40.4118705510
437749.9056642660;4473679.1594054000;2022-11-07;1900-01-08;10;Latina;102;2;Puerta del Angel;ANTONIO ZAMORA, CALLE, DE;90;0310230065;-3.7336867230;40.4114051370
437260.1556642660;4473162.4927387400;2022-11-03;1900-01-08;10;Latina;102;2;Puerta del Angel;APOSTOLES, AVENIDA, DE LOS;10;0310230082;-3.7394075350;40.4067137010
437277.8223309330;4473216.4094054000;2022-11-03;1900-01-08;10;Latina;102;2;Puerta del Angel;APOSTOLES, AVENIDA, DE LOS;4;0310230081;-3.7392047080;40.4072014600
438048.9056642660;4473340.6594054000;2022-11-03;1900-01-08;10;Latina;102;2;Puerta del Angel;ARAMIS, CALLE, DE;11;0310230096;-3.7301300310;40.4083782010
437909.9056642660;4473180.7427387400;2022-11-03;1900-01-08;10;Latina;102;2;Puerta del Angel;ATHOS, CALLE, DE;43;0310230099;-3.7317524750;40.4069271280
437851.2389975990;4473628.9927387400;2022-11-03;1900-01-08;10;Latina;102;2;Puerta del Angel;BARRAFON, CALLE, DE;35;0310230059;-3.7324875800;40.4109604650
437171.0723309330;4473155.7427387400;2022-11-03;1900-01-08;10;Latina;102;2;Puerta del Angel;BARRIONUEVO, CALLE, DE;8;0310230122;-3.7404567350;40.4066466650
437310.5723309330;4473445.0760720700;2022-11-03;1900-01-08;10;Latina;102;2;Puerta del Angel;BENICASIM, CALLE, DE;4;0310230075;-3.7388412810;40.4092631920
438282.3625243580;4473444.0665136200;2022-04-26;1900-01-08;10;Latina;102;2;Puerta del Angel;BUJALANCE, CALLE, DE;10;0310230035;-3.7273888860;40.4093265610
438355.4015320350;4473643.4851629800;2022-04-26;1900-01-08;10;Latina;102;2;Puerta del Angel;CARAMUEL, CALLE, DE;29;0310230023;-3.7265473830;40.4111292580
438292.4883088940;4473544.0016919100;2022-04-26;1900-01-08;10;Latina;102;2;Puerta del Angel;CARAMUEL, CALLE, DE;33;0310230029;-3.7272792220;40.4102282820
438182.7775650930;4473446.0678076100;2022-04-26;1900-01-08;10;Latina;102;2;Puerta del Angel;CARAMUEL, CALLE, DE;49;0310230028;-3.7285625900;40.4093372180
437520.1556642660;4473087.7427387400;2022-11-03;1900-01-08;10;Latina;102;2;Puerta del Angel;CARBALLIDO, CALLE, DE;1;0310230109;-3.7363363090;40.4060598420
438406.5378956710;4473766.0058241400;2022-04-26;1900-01-08;10;Latina;102;2;Puerta del Angel;CARDENAL MENDOZA, CALLE, DEL;16;0310230020;-3.7259566060;40.4122362700
437986.7389975990;4473482.9094054000;2022-11-03;1900-01-08;10;Latina;102;2;Puerta del Angel;CERRO BERMEJO, CALLE, DEL;17;0310230056;-3.7308765370;40.4096546940
438052.9056642660;4473539.5760720700;2022-11-03;1900-01-08;10;Latina;102;2;Puerta del Angel;CERRO BERMEJO, CALLE, DEL;4;0310230055;-3.7301022420;40.4101704130
437343.0723309330;4473510.9094054000;2022-11-03;1900-01-08;10;Latina;102;2;Puerta del Angel;CLEMENTE FERNANDEZ, CALLE, DE;1;0310230073;-3.7384648480;40.4098585520
437388.6556642660;4473413.1594054000;2022-11-03;1900-01-08;10;Latina;102;2;Puerta del Angel;CLEMENTE FERNANDEZ, CALLE, DE;16;0310230074;-3.7379179590;40.4089814680
437482.9056642660;4473209.4927387400;2022-11-03;1900-01-08;10;Latina;102;2;Puerta del Angel;CLEMENTE FERNANDEZ, CALLE, DE;50;0310230085;-3.7367872270;40.4071544210
438314.0113397350;4474019.6189120000;2022-04-26;1900-01-08;10;Latina;102;2;Puerta del Angel;CONCIERTO, CALLE, DEL;S/N;0310230005;-3.7270716390;40.4145145790
438702.4637767720;4473358.9142093700;2022-04-26;1900-01-08;10;Latina;102;2;Puerta del Angel;DAIMIEL, CALLE, DE;1;0310230040;-3.7224297640;40.4085905390
437577.4056642660;4473623.5205165200;2022-11-03;1900-01-08;10;Latina;102;2;Puerta del Angel;DOCTOR LARRA Y CEREZO, CALLE, DEL;2;0310230068;-3.7357143060;40.4108909650
437618.0723309330;4473559.4094054000;2022-11-03;1900-01-08;10;Latina;102;2;Puerta del Angel;DOCTOR LARRA Y CEREZO, CALLE, DEL;7;0310230067;-3.7352286100;40.4103167470
437200.7806642660;4473293.8260720700;2022-11-03;1900-01-08;10;Latina;102;2;Puerta del Angel;DOMINGO DE ZAIZITA, CALLE, DE;11;0310230079;-3.7401202950;40.4078927910
438313.7693006300;4473795.8611960400;2022-04-26;1900-01-08;10;Latina;102;2;Puerta del Angel;DOÑA BERENGUELA, CALLE, DE;21;0310230017;-3.7270527890;40.4124986270
438156.9056642660;4473781.0760720700;2022-11-03;1900-01-08;10;Latina;102;2;Puerta del Angel;DOÑA BERENGUELA, CALLE, DE;36;0310230043;-3.7289000050;40.4123531530
438193.4889975990;4473620.4094054000;2022-11-03;1900-01-08;10;Latina;102;2;Puerta del Angel;DOÑA MENCIA, CALLE, DE;18;0310230049;-3.7284532700;40.4109088410
438307.0425990310;4473845.7969063200;2022-04-26;1900-01-08;10;Latina;102;2;Puerta del Angel;DOÑA URRACA, CALLE, DE;30;0310230013;-3.7271368990;40.4129480550
438380.3654951330;4473560.5676154100;2022-04-26;1900-01-08;10;Latina;102;2;Puerta del Angel;EGABRO, PLAZA, DE;7;0310230030;-3.7262451480;40.4103835530
437450.7389975990;4473584.1316276300;2022-11-03;1900-01-08;10;Latina;102;2;Puerta del Angel;ENRIQUE GRANADOS, CALLE, DE;1;0310230069;-3.7372031370;40.4105269070
438612.7990458130;4473443.8318248700;2022-04-26;1900-01-08;10;Latina;102;2;Puerta del Angel;ERMITA DEL SANTO, PASEO, DE LA;11;0310230039;-3.7234946640;40.4093495360
438638.9879566180;4473650.3845314200;2022-04-26;1900-01-08;10;Latina;102;2;Puerta del Angel;ERMITA DEL SANTO, PASEO, DE LA;16;0310230027;-3.7232059500;40.4112122800
438549.5819728060;4473873.7193227600;2022-04-26;1900-01-08;10;Latina;102;2;Puerta del Angel;ERMITA DEL SANTO, PASEO, DE LA;4;0310230016;-3.7242812200;40.4132175170
437761.7389975990;4473732.4094054000;2022-11-03;1900-01-08;10;Latina;102;2;Puerta del Angel;EXTREMADURA, PASEO, DE;108;0310230063;-3.7335524790;40.4118859060
438081.1556642660;4473885.4927387400;2022-11-03;1900-01-08;10;Latina;102;2;Puerta del Angel;EXTREMADURA, PASEO, DE;52;0310230041;-3.7298029860;40.4132886210
437462.5871327390;4473168.3813906900;2022-11-03;1900-01-08;10;Latina;102;2;Puerta del Angel;FEDERICO MAYO, CALLE, DE;1;0310230084;-3.7370227130;40.4067826860
437150.8223309330;4473273.3260720700;2022-11-03;1900-01-08;10;Latina;102;2;Puerta del Angel;FEDERICO MAYO, CALLE, DE;28;0310230123;-3.7407070030;40.4077044030
437893.4056642660;4473288.0760720700;2022-11-03;1900-01-08;10;Latina;102;2;Puerta del Angel;FIDIAS, CALLE, DE;16;0310230098;-3.7319574220;40.4078924480
437688.1556642660;4473320.8260720700;2022-11-03;1900-01-08;10;Latina;102;2;Puerta del Angel;FORTUNA, CALLE, DE LA;22;0310230089;-3.7343794290;40.4081724520
437147.6556642660;4473394.4927387400;2022-11-03;1900-01-08;10;Latina;102;2;Puerta del Angel;FRANCISCO RONQUILLO, CALLE, DE;5;0310230124;-3.7407562780;40.4087956580
438232.7775650930;4473443.0719398400;2022-04-26;1900-01-08;10;Latina;102;2;Puerta del Angel;FUENTEOVEJUNA, CALLE, DE;15;0310230034;-3.7279730740;40.4093140130
437847.1556642660;4473428.7427387400;2022-11-03;1900-01-08;10;Latina;102;2;Puerta del Angel;GALIANA, CALLE, DE;11;0310230091;-3.7325162280;40.4091569080
438523.3222921910;4473466.1511534300;2022-04-26;1900-01-08;10;Latina;102;2;Puerta del Angel;GENISTA, CALLE, DE LA;4;0310230036;-3.7245513120;40.4095439980
437493.3223309330;4473302.3260720700;2022-11-03;1900-01-08;10;Latina;102;2;Puerta del Angel;GENSERICO, CALLE, DE;12;0310230086;-3.7366735520;40.4079912830
438108.5723309330;4473502.5760720700;2022-11-03;1900-01-08;10;Latina;102;2;Puerta del Angel;GIJON, CALLE, DE;1;0310230053;-3.7294425960;40.4098414210
438009.3223309330;4473742.3260720700;2022-11-03;1900-01-08;10;Latina;102;2;Puerta del Angel;GRANDEZA ESPAÑOLA, CALLE, DE LA;2;0310230045;-3.7306356090;40.4119937940
437840.0723309330;4473676.6871831800;2022-11-03;1900-01-08;10;Latina;102;2;Puerta del Angel;GRANDEZA ESPAÑOLA, CALLE, DE LA;42;0310230061;-3.7326238870;40.4113898960
437911.4889975990;4473781.1594054000;2022-11-03;1900-01-08;10;Latina;102;2;Puerta del Angel;GUADARRAMA, CALLE, DE;1;0310230062;-3.7317924100;40.4123363650
437951.3223309330;4473673.9927387400;2022-11-03;1900-01-08;10;Latina;102;2;Puerta del Angel;GUADARRAMA, CALLE, DE;12;0310230060;-3.7313125010;40.4113739680
437468.0723309330;4473433.4094054000;2022-11-03;1900-01-08;10;Latina;102;2;Puerta del Angel;HERMINIO PUERTAS, CALLE, DE;24;0310230072;-3.7369840380;40.4091702580
437529.0723309330;4473300.6594054000;2022-11-03;1900-01-08;10;Latina;102;2;Puerta del Angel;HERMINIO PUERTAS, CALLE, DE;56;0310230087;-3.7362521990;40.4079793080
438104.4056642660;4473407.3260720700;2022-11-03;1900-01-08;10;Latina;102;2;Puerta del Angel;INDUSTRIA, CALLE, DE LA;46;0310230095;-3.7294824160;40.4089831870
438094.9056642660;4473566.0760720700;2022-11-03;1900-01-08;10;Latina;102;2;Puerta del Angel;INDUSTRIA, CALLE, DE LA;8;0310230054;-3.7296098990;40.4104120870
437942.3501087110;4473352.7427387400;2022-11-03;1900-01-08;10;Latina;102;2;Puerta del Angel;JAIME TERCERO, CALLE, DE;17 B;0310230093;-3.7313868710;40.4084789270
437832.4056642660;4473363.5760720700;2022-11-03;1900-01-08;10;Latina;102;2;Puerta del Angel;JAIME TERCERO, CALLE, DE;33;0310230092;-3.7326837030;40.4085685950
438191.2389975990;4473550.7427387400;2022-11-03;1900-01-08;10;Latina;102;2;Puerta del Angel;JAIME VERA, CALLE, DE;31;0310230050;-3.7284730370;40.4102808220
438186.1556642660;4473486.4094054000;2022-11-03;1900-01-08;10;Latina;102;2;Puerta del Angel;JAIME VERA, CALLE, DE;58;0310230051;-3.7285267230;40.4097010460
437947.9056642660;4473558.4094054000;2022-11-03;1900-01-08;10;Latina;102;2;Puerta del Angel;JESUITAS, PASEO, DE LOS;16;0310230057;-3.7313414930;40.4103323880
437816.5723309330;4473513.2427387400;2022-11-03;1900-01-08;10;Latina;102;2;Puerta del Angel;JESUITAS, PASEO, DE LOS;34;0310230058;-3.7328848690;40.4099153900
437639.5723309330;4473336.2427387400;2022-11-03;1900-01-08;10;Latina;102;2;Puerta del Angel;JESUITAS, PASEO, DE LOS;59;0310230088;-3.7349534180;40.4083077850
437605.4889975990;4473186.9094054000;2022-11-03;1900-01-08;10;Latina;102;2;Puerta del Angel;JESUITAS, PASEO, DE LOS;83;0310230102;-3.7353404510;40.4069596150
437271.1556642660;4473247.0760720700;2022-11-03;1900-01-08;10;Latina;102;2;Puerta del Angel;JUAN PASCUAL DE MENA, CALLE, DE;7;0310230080;-3.7392862970;40.4074767670
438526.6714981470;4473722.0479107700;2022-04-26;1900-01-08;10;Latina;102;2;Puerta del Angel;JUAN TORNERO, CALLE, DE;2;0310230025;-3.7245365870;40.4118488930
438346.5172345140;4473713.4231795100;2022-04-26;1900-01-08;10;Latina;102;2;Puerta del Angel;JUAN TORNERO, CALLE, DE;30;0310230022;-3.7266588800;40.4117585380
438242.7982262500;4473697.4107828200;2022-04-26;1900-01-08;10;Latina;102;2;Puerta del Angel;JUAN TORNERO, CALLE, DE;44;0310230021;-3.7278797390;40.4116065890
438172.2389975990;4473686.9927387400;2022-11-03;1900-01-08;10;Latina;102;2;Puerta del Angel;JUAN TORNERO, CALLE, DE;50;0310230048;-3.7287101840;40.4115074670
438068.8223309330;4473631.0760720700;2022-11-03;1900-01-08;10;Latina;102;2;Puerta del Angel;JUAN TORNERO, CALLE, DE;66;0310230047;-3.7299235940;40.4109961600
438437.9428543490;4473619.0016919100;2022-04-26;1900-01-08;10;Latina;102;2;Puerta del Angel;LAIN CALVO, CALLE, DE;28;0310230024;-3.7255722660;40.4109141700
438398.2734328610;4473888.8019673900;2022-04-26;1900-01-08;10;Latina;102;2;Puerta del Angel;LAIN CALVO, CALLE, DE;5;0310230014;-3.7260659260;40.4133420210
437709.4889975990;4473256.5760720700;2022-11-03;1900-01-08;10;Latina;102;2;Puerta del Angel;MAGIN CALVO, CALLE, DE;13;0310230101;-3.7341216560;40.4075951970
437989.5723309330;4473220.4927387400;2022-11-03;1900-01-08;10;Latina;102;2;Puerta del Angel;MANUEL MUIÑO ARROYO, CALLE, DE;9;0310230097;-3.7308175230;40.4072914150
437799.4056642660;4473006.0760720700;2022-11-03;1900-01-08;10;Latina;102;2;Puerta del Angel;MARIA DEL CARMEN, CALLE, DE;68;0310230105;-3.7330375620;40.4053458220
437688.4056642660;4472940.5760720700;2022-11-03;1900-01-08;10;Latina;102;2;Puerta del Angel;MARIA DEL CARMEN, CALLE, DE;80;0310230106;-3.7343392080;40.4047469670
438579.0493197560;4474127.4281430800;2022-04-26;1900-01-08;10;Latina;102;2;Puerta del Angel;MARQUES DE MONISTROL, PASEO, DEL;5;0310230011;-3.7239583580;40.4155047650
437268.4889975990;4473378.9094054000;2022-11-03;1900-01-08;10;Latina;102;2;Puerta del Angel;MATEO GUILL, CALLE, DE;S/N;0310230076;-3.7393307010;40.4086645650
437554.2945531550;4473512.9094054000;2022-11-03;1900-01-08;10;Latina;102;2;Puerta del Angel;MILAGROSA, CALLE, DE LA;12;0310230070;-3.7359757470;40.4098924140
437585.6556642660;4473444.8260720700;2022-11-03;1900-01-08;10;Latina;102;2;Puerta del Angel;MILAGROSA, CALLE, DE LA;22;0310230071;-3.7355994860;40.4092819850
438612.4281344350;4473531.8570266700;2022-04-26;1900-01-08;10;Latina;102;2;Puerta del Angel;NEGUILLA, CALLE, DE LA;2;0310230032;-3.7235074980;40.4101421660
438520.8428252770;4473510.7815578900;2022-04-26;1900-01-08;10;Latina;102;2;Puerta del Angel;NEGUILLA, CALLE, DE LA;3;0310230033;-3.7245848300;40.4099458710
438382.1577303820;4474072.2041712500;2022-04-26;1900-01-08;10;Latina;102;2;Puerta del Angel;OBERTURA, CALLE, DE LA;3;0310230006;-3.7262736240;40.4149928270
437425.8686805970;4472908.0195559000;2022-11-03;1900-01-08;10;Latina;102;2;Puerta del Angel;OLIVOS, COSTANILLA, DE LOS;16;0310230114;-3.7374297420;40.4044336730
437418.8140480690;4473063.0973878300;2022-11-03;1900-01-08;10;Latina;102;2;Puerta del Angel;OLIVOS, COSTANILLA, DE LOS;4;0310230112;-3.7375281190;40.4058308310
437059.1556642660;4473057.1594054000;2022-11-03;1900-01-08;10;Latina;102;2;Puerta del Angel;OLIVOS, PASEO, DE LOS;119;0310230120;-3.7417658290;40.4057499290
437220.8574734240;4473045.5475738300;2022-11-03;1900-01-08;10;Latina;102;2;Puerta del Angel;OLIVOS, PASEO, DE LOS;94;0310230115;-3.7398591400;40.4056575110
438491.0892223010;4473516.8252585000;2022-04-26;1900-01-08;10;Latina;102;2;Puerta del Angel;PABLO CASALS, CALLE, DE;12;0310230031;-3.7249360540;40.4099976090
438541.6618626130;4473684.9107828200;2022-04-26;1900-01-08;10;Latina;102;2;Puerta del Angel;PABLO CASALS, CALLE, DE;2;0310230026;-3.7243563350;40.4115162340
438476.5223541780;4473419.5061821000;2022-04-26;1900-01-08;10;Latina;102;2;Puerta del Angel;PABLO CASALS, CALLE, DE;7;0310230037;-3.7250983150;40.4091202390
437349.2738696520;4473168.2141386400;2022-11-03;1900-01-08;10;Latina;102;2;Puerta del Angel;PATRIARCA EIJO GARAY, COLONIA, DEL;S/N;0310230083;-3.7383579340;40.4067721430
437237.3480273790;4472976.3833087000;2022-11-03;1900-01-08;10;Latina;102;2;Puerta del Angel;PERALES, PASEO, DE LOS;34;0310230116;-3.7396580320;40.4050355080
437394.9689047400;4472959.4124473500;2022-11-03;1900-01-08;10;Latina;102;2;Puerta del Angel;PERALES, PASEO, DE LOS;5 B;0310230113;-3.7377989560;40.4048947900
437999.5723309330;4473423.2427387400;2022-11-03;1900-01-08;10;Latina;102;2;Puerta del Angel;PERICLES, CALLE, DE;11;0310230094;-3.7307194320;40.4091187490
437739.5723309330;4473384.4927387400;2022-11-03;1900-01-08;10;Latina;102;2;Puerta del Angel;PERICLES, CALLE, DE;34;0310230090;-3.7337797720;40.4087500510
437836.3223309330;4473884.0760720700;2022-11-03;1900-01-08;10;Latina;102;2;Puerta del Angel;PORTUGAL, AVENIDA, DE;101;0310230130;-3.7326882870;40.4132574520
437709.1556642660;4473814.6594054000;2022-11-03;1900-01-08;10;Latina;102;2;Puerta del Angel;PORTUGAL, AVENIDA, DE;115;0310230129;-3.7341802690;40.4126228440
437591.4056642660;4473759.3260720700;2022-11-03;1900-01-08;10;Latina;102;2;Puerta del Angel;PORTUGAL, AVENIDA, DE;131;0310230128;-3.7355625870;40.4121156050
437443.9056642660;4473686.9510720700;2022-11-03;1900-01-08;10;Latina;102;2;Puerta del Angel;PORTUGAL, AVENIDA, DE;149;0310230127;-3.7372937790;40.4114522340
438389.7410121660;4474137.6217872400;2022-04-26;1900-01-08;10;Latina;102;2;Puerta del Angel;PORTUGAL, AVENIDA, DE;15;0310230003;-3.7261905450;40.4155825150
437340.0167753770;4473627.5205165200;2022-11-03;1900-01-08;10;Latina;102;2;Puerta del Angel;PORTUGAL, AVENIDA, DE;155 C;0310230126;-3.7385123460;40.4109091280
437210.6556642660;4473527.3260720700;2022-11-03;1900-01-08;10;Latina;102;2;Puerta del Angel;PORTUGAL, AVENIDA, DE;171;0310230125;-3.7400269600;40.4099965780
438549.9048425280;4474215.6307450200;2022-04-26;1900-01-08;10;Latina;102;2;Puerta del Angel;PORTUGAL, AVENIDA, DE;3;0310230004;-3.7243104410;40.4162976810
438246.3968311650;4474068.1967136300;2022-04-26;1900-01-08;10;Latina;102;2;Puerta del Angel;PORTUGAL, AVENIDA, DE;55;0310230002;-3.7278732640;40.4149465890
438120.2539518840;4474009.3093744100;2022-04-26;1900-01-08;10;Latina;102;2;Puerta del Angel;PORTUGAL, AVENIDA, DE;79;0310230001;-3.7293542460;40.4144072640
438136.4056642660;4473534.8260720700;2022-11-03;1900-01-08;10;Latina;102;2;Puerta del Angel;PRIEGO, CALLE, DE;8;0310230052;-3.7291177860;40.4101334000
437647.6556642660;4473618.6594054000;2022-11-03;1900-01-08;10;Latina;102;2;Puerta del Angel;REPULLES Y VARGAS, CALLE, DE;3;0310230066;-3.7348858090;40.4108528060
438500.5556386980;4473920.0901344600;2022-04-26;1900-01-08;10;Latina;102;2;Puerta del Angel;SAAVEDRA FAJARDO, CALLE, DE;16;0310230015;-3.7248634600;40.4136311930
438525.4428543490;4473789.0430142200;2022-04-26;1900-01-08;10;Latina;102;2;Puerta del Angel;SAAVEDRA FAJARDO, CALLE, DE;28;0310230018;-3.7245575000;40.4124527330
438491.7651683980;4474041.8322704200;2022-04-26;1900-01-08;10;Latina;102;2;Puerta del Angel;SAAVEDRA FAJARDO, CALLE, DE;6;0310230010;-3.7249788530;40.4147277770
438504.4717799690;4474110.9438406700;2022-04-26;1900-01-08;10;Latina;102;2;Puerta del Angel;SAAVEDRA FAJARDO, CALLE, DE;7;0310230007;-3.7248357860;40.4153510400
437523.7389975990;4472964.6594054000;2022-11-03;1900-01-08;10;Latina;102;2;Puerta del Angel;SAN TIMOTEO, CALLE, DE;27;0310230108;-3.7362820500;40.4049513410
437635.9889975990;4473096.2427387400;2022-11-03;1900-01-08;10;Latina;102;2;Puerta del Angel;SANTA AUREA, CALLE, DE;26;0310230107;-3.7349720970;40.4061450410
438283.3739599780;4473955.5930930400;2022-04-26;1900-01-08;10;Latina;102;2;Puerta del Angel;SANTA CRISTINA, PLAZA, DE;4;0310230008;-3.7274265290;40.4139347460
437490.8702816210;4473115.6724537600;2022-11-03;1900-01-08;10;Latina;102;2;Puerta del Angel;SANTA TERESITA, PLAZA, DE;4;0310230110;-3.7366841520;40.4063093080
438019.0723309330;4473794.3260720700;2022-11-03;1900-01-08;10;Latina;102;2;Puerta del Angel;SANTA URSULA, CALLE, DE;6;0310230044;-3.7305257150;40.4124627030
437243.7521260020;4472921.8684191700;2022-11-03;1900-01-08;10;Latina;102;2;Puerta del Angel;SEPULVEDA, CALLE, DE;34;0310230117;-3.7395771880;40.4045450560
438519.4481251370;4473386.8082121600;2022-04-26;1900-01-08;10;Latina;102;2;Puerta del Angel;SEPULVEDA, CALLE, DE;6;0310230038;-3.7245892990;40.4088290040
437149.4056642660;4472919.9510720700;2022-11-03;1900-01-08;10;Latina;102;2;Puerta del Angel;SEPULVEDA, CALLE, DE;80;0310230118;-3.7406887260;40.4045205340
437359.9056642660;4473284.7427387400;2022-11-03;1900-01-08;10;Latina;102;2;Puerta del Angel;SEVERINO AZNAR EMBID, CALLE, DE;3;0310230078;-3.7382440870;40.4078231200
437270.6556642660;4473324.5760720700;2022-11-03;1900-01-08;10;Latina;102;2;Puerta del Angel;SEVERINO AZNAR EMBID, CALLE, DE;8;0310230077;-3.7392998190;40.4081753170
437807.6556642660;4473222.6594054000;2022-11-03;1900-01-08;10;Latina;102;2;Puerta del Angel;SOLANA DE LUCHE, CALLE, DE LA;15;0310230100;-3.7329615310;40.4072970870
437775.4056642660;4473123.9094054000;2022-11-03;1900-01-08;10;Latina;102;2;Puerta del Angel;TURACO, CALLE, DEL;2;0310230104;-3.7333319480;40.4064051640
437150.8223309330;4473107.4094054000;2022-11-03;1900-01-08;10;Latina;102;2;Puerta del Angel;VICENTE CAMARON, CALLE, DE;54;0310230121;-3.7406905590;40.4062097280
437348.9394458860;4473082.6112946100;2022-11-03;1900-01-08;10;Latina;102;2;Puerta del Angel;VICENTE CAMARON, CALLE, DE;9;0310230111;-3.7383534650;40.4060014580
437010.2389975990;4472990.3260720700;2022-11-03;1900-01-08;10;Latina;103;3;Lucero;HUERTA DE CASTAÑEDA, CALLE, DE LA;42;0310230119;-3.7423356360;40.4051442550
440085.0012085140;4471827.7420218200;2025-04-10;1900-01-08;11;Carabanchel;111;1;Comillas;(Sin Asignar);S/N;0311130014;-3.7059928080;40.3948977650
439418.0428751800;4471205.2003551500;2025-04-10;1900-01-08;11;Carabanchel;111;1;Comillas;A-42, AUTOVIA;S/N;0311130049;-3.7137919100;40.3892418690
439255.6678751800;4471008.3253551500;2025-04-10;1900-01-08;11;Carabanchel;111;1;Comillas;A-42, AUTOVIA;S/N;0311130051;-3.7156861660;40.3874561320
439301.5012085140;4471880.5753551500;2025-04-10;1900-01-08;11;Carabanchel;111;1;Comillas;ANTONIO DE LEYVA, CALLE, DE;17;0311130041;-3.7152292890;40.3953169410
439302.0428751800;4471631.8253551500;2025-04-10;1900-01-08;11;Carabanchel;111;1;Comillas;ANTONIO DE LEYVA, CALLE, DE;35;0311130042;-3.7151992090;40.3930762750
439178.7928751800;4471053.7003551500;2025-04-10;1900-01-08;11;Carabanchel;111;1;Comillas;ANTONIO DE LEYVA, CALLE, DE;77;0311130045;-3.7165961370;40.3878596660
439410.7512085140;4472066.4086884800;2025-04-10;1900-01-08;11;Carabanchel;111;1;Comillas;ANTONIO LOPEZ, CALLE, DE;11;0311130001;-3.7139597290;40.3969990870
439512.4178751800;4472004.2142440400;2025-04-10;1900-01-08;11;Carabanchel;111;1;Comillas;ANTONIO LOPEZ, CALLE, DE;27;0311130002;-3.7127559450;40.3964466420
439557.2512085140;4471955.0753551500;2025-04-10;1900-01-08;11;Carabanchel;111;1;Comillas;ANTONIO LOPEZ, CALLE, DE;36;0311130003;-3.7122229800;40.3960071830
439718.0845418470;4471875.0753551500;2025-04-10;1900-01-08;11;Carabanchel;111;1;Comillas;ANTONIO LOPEZ, CALLE, DE;49;0311130005;-3.7103203590;40.3952976890
439828.8345418470;4471805.4086884800;2025-04-10;1900-01-08;11;Carabanchel;111;1;Comillas;ANTONIO LOPEZ, CALLE, DE;57;0311130007;-3.7090089730;40.3946787800
439755.7512085140;4471831.4920218200;2025-04-10;1900-01-08;11;Carabanchel;111;1;Comillas;ANTONIO LOPEZ, CALLE, DE;58;0311130006;-3.7098724770;40.3949081930
440009.4178751800;4471692.2003551500;2025-04-10;1900-01-08;11;Carabanchel;111;1;Comillas;ANTONIO LOPEZ, CALLE, DE;69;0311130009;-3.7068705220;40.3936716920
439589.6740735270;4471860.5071733300;2025-04-10;1900-01-08;11;Carabanchel;111;1;Comillas;ANTONIO VICENT, CALLE, DE;35;0311130019;-3.7118319930;40.3951576010
439733.5845418470;4471759.4086884800;2025-04-10;1900-01-08;11;Carabanchel;111;1;Comillas;ANTONIO VICENT, CALLE, DE;64;0311130020;-3.7101268130;40.3942569690
439454.9633297260;4471801.1063468900;2025-04-10;1900-01-08;11;Carabanchel;111;1;Comillas;BALEARES, CALLE, DE;21;0311130022;-3.7134135860;40.3946129470
439468.2971561350;4471679.8912159900;2025-04-10;1900-01-08;11;Carabanchel;111;1;Comillas;BALEARES, CALLE, DE;35;0311130030;-3.7132449640;40.3935216350
439495.6678751800;4471345.2003551500;2025-04-10;1900-01-08;11;Carabanchel;111;1;Comillas;BALEARES, CALLE, DE;46;0311130039;-3.7128907050;40.3905087930
439422.4178751800;4471970.4503551500;2025-04-10;1900-01-08;11;Carabanchel;111;1;Comillas;BALEARES, CALLE, DE;5;0311130017;-3.7138131670;40.3961355830
439529.0556025380;4471404.4503317100;2025-04-10;1900-01-08;11;Carabanchel;111;1;Comillas;BALEARES, CALLE, DE;S/N;0311130035;-3.7125029840;40.3910442220
439667.5428751800;4471685.8253551500;2025-04-10;1900-01-08;11;Carabanchel;111;1;Comillas;CONDE DE VISTAHERMOSA, CALLE, DEL;44;0311130027;-3.7108980720;40.3935898740
439613.2928751800;4471607.5753551500;2025-04-10;1900-01-08;11;Carabanchel;111;1;Comillas;EDUARDO MARQUINA, CALLE, DE;16;0311130031;-3.7115297580;40.3928809530
439408.4178751800;4471376.7003551500;2025-04-10;1900-01-08;11;Carabanchel;111;1;Comillas;EDUARDO RIVAS, CALLE, DE;13;0311130038;-3.7139216270;40.3907861050
439402.1678751800;4471452.1586884800;2025-04-10;1900-01-08;11;Carabanchel;111;1;Comillas;ENRIQUE MOYANO, CALLE, DE;3;0311130036;-3.7140024720;40.3914655180
439666.1678751800;4471647.0753551500;2025-04-10;1900-01-08;11;Carabanchel;111;1;Comillas;FERNANDO DIAZ DE MENDOZA, CALLE, DE;41;0311130028;-3.7109105620;40.3932404270
439804.9178751800;4471563.2003551500;2025-04-10;1900-01-08;11;Carabanchel;111;1;Comillas;FERNANDO DIAZ DE MENDOZA, CALLE, DE;52;0311130029;-3.7092678350;40.3924946650
439304.3434950150;4472026.4162642400;2025-04-10;1900-01-08;11;Carabanchel;111;1;Comillas;FUENLABRADA, CALLE, DE;5;0311130016;-3.7152096940;40.3966314200
439219.1678751800;4471203.9503551500;2025-04-10;1900-01-08;11;Carabanchel;111;1;Comillas;GUADALETE, CALLE, DEL;22;0311130044;-3.7161347920;40.3892156850
439567.4178751800;4471711.9503551500;2025-04-10;1900-01-08;11;Carabanchel;111;1;Comillas;INMACULADA CONCEPCION, CALLE, DE LA;26;0311130026;-3.7120801410;40.3938171090
439648.4178751800;4471422.2420218200;2025-04-10;1900-01-08;11;Carabanchel;111;1;Comillas;JOAQUIN MARTINEZ BORREGUERO, CALLE, DE;19;0311130034;-3.7110983210;40.3912138180
439301.2928751800;4471343.5753551500;2025-04-10;1900-01-08;11;Carabanchel;111;1;Comillas;JUAN PEREZ ALMEIDA, CALLE, DE;12;0311130037;-3.7151805880;40.3904798020
439295.9178751800;4471485.7003551500;2025-04-10;1900-01-08;11;Carabanchel;111;1;Comillas;JUAN PEREZ ALMEIDA, CALLE, DE;2;0311130043;-3.7152574790;40.3917600190
439618.5428751800;4472044.8253551500;2025-04-10;1900-01-08;11;Carabanchel;111;1;Comillas;MANZANARES, AVENIDA, DEL;134;0311130010;-3.7115094180;40.3968200380
439700.0428751800;4471992.5753551500;2025-04-10;1900-01-08;11;Carabanchel;111;1;Comillas;MANZANARES, AVENIDA, DEL;144;0311130011;-3.7105440990;40.3963551400
439827.9748254360;4471932.6418746000;2025-04-10;1900-01-08;11;Carabanchel;111;1;Comillas;MANZANARES, AVENIDA, DEL;160;0311130012;-3.7090310890;40.3958245240
439484.1678751800;4471492.0753551500;2025-04-10;1900-01-08;11;Carabanchel;111;1;Comillas;MIGUEL SORIANO, CALLE, DE;S/N;0311130033;-3.7130401320;40.3918308940
439602.2773793130;4471947.0774212700;2025-04-10;1900-01-08;11;Carabanchel;111;1;Comillas;ORGAZ, CALLE, DE;2;0311130004;-3.7116917330;40.3959384280
439738.1244867510;4471708.2344460600;2025-04-10;1900-01-08;11;Carabanchel;111;1;Comillas;PADRE OLTRA, CALLE, DEL;73;0311130023;-3.7100684860;40.3937967690
439780.4178751800;4471643.7003551500;2025-04-10;1900-01-08;11;Carabanchel;111;1;Comillas;PARADOR DEL SOL, CALLE, DEL;10;0311130024;-3.7095641120;40.3932185400
439691.7928751800;4471508.2003551500;2025-04-10;1900-01-08;11;Carabanchel;111;1;Comillas;PARADOR DEL SOL, CALLE, DEL;25;0311130032;-3.7105954360;40.3919913220
439919.4550025010;4471582.7739769400;2025-04-10;1900-01-08;11;Carabanchel;111;1;Comillas;PEDRO YAGÜE, CALLE, DE;3;0311130025;-3.7079201810;40.3926789860
440015.1745774890;4471841.5214654900;2025-04-10;1900-01-08;11;Carabanchel;111;1;Comillas;SAN DAVID, CALLE, DE;2;0311130015;-3.7068168360;40.3950174560
439955.8345418470;4471885.7420218200;2025-04-10;1900-01-08;11;Carabanchel;111;1;Comillas;SAN DAVID, CALLE, DE;S/N;0311130013;-3.7075201990;40.3954115360
439900.4992326890;4471768.5321581900;2025-04-10;1900-01-08;11;Carabanchel;111;1;Comillas;SAN DELFIN, CALLE, DE;9;0311130008;-3.7081610530;40.3943512780
439865.0845418470;4471468.8253551500;2025-04-10;1900-01-08;11;Carabanchel;111;1;Comillas;SANTA MARIA DE LA CABEZA, PASEO, DE;116;0311130046;-3.7085500340;40.3916487500
439733.9178751800;4471394.5753551500;2025-04-10;1900-01-08;11;Carabanchel;111;1;Comillas;SANTA MARIA DE LA CABEZA, PASEO, DE;122;0311130047;-3.7100884250;40.3909703680
439593.2928751800;4471325.9503551500;2025-04-10;1900-01-08;11;Carabanchel;111;1;Comillas;SANTA MARIA DE LA CABEZA, PASEO, DE;134;0311130048;-3.7117386580;40.3903421770
439394.7928751800;4471279.8253551500;2025-04-10;1900-01-08;11;Carabanchel;111;1;Comillas;SORBE, CALLE, DEL;16;0311130040;-3.7140729460;40.3899122300
439898.9178751800;4471668.9503551500;2025-04-10;1900-01-08;11;Carabanchel;111;1;Comillas;TRIFON PEDRERO, TRAVESIA, DE;1;0311130021;-3.7081703340;40.3934540260
439542.3345418470;4471926.8253551500;2025-04-10;1900-01-08;11;Carabanchel;111;1;Comillas;VICENTE MARTIN ARIAS, CALLE, DE;17;0311130018;-3.7123961850;40.3957513000
439317.7928751800;4471085.9503551500;2025-04-10;1900-01-08;11;Carabanchel;111;1;Comillas;ZUJAR, CALLE, DE;30;0311130050;-3.7149616030;40.3881596660
439102.0228780040;4471436.0801273400;2026-06-18;1900-01-08;11;Carabanchel;112;2;Opañel;ALBERT CAMUS, CALLE, DE;S/N;0311230027;-3.7175372200;40.3912980430
438669.2173224480;4471301.9273495600;2026-06-18;1900-01-08;11;Carabanchel;112;2;Opañel;ALCATRAZ, CALLE, DEL;2;0311230036;-3.7226234240;40.3900581050
439141.8978780040;4471202.3301273400;2026-06-18;1900-01-08;11;Carabanchel;112;2;Opañel;ALEJANDRO SANCHEZ, CALLE, DE;102;0311230039;-3.7170449920;40.3891952880
438802.8562113370;4471281.4551273400;2026-06-18;1900-01-08;11;Carabanchel;112;2;Opañel;ALEJANDRO SANCHEZ, CALLE, DE;57;0311230037;-3.7210469880;40.3898839260
438976.0228780040;4471240.7051273400;2026-06-18;1900-01-08;11;Carabanchel;112;2;Opañel;ALEJANDRO SANCHEZ, CALLE, DE;80;0311230038;-3.7190029610;40.3895292650
438824.5228780040;4470833.2884606700;2026-06-18;1900-01-08;11;Carabanchel;112;2;Opañel;ANTONIA LANCHA, CALLE, DE;20;0311230061;-3.7207487060;40.3858474950
438737.0228780040;4470833.3301273400;2026-06-18;1900-01-08;11;Carabanchel;112;2;Opañel;ANTONIA LANCHA, CALLE, DE;27;0311230064;-3.7217794570;40.3858417660
439267.3978780040;4471742.7051273400;2026-06-18;1900-01-08;11;Carabanchel;112;2;Opañel;ANTONIO DE LEYVA, CALLE, DE;23;0311230009;-3.7156179840;40.3940726480
439255.0228780040;4471394.0801273400;2026-06-18;1900-01-08;11;Carabanchel;112;2;Opañel;ANTONIO DE LEYVA, CALLE, DE;66;0311230028;-3.7157306270;40.3909311210
439292.3978780040;4471557.9551273400;2026-06-18;1900-01-08;11;Carabanchel;112;2;Opañel;ANTONIO DE LEYVA, CALLE, DE;S/N;0311230013;-3.7153058360;40.3924098670
439135.2728780040;4470934.0384606700;2026-06-18;1900-01-08;11;Carabanchel;112;2;Opañel;ANTONIO DE LEYVA, CALLE, DE;S/N;0311230056;-3.7170974180;40.3867786090
439120.7728780040;4471346.3301273400;2026-06-18;1900-01-08;11;Carabanchel;112;2;Opañel;ANTONIO GONZALEZ PORRAS, CALLE, DE;15;0311230032;-3.7173076930;40.3904909740
438984.3978780040;4471425.7051273400;2026-06-18;1900-01-08;11;Carabanchel;112;2;Opañel;ANTONIO GONZALEZ PORRAS, CALLE, DE;20;0311230026;-3.7189219450;40.3911963430
439215.8978780040;4471242.0801273400;2026-06-18;1900-01-08;11;Carabanchel;112;2;Opañel;ANTOÑITA JIMENEZ, CALLE, DE;2;0311230033;-3.7161769610;40.3895589440
438959.4395446700;4471348.3717940100;2026-06-18;1900-01-08;11;Carabanchel;112;2;Opañel;ANTOÑITA JIMENEZ, CALLE, DE;43;0311230031;-3.7192086530;40.3904979650
439115.3978780040;4471113.8301273400;2026-06-18;1900-01-08;11;Carabanchel;112;2;Opañel;ARROYO OPAÑEL, CALLE, DEL;6;0311230048;-3.7173487750;40.3883965850
438923.3978780040;4471639.7051273400;2026-06-18;1900-01-08;11;Carabanchel;112;2;Opañel;BELMONTE DE TAJO, CALLE, DE;19;0311230019;-3.7196611750;40.3931193040
438885.8562113370;4471384.3717940100;2026-06-18;1900-01-08;11;Carabanchel;112;2;Opañel;BELMONTE DE TAJO, CALLE, DE;58;0311230030;-3.7200790330;40.3908166440
438689.3978780040;4471142.9551273400;2026-06-18;1900-01-08;11;Carabanchel;112;2;Opañel;CIGÜEÑA, CALLE, DE LA;S/N;0311230044;-3.7223704060;40.3886278300
438903.6478780040;4471048.7051273400;2026-06-18;1900-01-08;11;Carabanchel;112;2;Opañel;EUSEBIO MORAN, CALLE, DE;25;0311230051;-3.7198371880;40.3877945780
438827.3978780040;4471195.5801273400;2026-06-18;1900-01-08;11;Carabanchel;112;2;Opañel;EUSEBIO MORAN, CALLE, DE;8;0311230042;-3.7207496230;40.3891118650
439030.7728780040;4470925.3301273400;2026-06-18;1900-01-08;11;Carabanchel;112;2;Opañel;EVORA, CALLE, DE;9;0311230058;-3.7183277300;40.3866924930
438957.0228780040;4471489.2884606700;2026-06-18;1900-01-08;11;Carabanchel;112;2;Opañel;FERNANDO GONZALEZ, CALLE, DE;2;0311230022;-3.7192506510;40.3917674100
439285.6895446700;4472026.1217940100;2026-06-16;1900-01-08;11;Carabanchel;112;2;Opañel;FUENLABRADA, CALLE, DE;7;0311230001;-3.7154294810;40.3966274670
438964.8978780040;4471872.4551273400;2026-06-18;1900-01-08;11;Carabanchel;112;2;Opañel;GENERAL MARTIN CEREZO, CALLE, DEL;3;0311230006;-3.7191945580;40.3952190220
438780.3562113370;4471520.0384606700;2026-06-18;1900-01-08;11;Carabanchel;112;2;Opañel;HERMANOS DEL MORAL, CALLE, DE LOS;45;0311230020;-3.7213349570;40.3920307990
438764.7728780040;4471429.0801273400;2026-06-18;1900-01-08;11;Carabanchel;112;2;Opañel;HERMANOS DEL MORAL, CALLE, DE LOS;57;0311230024;-3.7215098810;40.3912103230
438823.7728780040;4471097.9551273400;2026-06-18;1900-01-08;11;Carabanchel;112;2;Opañel;HORNERO, CALLE, DEL;6;0311230045;-3.7207829690;40.3882324890
439165.1478780040;4472011.9551273400;2026-06-16;1900-01-08;11;Carabanchel;112;2;Opañel;JACINTO CAMARERO, CALLE, DE;7;0311230002;-3.7168484680;40.3964904160
439108.2728780040;4471898.0801273400;2026-06-16;1900-01-08;11;Carabanchel;112;2;Opañel;JACINTO VERDAGUER, CALLE, DE;21;0311230005;-3.7175077130;40.3954605240
438862.0228780040;4471809.8301273400;2026-06-18;1900-01-08;11;Carabanchel;112;2;Opañel;JOAQUIN MARTIN, CALLE, DE;13;0311230007;-3.7204006340;40.3946474970
438864.6478780040;4470872.3301273400;2026-06-18;1900-01-08;11;Carabanchel;112;2;Opañel;JULIO DOMINGO, CALLE, DE;1;0311230059;-3.7202796830;40.3862022710
438743.1478780040;4470876.5801273400;2026-06-18;1900-01-08;11;Carabanchel;112;2;Opañel;JULIO DOMINGO, CALLE, DE;19;0311230060;-3.7217115620;40.3862320650
439225.1478780040;4471948.3301273400;2026-06-16;1900-01-08;11;Carabanchel;112;2;Opañel;LOLA MEMBRIVES, CALLE, DE;13 A;0311230003;-3.7161354220;40.3959218690
438746.6478780040;4471648.7051273400;2026-06-18;1900-01-08;11;Carabanchel;112;2;Opañel;MERCEDES ARTEAGA, CALLE, DE;15;0311230018;-3.7217445640;40.3931882310
438678.1478780040;4471511.0801273400;2026-06-18;1900-01-08;11;Carabanchel;112;2;Opañel;MERCEDES ARTEAGA, CALLE, DE;27;0311230023;-3.7225383400;40.3919431360
438612.2728780040;4471337.3301273400;2026-06-18;1900-01-08;11;Carabanchel;112;2;Opañel;MERCEDES ARTEAGA, CALLE, DE;51;0311230034;-3.7232977380;40.3903727160
438790.0228780040;4471703.3717940100;2026-06-18;1900-01-08;11;Carabanchel;112;2;Opañel;MERCEDES ARTEAGA, CALLE, DE;8;0311230016;-3.7212387000;40.3936832660
439005.0228780040;4471091.8301273400;2026-06-18;1900-01-08;11;Carabanchel;112;2;Opañel;MIGUEL MAYOR, CALLE, DE;21;0311230047;-3.7186469820;40.3881904340
439220.1478780040;4471511.9551273400;2026-06-18;1900-01-08;11;Carabanchel;112;2;Opañel;MIGUEL SORIANO, CALLE, DE;S/N;0311230014;-3.7161526680;40.3919904050
438686.5228780040;4471381.7051273400;2026-06-18;1900-01-08;11;Carabanchel;112;2;Opañel;MORENES ARTEAGA, CALLE, DE;22;0311230029;-3.7224272430;40.3907782550
439254.5228780040;4471619.0801273400;2026-06-18;1900-01-08;11;Carabanchel;112;2;Opañel;NAVAHONDA, CALLE, DE;5;0311230012;-3.7157579570;40.3929585320
438807.7728780040;4470771.4551273400;2026-06-18;1900-01-08;11;Carabanchel;112;2;Opañel;OPORTO, AVENIDA, DE;16;0311230066;-3.7209400740;40.3852893200
438689.0228780040;4470778.3301273400;2026-06-18;1900-01-08;11;Carabanchel;112;2;Opañel;OPORTO, AVENIDA, DE;24;0311230065;-3.7223397530;40.3853431210
438973.5228780040;4470768.3301273400;2026-06-18;1900-01-08;11;Carabanchel;112;2;Opañel;OPORTO, AVENIDA, DE;4 D;0311230067;-3.7189872050;40.3852739650
438586.8978780040;4471080.8301273400;2026-06-18;1900-01-08;11;Carabanchel;112;2;Opañel;PORTALEGRE, CALLE, DE;31;0311230049;-3.7235719560;40.3880606590
438620.3978780040;4470953.3301273400;2026-06-18;1900-01-08;11;Carabanchel;112;2;Opañel;PORTALEGRE, CALLE, DE;65;0311230053;-3.7231649840;40.3869144570
438595.3978780040;4470820.5801273400;2026-06-18;1900-01-08;11;Carabanchel;112;2;Opañel;PORTALEGRE, CALLE, DE;73;0311230063;-3.7234467070;40.3857161730
438581.5228780040;4471213.8301273400;2026-06-18;1900-01-08;11;Carabanchel;112;2;Opañel;PORTALEGRE, CALLE, DE;9;0311230040;-3.7236481020;40.3892576830
438868.6478780040;4471673.3301273400;2026-06-18;1900-01-08;11;Carabanchel;112;2;Opañel;SALLABERRY, CALLE, DE;26;0311230017;-3.7203094770;40.3934182160
438848.3562113370;4471509.2884606700;2026-06-18;1900-01-08;11;Carabanchel;112;2;Opañel;SALLABERRY, CALLE, DE;65;0311230021;-3.7205328160;40.3919395260
438837.6478780040;4471437.4551273400;2026-06-18;1900-01-08;11;Carabanchel;112;2;Opañel;SALLABERRY, CALLE, DE;77;0311230025;-3.7206521050;40.3912917980
438772.3644774780;4470938.8016021200;2026-06-18;1900-01-08;11;Carabanchel;112;2;Opañel;SANTA CATALINA DE LABOURE, CALLE, DE;1;0311230054;-3.7213732870;40.3867944800
439036.5228780040;4471052.3301273400;2026-06-18;1900-01-08;11;Carabanchel;112;2;Opañel;SANTA CATALINA DE LABOURE, CALLE, DE;25;0311230052;-3.7182721530;40.3878363460
438956.7728780040;4470964.0384606700;2026-06-18;1900-01-08;11;Carabanchel;112;2;Opañel;SANTA FLORA, CALLE, DE;8;0311230055;-3.7192032100;40.3870355810
438941.7728780040;4470904.7051273400;2026-06-18;1900-01-08;11;Carabanchel;112;2;Opañel;SANTA LUCRECIA, CALLE, DE;12;0311230057;-3.7193742380;40.3865000370
438941.7728780040;4471113.2884606700;2026-06-18;1900-01-08;11;Carabanchel;112;2;Opañel;SOLANA DE OPAÑEL, CALLE, DE LA;22;0311230046;-3.7193942340;40.3883786510
438637.7728780040;4471149.4551273400;2026-06-18;1900-01-08;11;Carabanchel;112;2;Opañel;TINAMUS, CALLE, DEL;4;0311230043;-3.7229792310;40.3886824900
438751.6478780040;4471051.3301273400;2026-06-18;1900-01-08;11;Carabanchel;112;2;Opañel;TINAMUS, CALLE, DEL;43;0311230050;-3.7216281390;40.3878063810
439287.7728780040;4471883.0801273400;2026-06-16;1900-01-08;11;Carabanchel;112;2;Opañel;TOMAS MEABE, CALLE, DE;3;0311230004;-3.7153913220;40.3953385980
438706.8978780040;4471182.4551273400;2026-06-18;1900-01-08;11;Carabanchel;112;2;Opañel;UROGALLO, CALLE, DEL;24;0311230041;-3.7221679800;40.3889847260
439194.2728780040;4471718.2051273400;2026-06-18;1900-01-08;11;Carabanchel;112;2;Opañel;VERDAD, CALLE, DE LA;15;0311230010;-3.7164771910;40.3938467310
439121.5228780040;4471483.4551273400;2026-06-18;1900-01-08;11;Carabanchel;112;2;Opañel;VERDAD, CALLE, DE LA;29;0311230015;-3.7173118760;40.3917267300
439212.0228780040;4471820.5801273400;2026-06-18;1900-01-08;11;Carabanchel;112;2;Opañel;VERDAD, CALLE, DE LA;7;0311230008;-3.7162778590;40.3947703390
439158.0228780040;4471616.8301273400;2026-06-18;1900-01-08;11;Carabanchel;112;2;Opañel;VERDAD, CALLE, DE LA;S/N;0311230011;-3.7168945910;40.3929308010
438980.6895446700;4470830.3717940100;2026-06-18;1900-01-08;11;Carabanchel;112;2;Opañel;VIA, CALLE, DE LA;48;0311230062;-3.7189087090;40.3858334580
438815.9395446700;4471347.9551273400;2026-06-18;1900-01-08;11;Carabanchel;112;2;Opañel;VIRGEN DE BELEN, CALLE, DE LA;48;0311230035;-3.7208992790;40.3904835830
438916.9272344270;4472145.9386392700;2026-06-19;1900-01-08;11;Carabanchel;113;3;San Isidro;ANTONIO VICO, CALLE, DE;S/N;0311330023;-3.7197859650;40.3976793030
439081.8717426550;4472301.1880333200;2026-06-19;1900-01-08;11;Carabanchel;113;3;San Isidro;CEFEO, CALLE, DE;5;0311330019;-3.7178573890;40.3990903830
438971.9087371690;4472271.7199889300;2026-06-19;1900-01-08;11;Carabanchel;113;3;San Isidro;CEFEO, CALLE, DE;S/N;0311330018;-3.7191502110;40.3988164520
438848.2304849430;4471951.6299934000;2026-06-19;1900-01-08;11;Carabanchel;113;3;San Isidro;COMUNEROS DE CASTILLA, CALLE, DE LOS;6;0311330028;-3.7205767040;40.3959240470
438748.0281401540;4472214.5698422300;2026-06-19;1900-01-08;11;Carabanchel;113;3;San Isidro;COMUNEROS DE CASTILLA, CALLE, DE LOS;S/N;0311330015;-3.7217827230;40.3982859510
438489.7696603100;4472879.0844795900;2023-09-18;1900-01-08;11;Carabanchel;113;3;San Isidro;ERMITA DEL SANTO, PASEO, DE LA;S/N;0311330002;-3.7248899880;40.4042530200
438488.1870688160;4472711.5276052100;2023-09-18;1900-01-08;11;Carabanchel;113;3;San Isidro;ERMITA DEL SANTO, PASEO, DE LA;S/N;0311330003;-3.7248924510;40.4027430470
438496.2978502210;4472604.5048554500;2023-09-18;1900-01-08;11;Carabanchel;113;3;San Isidro;ERMITA DEL SANTO, PASEO, DE LA;S/N;0311330005;-3.7247865120;40.4017799620
438452.9744080840;4472550.6967446700;2023-09-18;1900-01-08;11;Carabanchel;113;3;San Isidro;ERMITA DEL SANTO, PASEO, DE LA;S/N;0311330007;-3.7252918030;40.4012914010
438865.7727504360;4472021.3053952300;2026-06-19;1900-01-08;11;Carabanchel;113;3;San Isidro;INVENCIBLES, CALLE, DE LOS;5;0311330027;-3.7203767420;40.3965532120
438568.3057631780;4472702.2298801800;2023-09-18;1900-01-08;11;Carabanchel;113;3;San Isidro;IVAN DE VARGAS, TRAVESIA, DE;1;0311330004;-3.7239474150;40.4026652960
438957.3660659100;4472050.0080358700;2026-06-19;1900-01-08;11;Carabanchel;113;3;San Isidro;MANUEL CARMONA, CALLE, DE;9;0311330026;-3.7193003260;40.3968183770
439114.4014020500;4472190.3320568000;2026-06-19;1900-01-08;11;Carabanchel;113;3;San Isidro;PABLO MONTESINOS, CALLE, DE;11;0311330022;-3.7174634810;40.3980942960
439006.8621751080;4472185.6120670000;2026-06-19;1900-01-08;11;Carabanchel;113;3;San Isidro;QUINCE DE MAYO, PASEO, DEL;18;0311330021;-3.7187301180;40.3980437040
438892.3668911000;4472242.8112162900;2026-06-19;1900-01-08;11;Carabanchel;113;3;San Isidro;QUINCE DE MAYO, PASEO, DEL;28;0311330017;-3.7200847050;40.3985502560
439089.0155109920;4472125.5278725900;2026-06-19;1900-01-08;11;Carabanchel;113;3;San Isidro;QUINCE DE MAYO, PASEO, DEL;7;0311330024;-3.7177563190;40.3975081030
438822.2723039510;4472263.7470332000;2026-06-19;1900-01-08;11;Carabanchel;113;3;San Isidro;QUINCE DE MAYO, PASEO, DEL;S/N;0311330016;-3.7209126290;40.3987339460
438509.3542300430;4472904.0102956100;2023-09-18;1900-01-08;11;Carabanchel;113;3;San Isidro;SAN AMBROSIO, CALLE, DE;S/N;0311330001;-3.7246615490;40.4044791090
438811.6292053150;4472382.9420463500;2023-09-18;1900-01-08;11;Carabanchel;113;3;San Isidro;SAN CANDIDO, CALLE, DE;S/N;0311330012;-3.7210495090;40.3998070960
438660.2938937420;4472617.5612352800;2023-09-18;1900-01-08;11;Carabanchel;113;3;San Isidro;SAN DAMASO, CALLE, DE;S/N;0311330008;-3.7228553000;40.4019091640
438703.6453336880;4472385.2895706900;2023-09-18;1900-01-08;11;Carabanchel;113;3;San Isidro;SAN ILLAN, PASEO, DE;39;0311330011;-3.7223220480;40.3998198160
438819.7735551700;4472313.9738715400;2023-09-18;1900-01-08;11;Carabanchel;113;3;San Isidro;SAN ILLAN, PASEO, DE;55;0311330013;-3.7209469490;40.3991861250
438523.2019056110;4472637.1458050100;2023-09-18;1900-01-08;11;Carabanchel;113;3;San Isidro;SAN ILLAN, PASEO, DE;7;0311330006;-3.7244726450;40.4020761810
438568.5035871150;4472513.1101967000;2023-09-18;1900-01-08;11;Carabanchel;113;3;San Isidro;SAN ILLAN, PASEO, DE;S/N;0311330009;-3.7239268460;40.4009616060
438911.1346454730;4472300.8451126300;2023-09-18;1900-01-08;11;Carabanchel;113;3;San Isidro;SAN ILLAN, PASEO, DE;S/N;0311330014;-3.7198691010;40.3990743980
438705.7933991820;4472490.1626200400;2023-09-18;1900-01-08;11;Carabanchel;113;3;San Isidro;SAN POMPEYO, CALLE, DE;1;0311330010;-3.7223068080;40.4007647380
439003.2902909390;4472106.1376442400;2026-06-19;1900-01-08;11;Carabanchel;113;3;San Isidro;VICENTA PARRA, CALLE, DE;14;0311330025;-3.7187645530;40.3973272780
439207.1428231500;4472215.7179478500;2026-06-19;1900-01-08;11;Carabanchel;113;3;San Isidro;VIRGEN DEL PUERTO, PASEO, DE LA;S/N;0311330020;-3.7163730850;40.3983294380
440855.5847721670;4470453.7456627200;2024-09-25;1900-01-08;12;Usera;124;4;Almendrales;(Sin Asignar);S/N;0712430011;-3.6967858350;40.3825750470
440545.1556642660;4470929.9094054000;2024-09-25;1900-01-08;12;Usera;124;4;Almendrales;ALMENDRALES, CALLE, DE LOS;21;0712430036;-3.7004873140;40.3868430090
440250.1556642660;4470776.2010720700;2024-09-25;1900-01-08;12;Usera;124;4;Almendrales;AMOR HERMOSO, CALLE, DEL;38;0712430056;-3.7039482660;40.3854371430
440302.1556642660;4470415.8260720700;2024-09-25;1900-01-08;12;Usera;124;4;Almendrales;AMOR HERMOSO, CALLE, DEL;92;0712430066;-3.7033018550;40.3821940300
440825.6093028540;4470980.9662264800;2024-09-25;1900-01-08;12;Usera;124;4;Almendrales;ANTONIO LOPEZ, CALLE, DE;171;0712430002;-3.6971879940;40.3873230330
440884.7098724990;4470813.3374526500;2024-09-25;1900-01-08;12;Usera;124;4;Almendrales;ANTONIO LOPEZ, CALLE, DE;189;0712430005;-3.6964760940;40.3858170710
440953.2799906050;4470498.6946364600;2024-09-25;1900-01-08;12;Usera;124;4;Almendrales;ANTONIO LOPEZ, CALLE, DE;199;0712430010;-3.6956391740;40.3829870610
440962.6556642660;4470328.9510720700;2024-09-25;1900-01-08;12;Usera;124;4;Almendrales;ANTONIO LOPEZ, CALLE, DE;223;0712430014;-3.6955130090;40.3814591540
440937.0306642660;4470411.0760720700;2024-09-25;1900-01-08;12;Usera;124;4;Almendrales;ANTONIO LOPEZ, CALLE, DE;246 D;0712430012;-3.6958224640;40.3821968950
440903.6870540150;4470893.7181429400;2024-09-25;1900-01-08;12;Usera;124;4;Almendrales;ANTONIO LOPEZ, CALLE, DE;S/N;0712430003;-3.6962599740;40.3865427800
440270.4056642660;4470725.3260720700;2024-09-25;1900-01-08;12;Usera;124;4;Almendrales;ANTONIO SALVADOR, CALLE, DE;69;0712430057;-3.7037048160;40.3849798650
440167.9043759050;4470711.2918374400;2025-04-02;1900-01-08;12;Usera;124;4;Almendrales;ANTONIO SALVADOR, CALLE, DE;83;0712430061;-3.7049110640;40.3848467670
441037.4056642660;4470398.2010720700;2024-09-25;1900-01-08;12;Usera;124;4;Almendrales;AÑAFIL, CALLE, DE LA;10;0712430013;-3.6946388470;40.3820883760
440557.4056642660;4470582.3260720700;2024-09-25;1900-01-08;12;Usera;124;4;Almendrales;ASUNCION, CALLE, DE LA;Fte 2 S;0712430041;-3.7003105570;40.3837121390
440703.1556642660;4470728.2010720700;2024-09-25;1900-01-08;12;Usera;124;4;Almendrales;CORDOBA, AVENIDA, DE;14;0712430022;-3.6986070960;40.3850373330
440735.6556642660;4470733.7010720700;2024-09-25;1900-01-08;12;Usera;124;4;Almendrales;CORDOBA, AVENIDA, DE;15;0712430019;-3.6982247040;40.3850891860
440836.6556642660;4470307.5760720700;2024-09-25;1900-01-08;12;Usera;124;4;Almendrales;CORDOBA, AVENIDA, DE;31;0712430016;-3.6969953080;40.3812571870
440702.6556642660;4470881.3260720700;2024-09-25;1900-01-08;12;Usera;124;4;Almendrales;CORDOBA, AVENIDA, DE;7;0712430020;-3.6986272640;40.3864161560
440670.7806642660;4470866.4510720700;2024-09-25;1900-01-08;12;Usera;124;4;Almendrales;CORDOBA, AVENIDA, DE;8;0712430021;-3.6990013480;40.3862801360
440802.0306642660;4470296.9510720700;2024-09-25;1900-01-08;12;Usera;124;4;Almendrales;CORDOBA, AVENIDA, DE;Fte 31;0712430024;-3.6974022230;40.3811588100
440889.9056642660;4470204.4510720700;2024-09-25;1900-01-08;12;Usera;124;4;Almendrales;CORDOBA, AVENIDA, DE;S/N;0712430015;-3.6963584080;40.3803323180
440532.7806642660;4470401.0760720700;2024-09-25;1900-01-08;12;Usera;124;4;Almendrales;CRISTO DE LA VICTORIA, CALLE, DEL;26;0712430043;-3.7005837430;40.3820781780
440348.9889975990;4470272.3260720700;2024-09-25;1900-01-08;12;Usera;124;4;Almendrales;CRISTO DE LA VICTORIA, CALLE, DEL;86;0712430050;-3.7027366890;40.3809046460
440444.2389975990;4470323.0760720700;2024-09-25;1900-01-08;12;Usera;124;4;Almendrales;CRISTO DE LA VICTORIA, CALLE, DEL;Fte 62;0712430049;-3.7016194210;40.3813687990
440619.3223309330;4470345.8260720700;2024-09-25;1900-01-08;12;Usera;124;4;Almendrales;CRISTO DE LEPANTO, CALLE, DEL;1;0712430045;-3.6995590650;40.3815865230
440443.0723309330;4470228.9094054000;2024-09-25;1900-01-08;12;Usera;124;4;Almendrales;CRISTO DE LEPANTO, CALLE, DEL;11;0712430048;-3.7016243490;40.3805202480
440527.5306642660;4470294.9510720700;2024-09-25;1900-01-08;12;Usera;124;4;Almendrales;CRISTO DE LIMPIAS, CALLE, DEL;7;0712430047;-3.7006355960;40.3811212240
440724.1556642660;4470105.5760720700;2024-09-25;1900-01-08;12;Usera;124;4;Almendrales;DOCTOR TOLOSA LATOUR, CALLE, DEL;S/N;0712430025;-3.6983017090;40.3794296800
440613.5306642660;4470043.9510720700;2024-09-25;1900-01-08;12;Usera;124;4;Almendrales;DOCTOR TOLOSA LATOUR, CALLE, DEL;S/N;0712430026;-3.6995991150;40.3788667490
440220.9889975990;4470308.2427387400;2024-09-25;1900-01-08;12;Usera;124;4;Almendrales;FERROVIARIOS, CALLE, DE LOS;103;0712430065;-3.7042479800;40.3812198300
440745.5306642660;4470546.4510720700;2024-09-25;1900-01-08;12;Usera;124;4;Almendrales;FUENCISLA, PLAZA, DE;S/N;0712430023;-3.6980909750;40.3834027420
440508.4056642660;4470692.5760720700;2024-09-25;1900-01-08;12;Usera;124;4;Almendrales;HIJAS DE JESUS, CALLE, DE LAS;ESQ.MANUEL MUÑO;0712430040;-3.7008980680;40.3847025540
440527.7806642660;4470848.0760720700;2024-09-25;1900-01-08;12;Usera;124;4;Almendrales;JESUS DEL GRAN PODER, CALLE, DE;46;0712430034;-3.7006843540;40.3861047530
440632.0306642660;4470852.9510720700;2024-09-25;1900-01-08;12;Usera;124;4;Almendrales;JULIO AGUIRRE, CALLE, DE;Fte 1;0712430035;-3.6994566200;40.3861558610
440196.8223309330;4470502.1594054000;2024-09-25;1900-01-08;12;Usera;124;4;Almendrales;JULIO MERINO, CALLE, DE;21;0712430064;-3.7045508450;40.3829648300
440562.7389975990;4470520.6594054000;2024-09-25;1900-01-08;12;Usera;124;4;Almendrales;LOYOLA, CALLE, DE;S/N;0712430042;-3.7002419160;40.3831576300
440398.7806642660;4470740.2010720700;2024-09-25;1900-01-08;12;Usera;124;4;Almendrales;MADRE CANDIDA MARIA DE JESUS, CALLE, DE LA;3;0712430054;-3.7021939840;40.3851236780
440809.3223309330;4470743.7427387400;2024-09-25;1900-01-08;12;Usera;124;4;Almendrales;MANUEL MONTERO VALLEJO, CALLE, DE;S/N;0712430018;-3.6973577610;40.3851842970
440446.7806642660;4470776.3260720700;2024-09-25;1900-01-08;12;Usera;124;4;Almendrales;MANUEL MUÑOZ, CALLE, DE;20;0712430039;-3.7016318550;40.3854525550
440920.4724736230;4470549.7630465400;2024-09-25;1900-01-08;12;Usera;124;4;Almendrales;MARCELO MUÑOZ DIAZ, CALLE, DE;S/N;0712430009;-3.6960303900;40.3834451410
440784.5723309330;4470538.7427387400;2024-09-25;1900-01-08;12;Usera;124;4;Almendrales;MARCELO MUÑOZ DIAZ, CALLE, DE;S/N;0712430017;-3.6976303170;40.3833360490
440125.9056642660;4470627.7427387400;2024-09-25;1900-01-08;12;Usera;124;4;Almendrales;NICOLAS USERA, CALLE, DE;53;0712430062;-3.7053980210;40.3840911500
440153.9056642660;4470406.9927387400;2024-09-25;1900-01-08;12;Usera;124;4;Almendrales;NICOLAS USERA, CALLE, DE;93;0712430063;-3.7050474280;40.3821044770
440368.2806642660;4470344.5760720700;2024-09-25;1900-01-08;12;Usera;124;4;Almendrales;OLVIDO, CALLE, DEL;123;0712430067;-3.7025162150;40.3815568440
440360.7806642660;4470802.7010720700;2024-09-25;1900-01-08;12;Usera;124;4;Almendrales;OLVIDO, CALLE, DEL;31;0712430055;-3.7026474800;40.3856836290
440368.7389975990;4470530.9094054000;2024-09-25;1900-01-08;12;Usera;124;4;Almendrales;OLVIDO, CALLE, DEL;92;0712430052;-3.7025283040;40.3832355530
441101.4854716280;4470571.0487242900;2024-09-25;1900-01-08;12;Usera;124;4;Almendrales;PERALES, CAMINO, DE;1;0712430008;-3.6938999610;40.3836494570
441092.2806642660;4470670.0760720700;2024-09-25;1900-01-08;12;Usera;124;4;Almendrales;PERALES, CAMINO, DE;S/N;0712430007;-3.6940175320;40.3845413810
440941.5534235010;4470688.0157870500;2024-09-25;1900-01-08;12;Usera;124;4;Almendrales;PERALES, CAMINO, DE;S/N ESQ.A.LOPEZ;0712430006;-3.6957948470;40.3846917820
440666.1556642660;4470505.4510720700;2024-09-25;1900-01-08;12;Usera;124;4;Almendrales;PIEDRABUENA, CALLE, DE;4;0712430031;-3.6990222610;40.3830280850
440323.4152722000;4470624.3721359200;2024-09-25;1900-01-08;12;Usera;124;4;Almendrales;PILARICA, CALLE, DE LA;58;0712430058;-3.7030709530;40.3840743630
440448.7806642660;4470568.3260720700;2024-09-25;1900-01-08;12;Usera;124;4;Almendrales;PORTA COELI, CALLE, DE;Fte 2;0712430053;-3.7015888830;40.3835782960
440209.2389975990;4470715.4927387400;2024-09-25;1900-01-08;12;Usera;124;4;Almendrales;RAMON LUJAN, CALLE, DE;49;0712430060;-3.7044245660;40.3848875620
440235.2806642660;4470561.9510720700;2024-09-25;1900-01-08;12;Usera;124;4;Almendrales;RAMON LUJAN, CALLE, DE;77;0712430059;-3.7041034230;40.3835058740
440480.7806642660;4470826.9510720700;2024-09-25;1900-01-08;12;Usera;124;4;Almendrales;SAN ANTONIO DE PADUA, CALLE, DE;31;0712430038;-3.7012359980;40.3859109790
440550.6678751800;4470242.9920218200;2024-09-25;1900-01-08;12;Usera;124;4;Almendrales;SAN FROILAN, CALLE, DE;11;0712430046;-3.7003582840;40.3806555240
440719.9679636090;4471003.3634134600;2024-09-25;1900-01-08;12;Usera;124;4;Almendrales;SAN SERAPIO, CALLE, DE;3;0712430001;-3.6984346360;40.3875172660
440658.8223309330;4470629.4927387400;2024-09-25;1900-01-08;12;Usera;124;4;Almendrales;SANTA CRUZ DE MUDELA, CALLE, DE;13;0712430032;-3.6991201800;40.3841445500
440590.4889975990;4470715.3260720700;2024-09-25;1900-01-08;12;Usera;124;4;Almendrales;SANTA CRUZ DE MUDELA, CALLE, DE;2;0712430033;-3.6999331490;40.3849127720
440609.4056642660;4470433.7010720700;2024-09-25;1900-01-08;12;Usera;124;4;Almendrales;SANTUARIO, CALLE, DEL;54;0712430044;-3.6996840850;40.3823776060
440797.6785687500;4470877.5502722800;2024-09-25;1900-01-08;12;Usera;124;4;Almendrales;SEBASTIAN GOMEZ, CALLE, DE;2;0712430004;-3.6975074750;40.3863890550
440733.6556642660;4470366.2010720700;2024-09-25;1900-01-08;12;Usera;124;4;Almendrales;TOMELLOSO, CALLE, DE;4;0712430030;-3.6982141040;40.3817778330
440621.4056642660;4470157.9510720700;2024-09-25;1900-01-08;12;Usera;124;4;Almendrales;TOMELLOSO, CALLE, DE;55;0712430028;-3.6995169530;40.3798936620
440673.1556642660;4470097.1594054000;2024-09-25;1900-01-08;12;Usera;124;4;Almendrales;TOMELLOSO, CALLE, DE;57;0712430027;-3.6989017680;40.3793502110
440655.1556642660;4470238.0760720700;2024-09-25;1900-01-08;12;Usera;124;4;Almendrales;TOMELLOSO, CALLE, DE;S/N;0712430029;-3.6991269400;40.3806185680
440414.4056642660;4470431.0760720700;2024-09-25;1900-01-08;12;Usera;124;4;Almendrales;VISITACION, CALLE, DE LA;10;0712430051;-3.7019809010;40.3823397900
440202.2520207190;4471767.9404267700;2024-08-30;1900-01-08;12;Usera;125;5;Moscardó;A-42, AUTOVIA;S/N;0712530001;-3.7046056780;40.3943677790
439819.7234869180;4471394.3671168500;2024-08-30;1900-01-08;12;Usera;125;5;Moscardó;A-42, AUTOVIA;S/N;0712530026;-3.7090774410;40.3909746080
440425.1556642660;4471054.8260720700;2024-08-30;1900-01-08;12;Usera;125;5;Moscardó;AMPARO USERA, CALLE, DE;18;0712530031;-3.7019126610;40.3879591310
440578.4612198220;4471119.8538498500;2024-08-30;1900-01-08;12;Usera;125;5;Moscardó;AMPARO USERA, CALLE, DE;2;0712530018;-3.7001125420;40.3885566690
440234.7806642660;4470996.7010720700;2024-08-30;1900-01-08;12;Usera;125;5;Moscardó;AMPARO USERA, CALLE, DE;29;0712530035;-3.7041500610;40.3874220410
440087.1556642660;4470964.8260720700;2024-08-30;1900-01-08;12;Usera;125;5;Moscardó;AMPARO USERA, CALLE, DE;41;0712530039;-3.7058862950;40.3871246750
440021.0723309330;4471099.4094054000;2024-08-30;1900-01-08;12;Usera;125;5;Moscardó;ANDRES ARTEAGA, CALLE, DE;14;0712530043;-3.7066773780;40.3883322990
440079.2806642660;4471239.0760720700;2024-08-30;1900-01-08;12;Usera;125;5;Moscardó;ANDRES ARTEAGA, CALLE, DE;2;0712530044;-3.7060048400;40.3895944100
440534.6556642660;4471211.9510720700;2024-08-30;1900-01-08;12;Usera;125;5;Moscardó;ANTONIO LOPEZ, CALLE, DE;115;0712530007;-3.7006373150;40.3893826450
440218.4056642660;4471519.8260720700;2024-08-30;1900-01-08;12;Usera;125;5;Moscardó;ANTONIO LOPEZ, CALLE, DE;118;0712530014;-3.7043920790;40.3921341600
440367.6556642660;4471361.7010720700;2024-08-30;1900-01-08;12;Usera;125;5;Moscardó;ANTONIO LOPEZ, CALLE, DE;144;0712530016;-3.7026187740;40.3907202150
440447.6556642660;4471270.7010720700;2024-08-30;1900-01-08;12;Usera;125;5;Moscardó;ANTONIO LOPEZ, CALLE, DE;152;0712530017;-3.7016677220;40.3899058130
440169.9056642660;4471589.4510720700;2024-08-30;1900-01-08;12;Usera;125;5;Moscardó;ANTONIO LOPEZ, CALLE, DE;81;0712530011;-3.7049699640;40.3927577670
440085.0439434580;4471645.8157560100;2024-08-30;1900-01-08;12;Usera;125;5;Moscardó;ANTONIO LOPEZ, CALLE, DE;S/N;0712530012;-3.7059751610;40.3932587040
440394.6096996690;4471376.1360620700;2025-05-16;1900-01-08;12;Usera;125;5;Moscardó;ANTONIO LOPEZ, CALLE, DE;S/N;0712530081;-3.7023025590;40.3908515940
440127.7806642660;4471308.3260720700;2024-08-30;1900-01-08;12;Usera;125;5;Moscardó;CALESAS, CALLE, DE LAS;S/N;0712530045;-3.7054399040;40.3902217990
440338.5723309330;4471121.9927387400;2024-08-30;1900-01-08;12;Usera;125;5;Moscardó;CARMEN BRUGUERA, CALLE, DE;25;0712530030;-3.7029390010;40.3885582730
439793.1212042130;4471302.7955628500;2024-08-30;1900-01-08;12;Usera;125;5;Moscardó;DOCTOR CARMENA RUIZ, CALLE, DEL;7;0712530048;-3.7093821970;40.3901476010
439850.5167753770;4471026.6316276300;2024-09-02;1900-01-08;12;Usera;125;5;Moscardó;DOCTOR SANCHIS BANUS, CALLE, DEL;20;0712530055;-3.7086799230;40.3876641150
439645.9056642660;4471089.8260720700;2024-09-02;1900-01-08;12;Usera;125;5;Moscardó;DOCTOR SANCHIS BANUS, CALLE, DEL;39;0712530058;-3.7110964870;40.3882190820
439957.1556642660;4471246.8260720700;2024-08-30;1900-01-08;12;Usera;125;5;Moscardó;DOLORES SOPEÑA, CALLE, DE;2;0712530046;-3.7074443970;40.3896558880
439744.0306642660;4470920.8260720700;2024-09-02;1900-01-08;12;Usera;125;5;Moscardó;ELISA, CALLE, DE;3;0712530061;-3.7099244450;40.3867037810
439758.4056642660;4470780.9094054000;2024-09-02;1900-01-08;12;Usera;125;5;Moscardó;ELISA, CALLE, DE;32;0712530066;-3.7097418430;40.3854441900
439667.7389975990;4470860.2427387400;2024-09-02;1900-01-08;12;Usera;125;5;Moscardó;ENRIQUE FUENTES, CALLE, DE;9;0712530064;-3.7108175140;40.3861520800
439816.5306642660;4471247.9510720700;2024-08-30;1900-01-08;12;Usera;125;5;Moscardó;ESCUELAS, CALLE, DE LAS;14;0712530050;-3.7091012760;40.3896551440
439935.4889975990;4471197.8260720700;2024-08-30;1900-01-08;12;Usera;125;5;Moscardó;ESCUELAS, CALLE, DE LAS;2;0712530049;-3.7076950090;40.3892123050
440375.2806642660;4471486.9510720700;2024-08-30;1900-01-08;12;Usera;125;5;Moscardó;EUGENIO CAXES, CALLE, DE;5;0712530009;-3.7025406800;40.3918487700
440004.2806642660;4471360.5760720700;2024-08-30;1900-01-08;12;Usera;125;5;Moscardó;FAUSTA ELORZ, CALLE, DE;2;0712530027;-3.7068998010;40.3906838320
439985.1556642660;4470935.5760720700;2024-08-30;1900-01-08;12;Usera;125;5;Moscardó;GABINO JIMENO, CALLE, DE;1;0712530041;-3.7070850950;40.3868535520
439917.8223309330;4471113.8260720700;2024-09-02;1900-01-08;12;Usera;125;5;Moscardó;GENERAL MARVA, CALLE, DEL;12;0712530053;-3.7078952000;40.3884547970
439764.5723309330;4471180.0760720700;2024-08-30;1900-01-08;12;Usera;125;5;Moscardó;GENERAL MARVA, CALLE, DEL;42;0712530051;-3.7097069500;40.3890405890
439860.3501087110;4471093.1316276300;2024-09-02;1900-01-08;12;Usera;125;5;Moscardó;GOYENECHE, CALLE, DE;2;0712530054;-3.7085703160;40.3882644030
439843.3223309330;4470971.3260720700;2024-09-02;1900-01-08;12;Usera;125;5;Moscardó;GUMERSINDO AZCARATE, CALLE, DE;20;0712530059;-3.7087594500;40.3871655850
439722.2389975990;4471021.6594054000;2024-09-02;1900-01-08;12;Usera;125;5;Moscardó;GUMERSINDO AZCARATE, CALLE, DE;38;0712530056;-3.7101906980;40.3876103150
440449.9056642660;4471184.2010720700;2024-08-30;1900-01-08;12;Usera;125;5;Moscardó;HERMENEGILDO BIELSA, CALLE, DE;15;0712530020;-3.7016331150;40.3891272200
440543.2806642660;4471084.3260720700;2024-08-30;1900-01-08;12;Usera;125;5;Moscardó;HERMENEGILDO BIELSA, CALLE, DE;29;0712530019;-3.7005238120;40.3882341510
440354.9889975990;4471276.2427387400;2024-08-30;1900-01-08;12;Usera;125;5;Moscardó;HERMENEGILDO BIELSA, CALLE, DE;S/N;0712530021;-3.7027600660;40.3899494720
440270.9056642660;4471391.9510720700;2024-08-30;1900-01-08;12;Usera;125;5;Moscardó;HERMENEGILDO BIELSA, CALLE, DE;S/N;0712530022;-3.7037614810;40.3909851510
439840.6556642660;4470914.8260720700;2024-09-02;1900-01-08;12;Usera;125;5;Moscardó;JUAN ESPAÑOL, CALLE, DE;12;0712530060;-3.7087855190;40.3866567980
439595.0527230900;4470913.1555277300;2024-08-30;1900-01-08;12;Usera;125;5;Moscardó;JUAN ESPAÑOL, CALLE, DE;30;0712530063;-3.7116787840;40.3866233370
439465.5306642660;4470894.8260720700;2024-09-25;1900-01-08;12;Usera;125;5;Moscardó;JUAN ESPAÑOL, CALLE, DE;40;0712530077;-3.7132029090;40.3864487000
439664.2389975990;4471270.4094054000;2024-08-30;1900-01-08;12;Usera;125;5;Moscardó;MANUEL NOYA, CALLE, DE;2 A;0712530052;-3.7108976140;40.3898469130
439522.3223309330;4470842.1594054000;2024-09-25;1900-01-08;12;Usera;125;5;Moscardó;MANUEL NOYA, CALLE, DE;23;0712530071;-3.7125288820;40.3859789320
439602.3447229570;4471211.7360195700;2024-09-25;1900-01-08;12;Usera;125;5;Moscardó;MANUEL NOYA, CALLE, DE;S/N;0712530068;-3.7116212020;40.3893134890
439546.2787188320;4471065.1018549300;2024-09-25;1900-01-08;12;Usera;125;5;Moscardó;MANUEL NOYA, CALLE, DE;S/N;0712530069;-3.7122677850;40.3879890400
440375.2400218900;4471614.0627563000;2024-08-30;1900-01-08;12;Usera;125;5;Moscardó;MANZANARES, AVENIDA, DEL;198;0712530002;-3.7025531140;40.3929942270
440468.2748477600;4471492.5233942800;2024-08-30;1900-01-08;12;Usera;125;5;Moscardó;MANZANARES, AVENIDA, DEL;208;0712530003;-3.7014455860;40.3919054350
440624.4644877960;4471244.4988113200;2024-08-30;1900-01-08;12;Usera;125;5;Moscardó;MANZANARES, AVENIDA, DEL;216;0712530005;-3.6995822130;40.3896824740
440543.9552691830;4471365.3065373900;2024-08-30;1900-01-08;12;Usera;125;5;Moscardó;MANZANARES, AVENIDA, DEL;S/N;0712530004;-3.7005420890;40.3907653070
440672.4056642660;4471163.8260720700;2024-08-30;1900-01-08;12;Usera;125;5;Moscardó;MANZANARES, AVENIDA, DEL;S/N;0712530008;-3.6990099430;40.3889590000
439887.2389975990;4470800.1594054000;2024-09-02;1900-01-08;12;Usera;125;5;Moscardó;MARCELO USERA, CALLE, DE;102;0712530065;-3.7082259110;40.3856272500
440294.1556642660;4470855.7427387400;2024-08-30;1900-01-08;12;Usera;125;5;Moscardó;MARCELO USERA, CALLE, DE;52;0712530036;-3.7034373020;40.3861567210
440191.0167753770;4470841.5760720700;2024-08-30;1900-01-08;12;Usera;125;5;Moscardó;MARCELO USERA, CALLE, DE;66;0712530037;-3.7046511130;40.3860221330
440102.7389975990;4470828.7427387400;2024-08-30;1900-01-08;12;Usera;125;5;Moscardó;MARCELO USERA, CALLE, DE;76;0712530038;-3.7056898280;40.3858999210
440002.0306642660;4470815.9510720700;2024-08-30;1900-01-08;12;Usera;125;5;Moscardó;MARCELO USERA, CALLE, DE;86;0712530040;-3.7068750490;40.3857775940
439674.1556642660;4470769.4510720700;2024-09-02;1900-01-08;12;Usera;125;5;Moscardó;MARIANO VELA, CALLE, DE;15;0712530067;-3.7107332890;40.3853343540
440057.3223309330;4471431.8260720700;2024-08-30;1900-01-08;12;Usera;125;5;Moscardó;MARIBLANCA, CALLE, DE LA;19;0712530024;-3.7062816360;40.3913295550
439363.7806642660;4470841.3260720700;2024-09-25;1900-01-08;12;Usera;125;5;Moscardó;MARQUESA DE SILVELA, CALLE, DE LA;Fte 9;0712530078;-3.7143966100;40.3859596800
439903.2806642660;4471324.7010720700;2024-08-30;1900-01-08;12;Usera;125;5;Moscardó;MIRASIERRA, CALLE, DE;12;0712530047;-3.7080863960;40.3903528340
440177.2389975990;4471184.9094054000;2024-08-30;1900-01-08;12;Usera;125;5;Moscardó;MIRASIERRA, CALLE, DE;29;0712530028;-3.7048456320;40.3891141570
440214.1556642660;4471113.9094054000;2024-08-30;1900-01-08;12;Usera;125;5;Moscardó;MIRASIERRA, CALLE, DE;S/N;0712530029;-3.7044040540;40.3884766840
440288.7806642660;4471014.9510720700;2024-08-30;1900-01-08;12;Usera;125;5;Moscardó;MIRASIERRA, CALLE, DE;S/N;0712530034;-3.7035155680;40.3875906620
440497.5306642660;4470966.7010720700;2024-08-30;1900-01-08;12;Usera;125;5;Moscardó;MONEDEROS, CALLE, DE LOS;32;0712530032;-3.7010517920;40.3871707410
439747.9056642660;4471128.2010720700;2024-09-02;1900-01-08;12;Usera;125;5;Moscardó;PINTOR LUCAS, PLAZA, DEL;10;0712530057;-3.7098983750;40.3885717380
439993.7389975990;4471024.9927387400;2024-08-30;1900-01-08;12;Usera;125;5;Moscardó;RAMON DE MADARIAGA, CALLE, DE;2;0712530042;-3.7069923910;40.3876602190
439612.7389975990;4470979.3260720700;2024-09-02;1900-01-08;12;Usera;125;5;Moscardó;SALASIERRA, CALLE, DE;5;0712530062;-3.7114767020;40.3872209900
440341.9056642660;4470974.2010720700;2024-08-30;1900-01-08;12;Usera;125;5;Moscardó;SAN ANTONIO DE PADUA, CALLE, DE;2;0712530033;-3.7028858870;40.3872271200
439467.4056642660;4470803.0760720700;2024-09-25;1900-01-08;12;Usera;125;5;Moscardó;SAN FILIBERTO, CALLE, DE;12;0712530079;-3.7131721410;40.3856223230
439309.0306642660;4470814.3260720700;2024-09-25;1900-01-08;12;Usera;125;5;Moscardó;SAN FILIBERTO, CALLE, DE;7;0712530080;-3.7150389520;40.3857125640
439196.9056642660;4470830.9510720700;2024-09-25;1900-01-08;12;Usera;125;5;Moscardó;SAN FILIBERTO, TRAVESIA, DE;S/N;0712530075;-3.7163615110;40.3858543130
440253.9056642660;4471533.8260720700;2024-08-30;1900-01-08;12;Usera;125;5;Moscardó;SAN GRACIANO, CALLE, DE;11;0712530010;-3.7039751370;40.3922627890
439430.7806642660;4470979.7010720700;2024-09-25;1900-01-08;12;Usera;125;5;Moscardó;SAN NICOMEDES, CALLE, DE;Fte 19;0712530076;-3.7136204240;40.3872109060
439531.4652929930;4470951.6572646500;2024-09-25;1900-01-08;12;Usera;125;5;Moscardó;SAN TRIFON, CALLE, DE;7;0712530070;-3.7124316510;40.3869662530
440513.7806642660;4471289.7010720700;2024-08-30;1900-01-08;12;Usera;125;5;Moscardó;SAN ZACARIAS, CALLE, DE;2;0712530006;-3.7008905050;40.3900815960
439940.2806642660;4471470.7010720700;2024-08-30;1900-01-08;12;Usera;125;5;Moscardó;SANTA MARIA DE LA CABEZA, PASEO, DE;103;0712530025;-3.7076642980;40.3916708090
439448.2389975990;4471145.1594054000;2024-09-25;1900-01-08;12;Usera;125;5;Moscardó;SANTA MARIA DE LA CABEZA, PASEO, DE;137;0712530072;-3.7134304880;40.3887031740
439354.0306642660;4471028.8260720700;2024-09-25;1900-01-08;12;Usera;125;5;Moscardó;SANTA MARIA DE LA CABEZA, PASEO, DE;153;0712530073;-3.7145293070;40.3876477860
439251.6556642660;4470908.7010720700;2024-09-25;1900-01-08;12;Usera;125;5;Moscardó;SANTA MARIA DE LA CABEZA, PASEO, DE;177;0712530074;-3.7157239240;40.3865586500
440093.8023454200;4471603.7152792400;2024-08-30;1900-01-08;12;Usera;125;5;Moscardó;SANTA MARIA DE LA CABEZA, PASEO, DE;S/N;0712530013;-3.7058680180;40.3928804380
440163.2389975990;4471468.4927387400;2024-08-30;1900-01-08;12;Usera;125;5;Moscardó;TORERO, CALLE, DEL;1;0712530023;-3.7050371720;40.3916677720
440297.1556642660;4471439.2010720700;2024-08-30;1900-01-08;12;Usera;125;5;Moscardó;VALLANDES, CALLE, DE;2;0712530015;-3.7034566110;40.3914128640
439143.4178751800;4470146.9503551500;2025-07-16;1900-01-08;12;Usera;126;6;Zofío;ALBARDIN, CALLE, DEL;5;0712630026;-3.7169262750;40.3796880270
439349.7512085140;4470234.6586884800;2025-07-16;1900-01-08;12;Usera;126;6;Zofío;ANTONIO PRIETO, CALLE, DE;54;0712630025;-3.7145040960;40.3804936630
439473.1678751800;4470242.5753551500;2025-07-16;1900-01-08;12;Usera;126;6;Zofío;ANTONIO PRIETO, CALLE, DE;71;0712630021;-3.7130510180;40.3805739920
439396.4178751800;4470051.9503551500;2025-07-16;1900-01-08;12;Usera;126;6;Zofío;CENTENO, CALLE, DEL;14;0712630035;-3.7139370400;40.3788511080
439311.4178751800;4470074.2003551500;2025-07-16;1900-01-08;12;Usera;126;6;Zofío;CENTENO, CALLE, DEL;5;0712630031;-3.7149403460;40.3790448820
439516.0012085140;4470708.4086884800;2025-07-16;1900-01-08;12;Usera;126;6;Zofío;CERECINOS, CALLE, DE;2 A;0712630004;-3.7125907040;40.3847730280
439437.9178751800;4470600.2003551500;2025-10-23;1900-01-08;12;Usera;126;6;Zofío;CERECINOS, CALLE, DE;8;0712630008;-3.7135002740;40.3837930410
439198.3345418470;4470240.4086884800;2025-07-16;1900-01-08;12;Usera;126;6;Zofío;CERRO BLANCO, CALLE, DEL;21;0712630024;-3.7162882870;40.3805338850
439243.1678751800;4470382.1586884800;2025-07-16;1900-01-08;12;Usera;126;6;Zofío;CERRO BLANCO, CALLE, DEL;9;0712630017;-3.7157737140;40.3818146170
439504.0428751800;4470082.5753551500;2025-07-16;1900-01-08;12;Usera;126;6;Zofío;CERRO DE LOS ANGELES, AVENIDA, DEL;24;0712630032;-3.7126721210;40.3791349510
439543.4178751800;4469982.4503551500;2025-07-16;1900-01-08;12;Usera;126;6;Zofío;CERRO DE LOS ANGELES, AVENIDA, DEL;25;0712630037;-3.7121988580;40.3782352930
439595.6678751800;4470132.0753551500;2025-07-16;1900-01-08;12;Usera;126;6;Zofío;FERMIN DONAIRE, CALLE, DE;2;0712630033;-3.7115974810;40.3795871870
439407.7928751800;4470149.3253551500;2025-07-16;1900-01-08;12;Usera;126;6;Zofío;FERMIN DONAIRE, CALLE, DE;22;0712630029;-3.7138122500;40.3797293370
439469.4178751800;4470478.2003551500;2025-07-16;1900-01-08;12;Usera;126;6;Zofío;FORNILLOS, CALLE, DE;32;0712630012;-3.7131175960;40.3826961700
439619.9178751800;4470472.2003551500;2025-07-16;1900-01-08;12;Usera;126;6;Zofío;FORNILLOS, CALLE, DE;58;0712630013;-3.7113440620;40.3826530840
439411.2512085140;4470324.4920218200;2025-07-16;1900-01-08;12;Usera;126;6;Zofío;JUAN ZOFIO, CALLE, DE;34;0712630018;-3.7137881280;40.3813071490
439536.7512085140;4470373.4920218200;2025-07-16;1900-01-08;12;Usera;126;6;Zofío;JUAN ZOFIO, CALLE, DE;S/N;0712630016;-3.7123144810;40.3817573790
439349.0428751800;4470745.3253551500;2025-10-23;1900-01-08;12;Usera;126;6;Zofío;MARCELO USERA, CALLE, DE;155;0712630003;-3.7145611060;40.3850942850
439399.9178751800;4470422.2420218200;2025-07-16;1900-01-08;12;Usera;126;6;Zofío;MARINA USERA, CALLE, DE;5;0712630015;-3.7139310240;40.3821868110
439485.2928751800;4470188.0753551500;2025-07-16;1900-01-08;12;Usera;126;6;Zofío;MARINA VEGA, CALLE, DE;50;0712630030;-3.7129030800;40.3800833680
439271.2928751800;4470189.7003551500;2025-07-16;1900-01-08;12;Usera;126;6;Zofío;MARINA VEGA, CALLE, DE;6;0712630028;-3.7154239800;40.3800826230
439463.5428751800;4469978.2003551500;2025-07-16;1900-01-08;12;Usera;126;6;Zofío;PARQUE DE LA PALOMA, CALLE, DEL;2;0712630036;-3.7131392540;40.3781916330
439319.6678751800;4470006.5753551500;2025-07-16;1900-01-08;12;Usera;126;6;Zofío;PARQUE DE LA PALOMA, CALLE, DEL;32 A;0712630034;-3.7148367560;40.3784364010
439237.1678751800;4470123.5753551500;2025-07-16;1900-01-08;12;Usera;126;6;Zofío;PARQUE DE LA PALOMA, CALLE, DEL;46;0712630027;-3.7158197220;40.3794846270
439599.4178751800;4470698.5753551500;2025-07-16;1900-01-08;12;Usera;126;6;Zofío;RAFAELA YBARRA, AVENIDA, DE;7;0712630005;-3.7116070500;40.3846911520
439208.4178751800;4470516.3253551500;2025-07-16;1900-01-08;12;Usera;126;6;Zofío;RICARDO BELTRAN Y ROZPIDE, CALLE, DE;1;0712630009;-3.7161959260;40.3830205790
439083.2928751800;4470229.3253551500;2025-07-16;1900-01-08;12;Usera;126;6;Zofío;RICARDO BELTRAN Y ROZPIDE, CALLE, DE;14;0712630023;-3.7176424150;40.3804258820
439119.7928751800;4470431.3253551500;2025-07-16;1900-01-08;12;Usera;126;6;Zofío;RICARDO BELTRAN Y ROZPIDE, CALLE, DE;15;0712630014;-3.7172317770;40.3822488620
439291.0428751800;4470473.2003551500;2025-07-16;1900-01-08;12;Usera;126;6;Zofío;RICARDO BELTRAN Y ROZPIDE, CALLE, DE;2;0712630011;-3.7152183460;40.3826381870
439295.2928751800;4470633.0753551500;2025-07-16;1900-01-08;12;Usera;126;6;Zofío;SAN ELIAS, CALLE, DE;1;0712630006;-3.7151835670;40.3840784310
439301.7928751800;4470550.3253551500;2025-07-16;1900-01-08;12;Usera;126;6;Zofío;SAN MAGIN, CALLE, DE;11;0712630010;-3.7150990560;40.3833335280
439376.9178751800;4470623.0753551500;2025-07-16;1900-01-08;12;Usera;126;6;Zofío;SAN MAGIN, CALLE, DE;19;0712630007;-3.7142210550;40.3839943210
439220.4178751800;4470712.6586884800;2025-10-23;1900-01-08;12;Usera;126;6;Zofío;SAN MAGIN, CALLE, DE;2;0712630001;-3.7160732560;40.3847902160
439620.2512085140;4470382.4086884800;2025-07-16;1900-01-08;12;Usera;126;6;Zofío;SANTOÑA, CALLE, DE;69;0712630019;-3.7113316290;40.3818438950
439316.4178751800;4470276.9086884800;2025-07-16;1900-01-08;12;Usera;126;6;Zofío;SILVIO ABAD, CALLE, DE;22;0712630020;-3.7149008120;40.3808721020
439619.4178751800;4470287.8253551500;2025-07-16;1900-01-08;12;Usera;126;6;Zofío;SILVIO ABAD, CALLE, DE;69;0712630022;-3.7113324890;40.3809924230
439981.1556642660;4470626.1594054000;2024-09-25;1900-01-08;12;Usera;127;7;Pradolongo;ANTONIA USERA, CALLE, DE;5;0712730018;-3.7071030860;40.3840657110
439769.6834420440;4470585.4649609600;2024-09-25;1900-01-08;12;Usera;127;7;Pradolongo;COCHEROS, CALLE, DE LOS;5;0712730043;-3.7095905250;40.3836841790
440208.8223309330;4470158.7427387400;2024-09-25;1900-01-08;12;Usera;127;7;Pradolongo;CRISTO DE LA VICTORIA, CALLE, DEL;111;0712730007;-3.7043772390;40.3798720610
440241.6278864880;4470009.0698992300;2024-09-25;1900-01-08;12;Usera;127;7;Pradolongo;CRISTO DE LA VICTORIA, CALLE, DEL;131;0712730008;-3.7039767420;40.3785254960
440103.7389975990;4470082.8260720700;2024-09-25;1900-01-08;12;Usera;127;7;Pradolongo;CRISTO DE LA VICTORIA, CALLE, DEL;185;0712730009;-3.7056079530;40.3791800430
440127.4056642660;4469968.9094054000;2024-09-25;1900-01-08;12;Usera;127;7;Pradolongo;CRISTO DE LA VICTORIA, CALLE, DEL;201 A;0712730010;-3.7053184370;40.3781560530
440317.0723309330;4470101.0760720700;2024-09-25;1900-01-08;12;Usera;127;7;Pradolongo;CRISTO DE LA VICTORIA, CALLE, DEL;63;0712730006;-3.7030966210;40.3793601230
440346.6556642660;4470253.3260720700;2024-09-25;1900-01-08;12;Usera;127;7;Pradolongo;CRISTO DE LEPANTO, CALLE, DEL;S/N;0712730005;-3.7027624720;40.3807333890
439727.5723309330;4470484.7982942900;2024-09-25;1900-01-08;12;Usera;127;7;Pradolongo;DOLORES BARRANCO, CALLE, DE;82;0712730041;-3.7100770810;40.3827742070
439636.1556642660;4470487.9927387400;2024-09-25;1900-01-08;12;Usera;127;7;Pradolongo;DOLORES BARRANCO, CALLE, DE;92;0712730036;-3.7111543560;40.3827963800
439635.5306642660;4470278.2010720700;2024-09-25;1900-01-08;12;Usera;127;7;Pradolongo;ELISA OCHOA, CALLE, DE;S/N;0712730029;-3.7111418080;40.3809067080
439909.9056642660;4470663.5205165200;2024-09-25;1900-01-08;12;Usera;127;7;Pradolongo;FELIPE CASTRO, CALLE, DE;18;0712730017;-3.7079460210;40.3843975110
439800.6649235250;4470640.7736029400;2024-09-25;1900-01-08;12;Usera;127;7;Pradolongo;FELIPE CASTRO, CALLE, DE;29;0712730045;-3.7092307650;40.3841844280
440148.1278864880;4470396.6871831800;2024-09-25;1900-01-08;12;Usera;127;7;Pradolongo;FRANCISCO RUIZ, CALLE, DE;22;0712730003;-3.7051145210;40.3820111990
440054.6556642660;4470723.5760720700;2024-09-25;1900-01-08;12;Usera;127;7;Pradolongo;GABRIEL RUIZ, CALLE, DE;2;0712730014;-3.7062463990;40.3849490400
439980.1556642660;4470712.9927387400;2024-09-25;1900-01-08;12;Usera;127;7;Pradolongo;GABRIEL RUIZ, CALLE, DE;4;0712730016;-3.7071230250;40.3848486010
439860.8223309330;4470579.9927387400;2024-09-25;1900-01-08;12;Usera;127;7;Pradolongo;GABRIEL USERA, CALLE, DE;58;0712730047;-3.7085163440;40.3836417220
439877.5723309330;4470457.5205165200;2024-09-25;1900-01-08;12;Usera;127;7;Pradolongo;GABRIEL USERA, CALLE, DE;Fte 67;0712730034;-3.7083074430;40.3825397530
439933.3501087110;4470408.6871831800;2024-09-25;1900-01-08;12;Usera;127;7;Pradolongo;ISABELITA USERA, CALLE, DE;50;0712730021;-3.7076458490;40.3821037890
439965.2945531550;4470228.9094054000;2024-09-25;1900-01-08;12;Usera;127;7;Pradolongo;ISABELITA USERA, CALLE, DE;71;0712730023;-3.7072525710;40.3804859850
440069.9612198220;4470279.2427387400;2024-09-25;1900-01-08;12;Usera;127;7;Pradolongo;ISIDRA JIMENEZ, CALLE, DE;53;0712730012;-3.7060243210;40.3809469870
439991.0723309330;4470359.4927387400;2024-09-25;1900-01-08;12;Usera;127;7;Pradolongo;JASPE, CALLE, DEL;24;0712730022;-3.7069611640;40.3816642160
439975.3223309330;4470528.5760720700;2024-09-25;1900-01-08;12;Usera;127;7;Pradolongo;JASPE, CALLE, DEL;4;0712730019;-3.7071626740;40.3831869660
440019.0167753770;4470140.9094054000;2024-09-25;1900-01-08;12;Usera;127;7;Pradolongo;JASPE, CALLE, DEL;56;0712730024;-3.7066113740;40.3796976530
439837.8223309330;4470751.2427387400;2024-09-25;1900-01-08;12;Usera;127;7;Pradolongo;JOAQUIN MARQUEZ, CALLE, DE;2;0712730046;-3.7088033960;40.3851822340
440121.4303556240;4470595.7859486100;2024-09-25;1900-01-08;12;Usera;127;7;Pradolongo;JOSE BIELSA, CALLE, DE;1;0712730002;-3.7054476960;40.3838026090
439734.6556642660;4470692.3260720700;2024-09-25;1900-01-08;12;Usera;127;7;Pradolongo;MADRIDEJOS, CALLE, DE;32;0712730042;-3.7100132530;40.3846442270
440266.5306642660;4470257.7010720700;2024-09-25;1900-01-08;12;Usera;127;7;Pradolongo;MAMERTO LOPEZ, CALLE, DE;13;0712730004;-3.7037067070;40.3807677090
439703.8223309330;4470639.0760720700;2024-09-25;1900-01-08;12;Usera;127;7;Pradolongo;MARIANO VELA, CALLE, DE;39;0712730040;-3.7103714090;40.3841621400
439738.1556642660;4470444.4094054000;2024-09-25;1900-01-08;12;Usera;127;7;Pradolongo;MARIANO VELA, CALLE, DE;55;0712730035;-3.7099486240;40.3824114670
440042.0167753770;4470436.5205165200;2024-09-25;1900-01-08;12;Usera;127;7;Pradolongo;MARQUES DE SAN GREGORIO, CALLE, DEL;2;0712730020;-3.7063682680;40.3823625370
439629.7389975990;4470588.0205165200;2024-09-25;1900-01-08;12;Usera;127;7;Pradolongo;MAXIMO CARAZO, CALLE, DE;12;0712730037;-3.7112393830;40.3836974710
440127.4612198220;4470159.4094054000;2024-09-25;1900-01-08;12;Usera;127;7;Pradolongo;NICOLAS SANCHEZ, CALLE, DE;140;0712730011;-3.7053356260;40.3798720040
440087.6834420440;4470533.5205165200;2024-09-25;1900-01-08;12;Usera;127;7;Pradolongo;NICOLAS SANCHEZ, CALLE, DE;69;0712730013;-3.7058394850;40.3832391050
440098.6278864880;4470777.7427387400;2024-09-25;1900-01-08;12;Usera;127;7;Pradolongo;NICOLAS USERA, CALLE, DE;32;0712730001;-3.7057335450;40.3854404660
439900.5723309330;4470745.1316276300;2024-09-25;1900-01-08;12;Usera;127;7;Pradolongo;ORTIZ CAMPOS, CALLE, DE;22;0712730015;-3.7080636500;40.3851316420
439819.7389975990;4470508.4094054000;2024-09-25;1900-01-08;12;Usera;127;7;Pradolongo;PERPETUA DIAZ, CALLE, DE;39;0712730044;-3.7089936170;40.3829935920
439775.4056642660;4470311.6316276300;2024-09-25;1900-01-08;12;Usera;127;7;Pradolongo;PRIMITIVA GAÑAN, CALLE, DE;1;0712730028;-3.7094972470;40.3812181110
439849.6556642660;4470188.4094054000;2024-09-25;1900-01-08;12;Usera;127;7;Pradolongo;PRIMITIVA GAÑAN, CALLE, DE;S/N;0712730026;-3.7086109390;40.3801130470
439602.2806642660;4470105.9510720700;2024-09-25;1900-01-08;12;Usera;127;7;Pradolongo;RAFAELA YBARRA, AVENIDA, DE;73;0712730030;-3.7115170960;40.3793522740
439638.4056642660;4470691.4094054000;2024-09-25;1900-01-08;12;Usera;127;7;Pradolongo;RODRIGO UHAGON, CALLE, DE;10;0712730039;-3.7111470790;40.3846288710
439889.6556642660;4470336.0760720700;2024-09-25;1900-01-08;12;Usera;127;7;Pradolongo;SAN BASILIO, CALLE, DE;1;0712730027;-3.7081536610;40.3814459190
439922.6556642660;4470079.8260720700;2024-09-25;1900-01-08;12;Usera;127;7;Pradolongo;SAN BASILIO, CALLE, DE;S/N;0712730025;-3.7077407310;40.3791400500
439853.1556642660;4470391.7010720700;2024-09-25;1900-01-08;12;Usera;127;7;Pradolongo;TENIENTE COMPAIRED, CALLE, DEL;Fte 14;0712730033;-3.7085888800;40.3819443350
444818.7389975990;4475801.2427387400;2022-03-01;1900-01-08;15;Ciudad Lineal;151;1;Ventas;ALAVA, CALLE, DE;16;0215131186;-3.6505623500;40.4310209200
444688.6556642660;4475790.1594054000;2022-03-01;1900-01-08;15;Ciudad Lineal;151;1;Ventas;ALAVA, CALLE, DE;6;0215131185;-3.6520948400;40.4309117140
444667.0516228500;4475537.4124114200;2022-03-01;1900-01-08;15;Ciudad Lineal;151;1;Ventas;ALTAMIRA, CALLE, DE;9;0215131205;-3.6523275190;40.4286336340
444305.2769151810;4475896.7848016500;2022-03-01;1900-01-08;15;Ciudad Lineal;151;1;Ventas;ANGEL GONZALEZ TEJEDOR, CALLE, DE;1;0215131160;-3.6566237850;40.4318472400
444528.0306642660;4475111.5760720700;2022-03-01;1900-01-08;15;Ciudad Lineal;151;1;Ventas;APOSTOL SANTIAGO, CALLE, DEL;1;0215131241;-3.6539291650;40.4247884570
444456.3689702870;4475195.5935284300;2022-03-01;1900-01-08;15;Ciudad Lineal;151;1;Ventas;APOSTOL SANTIAGO, CALLE, DEL;19;0215131231;-3.6547812680;40.4255402350
444469.1556642660;4475263.6594054000;2022-03-01;1900-01-08;15;Ciudad Lineal;151;1;Ventas;APOSTOL SANTIAGO, CALLE, DEL;28;0215131224;-3.6546365390;40.4261544460
444470.9889975990;4475497.6594054000;2022-03-01;1900-01-08;15;Ciudad Lineal;151;1;Ventas;APOSTOL SANTIAGO, CALLE, DEL;60;0215131203;-3.6546353930;40.4282630450
445232.8555545370;4475394.3463720000;2022-11-23;1900-01-08;15;Ciudad Lineal;151;1;Ventas;ARRIAGA, CALLE, DE;S/N;0215131310;-3.6456452260;40.4273824660
444703.2517633040;4475684.9950246900;2022-03-01;1900-01-08;15;Ciudad Lineal;151;1;Ventas;ASTORGA, CALLE, DE;13;0215131193;-3.6519136140;40.4299653600
444630.1309937990;4475693.3669520200;2022-03-01;1900-01-08;15;Ciudad Lineal;151;1;Ventas;ASTORGA, CALLE, DE;14;0215131192;-3.6527763740;40.4300365790
444448.7785001600;4475736.4580520800;2022-03-01;1900-01-08;15;Ciudad Lineal;151;1;Ventas;BAMI, PLAZA, DE;25;0215131182;-3.6549180900;40.4304123240
444468.1640158880;4475808.0259623400;2022-03-01;1900-01-08;15;Ciudad Lineal;151;1;Ventas;BENIDORM, CALLE, DE;10;0215131173;-3.6546957820;40.4310585060
444761.5723309330;4475875.0760720700;2022-03-01;1900-01-08;15;Ciudad Lineal;151;1;Ventas;BENIDORM, CALLE, DE;39;0215131176;-3.6512426230;40.4316822280
444307.5934233490;4475777.0579057700;2022-03-01;1900-01-08;15;Ciudad Lineal;151;1;Ventas;BENIDORM, CALLE, DE;5;0215131171;-3.6565859700;40.4307683600
444384.8916432960;4475786.6897028900;2022-03-01;1900-01-08;15;Ciudad Lineal;151;1;Ventas;BENIDORM, CALLE, DE;9;0215131172;-3.6556755400;40.4308605490
445140.8645206120;4475811.7268546500;2022-11-23;1900-01-08;15;Ciudad Lineal;151;1;Ventas;CARLOS HERNANDEZ, CALLE, DE;35;0215131320;-3.6467657600;40.4311365430
444437.3223309330;4475920.4094054000;2022-03-01;1900-01-08;15;Ciudad Lineal;151;1;Ventas;CIPRIANO SANCHO, CALLE, DE;2;0215131161;-3.6550691790;40.4320690320
444060.9462641200;4475705.4899955000;2022-03-01;1900-01-08;15;Ciudad Lineal;151;1;Ventas;CYESA, CALLE, DE;1;0215131178;-3.6594873140;40.4301077970
444277.6060650680;4475667.1385303200;2022-03-01;1900-01-08;15;Ciudad Lineal;151;1;Ventas;CYESA, CALLE, DE;15;0215131180;-3.6569298590;40.4297766280
444146.6570663630;4475691.3471035300;2022-03-01;1900-01-08;15;Ciudad Lineal;151;1;Ventas;CYESA, CALLE, DE;9;0215131179;-3.6584757570;40.4299858720
444467.6763299570;4475652.9418365200;2022-03-01;1900-01-08;15;Ciudad Lineal;151;1;Ventas;DAROCA, AVENIDA, DE;25;0215131191;-3.6546879900;40.4296615780
444324.5405094260;4475714.3902637300;2022-03-01;1900-01-08;15;Ciudad Lineal;151;1;Ventas;DAROCA, AVENIDA, DE;30;0215131181;-3.6563807370;40.4302056010
444576.4302924060;4475631.8494200400;2022-03-01;1900-01-08;15;Ciudad Lineal;151;1;Ventas;DAROCA, AVENIDA, DE;39;0215131196;-3.6534040490;40.4294789760
444143.6090292990;4475800.4668304200;2022-03-01;1900-01-08;15;Ciudad Lineal;151;1;Ventas;DAROCA, AVENIDA, DE;7;0215131164;-3.6585211920;40.4309682650
444156.7765494160;4475810.3424705100;2022-03-01;1900-01-08;15;Ciudad Lineal;151;1;Ventas;DAROCA, AVENIDA, DE;7;0215131165;-3.6583668950;40.4310586210
444360.5073467830;4474689.5182812900;2022-11-23;1900-01-08;15;Ciudad Lineal;151;1;Ventas;FELIX RODRIGUEZ DE LA FUENTE, CALLE, DE;91;0215131281;-3.6558669650;40.4209751940
444186.2815481970;4474716.9506148700;2022-11-23;1900-01-08;15;Ciudad Lineal;151;1;Ventas;FELIX RODRIGUEZ DE LA FUENTE, CALLE, DE;S/N;0215131280;-3.6579230240;40.4212107940
444937.6058486460;4475925.9857915500;2022-11-23;1900-01-08;15;Ciudad Lineal;151;1;Ventas;FERMIN DOMINGUEZ ORTIZ, CALLE, DE;6;0215131326;-3.6491717820;40.4321522250
444559.5167753770;4475362.0760720700;2022-03-01;1900-01-08;15;Ciudad Lineal;151;1;Ventas;GERARDO CORDON, CALLE, DE;41;0215131214;-3.6535798900;40.4270475730
444707.1317831710;4475258.8552971900;2022-03-01;1900-01-08;15;Ciudad Lineal;151;1;Ventas;GERARDO CORDON, CALLE, DE;S/N;0215131233;-3.6518307640;40.4261270010
444855.3223309330;4475889.7427387400;2022-03-01;1900-01-08;15;Ciudad Lineal;151;1;Ventas;HERMANOS GOMEZ, CALLE, DE LOS;16;0215131177;-3.6501385910;40.4318201390
444868.7389975990;4475811.7427387400;2022-03-01;1900-01-08;15;Ciudad Lineal;151;1;Ventas;HERMANOS GOMEZ, CALLE, DE LOS;25;0215131187;-3.6499736930;40.4311187810
444922.1026339630;4475552.9892952100;2022-03-01;1900-01-08;15;Ciudad Lineal;151;1;Ventas;HERMANOS GOMEZ, CALLE, DE LOS;46;0215131199;-3.6493222400;40.4287914270
444974.6834420440;4475517.6316276300;2022-11-23;1900-01-08;15;Ciudad Lineal;151;1;Ventas;HERMANOS GOMEZ, CALLE, DE LOS;S/N;0215131316;-3.6486993780;40.4284760710
444963.4903590560;4475758.8103238800;2022-11-23;1900-01-08;15;Ciudad Lineal;151;1;Ventas;HERMANOS MACHADO, CALLE, DE LOS;29;0215131322;-3.6488521860;40.4306482680
444262.8482392480;4475570.6448357900;2022-03-01;1900-01-08;15;Ciudad Lineal;151;1;Ventas;IGNACIO ELLACURIA, CALLE, DE;8;0215131200;-3.6570953300;40.4289060760
444692.6556642660;4475435.9510720700;2024-02-14;1900-01-08;15;Ciudad Lineal;151;1;Ventas;JOSE BARBASTRE, CALLE, DE;16;0215131215;-3.6520168610;40.4277213140
444695.6556642660;4475437.1594054000;2022-03-01;2024-02-14;15;Ciudad Lineal;151;1;Ventas;JOSE BARBASTRE, CALLE, DE;23;0215131215;-3.6519816240;40.4277324860
444238.8769859620;4475828.2974828300;2022-03-01;1900-01-08;15;Ciudad Lineal;151;1;Ventas;JOSE MARIA FERNANDEZ LANSEROS, CALLE, DE;7;0215131166;-3.6574005440;40.4312254090
445028.4338687690;4475830.9065605700;2022-11-23;1900-01-08;15;Ciudad Lineal;151;1;Ventas;JOSE MARIA PEREDA, CALLE, DE;27;0215131321;-3.6480927880;40.4313015550
445057.2073386540;4475576.8221909000;2022-11-23;1900-01-08;15;Ciudad Lineal;151;1;Ventas;JOSE MARIA PEREDA, CALLE, DE;56;0215131315;-3.6477315950;40.4290143650
445073.1866505780;4475463.9392822700;2022-11-23;1900-01-08;15;Ciudad Lineal;151;1;Ventas;JOSE MARIA PEREDA, CALLE, DE;64;0215131312;-3.6475335230;40.4279993130
445005.0839363250;4475940.2097326900;2022-11-23;1900-01-08;15;Ciudad Lineal;151;1;Ventas;JOSE MARIA PEREDA, CALLE, DE;9;0215131324;-3.6483775480;40.4322850370
444976.1349374720;4476015.0431416500;2022-11-23;1900-01-08;15;Ciudad Lineal;151;1;Ventas;JOSE MARIA PEREDA, CALLE, DE;S/N;0215131327;-3.6487252760;40.4329571170
444417.8866261900;4475228.3943753400;2022-03-01;1900-01-08;15;Ciudad Lineal;151;1;Ventas;JOSE NORIEGA, TRAVESIA, DE;1;0215131223;-3.6552377430;40.4258338760
444372.6994950390;4475856.6726338900;2022-03-01;1900-01-08;15;Ciudad Lineal;151;1;Ventas;JOSE VILLENA, CALLE, DE;8;0215131167;-3.6558253690;40.4314905160
445104.9122503500;4475679.5402747700;2022-11-23;1900-01-08;15;Ciudad Lineal;151;1;Ventas;JUAN DE AROLAS, CALLE, DE;14;0215131328;-3.6471780600;40.4299433590
445185.5500193010;4475734.3447463800;2022-11-23;1900-01-08;15;Ciudad Lineal;151;1;Ventas;LAGO CONSTANZA, CALLE, DEL;52;0215131319;-3.6462321640;40.4304420610
445039.4880831880;4475975.9931248200;2022-11-23;1900-01-08;15;Ciudad Lineal;151;1;Ventas;LAGO CONSTANZA, CALLE, DEL;6;0215131325;-3.6479749300;40.4326092740
445149.7051034270;4475465.3046748500;2022-11-23;1900-01-08;15;Ciudad Lineal;151;1;Ventas;LEDESMA, CALLE, DE;10;0215131311;-3.6466316310;40.4280162720
445143.0400623800;4475589.8271490400;2022-11-23;1900-01-08;15;Ciudad Lineal;151;1;Ventas;LEDESMA, CALLE, DE;38;0215131314;-3.6467209550;40.4291380090
444946.5026324850;4475866.5889144700;2022-11-23;1900-01-08;15;Ciudad Lineal;151;1;Ventas;LORENZO GONZALEZ, CALLE, DE;12;0215131323;-3.6490617740;40.4316181710
444534.2526916540;4475251.9080694000;2022-03-01;1900-01-08;15;Ciudad Lineal;151;1;Ventas;LUIS PIERNAS, CALLE, DE;20;0215131225;-3.6538680880;40.4260534910
444632.9056642660;4475340.4094054000;2022-03-01;1900-01-08;15;Ciudad Lineal;151;1;Ventas;LUIS PIERNAS, CALLE, DE;38;0215131226;-3.6527129470;40.4268567780
444800.2389975990;4475697.4094054000;2022-03-01;1900-01-08;15;Ciudad Lineal;151;1;Ventas;MANUEL LINARES, CALLE, DE;1;0215131194;-3.6507713650;40.4300837330
444538.0250253980;4475835.0925314700;2022-03-01;1900-01-08;15;Ciudad Lineal;151;1;Ventas;MARCELINO ALVAREZ, CALLE, DE;15;0215131174;-3.6538745620;40.4313065970
444556.0694048170;4475736.4580520800;2022-03-01;1900-01-08;15;Ciudad Lineal;151;1;Ventas;MARCELINO ALVAREZ, CALLE, DE;25;0215131183;-3.6536532280;40.4304194290
444512.6653570240;4474844.2366426600;2022-11-23;1900-01-08;15;Ciudad Lineal;151;1;Ventas;MARIA TERESA SAENZ DE HEREDIA, CALLE, DE;10 B;0215131286;-3.6540869570;40.4223793990
444646.4889975990;4475076.5760720700;2022-11-23;1900-01-08;15;Ciudad Lineal;151;1;Ventas;MARIA TERESA SAENZ DE HEREDIA, CALLE, DE;28;0215131288;-3.6525298300;40.4244812950
444775.7719164000;4475195.2485909700;2022-11-23;1900-01-08;15;Ciudad Lineal;151;1;Ventas;MARIA TERESA SAENZ DE HEREDIA, CALLE, DE;44;0215131290;-3.6510161330;40.4255588560
444669.1556642660;4475112.8260720700;2022-11-23;1900-01-08;15;Ciudad Lineal;151;1;Ventas;MARIA TERESA SAENZ DE HEREDIA, CALLE, DE;47;0215131289;-3.6522657540;40.4248095990
444831.6119554150;4475265.5972864100;2022-11-23;1900-01-08;15;Ciudad Lineal;151;1;Ventas;MARIA TERESA SAENZ DE HEREDIA, CALLE, DE;54;0215131291;-3.6503640500;40.4261963860
444415.0723309330;4474926.8260720700;2022-03-01;1900-01-08;15;Ciudad Lineal;151;1;Ventas;MARQUES DE CORBERA, AVENIDA, DEL;14;0215131252;-3.6552446190;40.4231163370
444436.2389975990;4474990.7427387400;2022-03-01;1900-01-08;15;Ciudad Lineal;151;1;Ventas;MARQUES DE CORBERA, AVENIDA, DEL;15;0215131251;-3.6550007100;40.4236942220
444503.9056642660;4475049.9510720700;2022-03-01;1900-01-08;15;Ciudad Lineal;151;1;Ventas;MARQUES DE CORBERA, AVENIDA, DEL;25;0215131247;-3.6542081950;40.4242318290
444496.0306642660;4475000.2010720700;2022-03-01;1900-01-08;15;Ciudad Lineal;151;1;Ventas;MARQUES DE CORBERA, AVENIDA, DEL;26;0215131248;-3.6542967750;40.4237829740
444576.0306642660;4475122.4510720700;2022-03-01;1900-01-08;15;Ciudad Lineal;151;1;Ventas;MARQUES DE CORBERA, AVENIDA, DEL;33;0215131242;-3.6533643430;40.4248893550
444616.8501087110;4475113.6871831800;2022-03-01;1900-01-08;15;Ciudad Lineal;151;1;Ventas;MARQUES DE CORBERA, AVENIDA, DEL;36;0215131243;-3.6528824860;40.4248134950
444689.9612198220;4475182.9649609600;2022-03-01;1900-01-08;15;Ciudad Lineal;151;1;Ventas;MARQUES DE CORBERA, AVENIDA, DEL;44;0215131236;-3.6520266010;40.4254427750
444671.9056642660;4475211.8260720700;2022-03-01;1900-01-08;15;Ciudad Lineal;151;1;Ventas;MARQUES DE CORBERA, AVENIDA, DEL;45;0215131235;-3.6522419760;40.4257010640
444749.1464050070;4475284.2797757800;2022-03-01;1900-01-08;15;Ciudad Lineal;151;1;Ventas;MARQUES DE CORBERA, AVENIDA, DEL;53;0215131234;-3.6513377340;40.4263589350
444931.7806642660;4475446.5760720700;2022-03-01;1900-01-08;15;Ciudad Lineal;151;1;Ventas;MARQUES DE CORBERA, AVENIDA, DEL;64 B;0215131218;-3.6491989400;40.4278329830
444856.3635800980;4475386.8446091500;2022-03-01;1900-01-08;15;Ciudad Lineal;151;1;Ventas;MARQUES DE CORBERA, AVENIDA, DEL;65;0215131228;-3.6500827850;40.4272899910
444916.2806642660;4475472.4510720700;2022-03-01;1900-01-08;15;Ciudad Lineal;151;1;Ventas;MARQUES DE CORBERA, AVENIDA, DEL;67;0215131217;-3.6493839480;40.4280656040
444193.7389975990;4474771.9927387400;2022-03-01;1900-01-08;15;Ciudad Lineal;151;1;Ventas;MARQUES DE CORBERA, AVENIDA, DEL;S/N;0215131253;-3.6578398880;40.4217072620
444219.1556642660;4474755.4927387400;2022-03-01;1900-01-08;15;Ciudad Lineal;151;1;Ventas;MARQUES DE CORBERA, AVENIDA, DEL;S/N;0215131254;-3.6575388560;40.4215604700
444583.0140524640;4475945.0657087500;2022-03-01;1900-01-08;15;Ciudad Lineal;151;1;Ventas;MATEO GARCIA, CALLE, DE;2;0215131162;-3.6533536860;40.4323002780
444612.7628942100;4475777.3017487400;2022-03-01;1900-01-08;15;Ciudad Lineal;151;1;Ventas;MATEO GARCIA, CALLE, DE;23;0215131184;-3.6529884250;40.4307913360
444824.5167753770;4475932.2427387400;2022-03-01;1900-01-08;15;Ciudad Lineal;151;1;Ventas;MAXIMO SAN JUAN, CALLE, DE;9;0215131168;-3.6505055700;40.4322016140
444868.8223309330;4475606.6594054000;2022-03-01;1900-01-08;15;Ciudad Lineal;151;1;Ventas;MIGUEL DE UNAMUNO, CALLE, DE;20;0215131198;-3.6499549580;40.4292708210
444799.8505540460;4475485.8426051400;2022-03-01;1900-01-08;15;Ciudad Lineal;151;1;Ventas;MIGUEL DE UNAMUNO, CALLE, DE;9;0215131206;-3.6507576140;40.4281784770
444442.2019234510;4475126.1899665300;2022-03-01;1900-01-08;15;Ciudad Lineal;151;1;Ventas;MONTEJURRA, CALLE, DE;14;0215131237;-3.6549422110;40.4249144510
444280.8124778930;4475166.9381295200;2022-03-01;1900-01-08;15;Ciudad Lineal;151;1;Ventas;MONTEJURRA, CALLE, DE;42;0215131230;-3.6568482130;40.4252708880
444668.1152472950;4474926.1678789500;2022-11-23;1900-01-08;15;Ciudad Lineal;151;1;Ventas;NUESTRA SEÑORA DEL VILLAR, CALLE, DE;31;0215131295;-3.6522618000;40.4231276240
444555.4889975990;4475507.2427387400;2022-03-01;1900-01-08;15;Ciudad Lineal;151;1;Ventas;PEDREZUELA, CALLE, DE;9 A;0215131204;-3.6536400500;40.4283548900
444445.7304630960;4474706.4653673700;2022-11-23;1900-01-08;15;Ciudad Lineal;151;1;Ventas;POETA BLAS DE OTERO, CALLE, DEL;13;0215131283;-3.6548640030;40.4211339610
444478.9889975990;4474639.0760720700;2022-11-23;1900-01-08;15;Ciudad Lineal;151;1;Ventas;POETA BLAS DE OTERO, CALLE, DEL;22 B;0215131282;-3.6544660840;40.4205286880
444600.4696057630;4474629.5121305800;2022-11-23;2026-06-04;15;Ciudad Lineal;151;1;Ventas;POETA BLAS DE OTERO, CALLE, DEL;22 C;0215131297;-3.6530332880;40.4204509950
444596.3562113370;4474645.7884606700;2026-06-04;1900-01-08;15;Ciudad Lineal;151;1;Ventas;POETA BLAS DE OTERO, CALLE, DEL;59;0215131297;-3.6530832500;40.4205970420
444692.1556642660;4474770.2010720700;2022-11-23;1900-01-08;15;Ciudad Lineal;151;1;Ventas;POETA BLAS DE OTERO, CALLE, DEL;77;0215131296;-3.6519648360;40.4217245080
444739.7389975990;4474924.5760720700;2022-11-23;1900-01-08;15;Ciudad Lineal;151;1;Ventas;POETA BLAS DE OTERO, CALLE, DEL;83;0215131294;-3.6514173750;40.4231181710
444392.3288537320;4474827.4114780700;2022-11-23;1900-01-08;15;Ciudad Lineal;151;1;Ventas;POETA BLAS DE OTERO, TRAVESIA, DEL;1;0215131284;-3.6555039390;40.4222196580
444460.8223309330;4474911.8260720700;2022-11-23;1900-01-08;15;Ciudad Lineal;151;1;Ventas;POETA BLAS DE OTERO, TRAVESIA, DEL;10;0215131285;-3.6547040330;40.4229842700
444553.0213677530;4475000.1742188700;2022-11-23;1900-01-08;15;Ciudad Lineal;151;1;Ventas;POETA BLAS DE OTERO, TRAVESIA, DEL;S/N;0215131287;-3.6536248670;40.4237862970
444466.0306642660;4475390.0760720700;2022-03-01;1900-01-08;15;Ciudad Lineal;151;1;Ventas;RAMON PATUEL, CALLE, DE;27;0215131213;-3.6546844380;40.4272933710
444382.9408995750;4475594.7852893400;2022-03-01;1900-01-08;15;Ciudad Lineal;151;1;Ventas;RAMON PATUEL, CALLE, DE;3;0215131190;-3.6556817280;40.4291318210
444361.2928751800;4475505.4503551500;2022-03-01;1900-01-08;15;Ciudad Lineal;151;1;Ventas;RAMON PATUEL, CALLE, DE;7;0215131202;-3.6559290740;40.4283258410
444234.6843767750;4475746.4556136500;2022-03-01;1900-01-08;15;Ciudad Lineal;151;1;Ventas;RICARDO ORTIZ, CALLE, DE;1;0215131170;-3.6574428280;40.4304880120
444267.6556642660;4474931.9510720700;2022-03-01;1900-01-08;15;Ciudad Lineal;151;1;Ventas;RICARDO ORTIZ, CALLE, DE;114;0215131249;-3.6569826860;40.4231528350
444175.5524577310;4475596.1264256400;2022-03-01;1900-01-08;15;Ciudad Lineal;151;1;Ventas;RICARDO ORTIZ, CALLE, DE;14;0215131189;-3.6581266540;40.4291303890
444148.5479488350;4475557.8532931800;2022-03-01;1900-01-08;15;Ciudad Lineal;151;1;Ventas;RICARDO ORTIZ, CALLE, DE;18;0215131201;-3.6584416660;40.4287833480
444188.2389975990;4475510.1594054000;2022-03-01;1900-01-08;15;Ciudad Lineal;151;1;Ventas;RICARDO ORTIZ, CALLE, DE;20;0215131208;-3.6579694910;40.4283566660
444174.4889975990;4475444.0760720700;2022-03-01;1900-01-08;15;Ciudad Lineal;151;1;Ventas;RICARDO ORTIZ, CALLE, DE;26;0215131209;-3.6581257940;40.4277600460
444190.0306642660;4475182.9510720700;2022-03-01;1900-01-08;15;Ciudad Lineal;151;1;Ventas;RICARDO ORTIZ, CALLE, DE;49;0215131229;-3.6579197010;40.4254092000
444205.0306642660;4475092.8260720700;2022-03-01;1900-01-08;15;Ciudad Lineal;151;1;Ventas;RICARDO ORTIZ, CALLE, DE;53;0215131239;-3.6577349800;40.4245976050
444234.4056642660;4475023.8260720700;2022-03-01;1900-01-08;15;Ciudad Lineal;151;1;Ventas;RICARDO ORTIZ, CALLE, DE;57;0215131244;-3.6573827250;40.4239784090
444833.5723309330;4475644.7427387400;2022-03-01;1900-01-08;15;Ciudad Lineal;151;1;Ventas;RICARDO SEPULVEDA, CALLE, DE;9;0215131197;-3.6503738470;40.4296120740
444308.3977625980;4474992.7867832200;2022-03-01;1900-01-08;15;Ciudad Lineal;151;1;Ventas;SAN DONATO, CALLE, DE;4;0215131245;-3.6565078190;40.4237035040
444087.0723309330;4475492.2427387400;2022-03-01;2024-03-01;15;Ciudad Lineal;151;1;Ventas;SAN EMILIO, CALLE, DE;18;0215131207;-3.6591605560;40.4281884460
444087.4056642660;4475461.4927387400;2024-03-01;1900-01-08;15;Ciudad Lineal;151;1;Ventas;SAN EMILIO, CALLE, DE;20;0215131207;-3.6591539670;40.4279111350
444095.0401494820;4475316.4520963000;2022-03-01;1900-01-08;15;Ciudad Lineal;151;1;Ventas;SAN EMILIO, CALLE, DE;39;0215131219;-3.6590512360;40.4266055360
444403.7389975990;4475333.7982942900;2022-03-01;1900-01-08;15;Ciudad Lineal;151;1;Ventas;SAN EMILIO, CALLE, DE;63 A;0215131222;-3.6554137560;40.4267818920
444088.5613088890;4475612.7631128200;2022-03-01;1900-01-08;15;Ciudad Lineal;151;1;Ventas;SAN EMILIO, CALLE, DE;8;0215131188;-3.6591536230;40.4292737430
444191.9681225160;4475262.8633132200;2022-03-01;1900-01-08;15;Ciudad Lineal;151;1;Ventas;SAN EMILIO, CALLE, DE;S/N;0215131220;-3.6579038880;40.4261287770
444286.7389975990;4475263.7427387400;2022-03-01;1900-01-08;15;Ciudad Lineal;151;1;Ventas;SAN EMILIO, CALLE, DE;S/N;0215131221;-3.6567868490;40.4261428150
444688.1556642660;4475862.8260720700;2022-03-01;1900-01-08;15;Ciudad Lineal;151;1;Ventas;SAN GUMERSINDO, CALLE, DE;15;0215131175;-3.6521070440;40.4315665480
444729.4011125310;4474707.1156152700;2022-11-23;1900-01-08;15;Ciudad Lineal;151;1;Ventas;SAN LAMBERTO, TRAVESIA, DE;S/N;0215131301;-3.6515203930;40.4211582540
444275.5723309330;4475356.1594054000;2022-03-01;1900-01-08;15;Ciudad Lineal;151;1;Ventas;SAN MARCELO, CALLE, DE;12;0215131211;-3.6569265360;40.4269752080
444393.9056642660;4475438.9094054000;2022-03-01;1900-01-08;15;Ciudad Lineal;151;1;Ventas;SAN MARCELO, CALLE, DE;28;0215131212;-3.6555388900;40.4277285330
444146.0095386820;4475369.7437407400;2022-03-01;1900-01-08;15;Ciudad Lineal;151;1;Ventas;SAN MARCELO, CALLE, DE;3;0215131210;-3.6584550730;40.4270886540
444466.5172207120;4475052.0416699300;2022-03-01;1900-01-08;15;Ciudad Lineal;151;1;Ventas;SAN MAXIMILIANO, CALLE, DE;19;0215131246;-3.6546491440;40.4242481010
444577.1278864880;4475140.2982942900;2022-03-01;1900-01-08;15;Ciudad Lineal;151;1;Ventas;SAN MAXIMILIANO, CALLE, DE;36;0215131238;-3.6533529410;40.4250505280
444599.6556642660;4475177.4927387400;2022-03-01;1900-01-08;15;Ciudad Lineal;151;1;Ventas;SAN MAXIMILIANO, CALLE, DE;41;0215131232;-3.6530906410;40.4253868540
444359.6278864880;4474937.7427387400;2022-03-01;1900-01-08;15;Ciudad Lineal;151;1;Ventas;SAN MAXIMILIANO, CALLE, DE;6;0215131250;-3.6558991080;40.4232111040
444775.1344551810;4475345.0276418800;2022-03-01;1900-01-08;15;Ciudad Lineal;151;1;Ventas;SAN MAXIMILIANO, CALLE, DE;63;0215131227;-3.6510367590;40.4269080570
444857.2389975990;4475407.4927387400;2022-03-01;1900-01-08;15;Ciudad Lineal;151;1;Ventas;SAN MAXIMILIANO, CALLE, DE;71;0215131216;-3.6500741900;40.4274764310
444334.7806642660;4475118.4510720700;2022-03-01;1900-01-08;15;Ciudad Lineal;151;1;Ventas;SAN SECUNDINO, CALLE, DE;15;0215131240;-3.6562077610;40.4248372160
444743.3223309330;4475974.2427387400;2022-03-01;1900-01-08;15;Ciudad Lineal;151;1;Ventas;SANTA ELENA, CALLE, DE;1;0215131163;-3.6514663630;40.4325743230
444864.8341559640;4475183.0630261700;2022-11-23;1900-01-08;15;Ciudad Lineal;151;1;Ventas;SANTA FELICIDAD, CALLE, DE;18;0215131292;-3.6499652710;40.4254552660
444794.6697461970;4475016.3897760500;2022-11-23;1900-01-08;15;Ciudad Lineal;151;1;Ventas;SANTA FELICIDAD, PASAJE, DE;2;0215131293;-3.6507778970;40.4239485580
444971.9056642660;4475108.9927387400;2022-11-23;1900-01-08;15;Ciudad Lineal;151;1;Ventas;SANTA GENOVEVA, CALLE, DE;22;0215131307;-3.6486967420;40.4247948740
444948.8394609010;4475017.0603442000;2022-11-23;1900-01-08;15;Ciudad Lineal;151;1;Ventas;SANTA GENOVEVA, CALLE, DE;32;0215131306;-3.6489606470;40.4239653460
444909.1540183260;4474903.1247187400;2022-11-23;1900-01-08;15;Ciudad Lineal;151;1;Ventas;SANTA GENOVEVA, CALLE, DE;46;0215131305;-3.6494185550;40.4229357980
444858.7191650380;4474858.8672205700;2022-11-23;1900-01-08;15;Ciudad Lineal;151;1;Ventas;SANTA GENOVEVA, CALLE, DE;54;0215131304;-3.6500092170;40.4225343270
444775.2435899750;4474817.7390404500;2022-11-23;1900-01-08;15;Ciudad Lineal;151;1;Ventas;SANTA GENOVEVA, CALLE, DE;S/N;0215131302;-3.6509896050;40.4221582940
444773.5167753770;4474844.2982942900;2022-11-23;1900-01-08;15;Ciudad Lineal;151;1;Ventas;SANTA GENOVEVA, CALLE, DE;S/N;0215131303;-3.6510122370;40.4223969890
445060.3366567070;4475288.2746821700;2022-11-23;1900-01-08;15;Ciudad Lineal;151;1;Ventas;SANTA GENOVEVA, CALLE, DE;S/N;0215131308;-3.6476697730;40.4264154280
444778.0228780040;4474431.3717940100;2022-11-23;1900-01-08;15;Ciudad Lineal;151;1;Ventas;SANTA IRENE, CALLE, DE;4;0215131299;-3.6509233140;40.4186777480
444700.4244401740;4474498.4673181100;2022-11-23;1900-01-08;15;Ciudad Lineal;151;1;Ventas;SANTA IRENE, CALLE, DE;S/N;0215131298;-3.6518437130;40.4192765460
444976.2389975990;4475356.2427387400;2022-11-23;1900-01-08;15;Ciudad Lineal;151;1;Ventas;SANTA PRISCA, CALLE, DE;10;0215131309;-3.6486670630;40.4270224200
444123.0042987460;4475768.1576375400;2022-03-01;1900-01-08;15;Ciudad Lineal;151;1;Ventas;SANTIAGO DE MASARNAU, CALLE, DE;5;0215131169;-3.6587612620;40.4306758280
444984.6234160340;4475629.4922713700;2022-11-23;1900-01-08;15;Ciudad Lineal;151;1;Ventas;SERVANDO BATANERO, CALLE, DE;20;0215131317;-3.6485918340;40.4294843050
444885.2389975990;4475683.6594054000;2022-03-01;1900-01-08;15;Ciudad Lineal;151;1;Ventas;SOR MARIA DE AGREDA, CALLE, DE;15;0215131195;-3.6497681160;40.4299660480
445036.7245295840;4475699.7190453300;2022-11-23;1900-01-08;15;Ciudad Lineal;151;1;Ventas;SOR MARIA DE AGREDA, CALLE, DE;42;0215131318;-3.6479836960;40.4301202310
444897.0421715750;4474293.6270400700;2022-11-23;1900-01-08;15;Ciudad Lineal;151;1;Ventas;TRECE ROSAS, AVENIDA, DE LAS;S/N;0215131300;-3.6495085090;40.4174442270
445219.4441914550;4475516.5116975300;2022-11-23;1900-01-08;15;Ciudad Lineal;151;1;Ventas;TRUEBA, AVENIDA, DE;22;0215131313;-3.6458138480;40.4284819720
445188.3501087110;4476123.0760720700;2023-09-25;1900-01-08;15;Ciudad Lineal;152;2;Pueblo Nuevo;ALCALA, CALLE, DE;334;0215231444;-3.6462327370;40.4339439790
445295.0845418470;4476187.3253551500;2023-09-25;1900-01-08;15;Ciudad Lineal;152;2;Pueblo Nuevo;ALCALA, CALLE, DE;348;0215231445;-3.6449799650;40.4345299430
445593.5723309330;4475688.2427387400;2023-09-25;1900-01-08;15;Ciudad Lineal;152;2;Pueblo Nuevo;ASCAO, CALLE, DE;9;0215231466;-3.6414181730;40.4300537670
445488.8130716740;4475644.2427387400;2023-09-25;1900-01-08;15;Ciudad Lineal;152;2;Pueblo Nuevo;BERASTEGUI, CALLE, DE;14;0215231463;-3.6426494590;40.4296507490
445516.3439358710;4475822.0328621900;2023-09-25;1900-01-08;15;Ciudad Lineal;152;2;Pueblo Nuevo;CAROLINA CORONADO, CALLE, DE;58;0215231465;-3.6423401190;40.4312540570
445189.2389975990;4475928.7427387400;2023-09-25;1900-01-08;15;Ciudad Lineal;152;2;Pueblo Nuevo;EZEQUIEL SOLANA, CALLE, DE;17;0215231449;-3.6462054650;40.4321942230
445102.6907944580;4476067.6825924100;2023-09-25;1900-01-08;15;Ciudad Lineal;152;2;Pueblo Nuevo;EZEQUIEL SOLANA, CALLE, DE;2;0215231443;-3.6472378770;40.4334397190
445234.4889975990;4475845.9927387400;2023-09-25;1900-01-08;15;Ciudad Lineal;152;2;Pueblo Nuevo;EZEQUIEL SOLANA, CALLE, DE;32;0215231453;-3.6456648790;40.4314509250
445292.5723309330;4475612.7427387400;2023-09-25;1900-01-08;15;Ciudad Lineal;152;2;Pueblo Nuevo;FRANCISCO VILLAESPESA, CALLE, DE;53;0215231460;-3.6449601410;40.4293543010
445387.2945531550;4476043.5205165200;2023-09-25;1900-01-08;15;Ciudad Lineal;152;2;Pueblo Nuevo;GUTIERRE DE CETINA, CALLE, DE;18;0215231451;-3.6438804590;40.4332403300
445456.9859111800;4475925.4896523200;2023-09-25;1900-01-08;15;Ciudad Lineal;152;2;Pueblo Nuevo;GUTIERRE DE CETINA, CALLE, DE;32;0215231454;-3.6430488110;40.4321820770
445409.3501087110;4475714.7427387400;2023-09-25;1900-01-08;15;Ciudad Lineal;152;2;Pueblo Nuevo;JOSE FELIU Y CODINA, CALLE, DE;2;0215231462;-3.6435922610;40.4302803150
445120.4797383400;4475863.5760720700;2023-09-25;1900-01-08;15;Ciudad Lineal;152;2;Pueblo Nuevo;LAGO CONSTANZA, CALLE, DEL;29;0215231448;-3.6470104700;40.4316024150
445267.7389975990;4475704.9927387400;2023-09-25;1900-01-08;15;Ciudad Lineal;152;2;Pueblo Nuevo;SALAS BARBADILLO, CALLE, DE;9;0215231458;-3.6452608290;40.4301836570
445205.2389975990;4475665.4094054000;2023-09-25;1900-01-08;15;Ciudad Lineal;152;2;Pueblo Nuevo;SERVANDO BATANERO, CALLE, DE;51;0215231459;-3.6459942150;40.4298224070
445342.4056642660;4475691.4094054000;2023-09-25;1900-01-08;15;Ciudad Lineal;152;2;Pueblo Nuevo;SERVANDO BATANERO, CALLE, DE;60;0215231461;-3.6443794480;40.4300655700
445451.9982568590;4475744.8970597300;2023-09-25;1900-01-08;15;Ciudad Lineal;152;2;Pueblo Nuevo;SERVANDO BATANERO, CALLE, DE;81;0215231464;-3.6430920690;40.4305549910
445284.1834420440;4476077.3538498500;2023-09-25;1900-01-08;15;Ciudad Lineal;152;2;Pueblo Nuevo;TIMOTEO DOMINGO, CALLE, DE;16;0215231447;-3.6450990260;40.4335384970
445360.3501087110;4475950.1316276300;2023-09-25;1900-01-08;15;Ciudad Lineal;152;2;Pueblo Nuevo;TIMOTEO DOMINGO, CALLE, DE;39 A;0215231452;-3.6441900280;40.4323979100
445247.9056642660;4476024.9927387400;2023-09-25;1900-01-08;15;Ciudad Lineal;152;2;Pueblo Nuevo;URQUIZA, CALLE, DE;15;0215231446;-3.6455221550;40.4330650620
445272.0723309330;4475962.3538498500;2023-09-25;1900-01-08;15;Ciudad Lineal;152;2;Pueblo Nuevo;URQUIZA, CALLE, DE;21;0215231450;-3.6452318950;40.4325023600
445374.6834420440;4475810.5760720700;2023-09-25;1900-01-08;15;Ciudad Lineal;152;2;Pueblo Nuevo;VITAL AZA, CALLE, DE;18;0215231456;-3.6440090880;40.4311410690
445448.3223309330;4475844.9927387400;2023-09-25;1900-01-08;15;Ciudad Lineal;152;2;Pueblo Nuevo;VITAL AZA, CALLE, DE;30;0215231457;-3.6431439790;40.4314559670
445293.6834420440;4475772.9094054000;2023-09-25;1900-01-08;15;Ciudad Lineal;152;2;Pueblo Nuevo;VITAL AZA, CALLE, DE;9;0215231455;-3.6449608280;40.4307968940
444548.7593055810;4475960.3226930100;2022-11-23;1900-01-08;15;Ciudad Lineal;153;3;Quintana;ALCALA, CALLE, DE;293;0215331340;-3.6537589390;40.4324359540
444963.5338468820;4476030.8025865600;2022-11-23;1900-01-08;15;Ciudad Lineal;153;3;Quintana;ARGENTINA, CALLE, DE;1;0215331360;-3.6488752190;40.4330986370
444496.0306642660;4475954.4510720700;2022-04-19;2022-04-20;15;Ciudad Lineal;153;3;Quintana;BUEN GOBERNADOR, CALLE, DEL;1;;-3.6543800830;40.4323797470
444482.4889975990;4476064.5760720700;2024-03-21;1900-01-08;15;Ciudad Lineal;153;3;Quintana;BUEN GOBERNADOR, CALLE, DEL;12;0215331339;-3.6545492770;40.4333705060
444490.0544437700;4476065.0231166500;2022-11-23;2024-03-21;15;Ciudad Lineal;153;3;Quintana;BUEN GOBERNADOR, CALLE, DEL;12;0215331339;-3.6544601820;40.4333754330
444459.7942057230;4476182.3319728200;2022-11-23;1900-01-08;15;Ciudad Lineal;153;3;Quintana;BUEN GOBERNADOR, CALLE, DEL;23;0215331338;-3.6548271040;40.4344296750
444811.0147019910;4476130.3852308400;2022-11-23;1900-01-08;15;Ciudad Lineal;153;3;Quintana;CONCEJAL JULIO GOMEZ, CALLE, DEL;13;0215331348;-3.6506819270;40.4339848880
444841.7792773390;4476009.7477484900;2022-11-23;1900-01-08;15;Ciudad Lineal;153;3;Quintana;CONCEJAL JULIO GOMEZ, CALLE, DEL;2;0215331350;-3.6503087020;40.4329006230
445231.9346132270;4476327.3793805200;2022-11-23;1900-01-08;15;Ciudad Lineal;153;3;Quintana;ELFO, CALLE, DEL;105;0215331370;-3.6457364990;40.4357880440
444941.7389303540;4476142.4893260600;2022-11-23;1900-01-08;15;Ciudad Lineal;153;3;Quintana;ELFO, CALLE, DEL;72;0215331352;-3.6491418160;40.4341026310
445094.0487951920;4476230.0422814700;2022-11-23;1900-01-08;15;Ciudad Lineal;153;3;Quintana;ELFO, CALLE, DEL;78 D;0215331363;-3.6473537870;40.4349013340
445057.5347746150;4476400.9117589800;2022-11-23;1900-01-08;15;Ciudad Lineal;153;3;Quintana;ELIAS DUPUY, CALLE, DE;2;0215331366;-3.6477989750;40.4364388090
445128.4445991060;4476316.3848273700;2022-11-23;1900-01-08;15;Ciudad Lineal;153;3;Quintana;EMILIO GASTESI FERNANDEZ, CALLE, DE;24;0215331364;-3.6469556950;40.4356821610
445013.3548270660;4476473.8389326700;2022-11-23;1900-01-08;15;Ciudad Lineal;153;3;Quintana;EMILIO GASTESI FERNANDEZ, CALLE, DE;40;0215331367;-3.6483260960;40.4370927260
445198.0476395750;4476232.5760720700;2022-11-23;1900-01-08;15;Ciudad Lineal;153;3;Quintana;EMILIO GASTESI FERNANDEZ, CALLE, DE;8;0215331361;-3.6461278290;40.4349313570
445162.1343307980;4476421.6904557700;2022-11-23;1900-01-08;15;Ciudad Lineal;153;3;Quintana;FEDERICO GUTIERREZ, CALLE, DE;35;0215331369;-3.6465676310;40.4366325260
444657.9987649320;4476103.9579562800;2022-11-23;1900-01-08;15;Ciudad Lineal;153;3;Quintana;FLORENCIO LLORENTE, CALLE, DE;15;0215331343;-3.6524835920;40.4337375420
444682.3078228300;4475982.7152691700;2022-11-23;1900-01-08;15;Ciudad Lineal;153;3;Quintana;FLORENCIO LLORENTE, CALLE, DE;2;0215331341;-3.6521863990;40.4326463440
444639.0356824220;4476213.9034878500;2022-11-23;1900-01-08;15;Ciudad Lineal;153;3;Quintana;FLORENCIO LLORENTE, CALLE, DE;22;0215331345;-3.6527167860;40.4347264670
445311.7207742120;4476315.1744178500;2022-11-23;1900-01-08;15;Ciudad Lineal;153;3;Quintana;GERMAN PEREZ CARRASCO, CALLE, DE;35;0215331371;-3.6447949000;40.4356833070
445127.9056642660;4476189.8260720700;2022-11-23;1900-01-08;15;Ciudad Lineal;153;3;Quintana;GERMAN PEREZ CARRASCO, CALLE, DE;4 A;0215331362;-3.6469511690;40.4345414020
445194.2101831280;4476517.9180127600;2022-11-23;1900-01-08;15;Ciudad Lineal;153;3;Quintana;HERMANOS DE PABLO, CALLE, DE LOS;39;0215331373;-3.6461976720;40.4375021620
444722.6548068930;4476292.2775043900;2022-11-23;1900-01-08;15;Ciudad Lineal;153;3;Quintana;JOSE DEL HIERRO, CALLE, DE;1;0215331356;-3.6517376590;40.4354383100
444829.4734471990;4476358.9508955500;2022-11-23;1900-01-08;15;Ciudad Lineal;153;3;Quintana;JOSE DEL HIERRO, CALLE, DE;3;0215331355;-3.6504841990;40.4360453590
445129.6550086280;4476475.3519445800;2022-11-23;1900-01-08;15;Ciudad Lineal;153;3;Quintana;PRUDENCIO ALVARO, CALLE, DE;11;0215331368;-3.6469551800;40.4371140970
444385.2531526660;4476108.0935221400;2022-11-23;1900-01-08;15;Ciudad Lineal;153;3;Quintana;SAMBARA, CALLE, DE;1;0215331337;-3.6556994330;40.4337559340
445263.2035258760;4476400.9117589800;2022-11-23;1900-01-08;15;Ciudad Lineal;153;3;Quintana;SAMBARA, CALLE, DE;101;0215331372;-3.6453741600;40.4364523880
444564.8223309330;4476138.7427387400;2022-11-23;1900-01-08;15;Ciudad Lineal;153;3;Quintana;SAMBARA, CALLE, DE;20;0215331344;-3.6535851040;40.4340442470
444703.4899894630;4476170.4296125200;2022-11-23;1900-01-08;15;Ciudad Lineal;153;3;Quintana;SAMBARA, CALLE, DE;40;0215331346;-3.6519529760;40.4343386900
444872.1403828460;4476203.4132719900;2022-11-23;1900-01-08;15;Ciudad Lineal;153;3;Quintana;SAMBARA, CALLE, DE;63;0215331353;-3.6499676200;40.4346476280
444993.6856723360;4476247.1897497000;2022-11-23;1900-01-08;15;Ciudad Lineal;153;3;Quintana;SAMBARA, CALLE, DE;S/N;0215331358;-3.6485384910;40.4350495580
444406.3344518390;4475991.1881358200;2022-11-23;1900-01-08;15;Ciudad Lineal;153;3;Quintana;SIENA, CALLE, DE;18;0215331336;-3.6554406270;40.4327039260
444585.5759285390;4476030.4255778200;2022-11-23;1900-01-08;15;Ciudad Lineal;153;3;Quintana;SIENA, CALLE, DE;35;0215331342;-3.6533309970;40.4330695310
444751.9178751800;4476059.4920218200;2022-11-23;1900-01-08;15;Ciudad Lineal;153;3;Quintana;SIENA, CALLE, DE;59;0215331349;-3.6513725130;40.4333428320
444893.9277542400;4476073.6977182300;2022-11-23;1900-01-08;15;Ciudad Lineal;153;3;Quintana;SIENA, CALLE, DE;74;0215331351;-3.6496995330;40.4334801700
444737.6840584560;4476243.4576536700;2022-11-23;1900-01-08;15;Ciudad Lineal;153;3;Quintana;VIRGEN DE LLUC, CALLE, DE LA;42;0215331347;-3.6515562600;40.4349986800
444855.4972519200;4476264.6398203100;2022-11-23;1900-01-08;15;Ciudad Lineal;153;3;Quintana;VIRGEN DE LLUC, CALLE, DE LA;54;0215331354;-3.6501690720;40.4351978970
444921.0611010220;4476264.5389528500;2022-11-23;1900-01-08;15;Ciudad Lineal;153;3;Quintana;VIRGEN DE LLUC, CALLE, DE LA;60;0215331357;-3.6493961520;40.4352013920
445024.7528500640;4476333.7340305100;2022-11-23;1900-01-08;15;Ciudad Lineal;153;3;Quintana;VIRGEN DE LLUC, CALLE, DE LA;70;0215331365;-3.6481796480;40.4358311300
445046.9436912990;4476162.6628180900;2022-11-23;1900-01-08;15;Ciudad Lineal;153;3;Quintana;VIRGEN DEL SAGRARIO, CALLE, DE LA;8;0215331359;-3.6479032530;40.4342918220
444369.0306642660;4475934.0760720700;2022-04-19;2022-04-20;15;Ciudad Lineal;154;4;La Concepción;ALCALA, CALLE, DE;275;;-3.6558753880;40.4321871760
444334.1556642660;4475922.2427387400;2023-09-25;1900-01-08;15;Ciudad Lineal;154;4;La Concepción;CAPOTE, CALLEJON, DEL;S/N;0215431486;-3.6562855110;40.4320780270
444083.1278864880;4476264.9094054000;2023-09-25;1900-01-08;15;Ciudad Lineal;154;4;La Concepción;DONOSTIARRA, AVENIDA;1;0215431471;-3.6592750330;40.4351485650
444263.2806642660;4476230.8260720700;2023-09-25;1900-01-08;15;Ciudad Lineal;154;4;La Concepción;DONOSTIARRA, AVENIDA;19;0215431483;-3.6571482140;40.4348538930
444070.5306642660;4476240.7010720700;2023-09-25;1900-01-08;15;Ciudad Lineal;154;4;La Concepción;DONOSTIARRA, AVENIDA;2;0215431472;-3.6594214810;40.4349296380
444188.4056642660;4476223.9649609600;2023-09-25;1900-01-08;15;Ciudad Lineal;154;4;La Concepción;DONOSTIARRA, AVENIDA;S/N;0215431480;-3.6580302250;40.4347865710
444192.7389975990;4476244.9927387400;2023-09-25;1900-01-08;15;Ciudad Lineal;154;4;La Concepción;DONOSTIARRA, AVENIDA;S/N;0215431481;-3.6579810080;40.4349764490
444382.1556642660;4476056.0760720700;2023-09-25;1900-01-08;15;Ciudad Lineal;154;4;La Concepción;ELFO, CALLE, DEL;15;0215431489;-3.6557313460;40.4332873120
445119.0306642660;4476633.3260720700;2023-09-25;1900-01-08;15;Ciudad Lineal;154;4;La Concepción;HERMANOS DE PABLO, CALLE, DE LOS;48;0215431522;-3.6470940650;40.4385362360
444825.3223309330;4476377.9094054000;2023-09-25;1900-01-08;15;Ciudad Lineal;154;4;La Concepción;JOSE DEL HIERRO, CALLE, DE;3;0215431507;-3.6505347340;40.4362162720
444571.6556642660;4476220.0760720700;2023-09-25;1900-01-08;15;Ciudad Lineal;154;4;La Concepción;JOSE DEL HIERRO, CALLE, DE;S/N;0215431498;-3.6535115930;40.4347773460
445031.5306642660;4476506.7010720700;2023-09-25;1900-01-08;15;Ciudad Lineal;154;4;La Concepción;JOSE DEL HIERRO, CALLE, DE;S/N;0215431515;-3.6481146750;40.4373902630
444201.8223309330;4475952.8260720700;2023-09-25;1900-01-08;15;Ciudad Lineal;154;4;La Concepción;RAQUEL MELLER, CALLE, DE;5;0215431477;-3.6578483110;40.4323451980
444263.4427013030;4475968.6501461500;2023-09-25;1900-01-08;15;Ciudad Lineal;154;4;La Concepción;VENTAS, CALLE, DE LAS;5;0215431485;-3.6571232330;40.4324919890
444309.9056642660;4476119.9094054000;2023-09-25;1900-01-08;15;Ciudad Lineal;154;4;La Concepción;VIRGEN DE LA ALEGRIA, CALLE, DE LA;12;0215431488;-3.6565887780;40.4338574620
444146.7945531550;4475966.2427387400;2023-09-25;1900-01-08;15;Ciudad Lineal;154;4;La Concepción;VIRGEN DE LA ALEGRIA, CALLE, DE LA;4;0215431476;-3.6584982740;40.4324624820
444238.4056642660;4476145.5760720700;2023-09-25;1900-01-08;15;Ciudad Lineal;154;4;La Concepción;VIRGEN DE LA ALEGRIA, PASAJE, DE LA;3;0215431484;-3.6574339480;40.4340843540
444552.7806642660;4476427.2010720700;2023-09-25;1900-01-08;15;Ciudad Lineal;154;4;La Concepción;VIRGEN DE LA FUENCISLA, CALLE, DE LA;1;0215431497;-3.6537522350;40.4366419230
444649.5723309330;4476474.0760720700;2023-09-25;1900-01-08;15;Ciudad Lineal;154;4;La Concepción;VIRGEN DE LA FUENCISLA, CALLE, DE LA;12;0215431503;-3.6526152010;40.4370710110
444729.6556642660;4476537.3260720700;2023-09-25;1900-01-08;15;Ciudad Lineal;154;4;La Concepción;VIRGEN DE LA FUENCISLA, CALLE, DE LA;15;0215431508;-3.6516765240;40.4376462030
444855.0723309330;4476602.5760720700;2023-09-25;1900-01-08;15;Ciudad Lineal;154;4;La Concepción;VIRGEN DE LA FUENCISLA, CALLE, DE LA;21;0215431513;-3.6502034490;40.4382424230
444930.1535734660;4476649.4896523200;2023-09-25;1900-01-08;15;Ciudad Lineal;154;4;La Concepción;VIRGEN DE LA FUENCISLA, CALLE, DE LA;27;0215431516;-3.6493222980;40.4386698500
444721.2945531550;4476474.0760720700;2023-09-25;1900-01-08;15;Ciudad Lineal;154;4;La Concepción;VIRGEN DE LA MONJIA, CALLE, DE LA;1;0215431505;-3.6517695150;40.4370757660
444080.6556642660;4475910.3260720700;2023-09-25;1900-01-08;15;Ciudad Lineal;154;4;La Concepción;VIRGEN DE LA PAZ, CALLE, DE LA;2;0215431475;-3.6592729700;40.4319544400
444032.9056642660;4476016.5760720700;2023-09-25;1900-01-08;15;Ciudad Lineal;154;4;La Concepción;VIRGEN DE LA PAZ, CALLE, DE LA;8;0215431474;-3.6598452980;40.4329082430
444051.6556642660;4476124.8260720700;2023-09-25;1900-01-08;15;Ciudad Lineal;154;4;La Concepción;VIRGEN DE LA PAZ, CALLE, DE LA;S/N;0215431473;-3.6596338190;40.4338845060
444874.9867630850;4476751.5822599600;2023-09-25;1900-01-08;15;Ciudad Lineal;154;4;La Concepción;VIRGEN DE LA PEÑA, CALLE, DE LA;7;0215431519;-3.6499816000;40.4395852640
444906.3223309330;4476600.2427387400;2023-09-25;1900-01-08;15;Ciudad Lineal;154;4;La Concepción;VIRGEN DE LA PROVIDENCIA, CALLE, DE LA;1;0215431514;-3.6495990360;40.4382244890
444258.2389975990;4476310.6594054000;2023-09-25;1900-01-08;15;Ciudad Lineal;154;4;La Concepción;VIRGEN DE LA ROCA, TRAVESIA, DE LA;5;0215431482;-3.6572146190;40.4355726120
444550.9056642660;4476366.8260720700;2023-09-25;1900-01-08;15;Ciudad Lineal;154;4;La Concepción;VIRGEN DE LAS NIEVES, CALLE, DE LA;2;0215431495;-3.6537690800;40.4360975550
444385.7389975990;4476284.4927387400;2023-09-25;1900-01-08;15;Ciudad Lineal;154;4;La Concepción;VIRGEN DE LORETO, CALLE, DE LA;S/N;0215431491;-3.6557091160;40.4353449750
444887.9889975990;4476728.6594054000;2023-09-25;1900-01-08;15;Ciudad Lineal;154;4;La Concepción;VIRGEN DE LOS REYES, CALLE, DE LA;21;0215431518;-3.6498263290;40.4393795150
444980.5167753770;4476773.0205165200;2023-09-25;1900-01-08;15;Ciudad Lineal;154;4;La Concepción;VIRGEN DE LOS REYES, CALLE, DE LA;30;0215431521;-3.6487392560;40.4397856280
444636.7806642660;4476571.9510720700;2023-09-25;1900-01-08;15;Ciudad Lineal;154;4;La Concepción;VIRGEN DE LOS REYES, CALLE, DE LA;7;0215431504;-3.6527744830;40.4379519910
444098.4056642660;4476382.3538498500;2023-09-25;1900-01-08;15;Ciudad Lineal;154;4;La Concepción;VIRGEN DE LOURDES, CALLE, DE LA;2;0215431470;-3.6591052660;40.4362073340
444659.9889975990;4476381.5760720700;2023-09-25;1900-01-08;15;Ciudad Lineal;154;4;La Concepción;VIRGEN DE NURIA, CALLE, DE LA;11;0215431499;-3.6524843370;40.4362380450
444749.1556642660;4476437.4510720700;2023-09-25;1900-01-08;15;Ciudad Lineal;154;4;La Concepción;VIRGEN DE NURIA, CALLE, DE LA;17;0215431506;-3.6514379440;40.4367476910
444544.1556642660;4476311.5760720700;2023-09-25;1900-01-08;15;Ciudad Lineal;154;4;La Concepción;VIRGEN DE NURIA, CALLE, DE LA;3;0215431494;-3.6538437940;40.4356001710
444726.4498697620;4476568.1475575400;2023-09-25;1900-01-08;15;Ciudad Lineal;154;4;La Concepción;VIRGEN DEL CASTAÑAR, CALLE, DE LA;12;0215431509;-3.6517169750;40.4379236870
444817.7945531550;4476624.2427387400;2023-09-25;1900-01-08;15;Ciudad Lineal;154;4;La Concepción;VIRGEN DEL CASTAÑAR, CALLE, DE LA;14;0215431512;-3.6506449130;40.4384347080
444923.4829243220;4476691.8034715100;2023-09-25;1900-01-08;15;Ciudad Lineal;154;4;La Concepción;VIRGEN DEL CASTAÑAR, CALLE, DE LA;20;0215431517;-3.6494046320;40.4390504650
444613.6834420440;4476497.4649609600;2023-09-25;1900-01-08;15;Ciudad Lineal;154;4;La Concepción;VIRGEN DEL CASTAÑAR, CALLE, DE LA;6;0215431502;-3.6530403350;40.4372791090
444150.8871457480;4476105.7242202200;2023-09-25;1900-01-08;15;Ciudad Lineal;154;4;La Concepción;VIRGEN DEL CORO, CALLE, DE LA;16;0215431479;-3.6584622350;40.4337192080
444560.0306642660;4476546.3260720700;2023-09-25;1900-01-08;15;Ciudad Lineal;154;4;La Concepción;VIRGEN DEL FRESNEDO, CALLE, DE LA;7;0215431501;-3.6536771780;40.4377159320
444545.8223309330;4476452.8260720700;2023-09-25;1900-01-08;15;Ciudad Lineal;154;4;La Concepción;VIRGEN DEL FRESNEDO, CALLE, DE LA;S/N;0215431496;-3.6538364600;40.4368723660
444405.4056642660;4476288.9094054000;2023-09-25;1900-01-08;15;Ciudad Lineal;154;4;La Concepción;VIRGEN DEL PORTILLO, CALLE, DE LA;1;0215431492;-3.6554776410;40.4353862280
444998.1556642660;4476640.1594054000;2023-09-25;1900-01-08;15;Ciudad Lineal;154;4;La Concepción;VIRGEN DEL PORTILLO, CALLE, DE LA;35;0215431520;-3.6485197560;40.4385900940
444636.8223309330;4476431.9094054000;2023-09-25;1900-01-08;15;Ciudad Lineal;154;4;La Concepción;VIRGEN DEL PORTILLO, CALLE, DE LA;S/N;0215431500;-3.6527618210;40.4366899370
444179.3182838050;4476023.8492766500;2023-09-25;1900-01-08;15;Ciudad Lineal;154;4;La Concepción;VIRGEN DEL PUIG, CALLE, DE LA;S/N;0215431478;-3.6581197780;40.4329833010
444829.4178751800;4476537.7420218200;2023-09-25;1900-01-08;15;Ciudad Lineal;154;4;La Concepción;VIRGEN DEL SAGRARIO, CALLE, DE LA;30;0215431511;-3.6505003560;40.4376558290
444766.9056642660;4476639.3260720700;2023-09-25;1900-01-08;15;Ciudad Lineal;154;4;La Concepción;VIRGEN DEL SAGRARIO, CALLE, DE LA;34;0215431510;-3.6512461750;40.4385669460
444470.6834420440;4476376.2427387400;2023-09-25;1900-01-08;15;Ciudad Lineal;154;4;La Concepción;VIRGEN DEL VAL, CALLE, DE LA;8;0215431493;-3.6547157210;40.4361770820
444968.9441926300;4477248.9621375700;2022-11-23;1900-01-08;15;Ciudad Lineal;155;5;San Pascual;AGASTIA, CALLE, DE;18;0215531435;-3.6489169300;40.4440727840
444869.5609939510;4477328.1038281300;2022-11-23;1900-01-08;15;Ciudad Lineal;155;5;San Pascual;AGASTIA, CALLE, DE;28;0215531436;-3.6500956190;40.4447790120
444774.5214665420;4477430.1801030000;2022-11-23;1900-01-08;15;Ciudad Lineal;155;5;San Pascual;AGASTIA, CALLE, DE;42;0215531437;-3.6512251480;40.4456924210
444703.6327514000;4477531.9088841600;2022-11-23;1900-01-08;15;Ciudad Lineal;155;5;San Pascual;AGASTIA, CALLE, DE;52;0215531438;-3.6520698590;40.4466037680
445059.2925550660;4477173.2085106100;2022-11-23;1900-01-08;15;Ciudad Lineal;155;5;San Pascual;AGASTIA, CALLE, DE;9;0215531432;-3.6478450410;40.4433961780
444278.1267136970;4477031.5179537500;2022-11-23;1900-01-08;15;Ciudad Lineal;155;5;San Pascual;ALBACETE, CALLE, DE;S/N;0215531388;-3.6570433620;40.4420677760
444259.7608114630;4477189.4221249500;2022-11-23;1900-01-08;15;Ciudad Lineal;155;5;San Pascual;ALBACETE, CALLE, DE;S/N;0215531389;-3.6572738060;40.4434891690
444293.2081334020;4477331.1439733100;2022-11-23;1900-01-08;15;Ciudad Lineal;155;5;San Pascual;ALBACETE, CALLE, DE;S/N;0215531390;-3.6568918150;40.4447674960
445019.1278864880;4477484.0205165200;2022-11-23;1900-01-08;15;Ciudad Lineal;155;5;San Pascual;AMARA, CALLE, DE;S/N;0215531440;-3.6483455190;40.4461936450
444344.8911321080;4476381.2466139800;2022-11-23;1900-01-08;15;Ciudad Lineal;155;5;San Pascual;ANTONIO CALVO, CALLE, DE;1;0215531404;-3.6561991090;40.4362138090
444293.9376771230;4476576.0405842800;2022-11-23;1900-01-08;15;Ciudad Lineal;155;5;San Pascual;ANTONIO CALVO, CALLE, DE;S/N;0215531384;-3.6568169870;40.4379657990
444428.0306642660;4476467.3260720700;2022-11-23;1900-01-08;15;Ciudad Lineal;155;5;San Pascual;ANTONIO CANTALEJO, CALLE, DE;9;0215531403;-3.6552265130;40.4369950370
444686.0843194660;4477166.1717631500;2022-11-23;1900-01-08;15;Ciudad Lineal;155;5;San Pascual;ARISTOTELES, CALLE, DE;2;0215531422;-3.6522448980;40.4433078280
444709.1926506270;4477116.5670372400;2022-11-23;1900-01-08;15;Ciudad Lineal;155;5;San Pascual;ARISTOTELES, CALLE, DE;6;0215531423;-3.6519681590;40.4428627550
444417.5585614950;4476966.7972518100;2022-11-23;1900-01-08;15;Ciudad Lineal;155;5;San Pascual;BADAJOZ, AVENIDA, DE;3;0215531394;-3.6553937020;40.4414943020
444832.7945531550;4477194.1871831800;2022-11-23;1900-01-08;15;Ciudad Lineal;155;5;San Pascual;BADAJOZ, AVENIDA, DE;74;0215531434;-3.6505175450;40.4435698990
444615.0519054340;4476720.2234715800;2022-11-23;1900-01-08;15;Ciudad Lineal;155;5;San Pascual;CALERO, COSTANILLA, DEL;6;0215531410;-3.6530436010;40.4392860080
444640.9988531920;4476828.5867288500;2022-11-23;1900-01-08;15;Ciudad Lineal;155;5;San Pascual;CANAL DE MOZAMBIQUE, CALLE, DEL;1;0215531413;-3.6527470960;40.4402639330
444807.8585775060;4476756.9430360500;2023-09-25;1900-01-08;15;Ciudad Lineal;155;5;San Pascual;CANAL DE PANAMA, CALLE, DEL;1;0215531427;-3.6507736000;40.4396296110
444733.0306642660;4476871.9510720700;2022-11-23;1900-01-08;15;Ciudad Lineal;155;5;San Pascual;CANAL DE PANAMA, CALLE, DEL;14;0215531426;-3.6516657520;40.4406600760
444769.8069152800;4477054.5800104500;2022-11-23;1900-01-08;15;Ciudad Lineal;155;5;San Pascual;CARLOTA O'NEILL, CALLE, DE;4;0215531424;-3.6512480660;40.4423078450
445034.0861050370;4477332.3970087100;2022-11-23;1900-01-08;15;Ciudad Lineal;155;5;San Pascual;CARLOTA O'NEILL, CALLE, DE;44;0215531441;-3.6481559850;40.4448285160
444820.4845476210;4477096.2804622000;2022-11-23;1900-01-08;15;Ciudad Lineal;155;5;San Pascual;CARLOTA O'NEILL, CALLE, DE;6;0215531433;-3.6506541950;40.4426875440
444562.1154986230;4476738.1778327600;2022-11-23;1900-01-08;15;Ciudad Lineal;155;5;San Pascual;CESAR GONZALEZ RUANO, TRAVESIA, DE;1;0215531408;-3.6536692710;40.4394437440
444477.4983319370;4477249.1821186400;2022-11-23;1900-01-08;15;Ciudad Lineal;155;5;San Pascual;CONDESA DE VENADITO, CALLE, DE LA;10 B;0215531417;-3.6547116530;40.4440422460
444567.0925196950;4477316.1800473200;2022-11-23;1900-01-08;15;Ciudad Lineal;155;5;San Pascual;CONDESA DE VENADITO, CALLE, DE LA;5 A;0215531419;-3.6536610780;40.4446513570
444642.0723309330;4477347.4094054000;2022-11-23;1900-01-08;15;Ciudad Lineal;155;5;San Pascual;CONDESA DE VENADITO, CALLE, DE LA;7;0215531420;-3.6527796970;40.4449377790
444942.1556642660;4477558.9094054000;2022-11-23;1900-01-08;15;Ciudad Lineal;155;5;San Pascual;CONDESA DE VENADITO, CALLE, DE LA;S/N;0215531439;-3.6492596160;40.4468626880
444386.1972549190;4476687.6729359400;2022-11-23;1900-01-08;15;Ciudad Lineal;155;5;San Pascual;DERECHOS HUMANOS, CALLE, DE LOS;S/N;0215531400;-3.6557389670;40.4389771840
444490.7928591230;4476648.4061476500;2022-11-23;1900-01-08;15;Ciudad Lineal;155;5;San Pascual;ESTEBAN MORA, CALLE, DE;39 G;0215531407;-3.6545024090;40.4386301440
444349.7538529550;4476611.0071380100;2022-11-23;1900-01-08;15;Ciudad Lineal;155;5;San Pascual;ESTEBAN MORA, CALLE, DE;9;0215531401;-3.6561619810;40.4382840200
444689.1834420440;4476725.4094054000;2022-11-23;1900-01-08;15;Ciudad Lineal;155;5;San Pascual;FRANCISCO GINER DE LOS RIOS, CALLE, DE;16;0215531412;-3.6521700120;40.4393375170
445118.5881311370;4477264.8084879700;2022-11-23;1900-01-08;15;Ciudad Lineal;155;5;San Pascual;JUAN PEREZ ZUÑIGA, CALLE, DE;36;0215531442;-3.6471538240;40.4442247900
444548.5049345080;4476798.5276532100;2022-11-23;1900-01-08;15;Ciudad Lineal;155;5;San Pascual;LUIS CERNUDA, CALLE, DE;16;0215531409;-3.6538350280;40.4399866210
444724.3955000750;4477319.3078938100;2022-11-23;1900-01-08;15;Ciudad Lineal;155;5;San Pascual;MADRE ANTONIA PARIS, CALLE, DE LA;4;0215531421;-3.6518065280;40.4446902610
444378.2048997800;4476542.8549357700;2022-11-23;1900-01-08;15;Ciudad Lineal;155;5;San Pascual;MARIA NISTAL, CALLE, DE;6;0215531402;-3.6558205560;40.4376719290
444915.0634888930;4476953.5143322400;2022-11-23;1900-01-08;15;Ciudad Lineal;155;5;San Pascual;MARIA ZAMBRANO, CALLE, DE;1;0215531430;-3.6495266140;40.4414070410
444922.1556642660;4477075.0760720700;2022-11-23;1900-01-08;15;Ciudad Lineal;155;5;San Pascual;MARIA ZAMBRANO, CALLE, DE;10;0215531431;-3.6494535050;40.4425025360
444513.8703926340;4476915.5785046000;2022-11-23;1900-01-08;15;Ciudad Lineal;155;5;San Pascual;MARTINEZ VILLERGAS, CALLE, DE;17;0215531395;-3.6542535740;40.4410385140
444476.1662341720;4477024.9842731600;2022-11-23;1900-01-08;15;Ciudad Lineal;155;5;San Pascual;MARTINEZ VILLERGAS, CALLE, DE;34;0215531393;-3.6547077570;40.4420219390
444443.3836256990;4477123.6504522400;2022-11-23;1900-01-08;15;Ciudad Lineal;155;5;San Pascual;MARTINEZ VILLERGAS, CALLE, DE;35;0215531392;-3.6551028690;40.4429085910
444401.9741804250;4477229.1427348800;2022-11-23;1900-01-08;15;Ciudad Lineal;155;5;San Pascual;MARTINEZ VILLERGAS, CALLE, DE;41;0215531391;-3.6556004250;40.4438563780
444549.9528668610;4476991.2184907000;2022-11-23;1900-01-08;15;Ciudad Lineal;155;5;San Pascual;PABLO SANCHEZ, CALLE, DE;6;0215531415;-3.6538347990;40.4417231420
444616.6735896690;4476937.0079034200;2022-11-23;1900-01-08;15;Ciudad Lineal;155;5;San Pascual;PADRE COLOMA, CALLE, DEL;10;0215531414;-3.6530433720;40.4412385910
444229.3340389220;4476388.0443916300;2022-11-23;1900-01-08;15;Ciudad Lineal;155;5;San Pascual;SALVADOR DE MADARIAGA, CALLE, DE;S/N;0215531382;-3.6575621760;40.4362672080
444230.8675702690;4476498.2019951000;2022-11-23;1900-01-08;15;Ciudad Lineal;155;5;San Pascual;SALVADOR DE MADARIAGA, CALLE, DE;S/N;0215531383;-3.6575537530;40.4372604880
444277.3014161560;4476662.3493324300;2022-11-23;1900-01-08;15;Ciudad Lineal;155;5;San Pascual;SALVADOR DE MADARIAGA, CALLE, DE;S/N;0215531385;-3.6570207300;40.4387418130
444262.8232994750;4476679.8502081300;2022-11-23;1900-01-08;15;Ciudad Lineal;155;5;San Pascual;SALVADOR DE MADARIAGA, CALLE, DE;S/N;0215531386;-3.6571929040;40.4388984020
444796.9056642660;4476934.4649609600;2022-11-23;1900-01-08;15;Ciudad Lineal;155;5;San Pascual;TORRELAGUNA, CALLE, DE;17;0215531429;-3.6509181000;40.4412282210
444692.0239892980;4476961.7965052900;2022-11-23;1900-01-08;15;Ciudad Lineal;155;5;San Pascual;TORRELAGUNA, CALLE, DE;25;0215531425;-3.6521571210;40.4414675450
444578.7956793250;4477074.9668979700;2022-11-23;1900-01-08;15;Ciudad Lineal;155;5;San Pascual;TORRELAGUNA, CALLE, DE;39;0215531416;-3.6535020250;40.4424795030
444460.0502923650;4477333.2578902500;2022-11-23;1900-01-08;15;Ciudad Lineal;155;5;San Pascual;TORRELAGUNA, CALLE, DE;56;0215531418;-3.6549247360;40.4447977480
444444.2389975990;4476857.3260720700;2022-11-23;1900-01-08;15;Ciudad Lineal;155;5;San Pascual;VERDAGUER Y GARCIA, CALLE, DE;43;0215531396;-3.6550695230;40.4405098460
444452.0473113860;4476823.1954796000;2022-11-23;1900-01-08;15;Ciudad Lineal;155;5;San Pascual;VERDAGUER Y GARCIA, CALLE, DE;43;0215531398;-3.6549745260;40.4402028550
444516.6504227510;4476853.6649172000;2022-11-23;1900-01-08;15;Ciudad Lineal;155;5;San Pascual;VERDAGUER Y GARCIA, CALLE, DE;47;0215531397;-3.6542154150;40.4404812560
444293.7806642660;4476777.7010720700;2022-11-23;1900-01-08;15;Ciudad Lineal;155;5;San Pascual;VERDAGUER Y GARCIA, CALLE, DE;S/N;0215531387;-3.6568365250;40.4397819030
444534.9056642660;4476591.9094054000;2022-11-23;1900-01-08;15;Ciudad Lineal;155;5;San Pascual;VIRGEN DE AFRICA, CALLE, DE LA;14;0215531406;-3.6539773510;40.4381245080
444463.8620972430;4476716.5149131800;2022-11-23;1900-01-08;15;Ciudad Lineal;155;5;San Pascual;VIRGEN DE AFRICA, CALLE, DE LA;29;0215531399;-3.6548259010;40.4392425210
444150.1621580550;4476397.3419481900;2022-07-05;2022-07-06;15;Ciudad Lineal;155;5;San Pascual;VIRGEN DE LOURDES, CALLE, DE LA;S/N;0215531381;-3.6584963830;40.4363464480
444653.1614849540;4476660.5686586600;2022-11-23;1900-01-08;15;Ciudad Lineal;155;5;San Pascual;VIRGEN DEL VAL, CALLE, DE LA;19;0215531411;-3.6525891310;40.4387510380
444503.6501260850;4476498.5494888000;2022-11-23;1900-01-08;15;Ciudad Lineal;155;5;San Pascual;VIRGEN DEL VAL, CALLE, DE LA;3;0215531405;-3.6543376840;40.4372813440
444888.9772045320;4476850.9081023000;2022-11-23;1900-01-08;15;Ciudad Lineal;155;5;San Pascual;VIRGEN DEL VAL, CALLE, DE LA;S/N;0215531428;-3.6498252970;40.4404815420
444404.5265727500;4477945.8292450800;2023-09-25;1900-01-08;15;Ciudad Lineal;156;6;San Juan Bautista;ABALOS, CALLE, DE;S/N;0215631552;-3.6556330270;40.4503131540
444281.5246210090;4478253.1644944600;2023-09-25;1900-01-08;15;Ciudad Lineal;156;6;San Juan Bautista;AGASTIA, CALLE, DE;104;0215631533;-3.6571104560;40.4530730920
444219.0246210090;4478327.6714919200;2023-09-25;1900-01-08;15;Ciudad Lineal;156;6;San Juan Bautista;AGASTIA, CALLE, DE;110;0215631531;-3.6578540400;40.4537396710
444581.2224581590;4477727.5999270300;2023-09-25;1900-01-08;15;Ciudad Lineal;156;6;San Juan Bautista;AGASTIA, CALLE, DE;66;0215631561;-3.6535303290;40.4483581650
444386.6454861490;4478102.4011356800;2023-09-25;1900-01-08;15;Ciudad Lineal;156;6;San Juan Bautista;AGASTIA, CALLE, DE;89;0215631545;-3.6558576260;40.4517221150
444333.0513385660;4478180.5658939500;2023-09-25;1900-01-08;15;Ciudad Lineal;156;6;San Juan Bautista;AGASTIA, CALLE, DE;98;0215631542;-3.6564964740;40.4524228420
444395.4718220270;4478443.3680568000;2023-09-25;1900-01-08;15;Ciudad Lineal;156;6;San Juan Bautista;ANGEL MUÑOZ, CALLE, DE;1;0215631532;-3.6557833710;40.4547939700
444175.5290739350;4478197.3438837800;2023-09-25;1900-01-08;15;Ciudad Lineal;156;6;San Juan Bautista;BUESO PINEDA, CALLE, DE;3;0215631534;-3.6583554930;40.4525631590
444721.7281833500;4477700.1667209300;2023-09-25;1900-01-08;15;Ciudad Lineal;156;6;San Juan Bautista;CALIDON, CALLE, DE;S/N;0215631562;-3.6518711580;40.4481211890
444294.2472673200;4478036.1638583300;2023-09-25;1900-01-08;15;Ciudad Lineal;156;6;San Juan Bautista;CIDAMON, CALLE, DE;11;0215631546;-3.6569413760;40.4511193630
444597.0723309330;4477977.3260720700;2023-09-25;1900-01-08;15;Ciudad Lineal;156;6;San Juan Bautista;DUQUE DE TAMAMES, CALLE, DEL;3;0215631554;-3.6533652020;40.4506096020
443984.5303462000;4477968.2567336500;2023-09-25;1900-01-08;15;Ciudad Lineal;156;6;San Juan Bautista;EMILIANO BARRAL, CALLE, DE;18 B;0215631537;-3.6605877370;40.4504862450
444018.2453589230;4477757.6571789400;2023-09-25;1900-01-08;15;Ciudad Lineal;156;6;San Juan Bautista;EMILIANO BARRAL, CALLE, DE;8;0215631548;-3.6601714830;40.4485915300
444215.1556642660;4478467.7427387400;2023-09-25;1900-01-08;15;Ciudad Lineal;156;6;San Juan Bautista;JOSE SILVA, CALLE, DE;9;0215631527;-3.6579119660;40.4550020110
444223.1518288410;4478472.1948540300;2022-03-01;2022-03-02;15;Ciudad Lineal;156;6;San Juan Bautista;JOSE SILVA, CALLE, DE;9;;-3.6578180590;40.4550421760
444553.7097355130;4478208.2376496800;2023-09-25;1900-01-08;15;Ciudad Lineal;156;6;San Juan Bautista;MANUEL DEL VALLE, CALLE, DE;16;0215631544;-3.6538967350;40.4526865170
444443.9371528160;4478001.0970644400;2023-09-25;1900-01-08;15;Ciudad Lineal;156;6;San Juan Bautista;MANUEL MARIA IGLESIAS, CALLE, DE;1;0215631553;-3.6551731710;40.4508130600
444553.0723309330;4478069.5760720700;2025-01-17;1900-01-08;15;Ciudad Lineal;156;6;San Juan Bautista;MANUEL MARIA IGLESIAS, CALLE, DE;7;0215631563;-3.6538921520;40.4514375260
443917.4581451820;4477738.9310339000;2023-09-25;1900-01-08;15;Ciudad Lineal;156;6;San Juan Bautista;RAFAEL BERGAMIN, CALLE, DE;10 C;0215631547;-3.6613583070;40.4484159760
443888.9514657930;4477957.5617590900;2023-09-25;1900-01-08;15;Ciudad Lineal;156;6;San Juan Bautista;RAFAEL BERGAMIN, CALLE, DE;5 A;0215631536;-3.6617137700;40.4503834560
443970.4056642660;4477613.6594054000;2023-09-25;1900-01-08;15;Ciudad Lineal;156;6;San Juan Bautista;RAFAEL BERGAMIN, CALLE, DE;6 C;0215631558;-3.6607230120;40.4472910880
444081.0634250800;4478007.3788710500;2023-09-25;1900-01-08;15;Ciudad Lineal;156;6;San Juan Bautista;RAFAEL BERGAMIN, CALLE, DE;S/N;0215631538;-3.6594527640;40.4508450880
444538.9991757170;4477818.1295071900;2023-09-25;1900-01-08;15;Ciudad Lineal;156;6;San Juan Bautista;RAMIREZ DE ARELLANO, CALLE, DE;13;0215631555;-3.6540361360;40.4491715930
444122.9056642660;4477542.4510720700;2023-09-25;1900-01-08;15;Ciudad Lineal;156;6;San Juan Bautista;RAMIREZ DE ARELLANO, CALLE, DE;32;0215631559;-3.6589184810;40.4466602040
443881.0723309330;4478288.0760720700;2023-09-25;1900-01-08;15;Ciudad Lineal;156;6;San Juan Bautista;RAMON Y CAJAL, AVENIDA, DE;S/N;0215631529;-3.6618359250;40.4533605450
444112.0750029440;4478274.2193586400;2023-09-25;1900-01-08;15;Ciudad Lineal;156;6;San Juan Bautista;SAN NEMESIO, CALLE, DE;S/N;0215631528;-3.6591105370;40.4532516830
444422.2688958180;4478222.0735275400;2023-09-25;1900-01-08;15;Ciudad Lineal;156;6;San Juan Bautista;SORZANO, CALLE, DE;21;0215631543;-3.6554479610;40.4528025980
444238.5947090220;4478094.7938409400;2023-09-25;1900-01-08;15;Ciudad Lineal;156;6;San Juan Bautista;SORZANO, CALLE, DE;8;0215631541;-3.6576028560;40.4516437340
443977.0557914930;4478207.2834512100;2023-09-25;1900-01-08;15;Ciudad Lineal;156;6;San Juan Bautista;TORRELAGUNA, CALLE, DE;123;0215631530;-3.6606970000;40.4526396490
444342.1957406020;4477603.7926751300;2023-09-25;1900-01-08;15;Ciudad Lineal;156;6;San Juan Bautista;TORRELAGUNA, CALLE, DE;62;0215631560;-3.6563380510;40.4472275470
444230.6556642660;4477819.2010720700;2023-09-25;1900-01-08;15;Ciudad Lineal;156;6;San Juan Bautista;TORRELAGUNA, CALLE, DE;83;0215631550;-3.6576721840;40.4491603630
444027.2307278790;4478110.1937565500;2023-09-25;1900-01-08;15;Ciudad Lineal;156;6;San Juan Bautista;TORRELAGUNA, CALLE, DE;S/N;0215631535;-3.6600965970;40.4517681800
444291.5039467090;4477721.6361865800;2023-09-25;1900-01-08;15;Ciudad Lineal;156;6;San Juan Bautista;TORRELAGUNA, CALLE, DE;S/N;0215631556;-3.6569461310;40.4482855140
444200.8223309330;4477659.7427387400;2023-09-25;1900-01-08;15;Ciudad Lineal;156;6;San Juan Bautista;TREVIANA, CALLE, DE;1 A;0215631557;-3.6580099990;40.4477222390
444139.2695319510;4477966.1893036200;2023-09-25;1900-01-08;15;Ciudad Lineal;156;6;San Juan Bautista;TREVIANA, CALLE, DE;10;0215631539;-3.6587627510;40.4504783380
444160.8980306780;4477756.8222552800;2023-09-25;1900-01-08;15;Ciudad Lineal;156;6;San Juan Bautista;TREVIANA, CALLE, DE;4;0215631549;-3.6584893930;40.4485933640
444254.2259715470;4477925.3883633200;2023-09-25;1900-01-08;15;Ciudad Lineal;156;6;San Juan Bautista;VALVANERA, PLAZA, DE;1;0215631551;-3.6574035810;40.4501186920
444104.4029094450;4478515.6614715200;2022-03-01;1900-01-08;15;Ciudad Lineal;157;7;Colina;ALEJANDRO CHACON, CALLE, DE;26;0215731274;-3.6592223210;40.4554260580
443823.8223309330;4479052.2427387400;2022-03-01;1900-01-08;15;Ciudad Lineal;157;7;Colina;ALLENDESALAZAR, CALLE, DE;10;0215731256;-3.6625787080;40.4602405070
443730.3577795610;4478942.5187344000;2022-03-01;1900-01-08;15;Ciudad Lineal;157;7;Colina;ALLENDESALAZAR, CALLE, DE;S/N;0215731257;-3.6636712810;40.4592460820
444153.0943695000;4478678.4713888800;2022-03-01;1900-01-08;15;Ciudad Lineal;157;7;Colina;ARTURO BALDASANO, CALLE, DE;22;0215731268;-3.6586624840;40.4568960380
444005.1945754220;4478652.5760720700;2022-03-01;1900-01-08;15;Ciudad Lineal;157;7;Colina;CAÑAS, CALLE, DE LAS;2 A;0215731265;-3.6604043330;40.4566531040
444073.1972474320;4478743.5580360000;2022-03-01;1900-01-08;15;Ciudad Lineal;157;7;Colina;CAÑAS, CALLE, DE LAS;6;0215731264;-3.6596104420;40.4574765590
444003.7486394730;4478770.3446671100;2022-03-01;1900-01-08;15;Ciudad Lineal;157;7;Colina;CAÑAS, TRAVESIA, DE LAS;S/N;0215731263;-3.6604317770;40.4577138780
444200.9889975990;4478577.2427387400;2022-03-01;1900-01-08;15;Ciudad Lineal;157;7;Colina;CELESTE, CALLE, DE;14;0215731275;-3.6580886670;40.4559868110
443857.5723309330;4478420.1594054000;2022-03-01;1900-01-08;15;Ciudad Lineal;157;7;Colina;CIUDAD DE SALTA, PLAZA, DE LA;1;0215731270;-3.6621246960;40.4545488020
443887.1840619110;4478501.3285902800;2022-03-01;1900-01-08;15;Ciudad Lineal;157;7;Colina;CIUDAD DE SALTA, PLAZA, DE LA;2;0215731271;-3.6617827550;40.4552821310
443974.8952040150;4478467.0809535200;2022-03-01;1900-01-08;15;Ciudad Lineal;157;7;Colina;CIUDAD DE SALTA, PLAZA, DE LA;S/N;0215731272;-3.6607453570;40.4549793220
444035.1535981500;4478581.7083034800;2022-03-01;1900-01-08;15;Ciudad Lineal;157;7;Colina;EUSEBIO MARTINEZ BARONA, CALLE, DE;1;0215731267;-3.6600447440;40.4560164910
444064.9056642660;4478392.6587167000;2022-03-01;1900-01-08;15;Ciudad Lineal;157;7;Colina;JOSE SILVA, CALLE, DE;24;0215731277;-3.6596772490;40.4543150920
444219.7610361670;4478492.0388819900;2022-03-01;1900-01-08;15;Ciudad Lineal;157;7;Colina;JOSE SILVA, CALLE, DE;9;0215731278;-3.6578598270;40.4552209960
443821.3602400840;4478489.7170206400;2022-03-01;1900-01-08;15;Ciudad Lineal;157;7;Colina;LOPEZ DE HOYOS, CALLE, DE;247;0215731269;-3.6625580240;40.4551730390
443929.0250660950;4478607.6357342400;2022-03-01;1900-01-08;15;Ciudad Lineal;157;7;Colina;LOPEZ DE HOYOS, CALLE, DE;322;0215731266;-3.6612987200;40.4562429810
443865.4056642660;4478929.0760720700;2022-03-01;1900-01-08;15;Ciudad Lineal;157;7;Colina;PABLO VIDAL, CALLE, DE;7;0215731259;-3.6620773700;40.4591337820
443963.9759122000;4478713.3198737200;2022-03-01;1900-01-08;15;Ciudad Lineal;157;7;Colina;PEDRO SALINAS, CALLE, DE;1;0215731262;-3.6608958730;40.4571966690
443877.0337442290;4478791.5811859700;2022-03-01;1900-01-08;15;Ciudad Lineal;157;7;Colina;PEDRO SALINAS, CALLE, DE;11;0215731260;-3.6619280570;40.4578959640
443814.2722379530;4478849.4612417600;2022-03-01;1900-01-08;15;Ciudad Lineal;157;7;Colina;PEDRO SALINAS, CALLE, DE;16;0215731258;-3.6626734180;40.4584134020
443997.4457444260;4478425.8559651900;2022-03-01;1900-01-08;15;Ciudad Lineal;157;7;Colina;TORRELAGUNA, CALLE, DE;106;0215731273;-3.6604757230;40.4546094780
443965.9889975990;4478362.4094054000;2022-03-01;1900-01-08;15;Ciudad Lineal;157;7;Colina;TORRELAGUNA, CALLE, DE;S/N;0215731276;-3.6608410980;40.4540357750
443968.7279783160;4478873.0994880500;2022-03-01;1900-01-08;15;Ciudad Lineal;157;7;Colina;VICENTE MUZAS, CALLE, DE;10;0215731261;-3.6608539330;40.4586370280
443578.2298195070;4479496.1364227100;2023-09-25;1900-01-08;15;Ciudad Lineal;158;8;Atalaya;ANGEL GORDILLO, CALLE, DE;S/N;0215831566;-3.6655146580;40.4642227360
443557.5510152810;4479605.5243001400;2023-09-25;1900-01-08;15;Ciudad Lineal;158;8;Atalaya;ARTURO SORIA, CALLE, DE;243 B;0215831567;-3.6657682490;40.4652069050
443539.8691392040;4479697.5299943000;2023-09-25;1900-01-08;15;Ciudad Lineal;158;8;Atalaya;ARTURO SORIA, CALLE, DE;247;0215831568;-3.6659849420;40.4660349440