CÓDIGO APARC;NOMBRE APARC;TIPO;PZS ROTACIÓN;PZS RESIDENTES;PZS DISUASORIAS;PZS TOTALES;NUM PLANTAS;ESTADO;PRIVADO;DISUASORIO;COD DISTRITO;DISTRITO;COD BARRIO;BARRIO;COD SER;LATITUD;LONGITUD;COD CATASTRO;URL;COD PK;DIRECCIÓN
912;AGUILAR DE CAMPOO;RESIDENCIAL;;304;;304;3;ABIERTO;NO;NO;9;MONCLOA-ARAVACA     ;4;VALDEZARZA;0;40.4647124801429;-3.71937440247255;9198744VK3799G0001XY;http://www.madrid.es/sites/v/index.jsp?vgnextchannel=bfa48ab43d6bb410VgnVCM100000171f5a0aRCRD&vgnextoid=d60868540e41c010VgnVCM2000000c205a0aRCRD;67711;CALLE DE ANTONIO MACHADO NUM 10, 28035 MADRID
204;AGUILÓN;RESIDENCIAL;;271;;271;2;ABIERTO;NO;NO;2;ARGANZUELA          ;3;CHOPERA;23;40.3953242147226;-3.70066269999703;0622704VK4702B0001TW;http://www.madrid.es/sites/v/index.jsp?vgnextchannel=bfa48ab43d6bb410VgnVCM100000171f5a0aRCRD&vgnextoid=bc5215cbed51c010VgnVCM2000000c205a0aRCRD;13560;PASEO DE LA CHOPERA NUM 27(P), 28045 MADRID
115;AGUSTÍN LARA;RESIDENCIAL;;291;;333;1;ABIERTO;NO;NO;1;CENTRO              ;2;EMBAJADORES;12;40.4077362146594;-3.70421674570288;0335701VK4703E0002UQ;http://www.madrid.es/sites/v/index.jsp?vgnextchannel=bfa48ab43d6bb410VgnVCM100000171f5a0aRCRD&vgnextoid=856bc2c6e051c010VgnVCM2000000c205a0aRCRD;81690;CALLE DEL MESÓN DE PAREDES NUM 66 PLTA -2, 28012 MADRID
116;ALAMEDA;RESIDENCIAL;;171;;171;7;CERRADO;NO;NO;1;CENTRO              ;3;CORTES;13;40.411641708999; -3.693836597352357;1138505VK4713G0001OX;http://www.madrid.es/sites/v/index.jsp?vgnextchannel=bfa48ab43d6bb410VgnVCM100000171f5a0aRCRD&vgnextoid=5690bf11ca045410VgnVCM1000000b205a0aRCRD;7439839;CALLE DE LA ALAMEDA NUM 12(P), 28014 MADRID
435;ALCÁNTARA;MIXTO;121;254;;375;3;ABIERTO;NO;NO;4;SALAMANCA           ;2;GOYA;42;40.428193768950756; -3.673778093084516;3056310VK4735E0001ZM;https://www.madrid.es/portales/munimadrid/es/Inicio/Contacto/Direcciones-y-telefonos/Aparcamiento-para-residentes-Alcantara/?vgnextfmt=default&vgnextoid=79df252aa267d710VgnVCM1000001d4a900aRCRD&vgnextchannel=bfa48ab43d6bb410VgnVCM100000171f5a0aRCRD;11544480;CALLE DE ALCÁNTARA NUM 26, 28006 MADRID
818;ALCAZABA;RESIDENCIAL;;334;;334;3;ABIERTO;NO;NO;8;FUENCARRAL-EL PARDO ;4;EL PILAR;84;40.4731383570492;-3.70315583932366;0412933VK3890H0001DT;http://www.madrid.es/sites/v/index.jsp?vgnextchannel=bfa48ab43d6bb410VgnVCM100000171f5a0aRCRD&vgnextoid=f0ee6545f951c010VgnVCM2000000c205a0aRCRD;17790;CALLE DE SINESIO DELGADO NUM 26, 28029 MADRID
5000;ALMAGRO;ROTACIONAL;437;;;437;3;ABIERTO;NO;NO;7;CHAMBERÍ           ;4;ALMAGRO;74;40.4298019274054;-3.69323812827144;1460101VK4716A0001ZL;http://www.madrid.es/sites/v/index.jsp?vgnextchannel=bfa48ab43d6bb410VgnVCM100000171f5a0aRCRD&vgnextoid=0e167339ae51c010VgnVCM2000000c205a0aRCRD;13452;CALLE DE ALMAGRO S/N, 28010 MADRID
721;ALONSO CANO;RESIDENCIAL;;433;;433;3;ABIERTO;NO;NO;7;CHAMBERÍ;4;ALMAGRO;74;40.4382832884019;-3.69758433593285;0968201VK4706H0001SO;http://www.madrid.es/sites/v/index.jsp?vgnextchannel=bfa48ab43d6bb410VgnVCM100000171f5a0aRCRD&vgnextoid=fa0dc2c6e051c010VgnVCM2000000c205a0aRCRD;81696;CALLE DE JOSÉ ABASCAL NUM 28(A), 28003 MADRID
1803;ALTOS DE LILLO;RESIDENCIAL;;167;;167;3;ABIERTO;NO;NO;18;VILLA DE VALLECAS   ;1;CASCO H.VALLECAS;0;40.3751161947067; -3.6187764984665742;7597327VK4679H0001TF;http://www.madrid.es/sites/v/index.jsp?vgnextchannel=bfa48ab43d6bb410VgnVCM100000171f5a0aRCRD&vgnextoid=038215cbed51c010VgnVCM2000000c205a0aRCRD;13561;CALLE DE ALTOS DE LILLO NUM 10(P), 28031 MADRID
1018;ALUCHE;RESIDENCIAL;;208;;208;3;ABIERTO;NO;NO;10;LATINA              ;4;ALUCHE;0;40.39260709014263; -3.7586798849896357;5720301VK3752B0001OP;http://www.madrid.es/sites/v/index.jsp?vgnextchannel=bfa48ab43d6bb410VgnVCM100000171f5a0aRCRD&vgnextoid=1a022c798651c010VgnVCM2000000c205a0aRCRD;19060;CALLE DE ILLESCAS S/N esquina Calle Valmojado, 28047 MADRID
407;AMÉRICA ESPAÑOLA;RESIDENCIAL;;282;;282;2;ABIERTO;NO;NO;4;SALAMANCA           ;3;FUENTE DEL BERRO;43;40.42950678341485; -3.662070781525576;3958901VK4735H0001ZR;http://www.madrid.es/sites/v/index.jsp?vgnextchannel=bfa48ab43d6bb410VgnVCM100000171f5a0aRCRD&vgnextoid=09b37339ae51c010VgnVCM2000000c205a0aRCRD;13494;PLAZA DE AMÉRICA ESPAÑOLA NUM 4(P) PLTA -3, 28028 MADRID
1303;ANDÉVALO;RESIDENCIAL;;313;;313;3;ABIERTO;NO;NO;13;PUENTE DE VALLECAS  ;1;ENTREVIAS;0;40.3744327501903;-3.66826781064601;3396403VK4639E0001DJ;http://www.madrid.es/sites/v/index.jsp?vgnextchannel=bfa48ab43d6bb410VgnVCM100000171f5a0aRCRD&vgnextoid=59a215cbed51c010VgnVCM2000000c205a0aRCRD;13552;CALLE DE ANDÉVALO NUM 4(B), 28053 MADRID
1625;ANDORRA II;RESIDENCIAL;;280;;280;3;ABIERTO;NO;NO;16;HORTALEZA           ;3;CANILLAS;0;40.4592933474543;-3.64307327470994;5692410VK4759D0001IZ;http://www.madrid.es/sites/v/index.jsp?vgnextchannel=bfa48ab43d6bb410VgnVCM100000171f5a0aRCRD&vgnextoid=5fae964bd47a9210VgnVCM1000000b205a0aRCRD;5753573;CALLE DE SILVANO NUM 61, 28043 MADRID
612;ÁNGEL CARBAJO;RESIDENCIAL;;470;;470;3;ABIERTO;NO;NO;6;TETUÁN              ;3;CASTILLEJOS;63;40.4622702219855;-3.69439752488649;1395509VK4719E0001JF;http://www.madrid.es/sites/v/index.jsp?vgnextchannel=bfa48ab43d6bb410VgnVCM100000171f5a0aRCRD&vgnextoid=5fd37339ae51c010VgnVCM2000000c205a0aRCRD;13514;PLAZA DE ÁNGEL CARBAJO NUM 6(P) PLTA -4, 28020 MADRID
1105;ANTONIO LÓPEZ;RESIDENCIAL;;1111;;1111;3;ABIERTO;NO;NO;11;CARABANCHEL         ;1;COMILLAS;0;40.39694438782468; -3.7135672715867516;9523803VK3792D0001GZ;http://www.madrid.es/sites/v/index.jsp?vgnextchannel=bfa48ab43d6bb410VgnVCM100000171f5a0aRCRD&vgnextoid=afc215cbed51c010VgnVCM2000000c205a0aRCRD;13548;PASAJE DEL MONTSERRAT NUM 5(A) (C/ Valmayor 1), 28019 MADRID
903;ANTONIO MACHADO;RESIDENCIAL;;339;;339;2;ABIERTO;NO;NO;9;MONCLOA-ARAVACA     ;4;VALDEZARZA;0;40.4688249684818;-3.71940862849532;8902620VK3880B0001OH;http://www.madrid.es/sites/v/index.jsp?vgnextchannel=bfa48ab43d6bb410VgnVCM100000171f5a0aRCRD&vgnextoid=f5f215cbed51c010VgnVCM2000000c205a0aRCRD;13562;CALLE DE ANTONIO MACHADO NUM 53(P), 28035 MADRID
305;ANTONIO MAURA;RESIDENCIAL;;510;;510;3;ABIERTO;NO;NO;3;RETIRO              ;5;LOS JERONIMOS;35;40.4163744217811;-3.6903956132852;1544101VK4714D0001OS;http://www.madrid.es/sites/v/index.jsp?vgnextchannel=bfa48ab43d6bb410VgnVCM100000171f5a0aRCRD&vgnextoid=4c1315cbed51c010VgnVCM2000000c205a0aRCRD;13554;CALLE DE ANTONIO MAURA NUM 14(P) PLTA -4, 28014 MADRID
1416;ANTONIO MENA;RESIDENCIAL;;313;;313;3;ABIERTO;NO;NO;14;MORATALAZ           ;3;MARROQUINA;0;40.4106715339171; -3.6419244141850147;5339110VK4753H0001YQ;http://www.madrid.es/sites/v/index.jsp?vgnextchannel=bfa48ab43d6bb410VgnVCM100000171f5a0aRCRD&vgnextoid=78726545f951c010VgnVCM2000000c205a0aRCRD;24093;AVENIDA DEL DOCTOR GARCÍA TAPIA NUM 119(P), 28030 MADRID
1517;ANTONIO PIRALA;RESIDENCIAL;;508;;508;3;ABIERTO;NO;NO;15;CIUDAD LINEAL       ;1;VENTAS;0;40.4299188865507;-3.65965475850968;4158801VK4745G0001WX;http://www.madrid.es/sites/v/index.jsp?vgnextchannel=bfa48ab43d6bb410VgnVCM100000171f5a0aRCRD&vgnextoid=d6cf6545f951c010VgnVCM2000000c205a0aRCRD;24088;CALLE DE ANTONIO PIRALA NUM 2(P), 28017 MADRID
211;ARGANDA;RESIDENCIAL;;164;;164;3;ABIERTO;NO;NO;2;ARGANZUELA          ;2;ACACIAS;22;40.4002719862502;-3.70743118334844;0025628VK4702E0001LY;http://www.madrid.es/sites/v/index.jsp?vgnextchannel=bfa48ab43d6bb410VgnVCM100000171f5a0aRCRD&vgnextoid=2def6545f951c010VgnVCM2000000c205a0aRCRD;24095;CALLE DE ARGANDA NUM 10 C, 28005 MADRID
111;ARQUITECTO RIBERA;MIXTO;318;298;;616;4;ABIERTO;NO;NO;1;CENTRO              ;4;JUSTICIA;14;40.426273740022;-3.70037418702346;0755101VK4705F;http://www.madrid.es/sites/v/index.jsp?vgnextchannel=bfa48ab43d6bb410VgnVCM100000171f5a0aRCRD&vgnextoid=a50e15cbed51c010VgnVCM2000000c205a0aRCRD;13470;CALLE DE BARCELÓ NUM 2(D), 28004 MADRID
1409;ARROYO DE LA MEDIA LEGUA;RESIDENCIAL;;285;;285;2;ABIERTO;NO;NO;14;MORATALAZ           ;4;MEDIA LEGUA;0;40.40999547047031; -3.655986242152849;4535901VK4743F0001RW;http://www.madrid.es/sites/v/index.jsp?vgnextchannel=bfa48ab43d6bb410VgnVCM100000171f5a0aRCRD&vgnextoid=924315cbed51c010VgnVCM2000000c205a0aRCRD;13536;CALLE DEL ARROYO DE LA MEDIA LEGUA NUM 48(P), 28030 MADRID
1302;ARROYO DEL OLIVAR;RESIDENCIAL;;214;;214;3;ABIERTO;NO;NO;13;PUENTE DE VALLECAS  ;3;PALOMERAS BAJAS;0;40.390072718009264; -3.65720992196733;4214756VK4741C0001YP;http://www.madrid.es/sites/v/index.jsp?vgnextchannel=bfa48ab43d6bb410VgnVCM100000171f5a0aRCRD&vgnextoid=73106545f951c010VgnVCM2000000c205a0aRCRD;24096;CALLE DEL ARROYO DEL OLIVAR NUM 108, 28018 MADRID
1408;ARROYO FONTARRÓN;RESIDENCIAL;;307;;307;2;ABIERTO;NO;NO;14;MORATALAZ           ;5;FONTARRON;0;40.404553194023;-3.65048494147953;4930842VK4743B0001BS;http://www.madrid.es/sites/v/index.jsp?vgnextchannel=bfa48ab43d6bb410VgnVCM100000171f5a0aRCRD&vgnextoid=e86315cbed51c010VgnVCM2000000c205a0aRCRD;13537;CALLE DEL ARROYO FONTARRÓN NUM 19(B), 28030 MADRID
1907;ARTILLEROS;MIXTO;46;95;;141;1;ABIERTO;NO;NO;19;VICÁLVARO;1;CASCO H.VICALVARO;0;40.404550899979554;-3.609125255801989;;;0;PASEO ARTILLEROS NUM 16, 28032 MADRID
1418;AUGUSTO GONZÁLEZ BESADA;RESIDENCIAL;;275;;275;3;ABIERTO;NO;NO;14;MORATALAZ           ;3;MARROQUINA;0;40.4089104705604;-3.64386362951559;5436249VK4753E0001RB ;http://www.madrid.es/sites/v/index.jsp?vgnextchannel=bfa48ab43d6bb410VgnVCM100000171f5a0aRCRD&vgnextoid=3f8315cbed51c010VgnVCM2000000c205a0aRCRD;13626;AVENIDA DE MORATALAZ NUM 183(P), 28030 MADRID
519;AVENIDA DE AMÉRICA;MIXTO;261;395;;656;4;ABIERTO;NO;NO;5;CHAMARTÍN;2;PROSPERIDAD;52;40.4381779662151;-3.67683406459837;2767301VK4726H0002IK;http://www.madrid.es/sites/v/index.jsp?vgnextchannel=bfa48ab43d6bb410VgnVCM100000171f5a0aRCRD&vgnextoid=3f3bc2c6e051c010VgnVCM2000000c205a0aRCRD;59060;AVENIDA DE AMÉRICA NUM 9(A) INTER.-APAR. AV AMERICA, 28002 MADRID
1016;AVENIDA DE LAS ÁGUILAS;RESIDENCIAL;;574;;574;3;ABIERTO;NO;NO;10;LATINA              ;7;LAS AGUILAS;0;40.3804832805408;-3.78300236990473;3606359VK3730F0001HR;http://www.madrid.es/sites/v/index.jsp?vgnextchannel=bfa48ab43d6bb410VgnVCM100000171f5a0aRCRD&vgnextoid=470f6545f951c010VgnVCM2000000c205a0aRCRD;17449;AVENIDA DE LAS ÁGUILAS NUM 144, 28044 MADRID
1022;AVENIDA DE PORTUGAL;MIXTO;427;445;427;872;1;ABIERTO;NO;SÍ;10;LATINA              ;2;PUERTA DEL ANGEL;0;40.4112391063366;-3.73808787568741;7539701VK3773H0001OB;http://www.madrid.es/sites/v/index.jsp?vgnextchannel=bfa48ab43d6bb410VgnVCM100000171f5a0aRCRD&vgnextoid=c313e26f2b3fc210VgnVCM2000000c205a0aRCRD;5898885;AVENIDA DE PORTUGAL NUM 155(E) ESC I PLTA -1, 28011 MADRID
1024;AVIACIÓN ESPAÑOLA;DISUASORIO;;;369;369;1;ABIERTO;NO;SÍ;10;LATINA;7;LAS AGUILAS;0;40.38323792632855;-3.783621006318095;3606362VK3730F0001HR;http://www.madrid.es/sites/v/index.jsp?vgnextchannel=bfa48ab43d6bb410VgnVCM100000171f5a0aRCRD&vgnextoid=1ec084bc6763c710VgnVCM1000001d4a900aRCRD;11483771;CALLE DE LA FUENTE DE LIMA NUM 5, 28024 MADRID
917;AZUAGA;RESIDENCIAL;;261;;261;3;ABIERTO;NO;NO;9;MONCLOA-ARAVACA     ;4;VALDEZARZA;0;40.464795265151;-3.71176345766358;9797929VK3799F0001AB;http://www.madrid.es/sites/v/index.jsp?vgnextchannel=bfa48ab43d6bb410VgnVCM100000171f5a0aRCRD&vgnextoid=f8a4ff632081c010VgnVCM1000000b205a0aRCRD;170742;CALLE DE SAN RESTITUTO NUM 33, 28039 MADRID
123;BARCELÓ (MERCADO);RESIDENCIAL;;554;;554;0;ABIERTO;NO;NO;1;CENTRO              ;4;JUSTICIA;14;40.4270579430205;-3.69920590014237;0855205VK4705F0002UZ;http://www.madrid.es/sites/v/index.jsp?vgnextchannel=bfa48ab43d6bb410VgnVCM100000171f5a0aRCRD&vgnextoid=9826774ac3cdd410VgnVCM2000000c205a0aRCRD;8087180;CALLE DE BARCELÓ NUM 6, 28004 MADRID
417;BAVIERA;RESIDENCIAL;;208;;208;3;ABIERTO;NO;NO;4;SALAMANCA           ;4;GUINDALERA;44;40.44336862621010;-3.663080521903160;3773701VK4737B0001TU;http://www.madrid.es/sites/v/index.jsp?vgnextchannel=bfa48ab43d6bb410VgnVCM100000171f5a0aRCRD&vgnextoid=f09015cbed51c010VgnVCM2000000c205a0aRCRD;13633;AVENIDA DE AMÉRICA NUM 58(P), 28028 MADRID
1618;BELIANES;RESIDENCIAL;;161;;161;3;ABIERTO;NO;NO;16;HORTALEZA           ;4;PINAR DEL REY;0;40.4698229718518;-3.64476364718934;5303228VK4850C0001PW;http://www.madrid.es/sites/v/index.jsp?vgnextchannel=bfa48ab43d6bb410VgnVCM100000171f5a0aRCRD&vgnextoid=22bbc2c6e051c010VgnVCM2000000c205a0aRCRD;81700;CALLE DE AGUSTÍN DE ITURBIDE NUM 5, 28043 MADRID
711;BLASCO DE GARAY;RESIDENCIAL;;461;;461;3;ABIERTO;NO;NO;7;CHAMBERÍ;1;GAZTAMBIDE;71;40.4333313523738;-3.71170388375829;9663605VK3796D0001LB;http://www.madrid.es/sites/v/index.jsp?vgnextchannel=bfa48ab43d6bb410VgnVCM100000171f5a0aRCRD&vgnextoid=c9306545f951c010VgnVCM2000000c205a0aRCRD;21182;CALLE DE MELÉNDEZ VALDÉS NUM 32, 28015 MADRID
1703;BOHEMIOS;RESIDENCIAL;;340;;340;3;ABIERTO;NO;NO;17;VILLAVERDE          ;5;LOS ANGELES;0;40.3570573825234;-3.69428642448259;1180819VK4618A0001WW;http://www.madrid.es/sites/v/index.jsp?vgnextchannel=bfa48ab43d6bb410VgnVCM100000171f5a0aRCRD&vgnextoid=85b315cbed51c010VgnVCM2000000c205a0aRCRD;13532;CALLE DE BOHEMIOS NUM 4(P), 28041 MADRID
405;BOSTON;RESIDENCIAL;;353;;353;3;ABIERTO;NO;NO;4;SALAMANCA           ;4;GUINDALERA;44;40.43732544918828; -3.6656301287112916;3566603VK4736F0001GE;http://www.madrid.es/sites/v/index.jsp?vgnextchannel=bfa48ab43d6bb410VgnVCM100000171f5a0aRCRD&vgnextoid=dbd315cbed51c010VgnVCM2000000c205a0aRCRD;13495;PLAZA DE BOSTON NUM 1(D), 28028 MADRID
602;BRASIL;MIXTO;226;402;;628;3;ABIERTO;NO;NO;6;TETUÁN              ;2;CUATRO CAMINOS;62;40.4560925110791;-3.69349688854822;1387303VK4718G;http://www.madrid.es/sites/v/index.jsp?vgnextchannel=bfa48ab43d6bb410VgnVCM100000171f5a0aRCRD&vgnextoid=fb2e15cbed51c010VgnVCM2000000c205a0aRCRD;13475;CALLE DE SAN GERMÁN NUM 6(B), 28020 MADRID
704;BRAVO MURILLO;RESIDENCIAL;;629;;629;3;ABIERTO;NO;NO;7;CHAMBERÍ;6;VALLEHERMOSO;76;40.4394326885612;-3.70431921200787;0270506VK4707A0001TO;http://www.madrid.es/sites/v/index.jsp?vgnextchannel=bfa48ab43d6bb410VgnVCM100000171f5a0aRCRD&vgnextoid=220415cbed51c010VgnVCM2000000c205a0aRCRD;13530;CALLE DE BRAVO MURILLO NUM 49(P), 28003 MADRID
404;BRESCIA;RESIDENCIAL;;399;;399;3;ABIERTO;NO;NO;4;SALAMANCA           ;4;GUINDALERA;44;40.4377295409351;-3.66250177071974;3967807VK4736F0001OE;http://www.madrid.es/sites/v/index.jsp?vgnextchannel=bfa48ab43d6bb410VgnVCM100000171f5a0aRCRD&vgnextoid=782415cbed51c010VgnVCM2000000c205a0aRCRD;13563;PLAZA DE BASILEA NUM 1(B) ESC 1 PLTA -3 PRTA 01, 28028 MADRID
401;BRISTOL;RESIDENCIAL;;317;;317;3;ABIERTO;NO;NO;4;SALAMANCA           ;4;GUINDALERA;44;40.438926762097445; -3.6621985089251137;4069010VK4746G0001EH;http://www.madrid.es/sites/v/index.jsp?vgnextchannel=bfa48ab43d6bb410VgnVCM100000171f5a0aRCRD&vgnextoid=ce4415cbed51c010VgnVCM2000000c205a0aRCRD;13564;CALLE DE BRISTOL NUM 2(P), 28028 MADRID
402;BRUSELAS;RESIDENCIAL;;224;;224;3;ABIERTO;NO;NO;4;SALAMANCA           ;4;GUINDALERA;44;40.4425620205734;-3.66360229625587;3873710VK4737B0001TU;http://www.madrid.es/sites/v/index.jsp?vgnextchannel=bfa48ab43d6bb410VgnVCM100000171f5a0aRCRD&vgnextoid=47b015cbed51c010VgnVCM2000000c205a0aRCRD;13565;AVENIDA DE BRUSELAS NUM 74(B), 28028 MADRID
1611;BURGO DE OSMA;RESIDENCIAL;;160;;160;2;ABIERTO;NO;NO;16;HORTALEZA           ;5;APOSTOL SANTIAGO;0;40.4693776045414;-3.66238559705991;3902121VK4830D0001WE;http://www.madrid.es/sites/v/index.jsp?vgnextchannel=bfa48ab43d6bb410VgnVCM100000171f5a0aRCRD&vgnextoid=413dc2c6e051c010VgnVCM2000000c205a0aRCRD;81706;CALLE DE BURGO DE OSMA NUM 3(A), 28033 MADRID
120;CABESTREROS;RESIDENCIAL;;360;;360;3;ABIERTO;NO;NO;1;CENTRO              ;2;EMBAJADORES;12;40.4098262170267;-3.70341928254916;0436345VK4703E0001XM;http://www.madrid.es/sites/v/index.jsp?vgnextchannel=bfa48ab43d6bb410VgnVCM100000171f5a0aRCRD&vgnextoid=f106bdc85c01c010VgnVCM2000000c205a0aRCRD;183737;CALLE DEL MESÓN DE PAREDES NUM 37(A), 28012 MADRID
1604;CALANDA;RESIDENCIAL;;368;;368;3;ABIERTO;NO;NO;16;HORTALEZA           ;3;CANILLAS;0;40.4625086228176;-3.64139838482317;5692401VK4759D0001MZ;http://www.madrid.es/sites/v/index.jsp?vgnextchannel=bfa48ab43d6bb410VgnVCM100000171f5a0aRCRD&vgnextoid=157415cbed51c010VgnVCM2000000c205a0aRCRD;13566;CALLE DE CALANDA NUM 30, 28043 MADRID
1002;CAMARENA;RESIDENCIAL;;192;;192;2;ABIERTO;NO;NO;10;LATINA              ;4;ALUCHE;0;40.39409662327533; -3.755650361571214;6020511VK3762A0001AT;http://www.madrid.es/sites/v/index.jsp?vgnextchannel=bfa48ab43d6bb410VgnVCM100000171f5a0aRCRD&vgnextoid=6b9415cbed51c010VgnVCM2000000c205a0aRCRD;13499;CALLE DE CAMARENA NUM 59 ESC 1 PLTA -1 PRTA 01, 28047 MADRID
1406;CAMINO DE LOS VINATEROS I;RESIDENCIAL;;249;;249;3;ABIERTO;NO;NO;14;MORATALAZ           ;6;VINATEROS;0;40.4063803140088; -3.642216978933147;5633438VK4753D0001QA;http://www.madrid.es/sites/v/index.jsp?vgnextchannel=bfa48ab43d6bb410VgnVCM100000171f5a0aRCRD&vgnextoid=b1c415cbed51c010VgnVCM2000000c205a0aRCRD;13539;CALLE DEL CAMINO DE LOS VINATEROS NUM 159(B), 28030 MADRID
1407;CAMINO DE LOS VINATEROS II;RESIDENCIAL;;477;;477;3;ABIERTO;NO;NO;14;MORATALAZ           ;6;VINATEROS;0;40.4070586556589;-3.64609602112553;5233720VK4753C0001WW;http://www.madrid.es/sites/v/index.jsp?vgnextchannel=bfa48ab43d6bb410VgnVCM100000171f5a0aRCRD&vgnextoid=08e415cbed51c010VgnVCM2000000c205a0aRCRD;13538;CALLE DEL CAMINO DE LOS VINATEROS NUM 120, 28030 MADRID
1113;CAMINO VIEJO DE LEGANÉS;RESIDENCIAL;;284;;284;2;ABIERTO;NO;NO;11;CARABANCHEL         ;7;ABRANTES;0;40.38058220013319; -3.7315453065945747;8003436VK3780C0001AB;http://www.madrid.es/sites/v/index.jsp?vgnextchannel=bfa48ab43d6bb410VgnVCM100000171f5a0aRCRD&vgnextoid=5e0515cbed51c010VgnVCM2000000c205a0aRCRD;13632;CALLE DEL CAMINO VIEJO DE LEGANÉS NUM 179, 28025 MADRID
102;CAMPILLO DEL MUNDO NUEVO;RESIDENCIAL;;452;;452;3;ABIERTO;NO;NO;1;CENTRO              ;2;EMBAJADORES;12;40.4064404010153;-3.70818511731584;9933701VK3793D0001LG;http://www.madrid.es/sites/v/index.jsp?vgnextchannel=bfa48ab43d6bb410VgnVCM100000171f5a0aRCRD&vgnextoid=a5047339ae51c010VgnVCM2000000c205a0aRCRD;13518;PLAZA DEL CAMPILLO DEL MUNDO NUEVO NUM 3(B), 28005 MADRID
722;CANAL;RESIDENCIAL;;112;;112;2;ABIERTO;NO;NO;7;CHAMBERÍ;2;ARAPILES;72;40.4386229816115;-3.70560050313099;0368301VK4706G0001KM;http://www.madrid.es/sites/v/index.jsp?vgnextchannel=bfa48ab43d6bb410VgnVCM100000171f5a0aRCRD&vgnextoid=78dbc2c6e051c010VgnVCM2000000c205a0aRCRD;81710;CALLE DE CEA BERMÚDEZ NUM 1(A), 28003 MADRID
918;CÁNDIDO MATEOS;RESIDENCIAL;;618;;618;3;ABIERTO;NO;NO;9;MONCLOA-ARAVACA     ;4;VALDEZARZA;0;40.47078717988781; -3.7193258238376576;9104301VK3890C0001DY;http://www.madrid.es/sites/v/index.jsp?vgnextchannel=bfa48ab43d6bb410VgnVCM100000171f5a0aRCRD&vgnextoid=b865bdc85c01c010VgnVCM2000000c205a0aRCRD;183580;CALLE DEL VALLE DE MENA NUM 23, 28039 MADRID
2101;CANTABRIA;RESIDENCIAL;;211;;211;3;ABIERTO;NO;NO;21;BARAJAS             ;1;ALAMEDA DE OSUNA;0;40.4594904098294;-3.5833143755023;0590101VK5709B0001DK;http://www.madrid.es/sites/v/index.jsp?vgnextchannel=bfa48ab43d6bb410VgnVCM100000171f5a0aRCRD&vgnextoid=9dd015cbed51c010VgnVCM2000000c205a0aRCRD;13624;CALLE DEL BERGANTÍN NUM 24, 28042 MADRID
1401;CAÑADA;RESIDENCIAL;;288;;288;3;ABIERTO;NO;NO;14;MORATALAZ           ;6;VINATEROS;0;40.4050195561753;-3.64462726953091;5231233VK4753A0001HU;http://www.madrid.es/sites/v/index.jsp?vgnextchannel=bfa48ab43d6bb410VgnVCM100000171f5a0aRCRD&vgnextoid=a43515cbed51c010VgnVCM2000000c205a0aRCRD;13533;CALLE DE LA CAÑADA NUM 27(P), 28030 MADRID
122;CASINO DE LA REINA;MIXTO;135;449;;584;5;ABIERTO;NO;NO;1;CENTRO              ;2;EMBAJADORES;12;40.40709468568204; -3.7038875277131464;0332306VK4703C0002ZY;http://www.madrid.es/sites/v/index.jsp?vgnextchannel=bfa48ab43d6bb410VgnVCM100000171f5a0aRCRD&vgnextoid=c5f4bdc85c01c010VgnVCM2000000c205a0aRCRD;183747;CALLE DEL CASINO NUM 1 ESC T PLTA -2 PRTA OS, 28005 MADRID
526;CASTELLANA;ROTACIONAL;1229;;;1229;0;OTROS;NO;NO;5;CHAMARTÍN;4;HISPANOAMÉRICA;54;;;;;; 
418;CASTELLÓ;RESIDENCIAL;;303;;303;3;ABIERTO;NO;NO;4;SALAMANCA           ;6;CASTELLANA;46;40.434908578522;-3.68143698282303;2364901VK4726C0001WK;http://www.madrid.es/sites/v/index.jsp?vgnextchannel=bfa48ab43d6bb410VgnVCM100000171f5a0aRCRD&vgnextoid=cefbc2c6e051c010VgnVCM2000000c205a0aRCRD;81733;CALLE DE DIEGO DE LEÓN NUM 29(B), 28006 MADRID
1801;CASTRILLO DE AZA;RESIDENCIAL;;297;;297;3;ABIERTO;NO;NO;18;VILLA DE VALLECAS   ;2;SANTA EUGENIA;0;40.3862854427749;-3.60768383167671;8308409VK4780G0001AX;http://www.madrid.es/sites/v/index.jsp?vgnextchannel=bfa48ab43d6bb410VgnVCM100000171f5a0aRCRD&vgnextoid=fa5515cbed51c010VgnVCM2000000c205a0aRCRD;13567;AVENIDA DE SANTA EUGENIA NUM 1(A), 28031 MADRID
708;CHAMBERÍ;RESIDENCIAL;;690;;690;3;ABIERTO;NO;NO;7;CHAMBERÍ;4;ALMAGRO;74;40.4321041641281;-3.69736547125222;1062417VK4716C0001IF;http://www.madrid.es/sites/v/index.jsp?vgnextchannel=bfa48ab43d6bb410VgnVCM100000171f5a0aRCRD&vgnextoid=fb247339ae51c010VgnVCM2000000c205a0aRCRD;13636;CALLE DE SANTA ENGRACIA NUM 34(B) PLTA -4 PRTA 01, 28010 MADRID
1614;CHAPARRAL;RESIDENCIAL;;226;;226;2;ABIERTO;NO;NO;16;HORTALEZA           ;4;PINAR DEL REY;0;40.4704680711316;-3.63209844013838;6203949VK4860C0001PY;http://www.madrid.es/sites/v/index.jsp?vgnextchannel=bfa48ab43d6bb410VgnVCM100000171f5a0aRCRD&vgnextoid=152cc2c6e051c010VgnVCM2000000c205a0aRCRD;81734;CALLE DE CHAPARRAL NUM 40(P), 28033 MADRID
1511;CIDAMÓN;RESIDENCIAL;;343;;343;3;ABIERTO;NO;NO;15;CIUDAD LINEAL       ;6;SAN JUAN BAUTISTA;0;40.4502275088023;-3.65601940414286;4581006VK4848B0001UP;http://www.madrid.es/sites/v/index.jsp?vgnextchannel=bfa48ab43d6bb410VgnVCM100000171f5a0aRCRD&vgnextoid=418515cbed51c010VgnVCM2000000c205a0aRCRD;13568;CALLE DE ÁBALOS NUM 4, 28043 MADRID
502;CLARA DEL REY;RESIDENCIAL;;179;;179;2;ABIERTO;NO;NO;5;CHAMARTÍN;2;PROSPERIDAD;52;40.4439002303705;-3.66873934705878;3374501VK4737C0001AH;http://www.madrid.es/sites/v/index.jsp?vgnextchannel=bfa48ab43d6bb410VgnVCM100000171f5a0aRCRD&vgnextoid=97a515cbed51c010VgnVCM2000000c205a0aRCRD;13503;CALLE DE CLARA DEL REY NUM 49 PLTA -2 PRTA 01, 28002 MADRID
1109;CODORNIZ;RESIDENCIAL;;705;;705;3;ABIERTO;NO;NO;11;CARABANCHEL         ;4;VISTA ALEGRE;0;40.3822490532466;-3.75106420146634;6405628VK3760F0001KH;http://www.madrid.es/sites/v/index.jsp?vgnextchannel=bfa48ab43d6bb410VgnVCM100000171f5a0aRCRD&vgnextoid=10606545f951c010VgnVCM2000000c205a0aRCRD;24099;CALLE DEL MONSEÑOR ÓSCAR ROMERO NUM 75(P) PLTA -3, 28047 MADRID
202;COMANDANTE BENÍTEZ;RESIDENCIAL;;166;;166;2;ABIERTO;NO;NO;2;ARGANZUELA          ;3;CHOPERA;23;40.3975109762013;-3.69826675336291;0723605VK4702D0001UB;http://www.madrid.es/sites/v/index.jsp?vgnextchannel=bfa48ab43d6bb410VgnVCM100000171f5a0aRCRD&vgnextoid=edc515cbed51c010VgnVCM2000000c205a0aRCRD;13569;CALLE DEL COMANDANTE BENÍTEZ NUM 16(P), 28045 MADRID
1501;CONDADO DE TREVIÑO;RESIDENCIAL;;195;;195;2;ABIERTO;NO;NO;15;CIUDAD LINEAL       ;9;COSTILLARES;0;40.4800505171255;-3.66955150726522;3316020VK4831E0001MY;http://www.madrid.es/sites/v/index.jsp?vgnextchannel=bfa48ab43d6bb410VgnVCM100000171f5a0aRCRD&vgnextoid=34f515cbed51c010VgnVCM2000000c205a0aRCRD;13571;CALLE DEL CONDADO DE TREVIÑO NUM 31(P), 28033 MADRID
308;CONDE DE CASAL;RESIDENCIAL;;1650;;1650;3;ABIERTO;NO;NO;3;RETIRO              ;1;PACIFICO;31;40.4069414961023;-3.67346590971438;2932923VK4723D0001YX;http://www.madrid.es/sites/v/index.jsp?vgnextchannel=bfa48ab43d6bb410VgnVCM100000171f5a0aRCRD&vgnextoid=549e6545f951c010VgnVCM2000000c205a0aRCRD;24101;AVENIDA DEL MEDITERRÁNEO NUM 28(B), 28007 MADRID
710;CONDE DEL VALLE DE SÚCHIL;RESIDENCIAL;;1126;;1126;3;ABIERTO;NO;NO;7;CHAMBERÍ;2;ARAPILES;72;40.4327140924793;-3.70783765600394;0162901VK4706A0001TG;http://www.madrid.es/sites/v/index.jsp?vgnextchannel=bfa48ab43d6bb410VgnVCM100000171f5a0aRCRD&vgnextoid=22526545f951c010VgnVCM2000000c205a0aRCRD;24141;CALLE DE ARAPILES NUM 12(B), 28015 MADRID
607;CONDESA DE GAVIA;MIXTO;146;79;;225;3;ABIERTO;NO;NO;6;TETUÁN              ;2;CUATRO CAMINOS;62;40.44905426535144; -3.7020861495783635;0580505VK4708B0001US;http://www.madrid.es/sites/v/index.jsp?vgnextchannel=bfa48ab43d6bb410VgnVCM100000171f5a0aRCRD&vgnextoid=7e5f15cbed51c010VgnVCM2000000c205a0aRCRD;13477;PLAZA DE LA CONDESA DE GAVIA NUM 2(B) PLTA -2 PRTA 01, 28020 MADRID
504;CORAZÓN DE MARÍA I;RESIDENCIAL;;166;;166;2;ABIERTO;NO;NO;5;CHAMARTÍN;2;PROSPERIDAD;52;40.440466332376;-3.67094880753214;3170601VK4737A0001AZ;http://www.madrid.es/sites/v/index.jsp?vgnextchannel=bfa48ab43d6bb410VgnVCM100000171f5a0aRCRD&vgnextoid=8a1615cbed51c010VgnVCM2000000c205a0aRCRD;13504;CALLE DEL CORAZÓN DE MARÍA NUM 6(P), 28002 MADRID
511;CORAZÓN DE MARÍA II;MIXTO;327;750;;1077;3;ABIERTO;NO;NO;5;CHAMARTÍN;2;PROSPERIDAD;52;40.4444174410574; -3.6670287481035015;3676113VK4737F0001HB;http://www.madrid.es/sites/v/index.jsp?vgnextchannel=bfa48ab43d6bb410VgnVCM100000171f5a0aRCRD&vgnextoid=b74e6545f951c010VgnVCM2000000c205a0aRCRD;24103;CALLE DEL CORAZÓN DE MARÍA NUM 72(P), 28002 MADRID
911;CORONA BOREAL;MIXTO;125;125;;125;2;ABIERTO;NO;NO;9;MONCLOA-ARAVACA     ;7;ARAVACA;0;40.4588137783281;-3.78414489510692;3691303VK3739B0001YY;http://www.madrid.es/sites/v/index.jsp?vgnextchannel=bfa48ab43d6bb410VgnVCM100000171f5a0aRCRD&vgnextoid=db8bc2c6e051c010VgnVCM2000000c205a0aRCRD;81736;CALLE DE PÉREZ DE VICTORIA NUM 2, 28023 MADRID
1602;CUEVAS DE ALMANZORA;RESIDENCIAL;;203;;203;2;ABIERTO;NO;NO;16;HORTALEZA           ;5;APOSTOL SANTIAGO;0;40.47941994494686; -3.6578569564924415;4314317VK4841C0001GG;http://www.madrid.es/sites/v/index.jsp?vgnextchannel=bfa48ab43d6bb410VgnVCM100000171f5a0aRCRD&vgnextoid=276615cbed51c010VgnVCM2000000c205a0aRCRD;13500;CALLE DE MOJÁCAR NUM 2, 28033 MADRID
1616;CUMARE;RESIDENCIAL;;156;;156;3;ABIERTO;NO;NO;16;HORTALEZA           ;4;PINAR DEL REY;0;40.4696757985277;-3.63504463154674;6203950VK4860C0001GY;http://www.madrid.es/sites/v/index.jsp?vgnextchannel=bfa48ab43d6bb410VgnVCM100000171f5a0aRCRD&vgnextoid=975dc2c6e051c010VgnVCM2000000c205a0aRCRD;81737;CALLE DEL NEVADO DEL RUIZ NUM 4, 28033 MADRID
319;DAOÍZ Y VELARDE;MIXTO;235;253;;488;4;ABIERTO;NO;NO;3;RETIRO              ;1;PACIFICO;31;40.40255344121901; -3.67763144165245;2527602VK4722H0002BL;http://www.madrid.es/sites/v/index.jsp?vgnextchannel=bfa48ab43d6bb410VgnVCM100000171f5a0aRCRD&vgnextoid=0f85bdc85c01c010VgnVCM2000000c205a0aRCRD;183748;AVENIDA DE LA CIUDAD DE BARCELONA NUM 156 PLTA -3, 28007 MADRID
1410;DARWIN;RESIDENCIAL;;411;;411;2;ABIERTO;NO;NO;14;MORATALAZ           ;5;FONTARRON;0;40.405638665853;-3.65375539091826;4730402VK4743B0001ZS;http://www.madrid.es/sites/v/index.jsp?vgnextchannel=bfa48ab43d6bb410VgnVCM100000171f5a0aRCRD&vgnextoid=dca27339ae51c010VgnVCM2000000c205a0aRCRD;13535;AVENIDA DE MORATALAZ NUM 58, 28030 MADRID
5003;DESCALZAS;ROTACIONAL;400;;;400;3;ABIERTO;NO;NO;1;CENTRO              ;6;SOL;161;40.41845756968;-3.70704603703524;0146801VK4704E0001BJ;http://www.madrid.es/sites/v/index.jsp?vgnextchannel=bfa48ab43d6bb410VgnVCM100000171f5a0aRCRD&vgnextoid=98e77339ae51c010VgnVCM2000000c205a0aRCRD;13473;PLAZA DE LAS DESCALZAS NUM 3, 28013 MADRID
416;DÍAZ PORLIER;MIXTO;203;421;;624;3;ABIERTO;NO;NO;4;SALAMANCA           ;5;LISTA;45;40.434510199279615; -3.6754840133107027;2764201VK4726D0001AR;http://www.madrid.es/sites/v/index.jsp?vgnextchannel=bfa48ab43d6bb410VgnVCM100000171f5a0aRCRD&vgnextoid=9e69946be351c010VgnVCM2000000c205a0aRCRD;44724;CALLE DE DIEGO DE LEÓN NUM 64, 28006 MADRID
317;DOCE DE OCTUBRE;RESIDENCIAL;;694;;694;3;ABIERTO;NO;NO;3;RETIRO              ;4;IBIZA;34;40.4178437921393;-3.67619550529124;2744701VK4724D0001UH;http://www.madrid.es/sites/v/index.jsp?vgnextchannel=bfa48ab43d6bb410VgnVCM100000171f5a0aRCRD&vgnextoid=4826bdc85c01c010VgnVCM2000000c205a0aRCRD;183760;CALLE DE ALCALDE SAINZ DE BARANDA S/N, 28009 MADRID
1519;DOCTOR CIRAJAS;RESIDENCIAL;;324;;324;3;ABIERTO;NO;NO;15;CIUDAD LINEAL       ;2;PUEBLO NUEVO;0;40.4355062053263;-3.63749208941804;6065102VK4766E0001FY;http://www.madrid.es/sites/v/index.jsp?vgnextchannel=bfa48ab43d6bb410VgnVCM100000171f5a0aRCRD&vgnextoid=7d8615cbed51c010VgnVCM2000000c205a0aRCRD;13630;CALLE DEL DOCTOR CIRAJAS NUM 3(P), 28017 MADRID
306;DOCTOR LAGUNA;RESIDENCIAL;;537;;537;3;ABIERTO;NO;NO;3;RETIRO              ;6;NIÑO JESUS;36;40.416038617548956; -3.673543967928384;3043103VK4734C0001LA;http://www.madrid.es/sites/v/index.jsp?vgnextchannel=bfa48ab43d6bb410VgnVCM100000171f5a0aRCRD&vgnextoid=b7f57339ae51c010VgnVCM2000000c205a0aRCRD;13551;CALLE DEL DOCE DE OCTUBRE NUM 28, 28009 MADRID
712;DOMÉNICO SCARLATTI;RESIDENCIAL;;480;;480;3;ABIERTO;NO;NO;7;CHAMBERÍ;6;VALLEHERMOSO;76;40.4412401903695;-3.71633149805864;9371401VK3797A0001QP;http://www.madrid.es/sites/v/index.jsp?vgnextchannel=bfa48ab43d6bb410VgnVCM100000171f5a0aRCRD&vgnextoid=81e9946be351c010VgnVCM2000000c205a0aRCRD;39871;CALLE DE DOMENICO SCARLATTI NUM 7, 28003 MADRID
1023;EL GRECO;RESIDENCIAL;;225;;225;0;ABIERTO;SÍ;NO;10;LATINA              ;3;LUCERO;0;40.4073286671443;-3.74731337285804;6734102VK3763D0002PR;http://www.madrid.es/sites/v/index.jsp?vgnextchannel=bfa48ab43d6bb410VgnVCM100000171f5a0aRCRD&vgnextoid=c0869f29bb305410VgnVCM1000000b205a0aRCRD;7410134;CALLE DE EL GRECO NUM 29 PLTA -1, 28011 MADRID
431;ELVIRA;RESIDENCIAL;;190;;190;3;ABIERTO;NO;NO;4;SALAMANCA           ;3;FUENTE DEL BERRO;43;40.4210921187441;-3.66573849295254;3649906VK4734H0003HS;http://www.madrid.es/sites/v/index.jsp?vgnextchannel=bfa48ab43d6bb410VgnVCM100000171f5a0aRCRD&vgnextoid=ca1cec05bd2a8110VgnVCM2000000c205a0aRCRD;4831001;CALLE DE ELVIRA NUM 36 PLTA -2 PRTA 01, 28028 MADRID
1608;EMIGRANTES;RESIDENCIAL;;281;;281;3;ABIERTO;NO;NO;16;HORTALEZA           ;3;CANILLAS;0;40.467641830775;-3.63619153620736;6101104VK4860A0001QA;http://www.madrid.es/sites/v/index.jsp?vgnextchannel=bfa48ab43d6bb410VgnVCM100000171f5a0aRCRD&vgnextoid=bca06545f951c010VgnVCM2000000c205a0aRCRD;24106;CALLE DE MINAYA NUM 1, 28043 MADRID
1413;ENCOMIENDA DE PALACIOS;RESIDENCIAL;;320;;320;3;ABIERTO;NO;NO;14;MORATALAZ           ;5;FONTARRON;0;40.3992442473467;-3.64337827121037;5524843VK4752D0001DJ;http://www.madrid.es/sites/v/index.jsp?vgnextchannel=bfa48ab43d6bb410VgnVCM100000171f5a0aRCRD&vgnextoid=1ad615cbed51c010VgnVCM2000000c205a0aRCRD;13524;CALLE DE LA ENCOMIENDA DE PALACIOS NUM 170(P), 28030 MADRID
1419;ENCUENTRO;MIXTO;180;370;;550;3;ABIERTO;NO;NO;14;MORATALAZ           ;4;MEDIA LEGUA;0;40.4058768185719;-3.65138632197171;4930843VK4743B0001YS;http://www.madrid.es/sites/v/index.jsp?vgnextchannel=bfa48ab43d6bb410VgnVCM100000171f5a0aRCRD&vgnextoid=c3e12c798651c010VgnVCM2000000c205a0aRCRD;36269;PLAZA DEL ENCUENTRO NUM 5, 28030 MADRID
2002;ESFINGE;RESIDENCIAL;;777;;777;2;ABIERTO;NO;NO;20;SAN BLAS-CANILLEJAS ;7;CANILLEJAS;0;40.4433597743845;-3.61009170061829;8473101VK4787C0001QD;http://www.madrid.es/sites/v/index.jsp?vgnextchannel=bfa48ab43d6bb410VgnVCM100000171f5a0aRCRD&vgnextoid=600715cbed51c010VgnVCM2000000c205a0aRCRD;13550;CALLE DE LA ESFINGE NUM 58(P) PLTA -2, 28022 MADRID
316;ESPALTER;RESIDENCIAL;;480;;480;4;ABIERTO;NO;NO;3;RETIRO              ;5;LOS JERONIMOS;35;40.4126788946921;-3.68991968676579;1540701VK4714B0001DJ;http://www.madrid.es/sites/v/index.jsp?vgnextchannel=bfa48ab43d6bb410VgnVCM100000171f5a0aRCRD&vgnextoid=4fc4ff632081c010VgnVCM1000000b205a0aRCRD;170634;CALLE DE ESPALTER NUM 9(A), 28014 MADRID
208;ESPERANZA;RESIDENCIAL;;986;;986;3;ABIERTO;NO;NO;2;ARGANZUELA          ;2;ACACIAS;22;40.3989760938926;-3.7038907804774;0226701VK4702E0001UY;http://www.madrid.es/sites/v/index.jsp?vgnextchannel=bfa48ab43d6bb410VgnVCM100000171f5a0aRCRD&vgnextoid=23d27339ae51c010VgnVCM2000000c205a0aRCRD;13558;CALLE DE GARGANTILLA NUM 2(P), 28005 MADRID
1707;ESPINILLO;RESIDENCIAL;;155;;155;2;ABIERTO;NO;NO;17;VILLAVERDE          ;4;LOS ROSALES;0;40.3567269645095;-3.69174396514792;1478101VK4617G0002TJ;http://www.madrid.es/sites/v/index.jsp?vgnextchannel=bfa48ab43d6bb410VgnVCM100000171f5a0aRCRD&vgnextoid=6b4cc2c6e051c010VgnVCM2000000c205a0aRCRD;81743;CALLE DE LA CIUDADANÍA NUM 5, 28041 MADRID
2007;ESTADIO METROPOLITANO;DISUASORIO;;;3027;3027;1;ABIERTO;NO;SÍ;20;SAN BLAS-CANILLEJAS ;5;ROSAS;0;40.434154;-3.598831;9370129VK4797A0001ZX;http://www.madrid.es/sites/v/index.jsp?vgnextchannel=bfa48ab43d6bb410VgnVCM100000171f5a0aRCRD&vgnextoid=975b89a80c49e510VgnVCM1000001d4a900aRCRD;10489514;AVENIDA DE ARCENTALES NUM 37, 28022 MADRID
307;ESTEBAN VILLEGAS;RESIDENCIAL;;858;;858;3;ABIERTO;NO;NO;3;RETIRO              ;5;LOS JERONIMOS;35;40.40840893273142; -3.683916231954491;2135801VK4723E0001YI;http://www.madrid.es/sites/v/index.jsp?vgnextchannel=bfa48ab43d6bb410VgnVCM100000171f5a0aRCRD&vgnextoid=e8b16545f951c010VgnVCM2000000c205a0aRCRD;24108;CALLE DE POETA ESTEBAN DE VILLEGAS NUM 4 PLTA -4, 28014 MADRID
302;ESTRELLA POLAR;RESIDENCIAL;;401;;401;3;ABIERTO;NO;NO;3;RETIRO              ;3;ESTRELLA;33;40.4106446983225;-3.66696068383245;3536641VK4733F0001YZ;http://www.madrid.es/sites/v/index.jsp?vgnextchannel=bfa48ab43d6bb410VgnVCM100000171f5a0aRCRD&vgnextoid=b62715cbed51c010VgnVCM2000000c205a0aRCRD;13572;CALLE DE LA ESTRELLA POLAR NUM 6(D), 28007 MADRID
1111;EUGENIA DE MONTIJO;RESIDENCIAL;;387;;387;3;ABIERTO;NO;NO;11;CARABANCHEL         ;4;VISTA ALEGRE;0;40.37973285498474; -3.7520789047195695;6103201VK3760C0001AS;http://www.madrid.es/sites/v/index.jsp?vgnextchannel=bfa48ab43d6bb410VgnVCM100000171f5a0aRCRD&vgnextoid=db226545f951c010VgnVCM2000000c205a0aRCRD;24111;CALLE DEL PARQUE EUGENIA DE MONTIJO NUM 5, 28047 MADRID
422;FELIPE II;MIXTO;1175;615;;1790;4;ABIERTO;NO;NO;4;SALAMANCA           ;1;RECOLETOS;41;40.4242207643363;-3.67342185936768;2852405VK4725B0003RJ ;http://www.madrid.es/sites/v/index.jsp?vgnextchannel=bfa48ab43d6bb410VgnVCM100000171f5a0aRCRD&vgnextoid=425e15cbed51c010VgnVCM2000000c205a0aRCRD;13464;CALLE DE GOYA NUM 88, 28001 MADRID
5005;FERNÁNDEZ SHAW;MIXTO;245;350;;595;0;ABIERTO;NO;NO;3;RETIRO              ;2;ADELFAS;32;40.40489977502076; -3.668850975462272;3231603VK4733A0001QX;http://www.madrid.es/sites/v/index.jsp?vgnextchannel=bfa48ab43d6bb410VgnVCM100000171f5a0aRCRD&vgnextoid=0e6e6545f951c010VgnVCM2000000c205a0aRCRD;24809;CALLE DE CARLOS Y GUILLERMO FERNÁNDEZ SHAW NUM 1(P) PLTA -1 PRTA 01, 28007 MADRID
806;FERROL;RESIDENCIAL;;350;;350;3;ABIERTO;NO;NO;8;FUENCARRAL-EL PARDO ;4;EL PILAR;84;40.47516452791494; -3.707898978806774;0312928VK4800G0001EK;http://www.madrid.es/sites/v/index.jsp?vgnextchannel=bfa48ab43d6bb410VgnVCM100000171f5a0aRCRD&vgnextoid=e30115cbed51c010VgnVCM2000000c205a0aRCRD;13573;AVENIDA DE EL FERROL NUM 34(P), 28029 MADRID
807;FINISTERRE;RESIDENCIAL;;305;;305;3;ABIERTO;NO;NO;8;FUENCARRAL-EL PARDO ;5;LA PAZ;85;40.4787115545523;-3.70264427058508;0513923VK4801D0001HI;http://www.madrid.es/sites/v/index.jsp?vgnextchannel=bfa48ab43d6bb410VgnVCM100000171f5a0aRCRD&vgnextoid=0d4715cbed51c010VgnVCM2000000c205a0aRCRD;13498;CALLE DE FINISTERRE NUM 21 PLTA -3, 28029 MADRID
822;FONSAGRADA;RESIDENCIAL;;253;;253;2;ABIERTO;NO;NO;8;FUENCARRAL-EL PARDO ;4;EL PILAR;84;40.477694803073895; -3.7071228764557786;02129G9VK4801A0001DR;http://www.madrid.es/sites/v/index.jsp?vgnextchannel=bfa48ab43d6bb410VgnVCM100000171f5a0aRCRD&vgnextoid=ed7dc2c6e051c010VgnVCM2000000c205a0aRCRD;81745;PLAZA DE ARTEIJO NUM 10, 28029 MADRID
430;FRANCISCO ALTIMIRAS;RESIDENCIAL;;59;;59;2;ABIERTO;NO;NO;4;SALAMANCA           ;4;GUINDALERA;44;40.4336887886822; -3.663538450106072;3863626VK4736D;http://www.madrid.es/sites/v/index.jsp?vgnextchannel=bfa48ab43d6bb410VgnVCM100000171f5a0aRCRD&vgnextoid=c0055b87103a8110VgnVCM2000000c205a0aRCRD;4831271;CALLE DE FRANCISCO ALTIMIRAS NUM 4, 28028 MADRID
1520;FRANCISCO RIOJA;RESIDENCIAL;;392;;392;3;ABIERTO;NO;NO;15;CIUDAD LINEAL       ;2;PUEBLO NUEVO;0;40.430778722730366; -3.6381242830303946;6060820VK4766A0001PH;http://www.madrid.es/sites/v/index.jsp?vgnextchannel=bfa48ab43d6bb410VgnVCM100000171f5a0aRCRD&vgnextoid=537715cbed51c010VgnVCM2000000c205a0aRCRD;13635;CALLE DE LUIS RUIZ NUM 27(P), 28017 MADRID
614;FRANCOS RODRÍGUEZ;RESIDENCIAL;;296;;296;3;ABIERTO;NO;NO;6;TETUÁN              ;1;BELLAS VISTAS;61;40.456831249177;-3.71005050591214;9889801VK3798H0001YZ;http://www.madrid.es/sites/v/index.jsp?vgnextchannel=bfa48ab43d6bb410VgnVCM100000171f5a0aRCRD&vgnextoid=a99715cbed51c010VgnVCM2000000c205a0aRCRD;13634;CALLE DE NUMANCIA NUM 63, 28039 MADRID
117;FÚCAR;RESIDENCIAL;;200;;200;0;EN OBRAS;NO;NO;1;CENTRO;3;CORTES;13;40.41218232247436;-3.6956845919294365;1039810VK4713G0001YX;https://www.madrid.es/portales/munimadrid/es/Inicio/Movilidad-y-transportes/Direcciones-y-telefonos/Aparcamiento-para-residentes-Fucar/?vgnextfmt=default&vgnextoid=b2ef7429f2d7a910VgnVCM100000891ecb1aRCRD&vgnextchannel=262f8fb9458fe410VgnVCM1000000b205a0aRCRD;50131646;CALLE DE FÚCAR NUM 6, 28014 MADRID
714;FUENCARRAL;MIXTO;196;103;;299;4;ABIERTO;NO;NO;7;CHAMBERÍ;3;TRAFALGAR;73;40.4296270729669;-3.70279096159205;0459601VK4705G0001GY;http://www.madrid.es/sites/v/index.jsp?vgnextchannel=bfa48ab43d6bb410VgnVCM100000171f5a0aRCRD&vgnextoid=987e15cbed51c010VgnVCM2000000c205a0aRCRD;13462;CALLE DE FUENCARRAL NUM 121(D), 28010 MADRID
1626;FUENTE DE LA MORA;DISUASORIO;;;404;404;1;ABIERTO;NO;SÍ;16;HORTALEZA;6;VALDEFUENTES;0;40.4844428688153;-3.66450251273440;3719902VK4831H0001EP ;http://www.madrid.es/sites/v/index.jsp?vgnextchannel=bfa48ab43d6bb410VgnVCM100000171f5a0aRCRD&vgnextoid=cbb3ed735e9f9710VgnVCM1000001d4a900aRCRD;11413444;CALLE DE DULCE CHACÓN S/N, 28050 MADRID
707;GALILEO;RESIDENCIAL;;527;;527;3;ABIERTO;NO;NO;7;CHAMBERÍ;2;ARAPILES;72;40.4336318167522;-3.71140097593995;9863102VK3796D0001WB;http://www.madrid.es/sites/v/index.jsp?vgnextchannel=bfa48ab43d6bb410VgnVCM100000171f5a0aRCRD&vgnextoid=03d06545f951c010VgnVCM2000000c205a0aRCRD;24119;CALLE DE BLASCO DE GARAY NUM 38(C), 28015 MADRID
1008;GARCÍA ESCÁMEZ;RESIDENCIAL;;260;;260;3;ABIERTO;NO;NO;10;LATINA              ;7;LAS AGUILAS;0;40.3820357799705;-3.7694517822779;4806525VK3740F0001EI;http://www.madrid.es/sites/v/index.jsp?vgnextchannel=bfa48ab43d6bb410VgnVCM100000171f5a0aRCRD&vgnextoid=46e715cbed51c010VgnVCM2000000c205a0aRCRD;13525;CALLE DE ANSELMO LORENZO NUM 11, 28044 MADRID
1402;GARCÍA TAPIA;RESIDENCIAL;;252;;252;2;ABIERTO;NO;NO;14;MORATALAZ           ;3;MARROQUINA;0;40.4118131755341;-3.64541031210654;5339102VK4753H0001UQ;http://www.madrid.es/sites/v/index.jsp?vgnextchannel=bfa48ab43d6bb410VgnVCM100000171f5a0aRCRD&vgnextoid=663215cbed51c010VgnVCM2000000c205a0aRCRD;13534;AVENIDA DEL DOCTOR GARCÍA TAPIA NUM 51, 28030 MADRID
1004;GARROVILLAS;RESIDENCIAL;;324;;324;2;ABIERTO;NO;NO;10;LATINA              ;7;LAS AGUILAS;0;40.38003632100852; -3.7785510082435763;4004950VK3740C0001PR;http://www.madrid.es/sites/v/index.jsp?vgnextchannel=bfa48ab43d6bb410VgnVCM100000171f5a0aRCRD&vgnextoid=ffb715cbed51c010VgnVCM2000000c205a0aRCRD;13527;CALLE DE GARROVILLAS NUM 9(P), 28044 MADRID
516;GENERAL GALLEGOS;RESIDENCIAL;;101;;101;2;ABIERTO;NO;NO;5;CHAMARTÍN;5;NUEVA ESPAÑA;55;40.46128190009474; -3.685586569654305;1994812VK4719D0001XT;http://www.madrid.es/sites/v/index.jsp?vgnextchannel=bfa48ab43d6bb410VgnVCM100000171f5a0aRCRD&vgnextoid=34adc2c6e051c010VgnVCM2000000c205a0aRCRD;81746;CALLE DEL PADRE DAMIÁN NUM 39, 28036 MADRID
207;GENERAL LACY;RESIDENCIAL;;663;;663;3;ABIERTO;NO;NO;2;ARGANZUELA          ;6;PALOS DE MOGUER;26;40.4030667634025;-3.69065809480978;1529514VK4712H0001QF;http://www.madrid.es/sites/v/index.jsp?vgnextchannel=bfa48ab43d6bb410VgnVCM100000171f5a0aRCRD&vgnextoid=59f06545f951c010VgnVCM2000000c205a0aRCRD;24120;CALLE DEL GENERAL LACY NUM 2(P), 28045 MADRID
1515;GERARDO CORDÓN;RESIDENCIAL;;219;;219;2;ABIERTO;NO;NO;15;CIUDAD LINEAL       ;1;VENTAS;0;40.42662400325405; -3.652542375709883;4754324VK4745D0001ZK;http://www.madrid.es/sites/v/index.jsp?vgnextchannel=bfa48ab43d6bb410VgnVCM100000171f5a0aRCRD&vgnextoid=ac087339ae51c010VgnVCM2000000c205a0aRCRD;13520;CALLE DE GERARDO CORDÓN NUM 46(P) PLTA -2, 28017 MADRID
1505;GERMÁN PÉREZ CARRASCO;RESIDENCIAL;;321;;321;3;ABIERTO;NO;NO;15;CIUDAD LINEAL       ;3;QUINTANA;0;40.4343990447923;-3.6477943374274;5264106VK4756C0001HU;http://www.madrid.es/sites/v/index.jsp?vgnextchannel=bfa48ab43d6bb410VgnVCM100000171f5a0aRCRD&vgnextoid=f2387339ae51c010VgnVCM2000000c205a0aRCRD;13574;CALLE DE LA VIRGEN DEL SAGRARIO NUM 8, 28027 MADRID
827;GINZO DE LIMIA;RESIDENCIAL;;97;;97;3;ABIERTO;NO;NO;8;FUENCARRAL-EL PARDO ;5;LA PAZ;85;40.484726228522256; -3.707095467956364;0320209VK4802B0003MO;http://www.madrid.es/sites/v/index.jsp?vgnextchannel=bfa48ab43d6bb410VgnVCM100000171f5a0aRCRD&vgnextoid=9c77780e5c0a8110VgnVCM1000000b205a0aRCRD;4829668;CALLE DE GINZO DE LIMIA NUM 66 PLTA -1 PRTA 01, 28034 MADRID
403;GÓMEZ ULLA;RESIDENCIAL;;191;;191;2;ABIERTO;NO;NO;4;SALAMANCA           ;4;GUINDALERA;44;40.43003872255172; -3.667817175542646;3358502VK4735G0001HK;http://www.madrid.es/sites/v/index.jsp?vgnextchannel=bfa48ab43d6bb410VgnVCM100000171f5a0aRCRD&vgnextoid=c3b615cbed51c010VgnVCM2000000c205a0aRCRD;13615;CALLE DEL DOCTOR GÓMEZ ULLA NUM 11(B), 28028 MADRID
412;GOYA;RESIDENCIAL;;668;;668;3;ABIERTO;NO;NO;4;SALAMANCA           ;2;GOYA;42;40.424572633502564; -3.6717032128063;3252622VK4735A0001OP;http://www.madrid.es/sites/v/index.jsp?vgnextchannel=bfa48ab43d6bb410VgnVCM100000171f5a0aRCRD&vgnextoid=49587339ae51c010VgnVCM2000000c205a0aRCRD;13522;CALLE DE GOYA NUM 92, 28009 MADRID
1108;GUADALETE;RESIDENCIAL;;290;;290;3;ABIERTO;NO;NO;11;CARABANCHEL         ;1;COMILLAS;0;40.3892153292086;-3.71482104742718;9414924VK3791C0001JK;http://www.madrid.es/sites/v/index.jsp?vgnextchannel=bfa48ab43d6bb410VgnVCM100000171f5a0aRCRD&vgnextoid=af116545f951c010VgnVCM2000000c205a0aRCRD;24121;CALLE DEL GUADALETE NUM 12(B), 28019 MADRID
617;HERNANI;MIXTO;115;380;;495;3;ABIERTO;NO;NO;6;TETUÁN              ;2;CUATRO CAMINOS;62;40.44817621258857; -3.6976113125092684;1079101VK4717G0002LX;http://www.madrid.es/sites/v/index.jsp?vgnextchannel=bfa48ab43d6bb410VgnVCM100000171f5a0aRCRD&vgnextoid=d0712c798651c010VgnVCM2000000c205a0aRCRD;36270;CALLE DE HERNANI NUM 79, 28020 MADRID
2006;ILÍADA;RESIDENCIAL;;333;;333;3;ABIERTO;NO;NO;20;SAN BLAS-CANILLEJAS ;7;CANILLEJAS;0;40.4355831247766;-3.60860102706914;8666210VK4786F0001MM;http://www.madrid.es/sites/v/index.jsp?vgnextchannel=bfa48ab43d6bb410VgnVCM100000171f5a0aRCRD&vgnextoid=a89fa6b5ebbd3210VgnVCM1000000b205a0aRCRD;5421792;CALLE DE LA ILÍADA NUM 1(P), 28022 MADRID
1015;ILLESCAS;RESIDENCIAL;;261;;261;3;ABIERTO;NO;NO;10;LATINA              ;4;ALUCHE;0;40.3976368775692;-3.76617797063072;5124705VK3752C0001FL;http://www.madrid.es/sites/v/index.jsp?vgnextchannel=bfa48ab43d6bb410VgnVCM100000171f5a0aRCRD&vgnextoid=9f787339ae51c010VgnVCM2000000c205a0aRCRD;13627;CALLE DE ILLESCAS NUM 1(P), 28024 MADRID
823;ILUSTRACIÓN;RESIDENCIAL;;142;;142;2;ABIERTO;NO;NO;8;FUENCARRAL-EL PARDO ;3;PEÑA GRANDE;0;40.480165772347696;-3.7183829353444833;9112301VK3891C0001GM;http://www.madrid.es/sites/v/index.jsp?vgnextchannel=bfa48ab43d6bb410VgnVCM100000171f5a0aRCRD&vgnextoid=abd5bdc85c01c010VgnVCM2000000c205a0aRCRD;183559;CALLE DE LAS ISLAS CÍES NUM 25(B), 28035 MADRID
804;ISLA DE AROSA;RESIDENCIAL;;189;;189;2;ABIERTO;NO;NO;8;FUENCARRAL-EL PARDO ;3;PEÑA GRANDE;0;40.480274384539456; -3.715403636163851;9415801VK3891E0001EK;http://www.madrid.es/sites/v/index.jsp?vgnextchannel=bfa48ab43d6bb410VgnVCM100000171f5a0aRCRD&vgnextoid=e5a87339ae51c010VgnVCM2000000c205a0aRCRD;13502;CALLE DE LA ISLA DE AROSA NUM 2(B) PLTA -2, 28035 MADRID
810;ISLA DE ONS;RESIDENCIAL;;667;;667;3;ABIERTO;NO;NO;8;FUENCARRAL-EL PARDO ;3;PEÑA GRANDE;0;40.4799733680742;-3.72179162558578;8914201VK3881D0001DT;http://www.madrid.es/sites/v/index.jsp?vgnextchannel=bfa48ab43d6bb410VgnVCM100000171f5a0aRCRD&vgnextoid=3cc87339ae51c010VgnVCM2000000c205a0aRCRD;13575;CALLE DE LA ISLA DE ONS NUM 5 PLTA -4, 28035 MADRID
802;ISLA DE TAVIRA;RESIDENCIAL;;326;;326;3;ABIERTO;NO;NO;8;FUENCARRAL-EL PARDO ;3;PEÑA GRANDE;0;40.481195113179496; -3.718279041839923;9216101VK3891E0001LK;http://www.madrid.es/sites/v/index.jsp?vgnextchannel=bfa48ab43d6bb410VgnVCM100000171f5a0aRCRD&vgnextoid=82f87339ae51c010VgnVCM2000000c205a0aRCRD;13576;CALLE DE LA ISLA DE TAVIRA NUM 3, 28035 MADRID
723;ISLAS FILIPINAS;RESIDENCIAL;;397;;397;3;ABIERTO;NO;NO;7;CHAMBERÍ;1;GAZTAMBIDE;71;40.438987934763;-3.71467601723796;9569701VK3796H0001WP;http://www.madrid.es/sites/v/index.jsp?vgnextchannel=bfa48ab43d6bb410VgnVCM100000171f5a0aRCRD&vgnextoid=5ebcc2c6e051c010VgnVCM2000000c205a0aRCRD;81748;CALLE DE CEA BERMÚDEZ NUM 49(A), 28003 MADRID
1114;ISLAZUL;DISUASORIO;;;224;224;1;ABIERTO;SÍ;SÍ;11;CARABANCHEL;6;BUENAVISTA;0;40.36521668890186;-3.737923481612698;7586108VK3678F;https://www.madrid.es/portales/munimadrid/es/Inicio/Contacto/Direcciones-y-telefonos/Aparcamiento-disuasorio-Islazul/?vgnextfmt=default&vgnextoid=83bf252aa267d710VgnVCM1000001d4a900aRCRD&vgnextchannel=bfa48ab43d6bb410VgnVCM100000171f5a0aRCRD;11544464;CALLE DE LA CALDERILLA NUM 1, 28054 MADRID
1102;IVÁN DE VARGAS;RESIDENCIAL;;199;;199;2;ABIERTO;NO;NO;11;CARABANCHEL         ;3;SAN ISIDRO;0;40.4031629103554;-3.72446327913775;8629601VK3782H0001ZU ;http://www.madrid.es/sites/v/index.jsp?vgnextchannel=bfa48ab43d6bb410VgnVCM100000171f5a0aRCRD&vgnextoid=d8197339ae51c010VgnVCM2000000c205a0aRCRD;13577;TRAVESÍA DE IVÁN DE VARGAS NUM 4 PLTA -2 PRTA 01, 28019 MADRID
110;JACINTO BENAVENTE;MIXTO;275;111;;386;2;EN OBRAS;NO;NO;1;CENTRO              ;3;CORTES;0;40.4144481124785;-3.70332121750772;0442101VK4704A000IJR;http://www.madrid.es/sites/v/index.jsp?vgnextchannel=bfa48ab43d6bb410VgnVCM100000171f5a0aRCRD&vgnextoid=c48f15cbed51c010VgnVCM2000000c205a0aRCRD;13459;PLAZA DE JACINTO BENAVENTE NUM 6 PLTA -4, 28012 MADRID
1107;JACINTO VERDAGUER;RESIDENCIAL;;545;;545;3;ABIERTO;NO;NO;11;CARABANCHEL         ;2;OPAÑEL;0;40.3951283273511;-3.71878014908902;9118268VK3791G0001XI;http://www.madrid.es/sites/v/index.jsp?vgnextchannel=bfa48ab43d6bb410VgnVCM100000171f5a0aRCRD&vgnextoid=2f397339ae51c010VgnVCM2000000c205a0aRCRD;13546;CALLE DE JACINTO VERDAGUER NUM 25(B) PLTA -4, 28019 MADRID
706;JOAQUÍN MARÍA LÓPEZ;RESIDENCIAL;;464;;464;3;ABIERTO;NO;NO;7;CHAMBERÍ;1;GAZTAMBIDE;71;40.4374098846186;-3.71434270556613;9467701VK3796G0001MQ;http://www.madrid.es/sites/v/index.jsp?vgnextchannel=bfa48ab43d6bb410VgnVCM100000171f5a0aRCRD&vgnextoid=75697339ae51c010VgnVCM2000000c205a0aRCRD;13529;CALLE DE JOAQUÍN MARÍA LÓPEZ NUM 39, 28015 MADRID
719;JOSÉ ABASCAL;RESIDENCIAL;;126;;126;3;ABIERTO;NO;NO;7;CHAMBERÍ;4;ALMAGRO;74;40.4380386607844;-3.69314664084057;1368701VK4716G0001QR;http://www.madrid.es/sites/v/index.jsp?vgnextchannel=bfa48ab43d6bb410VgnVCM100000171f5a0aRCRD&vgnextoid=7ea46cd2546d5410VgnVCM2000000c205a0aRCRD;7471768;CALLE DE JOSÉ ABASCAL NUM 54, 28003 MADRID
604;JOSÉ CASTÁN TOBEÑAS;MIXTO;200;20;;220;2;ABIERTO;NO;NO;6;TETUÁN              ;3;CASTILLEJOS;63;40.4645483266289;-3.69157198480319;1497304VK4719G0001SO;http://www.madrid.es/sites/v/index.jsp?vgnextchannel=bfa48ab43d6bb410VgnVCM100000171f5a0aRCRD&vgnextoid=35ce15cbed51c010VgnVCM2000000c205a0aRCRD;13479;CALLE DEL POETA JOAN MARAGALL NUM 57 PLTA -2, 28020 MADRID
1001;JOSÉ DE CADALSO;RESIDENCIAL;;259;;259;1;ABIERTO;NO;NO;10;LATINA              ;7;LAS AGUILAS;0;40.37614333918351; -3.7683293552234054;4799518VK3649H0001YD;http://www.madrid.es/sites/v/index.jsp?vgnextchannel=bfa48ab43d6bb410VgnVCM100000171f5a0aRCRD&vgnextoid=cb897339ae51c010VgnVCM2000000c205a0aRCRD;13526;CALLE DE SOLEDAD CAZORLA NUM 51 ESC 1 PLTA -1 PRTA 01, 28044 MADRID
508;JOSÉ DE VASCONCELOS;RESIDENCIAL;;300;;300;3;ABIERTO;NO;NO;5;CHAMARTÍN;6;CASTILLA;56;40.4710989453583;-3.68668849288348;1805619VK4810H0001TI;http://www.madrid.es/sites/v/index.jsp?vgnextchannel=bfa48ab43d6bb410VgnVCM100000171f5a0aRCRD&vgnextoid=f79a7339ae51c010VgnVCM2000000c205a0aRCRD;13623;CALLE DE JOSÉ VASCONCELOS NUM 3(P), 28046 MADRID
1516;JOSÉ DEL HIERRO;RESIDENCIAL;;648;;648;3;ABIERTO;NO;NO;15;CIUDAD LINEAL       ;4;CONCEPCION;0;40.4384225390412;-3.6467466652905;5268401VK4756G0002RZ;http://www.madrid.es/sites/v/index.jsp?vgnextchannel=bfa48ab43d6bb410VgnVCM100000171f5a0aRCRD&vgnextoid=12b97339ae51c010VgnVCM2000000c205a0aRCRD;13556;CALLE DE LOS HERMANOS DE PABLO NUM 44, 28027 MADRID
1513;JOSÉ LUIS ARRESE;RESIDENCIAL;;380;;380;3;ABIERTO;NO;NO;15;CIUDAD LINEAL       ;1;VENTAS;0;40.42053957508049; -3.6543546216513394;4646401VK4744F0001HL;http://www.madrid.es/sites/v/index.jsp?vgnextchannel=bfa48ab43d6bb410VgnVCM100000171f5a0aRCRD&vgnextoid=68d97339ae51c010VgnVCM2000000c205a0aRCRD;13578;CALLE DEL POETA BLAS DE OTERO NUM 22(B), 28017 MADRID
517;JOSEP PLA;RESIDENCIAL;;239;;239;2;ABIERTO;NO;NO;5;CHAMARTÍN;3;CIUDAD JARDIN;53;40.4421417450308;-3.67742780223251;2673605VK4727D0001OZ;http://www.madrid.es/sites/v/index.jsp?vgnextchannel=bfa48ab43d6bb410VgnVCM100000171f5a0aRCRD&vgnextoid=d70a946be351c010VgnVCM2000000c205a0aRCRD;63334;CALLE DE LÓPEZ DE HOYOS NUM 57, 28002 MADRID
203;JUAN DE VERA;RESIDENCIAL;;512;;512;3;ABIERTO;NO;NO;2;ARGANZUELA          ;5;DELICIAS;25;40.39615507486834; -3.692104179001404;1322708VK4712A0001OB;http://www.madrid.es/sites/v/index.jsp?vgnextchannel=bfa48ab43d6bb410VgnVCM100000171f5a0aRCRD&vgnextoid=4eba7339ae51c010VgnVCM2000000c205a0aRCRD;13579;CALLE DE JUAN DE VERA NUM 15(P), 28045 MADRID
321;JUAN ESPLANDIÚ;RESIDENCIAL;;249;;249;3;ABIERTO;NO;NO;3;RETIRO              ;3;ESTRELLA;33;40.4157528095955;-3.66602854953252;3542701VK4734B0001EW;http://www.madrid.es/sites/v/index.jsp?vgnextchannel=bfa48ab43d6bb410VgnVCM100000171f5a0aRCRD&vgnextoid=865c3d02e3b35410VgnVCM1000000b205a0aRCRD;7432674;CALLE DE JUAN ESPLANDIÚ NUM P, 28007 MADRID
1404;JUAN FRANCISCO DE LUJÁN I;RESIDENCIAL;;198;;198;2;ABIERTO;NO;NO;14;MORATALAZ           ;5;FONTARRON;0;40.4035636327947;-3.65044331843857;4930836VK4743B0001HS;http://www.madrid.es/sites/v/index.jsp?vgnextchannel=bfa48ab43d6bb410VgnVCM100000171f5a0aRCRD&vgnextoid=d04615cbed51c010VgnVCM2000000c205a0aRCRD;13541;CALLE DEL CORREGIDOR JUAN FRANCISCO DE LUJÁN NUM 1, 28030 MADRID
1417;JUAN FRANCISCO DE LUJÁN II;RESIDENCIAL;;298;;298;3;ABIERTO;NO;NO;14;MORATALAZ           ;5;FONTARRON;0;40.40214747309015; -3.647893433929952;52287H7VK4752G0001LZ;http://www.madrid.es/sites/v/index.jsp?vgnextchannel=bfa48ab43d6bb410VgnVCM100000171f5a0aRCRD&vgnextoid=66806545f951c010VgnVCM2000000c205a0aRCRD;17452;CALLE DEL CORREGIDOR JUAN FRANCISCO DE LUJÁN NUM 60(P), 28030 MADRID
507;JUAN HURTADO DE MENDOZA;RESIDENCIAL;;269;;269;2;ABIERTO;NO;NO;5;CHAMARTÍN;5;NUEVA ESPAÑA;55;40.46016040184583; -3.6867407236690504;1892801VK4719D0001JT;http://www.madrid.es/sites/v/index.jsp?vgnextchannel=bfa48ab43d6bb410VgnVCM100000171f5a0aRCRD&vgnextoid=94ea7339ae51c010VgnVCM2000000c205a0aRCRD;13505;CALLE DE JUAN HURTADO DE MENDOZA NUM 8(P), 28036 MADRID
524;JUAN RAMÓN JIMÉNEZ;RESIDENCIAL;;401;;401;3;ABIERTO;NO;NO;5;CHAMARTÍN;5;NUEVA ESPAÑA;55;40.4631368719306;-3.68710046083546;1894501VK4719D0001GT;http://www.madrid.es/sites/v/index.jsp?vgnextchannel=bfa48ab43d6bb410VgnVCM100000171f5a0aRCRD&vgnextoid=055a0cc0caf66210VgnVCM1000000b205a0aRCRD;5556588;CALLE DE JUAN RAMÓN JIMÉNEZ NUM P, 28036 MADRID
808;LA BAÑEZA;RESIDENCIAL;;239;;239;2;ABIERTO;NO;NO;8;FUENCARRAL-EL PARDO ;4;EL PILAR;84;40.4764987691693;-3.71325706372804;9511745VK3891B0001YF;http://www.madrid.es/sites/v/index.jsp?vgnextchannel=bfa48ab43d6bb410VgnVCM100000171f5a0aRCRD&vgnextoid=ea0b7339ae51c010VgnVCM2000000c205a0aRCRD;13501;CALLE DE LA BAÑEZA NUM 12(A) PLTA -1 PRTA 01, 28029 MADRID
409;LAGASCA;RESIDENCIAL;;327;;327;3;ABIERTO;NO;NO;4;SALAMANCA           ;6;CASTELLANA;46;40.43506964165062; -3.68384686761382;2064501VK4726C0001PK;http://www.madrid.es/sites/v/index.jsp?vgnextchannel=bfa48ab43d6bb410VgnVCM100000171f5a0aRCRD&vgnextoid=089cc2c6e051c010VgnVCM2000000c205a0aRCRD;81768;CALLE DE DIEGO DE LEÓN NUM 11(B), 28006 MADRID
1902;LARDERO;RESIDENCIAL;;382;;382;2;ABIERTO;NO;NO;19;VICÁLVARO           ;1;CASCO H.VICALVARO;0;40.4102738652148;-3.61085354029862;8237803VK4783E0001SO;http://www.madrid.es/sites/v/index.jsp?vgnextchannel=bfa48ab43d6bb410VgnVCM100000171f5a0aRCRD&vgnextoid=313b7339ae51c010VgnVCM2000000c205a0aRCRD;13580;CALLE DE LARDERO NUM 5(P), 28032 MADRID
5006;LUNA TUDESCOS;MIXTO;308;145;;453;0;ABIERTO;NO;NO;1;CENTRO              ;5;UNIVERSIDAD;15;40.4216849699782;-3.70568981924281;0249401VK4704G;http://www.madrid.es/sites/v/index.jsp?vgnextchannel=bfa48ab43d6bb410VgnVCM100000171f5a0aRCRD&vgnextoid=54467339ae51c010VgnVCM2000000c205a0aRCRD;13449;PLAZA DE SANTA MARÍA SOLEDAD TORRES ACOSTA NUM 2 PLTA 0 PRTA 02, 28004 MADRID
410;MALDONADO;RESIDENCIAL;;721;;721;3;ABIERTO;NO;NO;4;SALAMANCA           ;5;LISTA;45;40.43366755605813; -3.679035794267012;2562904VK4726B0001EO;http://www.madrid.es/sites/v/index.jsp?vgnextchannel=bfa48ab43d6bb410VgnVCM100000171f5a0aRCRD&vgnextoid=875b7339ae51c010VgnVCM2000000c205a0aRCRD;13581;CALLE DE MALDONADO NUM 34(P), 28006 MADRID
1605;MANIZALES;RESIDENCIAL;;401;;401;3;ABIERTO;NO;NO;16;HORTALEZA           ;4;PINAR DEL REY;0;40.4737064681745;-3.6370593589937;6007004VK4850H0001SQ;http://www.madrid.es/sites/v/index.jsp?vgnextchannel=bfa48ab43d6bb410VgnVCM100000171f5a0aRCRD&vgnextoid=dd7b7339ae51c010VgnVCM2000000c205a0aRCRD;13582;CALLE DE MANIZALES NUM 1(P), 28033 MADRID
1202;MANUEL NOYA;RESIDENCIAL;;492;;492;3;ABIERTO;NO;NO;12;USERA               ;5;MOSCARDO;0;40.3892836806595;-3.71185039642932;9513801VK3791D0001IR;http://www.madrid.es/sites/v/index.jsp?vgnextchannel=bfa48ab43d6bb410VgnVCM100000171f5a0aRCRD&vgnextoid=f5416545f951c010VgnVCM2000000c205a0aRCRD;24122;CALLE DE MANUEL NOYA NUM 2, 28026 MADRID
805;MARCOS DE ORUETA;RESIDENCIAL;;196;;196;2;ABIERTO;NO;NO;8;FUENCARRAL-EL PARDO ;6;VALVERDE;0;40.48476485902592; -3.6860667411043053;1920710VK4812B0001AA;http://www.madrid.es/sites/v/index.jsp?vgnextchannel=bfa48ab43d6bb410VgnVCM100000171f5a0aRCRD&vgnextoid=24ab7339ae51c010VgnVCM2000000c205a0aRCRD;13583;CALLE DE ÁNGEL MÚGICA NUM 9(B), 28034 MADRID
1504;MARQUÉS DE CORBERA I;RESIDENCIAL;;287;;287;2;ABIERTO;NO;NO;15;CIUDAD LINEAL       ;1;VENTAS;0;40.4219886928314;-3.65661292002709;4449911VK4744G0001GT;http://www.madrid.es/sites/v/index.jsp?vgnextchannel=bfa48ab43d6bb410VgnVCM100000171f5a0aRCRD&vgnextoid=3a2115cbed51c010VgnVCM2000000c205a0aRCRD;13585;AVENIDA DEL MARQUÉS DE CORBERA NUM 4(P) PLTA -2, 28017 MADRID
1507;MARQUÉS DE CORBERA II;RESIDENCIAL;;203;;203;2;ABIERTO;NO;NO;15;CIUDAD LINEAL       ;1;VENTAS;0;40.4274616090481;-3.64930765911692;5056701VK4755E0001OI;http://www.madrid.es/sites/v/index.jsp?vgnextchannel=bfa48ab43d6bb410VgnVCM100000171f5a0aRCRD&vgnextoid=805115cbed51c010VgnVCM2000000c205a0aRCRD;13584;AVENIDA DEL MARQUÉS DE CORBERA NUM 64(P) PLTA -2, 28017 MADRID
420;MARQUÉS DE SALAMANCA;MIXTO;356;60;;416;2;ABIERTO;NO;NO;4;SALAMANCA           ;6;CASTELLANA;46;40.4304997416021;-3.67929374257782;2559402VK4725H0001AM;http://www.madrid.es/sites/v/index.jsp?vgnextchannel=bfa48ab43d6bb410VgnVCM100000171f5a0aRCRD&vgnextoid=cb5b1b2bb5b61310VgnVCM2000000c205a0aRCRD;6143690;PLAZA DEL MARQUÉS DE SALAMANCA NUM 8(D), 28006 MADRID
213;MARQUÉS DE SAMARANCH;RESIDENCIAL;;233;;233;1;ABIERTO;NO;NO;2;ARGANZUELA          ;1;IMPERIAL;21;40.40784029469167; -3.7180809623916047;9233201VK3793C0001OY;http://www.madrid.es/sites/v/index.jsp?vgnextchannel=bfa48ab43d6bb410VgnVCM100000171f5a0aRCRD&vgnextoid=09a455750f2a8110VgnVCM2000000c205a0aRCRD;4831164;PASEO IMPERIAL NUM 20, 28005 MADRID
2001;MARQUÉS DE SUANCES;RESIDENCIAL;;339;;339;3;ABIERTO;NO;NO;20;SAN BLAS-CANILLEJAS ;8;EL SALVADOR;0;40.4439638447844;-3.62339733040465;7174508VK4777C0001RO;http://www.madrid.es/sites/v/index.jsp?vgnextchannel=bfa48ab43d6bb410VgnVCM100000171f5a0aRCRD&vgnextoid=60322c798651c010VgnVCM2000000c205a0aRCRD;36275;PLAZA DE ENSIDESA NUM 6 PLTA -3, 28027 MADRID
5007;MARQUÉS DE URQUIJO;ROTACIONAL;482;;;482;0;EN OBRAS;NO;NO;9;MONCLOA-ARAVACA     ;2;ARGUELLES;92;40.4299040013269;-3.71881499696004;9159201VK3795G0001WU;http://www.madrid.es/sites/v/index.jsp?vgnextchannel=bfa48ab43d6bb410VgnVCM100000171f5a0aRCRD&vgnextoid=aa667339ae51c010VgnVCM2000000c205a0aRCRD;13469;CALLE DEL MARQUÉS DE URQUIJO S/N, 28008 MADRID
408;MARQUÉS DE ZAFRA;RESIDENCIAL;;192;;192;3;ABIERTO;NO;NO;4;SALAMANCA           ;3;FUENTE DEL BERRO;43;40.4252185590821;-3.66136241027925;4054004VK4745C0001IO;http://www.madrid.es/sites/v/index.jsp?vgnextchannel=bfa48ab43d6bb410VgnVCM100000171f5a0aRCRD&vgnextoid=7acb7339ae51c010VgnVCM2000000c205a0aRCRD;13490;PASEO DEL MARQUÉS DE ZAFRA NUM 63 PLTA -3, 28028 MADRID
1414;MARROQUINA;RESIDENCIAL;;683;;683;3;ABIERTO;NO;NO;14;MORATALAZ           ;3;MARROQUINA;0;40.4088102763508;-3.64698673546286;5436201VK4753E0001WB;http://www.madrid.es/sites/v/index.jsp?vgnextchannel=bfa48ab43d6bb410VgnVCM100000171f5a0aRCRD&vgnextoid=c0fb7339ae51c010VgnVCM2000000c205a0aRCRD;13521;CALLE DEL CAMINO DE LOS VINATEROS NUM 107(B), 28030 MADRID
901;MARTÍN DE ALZAGA;RESIDENCIAL;;565;;565;2;ABIERTO;NO;NO;9;MONCLOA-ARAVACA     ;4;VALDEZARZA;0;40.4630233258538;-3.71613987805222;9493319VK3799C0001BH;http://www.madrid.es/sites/v/index.jsp?vgnextchannel=bfa48ab43d6bb410VgnVCM100000171f5a0aRCRD&vgnextoid=3a7f6545f951c010VgnVCM2000000c205a0aRCRD;24125;CALLE DEL ALCALDE MARTÍN DE ALZAGA NUM 6(P), 28039 MADRID
1205;MATILDE GAYO;RESIDENCIAL;;232;;232;3;ABIERTO;NO;NO;12;USERA               ;5;MOSCARDO;0;40.3899749531456;-3.70292626458164;0314402VK4701C0001BJ;http://www.madrid.es/sites/v/index.jsp?vgnextchannel=bfa48ab43d6bb410VgnVCM100000171f5a0aRCRD&vgnextoid=4c616545f951c010VgnVCM2000000c205a0aRCRD;24127;CALLE DE MATILDE GAYO NUM 4, 28026 MADRID
817;MELCHOR FERNÁNDEZ ALMAGRO;RESIDENCIAL;;255;;255;3;ABIERTO;NO;NO;8;FUENCARRAL-EL PARDO ;4;EL PILAR;84;40.47551560842131; -3.704101281543605;0312929VK4800G0001SK;http://www.madrid.es/sites/v/index.jsp?vgnextchannel=bfa48ab43d6bb410VgnVCM100000171f5a0aRCRD&vgnextoid=3bb9946be351c010VgnVCM2000000c205a0aRCRD;46136;CALLE DE GINZO DE LIMIA NUM 11(P), 28029 MADRID
1702;MENASALBAS;RESIDENCIAL;;220;;220;3;ABIERTO;NO;NO;17;VILLAVERDE          ;5;LOS ANGELES;0;40.3617243137127;-3.69587809977934;0983913VK4608D0001TW;http://www.madrid.es/sites/v/index.jsp?vgnextchannel=bfa48ab43d6bb410VgnVCM100000171f5a0aRCRD&vgnextoid=171c7339ae51c010VgnVCM2000000c205a0aRCRD;13531;PLAZA DEL AHORRO NUM 6 PLTA -3, 28041 MADRID
320;MENORCA;RESIDENCIAL;;862;;862;3;ABIERTO;NO;NO;3;RETIRO              ;4;IBIZA;34;40.41995872846091;-3.676118113622223;2749601VK4724H0001TY;http://www.madrid.es/sites/v/index.jsp?vgnextchannel=bfa48ab43d6bb410VgnVCM100000171f5a0aRCRD&vgnextoid=9e46bdc85c01c010VgnVCM2000000c205a0aRCRD;183550;CALLE DE NARVÁEZ S/N, 28009 MADRID
124;MERCADO DE LA CEBADA;ROTACIONAL;243;;;243;0;ABIERTO;NO;NO;1;CENTRO;1;PALACIO;11;40.410612558901796;-3.7092901429925433;9938201VK3793H0001QT;;0;PLAZA DE LA CEBADA NUM 15, 28005 MADRID
1101;MERCEDES ARTEAGA (CANTORIA);RESIDENCIAL;;217;;217;3;ABIERTO;NO;NO;11;CARABANCHEL         ;2;OPAÑEL;0;40.3931911407945;-3.72201571162959;8819109VK3781H0001XD;http://www.madrid.es/sites/v/index.jsp?vgnextchannel=bfa48ab43d6bb410VgnVCM100000171f5a0aRCRD&vgnextoid=6d3c7339ae51c010VgnVCM2000000c205a0aRCRD;13586;CALLE DE SAN PANTALEÓN NUM 2, 28019 MADRID
720;MIGUEL ÁNGEL;RESIDENCIAL;;87;;87;1;ABIERTO;NO;NO;7;CHAMBERÍ;4;ALMAGRO;74;40.436675854674;-3.69110236627779;1467701VK4716E0001AO;http://www.madrid.es/sites/v/index.jsp?vgnextchannel=bfa48ab43d6bb410VgnVCM100000171f5a0aRCRD&vgnextoid=8acdc2c6e051c010VgnVCM2000000c205a0aRCRD;81792;CALLE DE MIGUEL ÁNGEL NUM 27(A), 28010 MADRID
2005;MIGUEL YUSTE;MIXTO;168;68;;236;1;ABIERTO;NO;NO;20;SAN BLAS-CANILLEJAS ;1;SIMANCAS;0;40.43429571608524; -3.622514147448957;7263601VK4776C0001SG;http://www.madrid.es/sites/v/index.jsp?vgnextchannel=bfa48ab43d6bb410VgnVCM100000171f5a0aRCRD&vgnextoid=1c15bdc85c01c010VgnVCM2000000c205a0aRCRD;182188;CALLE DE MIGUEL YUSTE NUM 64, 28037 MADRID
1005;MIRABEL;RESIDENCIAL;;617;;617;3;ABIERTO;NO;NO;10;LATINA              ;7;LAS AGUILAS;0;40.37899232610295; -3.780680788867553;3703109VK3730D0001GO;http://www.madrid.es/sites/v/index.jsp?vgnextchannel=bfa48ab43d6bb410VgnVCM100000171f5a0aRCRD&vgnextoid=b36c7339ae51c010VgnVCM2000000c205a0aRCRD;13508;PLAZA DE CUACOS DE YUSTE NUM 1, 28044 MADRID
1509;MISTERIOS;RESIDENCIAL;;183;;183;2;ABIERTO;NO;NO;15;CIUDAD LINEAL       ;3;QUINTANA;0;40.4376599536045;-3.63915404284741;5967302VK4756H0001HY;http://www.madrid.es/sites/v/index.jsp?vgnextchannel=bfa48ab43d6bb410VgnVCM100000171f5a0aRCRD&vgnextoid=0a8c7339ae51c010VgnVCM2000000c205a0aRCRD;13587;CALLE DE LOS MISTERIOS NUM 1, 28027 MADRID
809;MONDARIZ;RESIDENCIAL;;282;;282;2;ABIERTO;NO;NO;8;FUENCARRAL-EL PARDO ;4;EL PILAR;84;40.4782411590293;-3.70601872207153;02129G5VK4801A0001MR;http://www.madrid.es/sites/v/index.jsp?vgnextchannel=bfa48ab43d6bb410VgnVCM100000171f5a0aRCRD&vgnextoid=98747339ae51c010VgnVCM2000000c205a0aRCRD;13588;PLAZA DE MONDARIZ NUM 14(P), 28029 MADRID
5009;MONTALBÁN;MIXTO;130;148;;278;2;ABIERTO;NO;NO;3;RETIRO              ;5;LOS JERONIMOS;35;40.4181859174944;-3.69095813503217;1445608VK4714E0001DZ;http://www.madrid.es/sites/v/index.jsp?vgnextchannel=bfa48ab43d6bb410VgnVCM100000171f5a0aRCRD&vgnextoid=f0967339ae51c010VgnVCM2000000c205a0aRCRD;13465;CALLE DE MONTALBÁN NUM 4 ESC S PLTA OT PRTA AN, 28014 MADRID
601;MONTEVIDEO;RESIDENCIAL;;290;;290;3;ABIERTO;NO;NO;6;TETUÁN              ;2;CUATRO CAMINOS;62;40.450927803493;-3.69592480077532;1183115VK4718C0001XW;http://www.madrid.es/sites/v/index.jsp?vgnextchannel=bfa48ab43d6bb410VgnVCM100000171f5a0aRCRD&vgnextoid=50bc7339ae51c010VgnVCM2000000c205a0aRCRD;13589;CALLE DE LA REINA MERCEDES NUM 25(P) PLTA -3, 28020 MADRID
819;MORALZARZAL;RESIDENCIAL;;224;;224;2;ABIERTO;NO;NO;8;FUENCARRAL-EL PARDO ;7;MIRASIERRA;0;40.4939979884242;-3.71243936891058;9731120VK3893B0001EW;http://www.madrid.es/sites/v/index.jsp?vgnextchannel=bfa48ab43d6bb410VgnVCM100000171f5a0aRCRD&vgnextoid=d0fdc2c6e051c010VgnVCM2000000c205a0aRCRD;81770;CALLE DE MORALZARZAL NUM 84, 28034 MADRID
1405;MORATALAZ;RESIDENCIAL;;379;;379;3;ABIERTO;NO;NO;14;MORATALAZ           ;6;VINATEROS;0;40.4094083553622;-3.6419048476584;5633408VK4753D0001LA;http://www.madrid.es/sites/v/index.jsp?vgnextchannel=bfa48ab43d6bb410VgnVCM100000171f5a0aRCRD&vgnextoid=d67115cbed51c010VgnVCM2000000c205a0aRCRD;13540;AVENIDA DE MORATALAZ NUM 194(P), 28030 MADRID
5010;MOSTENSES;ROTACIONAL;361;;;361;3;ABIERTO;NO;NO;1;CENTRO              ;5;UNIVERSIDAD;15;40.4227275539507;-3.70883461506948;9951402VK3795B0001UI;http://www.madrid.es/sites/v/index.jsp?vgnextchannel=bfa48ab43d6bb410VgnVCM100000171f5a0aRCRD&vgnextoid=fe0881eb5f51c010VgnVCM2000000c205a0aRCRD;13451;CALLE DE GARCÍA MOLINAS NUM 4, 28015 MADRID
605;MÜLLER;RESIDENCIAL;;139;;139;2;ABIERTO;NO;NO;6;TETUÁN              ;5;VALDEACEDERAS;65;40.46381021946;-3.69655685033995;0996445VK4709F0001SL;http://www.madrid.es/sites/v/index.jsp?vgnextchannel=bfa48ab43d6bb410VgnVCM100000171f5a0aRCRD&vgnextoid=a6dc7339ae51c010VgnVCM2000000c205a0aRCRD;13516;PASAJE DE LA REMONTA NUM 6(P) PLTA -2 PRTA 01, 28039 MADRID
5011;MUSEO DE LA CIUDAD;ROTACIONAL;146;;;146;0;ABIERTO;NO;NO;5;CHAMARTÍN;3;CIUDAD JARDIN;53;40.4442297702559;-3.67765536310739;2676805VK4727F0001OH;http://www.madrid.es/sites/v/index.jsp?vgnextchannel=bfa48ab43d6bb410VgnVCM100000171f5a0aRCRD&vgnextoid=bdc7bdc85c01c010VgnVCM2000000c205a0aRCRD;88141;CALLE DEL PRÍNCIPE DE VERGARA NUM 134, 28002 MADRID
406;NARVÁEZ;RESIDENCIAL;;523;;523;3;ABIERTO;NO;NO;4;SALAMANCA           ;2;GOYA;42;40.4220424811695;-3.67605484022947;2650719VK4725B0001RG;http://www.madrid.es/sites/v/index.jsp?vgnextchannel=bfa48ab43d6bb410VgnVCM100000171f5a0aRCRD&vgnextoid=fcfc7339ae51c010VgnVCM2000000c205a0aRCRD;13497;CALLE DE NARVÁEZ NUM 21(B) PLTA -4, 28009 MADRID
1020;NAVALMORAL DE LA MATA;RESIDENCIAL;;204;;204;3;ABIERTO;NO;NO;10;LATINA              ;7;LAS AGUILAS;0;40.3774442827269;-3.77736653445012;4101401VK3740A0001YO;http://www.madrid.es/sites/v/index.jsp?vgnextchannel=bfa48ab43d6bb410VgnVCM100000171f5a0aRCRD&vgnextoid=271ec2c6e051c010VgnVCM2000000c205a0aRCRD;81793;CALLE DE NAVALMORAL DE LA MATA NUM 64(A), 28044 MADRID
301;NIÑO JESÚS;RESIDENCIAL;;404;;404;4;ABIERTO;NO;NO;3;RETIRO              ;6;NIÑO JESUS;36;40.410884376002;-3.67526812561094;2737906VK4723H0001JS;http://www.madrid.es/sites/v/index.jsp?vgnextchannel=bfa48ab43d6bb410VgnVCM100000171f5a0aRCRD&vgnextoid=ee947339ae51c010VgnVCM2000000c205a0aRCRD;13590;PLAZA DEL NIÑO JESÚS NUM 4 PLTA -4, 28009 MADRID
1412;NUESTRA SEÑORA DE GRACIA;RESIDENCIAL;;580;;580;3;ABIERTO;NO;NO;14;MORATALAZ           ;5;FONTARRON;0;40.40223570989829; -3.6402079527736393;5826227VK4752F0001MS;http://www.madrid.es/sites/v/index.jsp?vgnextchannel=bfa48ab43d6bb410VgnVCM100000171f5a0aRCRD&vgnextoid=b7ff15cbed51c010VgnVCM2000000c205a0aRCRD;13519;CALLE DE LA HACIENDA DE PAVONES NUM 204(P), 28030 MADRID
5021;NUESTRA SEÑORA DEL RECUERDO;MIXTO;889;;889;889;0;ABIERTO;SÍ;SÍ;5;CHAMARTÍN;6;CASTILLA;56;40.4723212915739;-3.67894209421917;2503906VK4820D0002QM;http://www.madrid.es/sites/v/index.jsp?vgnextchannel=bfa48ab43d6bb410VgnVCM100000171f5a0aRCRD&vgnextoid=12f4322b42690410VgnVCM1000000b205a0aRCRD;7073131;CALLE DE LA HIEDRA NUM 26, 28036 MADRID
909;OFELIA NIETO;RESIDENCIAL;;163;;163;3;ABIERTO;NO;NO;9;MONCLOA-ARAVACA     ;4;VALDEZARZA;94;40.4613441119536;-3.70941469102288;9993201VK3799D0001WW;http://www.madrid.es/sites/v/index.jsp?vgnextchannel=bfa48ab43d6bb410VgnVCM100000171f5a0aRCRD&vgnextoid=432d7339ae51c010VgnVCM2000000c205a0aRCRD;13640;CALLE DE OFELIA NIETO NUM 55, 28039 MADRID
5012;OLAVIDE;MIXTO;164;211;;375;2;ABIERTO;NO;NO;7;CHAMBERÍ;3;TRAFALGAR;73;40.432878498188;-3.70103933152522;0662801VK4706B0001UQ;http://www.madrid.es/sites/v/index.jsp?vgnextchannel=bfa48ab43d6bb410VgnVCM100000171f5a0aRCRD&vgnextoid=453881eb5f51c010VgnVCM2000000c205a0aRCRD;13450;PLAZA DE OLAVIDE NUM 17 PLTA -2 PRTA 01, 28010 MADRID
1106;OPORTO;RESIDENCIAL;;456;;456;3;ABIERTO;NO;NO;11;CARABANCHEL         ;7;ABRANTES;0;40.3839265550184;-3.72644830573223;8408602VK3780G0001JP;http://www.madrid.es/sites/v/index.jsp?vgnextchannel=bfa48ab43d6bb410VgnVCM100000171f5a0aRCRD&vgnextoid=9d2f6545f951c010VgnVCM2000000c205a0aRCRD;24129;CALLE DE ARGÜESO NUM 25, 28025 MADRID
610;ORENSE;MIXTO;129;663;;792;3;ABIERTO;NO;NO;6;TETUÁN              ;2;CUATRO CAMINOS;62;40.4530722916738;-3.6941384720253;1385806VK4718E;http://www.madrid.es/sites/v/index.jsp?vgnextchannel=bfa48ab43d6bb410VgnVCM100000171f5a0aRCRD&vgnextoid=eee35ed15bb95210VgnVCM2000000c205a0aRCRD;5517342;AVENIDA DEL BRASIL NUM 2(P) PLTA -3 PRTA A, 28020 MADRID
411;ORTEGA Y GASSET I;RESIDENCIAL;;741;;741;3;ABIERTO;NO;NO;4;SALAMANCA           ;5;LISTA;45;40.4296039935558;-3.67259136281143;3058128VK4735G0001BK;http://www.madrid.es/sites/v/index.jsp?vgnextchannel=bfa48ab43d6bb410VgnVCM100000171f5a0aRCRD&vgnextoid=bef97339ae51c010VgnVCM2000000c205a0aRCRD;13543;CALLE DE JOSÉ ORTEGA Y GASSET NUM 86(P) PLTA -4, 28006 MADRID
413;ORTEGA Y GASSET II;RESIDENCIAL;;549;;549;3;ABIERTO;NO;NO;4;SALAMANCA           ;5;LISTA;45;40.4299649140342;-3.6780293892857;2658219VK4725H0001QM;http://www.madrid.es/sites/v/index.jsp?vgnextchannel=bfa48ab43d6bb410VgnVCM100000171f5a0aRCRD&vgnextoid=052a7339ae51c010VgnVCM2000000c205a0aRCRD;13544;CALLE DE JOSÉ ORTEGA Y GASSET NUM 50(B) PLTA -4, 28006 MADRID
414;ORTEGA Y GASSET III;RESIDENCIAL;;402;;402;3;ABIERTO;NO;NO;4;SALAMANCA           ;6;CASTELLANA;46;40.4302318954595;-3.68062850571466;2360710VK4726A0001TM;http://www.madrid.es/sites/v/index.jsp?vgnextchannel=bfa48ab43d6bb410VgnVCM100000171f5a0aRCRD&vgnextoid=5b4a7339ae51c010VgnVCM2000000c205a0aRCRD;13549;CALLE DE JOSÉ ORTEGA Y GASSET NUM 39(P), 28006 MADRID
415;ORTEGA Y GASSET IV;RESIDENCIAL;;369;;369;3;ABIERTO;NO;NO;4;SALAMANCA           ;6;CASTELLANA;46;40.430415377787;-3.68430325770319;1960714VK4716B0001ET;http://www.madrid.es/sites/v/index.jsp?vgnextchannel=bfa48ab43d6bb410VgnVCM100000171f5a0aRCRD&vgnextoid=a17a7339ae51c010VgnVCM2000000c205a0aRCRD;13553;CALLE DE JOSÉ ORTEGA Y GASSET NUM 19(P), 28006 MADRID
1207;ORTIZ CAMPOS;RESIDENCIAL;;151;;151;3;ABIERTO;NO;NO;12;USERA               ;7;PRADOLONGO;0;40.3852544887188;-3.70731894817544;0009544VK4700G0001OD;http://www.madrid.es/sites/v/index.jsp?vgnextchannel=bfa48ab43d6bb410VgnVCM100000171f5a0aRCRD&vgnextoid=5c54ff632081c010VgnVCM1000000b205a0aRCRD;167691;CALLE DE ORTÍZ CAMPOS NUM 12, 28026 MADRID
1006;OSA DE LA VEGA;RESIDENCIAL;;294;;294;2;ABIERTO;NO;NO;10;LATINA              ;7;LAS AGUILAS;0;40.3751060611669;-3.77380306182166;4499310VK3649G0001LR;http://www.madrid.es/sites/v/index.jsp?vgnextchannel=bfa48ab43d6bb410VgnVCM100000171f5a0aRCRD&vgnextoid=ef6d7339ae51c010VgnVCM2000000c205a0aRCRD;13510;CALLE DE OSA DE LA VEGA NUM 66(P), 28044 MADRID
1014;PABLO CASALS;RESIDENCIAL;;152;;152;3;ABIERTO;NO;NO;10;LATINA              ;2;PUERTA DEL ANGEL;0;40.41231117984961; -3.7243956795334063;8640905VK3784B0001WP;http://www.madrid.es/sites/v/index.jsp?vgnextchannel=bfa48ab43d6bb410VgnVCM100000171f5a0aRCRD&vgnextoid=369d7339ae51c010VgnVCM2000000c205a0aRCRD;13628;CALLE DE PABLO CASALS NUM 1(P) PLTA -1 PRTA 01, 28011 MADRID
705;PABLO IGLESIAS I;RESIDENCIAL;;180;;180;2;ABIERTO;NO;NO;7;CHAMBERÍ;6;VALLEHERMOSO;76;40.445348641721;-3.70640585626876;0176701VK4707E0001YX;http://www.madrid.es/sites/v/index.jsp?vgnextchannel=bfa48ab43d6bb410VgnVCM100000171f5a0aRCRD&vgnextoid=2d9115cbed51c010VgnVCM2000000c205a0aRCRD;13591;AVENIDA DE PABLO IGLESIAS NUM 16 PLTA -2, 28003 MADRID
609;PABLO IGLESIAS II;RESIDENCIAL;;504;;504;3;ABIERTO;NO;NO;6;TETUÁN              ;1;BELLAS VISTAS;61;40.4488950198199;-3.70927628438264;0079308VK4707G0001UJ;http://www.madrid.es/sites/v/index.jsp?vgnextchannel=bfa48ab43d6bb410VgnVCM100000171f5a0aRCRD&vgnextoid=73c115cbed51c010VgnVCM2000000c205a0aRCRD;13517;AVENIDA DE PABLO IGLESIAS NUM 40(B), 28039 MADRID
1704;PAN Y TOROS;RESIDENCIAL;;226;;226;3;ABIERTO;NO;NO;17;VILLAVERDE          ;5;LOS ANGELES;0;40.3604277740801;-3.69483019856893;1180824VK4618A0001BW;http://www.madrid.es/sites/v/index.jsp?vgnextchannel=bfa48ab43d6bb410VgnVCM100000171f5a0aRCRD&vgnextoid=8cbd7339ae51c010VgnVCM2000000c205a0aRCRD;13557;CALLE DE PAN Y TOROS NUM 6(B) PLTA -3 PRTA 01, 28041 MADRID
515;PANAMÁ;RESIDENCIAL;;435;;435;4;ABIERTO;NO;NO;5;CHAMARTÍN;4;HISPANOAMERICA;54;40.45684474123101; -3.688183135413921;1888101VK4718H0001UQ;http://www.madrid.es/sites/v/index.jsp?vgnextchannel=bfa48ab43d6bb410VgnVCM100000171f5a0aRCRD&vgnextoid=7d3ec2c6e051c010VgnVCM2000000c205a0aRCRD;81799;CALLE DE PANAMÁ S/N, 28036 MADRID
1612;PARQUE DE SANTA MARíA;RESIDENCIAL;;459;;459;2;ABIERTO;NO;NO;16;HORTALEZA           ;4;PINAR DEL REY;0;40.47724557129;-3.64067269346952;5512046VK4851C0001OL;http://www.madrid.es/sites/v/index.jsp?vgnextchannel=bfa48ab43d6bb410VgnVCM100000171f5a0aRCRD&vgnextoid=2e2a946be351c010VgnVCM2000000c205a0aRCRD;63333;CALLE DE SANTA VIRGILIA NUM 22, 28033 MADRID
1103;PEDRO YAGÜE;RESIDENCIAL;;198;;198;2;ABIERTO;NO;NO;11;CARABANCHEL         ;1;COMILLAS;0;40.392283380781684; -3.7076871303242624;0017901VK4701G0001QU;http://www.madrid.es/sites/v/index.jsp?vgnextchannel=bfa48ab43d6bb410VgnVCM100000171f5a0aRCRD&vgnextoid=d2ed7339ae51c010VgnVCM2000000c205a0aRCRD;13592;CALLE DE PEDRO YAGÜE NUM 11, 28019 MADRID
101;PEDRO ZEROLO;MIXTO;110;261;;371;2;ABIERTO;NO;NO;1;CENTRO              ;4;JUSTICIA;14;40.4208058791525;-3.69930167470253;0749701VK4704H0001YZ;http://www.madrid.es/sites/v/index.jsp?vgnextchannel=bfa48ab43d6bb410VgnVCM100000171f5a0aRCRD&vgnextoid=e499946be351c010VgnVCM2000000c205a0aRCRD;52114;PLAZA DE PEDRO ZEROLO NUM 1(D), 28004 MADRID
201;PEÑUELAS;RESIDENCIAL;;239;;239;2;ABIERTO;NO;NO;2;ARGANZUELA          ;2;ACACIAS;22;40.4023740747468;-3.70557685986881;0128702VK4702G0001AQ;http://www.madrid.es/sites/v/index.jsp?vgnextchannel=bfa48ab43d6bb410VgnVCM100000171f5a0aRCRD&vgnextoid=92916545f951c010VgnVCM2000000c205a0aRCRD;24131;PASEO DE LA ESPERANZA NUM 8(P), 28005 MADRID
702;PÉREZ PILLADO;RESIDENCIAL;;531;;531;2;ABIERTO;NO;NO;7;CHAMBERÍ;6;VALLEHERMOSO;76;40.4399354220316;-3.70691964167697;0171806VK4707A0001UO;http://www.madrid.es/sites/v/index.jsp?vgnextchannel=bfa48ab43d6bb410VgnVCM100000171f5a0aRCRD&vgnextoid=1ba57339ae51c010VgnVCM2000000c205a0aRCRD;13617;PLAZA DEL TENIENTE DE ALCALDE PÉREZ PILLADO NUM 1(B), 28003 MADRID
303;PEZ VOLADOR;RESIDENCIAL;;657;;657;3;ABIERTO;NO;NO;3;RETIRO              ;3;ESTRELLA;33;40.4143027370628;-3.66555883072949;3943908VK4734D0001QB;http://www.madrid.es/sites/v/index.jsp?vgnextchannel=bfa48ab43d6bb410VgnVCM100000171f5a0aRCRD&vgnextoid=290e7339ae51c010VgnVCM2000000c205a0aRCRD;13545;CALLE DEL PEZ VOLADOR NUM 21, 28007 MADRID
1403;PICO DE LOS ARTILLEROS;RESIDENCIAL;;195;;195;2;ABIERTO;NO;NO;14;MORATALAZ           ;3;MARROQUINA;0;40.4071755730296;-3.63952942755862;5834705VK4753D0001HA;http://www.madrid.es/sites/v/index.jsp?vgnextchannel=bfa48ab43d6bb410VgnVCM100000171f5a0aRCRD&vgnextoid=7f2e7339ae51c010VgnVCM2000000c205a0aRCRD;13542;PASEO DEL ARTILLEROS NUM 44, 28030 MADRID
426;PILAR DE ZARAGOZA;RESIDENCIAL;;180;;180;4;ABIERTO;NO;NO;4;SALAMANCA           ;4;GUINDALERA;44;40.435724728216;-3.67111448995106;3265203VK4736E0001KJ;http://www.madrid.es/sites/v/index.jsp?vgnextchannel=bfa48ab43d6bb410VgnVCM100000171f5a0aRCRD&vgnextoid=1a8ec2c6e051c010VgnVCM2000000c205a0aRCRD;81802;CALLE DE PILAR DE ZARAGOZA NUM 54, 28028 MADRID
304;PÍO BAROJA I;RESIDENCIAL;;495;;495;3;ABIERTO;NO;NO;3;RETIRO              ;6;NIÑO JESUS;36;40.4134277776768;-3.67441505081472;2841311VK4724B0001IZ;http://www.madrid.es/sites/v/index.jsp?vgnextchannel=bfa48ab43d6bb410VgnVCM100000171f5a0aRCRD&vgnextoid=c55e7339ae51c010VgnVCM2000000c205a0aRCRD;13593;CALLE DE PIO BAROJA S/N, 28009 MADRID
1415;PÍO BAROJA II;RESIDENCIAL;;268;;268;3;ABIERTO;NO;NO;14;MORATALAZ           ;6;VINATEROS;0;40.403298468742435; -3.638310907554055;5929354VK4752H0001SU;http://www.madrid.es/sites/v/index.jsp?vgnextchannel=bfa48ab43d6bb410VgnVCM100000171f5a0aRCRD&vgnextoid=0e1015cbed51c010VgnVCM2000000c205a0aRCRD;13594;CALLE DE LUIS DE HOYOS SAINZ NUM 80(P), 28030 MADRID
828;PITIS;DISUASORIO;;;486;486;1;ABIERTO;NO;SÍ;8;FUENCARRAL-EL PARDO;2;FUENTELARREINA;0;40.4941929509737;-3.72723600089653;8328601VK3882G8631901VK3883B;http://www.madrid.es/sites/v/index.jsp?vgnextchannel=bfa48ab43d6bb410VgnVCM100000171f5a0aRCRD&vgnextoid=1642e9887f9f9710VgnVCM2000001f4a900aRCRD;11413620;CALLE DE GLORIA FUERTES NUM 191, 28049 MADRID
1512;PLATÓN;RESIDENCIAL;;218;;218;3;ABIERTO;NO;NO;15;CIUDAD LINEAL       ;5;SAN PASCUAL;0;40.4424002090821;-3.65223700476275;4772520VK4747D0001UY;http://www.madrid.es/sites/v/index.jsp?vgnextchannel=bfa48ab43d6bb410VgnVCM100000171f5a0aRCRD&vgnextoid=35c47339ae51c010VgnVCM2000000c205a0aRCRD;13595;PLAZA DE PLATÓN NUM 3, 28027 MADRID
5001;PLAZA DE COLÓN;ROTACIONAL;611;;;611;1;EN OBRAS;NO;NO;4;SALAMANCA;1;RECOLETOS;41;40.4254346221439;-3.6884680270103;1653902VK4715D0001EY;http://www.madrid.es/sites/v/index.jsp?vgnextchannel=bfa48ab43d6bb410VgnVCM100000171f5a0aRCRD&vgnextoid=a5777339ae51c010VgnVCM2000000c205a0aRCRD;13454;CALLE DE GOYA NUM 2, 28001 MADRID
5004;PLAZA DE ESPAÑA;MIXTO;542;258;;800;3;ABIERTO;NO;NO;1;CENTRO;1;PALACIO;0;40.4237811996075;-3.71152321262521;9651401VK3795B0001XI;http://www.madrid.es/sites/v/index.jsp?vgnextchannel=bfa48ab43d6bb410VgnVCM100000171f5a0aRCRD&vgnextoid=fb977339ae51c010VgnVCM2000000c205a0aRCRD;13463;PLAZA DE ESPAÑA NUM 1(D), 28008 MADRID
5002;PLAZA DE LAS CORTES;MIXTO;306;123;;450;0;ABIERTO;NO;NO;1;CENTRO              ;3;CORTES;13;40.41567209145918; -3.695312097854121;1043601VK4714C0001KE;http://www.madrid.es/sites/v/index.jsp?vgnextchannel=bfa48ab43d6bb410VgnVCM100000171f5a0aRCRD&vgnextoid=42c77339ae51c010VgnVCM2000000c205a0aRCRD;13467;PLAZA DE LAS CORTES NUM 13, 28014 MADRID
107;PLAZA DE ORIENTE;MIXTO;242;511;;753;2;ABIERTO;NO;NO;1;CENTRO              ;1;PALACIO;11;40.41840695632423; -3.7119903936183274;9745401VK3794F0002MT;http://www.madrid.es/sites/v/index.jsp?vgnextchannel=bfa48ab43d6bb410VgnVCM100000171f5a0aRCRD&vgnextoid=7db12c798651c010VgnVCM2000000c205a0aRCRD;33440;PLAZA DE ORIENTE NUM 9 ESC T PLTA -2, 28013 MADRID
5018;PLAZA DE SANTA ANA;MIXTO;173;110;;283;0;ABIERTO;NO;NO;1;CENTRO              ;3;CORTES;13;40.4145312089554;-3.70056009896723;0642901VK4704B0001PD;http://www.madrid.es/sites/v/index.jsp?vgnextchannel=bfa48ab43d6bb410VgnVCM100000171f5a0aRCRD&vgnextoid=9b5881eb5f51c010VgnVCM2000000c205a0aRCRD;13456;PLAZA DE SANTA ANA S/N, 28012 MADRID
105;PLAZA DE SANTO DOMINGO;MIXTO;223;87;;320;0;ABIERTO;NO;NO;1;CENTRO;1;PALACIO;11;40.42013315230386; -3.7082597874437004;9948701VK3794H0001PX;https://www.madrid.es/portales/munimadrid/es/Inicio/Movilidad-y-transportes/Direcciones-y-telefonos/Aparcamiento-mixto-Plaza-de-Santo-Domingo/?vgnextfmt=default&vgnextoid=58ec252aa267d710VgnVCM1000001d4a900aRCRD&vgnextchannel=262f8fb9458fe410VgnVCM1000000b205a0aRCRD;11544439;PLAZA DE SANTO DOMINGO S/N, 28013 MADRID
113;PLAZA DEL CARMEN;ROTACIONAL;450;;;450;1;ABIERTO;NO;NO;1;CENTRO              ;6;SOL;163;40.4187452086303;-3.70351268126828;0446401VK4704E0001EJ;http://www.madrid.es/sites/v/index.jsp?vgnextchannel=bfa48ab43d6bb410VgnVCM100000171f5a0aRCRD&vgnextoid=8ec881eb5f51c010VgnVCM2000000c205a0aRCRD;13472;PLAZA DEL CARMEN NUM 10 PLTA -2, 28013 MADRID
5014;PLAZA DEL REY;ROTACIONAL;170;;;170;0;ABIERTO;NO;NO;1;CENTRO              ;4;JUSTICIA;14;40.4202104053746;-3.69580666702734;1048901VK4714G0001OH;http://www.madrid.es/sites/v/index.jsp?vgnextchannel=bfa48ab43d6bb410VgnVCM100000171f5a0aRCRD&vgnextoid=d4f881eb5f51c010VgnVCM2000000c205a0aRCRD;13474;PLAZA DEL REY NUM 1(D), 28004 MADRID
5008;PLAZA MAYOR;MIXTO;691;691;;1382;3;ABIERTO;NO;NO;1;CENTRO              ;6;SOL;161;40.4158677606471;-3.70689561392158;0143101VK4704C0002QM;http://www.madrid.es/sites/v/index.jsp?vgnextchannel=bfa48ab43d6bb410VgnVCM100000171f5a0aRCRD&vgnextoid=2b1981eb5f51c010VgnVCM2000000c205a0aRCRD;13466;PLAZA   MAYOR NUM 1(D) PLTA -1 PRTA 01, 28012 MADRID
619;POETA LEOPOLDO DE LUIS;RESIDENCIAL;;314;;314;3;ABIERTO;NO;NO;6;TETUÁN              ;1;BELLAS VISTAS;61;40.45325490763682; -3.7041514805872615;0385729VK4708E0001AH;http://www.madrid.es/sites/v/index.jsp?vgnextchannel=bfa48ab43d6bb410VgnVCM100000171f5a0aRCRD&vgnextoid=a94e8235c3580210VgnVCM1000000b205a0aRCRD;5298038;CALLE DE CASTILLA NUM 14(P), 28039 MADRID
503;PRADILLO I;RESIDENCIAL;;143;;143;2;ABIERTO;NO;NO;5;CHAMARTÍN;3;CIUDAD JARDIN;53;40.4484340334876;-3.67551341725092;2778501VK4727H0001OA;http://www.madrid.es/sites/v/index.jsp?vgnextchannel=bfa48ab43d6bb410VgnVCM100000171f5a0aRCRD&vgnextoid=1c7e7339ae51c010VgnVCM2000000c205a0aRCRD;13488;CALLE DE MANTUANO NUM 60, 28002 MADRID
525;PRADILLO II;RESIDENCIAL;;64;;64;1;ABIERTO;NO;NO;5;CHAMARTÍN;3;CIUDAD JARDIN;53;40.44916077138956; -3.6711129463989627;3081123VK4738A0003QJ;http://www.madrid.es/sites/v/index.jsp?vgnextchannel=bfa48ab43d6bb410VgnVCM100000171f5a0aRCRD&vgnextoid=e84b78a52ffd4410VgnVCM1000000b205a0aRCRD;7401268;CALLE DE PRADILLO NUM 31 PLTA 0 PRTA 01, 28002 MADRID
618;PRESIDENTE CARMONA;MIXTO;127;379;;506;3;ABIERTO;NO;NO;6;TETUÁN              ;2;CUATRO CAMINOS;62;40.45251614668263; -3.6956837947248724;0982701VK4708B0001ES;http://www.madrid.es/sites/v/index.jsp?vgnextchannel=bfa48ab43d6bb410VgnVCM100000171f5a0aRCRD&vgnextoid=8a412c798651c010VgnVCM2000000c205a0aRCRD;36271;AVENIDA DEL GENERAL PERÓN NUM 21(P), 28020 MADRID
5015;PRíNCIPE DE VERGARA (AUDITORIO);ROTACIONAL;376;;;376;0;ABIERTO;NO;NO;5;CHAMARTÍN;3;CIUDAD JARDIN;53;40.44429510303696;-3.6776974842015506;2676801VK4727F0001LH;http://www.madrid.es/sites/v/index.jsp?vgnextchannel=bfa48ab43d6bb410VgnVCM100000171f5a0aRCRD&vgnextoid=ed88f25e040c4410VgnVCM2000000c205a0aRCRD;7393089;CALLE DE CARTAGENA NUM 178 PLTA 0 PRTA 01, 28002 MADRID
5016;PUERTA DE TOLEDO;ROTACIONAL;243;;;243;0;ABIERTO;NO;NO;1;CENTRO              ;2;EMBAJADORES;12;40.407386591674;-3.71001515747525;9833602VK3793D0001OG;http://www.madrid.es/sites/v/index.jsp?vgnextchannel=bfa48ab43d6bb410VgnVCM100000171f5a0aRCRD&vgnextoid=5f477339ae51c010VgnVCM2000000c205a0aRCRD;13478;GLORIETA DE LA PUERTA DE TOLEDO S/N, 28005 MADRID
1301;PUERTO DEL MONASTERIO;RESIDENCIAL;;244;;244;2;ABIERTO;NO;NO;13;PUENTE DE VALLECAS  ;2;SAN DIEGO;0;40.394466830465;-3.66386420792577;3719508VK4731H0001KT;http://www.madrid.es/sites/v/index.jsp?vgnextchannel=bfa48ab43d6bb410VgnVCM100000171f5a0aRCRD&vgnextoid=62ae7339ae51c010VgnVCM2000000c205a0aRCRD;13596;CALLE DEL PUERTO DEL MONASTERIO NUM 17 PLTA -2, 28053 MADRID
1007;RAFAEL FINAT;RESIDENCIAL;;311;;311;3;ABIERTO;NO;NO;10;LATINA              ;7;LAS AGUILAS;0;40.37919695063071; -3.770494446474416;4503707VK3740D0001RD;http://www.madrid.es/sites/v/index.jsp?vgnextchannel=bfa48ab43d6bb410VgnVCM100000171f5a0aRCRD&vgnextoid=b8ce7339ae51c010VgnVCM2000000c205a0aRCRD;13509;CALLE DE RAFAEL FINAT NUM 44, 28044 MADRID
505;RAFAEL SALGADO;RESIDENCIAL;;372;;372;3;ABIERTO;NO;NO;5;CHAMARTÍN;4;HISPANOAMERICA;54;40.454300823675;-3.68784469841434;1786517VK4718F0001MY;http://www.madrid.es/sites/v/index.jsp?vgnextchannel=bfa48ab43d6bb410VgnVCM100000171f5a0aRCRD&vgnextoid=0fee7339ae51c010VgnVCM2000000c205a0aRCRD;13506;CALLE DE RAFAEL SALGADO NUM 13(P), 28036 MADRID
1204;RAFAELA YBARRA;RESIDENCIAL;;257;;257;2;ABIERTO;NO;NO;12;USERA               ;7;PRADOLONGO;0;40.3805393289858;-3.71120392518426;0198701VK4609G0001JM;http://www.madrid.es/sites/v/index.jsp?vgnextchannel=bfa48ab43d6bb410VgnVCM100000171f5a0aRCRD&vgnextoid=e35f6545f951c010VgnVCM2000000c205a0aRCRD;24132;AVENIDA DE RAFAELA YBARRA NUM 61(P), 28026 MADRID
119;RAMALES;RESIDENCIAL;;455;;455;4;ABIERTO;NO;NO;1;CENTRO              ;1;PALACIO;11;40.4172109195211;-3.71296223991581;9645801VK3794F0001MR;http://www.madrid.es/sites/v/index.jsp?vgnextchannel=bfa48ab43d6bb410VgnVCM100000171f5a0aRCRD&vgnextoid=ca57bdc85c01c010VgnVCM2000000c205a0aRCRD;183557;CALLE DE REQUENA NUM 7, 28013 MADRID
811;RAMÓN GÓMEZ DE LA SERNA;RESIDENCIAL;;597;;597;3;ABIERTO;NO;NO;8;FUENCARRAL-EL PARDO ;3;PEÑA GRANDE;0;40.4834555793757;-3.72441525544936;8618968VK3881H0001BK;http://www.madrid.es/sites/v/index.jsp?vgnextchannel=bfa48ab43d6bb410VgnVCM100000171f5a0aRCRD&vgnextoid=551f7339ae51c010VgnVCM2000000c205a0aRCRD;13597;CALLE DE RAMÓN GÓMEZ DE LA SERNA NUM 143 P, 28035 MADRID
509;RAMOS CARRIÓN;RESIDENCIAL;;579;;579;3;ABIERTO;NO;NO;5;CHAMARTÍN;2;PROSPERIDAD;52;40.44610227199064; -3.6682823210085007;3476301VK4737E0001TA;http://www.madrid.es/sites/v/index.jsp?vgnextchannel=bfa48ab43d6bb410VgnVCM100000171f5a0aRCRD&vgnextoid=ab3f7339ae51c010VgnVCM2000000c205a0aRCRD;13599;CALLE DE CLARA DEL REY NUM 61(P) PLTA -4, 28002 MADRID
421;RECOLETOS;MIXTO;290;102;;392;4;ABIERTO;NO;NO;4;SALAMANCA           ;1;RECOLETOS;41;40.421397488495096; -3.691841269615146;1348601VK4714G0001LH;http://www.madrid.es/sites/v/index.jsp?vgnextchannel=bfa48ab43d6bb410VgnVCM100000171f5a0aRCRD&vgnextoid=283f15cbed51c010VgnVCM2000000c205a0aRCRD;13476;PASEO DE RECOLETOS NUM 8(B) PLTA -3, 28001 MADRID
812;REDONDELA;RESIDENCIAL;;661;;661;3;ABIERTO;NO;NO;8;FUENCARRAL-EL PARDO ;4;EL PILAR;84;40.477788844923;-3.70893467217271;02129G7VK4801A0001KR;http://www.madrid.es/sites/v/index.jsp?vgnextchannel=bfa48ab43d6bb410VgnVCM100000171f5a0aRCRD&vgnextoid=8be47339ae51c010VgnVCM2000000c205a0aRCRD;13598;PLAZA DE VERÍN NUM 3(P), 28029 MADRID
718;REINA VICTORIA;RESIDENCIAL;;383;;383;4;ABIERTO;NO;NO;9;MONCLOA-ARAVACA     ;3;CIUDAD UNIVERSITARIA;93;40.446975215559675; -3.7099147475442695;9877301VK3797H0001PR;http://www.madrid.es/sites/v/index.jsp?vgnextchannel=bfa48ab43d6bb410VgnVCM100000171f5a0aRCRD&vgnextoid=a4ecc2c6e051c010VgnVCM2000000c205a0aRCRD;81827;AVENIDA DE LA REINA VICTORIA NUM 37(A), 28003 MADRID
512;REPÚBLICA DOMINICANA;MIXTO;209;892;;1101;3;ABIERTO;NO;NO;5;CHAMARTÍN;5;NUEVA ESPAÑA;55;40.4588693818589;-3.67651579058803;2790301VK4729B0001IF;http://www.madrid.es/sites/v/index.jsp?vgnextchannel=bfa48ab43d6bb410VgnVCM100000171f5a0aRCRD&vgnextoid=aabe6545f951c010VgnVCM2000000c205a0aRCRD;24193;PLAZA DE LA REPÚBLICA DOMINICANA NUM 6 PLTA 1, 28016 MADRID
311;REYES MAGOS;MIXTO;335;359;;694;4;ABIERTO;NO;NO;3;RETIRO              ;6;NIÑO JESUS;36;40.408797321706984; -3.6763215894089827;2735102VK4723F0001IJ;http://www.madrid.es/sites/v/index.jsp?vgnextchannel=bfa48ab43d6bb410VgnVCM100000171f5a0aRCRD&vgnextoid=0dfec2c6e051c010VgnVCM2000000c205a0aRCRD;81828;PLAZA DE LOS REYES MAGOS S/N, 28007 MADRID
801;RIBADAVIA;RESIDENCIAL;;448;;448;3;ABIERTO;NO;NO;8;FUENCARRAL-EL PARDO ;4;EL PILAR;84;40.4728139407793;-3.705237598863;0412930VK4800E0001OM;http://www.madrid.es/sites/v/index.jsp?vgnextchannel=bfa48ab43d6bb410VgnVCM100000171f5a0aRCRD&vgnextoid=f16f7339ae51c010VgnVCM2000000c205a0aRCRD;13618;CALLE DE RIBADAVIA NUM 45, 28029 MADRID
803;RIBADEO;RESIDENCIAL;;221;;221;2;ABIERTO;NO;NO;8;FUENCARRAL-EL PARDO ;4;EL PILAR;84;40.477275803392914; -3.710124254012666;02129D1VK4801A0001TR;http://www.madrid.es/sites/v/index.jsp?vgnextchannel=bfa48ab43d6bb410VgnVCM100000171f5a0aRCRD&vgnextoid=d1157339ae51c010VgnVCM2000000c205a0aRCRD;13491;PLAZA DE RIBADEO NUM 1(P), 28029 MADRID
717;RÍOS ROSAS;RESIDENCIAL;;256;;256;2;ABIERTO;NO;NO;7;CHAMBERÍ;5;RIOS ROSAS;75;40.4419186898844;-3.70199797143224;0572901VK4707D0001ID;http://www.madrid.es/sites/v/index.jsp?vgnextchannel=bfa48ab43d6bb410VgnVCM100000171f5a0aRCRD&vgnextoid=60bec2c6e051c010VgnVCM2000000c205a0aRCRD;81829;CALLE DE RÍOS ROSAS NUM 14(A), 28003 MADRID
902;ROSALES I;RESIDENCIAL;;315;;315;2;ABIERTO;NO;NO;9;MONCLOA-ARAVACA     ;2;ARGUELLES;92;40.42849414397224; -3.721452095219881;8957901VK3785F0001SJ;http://www.madrid.es/sites/v/index.jsp?vgnextchannel=bfa48ab43d6bb410VgnVCM100000171f5a0aRCRD&vgnextoid=79f27339ae51c010VgnVCM2000000c205a0aRCRD;13619;PASEO DEL PINTOR ROSALES NUM 40(B), 28008 MADRID
905;ROSALES II;RESIDENCIAL;;696;;696;3;ABIERTO;NO;NO;9;MONCLOA-ARAVACA     ;1;CASA DE CAMPO;91;40.430198647546;-3.72312731774697;8759401VK3785H0001KS;http://www.madrid.es/sites/v/index.jsp?vgnextchannel=bfa48ab43d6bb410VgnVCM100000171f5a0aRCRD&vgnextoid=cf137339ae51c010VgnVCM2000000c205a0aRCRD;13620;PASEO DEL PINTOR ROSALES NUM 56(P), 28008 MADRID
907;ROSALES III;RESIDENCIAL;;733;;733;4;ABIERTO;NO;NO;9;MONCLOA-ARAVACA     ;1;CASA DE CAMPO;91;40.42501546634872; -3.7166405848374517;9254801VK3795C0001HJ;http://www.madrid.es/sites/v/index.jsp?vgnextchannel=bfa48ab43d6bb410VgnVCM100000171f5a0aRCRD&vgnextoid=16437339ae51c010VgnVCM2000000c205a0aRCRD;13637;PASEO DEL PINTOR ROSALES NUM 1(P), 28008 MADRID
205;RUTILIO GACÍS;RESIDENCIAL;;605;;605;3;ABIERTO;NO;NO;2;ARGANZUELA          ;3;CHOPERA;23;40.394024751267;-3.6955579385658;0920829VK4702B;http://www.madrid.es/sites/v/index.jsp?vgnextchannel=bfa48ab43d6bb410VgnVCM100000171f5a0aRCRD&vgnextoid=488f7339ae51c010VgnVCM2000000c205a0aRCRD;13484;PLAZA DE RUTILIO GACI NUM 1(P) PLTA -1, 28045 MADRID
312;SAINZ DE BARANDA;RESIDENCIAL;;565;;565;3;ABIERTO;NO;NO;3;RETIRO              ;3;ESTRELLA;33;40.4169949224885;-3.66844857705472;3445308VK4734E0001RY;http://www.madrid.es/sites/v/index.jsp?vgnextchannel=bfa48ab43d6bb410VgnVCM100000171f5a0aRCRD&vgnextoid=80af6545f951c010VgnVCM2000000c205a0aRCRD;24136;CALLE DEL ALCALDE SAINZ DE BARANDA NUM 81(P), 28007 MADRID
603;SAN AMARO;RESIDENCIAL;;220;;220;2;ABIERTO;NO;NO;6;TETUÁN              ;2;CUATRO CAMINOS;62;40.4535000774919;-3.69699044337177;1085601VK4718E0001UB;http://www.madrid.es/sites/v/index.jsp?vgnextchannel=bfa48ab43d6bb410VgnVCM100000171f5a0aRCRD&vgnextoid=28357339ae51c010VgnVCM2000000c205a0aRCRD;13600;AVENIDA DEL PRESIDENTE CARMONA NUM 4(P), 28020 MADRID
908;SAN ANTONIO DE LA FLORIDA;RESIDENCIAL;;183;;183;3;ABIERTO;NO;NO;9;MONCLOA-ARAVACA     ;1;CASA DE CAMPO;91;40.4253575115937;-3.72649206888015;8355422VK3785E0001RI;http://www.madrid.es/sites/v/index.jsp?vgnextchannel=bfa48ab43d6bb410VgnVCM100000171f5a0aRCRD&vgnextoid=86827339ae51c010VgnVCM2000000c205a0aRCRD;13638;GLORIETA DE SAN ANTONIO DE LA FLORIDA NUM 3(P) B, 28008 MADRID
1701;SAN AURELIANO;RESIDENCIAL;;194;;194;2;ABIERTO;NO;NO;17;VILLAVERDE          ;1;VILLAVERDE ALTO C.H.;0;40.3424412349648;-3.71675119626757;9262701VK3696A0001FA;http://www.madrid.es/sites/v/index.jsp?vgnextchannel=bfa48ab43d6bb410VgnVCM100000171f5a0aRCRD&vgnextoid=9eaf7339ae51c010VgnVCM2000000c205a0aRCRD;13601;CALLE DE SAN AURELIANO NUM 9 PLTA -1 PRTA 01, 28021 MADRID
427;SAN CAYETANO;MIXTO;222;261;;483;4;ABIERTO;NO;NO;4;SALAMANCA           ;4;GUINDALERA;44;40.4344244682971;-3.67012877493573;3263201VK4736C0001DX;http://www.madrid.es/sites/v/index.jsp?vgnextchannel=bfa48ab43d6bb410VgnVCM100000171f5a0aRCRD&vgnextoid=a284ff632081c010VgnVCM1000000b205a0aRCRD;167692;PLAZA DE SAN CAYETANO NUM 1, 28028 MADRID
1906;SAN CIPRIANO;RESIDENCIAL;;149;;149;3;ABIERTO;NO;NO;19;VICÁLVARO           ;1;CASCO H.VICALVARO;0;40.4039447408273;-3.6018363181584;8929901VK4782H0001OL;http://www.madrid.es/sites/v/index.jsp?vgnextchannel=bfa48ab43d6bb410VgnVCM100000171f5a0aRCRD&vgnextoid=e476bdc85c01c010VgnVCM2000000c205a0aRCRD;81830;CALLE DE SAN CIPRIANO NUM 66(B), 28032 MADRID
5017;SAN EPIFANIO;MIXTO;396;105;;501;2;ABIERTO;NO;NO;2;ARGANZUELA          ;1;IMPERIAL;21;40.4005782139287;-3.71933799002069;9127802VK3792E0001SU;;;CALLE DE SAN EPIFANIO NUM 9, 28005 MADRID
701;SAN FRANCISCO DE SALES I;RESIDENCIAL;;284;;284;3;ABIERTO;NO;NO;7;CHAMBERÍ;6;VALLEHERMOSO;76;40.44134611193622; -3.7139524382519977;9571401VK3797B0001IL;http://www.madrid.es/sites/v/index.jsp?vgnextchannel=bfa48ab43d6bb410VgnVCM100000171f5a0aRCRD&vgnextoid=6c637339ae51c010VgnVCM2000000c205a0aRCRD;13602;PASEO DE SAN FRANCISCO DE SALES NUM 30(P), 28003 MADRID
726;SAN FRANCISCO DE SALES II;RESIDENCIAL;;447;;447;3;ABIERTO;NO;NO;7;CHAMBERÍ;6;VALLEHERMOSO;76;40.4408936787857;-3.71495013522023;9571301VK3797B0001RL;http://www.madrid.es/sites/v/index.jsp?vgnextchannel=bfa48ab43d6bb410VgnVCM100000171f5a0aRCRD&vgnextoid=7437bdc85c01c010VgnVCM2000000c205a0aRCRD;81831;PASEO DE SAN FRANCISCO DE SALES NUM 28(A), 28003 MADRID
608;SAN GERMÁN;RESIDENCIAL;;243;;243;2;ABIERTO;NO;NO;6;TETUÁN              ;3;CASTILLEJOS;63;40.4576703124766;-3.69773067712296;0989602VK4708H0001BB;http://www.madrid.es/sites/v/index.jsp?vgnextchannel=bfa48ab43d6bb410VgnVCM100000171f5a0aRCRD&vgnextoid=7e557339ae51c010VgnVCM2000000c205a0aRCRD;13603;CALLE DE LA LAZAGA NUM 10 PLTA -2 PRTA 01, 28020 MADRID
613;SAN GERMÁN II;MIXTO;419;713;;1132;3;ABIERTO;NO;NO;6;TETUÁN              ;3;CASTILLEJOS;63;40.4564090502234;-3.69333344796644;1390114VK4719A0002KW;http://www.madrid.es/sites/v/index.jsp?vgnextchannel=bfa48ab43d6bb410VgnVCM100000171f5a0aRCRD&vgnextoid=ee9e15cbed51c010VgnVCM2000000c205a0aRCRD;13515;CALLE DE ORENSE NUM 48(A) PLTA -3 PRTA 01, 28020 MADRID
703;SAN JUAN DE LA CRUZ;RESIDENCIAL;;249;;249;3;ABIERTO;NO;NO;7;CHAMBERÍ;5;RIOS ROSAS;75;40.4411960257283;-3.69416369753864;1271710VK4717A0001JD;http://www.madrid.es/sites/v/index.jsp?vgnextchannel=bfa48ab43d6bb410VgnVCM100000171f5a0aRCRD&vgnextoid=c4857339ae51c010VgnVCM2000000c205a0aRCRD;13621;PLAZA DE SAN JUAN DE LA CRUZ NUM 3(B), 28003 MADRID
518;SAN JUAN DE LA SALLE;RESIDENCIAL;;254;;254;4;ABIERTO;NO;NO;5;CHAMARTÍN;1;EL VISO;51;40.4508410811898;-3.68928953839738;1683901VK4718D0001UA;http://www.madrid.es/sites/v/index.jsp?vgnextchannel=bfa48ab43d6bb410VgnVCM100000171f5a0aRCRD&vgnextoid=3b96bdc85c01c010VgnVCM2000000c205a0aRCRD;81833;CALLE DE SAN JUAN DE LA SALLE NUM 5, 28036 MADRID
1506;SAN LAMBERTO;RESIDENCIAL;;225;;225;3;ABIERTO;NO;NO;15;CIUDAD LINEAL       ;1;VENTAS;0;40.4222384804952;-3.65059543081358;4848601VK4744H0001KF;http://www.madrid.es/sites/v/index.jsp?vgnextchannel=bfa48ab43d6bb410VgnVCM100000171f5a0aRCRD&vgnextoid=e4df7339ae51c010VgnVCM2000000c205a0aRCRD;13604;CALLE DE SANTA GENOVEVA NUM 9(B), 28017 MADRID
104;SÁNCHEZ BUSTILLO;MIXTO;131;408;;539;3;ABIERTO;NO;NO;1;CENTRO              ;2;EMBAJADORES;12;40.40885884341386; -3.693821482712085;1236712VK4713E0002DT;http://www.madrid.es/sites/v/index.jsp?vgnextchannel=bfa48ab43d6bb410VgnVCM100000171f5a0aRCRD&vgnextoid=27912c798651c010VgnVCM2000000c205a0aRCRD;19053;CALLE DE SÁNCHEZ BUSTILLO NUM A PLTA -1, 28012 MADRID
1411;SANCHO DE CÓRDOBA;RESIDENCIAL;;472;;472;3;ABIERTO;NO;NO;14;MORATALAZ           ;4;MEDIA LEGUA;0;40.407580520608;-3.65306631591667;45339E6VK4743D0001OU;http://www.madrid.es/sites/v/index.jsp?vgnextchannel=bfa48ab43d6bb410VgnVCM100000171f5a0aRCRD&vgnextoid=42547339ae51c010VgnVCM2000000c205a0aRCRD;13622;PLAZA DEL CORREGIDOR SANCHO DE CÓRDOBA NUM 3(D), 28030 MADRID
112;SANTA CRUZ;RESIDENCIAL;;152;;152;4;ABIERTO;NO;NO;1;CENTRO              ;6;SOL;161;40.41465988668191; -3.7049974834741546;0242901VK4704C0001LX;http://www.madrid.es/sites/v/index.jsp?vgnextchannel=bfa48ab43d6bb410VgnVCM100000171f5a0aRCRD&vgnextoid=1187bdc85c01c010VgnVCM2000000c205a0aRCRD;81836;CALLE DE SANTA CRUZ NUM 1, 28012 MADRID
1802;SANTA EUGENIA;RESIDENCIAL;;530;;530;4;ABIERTO;NO;NO;18;VILLA DE VALLECAS   ;2;SANTA EUGENIA;0;40.38124145166325; -3.60847198202131;8506909VK4780F0001TD;http://www.madrid.es/sites/v/index.jsp?vgnextchannel=bfa48ab43d6bb410VgnVCM100000171f5a0aRCRD&vgnextoid=c9e115cbed51c010VgnVCM2000000c205a0aRCRD;13555;CALLE DE VIRGEN DE LAS VIÑAS NUM 22, 28031 MADRID
1606;SANTA SUSANA;RESIDENCIAL;;329;;329;3;ABIERTO;NO;NO;16;HORTALEZA           ;4;PINAR DEL REY;0;40.4800454595647;-3.64821017159422;5512001VK4851C0001AL;http://www.madrid.es/sites/v/index.jsp?vgnextchannel=bfa48ab43d6bb410VgnVCM100000171f5a0aRCRD&vgnextoid=3bff7339ae51c010VgnVCM2000000c205a0aRCRD;13496;CALLE DE SANTA SUSANA NUM 55(P), 28033 MADRID
1601;SANTA VIRGILIA;RESIDENCIAL;;330;;330;3;ABIERTO;NO;NO;16;HORTALEZA           ;4;PINAR DEL REY;0;40.4763764474416;-3.64300986674449;5610007VK4851A0001QQ;http://www.madrid.es/sites/v/index.jsp?vgnextchannel=bfa48ab43d6bb410VgnVCM100000171f5a0aRCRD&vgnextoid=81207339ae51c010VgnVCM2000000c205a0aRCRD;13605;CALLE DE SANTA VIRGILIA NUM 12(P), 28033 MADRID
709;SANTANDER;RESIDENCIAL;;221;;221;2;ABIERTO;NO;NO;7;CHAMBERÍ;6;VALLEHERMOSO;76;40.44455548434968; -3.709895697474288;9975201VK3797F0001AO;http://www.madrid.es/sites/v/index.jsp?vgnextchannel=bfa48ab43d6bb410VgnVCM100000171f5a0aRCRD&vgnextoid=81c6bdc85c01c010VgnVCM2000000c205a0aRCRD;81838;PASEO DE SAN FRANCISCO DE SALES NUM 39, 28003 MADRID
506;SANTO DOMINGO DE SILOS;RESIDENCIAL;;252;;252;3;ABIERTO;NO;NO;5;CHAMARTÍN;1;EL VISO;51;40.45089702538;-3.6876531842036;1882913VK4718D0001ZA;http://www.madrid.es/sites/v/index.jsp?vgnextchannel=bfa48ab43d6bb410VgnVCM100000171f5a0aRCRD&vgnextoid=d7407339ae51c010VgnVCM2000000c205a0aRCRD;13507;CALLE DE SANTO DOMINGO DE SILOS NUM 2(P), 28036 MADRID
816;SARRIA;RESIDENCIAL;;517;;517;3;ABIERTO;NO;NO;8;FUENCARRAL-EL PARDO ;4;EL PILAR;84;40.4759603776235;-3.71430016116734;9510901VK3891B0001BF;http://www.madrid.es/sites/v/index.jsp?vgnextchannel=bfa48ab43d6bb410VgnVCM100000171f5a0aRCRD&vgnextoid=3fd16545f951c010VgnVCM2000000c205a0aRCRD;24138;CALLE DE SARRIA NUM 67, 28029 MADRID
432;SERRANO I;MIXTO;307;833;;1140;4;ABIERTO;NO;NO;4;SALAMANCA           ;6;CASTELLANA;46;40.4329452991722;-3.68611338542774;1860401VK4716B0001QT;http://www.madrid.es/sites/v/index.jsp?vgnextchannel=bfa48ab43d6bb410VgnVCM100000171f5a0aRCRD&vgnextoid=bd61f94ae1d15410VgnVCM2000000c205a0aRCRD;7416748;CALLE DE SERRANO NUM 2(P), 28006 MADRID
433;SERRANO II;MIXTO;379;804;;1183;4;ABIERTO;NO;NO;4;SALAMANCA           ;6;CASTELLANA;46;40.4303442290635;-3.68850808858792;1755501VK4715F0001EQ;http://www.madrid.es/sites/v/index.jsp?vgnextchannel=bfa48ab43d6bb410VgnVCM100000171f5a0aRCRD&vgnextoid=bc096f1c35d15410VgnVCM2000000c205a0aRCRD;7417028;CALLE DE SERRANO NUM 44(P), 28006 MADRID
434;SERRANO III;MIXTO;261;725;;986;4;ABIERTO;NO;NO;4;SALAMANCA           ;1;RECOLETOS;41;40.4244268291578;-3.68965177313431;1749101VK4714H0001KW;http://www.madrid.es/sites/v/index.jsp?vgnextchannel=bfa48ab43d6bb410VgnVCM100000171f5a0aRCRD&vgnextoid=9a1c6f1c35d15410VgnVCM2000000c205a0aRCRD;7417052;CALLE DE SERRANO NUM 84(P), 28001 MADRID
114;SEVILLA;MIXTO;391;143;;561;1;ABIERTO;NO;NO;1;CENTRO              ;6;SOL;163;40.4178671530748;-3.69979694400846;0745101VK4704D0001II;http://www.madrid.es/sites/v/index.jsp?vgnextchannel=bfa48ab43d6bb410VgnVCM100000171f5a0aRCRD&vgnextoid=9dd67339ae51c010VgnVCM2000000c205a0aRCRD;13460;CALLE DE ALCALÁ NUM 17(D), 28014 MADRID
1622;SOMONTÍN;RESIDENCIAL;;282;;282;3;ABIERTO;NO;NO;16;HORTALEZA           ;5;APOSTOL SANTIAGO;0;40.4771584121652;-3.65901066340453;4211001VK4841A0001JB;http://www.madrid.es/sites/v/index.jsp?vgnextchannel=bfa48ab43d6bb410VgnVCM100000171f5a0aRCRD&vgnextoid=d7e6bdc85c01c010VgnVCM2000000c205a0aRCRD;81841;CALLE DE SOMONTÍN NUM 59(B), 28033 MADRID
606;SOR ÁNGELA DE LA CRUZ;RESIDENCIAL;;250;;250;2;ABIERTO;NO;NO;6;TETUÁN              ;3;CASTILLEJOS;63;40.4598568460617;-3.69649048133011;1191301VK4719A0001WQ;http://www.madrid.es/sites/v/index.jsp?vgnextchannel=bfa48ab43d6bb410VgnVCM100000171f5a0aRCRD&vgnextoid=2e607339ae51c010VgnVCM2000000c205a0aRCRD;13492;CALLE DE SOR ÁNGELA DE LA CRUZ NUM 27(P), 28020 MADRID
1009;TEMBLEQUE;RESIDENCIAL;;562;;562;3;ABIERTO;NO;NO;10;LATINA              ;4;ALUCHE;0;40.3917164795896;-3.76379557097787;5018731VK3751G0001XG;http://www.madrid.es/sites/v/index.jsp?vgnextchannel=bfa48ab43d6bb410VgnVCM100000171f5a0aRCRD&vgnextoid=74907339ae51c010VgnVCM2000000c205a0aRCRD;13511;CALLE DE TEMBLEQUE NUM 106(B), 28024 MADRID
1201;TOMELLOSO;RESIDENCIAL;;213;;213;3;ABIERTO;NO;NO;12;USERA               ;4;ALMENDRALES;0;40.38241200852226; -3.6980492843158093;0805601VK4700F0001KR;http://www.madrid.es/sites/v/index.jsp?vgnextchannel=bfa48ab43d6bb410VgnVCM100000171f5a0aRCRD&vgnextoid=cab07339ae51c010VgnVCM2000000c205a0aRCRD;13547;CALLE DE TOMELLOSO NUM 2(P) PLTA -4, 28026 MADRID
501;URUGUAY;RESIDENCIAL;;246;;246;2;ABIERTO;NO;NO;5;CHAMARTÍN;4;HISPANOAMERICA;54;40.45491579186842; -3.6729545093535205;3085934VK4738G0001IM;http://www.madrid.es/sites/v/index.jsp?vgnextchannel=bfa48ab43d6bb410VgnVCM100000171f5a0aRCRD&vgnextoid=11e07339ae51c010VgnVCM2000000c205a0aRCRD;13489;CALLE DE URUGUAY NUM 16(B) PLTA -1 PRTA 01, 28016 MADRID
5022;USERA;ROTACIONAL;36;;;36;1;ABIERTO;NO;NO;12;USERA               ;5;MOSCARDO;125;40.38728599111143;-3.7063081042559407;0111401VK4701A0001SX;http://www.madrid.es/sites/v/index.jsp?vgnextchannel=bfa48ab43d6bb410VgnVCM100000171f5a0aRCRD&vgnextoid=ce8907e1fd534610VgnVCM1000001d4a900aRCRD;10737574;CALLE DE AMPARO USERA NUM 46, 28026 MADRID
904;VALDERROMÁN;RESIDENCIAL;;424;;424;3;ABIERTO;NO;NO;9;MONCLOA-ARAVACA     ;4;VALDEZARZA;0;40.470610708220725; -3.7215173170272573;8904940VK3880D0001LA;http://www.madrid.es/sites/v/index.jsp?vgnextchannel=bfa48ab43d6bb410VgnVCM100000171f5a0aRCRD&vgnextoid=85026545f951c010VgnVCM2000000c205a0aRCRD;24139;CALLE DE VALDERROMÁN NUM 24(P), 28035 MADRID
906;VALLADOLID;RESIDENCIAL;;421;;421;2;ABIERTO;NO;NO;9;MONCLOA-ARAVACA     ;1;CASA DE CAMPO;91;40.430403855192;-3.73101574319727;8209804VK3785G0001KE;http://www.madrid.es/sites/v/index.jsp?vgnextchannel=bfa48ab43d6bb410VgnVCM100000171f5a0aRCRD&vgnextoid=101215cbed51c010VgnVCM2000000c205a0aRCRD;13559;AVENIDA DE VALLADOLID NUM 10(P), 28008 MADRID
510;VALPARAISO;RESIDENCIAL;;582;;582;3;ABIERTO;NO;NO;5;CHAMARTÍN;4;HISPANOAMERICA;54;40.455004277244925; -3.680344106308375;2387705VK4728E0001MQ;http://www.madrid.es/sites/v/index.jsp?vgnextchannel=bfa48ab43d6bb410VgnVCM100000171f5a0aRCRD&vgnextoid=61d57339ae51c010VgnVCM2000000c205a0aRCRD;13523;CALLE DE HERREROS DE TEJADA NUM 20, 28016 MADRID
424;VELÁZQUEZ AYALA;MIXTO;443;230;;673;3;ABIERTO;NO;NO;4;SALAMANCA           ;1;RECOLETOS;41;40.4272702030791;-3.68408892366904;2055320VK4725E;http://www.madrid.es/sites/v/index.jsp?vgnextchannel=bfa48ab43d6bb410VgnVCM100000171f5a0aRCRD&vgnextoid=8bee15cbed51c010VgnVCM2000000c205a0aRCRD;13458;CALLE DE VELÁZQUEZ NUM 47(D) PLTA -1 PRTA 01, 28001 MADRID
423;VELÁZQUEZ JORGE JUAN;MIXTO;548;395;;943;4;ABIERTO;NO;NO;4;SALAMANCA           ;1;RECOLETOS;41;40.4242991698907;-3.68435762446743;2053114VK4725C;http://www.madrid.es/sites/v/index.jsp?vgnextchannel=bfa48ab43d6bb410VgnVCM100000171f5a0aRCRD&vgnextoid=d11f15cbed51c010VgnVCM2000000c205a0aRCRD;13457;CALLE DE VELÁZQUEZ NUM 1 PLTA -1 PRTA 01, 28001 MADRID
5019;VELÁZQUEZ JUAN BRAVO;ROTACIONAL;371;;;371;0;EN OBRAS;NO;NO;4;SALAMANCA           ;6;CASTELLANA;46;40.4317523227148;-3.68345337033197;2161610VK4726A;http://www.madrid.es/sites/v/index.jsp?vgnextchannel=bfa48ab43d6bb410VgnVCM100000171f5a0aRCRD&vgnextoid=e3077339ae51c010VgnVCM2000000c205a0aRCRD;13468;CALLE DE VELÁZQUEZ NUM 88(D) ESC T PLTA OD PRTA 01, 28006 MADRID
1524;VERDAGUER Y GARCÍA;MIXTO;83;91;;174;3;ABIERTO;NO;NO;15;CIUDAD LINEAL       ;5;SAN PASCUAL;0;40.4397163141475; -3.6566922711780356;4469101VK4746G0001DH;http://www.madrid.es/sites/v/index.jsp?vgnextchannel=bfa48ab43d6bb410VgnVCM100000171f5a0aRCRD&vgnextoid=6245bdc85c01c010VgnVCM2000000c205a0aRCRD;183607;CALLE DE VERDAGUER Y GARCÍA NUM 2, 28027 MADRID
1110;VÍA CARPETANA;RESIDENCIAL;;309;;309;2;ABIERTO;NO;NO;11;CARABANCHEL         ;4;VISTA ALEGRE;0;40.3883114090483;-3.74448284806632;6913101VK3761D0001QG;http://www.madrid.es/sites/v/index.jsp?vgnextchannel=bfa48ab43d6bb410VgnVCM100000171f5a0aRCRD&vgnextoid=b6dec2c6e051c010VgnVCM2000000c205a0aRCRD;61831;CALLE 0 VÍA CARPETANA NUM 209, 28047 MADRID
611;VICENTE GACEO;RESIDENCIAL;;268;;268;3;ABIERTO;NO;NO;6;TETUÁN              ;4;ALMENARA;64;40.4732429497997;-3.68824841198335;1707918VK4810F0001ED;http://www.madrid.es/sites/v/index.jsp?vgnextchannel=bfa48ab43d6bb410VgnVCM100000171f5a0aRCRD&vgnextoid=67017339ae51c010VgnVCM2000000c205a0aRCRD;13513;CALLE DE VICENTE GACEO NUM 19(B), 28029 MADRID
5020;VILLA DE PARÍS;ROTACIONAL;169;;;169;5;ABIERTO;NO;NO;1;CENTRO              ;4;JUSTICIA;14;40.4251485828521;-3.69239569495104;1253601VK4715C;http://www.madrid.es/sites/v/index.jsp?vgnextchannel=bfa48ab43d6bb410VgnVCM100000171f5a0aRCRD&vgnextoid=38a881eb5f51c010VgnVCM2000000c205a0aRCRD;13453;PLAZA DE LA VILLA DE PARÍS NUM 1(D), 28004 MADRID
1603;VILLA ROSA (PEDROÑERAS);RESIDENCIAL;;205;;205;2;ABIERTO;NO;NO;16;HORTALEZA           ;3;CANILLAS;0;40.4671801613405;-3.63060029600734;6600801VK4860B0001EB;http://www.madrid.es/sites/v/index.jsp?vgnextchannel=bfa48ab43d6bb410VgnVCM100000171f5a0aRCRD&vgnextoid=544015cbed51c010VgnVCM2000000c205a0aRCRD;13606;CALLE DE LAS PEDROÑERAS NUM 42(P), 28043 MADRID
1901;VILLACARLOS;RESIDENCIAL;;316;;316;3;ABIERTO;NO;NO;19;VICÁLVARO           ;1;CASCO H.VICALVARO;0;40.4060711909959;-3.60788043711702;8631312VK4783B0001UT;http://www.madrid.es/sites/v/index.jsp?vgnextchannel=bfa48ab43d6bb410VgnVCM100000171f5a0aRCRD&vgnextoid=bd217339ae51c010VgnVCM2000000c205a0aRCRD;13607;CALLE DE VILLACARLOS NUM 10(D), 28032 MADRID
1514;VILLAESCUSA;RESIDENCIAL;;228;;228;3;ABIERTO;NO;NO;15;CIUDAD LINEAL       ;2;PUEBLO NUEVO;0;40.41943124968532; -3.6294595362862476;6747104VK4764F0001IR;http://www.madrid.es/sites/v/index.jsp?vgnextchannel=bfa48ab43d6bb410VgnVCM100000171f5a0aRCRD&vgnextoid=04517339ae51c010VgnVCM2000000c205a0aRCRD;13608;CALLE DE MATAMOROSA NUM 2 PLTA -2, 28017 MADRID
1003;VILLAMANÍN I;RESIDENCIAL;;195;;195;3;ABIERTO;NO;NO;10;LATINA              ;3;LUCERO;0;40.4061952854288;-3.75337659955903;6333442VK3763C0001QJ;http://www.madrid.es/sites/v/index.jsp?vgnextchannel=bfa48ab43d6bb410VgnVCM100000171f5a0aRCRD&vgnextoid=5a717339ae51c010VgnVCM2000000c205a0aRCRD;13609;CALLE DE VILLAMANÍN NUM 37(P) PLTA -3, 28011 MADRID
1011;VILLAMANÍN II;RESIDENCIAL;;307;;307;3;ABIERTO;NO;NO;10;LATINA              ;3;LUCERO;0;40.4059045304646;-3.75418319828382;6031314VK3763A0001QX;http://www.madrid.es/sites/v/index.jsp?vgnextchannel=bfa48ab43d6bb410VgnVCM100000171f5a0aRCRD&vgnextoid=a0a17339ae51c010VgnVCM2000000c205a0aRCRD;13528;CALLE DE VILLAMANÍN NUM 50(P) PLTA -4, 28011 MADRID
820;VIRGEN DE ARÁNZAZU;RESIDENCIAL;;238;;238;4;ABIERTO;NO;NO;8;FUENCARRAL-EL PARDO ;6;VALVERDE;0;40.486552891873416; -3.689816678148437;1621401VK4812B0001BA;http://www.madrid.es/sites/v/index.jsp?vgnextchannel=bfa48ab43d6bb410VgnVCM100000171f5a0aRCRD&vgnextoid=2e07bdc85c01c010VgnVCM2000000c205a0aRCRD;81866;CALLE DE LA VIRGEN DE ARÁNZAZU NUM 23(P), 28034 MADRID
1510;VIRGEN DE LA ALEGRÍA;RESIDENCIAL;;138;;138;2;ABIERTO;NO;NO;15;CIUDAD LINEAL       ;4;CONCEPCION;0;40.43406048233506; -3.656701823170881;4363417VK4746C0001TE;http://www.madrid.es/sites/v/index.jsp?vgnextchannel=bfa48ab43d6bb410VgnVCM100000171f5a0aRCRD&vgnextoid=f6c17339ae51c010VgnVCM2000000c205a0aRCRD;13610;CALLE DE LA VIRGEN DE LA ALEGRÍA NUM 19(C), 28027 MADRID
1502;VIRGEN DE LA ROCA I;RESIDENCIAL;;172;;172;2;ABIERTO;NO;NO;15;CIUDAD LINEAL       ;4;CONCEPCION;0;40.43419545405507; -3.658200551748118;4363416VK4746C0001LE;http://www.madrid.es/sites/v/index.jsp?vgnextchannel=bfa48ab43d6bb410VgnVCM100000171f5a0aRCRD&vgnextoid=4de17339ae51c010VgnVCM2000000c205a0aRCRD;13612;CALLE DE LA VIRGEN DE LA ROCA NUM 4, 28027 MADRID
1503;VIRGEN DE LA ROCA II;RESIDENCIAL;;203;;203;2;ABIERTO;NO;NO;15;CIUDAD LINEAL       ;4;CONCEPCION;0;40.43529607700225; -3.6574250978353193;4365138VK4746F0001MU;http://www.madrid.es/sites/v/index.jsp?vgnextchannel=bfa48ab43d6bb410VgnVCM100000171f5a0aRCRD&vgnextoid=93127339ae51c010VgnVCM2000000c205a0aRCRD;13613;CALLE DE LA VIRGEN DE LA ROCA NUM 6(A), 28027 MADRID
1521;VIRGEN DE LOURDES;RESIDENCIAL;;296;;296;3;ABIERTO;NO;NO;15;CIUDAD LINEAL       ;4;CONCEPCION;0;40.43597661134019; -3.657195189643075;4365139VK4746F0001OU;http://www.madrid.es/sites/v/index.jsp?vgnextchannel=bfa48ab43d6bb410VgnVCM100000171f5a0aRCRD&vgnextoid=e9327339ae51c010VgnVCM2000000c205a0aRCRD;13639;CALLE DE LA VIRGEN DE LOURDES NUM 40(B), 28027 MADRID
206;VIRGEN DEL PUERTO;RESIDENCIAL;;793;;793;3;ABIERTO;NO;NO;2;ARGANZUELA          ;1;IMPERIAL;21;40.4134630479791;-3.72094736367542;8940407VK3784B0001XP;http://www.madrid.es/sites/v/index.jsp?vgnextchannel=bfa48ab43d6bb410VgnVCM100000171f5a0aRCRD&vgnextoid=b2937339ae51c010VgnVCM2000000c205a0aRCRD;13611;PASEO DE LA VIRGEN DEL PUERTO NUM 7(P), 28005 MADRID
1525;VIRGEN DEL ROMERO;RESIDENCIAL;;404;;404;3;ABIERTO;NO;NO;15;CIUDAD LINEAL       ;4;CONCEPCION;0;40.43836519890891; -3.6510870622808604;4868601VK4746H0001LW;http://www.madrid.es/sites/v/index.jsp?vgnextchannel=bfa48ab43d6bb410VgnVCM100000171f5a0aRCRD&vgnextoid=bc0259c4f79d4410VgnVCM1000000b205a0aRCRD;7397971;PLAZA DE LA VIRGEN DEL ROMERO NUM 9, 28027 MADRID
1104;VISTA ALEGRE;RESIDENCIAL;;402;;402;3;ABIERTO;NO;NO;11;CARABANCHEL         ;4;VISTA ALEGRE;0;40.385867288174;-3.73973577923161;7310502VK3771A0001EG;http://www.madrid.es/sites/v/index.jsp?vgnextchannel=bfa48ab43d6bb410VgnVCM100000171f5a0aRCRD&vgnextoid=aa6015cbed51c010VgnVCM2000000c205a0aRCRD;13614;AVENIDA DE LA PLAZA DE TOROS S/N P, 28025 MADRID
1508;VITAL AZA;RESIDENCIAL;;202;;202;2;ABIERTO;NO;NO;15;CIUDAD LINEAL       ;2;PUEBLO NUEVO;0;40.43074926440721; -3.6443505402381953;5459404VK4755G0001UE;http://www.madrid.es/sites/v/index.jsp?vgnextchannel=bfa48ab43d6bb410VgnVCM100000171f5a0aRCRD&vgnextoid=30627339ae51c010VgnVCM2000000c205a0aRCRD;13493;CALLE DE VITAL AZA NUM 10(P) PLTA -2, 28017 MADRID
