Gis_X;Gis_Y;Fecha de Alta;Distrito;Barrio;Calle;Nº Finca;Tipo de Reserva;Línea / Batería;Número de Plazas;LongitudCarte;TextoCajetines;Longitud;Latitud;Direccion
439579,2800000000;4473497,7400000000;43293;01  CENTRO;01-01 PALACIO;AGUILA, CALLE, DEL;3;CargayDescarga;Línea;2;7,50;LABORABLES DE 8 A 14 H.Y DE 16,30 A 19 H. EXCEPTO CARGA Y DESCARGA;-3.7121099;40.4099055;AGUILA, CALLE, DEL, Nº 3
439873,7600000000;4474393,8700000000;41411;01  CENTRO;01-01 PALACIO;ANGELES, COSTANILLA, DE LOS;1;CargayDescarga;Línea;4;22,50;PERMITIDO CARGA Y DESCARGA DE 0 A 11 H.;-3.7087242;40.4179995;ANGELES, COSTANILLA, DE LOS, Nº 1
439884,6400000000;4474417,8400000000;41411;01  CENTRO;01-01 PALACIO;ANGELES, COSTANILLA, DE LOS;3;CargayDescarga;Línea;6;29,20;PERMITIDO CARGA Y DESCARGA DE 7 A 11 H.;-3.7085982;40.4182163;ANGELES, COSTANILLA, DE LOS, Nº 3
439759,6600000000;4474466,5000000000;44040;01  CENTRO;01-01 PALACIO;ARRIETA, CALLE, DE;4;CargayDescarga;Línea;3;32,00;LABORABLES DE 8 A 15 H. EXCEPTO CARGA Y DESCARGA;-3.7100759;40.4186456;ARRIETA, CALLE, DE, Nº 4
439707,3200000000;4474504,1600000000;43018;01  CENTRO;01-01 PALACIO;ARRIETA, CALLE, DE;7;CargayDescarga;Línea;2;10,51;LABORABLES DE 8 A 15 H. EXCEPTO CARGA Y DESCARGA..;-3.7106964;40.418981;ARRIETA, CALLE, DE, Nº 7
439720,6300000000;4473413,5100000000;41283;01  CENTRO;01-01 PALACIO;CALATRAVA, CALLE, DE;3;CargayDescarga;Línea;4;20,00;LABORABLES DE 8 A 14 H. EXCEPTO CARGA Y DESCARGA;-3.7104362;40.4091569;CALATRAVA, CALLE, DE, Nº 3
439480,4400000000;4473482,1800000000;40420;01  CENTRO;01-01 PALACIO;CALATRAVA, CALLE, DE;37;CargayDescarga;Línea;3;15,00;LABORABLES DE 8 A 14 H. Y DE 16:30 A 19 H. EXCEPTO CARGA Y DESCARGA;-3.7132733;40.4097581;CALATRAVA, CALLE, DE, Nº 37
439830,7200000000;4474568,8800000000;42514;01  CENTRO;01-01 PALACIO;CAMPOMANES, CALLE, DE;15;CargayDescarga;Línea;1;10,00;LABORABLES DE 8 A 15 H. EXCEPTO CARGA Y DESCARGA;-3.709248;40.419573;CAMPOMANES, CALLE, DE, Nº 15
439821,1000000000;4474502,1700000000;42514;01  CENTRO;01-01 PALACIO;CAMPOMANES, CALLE, DE;5;CargayDescarga;Línea;1;15,00;EXCEPTO SUBIDA Y BAJADA DE VIAJEROS CARGA Y DESCARGA DE MERCANCIAS SERVICIO HOTEL;-3.7093551;40.4189714;CAMPOMANES, CALLE, DE, Nº 5
439730,4300000000;4473716,1600000000;41073;01  CENTRO;01-01 PALACIO;CAVA BAJA, CALLE, DE LA;40;CargayDescarga;Línea;3;15,00;LAB DE 8 A 14 H. Y DE 16,30 A 19 H. EXCEPTO CARGA Y DESCARGA;-3.7103493;40.4118841;CAVA BAJA, CALLE, DE LA, Nº 40
439868,6700000000;4474113,3500000000;36490;01  CENTRO;01-01 PALACIO;CAVA DE SAN MIGUEL, CALLE, DE LA;FTE 3;CargayDescarga;Línea;2;12,30;LABORABLES DE 8 A 14 H. Y DE 16:30 A 20 H. ESCEPTO CARGA Y DESCARGA;-3.7087577;40.4154721;CAVA DE SAN MIGUEL, CALLE, DE LA, Nº FTE 3
439844,1000000000;4473656,2600000000;43816;01  CENTRO;01-01 PALACIO;CEBADA, PLAZA, DE LA;3;CargayDescarga;Línea;5;26,00;LABORABLES DE 8 A14 H. Y DE 16:30 A 19 H. EXCEPTO CARGA Y DESCARGA;-3.709004;40.4113527;CEBADA, PLAZA, DE LA, Nº 3
439755,2700000000;4473658,9700000000;43816;01  CENTRO;01-01 PALACIO;CEBADA, PLAZA, DE LA;9;CargayDescarga;Línea;7;35,70;LABORABLES DE 8 A 14 H. Y DE 16,30 A 19 H. EXCEPTO CARGA Y DESCARGA;-3.7100512;40.4113707;CEBADA, PLAZA, DE LA, Nº 9
439866,9100000000;4474191,2400000000;42933;01  CENTRO;01-01 PALACIO;COMANDANTE LAS MORENAS, PLAZA, DEL;3;CargayDescarga;Línea;3;12,41;LABORABLES DE 8 A 15 H EXCEPTO CARGA Y DESCARGA;-3.7087858;40.4161737;COMANDANTE LAS MORENAS, PLAZA, DEL, Nº 3
439731,6800000000;4474919,3300000000;43487;01  CENTRO;01-01 PALACIO;DOCTOR CARRACIDO, CALLE, DEL;1;CargayDescarga;Línea;5;20,30;LABORABLES DE 8 A 15 HORAS EXCEPTO CARGA Y DESCARGA;-3.7104486;40.4227229;DOCTOR CARRACIDO, CALLE, DEL, Nº 1
439623,2600000000;4474670,3000000000;40360;01  CENTRO;01-01 PALACIO;ENCARNACION, CALLE, DE LA;10;CargayDescarga;Línea;3;15,00;LABORABLES DE 8 A 15 H.. EXCEPTO CARGA Y DESCARGA;-3.7117029;40.4204716;ENCARNACION, CALLE, DE LA, Nº 10
439679,4700000000;4474682,5000000000;40360;01  CENTRO;01-01 PALACIO;GUILLERMO ROLLAND, CALLE, DE;11;CargayDescarga;Línea;3;14,20;LABORABLES DE 8 A 15 H. EXCEPTO CARGA Y DESCARGA;-3.7110415;40.4205856;GUILLERMO ROLLAND, CALLE, DE, Nº 11
439726,2600000000;4473554,1700000000;40875;01  CENTRO;01-01 PALACIO;HUMILLADERO, CALLE, DEL;16;CargayDescarga;Línea;2;10,80;LABORABLES DE 8 A 14 H. Y DE 16,30 A 19 H. EXCEPTO CARGA Y DESCARGA;-3.7103831;40.4104245;HUMILLADERO, CALLE, DEL, Nº 16
439714,8800000000;4473618,5700000000;37223;01  CENTRO;01-01 PALACIO;HUMILLADERO, CALLE, DEL;8;CargayDescarga;Línea;2;9,90;LABORABLES DE 8 A 14 H. Y DE 16,30 A 19 H. EXCEPTO CARGA Y DESCARGA;-3.7105233;40.4110038;HUMILLADERO, CALLE, DEL, Nº 8
439525,6200000000;4473761,8600000000;41437;01  CENTRO;01-01 PALACIO;MANCEBOS, CALLE, DE LOS;11;CargayDescarga;Línea;2;10,30;LAB. DE 8 A 14 H. EXCEPTO CARGA Y DESCARGA;-3.7127674;40.4122809;MANCEBOS, CALLE, DE LOS, Nº 11
439832,3500000000;4474162,6500000000;36230;01  CENTRO;01-01 PALACIO;MAYOR, CALLE;48;CargayDescarga;Línea;5;23,30;LAB. DE 8 A 15 H. EXCEPTO CARGA Y DESCARGA;-3.7091904;40.4159136;MAYOR, CALLE, Nº 48
439549,5500000000;4474271,9700000000;42254;01  CENTRO;01-01 PALACIO;NOBLEJAS, CALLE, DE;4;CargayDescarga;Línea;2;13,40;LABORABLES DE 8 A 18 H. EXCEPTO CARGA Y DESCARGA;-3.7125339;40.4168779;NOBLEJAS, CALLE, DE, Nº 4
439607,6000000000;4473381,3200000000;1;01  CENTRO;01-01 PALACIO;PALOMA, CALLE, DE LA;6;CargayDescarga;Línea;3;15,00;LABORABLES DE 6 A 13 H EXCEPTO CARGA Y DESCARGA;-3.7117651;40.4088588;PALOMA, CALLE, DE LA, Nº 6
439558,1600000000;4473796,1800000000;41380;01  CENTRO;01-01 PALACIO;REDONDILLA, CALLE, DE LA;5;CargayDescarga;Línea;1;15,00;LABORABLES DE 9:15 A 12:30 H. DE 14:30 A 16:00 H. Y DE 17:15 A 20 H. EXCEPTO CARGA Y DESCARGA;-3.7123872;40.4125924;REDONDILLA, CALLE, DE LA, Nº 5
439894,4500000000;4473836,3900000000;39421;01  CENTRO;01-01 PALACIO;SAN BRUNO, CALLE, DE;6;CargayDescarga;Línea;2;9,20;LABORABLES DE 8 A 14 H. Y DE 16:30 A 19 H. EXCEPTO CARGA Y DESCARGA;-3.7084277;40.412979;SAN BRUNO, CALLE, DE, Nº 6
439888,4400000000;4473828,7800000000;39015;01  CENTRO;01-01 PALACIO;SAN BRUNO, CALLE, DE;7;CargayDescarga;Línea;2;10,00;LABORABLES DE 8 A 14 H. Y DE 16:30 A 19 H. EXCEPTO CARGA Y DESCARGA;-3.7084978;40.41291;SAN BRUNO, CALLE, DE, Nº 7
439458,9900000000;4473593,2800000000;43816;01  CENTRO;01-01 PALACIO;SAN FRANCISCO, CARRERA, DE;16;CargayDescarga;Línea;1;7,60;LABORABLES DE 8 A 17 H. EXCEPTO CARGA Y DESCARGA;-3.7135367;40.4107574;SAN FRANCISCO, CARRERA, DE, Nº 16
439854,5700000000;4474090,2700000000;1;01  CENTRO;01-01 PALACIO;SAN MIGUEL, PLAZA, DE;5;CargayDescarga;Línea;9;34,20;LABORABLES DE 8 A 14 H. Y DE 16:30 A 20 H. EXCEPTO CARGA Y DESCARGA;-3.7089217;40.4152632;SAN MIGUEL, PLAZA, DE, Nº 5
439612,3500000000;4474142,5700000000;1;01  CENTRO;01-01 PALACIO;SAN NICOLAS, PLAZA, DE;1;CargayDescarga;Línea;1;7,00;LAB. DE 8 A 15 H.EXCEPTO CARGA Y DESCARGA;-3.7117814;40.4157168;SAN NICOLAS, PLAZA, DE, Nº 1
439723,0200000000;4473885,3300000000;40640;01  CENTRO;01-01 PALACIO;SAN PEDRO, COSTANILLA, DE;FTE 2;CargayDescarga;Línea;2;8,40;LABORABLES DE 9 A 14 H.Y DE 16,30 A 19 H. EXCEPTOCARGA Y DESCARGA;-3.7104527;40.4134075;SAN PEDRO, COSTANILLA, DE, Nº FTE 2
439962,2700000000;4473883,2000000000;42929;01  CENTRO;01-01 PALACIO;SEGOVIA NUEVA, PLAZA, DE;1;CargayDescarga;Línea;1;11,50;LABORABLES DE 8 A 14 H.Y DE 16,30 A 19 H. EXCEPTO CARGA Y DESCARGA;-3.7076328;40.4134056;SEGOVIA NUEVA, PLAZA, DE, Nº 1
439580,8800000000;4473947,0100000000;40898;01  CENTRO;01-01 PALACIO;SEGOVIA, CALLE, DE;18;CargayDescarga;Línea;3;15,00;LABORABLES DE 8 A 14 H.Y DE 16,30 A 19 H. EXCEPTOCARGA Y DESCARGA.;-3.7121338;40.4139528;SEGOVIA, CALLE, DE, Nº 18
439130,7100000000;4473794,6700000000;40235;01  CENTRO;01-01 PALACIO;SEGOVIA, RONDA, DE;7;CargayDescarga;Línea;2;10,10;LABORABLES DE 9 A 14 H. Y DE 16,30 A 19 H. EXCEPTO CARGA Y DESCARGA TIEMPO MAXIMO 30 MINUTOS;-3.7174247;40.4125477;SEGOVIA, RONDA, DE, Nº 7
439950,0900000000;4474683,9300000000;42930;01  CENTRO;01-01 PALACIO;SILVA, CALLE, DE;4;CargayDescarga;Línea;7;37,30;LABORABLES DE 8 A 15 H. EXCEPTO CARGA Y DESCARGA;-3.7078519;40.4206181;SILVA, CALLE, DE, Nº 4
439967,3600000000;4473834,1200000000;43042;01  CENTRO;01-01 PALACIO;TOLEDO, CALLE, DE;34;CargayDescarga;Línea;3;15,00;LABORABLES DE 8 A 17 HORAS. EXCEPTO CARGA Y DESCARGA;-3.7075682;40.4129638;TOLEDO, CALLE, DE, Nº 34
439937,9400000000;4473463,8700000000;44183;01  CENTRO;01-02 EMBAJADORES;AMAZONAS, CALLE, DE LAS;13;CargayDescarga;Línea;1;7,50;LAB. DE 8 A 14 H. Y DE 16,30 A 19 H. EXCEPTO CARGA Y DESCARGA DOMINGOS Y FESTIVOS DE 0 A 16 H.;-3.7078799;40.4096263;AMAZONAS, CALLE, DE LAS, Nº 13
440536,2500000000;4473171,4400000000;38924;01  CENTRO;01-02 EMBAJADORES;AMPARO, CALLE, DE;91;CargayDescarga;Línea;3;15,00;LAB. DE 8 A 15 H.EXCEPTO CARGA Y DESCARGA;-3.7008015;40.4070349;AMPARO, CALLE, DE, Nº 91
439760,7000000000;4473334,7400000000;38926;01  CENTRO;01-02 EMBAJADORES;ARGANZUELA, CALLE, DE LA;9;CargayDescarga;Línea;4;18,00;LAB. DE 8 A 15 H. EXCEPTO CARGA Y DESCARGA;-3.7099565;40.4084502;ARGANZUELA, CALLE, DE LA, Nº 9
440585,2800000000;4473312,5300000000;42930;01  CENTRO;01-02 EMBAJADORES;ARGUMOSA, CALLE, DE;2;CargayDescarga;Línea;2;10,30;LABORABLES DE 8 A 14 H. Y DE 16:30 A 19 H.EXCEPTO CARGA Y DESCARGA;-3.7002369;40.4083094;ARGUMOSA, CALLE, DE, Nº 2
440803,0100000000;4473266,5300000000;40210;01  CENTRO;01-02 EMBAJADORES;ARGUMOSA, CALLE, DE;22;CargayDescarga;Línea;3;15,00;LABORABLES DE 8 A 14 H. Y DE 16:30 A 19 H.EXCEPTO CARGA Y DESCARGA;-3.6976668;40.4079105;ARGUMOSA, CALLE, DE, Nº 22
440854,6500000000;4473255,4800000000;40210;01  CENTRO;01-02 EMBAJADORES;ARGUMOSA, CALLE, DE;24;CargayDescarga;Línea;3;14,00;LABORABLES DE 8 A 14 H. Y DE 16:30 A 19 H.EXCEPTO CARGA Y DESCARGA;-3.6970572;40.4078147;ARGUMOSA, CALLE, DE, Nº 24
440649,5900000000;4473299,1800000000;40210;01  CENTRO;01-02 EMBAJADORES;ARGUMOSA, CALLE, DE;8;CargayDescarga;Línea;3;16,00;LABORABLES DE 8 A 14 H. Y DE 16:30 A 19 H.EXCEPTO CARGA Y DESCARGA;-3.6994778;40.4081937;ARGUMOSA, CALLE, DE, Nº 8
441043,8000000000;4473517,6100000000;43648;01  CENTRO;01-02 EMBAJADORES;ATOCHA, CALLE, DE;106;CargayDescarga;Línea;2;12,20;LABORABLES DE 8 A 14 H Y DE 16.30 A 19 HORAS EXCEPTO CARGA Y DESCARGA;-3.6948524;40.4101895;ATOCHA, CALLE, DE, Nº 106
441032,2000000000;4473524,3500000000;43648;01  CENTRO;01-02 EMBAJADORES;ATOCHA, CALLE, DE;111;CargayDescarga;Línea;2;10,48;LABORABLES DE 8 A 14 H Y DE 16.30 A 19 HORAS EXCEPTO CARGA Y DESCARGA;-3.6949897;40.4102494;ATOCHA, CALLE, DE, Nº 111
440347,1400000000;4473942,7400000000;42356;01  CENTRO;01-02 EMBAJADORES;ATOCHA, CALLE, DE;20;CargayDescarga;Línea;1;9,70;DE 8 A 22 H. CARGA Y DESCARGA SUBIDA Y BAJADA DE VIAJEROS TIEMPO MÁXIMO 30 MINUTOS;-3.7031024;40.4139696;ATOCHA, CALLE, DE, Nº 20
440392,9000000000;4473921,7300000000;40360;01  CENTRO;01-02 EMBAJADORES;ATOCHA, CALLE, DE;22;CargayDescarga;Línea;3;17,52;LABORABLES DE 8 A 14 H. Y DE 16:30 A 19 H. EXCEPTO CARGA Y DESCARGA;-3.7025611;40.4137836;ATOCHA, CALLE, DE, Nº 22
440443,3800000000;4473898,0100000000;40360;01  CENTRO;01-02 EMBAJADORES;ATOCHA, CALLE, DE;26;CargayDescarga;Línea;3;15,80;LABORABLES DE 8 A 14 H. Y DE 16:30 A 19 H. EXCEPTO CARGA Y DESCARGA;-3.701964;40.4135736;ATOCHA, CALLE, DE, Nº 26
440890,4700000000;4473140,0000000000;39882;01  CENTRO;01-02 EMBAJADORES;ATOCHA, RONDA, DE;12;CargayDescarga;Línea;3;15,00;LABORABLES DE 8 A 14 H. Y DE 16:30 A 19 H. EXCEPTO CARGA Y DESCARGA;-3.6966243;40.4067769;ATOCHA, RONDA, DE, Nº 12
440749,1300000000;4473090,5400000000;42929;01  CENTRO;01-02 EMBAJADORES;ATOCHA, RONDA, DE;24;CargayDescarga;Línea;5;24,00;LABORABLES DE 8 A 14 H. Y DE 16:30 A 19 H. EXCEPTO CARGA Y DESCARGA;-3.6982853;40.4063213;ATOCHA, RONDA, DE, Nº 24
440680,8600000000;4473066,6200000000;43060;01  CENTRO;01-02 EMBAJADORES;ATOCHA, RONDA, DE;34;CargayDescarga;Línea;1;7,00;DE 7 A 20 H. EXCEPTO VEHÍCULOS DE RIEGO Y BALDEO;-3.6990876;40.406101;ATOCHA, RONDA, DE, Nº 34
440567,3100000000;4473611,8500000000;38924;01  CENTRO;01-02 EMBAJADORES;AVE MARIA, CALLE, DEL;17;CargayDescarga;Línea;3;15,00;LABORABLES DE 8 A 15 H.EXCEPTO CARGA Y DESCARGA;-3.7004767;40.4110046;AVE MARIA, CALLE, DEL, Nº 17
440542,0400000000;4473568,1600000000;36911;01  CENTRO;01-02 EMBAJADORES;AVE MARIA, CALLE, DEL;23;CargayDescarga;Línea;2;10,00;LABORABLES DE 8 A 15 H.EXCEPTO CARGA Y DESCARGA;-3.7007704;40.4106092;AVE MARIA, CALLE, DEL, Nº 23
440535,2600000000;4473570,8400000000;38322;01  CENTRO;01-02 EMBAJADORES;AVE MARIA, CALLE, DEL;26;CargayDescarga;Línea;3;15,00;LABORABLES DE 8 A 15 H. EXCEPTO CARGA Y DESCARGA;-3.7008505;40.4106328;AVE MARIA, CALLE, DEL, Nº 26
440525,8600000000;4473463,3100000000;38924;01  CENTRO;01-02 EMBAJADORES;AVE MARIA, CALLE, DEL;39;CargayDescarga;Línea;3;15,00;LAB. DE 8 A 15 H.EXCEPTO CARGA Y DESCARGA;-3.7009513;40.4096635;AVE MARIA, CALLE, DEL, Nº 39
440516,9600000000;4473417,2400000000;38925;01  CENTRO;01-02 EMBAJADORES;AVE MARIA, CALLE, DEL;52;CargayDescarga;Línea;2;10,77;LAB. DE 8 A 15 H. EXCEPTO CARGA Y DESCARGA;-3.7010518;40.4092478;AVE MARIA, CALLE, DEL, Nº 52
440582,1400000000;4473688,5700000000;38322;01  CENTRO;01-02 EMBAJADORES;AVE MARIA, CALLE, DEL;8;CargayDescarga;Línea;3;16,40;LABORABLES DE 8 A 15 H.EXCEPTO CARGA Y DESCARGA;-3.700309;40.4116967;AVE MARIA, CALLE, DEL, Nº 8
439917,4200000000;4473137,1200000000;44186;01  CENTRO;01-02 EMBAJADORES;CAMPILLO DEL MUNDO NUEVO, PLAZA, DEL;2;CargayDescarga;Línea;3;16,40;LABORABLES DE 8 A 14 H. Y DE 16:30 A 19 H. EXCEPTO CARGA Y DESCARGA DOMINGOS Y FESTIVOS DE 0 A 16 H.;-3.7080909;40.4066813;CAMPILLO DEL MUNDO NUEVO, PLAZA, DEL, Nº 2
440479,4100000000;4473863,4700000000;40360;01  CENTRO;01-02 EMBAJADORES;CAÑIZARES, CALLE, DE LOS;1;CargayDescarga;Línea;3;15,00;LABORABLES DE 8 A 14 H. Y DE 16:30 A 19 H. EXCEPTO CARGA Y DESCARGA;-3.7015361;40.413265;CAÑIZARES, CALLE, DE LOS, Nº 1
439737,3400000000;4473224,7700000000;44055;01  CENTRO;01-02 EMBAJADORES;CAPITAN SALAZAR MARTINEZ, CALLE, DEL;9;CargayDescarga;Línea;3;15,00;LABORABLES DE 8 A 14 H. Y DE 16:30 A 19 H. EXCEPTO CARGA Y DESCARGA MARTES, SÁBADOS, DOMINGOS Y FESTIVOS DE 7:00 H. A 16:00 H;-3.7102214;40.4074579;CAPITAN SALAZAR MARTINEZ, CALLE, DEL, Nº 9
439885,9500000000;4473330,2800000000;44203;01  CENTRO;01-02 EMBAJADORES;CARLOS ARNICHES, CALLE, DE;10;CargayDescarga;Línea;2;10,00;LAB. DE 8 A 15 H. EXCEPTO CARGA Y DESCARGA DOMINGOS Y FESTIVOS DE 0 A 16 H.;-3.70848;40.4084191;CARLOS ARNICHES, CALLE, DE, Nº 10
439910,3900000000;4473182,3500000000;44203;01  CENTRO;01-02 EMBAJADORES;CARLOS ARNICHES, CALLE, DE;31;CargayDescarga;Línea;2;15,00;LABORABLES DE 8 A 15 H.EXCEPTO CARGA Y DESCARGA DOMINGOS Y FESTIVOSDE 0 A 16 H.;-3.708178;40.4070883;CARLOS ARNICHES, CALLE, DE, Nº 31
439975,8400000000;4473563,7600000000;44183;01  CENTRO;01-02 EMBAJADORES;CASCORRO, PLAZA, DE;18;CargayDescarga;Línea;7;33,00;RESERVA COMPARTIDA ----------------------------------------- LABORABLES DE 10 A 13 H. EXCEPTO CARGA Y DESCARGA MÁXIMO 30 MINUTOS RESTO DE HORARIO REGULACIÓN SER ---------------------------------------------------------------------- DOMINGOS Y FESTIVOS DE 0 A 16 H.;-3.7074427;40.4105289;CASCORRO, PLAZA, DE, Nº 18
439997,7700000000;4473643,7400000000;44183;01  CENTRO;01-02 EMBAJADORES;CASCORRO, PLAZA, DE;2;CargayDescarga;Línea;7;33,00;RESERVA COMPARTIDA LABORABLES DE 8 A 15 H.EXCEPTO CARGA Y DESCARGA MAXIMO 30 MINUTOS RESTO HORARIO REGULACION SER DOMINGOS Y FESTIVOS DE 0 A 16 H.;-3.7071918;40.411251;CASCORRO, PLAZA, DE, Nº 2
440040,4900000000;4473853,6700000000;42916;01  CENTRO;01-02 EMBAJADORES;COLEGIATA, CALLE, DE LA;10;CargayDescarga;Línea;4;20,00;LABORABLES DE 9 A 14 H. EXCEPTO CARGA Y DESCARGA MÁXIMO 30 MINUTOS RESTO DE HORARIO REGULACIÓN SER.;-3.7067081;40.4131452;COLEGIATA, CALLE, DE LA, Nº 10
440098,4100000000;4473816,4300000000;38926;01  CENTRO;01-02 EMBAJADORES;COLEGIATA, CALLE, DE LA;11;CargayDescarga;Línea;5;24,00;LABORABLES DE 8 A 14 H. Y DE 16,30 A 19 H. EXCEPTO CARGA Y DESCARGA;-3.706022;40.4128139;COLEGIATA, CALLE, DE LA, Nº 11
440097,6700000000;4473828,3400000000;39989;01  CENTRO;01-02 EMBAJADORES;COLEGIATA, CALLE, DE LA;6;CargayDescarga;Línea;4;22,50; LABORABLES DE 9 A 14 H.EXCEPTO CARGA Y DESCARGA MAXIMO 30 MINUTOS RESTO HORARIO REGULACION SER;-3.7060318;40.4129211;COLEGIATA, CALLE, DE LA, Nº 6
440187,0800000000;4473838,0900000000;43378;01  CENTRO;01-02 EMBAJADORES;CONDE DE ROMANONES, CALLE, DEL;12;CargayDescarga;Línea;3;15,00;LABORABLES DE 8 A 14 H.Y DE 16,30 A 19 H.EXCEPTO CARGA Y DESCARGA MAXIMO 30 MINUTOS RESTO HORARIO REGULACION SER;-3.704979;40.4130154;CONDE DE ROMANONES, CALLE, DEL, Nº 12
440186,1300000000;4473810,9800000000;43368;01  CENTRO;01-02 EMBAJADORES;CONDE DE ROMANONES, CALLE, DEL;15;CargayDescarga;Línea;3;15,00;LABORABLES DE LUNES A SÁBADO DE 8 A 17 HORAS EXCEPTO CARGA Y DESCARGA;-3.7049877;40.4127711;CONDE DE ROMANONES, CALLE, DEL, Nº 15
440217,5900000000;4473915,0300000000;43382;01  CENTRO;01-02 EMBAJADORES;CONDE DE ROMANONES, CALLE, DEL;3;CargayDescarga;Línea;3;13,00;LABORABLES DE 8 A 14 H. Y DE 16,30 A 19 H. EXCEPTO CARGA Y DESCARGA MAXIMO 30 MINUTOS RESTO HORARIO REGULACION SER;-3.7046267;40.4137107;CONDE DE ROMANONES, CALLE, DEL, Nº 3
440625,7900000000;4473160,7300000000;40210;01  CENTRO;01-02 EMBAJADORES;DOCTOR FOURQUET, CALLE, DEL;34;CargayDescarga;Línea;3;16,00;LABORABLES DE 8 A 14 H. Y DE 16:30 A 19 H. EXCEPTO CARGA Y DESCARGA;-3.6997454;40.4069448;DOCTOR FOURQUET, CALLE, DEL, Nº 34
440083,6900000000;4473699,5400000000;43816;01  CENTRO;01-02 EMBAJADORES;DUQUE DE ALBA, CALLE, DEL;11;CargayDescarga;Línea;3;14,50;RESERVA COMPARTIDA LABORABLES DE 8 A 14 H. Y DE 16:30 A 19 H. EXCEPTO CARGA Y DESCARGA MÁXIMO 30 MINUTOS RESTO DE HORARIO REGULACIÓN SER;-3.7061845;40.4117598;DUQUE DE ALBA, CALLE, DEL, Nº 11
440068,0100000000;4473693,6200000000;43816;01  CENTRO;01-02 EMBAJADORES;DUQUE DE ALBA, CALLE, DEL;13;CargayDescarga;Línea;3;15,50;RESERVA COMPARTIDA LABORABLES DE 8 A 14 H. Y DE 16:30 A 19 H. EXCEPTO CARGA Y DESCARGA MÁXIMO 30 MINUTOS RESTO DE HORARIO REGULACIÓN SER;-3.7063687;40.4117054;DUQUE DE ALBA, CALLE, DEL, Nº 13
440099,9600000000;4473705,0300000000;43816;01  CENTRO;01-02 EMBAJADORES;DUQUE DE ALBA, CALLE, DEL;7;CargayDescarga;Línea;3;15,40;RESERVA COMPARTIDA LABORABLES DE 8 A 14 H. Y DE 16:30 A 19 H. EXCEPTO CARGA Y DESCARGA MÁXIMO 30 MINUTOS RESTO DE HORARIO REGULACIÓN SER;-3.7059932;40.4118105;DUQUE DE ALBA, CALLE, DEL, Nº 7
440736,0700000000;4473670,9900000000;42930;01  CENTRO;01-02 EMBAJADORES;DUQUE DE FERNAN NUÑEZ, CALLE, DEL;4;CargayDescarga;Línea;9;43,00;LABORABLES DE 8 A 14 H. Y DE 16:30 A 19 H. EXCEPTO CARGA Y DESCARGA;-3.6984933;40.4115493;DUQUE DE FERNAN NUÑEZ, CALLE, DEL, Nº 4
440060,3900000000;4473912,6900000000;38565;01  CENTRO;01-02 EMBAJADORES;DUQUE DE RIVAS, CALLE, DEL;2;CargayDescarga;Línea;3;16,00;RESERVA COMPARTIDA LABORABLES DE 9 A 14 H. EXCEPTO CARGA Y DESCARGA MAXIMO 30 MINUTOS RESTO HORARIO REGULACION SER;-3.7064792;40.4136783;DUQUE DE RIVAS, CALLE, DEL, Nº 2
440059,0900000000;4473865,1500000000;1;01  CENTRO;01-02 EMBAJADORES;DUQUE DE RIVAS, CALLE, DEL;8;CargayDescarga;Línea;5;24,00;LABORABLES DE 9 A 14H.EXCEPTO CARGA Y DESCARGA MAXIMO 30 MINUTOS RESTO HORARIO REGULACION SER;-3.70649;40.41325;DUQUE DE RIVAS, CALLE, DEL, Nº 8
440218,2500000000;4473308,4200000000;38322;01  CENTRO;01-02 EMBAJADORES;EMBAJADORES, CALLE, DE;35;CargayDescarga;Línea;3;16,00;LABORABLES DE 8 A 15 H EXCEPTO CARGA Y DESCARGA;-3.7045619;40.4082461;EMBAJADORES, CALLE, DE, Nº 35
440256,7100000000;4473251,5100000000;41831;01  CENTRO;01-02 EMBAJADORES;EMBAJADORES, CALLE, DE;58;CargayDescarga;Línea;2;12,50;Laborables de 8 a 15h. Excepto Carga y Descarga;-3.7041033;40.4077362;EMBAJADORES, CALLE, DE, Nº 58
440277,0400000000;4473211,1400000000;42304;01  CENTRO;01-02 EMBAJADORES;EMBAJADORES, CALLE, DE;64;CargayDescarga;Línea;2;12,90;LABORABLES DE 8 A 15 HORAS EXCEPTO CARGA Y DESCARGA;-3.7038599;40.407374;EMBAJADORES, CALLE, DE, Nº 64
440082,0700000000;4473634,6900000000;43577;01  CENTRO;01-02 EMBAJADORES;JUANELO, CALLE, DE;19;CargayDescarga;Línea;1;6,44;LABORABLES DE 8 A 15 H. EXCEPTO CARGA Y DESCARGA;-3.7061975;40.4111755;JUANELO, CALLE, DE, Nº 19
440365,4300000000;4473625,0600000000;40638;01  CENTRO;01-02 EMBAJADORES;LAVAPIES, CALLE, DE;16;CargayDescarga;Línea;1;7,00;LABORABLES DE 8 A 15 H. EXCEPTO CARGA Y DESCARGA;-3.7028571;40.4111091;LAVAPIES, CALLE, DE, Nº 16
440430,3000000000;4473438,6800000000;36230;01  CENTRO;01-02 EMBAJADORES;LAVAPIES, CALLE, DE;48;CargayDescarga;Línea;3;14,90;LAB. DE 8 A 18 H.EXCEPTO CARGA Y DESCARGA;-3.7020751;40.4094348;LAVAPIES, CALLE, DE, Nº 48
440463,5600000000;4473393,8800000000;36230;01  CENTRO;01-02 EMBAJADORES;LAVAPIES, CALLE, DE;56;CargayDescarga;Línea;2;11,80;LAB. DE 8 A 15 H.EXCEPTO CARGA Y DESCARGA;-3.701679;40.4090336;LAVAPIES, CALLE, DE, Nº 56
440415,5400000000;4473876,8500000000;37602;01  CENTRO;01-02 EMBAJADORES;LUIS VELEZ DE GUEVARA, CALLE, DE;3;CargayDescarga;Línea;3;15,10; LABORABLES DE 9 A 14 H.EXCEPTO CARGA Y DESCARGA MAXIMO 30 MINUTOS RESTO HORARIO REGULACION SER;-3.7022901;40.413381;LUIS VELEZ DE GUEVARA, CALLE, DE, Nº 3
440532,2900000000;4473766,0000000000;43816;01  CENTRO;01-02 EMBAJADORES;MAGDALENA, CALLE, DE LA;23;CargayDescarga;Línea;1;5,50;RESERVA COMPARTIDA LABORABLES DE 9 A 14 H. EXCEPTO CARGA Y DESCARGA MÁXIMO 30 MINUTOS RESTO DE HORARIO REGULACIÓN SER;-3.7009038;40.4123907;MAGDALENA, CALLE, DE LA, Nº 23
440562,1500000000;4473766,7000000000;43816;01  CENTRO;01-02 EMBAJADORES;MAGDALENA, CALLE, DE LA;25;CargayDescarga;Línea;1;6,00;RESERVA COMPARTIDA LABORABLES DE 9 A 14 H. EXCEPTO CARGA Y DESCARGA MÁXIMO 30 MINUTOS RESTO DE HORARIO REGULACIÓN SER;-3.7005519;40.4123992;MAGDALENA, CALLE, DE LA, Nº 25
440372,9700000000;4473768,5400000000;43816;01  CENTRO;01-02 EMBAJADORES;MAGDALENA, CALLE, DE LA;6;CargayDescarga;Línea;3;17,00;RESERVA COMPARTIDA LABORABLES DE 9 A 14 H. EXCEPTO CARGA Y DESCARGA MÁXIMO 30 MINUTOS RESTO DE HORARIO REGULACIÓN SER;-3.7027817;40.4124022;MAGDALENA, CALLE, DE LA, Nº 6
440781,9100000000;4473118,4400000000;40127;01  CENTRO;01-02 EMBAJADORES;MALLORCA, CALLE, DE;13;CargayDescarga;Línea;3;15,00;LABORABLES DE 8 A 17 H. EXCEPTO CARGA Y DESCARGA;-3.6979016;40.406575;MALLORCA, CALLE, DE, Nº 13
440476,5200000000;4473103,6500000000;38924;01  CENTRO;01-02 EMBAJADORES;MIGUEL SERVET, CALLE, DE;15;CargayDescarga;Línea;3;15,00;LAB. DE 8 A 15 H.EXCEPTO CARGA Y DESCARGA;-3.7014991;40.40642;MIGUEL SERVET, CALLE, DE, Nº 15
440044,9000000000;4473185,8500000000;36286;01  CENTRO;01-02 EMBAJADORES;MIRA EL SOL, CALLE, DE;17;CargayDescarga;Línea;2;10,00;LAB. DE 8 A 15 H.EXCEPTO CARGA Y DESCARGA;-3.7065932;40.4071295;MIRA EL SOL, CALLE, DE, Nº 17
440162,6700000000;4473229,6000000000;42304;01  CENTRO;01-02 EMBAJADORES;MIRA EL SOL, CALLE, DE;5;CargayDescarga;Línea;2;12,80;LABORABLES DE 8 A 15H. EXCEPTO CARGA Y DESCARGA;-3.7052095;40.4075321;MIRA EL SOL, CALLE, DE, Nº 5
440461,9000000000;4473656,8900000000;38322;01  CENTRO;01-02 EMBAJADORES;OLIVAR, CALLE, DEL;12;CargayDescarga;Línea;2;8,00;LABORABLES DE 8 A 15 H.EXCEPTO CARGA Y DESCARGA;-3.7017231;40.4114028;OLIVAR, CALLE, DEL, Nº 12
440467,9400000000;4473532,3400000000;38322;01  CENTRO;01-02 EMBAJADORES;OLIVAR, CALLE, DEL;34;CargayDescarga;Línea;2;8,00;LABORABLES DE 8 A 15 H. EXCEPTO CARGA Y DESCARGA;-3.7016403;40.4102812;OLIVAR, CALLE, DEL, Nº 34
439651,9200000000;4473180,8600000000;43889;01  CENTRO;01-02 EMBAJADORES;PUERTA DE TOLEDO, GLORIETA, DE LA;1;CargayDescarga;Línea;3;15,00;EXCEPTO E.M.T.;-3.7112238;40.4070561;PUERTA DE TOLEDO, GLORIETA, DE LA, Nº 1
439989,0600000000;4473430,0100000000;44183;01  CENTRO;01-02 EMBAJADORES;RIBERA DE CURTIDORES, CALLE, DE LA;11;CargayDescarga;Línea;3;15,00;RESERVA COMPARTIDA ------------------------------------------ LABORABLES DE 8 A 15 H. EXCEPTO CARGA Y DESCARGA MÁXIMO 30 MINUTOS RESTO DE HORARIO REGULACIÓN SER -------------------------------------------------------------------- DOMINGOS Y FESTIVOS DE 0 A 16 H.;-3.7072743;40.409325;RIBERA DE CURTIDORES, CALLE, DE LA, Nº 11
439977,6200000000;4473309,9200000000;44186;01  CENTRO;01-02 EMBAJADORES;RIBERA DE CURTIDORES, CALLE, DE LA;12;CargayDescarga;Línea;7;34,00;RESERVA COMPARTIDA LABORABLES DE 8 A 15 H.EXCEPTO CARGA Y DESCARGA MAXIMO 30 MINUTOS RESTO HORARIO REGULACION SERDOMINGOS Y FESTIVOS DE 0 A 16 H.;-3.7073978;40.4082423;RIBERA DE CURTIDORES, CALLE, DE LA, Nº 12
439976,6000000000;4473284,5300000000;44186;01  CENTRO;01-02 EMBAJADORES;RIBERA DE CURTIDORES, CALLE, DE LA;12;CargayDescarga;Línea;3;16,00;RESERVA  COMPARTIDA LABORABLES DE 8 A 15 H.EXCEPTO CARGA Y DESCARGA MAXIMO 30 MINUTOS RESTO HORARIO REGULACION SERDOMINGOS Y FESTIVOS DE 0 A 16 H.;-3.7074074;40.4080135;RIBERA DE CURTIDORES, CALLE, DE LA, Nº 12
439988,7100000000;4473388,2400000000;44183;01  CENTRO;01-02 EMBAJADORES;RIBERA DE CURTIDORES, CALLE, DE LA;15;CargayDescarga;Línea;2;12,50;RESERVA COMPARTIDA LABORABLES DE 8 A 18 H.EXCEPTO CARGA Y DESCARGA MAXIMO 30 MINUTOSRESTO HORARIO REGULACION SER DOMINGOS Y FESTIVOS DE 0 A 16 H.;-3.7072745;40.4089487;RIBERA DE CURTIDORES, CALLE, DE LA, Nº 15
439997,1000000000;4473145,7400000000;44186;01  CENTRO;01-02 EMBAJADORES;RIBERA DE CURTIDORES, CALLE, DE LA;37;CargayDescarga;Batería;6;13,70;LAB. DE 8 A 14 H. Y DE 16,30 A 19 H.EXCEPTO CARGA Y DESCARGA DOMINGOS Y FESTIVOS DE 0 A 16 H.;-3.7071527;40.4067647;RIBERA DE CURTIDORES, CALLE, DE LA, Nº 37
439979,0100000000;4473398,9200000000;44186;01  CENTRO;01-02 EMBAJADORES;RIBERA DE CURTIDORES, CALLE, DE LA;4;CargayDescarga;Línea;3;15,00;RESERVA COMPARTIDA. ------------------------------------------ LABORABLES DE 8 A 15 H. EXCEPTO CARGA Y DESCARGA MÁXIMO 30 MINUTOS RESTO DE HORARIO REGULACIÓN SER ---------------------------------------------------------------------- DOMINGOS Y FESTIVOS DE 0 A 16 H.;-3.7073898;40.4090442;RIBERA DE CURTIDORES, CALLE, DE LA, Nº 4
439980,7900000000;4473448,7300000000;44186;01  CENTRO;01-02 EMBAJADORES;RIBERA DE CURTIDORES, CALLE, DE LA;7;CargayDescarga;Línea;3;16,00;RESERVA COMPARTIDA ------------------------------------------ LABORABLES DE 8 A 15 H. EXCEPTO CARGA Y DESCARGA MÁXIMO 30 MINUTOS RESTO DE HORARIO REGULACIÓN SER -------------------------------------------------------------------- DOMINGOS Y FESTIVOS DE 0 A 16 H.;-3.7073735;40.409493;RIBERA DE CURTIDORES, CALLE, DE LA, Nº 7
439981,9100000000;4473147,8600000000;44186;01  CENTRO;01-02 EMBAJADORES;RIBERA DE CURTIDORES, CALLE, DE LA;S/N;CargayDescarga;Línea;3;14,00;LAB. DE 8 A 14 H. Y DE 16,30 A 19 H.EXCEPTO CARGA Y DESCARGA DOMINGOS Y FESTIVOS DE 0 A 16 H.;-3.7073319;40.4067827;RIBERA DE CURTIDORES, CALLE, DE LA, Nº S/N
440481,9300000000;4473549,6100000000;38322;01  CENTRO;01-02 EMBAJADORES;SAN CARLOS, CALLE, DE;11;CargayDescarga;Línea;1;7,77;LABORABLES DE 8 A 15 H.EXCEPTO CARGA Y DESCARGA;-3.7014771;40.4104378;SAN CARLOS, CALLE, DE, Nº 11
440455,9100000000;4473545,2800000000;38322;01  CENTRO;01-02 EMBAJADORES;SAN CARLOS, CALLE, DE;7;CargayDescarga;Línea;2;8,77;LABORABLES DE 8 A 15 H. EXCEPTO CARGA Y DESCARGA;-3.7017833;40.4103969;SAN CARLOS, CALLE, DE, Nº 7
440742,4000000000;4473396,7500000000;35311;01  CENTRO;01-02 EMBAJADORES;SAN COSME Y SAN DAMIAN, CALLE, DE;11;CargayDescarga;Línea;3;15,30;LABORABLES DE 8 A 15 H.EXCEPTO CARGA Y DESCARGA;-3.6983931;40.4090793;SAN COSME Y SAN DAMIAN, CALLE, DE, Nº 11
440791,1000000000;4473588,6800000000;34717;01  CENTRO;01-02 EMBAJADORES;SAN EUGENIO, CALLE, DE;10;CargayDescarga;Línea;3;14,90;LAB. DE 8 A 14 H. Y DE 16,30 A 19 H. EXCEPTO CARGA Y DESCARGA;-3.6978371;40.4108118;SAN EUGENIO, CALLE, DE, Nº 10
439968,3800000000;4473664,1000000000;43816;01  CENTRO;01-02 EMBAJADORES;SAN MILLAN, CALLE, DE;2;CargayDescarga;Línea;4;23,20;LABORABLES DE 8 A 14 H.Y DE 16,30 A 19 H. EXCEPTOCARGA Y DESCARGA;-3.7075401;40.4114323;SAN MILLAN, CALLE, DE, Nº 2
440672,9500000000;4473688,2900000000;41235;01  CENTRO;01-02 EMBAJADORES;SANTA ISABEL, CALLE, DE;12;CargayDescarga;Línea;5;26,90;LABORABLES DE 8 A 14 H. Y DE 16:30 A 19 H. EXCEPTO CARGA Y DESCARGA;-3.6992388;40.4117007;SANTA ISABEL, CALLE, DE, Nº 12
440793,2900000000;4473554,0800000000;41235;01  CENTRO;01-02 EMBAJADORES;SANTA ISABEL, CALLE, DE;17;CargayDescarga;Línea;5;23,00;LABORABLES DE 8 A 14 H. Y DE 16:30 A 19 H. EXCEPTO CARGA Y DESCARGA;-3.6978081;40.4105002;SANTA ISABEL, CALLE, DE, Nº 17
440741,8100000000;4473602,3100000000;41767;01  CENTRO;01-02 EMBAJADORES;SANTA ISABEL, CALLE, DE;28;CargayDescarga;Línea;3;16,00;LABORABLES DE 8 A 17 HORAS EXCEPTO CARGA Y DESCARGA;-3.6984192;40.4109311;SANTA ISABEL, CALLE, DE, Nº 28
440884,1200000000;4473483,2900000000;41404;01  CENTRO;01-02 EMBAJADORES;SANTA ISABEL, CALLE, DE;41;CargayDescarga;Línea;3;15,24;LABORABLES DE LUNES A VIERNES DE 8 A 20 H. Y SÁBADOS DE 8 A 15 H. EXCEPTO CARGA Y DESCARGA EN LÍNEA;-3.696731;40.409869;SANTA ISABEL, CALLE, DE, Nº 41
440608,7600000000;4473217,9100000000;42213;01  CENTRO;01-02 EMBAJADORES;SOMBRERERIA, CALLE, DE LA;4;CargayDescarga;Línea;2;7,90;LABORABLES DE 8 A 14 H Y DE 16,30 A 19 HORAS EXCEPTO CYD;-3.6999514;40.4074587;SOMBRERERIA, CALLE, DE LA, Nº 4
440156,4900000000;4473765,5000000000;43756;01  CENTRO;01-02 EMBAJADORES;TIRSO DE MOLINA, PLAZA, DE;14;CargayDescarga;Batería;5;15,00;RESERVA COMPARTIDA LABORABLES DE 9 A 14 H. EXCEPTO CARGA Y DESCARGA MAXIMO 30 MINUTOS RESTO HORARIO REGULACION SER;-3.7053327;40.4123593;TIRSO DE MOLINA, PLAZA, DE, Nº 14
440221,6100000000;4473784,8000000000;43383;01  CENTRO;01-02 EMBAJADORES;TIRSO DE MOLINA, PLAZA, DE;S/N;CargayDescarga;Línea;6;35,00; LABORABLES LUNES A VIERNES DE 8 A 14 H. Y DE 16,30 A 19 H.EXCEPTO CARGA Y DESCARGA MAXIMO 30 MINUTOS RESTOHORARIO REGULACION SER;-3.7045671;40.4125378;TIRSO DE MOLINA, PLAZA, DE, Nº S/N
439712,1200000000;4473345,7300000000;37580;01  CENTRO;01-02 EMBAJADORES;TOLEDO, CALLE, DE;109;CargayDescarga;Línea;3;18,30;LABORABLES DE 8 A 14 H Y DE 16.30 A 19.00 EXCEPTO CARGA Y DESCARGA ;-3.71053;40.4085457;TOLEDO, CALLE, DE, Nº 109
439659,3700000000;4473246,0500000000;40360;01  CENTRO;01-02 EMBAJADORES;TOLEDO, CALLE, DE;123;CargayDescarga;Línea;3;15,00;LABORABLES DE 8 A 14 H Y DE 16.30 A 19.00 EXCEPTO CARGA Y DESCARGA ;-3.7111422;40.4076439;TOLEDO, CALLE, DE, Nº 123
439943,9800000000;4473734,4000000000;40240;01  CENTRO;01-02 EMBAJADORES;TOLEDO, CALLE, DE;47;CargayDescarga;Línea;4;19,10;LAB. DE 8 A 20 H.EXCEPTO CARGA Y DESCARGA;-3.7078343;40.4120638;TOLEDO, CALLE, DE, Nº 47
440303,6900000000;4473212,4700000000;42809;01  CENTRO;01-02 EMBAJADORES;TRIBULETE, CALLE, DEL;20;CargayDescarga;Línea;2;16,00;EXCEPTO CARGA Y DESCARGA;-3.703546;40.4073879;TRIBULETE, CALLE, DEL, Nº 20
440550,2300000000;4473264,6700000000;38322;01  CENTRO;01-02 EMBAJADORES;VALENCIA, CALLE, DE;10;CargayDescarga;Línea;3;15,00;LAB. DE 8 A 14 H.Y DE 16,30 A 19 H.EXCEPTOCARGA Y DESCARGA;-3.7006455;40.4078758;VALENCIA, CALLE, DE, Nº 10
440596,5300000000;4473187,6200000000;42170;01  CENTRO;01-02 EMBAJADORES;VALENCIA, CALLE, DE;11;CargayDescarga;Línea;1;6,00;DE 8 A 22 H. EXCEPTO CARGA Y DESCARGA SUBIDA DE VIAJEROS TIEMPO MÁXIMO 30 MINUTOS;-3.7000927;40.407185;VALENCIA, CALLE, DE, Nº 11
440572,0100000000;4473222,2000000000;42151;01  CENTRO;01-02 EMBAJADORES;VALENCIA, CALLE, DE;14;CargayDescarga;Línea;1;14,84;LABORABLES DE 8 A 14 Y DE 16:30 A 19 H. EXCEPTO CARGA Y DESCARGA;-3.7003849;40.4074947;VALENCIA, CALLE, DE, Nº 14
440530,6200000000;4473307,6100000000;40360;01  CENTRO;01-02 EMBAJADORES;VALENCIA, CALLE, DE;2;CargayDescarga;Línea;4;21,60;LAB. DE 8 A 14 H. Y DE 16,30 A 19 H. EXCEPTO CARGA Y DESCARGA EN LINEA;-3.7008806;40.4082612;VALENCIA, CALLE, DE, Nº 2
440564,4300000000;4473258,2300000000;43651;01  CENTRO;01-02 EMBAJADORES;VALENCIA, CALLE, DE;3;CargayDescarga;Línea;3;15,00;LABORABLES DE 8 A 19 H. EXCEPTO CARGA Y DESCARGA;-3.7004776;40.4078188;VALENCIA, CALLE, DE, Nº 3
440539,6400000000;4473287,2200000000;40360;01  CENTRO;01-02 EMBAJADORES;VALENCIA, CALLE, DE;4;CargayDescarga;Línea;2;11,90;LAB. DE 8 A 14 H. Y DE 16,30 A 19 H. EXCEPTO CARGA Y DESCARGA;-3.7007724;40.4080782;VALENCIA, CALLE, DE, Nº 4
440593,1400000000;4473195,3200000000;36230;01  CENTRO;01-02 EMBAJADORES;VALENCIA, CALLE, DE;9;CargayDescarga;Línea;2;10,00;LABORABLES DE 8 A 14 Y DE 16:30 A 19 H. EXCEPTO CARGA Y DESCARGA;-3.7001334;40.4072541;VALENCIA, CALLE, DE, Nº 9
440575,4300000000;4473029,7100000000;43649;01  CENTRO;01-02 EMBAJADORES;VALENCIA, RONDA, DE;4;CargayDescarga;Línea;3;16,00;LABORABLES DE 8 A 14 Y DE 16:30 A 19 H. EXCEPTO CARGA Y DESCARGA;-3.7003266;40.4057609;VALENCIA, RONDA, DE, Nº 4
440732,2200000000;4473770,7500000000;38700;01  CENTRO;01-03 CORTES;AMOR DE DIOS, CALLE, DEL;14;CargayDescarga;Línea;3;15,10;Laborables de 8 a 15h. Excepto Carga y Descarga;-3.698548;40.4124478;AMOR DE DIOS, CALLE, DEL, Nº 14
440618,7300000000;4474271,7000000000;42213;01  CENTRO;01-03 CORTES;ARLABAN, CALLE, DE;4;CargayDescarga;Línea;3;16,90;LABORABLES DE 9 A 17H. EXCEPTO CARGA Y DESCARGA ;-3.6999322;40.4169525;ARLABAN, CALLE, DE, Nº 4
441188,3600000000;4473457,9000000000;43648;01  CENTRO;01-03 CORTES;ATOCHA, CALLE, DE;125;CargayDescarga;Línea;2;12,10;LABORABLES DE 8 A 14 H. Y DE 16:30 A 19 H. EXCEPTO CARGA Y DESCARGA;-3.6931432;40.4096618;ATOCHA, CALLE, DE, Nº 125
440698,3100000000;4473756,9700000000;39062;01  CENTRO;01-03 CORTES;ATOCHA, CALLE, DE;69;CargayDescarga;Línea;7;33,00;EXCEPTO CARGA Y DESCARGA TEATRO Y UNIDAD MOVIL TVE;-3.6989463;40.4123212;ATOCHA, CALLE, DE, Nº 69
440759,4600000000;4473717,9200000000;43648;01  CENTRO;01-03 CORTES;ATOCHA, CALLE, DE;77;CargayDescarga;Línea;2;12,90;LABORABLES DE 8 A 14 H Y DE 16.30 A 19 HORAS EXCEPTO CARGA Y DESCARGA;-3.698222;40.4119738;ATOCHA, CALLE, DE, Nº 77
440948,2400000000;4473591,6000000000;43648;01  CENTRO;01-03 CORTES;ATOCHA, CALLE, DE;99;CargayDescarga;Línea;4;24,62;LAB. DE 8 A 14 H. Y DE 16,30 A 19 H. EXCEPTO CARGA Y DESCARGA;-3.6959854;40.4108492;ATOCHA, CALLE, DE, Nº 99
440740,0900000000;4474496,8000000000;37764;01  CENTRO;01-03 CORTES;CABALLERO DE GRACIA, CALLE, DEL;19;CargayDescarga;Línea;2;10,00;LAB. DE 8 A 14 H. EXCEPTO CARGA Y DESCARGA;-3.6985228;40.4189889;CABALLERO DE GRACIA, CALLE, DEL, Nº 19
440785,4500000000;4473977,0100000000;39062;01  CENTRO;01-03 CORTES;CERVANTES, CALLE, DE;14;CargayDescarga;Línea;2;8,00;EXCEPTO CARGA Y DESCARGA DE 8 A 15 H.;-3.6979398;40.4143096;CERVANTES, CALLE, DE, Nº 14
440858,4100000000;4473979,9600000000;39062;01  CENTRO;01-03 CORTES;CERVANTES, CALLE, DE;15;CargayDescarga;Línea;2;8,80;Laborables de 8 a 15h. Excepto Carga y Descarga;-3.6970802;40.4143414;CERVANTES, CALLE, DE, Nº 15
440750,3900000000;4473977,9400000000;39062;01  CENTRO;01-03 CORTES;CERVANTES, CALLE, DE;4;CargayDescarga;Línea;2;8,00;EXCEPTO CARGA Y DESCARGADE 8 A 15 H;-3.6983531;40.4143155;CERVANTES, CALLE, DE, Nº 4
440642,5100000000;4474542,7800000000;40360;01  CENTRO;01-03 CORTES;CLAVEL, CALLE, DEL;2;CargayDescarga;Línea;2;10,00;LAB. DE 8 A 14 H.Y DE 16,30 A 19 H. EXCEPTO CARGA Y DESCARGA;-3.6996773;40.4193962;CLAVEL, CALLE, DEL, Nº 2
440422,6400000000;4474067,3900000000;1;01  CENTRO;01-03 CORTES;CRUZ, CALLE, DE LA;29;CargayDescarga;Batería;4;9,60;Laborables de 8 a 15h. Excepto Carga y Descarga;-3.7022243;40.4150979;CRUZ, CALLE, DE LA, Nº 29
440411,0100000000;4474041,3900000000;38624;01  CENTRO;01-03 CORTES;ESPOZ Y MINA, CALLE, DE;30;CargayDescarga;Línea;2;12,60;LABORABLES DE 8 A 18 HORAS EXCEPTO CARGA Y DESCARGA;-3.7023589;40.4148629;ESPOZ Y MINA, CALLE, DE, Nº 30
440486,1100000000;4473939,4900000000;38919;01  CENTRO;01-03 CORTES;HUERTAS, CALLE, DE LAS;Fte 2;CargayDescarga;Línea;4;20,00;LABORABLES DE 8 A 18 H.EXCEPTO CARGA Y DESCARGA;-3.7014643;40.4139503;HUERTAS, CALLE, DE LAS, Nº Fte 2
440985,0400000000;4473885,0200000000;43448;01  CENTRO;01-03 CORTES;JESUS, CALLE, DE;1;CargayDescarga;Línea;3;15,00;LABORABLES DE 8 A 11 H. EXCEPTO CARGA Y DESCARGA;-3.695579;40.4134951;JESUS, CALLE, DE, Nº 1
440895,3500000000;4474270,0800000000;42940;01  CENTRO;01-03 CORTES;JOVELLANOS, CALLE, DE;7;CargayDescarga;Línea;4;18,00;LABORABLES DE 8 A 15 H.  EXCEPTO CARGA Y DESCARGA;-3.6966718;40.4169576;JOVELLANOS, CALLE, DE, Nº 7
440676,8900000000;4473854,0700000000;41015;01  CENTRO;01-03 CORTES;LEON, CALLE, DEL;26;CargayDescarga;Línea;6;30,70;Laborables de 8 a 15 h. Excepto Carga y Descarga;-3.6992078;40.4131944;LEON, CALLE, DEL, Nº 26
440722,1800000000;4473995,3500000000;36963;01  CENTRO;01-03 CORTES;LEON, CALLE, DEL;4;CargayDescarga;Línea;4;19,35;Laborables de 8 a 15 h. Excepto Carga y Descarga;-3.6986872;40.4144704;LEON, CALLE, DEL, Nº 4
440780,6900000000;4473920,2500000000;40666;01  CENTRO;01-03 CORTES;LOPE DE VEGA, CALLE, DE;13;CargayDescarga;Línea;2;10,00;LABORABLES DE 8 A 15 H.EXCEPTO CARGA Y DESCARGA;-3.6979906;40.413798;LOPE DE VEGA, CALLE, DE, Nº 13
440849,4100000000;4473912,6600000000;40112;01  CENTRO;01-03 CORTES;LOPE DE VEGA, CALLE, DE;23;CargayDescarga;Línea;3;17,00;LABORABLES DE 8 A 15 H.EXCEPTO CARGA Y DESCARGA;-3.69718;40.4137345;LOPE DE VEGA, CALLE, DE, Nº 23
440931,9100000000;4473908,4400000000;1;01  CENTRO;01-03 CORTES;LOPE DE VEGA, CALLE, DE;35;CargayDescarga;Línea;2;13,04;LABORABLES DE 8 A 15 H.EXCEPTO CARGA Y DESCARGA;-3.6962073;40.4137023;LOPE DE VEGA, CALLE, DE, Nº 35
440826,5900000000;4474336,5100000000;38702;01  CENTRO;01-03 CORTES;LOS MADRAZO, CALLE, DE;16;CargayDescarga;Línea;2;10,00;LABORABLES Y FESTIVOS DE 8 A 23 H. EXCEPTO CARGA Y DESCARGA DEL TEATRO DE LA ZARZUELA;-3.6974884;40.4175511;LOS MADRAZO, CALLE, DE, Nº 16
440922,6900000000;4474426,7400000000;43552;01  CENTRO;01-03 CORTES;MARQUES DE CASA RIERA, CALLE, DEL;2;CargayDescarga;Línea;3;18,00;LABORABLES DE 7 A 14 H. Y DE 16 A 20 H. EXCEPTO CARGA Y DESCARGA CIRCULO BELLAS ARTES;-3.6963641;40.4183708;MARQUES DE CASA RIERA, CALLE, DEL, Nº 2
440941,1300000000;4473776,2800000000;41290;01  CENTRO;01-03 CORTES;MORATIN, CALLE, DE;33;CargayDescarga;Línea;2;10,00;LABORABLES DE 8 A 15 HORAS EXCEPTO CARGA Y DESCARGA;-3.6960864;40.4125124;MORATIN, CALLE, DE, Nº 33
440841,6000000000;4474084,8000000000;40666;01  CENTRO;01-03 CORTES;PRADO, CALLE, DEL;29;CargayDescarga;Línea;3;15,00;LABORABLES DE 8 A 15 HORAS EXCEPTO CARGA Y DESCARGA;-3.6972881;40.4152847;PRADO, CALLE, DEL, Nº 29
441106,4000000000;4473956,6800000000;39645;01  CENTRO;01-03 CORTES;PRADO, PASEO, DEL;14;CargayDescarga;Línea;7;36,30;LABORABLES DE 8 A 11 H.EXCEPTO CARGA Y DESCARGA;-3.6941553;40.4141493;PRADO, PASEO, DEL, Nº 14
440668,0900000000;4474225,7300000000;41277;01  CENTRO;01-03 CORTES;SAN JERONIMO, CARRERA, DE;28;CargayDescarga;Línea;5;24,70;PERMITIDO CARGA Y DESCARGA LAB. DE 8 A 20 H.;-3.6993462;40.4165419;SAN JERONIMO, CARRERA, DE, Nº 28
440473,9600000000;4473907,2400000000;43544;01  CENTRO;01-03 CORTES;SAN SEBASTIAN, CALLE, DE;1;CargayDescarga;Línea;2;10,00;DE LUNES A VIERNES DE 8 A 20 H. EXCEPTO VEHÍCULOS AUTORIZADOS SERVICIO DE LIMPIEZA URBANA Y EQUIPAMIENTOS;-3.7016044;40.4136589;SAN SEBASTIAN, CALLE, DE, Nº 1
440650,3900000000;4474474,0300000000;38322;01  CENTRO;01-03 CORTES;VIRGEN DE LOS PELIGROS, CALLE, DE LA;10;CargayDescarga;Línea;5;25,00;LABORABLES DE 8 A 14 Y DE 16:30 A 19 H. EXCEPTO CARGA Y DESCARGA;-3.699578;40.4187774;VIRGEN DE LOS PELIGROS, CALLE, DE LA, Nº 10
440644,1000000000;4474512,1200000000;40816;01  CENTRO;01-03 CORTES;VIRGEN DE LOS PELIGROS, CALLE, DE LA;14;CargayDescarga;Línea;3;15,00;LABORABLES DE 8 A 14 Y DE 16:30 A 19 H. EXCEPTO CARGA Y DESCARGA;-3.6996557;40.4191201;VIRGEN DE LOS PELIGROS, CALLE, DE LA, Nº 14
440658,8600000000;4474434,1900000000;42213;01  CENTRO;01-03 CORTES;VIRGEN DE LOS PELIGROS, CALLE, DE LA;4;CargayDescarga;Línea;3;18,00;Laborables 8 a 14 h. y 16,30 a 19 h. Excepto Carga y Descarga.;-3.6994744;40.4184191;VIRGEN DE LOS PELIGROS, CALLE, DE LA, Nº 4
441007,7800000000;4474884,4700000000;37440;01  CENTRO;01-04 JUSTICIA;ALMIRANTE, CALLE, DEL;2;CargayDescarga;Línea;3;16,60;LABORABLES DE 9 A 20 H. EXCEPTO CARGA Y DESCARGA;-3.6954036;40.4225003;ALMIRANTE, CALLE, DEL, Nº 2
441223,2600000000;4474876,3700000000;42319;01  CENTRO;01-04 JUSTICIA;ALMIRANTE, CALLE, DEL;28;CargayDescarga;Línea;1;8,00;DE LUNES A VIERNES DE 8 A 17 H. SÁBADOS DE 8 A 15 H. EXCEPTO CARGA Y DESCARGA;-3.692863;40.4224425;ALMIRANTE, CALLE, DEL, Nº 28
440591,8300000000;4475420,4000000000;1;01  CENTRO;01-04 JUSTICIA;APODACA, CALLE, DE;14;CargayDescarga;Línea;3;16,90;LABORABLES DE 8 A 14 H. EXCEPTO CARGA Y DESCARGA;-3.7003566;40.4272986;APODACA, CALLE, DE, Nº 14
440662,3400000000;4475425,4600000000;1;01  CENTRO;01-04 JUSTICIA;APODACA, CALLE, DE;22;CargayDescarga;Línea;3;14,30;LABORABLES DE 9 A 20 HORAS EXCEPTO CARGA Y DESCARGA;-3.6995259;40.4273492;APODACA, CALLE, DE, Nº 22
441057,4900000000;4475194,3400000000;34975;01  CENTRO;01-04 JUSTICIA;ARGENSOLA, CALLE, DE;12;CargayDescarga;Línea;3;14,90;LABORABLES DE 8 A 14 H. Y DE 16:30 A 19 H. EXCEPTO CARGA Y DESCARGA;-3.6948464;40.4252952;ARGENSOLA, CALLE, DE, Nº 12
441092,8100000000;4475269,8600000000;35965;01  CENTRO;01-04 JUSTICIA;ARGENSOLA, CALLE, DE;21;CargayDescarga;Línea;3;15,30;LABORABLES DE 8 A 14 H. Y DE 16:30 A 19 H.EXCEPTO CARGA Y DESCARGA;-3.6944371;40.4259781;ARGENSOLA, CALLE, DE, Nº 21
440791,8400000000;4474852,7800000000;43307;01  CENTRO;01-04 JUSTICIA;AUGUSTO FIGUEROA, CALLE, DE;22;CargayDescarga;Línea;2;14,00;LABORABLES DE 8 A 20 HORAS EXCEPTO CARGA Y DESCARGA;-3.697946;40.4221995;AUGUSTO FIGUEROA, CALLE, DE, Nº 22
440825,8700000000;4474839,5600000000;1;01  CENTRO;01-04 JUSTICIA;AUGUSTO FIGUEROA, CALLE, DE;24;CargayDescarga;Línea;5;25,00;LABORABLES DE 8 A 20 H EXCEPTO CARGA Y DESCARGA;-3.6975437;40.4220828;AUGUSTO FIGUEROA, CALLE, DE, Nº 24
441285,8200000000;4474982,6800000000;43654;01  CENTRO;01-04 JUSTICIA;BARBARA DE BRAGANZA, CALLE, DE;13;CargayDescarga;Línea;2;8,00;LABORABLES DE 8 A 14 H Y DE 16:30 A 19 H. EXCEPTO CARGA Y DESCARGA;-3.6921354;40.4234047;BARBARA DE BRAGANZA, CALLE, DE, Nº 13
440600,6400000000;4475339,3200000000;41099;01  CENTRO;01-04 JUSTICIA;BARCELO, CALLE, DE;2 B;CargayDescarga;Línea;6;32,30;LABORABLES DE 08:30 A 13:30 EXCEPTO CARGA Y DESCARGA;-3.7002452;40.4265688;BARCELO, CALLE, DE, Nº 2 B
440674,2100000000;4475370,7200000000;43643;01  CENTRO;01-04 JUSTICIA;BARCELO, CALLE, DE;4;CargayDescarga;Línea;3;18,50;LABORABLES  8 A 17H. EXCEPTO CARGA Y DESCARGA;-3.6993809;40.4268569;BARCELO, CALLE, DE, Nº 4
440981,6100000000;4474717,3000000000;40192;01  CENTRO;01-04 JUSTICIA;BARQUILLO, CALLE, DEL;11;CargayDescarga;Línea;2;10,00;De Lunes a Viernes de 9,30 a 14,30 h  y 15,30 a 18,30 h. Excepto Carga y Descarga;-3.6956966;40.4209925;BARQUILLO, CALLE, DEL, Nº 11
440981,5700000000;4474769,3300000000;43362;01  CENTRO;01-04 JUSTICIA;BARQUILLO, CALLE, DEL;15;CargayDescarga;Línea;2;12,00;LABORABLES DE 8 A 12 H.Y 16 A 18 H. EXCEPTO CARGA Y DESCARGA;-3.6957019;40.4214612;BARQUILLO, CALLE, DEL, Nº 15
440862,8800000000;4475097,8600000000;40233;01  CENTRO;01-04 JUSTICIA;BELEN, CALLE, DE;1;CargayDescarga;Línea;2;11,00;LABORABLES DE 8 A 14 H. Y DE 16:30 A 19 H. EXCEPTO CARGA Y DESCARGA;-3.6971315;40.4244123;BELEN, CALLE, DE, Nº 1
440984,9800000000;4475098,6500000000;40233;01  CENTRO;01-04 JUSTICIA;BELEN, CALLE, DE;22;CargayDescarga;Línea;2;12,00;LABORABLES DE 8 A 14 H. Y DE 16:30 A 19 H. EXCEPTO CARGA Y DESCARGA;-3.6956923;40.4244281;BELEN, CALLE, DE, Nº 22
440913,9600000000;4475034,2300000000;42355;01  CENTRO;01-04 JUSTICIA;BELEN, TRAVESIA, DE;1;CargayDescarga;Línea;2;12,60;LABORABLES DE 8 A 14 H. Y DE 16:30 A 19 H. EXCEPTO CARGA Y DESCARGA;-3.6965234;40.4238427;BELEN, TRAVESIA, DE, Nº 1
441120,3200000000;4474960,6400000000;40360;01  CENTRO;01-04 JUSTICIA;CONDE DE XIQUENA, CALLE, DEL;10;CargayDescarga;Línea;2;10,00;LAB. DE 8 A 14 H. Y DE 16,30 A 19 H. EXCEPTO CARGA Y DESCARGA;-3.6940842;40.4231944;CONDE DE XIQUENA, CALLE, DEL, Nº 10
440870,4100000000;4475251,7900000000;44113;01  CENTRO;01-04 JUSTICIA;FERNANDO VI, CALLE, DE;2;CargayDescarga;Línea;2;12,10;LABORABLES 8 A 14 H. EXCEPTO CARGA Y DESCARGA;-3.697057;40.4257995;FERNANDO VI, CALLE, DE, Nº 2
440985,4300000000;4475144,1700000000;43330;01  CENTRO;01-04 JUSTICIA;FERNANDO VI, CALLE, DE;21;CargayDescarga;Línea;3;13,00;LABORABLES DE 8 A 14 H. Y DE 16:30 A 19H. EXCEPTO CARGA Y DESCARGA;-3.6956912;40.4248382;FERNANDO VI, CALLE, DE, Nº 21
440462,3100000000;4475491,8300000000;41744;01  CENTRO;01-04 JUSTICIA;FUENCARRAL, CALLE, DE;98;CargayDescarga;Línea;5;24,77;LABORABLES DE 8 A 17 H. EXCEPTO CARGA Y DESCARGA;-3.7018901;40.4279328;FUENCARRAL, CALLE, DE, Nº 98
441106,1700000000;4475362,0100000000;43392;01  CENTRO;01-04 JUSTICIA;GENOVA, CALLE, DE;14;CargayDescarga;Línea;5;25,40;LABORABLES DE 8 A 14 H. Y DE 16:30 A 19 H. EXCEPTO CARGA Y DESCARGA;-3.6942881;40.4268091;GENOVA, CALLE, DE, Nº 14
441309,9100000000;4475217,2300000000;36578;01  CENTRO;01-04 JUSTICIA;GENOVA, CALLE, DE;28;CargayDescarga;Línea;3;21,50;LABORABLES DE LUNES A VIERNES DE 8 A 17 H. EXCEPTO CARGA Y DESCARGA;-3.6918731;40.4255193;GENOVA, CALLE, DE, Nº 28
440853,6000000000;4474923,2700000000;40233;01  CENTRO;01-04 JUSTICIA;GRAVINA, CALLE, DE;12;CargayDescarga;Línea;2;11,40;LAB. DE 8 A 14 H. Y DE 16,30 A 19 H. EXCEPTO CARGA Y DESCARGA ;-3.6972246;40.4228389;GRAVINA, CALLE, DE, Nº 12
440573,0300000000;4474739,9700000000;43451;01  CENTRO;01-04 JUSTICIA;HORTALEZA, CALLE, DE;18;CargayDescarga;Línea;3;15,00;LABORABLES DE 8 A 14 H. Y DE 16:30 A 19 H. EXCEPTO CARGA Y DESCARGA;-3.7005146;40.4211676;HORTALEZA, CALLE, DE, Nº 18
440524,1100000000;4474643,1800000000;41885;01  CENTRO;01-04 JUSTICIA;HORTALEZA, CALLE, DE;3;CargayDescarga;Línea;3;16,70;DE 19 A 9 H. EXCEPTO CARGA Y DESCARGA;-3.7010822;40.4202922;HORTALEZA, CALLE, DE, Nº 3
440631,9300000000;4474841,8300000000;1;01  CENTRO;01-04 JUSTICIA;HORTALEZA, CALLE, DE;33;CargayDescarga;Línea;5;23,50;LABORABLES DE 8 A 14 H. Y 16:30 A 19 H. EXCEPTO CARGA Y DESCARGA;-3.6998299;40.4220894;HORTALEZA, CALLE, DE, Nº 33
440714,7500000000;4474987,7000000000;37674;01  CENTRO;01-04 JUSTICIA;HORTALEZA, CALLE, DE;59;CargayDescarga;Línea;8;14,10;LABORABLES DE 8 A 17 H. EXCEPTO CARGA Y DESCARGA;-3.6988673;40.4234094;HORTALEZA, CALLE, DE, Nº 59
440723,2600000000;4475004,7800000000;43116;01  CENTRO;01-04 JUSTICIA;HORTALEZA, CALLE, DE;61;CargayDescarga;Línea;1;7,20;LABORABLES DE 8 A 17 H. EXCEPTO CARGA Y DESCARGA;-3.6987686;40.4235639;HORTALEZA, CALLE, DE, Nº 61
440541,2200000000;4474679,4700000000;40360;01  CENTRO;01-04 JUSTICIA;HORTALEZA, CALLE, DE;7;CargayDescarga;Línea;3;16,30;LABORABLES DE 8 A 14 H. Y 16:30 A 19H. EXCEPTO CARGA Y DESCARGA;-3.7008839;40.4206203;HORTALEZA, CALLE, DE, Nº 7
440847,4800000000;4474616,7300000000;43116;01  CENTRO;01-04 JUSTICIA;INFANTAS, CALLE, DE LAS;27;CargayDescarga;Línea;1;5,00;LAB. DE 8 A 14 H. Y DE 16,30 A 19 H. EXCEPTO CARGA Y DESCARGA ;-3.6972682;40.420077;INFANTAS, CALLE, DE LAS, Nº 27
440868,1200000000;4474867,5300000000;40233;01  CENTRO;01-04 JUSTICIA;LIBERTAD, CALLE, DE LA;30;CargayDescarga;Línea;2;11,40;LAB. DE 8 A 14 H. Y DE 16,30 A 19 H. EXCEPTO CARGA Y DESCARGA;-3.6970483;40.4223378;LIBERTAD, CALLE, DE LA, Nº 30
440897,6600000000;4474924,7400000000;40715;01  CENTRO;01-04 JUSTICIA;LUIS DE GONGORA, CALLE, DE;2;CargayDescarga;Línea;2;10,10;LAB. DE 8 A 14 H. Y DE 16,30 A 19 H. EXCEPTO CARGA Y DESCARGA;-3.6967054;40.4228552;LUIS DE GONGORA, CALLE, DE, Nº 2
440868,2700000000;4474518,8500000000;38477;01  CENTRO;01-04 JUSTICIA;MARQUES DE VALDEIGLESIAS, CALLE, DEL;2;CargayDescarga;Línea;3;15,00;LABORABLES DE 8 A 14 H. Y DE 16,30 A 19 H. EXCEPTO CARGA Y DESCARGA;-3.6970141;40.4191967;MARQUES DE VALDEIGLESIAS, CALLE, DEL, Nº 2
440684,4000000000;4474811,0000000000;1;01  CENTRO;01-04 JUSTICIA;PELAYO, CALLE, DE;1;CargayDescarga;Línea;3;15,20;LAB. DE 8 A 14 H.Y DE 16,30 A 19 H.EXCEPTO CARGA Y DESCARGA;-3.6992085;40.4218154;PELAYO, CALLE, DE, Nº 1
440978,1000000000;4474954,9600000000;40233;01  CENTRO;01-04 JUSTICIA;PIAMONTE, CALLE, DEL;11;CargayDescarga;Línea;4;18,40;LABORABLES  DE 8 A 14 H. Y DE 16:30 A 19 H. EXCEPTO CARGA Y DESCARGA;-3.69576;40.4231332;PIAMONTE, CALLE, DEL, Nº 11
441068,3000000000;4475115,9000000000;1;01  CENTRO;01-04 JUSTICIA;SALESAS, PLAZA, DE LAS;3;CargayDescarga;Batería;1;4,00;LAB. DE 8 A 20 H EXCEPTO CARGA Y DESCARGA.;-3.6947117;40.4245894;SALESAS, PLAZA, DE LAS, Nº 3
441060,3700000000;4475037,5000000000;38691;01  CENTRO;01-04 JUSTICIA;SALESAS, PLAZA, DE LAS;9;CargayDescarga;Línea;3;15,00;LABORABLES DE 8 A 14 H. Y DE 16:30 A 19 H. EXCEPTO CARGA Y DESCARGA.;-3.6947979;40.4238826;SALESAS, PLAZA, DE LAS, Nº 9
440833,7500000000;4474958,6700000000;40233;01  CENTRO;01-04 JUSTICIA;SAN GREGORIO, CALLE, DE;2;CargayDescarga;Línea;2;11,50;LAB. DE 8 A 14 H. Y DE 16,30 A 19 H. EXCEPTO CARGA Y DESCARGA;-3.6974619;40.4231563;SAN GREGORIO, CALLE, DE, Nº 2
440740,2200000000;4475161,2500000000;39461;01  CENTRO;01-04 JUSTICIA;SAN LORENZO, CALLE, DE;13;CargayDescarga;Línea;3;15,00;LABORABLES DE 8 A 14 H. Y DE 16:30 A 19 H. EXCEPTO CARGA Y DESCARGA;-3.6985832;40.4249746;SAN LORENZO, CALLE, DE, Nº 13
441013,6100000000;4475016,3700000000;39503;01  CENTRO;01-04 JUSTICIA;SAN LUCAS, CALLE, DE;19;CargayDescarga;Línea;3;16,50;LABORABLES DE 8 A 14 H. EXCEPTO CARGA Y DESCARGA;-3.6953472;40.4236889;SAN LUCAS, CALLE, DE, Nº 19
440886,5800000000;4475022,1200000000;43781;01  CENTRO;01-04 JUSTICIA;SAN LUCAS, CALLE, DE;3;CargayDescarga;Línea;15;15,00;LABORABLES DE 8 A 17 HORAS EXCEPTO CARGA Y DESCARGA;-3.6968451;40.4237317;SAN LUCAS, CALLE, DE, Nº 3
440956,3300000000;4475015,8800000000;40233;01  CENTRO;01-04 JUSTICIA;SAN LUCAS, CALLE, DE;6;CargayDescarga;Línea;2;11,40;LABORABLES DE 8 A 14 H. Y DE 16:30 A 19 H. EXCEPTO CARGA Y DESCARGA;-3.6960223;40.4236804;SAN LUCAS, CALLE, DE, Nº 6
440657,7000000000;4475210,9600000000;1;01  CENTRO;01-04 JUSTICIA;SAN MATEO, CALLE, DE;12;CargayDescarga;Línea;3;13,64;LAB. DE 8 A 11 H Y DE 14,30 A 17,30 HEXCEPTO CARGA Y DESCARGA;-3.6995606;40.4254165;SAN MATEO, CALLE, DE, Nº 12
440744,2300000000;4475260,7300000000;1;01  CENTRO;01-04 JUSTICIA;SAN MATEO, CALLE, DE;24;CargayDescarga;Línea;2;12,30;LABORABLES DE 8 A 14 H. Y DE 16:30 A 19 H. EXCEPTO CARGA Y DESCARGA;-3.6985452;40.4258711;SAN MATEO, CALLE, DE, Nº 24
440791,6200000000;4475179,7700000000;40360;01  CENTRO;01-04 JUSTICIA;SAN MATEO, TRAVESIA, DE;14;CargayDescarga;Línea;2;10,45;LABORABLES DE 8 A 14 H. Y DE 16:30 A 19 H. EXCEPTO CARGA Y DESCARGA;-3.6979791;40.4251451;SAN MATEO, TRAVESIA, DE, Nº 14
440737,1800000000;4475108,4500000000;42088;01  CENTRO;01-04 JUSTICIA;SANTA BRIGIDA, CALLE, DE;12;CargayDescarga;Línea;1;5,50;DE LUNES A VIERNES DE 9 A 17 H. EXCEPTO CARGA Y DECARGA;-3.6986141;40.4244988;SANTA BRIGIDA, CALLE, DE, Nº 12
440653,7800000000;4475107,4000000000;43164;01  CENTRO;01-04 JUSTICIA;SANTA BRIGIDA, CALLE, DE;13;CargayDescarga;Línea;3;13,00;LABORABLES DE 8 A 14 H. Y DE 16:30 A 19 H.EXCEPTO CARGA Y DESCARGA;-3.6995971;40.4244834;SANTA BRIGIDA, CALLE, DE, Nº 13
441037,4200000000;4475193,0400000000;44156;01  CENTRO;01-04 JUSTICIA;SANTA TERESA, CALLE, DE;11;CargayDescarga;Línea;2;9,00;LABORABLES DE 8 A 14 H. Y DE 16:30 A 19 H. EXCEPTO CARGA Y DESCARGA;-3.6950829;40.4252821;SANTA TERESA, CALLE, DE, Nº 11
441023,7200000000;4474964,6700000000;40998;01  CENTRO;01-04 JUSTICIA;SANTO TOME, CALLE, DE;1;CargayDescarga;Línea;3;15,80;LABORABLES DE 8 A 14 H. Y DE 16:30 A 20 H. EXCEPTO CARGA Y DESCARGA;-3.6952232;40.4232239;SANTO TOME, CALLE, DE, Nº 1
440773,0900000000;4474622,0000000000;43200;01  CENTRO;01-04 JUSTICIA;VICTOR HUGO, CALLE, DE;5;CargayDescarga;Línea;1;10,00;DE LUNES A VIERNES DE 9 A 14 H. Y DE 16,30 A 20 H. SÁBADOS DE 8 A 15 H. EXCEPTO CARGA Y DESCARGA;-3.6981455;40.4201191;VICTOR HUGO, CALLE, DE, Nº 5
439928,0400000000;4475390,3800000000;43735;01  CENTRO;01-05 UNIVERSIDAD;ACUERDO, CALLE, DEL;18;CargayDescarga;Línea;3;15,00;LABORABLES DE 8 A 17 H. EXCEPTO CARGA Y DESCARGA;-3.7081786;40.4269805;ACUERDO, CALLE, DEL, Nº 18
439953,1700000000;4475608,2000000000;43749;01  CENTRO;01-05 UNIVERSIDAD;ACUERDO, CALLE, DEL;33;CargayDescarga;Línea;3;15,00;LABORABLES DE 8 A 17 H.  EXCEPTO CARGA Y DESCARGA ;-3.7079029;40.4289445;ACUERDO, CALLE, DEL, Nº 33
439962,5100000000;4475678,7200000000;1;01  CENTRO;01-05 UNIVERSIDAD;ACUERDO, CALLE, DEL;41;CargayDescarga;Línea;2;10,40;LABORABLES DE 8 A 14 H.  Y DE 16,30 A 19 H. EXCEPTO CARGA Y DESCARGA ;-3.7077995;40.4295805;ACUERDO, CALLE, DEL, Nº 41
439910,5500000000;4475291,2100000000;43735;01  CENTRO;01-05 UNIVERSIDAD;ACUERDO, CALLE, DEL;5;CargayDescarga;Línea;3;15,00;LABORABLES DE 8 A 17 H. EXCEPTO CARGA Y DESCARGA;-3.7083754;40.4260858;ACUERDO, CALLE, DEL, Nº 5
439840,5300000000;4475169,3000000000;43847;01  CENTRO;01-05 UNIVERSIDAD;AMANIEL, CALLE, DE;2;CargayDescarga;Línea;1;7,00;LABORABLES DE 8 A 17 H. EXCEPTO CARGA Y DESCARGA;-3.7091892;40.4249826;AMANIEL, CALLE, DE, Nº 2
439827,4800000000;4475360,7700000000;43847;01  CENTRO;01-05 UNIVERSIDAD;AMANIEL, CALLE, DE;26;CargayDescarga;Línea;3;19,20;LABORABLES DE 8 A 14 H. Y DE 16:30 A 19 H. EXCEPTO CARGA Y DESCARGA;-3.7093612;40.4267065;AMANIEL, CALLE, DE, Nº 26
440349,3200000000;4474920,9500000000;35310;01  CENTRO;01-05 UNIVERSIDAD;BALLESTA, CALLE, DE LA;30;CargayDescarga;Línea;3;16,00;LABORABLES DE 9 A 20 H EXCEPTO CARGA Y DESCARGA ;-3.7031685;40.422782;BALLESTA, CALLE, DE LA, Nº 30
440409,8800000000;4474921,9600000000;43395;01  CENTRO;01-05 UNIVERSIDAD;BARCO, CALLE, DEL;35;CargayDescarga;Línea;2;11,00;EXCEPTO VEHÍCULOS DE ALMACEN DE MATERIALES DE LUNES A VIERNES DE 7 A 21 H Y SÁBADOS DE 7 A 15 H;-3.7024547;40.4227954;BARCO, CALLE, DEL, Nº 35
440451,8800000000;4475034,2500000000;36280;01  CENTRO;01-05 UNIVERSIDAD;COLON, CALLE, DE;15;CargayDescarga;Línea;2;15,00;LABORABLES DE 8 A 14 H. Y DE 16,30 A 19H. EXCEPTO CARGA Y DESCARGA;-3.7019702;40.42381;COLON, CALLE, DE, Nº 15
440219,3100000000;4474724,2100000000;39210;01  CENTRO;01-05 UNIVERSIDAD;CONCEPCION ARENAL, CALLE, DE;8;CargayDescarga;Línea;2;10,24;LABORABLES DE 8 A 14 H. Y DE 16,30 A 19H. EXCEPTO CARGA Y DESCARGA;-3.7046824;40.4210003;CONCEPCION ARENAL, CALLE, DE, Nº 8
439855,9700000000;4475684,3000000000;1;01  CENTRO;01-05 UNIVERSIDAD;CONDE DUQUE, CALLE, DEL;23;CargayDescarga;Línea;3;15,00;LABORABLES DE 8 A 14 H. Y DE 16,30 A 19 H. EXCEPTO CARGA Y DESCARGA;-3.7090559;40.429623;CONDE DUQUE, CALLE, DEL, Nº 23
439760,5100000000;4475484,1000000000;41744;01  CENTRO;01-05 UNIVERSIDAD;CONDE DUQUE, CALLE, DEL;30;CargayDescarga;Línea;2;10,00;LABORABLES DE 8 A 17 H. EXCEPTO CARGA Y DESCARGA;-3.7101623;40.4278126;CONDE DUQUE, CALLE, DEL, Nº 30
439755,1100000000;4475276,9900000000;35986;01  CENTRO;01-05 UNIVERSIDAD;CONDE DUQUE, TRAVESIA, DEL;7;CargayDescarga;Línea;2;10,00;lab. de 8 a 14 h y de 16.30 a 19 h excepto: [CARGA Y DESCARGA] ;-3.7102063;40.4259465;CONDE DUQUE, TRAVESIA, DEL, Nº 7
440202,8300000000;4474792,1000000000;41078;01  CENTRO;01-05 UNIVERSIDAD;CORREDERA BAJA DE SAN PABLO, CALLE, DE LA;1;CargayDescarga;Línea;2;12,60;LABORABLES DE 8 A 14 H. Y DE 16:30 A 19H. EXCEPTO CARGA Y DESCARGA;-3.7048831;40.4216107;CORREDERA BAJA DE SAN PABLO, CALLE, DE LA, Nº 1
440352,5700000000;4474946,3200000000;40863;01  CENTRO;01-05 UNIVERSIDAD;CORREDERA BAJA DE SAN PABLO, CALLE, DE LA;41;CargayDescarga;Línea;3;15,00;LABORABLES DE 8 A 14 H. Y DE 16:30 A 19H. EXCEPTO CARGA Y DESCARGA;-3.7031325;40.4230107;CORREDERA BAJA DE SAN PABLO, CALLE, DE LA, Nº 41
440387,1100000000;4474983,6800000000;36710;01  CENTRO;01-05 UNIVERSIDAD;CORREDERA BAJA DE SAN PABLO, CALLE, DE LA;49;CargayDescarga;Línea;4;18,60;LABORABLES DE 8 A 14 H. Y DE 16:30 A 19H. EXCEPTO CARGA Y DESCARGA;-3.7027289;40.4233498;CORREDERA BAJA DE SAN PABLO, CALLE, DE LA, Nº 49
440415,0500000000;4475031,0100000000;36693;01  CENTRO;01-05 UNIVERSIDAD;CORREDERA BAJA DE SAN PABLO, CALLE, DE LA;Fte 34;CargayDescarga;Línea;3;18,40;LABORABLES DE 8 A 14 H. Y DE 16:30 A 19H. EXCEPTO CARGA Y DESCARGA;-3.702404;40.4237781;CORREDERA BAJA DE SAN PABLO, CALLE, DE LA, Nº Fte 34
439610,7200000000;4475265,5500000000;43580;01  CENTRO;01-05 UNIVERSIDAD;CRISTINO MARTOS, PLAZA, DE;3;CargayDescarga;Línea;2;12,00;LABORABLES DE 8 A 20 H. EXCEPTO CARGA Y DESCARGA;-3.7119073;40.425833;CRISTINO MARTOS, PLAZA, DE, Nº 3
440327,1600000000;4474711,6100000000;43321;01  CENTRO;01-05 UNIVERSIDAD;DESENGAÑO, CALLE, DEL;7;CargayDescarga;Línea;3;14,00;LABORABLES (EXCEPTO SÁBADOS DE 08 A 20 H) Y SÁBADOS DE 8 A 15 H;-3.70341;40.4208945;DESENGAÑO, CALLE, DEL, Nº 7
440426,3700000000;4475099,2800000000;37771;01  CENTRO;01-05 UNIVERSIDAD;DON FELIPE, CALLE, DE;1;CargayDescarga;Línea;3;15,00;LABORABLES DE 8 A 14 H. Y DE 16:30 A 19 H. EXCEPTO CARGA Y DESCARGA;-3.702277;40.424394;DON FELIPE, CALLE, DE, Nº 1
440264,4300000000;4475279,3000000000;42791;01  CENTRO;01-05 UNIVERSIDAD;DOS DE MAYO, CALLE, DEL;4;CargayDescarga;Línea;3;17,60;LABORABLES DE 8 A 17 H. EXCEPTO CARGA Y DESCARGA;-3.7042028;40.426004;DOS DE MAYO, CALLE, DEL, Nº 4
440306,5700000000;4475212,5000000000;41767;01  CENTRO;01-05 UNIVERSIDAD;ESPIRITU SANTO, CALLE, DEL;26;CargayDescarga;Línea;3;17,00;LABORABLES DE LUNES A VIERNES DE 8 A 17 H. Y SÁBADOS LABORABLES DE 8 A 15 H. EXCEPTO CARGA Y DESCARGA. **** SÁBADOS LABORABLES DE 15:45 A 17:15 H. EXCEPTO SERVICIO PUNTO LIMPIO;-3.7036998;40.4254053;ESPIRITU SANTO, CALLE, DEL, Nº 26
440556,3200000000;4475097,7600000000;41843;01  CENTRO;01-05 UNIVERSIDAD;FUENCARRAL, CALLE, DE;61;CargayDescarga;Línea;2;14,00;LABORABLES DE 8 A 19 HORAS EXCEPTO CARGA Y DESCARGA;-3.700745;40.4243896;FUENCARRAL, CALLE, DE, Nº 61
440539,1600000000;4475199,8600000000;40360;01  CENTRO;01-05 UNIVERSIDAD;FUENCARRAL, CALLE, DE;79;CargayDescarga;Línea;5;25,00;LABORABLES DE 8 A 14 H. Y DE 16:30 A 19H. EXCEPTO CARGA Y DESCARGA;-3.7009569;40.4253081;FUENCARRAL, CALLE, DE, Nº 79
440181,7000000000;4475035,0600000000;37771;01  CENTRO;01-05 UNIVERSIDAD;JESUS DEL VALLE, CALLE, DE;2;CargayDescarga;Línea;2;10,00;;-3.705155;40.4237979;JESUS DEL VALLE, CALLE, DE, Nº 2
440349,6100000000;4475182,9900000000;40084;01  CENTRO;01-05 UNIVERSIDAD;JESUS DEL VALLE, CALLE, DE;40;CargayDescarga;Línea;2;10,40;LABORABLES DE 8 A 14 H. Y DE 16,30 A 19 H. EXCEPTO CARGA Y DESCARGA;-3.7031896;40.4251426;JESUS DEL VALLE, CALLE, DE, Nº 40
439733,9100000000;4475056,0800000000;43889;01  CENTRO;01-05 UNIVERSIDAD;MAESTRO GUERRERO, CALLE, DEL;2;CargayDescarga;Línea;3;15,00;LUNES A SÁBADOS DE 8 A 14.30 H. EXCEPTO CARGA Y DESCARGA ;-3.7104353;40.4239549;MAESTRO GUERRERO, CALLE, DEL, Nº 2
440357,6500000000;4475564,7900000000;35101;01  CENTRO;01-05 UNIVERSIDAD;MANUELA MALASAÑA, CALLE, DE;9;CargayDescarga;Línea;3;16,70;LABORABLES DE 8 A 14 H. Y DE 16,30 A 19 H. EXCEPTO CARGA Y DESCARGA;-3.7031307;40.4285826;MANUELA MALASAÑA, CALLE, DE, Nº 9
440187,6600000000;4475415,2200000000;35101;01  CENTRO;01-05 UNIVERSIDAD;MONTELEON, CALLE, DE;2;CargayDescarga;Línea;3;15,70;LABORABLES DE 8 A 14 H. Y DE 16:30 A 19 H. EXCEPTO CARGA Y DESCARGA;-3.7051205;40.427223;MONTELEON, CALLE, DE, Nº 2
439857,7400000000;4474956,0800000000;40360;01  CENTRO;01-05 UNIVERSIDAD;MOSTENSES, PLAZA, DE LOS;13;CargayDescarga;Batería;6;14,80;LAB. DE 9 A 20 h. EXCEPTO: [CARGA Y DESCARGA];-3.7089662;40.423063;MOSTENSES, PLAZA, DE LOS, Nº 13
440008,8600000000;4475339,7700000000;43880;01  CENTRO;01-05 UNIVERSIDAD;NORTE, CALLE, DEL;12;CargayDescarga;Línea;2;12,30;LABORABLES DE 8 A 17 HORAS EXCEPTO CARGA Y DESCARGA;-3.7072211;40.4265304;NORTE, CALLE, DEL, Nº 12
439854,3400000000;4475247,2900000000;43748;01  CENTRO;01-05 UNIVERSIDAD;NOVICIADO, CALLE, DEL;20;CargayDescarga;Línea;2;10,90;LABORABLES DE 8 A 17 HORAS EXCEPTO CARGA Y DESCARGA;-3.7090338;40.4256861;NOVICIADO, CALLE, DEL, Nº 20
440072,7000000000;4475079,7300000000;35166;01  CENTRO;01-05 UNIVERSIDAD;PEZ, CALLE, DEL;36;CargayDescarga;Línea;4;19,30;LABORABLES DE 8 A 14 H. Y DE 16,30 A 19 H.EXCEPTO CARGA Y DESCARGA;-3.706444;40.4241924;PEZ, CALLE, DEL, Nº 36
440242,2000000000;4474956,9900000000;42367;01  CENTRO;01-05 UNIVERSIDAD;PEZ, CALLE, DEL;8;CargayDescarga;Línea;1;12,00;LABORABLES  DE 8 A 14 H. Y DE 16:30 A 19 H. EXCEPTO CARGA Y DESCARGA;-3.7044345;40.4230989;PEZ, CALLE, DEL, Nº 8
440299,9900000000;4474863,3300000000;40581;01  CENTRO;01-05 UNIVERSIDAD;PUEBLA, CALLE, DE LA;15;CargayDescarga;Línea;1;5,30;LABORABLES DE 8 A 14 H. Y DE 16:30 A 19 H. EXCEPTO CARGA Y DESCARGA  ;-3.7037445;40.4222593;PUEBLA, CALLE, DE LA, Nº 15
439886,9200000000;4475099,5300000000;40360;01  CENTRO;01-05 UNIVERSIDAD;REYES, CALLE, DE LOS;5;CargayDescarga;Línea;1;7,50;LABORABLES DE 8 A 15 H. EXCEPTO CARGA Y DESCARGA;-3.7086358;40.4243574;REYES, CALLE, DE LOS, Nº 5
439829,5000000000;4474960,2500000000;40360;01  CENTRO;01-05 UNIVERSIDAD;RICARDO LEON, CALLE, DE;2;CargayDescarga;Línea;1;7,00;LABORABLES DE 7 A 12 H. Y DE 14,30 A 18 H. EXCEPTO CARGA Y DESCARGA EN LINEA MAXIMO 1 HORA;-3.7092994;40.4230986;RICARDO LEON, CALLE, DE, Nº 2
439810,7600000000;4474976,0400000000;40360;01  CENTRO;01-05 UNIVERSIDAD;RICARDO LEON, CALLE, DE;2;CargayDescarga;Línea;4;18,40;LABORABLES DE 7 A 12 H. Y DE 14,30 A 18 H. EXCEPTO CARGA Y DESCARGA EN LINEA MAXIMO 1 HORA;-3.7095218;40.4232394;RICARDO LEON, CALLE, DE, Nº 2
439824,1900000000;4474945,8900000000;40616;01  CENTRO;01-05 UNIVERSIDAD;RICARDO LEON, CALLE, DE;3;CargayDescarga;Línea;4;23,10;LABORABLES DE 7 A 13 h EXCEPTO CARGA Y DESCARGA;-3.7093607;40.4229688;RICARDO LEON, CALLE, DE, Nº 3
439804,0200000000;4474962,6100000000;40548;01  CENTRO;01-05 UNIVERSIDAD;RICARDO LEON, CALLE, DE;7;CargayDescarga;Línea;4;21,51;LABORABLES DE 7 A 13 H EXCEPTO CARGA Y DESCARGA;-3.7096;40.423118;RICARDO LEON, CALLE, DE, Nº 7
440318,3400000000;4475415,9400000000;41744;01  CENTRO;01-05 UNIVERSIDAD;SAN ANDRES, CALLE, DE;24;CargayDescarga;Línea;2;13,00;LABORABLES DE 8 A 17 H. EXCEPTO CARGA Y DESCARGA;-3.7035801;40.4272388;SAN ANDRES, CALLE, DE, Nº 24
439728,8000000000;4475193,6500000000;35718;01  CENTRO;01-05 UNIVERSIDAD;SAN BERNARDINO, CALLE, DE;7;CargayDescarga;Línea;3;14,30;Lab. de 9 a 14 h y de 16.30 a 19 h excepto: CARGA Y DESCARGA;-3.7105086;40.4251938;SAN BERNARDINO, CALLE, DE, Nº 7
439989,6000000000;4474989,8800000000;42892;01  CENTRO;01-05 UNIVERSIDAD;SAN BERNARDO, CALLE, DE;30;CargayDescarga;Línea;3;17,30;LABORABLES DE 8 A 14 H. Y DE 16:30 A 19 H. EXCEPTO CARGA Y DESCARGA;-3.7074151;40.423377;SAN BERNARDO, CALLE, DE, Nº 30
439995,4900000000;4475155,9900000000;42727;01  CENTRO;01-05 UNIVERSIDAD;SAN BERNARDO, CALLE, DE;48;CargayDescarga;Línea;1;5,50;LABORABLES DE LUNES A SÁBADOS DE 8 A 15H EXCEPTO CARGA Y DESCARGA;-3.7073613;40.4248739;SAN BERNARDO, CALLE, DE, Nº 48
440039,7100000000;4475311,9600000000;43145;01  CENTRO;01-05 UNIVERSIDAD;SAN BERNARDO, CALLE, DE;64;CargayDescarga;Línea;2;8,30;LABORABLES DE 8 A 17 H. EXCEPTO CARGA Y DESCARGA;-3.7068548;40.4262821;SAN BERNARDO, CALLE, DE, Nº 64
440091,8600000000;4475446,7800000000;44230;01  CENTRO;01-05 UNIVERSIDAD;SAN BERNARDO, CALLE, DE;72;CargayDescarga;Línea;2;12,00;LABORABLES DE 8 A 17 HORAS EXCEPTO CARGA Y DESCARGA;-3.7062528;40.4275004;SAN BERNARDO, CALLE, DE, Nº 72
440087,5300000000;4475525,1000000000;43748;01  CENTRO;01-05 UNIVERSIDAD;SAN BERNARDO, CALLE, DE;83;CargayDescarga;Línea;4;20,00;LABORABLES DE 8 A 17 HORAS EXCEPTO CARGA Y DESCARGA;-3.7063112;40.4282056;SAN BERNARDO, CALLE, DE, Nº 83
439967,2900000000;4475377,6900000000;43735;01  CENTRO;01-05 UNIVERSIDAD;SAN DIMAS, CALLE, DE;3;CargayDescarga;Línea;3;15,00;LABORABLES DE 8 A 17 H. EXCEPTO CARGA Y DESCARGA;-3.7077147;40.426869;SAN DIMAS, CALLE, DE, Nº 3
440435,0700000000;4475081,3400000000;38945;01  CENTRO;01-05 UNIVERSIDAD;SAN ILDEFONSO, PLAZA, DE;5;CargayDescarga;Línea;2;12,00;LABORABLES DE 8 A 14 H. Y DE 16:30 A 19 H. EXCEPTO CARGA Y DESCARGA;-3.7021727;40.424233;SAN ILDEFONSO, PLAZA, DE, Nº 5
439441,1400000000;4475749,5000000000;40081;01  CENTRO;01-05 UNIVERSIDAD;SERRANO JOVER, CALLE, DE;8;CargayDescarga;Línea;3;15,00;LABORABLES DE 9 A 14 H. Y DE 14,30 A 19 H.EXCEPTO CARGA Y DESCARGA;-3.7139523;40.4301803;SERRANO JOVER, CALLE, DE, Nº 8
440059,3100000000;4474732,2000000000;40469;01  CENTRO;01-05 UNIVERSIDAD;SILVA, CALLE, DE;10;CargayDescarga;Línea;4;20,00;LABORABLES DE 8 A 14 H. Y DE 16:30 A 19 H. EXCEPTO CARGA Y DESCARGA;-3.7065691;40.4210608;SILVA, CALLE, DE, Nº 10
440137,9200000000;4474823,2200000000;39210;01  CENTRO;01-05 UNIVERSIDAD;SILVA, CALLE, DE;25;CargayDescarga;Línea;3;15,00;LABORABLES DE LUNES A VIERNES DE 8 A 14 H. Y DE 16:30 A 19 H. Y SÁBADOS LABORABLES DE 8 A 15 H. EXCEPTO CARGA Y DESCARGA SÁBADOS LABORABLES DE 17:30 A 19 H. EXCEPTO SERVICIO PUNTO LIMPIO;-3.7056511;40.4218864;SILVA, CALLE, DE, Nº 25
440100,7000000000;4474707,8200000000;41585;01  CENTRO;01-05 UNIVERSIDAD;TUDESCOS, CALLE, DE LOS;1;CargayDescarga;Línea;5;34,50;LABORABLES DE 8 a 17 H EXCEPTO C Y D ;-3.706079;40.4208441;TUDESCOS, CALLE, DE LOS, Nº 1
440457,2700000000;4474811,0700000000;39645;01  CENTRO;01-05 UNIVERSIDAD;VALVERDE, CALLE, DE;20;CargayDescarga;Línea;2;12,04;LABORABLES DE 8 A 14 Y DE 16:30 A 19 H. EXCEPTO CARGA Y DESCARGA;-3.7018858;40.4217998;VALVERDE, CALLE, DE, Nº 20
440466,9300000000;4474862,3400000000;39104;01  CENTRO;01-05 UNIVERSIDAD;VALVERDE, CALLE, DE;21;CargayDescarga;Línea;2;9,90;LABORABLES DE 8 A 14 Y DE 16:30 A 19 H. EXCEPTO CARGA Y DESCARGA;-3.7017767;40.4222624;VALVERDE, CALLE, DE, Nº 21
440435,8900000000;4474731,0600000000;1;01  CENTRO;01-05 UNIVERSIDAD;VALVERDE, CALLE, DE;9;CargayDescarga;Línea;3;16,90;LABORABLES DE 8 A 14 Y DE 16:30 A 19 H. EXCEPTO CARGA Y DESCARGA;-3.7021303;40.4210775;VALVERDE, CALLE, DE, Nº 9
440259,7600000000;4474531,6700000000;38322;01  CENTRO;01-06 SOL;ABADA, CALLE, DE LA;8;CargayDescarga;Línea;2;12,60;Lab. de 8 a 20 h.excepto: CARGA Y DESCARGA;-3.7041876;40.4192687;ABADA, CALLE, DE LA, Nº 8
440209,8000000000;4474002,0900000000;40360;01  CENTRO;01-06 SOL;ATOCHA, CALLE, DE;10;CargayDescarga;Línea;3;15,00;LABORABLE DE 8 A 17 H.;-3.7047267;40.4144944;ATOCHA, CALLE, DE, Nº 10
440247,0500000000;4473987,7800000000;40360;01  CENTRO;01-06 SOL;ATOCHA, CALLE, DE;14;CargayDescarga;Línea;3;14,00;LABORABLES DE 8 A 14 H. Y DE 16:30 A 19 H. EXCEPTO CARGA Y DESCARGA;-3.7042863;40.4143682;ATOCHA, CALLE, DE, Nº 14
439945,5800000000;4474205,3800000000;36067;01  CENTRO;01-06 SOL;BORDADORES, CALLE, DE LOS;1;CargayDescarga;Línea;2;8,30;LABORABLES DE 8 A 15 H. EXCEPTO CARGA Y DESCARGA;-3.7078599;40.4163067;BORDADORES, CALLE, DE LOS, Nº 1
440112,6600000000;4474311,5500000000;44036;01  CENTRO;01-06 SOL;CELENQUE, PLAZA, DEL;3;CargayDescarga;Línea;4;20,50;LABORABLES DE LUNES A VIERNES DE 8 A 17 H. EXCEPTO CARGA Y DESCARGA;-3.7059007;40.4172752;CELENQUE, PLAZA, DEL, Nº 3
440298,3900000000;4474566,5100000000;37382;01  CENTRO;01-06 SOL;CHINCHILLA, CALLE, DE;6;CargayDescarga;Línea;2;11,10;LABORABLES DE 8 A 14 H. ESCEPTO CARGA Y DESCARGA;-3.7037355;40.4195853;CHINCHILLA, CALLE, DE, Nº 6
439926,8700000000;4473974,5800000000;35765;01  CENTRO;01-06 SOL;CUCHILLEROS, CALLE, DE LOS;15;CargayDescarga;Línea;3;17,50;LABORABLES DE 8 A 14 H. Y DE 16:30 A 19H. EXCEPTO CARGA Y DESCARGA;-3.7080586;40.4142262;CUCHILLEROS, CALLE, DE LOS, Nº 15
440179,8500000000;4474179,0600000000;41596;01  CENTRO;01-06 SOL;ESPARTEROS, CALLE, DE;3;CargayDescarga;Línea;1;6,00;LABORABLES DE 8 A 14 H. Y DE 16.30 A 19 H. EXCEPTO CARGA Y DESCARGA ;-3.7050963;40.4160865;ESPARTEROS, CALLE, DE, Nº 3
440166,8000000000;4474129,9700000000;40360;01  CENTRO;01-06 SOL;ESPARTEROS, CALLE, DE;7;CargayDescarga;Línea;2;8,80;LABORABLES DE 8 A 14 H. Y DE 16:30 A 19 H. EXCEPTO CARGA Y DESCARGA;-3.7052455;40.4156433;ESPARTEROS, CALLE, DE, Nº 7
440010,7700000000;4474000,1400000000;43404;01  CENTRO;01-06 SOL;IMPERIAL, CALLE;7;CargayDescarga;Línea;2;12,40;LABORABLES DE 8 A 17 H. EXCEPTO CARGA Y DESCARGA;-3.7070722;40.4144625;IMPERIAL, CALLE, Nº 7
439981,7000000000;4474189,7200000000;41270;01  CENTRO;01-06 SOL;MAYOR, CALLE;31;CargayDescarga;Línea;7;34,55;LABORABLES DE 8 A 15 H.EXCEPTO: CARGA Y DESCARGA;-3.7074327;40.4161683;MAYOR, CALLE, Nº 31
440264,5300000000;4474599,3000000000;37777;01  CENTRO;01-06 SOL;MESONERO ROMANOS, CALLE, DE;11;CargayDescarga;Línea;5;27,00;LABORABLES DE 8 A 14 H. Y DE 16,30 A 19 H. EXCEPTO CARGA Y DESCARGA;-3.7041377;40.4198783;MESONERO ROMANOS, CALLE, DE, Nº 11
440350,0900000000;4474554,4900000000;42930;01  CENTRO;01-06 SOL;SALUD, CALLE, DE LA;8;CargayDescarga;Línea;4;23,10;LABORABLES DE 8 A 14 H. Y DE 16:30 A 19 H. EXCEPTO CARGA Y DESCARGA;-3.703125;40.4194808;SALUD, CALLE, DE LA, Nº 8
440372,5500000000;4474433,0500000000;41432;01  CENTRO;01-06 SOL;SAN ALBERTO, CALLE, DE;2;CargayDescarga;Línea;3;15,00;PERMITIDO CARGA Y DESCARGA LABORABLES DE LUNES A VIERNES DE 0 A 11 HORAS;-3.7028489;40.4183884;SAN ALBERTO, CALLE, DE, Nº 2
440369,2400000000;4474545,7200000000;41086;01  CENTRO;01-06 SOL;TRES CRUCES, CALLE, DE LAS;5;CargayDescarga;Línea;3;13,90;LABORABLES DE 8 A 17 H. EXCEPTO CARGA Y DESCARGA;-3.7028985;40.4194031;TRES CRUCES, CALLE, DE LAS, Nº 5
440004,7000000000;4474460,3300000000;42495;01  CENTRO;01-06 SOL;TRUJILLOS, TRAVESIA, DE LOS;1;CargayDescarga;Línea;1;15,00;DE 8 A 15 HORAS. EXCEPTO CARGA Y DESCARGA Y SUBIDA Y BAJADA DE VIAJEROS.;-3.7071871;40.4186077;TRUJILLOS, TRAVESIA, DE LOS, Nº 1
438991,6600000000;4473010,2000000000;39010;02  ARGANZUELA;02-01 IMPERIAL;COBOS DE SEGOVIA, CALLE, DE;7;CargayDescarga;Línea;2;10,20;LABORABLES DE 8 A 14 H. Y DE 16,30 A 19 H. EXCEPTO CARGA Y DESCARGA;-3.7189883;40.4054706;COBOS DE SEGOVIA, CALLE, DE, Nº 7
439304,3200000000;4473236,0200000000;39001;02  ARGANZUELA;02-01 IMPERIAL;GIL IMON, TRAVESIA, DE;Fte 1;CargayDescarga;Línea;3;15,00;LABORABLES DE 8 A 14 H. Y DE 16:30 A 19 H. EXCEPTO CARGA Y DESCARGA ;-3.7153254;40.4075278;GIL IMON, TRAVESIA, DE, Nº Fte 1
439144,2900000000;4473242,9800000000;38471;02  ARGANZUELA;02-01 IMPERIAL;IMPERIAL, PASEO;20;CargayDescarga;Línea;2;10,00;LABORABLES DE 8 A 19 H. EXCEPTO CARGA Y DESCARGA;-3.7172119;40.4075788;IMPERIAL, PASEO, Nº 20
439156,5300000000;4473255,6000000000;39262;02  ARGANZUELA;02-01 IMPERIAL;IMPERIAL, PASEO;31;CargayDescarga;Línea;3;15,00;LABORABLES DE 8 A 14 H. Y DE 16,30 A 19 H. EXCEPTO CARGA Y DESCARGA ;-3.7170689;40.4076934;IMPERIAL, PASEO, Nº 31
439319,2300000000;4472581,4600000000;41556;02  ARGANZUELA;02-01 IMPERIAL;IMPERIAL, PASEO;50;CargayDescarga;Línea;2;13,20;LABORABLES DE 8 A 17 H. EXCEPTO CARGA Y DESCARGA;-3.7150873;40.4016323;IMPERIAL, PASEO, Nº 50
439417,4700000000;4472783,3100000000;35321;02  ARGANZUELA;02-01 IMPERIAL;JUAN ANTONIO VALLEJO-NÁJERA BOTAS, PASEO, DE;49;CargayDescarga;Línea;3;15,10;LABORABLES DE 8 A 14 H. Y DE 16:30 A 19 H. EXCEPTO CARGA Y DESCARGA;-3.7139489;40.4034578;JUAN ANTONIO VALLEJO-NÁJERA BOTAS, PASEO, DE, Nº 49
438957,6800000000;4473916,9800000000;41248;02  ARGANZUELA;02-01 IMPERIAL;JUAN DUQUE, CALLE, DE;2;CargayDescarga;Línea;2;10,00;LABORABLES DE 8 A 14 H. EXCEPTO CARGA Y DESCARGA;-3.7194757;40.4136368;JUAN DUQUE, CALLE, DE, Nº 2
438959,1800000000;4473722,5500000000;43319;02  ARGANZUELA;02-01 IMPERIAL;JUAN DUQUE, CALLE, DE;23;CargayDescarga;Línea;2;12,00;LABORABLES DE 8 A 14:30 EXCEPTO CARGA Y DESCARGA;-3.7194394;40.4118854;JUAN DUQUE, CALLE, DE, Nº 23
438948,3200000000;4473657,6000000000;43319;02  ARGANZUELA;02-01 IMPERIAL;JUAN DUQUE, CALLE, DE;28;CargayDescarga;Línea;3;15,00;LABORABLES DE 8 A 14 H. EXCEPTO CARGA Y DESCARGA;-3.7195611;40.4112995;JUAN DUQUE, CALLE, DE, Nº 28
438954,7000000000;4473605,0800000000;40360;02  ARGANZUELA;02-01 IMPERIAL;JUAN DUQUE, CALLE, DE;29;CargayDescarga;Línea;3;13,90;LABORABLES DE 9 A 14 H. Y DE 16,30 A 20 H.EXCEPTO CARGA Y DESCARGA;-3.7194809;40.4108269;JUAN DUQUE, CALLE, DE, Nº 29
438951,1800000000;4473510,2700000000;42459;02  ARGANZUELA;02-01 IMPERIAL;JUAN DUQUE, CALLE, DE;36;CargayDescarga;Línea;2;12,20;LABORABLES DE 8 A 14 H. Y DE 16:30 A 19 H. EXCEPTO CARGA Y DESCARGA;-3.7195133;40.4099725;JUAN DUQUE, CALLE, DE, Nº 36
438950,3100000000;4473485,0400000000;40360;02  ARGANZUELA;02-01 IMPERIAL;JUAN DUQUE, CALLE, DE;39;CargayDescarga;Línea;4;20,00;LABORABLES DE 8  A 14 H. Y DE 16:30 A 19 H. EXCEPTO CARGA Y DESCARGA;-3.7195211;40.4097452;JUAN DUQUE, CALLE, DE, Nº 39
438938,2800000000;4473385,4700000000;38854;02  ARGANZUELA;02-01 IMPERIAL;JUAN DUQUE, CALLE, DE;44;CargayDescarga;Línea;3;15,00;LABORABLES DE 8 A 14 H. Y DE 16,30 A 19 H. EXCEPTO CARGA Y DESCARGA;-3.7196533;40.4088473;JUAN DUQUE, CALLE, DE, Nº 44
438866,5500000000;4473832,8000000000;1;02  ARGANZUELA;02-01 IMPERIAL;LINNEO, CALLE, DE;10;CargayDescarga;Línea;3;13,70;Lab. de 9 a 20 hExcepto: CARGA Y DESCARGA;-3.7205416;40.4128718;LINNEO, CALLE, DE, Nº 10
438870,6100000000;4473757,0500000000;1;02  ARGANZUELA;02-01 IMPERIAL;LINNEO, CALLE, DE;17;CargayDescarga;Línea;2;12,50;Lab. de 9 a 20 hExcepto: CARGA Y DESCARGA;-3.7204865;40.4121897;LINNEO, CALLE, DE, Nº 17
439046,3800000000;4473826,2500000000;37162;02  ARGANZUELA;02-01 IMPERIAL;MAZARREDO, CALLE, DE;14;CargayDescarga;Línea;1;6,90;LABORABLES DE 8 A 14 H. EXCEPTO CARGA Y DESCARGA ;-3.7184216;40.412826;MAZARREDO, CALLE, DE, Nº 14
438849,2400000000;4473031,4300000000;40177;02  ARGANZUELA;02-01 IMPERIAL;MELANCOLICOS, PASEO, DE LOS;29;CargayDescarga;Línea;6;30,00;Lab. de 8 a 14h. y de 16.30 a 19h. Excepto Carga y Descarga;-3.7206686;40.4056514;MELANCOLICOS, PASEO, DE LOS, Nº 29
438888,1600000000;4473736,5000000000;39848;02  ARGANZUELA;02-01 IMPERIAL;MORENO NIETO, CALLE, DE;15;CargayDescarga;Línea;4;19,50;Lab. de 8 a 20 hExcepto: CARGA Y DESCARGA;-3.7202777;40.4120059;MORENO NIETO, CALLE, DE, Nº 15
438837,4500000000;4472917,8700000000;40466;02  ARGANZUELA;02-01 IMPERIAL;SAN ALEJANDRO, CALLE, DE;2;CargayDescarga;Línea;2;10,00;LABORABLES DE 8 A 14 H. Y DE 16,30 A 19 H. EXCEPTO CARGA Y DESCARGA;-3.7207967;40.4046276;SAN ALEJANDRO, CALLE, DE, Nº 2
439026,7700000000;4472636,3400000000;40266;02  ARGANZUELA;02-01 IMPERIAL;SAN EPIFANIO, CALLE, DE;3;CargayDescarga;Línea;3;15,00;LABORABLES DE 8 A 14 H. Y DE 16,30 A 19 H. EXCEPTO CARGA Y DESCARGA EN DIAS DE ESPECTACULOS CON TAPA Y CANDADO ;-3.7185387;40.4021053;SAN EPIFANIO, CALLE, DE, Nº 3
439211,2500000000;4473343,0800000000;41184;02  ARGANZUELA;02-01 IMPERIAL;SEGOVIA, RONDA, DE;20;CargayDescarga;Línea;3;15,00;LAB. DE 8 A 14 H. Y DE 16,30 A 19 H. EXCEPTO CARGA Y DESCARGA;-3.7164324;40.4084854;SEGOVIA, RONDA, DE, Nº 20
439408,4300000000;4473227,4400000000;38853;02  ARGANZUELA;02-01 IMPERIAL;SEGOVIA, RONDA, DE;44;CargayDescarga;Línea;3;15,00;lab. de 8 a 14 h. y de 16,30 a 19 h. excepto: [carga y descarga];-3.7140977;40.4074581;SEGOVIA, RONDA, DE, Nº 44
439498,7900000000;4472872,4600000000;42599;02  ARGANZUELA;02-01 IMPERIAL;TOLEDO, CALLE, DE;136;CargayDescarga;Línea;3;17,80;LABORABLES DE 8 A 17 H. EXCEPTO CARGA Y DESCARGA EN LÍNEA;-3.7129991;40.4042668;TOLEDO, CALLE, DE, Nº 136
438815,7400000000;4473756,8800000000;40177;02  ARGANZUELA;02-01 IMPERIAL;VIRGEN DEL PUERTO, PASEO, DE LA;21;CargayDescarga;Batería;3;8,20;LABORABLES DE 8 A 14 H. Y DE 16,30 A 19 H. EXCEPTO CARGA Y DESCARGA;-3.7211332;40.4121841;VIRGEN DEL PUERTO, PASEO, DE LA, Nº 21
439832,6600000000;4472434,3800000000;42850;02  ARGANZUELA;02-02 ACACIAS;ARGANDA, CALLE, DE;S/N;CargayDescarga;Línea;1;9,60;LABORABLES DE 8 A 14 H. Y DE 16:30 A  19 H. EXCEPTO CARGA Y DESCARGA;-3.7090233;40.4003446;ARGANDA, CALLE, DE, Nº S/N
439916,5400000000;4472509,2900000000;43186;02  ARGANZUELA;02-02 ACACIAS;ARGANDA, CALLE, DE;S/N;CargayDescarga;Batería;1;8,00;LABORABLES DE LUNES A VIERNES DE 8 A 14 HORAS EXCEPTO CARGA Y DESCARGA EN LÍNEA;-3.708042;40.4010254;ARGANDA, CALLE, DE, Nº S/N
440451,0000000000;4472248,1800000000;1;02  ARGANZUELA;02-02 ACACIAS;ARQUITECTURA, CALLE, DE LA;19;CargayDescarga;Línea;3;13,10;LAB. DE 8 A 12 H. EXCEPTO CARGA Y DESCARGA;-3.7017198;40.3987116;ARQUITECTURA, CALLE, DE LA, Nº 19
440425,1200000000;4472380,5700000000;40360;02  ARGANZUELA;02-02 ACACIAS;CARVAJALES, CALLE, DE LOS;4 B;CargayDescarga;Línea;4;32,20;LABORABLES DE 8 A 14 H.Y DE 16,30 A 19 H. EXCEPTOCARGA Y DESCARGA;-3.7020371;40.3999024;CARVAJALES, CALLE, DE LOS, Nº 4 B
440570,4300000000;4472613,5100000000;38660;02  ARGANZUELA;02-02 ACACIAS;EMBAJADORES, CALLE, DE;104;CargayDescarga;Línea;3;15,00;LABORABLES DE 8 A 14 H. Y DE 16,30 A 19 H. EXCEPTO CARGA Y DESCARGA;-3.7003467;40.4020112;EMBAJADORES, CALLE, DE, Nº 104
440442,2800000000;4472834,2100000000;39237;02  ARGANZUELA;02-02 ACACIAS;EMBAJADORES, CALLE, DE;78;CargayDescarga;Línea;2;10,00;LABORABLES DE 8 A 14 H. Y DE 16,30 A 19 H. EXCEPTO CARGA Y DESCARGA ;-3.7018774;40.4039903;EMBAJADORES, CALLE, DE, Nº 78
440261,1100000000;4472880,7400000000;1;02  ARGANZUELA;02-02 ACACIAS;ERCILLA, CALLE, DE;1;CargayDescarga;Línea;3;12,90;LABORABLES DE 8 A 14 H. Y DE 16,30 A 19 H. EXCEPTO CARGA Y DESCARGA;-3.7040167;40.4043964;ERCILLA, CALLE, DE, Nº 1
440335,7300000000;4472752,6100000000;42111;02  ARGANZUELA;02-02 ACACIAS;ERCILLA, CALLE, DE;14;CargayDescarga;Línea;1;8,00;LAB. DE 8 A 14 H. Y DE 16:30 A 19 H. EXCEPTO CARGA Y DESCARGA;-3.7031253;40.4032475;ERCILLA, CALLE, DE, Nº 14
440358,2200000000;4472714,6300000000;38322;02  ARGANZUELA;02-02 ACACIAS;ERCILLA, CALLE, DE;15;CargayDescarga;Línea;3;15,00;LABORABLES DE 8 A 14 H. EXCEPTO CARGA Y DESCARGA ;-3.7028567;40.402907;ERCILLA, CALLE, DE, Nº 15
440390,1500000000;4472659,9000000000;38736;02  ARGANZUELA;02-02 ACACIAS;ERCILLA, CALLE, DE;21;CargayDescarga;Línea;2;10,00;LABORABLES DE 8 A 14 H. Y DE 16,30 A 19 H. EXCEPTO CARGA Y DESCARGA;-3.7024754;40.4024163;ERCILLA, CALLE, DE, Nº 21
440417,6500000000;4472594,8200000000;38322;02  ARGANZUELA;02-02 ACACIAS;ERCILLA, CALLE, DE;36;CargayDescarga;Línea;2;10,00;LABORABLES DE 8 A 14 H. Y DE 16,30 A 19 H. EXCEPTO CARGA Y DESCARGA;-3.7021452;40.401832;ERCILLA, CALLE, DE, Nº 36
440534,4800000000;4472413,1200000000;36686;02  ARGANZUELA;02-02 ACACIAS;ERCILLA, CALLE, DE;51;CargayDescarga;Batería;6;15,00;LABORABLES DE 8 A 14 H. Y DE 16,30 A 19 H. EXCEPTO CARGA Y DESCARGA ;-3.7007516;40.4002035;ERCILLA, CALLE, DE, Nº 51
440343,9100000000;4472247,1500000000;39063;02  ARGANZUELA;02-02 ACACIAS;ESPERANZA, PASEO, DE LA;16;CargayDescarga;Línea;5;25,10;LABORABLES DE 8 A 14 H. EXCEPTO CARGA Y DESCARGA;-3.7029816;40.3986947;ESPERANZA, PASEO, DE LA, Nº 16
440061,7300000000;4472783,3800000000;42109;02  ARGANZUELA;02-02 ACACIAS;ESPERANZA, PASEO, DE LA;2 B;CargayDescarga;Línea;1;13,00;LABORABLES DE 8 A 14 H. Y DE 16,30 A 19 H. EXCEPTO CARGA Y DESCARGA ;-3.706357;40.403505;ESPERANZA, PASEO, DE LA, Nº 2 B
440233,7900000000;4472501,1400000000;43594;02  ARGANZUELA;02-02 ACACIAS;ESPERANZA, PASEO, DE LA;21;CargayDescarga;Batería;4;16,50;LABORABLES DE 8 A 17 H. EXCEPTO CARGA Y DESCARGA EN LÍNEA;-3.704303;40.4009749;ESPERANZA, PASEO, DE LA, Nº 21
440371,1500000000;4472242,2500000000;41116;02  ARGANZUELA;02-02 ACACIAS;ESPERANZA, PASEO, DE LA;51;CargayDescarga;Línea;4;20,00;DE 21 A 23 H. EXCEPTO CARGA Y DESCARGA NOCTURNA EN LÍNEA;-3.7026601;40.3986525;ESPERANZA, PASEO, DE LA, Nº 51
440120,8700000000;4472712,6400000000;38701;02  ARGANZUELA;02-02 ACACIAS;ESPERANZA, PASEO, DE LA;9;CargayDescarga;Batería;2;6,50;LABORABLES DE 8 A 14 H.Y DE 16,30 A 19 H.EXCEPTO CARGA Y DESCARGA;-3.7056534;40.402872;ESPERANZA, PASEO, DE LA, Nº 9
440305,5300000000;4472280,1300000000;36579;02  ARGANZUELA;02-02 ACACIAS;GARGANTILLA, CALLE, DE;3;CargayDescarga;Línea;3;15,00;LABORABLES DE 8 A 14 H. Y DE 16,30 A 19 H. EXCEPTO CARGA Y DESCARGA ;-3.7034369;40.398989;GARGANTILLA, CALLE, DE, Nº 3
439899,2500000000;4473038,1700000000;40224;02  ARGANZUELA;02-02 ACACIAS;GASOMETRO, CALLE, DEL;1;CargayDescarga;Línea;3;14,00;LABORABLES DE 8 A 14 H. Y DE 16:30 A 19 H. EXCEPTO CARGA Y DESCARGA;-3.7082957;40.4057886;GASOMETRO, CALLE, DEL, Nº 1
439922,9000000000;4472847,3100000000;36131;02  ARGANZUELA;02-02 ACACIAS;GASOMETRO, CALLE, DEL;Fte 10;CargayDescarga;Línea;6;30,10;LABORABLES DE 8 A 14 H.Y DE 16,30 A 19 H.EXCEPTO CARGA Y DESCARGA;-3.707999;40.404071;GASOMETRO, CALLE, DEL, Nº Fte 10
439911,1300000000;4472943,5300000000;39010;02  ARGANZUELA;02-02 ACACIAS;GASOMETRO, CALLE, DEL;S/N;CargayDescarga;Línea;2;10,00;LABORABLES DE 8 A 14 H. Y DE 16,30 A 19 H. EXCEPTO CARGA Y DESCARGA;-3.7081468;40.4049369;GASOMETRO, CALLE, DEL, Nº S/N
440499,2200000000;4472632,3800000000;40876;02  ARGANZUELA;02-02 ACACIAS;LABRADOR, CALLE, DEL;6;CargayDescarga;Línea;2;10,00;Lab. de 8 a 14 h. excepto: CARGA Y                DESCARGA (Carga y descarga en recuadro);-3.7011875;40.4021761;LABRADOR, CALLE, DEL, Nº 6
440003,7100000000;4472740,4400000000;35509;02  ARGANZUELA;02-02 ACACIAS;MAJUELO, CALLE, DEL;3;CargayDescarga;Línea;3;15,00;LABORABLES DE 8 A 14 H. Y DE 16,30 A 19 H. EXCEPTO CARGA Y DESCARGA ;-3.7070366;40.403114;MAJUELO, CALLE, DEL, Nº 3
440376,6600000000;4472757,0500000000;38015;02  ARGANZUELA;02-02 ACACIAS;MORATINES, CALLE, DE;11;CargayDescarga;Línea;3;15,00;LABORABLES DE 8 A 17 HORAS EXCEPTO CARGA Y DESCARGA;-3.7026434;40.4032905;MORATINES, CALLE, DE, Nº 11
440317,2000000000;4472717,5300000000;40360;02  ARGANZUELA;02-02 ACACIAS;MORATINES, CALLE, DE;16;CargayDescarga;Línea;3;15,00;LABORABLES DE 8 A 14 H. Y DE 16,30 A 19 H. EXCEPTO CARGA Y DESCARGA;-3.7033404;40.4029302;MORATINES, CALLE, DE, Nº 16
440026,4100000000;4472240,9900000000;39344;02  ARGANZUELA;02-02 ACACIAS;NAVES, CALLE, DE LAS;8;CargayDescarga;Línea;1;6,00;LABORABLES DE 8 A 14 H. Y DE 16,30 A 19 H. EXCEPTO CARGA Y DESCARGA ;-3.7067221;40.3986164;NAVES, CALLE, DE LAS, Nº 8
440260,9200000000;4472732,4500000000;38254;02  ARGANZUELA;02-02 ACACIAS;PEÑUELAS, CALLE, DE LAS;18;CargayDescarga;Línea;2;10,00;LABORABLES DE 8 A 14 H. Y DE 16,30 A 19 H. EXCEPTO CARGA Y DESCARGA ;-3.704005;40.4030606;PEÑUELAS, CALLE, DE LAS, Nº 18
440276,6100000000;4472703,3600000000;39743;02  ARGANZUELA;02-02 ACACIAS;PEÑUELAS, CALLE, DE LAS;22;CargayDescarga;Línea;2;8,60;LABORABLES DE 8 A 14 H. Y DE 16,30 A 19 H. EXCEPTO CARGA Y DESCARGA ;-3.7038174;40.4027996;PEÑUELAS, CALLE, DE LAS, Nº 22
440198,1600000000;4472849,8400000000;40360;02  ARGANZUELA;02-02 ACACIAS;PEÑUELAS, CALLE, DE LAS;4;CargayDescarga;Línea;3;15,00;LABORABLES DE 8 A 14 H. Y DE 16,30 A 19 H. EXCEPTO CARGA Y DESCARGA;-3.7047556;40.4041136;PEÑUELAS, CALLE, DE LAS, Nº 4
440024,5300000000;4472946,9100000000;39412;02  ARGANZUELA;02-02 ACACIAS;RIBERA DE CURTIDORES, CALLE, DE LA;43;CargayDescarga;Línea;3;15,00;LABORABLES DE 8 A 14 H. Y DE 16,30 A 19 H. EXCEPTO CARGA Y DESCARGA;-3.7068108;40.4049755;RIBERA DE CURTIDORES, CALLE, DE LA, Nº 43
440328,4900000000;4472072,5200000000;40423;02  ARGANZUELA;02-02 ACACIAS;SAN ANASTASIO, CALLE, DE;Fte 2;CargayDescarga;Línea;2;10,00;LABORABLES DE 8 A 14 H. Y DE 16,30 A 19 H. EXCEPTO CARGA Y DESCARGA ;-3.7031469;40.3971204;SAN ANASTASIO, CALLE, DE, Nº Fte 2
439807,7100000000;4472829,4200000000;36584;02  ARGANZUELA;02-02 ACACIAS;SAN ISIDORO DE SEVILLA, CALLE, DE;14;CargayDescarga;Línea;4;23,50;laborables de 8 a 14 h. y de 16,30 a 19 h. excepto carga y descarga;-3.7093547;40.4039015;SAN ISIDORO DE SEVILLA, CALLE, DE, Nº 14
440118,3200000000;4472935,6200000000;44284;02  ARGANZUELA;02-02 ACACIAS;SORIA, CALLE, DE;5 A;CargayDescarga;Línea;4;12,00;LABORABLES DE 8 A 19H EXCEPTO CARGA Y DESCARGA;-3.7057045;40.4048806;SORIA, CALLE, DE, Nº 5 A
439534,4300000000;4472864,5900000000;41331;02  ARGANZUELA;02-02 ACACIAS;TOLEDO, CALLE, DE;147;CargayDescarga;Línea;4;18,00;LABORABLES DE 8 A 17 HORAS, EXCEPTO CARGA Y DESCARGA EN LÍNEA;-3.7125783;40.4041985;TOLEDO, CALLE, DE, Nº 147
439442,6100000000;4472613,9900000000;38877;02  ARGANZUELA;02-02 ACACIAS;TOLEDO, CALLE, DE;181;CargayDescarga;Línea;3;15,00;laborables de 9 a 14 h. y de 16,30 a 19 h.excepto CARGA Y DESCARGA EN LINEA;-3.7136365;40.4019343;TOLEDO, CALLE, DE, Nº 181
439962,2900000000;4472992,1600000000;36963;02  ARGANZUELA;02-02 ACACIAS;TOLEDO, RONDA, DE;16;CargayDescarga;Línea;3;15,00;LABORABLES DE 8 A 14 H. Y DE 16,30 A 19 H. EXCEPTO CARGA Y DESCARGA ;-3.7075485;40.4053787;TOLEDO, RONDA, DE, Nº 16
439729,3300000000;4472319,2900000000;37264;02  ARGANZUELA;02-02 ACACIAS;YESERIAS, PASEO, DE LAS;19;CargayDescarga;Línea;2;8,90;lab. de 8 a 14 h. excepto: [CARGA Y DESCARGA];-3.71023;40.3993003;YESERIAS, PASEO, DE LAS, Nº 19
439877,1600000000;4472270,8500000000;38205;02  ARGANZUELA;02-02 ACACIAS;YESERIAS, PASEO, DE LAS;31;CargayDescarga;Línea;3;13,00;lab. de 8 a 14 h.excepto:[CARGA YDESCARGA]en línea;-3.7084835;40.3988746;YESERIAS, PASEO, DE LAS, Nº 31
440196,4500000000;4472078,2200000000;43718;02  ARGANZUELA;02-02 ACACIAS;YESERIAS, PASEO, DE LAS;61;CargayDescarga;Línea;2;10,00;LABORABLES DE 8 A 14 H. EXCEPTO CARGA Y DESCARGA ;-3.7047032;40.3971623;YESERIAS, PASEO, DE LAS, Nº 61
440448,9300000000;4472150,6200000000;39645;02  ARGANZUELA;02-03 CHOPERA;AGUILON, CALLE, DE;1;CargayDescarga;Línea;3;15,00;LABORABLES DE 8 A 14 H.Y DE 16 A 20 H. EXCEPTO CARGA Y DESCARGA;-3.7017351;40.3978326;AGUILON, CALLE, DE, Nº 1
440899,3400000000;4471833,5700000000;41298;02  ARGANZUELA;02-03 CHOPERA;ALONSO CARBONELL, CALLE, DE;3;CargayDescarga;Batería;12;29,60;LABORABLES DE 8 A 14 H. Y DE 16:30 A 19 H. EXCEPTO CARGA Y DESCARGA. MÁXIMO 30 MINUTOS;-3.6963985;40.3950085;ALONSO CARBONELL, CALLE, DE, Nº 3
440686,4600000000;4472401,3900000000;41793;02  ARGANZUELA;02-03 CHOPERA;EMBAJADORES, CALLE, DE;116;CargayDescarga;Línea;3;15,00;LABORABLES DE 8.00 A 17:00 H EXCEPTO CARGA Y DESCARGA;-3.6989596;40.4001086;EMBAJADORES, CALLE, DE, Nº 116
440744,9200000000;4472289,0100000000;40360;02  ARGANZUELA;02-03 CHOPERA;EMBAJADORES, CALLE, DE;128;CargayDescarga;Línea;3;15,00;LAB. DE 8 A 14 H. Y DE 16,30 A 20 H. EXCEPTO CARGA Y DESCARGA;-3.6982603;40.3991004;EMBAJADORES, CALLE, DE, Nº 128
440892,8600000000;4472009,4300000000;41929;02  ARGANZUELA;02-03 CHOPERA;EMBAJADORES, CALLE, DE;158;CargayDescarga;Línea;2;15,00;LABORABLES DE 8 A 17 H.EXCEPTO CARGA Y DESCARGA;-3.6964912;40.3965923;EMBAJADORES, CALLE, DE, Nº 158
440990,1800000000;4471821,8400000000;40896;02  ARGANZUELA;02-03 CHOPERA;EMBAJADORES, CALLE, DE;176;CargayDescarga;Línea;3;15,00;LABORABLES DE 8 A 14 H. Y DE 16,30  A 19 H. EXCEPTO CARGA Y DESCARGA ;-3.6953271;40.3949093;EMBAJADORES, CALLE, DE, Nº 176
440651,7000000000;4471943,0300000000;43392;02  ARGANZUELA;02-03 CHOPERA;EUGENIO SELLES, CALLE, DE;10;CargayDescarga;Línea;2;10,00;LAB DE 8 A 14 H Y DE 16:30 A 19 H EXCEPTO CARGA Y DESCARGA;-3.6993265;40.395977;EUGENIO SELLES, CALLE, DE, Nº 10
440633,8800000000;4472224,9800000000;38853;02  ARGANZUELA;02-03 CHOPERA;FERNANDO POO, CALLE, DE;17;CargayDescarga;Línea;3;15,00;LABORABLES DE 8 A 14 H. Y DE 16,30 A 19 H. EXCEPTO CARGA Y DESCARGA;-3.6995628;40.3985157;FERNANDO POO, CALLE, DE, Nº 17
440615,7000000000;4472077,2400000000;41169;02  ARGANZUELA;02-03 CHOPERA;FERNANDO POO, CALLE, DE;21;CargayDescarga;Línea;4;19,70;LABORABLES DE 8 A 14 H.EXCEPTO CARGA Y DESCARGA;-3.6997632;40.3971835;FERNANDO POO, CALLE, DE, Nº 21
440596,8000000000;4471927,2600000000;1;02  ARGANZUELA;02-03 CHOPERA;FERNANDO POO, CALLE, DE;33;CargayDescarga;Línea;3;17,99;LABORABLES DE 8 A 14 H.Y DE 16,30  A 19 H. EXCEPTOCARGA Y DESCARGA;-3.6999719;40.395831;FERNANDO POO, CALLE, DE, Nº 33
440654,3200000000;4472344,4300000000;1;02  ARGANZUELA;02-03 CHOPERA;FERNANDO POO, CALLE, DE;5;CargayDescarga;Línea;3;13,20;Lab de 9 a 20 h.excepto: CARGA Y DESCARGA;-3.699333;40.3995932;FERNANDO POO, CALLE, DE, Nº 5
440961,8000000000;4471737,7700000000;37915;02  ARGANZUELA;02-03 CHOPERA;GUILLERMO DE OSMA, CALLE, DE;4;CargayDescarga;Línea;3;15,00;LABORABLES DE 8 A 14 H. Y DE 16,30  A 19 H. EXCEPTO CARGA Y DESCARGA;-3.6956537;40.39415;GUILLERMO DE OSMA, CALLE, DE, Nº 4
440745,1700000000;4472042,8100000000;39050;02  ARGANZUELA;02-03 CHOPERA;JAIME EL CONQUISTADOR, CALLE, DE;22;CargayDescarga;Línea;3;15,00;LABORABLES DE 8 A 14 H. Y DE 16,30 A 19 H. EXCEPTO CARGA Y DESCARGA;-3.6982345;40.3968825;JAIME EL CONQUISTADOR, CALLE, DE, Nº 22
440745,9300000000;4471882,2700000000;39009;02  ARGANZUELA;02-03 CHOPERA;JAIME EL CONQUISTADOR, CALLE, DE;27;CargayDescarga;Línea;4;20,00;Lab. de 9 a 20 h.excepto: CARGA Y DESCARGA;-3.6982106;40.3954364;JAIME EL CONQUISTADOR, CALLE, DE, Nº 27
440730,7300000000;4471742,5700000000;40884;02  ARGANZUELA;02-03 CHOPERA;JAIME EL CONQUISTADOR, CALLE, DE;37;CargayDescarga;Línea;3;13,50;lab. de 8 a 14 h y de 16.30 a 19 h excepto: [CARGA Y DESCARGA];-3.6983767;40.3941768;JAIME EL CONQUISTADOR, CALLE, DE, Nº 37
440661,8800000000;4472085,9500000000;43148;02  ARGANZUELA;02-03 CHOPERA;PARROCO JULIO MORATE, CALLE, DEL;5;CargayDescarga;Línea;4;12,00;LABORABLES DE 9:00 A 20:00 H EXCEPTO  CARGA Y DESCARGA EN LINEA;-3.6992199;40.3972652;PARROCO JULIO MORATE, CALLE, DEL, Nº 5
440818,0000000000;4471868,9000000000;1;02  ARGANZUELA;02-03 CHOPERA;TOMAS BORRAS, CALLE, DE;10;CargayDescarga;Línea;2;12,10;LABORABLES DE 8 A 14 H.Y DE 16,30  A 19 H. EXCEPTOCARGA Y DESCARGA;-3.6973602;40.395321;TOMAS BORRAS, CALLE, DE, Nº 10
440547,2500000000;4472182,7000000000;42348;02  ARGANZUELA;02-03 CHOPERA;TORRES MIRANDA, CALLE, DE;21;CargayDescarga;Línea;2;15,00;Laborables de 8 a 17h excepto carga y descarga en línea;-3.7005796;40.3981286;TORRES MIRANDA, CALLE, DE, Nº 21
441444,5000000000;4471305,9900000000;41150;02  ARGANZUELA;02-04 LEGAZPI;ANTRACITA, CALLE, DE LA;10 B;CargayDescarga;Línea;6;13,00;LABORABLES DE 8 A 14 H. EXCEPTO CARGA Y DESCARGA EN LÍNEA;-3.6899267;40.3902943;ANTRACITA, CALLE, DE LA, Nº 10 B
441161,8300000000;4471449,5300000000;39192;02  ARGANZUELA;02-04 LEGAZPI;EMBAJADORES, CALLE, DE;200;CargayDescarga;Batería;7;17,00;LAB. DE 8 A 14 H. Y DE 16,30 A 19 H. EXCEPTO CARGA Y DESCARGA ;-3.6932702;40.3915675;EMBAJADORES, CALLE, DE, Nº 200
441203,8500000000;4471352,7400000000;43393;02  ARGANZUELA;02-04 LEGAZPI;EMBAJADORES, CALLE, DE;208;CargayDescarga;Batería;3;10,00;LAB. DE 8 A 14 H Y DE 16,30 A 19 H. EXCEPTO CARGA Y DESCARGA;-3.6927662;40.3906985;EMBAJADORES, CALLE, DE, Nº 208
441311,7600000000;4470864,8400000000;39434;02  ARGANZUELA;02-04 LEGAZPI;JOSE ANTONIO ZAPATA, CALLE, DE;4;CargayDescarga;Línea;3;15,00;LAB. DE 8 A 14 H. Y DE 16,30 A 19 H. EXCEPTO CARGA Y DESCARGA;-3.6914499;40.3863109;JOSE ANTONIO ZAPATA, CALLE, DE, Nº 4
441127,9200000000;4470964,3400000000;41597;02  ARGANZUELA;02-04 LEGAZPI;JULIAN RABANEDO, CALLE, DE;19;CargayDescarga;Línea;2;15,00;LABORABLES DE  8 a 19 h.EXCEPTO CARGA Y DESCARGA;-3.6936249;40.3871943;JULIAN RABANEDO, CALLE, DE, Nº 19
441500,3200000000;4471269,8200000000;43186;02  ARGANZUELA;02-04 LEGAZPI;LITIO, CALLE, DEL;2;CargayDescarga;Línea;2;13,00;LABORABLES DE 08:00 A 17:00 H  ESCEPTO CARGA Y DESCARGA;-3.6892657;40.3899724;LITIO, CALLE, DEL, Nº 2
441154,6700000000;4471432,2100000000;1;02  ARGANZUELA;02-04 LEGAZPI;MANUEL ALEIXANDRE, CALLE, DE;13;CargayDescarga;Línea;3;14,50;Lab. de 9 a 20 h.excepto: CARGA Y DESCARGA;-3.693353;40.391411;MANUEL ALEIXANDRE, CALLE, DE, Nº 13
442312,7400000000;4471801,3700000000;43045;02  ARGANZUELA;02-04 LEGAZPI;MENDEZ ALVARO, CALLE, DE;70;CargayDescarga;Línea;2;12,00;LABORABLES DE LUNES A SABADOS DE 8:00 A 15:00 H  EXCEPTO CARGA Y DESCARGA.;-3.6797422;40.3948176;MENDEZ ALVARO, CALLE, DE, Nº 70
441174,0200000000;4471297,4200000000;36959;02  ARGANZUELA;02-04 LEGAZPI;MOLINO, PASEO, DEL;13;CargayDescarga;Línea;2;9,00;LAB. DE 8 A 14 H. EXCEPTO CARGA Y DESCARGA ;-3.6931126;40.3901981;MOLINO, PASEO, DEL, Nº 13
441686,6900000000;4470868,5500000000;42013;02  ARGANZUELA;02-04 LEGAZPI;PUERTO SERRANO, CALLE, DE;9;CargayDescarga;Línea;2;15,00;LABORABLES DE 8 A 17 H.EXCEPTO CARGA Y DESCARGA;-3.6870332;40.3863706;PUERTO SERRANO, CALLE, DE, Nº 9
441174,3500000000;4471084,3300000000;39001;02  ARGANZUELA;02-04 LEGAZPI;TENIENTE CORONEL NOREÑA, CALLE, DEL;37;CargayDescarga;Línea;3;15,00;LAB. DE 8 A 14 H. Y DE 16,30 A 19 H. EXCEPTO CARGA Y DESCARGA ;-3.693089;40.3882785;TENIENTE CORONEL NOREÑA, CALLE, DEL, Nº 37
441048,2200000000;4471209,8400000000;41430;02  ARGANZUELA;02-04 LEGAZPI;TENIENTE CORONEL NOREÑA, CALLE, DEL;6;CargayDescarga;Línea;3;15,00;LABORABLES DE 8 A 17 H. EXCEPTO CARGA Y DESCARGA;-3.6945866;40.3894002;TENIENTE CORONEL NOREÑA, CALLE, DEL, Nº 6
442329,3200000000;4471404,3100000000;41220;02  ARGANZUELA;02-04 LEGAZPI;TITAN, CALLE, DE;13;CargayDescarga;Línea;3;15,00;DE LUNES A VIERNES DE 8 A 19 H. EXCEPTO CARGA Y DESCARGA;-3.6795109;40.3912418;TITAN, CALLE, DE, Nº 13
440922,4900000000;4472416,0300000000;43504;02  ARGANZUELA;02-05 DELICIAS;BATALLA DEL SALADO, CALLE, DE LA;31;CargayDescarga;Línea;1;12,00;;-3.6961798;40.4002573;BATALLA DEL SALADO, CALLE, DE LA, Nº 31
440907,3600000000;4472262,3000000000;41793;02  ARGANZUELA;02-05 DELICIAS;BATALLA DEL SALADO, CALLE, DE LA;39;CargayDescarga;Línea;2;15,00;LABORABLES DE 8:00 A 17:00 HEXCEPTO CARGA Y DESCARGA;-3.6963438;40.3988713;BATALLA DEL SALADO, CALLE, DE LA, Nº 39
440896,8700000000;4472142,8200000000;35744;02  ARGANZUELA;02-05 DELICIAS;BATALLA DEL SALADO, CALLE, DE LA;53;CargayDescarga;Línea;3;15,00;lab. de 8 a 14h.y de 16,30 a 19h.excepto: CARGA Y DESCARGA;-3.6964563;40.3977943;BATALLA DEL SALADO, CALLE, DE LA, Nº 53
441045,7100000000;4471675,8000000000;36164;02  ARGANZUELA;02-05 DELICIAS;DELICIAS, PASEO, DE LAS;107;CargayDescarga;Línea;3;13,56;LABORABLES DE 9 A 14 H.Y DE 16,30  A 19 H. EXCEPTOCARGA Y DESCARGA;-3.6946593;40.3935976;DELICIAS, PASEO, DE LAS, Nº 107
441043,9600000000;4471877,8300000000;40956;02  ARGANZUELA;02-05 DELICIAS;DELICIAS, PASEO, DE LAS;112;CargayDescarga;Línea;5;25,00;LABORABLES DE 8 A 15 H. EXCEPTO CARGA Y DESCARGA;-3.6946986;40.3954175;DELICIAS, PASEO, DE LAS, Nº 112
441096,0000000000;4472419,5800000000;40956;02  ARGANZUELA;02-05 DELICIAS;DELICIAS, PASEO, DE LAS;52;CargayDescarga;Línea;4;20,00;LABORABLES DE 8 A 15 H. EXCEPTO CARGA Y DESCARGA;-3.6941356;40.4003016;DELICIAS, PASEO, DE LAS, Nº 52
441109,3200000000;4472352,3600000000;40808;02  ARGANZUELA;02-05 DELICIAS;DELICIAS, PASEO, DE LAS;63;CargayDescarga;Línea;3;15,22;LABORABLES DE 9 A 20 HEXCEPTO CARGA Y DESCARGA;-3.6939724;40.399697;DELICIAS, PASEO, DE LAS, Nº 63
441094,9400000000;4472194,2400000000;40808;02  ARGANZUELA;02-05 DELICIAS;DELICIAS, PASEO, DE LAS;65F;CargayDescarga;Línea;3;15,00;Laborables de 9 a 20 h.excepto: CARGA Y DESCARGA;-3.6941272;40.3982715;DELICIAS, PASEO, DE LAS, Nº 65F
441085,7400000000;4472309,5700000000;40959;02  ARGANZUELA;02-05 DELICIAS;DELICIAS, PASEO, DE LAS;68;CargayDescarga;Línea;3;15,00;LABORABLES DE LUNES A VIERNES DE 8 A 14 H. Y DE 16:30 A 19 H. SÁBADOS DE 8 A 15 H. EXCEPTO CARGA Y DESCARGA;-3.6942463;40.3993098;DELICIAS, PASEO, DE LAS, Nº 68
441083,3600000000;4472070,6600000000;40956;02  ARGANZUELA;02-05 DELICIAS;DELICIAS, PASEO, DE LAS;75;CargayDescarga;Línea;4;20,00;LABORABLES DE LUNES A VIERNES DE 8 A 14 H. Y DE 16:30 A 19 H. SÁBADOS DE 8 A 15 H. EXCEPTO CARGA Y DESCARGA;-3.6942522;40.3971574;DELICIAS, PASEO, DE LAS, Nº 75
441068,9400000000;4472132,3400000000;40956;02  ARGANZUELA;02-05 DELICIAS;DELICIAS, PASEO, DE LAS;88 A;CargayDescarga;Línea;6;30,00;LABORABLES DE LUNES A VIERNES DE 8 A 14 H. Y DE 16:30 A 19 H. SÁBADOS DE 8 A 15 H. EXCEPTO CARGA Y DESCARGA;-3.6944278;40.397712;DELICIAS, PASEO, DE LAS, Nº 88 A
441069,5200000000;4471933,3100000000;40956;02  ARGANZUELA;02-05 DELICIAS;DELICIAS, PASEO, DE LAS;89;CargayDescarga;Línea;8;40,00;LABORABLES DE 8 A 15 H. EXCEPTO CARGA Y DESCARGA;-3.6944026;40.3959191;DELICIAS, PASEO, DE LAS, Nº 89
441059,6100000000;4472033,5000000000;40956;02  ARGANZUELA;02-05 DELICIAS;DELICIAS, PASEO, DE LAS;98;CargayDescarga;Línea;5;25,50;LABORABLES DE LUNES A VIERNES DE 8 A 14 H. Y DE 16:30 A 19 H. SÁBADOS DE 8 A 15 H. EXCEPTO CARGA Y DESCARGA;-3.6945286;40.396821;DELICIAS, PASEO, DE LAS, Nº 98
440818,5900000000;4472193,0700000000;39615;02  ARGANZUELA;02-05 DELICIAS;EMBAJADORES, CALLE, DE;119;CargayDescarga;Batería;2;12,00;LAB. DE 8 A 14 H Y DE 16,30 A 19 H.EXCEPTO CARGA Y DESCARGA EN LINEA;-3.6973833;40.3982414;EMBAJADORES, CALLE, DE, Nº 119
441071,4100000000;4471660,0000000000;39429;02  ARGANZUELA;02-05 DELICIAS;EMBAJADORES, CALLE, DE;184;CargayDescarga;Línea;3;17,71;LABORABLES DE 9 A 14 H.Y DE 16,30  A 20 H. EXCEPTOCARGA Y DESCARGA EN LINEA;-3.694355;40.3934571;EMBAJADORES, CALLE, DE, Nº 184
441114,2800000000;4471560,3800000000;43788;02  ARGANZUELA;02-05 DELICIAS;EMBAJADORES, CALLE, DE;194;CargayDescarga;Línea;3;15,00;LABORABLES DE 8 A 14 H. Y DE 16,30  A 19 H. EXCEPTO CARGA Y DESCARGA EN LÍNEA ;-3.6938407;40.3925627;EMBAJADORES, CALLE, DE, Nº 194
441811,1700000000;4471884,4900000000;39546;02  ARGANZUELA;02-05 DELICIAS;ESTRELLA NAOS, CALLE, DE LA;5;CargayDescarga;Línea;3;15,00;LAB. DE 8 A 14 H. Y DE 16,30 A 19 H. EXCEPTO CARGA Y DESCARGA;-3.6856596;40.3955315;ESTRELLA NAOS, CALLE, DE LA, Nº 5
440966,6500000000;4472473,4100000000;37838;02  ARGANZUELA;02-05 DELICIAS;FERROCARRIL, CALLE, DEL;17;CargayDescarga;Línea;3;17,13;LABORABLES DE 8 A 14 H. Y DE 16,30 A 19 H. EXCEPTO CARGA Y DESCARGA TIEMPO MAXIMO 1 HORA;-3.6956647;40.4007773;FERROCARRIL, CALLE, DEL, Nº 17
440805,5200000000;4472485,2300000000;37838;02  ARGANZUELA;02-05 DELICIAS;FERROCARRIL, CALLE, DEL;33;CargayDescarga;Línea;3;15,00;LABORABLES DE 8 A 14 H. Y DE 16,30 A 19 H. EXCEPTO CARGA Y DESCARGA TIEMPO MAXIMO 1 HORA;-3.6975645;40.4008724;FERROCARRIL, CALLE, DEL, Nº 33
441342,2700000000;4471654,9500000000;38236;02  ARGANZUELA;02-05 DELICIAS;GRANITO, CALLE, DEL;30;CargayDescarga;Línea;2;10,00;LAB. DE 8 A 14 H. Y DE 16,30 A 19 H. EXCEPTO CARGA Y DESCARGA;-3.6911632;40.3934308;GRANITO, CALLE, DEL, Nº 30
441729,7200000000;4472266,4400000000;39575;02  ARGANZUELA;02-05 DELICIAS;JUAN DE MARIANA, CALLE, DE;1;CargayDescarga;Línea;2;10,00;LAB. DE 8 A 14 H. Y DE 16,30 A 19 H. EXCEPTO CARGA Y DESCARGA;-3.6866542;40.3989666;JUAN DE MARIANA, CALLE, DE, Nº 1
441184,1500000000;4471961,1200000000;41121;02  ARGANZUELA;02-05 DELICIAS;JUAN DE VERA, CALLE, DE;13;CargayDescarga;Línea;3;15,00;LABORABLES DE 8 A 15 H. EXCEPTO CARGA Y DESCARGA;-3.6930545;40.3961777;JUAN DE VERA, CALLE, DE, Nº 13
441211,4600000000;4472033,1400000000;35086;02  ARGANZUELA;02-05 DELICIAS;JUANA DOÑA, CALLE, DE;5;CargayDescarga;Línea;3;15,50;LABORABLES DE 9 A 14H. Y DE 16.30 A 20H.EXCEPTO CARGA Y DESCARGA;-3.6927394;40.3968285;JUANA DOÑA, CALLE, DE, Nº 5
442006,3100000000;4472048,0300000000;41842;02  ARGANZUELA;02-05 DELICIAS;ORIANA, CALLE, DEL;4;CargayDescarga;Línea;8;45,00;LAB. DE 8 A 14 H.EXCEPTO CARGA Y DESCARGA;-3.6833752;40.3970183;ORIANA, CALLE, DEL, Nº 4
441419,0800000000;4471614,4800000000;39192;02  ARGANZUELA;02-05 DELICIAS;PLOMO, CALLE, DEL;15;CargayDescarga;Línea;1;6,00;LAB. DE 8 A 14 H. Y DE 16,30 A 19 H. EXCEPTO CARGA Y DESCARGA;-3.6902545;40.3930716;PLOMO, CALLE, DEL, Nº 15
441015,0000000000;4472104,6300000000;41809;02  ARGANZUELA;02-05 DELICIAS;TOMAS BRETON, CALLE, DE;12;CargayDescarga;Línea;3;15,00;LABORABLES DE 8 A 14 HEXCEPTO CARGA Y DESCARGA;-3.6950608;40.3974586;TOMAS BRETON, CALLE, DE, Nº 12
441101,2300000000;4472104,9900000000;40956;02  ARGANZUELA;02-05 DELICIAS;TOMAS BRETON, CALLE, DE;13;CargayDescarga;Línea;2;12,20;LABORABLES DE 8 A 15 H. EXCEPTO CARGA Y DESCARGA;-3.6940448;40.3974679;TOMAS BRETON, CALLE, DE, Nº 13
441308,9400000000;4472063,3900000000;40252;02  ARGANZUELA;02-05 DELICIAS;TOMAS BRETON, CALLE, DE;52;CargayDescarga;Línea;2;10,36;LABORABLES DE 8 A 14 H.Y DE 16,30 A 19 H. EXCEPTOCARGA Y DESCARGA;-3.6915936;40.3971079;TOMAS BRETON, CALLE, DE, Nº 52
441427,1500000000;4471885,7000000000;37824;02  ARGANZUELA;02-05 DELICIAS;TOMAS BRETON, CALLE, DE;60;CargayDescarga;Línea;4;18,00;EXCEPTO CARGA Y DESCARGA;-3.6901844;40.3955155;TOMAS BRETON, CALLE, DE, Nº 60
441481,9300000000;4472427,0900000000;40249;02  ARGANZUELA;02-05 DELICIAS;VARA DE REY, CALLE, DE;Fte 11;CargayDescarga;Línea;4;20,00;LAB. DE 8 A 14 H. Y DE 16,30 A 19 H. EXCEPTO CARGA Y DESCARGA;-3.6895887;40.4003964;VARA DE REY, CALLE, DE, Nº Fte 11
440468,5500000000;4472946,9500000000;40360;02  ARGANZUELA;02-06 PALOS DE MOGUER;ALONSO DEL BARCO, CALLE, DE;2;CargayDescarga;Línea;3;16,15;LABORABLES DE 7 A 18 H. EXCEPTO CARGA Y DESCARGA;-3.7015784;40.4050078;ALONSO DEL BARCO, CALLE, DE, Nº 2
441241,2200000000;4472705,3900000000;1;02  ARGANZUELA;02-06 PALOS DE MOGUER;ANCORA, CALLE, DEL;10;CargayDescarga;Línea;3;13,40;lab. de 8 a 14 hy de 16.30 a 19 hexcepto:[CARGA YDESCARGA];-3.6924508;40.4028865;ANCORA, CALLE, DEL, Nº 10
441194,1700000000;4472723,9700000000;41822;02  ARGANZUELA;02-06 PALOS DE MOGUER;ANCORA, CALLE, DEL;3;CargayDescarga;Línea;3;14,06;LABORABLES DE 8:00 A 17:00 HEXCEPTO CARGA Y DESCARGA;-3.6930069;40.4030506;ANCORA, CALLE, DEL, Nº 3
440969,4500000000;4472906,8100000000;37692;02  ARGANZUELA;02-06 PALOS DE MOGUER;BATALLA DEL SALADO, CALLE, DE LA;1;CargayDescarga;Línea;3;15,10;lab. de 8 a 14 h y de 16.30 a 19 h excepto: [CARGA Y DESCARGA] ;-3.6956719;40.4046818;BATALLA DEL SALADO, CALLE, DE LA, Nº 1
441338,7300000000;4472468,1700000000;38853;02  ARGANZUELA;02-06 PALOS DE MOGUER;BUSTAMANTE, CALLE, DE;17;CargayDescarga;Línea;3;15,00;LAB. DE 8 A 14 H. Y DE 16,30 A 19 H. EXCEPTO CARGA Y DESCARGA;-3.6912799;40.4007564;BUSTAMANTE, CALLE, DE, Nº 17
441168,4500000000;4472598,3000000000;1;02  ARGANZUELA;02-06 PALOS DE MOGUER;CANARIAS, CALLE, DE LAS;21;CargayDescarga;Línea;3;15,80;lab. de 8 a 14 hy de 16.30 a 19 hexcepto:[CARGA YDESCARGA];-3.6932984;40.4019167;CANARIAS, CALLE, DE LAS, Nº 21
441268,1700000000;4472590,2500000000;1;02  ARGANZUELA;02-06 PALOS DE MOGUER;CANARIAS, CALLE, DE LAS;31;CargayDescarga;Línea;3;11,96;Lab. de 9 a 20 hexcepto: CARGA Y DESCARGA;-3.6921226;40.4018512;CANARIAS, CALLE, DE LAS, Nº 31
441407,4600000000;4472579,0900000000;39181;02  ARGANZUELA;02-06 PALOS DE MOGUER;CANARIAS, CALLE, DE LAS;45;CargayDescarga;Línea;1;6,10;LAB. DE 8 A 14 H. Y DE 16,30 A 19 H. EXCEPTO CARGA Y DESCARGA;-3.6904802;40.4017605;CANARIAS, CALLE, DE LAS, Nº 45
441482,9200000000;4472573,1700000000;38390;02  ARGANZUELA;02-06 PALOS DE MOGUER;CANARIAS, CALLE, DE LAS;49;CargayDescarga;Línea;2;10,00;LAB. DE 8 A 14 H. Y DE 16,30 A 19 H. EXCEPTO CARGA Y DESCARGA;-3.6895905;40.4017125;CANARIAS, CALLE, DE LAS, Nº 49
441290,4600000000;4472829,2600000000;43346;02  ARGANZUELA;02-06 PALOS DE MOGUER;DELICIAS, CALLE, DE LAS;28;CargayDescarga;Línea;2;24,00;LAB. DE 8 A 19:00 H EXCEPTO CARGA Y DESCARGA ;-3.691882;40.4040059;DELICIAS, CALLE, DE LAS, Nº 28
441056,0400000000;4472847,2000000000;40758;02  ARGANZUELA;02-06 PALOS DE MOGUER;DELICIAS, CALLE, DE LAS;8;CargayDescarga;Línea;3;15,00;lab. de 8 a 14 h y de 16.30 a 19 h excepto: [CARGA Y DESCARGA] ;-3.694646;40.404151;DELICIAS, CALLE, DE LAS, Nº 8
441160,3600000000;4473089,5100000000;37240;02  ARGANZUELA;02-06 PALOS DE MOGUER;DELICIAS, PASEO, DE LAS;10;CargayDescarga;Línea;6;30,10;lab. de 8 a 14 h.y de 16,30 a 19 h.excepto:[CARGA YDESCARGA];-3.6934391;40.4063412;DELICIAS, PASEO, DE LAS, Nº 10
441161,3100000000;4472887,7800000000;42802;02  ARGANZUELA;02-06 PALOS DE MOGUER;DELICIAS, PASEO, DE LAS;23;CargayDescarga;Línea;11;56,00;LABORABLES  DE 08:00 A 17:00  EXCEPTO CARGA Y DESCARGA;-3.6934093;40.404524;DELICIAS, PASEO, DE LAS, Nº 23
441139,2800000000;4472869,1500000000;37239;02  ARGANZUELA;02-06 PALOS DE MOGUER;DELICIAS, PASEO, DE LAS;32;CargayDescarga;Línea;4;20,00;lab. de 8 a 14 hy de 16.30 a 19 hexcepto:[CARGA YDESCARGA];-3.6936672;40.4043546;DELICIAS, PASEO, DE LAS, Nº 32
441151,1400000000;4472779,7600000000;41079;02  ARGANZUELA;02-06 PALOS DE MOGUER;DELICIAS, PASEO, DE LAS;41;CargayDescarga;Línea;10;52,60;Lab. de 9 a 20 h. excepto: CARGA Y DESCARGA;-3.6935191;40.4035501;DELICIAS, PASEO, DE LAS, Nº 41
441128,2800000000;4472755,0800000000;40959;02  ARGANZUELA;02-06 PALOS DE MOGUER;DELICIAS, PASEO, DE LAS;42;CargayDescarga;Línea;3;15,25;LABORABLES DE 8 A 15 H. EXCEPTO CARGA Y DESCARGA;-3.6937862;40.4033262;DELICIAS, PASEO, DE LAS, Nº 42
441184,0100000000;4473118,9200000000;40959;02  ARGANZUELA;02-06 PALOS DE MOGUER;DELICIAS, PASEO, DE LAS;5;CargayDescarga;Línea;4;19,40;LABORABLES DE 8 A 15 H. EXCEPTO CARGA Y DESCARGA;-3.6931631;40.4066078;DELICIAS, PASEO, DE LAS, Nº 5
441125,8600000000;4472517,2300000000;40959;02  ARGANZUELA;02-06 PALOS DE MOGUER;DELICIAS, PASEO, DE LAS;55;CargayDescarga;Línea;5;25,00;LABORABLES DE LUNES A VIERNES DE 8 A 14 H. Y DE 16:30 A 19 H. SÁBADOS DE 8 A 15 H. EXCEPTO CARGA Y DESCARGA;-3.6937928;40.4011834;DELICIAS, PASEO, DE LAS, Nº 55
440803,2900000000;4472504,8500000000;43084;02  ARGANZUELA;02-06 PALOS DE MOGUER;FERROCARRIL, CALLE, DEL;36;CargayDescarga;Línea;2;13,00;LAB. DE 8:00 A 15:00 EXCEPTO CARGA Y DESCARGA;-3.6975926;40.401049;FERROCARRIL, CALLE, DEL, Nº 36
441052,2500000000;4472486,7300000000;37838;02  ARGANZUELA;02-06 PALOS DE MOGUER;FERROCARRIL, CALLE, DEL;6;CargayDescarga;Línea;3;19,60;LABORABLES DE 8 A 14 H. Y DE 16,30 A 19 H. EXCEPTO CARGA Y DESCARGA TIEMPO MAXIMO 1 HORA;-3.6946573;40.4009034;FERROCARRIL, CALLE, DEL, Nº 6
440745,3600000000;4472838,5200000000;35744;02  ARGANZUELA;02-06 PALOS DE MOGUER;FRAY LUIS DE LEON, CALLE, DE;14A;CargayDescarga;Línea;2;11,90;Lab. de 9 a 14 h y de 16.30 a 20 hexcepto: CARGA Y DESCARGA;-3.6983063;40.4040507;FRAY LUIS DE LEON, CALLE, DE, Nº 14A
440661,3200000000;4473022,7900000000;44280;02  ARGANZUELA;02-06 PALOS DE MOGUER;FRAY LUIS DE LEON, CALLE, DE;2;CargayDescarga;Línea;2;11,40;LABORABLES DE 9 A 13 H Y DE 16 A 19 H. EXCEPTO CARGA Y DESCARGA;-3.6993138;40.4057047;FRAY LUIS DE LEON, CALLE, DE, Nº 2
441370,3100000000;4472674,2600000000;38492;02  ARGANZUELA;02-06 PALOS DE MOGUER;GENERAL LACY, CALLE, DEL;28;CargayDescarga;Batería;6;15,10;LAB. DE 8 A 14 H. Y DE 16,30 A 19 H. EXCEPTO CARGA Y DESCARGA;-3.6909267;40.4026152;GENERAL LACY, CALLE, DEL, Nº 28
440890,1300000000;4472876,3400000000;37589;02  ARGANZUELA;02-06 PALOS DE MOGUER;JOSE ANTONIO DE ARMONA, CALLE, DE;9;CargayDescarga;Línea;4;20,00;lab. de 8 a 14 h y de 16.30 a 19 h excepto: [CARGA Y DESCARGA] ;-3.6966038;40.4044017;JOSE ANTONIO DE ARMONA, CALLE, DE, Nº 9
441092,6100000000;4472545,0000000000;40960;02  ARGANZUELA;02-06 PALOS DE MOGUER;LUCA DE TENA, PLAZA, DE;9;CargayDescarga;Línea;3;15,10;LABORABLES DE LUNES A VIERNES DE 8 A 14 H. Y DE 16:30 A 19 H. SÁBADOS DE 8 A 15 H. EXCEPTO CARGA Y DESCARGA;-3.6941871;40.4014312;LUCA DE TENA, PLAZA, DE, Nº 9
440952,5100000000;4473088,6800000000;1;02  ARGANZUELA;02-06 PALOS DE MOGUER;MARQUES DE LA VALDAVIA, CALLE, DEL;3;CargayDescarga;Línea;3;13,50;lab. de 8 a 14 h.y de 16,30 a 19 h.excepto:[CARGA YDESCARGA];-3.6958884;40.406319;MARQUES DE LA VALDAVIA, CALLE, DEL, Nº 3
440871,9100000000;4472676,3100000000;43279;02  ARGANZUELA;02-06 PALOS DE MOGUER;MARTIN SOLER, CALLE, DE;3;CargayDescarga;Línea;7;40,00;LABORABLES DE 8 A 14 H Y DE 16.30 A 19 H EXCEPTO CARGA Y DESCARGA MAXIMO 20 MINUTOS ;-3.6968;40.4025984;MARTIN SOLER, CALLE, DE, Nº 3
440922,8600000000;4472671,4100000000;40136;02  ARGANZUELA;02-06 PALOS DE MOGUER;MARTIN SOLER, CALLE, DE;9;CargayDescarga;Línea;3;15,00;lab. de 8 a 14 h y de 16.30 a 19 h excepto: [CARGA Y DESCARGA];-3.6961991;40.4025579;MARTIN SOLER, CALLE, DE, Nº 9
441266,8200000000;4473095,6400000000;35228;02  ARGANZUELA;02-06 PALOS DE MOGUER;MENDEZ ALVARO, CALLE, DE;14;CargayDescarga;Línea;3;18,20;lab. de 8 a 14 h.y de 16,30 a 19 h.excepto:[CARGA YDESCARGA];-3.6921851;40.4064039;MENDEZ ALVARO, CALLE, DE, Nº 14
441214,5400000000;4473158,5800000000;39384;02  ARGANZUELA;02-06 PALOS DE MOGUER;MENDEZ ALVARO, CALLE, DE;2;CargayDescarga;Línea;3;15,00;lab. de 8 a 14 h. y de 16,30 a 19 h. excepto: [CARGA Y DESCARGA];-3.692807;40.4069672;MENDEZ ALVARO, CALLE, DE, Nº 2
441739,4400000000;4472496,5200000000;41011;02  ARGANZUELA;02-06 PALOS DE MOGUER;MENDEZ ALVARO, CALLE, DE;32 A;CargayDescarga;Línea;1;6,00;LAB. DE 8 A 14 H. Y DE 16,30 A 19 H. EXCEPTO CARGA Y DESCARGA;-3.6865607;40.4010399;MENDEZ ALVARO, CALLE, DE, Nº 32 A
440890,1600000000;4472751,6300000000;43794;02  ARGANZUELA;02-06 PALOS DE MOGUER;PALOS DE LA FRONTERA, CALLE, DE;15;CargayDescarga;Línea;1;7,00;LAB. DE 8 A 14.30 H EXCEPTO CARGA Y DESCARGA;-3.6965919;40.4032783;PALOS DE LA FRONTERA, CALLE, DE, Nº 15
441116,8400000000;4472777,6200000000;40960;02  ARGANZUELA;02-06 PALOS DE MOGUER;PEDRO UNANUE, CALLE, DE;24;CargayDescarga;Línea;2;12,70;LABORABLES DE 8 A 15 H. EXCEPTO CARGA Y DESCARGA;-3.6939231;40.4035284;PEDRO UNANUE, CALLE, DE, Nº 24
441270,1500000000;4472916,9000000000;35017;02  ARGANZUELA;02-06 PALOS DE MOGUER;RAFAEL DE RIEGO, CALLE, DE;14;CargayDescarga;Línea;3;14,10;LABORABLES DE 8 A 20 HEXCEPTO CARGA Y DESCARGA;-3.6921294;40.404794;RAFAEL DE RIEGO, CALLE, DE, Nº 14
441259,0400000000;4472774,4700000000;1;02  ARGANZUELA;02-06 PALOS DE MOGUER;RAFAEL DE RIEGO, CALLE, DE;26;CargayDescarga;Línea;2;11,80;Lab. de 9 a 20 hexcepto: CARGA Y DESCARGA;-3.6922472;40.4035101;RAFAEL DE RIEGO, CALLE, DE, Nº 26
441246,4400000000;4472624,7700000000;1;02  ARGANZUELA;02-06 PALOS DE MOGUER;RAFAEL DE RIEGO, CALLE, DE;38;CargayDescarga;Línea;3;14,10;Lab. de 9 a 20 hexcepto: CARGA Y DESCARGA;-3.6923818;40.4021606;RAFAEL DE RIEGO, CALLE, DE, Nº 38
441004,8800000000;4472969,7100000000;40360;02  ARGANZUELA;02-06 PALOS DE MOGUER;SANTA MARIA DE LA CABEZA, PASEO, DE;25;CargayDescarga;Línea;4;19,90;lab. de 8 a 14 h y de 16.30 a 19 h excepto: [CARGA Y DESCARGA] ;-3.6952603;40.405251;SANTA MARIA DE LA CABEZA, PASEO, DE, Nº 25
440927,8600000000;4472887,9400000000;37819;02  ARGANZUELA;02-06 PALOS DE MOGUER;SANTA MARIA DE LA CABEZA, PASEO, DE;34;CargayDescarga;Línea;3;15,00;lab. de 8 a 14 h y de 16.30 a 19 h excepto: [CARGA Y DESCARGA];-3.6961603;40.4045089;SANTA MARIA DE LA CABEZA, PASEO, DE, Nº 34
440893,2600000000;4472816,9300000000;40360;02  ARGANZUELA;02-06 PALOS DE MOGUER;SANTA MARIA DE LA CABEZA, PASEO, DE;35;CargayDescarga;Línea;2;10,20;lab. de 8 a 14 h y de 16.30 a 19 h excepto: [CARGA Y DESCARGA] ;-3.6965614;40.4038667;SANTA MARIA DE LA CABEZA, PASEO, DE, Nº 35
440821,7500000000;4472715,8700000000;40973;02  ARGANZUELA;02-06 PALOS DE MOGUER;SANTA MARIA DE LA CABEZA, PASEO, DE;41;CargayDescarga;Línea;9;47,70;LABORABLES DE 8 A 14 H. Y DE 16:30 A 19 H., EXCEPTO CARGA Y DESCARGA. MÁXIMO 30 MINUTOS;-3.6973947;40.4029512;SANTA MARIA DE LA CABEZA, PASEO, DE, Nº 41
440702,9300000000;4472573,4100000000;40360;02  ARGANZUELA;02-06 PALOS DE MOGUER;SANTA MARIA DE LA CABEZA, PASEO, DE;60;CargayDescarga;Línea;2;11,00;lab. de 8 a 14 h y de 16.30 a 19 h excepto: [CARGA Y DESCARGA];-3.6987816;40.4016594;SANTA MARIA DE LA CABEZA, PASEO, DE, Nº 60
441096,4300000000;4473099,6900000000;40360;02  ARGANZUELA;02-06 PALOS DE MOGUER;SANTA MARIA DE LA CABEZA, PASEO, DE;9;CargayDescarga;Línea;4;19,60;lab. de 8 a 14 h.y de 16,30 a 19 h.excepto:[CARGA YDESCARGA];-3.6941934;40.4064284;SANTA MARIA DE LA CABEZA, PASEO, DE, Nº 9
440502,4400000000;4472854,2900000000;43857;02  ARGANZUELA;02-06 PALOS DE MOGUER;SEBASTIAN ELCANO, CALLE, DE;3;CargayDescarga;Línea;2;15,00;LAB. DE 7 A 19 H. EXCEPTO CARGA Y DESCARGA;-3.7011703;40.4041754;SEBASTIAN ELCANO, CALLE, DE, Nº 3
440965,0800000000;4472976,0100000000;40360;02  ARGANZUELA;02-06 PALOS DE MOGUER;SEBASTIAN ELCANO, CALLE, DE;44;CargayDescarga;Línea;2;11,00;lab. de 8 a 14 h y de 16.30 a 19 h excepto: [CARGA Y DESCARGA];-3.6957299;40.4053049;SEBASTIAN ELCANO, CALLE, DE, Nº 44
440680,9600000000;4472839,4100000000;35086;02  ARGANZUELA;02-06 PALOS DE MOGUER;SEBASTIAN HERRERA, CALLE, DE;19;CargayDescarga;Línea;2;10,40;Lab. de 9 a 20 hexcepto: CARGA Y DESCARGA;-3.6990653;40.4040541;SEBASTIAN HERRERA, CALLE, DE, Nº 19
440916,1000000000;4472567,2900000000;38910;02  ARGANZUELA;02-06 PALOS DE MOGUER;TARRAGONA, CALLE, DE;Fte 20B;CargayDescarga;Línea;2;9,70;lab. de 8 a 14 h y de 16.30 a 19 h excepto: [CARGA Y DESCARGA];-3.6962691;40.4016195;TARRAGONA, CALLE, DE, Nº Fte 20B
440572,5800000000;4473004,6900000000;40044;02  ARGANZUELA;02-06 PALOS DE MOGUER;VALENCIA, RONDA, DE;3;CargayDescarga;Línea;2;12,00;lab. de 8 a 14 h. y de 16.30 a 19 h. excepto:  CARGA Y                 DESCARGA];-3.7003578;40.4055353;VALENCIA, RONDA, DE, Nº 3
441829,7700000000;4472435,2400000000;41719;02  ARGANZUELA;02-07 ATOCHA;MENDEZ ALVARO, CALLE, DE;21;CargayDescarga;Línea;2;15,00;LABORABLES DE 8 A 17 HEXCEPTO CARGA Y DESCARGA;-3.6854907;40.4004942;MENDEZ ALVARO, CALLE, DE, Nº 21
442487,7900000000;4471910,6000000000;38743;02  ARGANZUELA;02-07 ATOCHA;OMBU, CALLE, DEL;16;CargayDescarga;Línea;1;5,00;LABORABLES DE 8 A 14 H. Y DE 16,30 A 19 H. EXCEPTO CARGA Y DESCARGA;-3.6776896;40.3958137;OMBU, CALLE, DEL, Nº 16
442685,8200000000;4471762,5700000000;35748;02  ARGANZUELA;02-07 ATOCHA;RETAMA, CALLE, DE LA;3;CargayDescarga;Línea;3;15,00;LABORABLES DE 9 A 14 H Y DE 16.30 A 20 HEXCEPTO CARGA Y DESCARGA;-3.675343;40.3944938;RETAMA, CALLE, DE LA, Nº 3
442621,7900000000;4472847,8700000000;40323;03  RETIRO;03-01 PACÍFICO;ABTAO, CALLE, DE;11;CargayDescarga;Línea;4;13,13;LAB.DE 8 A 14 H. Y DE 16,30 A 19 H. EXCEPTO CARGA Y DESCARGA;-3.6761952;40.4042664;ABTAO, CALLE, DE, Nº 11
442530,3800000000;4472691,0600000000;36724;03  RETIRO;03-01 PACÍFICO;ABTAO, CALLE, DE;2;CargayDescarga;Batería;6;15,40;LAB.DE 8 A 14 H. Y DE 16,30 A 19 H. EXCEPTO CARGA Y DESCARGA;-3.6772582;40.4028474;ABTAO, CALLE, DE, Nº 2
442812,9600000000;4473125,8300000000;35241;03  RETIRO;03-01 PACÍFICO;ABTAO, CALLE, DE;48;CargayDescarga;Línea;5;25,00;LAB. DE 8 A 14 H. Y DE 16,30 A 19 H. EXCEPTO CARGA Y DESCARGA;-3.6739674;40.4067835;ABTAO, CALLE, DE, Nº 48
441999,9100000000;4472926,4000000000;37679;03  RETIRO;03-01 PACÍFICO;ANTONIO NEBRIJA, CALLE, DE;2;CargayDescarga;Línea;4;13,22;LAB. DE 8 A 14 H. Y DE 16,30 A 19 H.EXCEPTO CARGA Y DESCARGA;-3.6835306;40.4049307;ANTONIO NEBRIJA, CALLE, DE, Nº 2
442668,8400000000;4472591,2400000000;41493;03  RETIRO;03-01 PACÍFICO;CARIDAD, CALLE, DE LA;3;CargayDescarga;Línea;3;18,60;Laborables de lunes a viernes, de 8 a 14h, y de 16.30 a 19.00h, excepto carga y descarga;-3.6756176;40.4019577;CARIDAD, CALLE, DE LA, Nº 3
442680,0200000000;4473034,9200000000;42592;03  RETIRO;03-01 PACÍFICO;CAVANILLES, CALLE, DE;25;CargayDescarga;Línea;3;25,00;LAB. DE 8 A 14 H. Y DE 16,30 A 19 H. EXCEPTO CARGA Y DESCARGA;-3.6755259;40.4059554;CAVANILLES, CALLE, DE, Nº 25
442797,7100000000;4472956,2200000000;42706;03  RETIRO;03-01 PACÍFICO;CAVANILLES, CALLE, DE;37;CargayDescarga;Línea;3;14,28;LAB.DE 8 A 14 H. Y DE 16,30 A 19 H. EXCEPTO CARGA Y DESCARGA;-3.6741319;40.4052545;CAVANILLES, CALLE, DE, Nº 37
442747,5300000000;4472968,2800000000;39709;03  RETIRO;03-01 PACÍFICO;CAVANILLES, CALLE, DE;42;CargayDescarga;Línea;2;12,00;LAB.DE 8 A 14 H. Y DE 16,30 A 19 H. EXCEPTO CARGA Y DESCARGA ;-3.6747243;40.4053597;CAVANILLES, CALLE, DE, Nº 42
442892,7900000000;4472893,9100000000;37774;03  RETIRO;03-01 PACÍFICO;CAVANILLES, CALLE, DE;47;CargayDescarga;Línea;3;15,00;LAB.DE 8 A 14 H. Y DE 16,30 A 19 H. EXCEPTO CARGA Y DESCARGA ;-3.6730058;40.4046998;CAVANILLES, CALLE, DE, Nº 47
442205,1900000000;4472796,2000000000;38125;03  RETIRO;03-01 PACÍFICO;COMERCIO, CALLE, DEL;1;CargayDescarga;Línea;3;15,00;LAB.DE 8 A 14 H. Y DE 16,30 A 19 H. EXCEPTO CARGA Y DESCARGA;-3.6810998;40.4037721;COMERCIO, CALLE, DEL, Nº 1
443015,9400000000;4472938,4600000000;35363;03  RETIRO;03-01 PACÍFICO;DOCTOR ESQUERDO, CALLE, DEL;140;CargayDescarga;Línea;7;34,00;LAB.DE 8 A 14 H. Y DE 16,30 A19 H. EXCEPTO CARGA Y DESCARGA;-3.6715586;40.4051095;DOCTOR ESQUERDO, CALLE, DEL, Nº 140
442914,0700000000;4472791,8300000000;43510;03  RETIRO;03-01 PACÍFICO;DOCTOR ESQUERDO, CALLE, DEL;150;CargayDescarga;Línea;2;10,00;LAB. DE 8 A 14:30 H EXCEPTO CARGA Y DESCARGA;-3.6727459;40.4037816;DOCTOR ESQUERDO, CALLE, DEL, Nº 150
442217,0500000000;4473089,7500000000;42277;03  RETIRO;03-01 PACÍFICO;FUENTERRABIA, CALLE, DE;6;CargayDescarga;Línea;4;25,00;LAB. DE 8 A 17 H EXCEPTO CARGA Y DESCARGA;-3.6809866;40.4064174;FUENTERRABIA, CALLE, DE, Nº 6
442417,6800000000;4472884,7800000000;36669;03  RETIRO;03-01 PACÍFICO;GRANADA, CALLE, DE;19;CargayDescarga;Línea;3;15,80;LAB. DE 8 A 14 H. EXCEPTO CARGA Y DESCARGA EN LINEA ;-3.6786038;40.4045848;GRANADA, CALLE, DE, Nº 19
442662,1900000000;4472719,8200000000;36822;03  RETIRO;03-01 PACÍFICO;GRANADA, CALLE, DE;44;CargayDescarga;Línea;2;11,60;LAB.DE 8 A 14 H. Y DE 16,30 A19 H. EXCEPTO CARGA Y DESCARGA;-3.6757076;40.4031156;GRANADA, CALLE, DE, Nº 44
442695,2800000000;4472698,5300000000;38071;03  RETIRO;03-01 PACÍFICO;GRANADA, CALLE, DE;46;CargayDescarga;Línea;3;15,00;LAB.DE 8 A 14 H. Y DE 16,30 A19 H. EXCEPTO CARGA Y DESCARGA;-3.6753157;40.4029261;GRANADA, CALLE, DE, Nº 46
442163,8900000000;4472915,3700000000;1;03  RETIRO;03-01 PACÍFICO;GUTENBERG, CALLE, DE;2;CargayDescarga;Batería;5;13,46;LAB.DE 8 A 14 H. Y DE 16,30 A19 H. EXCEPTO CARGA Y DESCARGA;-3.6815973;40.4048428;GUTENBERG, CALLE, DE, Nº 2
442216,0600000000;4473038,9300000000;38072;03  RETIRO;03-01 PACÍFICO;GUTENBERG, CALLE, DE;9;CargayDescarga;Línea;3;15,00;LAB.DE 8 A 14 H. Y DE16,30 A 19 H. EXCEPTOCARGA Y DESCARGA;-3.6809937;40.4059595;GUTENBERG, CALLE, DE, Nº 9
442562,7700000000;4472512,6100000000;37552;03  RETIRO;03-01 PACÍFICO;HOYUELO, CALLE, DE;1;CargayDescarga;Línea;2;7,58;LAB.DE 8 A 14 H. Y DE 16,30 A 19 H. EXCEPTO CARGA Y DESCARGA;-3.6768604;40.4012421;HOYUELO, CALLE, DE, Nº 1
442445,6000000000;4473134,6800000000;1;03  RETIRO;03-01 PACÍFICO;JOSE SANCHEZ PESCADOR, CALLE, DE;1;CargayDescarga;Línea;3;15,00;LAB.DE 8 A 14 H. Y DE16,30 A 19 H. EXCEPTOCARGA Y DESCARGA;-3.6782974;40.4068379;JOSE SANCHEZ PESCADOR, CALLE, DE, Nº 1
442478,4500000000;4472821,1000000000;37145;03  RETIRO;03-01 PACÍFICO;JUAN DE URBIETA, CALLE, DE;12;CargayDescarga;Línea;3;14,70;LAB.DE 8 A 14 H. Y DE 16,30 A19 H. EXCEPTO CARGA Y DESCARGA;-3.6778819;40.4040153;JUAN DE URBIETA, CALLE, DE, Nº 12
442546,3800000000;4472926,4400000000;35775;03  RETIRO;03-01 PACÍFICO;JUAN DE URBIETA, CALLE, DE;22;CargayDescarga;Línea;3;14,80;LAB.DE 8 A 14 H. Y DE 16,30 A19 H. EXCEPTO CARGA Y DESCARGA;-3.6770909;40.404969;JUAN DE URBIETA, CALLE, DE, Nº 22
442375,7800000000;4472690,0500000000;43104;03  RETIRO;03-01 PACÍFICO;LEON GIL DE PALACIO, CALLE, DE;2;CargayDescarga;;3;15,00;Días laborables de lunes a viernes de 8 a 20h y sábados de 8 a 15h. Excepto carga y descarga en línea';-3.6790799;40.4028276;LEON GIL DE PALACIO, CALLE, DE, Nº 2
442617,0800000000;4473171,2300000000;37657;03  RETIRO;03-01 PACÍFICO;MEDITERRANEO, AVENIDA, DEL;14;CargayDescarga;Línea;3;14,00;LAB.DE 8 A 14 H. Y DE 16,30 A 19 H. EXCEPTO CARGA Y DESCARGA;-3.6762799;40.407179;MEDITERRANEO, AVENIDA, DEL, Nº 14
442296,8600000000;4472978,0100000000;37532;03  RETIRO;03-01 PACÍFICO;MENENDEZ PELAYO, AVENIDA, DE;113;CargayDescarga;Línea;3;14,65;LAB.DE 8 A 14 H. Y DE 16,30 A 19 H. EXCEPTO CARGA Y DESCARGA;-3.680036;40.4054163;MENENDEZ PELAYO, AVENIDA, DE, Nº 113
442340,0700000000;4472824,7200000000;37701;03  RETIRO;03-01 PACÍFICO;NARCISO SERRA, CALLE, DE;Fte 1;CargayDescarga;Batería;6;6,10;LAB.DE 8 A 14 H. Y DE 16,30 A 19 H. EXCEPTO CARGA Y DESCARGA;-3.6795129;40.4040384;NARCISO SERRA, CALLE, DE, Nº Fte 1
442910,6400000000;4473071,6400000000;43413;03  RETIRO;03-01 PACÍFICO;SANCHEZ BARCAIZTEGUI, CALLE, DE;41;CargayDescarga;Línea;2;12,00;LAB. 08:00 A 14:00 H  Y DE 16.30 A 19:00  H EXCEPTO CARGA Y DESCARGA EN LÍNEA;-3.6728114;40.4063021;SANCHEZ BARCAIZTEGUI, CALLE, DE, Nº 41
442688,9700000000;4472731,9000000000;36822;03  RETIRO;03-01 PACÍFICO;SANCHEZ BARCAIZTEGUI, CALLE, DE;7;CargayDescarga;Línea;2;11,90;LAB.DE 8 A 14 H. Y DE 16,30 A 19 H. EXCEPTO CARGA Y DESCARGA;-3.6753931;40.4032263;SANCHEZ BARCAIZTEGUI, CALLE, DE, Nº 7
442235,3300000000;4472692,0400000000;35639;03  RETIRO;03-01 PACÍFICO;TELLEZ, CALLE, DE;18;CargayDescarga;Línea;3;14,20;LAB.DE 8 A 14 H. Y DE 16,30 A19 H. EXCEPTO CARGA Y DESCARGA;-3.6807351;40.4028358;TELLEZ, CALLE, DE, Nº 18
442413,3200000000;4472599,4200000000;39751;03  RETIRO;03-01 PACÍFICO;TELLEZ, CALLE, DE;27;CargayDescarga;Batería;4;20,69;LAB.DE 8 A 14 H Y DE 16,30 A 19 H EXCEPTO CARGA Y DESCARGA;-3.6786293;40.4020138;TELLEZ, CALLE, DE, Nº 27
442217,4500000000;4472642,0000000000;35655;03  RETIRO;03-01 PACÍFICO;TELLEZ, TRAVESIA, DE;6;CargayDescarga;Batería;3;7,90;LABORABLES DE 9 A 14 H YDE 16,30 A 20H. EXCEPTO CARGA Y DESCARGA LIMITACIÓN DE LONGUITUDDE VEHÍCULOS DE 5,50 MTS;-3.6809413;40.4023838;TELLEZ, TRAVESIA, DE, Nº 6
442458,4800000000;4472995,6000000000;37671;03  RETIRO;03-01 PACÍFICO;VALDERRIBAS, CALLE, DE;12;CargayDescarga;Batería;6;15,00;LAB.DE 8 A 14 H. Y DE 16,30 A 19 H. EXCEPTO CARGA Y DESCARGA;-3.678133;40.4055859;VALDERRIBAS, CALLE, DE, Nº 12
442536,6100000000;4472960,0700000000;42111;03  RETIRO;03-01 PACÍFICO;VALDERRIBAS, CALLE, DE;29;CargayDescarga;Línea;2;15,00;LABORABLES DE 8 A 14H Y DE 16.30 A 19 H. EXCEPTO CARGA Y DESCARGA EN LÍNEA ;-3.6772091;40.4052713;VALDERRIBAS, CALLE, DE, Nº 29
442687,6900000000;4472854,2500000000;37995;03  RETIRO;03-01 PACÍFICO;VALDERRIBAS, CALLE, DE;30;CargayDescarga;Batería;27;67,00;LAB.DE 8 A 14 H. Y DE 16,30 A 19 H. EXCEPTO CARGA Y DESCARGA;-3.6754192;40.4043284;VALDERRIBAS, CALLE, DE, Nº 30
442573,1900000000;4472939,4900000000;1;03  RETIRO;03-01 PACÍFICO;VALDERRIBAS, CALLE, DE;31;CargayDescarga;Línea;3;15,00;LAB.DE 8 A 14 H. Y DE 16,30 A19 H. EXCEPTO CARGA Y DESCARGA;-3.6767762;40.4050884;VALDERRIBAS, CALLE, DE, Nº 31
442353,6500000000;4473054,1400000000;38392;03  RETIRO;03-01 PACÍFICO;VALDERRIBAS, CALLE, DE;4;CargayDescarga;Batería;6;15,00;LAB.DE 8 A 14 H. Y DE 16,30 A 19 H. EXCEPTO CARGA Y DESCARGA;-3.6793737;40.406106;VALDERRIBAS, CALLE, DE, Nº 4
442560,3100000000;4472662,9000000000;35018;03  RETIRO;03-01 PACÍFICO;VIGO, CALLE, DE;1;CargayDescarga;Línea;2;9,90;LABORABLES DE 9 A 14 H. Y DE 16,30 A 20 H.EXCEPTO CARGA Y DESCARGA;-3.676903;40.4025958;VIGO, CALLE, DE, Nº 1
442891,4900000000;4472575,0000000000;44237;03  RETIRO;03-02 ADELFAS;ANDALUCIA, CALLE, DE;11;CargayDescarga;Línea;2;12,00;LUNES A VIERNES DE 8:30 A 15:00 EXCEPTO CARGA Y DESCARGA;-3.6729925;40.4018267;ANDALUCIA, CALLE, DE, Nº 11
443230,3800000000;4472362,1800000000;39297;03  RETIRO;03-02 ADELFAS;ARREGUI Y ARUEJ, CALLE, DE;13;CargayDescarga;Línea;2;10,30;LAB.DE 8 A 14 H. Y DE 16,30 A19 H. EXCEPTO CARGA Y DESCARGA;-3.6689802;40.3999327;ARREGUI Y ARUEJ, CALLE, DE, Nº 13
442927,5500000000;4472407,8200000000;38320;03  RETIRO;03-02 ADELFAS;CATALINA SUAREZ, CALLE, DE;2;CargayDescarga;Línea;3;14,00;LAB.DE 8 A 14 H. Y DE 16,30 A19 H. EXCEPTO CARGA Y DESCARGA;-3.6725526;40.4003232;CATALINA SUAREZ, CALLE, DE, Nº 2
443031,8100000000;4472569,2900000000;41953;03  RETIRO;03-02 ADELFAS;CATALINA SUAREZ, CALLE, DE;26;CargayDescarga;Línea;2;12,00;LABORABLES DE 8:00 A 19:00 H. EXCEPTO CARGA Y DESCARGA.;-3.6713385;40.4017849;CATALINA SUAREZ, CALLE, DE, Nº 26
443124,5000000000;4472195,1700000000;40562;03  RETIRO;03-02 ADELFAS;CERRO NEGRO, CALLE, DEL;2;CargayDescarga;Línea;3;15,00;LABORABLES DE 8 A14 H  Y DE 16.30 A 19 H,  EXCEOTO CARGA Y DESCARGA EN LÍNEA';-3.6702129;40.398421;CERRO NEGRO, CALLE, DEL, Nº 2
443037,2700000000;4472916,4100000000;38628;03  RETIRO;03-02 ADELFAS;DOCTOR ESQUERDO, CALLE, DEL;183;CargayDescarga;Línea;4;20,00;DIAS LABORABLES DE 8 A 14 H.EXCEPTO CARGA Y DESCARGA;-3.6713053;40.4049123;DOCTOR ESQUERDO, CALLE, DEL, Nº 183
442806,8100000000;4472586,7000000000;43762;03  RETIRO;03-02 ADELFAS;DOCTOR ESQUERDO, CALLE, DEL;213;CargayDescarga;Línea;3;13,00;DE LUNES A SÁBADOS DE 8 A  14:30 H EXCEPTO CARGA Y DESCARGA;-3.6739914;40.4019263;DOCTOR ESQUERDO, CALLE, DEL, Nº 213
442970,5600000000;4472218,6900000000;37330;03  RETIRO;03-02 ADELFAS;GANDIA, CALLE, DE;1;CargayDescarga;Línea;2;10,05;LAB. DE 8 A 14 H. Y DE 16,30 A 19 H.EXCEPTO CARGA Y DESCARGAEN LINEA;-3.6720289;40.3986223;GANDIA, CALLE, DE, Nº 1
443029,5500000000;4472160,0500000000;37330;03  RETIRO;03-02 ADELFAS;GANDIA, CALLE, DE;6;CargayDescarga;Batería;7;17,40;LAB.DE 8 A 14 H. Y DE 16,30 AA 19 H. EXCEPTO CARGA Y DESCARGA;-3.6713286;40.3980981;GANDIA, CALLE, DE, Nº 6
443043,3300000000;4472342,0400000000;1;03  RETIRO;03-02 ADELFAS;LUIS MITJANS, CALLE, DE;Fte 1;CargayDescarga;Línea;3;13,20;LAB.DE 8 A 14 H. Y DE 16,30 A19 H. EXCEPTO CARGA Y DESCARGA;-3.6711825;40.3997385;LUIS MITJANS, CALLE, DE, Nº Fte 1
443122,4900000000;4472821,8600000000;36118;03  RETIRO;03-02 ADELFAS;PAJARITOS, CALLE, DE LOS;20;CargayDescarga;Línea;3;17,40;LAB.DE 8 A 14 H. Y DE 16,30 A19 H. EXCEPTO CARGA Y DESCARGA;-3.6702926;40.4040664;PAJARITOS, CALLE, DE LOS, Nº 20
443012,2100000000;4472665,7400000000;44286;03  RETIRO;03-02 ADELFAS;PAJARITOS, CALLE, DE LOS;6;CargayDescarga;Línea;1;7,00;EXCEPTO CARGA Y DESCARGA SIN HORARIO;-3.6715781;40.4026525;PAJARITOS, CALLE, DE LOS, Nº 6
442930,8600000000;4472210,1400000000;37784;03  RETIRO;03-02 ADELFAS;SECO, CALLE, DE;12;CargayDescarga;Línea;3;15,00;LAB.DE 8 A 14 H. YDE 16,30 A19 H. EXCEPTOCARGA Y DESCARGA;-3.6724959;40.3985426;SECO, CALLE, DE, Nº 12
442984,2300000000;4472287,1500000000;42824;03  RETIRO;03-02 ADELFAS;SECO, CALLE, DE;2;CargayDescarga;Línea;2;15,00;LABORABLES DE 8:00 A 17:00 H EXCEPTO CARGA Y DESCARGA LUNES LABORABLES DE 14:00 A 15:30 H EXCEPTO SERVICIO PUNTO LIMPIO;-3.6718739;40.39924;SECO, CALLE, DE, Nº 2
442964,6700000000;4472236,2700000000;38421;03  RETIRO;03-02 ADELFAS;SECO, CALLE, DE;3;CargayDescarga;Línea;3;14,81;LAB.DE 8 A 14 H. Y DE 16,30 AA 19 H. EXCEPTO CARGA Y DESCARGA;-3.6720999;40.3987803;SECO, CALLE, DE, Nº 3
443433,0200000000;4474319,3000000000;38510;03  RETIRO;03-03 ESTRELLA;ALCALDE SAINZ DE BARANDA, CALLE, DEL;80;CargayDescarga;Línea;3;15,00;LAB. DE 8 A 14 H Y 16,30 A 19 CARGA Y DESCARGA;-3.6667664;40.4175773;ALCALDE SAINZ DE BARANDA, CALLE, DEL, Nº 80
443315,8400000000;4473609,4000000000;1;03  RETIRO;03-03 ESTRELLA;ASTROS, CALLE, DE LOS;S/N;CargayDescarga;Línea;3;13,31;LAB. DE 8 A 14 H. Y DE 16,30 A 19 H. EXCEPTO CARGA Y DESCARGA;-3.6680843;40.4111742;ASTROS, CALLE, DE LOS, Nº S/N
443164,0400000000;4473351,8000000000;43654;03  RETIRO;03-03 ESTRELLA;DOCTOR ESQUERDO, CALLE, DEL;159;CargayDescarga;Línea;1;7,00;LABORABLES DE LUNES A SÁBADO DE 08:00 A 14:30 H  EXCEPTO CARGA Y DESCARGA;-3.6698503;40.4088432;DOCTOR ESQUERDO, CALLE, DEL, Nº 159
443154,7300000000;4473222,5500000000;38160;03  RETIRO;03-03 ESTRELLA;DOCTOR ESQUERDO, CALLE, DEL;167;CargayDescarga;Línea;3;20,30;LAB. DE 8 A 14 H. Y DE 16,30 A 19 H. EXCEPTO CARGA Y DESCARGA;-3.6699484;40.4076782;DOCTOR ESQUERDO, CALLE, DEL, Nº 167
443246,3800000000;4474499,2500000000;38040;03  RETIRO;03-03 ESTRELLA;DOCTOR ESQUERDO, CALLE, DEL;69;CargayDescarga;Línea;3;15,00;LAB. DE 8 A 14 H. Y DE 16,30 A 19 H. EXCEPTO CARGA Y DESCARGA;-3.6689823;40.4191857;DOCTOR ESQUERDO, CALLE, DEL, Nº 69
443187,7400000000;4473447,3200000000;37658;03  RETIRO;03-03 ESTRELLA;ESTRELLA POLAR, CALLE, DE LA;0;CargayDescarga;Línea;4;19,20;LAB. DE 8 A 14 H. Y DE 16,30 A 19 H. EXCEPTO CARGA Y DESCARGA;-3.6695795;40.4097054;ESTRELLA POLAR, CALLE, DE LA, Nº 0
443389,6800000000;4473553,7400000000;42361;03  RETIRO;03-03 ESTRELLA;ESTRELLA POLAR, CALLE, DE LA;5;CargayDescarga;Línea;3;9,00;DE LUNES A VIERNES DE 8:00 A 17:00 H SÁBADOS DE 9:00 A 14:00 H EXCEPTO CARGA Y DESCARGA EN LÍNEA;-3.6672091;40.4106778;ESTRELLA POLAR, CALLE, DE LA, Nº 5
443236,3500000000;4473443,9200000000;38105;03  RETIRO;03-03 ESTRELLA;ESTRELLA POLAR, CALLE, DE LA;S/N;CargayDescarga;Línea;2;11,36;LAB. DE 8 A 14 H. Y DE 16,30 A19 H. EXCEPTO CARGA Y DESCARGA;-3.6690063;40.409678;ESTRELLA POLAR, CALLE, DE LA, Nº S/N
443668,4100000000;4474392,4700000000;42826;03  RETIRO;03-03 ESTRELLA;MARQUES DE LOZOYA, CALLE, DEL;44;CargayDescarga;Línea;1;10,90;LABORABLES DE LUNES A VIERNES DE 8 A 19 H. Y SÁBADOS DE 8 A 14 H. EXCEPTO CARGA Y DESCARGA EN LÍNEA.;-3.6639985;40.4182525;MARQUES DE LOZOYA, CALLE, DEL, Nº 44
443293,0700000000;4473172,8400000000;42702;03  RETIRO;03-03 ESTRELLA;PERSEO, CALLE, DE;4;CargayDescarga;Línea;2;12,00;LAB. DE 8 A 17 H EXCEPTO CARGA Y DESCARGA;-3.6683137;40.4072399;PERSEO, CALLE, DE, Nº 4
442594,3900000000;4474270,5500000000;39793;03  RETIRO;03-04 IBIZA;ALCALDE SAINZ DE BARANDA, CALLE, DEL;11;CargayDescarga;Línea;3;15,00;LAB.DE 8 A 14 H. Y DE 16,30 A 19 H. EXCEPTO CARGA Y DESCARGA;-3.6766464;40.4170807;ALCALDE SAINZ DE BARANDA, CALLE, DEL, Nº 11
443022,4200000000;4474248,6700000000;36795;03  RETIRO;03-04 IBIZA;ANTONIO ARIAS, CALLE, DE;14;CargayDescarga;Línea;3;14,60;LAB. DE 8 A 14 H. Y DE 16,30 A 19 H. EXCEPTO CARGA Y DESCARGA;-3.6715996;40.416913;ANTONIO ARIAS, CALLE, DE, Nº 14
443036,8400000000;4474332,9800000000;1;03  RETIRO;03-04 IBIZA;ANTONIO ARIAS, CALLE, DE;3;CargayDescarga;Línea;2;11,00;LAB. DE 8 A 14 H. Y DE 16,30A 19 H. EXCEPTO CARGA Y DESCARGA;-3.6714372;40.4176735;ANTONIO ARIAS, CALLE, DE, Nº 3
442582,3900000000;4474116,6500000000;39555;03  RETIRO;03-04 IBIZA;DOCE DE OCTUBRE, CALLE, DEL;7;CargayDescarga;Línea;3;15,00;LAB.DE 8 A 14 H. Y DE 16,30 A 19 H. EXCEPTO CARGA Y DESCARGA;-3.676774;40.4156935;DOCE DE OCTUBRE, CALLE, DEL, Nº 7
442374,6600000000;4474658,9500000000;36847;03  RETIRO;03-04 IBIZA;DOCTOR CASTELO, CALLE, DEL;1;CargayDescarga;Línea;2;12,00;LAB. DE 8 A 14 H. Y DE 16,30 A 19 H. EXCEPTO CARGA Y DESCARGA;-3.6792714;40.4205645;DOCTOR CASTELO, CALLE, DEL, Nº 1
442496,3900000000;4474649,7000000000;37223;03  RETIRO;03-04 IBIZA;DOCTOR CASTELO, CALLE, DEL;15;CargayDescarga;Línea;2;12,40;LAB. DE 8 A 14 H. Y DE 16,30 A 19 H. EXCEPTO CARGA Y DESCARGA;-3.6778358;40.4204896;DOCTOR CASTELO, CALLE, DEL, Nº 15
442532,1900000000;4474647,3400000000;37223;03  RETIRO;03-04 IBIZA;DOCTOR CASTELO, CALLE, DEL;17;CargayDescarga;Línea;3;12,35;LAB. DE 8 A 14 H. Y DE 16,30 A 19 H. EXCEPTO CARGA Y DESCARGA;-3.6774136;40.4204708;DOCTOR CASTELO, CALLE, DEL, Nº 17
442671,8300000000;4474637,2000000000;39793;03  RETIRO;03-04 IBIZA;DOCTOR CASTELO, CALLE, DEL;27;CargayDescarga;Línea;3;15,00;LAB. DE 8 A 14 H. Y DE 16,30A 19 H. EXCEPTO CARGA Y DESCARGA;-3.6757667;40.420389;DOCTOR CASTELO, CALLE, DEL, Nº 27
442758,3900000000;4474630,7600000000;36339;03  RETIRO;03-04 IBIZA;DOCTOR CASTELO, CALLE, DEL;35;CargayDescarga;Línea;3;17,60;LAB. DE 8 A 14 H. Y DE 16,30 A19 H. EXCEPTO CARGA Y DESCARGA;-3.6747459;40.420337;DOCTOR CASTELO, CALLE, DEL, Nº 35
442796,4100000000;4474627,9900000000;37694;03  RETIRO;03-04 IBIZA;DOCTOR CASTELO, CALLE, DEL;39;CargayDescarga;Línea;2;8,00;LAB. DE 8 A 14 H. Y DE 16,30 A19 H. EXCEPTO CARGA Y DESCARGA;-3.6742975;40.4203147;DOCTOR CASTELO, CALLE, DEL, Nº 39
443203,5800000000;4474325,9300000000;37130;03  RETIRO;03-04 IBIZA;DOCTOR ESQUERDO, CALLE, DEL;48;CargayDescarga;Línea;7;35,30;LAB. DE 8 A 14 H. Y DE 16,30 A 19 H. EXCEPTO CARGA Y DESCARGA;-3.6694713;40.4176214;DOCTOR ESQUERDO, CALLE, DEL, Nº 48
442792,0300000000;4474727,9200000000;36178;03  RETIRO;03-04 IBIZA;FERNAN GONZALEZ, CALLE, DE;35;CargayDescarga;Línea;3;15,50;LAB. DE 8 A 14 H. Y DE 16,30 A19 H. EXCEPTO CARGA Y DESCARGA;-3.6743581;40.4212146;FERNAN GONZALEZ, CALLE, DE, Nº 35
442538,8300000000;4474396,4400000000;42468;03  RETIRO;03-04 IBIZA;IBIZA, CALLE, DE;10;CargayDescarga;Línea;7;40,45;LAB. DE 8 A 15 H. EXCEPTO CARGA Y DESCARGA;-3.6773127;40.418211;IBIZA, CALLE, DE, Nº 10
442539,7700000000;4474421,7500000000;42992;03  RETIRO;03-04 IBIZA;IBIZA, CALLE, DE;11;CargayDescarga;Línea;3;19,00;LAB. DE 8 A 15 H. EXCEPTO CARGA Y DESCARGA;-3.6773039;40.4184391;IBIZA, CALLE, DE, Nº 11
442667,8900000000;4474386,1200000000;42468;03  RETIRO;03-04 IBIZA;IBIZA, CALLE, DE;22;CargayDescarga;Línea;3;15,00;LAB. DE 8 A 15 H. EXCEPTO CARGA Y DESCARGA;-3.6757906;40.4181269;IBIZA, CALLE, DE, Nº 22
442711,3900000000;4474383,6600000000;42468;03  RETIRO;03-04 IBIZA;IBIZA, CALLE, DE;28;CargayDescarga;Línea;2;10,87;LAB. DE 8 A 15 H. EXCEPTO CARGA Y DESCARGA;-3.6752776;40.4181078;IBIZA, CALLE, DE, Nº 28
443052,8100000000;4474359,3500000000;42468;03  RETIRO;03-04 IBIZA;IBIZA, CALLE, DE;60;CargayDescarga;Línea;2;12,00;LAB. DE 8 A 15 H. EXCEPTO CARGA Y DESCARGA;-3.6712513;40.4179122;IBIZA, CALLE, DE, Nº 60
442508,7600000000;4474625,4200000000;38181;03  RETIRO;03-04 IBIZA;LOPE DE RUEDA, CALLE, DE;36;CargayDescarga;Línea;3;15,00;LAB. DE 8 A 14 H. Y DE 16,30 A 19 H. EXCEPTO CARGA Y DESCARGA;-3.6776878;40.4202717;LOPE DE RUEDA, CALLE, DE, Nº 36
442503,6300000000;4474562,4800000000;38421;03  RETIRO;03-04 IBIZA;LOPE DE RUEDA, CALLE, DE;44;CargayDescarga;Línea;3;16,00;LAB. DE 8 A 14 H. Y DE 16,30A 19 H. EXCEPTO CARGA Y DESCARGA;-3.6777426;40.4197043;LOPE DE RUEDA, CALLE, DE, Nº 44
442496,1500000000;4474371,0600000000;40792;03  RETIRO;03-04 IBIZA;LOPE DE RUEDA, CALLE, DE;53;CargayDescarga;Línea;3;14,00;LAB. DE 7 A 20 H EXCEPTO CARGA Y DESCARGA EN LINEA;-3.6778134;40.4179794;LOPE DE RUEDA, CALLE, DE, Nº 53
442894,1100000000;4474620,8600000000;36803;03  RETIRO;03-04 IBIZA;MAIQUEZ, CALLE, DE;24;CargayDescarga;Línea;2;11,60;LAB. DE 8 A 14 H. Y DE 16,30 A19 H. EXCEPTO CARGA Y DESCARGA;-3.6731453;40.4202571;MAIQUEZ, CALLE, DE, Nº 24
442893,7800000000;4474413,4100000000;42237;03  RETIRO;03-04 IBIZA;MAIQUEZ, CALLE, DE;40;CargayDescarga;Línea;3;18,00;LABORABLES DE 09:00 A 19:00 H SÁBADOS DE 09:00 A 15:00 H EXCEPTO CARGA Y DESCARGA;-3.6731305;40.4183883;MAIQUEZ, CALLE, DE, Nº 40
442881,9600000000;4474259,9700000000;38247;03  RETIRO;03-04 IBIZA;MAIQUEZ, CALLE, DE;60;CargayDescarga;Línea;3;15,00;LAB. DE 8 A 14 H. Y DE 16,30 A 19 H. EXCEPTO CARGA Y DESCARGA;-3.6732561;40.4170052;MAIQUEZ, CALLE, DE, Nº 60
442404,5400000000;4474552,0400000000;42055;03  RETIRO;03-04 IBIZA;MENORCA, CALLE, DE;1;CargayDescarga;Batería;2;15,97;LAB. DE 8 A 17 HEXCEPTO CARGA Y DESCARGA;-3.6789096;40.4196034;MENORCA, CALLE, DE, Nº 1
442663,1700000000;4474525,6600000000;39793;03  RETIRO;03-04 IBIZA;MENORCA, CALLE, DE;26;CargayDescarga;Línea;3;15,96;LAB. DE 8 A 14 H. Y DE 16,30A 19 H. EXCEPTO CARGA Y DESCARGA;-3.6758588;40.4193836;MENORCA, CALLE, DE, Nº 26
442754,8200000000;4474519,1700000000;37694;03  RETIRO;03-04 IBIZA;MENORCA, CALLE, DE;34;CargayDescarga;Línea;3;15,00;LAB. DE 8 A 14 H. Y DE 16,30 A19 H. EXCEPTO CARGA Y DESCARGA;-3.6747779;40.4193315;MENORCA, CALLE, DE, Nº 34
442794,2400000000;4474525,3800000000;37782;03  RETIRO;03-04 IBIZA;MENORCA, CALLE, DE;39;CargayDescarga;Batería;6;16,00;LAB. DE 8 A 14 H. Y DE 16,30 A 19 H. EXCEPTO CARGA Y DESCARGA ;-3.6743139;40.4193901;MENORCA, CALLE, DE, Nº 39
442882,6000000000;4474510,2700000000;36809;03  RETIRO;03-04 IBIZA;MENORCA, CALLE, DE;44;CargayDescarga;Línea;4;20,30;LAB. DE 8 A 14 H. Y DE 16,30 A 19 H. EXCEPTO CARGA Y DESCARGA ;-3.673271;40.4192601;MENORCA, CALLE, DE, Nº 44
442632,3500000000;4474568,3200000000;40511;03  RETIRO;03-04 IBIZA;NARVAEZ, CALLE, DE;48;CargayDescarga;Línea;5;25,00;LAB. DE 8 A 14 H. Y DE 16,30A 19 H. EXCEPTO CARGA Y DESCARGA;-3.6762259;40.4197658;NARVAEZ, CALLE, DE, Nº 48
442618,7000000000;4474366,3000000000;39793;03  RETIRO;03-04 IBIZA;NARVAEZ, CALLE, DE;66;CargayDescarga;Línea;4;20,00;LAB.DE 8 A 14 H. Y DE 16,30A 19 H. EXCEPTO CARGA Y DESCARGA;-3.6763685;40.417945;NARVAEZ, CALLE, DE, Nº 66
442620,8100000000;4474147,2000000000;39793;03  RETIRO;03-04 IBIZA;NARVAEZ, CALLE, DE;71;CargayDescarga;Línea;3;17,20;LAB.DE 8 A 14 H. Y DE 16,30 A 19 H. EXCEPTO CARGA Y DESCARGA;-3.6763239;40.4159714;NARVAEZ, CALLE, DE, Nº 71
442614,1000000000;4474289,2900000000;39793;03  RETIRO;03-04 IBIZA;NARVAEZ, CALLE, DE;74;CargayDescarga;Línea;3;14,86;LAB.DE 8 A 14 H. Y DE 16,30A 19 H. EXCEPTO CARGA Y DESCARGA;-3.6764158;40.4172509;NARVAEZ, CALLE, DE, Nº 74
442604,8300000000;4474147,8100000000;39793;03  RETIRO;03-04 IBIZA;NARVAEZ, CALLE, DE;86;CargayDescarga;Línea;3;15,00;LAB.DE 8 A 14 H. Y DE 16,30 A 19 H. EXCEPTO CARGA Y DESCARGA;-3.6765123;40.4159758;NARVAEZ, CALLE, DE, Nº 86
442577,7400000000;4474763,2100000000;43413;03  RETIRO;03-04 IBIZA;O'DONNELL, CALLE, DE;20;CargayDescarga;Línea;2;12,20;LAB. DE LUNES A SÁBADOS DE 08:00 A 17:00 H EXCEPTO CARGA Y DESCARGA;-3.6768872;40.4215177;O'DONNELL, CALLE, DE, Nº 20
442766,4100000000;4474748,9900000000;41554;03  RETIRO;03-04 IBIZA;O'DONNELL, CALLE, DE;34;CargayDescarga;Línea;2;15,00;LAB. DE 8 A 14 H. Y DE 16,30 A 21 H. EXCEPTO CARGA Y DESCARGA;-3.674662;40.4214026;O'DONNELL, CALLE, DE, Nº 34
442374,3300000000;4474777,3700000000;43413;03  RETIRO;03-04 IBIZA;O'DONNELL, CALLE, DE;6;CargayDescarga;Línea;3;15,00;LAB. DE 8 A 14 H. Y DE 16,30 A 19 H.  EXCEPTO CARGA Y DESCARGA;-3.6792861;40.4216312;O'DONNELL, CALLE, DE, Nº 6
441477,3700000000;4474015,3800000000;1;03  RETIRO;03-05 JERÓNIMOS;ACADEMIA, CALLE, DE LA;6;CargayDescarga;Batería;6;14,20;LAB. DE 8 A 14 H. Y DE 16,30 A 19 H. EXCEPTO CARGA Y DESCARGA;-3.6897885;40.4147042;ACADEMIA, CALLE, DE LA, Nº 6
442118,2000000000;4473180,5600000000;38908;03  RETIRO;03-05 JERÓNIMOS;ANDRES TORREJON, CALLE, DE;13;CargayDescarga;Línea;3;15,00;LAB.DE 8 A 14 H. Y DE 16,30 A 19 H. EXCEPTO CARGA Y DESCARGA;-3.6821598;40.4072286;ANDRES TORREJON, CALLE, DE, Nº 13
441302,1000000000;4474222,2200000000;40975;03  RETIRO;03-05 JERÓNIMOS;ANTONIO MAURA, CALLE, DE;1;CargayDescarga;Línea;2;13,66;lab de lunes a viernes de 8 a 14 h y de 16.30 a a19h excepto carga y descarga ;-3.6918733;40.4165552;ANTONIO MAURA, CALLE, DE, Nº 1
441506,8500000000;4473927,7400000000;42835;03  RETIRO;03-05 JERÓNIMOS;CASADO DEL ALISAL, CALLE, DE;16;CargayDescarga;Línea;4;11,00;LABORABLES DE LUNES A VIERNES DE 8 A 16H Y SÁBADOS DE 8 A 14 H. EXCEPTO CARGA Y DESCARGA. EN LÍNEA;-3.689433;40.4139168;CASADO DEL ALISAL, CALLE, DE, Nº 16
442345,2100000000;4473290,4800000000;43147;03  RETIRO;03-05 JERÓNIMOS;GUTENBERG, CALLE, DE;21;CargayDescarga;Línea;2;12,00;LABORABLES DE LUNES A VIERNES DE 9:00 A 10:30 Y DE 18:00 A 17:30 H EXCEPTO BUS  ASOCIACIÓN PARKINSON MADRID;-3.6794945;40.4082345;GUTENBERG, CALLE, DE, Nº 21
441476,5100000000;4474313,2600000000;37711;03  RETIRO;03-05 JERÓNIMOS;JUAN DE MENA, CALLE, DE;21;CargayDescarga;Línea;3;14,00;LAB. DE 8 A 14 H. Y DE 16,30 A 19 H. EXCEPTO CARGA Y DESCARGA;-3.689826;40.4173876;JUAN DE MENA, CALLE, DE, Nº 21
441508,4000000000;4474374,1700000000;38302;03  RETIRO;03-05 JERÓNIMOS;MONTALBAN, CALLE, DE;14;CargayDescarga;Línea;3;17,10;lab. de 8 a 14h. y de 16,30 a 19h. excepto: CARGA                 Y DESCARGA (AZUL);-3.6894558;40.4179386;MONTALBAN, CALLE, DE, Nº 14
441515,7400000000;4474476,9000000000;44201;03  RETIRO;03-05 JERÓNIMOS;VALENZUELA, CALLE, DE;7;CargayDescarga;Línea;3;15,00;LAB. DE 8 A 14 H. Y DE 16,30 A 19 H. EXCEPTO CARGA Y DESCARGA;-3.6893787;40.4188645;VALENZUELA, CALLE, DE, Nº 7
442858,5800000000;4473188,4000000000;39148;03  RETIRO;03-06 NIÑO JESÚS;ANTONIO DIAZ-CAÑABATE, CALLE, DE;33;CargayDescarga;Batería;10;25,30;LAB. DE 8 A 14 H. Y DE 16,30 A19 H. EXCEPTO CARGA Y DESCARGA;-3.6734354;40.4073503;ANTONIO DIAZ-CAÑABATE, CALLE, DE, Nº 33
442927,7800000000;4473164,8300000000;43851;03  RETIRO;03-06 NIÑO JESÚS;CONDE DE CARTAGENA, CALLE, DEL;41;CargayDescarga;Línea;3;17,90;LAB. DE 8 A 14 H. Y DE 16:30 A 19 H. EXCEPTO CARGA Y DESCARGA;-3.6726178;40.4071427;CONDE DE CARTAGENA, CALLE, DEL, Nº 41
442683,9700000000;4474125,5000000000;36908;03  RETIRO;03-06 NIÑO JESÚS;DOCE DE OCTUBRE, CALLE, DEL;20;CargayDescarga;Línea;3;15,00;LAB.DE 8 A 14 H. Y DE 16,30A 19 H. EXCEPTO CARGA Y DESCARGA;-3.6755775;40.4157802;DOCE DE OCTUBRE, CALLE, DEL, Nº 20
443137,0300000000;4473405,9500000000;37049;03  RETIRO;03-06 NIÑO JESÚS;DOCTOR ESQUERDO, CALLE, DEL;110;CargayDescarga;Línea;3;16,20;LAB. DE 8 A 14 H. Y DE 16,30 A 19 H. EXCEPTO CARGA Y DESCARGA;-3.6701734;40.4093292;DOCTOR ESQUERDO, CALLE, DEL, Nº 110
443172,0400000000;4473882,1300000000;43272;03  RETIRO;03-06 NIÑO JESÚS;DOCTOR ESQUERDO, CALLE, DEL;70;CargayDescarga;Línea;1;7,00;LAB. DE 8 A 14:30 H EXCEPTO CARGA Y DESCARGA;-3.6698034;40.4136213;DOCTOR ESQUERDO, CALLE, DEL, Nº 70
442863,6400000000;4474063,7100000000;38229;03  RETIRO;03-06 NIÑO JESÚS;DOCTOR LAGUNA, PLAZA, DEL;2;CargayDescarga;Batería;6;15,00;LAB. DE 8 A 14 H. Y DE 16,30 A 19 H. EXCEPTO CARGA Y DESCARGA;-3.6734544;40.4152359;DOCTOR LAGUNA, PLAZA, DEL, Nº 2
443010,4100000000;4474088,2000000000;1;03  RETIRO;03-06 NIÑO JESÚS;DOCTOR LAGUNA, PLAZA, DEL;7;CargayDescarga;Línea;3;14,90;Lab. de 9 a 20 h.excepto: CARGA Y DESCARGA;-3.6717267;40.4154666;DOCTOR LAGUNA, PLAZA, DEL, Nº 7
442649,4100000000;4473443,5200000000;41831;03  RETIRO;03-06 NIÑO JESÚS;REYES MAGOS, CALLE, DE LOS;S/N;CargayDescarga;Línea;4;24,00;LAB DE 8:00A 17:00 H. EXCEPTO CARGA Y DESCARGA.;-3.6759234;40.4096342;REYES MAGOS, CALLE, DE LOS, Nº S/N
442601,5900000000;4473277,4600000000;41171;03  RETIRO;03-06 NIÑO JESÚS;REYES MAGOS, PLAZA, DE LOS;6;CargayDescarga;Línea;3;15,00;Lab. de 8 a 14h. y de 16.30 a 19h. Excepto: CARGA Y DESCARGA En línea;-3.676472;40.408135;REYES MAGOS, PLAZA, DE LOS, Nº 6
442989,8100000000;4473176,3100000000;39556;03  RETIRO;03-06 NIÑO JESÚS;WALIA, CALLE, DE;2;CargayDescarga;Línea;7;34,50;LAB. DE 8 A 14 H. Y DE 16,30 A 19 H. EXCEPTO CARGA Y DESCARGA;-3.6718878;40.4072504;WALIA, CALLE, DE, Nº 2
441690,8200000000;4474647,7400000000;40446;04  SALAMANCA;04-01 RECOLETOS;ALCALA, CALLE, DE;73;CargayDescarga;Línea;1;5,00;EXCEPTO SUBIDA Y BAJADA DE VIAJEROS TIEMPO MAXIMO 15 MINUTOS;-3.6873308;40.4204158;ALCALA, CALLE, DE, Nº 73
442002,5200000000;4474749,0600000000;36635;04  SALAMANCA;04-01 RECOLETOS;ALCALA, CALLE, DE;97;CargayDescarga;Línea;3;15,00;LAB. DE 8 A 14 H. Y DE 16,30 A 19 H. EXCEPTO CARGA Y DESCARGA ;-3.683666;40.4213504;ALCALA, CALLE, DE, Nº 97
441654,5200000000;4475474,8800000000;41211;04  SALAMANCA;04-01 RECOLETOS;AYALA, CALLE, DE;14;CargayDescarga;Línea;2;8,00;LABORABLE DE 8 A 14 H EXCEPTO  CARGA Y DESCARGA;-3.6878345;40.4278646;AYALA, CALLE, DE, Nº 14
441815,4500000000;4475464,3800000000;1;04  SALAMANCA;04-01 RECOLETOS;AYALA, CALLE, DE;26;CargayDescarga;Línea;3;17,00;LAB DE 8 A 14 H Y DE 16:30 A 19 H EXCEPTO CARGA Y DESCARGA;-3.6859365;40.4277813;AYALA, CALLE, DE, Nº 26
441848,6400000000;4475461,8700000000;37916;04  SALAMANCA;04-01 RECOLETOS;AYALA, CALLE, DE;30;CargayDescarga;Línea;2;11,00;LAB. DE 8 A 14 H. Y DE 16,30 A 19 H. EXCEPTO CARGA Y DESCARGA ;-3.685545;40.427761;AYALA, CALLE, DE, Nº 30
442036,8900000000;4475448,1100000000;41767;04  SALAMANCA;04-01 RECOLETOS;AYALA, CALLE, DE;46;CargayDescarga;Línea;3;17,00;LABORABLES DE 8 A 17 HEXCEPTO CARGA Y DESCARGA;-3.6833246;40.4276501;AYALA, CALLE, DE, Nº 46
442226,7800000000;4475434,6900000000;35607;04  SALAMANCA;04-01 RECOLETOS;AYALA, CALLE, DE;62;CargayDescarga;Línea;3;13,30;LAB. DE 8 A 14 H. Y DE  16,30 A 19 H. EXCEPTO CARGA Y DESCARGA;-3.681085;40.4275425;AYALA, CALLE, DE, Nº 62
441528,8500000000;4475467,2000000000;39315;04  SALAMANCA;04-01 RECOLETOS;CASTELLANA, PASEO, DE LA;12;CargayDescarga;Línea;3;14,00;LAB. DE 8 A 14 H. Y DE 16,30 A 19 H. EXCEPTO CARGA Y DESCARGA;-3.6893153;40.4277866;CASTELLANA, PASEO, DE LA, Nº 12
441508,3900000000;4475367,5800000000;41786;04  SALAMANCA;04-01 RECOLETOS;CASTELLANA, PASEO, DE LA;4;CargayDescarga;Línea;3;15,00;LAB. DE 8 A 14 H. Y DE16,30 A 19 H. EXCEPTOCARGA Y DESCARGA;-3.6895473;40.4268877;CASTELLANA, PASEO, DE LA, Nº 4
442170,6100000000;4474978,1700000000;40141;04  SALAMANCA;04-01 RECOLETOS;CASTELLO, CALLE, DE;15;CargayDescarga;Línea;2;12,00;LAB. DE 8 A 14 H. Y DE  16,30 A 19 H. EXCEPTO CARGA Y DESCARGA ;-3.6817056;40.423426;CASTELLO, CALLE, DE, Nº 15
442174,4000000000;4475026,7400000000;40141;04  SALAMANCA;04-01 RECOLETOS;CASTELLO, CALLE, DE;17;CargayDescarga;Línea;1;5,00;LAB. DE 8 A 14 H. Y DE  16,30 A 19 H. EXCEPTO CARGA Y DESCARGA;-3.6816653;40.4238638;CASTELLO, CALLE, DE, Nº 17
442171,3900000000;4474864,1200000000;1;04  SALAMANCA;04-01 RECOLETOS;CASTELLO, CALLE, DE;2;CargayDescarga;Línea;3;15,20;LAB. DE 8 A 14 H. Y DE 16,30 A 19 H. EXCEPTO CARGA Y DESCARGA;-3.681686;40.4223986;CASTELLO, CALLE, DE, Nº 2
442181,4300000000;4475127,2900000000;44251;04  SALAMANCA;04-01 RECOLETOS;CASTELLO, CALLE, DE;27;CargayDescarga;Línea;3;15,00;LAB. DE 8 A 13 H. Y DE 16:30 A 20 H. EXCEPTO CARGA Y DESCARGA;-3.6815916;40.4247701;CASTELLO, CALLE, DE, Nº 27
442185,8300000000;4475186,6600000000;38322;04  SALAMANCA;04-01 RECOLETOS;CASTELLO, CALLE, DE;29;CargayDescarga;Batería;3;15,00;LAB. DE 8 A 14 H. Y DE 16,30 A 19 H. EXCEPTOCARGA Y DESCARGA;-3.6815451;40.4253052;CASTELLO, CALLE, DE, Nº 29
442190,8100000000;4475263,8300000000;38322;04  SALAMANCA;04-01 RECOLETOS;CASTELLO, CALLE, DE;39;CargayDescarga;Línea;3;15,00;LAB. DE 8 A 14 H. Y DE 16,30 A 19 H. EXCEPTOCARGA Y DESCARGA;-3.6814935;40.4260008;CASTELLO, CALLE, DE, Nº 39
442199,0900000000;4475383,8200000000;37810;04  SALAMANCA;04-01 RECOLETOS;CASTELLO, CALLE, DE;49;CargayDescarga;Línea;3;15,00;LAB. DE 8 A 14 H. Y DE  16,30 A 19 H. EXCEPTO CARGA Y DESCARGA ;-3.6814068;40.4270823;CASTELLO, CALLE, DE, Nº 49
442166,9300000000;4474923,9600000000;36833;04  SALAMANCA;04-01 RECOLETOS;CASTELLO, CALLE, DE;9;CargayDescarga;Línea;3;15,20;LAB. DE 8 A 14 H. Y DE 16,30A 19 H. EXCEPTO CARGA Y DESCARGA;-3.681744;40.4229374;CASTELLO, CALLE, DE, Nº 9
441693,9900000000;4474665,7500000000;36833;04  SALAMANCA;04-01 RECOLETOS;CLAUDIO COELLO, CALLE, DE;1;CargayDescarga;Línea;3;15,00;LAB. DE 8 A 14 H. Y DE 16,30 A 19 H. EXCEPTO CARGA Y DESCARGA ;-3.6872951;40.4205783;CLAUDIO COELLO, CALLE, DE, Nº 1
441711,3000000000;4474815,8900000000;35619;04  SALAMANCA;04-01 RECOLETOS;CLAUDIO COELLO, CALLE, DE;15;CargayDescarga;Línea;2;10,70;LAB. DE 8 A 14 H. Y DE 16,30 A 19 H. EXCEPTO CARGA Y DESCARGA;-3.6871048;40.421932;CLAUDIO COELLO, CALLE, DE, Nº 15
441730,3800000000;4474976,3200000000;40477;04  SALAMANCA;04-01 RECOLETOS;CLAUDIO COELLO, CALLE, DE;25;CargayDescarga;Línea;3;16,06;laborables de 8 a 14 y de 16,30 a 19 h, Excepto carga y descarga;-3.6868946;40.4233786;CLAUDIO COELLO, CALLE, DE, Nº 25
441740,0000000000;4475061,1400000000;35361;04  SALAMANCA;04-01 RECOLETOS;CLAUDIO COELLO, CALLE, DE;29;CargayDescarga;Línea;2;12,50;LAB. DE 8 A 14 H. Y DE 16,30 A 19 H.EXCEPTO CARGA Y DESCARGA;-3.686789;40.4241434;CLAUDIO COELLO, CALLE, DE, Nº 29
441765,0900000000;4475274,0000000000;41745;04  SALAMANCA;04-01 RECOLETOS;CLAUDIO COELLO, CALLE, DE;43;CargayDescarga;Línea;3;15,00;LABORABLES DE 8:00 A 17:00 HEXCEPTO CARGA Y DESCARGA.;-3.6865127;40.4260627;CLAUDIO COELLO, CALLE, DE, Nº 43
441802,9700000000;4475587,7400000000;35367;04  SALAMANCA;04-01 RECOLETOS;CLAUDIO COELLO, CALLE, DE;71;CargayDescarga;Línea;3;15,30;LAB DE 8 A 14 H. Y DE 16,30 A 19 H.EXCEPTO CARGA Y DESCARGA;-3.6860949;40.4288917;CLAUDIO COELLO, CALLE, DE, Nº 71
441799,3500000000;4474727,5300000000;38322;04  SALAMANCA;04-01 RECOLETOS;COLUMELA, CALLE, DE;17;CargayDescarga;Línea;3;15,00;Lab de 9 a14 h y de 16.30 a 20 hExcepto: Carga y Descarga;-3.6860588;40.4211422;COLUMELA, CALLE, DE, Nº 17
441726,5400000000;4474731,6900000000;36103;04  SALAMANCA;04-01 RECOLETOS;COLUMELA, CALLE, DE;7;CargayDescarga;Línea;3;11,84;Lab de 9 a14 h y de 16.30 a 20 hExcepto Carga y Descarga;-3.6869174;40.4211746;COLUMELA, CALLE, DE, Nº 7
441782,4400000000;4475200,5800000000;42021;04  SALAMANCA;04-01 RECOLETOS;GOYA, CALLE, DE;21;CargayDescarga;Línea;2;17,00;LAB. DE 8 A 14 HY DE 16.30  A 19 HEXCEPTO CARGA Y DESCARGA;-3.6863015;40.4254025;GOYA, CALLE, DE, Nº 21
442128,2600000000;4475154,4600000000;36298;04  SALAMANCA;04-01 RECOLETOS;GOYA, CALLE, DE;26;CargayDescarga;Línea;2;11,90;LAB. DE 8 A 14 H. Y DE 16,30 A 19 H. EXCEPTOCARGA Y DESCARGA;-3.6822208;40.4250112;GOYA, CALLE, DE, Nº 26
441524,4000000000;4475230,8800000000;38803;04  SALAMANCA;04-01 RECOLETOS;GOYA, CALLE, DE;3;CargayDescarga;Línea;3;14,30;LAB. DE 8 A 14 H. Y DE 16,30 A 19 H.EXCEPTO CARGA Y DESCARGA;-3.689346;40.4256574;GOYA, CALLE, DE, Nº 3
442268,0500000000;4475145,0600000000;37649;04  SALAMANCA;04-01 RECOLETOS;GOYA, CALLE, DE;40;CargayDescarga;Línea;3;15,00;LAB. DE 8 A 14 H. Y DE 16,30 A 19 H. EXCEPTOCARGA Y DESCARGA;-3.6805722;40.4249362;GOYA, CALLE, DE, Nº 40
442057,3300000000;4475180,3000000000;38322;04  SALAMANCA;04-01 RECOLETOS;GOYA, CALLE, DE;43;CargayDescarga;Línea;3;15,00;LAB. DE 8 A 14 H. Y DE  16,30 A 19 H. EXCEPTO CARGA Y DESCARGA ;-3.6830593;40.425239;GOYA, CALLE, DE, Nº 43
442118,2400000000;4475176,1100000000;43288;04  SALAMANCA;04-01 RECOLETOS;GOYA, CALLE, DE;47;CargayDescarga;Línea;2;10,00;DE 8:00 A.M. A 10:00 A.M. EXCEPTO  CARGA Y DESCARGA;-3.6823409;40.4252055;GOYA, CALLE, DE, Nº 47
442141,2700000000;4475174,5700000000;36678;04  SALAMANCA;04-01 RECOLETOS;GOYA, CALLE, DE;49;CargayDescarga;Línea;2;10,60;LAB. DE 8 A 14 H. Y DE  16,30 A 19 H. EXCEPTO CARGA Y DESCARGA ;-3.6820693;40.4251932;GOYA, CALLE, DE, Nº 49
441695,5500000000;4475186,3000000000;40218;04  SALAMANCA;04-01 RECOLETOS;GOYA, CALLE, DE;6;CargayDescarga;Línea;3;15,00;LAB. DE 8 A 14 H. Y DE 16,30 A 19 H. EXCEPTO CARGA Y DESCARGA ;-3.6873244;40.4252678;GOYA, CALLE, DE, Nº 6
442255,5100000000;4475166,7200000000;37649;04  SALAMANCA;04-01 RECOLETOS;GOYA, CALLE, DE;61;CargayDescarga;Línea;3;14,30;LAB. DE 8 A 14 H. Y DE  16,30 A 19 H. EXCEPTO CARGA Y DESCARGA ;-3.680722;40.4251304;GOYA, CALLE, DE, Nº 61
441576,3300000000;4475140,2800000000;43055;04  SALAMANCA;04-01 RECOLETOS;GOYA, CALLE, DE;S/N;CargayDescarga;;;10,70;RESERVA EXCLUSIVA CARGA Y DESCARGA A.G. ARTES;-3.6887255;40.4248448;GOYA, CALLE, DE, Nº S/N
442037,5000000000;4475292,8700000000;1;04  SALAMANCA;04-01 RECOLETOS;HERMOSILLA, CALLE, DE;36;CargayDescarga;Línea;3;15,30;LAB. DE 8 A 14 H. Y DE 16,30 A 19 H. EXCEPTOCARGA Y DESCARGA;-3.6833033;40.4262517;HERMOSILLA, CALLE, DE, Nº 36
442112,0600000000;4475287,4200000000;38322;04  SALAMANCA;04-01 RECOLETOS;HERMOSILLA, CALLE, DE;42;CargayDescarga;Línea;3;15,00;LAB. DE 8 A 14 H. Y DE 16,30 A 19 H.  EXCEPTO CARGA Y DESCARGA;-3.6824239;40.4262078;HERMOSILLA, CALLE, DE, Nº 42
442217,0000000000;4475280,5700000000;38322;04  SALAMANCA;04-01 RECOLETOS;HERMOSILLA, CALLE, DE;52;CargayDescarga;Línea;3;15,00;LAB. DE 8 A 14 H. Y DE 16,30 A 19 H. EXCEPTOCARGA Y DESCARGA;-3.6811863;40.4261534;HERMOSILLA, CALLE, DE, Nº 52
441586,6700000000;4475324,8400000000;40446;04  SALAMANCA;04-01 RECOLETOS;HERMOSILLA, CALLE, DE;6;CargayDescarga;Línea;4;19,80;LABORABLES DE LUNES A VIERNES DE 8 A 20 H.SABADOS DE 8 A 15 H.EXCEPTO: CARGA Y DESCARGA;-3.6886206;40.4265082;HERMOSILLA, CALLE, DE, Nº 6
442279,9900000000;4475276,0300000000;38322;04  SALAMANCA;04-01 RECOLETOS;HERMOSILLA, CALLE, DE;60;CargayDescarga;Línea;3;15,00;LAB. DE 8 A 14 H. Y DE 16,30 A 19 H. EXCEPTOCARGA Y DESCARGA;-3.6804433;40.4261169;HERMOSILLA, CALLE, DE, Nº 60
441845,6900000000;4474984,6900000000;42794;04  SALAMANCA;04-01 RECOLETOS;LAGASCA, CALLE, DE;30;CargayDescarga;Línea;1;6,56;LAB. DE 8 A 14 H. Y DE 16,30 A 19 H. EXCEPTO CARGA Y DESCARGA;-3.6855362;40.4234621;LAGASCA, CALLE, DE, Nº 30
441846,8200000000;4474999,6600000000;40141;04  SALAMANCA;04-01 RECOLETOS;LAGASCA, CALLE, DE;32;CargayDescarga;Línea;3;14,52;LAB. DE 8 A 14 H. Y DE 16,30 A 19 H. EXCEPTO CARGA Y DESCARGA;-3.6855242;40.423597;LAGASCA, CALLE, DE, Nº 32
441851,4200000000;4475048,8400000000;35445;04  SALAMANCA;04-01 RECOLETOS;LAGASCA, CALLE, DE;34;CargayDescarga;Línea;2;7,52;lab. de 9 a 14 h. y de 16.30 a 20 h. excepto: CARGA Y DESCARGA;-3.6854745;40.4240404;LAGASCA, CALLE, DE, Nº 34
441861,2500000000;4475158,1100000000;1;04  SALAMANCA;04-01 RECOLETOS;LAGASCA, CALLE, DE;42;CargayDescarga;Línea;3;15,00;lab. de 9 a 14 h. y de 16.30 a 20 h. excepto: CARGA Y DESCARGA;-3.6853686;40.4250254;LAGASCA, CALLE, DE, Nº 42
441866,2500000000;4475212,6200000000;40177;04  SALAMANCA;04-01 RECOLETOS;LAGASCA, CALLE, DE;44;CargayDescarga;Línea;3;15,00;lab. de 9 a 14 h. y de 16.30 a 20 h. excepto: CARGA Y DESCARGA;-3.6853146;40.4255168;LAGASCA, CALLE, DE, Nº 44
441872,6300000000;4475285,4200000000;1;04  SALAMANCA;04-01 RECOLETOS;LAGASCA, CALLE, DE;50;CargayDescarga;Línea;3;15,30;lab. de 8 a 14 h. y de 16.30 a 19 h. excepto [CARGA Y DESCARGA] ;-3.6852461;40.4261731;LAGASCA, CALLE, DE, Nº 50
441892,6300000000;4475486,3900000000;41025;04  SALAMANCA;04-01 RECOLETOS;LAGASCA, CALLE, DE;68;CargayDescarga;Línea;3;15,00;LAB. DE 8 A 14 H. Y DE 16,30 A 19 H. EXCEPTO CARGA Y DESCARGA;-3.6850287;40.4279849;LAGASCA, CALLE, DE, Nº 68
441899,2700000000;4475551,1500000000;39573;04  SALAMANCA;04-01 RECOLETOS;LAGASCA, CALLE, DE;74;CargayDescarga;Línea;3;15,10;LAB. DE 8 A 14 H. Y DE 16,30 A19 H. EXCEPTO CARGA Y DESCARGA;-3.6849563;40.4285688;LAGASCA, CALLE, DE, Nº 74
441824,1700000000;4474742,0600000000;38322;04  SALAMANCA;04-01 RECOLETOS;LAGASCA, CALLE, DE;8;CargayDescarga;Línea;2;12,00;LAB. DE 8 A 14 H. Y DE16,30 A 19 H. EXCEPTOCARGA Y DESCARGA;-3.6857676;40.4212749;LAGASCA, CALLE, DE, Nº 8
441903,3500000000;4475595,3400000000;35213;04  SALAMANCA;04-01 RECOLETOS;LAGASCA, CALLE, DE;80;CargayDescarga;Línea;3;15,00;LAB. DE 8 A 14 H. Y DE 16,30 A19 H. EXCEPTO CARGA Y DESCARGA;-3.6849123;40.4289672;LAGASCA, CALLE, DE, Nº 80
442282,3300000000;4474861,2000000000;39645;04  SALAMANCA;04-01 RECOLETOS;MENENDEZ PELAYO, AVENIDA, DE;2;CargayDescarga;Línea;3;15,00;LABORABLES DE 8 A 14 H Y DE 16,30 A 19 H. EXCEPTO CARGA Y DESCARGA;-3.6803781;40.42238;MENENDEZ PELAYO, AVENIDA, DE, Nº 2
442063,4600000000;4474984,5400000000;40141;04  SALAMANCA;04-01 RECOLETOS;NUÑEZ DE BALBOA, CALLE, DE;19;CargayDescarga;Línea;3;15,00;LAB. DE 8 A 14 H. Y DE  16,30 A 19 H. EXCEPTO CARGA Y DESCARGA;-3.6829692;40.4234759;NUÑEZ DE BALBOA, CALLE, DE, Nº 19
442058,9700000000;4474797,4300000000;37749;04  SALAMANCA;04-01 RECOLETOS;NUÑEZ DE BALBOA, CALLE, DE;2;CargayDescarga;Línea;3;15,38;LAB. DE 8 A 14 H. Y DE 16,30 A 19 H. EXCEPTO CARGA Y DESCARGA;-3.6830051;40.42179;NUÑEZ DE BALBOA, CALLE, DE, Nº 2
442068,6100000000;4475038,7800000000;40141;04  SALAMANCA;04-01 RECOLETOS;NUÑEZ DE BALBOA, CALLE, DE;23;CargayDescarga;Línea;2;12,00;LAB. DE 8 A 14 H. Y DE  16,30 A 19 H. EXCEPTO CARGA Y DESCARGA ;-3.6829134;40.4239649;NUÑEZ DE BALBOA, CALLE, DE, Nº 23
442077,5100000000;4475055,8300000000;1;04  SALAMANCA;04-01 RECOLETOS;NUÑEZ DE BALBOA, CALLE, DE;24;CargayDescarga;Línea;3;15,00;lab. 9 a14 h y 16.30 a 20 h excepto: Carga y Descarga;-3.6828101;40.4241191;NUÑEZ DE BALBOA, CALLE, DE, Nº 24
442087,3600000000;4475192,7200000000;38322;04  SALAMANCA;04-01 RECOLETOS;NUÑEZ DE BALBOA, CALLE, DE;28;CargayDescarga;Línea;3;15,10;LAB. DE 8 A 14 H. Y DE 16,30 A 19 H. EXCEPTOCARGA Y DESCARGA;-3.6827064;40.425353;NUÑEZ DE BALBOA, CALLE, DE, Nº 28
442092,6400000000;4475272,3700000000;38322;04  SALAMANCA;04-01 RECOLETOS;NUÑEZ DE BALBOA, CALLE, DE;36;CargayDescarga;Línea;2;12,00;LAB. DE 8 A 14 H. Y DE 16,30 A 19 H. EXCEPTOCARGA Y DESCARGA;-3.6826514;40.4260709;NUÑEZ DE BALBOA, CALLE, DE, Nº 36
442103,5900000000;4475424,9700000000;38322;04  SALAMANCA;04-01 RECOLETOS;NUÑEZ DE BALBOA, CALLE, DE;46;CargayDescarga;Línea;3;15,00;LAB. DE 8  A 14 H. Y DE 16,30 A 19 H. EXCEPTO CARGA Y DESCARGA;-3.6825363;40.4274463;NUÑEZ DE BALBOA, CALLE, DE, Nº 46
442102,9500000000;4475539,7400000000;43782;04  SALAMANCA;04-01 RECOLETOS;NUÑEZ DE BALBOA, CALLE, DE;63;CargayDescarga;Línea;5;28,00;LABORABLES DE 8 A 14 H. Y DE 16:30 A 19 H. EXCEPTO CARGA Y DESCARGA EN LÍNEA ;-3.6825543;40.4284802;NUÑEZ DE BALBOA, CALLE, DE, Nº 63
441419,0500000000;4474836,2800000000;42013;04  SALAMANCA;04-01 RECOLETOS;RECOLETOS, CALLE, DE;5;CargayDescarga;Línea;4;20,00;LABORABLES DE 8 A 17 HEXCEPTO CARGA Y DESCARGA;-3.6905515;40.4220952;RECOLETOS, CALLE, DE, Nº 5
441652,7800000000;4475175,1800000000;41788;04  SALAMANCA;04-01 RECOLETOS;SERRANO, CALLE, DE;34;CargayDescarga;Línea;1;6,00;PERMITIDO CARGA Y DESCARGADE 10:00 A 14:00 H;-3.6878275;40.4251646;SERRANO, CALLE, DE, Nº 34
441954,8300000000;4474881,5700000000;37049;04  SALAMANCA;04-01 RECOLETOS;VELAZQUEZ, CALLE, DE;10;CargayDescarga;Línea;5;20,39;LAB.DE 8 A 14 H. Y DE 16,30 A 19 H. EXCEPTO CARGA Y DESCARGA;-3.6842403;40.4225408;VELAZQUEZ, CALLE, DE, Nº 10
441938,7800000000;4474924,8500000000;37305;04  SALAMANCA;04-01 RECOLETOS;VELAZQUEZ, CALLE, DE;17;CargayDescarga;Línea;3;15,00;LAB. DE 8 A 14 H. Y DE 16,30 A 19 H. EXCEPTO CARGA Y DESCARGA;-3.6844334;40.4229295;VELAZQUEZ, CALLE, DE, Nº 17
441962,6400000000;4474989,1100000000;1;04  SALAMANCA;04-01 RECOLETOS;VELAZQUEZ, CALLE, DE;20;CargayDescarga;Línea;3;15,00;LAB. DE 8 A 14 H. Y DE 16,30 A 19 H. EXCEPTO CARGA Y DESCARGA;-3.684158;40.4235101;VELAZQUEZ, CALLE, DE, Nº 20
441944,2300000000;4474994,5500000000;1;04  SALAMANCA;04-01 RECOLETOS;VELAZQUEZ, CALLE, DE;21;CargayDescarga;Línea;3;15,00;lab. de 9 a 14 h. y de 16.30 a 20 h. excepto: CARGA Y DESCARGA;-3.6843755;40.4235578;VELAZQUEZ, CALLE, DE, Nº 21
441968,5700000000;4475068,5200000000;1;04  SALAMANCA;04-01 RECOLETOS;VELAZQUEZ, CALLE, DE;24;CargayDescarga;Línea;5;15,54;lab. de 9 a 14 h. y de 16.30 a 20 h. excepto: CARGA Y DESCARGA;-3.6840954;40.4242258;VELAZQUEZ, CALLE, DE, Nº 24
441973,3300000000;4475127,6800000000;37676;04  SALAMANCA;04-01 RECOLETOS;VELAZQUEZ, CALLE, DE;30;CargayDescarga;Línea;3;15,00;LAB. DE 8 A 14 H. Y DE 16,30 A 19 H. EXCEPTO CARGA Y DESCARGA ;-3.6840447;40.4247591;VELAZQUEZ, CALLE, DE, Nº 30
441955,0600000000;4475146,8900000000;1;04  SALAMANCA;04-01 RECOLETOS;VELAZQUEZ, CALLE, DE;31;CargayDescarga;Línea;3;15,00;lab. de 9 a 14 h. y de 16.30 a 20 h. excepto: CARGA Y DESCARGA;-3.6842618;40.4249309;VELAZQUEZ, CALLE, DE, Nº 31
441963,7500000000;4475276,8600000000;37049;04  SALAMANCA;04-01 RECOLETOS;VELAZQUEZ, CALLE, DE;39;CargayDescarga;Línea;4;20,70;LAB. DE 8 A 14 H. Y DE 16,30 A 19 H. EXCEPTO CARGA Y DESCARGA;-3.6841712;40.4261023;VELAZQUEZ, CALLE, DE, Nº 39
441983,0300000000;4475275,4200000000;37049;04  SALAMANCA;04-01 RECOLETOS;VELAZQUEZ, CALLE, DE;40;CargayDescarga;Línea;3;14,60;LAB. DE 8 A 14 H. Y DE 16,30 A 19 H. EXCEPTO CARGA Y DESCARGA;-3.6839438;40.4260907;VELAZQUEZ, CALLE, DE, Nº 40
441971,2900000000;4475370,6800000000;1;04  SALAMANCA;04-01 RECOLETOS;VELAZQUEZ, CALLE, DE;43;CargayDescarga;Línea;3;14,30;lab. de 9 a 14 h. y de 16.30 a 20 h. excepto: CARGA Y DESCARGA;-3.6840909;40.426948;VELAZQUEZ, CALLE, DE, Nº 43
441977,9900000000;4475474,4100000000;38118;04  SALAMANCA;04-01 RECOLETOS;VELAZQUEZ, CALLE, DE;51;CargayDescarga;Línea;3;17,70;LAB. DE 8 A 14 H. Y DE 16,30 A 19 H. EXCEPTO CARGA Y DESCARGA;-3.6840214;40.427883;VELAZQUEZ, CALLE, DE, Nº 51
441985,3600000000;4475585,9300000000;1;04  SALAMANCA;04-01 RECOLETOS;VELAZQUEZ, CALLE, DE;59;CargayDescarga;Línea;3;15,20;LAB. DE 8 A 14 H. Y DE 16,30 A19 H. EXCEPTO CARGA Y DESCARGA;-3.6839447;40.4288881;VELAZQUEZ, CALLE, DE, Nº 59
441949,7200000000;4474811,3800000000;38322;04  SALAMANCA;04-01 RECOLETOS;VELAZQUEZ, CALLE, DE;6;CargayDescarga;Línea;3;13,40;LAB. DE 8 A 14 H. Y DE 16,30 A 19 H. EXCEPTO CARGA Y DESCARGA ;-3.6842941;40.4219081;VELAZQUEZ, CALLE, DE, Nº 6
441488,4100000000;4474760,2900000000;42013;04  SALAMANCA;04-01 RECOLETOS;VILLALAR, CALLE, DE;11;CargayDescarga;Línea;2;10,00;LABORABLES DE 8 A 17 HEXCEPTO CARGA Y DESCARGA;-3.6897269;40.4214155;VILLALAR, CALLE, DE, Nº 11
441472,2800000000;4474920,7100000000;42013;04  SALAMANCA;04-01 RECOLETOS;VILLANUEVA, CALLE, DE;2 C;CargayDescarga;Línea;2;12,10;LABORABLES DE 8 A 17 HEXCEPTO CARGA Y DESCARGA.;-3.6899318;40.4228595;VILLANUEVA, CALLE, DE, Nº 2 C
441789,6100000000;4474866,9300000000;43966;04  SALAMANCA;04-01 RECOLETOS;VILLANUEVA, CALLE, DE;24;CargayDescarga;Línea;2;12,00;LAB. DE 8 A 14 H Y DE 16.30 A 19 H EXCEPTO CARGA Y DESCARGA;-3.6861864;40.4223973;VILLANUEVA, CALLE, DE, Nº 24
441918,0900000000;4474857,2000000000;42013;04  SALAMANCA;04-01 RECOLETOS;VILLANUEVA, CALLE, DE;32;CargayDescarga;Línea;2;12,00;LABORABLES DE 8 A 17 HEXCEPTO CARGA Y DESCARGA.;-3.6846711;40.4223186;VILLANUEVA, CALLE, DE, Nº 32
442081,1600000000;4474844,5800000000;38014;04  SALAMANCA;04-01 RECOLETOS;VILLANUEVA, CALLE, DE;40;CargayDescarga;Línea;3;15,00;LAB. DE 8 A 14 H. Y DE 16,30A 19 H. EXCEPTO CARGA Y DESCARGA;-3.6827478;40.4222163;VILLANUEVA, CALLE, DE, Nº 40
442140,7200000000;4474839,8000000000;35228;04  SALAMANCA;04-01 RECOLETOS;VILLANUEVA, CALLE, DE;43;CargayDescarga;Línea;1;6,00;LAB. DE 8 A 14 H. Y DE 16,30A 19 H. EXCEPTO CARGA Y DESCARGA;-3.6820453;40.4221774;VILLANUEVA, CALLE, DE, Nº 43
442826,9400000000;4475345,0300000000;41417;04  SALAMANCA;04-02 GOYA;ALCANTARA, CALLE, DE;11;CargayDescarga;Línea;3;15,00;LABORABLES DE 8 A 14 H.Y DE 16,30 A 19 H. EXCEPTOCARGA Y DESCARGA EN LINEA;-3.6740021;40.4267762;ALCANTARA, CALLE, DE, Nº 11
442838,7200000000;4475508,9900000000;40701;04  SALAMANCA;04-02 GOYA;ALCANTARA, CALLE, DE;27;CargayDescarga;Línea;3;15,00;LABORABLES DE 8 A 14 H. Y DE 16,30 A 19 H. EXCEPTO CARGA Y DESCARGA EN LINEA ;-3.673878;40.4282541;ALCANTARA, CALLE, DE, Nº 27
442421,2600000000;4474946,9900000000;36682;04  SALAMANCA;04-02 GOYA;ANTONIO ACUÑA, CALLE, DE;1;CargayDescarga;Línea;2;11,90;LAB. DE 8 A 14 H. Y DE 16,30 A 19 H. EXCEPTO CARGA Y DESCARGA;-3.6787482;40.4231625;ANTONIO ACUÑA, CALLE, DE, Nº 1
442668,8500000000;4475403,0200000000;36910;04  SALAMANCA;04-02 GOYA;AYALA, CALLE, DE;100;CargayDescarga;Línea;3;17,70;LAB. DE 8 A 14 H. Y DE  16,30 A 19 H. EXCEPTO CARGA Y DESCARGA;-3.6758709;40.4272877;AYALA, CALLE, DE, Nº 100
443076,2400000000;4475382,5500000000;1;04  SALAMANCA;04-02 GOYA;AYALA, CALLE, DE;103;CargayDescarga;Línea;3;15,10;LAB.DE 8 A 14 H. Y DE 16,30 A19 H.  EXCEPTO CARGA Y DESCARGA;-3.6710667;40.4271313;AYALA, CALLE, DE, Nº 103
443147,3500000000;4475378,0200000000;38015;04  SALAMANCA;04-02 GOYA;AYALA, CALLE, DE;105;CargayDescarga;Línea;3;15,00;LAB.DE 8 A 14 H. Y DE 16,30 A 19 H. EXCEPTO CARGA Y DESCARGA;-3.6702281;40.4270954;AYALA, CALLE, DE, Nº 105
442760,1800000000;4475396,9200000000;41767;04  SALAMANCA;04-02 GOYA;AYALA, CALLE, DE;106;CargayDescarga;Línea;2;15,00;LABORABLES DE 8 A 17 HEXCEPTO CARGA Y DESCARGA;-3.6747938;40.4272391;AYALA, CALLE, DE, Nº 106
442813,3900000000;4475392,7800000000;38441;04  SALAMANCA;04-02 GOYA;AYALA, CALLE, DE;112;CargayDescarga;Línea;3;16,00;LAB.DE 8 A 14 H. Y DE 16,30 A19 H. EXCEPTO CARGA Y DESCARGA;-3.6741661;40.4272054;AYALA, CALLE, DE, Nº 112
443043,2800000000;4475376,2700000000;37694;04  SALAMANCA;04-02 GOYA;AYALA, CALLE, DE;146;CargayDescarga;Línea;3;15,00;LAB.DE 8 A 14 H. Y DE 16,30 A 19 H. EXCEPTO CARGA Y DESCARGA ;-3.6714547;40.4270725;AYALA, CALLE, DE, Nº 146
442430,1000000000;4475420,0200000000;36907;04  SALAMANCA;04-02 GOYA;AYALA, CALLE, DE;78;CargayDescarga;Línea;2;9,80;LAB. DE 8 A 14 H. Y DE  16,30 A 19 H. EXCEPTO CARGA Y DESCARGA ;-3.6786869;40.4274244;AYALA, CALLE, DE, Nº 78
442548,9300000000;4475411,5000000000;36906;04  SALAMANCA;04-02 GOYA;AYALA, CALLE, DE;88;CargayDescarga;Línea;3;17,20;LAB. DE 8 A 14 H. Y DE  16,30 A 19 H. EXCEPTO CARGA Y DESCARGA;-3.6772853;40.4273559;AYALA, CALLE, DE, Nº 88
442601,5100000000;4475407,8800000000;36910;04  SALAMANCA;04-02 GOYA;AYALA, CALLE, DE;92;CargayDescarga;Línea;3;17,30;LAB. DE 8 A 14 H. Y DE  16,30 A 19 H. EXCEPTO CARGA Y DESCARGA ;-3.6766652;40.4273269;AYALA, CALLE, DE, Nº 92
443190,6400000000;4475520,3600000000;39067;04  SALAMANCA;04-02 GOYA;DON RAMON DE LA CRUZ, CALLE, DE;104;CargayDescarga;Batería;6;7,68;LAB.DE 8 A 14 H. Y DE16,30 A 19 H. EXCEPTOCARGA Y DESCARGA;-3.6697305;40.4283806;DON RAMON DE LA CRUZ, CALLE, DE, Nº 104
442597,7000000000;4474878,9500000000;43617;04  SALAMANCA;04-02 GOYA;DUQUE DE SESTO, CALLE, DEL;17;CargayDescarga;Línea;2;12,50;LAB.DE 8 A 12 H Y DE 14:30 A 18 H EXCEPTO CARGA Y DESCARGA EN LÍNEA;-3.6766623;40.4225617;DUQUE DE SESTO, CALLE, DEL, Nº 17
442513,5500000000;4474876,1900000000;35229;04  SALAMANCA;04-02 GOYA;DUQUE DE SESTO, CALLE, DEL;18;CargayDescarga;Línea;3;15,00;LAB. DE 8 A 14 H. Y DE 16,30A 19 H. EXCEPTO CARGA Y DESCARGA;-3.677654;40.4225311;DUQUE DE SESTO, CALLE, DEL, Nº 18
442634,5000000000;4474867,3000000000;36808;04  SALAMANCA;04-02 GOYA;DUQUE DE SESTO, CALLE, DEL;32;CargayDescarga;Línea;3;15,20;LAB. DE 8 A 14 H. Y DE 16,30A 19 H. EXCEPTO CARGA Y DESCARGA;-3.6762275;40.4224593;DUQUE DE SESTO, CALLE, DEL, Nº 32
442816,3500000000;4474863,3100000000;38014;04  SALAMANCA;04-02 GOYA;DUQUE DE SESTO, CALLE, DEL;35;CargayDescarga;Batería;6;15,00;LAB. DE 8 A 14 H. Y DE 16,30 A 19 H. EXCEPTO CARGA Y DESCARGA ;-3.6740836;40.4224359;DUQUE DE SESTO, CALLE, DEL, Nº 35
442688,8400000000;4474863,4000000000;36808;04  SALAMANCA;04-02 GOYA;DUQUE DE SESTO, CALLE, DEL;36;CargayDescarga;Línea;3;17,10;LAB. DE 8 A 14 H. Y DE 16,30 A 19 H. EXCEPTO CARGA Y DESCARGA;-3.6755866;40.4224279;DUQUE DE SESTO, CALLE, DEL, Nº 36
442777,3100000000;4474857,1100000000;36773;04  SALAMANCA;04-02 GOYA;DUQUE DE SESTO, CALLE, DEL;44;CargayDescarga;Línea;3;15,00;LAB. DE 8 A 14 H. Y DE 16,30 A 19 H. EXCEPTO CARGA Y DESCARGA;-3.6745433;40.4223774;DUQUE DE SESTO, CALLE, DEL, Nº 44
443048,9900000000;4474837,7700000000;43256;04  SALAMANCA;04-02 GOYA;DUQUE DE SESTO, CALLE, DEL;58;CargayDescarga;Línea;3;15,00;LAB. DE 8.00 A 17.00 H. EXCEPTO CARGA Y DESCARGA;-3.6713392;40.4222218;DUQUE DE SESTO, CALLE, DEL, Nº 58
442324,2100000000;4475102,7200000000;1;04  SALAMANCA;04-02 GOYA;ESPARTINAS, CALLE, DE;Fte1;CargayDescarga;Línea;3;15,00;lab. 9 a 14 h y 16.30 a 20 h excepto: Carga y Descarga;-3.6799063;40.4245587;ESPARTINAS, CALLE, DE, Nº Fte1
442821,5100000000;4475180,9400000000;42065;04  SALAMANCA;04-02 GOYA;FERNAN GONZALEZ, CALLE, DE;1;CargayDescarga;Línea;2;15,00;LAB. DE 8 A 21 HEXCEPTO CARGA Y DESCARGA;-3.6740514;40.4252976;FERNAN GONZALEZ, CALLE, DE, Nº 1
442806,0800000000;4474938,9800000000;37091;04  SALAMANCA;04-02 GOYA;FERNAN GONZALEZ, CALLE, DE;17;CargayDescarga;Línea;3;15,30;LAB. DE 8 A 14 H. Y DE 16,30 A 19 H. EXCEPTO CARGA Y DESCARGA ;-3.6742115;40.4231169;FERNAN GONZALEZ, CALLE, DE, Nº 17
442787,3700000000;4474785,2400000000;38812;04  SALAMANCA;04-02 GOYA;FERNAN GONZALEZ, CALLE, DE;30;CargayDescarga;Batería;5;8,00;Laborables de 9 a 14 h. y de 16.30 a 20 h. Excepto: CARGA Y DESCARGA;-3.6744182;40.4217306;FERNAN GONZALEZ, CALLE, DE, Nº 30
442486,8200000000;4475049,4600000000;38320;04  SALAMANCA;04-02 GOYA;FRANCISCA MORENO, CALLE, DE;1;CargayDescarga;Línea;3;15,00;LAB. DE 8 A 14 H. Y DE  16,30 A 19 H. EXCEPTO CARGA Y DESCARGA ;-3.6779847;40.4240901;FRANCISCA MORENO, CALLE, DE, Nº 1
442492,2300000000;4475114,3500000000;37678;04  SALAMANCA;04-02 GOYA;FRANCISCA MORENO, CALLE, DE;7;CargayDescarga;Línea;3;15,00;LAB. DE 8 A 14 H. Y DE  16,30 A 19 H. EXCEPTO CARGA Y DESCARGA ;-3.6779268;40.4246751;FRANCISCA MORENO, CALLE, DE, Nº 7
443107,2400000000;4475356,4900000000;38015;04  SALAMANCA;04-02 GOYA;FUENTE DEL BERRO, CALLE, DE LA;1;CargayDescarga;Línea;3;15,00;LAB.DE 8 A 14 H. Y DE 16,30 A 19 H. EXCEPTO CARGA Y DESCARGA;-3.670699;40.4268987;FUENTE DEL BERRO, CALLE, DE LA, Nº 1
443096,4600000000;4475202,5600000000;36893;04  SALAMANCA;04-02 GOYA;FUENTE DEL BERRO, CALLE, DE LA;21;CargayDescarga;Línea;3;15,00;LAB.DE 8 A 14 H. Y DE 16,30 A19 H. EXCEPTO CARGA Y DESCARGA;-3.6708123;40.4255113;FUENTE DEL BERRO, CALLE, DE LA, Nº 21
443090,6500000000;4475120,6200000000;35450;04  SALAMANCA;04-02 GOYA;FUENTE DEL BERRO, CALLE, DE LA;25;CargayDescarga;Línea;3;20,00;LAB.DE 8 A 14 H. Y DE 16,30 A19 H. EXCEPTO CARGA Y DESCARGA;-3.6708734;40.4247727;FUENTE DEL BERRO, CALLE, DE LA, Nº 25
442542,5700000000;4475080,7700000000;40141;04  SALAMANCA;04-02 GOYA;GENERAL DIAZ PORLIER, CALLE, DEL;1;CargayDescarga;Línea;4;19,00;LAB. DE 8 A 14 H. Y DE 16,30 A 19 H. EXCEPTOCARGA Y DESCARGA;-3.6773304;40.424376;GENERAL DIAZ PORLIER, CALLE, DEL, Nº 1
442562,7100000000;4475238,7700000000;41719;04  SALAMANCA;04-02 GOYA;GENERAL DIAZ PORLIER, CALLE, DEL;17;CargayDescarga;Línea;3;20,00;LAB. DE 8 A 14 H. Y DE 16,30 A 19 H.EXCEPTO CARGA Y DESCARGA;-3.6771073;40.4258008;GENERAL DIAZ PORLIER, CALLE, DEL, Nº 17
442557,0800000000;4475283,8400000000;38014;04  SALAMANCA;04-02 GOYA;GENERAL DIAZ PORLIER, CALLE, DEL;19;CargayDescarga;Línea;3;15,00;LAB. DE 8 A 14 H. Y DE  16,30 A 19 H. EXCEPTO CARGA Y DESCARGA;-3.6771777;40.4262064;GENERAL DIAZ PORLIER, CALLE, DEL, Nº 19
442564,8100000000;4475391,6800000000;36914;04  SALAMANCA;04-02 GOYA;GENERAL DIAZ PORLIER, CALLE, DEL;27;CargayDescarga;Línea;4;20,00;LAB. DE 8 A 14 H. Y DE  16,30 A 19 H. EXCEPTO CARGA Y DESCARGA;-3.6770963;40.4271784;GENERAL DIAZ PORLIER, CALLE, DEL, Nº 27
442569,8900000000;4475461,6400000000;36910;04  SALAMANCA;04-02 GOYA;GENERAL DIAZ PORLIER, CALLE, DEL;33;CargayDescarga;Línea;3;15,40;LAB. DE 8 A 12 H. EXCEPTO CARGA Y DESCARGA;-3.6770428;40.427809;GENERAL DIAZ PORLIER, CALLE, DEL, Nº 33
442576,0400000000;4475546,6200000000;36910;04  SALAMANCA;04-02 GOYA;GENERAL DIAZ PORLIER, CALLE, DEL;43;CargayDescarga;Línea;3;15,00;LAB. DE 8 A 14 H. Y DE  16,30 A 19 H. EXCEPTO CARGA Y DESCARGA ;-3.6769779;40.428575;GENERAL DIAZ PORLIER, CALLE, DEL, Nº 43
442424,2100000000;4475119,2800000000;37679;04  SALAMANCA;04-02 GOYA;GENERAL PARDIÑAS, CALLE, DEL;11;CargayDescarga;Línea;3;15,00;LAB. DE 8 A 14 H. Y DE 16,30 A 19 H. EXCEPTOCARGA Y DESCARGA;-3.6787291;40.4247148;GENERAL PARDIÑAS, CALLE, DEL, Nº 11
442436,7600000000;4475168,6900000000;38322;04  SALAMANCA;04-02 GOYA;GENERAL PARDIÑAS, CALLE, DEL;18;CargayDescarga;Línea;3;15,00;LABORABLES DE 8 A 14 H.Y DE 16,30 A 20 H.EXCEPTO CARGA Y DESCARGA;-3.6785856;40.4251608;GENERAL PARDIÑAS, CALLE, DEL, Nº 18
442436,4100000000;4475289,5300000000;36906;04  SALAMANCA;04-02 GOYA;GENERAL PARDIÑAS, CALLE, DEL;21;CargayDescarga;Batería;5;14,40;LAB. DE 8 A 14 H. Y DE  16,30 A 19 H. EXCEPTO CARGA Y DESCARGA;-3.6786007;40.4262493;GENERAL PARDIÑAS, CALLE, DEL, Nº 21
442442,0400000000;4475249,6600000000;36907;04  SALAMANCA;04-02 GOYA;GENERAL PARDIÑAS, CALLE, DEL;28;CargayDescarga;Línea;3;14,87;LAB. DE 8 A 14 H. Y DE  16,30 A 19 H. EXCEPTO CARGA Y DESCARGA;-3.6785307;40.4258905;GENERAL PARDIÑAS, CALLE, DEL, Nº 28
442453,0800000000;4475401,7800000000;36906;04  SALAMANCA;04-02 GOYA;GENERAL PARDIÑAS, CALLE, DEL;38;CargayDescarga;Línea;3;17,00;LAB. DE 8 A 14 H. Y DE  16,30 A 19 H. EXCEPTO CARGA Y DESCARGA;-3.6784143;40.4272617;GENERAL PARDIÑAS, CALLE, DEL, Nº 38
442463,8000000000;4475556,5900000000;38391;04  SALAMANCA;04-02 GOYA;GENERAL PARDIÑAS, CALLE, DEL;54;CargayDescarga;Línea;3;15,00;LAB. DE 8 A 14 H. Y DE  16,30 A 19 H. EXCEPTO CARGA Y DESCARGA;-3.678302;40.428657;GENERAL PARDIÑAS, CALLE, DEL, Nº 54
442427,3000000000;4475043,4000000000;1;04  SALAMANCA;04-02 GOYA;GENERAL PARDIÑAS, CALLE, DEL;6;CargayDescarga;Batería;5;14,00;LAB. DE 8 A 14 H. Y DE 16,30 A 19 H. EXCEPTOCARGA Y DESCARGA;-3.6786858;40.4240314;GENERAL PARDIÑAS, CALLE, DEL, Nº 6
442340,4600000000;4475139,6100000000;37676;04  SALAMANCA;04-02 GOYA;GOYA, CALLE, DE;42;CargayDescarga;Línea;3;15,00;LAB. DE 8 A 14 H. Y DE  16,30 A 19 H. EXCEPTO CARGA Y DESCARGA;-3.6797181;40.4248921;GOYA, CALLE, DE, Nº 42
442453,8500000000;4475131,6000000000;37678;04  SALAMANCA;04-02 GOYA;GOYA, CALLE, DE;52;CargayDescarga;Línea;3;15,00;LAB. DE 8 A 14 H. Y DE  16,30 A 19 H. EXCEPTO CARGA Y DESCARGA ;-3.6783808;40.4248278;GOYA, CALLE, DE, Nº 52
442608,1600000000;4475121,2500000000;1;04  SALAMANCA;04-02 GOYA;GOYA, CALLE, DE;70;CargayDescarga;Línea;4;21,30;EXCEPTO CARGA Y DESCARGA;-3.6765609;40.4247452;GOYA, CALLE, DE, Nº 70
442409,3400000000;4475155,3100000000;38322;04  SALAMANCA;04-02 GOYA;GOYA, CALLE, DE;75;CargayDescarga;Línea;2;12,00;LAB. DE 8 A 14 H. Y DE 16,30 A 19 H. EXCEPTO CARGA Y DESCARGA;-3.6789076;40.4250383;GOYA, CALLE, DE, Nº 75
442524,0300000000;4475146,9400000000;36725;04  SALAMANCA;04-02 GOYA;GOYA, CALLE, DE;85;CargayDescarga;Línea;4;22,30;LABORABLES DE 8 A 14HY DE 16:30 A 19HEXCEPTO CARGA Y DESCARGA;-3.6775549;40.4249709;GOYA, CALLE, DE, Nº 85
442764,8500000000;4475129,5700000000;42663;04  SALAMANCA;04-02 GOYA;GOYA, CALLE, DE;93;CargayDescarga;Línea;2;15,00;LABORABLES  DE 8:00 A 17:00 H. EXCEPTO CARGA Y DESCARGA PARADA TAXI RESTO DE HORARIO ;-3.6747146;40.424831;GOYA, CALLE, DE, Nº 93
442805,7900000000;4475246,8800000000;37770;04  SALAMANCA;04-02 GOYA;HERMOSILLA, CALLE, DE;101;CargayDescarga;Línea;3;15,00;LAB.DE 8 A 14 H. Y DE 16,30 A19 H. EXCEPTO CARGA Y DESCARGA;-3.6742426;40.4258906;HERMOSILLA, CALLE, DE, Nº 101
442920,7900000000;4475238,6000000000;37967;04  SALAMANCA;04-02 GOYA;HERMOSILLA, CALLE, DE;105;CargayDescarga;Línea;3;14,00;LAB.DE 8 A 14 H. Y DE 16,30 A 19 H. EXCEPTO CARGA Y DESCARGA;-3.6728863;40.4258239;HERMOSILLA, CALLE, DE, Nº 105
442980,2200000000;4475233,9500000000;39525;04  SALAMANCA;04-02 GOYA;HERMOSILLA, CALLE, DE;109;CargayDescarga;Línea;3;17,50;LAB.DE 8 A 14 H. Y DE 16,30 A 19 H. EXCEPTO CARGA Y DESCARGA;-3.6721853;40.4257861;HERMOSILLA, CALLE, DE, Nº 109
443074,9200000000;4475226,8700000000;35243;04  SALAMANCA;04-02 GOYA;HERMOSILLA, CALLE, DE;123;CargayDescarga;Línea;3;15,10;LAB.DE 8 A 14 H. Y DE 16,30 A19 H. EXCEPTO CARGA Y DESCARGA;-3.6710683;40.4257288;HERMOSILLA, CALLE, DE, Nº 123
443114,6900000000;4475223,9000000000;38229;04  SALAMANCA;04-02 GOYA;HERMOSILLA, CALLE, DE;125;CargayDescarga;Línea;3;15,00;LAB.DE 8 A 14 H. Y DE 16,30 A19 H. EXCEPTO CARGA Y DESCARGA;-3.6705993;40.4257047;HERMOSILLA, CALLE, DE, Nº 125
443244,9900000000;4475214,2300000000;37691;04  SALAMANCA;04-02 GOYA;HERMOSILLA, CALLE, DE;137;CargayDescarga;Línea;3;15,00;LAB.DE 8 A 14 H. Y DE 16,30 A 19 H. EXCEPTO CARGA Y DESCARGA ;-3.6690625;40.4256265;HERMOSILLA, CALLE, DE, Nº 137
442363,2400000000;4475278,8000000000;36909;04  SALAMANCA;04-02 GOYA;HERMOSILLA, CALLE, DE;65;CargayDescarga;Línea;3;15,00;LAB. DE 8 A 14 H. Y DE  16,30 A 19 H. EXCEPTO CARGA Y DESCARGA;-3.6794622;40.4261476;HERMOSILLA, CALLE, DE, Nº 65
442461,0700000000;4475272,0000000000;36907;04  SALAMANCA;04-02 GOYA;HERMOSILLA, CALLE, DE;72;CargayDescarga;Línea;4;18,30;LAB. DE 8 A 14 H. Y DE  16,30 A 19 H. EXCEPTO CARGA Y DESCARGA ;-3.6783084;40.4260931;HERMOSILLA, CALLE, DE, Nº 72
442581,0000000000;4475263,7900000000;38229;04  SALAMANCA;04-02 GOYA;HERMOSILLA, CALLE, DE;85;CargayDescarga;Línea;3;15,00;LABORABLES DE 7 A 20 H. EXCEPTO CARGA Y DESCARGA;-3.6768939;40.4260274;HERMOSILLA, CALLE, DE, Nº 85
442662,0500000000;4475248,6600000000;38229;04  SALAMANCA;04-02 GOYA;HERMOSILLA, CALLE, DE;88;CargayDescarga;Batería;6;15,00;LAB. DE 8 A 14 H. Y DE 16,30 A 19 H. EXCEPTOCARGA Y DESCARGA;-3.6759372;40.4258967;HERMOSILLA, CALLE, DE, Nº 88
442746,5900000000;4475251,4000000000;38030;04  SALAMANCA;04-02 GOYA;HERMOSILLA, CALLE, DE;99;CargayDescarga;Línea;3;15,00;LAB.DE 8 A 14 H. Y DE 16,30 A19 H. EXCEPTO CARGA Y DESCARGA;-3.6749409;40.4259272;HERMOSILLA, CALLE, DE, Nº 99
443245,7400000000;4475130,8000000000;37036;04  SALAMANCA;04-02 GOYA;JARDIN DE SAN FEDERICO, CALLE, DEL;17;CargayDescarga;Línea;3;14,50;LAB.DE 8 A 14 H. Y DE 16,30 A19 H. EXCEPTO CARGA Y DESCARGA;-3.6690462;40.424875;JARDIN DE SAN FEDERICO, CALLE, DEL, Nº 17
442912,8300000000;4474947,0500000000;38421;04  SALAMANCA;04-02 GOYA;JORGE JUAN, CALLE, DE;104;CargayDescarga;Línea;3;16,00;LAB. DE 8 A 14 H. Y DE 16,30 A19 H. EXCEPTO CARGA Y DESCARGA;-3.6729539;40.4231969;JORGE JUAN, CALLE, DE, Nº 104
443226,1700000000;4474938,3900000000;36738;04  SALAMANCA;04-02 GOYA;JORGE JUAN, CALLE, DE;133;CargayDescarga;Batería;8;19,10;LAB. DE 8 A 14 H. Y DE 16,30 A 19 H. EXCEPTO CARGA Y DESCARGA ;-3.6692597;40.4231403;JORGE JUAN, CALLE, DE, Nº 133
442317,0300000000;4474997,7400000000;39056;04  SALAMANCA;04-02 GOYA;JORGE JUAN, CALLE, DE;49;CargayDescarga;Línea;3;15,10;lab. de 8 a 14h. y de 16,30 a 19 h. excepto: CARGA Y                 DESCARGA;-3.6799814;40.4236125;JORGE JUAN, CALLE, DE, Nº 49
442563,3000000000;4474971,4200000000;37776;04  SALAMANCA;04-02 GOYA;JORGE JUAN, CALLE, DE;70;CargayDescarga;Línea;5;24,00;LAB. DE 8 A 14 H. Y DE 16,30 A 19 H. EXCEPTO CARGA Y DESCARGA ;-3.6770762;40.4233924;JORGE JUAN, CALLE, DE, Nº 70
442639,9500000000;4474965,5500000000;36808;04  SALAMANCA;04-02 GOYA;JORGE JUAN, CALLE, DE;78;CargayDescarga;Línea;3;15,10;LAB. DE 8 A 14 H. Y DE 16,30 A 19 H. EXCEPTO CARGA Y DESCARGA;-3.6761721;40.4233448;JORGE JUAN, CALLE, DE, Nº 78
442780,3200000000;4474956,6100000000;39846;04  SALAMANCA;04-02 GOYA;JORGE JUAN, CALLE, DE;88;CargayDescarga;Línea;4;21,00;LAB. DE 8 A 14 H. Y DE 16,30 A19 H. EXCEPTO CARGA Y DESCARGA;-3.6745167;40.4232739;JORGE JUAN, CALLE, DE, Nº 88
442954,9700000000;4475210,0900000000;38015;04  SALAMANCA;04-02 GOYA;LOMBIA, CALLE, DE;6;CargayDescarga;Batería;6;15,00;LAB.DE 8 A 14 H. Y DE 16,30 A19 H. EXCEPTO CARGA Y DESCARGA;-3.6724808;40.4255694;LOMBIA, CALLE, DE, Nº 6
442526,5600000000;4474858,8000000000;37642;04  SALAMANCA;04-02 GOYA;LOPE DE RUEDA, CALLE, DE;16;CargayDescarga;Línea;3;15,30;LAB. DE 8 A 14 H. Y DE 16,30 A 19 H. EXCEPTO CARGA Y DESCARGA ;-3.6774991;40.4223753;LOPE DE RUEDA, CALLE, DE, Nº 16
442538,0000000000;4475013,6300000000;38230;04  SALAMANCA;04-02 GOYA;LOPE DE RUEDA, CALLE, DE;2;CargayDescarga;Línea;3;12,79;LAB. DE 8 A 14 H. Y DE 16,30 A 19 H. EXCEPTOCARGA Y DESCARGA;-3.6773782;40.4237709;LOPE DE RUEDA, CALLE, DE, Nº 2
442522,9300000000;4474802,2400000000;36837;04  SALAMANCA;04-02 GOYA;LOPE DE RUEDA, CALLE, DE;20;CargayDescarga;Línea;2;13,71;LAB. DE 8 A 14 H. Y DE 16,30 A 19 H. EXCEPTO CARGA Y DESCARGA ;-3.6775367;40.4218655;LOPE DE RUEDA, CALLE, DE, Nº 20
442542,5100000000;4474958,0000000000;37284;04  SALAMANCA;04-02 GOYA;LOPE DE RUEDA, CALLE, DE;5;CargayDescarga;Línea;3;14,00;LABORABLES DE 8 A 14 H. Y DE 16,30 A 19 H. EXCEPTO CARGA Y DESCARGA EN LINEA;-3.67732;40.4232701;LOPE DE RUEDA, CALLE, DE, Nº 5
443065,6100000000;4474759,9100000000;41583;04  SALAMANCA;04-02 GOYA;MAESTRO VIVES, CALLE, DEL;8;CargayDescarga;Línea;3;16,16;LAB. DE 8 A 14 H. Y DE 16,30 A19 H. EXCEPTO CARGA Y DESCARGA;-3.6711363;40.4215215;MAESTRO VIVES, CALLE, DEL, Nº 8
442922,2800000000;4474831,6000000000;1;04  SALAMANCA;04-02 GOYA;MAIQUEZ, CALLE, DE;10;CargayDescarga;Batería;4;10,80;LAB. DE 8 A 14 H. Y DE 16,30 A19 H. EXCEPTO CARGA Y DESCARGA;-3.6728322;40.4221575;MAIQUEZ, CALLE, DE, Nº 10
443114,1200000000;4475440,5900000000;41745;04  SALAMANCA;04-02 GOYA;MARTIRES CONCEPCIONISTAS, CALLE, DE LAS;2;CargayDescarga;Línea;3;15,00;LABORABLES DE 8:00 A 17:00 HEXCEPTO CARGA Y DESCARGA.;-3.6706254;40.4276568;MARTIRES CONCEPCIONISTAS, CALLE, DE LAS, Nº 2
443118,5200000000;4475509,6800000000;1;04  SALAMANCA;04-02 GOYA;MARTIRES CONCEPCIONISTAS, CALLE, DE LAS;8;CargayDescarga;Línea;3;15,10;LAB.DE 8 A 14 H. Y DE 16,30 A 19 H. EXCEPTO CARGA Y DESCARGA;-3.6705797;40.4282795;MARTIRES CONCEPCIONISTAS, CALLE, DE LAS, Nº 8
442307,1400000000;4474853,4100000000;43127;04  SALAMANCA;04-02 GOYA;MENENDEZ PELAYO, AVENIDA, DE;3;CargayDescarga;Línea;2;12,00;LABORABLES DE 8 A 17 H EXCEPTO CARGA Y DESCARGA;-3.6800849;40.4223116;MENENDEZ PELAYO, AVENIDA, DE, Nº 3
442968,3200000000;4475520,6100000000;37495;04  SALAMANCA;04-02 GOYA;MONTESA, CALLE, DE;21;CargayDescarga;Línea;3;15,00;LAB.DE 8 A 14 H. Y DE 16,30 A 19 H. EXCEPTO CARGA Y DESCARGA;-3.6723513;40.4283676;MONTESA, CALLE, DE, Nº 21
442965,7100000000;4475365,3300000000;40990;04  SALAMANCA;04-02 GOYA;MONTESA, CALLE, DE;6;CargayDescarga;Línea;3;15,00;laborables de 8 a 14 h y de 16.30 a 19h, excepto carga y descarga.;-3.6723681;40.4269686;MONTESA, CALLE, DE, Nº 6
442959,8200000000;4475404,7400000000;37503;04  SALAMANCA;04-02 GOYA;MONTESA, CALLE, DE;9;CargayDescarga;Línea;2;11,90;LAB.DE 8 A 14 H. Y DE 16,30 A19 H. EXCEPTO CARGA Y DESCARGA;-3.6724411;40.4273232;MONTESA, CALLE, DE, Nº 9
443712,4900000000;4475698,5700000000;43595;04  SALAMANCA;04-03 FUENTE DEL BERRO;ALEJANDRO GONZALEZ, CALLE, DE;3;CargayDescarga;Línea;3;16,40;LAB.DE 8 A 14 H Y DE 16,30 A 19 H EXCEPTO CARGA Y DESCARGA;-3.6635945;40.4300215;ALEJANDRO GONZALEZ, CALLE, DE, Nº 3
443766,3100000000;4475663,6700000000;37706;04  SALAMANCA;04-03 FUENTE DEL BERRO;ALEJANDRO GONZALEZ, CALLE, DE;7;CargayDescarga;Línea;3;15,00;lab. de 8 a 14h. y de 16,30 a 19h. excepto:   CARGA Y                   DESCARGA;-3.662957;40.4297107;ALEJANDRO GONZALEZ, CALLE, DE, Nº 7
443436,9200000000;4475083,3100000000;1;04  SALAMANCA;04-03 FUENTE DEL BERRO;ANTONIO TOLEDANO, CALLE, DE;17;CargayDescarga;Línea;4;21,00;LABORABLESDE 8 A 14 Y DE 16.30 A 19 HEXCEPTOCARGA Y DESCARGA;-3.6667884;40.4244602;ANTONIO TOLEDANO, CALLE, DE, Nº 17
443436,6200000000;4475177,5800000000;36822;04  SALAMANCA;04-03 FUENTE DEL BERRO;ANTONIO TOLEDANO, CALLE, DE;3;CargayDescarga;Línea;3;14,30;;-3.6668003;40.4253094;ANTONIO TOLEDANO, CALLE, DE, Nº 3
443415,1500000000;4474922,8800000000;1;04  SALAMANCA;04-03 FUENTE DEL BERRO;ANTONIO TOLEDANO, CALLE, DE;36;CargayDescarga;Línea;2;9,00;LAB. DE 8 A 14 H. Y DE 16,30 A 19 H. EXCEPTO CARGA Y DESCARGA;-3.6670307;40.4230135;ANTONIO TOLEDANO, CALLE, DE, Nº 36
443651,0900000000;4475687,3900000000;38306;04  SALAMANCA;04-03 FUENTE DEL BERRO;BOCANGEL, CALLE, DE;2;CargayDescarga;Línea;3;15,10;LAB.DE 8 A 14 H. Y DE 16,30 A 19 H. EXCEPTO CARGA Y DESCARGA;-3.6643173;40.4299166;BOCANGEL, CALLE, DE, Nº 2
443579,3900000000;4474720,8900000000;43999;04  SALAMANCA;04-03 FUENTE DEL BERRO;ELVIRA, CALLE, DE;36;CargayDescarga;Línea;2;8,20;lab. de lunes a domingo de 7.30 a 22 horas RESERVA MUNICIPAL;-3.6650768;40.421205;ELVIRA, CALLE, DE, Nº 36
443579,3900000000;4474720,8900000000;43999;04  SALAMANCA;04-03 FUENTE DEL BERRO;ELVIRA, CALLE, DE;36;CargayDescarga;Línea;2;8,18;EXCEPTO CARGA Y DESCARGA DE 9 A 13H Y VEHÍCULOS AUTORIZADOS DE 13 A 22H;-3.6650768;40.421205;ELVIRA, CALLE, DE, Nº 36
443314,9400000000;4475111,1900000000;37802;04  SALAMANCA;04-03 FUENTE DEL BERRO;FUNDADORES, CALLE, DE LOS;3;CargayDescarga;Línea;3;15,00;LAB.DE 8 A 14 H. Y DE 16,30 A 19 H. EXCEPTO CARGA Y DESCARGA ;-3.6682287;40.4247031;FUNDADORES, CALLE, DE LOS, Nº 3
443511,5300000000;4475186,2900000000;36731;04  SALAMANCA;04-03 FUENTE DEL BERRO;HERMOSILLA, CALLE, DE;142;CargayDescarga;Línea;2;8,10;LABORABLES DE 8 A 14 Y DE 16.30 A 19 H EXCEPTO CARGA Y DESCARGA;-3.665918;40.425393;HERMOSILLA, CALLE, DE, Nº 142
443464,9900000000;4475302,4800000000;38443;04  SALAMANCA;04-03 FUENTE DEL BERRO;MARQUES DE ZAFRA, PASEO, DEL;17;CargayDescarga;Línea;3;13,00;LABORABLES DE 9 A 14 Y DE 16.30 A 20 H EXCEPTO CARGA Y DESCARGA;-3.666477;40.4264365;MARQUES DE ZAFRA, PASEO, DEL, Nº 17
443604,0400000000;4475236,3700000000;43636;04  SALAMANCA;04-03 FUENTE DEL BERRO;MARQUES DE ZAFRA, PASEO, DEL;28;CargayDescarga;Batería;3;15,00;LABORABLES DE 8 A 14 H Y DE 16.30 A 19 H EXCEPTO CARGA Y DESCARGA EN LÍNEA;-3.664832;40.4258504;MARQUES DE ZAFRA, PASEO, DEL, Nº 28
443671,0300000000;4475220,0300000000;43454;04  SALAMANCA;04-03 FUENTE DEL BERRO;MARQUES DE ZAFRA, PASEO, DEL;37;CargayDescarga;Línea;2;15,00;LAB. DE 8 A 14 H EXCEPTO CARGA Y DESCARGA;-3.6640409;40.4257077;MARQUES DE ZAFRA, PASEO, DEL, Nº 37
443727,4700000000;4475197,6200000000;43454;04  SALAMANCA;04-03 FUENTE DEL BERRO;MARQUES DE ZAFRA, PASEO, DEL;41;CargayDescarga;Línea;2;15,00;LAB. DE 8 A 14 H EXCEPTO CARGA Y DESCARGA;-3.6633736;40.4255097;MARQUES DE ZAFRA, PASEO, DEL, Nº 41
443339,1200000000;4475352,2100000000;37292;04  SALAMANCA;04-03 FUENTE DEL BERRO;MARQUES DE ZAFRA, PASEO, DEL;5;CargayDescarga;Línea;1;19,40;LAB.DE 8 A 14 H. Y DE 16,30 A 19 H. EXCEPTO CARGA Y DESCARGA ;-3.6679652;40.4268759;MARQUES DE ZAFRA, PASEO, DEL, Nº 5
443362,3200000000;4475343,0900000000;37286;04  SALAMANCA;04-03 FUENTE DEL BERRO;MARQUES DE ZAFRA, PASEO, DEL;7;CargayDescarga;Línea;5;20,97;LAB.DE 8 A 14 H. Y DE 16,30 A19 H. EXCEPTO CARGA Y DESCARGA;-3.6676909;40.4267954;MARQUES DE ZAFRA, PASEO, DEL, Nº 7
443491,3800000000;4475117,0600000000;35018;04  SALAMANCA;04-03 FUENTE DEL BERRO;PORVENIR, CALLE, DEL;7;CargayDescarga;Línea;3;13,30;LABORABLES DE 9 A 14 Y DE 16.30 A 20 H EXCEPTO CARGA Y DESCARGA;-3.6661494;40.4247679;PORVENIR, CALLE, DEL, Nº 7
443763,7200000000;4475336,7400000000;41583;04  SALAMANCA;04-03 FUENTE DEL BERRO;RAMON DE AGUINAGA, CALLE, DE;18;CargayDescarga;Línea;2;12,50;LABORABLES DE 8 A 17 H.EXCEPTO CARGA Y DESCARGA;-3.6629586;40.4267654;RAMON DE AGUINAGA, CALLE, DE, Nº 18
443419,7300000000;4475551,5100000000;42151;04  SALAMANCA;04-03 FUENTE DEL BERRO;RUFINO BLANCO, CALLE, DE;1;CargayDescarga;Línea;2;12,50;LABORABLES DE 8:00 A 17 H EXCEPTO CARGA Y DESCARGA EN LÍNEA;-3.6670327;40.4286768;RUFINO BLANCO, CALLE, DE, Nº 1
443836,5000000000;4475490,0500000000;42646;04  SALAMANCA;04-03 FUENTE DEL BERRO;SANCHO DAVILA, CALLE, DE;10 B;CargayDescarga;Línea;2;12,00;LAB. DE 8:00 A 17:00 H EXCEPTO CARGA Y DESCARGA;-3.6621142;40.4281514;SANCHO DAVILA, CALLE, DE, Nº 10 B
443850,5200000000;4475359,1900000000;43312;04  SALAMANCA;04-03 FUENTE DEL BERRO;SANCHO DAVILA, CALLE, DE;22;CargayDescarga;Línea;2;10,00;LABORABLES DE LUNES  A SÁBADOS DE 8:00 A 14:00 H.;-3.6619374;40.4269735;SANCHO DAVILA, CALLE, DE, Nº 22
443858,9000000000;4475265,4200000000;38134;04  SALAMANCA;04-03 FUENTE DEL BERRO;SANCHO DAVILA, CALLE, DE;28;CargayDescarga;Línea;3;15,00;LABORABLES DE 8 A 14 Y DE 16.30 A 19 H EXCEPTO CARGA Y DESCARGA;-3.6618303;40.4261293;SANCHO DAVILA, CALLE, DE, Nº 28
442732,3800000000;4476644,9800000000;42006;04  SALAMANCA;04-04 GUINDALERA;AMERICA, AVENIDA, DE;14;CargayDescarga;Línea;4;18,30;LABORABLES DE 9 A 14 Y DE 16.30 A 20 HORAS EXCEPTO CARGA Y DESCARGA;-3.6752339;40.4384803;AMERICA, AVENIDA, DE, Nº 14
442911,9800000000;4476268,6600000000;37757;04  SALAMANCA;04-04 GUINDALERA;ARDEMANS, CALLE, DE;42;CargayDescarga;Línea;2;8,60;;-3.6730826;40.4351026;ARDEMANS, CALLE, DE, Nº 42
442834,1000000000;4476334,9900000000;43879;04  SALAMANCA;04-04 GUINDALERA;ARDEMANS, CALLE, DE;53;CargayDescarga;;;8,50;;-3.6740068;40.4356948;ARDEMANS, CALLE, DE, Nº 53
443008,2000000000;4476044,3900000000;44145;04  SALAMANCA;04-04 GUINDALERA;AZCONA, CALLE, DE;3;CargayDescarga;Línea;3;16,80;;-3.6719281;40.4330888;AZCONA, CALLE, DE, Nº 3
443041,8400000000;4476065,8400000000;1;04  SALAMANCA;04-04 GUINDALERA;AZCONA, CALLE, DE;7;CargayDescarga;Línea;2;13,20;;-3.6715335;40.4332844;AZCONA, CALLE, DE, Nº 7
443871,3800000000;4476466,8900000000;40857;04  SALAMANCA;04-04 GUINDALERA;BRESCIA, CALLE, DE;Fte 21;CargayDescarga;Línea;3;15,00;;-3.6617893;40.4369536;BRESCIA, CALLE, DE, Nº Fte 21
443885,8500000000;4476906,9900000000;39421;04  SALAMANCA;04-04 GUINDALERA;BRISTOL, CALLE, DE;16;CargayDescarga;Línea;3;15,00;;-3.6616575;40.4409193;BRISTOL, CALLE, DE, Nº 16
443821,2400000000;4476867,2400000000;43985;04  SALAMANCA;04-04 GUINDALERA;BRISTOL, CALLE, DE;17;CargayDescarga;Batería;3;13,00;lab. de 9 a 14 h y de 16 a 20 h. excepto Carga y Descarga EN LINEA;-3.6624158;40.4405568;BRISTOL, CALLE, DE, Nº 17
443649,8300000000;4476494,1300000000;1;04  SALAMANCA;04-04 GUINDALERA;BRUSELAS, AVENIDA, DE;43;CargayDescarga;Batería;6;23,00;;-3.6644037;40.4371841;BRUSELAS, AVENIDA, DE, Nº 43
443693,2600000000;4476540,3300000000;42913;04  SALAMANCA;04-04 GUINDALERA;BRUSELAS, AVENIDA, DE;45;CargayDescarga;Línea;3;15,10;LABORABLES DE 8 A 14 HORAS Y DE 16:30 A 19:00 HORAS,EXCEPTO CARGA Y DESCARGA;-3.6638958;40.4376032;BRUSELAS, AVENIDA, DE, Nº 45
443746,0900000000;4477030,5000000000;37670;04  SALAMANCA;04-04 GUINDALERA;BRUSELAS, AVENIDA, DE;72;CargayDescarga;Línea;4;16,20;;-3.6633163;40.4420225;BRUSELAS, AVENIDA, DE, Nº 72
443588,7800000000;4475710,1900000000;38420;04  SALAMANCA;04-04 GUINDALERA;CARDENAL BELLUGA, CALLE, DEL;2;CargayDescarga;Batería;3;15,00;;-3.6650539;40.4301178;CARDENAL BELLUGA, CALLE, DEL, Nº 2
443138,3900000000;4476065,1600000000;36314;04  SALAMANCA;04-04 GUINDALERA;CARTAGENA, CALLE, DE;30;CargayDescarga;Línea;1;9,90;;-3.6703952;40.4332849;CARTAGENA, CALLE, DE, Nº 30
443149,5000000000;4476246,4900000000;37223;04  SALAMANCA;04-04 GUINDALERA;CARTAGENA, CALLE, DE;35;CargayDescarga;Línea;2;9,90;;-3.6702804;40.4349191;CARTAGENA, CALLE, DE, Nº 35
443084,0400000000;4476494,0500000000;37375;04  SALAMANCA;04-04 GUINDALERA;CARTAGENA, CALLE, DE;71;CargayDescarga;Línea;3;13,50;;-3.6710743;40.4371448;CARTAGENA, CALLE, DE, Nº 71
442990,6200000000;4476570,4800000000;39951;04  SALAMANCA;04-04 GUINDALERA;CARTAGENA, CALLE, DE;81;CargayDescarga;Línea;3;17,10;LAB. DE 9 A 14 H. Y DE16,30 A 19 H. EXCEPTOCARGA Y DESCARGA;-3.6721826;40.4378269;CARTAGENA, CALLE, DE, Nº 81
443238,4800000000;4476370,7400000000;36907;04  SALAMANCA;04-04 GUINDALERA;CONDE DE VILCHES, CALLE, DEL;12;CargayDescarga;Línea;2;8,10;;-3.6692425;40.4360445;CONDE DE VILCHES, CALLE, DEL, Nº 12
442905,8500000000;4476631,5800000000;43887;04  SALAMANCA;04-04 GUINDALERA;COSLADA, CALLE, DE;21;CargayDescarga;Línea;2;15,40;LABORABLES DE 8 A 20H EXCEPTO CARGA Y DESCARGA EN LÍNEA;-3.6731875;40.4383715;COSLADA, CALLE, DE, Nº 21
442740,2900000000;4476533,4200000000;40603;04  SALAMANCA;04-04 GUINDALERA;COSLADA, CALLE, DE;7;CargayDescarga;Línea;2;12,10;;-3.6751306;40.4374759;COSLADA, CALLE, DE, Nº 7
443356,4100000000;4475659,8300000000;37666;04  SALAMANCA;04-04 GUINDALERA;DOCTOR GOMEZ ULLA, CALLE, DEL;12;CargayDescarga;Línea;6;28,50;;-3.6677888;40.4296483;DOCTOR GOMEZ ULLA, CALLE, DEL, Nº 12
442958,1200000000;4476080,1700000000;38898;04  SALAMANCA;04-04 GUINDALERA;ERASO, CALLE, DE;1;CargayDescarga;Línea;4;20,00;EXCEPTO CARGA Y DESCARGASERVICIO DE HOSPITAL;-3.6725217;40.4334077;ERASO, CALLE, DE, Nº 1
443073,2800000000;4476153,7800000000;38707;04  SALAMANCA;04-04 GUINDALERA;ERASO, CALLE, DE;15;CargayDescarga;Línea;8;41,00;LAB.DE 7 A 14,30 H. EXCEPTO CARGA Y DESCARGA;-3.6711707;40.4340787;ERASO, CALLE, DE, Nº 15
443168,9200000000;4476214,4700000000;37202;04  SALAMANCA;04-04 GUINDALERA;ERASO, CALLE, DE;16;CargayDescarga;Línea;2;8,40;;-3.6700486;40.434632;ERASO, CALLE, DE, Nº 16
443058,4900000000;4476260,2100000000;44161;04  SALAMANCA;04-04 GUINDALERA;FERRER DEL RIO, CALLE, DE;21;CargayDescarga;Línea;2;9,00;;-3.6713546;40.4350365;FERRER DEL RIO, CALLE, DE, Nº 21
442960,7800000000;4476160,3200000000;39905;04  SALAMANCA;04-04 GUINDALERA;FERRER DEL RIO, CALLE, DE;5;CargayDescarga;Línea;3;13,00;;-3.6724976;40.43413;FERRER DEL RIO, CALLE, DE, Nº 5
443139,7300000000;4475805,8100000000;1;04  SALAMANCA;04-04 GUINDALERA;FRANCISCO NAVACERRADA, CALLE, DE;1;CargayDescarga;Línea;1;7,00;;-3.6703562;40.4309486;FRANCISCO NAVACERRADA, CALLE, DE, Nº 1
443387,9600000000;4475841,3200000000;37665;04  SALAMANCA;04-04 GUINDALERA;FRANCISCO NAVACERRADA, CALLE, DE;45;CargayDescarga;Línea;3;15,00;;-3.667433;40.4312854;FRANCISCO NAVACERRADA, CALLE, DE, Nº 45
443507,8800000000;4475858,5500000000;37665;04  SALAMANCA;04-04 GUINDALERA;FRANCISCO NAVACERRADA, CALLE, DE;55;CargayDescarga;Línea;3;15,10;;-3.6660208;40.4314488;FRANCISCO NAVACERRADA, CALLE, DE, Nº 55
443454,4600000000;4476148,1100000000;41911;04  SALAMANCA;04-04 GUINDALERA;FRANCISCO SANTOS, CALLE, DE;11;CargayDescarga;Línea;3;13,00;LAB DE 8A 17 H. EXCEPTO CARGA Y DESCARGA;-3.6666763;40.4340537;FRANCISCO SANTOS, CALLE, DE, Nº 11
442877,7200000000;4476169,9300000000;43252;04  SALAMANCA;04-04 GUINDALERA;JOSE PICON, CALLE, DE;1;CargayDescarga;Línea;2;12,00;LABORABLES DE 8 A 14 H Y DE 16:30 A 19 H. EXCEPTO CARGA Y DESCARGA;-3.6734777;40.4342108;JOSE PICON, CALLE, DE, Nº 1
443445,0400000000;4475883,1000000000;37666;04  SALAMANCA;04-04 GUINDALERA;LONDRES, CALLE, DE;46;CargayDescarga;Línea;3;17,00;;-3.6667638;40.4316657;LONDRES, CALLE, DE, Nº 46
443076,1800000000;4476009,6200000000;1;04  SALAMANCA;04-04 GUINDALERA;MARTINEZ IZQUIERDO, CALLE, DE;9;CargayDescarga;Línea;2;9,90;;-3.6711236;40.4327803;MARTINEZ IZQUIERDO, CALLE, DE, Nº 9
442742,0400000000;4476324,3600000000;1;04  SALAMANCA;04-04 GUINDALERA;MEJICO, CALLE, DE;1;CargayDescarga;Línea;3;14,30;lab. de 9 a 14 h. y de 16,30 a 20 h. excepto: CARGA Y DESCARGA;-3.6750911;40.4355927;MEJICO, CALLE, DE, Nº 1
442864,7700000000;4476449,1000000000;40178;04  SALAMANCA;04-04 GUINDALERA;MEJICO, CALLE, DE;17;CargayDescarga;Línea;2;8,60;;-3.6736554;40.4367248;MEJICO, CALLE, DE, Nº 17
442946,9100000000;4476549,9400000000;37803;04  SALAMANCA;04-04 GUINDALERA;MEJICO, CALLE, DE;43;CargayDescarga;Línea;3;20,20;;-3.6726961;40.4376389;MEJICO, CALLE, DE, Nº 43
443278,4900000000;4475925,5200000000;43025;04  SALAMANCA;04-04 GUINDALERA;TOREROS, AVENIDA, DE LOS;16;CargayDescarga;Línea;3;15,00;LABORABLES DE 8 A 14 HORAS EXCEPTO CARGA Y DESCARGA.;-3.668731;40.4320365;TOREROS, AVENIDA, DE LOS, Nº 16
443474,6100000000;4475953,6500000000;37666;04  SALAMANCA;04-04 GUINDALERA;TOREROS, AVENIDA, DE LOS;45;CargayDescarga;Línea;3;20,80;;-3.6664215;40.4323032;TOREROS, AVENIDA, DE LOS, Nº 45
443544,0100000000;4476292,4900000000;37671;04  SALAMANCA;04-04 GUINDALERA;VILLAFRANCA, CALLE, DE;22;CargayDescarga;Línea;5;23,00;;-3.6656334;40.4353604;VILLAFRANCA, CALLE, DE, Nº 22
443553,2600000000;4476292,3100000000;38133;04  SALAMANCA;04-04 GUINDALERA;VILLAFRANCA, CALLE, DE;22;CargayDescarga;Línea;3;19,00;;-3.6655244;40.4353594;VILLAFRANCA, CALLE, DE, Nº 22
442846,5500000000;4475614,7300000000;1;04  SALAMANCA;04-05 LISTA;ALCANTARA, CALLE, DE;36;CargayDescarga;Línea;2;11,96;;-3.6737952;40.4292072;ALCANTARA, CALLE, DE, Nº 36
442868,8700000000;4475799,0400000000;36679;04  SALAMANCA;04-05 LISTA;ALCANTARA, CALLE, DE;56;CargayDescarga;Línea;3;17,70;;-3.6735487;40.4308691;ALCANTARA, CALLE, DE, Nº 56
442871,6800000000;4475843,6900000000;36560;04  SALAMANCA;04-05 LISTA;ALCANTARA, CALLE, DE;60;CargayDescarga;Línea;3;15,10;;-3.6735195;40.4312715;ALCANTARA, CALLE, DE, Nº 60
442878,1700000000;4475929,3700000000;1;04  SALAMANCA;04-05 LISTA;ALCANTARA, CALLE, DE;72;CargayDescarga;Línea;3;15,70;;-3.6734507;40.4320438;ALCANTARA, CALLE, DE, Nº 72
442540,4700000000;4476212,6600000000;36374;04  SALAMANCA;04-05 LISTA;DIEGO DE LEON, CALLE, DE;56;CargayDescarga;Línea;3;15,00;lab. de 9 a 14 h. y de 16,30 a 20 h. excepto: CARGA Y DESCARGA;-3.6774575;40.4345725;DIEGO DE LEON, CALLE, DE, Nº 56
442651,7100000000;4476224,1900000000;36374;04  SALAMANCA;04-05 LISTA;DIEGO DE LEON, CALLE, DE;59;CargayDescarga;Línea;3;14,20;;-3.6761471;40.4346841;DIEGO DE LEON, CALLE, DE, Nº 59
443096,3500000000;4475536,0900000000;37693;04  SALAMANCA;04-05 LISTA;DON RAMON DE LA CRUZ, CALLE, DE;109;CargayDescarga;Línea;3;14,96;;-3.6708434;40.4285159;DON RAMON DE LA CRUZ, CALLE, DE, Nº 109
443202,5900000000;4475528,4500000000;39067;04  SALAMANCA;04-05 LISTA;DON RAMON DE LA CRUZ, CALLE, DE;117;CargayDescarga;Línea;2;9,60;;-3.6695903;40.4284543;DON RAMON DE LA CRUZ, CALLE, DE, Nº 117
442562,4200000000;4475574,1700000000;36910;04  SALAMANCA;04-05 LISTA;DON RAMON DE LA CRUZ, CALLE, DE;67;CargayDescarga;Línea;3;15,30;;-3.677141;40.4288222;DON RAMON DE LA CRUZ, CALLE, DE, Nº 67
442600,1400000000;4475571,3300000000;36910;04  SALAMANCA;04-05 LISTA;DON RAMON DE LA CRUZ, CALLE, DE;69;CargayDescarga;Línea;3;15,21;;-3.6766961;40.4287992;DON RAMON DE LA CRUZ, CALLE, DE, Nº 69
442736,6700000000;4475561,6100000000;1;04  SALAMANCA;04-05 LISTA;DON RAMON DE LA CRUZ, CALLE, DE;81;CargayDescarga;Línea;3;14,30;;-3.6750857;40.4287211;DON RAMON DE LA CRUZ, CALLE, DE, Nº 81
442867,1400000000;4475551,9200000000;38231;04  SALAMANCA;04-05 LISTA;DON RAMON DE LA CRUZ, CALLE, DE;91;CargayDescarga;Línea;3;15,00;;-3.6735468;40.4286428;DON RAMON DE LA CRUZ, CALLE, DE, Nº 91
442579,0400000000;4475590,6500000000;36600;04  SALAMANCA;04-05 LISTA;GENERAL DIAZ PORLIER, CALLE, DEL;45;CargayDescarga;Línea;3;15,00;;-3.6769466;40.4289718;GENERAL DIAZ PORLIER, CALLE, DEL, Nº 45
442588,5100000000;4475722,1900000000;41205;04  SALAMANCA;04-05 LISTA;GENERAL DIAZ PORLIER, CALLE, DEL;55;CargayDescarga;Línea;3;15,00;LAB. DE 8 A 14 H Y DE 16.30 A 19 H. EXCEPTO: CARGA Y DESCARGA;-3.6768468;40.4301574;GENERAL DIAZ PORLIER, CALLE, DEL, Nº 55
442595,2000000000;4475818,5400000000;35685;04  SALAMANCA;04-05 LISTA;GENERAL DIAZ PORLIER, CALLE, DEL;65;CargayDescarga;Línea;3;17,00;;-3.6767766;40.4310259;GENERAL DIAZ PORLIER, CALLE, DEL, Nº 65
442598,9100000000;4475864,4100000000;37601;04  SALAMANCA;04-05 LISTA;GENERAL DIAZ PORLIER, CALLE, DEL;67;CargayDescarga;Línea;3;17,05;;-3.676737;40.4314394;GENERAL DIAZ PORLIER, CALLE, DEL, Nº 67
442622,3100000000;4476078,8000000000;36088;04  SALAMANCA;04-05 LISTA;GENERAL DIAZ PORLIER, CALLE, DEL;80 B;CargayDescarga;Batería;5;16,63;;-3.6764805;40.4333723;GENERAL DIAZ PORLIER, CALLE, DEL, Nº 80 B
442625,9100000000;4476130,2600000000;36703;04  SALAMANCA;04-05 LISTA;GENERAL DIAZ PORLIER, CALLE, DEL;93;CargayDescarga;Línea;2;12,90;LAB. DE 7,30 A 12,30 EXCEPTOCARGA Y DESCARGA EN LINEA;-3.6764427;40.4338361;GENERAL DIAZ PORLIER, CALLE, DEL, Nº 93
442624,8300000000;4476242,2200000000;38643;04  SALAMANCA;04-05 LISTA;GENERAL DIAZ PORLIER, CALLE, DEL;99;CargayDescarga;Línea;3;15,00;;-3.6764656;40.4348446;GENERAL DIAZ PORLIER, CALLE, DEL, Nº 99
442616,8100000000;4476344,7600000000;37692;04  SALAMANCA;04-05 LISTA;GENERAL ORAA, CALLE, DEL;84;CargayDescarga;Batería;6;15,05;;-3.6765694;40.4357678;GENERAL ORAA, CALLE, DEL, Nº 84
442532,1600000000;4476492,2100000000;38441;04  SALAMANCA;04-05 LISTA;GENERAL PARDIÑAS, CALLE, DEL;105;CargayDescarga;Línea;3;12,80;Laborables de 8 a 17;-3.6775807;40.4370903;GENERAL PARDIÑAS, CALLE, DEL, Nº 105
442520,2400000000;4476336,0800000000;36651;04  SALAMANCA;04-05 LISTA;GENERAL PARDIÑAS, CALLE, DEL;108;CargayDescarga;Línea;3;16,17;;-3.6777071;40.435683;GENERAL PARDIÑAS, CALLE, DEL, Nº 108
442458,4100000000;4475601,7400000000;36600;04  SALAMANCA;04-05 LISTA;GENERAL PARDIÑAS, CALLE, DEL;41;CargayDescarga;Batería;6;12,00;;-3.6783696;40.4290634;GENERAL PARDIÑAS, CALLE, DEL, Nº 41
442473,2800000000;4475682,7900000000;1;04  SALAMANCA;04-05 LISTA;GENERAL PARDIÑAS, CALLE, DEL;66;CargayDescarga;Línea;4;16,60;;-3.6782016;40.4297946;GENERAL PARDIÑAS, CALLE, DEL, Nº 66
442479,8500000000;4475778,7700000000;38357;04  SALAMANCA;04-05 LISTA;GENERAL PARDIÑAS, CALLE, DEL;72;CargayDescarga;Línea;2;12,09;;-3.6781329;40.4306596;GENERAL PARDIÑAS, CALLE, DEL, Nº 72
442486,1500000000;4475867,6500000000;36776;04  SALAMANCA;04-05 LISTA;GENERAL PARDIÑAS, CALLE, DEL;80;CargayDescarga;Línea;1;8,40;;-3.6780666;40.4314608;GENERAL PARDIÑAS, CALLE, DEL, Nº 80
442488,2700000000;4476020,4700000000;36775;04  SALAMANCA;04-05 LISTA;GENERAL PARDIÑAS, CALLE, DEL;90;CargayDescarga;Batería;6;14,25;;-3.6780555;40.4328376;GENERAL PARDIÑAS, CALLE, DEL, Nº 90
442514,2200000000;4476377,0400000000;37690;04  SALAMANCA;04-05 LISTA;GENERAL PARDIÑAS, CALLE, DEL;93;CargayDescarga;Batería;6;14,90;;-3.6777818;40.4360515;GENERAL PARDIÑAS, CALLE, DEL, Nº 93
442505,4200000000;4476127,5500000000;1;04  SALAMANCA;04-05 LISTA;GENERAL PARDIÑAS, CALLE, DEL;94;CargayDescarga;Línea;3;16,20;;-3.677863;40.4338034;GENERAL PARDIÑAS, CALLE, DEL, Nº 94
442805,6800000000;4475693,2400000000;38117;04  SALAMANCA;04-05 LISTA;JOSE ORTEGA Y GASSET, CALLE, DE;63;CargayDescarga;Línea;3;15,04;;-3.6742841;40.4299116;JOSE ORTEGA Y GASSET, CALLE, DE, Nº 63
442764,2000000000;4475681,3200000000;36914;04  SALAMANCA;04-05 LISTA;JOSE ORTEGA Y GASSET, CALLE, DE;66;CargayDescarga;Línea;3;14,90;LAB DE 8 A 17 H EXCEPTO CARGA Y DESCARGA;-3.674772;40.4298014;JOSE ORTEGA Y GASSET, CALLE, DE, Nº 66
442875,5400000000;4475688,1000000000;43752;04  SALAMANCA;04-05 LISTA;JOSE ORTEGA Y GASSET, CALLE, DE;69;CargayDescarga;Línea;2;13,40;LAB. DE LUNES A SABADO DE 8 A 14.30 H. EXCEPTO CARGA Y DESCARGA;-3.6734601;40.4298701;JOSE ORTEGA Y GASSET, CALLE, DE, Nº 69
443028,0500000000;4475677,3200000000;42090;04  SALAMANCA;04-05 LISTA;JOSE ORTEGA Y GASSET, CALLE, DE;85;CargayDescarga;Línea;2;14,00;LAB DE 9 A 17 H. EXCEPTO CARGA Y ESCARGA;-3.6716612;40.4297835;JOSE ORTEGA Y GASSET, CALLE, DE, Nº 85
442392,4300000000;4475983,9200000000;39218;04  SALAMANCA;04-05 LISTA;JUAN BRAVO, CALLE, DE;32;CargayDescarga;Línea;3;16,00;;-3.679182;40.4325017;JUAN BRAVO, CALLE, DE, Nº 32
442471,0500000000;4476004,3100000000;38330;04  SALAMANCA;04-05 LISTA;JUAN BRAVO, CALLE, DE;37;CargayDescarga;Línea;3;15,00;;-3.678257;40.4326908;JUAN BRAVO, CALLE, DE, Nº 37
442540,2100000000;4475973,3800000000;36914;04  SALAMANCA;04-05 LISTA;JUAN BRAVO, CALLE, DE;42;CargayDescarga;Línea;3;14,40;;-3.6774389;40.432417;JUAN BRAVO, CALLE, DE, Nº 42
442713,2000000000;4475986,8200000000;36677;04  SALAMANCA;04-05 LISTA;JUAN BRAVO, CALLE, DE;53;CargayDescarga;Línea;3;15,26;;-3.6754007;40.43255;JUAN BRAVO, CALLE, DE, Nº 53
442766,8200000000;4475983,4300000000;37018;04  SALAMANCA;04-05 LISTA;JUAN BRAVO, CALLE, DE;55;CargayDescarga;Línea;3;14,00;;-3.6747683;40.4325231;JUAN BRAVO, CALLE, DE, Nº 55
442828,0000000000;4475952,6200000000;40469;04  SALAMANCA;04-05 LISTA;JUAN BRAVO, CALLE, DE;60;CargayDescarga;Línea;3;15,08;;-3.6740443;40.4322498;JUAN BRAVO, CALLE, DE, Nº 60
442717,2300000000;4476086,8600000000;1;04  SALAMANCA;04-05 LISTA;MALDONADO, CALLE, DE;54;CargayDescarga;Línea;4;19,70;;-3.6753622;40.4334515;MALDONADO, CALLE, DE, Nº 54
442481,4100000000;4476113,7800000000;36208;04  SALAMANCA;04-05 LISTA;MALDONADO, CALLE, DE;55;CargayDescarga;Línea;3;13,26;;-3.6781448;40.4336777;MALDONADO, CALLE, DE, Nº 55
442521,7000000000;4476110,4600000000;38341;04  SALAMANCA;04-05 LISTA;MALDONADO, CALLE, DE;59;CargayDescarga;Línea;3;14,99;;-3.6776695;40.4336506;MALDONADO, CALLE, DE, Nº 59
442596,1100000000;4476105,0200000000;40835;04  SALAMANCA;04-05 LISTA;MALDONADO, CALLE, DE;65;CargayDescarga;Línea;3;15,00;;-3.6767918;40.4336067;MALDONADO, CALLE, DE, Nº 65
442828,1700000000;4476088,0800000000;36643;04  SALAMANCA;04-05 LISTA;MALDONADO, CALLE, DE;79;CargayDescarga;Línea;6;30,40;;-3.6740545;40.4334701;MALDONADO, CALLE, DE, Nº 79
442970,6800000000;4475558,2700000000;38035;04  SALAMANCA;04-05 LISTA;MONTESA, CALLE, DE;23;CargayDescarga;Línea;2;11,00;;-3.6723268;40.4287071;MONTESA, CALLE, DE, Nº 23
442977,1300000000;4475650,6800000000;36914;04  SALAMANCA;04-05 LISTA;MONTESA, CALLE, DE;33;CargayDescarga;Línea;3;15,00;;-3.6722591;40.42954;MONTESA, CALLE, DE, Nº 33
442501,2900000000;4475852,6700000000;36776;04  SALAMANCA;04-05 LISTA;PADILLA, CALLE, DE;33;CargayDescarga;Línea;3;14,33;;-3.6778868;40.4313269;PADILLA, CALLE, DE, Nº 33
442704,8200000000;4475837,9700000000;1;04  SALAMANCA;04-05 LISTA;PADILLA, CALLE, DE;47;CargayDescarga;Línea;2;10,90;;-3.6754861;40.4312085;PADILLA, CALLE, DE, Nº 47
442754,9100000000;4475825,0700000000;36097;04  SALAMANCA;04-05 LISTA;PADILLA, CALLE, DE;49;CargayDescarga;Línea;3;13,30;;-3.6748944;40.4310957;PADILLA, CALLE, DE, Nº 49
442844,0200000000;4475818,3500000000;36560;04  SALAMANCA;04-05 LISTA;PADILLA, CALLE, DE;74;CargayDescarga;Línea;3;15,10;;-3.6738433;40.4310413;PADILLA, CALLE, DE, Nº 74
442886,9200000000;4475815,2200000000;36679;04  SALAMANCA;04-05 LISTA;PADILLA, CALLE, DE;76;CargayDescarga;Línea;2;11,70;;-3.6733373;40.4310161;PADILLA, CALLE, DE, Nº 76
443031,5700000000;4475804,8900000000;42754;04  SALAMANCA;04-05 LISTA;PADILLA, CALLE, DE;88;CargayDescarga;Línea;4;18,70;;-3.6716311;40.4309329;PADILLA, CALLE, DE, Nº 88
441625,5800000000;4475933,4800000000;35741;04  SALAMANCA;04-06 CASTELLANA;CASTELLANA, PASEO, DE LA;32;CargayDescarga;Línea;7;36,60;;-3.6882178;40.4319938;CASTELLANA, PASEO, DE LA, Nº 32
441645,5600000000;4476082,6600000000;37056;04  SALAMANCA;04-06 CASTELLANA;CASTELLANA, PASEO, DE LA;42;CargayDescarga;Línea;3;15,60;;-3.687996;40.4333391;CASTELLANA, PASEO, DE LA, Nº 42
442267,0800000000;4476218,7900000000;38322;04  SALAMANCA;04-06 CASTELLANA;CASTELLO, CALLE, DE;102;CargayDescarga;Batería;6;15,00;;-3.6806811;40.4346088;CASTELLO, CALLE, DE, Nº 102
442270,4500000000;4476267,7600000000;38322;04  SALAMANCA;04-06 CASTELLANA;CASTELLO, CALLE, DE;104;CargayDescarga;Batería;6;13,88;;-3.6806458;40.4350502;CASTELLO, CALLE, DE, Nº 104
442275,9100000000;4476353,0700000000;36089;04  SALAMANCA;04-06 CASTELLANA;CASTELLO, CALLE, DE;112;CargayDescarga;Línea;3;14,54;LAB. DE 9 A 14 H. Y DE 16,30 A 19 H. EXCEPTO CARGA Y DESCARGA EN LINEA;-3.6805892;40.4358191;CASTELLO, CALLE, DE, Nº 112
442281,6100000000;4476433,0700000000;37673;04  SALAMANCA;04-06 CASTELLANA;CASTELLO, CALLE, DE;118;CargayDescarga;Batería;7;18,00;;-3.6805293;40.4365402;CASTELLO, CALLE, DE, Nº 118
442287,5800000000;4476513,2000000000;38078;04  SALAMANCA;04-06 CASTELLANA;CASTELLO, CALLE, DE;124;CargayDescarga;Línea;3;15,00;;-3.6804662;40.4372624;CASTELLO, CALLE, DE, Nº 124
442219,0800000000;4475670,8700000000;1;04  SALAMANCA;04-06 CASTELLANA;CASTELLO, CALLE, DE;73;CargayDescarga;Línea;2;11,60;;-3.6811972;40.4296696;CASTELLO, CALLE, DE, Nº 73
442239,4300000000;4475949,3500000000;1;04  SALAMANCA;04-06 CASTELLANA;CASTELLO, CALLE, DE;83;CargayDescarga;Línea;3;16,50;LAB. DE 9 A 12 H.EXCEPTO CARGA Y DESCARGA;-3.6809826;40.4321797;CASTELLO, CALLE, DE, Nº 83
442259,7200000000;4476108,4800000000;1;04  SALAMANCA;04-06 CASTELLANA;CASTELLO, CALLE, DE;88;CargayDescarga;Batería;3;8,60;;-3.6807579;40.4336146;CASTELLO, CALLE, DE, Nº 88
442253,1700000000;4476144,1700000000;36728;04  SALAMANCA;04-06 CASTELLANA;CASTELLO, CALLE, DE;99;CargayDescarga;Línea;3;14,50;;-3.6808383;40.4339356;CASTELLO, CALLE, DE, Nº 99
441832,7000000000;4475875,7900000000;37908;04  SALAMANCA;04-06 CASTELLANA;CLAUDIO COELLO, CALLE, DE;101;CargayDescarga;Línea;3;16,00;;-3.6857708;40.4314886;CLAUDIO COELLO, CALLE, DE, Nº 101
441853,9100000000;4476172,8400000000;41211;04  SALAMANCA;04-06 CASTELLANA;CLAUDIO COELLO, CALLE, DE;102;CargayDescarga;Línea;3;15,00;;-3.6855479;40.4341661;CLAUDIO COELLO, CALLE, DE, Nº 102
441878,0700000000;4476385,1600000000;35045;04  SALAMANCA;04-06 CASTELLANA;CLAUDIO COELLO, CALLE, DE;114;CargayDescarga;Línea;3;15,00;;-3.6852825;40.4360805;CLAUDIO COELLO, CALLE, DE, Nº 114
441820,0600000000;4475725,3500000000;41211;04  SALAMANCA;04-06 CASTELLANA;CLAUDIO COELLO, CALLE, DE;89;CargayDescarga;Línea;4;21,00;;-3.685906;40.4301325;CLAUDIO COELLO, CALLE, DE, Nº 89
442108,4100000000;4476243,4000000000;37685;04  SALAMANCA;04-06 CASTELLANA;DIEGO DE LEON, CALLE, DE;24;CargayDescarga;Línea;4;22,61;;-3.682554;40.4348195;DIEGO DE LEON, CALLE, DE, Nº 24
441878,8300000000;4475623,6500000000;38322;04  SALAMANCA;04-06 CASTELLANA;DON RAMON DE LA CRUZ, CALLE, DE;13;CargayDescarga;Línea;3;15,00;;-3.6852039;40.4292205;DON RAMON DE LA CRUZ, CALLE, DE, Nº 13
442024,7000000000;4475612,9300000000;37810;04  SALAMANCA;04-06 CASTELLANA;DON RAMON DE LA CRUZ, CALLE, DE;21;CargayDescarga;Línea;3;15,00;;-3.6834834;40.4291341;DON RAMON DE LA CRUZ, CALLE, DE, Nº 21
442131,1900000000;4475605,1600000000;37749;04  SALAMANCA;04-06 CASTELLANA;DON RAMON DE LA CRUZ, CALLE, DE;29;CargayDescarga;Línea;3;13,10;;-3.6822273;40.4290715;DON RAMON DE LA CRUZ, CALLE, DE, Nº 29
442304,3100000000;4475592,9100000000;37720;04  SALAMANCA;04-06 CASTELLANA;DON RAMON DE LA CRUZ, CALLE, DE;43;CargayDescarga;Línea;3;13,00;;-3.6801854;40.4289732;DON RAMON DE LA CRUZ, CALLE, DE, Nº 43
441908,9300000000;4476406,8900000000;38002;04  SALAMANCA;04-06 CASTELLANA;GENERAL ORAA, CALLE, DEL;21;CargayDescarga;Línea;3;19,78;;-3.6849207;40.4362784;GENERAL ORAA, CALLE, DEL, Nº 21
441940,7000000000;4476395,3100000000;36816;04  SALAMANCA;04-06 CASTELLANA;GENERAL ORAA, CALLE, DEL;22;CargayDescarga;Batería;6;15,00;;-3.6845451;40.4361763;GENERAL ORAA, CALLE, DEL, Nº 22
441987,6300000000;4476401,3000000000;40998;04  SALAMANCA;04-06 CASTELLANA;GENERAL ORAA, CALLE, DEL;27;CargayDescarga;Línea;3;15,30;;-3.6839923;40.4362335;GENERAL ORAA, CALLE, DEL, Nº 27
442080,2100000000;4476394,6800000000;36635;04  SALAMANCA;04-06 CASTELLANA;GENERAL ORAA, CALLE, DEL;33;CargayDescarga;Línea;2;10,30;;-3.6829002;40.4361803;GENERAL ORAA, CALLE, DEL, Nº 33
442293,0800000000;4476378,5200000000;37673;04  SALAMANCA;04-06 CASTELLANA;GENERAL ORAA, CALLE, DEL;47;CargayDescarga;Línea;3;15,10;;-3.6803891;40.4360495;GENERAL ORAA, CALLE, DEL, Nº 47
442252,4800000000;4476372,4800000000;37685;04  SALAMANCA;04-06 CASTELLANA;GENERAL ORAA, CALLE, DEL;48;CargayDescarga;Línea;3;15,00;;-3.6808672;40.4359923;GENERAL ORAA, CALLE, DEL, Nº 48
442359,9800000000;4476373,4300000000;38643;04  SALAMANCA;04-06 CASTELLANA;GENERAL ORAA, CALLE, DEL;51;CargayDescarga;Línea;3;15,00;;-3.6795999;40.4360083;GENERAL ORAA, CALLE, DEL, Nº 51
442335,7000000000;4476014,1300000000;43029;04  SALAMANCA;04-06 CASTELLANA;JUAN BRAVO, CALLE, DE;27;CargayDescarga;Línea;3;14,90;LABORABLES DE 8 A 14 HORAS EXCEPTO CARGA Y DESCARGA;-3.6798536;40.4327699;JUAN BRAVO, CALLE, DE, Nº 27
441944,2900000000;4476127,8000000000;1;04  SALAMANCA;04-06 CASTELLANA;LAGASCA, CALLE, DE;106;CargayDescarga;Línea;3;15,03;;-3.6844783;40.4337667;LAGASCA, CALLE, DE, Nº 106
441947,6500000000;4476290,7800000000;36601;04  SALAMANCA;04-06 CASTELLANA;LAGASCA, CALLE, DE;111;CargayDescarga;Línea;4;14,50;;-3.6844536;40.4352351;LAGASCA, CALLE, DE, Nº 111
441957,1300000000;4476417,3500000000;36088;04  SALAMANCA;04-06 CASTELLANA;LAGASCA, CALLE, DE;121;CargayDescarga;Batería;6;14,90;;-3.6843534;40.436376;LAGASCA, CALLE, DE, Nº 121
441963,1800000000;4476379,7900000000;36243;04  SALAMANCA;04-06 CASTELLANA;LAGASCA, CALLE, DE;128;CargayDescarga;Línea;3;14,90;;-3.6842786;40.436038;LAGASCA, CALLE, DE, Nº 128
441929,6400000000;4475908,8800000000;38020;04  SALAMANCA;04-06 CASTELLANA;LAGASCA, CALLE, DE;87;CargayDescarga;Línea;2;15,13;;-3.684631;40.4317935;LAGASCA, CALLE, DE, Nº 87
441926,9200000000;4475869,5800000000;35209;04  SALAMANCA;04-06 CASTELLANA;LAGASCA, CALLE, DE;96;CargayDescarga;Línea;3;15,20;;-3.6846595;40.4314393;LAGASCA, CALLE, DE, Nº 96
441916,2100000000;4475724,0000000000;38322;04  SALAMANCA;04-06 CASTELLANA;LAGASCA, CALLE, DE;Fte 75;CargayDescarga;Línea;3;15,00;;-3.6847724;40.4301271;LAGASCA, CALLE, DE, Nº Fte 75
441672,5700000000;4476471,3800000000;40446;04  SALAMANCA;04-06 CASTELLANA;LOPEZ DE HOYOS, CALLE, DE;3;CargayDescarga;Línea;3;15,30;LABORABLES DE LUNES A VIERNES DE 8 A 20 HSABADOS DE 8 A 15 HEXCEPTO: CARGA Y DESCARGA, ;-3.6877132;40.4368428;LOPEZ DE HOYOS, CALLE, DE, Nº 3
442080,3700000000;4476142,2000000000;35040;04  SALAMANCA;04-06 CASTELLANA;MALDONADO, CALLE, DE;19;CargayDescarga;Línea;3;20,00;;-3.6828753;40.4339059;MALDONADO, CALLE, DE, Nº 19
442167,2900000000;4476136,8600000000;37670;04  SALAMANCA;04-06 CASTELLANA;MALDONADO, CALLE, DE;27;CargayDescarga;Línea;3;15,00;;-3.6818501;40.4338638;MALDONADO, CALLE, DE, Nº 27
441825,8300000000;4476150,9200000000;40446;04  SALAMANCA;04-06 CASTELLANA;MALDONADO, CALLE, DE;4;CargayDescarga;Línea;3;15,18;;-3.685877;40.4339667;MALDONADO, CALLE, DE, Nº 4
442297,1300000000;4476118,2300000000;44042;04  SALAMANCA;04-06 CASTELLANA;MALDONADO, CALLE, DE;43;CargayDescarga;Batería;2;10,90;LAB DE 8 A 11 H. EXCEPTO CARGA Y DESCARGA SERVICIOS COLEGIOS EN LINEA;-3.6803177;40.433705;MALDONADO, CALLE, DE, Nº 43
441886,3900000000;4476146,7100000000;40894;04  SALAMANCA;04-06 CASTELLANA;MALDONADO, CALLE, DE;6;CargayDescarga;Línea;2;9,10;;-3.6851626;40.433933;MALDONADO, CALLE, DE, Nº 6
441610,6600000000;4475642,6400000000;40446;04  SALAMANCA;04-06 CASTELLANA;MARQUES DE VILLAMAGNA, CALLE, DEL;4;CargayDescarga;Línea;4;18,00;LABORABLES DE LUNES A VIERNES DE 8 A 20 H.SABADOS DE 8 A 15 H.EXCEPTO: CARGA Y DESCARGA;-3.688367;40.4293728;MARQUES DE VILLAMAGNA, CALLE, DEL, Nº 4
441673,6700000000;4475638,2100000000;40446;04  SALAMANCA;04-06 CASTELLANA;MARQUES DE VILLAMAGNA, CALLE, DEL;Fte 10;CargayDescarga;Línea;4;18,70;LABORABLES DE LUNES A VIERNES DE 8 A 20 H.SABADOS DE 8 A 15 H.EXCEPTO: CARGA Y DESCARGA;-3.6876238;40.4293373;MARQUES DE VILLAMAGNA, CALLE, DEL, Nº Fte 10
442159,3400000000;4476225,9500000000;37686;04  SALAMANCA;04-06 CASTELLANA;NUÑEZ DE BALBOA, CALLE, DE;100;CargayDescarga;Línea;3;15,00;;-3.681952;40.4346658;NUÑEZ DE BALBOA, CALLE, DE, Nº 100
442153,5900000000;4476276,8800000000;37685;04  SALAMANCA;04-06 CASTELLANA;NUÑEZ DE BALBOA, CALLE, DE;102;CargayDescarga;Batería;6;15,00;;-3.6820244;40.4351242;NUÑEZ DE BALBOA, CALLE, DE, Nº 102
442127,4900000000;4475763,1900000000;41936;04  SALAMANCA;04-06 CASTELLANA;NUÑEZ DE BALBOA, CALLE, DE;70;CargayDescarga;Batería;3;12,00;Lab de 8a 17 h Excepto Carga y Descarga;-3.6822853;40.4304948;NUÑEZ DE BALBOA, CALLE, DE, Nº 70
441857,5200000000;4475889,6100000000;35213;04  SALAMANCA;04-06 CASTELLANA;PADILLA, CALLE, DE;10;CargayDescarga;Línea;3;14,96;;-3.6854795;40.4316149;PADILLA, CALLE, DE, Nº 10
442165,6900000000;4475866,9100000000;43704;04  SALAMANCA;04-06 CASTELLANA;PADILLA, CALLE, DE;19;CargayDescarga;Línea;4;20,20;;-3.6818444;40.4314319;PADILLA, CALLE, DE, Nº 19
441774,5500000000;4475895,5400000000;40446;04  SALAMANCA;04-06 CASTELLANA;PADILLA, CALLE, DE;2;CargayDescarga;Línea;3;15,00;LABORABLES DE LUNES A VIERNES DE 8 A 20 H.SABADOS DE 8 A 15 H.EXCEPTO: CARGA Y DESCARGA;-3.6864581;40.4316625;PADILLA, CALLE, DE, Nº 2
442059,9100000000;4475874,1300000000;38323;04  SALAMANCA;04-06 CASTELLANA;PADILLA, CALLE, DE;26;CargayDescarga;Línea;3;14,86;LABORABLES DE 8 A 14 H.EXCEPTO CARGA Y DESCARGA;-3.6830921;40.4314895;PADILLA, CALLE, DE, Nº 26
441644,1600000000;4476563,2800000000;1;04  SALAMANCA;04-06 CASTELLANA;PINAR, CALLE, DEL;10;CargayDescarga;Línea;5;11,55;lab. de 9 a 20 h.excepto: CARGA Y DESCARGA;-3.6880566;40.4376687;PINAR, CALLE, DEL, Nº 10
442050,2000000000;4476209,7200000000;36600;04  SALAMANCA;04-06 CASTELLANA;VELAZQUEZ, CALLE, DE;102;CargayDescarga;Línea;2;11,40;;-3.6832372;40.434512;VELAZQUEZ, CALLE, DE, Nº 102
442055,6800000000;4476287,3400000000;1;04  SALAMANCA;04-06 CASTELLANA;VELAZQUEZ, CALLE, DE;106;CargayDescarga;Línea;3;15,00;;-3.6831797;40.4352116;VELAZQUEZ, CALLE, DE, Nº 106
442067,0100000000;4476422,5400000000;1;04  SALAMANCA;04-06 CASTELLANA;VELAZQUEZ, CALLE, DE;120;CargayDescarga;Línea;2;10,00;;-3.6830584;40.4364304;VELAZQUEZ, CALLE, DE, Nº 120
442070,0000000000;4476462,7900000000;37764;04  SALAMANCA;04-06 CASTELLANA;VELAZQUEZ, CALLE, DE;124;CargayDescarga;Línea;1;9,05;;-3.6830268;40.4367932;VELAZQUEZ, CALLE, DE, Nº 124
442073,8500000000;4476516,6100000000;37872;04  SALAMANCA;04-06 CASTELLANA;VELAZQUEZ, CALLE, DE;128;CargayDescarga;Línea;2;9,51;;-3.6829863;40.4372783;VELAZQUEZ, CALLE, DE, Nº 128
442018,9800000000;4476050,5400000000;42129;04  SALAMANCA;04-06 CASTELLANA;VELAZQUEZ, CALLE, DE;81;CargayDescarga;Línea;3;15,00;LAB DE 8 A 14 Y DE 16.30 A 19 H EXCEPTO CARGA Y DESCARGA;-3.6835907;40.4330759;VELAZQUEZ, CALLE, DE, Nº 81
442018,6600000000;4475771,1100000000;38322;04  SALAMANCA;04-06 CASTELLANA;VELAZQUEZ, CALLE, DE;84;CargayDescarga;Línea;3;15,00;;-3.683569;40.4305586;VELAZQUEZ, CALLE, DE, Nº 84
442034,8500000000;4475990,9900000000;37650;04  SALAMANCA;04-06 CASTELLANA;VELAZQUEZ, CALLE, DE;90;CargayDescarga;Línea;3;15,77;;-3.6833982;40.4325405;VELAZQUEZ, CALLE, DE, Nº 90
442039,5700000000;4476058,1400000000;1;04  SALAMANCA;04-06 CASTELLANA;VELAZQUEZ, CALLE, DE;94;CargayDescarga;Línea;3;16,20;lab. de 9 a 20 h.excepto: CARGA Y DESCARGA;-3.6833487;40.4331458;VELAZQUEZ, CALLE, DE, Nº 94
442035,9900000000;4476290,7700000000;37679;04  SALAMANCA;04-06 CASTELLANA;VELAZQUEZ, CALLE, DE;97;CargayDescarga;Línea;3;16,00;;-3.6834121;40.4352412;VELAZQUEZ, CALLE, DE, Nº 97
442281,9300000000;4476565,1900000000;39799;05  CHAMARTÍN;05-01 EL VISO;CASTELLO, CALLE, DE;119;CargayDescarga;Línea;2;8,00;;-3.6805375;40.4377304;CASTELLO, CALLE, DE, Nº 119
441597,8000000000;4478141,1400000000;39293;05  CHAMARTÍN;05-01 EL VISO;CONCHA ESPINA, AVENIDA, DE;6;CargayDescarga;Línea;3;15,00;;-3.6887482;40.4518795;CONCHA ESPINA, AVENIDA, DE, Nº 6
442276,5800000000;4477148,5800000000;1;05  CHAMARTÍN;05-01 EL VISO;GABRIEL LOBO, CALLE, DE;11;CargayDescarga;Línea;2;12,90;LABORABLES DE 9 A 20 HORASEXCEPTO CARGA Y DESCARGA;-3.6806536;40.4429855;GABRIEL LOBO, CALLE, DE, Nº 11
442237,3100000000;4477119,5200000000;38511;05  CHAMARTÍN;05-01 EL VISO;GABRIEL LOBO, CALLE, DE;7;CargayDescarga;Línea;3;16,10;DE 9 A 14 H. Y DE 16.30 A 20 H.EXCEPTO CARGA Y DESCARGA;-3.681114;40.442721;GABRIEL LOBO, CALLE, DE, Nº 7
441763,8600000000;4477165,2400000000;38449;05  CHAMARTÍN;05-01 EL VISO;JORGE MANRIQUE, CALLE, DE;27;CargayDescarga;Línea;3;15,04;;-3.6867005;40.4430998;JORGE MANRIQUE, CALLE, DE, Nº 27
441903,3200000000;4477152,1300000000;38449;05  CHAMARTÍN;05-01 EL VISO;JUAN DE LA CIERVA, CALLE, DE;3;CargayDescarga;Línea;3;15,00;;-3.685055;40.4429915;JUAN DE LA CIERVA, CALLE, DE, Nº 3
441487,1700000000;4477693,4800000000;36669;05  CHAMARTÍN;05-01 EL VISO;LA HABANA, PASEO, DE;10;CargayDescarga;Línea;2;8,00;;-3.6900116;40.447839;LA HABANA, PASEO, DE, Nº 10
441551,3000000000;4477790,3100000000;1;05  CHAMARTÍN;05-01 EL VISO;LA HABANA, PASEO, DE;22;CargayDescarga;Línea;3;13,40;;-3.6892643;40.4487158;LA HABANA, PASEO, DE, Nº 22
442135,5400000000;4476779,2600000000;42746;05  CHAMARTÍN;05-01 EL VISO;LOPEZ DE HOYOS, CALLE, DE;25;CargayDescarga;Línea;4;20,10;LAB DE 8 A 14 H. EXCEPTO CARGA Y DESCARGA;-3.6822829;40.4396487;LOPEZ DE HOYOS, CALLE, DE, Nº 25
442313,4900000000;4476865,2700000000;36804;05  CHAMARTÍN;05-01 EL VISO;LOPEZ DE HOYOS, GLORIETA, DE;8;CargayDescarga;Línea;3;15,00;;-3.6801927;40.4404358;LOPEZ DE HOYOS, GLORIETA, DE, Nº 8
441609,2800000000;4477950,2000000000;36613;05  CHAMARTÍN;05-01 EL VISO;MARCELIANO SANTA MARIA, CALLE, DE;2;CargayDescarga;Línea;3;10,79;;-3.6885953;40.4501602;MARCELIANO SANTA MARIA, CALLE, DE, Nº 2
442324,5500000000;4476932,6700000000;42821;05  CHAMARTÍN;05-01 EL VISO;NIELFA, CALLE, DE;3;CargayDescarga;Línea;2;11,10;LABORABLES DE 8 A 14 HORAS Y DE 16:30 A 19 H EXCEPTO CARGA Y DESCARGA;-3.6800684;40.4410438;NIELFA, CALLE, DE, Nº 3
442376,5500000000;4476667,3300000000;44181;05  CHAMARTÍN;05-01 EL VISO;PEDRO DE VALDIVIA, CALLE, DE;40;CargayDescarga;Línea;2;9,94;;-3.6794312;40.4386571;PEDRO DE VALDIVIA, CALLE, DE, Nº 40
441522,0900000000;4477575,8200000000;38323;05  CHAMARTÍN;05-01 EL VISO;POETA MANUEL DEL PALACIO, PLAZA, DEL;1;CargayDescarga;Línea;2;13,00;;-3.689589;40.4467815;POETA MANUEL DEL PALACIO, PLAZA, DEL, Nº 1
442512,1100000000;4477900,6500000000;43057;05  CHAMARTÍN;05-01 EL VISO;PRINCIPE DE VERGARA, CALLE, DEL;205;CargayDescarga;Línea;2;11,10;LABORABLES DE 8 A 14 HORAS Y DE 16:30 A 19 HORAS EXCEPTO CARGA Y DESCARGA EN LÍNEA;-3.6779446;40.4497768;PRINCIPE DE VERGARA, CALLE, DEL, Nº 205
441597,3100000000;4477908,7300000000;36074;05  CHAMARTÍN;05-01 EL VISO;QUITO, PLAZA, DE;S/N;CargayDescarga;Línea;3;17,00;LAB.DE 9 A 14 H.EXCEPTO CARGA Y DESCARGA;-3.6887327;40.4497858;QUITO, PLAZA, DE, Nº S/N
441839,3200000000;4477091,6300000000;38448;05  CHAMARTÍN;05-01 EL VISO;SERRANO, CALLE, DE;144;CargayDescarga;Línea;3;15,04;;-3.685804;40.442442;SERRANO, CALLE, DE, Nº 144
442091,5600000000;4476789,7600000000;42746;05  CHAMARTÍN;05-01 EL VISO;VELAZQUEZ, CALLE, DE;136;CargayDescarga;Línea;2;10,00;;-3.6828024;40.4397402;VELAZQUEZ, CALLE, DE, Nº 136
441593,6900000000;4477141,3400000000;38448;05  CHAMARTÍN;05-01 EL VISO;VITRUVIO, CALLE, DE;8;CargayDescarga;Línea;3;15,10;;-3.6887048;40.4428726;VITRUVIO, CALLE, DE, Nº 8
443209,4800000000;4477411,7200000000;40911;05  CHAMARTÍN;05-02 PROSPERIDAD;BAEZA, CALLE, DE;1;CargayDescarga;Línea;3;15,00;;-3.6696774;40.4454202;BAEZA, CALLE, DE, Nº 1
442638,9000000000;4476933,2000000000;1;05  CHAMARTÍN;05-02 PROSPERIDAD;CANILLAS, CALLE, DE;12 D;CargayDescarga;Línea;4;20,00;DE 9 H A 20 HEXCEPTO CARGA Y DESCARGA;-3.6763621;40.4410703;CANILLAS, CALLE, DE, Nº 12 D
442820,1700000000;4477104,5000000000;44222;05  CHAMARTÍN;05-02 PROSPERIDAD;CANILLAS, CALLE, DE;35;CargayDescarga;Línea;2;10,00;;-3.6742402;40.4426259;CANILLAS, CALLE, DE, Nº 35
442564,6400000000;4476885,8200000000;1;05  CHAMARTÍN;05-02 PROSPERIDAD;CANILLAS, CALLE, DE;5 B;CargayDescarga;Línea;3;15,80;LAB DE 8 A 14 H. Y DE 16.30 A 19H. EXCEPTO CARGA Y DESCARGA;-3.6772334;40.4406384;CANILLAS, CALLE, DE, Nº 5 B
443058,0600000000;4477241,7400000000;38161;05  CHAMARTÍN;05-02 PROSPERIDAD;CANILLAS, CALLE, DE;84;CargayDescarga;Línea;3;15,10;;-3.6714476;40.4438786;CANILLAS, CALLE, DE, Nº 84
443096,3700000000;4477362,5000000000;37029;05  CHAMARTÍN;05-02 PROSPERIDAD;CARDENAL SILICEO, CALLE, DEL;13;CargayDescarga;Línea;2;13,40;;-3.6710067;40.4449691;CARDENAL SILICEO, CALLE, DEL, Nº 13
443160,6800000000;4477227,4600000000;39965;05  CHAMARTÍN;05-02 PROSPERIDAD;CARDENAL SILICEO, CALLE, DEL;26;CargayDescarga;Batería;3;19,56;;-3.6702363;40.443757;CARDENAL SILICEO, CALLE, DEL, Nº 26
442770,0400000000;4476935,4400000000;39386;05  CHAMARTÍN;05-02 PROSPERIDAD;CARTAGENA, CALLE, DE;115;CargayDescarga;Línea;2;10,00;;-3.6748161;40.4410995;CARTAGENA, CALLE, DE, Nº 115
442713,9200000000;4477044,5800000000;40973;05  CHAMARTÍN;05-02 PROSPERIDAD;CARTAGENA, CALLE, DE;127;CargayDescarga;Línea;3;10,20;;-3.6754876;40.4420788;CARTAGENA, CALLE, DE, Nº 127
442763,9400000000;4476970,4000000000;36322;05  CHAMARTÍN;05-02 PROSPERIDAD;CARTAGENA, CALLE, DE;128;CargayDescarga;Línea;3;14,70;lab. de 9 a 14 h. y de 16 a 20 h.excepto: CARGA Y DESCARGA;-3.6748912;40.441414;CARTAGENA, CALLE, DE, Nº 128
442728,5000000000;4477039,1600000000;43228;05  CHAMARTÍN;05-02 PROSPERIDAD;CARTAGENA, CALLE, DE;134;CargayDescarga;Línea;3;16,10;Laborables de 8 a 14h y de 16.30 a 19 h, excepto carga y descarga.;-3.6753152;40.442031;CARTAGENA, CALLE, DE, Nº 134
442710,1600000000;4477075,1600000000;43760;05  CHAMARTÍN;05-02 PROSPERIDAD;CARTAGENA, CALLE, DE;138;CargayDescarga;Línea;2;10,10;LAB DE 8 A 14 H Y DE 16.30 A 19 H EXCEPTO CARGA Y DESCARGA;-3.6755347;40.4423541;CARTAGENA, CALLE, DE, Nº 138
442935,9600000000;4476890,5100000000;41263;05  CHAMARTÍN;05-02 PROSPERIDAD;CLARA DEL REY, CALLE, DE;13;CargayDescarga;Línea;3;15,00;;-3.6728558;40.4407062;CLARA DEL REY, CALLE, DE, Nº 13
443072,2000000000;4476997,3600000000;42871;05  CHAMARTÍN;05-02 PROSPERIDAD;CLARA DEL REY, CALLE, DE;14;CargayDescarga;Batería;2;11,10;LABORABLES DE 8 A 17 H EXCEPTO CARGA Y DESCARGA EN LÍNEA;-3.671259;40.4416781;CLARA DEL REY, CALLE, DE, Nº 14
443244,5200000000;4477138,1100000000;38432;05  CHAMARTÍN;05-02 PROSPERIDAD;CLARA DEL REY, CALLE, DE;28;CargayDescarga;Línea;2;12,00;;-3.6692398;40.4429578;CLARA DEL REY, CALLE, DE, Nº 28
443128,2600000000;4477069,1000000000;35878;05  CHAMARTÍN;05-02 PROSPERIDAD;CLARA DEL REY, CALLE, DE;35;CargayDescarga;Batería;5;10,70;LAB. DE 9 A 14 H Y DE 16.30 A 20 HEXCEPTO CARGA Y DESCARGA;-3.6706044;40.4423282;CLARA DEL REY, CALLE, DE, Nº 35
443206,1200000000;4477132,3600000000;35877;05  CHAMARTÍN;05-02 PROSPERIDAD;CLARA DEL REY, CALLE, DE;41;CargayDescarga;Batería;5;13,90;LAB. DE 9 A 14 H Y DE 16.30 A 20 HEXCEPTO CARGA Y DESCARGA;-3.6696921;40.4429034;CLARA DEL REY, CALLE, DE, Nº 41
443316,3700000000;4477383,3100000000;37714;05  CHAMARTÍN;05-02 PROSPERIDAD;CLARA DEL REY, CALLE, DE;55;CargayDescarga;Línea;3;15,00;;-3.6684145;40.4451716;CLARA DEL REY, CALLE, DE, Nº 55
442863,9200000000;4476957,5900000000;43244;05  CHAMARTÍN;05-02 PROSPERIDAD;CONSTANCIA, CALLE, DE LA;10;CargayDescarga;Batería;3;8,48;LAB. DE 9 A 14 H. Y DE 16.30 A 20 H.EXCEPTO CARGA Y DESCARGA;-3.6737112;40.4413055;CONSTANCIA, CALLE, DE LA, Nº 10
442959,0500000000;4477070,9900000000;1;05  CHAMARTÍN;05-02 PROSPERIDAD;CONSTANCIA, CALLE, DE LA;33;CargayDescarga;Línea;2;11,80;;-3.6725997;40.4423336;CONSTANCIA, CALLE, DE LA, Nº 33
443410,3700000000;4477315,1900000000;1;05  CHAMARTÍN;05-02 PROSPERIDAD;CORAZON DE MARIA, CALLE, DEL;35;CargayDescarga;Línea;6;15,80;;-3.6673001;40.4445643;CORAZON DE MARIA, CALLE, DEL, Nº 35
443434,4800000000;4477429,3700000000;1;05  CHAMARTÍN;05-02 PROSPERIDAD;CORAZON DE MARIA, CALLE, DEL;41;CargayDescarga;Línea;3;16,80;;-3.667026;40.4455945;CORAZON DE MARIA, CALLE, DEL, Nº 41
443446,0100000000;4477485,3100000000;1;05  CHAMARTÍN;05-02 PROSPERIDAD;CORAZON DE MARIA, CALLE, DEL;47;CargayDescarga;Línea;3;15,00;LABORABLES DE 9 A 14 Y DE 16,30 A 20 H.EXCEPTO CARGA Y DESCARGA;-3.666895;40.4460993;CORAZON DE MARIA, CALLE, DEL, Nº 47
443471,4400000000;4477604,2500000000;42801;05  CHAMARTÍN;05-02 PROSPERIDAD;CORAZON DE MARIA, CALLE, DEL;57;CargayDescarga;Línea;4;20,50;;-3.6666057;40.4471725;CORAZON DE MARIA, CALLE, DEL, Nº 57
443464,5300000000;4477446,7900000000;40360;05  CHAMARTÍN;05-02 PROSPERIDAD;CORAZON DE MARIA, CALLE, DEL;60;CargayDescarga;Línea;3;18,00;LABORABLES DE 9 A 14 Y DE 16,30 A 20 H.EXCEPTO CARGA Y DESCARGA;-3.6666732;40.4457535;CORAZON DE MARIA, CALLE, DEL, Nº 60
443188,1300000000;4476992,4200000000;40807;05  CHAMARTÍN;05-02 PROSPERIDAD;CORAZON DE MARIA, CALLE, DEL;9;CargayDescarga;Batería;2;7,50;;-3.6698917;40.4416415;CORAZON DE MARIA, CALLE, DEL, Nº 9
442755,0500000000;4477195,4600000000;42262;05  CHAMARTÍN;05-02 PROSPERIDAD;LOPEZ DE HOYOS, CALLE, DE;100;CargayDescarga;Línea;4;18,00;LABORABLES DE 8 A 17.00 HORAS EXCEPTO CARGA Y DESCARGA;-3.6750162;40.4434409;LOPEZ DE HOYOS, CALLE, DE, Nº 100
442769,0400000000;4477209,5100000000;42262;05  CHAMARTÍN;05-02 PROSPERIDAD;LOPEZ DE HOYOS, CALLE, DE;104;CargayDescarga;Línea;2;10,00;LABORABLES DE 8 A 17.00 HORAS EXCEPTO CARGA Y DESCARGA;-3.6748526;40.4435684;LOPEZ DE HOYOS, CALLE, DE, Nº 104
442819,6400000000;4477260,1000000000;42262;05  CHAMARTÍN;05-02 PROSPERIDAD;LOPEZ DE HOYOS, CALLE, DE;114;CargayDescarga;Línea;1;8,00;LABORABLES DE 8.00 A 17.00 HORAS EXCEPTO CARGA Y DESCARGA;-3.6742605;40.4440276;LOPEZ DE HOYOS, CALLE, DE, Nº 114
442872,3800000000;4477307,3400000000;42262;05  CHAMARTÍN;05-02 PROSPERIDAD;LOPEZ DE HOYOS, CALLE, DE;124;CargayDescarga;Línea;1;8,00;LABORABLES DE 8.00 A 17.00 HORAS EXCEPTO CARGA Y DESCARGA;-3.6736429;40.4444568;LOPEZ DE HOYOS, CALLE, DE, Nº 124
442920,8000000000;4477344,6200000000;42262;05  CHAMARTÍN;05-02 PROSPERIDAD;LOPEZ DE HOYOS, CALLE, DE;132;CargayDescarga;Línea;2;12,90;LABORABLES DE 8.00 A 17.00 HORAS EXCEPTO CARGA Y DESCARGA;-3.6730753;40.444796;LOPEZ DE HOYOS, CALLE, DE, Nº 132
442988,1100000000;4477399,1500000000;37015;05  CHAMARTÍN;05-02 PROSPERIDAD;LOPEZ DE HOYOS, CALLE, DE;140;CargayDescarga;Línea;4;21,48;;-3.6722865;40.4452918;LOPEZ DE HOYOS, CALLE, DE, Nº 140
443095,7900000000;4477485,1400000000;37015;05  CHAMARTÍN;05-02 PROSPERIDAD;LOPEZ DE HOYOS, CALLE, DE;158;CargayDescarga;Línea;5;27,50;;-3.6710246;40.4460738;LOPEZ DE HOYOS, CALLE, DE, Nº 158
443243,7800000000;4477621,3800000000;1;05  CHAMARTÍN;05-02 PROSPERIDAD;LOPEZ DE HOYOS, CALLE, DE;176;CargayDescarga;Línea;10;55,80;LAB. DE 9 A 14 H. Y DE 16:30 A 20 H.EXCEPTO CARGA Y DESCARGA;-3.6692917;40.4473113;LOPEZ DE HOYOS, CALLE, DE, Nº 176
442716,4100000000;4477156,8000000000;42262;05  CHAMARTÍN;05-02 PROSPERIDAD;LOPEZ DE HOYOS, CALLE, DE;94;CargayDescarga;Línea;3;16,00;LABORABLES DE 9.00 A 17.00 HORAS EXCEPTO CARGA Y DESCARGA;-3.6754684;40.4430899;LOPEZ DE HOYOS, CALLE, DE, Nº 94
442816,3700000000;4476793,6000000000;36200;05  CHAMARTÍN;05-02 PROSPERIDAD;MATAELPINO, CALLE, DE;4;CargayDescarga;Línea;4;18,30;LAB. DE 9 A 14 H. Y DE16,30 A 19 H. EXCEPTOCARGA Y DESCARGA;-3.6742571;40.4398249;MATAELPINO, CALLE, DE, Nº 4
443626,3500000000;4477499,7200000000;43630;05  CHAMARTÍN;05-02 PROSPERIDAD;PADRE CLARET, CALLE, DEL;11;CargayDescarga;Línea;2;10,10;LAB. DE 9A 14 H. Y DE 16.30 A 20 H. EXCEPTO CARGA Y DESCARGA;-3.6647698;40.4462413;PADRE CLARET, CALLE, DEL, Nº 11
442718,0200000000;4476695,2100000000;42006;05  CHAMARTÍN;05-02 PROSPERIDAD;PADRE INDALECIO HERNANDEZ, CALLE, DEL;1;CargayDescarga;Línea;2;13,00;LABORABLES DE 9 A 13 HORAS EXCEPTO VEHÍCULOS DESCARGA DE GASOLEO.;-3.6754078;40.4389318;PADRE INDALECIO HERNANDEZ, CALLE, DEL, Nº 1
442929,6200000000;4476828,8000000000;39344;05  CHAMARTÍN;05-02 PROSPERIDAD;PADRE XIFRE, CALLE, DEL;5;CargayDescarga;Línea;3;15,00;;-3.672925;40.4401498;PADRE XIFRE, CALLE, DEL, Nº 5
442611,6300000000;4476654,3800000000;42006;05  CHAMARTÍN;05-02 PROSPERIDAD;PRADENA DEL RINCON, CALLE, DE;1;CargayDescarga;Línea;4;21,00;LABORABLES DE 9 A 20 HORAS EXCEPTO CARGA Y DESCARGA;-3.6766584;40.4385567;PRADENA DEL RINCON, CALLE, DE, Nº 1
442448,2200000000;4476911,2100000000;40928;05  CHAMARTÍN;05-02 PROSPERIDAD;PRINCIPE DE VERGARA, CALLE, DEL;120;CargayDescarga;Línea;3;15,00;;-3.6786083;40.440859;PRINCIPE DE VERGARA, CALLE, DEL, Nº 120
443126,7000000000;4477113,5700000000;44272;05  CHAMARTÍN;05-02 PROSPERIDAD;PUENTEAREAS, CALLE, DE;8;CargayDescarga;Línea;2;14,20;LABORABLES DE 8 A 12H. Y DE 14:30 A 18H. EXCEPTO CARGA Y DESCARGA;-3.6706268;40.4427287;PUENTEAREAS, CALLE, DE, Nº 8
442593,5200000000;4477032,7400000000;1;05  CHAMARTÍN;05-02 PROSPERIDAD;QUINTILIANO, CALLE, DE;1;CargayDescarga;Línea;3;20,00;Lab. de 9 a 20 h.excepto: CARGA Y DESCARGA;-3.6769061;40.4419639;QUINTILIANO, CALLE, DE, Nº 1
443392,6200000000;4477517,1800000000;34786;05  CHAMARTÍN;05-02 PROSPERIDAD;RAMOS CARRION, CALLE, DE;12;CargayDescarga;Batería;4;10,00;LABORABLES DE 9 A 14 H.EXCEPTO CARGA Y DESCARGA;-3.6675274;40.4463827;RAMOS CARRION, CALLE, DE, Nº 12
443225,1700000000;4477581,0600000000;37006;05  CHAMARTÍN;05-02 PROSPERIDAD;RAMOS CARRION, CALLE, DE;2;CargayDescarga;Línea;4;19,50;;-3.6695076;40.4469468;RAMOS CARRION, CALLE, DE, Nº 2
443013,0500000000;4477282,8100000000;39925;05  CHAMARTÍN;05-02 PROSPERIDAD;ROS DE OLANO, CALLE, DE;7;CargayDescarga;Línea;2;12,50;;-3.671982;40.4442455;ROS DE OLANO, CALLE, DE, Nº 7
442510,1200000000;4476630,1900000000;38884;05  CHAMARTÍN;05-02 PROSPERIDAD;SAN FERNANDO DEL JARAMA, CALLE, DE;1;CargayDescarga;Línea;3;15,00;LABORABLES DE 9 A 14 H.Y DE 16,30 A 20 H. EXCEPTOCARGA Y DESCARGA;-3.6778531;40.4383317;SAN FERNANDO DEL JARAMA, CALLE, DE, Nº 1
443430,9700000000;4477736,4000000000;40995;05  CHAMARTÍN;05-02 PROSPERIDAD;SAN NAZARIO, CALLE, DE;3;CargayDescarga;Línea;3;15,00;;-3.6670947;40.4483602;SAN NAZARIO, CALLE, DE, Nº 3
443233,5000000000;4477357,8000000000;44124;05  CHAMARTÍN;05-02 PROSPERIDAD;SANTA HORTENSIA, CALLE, DE;13;CargayDescarga;Batería;4;13,00;;-3.6693894;40.4449361;SANTA HORTENSIA, CALLE, DE, Nº 13
442486,2100000000;4476729,6300000000;37218;05  CHAMARTÍN;05-02 PROSPERIDAD;SANTA MARIA DE LA ALAMEDA, CALLE, DE;9;CargayDescarga;Línea;2;10,40;;-3.678144;40.4392259;SANTA MARIA DE LA ALAMEDA, CALLE, DE, Nº 9
443384,5100000000;4477399,5100000000;38924;05  CHAMARTÍN;05-02 PROSPERIDAD;SANTA RITA, CALLE, DE;12;CargayDescarga;Batería;3;8,00;;-3.6676125;40.4453222;SANTA RITA, CALLE, DE, Nº 12
443374,7100000000;4477416,8000000000;43011;05  CHAMARTÍN;05-02 PROSPERIDAD;SANTA RITA, CALLE, DE;9;CargayDescarga;Línea;4;9,30;LABORABLES DE 8 A 14 H Y DE 16:30 A 19:00 H EXCEPTO CARGA Y DESCARGA EN LÍNEA;-3.6677296;40.4454772;SANTA RITA, CALLE, DE, Nº 9
442606,0700000000;4477192,1600000000;38400;05  CHAMARTÍN;05-03 CIUDAD JARDÍN;CARTAGENA, CALLE, DE;164;CargayDescarga;Línea;3;15,00;;-3.6767726;40.4434009;CARTAGENA, CALLE, DE, Nº 164
442789,8600000000;4477486,2100000000;43600;05  CHAMARTÍN;05-03 CIUDAD JARDÍN;EUGENIO SALAZAR, CALLE, DE;29;CargayDescarga;Línea;3;16,35;LAB. DE 7 A 14 H EXCEPTO CARGA Y DESCARGA;-3.674632;40.4460625;EUGENIO SALAZAR, CALLE, DE, Nº 29
442720,2700000000;4477704,2100000000;38124;05  CHAMARTÍN;05-03 CIUDAD JARDÍN;EUGENIO SALAZAR, CALLE, DE;54;CargayDescarga;Línea;3;16,00;LABORABLES DE 9 A 14 Y DE 16.30 A 20 HEXCEPTO CARGA Y DESCARGA;-3.6754722;40.4480215;EUGENIO SALAZAR, CALLE, DE, Nº 54
442712,6600000000;4477186,8700000000;37005;05  CHAMARTÍN;05-03 CIUDAD JARDÍN;GENERAL ZABALA, CALLE, DEL;15;CargayDescarga;Línea;2;11,81;;-3.6755153;40.4433606;GENERAL ZABALA, CALLE, DEL, Nº 15
443021,5700000000;4477442,0300000000;37015;05  CHAMARTÍN;05-03 CIUDAD JARDÍN;LOPEZ DE HOYOS, CALLE, DE;113;CargayDescarga;Línea;6;32,30;;-3.6718958;40.4456804;LOPEZ DE HOYOS, CALLE, DE, Nº 113
443233,9900000000;4477629,8500000000;36063;05  CHAMARTÍN;05-03 CIUDAD JARDÍN;LOPEZ DE HOYOS, CALLE, DE;139;CargayDescarga;Línea;3;7,90;LAB. DE 9 A 14 H. Y DE 16:30 A 20 H.EXCEPTO CARGA Y DESCARGA;-3.6694079;40.4473869;LOPEZ DE HOYOS, CALLE, DE, Nº 139
443285,7800000000;4477681,8800000000;37015;05  CHAMARTÍN;05-03 CIUDAD JARDÍN;LOPEZ DE HOYOS, CALLE, DE;145;CargayDescarga;Línea;4;26,60;;-3.6688019;40.4478592;LOPEZ DE HOYOS, CALLE, DE, Nº 145
443339,8700000000;4477726,7400000000;41162;05  CHAMARTÍN;05-03 CIUDAD JARDÍN;LOPEZ DE HOYOS, CALLE, DE;153;CargayDescarga;Línea;3;15,00;;-3.6681681;40.448267;LOPEZ DE HOYOS, CALLE, DE, Nº 153
442709,3000000000;4477165,2000000000;42262;05  CHAMARTÍN;05-03 CIUDAD JARDÍN;LOPEZ DE HOYOS, CALLE, DE;71;CargayDescarga;Línea;3;15,00;LABORABLES DE 9.00 A 17.00 HORAS EXCEPTO CARGA Y DESCARGA;-3.675553;40.4431651;LOPEZ DE HOYOS, CALLE, DE, Nº 71
442876,7200000000;4477325,3000000000;42262;05  CHAMARTÍN;05-03 CIUDAD JARDÍN;LOPEZ DE HOYOS, CALLE, DE;87;CargayDescarga;Línea;3;15,00;LABORABLES DE 8.00 A 17.00 HORAS EXCEPTO CARGA Y DESCARGA;-3.6735933;40.4446189;LOPEZ DE HOYOS, CALLE, DE, Nº 87
442935,7000000000;4477372,7400000000;42262;05  CHAMARTÍN;05-03 CIUDAD JARDÍN;LOPEZ DE HOYOS, CALLE, DE;95;CargayDescarga;Línea;4;22,00;LABORABLES DE 8.00 A 17.00 HORAS EXCEPTO CARGA Y DESCARGA;-3.6729021;40.4450503;LOPEZ DE HOYOS, CALLE, DE, Nº 95
442776,7000000000;4477392,5000000000;41568;05  CHAMARTÍN;05-03 CIUDAD JARDÍN;MALCAMPO, CALLE, DE;5;CargayDescarga;Línea;3;11,39;LAB. DE 9 A 14 HY DE 16.30 A 20 HEXCEPTOCARGA Y DESCARGAEN LINEA;-3.6747787;40.4452174;MALCAMPO, CALLE, DE, Nº 5
442832,8100000000;4477326,3800000000;41079;05  CHAMARTÍN;05-03 CIUDAD JARDÍN;MANTUANO, CALLE, DE;4;CargayDescarga;Línea;7;36,00;LAB DE 8 A 14 H. Y DE 16.30 A 19 H. EXCEPTO CARGA Y DESCARGA;-3.6741112;40.4446256;MANTUANO, CALLE, DE, Nº 4
442662,7300000000;4477746,4900000000;37285;05  CHAMARTÍN;05-03 CIUDAD JARDÍN;MANTUANO, CALLE, DE;60;CargayDescarga;Línea;5;22,10;;-3.6761545;40.4483984;MANTUANO, CALLE, DE, Nº 60
442877,4300000000;4477726,6200000000;1;05  CHAMARTÍN;05-03 CIUDAD JARDÍN;MARCENADO, CALLE, DE;42;CargayDescarga;Línea;3;15,00;;-3.673621;40.4482342;MARCENADO, CALLE, DE, Nº 42
443123,4900000000;4477549,5600000000;35564;05  CHAMARTÍN;05-03 CIUDAD JARDÍN;NIEREMBERG, CALLE, DE;2;CargayDescarga;Línea;3;15,01;LAB. DE 9 A 14 H. Y DE 16:30 A 20 H.EXCEPTO CARGA Y DESCARGA;-3.6707037;40.4466561;NIEREMBERG, CALLE, DE, Nº 2
443183,5900000000;4477599,1800000000;38677;05  CHAMARTÍN;05-03 CIUDAD JARDÍN;PANTOJA, CALLE, DE;2;CargayDescarga;Línea;2;12,00;;-3.6699995;40.4471072;PANTOJA, CALLE, DE, Nº 2
442568,0500000000;4477304,6300000000;1;05  CHAMARTÍN;05-03 CIUDAD JARDÍN;PECHUAN, CALLE, DE;8;CargayDescarga;Línea;4;12,70;;-3.677231;40.4444114;PECHUAN, CALLE, DE, Nº 8
442738,2700000000;4477769,9500000000;1;05  CHAMARTÍN;05-03 CIUDAD JARDÍN;PRADILLO, CALLE, DE;8;CargayDescarga;Línea;3;15,06;;-3.6752659;40.448615;PRADILLO, CALLE, DE, Nº 8
442466,1500000000;4477114,6600000000;43523;05  CHAMARTÍN;05-03 CIUDAD JARDÍN;PRINCIPE DE VERGARA, CALLE, DEL;128;CargayDescarga;Línea;2;10,00;lab. de 8 a 14.30 h excepto carga y descarga;-3.6784153;40.442693;PRINCIPE DE VERGARA, CALLE, DEL, Nº 128
442660,3100000000;4477567,8700000000;41569;05  CHAMARTÍN;05-03 CIUDAD JARDÍN;SANCHEZ PACHECO, CALLE, DE;20;CargayDescarga;Línea;2;10,00;LABORABLES DE 8 A 14 Y DE 16.30 A 19 HEXCEPTO CARGA Y DESCARGA;-3.6761669;40.4467892;SANCHEZ PACHECO, CALLE, DE, Nº 20
442814,2400000000;4477600,1100000000;43892;05  CHAMARTÍN;05-03 CIUDAD JARDÍN;SANCHEZ PACHECO, CALLE, DE;46;CargayDescarga;Línea;2;21,27;;-3.6743548;40.4470902;SANCHEZ PACHECO, CALLE, DE, Nº 46
442916,1700000000;4477630,0600000000;37560;05  CHAMARTÍN;05-03 CIUDAD JARDÍN;SANCHEZ PACHECO, CALLE, DE;60;CargayDescarga;Línea;3;15,00;LAB. DE 9 A 14 H. Y DE 16:30 A 20 H.EXCEPTO CARGA Y DESCARGA;-3.6731556;40.447367;SANCHEZ PACHECO, CALLE, DE, Nº 60
442750,0400000000;4477257,2500000000;41212;05  CHAMARTÍN;05-03 CIUDAD JARDÍN;SUERO DE QUIÑONES, CALLE, DE;1;CargayDescarga;Línea;2;11,00;;-3.6750809;40.4439972;SUERO DE QUIÑONES, CALLE, DE, Nº 1
442654,1100000000;4477363,2300000000;43117;05  CHAMARTÍN;05-03 CIUDAD JARDÍN;SUERO DE QUIÑONES, CALLE, DE;16;CargayDescarga;Línea;3;15,00;Lab. de 8 a 14h. Excepto Carga y Descarga;-3.6762216;40.4449453;SUERO DE QUIÑONES, CALLE, DE, Nº 16
442607,3700000000;4477434,7800000000;42353;05  CHAMARTÍN;05-03 CIUDAD JARDÍN;SUERO DE QUIÑONES, CALLE, DE;22;CargayDescarga;Línea;3;16,00;LAB DE 8 A 14 H. Y DE 16.30 A 19 H. EXCEPTO: CARGA Y DESCARGA;-3.6767792;40.4455866;SUERO DE QUIÑONES, CALLE, DE, Nº 22
442727,4300000000;4477291,0000000000;39126;05  CHAMARTÍN;05-03 CIUDAD JARDÍN;SUERO DE QUIÑONES, CALLE, DE;4;CargayDescarga;Línea;4;21,65;;-3.6753505;40.4442996;SUERO DE QUIÑONES, CALLE, DE, Nº 4
442134,3300000000;4478866,9700000000;38385;05  CHAMARTÍN;05-04 HISPANOAMÉRICA;ALBERTO ALCOCER, AVENIDA, DE;32;CargayDescarga;Línea;3;15,00;;-3.6824874;40.4584556;ALBERTO ALCOCER, AVENIDA, DE, Nº 32
442435,1600000000;4478870,0000000000;38383;05  CHAMARTÍN;05-04 HISPANOAMÉRICA;ALBERTO ALCOCER, AVENIDA, DE;48;CargayDescarga;Línea;13;95,10;PERMITIDO CARGA Y DESCARGAEN DIAS LAB. 10 A 13 H. Y DE16 A 18 H;-3.6789399;40.4585038;ALBERTO ALCOCER, AVENIDA, DE, Nº 48
442520,1500000000;4478695,7500000000;1;05  CHAMARTÍN;05-04 HISPANOAMÉRICA;BOLIVIA, CALLE, DE;18;CargayDescarga;Línea;2;10,00;LAB DE 8 A 14 H. Y DE 16.30 A 19 H. EXCEPTO: CARGA Y DESCARGA;-3.6779217;40.45694;BOLIVIA, CALLE, DE, Nº 18
442517,6300000000;4478762,2400000000;38803;05  CHAMARTÍN;05-04 HISPANOAMÉRICA;BOLIVIA, CALLE, DE;22;CargayDescarga;Línea;6;30,00;SIN TRAMO HORARIO EN CALLE;-3.6779575;40.4575388;BOLIVIA, CALLE, DE, Nº 22
442535,6600000000;4478856,5500000000;36977;05  CHAMARTÍN;05-04 HISPANOAMÉRICA;BOLIVIA, CALLE, DE;30;CargayDescarga;Línea;3;15,20;;-3.6777534;40.4583896;BOLIVIA, CALLE, DE, Nº 30
442695,5900000000;4478787,1500000000;1;05  CHAMARTÍN;05-04 HISPANOAMÉRICA;CHILE, CALLE, DE;17;CargayDescarga;Línea;3;15,10;;-3.675861;40.4577755;CHILE, CALLE, DE, Nº 17
442695,4900000000;4478686,1200000000;44193;05  CHAMARTÍN;05-04 HISPANOAMÉRICA;CHILE, CALLE, DE;22;CargayDescarga;Línea;3;15,00;lab. de 8 a 21 h. excepto carga y descarga;-3.675853;40.4568653;CHILE, CALLE, DE, Nº 22
442351,2100000000;4478583,1400000000;38756;05  CHAMARTÍN;05-04 HISPANOAMÉRICA;COCHABAMBA, CALLE, DE;19;CargayDescarga;Línea;3;13,00;;-3.6799039;40.4559138;COCHABAMBA, CALLE, DE, Nº 19
442796,7400000000;4478697,7500000000;40606;05  CHAMARTÍN;05-04 HISPANOAMÉRICA;COLOMBIA, CALLE, DE;18;CargayDescarga;Línea;3;13,57;;-3.67466;40.4569771;COLOMBIA, CALLE, DE, Nº 18
442565,9700000000;4478729,8300000000;34988;05  CHAMARTÍN;05-04 HISPANOAMÉRICA;COLOMBIA, CALLE, DE;5;CargayDescarga;Línea;3;13,08;;-3.6773845;40.4572502;COLOMBIA, CALLE, DE, Nº 5
442630,6700000000;4478703,7500000000;38510;05  CHAMARTÍN;05-04 HISPANOAMÉRICA;COLOMBIA, CALLE, DE;8;CargayDescarga;Línea;3;15,00;;-3.6766191;40.4570197;COLOMBIA, CALLE, DE, Nº 8
442758,8800000000;4478855,0000000000;1;05  CHAMARTÍN;05-04 HISPANOAMÉRICA;COSTA RICA, CALLE, DE;14;CargayDescarga;Línea;5;25,00;PERMITIDO CARGA Y DESCARGADIAS LAB. DE 10 A 13 H. Y DE 16 A 18 H.;-3.6751207;40.4583911;COSTA RICA, CALLE, DE, Nº 14
442928,0200000000;4478852,3200000000;41250;05  CHAMARTÍN;05-04 HISPANOAMÉRICA;COSTA RICA, CALLE, DE;26;CargayDescarga;Línea;3;15,01;;-3.6731257;40.4583785;COSTA RICA, CALLE, DE, Nº 26
443102,7000000000;4478844,0200000000;38707;05  CHAMARTÍN;05-04 HISPANOAMÉRICA;COSTA RICA, CALLE, DE;36;CargayDescarga;Línea;2;9,20;EXCEPTO CARGA Y DESCARGA;-3.6710648;40.4583158;COSTA RICA, CALLE, DE, Nº 36
443145,2600000000;4478848,8400000000;38707;05  CHAMARTÍN;05-04 HISPANOAMÉRICA;COSTA RICA, CALLE, DE;38;CargayDescarga;Línea;2;6,81;EXCEPTO CARGA Y DESCARGA;-3.6705633;40.4583621;COSTA RICA, CALLE, DE, Nº 38
443200,1600000000;4478862,7300000000;38707;05  CHAMARTÍN;05-04 HISPANOAMÉRICA;COSTA RICA, CALLE, DE;40;CargayDescarga;Línea;2;8,06;EXCEPTO CARGA Y DESCARGA;-3.6699171;40.458491;COSTA RICA, CALLE, DE, Nº 40
443247,5300000000;4478879,0300000000;38707;05  CHAMARTÍN;05-04 HISPANOAMÉRICA;COSTA RICA, CALLE, DE;42;CargayDescarga;Línea;2;9,12;EXCEPTO CARGA Y DESCARGA;-3.6693599;40.458641;COSTA RICA, CALLE, DE, Nº 42
443680,1500000000;4478549,3000000000;38912;05  CHAMARTÍN;05-04 HISPANOAMÉRICA;EUCALIPTO, CALLE, DEL;29;CargayDescarga;Línea;3;15,00;;-3.6642285;40.4557001;EUCALIPTO, CALLE, DEL, Nº 29
442263,0500000000;4478379,1900000000;42821;05  CHAMARTÍN;05-04 HISPANOAMÉRICA;INFANTA MARIA TERESA, CALLE, DE LA;12;CargayDescarga;Línea;3;15,10;LABORABLES 8 A 14 H Y DE 16:30 A 19 H EXCEPTO CARGA Y DESCARGA;-3.680925;40.4540704;INFANTA MARIA TERESA, CALLE, DE LA, Nº 12
442342,2800000000;4478373,1200000000;38575;05  CHAMARTÍN;05-04 HISPANOAMÉRICA;INFANTA MARIA TERESA, CALLE, DE LA;18;CargayDescarga;Línea;3;15,70;;-3.6799901;40.4540213;INFANTA MARIA TERESA, CALLE, DE LA, Nº 18
441754,5600000000;4478740,8300000000;42178;05  CHAMARTÍN;05-04 HISPANOAMÉRICA;JUAN RAMON JIMENEZ, CALLE, DE;4;CargayDescarga;Línea;4;22,00;;-3.6869547;40.4572928;JUAN RAMON JIMENEZ, CALLE, DE, Nº 4
442407,6900000000;4478533,1100000000;44113;05  CHAMARTÍN;05-04 HISPANOAMÉRICA;ORURO, CALLE, DE;7;CargayDescarga;Batería;3;15,00;de lunes a domingo de 7 a 14 h y de 16 a 20 h. excepto carga y descarga en linea;-3.6792333;40.4554671;ORURO, CALLE, DE, Nº 7
441783,3400000000;4478647,6500000000;43305;05  CHAMARTÍN;05-04 HISPANOAMÉRICA;PADRE DAMIAN, CALLE, DEL;17;CargayDescarga;Línea;2;12,00;LABORABLES DE 8 A 14:30 H. EXCEPTO CARGA Y DESCARGA;-3.6866067;40.4564554;PADRE DAMIAN, CALLE, DEL, Nº 17
442561,9100000000;4478147,6200000000;37514;05  CHAMARTÍN;05-04 HISPANOAMÉRICA;PRINCIPE DE VERGARA, CALLE, DEL;214;CargayDescarga;Línea;3;9,95;PERMITIDO CARGA Y DESCARGA;-3.6773797;40.4520051;PRINCIPE DE VERGARA, CALLE, DEL, Nº 214
442578,6300000000;4478603,0400000000;40870;05  CHAMARTÍN;05-04 HISPANOAMÉRICA;PRINCIPE DE VERGARA, CALLE, DEL;255;CargayDescarga;Línea;3;15,00;;-3.6772237;40.4561088;PRINCIPE DE VERGARA, CALLE, DEL, Nº 255
442601,1800000000;4478589,0200000000;38377;05  CHAMARTÍN;05-04 HISPANOAMÉRICA;PRINCIPE DE VERGARA, CALLE, DEL;256;CargayDescarga;Línea;3;14,96;;-3.6769565;40.4559841;PRINCIPE DE VERGARA, CALLE, DEL, Nº 256
441615,9000000000;4478608,4000000000;37000;05  CHAMARTÍN;05-04 HISPANOAMÉRICA;PROFESOR WAKSMAN, CALLE, DEL;7;CargayDescarga;Línea;2;11,04;;-3.6885778;40.4560901;PROFESOR WAKSMAN, CALLE, DEL, Nº 7
441655,4400000000;4478605,0200000000;37958;05  CHAMARTÍN;05-04 HISPANOAMÉRICA;PROFESOR WAKSMAN, CALLE, DEL;9;CargayDescarga;Línea;3;17,00;;-3.6881112;40.4560624;PROFESOR WAKSMAN, CALLE, DEL, Nº 9
442832,8300000000;4478391,5300000000;36585;05  CHAMARTÍN;05-04 HISPANOAMÉRICA;PUERTO RICO, CALLE, DE;15;CargayDescarga;Línea;3;15,04;;-3.6742068;40.454221;PUERTO RICO, CALLE, DE, Nº 15
442307,2000000000;4478579,2400000000;36816;05  CHAMARTÍN;05-04 HISPANOAMÉRICA;RAMON DE SANTILLAN, CALLE, DE;10;CargayDescarga;Línea;2;9,95;;-3.6804225;40.4558756;RAMON DE SANTILLAN, CALLE, DE, Nº 10
442329,7500000000;4478465,0200000000;38383;05  CHAMARTÍN;05-04 HISPANOAMÉRICA;RAMON DE SANTILLAN, CALLE, DE;5;CargayDescarga;Línea;3;15,05;;-3.6801462;40.4548483;RAMON DE SANTILLAN, CALLE, DE, Nº 5
442433,1100000000;4478183,0300000000;43598;05  CHAMARTÍN;05-04 HISPANOAMÉRICA;RODRIGUEZ MARIN, CALLE, DE;63;CargayDescarga;Línea;2;14,10;lab de 8 a 14 h excepto carga y descarga;-3.6789017;40.4523151;RODRIGUEZ MARIN, CALLE, DE, Nº 63
443049,3600000000;4478450,3100000000;44194;05  CHAMARTÍN;05-04 HISPANOAMÉRICA;URUGUAY, CALLE, DE;18;CargayDescarga;Batería;3;15,00;lab. de 7 a 22 h. excepto carga y descarga;-3.6716586;40.4547654;URUGUAY, CALLE, DE, Nº 18
442417,2900000000;4478395,3100000000;44090;05  CHAMARTÍN;05-04 HISPANOAMÉRICA;VICTOR ANDRES BELAUNDE, CALLE, DE;1;CargayDescarga;Batería;3;9,00;LAB DE 8 A 14 H. Y DE 16.30 A 19 H. EXCEPTO CARGA Y DESCARGA EN LINEA;-3.6791075;40.4542264;VICTOR ANDRES BELAUNDE, CALLE, DE, Nº 1
442388,5800000000;4478497,5300000000;37636;05  CHAMARTÍN;05-04 HISPANOAMÉRICA;VICTOR ANDRES BELAUNDE, CALLE, DE;19;CargayDescarga;Línea;3;15,40;;-3.6794554;40.4551452;VICTOR ANDRES BELAUNDE, CALLE, DE, Nº 19
442345,5700000000;4478694,8000000000;38756;05  CHAMARTÍN;05-04 HISPANOAMÉRICA;VICTOR ANDRES BELAUNDE, CALLE, DE;36;CargayDescarga;Línea;3;15,50;;-3.6799805;40.4569193;VICTOR ANDRES BELAUNDE, CALLE, DE, Nº 36
442831,6300000000;4478150,8300000000;43057;05  CHAMARTÍN;05-04 HISPANOAMÉRICA;VICTOR DE LA SERNA, CALLE, DE;2;CargayDescarga;Línea;3;15,50;LABORABLES DE 8 A 14 H EXCEPTO CARGA Y DESCARGA;-3.6741993;40.4520526;VICTOR DE LA SERNA, CALLE, DE, Nº 2
443038,2900000000;4478613,4800000000;43598;05  CHAMARTÍN;05-04 HISPANOAMÉRICA;VICTOR DE LA SERNA, CALLE, DE;35;CargayDescarga;Línea;2;13,10;LAB. DE 8 A 12 H Y DE 16 A 18 H EXCEPTO CARGA Y DESCARGA;-3.6718038;40.4562345;VICTOR DE LA SERNA, CALLE, DE, Nº 35
442446,2500000000;4478900,2500000000;1;05  CHAMARTÍN;05-05 NUEVA ESPAÑA;ALBERTO ALCOCER, AVENIDA, DE;47;CargayDescarga;Línea;9;47,90;PERMITIDO CARGA Y DESCARGAEN DIAS LAB. 10 A 13 H. Y DE16 A 18 H.;-3.6788118;40.4587771;ALBERTO ALCOCER, AVENIDA, DE, Nº 47
442710,9900000000;4479067,0800000000;39617;05  CHAMARTÍN;05-05 NUEVA ESPAÑA;ALFONSO XIII, AVENIDA, DE;145;CargayDescarga;Línea;2;9,50;;-3.6757046;40.4602983;ALFONSO XIII, AVENIDA, DE, Nº 145
442566,2800000000;4479065,2100000000;38380;05  CHAMARTÍN;05-05 NUEVA ESPAÑA;ALFONSO XIII, AVENIDA, DE;151;CargayDescarga;Línea;4;20,00;;-3.6774111;40.4602714;ALFONSO XIII, AVENIDA, DE, Nº 151
443154,6300000000;4479056,1300000000;38231;05  CHAMARTÍN;05-05 NUEVA ESPAÑA;ALFONSO XIII, AVENIDA, DE;152;CargayDescarga;Línea;1;7,30;;-3.6704714;40.4602301;ALFONSO XIII, AVENIDA, DE, Nº 152
442540,0400000000;4478915,4900000000;1;05  CHAMARTÍN;05-05 NUEVA ESPAÑA;BOLIVIA, CALLE, DE;32;CargayDescarga;Línea;2;10,10;;-3.6777071;40.4589209;BOLIVIA, CALLE, DE, Nº 32
441591,9700000000;4479248,5000000000;38447;05  CHAMARTÍN;05-05 NUEVA ESPAÑA;CARLOS MAURRAS, CALLE, DE;2;CargayDescarga;Línea;3;13,00;LABORABLES DE 9 A14 H. Y 16,3O A 20 H.EXCEPTO CARGA Y DESCARGA;-3.6889189;40.4618547;CARLOS MAURRAS, CALLE, DE, Nº 2
441637,9100000000;4479244,6000000000;38447;05  CHAMARTÍN;05-05 NUEVA ESPAÑA;CARLOS MAURRAS, CALLE, DE;2;CargayDescarga;Línea;3;13,00;LABORABLES DE 9 A14 H. Y 16,3O A 20 H.EXCEPTO CARGA Y DESCARGA;-3.6883767;40.4618228;CARLOS MAURRAS, CALLE, DE, Nº 2
441626,2400000000;4479261,5100000000;41523;05  CHAMARTÍN;05-05 NUEVA ESPAÑA;CARLOS MAURRAS, CALLE, DE;3;CargayDescarga;Batería;4;19,74;LABORABLES DE LUNES A VIERNES DE 8 A 14 HY DE 16.30 A 19 H. SABADOS DE 8 A 15 H .EXCEPTO CARGA Y DESCARGA;-3.6885159;40.4619743;CARLOS MAURRAS, CALLE, DE, Nº 3
441560,1300000000;4479088,1900000000;42821;05  CHAMARTÍN;05-05 NUEVA ESPAÑA;CASTELLANA, PASEO, DE LA;176;CargayDescarga;Línea;3;13,20;LABORABLES DE 8 A 14 HORAS Y DE 16:30 A 19:00 H EXCEPTO CARGA Y DESCARGA;-3.6892796;40.4604083;CASTELLANA, PASEO, DE LA, Nº 176
442715,1200000000;4478996,1800000000;37308;05  CHAMARTÍN;05-05 NUEVA ESPAÑA;CHILE, CALLE, DE;25;CargayDescarga;Línea;3;12,80;;-3.6756495;40.4596599;CHILE, CALLE, DE, Nº 25
442926,9600000000;4478877,5900000000;36999;05  CHAMARTÍN;05-05 NUEVA ESPAÑA;COSTA RICA, CALLE, DE;15;CargayDescarga;Línea;3;15,00;;-3.6731405;40.4586061;COSTA RICA, CALLE, DE, Nº 15
441673,6700000000;4479128,9900000000;43809;05  CHAMARTÍN;05-05 NUEVA ESPAÑA;DOCTOR FLEMING, CALLE, DEL;29;CargayDescarga;Línea;2;9,00;LAB DE 8 A 14 H. Y DE 16.30 A 19 H. Y DOMINGOS DE 9 A 12 H.;-3.6879443;40.4607838;DOCTOR FLEMING, CALLE, DEL, Nº 29
442136,6800000000;4479555,7900000000;39498;05  CHAMARTÍN;05-05 NUEVA ESPAÑA;FRANCISCO SUAREZ, CALLE, DE;16;CargayDescarga;Línea;3;15,00;;-3.6825225;40.464661;FRANCISCO SUAREZ, CALLE, DE, Nº 16
441903,2800000000;4479515,9300000000;43409;05  CHAMARTÍN;05-05 NUEVA ESPAÑA;GENERAL LOPEZ POZAS, CALLE, DEL;8;CargayDescarga;Línea;2;12,00;LAB DE 8 A 14 HY DE 16.30 A 19 H. EXCEPTO CARGA Y DESCARGA;-3.6852717;40.4642856;GENERAL LOPEZ POZAS, CALLE, DEL, Nº 8
441743,8900000000;4479352,3200000000;43242;05  CHAMARTÍN;05-05 NUEVA ESPAÑA;JUAN RAMON JIMENEZ, CALLE, DE;45;CargayDescarga;Línea;2;12,00;LABORABLES 8 A 14 H Y DE 16.30 A 19 H. EXCEPTO CARGA Y DESCARGA EN LÍNEA;-3.6871367;40.4628006;JUAN RAMON JIMENEZ, CALLE, DE, Nº 45
442284,8200000000;4479103,4400000000;43305;05  CHAMARTÍN;05-05 NUEVA ESPAÑA;LA HABANA, PASEO, DE;176;CargayDescarga;Línea;2;12,00;LABORABLES DE 8 A 14 H. EXCEPTO CARGA Y DESCARGA;-3.6807341;40.4605963;LA HABANA, PASEO, DE, Nº 176
441883,8000000000;4479128,8100000000;41057;05  CHAMARTÍN;05-05 NUEVA ESPAÑA;PADRE DAMIAN, CALLE, DEL;37;CargayDescarga;Línea;3;15,10;;-3.685466;40.4607969;PADRE DAMIAN, CALLE, DEL, Nº 37
442600,9300000000;4478910,4100000000;39617;05  CHAMARTÍN;05-05 NUEVA ESPAÑA;REPUBLICA DOMINICANA, PLAZA, DE LA;4;CargayDescarga;Línea;3;17,00;;-3.6769885;40.4588793;REPUBLICA DOMINICANA, PLAZA, DE LA, Nº 4
443197,5600000000;4479298,2200000000;38510;05  CHAMARTÍN;05-05 NUEVA ESPAÑA;SANTA MARIA MAGDALENA, CALLE, DE;14;CargayDescarga;Línea;3;15,00;;-3.6699868;40.4624139;SANTA MARIA MAGDALENA, CALLE, DE, Nº 14
442568,0400000000;4479119,0900000000;1;05  CHAMARTÍN;05-05 NUEVA ESPAÑA;TRIANA, CALLE, DE;3;CargayDescarga;Línea;3;13,90;;-3.6773953;40.4607569;TRIANA, CALLE, DE, Nº 3
441878,6400000000;4480140,1800000000;39247;05  CHAMARTÍN;05-06 CASTILLA;AGUSTIN DE FOXA, CALLE, DE;26;CargayDescarga;Línea;2;10,00;;-3.6856195;40.4699074;AGUSTIN DE FOXA, CALLE, DE, Nº 26
441886,9900000000;4480182,7300000000;39247;05  CHAMARTÍN;05-06 CASTILLA;AGUSTIN DE FOXA, CALLE, DE;30;CargayDescarga;Línea;3;15,07;;-3.6855249;40.4702913;AGUSTIN DE FOXA, CALLE, DE, Nº 30
442109,0700000000;4480352,2100000000;1;05  CHAMARTÍN;05-06 CASTILLA;AGUSTIN DE FOXA, CALLE, DE;40;CargayDescarga;Línea;5;27,30;EXCEPTO SUBIDA Y BAJADADE VIAJEROSCARGA Y DESCARGA(Estacion Chamartin);-3.6829208;40.4718336;AGUSTIN DE FOXA, CALLE, DE, Nº 40
441678,8800000000;4479919,1100000000;38442;05  CHAMARTÍN;05-06 CASTILLA;AGUSTIN DE FOXA, CALLE, DE;5;CargayDescarga;Línea;3;15,10;;-3.6879555;40.4679019;AGUSTIN DE FOXA, CALLE, DE, Nº 5
442711,8600000000;4480574,3700000000;35348;05  CHAMARTÍN;05-06 CASTILLA;BURGOS, AVENIDA, DE;12;CargayDescarga;Línea;3;21,68;;-3.6758305;40.4738767;BURGOS, AVENIDA, DE, Nº 12
443212,8100000000;4479830,3000000000;38546;05  CHAMARTÍN;05-06 CASTILLA;CARDENAL MARCELO SPINOLA, CALLE, DEL;10;CargayDescarga;Batería;6;16,30;;-3.6698545;40.4672082;CARDENAL MARCELO SPINOLA, CALLE, DEL, Nº 10
443095,4800000000;4479779,0000000000;38546;05  CHAMARTÍN;05-06 CASTILLA;CARDENAL MARCELO SPINOLA, CALLE, DEL;4;CargayDescarga;Batería;6;15,00;;-3.6712338;40.466738;CARDENAL MARCELO SPINOLA, CALLE, DEL, Nº 4
441681,6500000000;4480039,3500000000;43410;05  CHAMARTÍN;05-06 CASTILLA;CARMEN SANCHEZ CARRASCOSA, CALLE, DE;5;CargayDescarga;Línea;2;10,90;LAB. DE 8 A 14 H. Y DE 16.30 A 19 H. EXCEPTO CARGA Y DESCARGA;-3.6879339;40.4689853;CARMEN SANCHEZ CARRASCOSA, CALLE, DE, Nº 5
441946,0500000000;4481077,3300000000;40956;05  CHAMARTÍN;05-06 CASTILLA;CONDE DE TORRALBA, CALLE, DEL;11;CargayDescarga;Línea;3;15,00;;-3.6849102;40.4783544;CONDE DE TORRALBA, CALLE, DEL, Nº 11
441880,9400000000;4480068,4000000000;1;05  CHAMARTÍN;05-06 CASTILLA;ESTEBAN TERRADAS, CALLE, DE;3;CargayDescarga;Línea;2;20,05;;-3.6855858;40.4692609;ESTEBAN TERRADAS, CALLE, DE, Nº 3
442189,4800000000;4480326,5100000000;1;05  CHAMARTÍN;05-06 CASTILLA;HIEDRA, CALLE, DE LA;5;CargayDescarga;Línea;6;31,20;EXCEPTO SUBIDA Y BAJADADE VIAJEROS(Estacion Chamartin);-3.68197;40.4716076;HIEDRA, CALLE, DE LA, Nº 5
443009,1700000000;4479896,8800000000;38309;05  CHAMARTÍN;05-06 CASTILLA;JOSE BARDASANO BAOS, CALLE, DE;6;CargayDescarga;Línea;5;30,50;;-3.6722624;40.467794;JOSE BARDASANO BAOS, CALLE, DE, Nº 6
441869,6400000000;4480874,2700000000;42209;05  CHAMARTÍN;05-06 CASTILLA;MANUEL CALDEIRO, CALLE, DE;1;CargayDescarga;Línea;3;15,00;LAB DE 8 A 17 H. EXCEPTO CARGA Y DESCARGA EN LINEA;-3.685793;40.4765198;MANUEL CALDEIRO, CALLE, DE, Nº 1
441761,7400000000;4480033,1900000000;36245;05  CHAMARTÍN;05-06 CASTILLA;MAURICIO LEGENDRE, CALLE, DE;1;CargayDescarga;Línea;3;14,50;;-3.6869886;40.4689354;MAURICIO LEGENDRE, CALLE, DE, Nº 1
441808,0800000000;4480244,3400000000;38461;05  CHAMARTÍN;05-06 CASTILLA;MAURICIO LEGENDRE, CALLE, DE;17;CargayDescarga;Línea;3;15,01;;-3.6864614;40.4708408;MAURICIO LEGENDRE, CALLE, DE, Nº 17
441809,3000000000;4480116,5700000000;38555;05  CHAMARTÍN;05-06 CASTILLA;MAURICIO LEGENDRE, CALLE, DE;2;CargayDescarga;Línea;4;20,00;;-3.6864353;40.4696899;MAURICIO LEGENDRE, CALLE, DE, Nº 2
441775,8900000000;4480099,4600000000;37928;05  CHAMARTÍN;05-06 CASTILLA;MAURICIO LEGENDRE, CALLE, DE;9;CargayDescarga;Línea;2;15,02;;-3.6868278;40.4695334;MAURICIO LEGENDRE, CALLE, DE, Nº 9
441890,5400000000;4479981,4700000000;1;05  CHAMARTÍN;05-06 CASTILLA;NUÑEZ MORGADO, CALLE, DE;9;CargayDescarga;Línea;4;20,12;LABORABLES DE 09 A 20 H.EXCEPTO CARGA Y DESCARGA;-3.6854646;40.4684785;NUÑEZ MORGADO, CALLE, DE, Nº 9
441853,6000000000;4480619,8100000000;39772;05  CHAMARTÍN;05-06 CASTILLA;PADRE FRANCISCO PALAU Y QUER, CALLE, DEL;5;CargayDescarga;Línea;2;11,10;;-3.6859589;40.4742264;PADRE FRANCISCO PALAU Y QUER, CALLE, DEL, Nº 5
440084,1300000000;4477746,3300000000;39885;06  TETUÁN;06-01 BELLAS VISTAS;ADELA BALBOA, CALLE, DE;6;CargayDescarga;Línea;2;11,00;;-3.7065607;40.4482152;ADELA BALBOA, CALLE, DE, Nº 6
440201,6600000000;4477809,3200000000;43595;06  TETUÁN;06-01 BELLAS VISTAS;ALMANSA, CALLE, DE;24;CargayDescarga;Batería;2;5,00;lab. de 8 a 14 h y de 16.30 a 19 h. excepto carga y descarga;-3.7051808;40.4487911;ALMANSA, CALLE, DE, Nº 24
440309,4300000000;4477884,9300000000;39961;06  TETUÁN;06-01 BELLAS VISTAS;CARNICER, CALLE, DE;2;CargayDescarga;Línea;3;15,00;Lab. de 9 a 20 h.excepto: CARGA Y DESCARGA;-3.7039171;40.4494799;CARNICER, CALLE, DE, Nº 2
440130,1500000000;4478079,3400000000;43509;06  TETUÁN;06-01 BELLAS VISTAS;CAROLINAS, CALLE, DE LAS;26;CargayDescarga;Línea;3;14,10;LAB DE 8 A 14 H Y DE 16.30 A 19 H. EXCEPTO CARGA Y DESCARGA;-3.7060495;40.4512184;CAROLINAS, CALLE, DE LAS, Nº 26
440359,3200000000;4478264,6700000000;39961;06  TETUÁN;06-01 BELLAS VISTAS;CASTILLA, CALLE, DE;2;CargayDescarga;Línea;3;14,00;Lab. de 9 a 14 h. y de 16,30 a 20 h.Excepto CARGA Y DESCARGA;-3.7033644;40.4529044;CASTILLA, CALLE, DE, Nº 2
440182,4800000000;4478292,1800000000;1;06  TETUÁN;06-01 BELLAS VISTAS;CASTILLA, CALLE, DE;34;CargayDescarga;Batería;7;15,70;;-3.7054524;40.4531395;CASTILLA, CALLE, DE, Nº 34
440054,4900000000;4478311,9800000000;41306;06  TETUÁN;06-01 BELLAS VISTAS;CASTILLA, CALLE, DE;54;CargayDescarga;Línea;2;12,00;LABORABLES DE 8 A 17 H. EXCEPTO CARGA Y DESCARGA EN LÍNEA;-3.7069636;40.4533086;CASTILLA, CALLE, DE, Nº 54
440012,8400000000;4477847,8700000000;41022;06  TETUÁN;06-01 BELLAS VISTAS;CASTILLO PIÑEIRO, CALLE, DE;5;CargayDescarga;Batería;3;15,00;;-3.7074109;40.4491247;CASTILLO PIÑEIRO, CALLE, DE, Nº 5
439838,0000000000;4478083,5700000000;37060;06  TETUÁN;06-01 BELLAS VISTAS;DOCTOR FEDERICO RUBIO Y GALI, AVENIDA, DEL;33;CargayDescarga;Línea;3;15,00;;-3.709495;40.4512354;DOCTOR FEDERICO RUBIO Y GALI, AVENIDA, DEL, Nº 33
440148,9100000000;4477680,5600000000;42580;06  TETUÁN;06-01 BELLAS VISTAS;DOCTOR SANTERO, CALLE, DEL;17;CargayDescarga;Línea;2;11,90;LAB DE 8 A 14H. EXCEPTO: CARGA Y DESCARGA;-3.7057907;40.4476273;DOCTOR SANTERO, CALLE, DEL, Nº 17
440249,8200000000;4477681,5600000000;43577;06  TETUÁN;06-01 BELLAS VISTAS;DOCTOR SANTERO, CALLE, DEL;3;CargayDescarga;Línea;9;46,00;LAB. DE 8 A 14 H Y DE 16.30 A 19 H EXCEPTO CARGA Y DESCARGA;-3.7046009;40.4476436;DOCTOR SANTERO, CALLE, DEL, Nº 3
440062,2900000000;4477679,6500000000;35838;06  TETUÁN;06-01 BELLAS VISTAS;DOCTOR SANTERO, CALLE, DEL;31;CargayDescarga;Línea;2;12,60;Laborables de 8 a 14 h. y de 16,30 a 20 h.Excepto CARGA Y DESCARGA;-3.706812;40.4476129;DOCTOR SANTERO, CALLE, DEL, Nº 31
440061,5900000000;4478469,0800000000;1;06  TETUÁN;06-01 BELLAS VISTAS;JERONIMA LLORENTE, CALLE, DE;34;CargayDescarga;Línea;2;16,80;;-3.7068947;40.4547244;JERONIMA LLORENTE, CALLE, DE, Nº 34
439855,6600000000;4478196,9900000000;36052;06  TETUÁN;06-01 BELLAS VISTAS;JERONIMA LLORENTE, CALLE, DE;78;CargayDescarga;Línea;3;15,20;LABORABLES DE 9 A 14 H.Y DE 16,30 A 20 H. EXCEPTOCARGA Y DESCARGA;-3.7092975;40.4522584;JERONIMA LLORENTE, CALLE, DE, Nº 78
440314,8500000000;4477940,1200000000;39961;06  TETUÁN;06-01 BELLAS VISTAS;JUAN PANTOJA, CALLE, DE;1;CargayDescarga;Línea;3;20,50;;-3.7038584;40.4499775;JUAN PANTOJA, CALLE, DE, Nº 1
439972,4700000000;4478265,7300000000;42244;06  TETUÁN;06-01 BELLAS VISTAS;LEÑEROS, CALLE, DE LOS;6 B;CargayDescarga;Línea;2;12,00;Lab de 8 a 19h. Excepto: Carga y Descarga;-3.7079265;40.4528861;LEÑEROS, CALLE, DE LOS, Nº 6 B
440338,6100000000;4478333,2400000000;43577;06  TETUÁN;06-01 BELLAS VISTAS;NAVARRA, CALLE, DE;7;CargayDescarga;Línea;4;21,10;LAB DE 8 A 14 H Y DE 16.30 A 19 H EXCEPTO CARGA Y DESCARGA;-3.7036151;40.4535206;NAVARRA, CALLE, DE, Nº 7
440076,1700000000;4478553,7100000000;41155;06  TETUÁN;06-01 BELLAS VISTAS;PAMPLONA, CALLE, DE;43;CargayDescarga;Línea;2;10,00;;-3.7067308;40.4554878;PAMPLONA, CALLE, DE, Nº 43
440339,2800000000;4478157,2500000000;39961;06  TETUÁN;06-01 BELLAS VISTAS;SAN RAIMUNDO, CALLE, DE;2;CargayDescarga;Línea;3;20,90;;-3.7035907;40.4519352;SAN RAIMUNDO, CALLE, DE, Nº 2
440005,5200000000;4478137,3800000000;40322;06  TETUÁN;06-01 BELLAS VISTAS;SAN RAIMUNDO, CALLE, DE;50;CargayDescarga;Línea;3;15,00;;-3.7075246;40.4517322;SAN RAIMUNDO, CALLE, DE, Nº 50
440349,4100000000;4478203,3400000000;39961;06  TETUÁN;06-01 BELLAS VISTAS;SANTA JULIANA, CALLE, DE;1;CargayDescarga;Línea;3;15,00;Lab. de 9 a 20 h.excepto:  CARGA Y DESCARGA;-3.7034756;40.4523512;SANTA JULIANA, CALLE, DE, Nº 1
440263,3100000000;4478030,4600000000;1;06  TETUÁN;06-01 BELLAS VISTAS;TOPETE, CALLE, DEL;28;CargayDescarga;Línea;3;14,90;Lab. de 9 a 20 h.excepto: CARGA Y DESCARGA;-3.7044746;40.4507876;TOPETE, CALLE, DEL, Nº 28
440272,2700000000;4478108,4200000000;41407;06  TETUÁN;06-01 BELLAS VISTAS;TOPETE, CALLE, DEL;38;CargayDescarga;Línea;2;9,70;LAB DE 8 A 14 H Y DE 16.30 A 19 H. EXCEPTO CARGA Y DESCARGA;-3.7043763;40.4514906;TOPETE, CALLE, DEL, Nº 38
440547,6000000000;4477655,5000000000;39961;06  TETUÁN;06-02 CUATRO CAMINOS;ARTISTAS, CALLE, DE LOS;26;CargayDescarga;Línea;3;16,60;;-3.7010871;40.4474302;ARTISTAS, CALLE, DE LOS, Nº 26
440372,6100000000;4477645,8900000000;38432;06  TETUÁN;06-02 CUATRO CAMINOS;ARTISTAS, CALLE, DE LOS;3;CargayDescarga;Línea;3;15,00;;-3.7031496;40.4473311;ARTISTAS, CALLE, DE LOS, Nº 3
440687,0300000000;4477653,0100000000;42319;06  TETUÁN;06-02 CUATRO CAMINOS;ARTISTAS, CALLE, DE LOS;40;CargayDescarga;Línea;3;15,10;;-3.6994428;40.4474177;ARTISTAS, CALLE, DE LOS, Nº 40
440762,9500000000;4477597,6600000000;1;06  TETUÁN;06-02 CUATRO CAMINOS;AVIADOR ZORITA, CALLE, DEL;2;CargayDescarga;Línea;5;26,40;Lab. de 8 a 20 h.excepto: CARGA Y DESCARGA;-3.6985424;40.4469245;AVIADOR ZORITA, CALLE, DEL, Nº 2
440809,4500000000;4478187,2100000000;44244;06  TETUÁN;06-02 CUATRO CAMINOS;AVIADOR ZORITA, CALLE, DEL;50;CargayDescarga;Línea;3;20,30;;-3.6980491;40.4522388;AVIADOR ZORITA, CALLE, DEL, Nº 50
440522,2800000000;4478240,3500000000;1;06  TETUÁN;06-02 CUATRO CAMINOS;AVILA, CALLE, DE;6;CargayDescarga;Línea;6;20,09;LABORABLES DE 9 A 13 H. Y DE 16 A 20 H.EXCEPTO CARGA Y DESCARGA;-3.7014405;40.452697;AVILA, CALLE, DE, Nº 6
441211,0700000000;4478452,0300000000;42277;06  TETUÁN;06-02 CUATRO CAMINOS;BRASIL, AVENIDA, DE;10;CargayDescarga;Línea;3;15,14;LAB DE 7 A 17 H EXCEPTO CARGA Y DESCARGA EN LINEA;-3.6933375;40.4546529;BRASIL, AVENIDA, DE, Nº 10
441103,7400000000;4478072,5900000000;42797;06  TETUÁN;06-02 CUATRO CAMINOS;CARLOS TRIAS BERTRAN, PLAZA, DE;2;CargayDescarga;Línea;4;20,00;EXCEPTO CCARGA Y DESCARGA EN LINEA;-3.694568;40.4512271;CARLOS TRIAS BERTRAN, PLAZA, DE, Nº 2
441402,2800000000;4478293,5500000000;1;06  TETUÁN;06-02 CUATRO CAMINOS;CASTELLANA, PASEO, DE LA;101;CargayDescarga;Línea;3;15,10;;-3.691068;40.4532387;CASTELLANA, PASEO, DE LA, Nº 101
441360,0600000000;4477775,2600000000;42996;06  TETUÁN;06-02 CUATRO CAMINOS;CASTELLANA, PASEO, DE LA;85;CargayDescarga;Línea;3;19,40;;-3.691518;40.4485668;CASTELLANA, PASEO, DE LA, Nº 85
441375,1200000000;4477959,8200000000;43038;06  TETUÁN;06-02 CUATRO CAMINOS;CASTELLANA, PASEO, DE LA;89;CargayDescarga;Línea;4;19,90;Lab. de lunes a viernes de 8 a 14 h y de 16.30 a 19 h. sabados de 8a 14 horas excepto carga y descarga;-3.6913574;40.4502304;CASTELLANA, PASEO, DE LA, Nº 89
440879,0500000000;4477588,0400000000;39160;06  TETUÁN;06-02 CUATRO CAMINOS;EDGAR NEVILLE, CALLE, DE;1;CargayDescarga;Línea;4;25,99;;-3.6971725;40.4468461;EDGAR NEVILLE, CALLE, DE, Nº 1
440935,6400000000;4478127,8300000000;41346;06  TETUÁN;06-02 CUATRO CAMINOS;EDGAR NEVILLE, CALLE, DE;30;CargayDescarga;Línea;3;15,00;LABORABLES DE 8 A 17 H. EXCEPTO CARGA Y DESCARGA;-3.6965554;40.4517128;EDGAR NEVILLE, CALLE, DE, Nº 30
440754,4200000000;4478329,4500000000;37056;06  TETUÁN;06-02 CUATRO CAMINOS;FORTUNATA Y JACINTA, CALLE, DE;3;CargayDescarga;Línea;3;15,10;;-3.6987113;40.4535162;FORTUNATA Y JACINTA, CALLE, DE, Nº 3
440980,4100000000;4478421,6900000000;44193;06  TETUÁN;06-02 CUATRO CAMINOS;GENERAL CABRERA, CALLE, DEL;10;CargayDescarga;Batería;2;8,20;lab. de lunes aviernes de 8 a 14 h. excepot carga y descarga en línea;-3.6960548;40.4543632;GENERAL CABRERA, CALLE, DEL, Nº 10
440436,8300000000;4477749,3100000000;39961;06  TETUÁN;06-02 CUATRO CAMINOS;HERNANI, CALLE, DE;18;CargayDescarga;Batería;5;12,60;;-3.7024021;40.4482673;HERNANI, CALLE, DE, Nº 18
440554,7300000000;4477743,3000000000;39961;06  TETUÁN;06-02 CUATRO CAMINOS;HERNANI, CALLE, DE;32;CargayDescarga;Batería;4;10,00;;-3.7010113;40.4482216;HERNANI, CALLE, DE, Nº 32
440721,0800000000;4477735,3400000000;41698;06  TETUÁN;06-02 CUATRO CAMINOS;HERNANI, CALLE, DE;48;CargayDescarga;Batería;2;11,50;LAB DE 8 A 14 H. Y DE 16.30 A 19 H. EXCEPTO: CARGAR Y DESCARGA;-3.699049;40.4481618;HERNANI, CALLE, DE, Nº 48
440372,7200000000;4477754,2100000000;39961;06  TETUÁN;06-02 CUATRO CAMINOS;HERNANI, CALLE, DE;6;CargayDescarga;Línea;2;13,60;;-3.7031585;40.4483069;HERNANI, CALLE, DE, Nº 6
440737,1100000000;4478450,6200000000;36930;06  TETUÁN;06-02 CUATRO CAMINOS;INFANTA MERCEDES, CALLE, DE LA;29;CargayDescarga;Línea;3;15,00;;-3.6989267;40.4546065;INFANTA MERCEDES, CALLE, DE LA, Nº 29
440376,5700000000;4477997,1900000000;40360;06  TETUÁN;06-02 CUATRO CAMINOS;JAEN, CALLE, DE;2;CargayDescarga;Línea;3;15,60;LAB DE 9 A 14 H Y DE 16.30 A 20 H EXCEPTO CARGA Y DESCARGA;-3.7031359;40.450496;JAEN, CALLE, DE, Nº 2
440416,2800000000;4478324,3400000000;1;06  TETUÁN;06-02 CUATRO CAMINOS;JUAN DE OLIAS, CALLE, DE;2;CargayDescarga;Línea;3;15,40;Lab. de 9 a 20 h.excepto: CARGA Y DESCARGA;-3.7026983;40.453446;JUAN DE OLIAS, CALLE, DE, Nº 2
440667,7200000000;4478296,8400000000;37748;06  TETUÁN;06-02 CUATRO CAMINOS;JUAN DE OLIAS, CALLE, DE;30;CargayDescarga;Línea;2;13,20;Lab. de 9 a 20 h.excepto: CARGA Y DESCARGA;-3.6997306;40.4532162;JUAN DE OLIAS, CALLE, DE, Nº 30
441032,1600000000;4478349,2400000000;1;06  TETUÁN;06-02 CUATRO CAMINOS;JULIÁN BESTEIRO, CALLE, DE;8;CargayDescarga;Línea;3;15,90;Lab. de 9 a 20 h.excepto: CARGA Y DESCARGA;-3.6954378;40.4537142;JULIÁN BESTEIRO, CALLE, DE, Nº 8
440467,6300000000;4478574,2700000000;40360;06  TETUÁN;06-02 CUATRO CAMINOS;LA CORUÑA, CALLE, DE;1;CargayDescarga;Línea;4;18,00;;-3.7021162;40.4557011;LA CORUÑA, CALLE, DE, Nº 1
440587,4400000000;4478539,0800000000;35394;06  TETUÁN;06-02 CUATRO CAMINOS;LA CORUÑA, CALLE, DE;13;CargayDescarga;Línea;2;8,10;;-3.7007;40.4553927;LA CORUÑA, CALLE, DE, Nº 13
440625,2700000000;4478583,4700000000;41468;06  TETUÁN;06-02 CUATRO CAMINOS;LERIDA, CALLE, DE;47;CargayDescarga;Batería;6;16,00;LABORABLES DE 8 A 14 H. Y DE 16:30 A 19 H. EXCEPTO CARGA Y DESCARGA. MÁXIMO 30 MINUTOS;-3.700258;40.4557953;LERIDA, CALLE, DE, Nº 47
440440,9000000000;4478492,9100000000;35415;06  TETUÁN;06-02 CUATRO CAMINOS;MANUEL LUNA, CALLE, DE;2;CargayDescarga;Línea;3;15,00;Lab. de 9 a 14 h. y de 16,30 a 20 h.Excepto CARGA Y DESCARGA;-3.7024238;40.4549663;MANUEL LUNA, CALLE, DE, Nº 2
440432,5300000000;4478438,0400000000;39961;06  TETUÁN;06-02 CUATRO CAMINOS;MERCEDES, CALLE, DE LAS;2;CargayDescarga;Línea;3;15,00;;-3.7025174;40.4544714;MERCEDES, CALLE, DE LAS, Nº 2
441062,9400000000;4478003,5600000000;1;06  TETUÁN;06-02 CUATRO CAMINOS;ORENSE, CALLE, DE;21;CargayDescarga;Línea;4;19,80;;-3.6950427;40.4506024;ORENSE, CALLE, DE, Nº 21
441069,9900000000;4478091,7100000000;1;06  TETUÁN;06-02 CUATRO CAMINOS;ORENSE, CALLE, DE;24;CargayDescarga;Línea;3;13,60;;-3.6949678;40.451397;ORENSE, CALLE, DE, Nº 24
441008,7100000000;4477605,0600000000;42040;06  TETUÁN;06-02 CUATRO CAMINOS;ORENSE, CALLE, DE;3;CargayDescarga;Línea;2;12,60;LAB DE 8 A 14 H Y DE 16.30 A 19 H EXCEPTO CARGA Y DESCARGA;-3.6956452;40.4470087;ORENSE, CALLE, DE, Nº 3
441034,9100000000;4477678,5200000000;43623;06  TETUÁN;06-02 CUATRO CAMINOS;ORENSE, CALLE, DE;4;CargayDescarga;Línea;4;20,00;LAB. DE 9 A 20 H. EXCEPTO CARGA Y DESCARG;-3.6953431;40.4476723;ORENSE, CALLE, DE, Nº 4
440368,9400000000;4477939,9000000000;1;06  TETUÁN;06-02 CUATRO CAMINOS;PALENCIA, CALLE, DE;1;CargayDescarga;Línea;2;12,90;;-3.7032205;40.4499794;PALENCIA, CALLE, DE, Nº 1
440539,0100000000;4477917,8500000000;40360;06  TETUÁN;06-02 CUATRO CAMINOS;PALENCIA, CALLE, DE;31;CargayDescarga;Línea;3;14,00;;-3.701213;40.4497929;PALENCIA, CALLE, DE, Nº 31
440392,6800000000;4477935,8700000000;42761;06  TETUÁN;06-02 CUATRO CAMINOS;PALENCIA, CALLE, DE;7;CargayDescarga;Línea;2;10,90;LAB DE 8 A 14 H Y DE 16.30 A 19 H EXCEPTO CARGA Y DESCARGA;-3.7029402;40.4499448;PALENCIA, CALLE, DE, Nº 7
440772,7100000000;4478044,0600000000;36682;06  TETUÁN;06-02 CUATRO CAMINOS;REINA MERCEDES, CALLE, DE LA;14;CargayDescarga;Línea;3;7,08;;-3.698469;40.4509466;REINA MERCEDES, CALLE, DE LA, Nº 14
440487,3800000000;4478638,6400000000;39961;06  TETUÁN;06-02 CUATRO CAMINOS;SAN ENRIQUE, CALLE, DE;2;CargayDescarga;Línea;3;15,00;Lab. de 9 a 20 h.excepto: CARGA Y DESCARGA;-3.7018894;40.4562824;SAN ENRIQUE, CALLE, DE, Nº 2
440688,1500000000;4478714,9600000000;1;06  TETUÁN;06-02 CUATRO CAMINOS;SAN GERMÁN, CALLE, DE;43;CargayDescarga;Línea;3;15,00;;-3.6995288;40.4569843;SAN GERMÁN, CALLE, DE, Nº 43
440395,5700000000;4478138,6200000000;39961;06  TETUÁN;06-02 CUATRO CAMINOS;TERUEL, CALLE, DE;1;CargayDescarga;Línea;3;14,00;Lab. de 9 a 14 h. y de 16,30 a 20 h.Excepto CARGA Y DESCARGA;-3.7029251;40.4517715;TERUEL, CALLE, DE, Nº 1
441433,9800000000;4478679,3600000000;36605;06  TETUÁN;06-03 CASTILLEJOS;CASTELLANA, PASEO, DE LA;113;CargayDescarga;Línea;3;15,90;MAXIMO 30 MINUTOS;-3.6907297;40.4567165;CASTELLANA, PASEO, DE LA, Nº 113
441471,2700000000;4479130,3400000000;40905;06  TETUÁN;06-03 CASTILLEJOS;CASTELLANA, PASEO, DE LA;151;CargayDescarga;Línea;3;15,00;;-3.6903315;40.4607817;CASTELLANA, PASEO, DE LA, Nº 151
441122,3400000000;4479159,7200000000;40361;06  TETUÁN;06-03 CASTILLEJOS;FRANCISCO GERVAS, CALLE, DE;18;CargayDescarga;Línea;3;15,00;;-3.6944495;40.4610218;FRANCISCO GERVAS, CALLE, DE, Nº 18
440669,5400000000;4478930,8000000000;39961;06  TETUÁN;06-03 CASTILLEJOS;FRANCISCO MEDRANO, CALLE, DE;1;CargayDescarga;Línea;2;10,00;LABORABLES DE 9 A14 H.Y DE 16,30 A 20 H. EXCEPTOCARGA Y DESCARGA;-3.6997684;40.4589273;FRANCISCO MEDRANO, CALLE, DE, Nº 1
440913,4900000000;4479156,9800000000;40029;06  TETUÁN;06-03 CASTILLEJOS;GENERAL MARGALLO, CALLE, DEL;11;CargayDescarga;Línea;4;18,90;;-3.6969124;40.4609823;GENERAL MARGALLO, CALLE, DEL, Nº 11
441015,2400000000;4479119,7900000000;41360;06  TETUÁN;06-03 CASTILLEJOS;GENERAL MARGALLO, CALLE, DEL;23;CargayDescarga;Línea;2;12,00;LABORABLES DE LUNES A VIERNES DE 16,30 A 20 H. EXCEPTO CARGA Y DESCARGA;-3.6957089;40.4606545;GENERAL MARGALLO, CALLE, DEL, Nº 23
440959,4400000000;4478951,1000000000;41562;06  TETUÁN;06-03 CASTILLEJOS;HERMANO GARATE, CALLE, DEL;13;CargayDescarga;Batería;1;12,50;LAB DE 8 A 17 H. EXCEPTO CARGA Y DESCARGA EN LINEA;-3.6963514;40.4591309;HERMANO GARATE, CALLE, DEL, Nº 13
441270,1600000000;4479509,1100000000;35355;06  TETUÁN;06-03 CASTILLEJOS;INFANTA MERCEDES, CALLE, DE LA;100;CargayDescarga;Línea;4;15,97;LAB. DE 8 A 14 H. Y DE 16,30 A 19 H.EXCEPTO CARGA Y DESCARGA;-3.6927385;40.4641797;INFANTA MERCEDES, CALLE, DE LA, Nº 100
440931,7100000000;4479006,8400000000;44014;06  TETUÁN;06-03 CASTILLEJOS;INFANTA MERCEDES, CALLE, DE LA;58;CargayDescarga;Línea;4;20,10;LAB DE 8 A 22 H.  EXCEPTO CARGA Y DESCARGA;-3.6966836;40.459631;INFANTA MERCEDES, CALLE, DE LA, Nº 58
441026,8500000000;4479500,5500000000;39911;06  TETUÁN;06-03 CASTILLEJOS;OÑATE, CALLE, DE;2;CargayDescarga;Línea;2;10,00;;-3.6956074;40.4640853;OÑATE, CALLE, DE, Nº 2
441115,2000000000;4478696,5800000000;42900;06  TETUÁN;06-03 CASTILLEJOS;ORENSE, CALLE, DE;44;CargayDescarga;Línea;6;15,10;DE LUNES A SABADO DE 8 A 15 HORAS EXCEPTO CARGA Y DESCARGA EN LINEA;-3.6944908;40.4568491;ORENSE, CALLE, DE, Nº 44
441131,0800000000;4479051,7900000000;41106;06  TETUÁN;06-03 CASTILLEJOS;ORENSE, CALLE, DE;83;CargayDescarga;Línea;4;20,30;;-3.6943364;40.4600501;ORENSE, CALLE, DE, Nº 83
440920,9300000000;4479351,1500000000;39961;06  TETUÁN;06-03 CASTILLEJOS;PEDRO VILLAR, CALLE, DE;1;CargayDescarga;Línea;2;11,70;lab. de 9 a 20 h.excepto: CARGA Y DESCARGA;-3.6968428;40.4627319;PEDRO VILLAR, CALLE, DE, Nº 1
441294,9100000000;4478655,5200000000;36692;06  TETUÁN;06-03 CASTILLEJOS;POETA JOAN MARAGALL, CALLE, DEL;17;CargayDescarga;Línea;3;15,72;;-3.6923676;40.4564919;POETA JOAN MARAGALL, CALLE, DEL, Nº 17
441303,0900000000;4478755,2000000000;41631;06  TETUÁN;06-03 CASTILLEJOS;POETA JOAN MARAGALL, CALLE, DEL;19 B;CargayDescarga;Batería;3;15,10;LABORABLES DE 8 A 19H.EXCEPTO: CARGA Y DESCARGA;-3.6922804;40.4573905;POETA JOAN MARAGALL, CALLE, DEL, Nº 19 B
441376,7600000000;4479415,3200000000;40647;06  TETUÁN;06-03 CASTILLEJOS;POETA JOAN MARAGALL, CALLE, DEL;62;CargayDescarga;Línea;3;15,00;;-3.6914725;40.4633423;POETA JOAN MARAGALL, CALLE, DEL, Nº 62
440984,8300000000;4479438,8100000000;41800;06  TETUÁN;06-03 CASTILLEJOS;ROSA DE SILVA, CALLE, DE;1;CargayDescarga;Línea;2;10,00;;-3.6960973;40.4635262;ROSA DE SILVA, CALLE, DE, Nº 1
441211,7100000000;4479299,9100000000;40394;06  TETUÁN;06-03 CASTILLEJOS;ROSARIO PINO, CALLE, DE;18;CargayDescarga;Línea;3;19,00;;-3.6934085;40.462291;ROSARIO PINO, CALLE, DE, Nº 18
441038,1700000000;4479891,1100000000;43746;06  TETUÁN;06-04 ALMENARA;ANTONIO, CALLE, DE;25 B;CargayDescarga;Línea;2;8,70;LAB. DE LUNES A VIERNES DE 9 A 20 H. SABADOS DE 9 A 14 H. EXCEPTO CARGA Y DESCARGA;-3.6955102;40.4676045;ANTONIO, CALLE, DE, Nº 25 B
441693,5800000000;4480514,0500000000;39150;06  TETUÁN;06-04 ALMENARA;CASTELLANA, PASEO, DE LA;247;CargayDescarga;Línea;3;15,00;;-3.6878368;40.4732624;CASTELLANA, PASEO, DE LA, Nº 247
441446,4600000000;4480194,5800000000;41172;06  TETUÁN;06-04 ALMENARA;CEDROS, CALLE, DE LOS;63;CargayDescarga;Línea;3;15,00;;-3.6907224;40.4703671;CEDROS, CALLE, DE LOS, Nº 63
441341,2300000000;4479669,4100000000;41619;06  TETUÁN;06-04 ALMENARA;CONDE DEL SERRALLO, CALLE, DEL;1 A;CargayDescarga;Línea;3;15,00;;-3.6919151;40.4656287;CONDE DEL SERRALLO, CALLE, DEL, Nº 1 A
441048,7300000000;4479746,3500000000;40261;06  TETUÁN;06-04 ALMENARA;FRANCISCO CABO, CALLE, DE;5;CargayDescarga;Línea;3;17,50;Laborables de 9 a 20h. Excepto Carga y Descarga;-3.6953722;40.4663011;FRANCISCO CABO, CALLE, DE, Nº 5
441348,4600000000;4480254,1600000000;40476;06  TETUÁN;06-04 ALMENARA;MARTIRES DE LA VENTILLA, CALLE, DE LOS;41;CargayDescarga;Línea;3;15,03;;-3.6918838;40.4708969;MARTIRES DE LA VENTILLA, CALLE, DE LOS, Nº 41
440983,1700000000;4480198,3100000000;41564;06  TETUÁN;06-04 ALMENARA;MONTOYA, CALLE, DE;42;CargayDescarga;Línea;2;12,00;LAB DE 8 A 17 H EXCEPTO CARGA Y DESCARGA;-3.6961875;40.4703679;MONTOYA, CALLE, DE, Nº 42
441071,6600000000;4480534,8300000000;44181;06  TETUÁN;06-04 ALMENARA;NADOR, CALLE, DE;S/N;CargayDescarga;Línea;2;10,00;lab de lunes a sábado de 7 a 16 h. excepto carga y descarga;-3.695175;40.4734057;NADOR, CALLE, DE, Nº S/N
441264,2800000000;4479655,7800000000;1;06  TETUÁN;06-04 ALMENARA;NARDO, CALLE, DEL;2;CargayDescarga;Línea;6;14,20;LAB. DE 8 A 12 H Y DE 16,30 A 19 HEXCEPTO CARGA Y DESCARGA;-3.6928214;40.4655005;NARDO, CALLE, DEL, Nº 2
441289,3400000000;4480043,0200000000;40822;06  TETUÁN;06-04 ALMENARA;SAN BENITO, CALLE, DE;22;CargayDescarga;Línea;3;15,10;;-3.6925617;40.4689907;SAN BENITO, CALLE, DE, Nº 22
441079,3200000000;4479654,5800000000;40149;06  TETUÁN;06-04 ALMENARA;SIMANCAS, CALLE, DE;1;CargayDescarga;Línea;6;30,00;;-3.6950028;40.4654766;SIMANCAS, CALLE, DE, Nº 1
441457,1600000000;4480102,8800000000;40360;06  TETUÁN;06-04 ALMENARA;VINCA, CALLE, DE LA;5;CargayDescarga;Línea;2;8,00;;-3.6905877;40.4695418;VINCA, CALLE, DE LA, Nº 5
440762,2200000000;4480261,8600000000;44156;06  TETUÁN;06-04 ALMENARA;YEROS, CALLE, DEL;9;CargayDescarga;Línea;1;10,20;lab de lunes a viernes de 7 a 20 h Sábados de 7 a 14 h. excepto carga y descarga;-3.6987997;40.4709247;YEROS, CALLE, DEL, Nº 9
440453,2300000000;4480144,6400000000;43935;06  TETUÁN;06-05 VALDEACEDERAS;ARROYO, CALLE, DEL;30;CargayDescarga;Línea;2;10,80;LAB. DE 8 A 19 H. EXCEPTO CARGA Y DESCARGA;-3.7024334;40.4698466;ARROYO, CALLE, DEL, Nº 30
440880,1400000000;4479390,4500000000;38362;06  TETUÁN;06-05 VALDEACEDERAS;AZUCENAS, CALLE, DE LAS;2;CargayDescarga;Línea;2;18,00;lab. de 9 a 20 h.excepto: CARGA Y DESCARGA;-3.6973275;40.4630831;AZUCENAS, CALLE, DE LAS, Nº 2
440775,6600000000;4479433,7400000000;43256;06  TETUÁN;06-05 VALDEACEDERAS;AZUCENAS, CALLE, DE LAS;20;CargayDescarga;Línea;3;14,40;lab de 9 a 21 h excepto carga y descarga;-3.6985638;40.4634656;AZUCENAS, CALLE, DE LAS, Nº 20
440823,6500000000;4479621,8300000000;40132;06  TETUÁN;06-05 VALDEACEDERAS;CAPITAN BLANCO ARGIBAY, CALLE, DEL;23;CargayDescarga;Batería;3;13,50;;-3.6980153;40.4651634;CAPITAN BLANCO ARGIBAY, CALLE, DEL, Nº 23
440636,8500000000;4479689,6800000000;40132;06  TETUÁN;06-05 VALDEACEDERAS;CAPITAN BLANCO ARGIBAY, CALLE, DEL;50;CargayDescarga;Batería;5;13,00;;-3.7002249;40.4657613;CAPITAN BLANCO ARGIBAY, CALLE, DEL, Nº 50
440547,1800000000;4479728,3100000000;40366;06  TETUÁN;06-05 VALDEACEDERAS;CAPITAN BLANCO ARGIBAY, CALLE, DEL;66;CargayDescarga;Batería;3;7,00;;-3.7012862;40.4661029;CAPITAN BLANCO ARGIBAY, CALLE, DEL, Nº 66
440997,5700000000;4479569,2700000000;40132;06  TETUÁN;06-05 VALDEACEDERAS;CAPITAN BLANCO ARGIBAY, CALLE, DEL;8;CargayDescarga;Batería;1;3,00;Lab. de 8 a 20 h.excepto: CARGA Y DESCARGA;-3.6959591;40.4647023;CAPITAN BLANCO ARGIBAY, CALLE, DEL, Nº 8
440443,0000000000;4479777,3900000000;40132;06  TETUÁN;06-05 VALDEACEDERAS;CAPITAN BLANCO ARGIBAY, CALLE, DEL;90;CargayDescarga;Batería;3;10,00;;-3.7025196;40.4665376;CAPITAN BLANCO ARGIBAY, CALLE, DEL, Nº 90
440763,1800000000;4479304,8500000000;42142;06  TETUÁN;06-05 VALDEACEDERAS;CEUTA, CALLE, DE;19;CargayDescarga;Línea;3;16,70;Laborables 8 a 14h y de 16.30 a 19 h. Excepto Carga y Descarga;-3.698699;40.4623036;CEUTA, CALLE, DE, Nº 19
440711,2700000000;4479209,8200000000;43711;06  TETUÁN;06-05 VALDEACEDERAS;CEUTA, CALLE, DE;2;CargayDescarga;Línea;6;31,20;LABORABLES DE 6 A 20.30 H.EXCEPTO CARGA Y DESCARGA;-3.6993023;40.4614439;CEUTA, CALLE, DE, Nº 2
440794,6600000000;4479404,4200000000;41159;06  TETUÁN;06-05 VALDEACEDERAS;CEUTA, CALLE, DE;27;CargayDescarga;Línea;3;15,00;;-3.698337;40.4632028;CEUTA, CALLE, DE, Nº 27
440839,9300000000;4479315,8900000000;39961;06  TETUÁN;06-05 VALDEACEDERAS;CONDE DE VALLELLANO, CALLE, DEL;1;CargayDescarga;Línea;3;13,00;lab. de 9 a 20 h.excepto: CARGA Y DESCARGA;-3.6977948;40.4624085;CONDE DE VALLELLANO, CALLE, DEL, Nº 1
440084,7000000000;4480131,4300000000;42733;06  TETUÁN;06-05 VALDEACEDERAS;DIRECCION, PASEO, DE LA;296;CargayDescarga;Línea;2;10,50;LABORABLES DE LUNES A VIERNES DE 8 A 20 H.SÁBADOS DE 8 A 14 H.EXCEPTO CARGA Y DESCARGA;-3.7067791;40.4697011;DIRECCION, PASEO, DE LA, Nº 296
440262,1600000000;4480130,7400000000;43379;06  TETUÁN;06-05 VALDEACEDERAS;DIRECCION, PASEO, DE LA;322;CargayDescarga;Línea;3;14,20;LAB. DE LUNES A VIERNES DE 7 A 20 HORAS Y SABADOS DE 7 A 14 HORAS. EXCEPTO: CARGA Y DESCARGA;-3.7046859;40.4697077;DIRECCION, PASEO, DE LA, Nº 322
440351,0600000000;4479832,6800000000;41207;06  TETUÁN;06-05 VALDEACEDERAS;ESPERANZA SANCHEZ CARRASCOSA, CALLE, DE;2;CargayDescarga;Línea;2;12,00;;-3.7036092;40.467029;ESPERANZA SANCHEZ CARRASCOSA, CALLE, DE, Nº 2
440700,4300000000;4479639,4500000000;43873;06  TETUÁN;06-05 VALDEACEDERAS;FRAY JUNIPERO SERRA, CALLE, DE;34;CargayDescarga;Línea;3;15,30;LAB DE 8 A 20 H EXCEPTO CARGA Y DESCARGA;-3.6994703;40.4653134;FRAY JUNIPERO SERRA, CALLE, DE, Nº 34
440245,7800000000;4480109,3500000000;43379;06  TETUÁN;06-05 VALDEACEDERAS;ISABEL SERRANO, CALLE, DE;18;CargayDescarga;Línea;1;6,70;LAB. DE LUNES A VIERNES DE 7 A 20 HORAS Y SABADOS DE 7 A 14 HORAS. EXCEPTO: CARGA Y DESCARGA;-3.704877;40.4695138;ISABEL SERRANO, CALLE, DE, Nº 18
440731,0000000000;4479167,0800000000;40975;06  TETUÁN;06-05 VALDEACEDERAS;MARQUES DE VIANA, CALLE, DEL;4;CargayDescarga;Batería;14;35,40;LABORABLES DE 8 A 14 H. Y DE 16:30 A 19 H. EXCEPTO CARGA Y DESCARGA. MÁXIMO 30 MINUTOS;-3.6990657;40.4610602;MARQUES DE VIANA, CALLE, DEL, Nº 4
440388,8700000000;4479405,8100000000;41536;06  TETUÁN;06-05 VALDEACEDERAS;MARQUES DE VIANA, CALLE, DEL;58;CargayDescarga;Línea;2;12,00;DIAS LABORABLES DE 8 A 15 H. EXCEPTO CARGA Y DESCARGA;-3.7031231;40.4631863;MARQUES DE VIANA, CALLE, DEL, Nº 58
440992,8900000000;4479610,9900000000;36521;06  TETUÁN;06-05 VALDEACEDERAS;MONASTERIO DE LEYRE, CALLE, DEL;2;CargayDescarga;Línea;3;14,10;;-3.6960182;40.4650778;MONASTERIO DE LEYRE, CALLE, DEL, Nº 2
440673,1800000000;4479890,4200000000;40194;06  TETUÁN;06-05 VALDEACEDERAS;PLATANO, CALLE, DEL;15;CargayDescarga;Línea;3;15,10;;-3.6998152;40.4675723;PLATANO, CALLE, DEL, Nº 15
440690,0600000000;4479025,8600000000;35976;06  TETUÁN;06-06 BERRUGUETE;ALGODONALES, CALLE, DE LOS;1;CargayDescarga;Línea;3;15,00;LAB. DE 8 A 14 H Y DE 16.30 A 19 HEXCEPTO CARGA Y DESCARGA;-3.6995353;40.4597852;ALGODONALES, CALLE, DE LOS, Nº 1
440597,1700000000;4479084,5400000000;43746;06  TETUÁN;06-06 BERRUGUETE;ALGODONALES, CALLE, DE LOS;13;CargayDescarga;Línea;1;5,00;lab. de lunes a viernes de 9 a 20 h. excepto carga y descarga;-3.7006363;40.4603071;ALGODONALES, CALLE, DE LOS, Nº 13
440047,4900000000;4478898,6800000000;37298;06  TETUÁN;06-06 BERRUGUETE;ALONSO NUÑEZ, CALLE, DE;1;CargayDescarga;Línea;3;11,30;Lab. de 9 a 20 h.excepto: CARGA Y DESCARGA;-3.7071016;40.4585934;ALONSO NUÑEZ, CALLE, DE, Nº 1
439904,3200000000;4478876,7600000000;41233;06  TETUÁN;06-06 BERRUGUETE;DIRECCION, PASEO, DE LA;23;CargayDescarga;Línea;2;17,50;DE LUNES A VIERNES DE 8 A 14 H. Y DE 16:30 A 19 H. EXCEPTO CARGA Y DESCARGA;-3.708788;40.4583855;DIRECCION, PASEO, DE LA, Nº 23
440008,5400000000;4479092,8500000000;41383;06  TETUÁN;06-06 BERRUGUETE;DIRECCION, PASEO, DE LA;50;CargayDescarga;Línea;2;9,00;;-3.7075793;40.4603397;DIRECCION, PASEO, DE LA, Nº 50
440372,2800000000;4478436,7100000000;39961;06  TETUÁN;06-06 BERRUGUETE;FRANCOS RODRIGUEZ, CALLE, DE;2;CargayDescarga;Línea;3;15,00;Lab. de 9 a 20 h.excepto: CARGA Y DESCARGA;-3.7032278;40.4544551;FRANCOS RODRIGUEZ, CALLE, DE, Nº 2
440275,8300000000;4478596,1300000000;40389;06  TETUÁN;06-06 BERRUGUETE;FRANCOS RODRIGUEZ, CALLE, DE;26;CargayDescarga;Línea;5;25,10;;-3.7043802;40.4558843;FRANCOS RODRIGUEZ, CALLE, DE, Nº 26
440130,0400000000;4478683,3500000000;35460;06  TETUÁN;06-06 BERRUGUETE;FRANCOS RODRIGUEZ, CALLE, DE;48;CargayDescarga;Línea;3;15,10;Lab. de 9 a 20 h.excepto: CARGA Y DESCARGA;-3.7061077;40.4566595;FRANCOS RODRIGUEZ, CALLE, DE, Nº 48
440019,3100000000;4478690,4300000000;37628;06  TETUÁN;06-06 BERRUGUETE;FRANCOS RODRIGUEZ, CALLE, DE;58;CargayDescarga;Línea;2;11,40;;-3.7074142;40.4567153;FRANCOS RODRIGUEZ, CALLE, DE, Nº 58
439857,7500000000;4478734,6900000000;40623;06  TETUÁN;06-06 BERRUGUETE;FRANCOS RODRIGUEZ, CALLE, DE;72;CargayDescarga;Línea;3;15,40;;-3.7093237;40.4571024;FRANCOS RODRIGUEZ, CALLE, DE, Nº 72
440338,5000000000;4478519,9900000000;40389;06  TETUÁN;06-06 BERRUGUETE;FULGENCIO DE MIGUEL, CALLE, DE;6;CargayDescarga;Línea;3;15,00;;-3.703634;40.4552029;FULGENCIO DE MIGUEL, CALLE, DE, Nº 6
439968,4000000000;4478794,2800000000;44047;06  TETUÁN;06-06 BERRUGUETE;JOSE CALVO, CALLE, DE;9;CargayDescarga;Línea;5;20,00;DE 8 A 24 HORAS. EXCEPTO CARGA Y DESCARGA;-3.7080245;40.4576472;JOSE CALVO, CALLE, DE, Nº 9
440463,8300000000;4478747,0100000000;1;06  TETUÁN;06-06 BERRUGUETE;LOPE DE HARO, CALLE, DE;1;CargayDescarga;Línea;3;15,10;Lab. de 8 a 14 h. y de 16.30 a 19 h. excepto: CARGA Y DESCARGA;-3.7021772;40.457257;LOPE DE HARO, CALLE, DE, Nº 1
440375,2600000000;4478729,1500000000;41629;06  TETUÁN;06-06 BERRUGUETE;LOPE DE HARO, CALLE, DE;18;CargayDescarga;Línea;3;15,10;lab. de 8 a 17h. Excepto: Carga y Descarga;-3.7032201;40.4570897;LOPE DE HARO, CALLE, DE, Nº 18
440272,7700000000;4478692,5500000000;35905;06  TETUÁN;06-06 BERRUGUETE;LOPE DE HARO, CALLE, DE;32;CargayDescarga;Línea;7;36,50;;-3.7044253;40.4567527;LOPE DE HARO, CALLE, DE, Nº 32
439909,8600000000;4478782,4900000000;43613;06  TETUÁN;06-06 BERRUGUETE;LORENZANA, CALLE, DE;12;CargayDescarga;Línea;2;10,00;lab de lunes a viernes de 9 a 20 horas. Excepto Carga y Descarga;-3.7087137;40.4575367;LORENZANA, CALLE, DE, Nº 12
440607,5400000000;4478940,8100000000;35923;06  TETUÁN;06-06 BERRUGUETE;MARIA ZAYAS, CALLE, DE;2;CargayDescarga;Línea;2;14,06;Lab. de 9 a 14 h. y de 16,30 a 20 h.excepto: CARGA Y DESCARGA;-3.7005006;40.4590131;MARIA ZAYAS, CALLE, DE, Nº 2
440343,8500000000;4478622,2700000000;1;06  TETUÁN;06-06 BERRUGUETE;MARIANO FERNANDEZ, CALLE, DE;12;CargayDescarga;Línea;4;20,90;LAB. DE 9 A 20 H.EXCEPTO CARGA Y DESCARGA;-3.7035805;40.4561247;MARIANO FERNANDEZ, CALLE, DE, Nº 12
440422,8900000000;4478620,6500000000;42419;06  TETUÁN;06-06 BERRUGUETE;MARIANO FERNANDEZ, CALLE, DE;2;CargayDescarga;Línea;2;12,50;LAB DE 8 A 14 H EXCEPTO CARGA Y DESCARGA;-3.7026482;40.4561157;MARIANO FERNANDEZ, CALLE, DE, Nº 2
440430,6600000000;4479355,1800000000;44156;06  TETUÁN;06-06 BERRUGUETE;MARQUES DE VIANA, CALLE, DEL;57;CargayDescarga;Línea;2;12,76;;-3.7026255;40.4627332;MARQUES DE VIANA, CALLE, DEL, Nº 57
440423,5000000000;4478984,3400000000;43935;06  TETUÁN;06-06 BERRUGUETE;NUESTRA SEÑORA DEL CARMEN, CALLE, DE;22;CargayDescarga;Línea;3;14,10;LAB. DE 8 A 19 H. EXCEPTO CARGA Y DESCARGA;-3.7026751;40.4593921;NUESTRA SEÑORA DEL CARMEN, CALLE, DE, Nº 22
440471,3800000000;4478877,0100000000;38698;06  TETUÁN;06-06 BERRUGUETE;NUESTRA SEÑORA DEL CARMEN, CALLE, DE;7;CargayDescarga;Línea;3;14,40;;-3.7021004;40.4584286;NUESTRA SEÑORA DEL CARMEN, CALLE, DE, Nº 7
439722,9400000000;4478852,0200000000;42138;06  TETUÁN;06-06 BERRUGUETE;OFELIA NIETO, CALLE, DE;4;CargayDescarga;Línea;2;10,00;Laborables de 8 a 17h excepto carga y descarga;-3.7109247;40.4581495;OFELIA NIETO, CALLE, DE, Nº 4
439988,5800000000;4479017,9400000000;34998;06  TETUÁN;06-06 BERRUGUETE;PEDRO TEZANO, CALLE, DE;15;CargayDescarga;Línea;3;16,80;LABORABLES DE 9 A 14 H.Y DE 16,30 A 20 H. EXCEPTOCARGA Y DESCARGA;-3.7078076;40.4596634;PEDRO TEZANO, CALLE, DE, Nº 15
440283,2400000000;4479216,5000000000;43889;06  TETUÁN;06-06 BERRUGUETE;RUIZ PALACIOS, CALLE, DE;2;CargayDescarga;Línea;1;8,70;;-3.7043512;40.4614734;RUIZ PALACIOS, CALLE, DE, Nº 2
440639,0700000000;4478978,4100000000;43595;06  TETUÁN;06-06 BERRUGUETE;TABLADA, CALLE, DE;3;CargayDescarga;Línea;2;12,00;lab de 9 a 20 h excepto carga y descarga;-3.7001322;40.4593541;TABLADA, CALLE, DE, Nº 3
439440,2200000000;4475786,1400000000;1;07  CHAMBERÍ;07-01 GAZTAMBIDE;ALBERTO AGUILERA, CALLE, DE;60;CargayDescarga;Línea;4;18,80;LABORABLES DE 8 A 14 H. Y DE 16,30 A 19 H. EXCEPTO CARGA Y DESCARGA ;-3.7139667;40.4305103;ALBERTO AGUILERA, CALLE, DE, Nº 60
439416,2800000000;4475789,4300000000;38050;07  CHAMBERÍ;07-01 GAZTAMBIDE;ALBERTO AGUILERA, CALLE, DE;62;CargayDescarga;Línea;2;11,50;LABORABLES DE 8 A 14 H. Y DE 16,30 A 19 H. EXCEPTO CARGA Y DESCARGA ;-3.7142492;40.4305382;ALBERTO AGUILERA, CALLE, DE, Nº 62
439394,1700000000;4475914,1500000000;36707;07  CHAMBERÍ;07-01 GAZTAMBIDE;ANDRES MELLADO, CALLE, DE;14;CargayDescarga;Línea;3;16,00;LABORABLES DE 8 A 14 H. Y DE 16,30 A 19 H. EXCEPTO CARGA Y DESCARGA ;-3.7145217;40.4316601;ANDRES MELLADO, CALLE, DE, Nº 14
439387,1600000000;4475954,8900000000;36805;07  CHAMBERÍ;07-01 GAZTAMBIDE;ANDRES MELLADO, CALLE, DE;15;CargayDescarga;Línea;3;15,70;LABORABLES DE 8 A 14 H. Y DE 16,30 A 19 H.EXCEPTO CARGA Y DESCARGA;-3.7146083;40.4320266;ANDRES MELLADO, CALLE, DE, Nº 15
439398,5200000000;4475995,3900000000;1;07  CHAMBERÍ;07-01 GAZTAMBIDE;ANDRES MELLADO, CALLE, DE;22;CargayDescarga;Línea;3;14,50;LABORABLES DE 8 A 14 H. Y DE 16,30 A 19 H. EXCEPTO CARGA Y DESCARGA;-3.7144782;40.4323923;ANDRES MELLADO, CALLE, DE, Nº 22
439401,1100000000;4476047,5800000000;40360;07  CHAMBERÍ;07-01 GAZTAMBIDE;ANDRES MELLADO, CALLE, DE;28;CargayDescarga;Línea;3;14,00;LABORABLES DE 8 A 14 H Y DE 16.30 A 19 H EXCEPTO CARGA Y DESCARGA;-3.7144527;40.4328626;ANDRES MELLADO, CALLE, DE, Nº 28
439406,1700000000;4476291,2300000000;1;07  CHAMBERÍ;07-01 GAZTAMBIDE;ANDRES MELLADO, CALLE, DE;43;CargayDescarga;Línea;8;41,00; LAB. DE 7 A 18 H.EXCEPTO CARGA Y DESCARGA MAXIMO 30 MINUTOS RESTO DE HORARIO REGULACION SER;-3.7144162;40.4350579;ANDRES MELLADO, CALLE, DE, Nº 43
439409,5500000000;4476190,7300000000;1;07  CHAMBERÍ;07-01 GAZTAMBIDE;ANDRES MELLADO, CALLE, DE;46;CargayDescarga;Línea;2;10,00;RESERVA COMPARTIDA LAB.. DE 9 A 20 HORAS EXCEPTO CARGA Y DESCARGA MAXIMO 30 MINUTOS RESTO DE HORARIO REGULACION SER;-3.7143668;40.4341528;ANDRES MELLADO, CALLE, DE, Nº 46
439409,5500000000;4476347,7900000000;1;07  CHAMBERÍ;07-01 GAZTAMBIDE;ANDRES MELLADO, CALLE, DE;47;CargayDescarga;Línea;3;17,60; LAB. DE LUNES A VIERNESDE 8 A 14 H. Y DE 16,30 A 19 H.EXCEPTO CARGA Y DESCARGA MAXIMO 30 MINUTOSRESTO DE HORARIO REGULACION SER;-3.7143818;40.4355676;ANDRES MELLADO, CALLE, DE, Nº 47
439415,8800000000;4476304,4300000000;1;07  CHAMBERÍ;07-01 GAZTAMBIDE;ANDRES MELLADO, CALLE, DE;54;CargayDescarga;Línea;3;15,00; LAB. DE LUNES A VIERNESDE 8 A 14 H. Y DE 16,30 A 19 H.EXCEPTO CARGA Y DESCARGA MAXIMO 30 MINUTOSRESTO DE HORARIO REGULACION SER;-3.714303;40.4351775;ANDRES MELLADO, CALLE, DE, Nº 54
439424,1500000000;4476604,8600000000;1;07  CHAMBERÍ;07-01 GAZTAMBIDE;ANDRES MELLADO, CALLE, DE;63;CargayDescarga;Línea;3;15,00; LAB. DE 8 A 14 H. Y DE 16,30 A 19 H.EXCEPTO CARGA Y DESCARGA MAXIMO 30 MINUTOS RESTO DE HORARIO REGULACION SER;-3.7142342;40.4378845;ANDRES MELLADO, CALLE, DE, Nº 63
439425,2400000000;4476463,9200000000;1;07  CHAMBERÍ;07-01 GAZTAMBIDE;ANDRES MELLADO, CALLE, DE;68;CargayDescarga;Línea;4;18,90;RESERVA COMPARTIDA LABORABLES DE 9 A 20 HORAS EXCEPTO CARGA Y DESCARGA MÁXIMO 30 MINUTOS, RESTO DE HORARIO REGULACIÓN SER;-3.7142079;40.4366149;ANDRES MELLADO, CALLE, DE, Nº 68
439429,1500000000;4476695,0800000000;38568;07  CHAMBERÍ;07-01 GAZTAMBIDE;ANDRES MELLADO, CALLE, DE;73;CargayDescarga;Línea;6;30,00;LABORABLES DE 8 A 14 H. Y DE 16,30 A 19 H. EXCEPTO CARGA Y DESCARGA;-3.7141838;40.4386976;ANDRES MELLADO, CALLE, DE, Nº 73
439420,1100000000;4476531,8900000000;1;07  CHAMBERÍ;07-01 GAZTAMBIDE;ANDRES MELLADO, CALLE, DE;76;CargayDescarga;Línea;4;19,90;RESERVA COMPARTIDA LABORABLES DE 8  A 14 Y DE 16.30 A 19H EXCEPTO CARGA Y DESCARGA MÁXIMO 30 MINUTOS RESTO DE HORARIO REGULACIÓN SER;-3.7142748;40.4372269;ANDRES MELLADO, CALLE, DE, Nº 76
439383,4200000000;4475884,8200000000;38601;07  CHAMBERÍ;07-01 GAZTAMBIDE;ANDRES MELLADO, CALLE, DE;9;CargayDescarga;Línea;3;15,10;LABORABLES DE 8 A 14 H. Y DE 16,30 A 19 H. EXCEPTO CARGA Y DESCARGA ;-3.7146457;40.4313951;ANDRES MELLADO, CALLE, DE, Nº 9
439478,0200000000;4476264,8300000000;37762;07  CHAMBERÍ;07-01 GAZTAMBIDE;ANDRES MELLADO, TRAVESIA, DE;4;CargayDescarga;Línea;3;13,90;LAB. DE 8 A 14 H. Y DE 16,30 A 19 H.EXCEPTO CARGA Y DESCARGAMAXIMO 30 MINUTOSRESTO DE HORARIO REGULACION SER;-3.7135666;40.4348253;ANDRES MELLADO, TRAVESIA, DE, Nº 4
439159,8200000000;4476101,0300000000;43095;07  CHAMBERÍ;07-01 GAZTAMBIDE;ARCIPRESTE DE HITA, CALLE, DEL;4;CargayDescarga;Línea;3;12,00;LABORABLES DE 8 A 15 H EXCEPTO CARGA Y DESCARGA;-3.7173023;40.4333265;ARCIPRESTE DE HITA, CALLE, DEL, Nº 4
439616,5800000000;4475777,4200000000;37062;07  CHAMBERÍ;07-01 GAZTAMBIDE;BLASCO DE GARAY, CALLE, DE;1;CargayDescarga;Línea;3;15,00;LABORABLES DE 8 A 14 H. Y DE 16,30 A 19 H. EXCEPTO CARGA Y DESCARGA ;-3.7118868;40.4304446;BLASCO DE GARAY, CALLE, DE, Nº 1
439625,7200000000;4475899,6900000000;1;07  CHAMBERÍ;07-01 GAZTAMBIDE;BLASCO DE GARAY, CALLE, DE;15;CargayDescarga;Línea;3;14,30;ABORABLES DE 8 A 14 H. Y DE 16,30 A 19 H.EXCEPTO CARGA Y DESCARGA;-3.7117907;40.4315467;BLASCO DE GARAY, CALLE, DE, Nº 15
439629,5700000000;4475951,9100000000;43090;07  CHAMBERÍ;07-01 GAZTAMBIDE;BLASCO DE GARAY, CALLE, DE;19;CargayDescarga;Línea;4;16,00;LABORABLES DE 8 A 14 H Y DE 16.30 A 19 H. EXCEPTO CARGA Y DESCARGA;-3.7117502;40.4320174;BLASCO DE GARAY, CALLE, DE, Nº 19
439635,9800000000;4476037,9700000000;35809;07  CHAMBERÍ;07-01 GAZTAMBIDE;BLASCO DE GARAY, CALLE, DE;29;CargayDescarga;Línea;1;8,00;LAB. DE 8 A 14 H.Y DE 16,30 A 19 H.EXCEPTO CARGA YDESCARGA;-3.7116829;40.4327931;BLASCO DE GARAY, CALLE, DE, Nº 29
439650,6600000000;4476242,0500000000;1;07  CHAMBERÍ;07-01 GAZTAMBIDE;BLASCO DE GARAY, CALLE, DE;39;CargayDescarga;Línea;2;10,00;LAB. DE 8 A 14 H.Y DE 16,30 A 19 H.EXCEPTO CARGA YDESCARGA;-3.7115292;40.4346326;BLASCO DE GARAY, CALLE, DE, Nº 39
439657,0400000000;4476330,9400000000;1;07  CHAMBERÍ;07-01 GAZTAMBIDE;BLASCO DE GARAY, CALLE, DE;47;CargayDescarga;Línea;4;20,10;LABORABLES DE 9 A 20 HEXCEPTO CARGA Y DESCARGA;-3.7114624;40.4354338;BLASCO DE GARAY, CALLE, DE, Nº 47
439665,9700000000;4476454,1500000000;38477;07  CHAMBERÍ;07-01 GAZTAMBIDE;BLASCO DE GARAY, CALLE, DE;55;CargayDescarga;Línea;7;35,00;LAB. DE 8 A 14 H. Y DE 16,30 A 19 H. EXCEPTO CARGA Y DESCARGA;-3.7113688;40.4365444;BLASCO DE GARAY, CALLE, DE, Nº 55
439683,2600000000;4476687,6800000000;1;07  CHAMBERÍ;07-01 GAZTAMBIDE;BLASCO DE GARAY, CALLE, DE;71;CargayDescarga;Línea;3;16,00;Lab. de 9 a 20 h.Excepto: CARGA Y DESCARGA;-3.7111871;40.4386494;BLASCO DE GARAY, CALLE, DE, Nº 71
439480,5700000000;4476723,3000000000;43300;07  CHAMBERÍ;07-01 GAZTAMBIDE;CEA BERMUDEZ, CALLE, DE;47;CargayDescarga;Línea;2;11,00;LABORABLES DE 8 A 17 HORAS EXCEPTO CARGA Y DESCARGA;-3.7135802;40.4389556;CEA BERMUDEZ, CALLE, DE, Nº 47
439208,5100000000;4476737,7200000000;41438;07  CHAMBERÍ;07-01 GAZTAMBIDE;CEA BERMUDEZ, CALLE, DE;65;CargayDescarga;Línea;3;18,10;LAB. DE 8 A 14 H. Y DE 16,30 A 19 H. EXCEPTO CARGA Y DESCARGA;-3.7167892;40.4390656;CEA BERMUDEZ, CALLE, DE, Nº 65
439398,4100000000;4476443,1300000000;1;07  CHAMBERÍ;07-01 GAZTAMBIDE;DONOSO CORTES, CALLE, DE;61;CargayDescarga;Línea;3;15,00;LAB. DE 8 A 14 H. Y DE 16,30 A 19 H.EXCEPTO CARGA Y DESCARGA MAXIMO 30 MINUTOS RESTO DE HORARIO REGULACION SER;-3.7145222;40.4364257;DONOSO CORTES, CALLE, DE, Nº 61
439439,5100000000;4476449,1500000000;40577;07  CHAMBERÍ;07-01 GAZTAMBIDE;DONOSO CORTES, CALLE, DE;78;CargayDescarga;Batería;7;18,10;LABORABLES DE 8 A 14 H. Y DE 16,30 A 19 H. EXCEPTO CARGA Y DESCARGA;-3.7140382;40.4364829;DONOSO CORTES, CALLE, DE, Nº 78
439245,8200000000;4476463,2200000000;1;07  CHAMBERÍ;07-01 GAZTAMBIDE;DONOSO CORTES, CALLE, DE;90;CargayDescarga;Línea;3;15,00;LABORABLES DE 8 A 14 H.Y DE 16,30 A 19 H.EXCEPTO CARGA YDESCARGA EN LINEA;-3.7163231;40.4365955;DONOSO CORTES, CALLE, DE, Nº 90
439107,1200000000;4476348,9700000000;40647;07  CHAMBERÍ;07-01 GAZTAMBIDE;FERNANDEZ DE LOS RIOS, CALLE, DE;112;CargayDescarga;Línea;2;12,00;LAB. DE 8 A 14 H. Y DE 16,30 A 19 H. EXCEPTO CARGA Y DESCARGA ;-3.7179474;40.4355562;FERNANDEZ DE LOS RIOS, CALLE, DE, Nº 112
439533,6400000000;4476322,6700000000;1;07  CHAMBERÍ;07-01 GAZTAMBIDE;FERNANDEZ DE LOS RIOS, CALLE, DE;74;CargayDescarga;Línea;3;14,40;LAB. DE 8 A 14 H.Y DE 16,30 A 19 H.EXCEPTO CARGA YDESCARGA;-3.7129164;40.4353504;FERNANDEZ DE LOS RIOS, CALLE, DE, Nº 74
439434,7400000000;4476328,6700000000;40799;07  CHAMBERÍ;07-01 GAZTAMBIDE;FERNANDEZ DE LOS RIOS, CALLE, DE;82;CargayDescarga;Línea;3;16,20; LAB. DE LUNES A VIERNES DE 8 A 14 H. Y DE 16,30 A 19 H. EXCEPTO CARGA Y DESCARGA MAXIMO 30 MINUTOS RESTO DE HORARIO REGULACION SER;-3.714083;40.4353972;FERNANDEZ DE LOS RIOS, CALLE, DE, Nº 82
439335,9800000000;4476334,7200000000;38023;07  CHAMBERÍ;07-01 GAZTAMBIDE;FERNANDEZ DE LOS RIOS, CALLE, DE;92;CargayDescarga;Línea;3;15,00; LAB. DE 8 A 14 H.EXCEPTO CARGA Y DESCARGA MAXIMO 30 MINUTOS RESTO DE HORARIO REGULACION SER;-3.7152479;40.4354445;FERNANDEZ DE LOS RIOS, CALLE, DE, Nº 92
439083,3100000000;4476318,2300000000;39283;07  CHAMBERÍ;07-01 GAZTAMBIDE;FERNANDEZ DE LOS RIOS, CALLE, DE;95;CargayDescarga;Línea;4;22,00;LABORABLES DE 8 A 14 H. Y DE 16,30 A 19 H. EXCEPTO CARGA Y DESCARGA;-3.7182251;40.4352775;FERNANDEZ DE LOS RIOS, CALLE, DE, Nº 95
439485,5700000000;4476198,8700000000;1;07  CHAMBERÍ;07-01 GAZTAMBIDE;FERNANDO EL CATOLICO, CALLE, DE;51;CargayDescarga;Línea;3;13,60;LAB. DE 8 A 14 H. Y DE 16,30 A 19 H.EXCEPTO CARGA Y DESCARGAMAXIMO 30 MINUTOSRESTO DE HORARIO REGULACION SER;-3.7134714;40.4342316;FERNANDO EL CATOLICO, CALLE, DE, Nº 51
439331,3200000000;4476212,7400000000;36602;07  CHAMBERÍ;07-01 GAZTAMBIDE;FERNANDO EL CATOLICO, CALLE, DE;63 B;CargayDescarga;Línea;3;15,00;RESERVA COMPARTIDA LAB. DE LUNES A VIERNESDE 8 A 14 H. Y DE 16,30 A 19 H.EXCEPTO CARGA Y DESCARGA MAXIMO 30 MINUTOS RESTO DE HORARIO REGULACION SER;-3.7152912;40.4343453;FERNANDO EL CATOLICO, CALLE, DE, Nº 63 B
439154,9000000000;4476213,3000000000;40686;07  CHAMBERÍ;07-01 GAZTAMBIDE;FERNANDO EL CATOLICO, CALLE, DE;77;CargayDescarga;Línea;3;15,00;LAB. DE 8 A 14 H. Y DE16,30 A 19 H. EXCEPTOCARGA Y DESCARGA;-3.7173711;40.4343375;FERNANDO EL CATOLICO, CALLE, DE, Nº 77
439303,3000000000;4476053,5300000000;1;07  CHAMBERÍ;07-01 GAZTAMBIDE;GAZTAMBIDE, CALLE, DE;18;CargayDescarga;Línea;3;14,90;LAB. DE 8 A 14 H.Y DE 16,30 A 19 H.EXCEPTO CARGA YDESCARGA;-3.7156063;40.4329091;GAZTAMBIDE, CALLE, DE, Nº 18
439307,2600000000;4476095,4100000000;1;07  CHAMBERÍ;07-01 GAZTAMBIDE;GAZTAMBIDE, CALLE, DE;20;CargayDescarga;Línea;3;15,00;LAB. DE 8 A 14 H.Y DE 16,30 A 19 H.EXCEPTO CARGA YDESCARGA;-3.7155636;40.4332866;GAZTAMBIDE, CALLE, DE, Nº 20
439312,8900000000;4476197,5800000000;37673;07  CHAMBERÍ;07-01 GAZTAMBIDE;GAZTAMBIDE, CALLE, DE;26;CargayDescarga;Línea;3;15,00; LAB. DE 8 A 14 H.EXCEPTO CARGA Y DESCARGAMAXIMO 30 MINUTOSRESTO DE HORARIO REGULACION SER;-3.715507;40.4342074;GAZTAMBIDE, CALLE, DE, Nº 26
439292,2300000000;4475858,6400000000;42810;07  CHAMBERÍ;07-01 GAZTAMBIDE;GAZTAMBIDE, CALLE, DE;5;CargayDescarga;Línea;8;40,00;LABORABLES DE 8 A 14 H. Y DE 16,30 A 19 H. EXCEPTO CARGA Y DESCARGA;-3.7157182;40.4311526;GAZTAMBIDE, CALLE, DE, Nº 5
439320,2100000000;4476473,4100000000;38307;07  CHAMBERÍ;07-01 GAZTAMBIDE;GAZTAMBIDE, CALLE, DE;59;CargayDescarga;Línea;2;12,30; LAB. DE 8 A 14 H. Y DE 16,30 A 19 H.EXCEPTO CARGA Y DESCARGA MAXIMO 30 MINUTOS RESTO DE HORARIO REGULACION SER;-3.715447;40.4366928;GAZTAMBIDE, CALLE, DE, Nº 59
439323,7600000000;4476531,2900000000;37565;07  CHAMBERÍ;07-01 GAZTAMBIDE;GAZTAMBIDE, CALLE, DE;63;CargayDescarga;Línea;3;13,60;LABORABLES DE 8 A 20 H.EXCEPTO CARGA Y DESCARGA;-3.7154107;40.4372144;GAZTAMBIDE, CALLE, DE, Nº 63
439344,2700000000;4476710,0300000000;38231;07  CHAMBERÍ;07-01 GAZTAMBIDE;GAZTAMBIDE, CALLE, DE;64;CargayDescarga;Línea;3;15,00;LABORABLES DE 8 A 14 H.Y DE 16,30 A 19 H. EXCEPTO CARGA Y DESCARGA;-3.715186;40.4388261;GAZTAMBIDE, CALLE, DE, Nº 64
439326,2600000000;4476571,9000000000;37755;07  CHAMBERÍ;07-01 GAZTAMBIDE;GAZTAMBIDE, CALLE, DE;65;CargayDescarga;Línea;3;15,00;RESERVA COMPARTIDO LABORABLES DE 8 A 14 Y DE 16:30 A 19 H. EXCEPTO CARGA Y DESCARGA MÁXIMO 30 MINUTOS. RESTO DE HORARIO REGULACIÓN SER.;-3.7153851;40.4375804;GAZTAMBIDE, CALLE, DE, Nº 65
439328,9000000000;4476612,3400000000;1;07  CHAMBERÍ;07-01 GAZTAMBIDE;GAZTAMBIDE, CALLE, DE;69;CargayDescarga;Línea;3;15,50; LAB. DE 8 A 14 H. Y DE 16,30 A 19 H.EXCEPTO CARGA Y DESCARGA MAXIMO 30 MINUTOS RESTO DE HORARIO REGULACION SER;-3.7153579;40.4379449;GAZTAMBIDE, CALLE, DE, Nº 69
439491,7500000000;4475910,1200000000;1;07  CHAMBERÍ;07-01 GAZTAMBIDE;GUZMAN EL BUENO, CALLE, DE;12;CargayDescarga;Línea;3;15,00;lab. de 9 a 20 h.excepto: CARGA Y DESCARGA;-3.713371;40.4316309;GUZMAN EL BUENO, CALLE, DE, Nº 12
439497,1700000000;4475990,9300000000;1;07  CHAMBERÍ;07-01 GAZTAMBIDE;GUZMAN EL BUENO, CALLE, DE;20;CargayDescarga;Línea;3;19,11;lab. de 9 a 20 h.excepto: CARGA Y DESCARGA;-3.7133148;40.4323593;GUZMAN EL BUENO, CALLE, DE, Nº 20
439485,8000000000;4475820,5600000000;44230;07  CHAMBERÍ;07-01 GAZTAMBIDE;GUZMAN EL BUENO, CALLE, DE;4;CargayDescarga;Línea;1;20,00;LABORABLES DE 8 A 14 H. Y DE 16:30 A 19 H. EXCEPTO CARGA Y DESCARGA;-3.7134326;40.4308237;GUZMAN EL BUENO, CALLE, DE, Nº 4
439517,5200000000;4476298,0700000000;40360;07  CHAMBERÍ;07-01 GAZTAMBIDE;GUZMAN EL BUENO, CALLE, DE;44;CargayDescarga;Línea;3;15,00;LAB. DE 8 A 14 H. Y DE 16,30 A 19 H.EXCEPTO CARGA Y DESCARGAMAXIMO 30 MINUTOSRESTO DE HORARIO REGULACION SER;-3.7131041;40.4351276;GUZMAN EL BUENO, CALLE, DE, Nº 44
439520,2000000000;4476338,5000000000;40360;07  CHAMBERÍ;07-01 GAZTAMBIDE;GUZMAN EL BUENO, CALLE, DE;46;CargayDescarga;Línea;3;15,00;LAB. DE 8 A 14 H. Y DE 16,30 A 19 H.EXCEPTO CARGA Y DESCARGAMAXIMO 30 MINUTOSRESTO DE HORARIO REGULACION SER;-3.7130764;40.435492;GUZMAN EL BUENO, CALLE, DE, Nº 46
439509,6800000000;4476180,1300000000;1;07  CHAMBERÍ;07-01 GAZTAMBIDE;GUZMAN EL BUENO, CALLE, DE;47;CargayDescarga;Línea;3;15,00; LAB. DE 8 A 14 H. Y DE 16,30 A 19 H. EXCEPTO CARGA Y DESCARGAMAXIMO 30 MINUTOS RESTO DE HORARIO REGULACION SER;-3.7131853;40.4340646;GUZMAN EL BUENO, CALLE, DE, Nº 47
439525,5300000000;4476418,9500000000;1;07  CHAMBERÍ;07-01 GAZTAMBIDE;GUZMAN EL BUENO, CALLE, DE;54;CargayDescarga;Línea;3;13,40; LAB. DE 8 A 14 H. Y DE 16,30 A 19 H. EXCEPTO CARGA Y DESCARGA MAXIMO 30 MINUTOS RESTO DE HORARIO REGULACION SER DOMINGOS Y FESTIVOS DE 7 A 16 HORAS;-3.7130212;40.4362171;GUZMAN EL BUENO, CALLE, DE, Nº 54
439529,1100000000;4476457,9500000000;1;07  CHAMBERÍ;07-01 GAZTAMBIDE;GUZMAN EL BUENO, CALLE, DE;58;CargayDescarga;Línea;1;7,80;LAB. DE 8 A 14 H. Y DE 16,30 A 19 H. EXCEPTO CARGA Y DESCARGA MAXIMO 30 MINUTOS RESTO DE HORARIO REGULACION SER;-3.7129827;40.4365687;GUZMAN EL BUENO, CALLE, DE, Nº 58
439536,4100000000;4476558,9700000000;1;07  CHAMBERÍ;07-01 GAZTAMBIDE;GUZMAN EL BUENO, CALLE, DE;64;CargayDescarga;Línea;2;8,90;LAB. DE 8 A 14 H. Y DE 16,30 A 19 H.EXCEPTO CARGA Y DESCARGA MAXIMO 30 MINUTOS RESTO DE HORARIO REGULACION SER;-3.7129063;40.4374793;GUZMAN EL BUENO, CALLE, DE, Nº 64
439541,7100000000;4476646,5300000000;1;07  CHAMBERÍ;07-01 GAZTAMBIDE;GUZMAN EL BUENO, CALLE, DE;70;CargayDescarga;Línea;4;22,60;LABORABLES DE 8 A 14 H.Y DE 16,30 A 20 H. EXCEPTO CARGA Y DESCARGA;-3.7128521;40.4382684;GUZMAN EL BUENO, CALLE, DE, Nº 70
439545,2500000000;4476698,7400000000;39748;07  CHAMBERÍ;07-01 GAZTAMBIDE;GUZMAN EL BUENO, CALLE, DE;76;CargayDescarga;Línea;2;10,90;LABORABLES DE 8 A 14 H. Y DE 16,30 A 19 H. EXCEPTO CARGA Y DESCARGA ;-3.7128153;40.438739;GUZMAN EL BUENO, CALLE, DE, Nº 76
439206,5200000000;4476208,2400000000;42929;07  CHAMBERÍ;07-01 GAZTAMBIDE;HILARION ESLAVA, CALLE, DE;24;CargayDescarga;Línea;1;12,00;LABORABLES DE 8 A 14 H. Y DE 16:30 A 19 H. EXCEPTO CARGA Y DESCARGA;-3.716762;40.4342957;HILARION ESLAVA, CALLE, DE, Nº 24
439215,0800000000;4476360,0400000000;37676;07  CHAMBERÍ;07-01 GAZTAMBIDE;HILARION ESLAVA, CALLE, DE;33;CargayDescarga;Línea;4;19,30;LAB. DE 8 A 14 H. Y DE16,30 A 19 H. EXCEPTOCARGA Y DESCARGA;-3.7166756;40.4356638;HILARION ESLAVA, CALLE, DE, Nº 33
439228,3500000000;4476433,1400000000;1;07  CHAMBERÍ;07-01 GAZTAMBIDE;HILARION ESLAVA, CALLE, DE;40;CargayDescarga;Línea;3;16,20;LAB. DE 8 A 14 H. Y DE 16,30 A 19 H. EXCEPTO CARGA Y DESCARGA;-3.7165262;40.4363233;HILARION ESLAVA, CALLE, DE, Nº 40
439231,0200000000;4476616,9600000000;37211;07  CHAMBERÍ;07-01 GAZTAMBIDE;HILARION ESLAVA, CALLE, DE;47;CargayDescarga;Línea;3;15,50;LAB. DE 8 A 14 H. Y DE 16,30 A 19 H. EXCEPTO CARGA Y DESCARGA ;-3.7165123;40.4379794;HILARION ESLAVA, CALLE, DE, Nº 47
439233,2400000000;4476509,0000000000;39373;07  CHAMBERÍ;07-01 GAZTAMBIDE;HILARION ESLAVA, CALLE, DE;48;CargayDescarga;Línea;2;13,00;LAB. DE 8 A 14 H. Y DE 16,30 A 19 H. EXCEPTO CARGA Y DESCARGA ;-3.7164758;40.437007;HILARION ESLAVA, CALLE, DE, Nº 48
439246,0800000000;4476716,1800000000;41904;07  CHAMBERÍ;07-01 GAZTAMBIDE;HILARION ESLAVA, CALLE, DE;64;CargayDescarga;Línea;3;15,00;LABORABLES DE 8 A 14 H. Y DE 16:30 A 19H. EXCEPTO CARGA Y DESCARGA;-3.7163442;40.4388743;HILARION ESLAVA, CALLE, DE, Nº 64
439195,6900000000;4476026,5400000000;39209;07  CHAMBERÍ;07-01 GAZTAMBIDE;HILARION ESLAVA, CALLE, DE;7;CargayDescarga;Línea;3;15,00;LAB. DE 8 A 14 H. Y DE 16,30 A 19 H. EXCEPTO CARGA Y DESCARGA ;-3.7168723;40.4326581;HILARION ESLAVA, CALLE, DE, Nº 7
439621,8400000000;4476566,4800000000;1;07  CHAMBERÍ;07-01 GAZTAMBIDE;JOAQUIN MARIA LOPEZ, CALLE, DE;25;CargayDescarga;Línea;3;16,00;LABORABLES DE 8 A 14 H. Y DE 16,30 A 19 H. EXCEPTO CARGA Y DESCARGA ;-3.7118998;40.4375531;JOAQUIN MARIA LOPEZ, CALLE, DE, Nº 25
439353,0700000000;4476594,0000000000;1;07  CHAMBERÍ;07-01 GAZTAMBIDE;JOAQUIN MARIA LOPEZ, CALLE, DE;50;CargayDescarga;Línea;3;15,00;LAB. DE 8 A 14 H. Y DE 16,30 A 19 H.EXCEPTO CARGA Y DESCARGA MAXIMO 30 MINUTOS RESTO DE HORARIO REGULACION SER;-3.7150711;40.4377815;JOAQUIN MARIA LOPEZ, CALLE, DE, Nº 50
439476,3600000000;4476059,9600000000;40360;07  CHAMBERÍ;07-01 GAZTAMBIDE;MELENDEZ VALDES, CALLE, DE;37;CargayDescarga;Línea;3;15,00;LAB. DE 8 A 14 H.Y DE 16,30 A 19 H. EXCEPTO CARGA YDESCARGA;-3.7135667;40.4329796;MELENDEZ VALDES, CALLE, DE, Nº 37
439377,3300000000;4476064,9400000000;40360;07  CHAMBERÍ;07-01 GAZTAMBIDE;MELENDEZ VALDES, CALLE, DE;49;CargayDescarga;Línea;3;15,00;lab. de 8 a 14h.y de 16.30 a 19h.excepto:    CARGA Y DESCARGA;-3.7147346;40.4330173;MELENDEZ VALDES, CALLE, DE, Nº 49
439279,6100000000;4476078,2400000000;1;07  CHAMBERÍ;07-01 GAZTAMBIDE;MELENDEZ VALDES, CALLE, DE;58;CargayDescarga;Línea;3;15,10;LAB. DE 8 A 14 H. Y DE 16,30 A 19 H. EXCEPTO CARGA Y DESCARGA;-3.7158879;40.4331299;MELENDEZ VALDES, CALLE, DE, Nº 58
439467,4100000000;4475925,4300000000;40360;07  CHAMBERÍ;07-01 GAZTAMBIDE;RODRIGUEZ SAN PEDRO, CALLE, DE;45;CargayDescarga;Línea;3;15,00;LABORABLES DE 8 A 14 H. Y DE 16,30 A 19 H.EXCEPTO CARGA Y DESCARGA;-3.7136594;40.4317671;RODRIGUEZ SAN PEDRO, CALLE, DE, Nº 45
439272,4100000000;4475937,1300000000;1;07  CHAMBERÍ;07-01 GAZTAMBIDE;RODRIGUEZ SAN PEDRO, CALLE, DE;67;CargayDescarga;Línea;3;14,70;LABORABLES DE 8 A 14 H. Y DE 16,30 A 19 H.EXCEPTO CARGA Y DESCARGA;-3.7159593;40.4318582;RODRIGUEZ SAN PEDRO, CALLE, DE, Nº 67
439212,9100000000;4475949,4700000000;1;07  CHAMBERÍ;07-01 GAZTAMBIDE;RODRIGUEZ SAN PEDRO, CALLE, DE;72;CargayDescarga;Batería;4;12,00;LAB. DE 8 A 14 H. Y DE 16,30 A 19 H.EXCEPTO CARGA Y DESCARGA;-3.716662;40.4319651;RODRIGUEZ SAN PEDRO, CALLE, DE, Nº 72
440028,3400000000;4476074,4600000000;35271;07  CHAMBERÍ;07-02 ARAPILES;ARAPILES, CALLE, DE;12;CargayDescarga;Línea;2;11,50;LABORABLES DE 8 A 14 H. Y DE 16,30 A 19 H. EXCEPTO CARGA Y DESCARGA ;-3.7070608;40.4331502;ARAPILES, CALLE, DE, Nº 12
440083,9700000000;4476063,9000000000;35998;07  CHAMBERÍ;07-02 ARAPILES;ARAPILES, CALLE, DE;13;CargayDescarga;Línea;3;15,00;LABORABLES DE 9 A 14 H.Y DE 16,30 A 19 H. EXCEPTO CARGA Y DESCARGA;-3.7064039;40.4330591;ARAPILES, CALLE, DE, Nº 13
440204,1100000000;4476106,5500000000;43192;07  CHAMBERÍ;07-02 ARAPILES;ARAPILES, CALLE, DE;2;CargayDescarga;Línea;4;19,00;LABORABLES DE 8 A 14 H.Y DE 16,30 A 19 H. EXCEPTO CARGA Y DESCARGA;-3.7049916;40.4334519;ARAPILES, CALLE, DE, Nº 2
440258,9200000000;4476455,0200000000;43179;07  CHAMBERÍ;07-02 ARAPILES;BRAVO MURILLO, CALLE, DE;33;CargayDescarga;Línea;3;18,00;LABORABLES DE 8 A 14 H. Y DE 16,30 A 19 H. EXCEPTO CARGA Y DESCARGA;-3.7043782;40.4365951;BRAVO MURILLO, CALLE, DE, Nº 33
439744,2000000000;4476704,0400000000;35914;07  CHAMBERÍ;07-02 ARAPILES;CEA BERMUDEZ, CALLE, DE;27;CargayDescarga;Línea;3;17,50;LABORABLES DE 8 A 14 H. Y DE 16,30 A 19 H. EXCEPTO CARGA Y DESCARGA;-3.7104702;40.4388012;CEA BERMUDEZ, CALLE, DE, Nº 27
440028,2400000000;4475920,4400000000;40360;07  CHAMBERÍ;07-02 ARAPILES;CONDE DEL VALLE DE SUCHIL, PLAZA, DEL;18;CargayDescarga;Línea;3;17,00;lab. de 9 a 14 h y de 16,30 a 20 h excepto:[ CARGA Y DESCARGA];-3.7070474;40.4317627;CONDE DEL VALLE DE SUCHIL, PLAZA, DEL, Nº 18
440031,3400000000;4475796,2200000000;40606;07  CHAMBERÍ;07-02 ARAPILES;CONDE DEL VALLE DE SUCHIL, PLAZA, DEL;8;CargayDescarga;Línea;3;15,00;LABORABLES DE LUNES A VIERNES DE 8 A 20 H. Y SÁBADOS DE 8 A 15 H.EXCEPTO CARGA Y DESCARGA;-3.7069991;40.4306439;CONDE DEL VALLE DE SUCHIL, PLAZA, DEL, Nº 8
440240,2400000000;4476389,0800000000;40360;07  CHAMBERÍ;07-02 ARAPILES;DONOSO CORTES, CALLE, DE;1;CargayDescarga;Línea;4;19,40;LABORABLES DE 8 A 14 H. Y DE 16,30 A 19 H. EXCEPTO CARGA Y DESCARGA;-3.7045922;40.4359997;DONOSO CORTES, CALLE, DE, Nº 1
440034,1100000000;4476400,4200000000;1;07  CHAMBERÍ;07-02 ARAPILES;DONOSO CORTES, CALLE, DE;13;CargayDescarga;Línea;4;20,00;LABORABLES DE 8 A 14 H.Y DE 16,30 A 19 H. EXCEPTO CARGA Y DESCARGA;-3.7070235;40.436087;DONOSO CORTES, CALLE, DE, Nº 13
439929,1900000000;4476414,9600000000;1;07  CHAMBERÍ;07-02 ARAPILES;DONOSO CORTES, CALLE, DE;26;CargayDescarga;Línea;3;15,30;LABORABLES DE 9 A 20 H.EXCEPTO CARGA Y DESCARGA EN LINEA;-3.7082618;40.4362104;DONOSO CORTES, CALLE, DE, Nº 26
439747,7600000000;4476418,3600000000;36629;07  CHAMBERÍ;07-02 ARAPILES;DONOSO CORTES, CALLE, DE;35;CargayDescarga;Línea;3;15,60;LAB. DE 8 A 14 H. Y DE 16,30 A 19 H. EXCEPTO CARGA Y DESCARGA;-3.7104011;40.4362279;DONOSO CORTES, CALLE, DE, Nº 35
439790,4600000000;4476424,7600000000;41498;07  CHAMBERÍ;07-02 ARAPILES;DONOSO CORTES, CALLE, DE;40;CargayDescarga;Batería;5;15,00;LAB. DE 9 A 14 H. Y DE 16,30 A 20 H. EXCEPTO CARGA Y DESCARGA EN LINEA;-3.7098983;40.4362887;DONOSO CORTES, CALLE, DE, Nº 40
439688,9100000000;4476431,3700000000;1;07  CHAMBERÍ;07-02 ARAPILES;DONOSO CORTES, CALLE, DE;50;CargayDescarga;Línea;2;13,20;LAB. DE 8 A 14 H. Y DE 16,30 A 19 H. EXCEPTO CARGA Y DESCARGA EN LINEA;-3.7110962;40.4363409;DONOSO CORTES, CALLE, DE, Nº 50
440171,4000000000;4476401,6500000000;1;07  CHAMBERÍ;07-02 ARAPILES;DONOSO CORTES, CALLE, DE;8;CargayDescarga;Línea;1;6,30;LAB. DE 9 A 20 H EXCEPTO CARGA Y DESCARGA EN LINEA;-3.705405;40.436108;DONOSO CORTES, CALLE, DE, Nº 8
440049,6000000000;4476260,6300000000;1;07  CHAMBERÍ;07-02 ARAPILES;ESCOSURA, CALLE, DE;10;CargayDescarga;Línea;3;17,80;lab. de 9 a 20 h.excepto: CARGA Y DESCARGA;-3.7068277;40.4348288;ESCOSURA, CALLE, DE, Nº 10
440164,9200000000;4476277,8600000000;1;07  CHAMBERÍ;07-02 ARAPILES;FERNANDEZ DE LOS RIOS, CALLE, DE;12;CargayDescarga;Línea;3;16,00;LAB. DE 9 A 20 H.EXCEPTO: CARGA Y DESCARGA;-3.7054698;40.4349924;FERNANDEZ DE LOS RIOS, CALLE, DE, Nº 12
440064,5000000000;4476285,0200000000;1;07  CHAMBERÍ;07-02 ARAPILES;FERNANDEZ DE LOS RIOS, CALLE, DE;24;CargayDescarga;Línea;2;10,80;LABORABLES DE 7 A 20 HORAS EXCEPTO CARGA Y DESCARGA ;-3.7066543;40.4350496;FERNANDEZ DE LOS RIOS, CALLE, DE, Nº 24
439785,1300000000;4476307,0200000000;37755;07  CHAMBERÍ;07-02 ARAPILES;FERNANDEZ DE LOS RIOS, CALLE, DE;46;CargayDescarga;Línea;3;16,70;LAB. DE 8 A 14 H. Y DE 16.30 A 19 H. EXCEPTO CARGA Y DESCARGA;-3.70995;40.4352276;FERNANDEZ DE LOS RIOS, CALLE, DE, Nº 46
439682,3300000000;4476313,7000000000;41269;07  CHAMBERÍ;07-02 ARAPILES;FERNANDEZ DE LOS RIOS, CALLE, DE;58;CargayDescarga;Línea;2;14,40;LAB. DE 8 A 14 H. Y DE 16,30 A 19 H. EXCEPTO CARGA Y DESCARGA;-3.7111626;40.4352804;FERNANDEZ DE LOS RIOS, CALLE, DE, Nº 58
440027,9900000000;4476148,1900000000;1;07  CHAMBERÍ;07-02 ARAPILES;FERNANDO EL CATOLICO, CALLE, DE;11;CargayDescarga;Línea;3;13,40;LABORABLES DE 8 A 14 H.Y DE 16,30 A 19 H. EXCEPTOCARGA Y DESCARGA;-3.7070719;40.4338144;FERNANDO EL CATOLICO, CALLE, DE, Nº 11
439934,3100000000;4476156,7000000000;42103;07  CHAMBERÍ;07-02 ARAPILES;FERNANDO EL CATOLICO, CALLE, DE;17;CargayDescarga;Línea;3;11,72;LABORABLES DE 8 A14 H. Y DE 16:30 A 19 H. EXCEPTO CARGA Y DESCARGA;-3.7081771;40.4338843;FERNANDO EL CATOLICO, CALLE, DE, Nº 17
440094,7400000000;4476142,1400000000;1;07  CHAMBERÍ;07-02 ARAPILES;FERNANDO EL CATOLICO, CALLE, DE;3;CargayDescarga;Línea;3;15,03;lab. de 9 a 20 h.excepto: CARGA Y DESCARGA;-3.7062844;40.4337647;FERNANDO EL CATOLICO, CALLE, DE, Nº 3
439671,6700000000;4476181,4300000000;37552;07  CHAMBERÍ;07-02 ARAPILES;FERNANDO EL CATOLICO, CALLE, DE;32;CargayDescarga;Línea;2;9,80;LAB. DE 8 A 14 H.Y DE 16,30 A 19 H.EXCEPTO CARGA YDESCARGA;-3.7112757;40.4340881;FERNANDO EL CATOLICO, CALLE, DE, Nº 32
439729,5400000000;4475759,9100000000;44224;07  CHAMBERÍ;07-02 ARAPILES;GALILEO, CALLE, DE;1;CargayDescarga;Batería;3;14,00;LABORABLES DE 8 A 14 H. Y DE 16,30 A 19 H. EXCEPTO CARGA Y DESCARGA EN LINEA;-3.7105535;40.430295;GALILEO, CALLE, DE, Nº 1
439792,9100000000;4476684,2500000000;40771;07  CHAMBERÍ;07-02 ARAPILES;GALILEO, CALLE, DE;100;CargayDescarga;Línea;3;17,20;LABORABLES DE 8 A 14 H. Y DE 16,30 A 19 H. EXCEPTO CARGA Y DESCARGA;-3.709894;40.4386265;GALILEO, CALLE, DE, Nº 100
439742,0900000000;4475831,2800000000;38322;07  CHAMBERÍ;07-02 ARAPILES;GALILEO, CALLE, DE;12;CargayDescarga;Línea;3;13,40;LABORABLES DE 8 A 14 H. Y DE 16,30 A 19 H.EXCEPTO CARGA Y DESCARGA;-3.7104123;40.4309389;GALILEO, CALLE, DE, Nº 12
439745,6000000000;4475896,5100000000;1;07  CHAMBERÍ;07-02 ARAPILES;GALILEO, CALLE, DE;16;CargayDescarga;Línea;2;9,00;LABORABLES DE 8 A 14 H. Y DE 16,30 A 19 H.EXCEPTO CARGA Y DESCARGA;-3.7103771;40.4315267;GALILEO, CALLE, DE, Nº 16
439737,8600000000;4475934,9200000000;38322;07  CHAMBERÍ;07-02 ARAPILES;GALILEO, CALLE, DE;19;CargayDescarga;Línea;2;12,00;LABORABLES DE 8 A 14 H. Y DE 16,30 A 19 H.EXCEPTO CARGA Y DESCARGA EN LINEA;-3.710472;40.4318722;GALILEO, CALLE, DE, Nº 19
439751,6200000000;4476028,4800000000;38170;07  CHAMBERÍ;07-02 ARAPILES;GALILEO, CALLE, DE;32;CargayDescarga;Línea;2;13,30;LAB. DE 8 A 14 H. Y DE 16,30 A 19 H. EXCEPTO CARGA Y DESCARGA;-3.7103187;40.432716;GALILEO, CALLE, DE, Nº 32
439758,4900000000;4476152,7000000000;42893;07  CHAMBERÍ;07-02 ARAPILES;GALILEO, CALLE, DE;44;CargayDescarga;Línea;6;30,00;LAB. DE 8 A 14 H. Y DE 16,30 A 19 H. EXCEPTO CARGA Y DESCARGA;-3.7102495;40.4338355;GALILEO, CALLE, DE, Nº 44
439758,5800000000;4476327,5400000000;1;07  CHAMBERÍ;07-02 ARAPILES;GALILEO, CALLE, DE;53;CargayDescarga;Línea;2;8,60;LABORABLES DE 9 A 20 HEXCEPTO CARGA Y DESCARGA EN LINEA;-3.710265;40.4354106;GALILEO, CALLE, DE, Nº 53
439774,7400000000;4476401,0700000000;39276;07  CHAMBERÍ;07-02 ARAPILES;GALILEO, CALLE, DE;72;CargayDescarga;Línea;3;18,10;LAB. DE 8 A 14 H. Y DE 16,30 A 19 H. EXCEPTO CARGA Y DESCARGA;-3.7100814;40.4360741;GALILEO, CALLE, DE, Nº 72
439778,0200000000;4476456,6800000000;41957;07  CHAMBERÍ;07-02 ARAPILES;GALILEO, CALLE, DE;74 B;CargayDescarga;Línea;1;5,50;LABORABLES DE 8 A 14H.Y DE 16.30 A 19 H.EXCEPTO CARGA Y DESCARGA;-3.710048;40.4365753;GALILEO, CALLE, DE, Nº 74 B
439783,6700000000;4476541,0600000000;38058;07  CHAMBERÍ;07-02 ARAPILES;GALILEO, CALLE, DE;86;CargayDescarga;Batería;3;16,50;Lab. de 9 a 20 h.Excepto: CARGA Y DESCARGA;-3.7099894;40.4373359;GALILEO, CALLE, DE, Nº 86
439787,0300000000;4476592,9500000000;34850;07  CHAMBERÍ;07-02 ARAPILES;GALILEO, CALLE, DE;90;CargayDescarga;Línea;2;12,00;LABORABLES DE 8 A 14 H. Y DE 16,30 A 19 H. EXCEPTO CARGA Y DESCARGA ;-3.7099547;40.4378036;GALILEO, CALLE, DE, Nº 90
439751,8800000000;4476557,6400000000;1;07  CHAMBERÍ;07-02 ARAPILES;JOAQUIN MARIA LOPEZ, CALLE, DE;15;CargayDescarga;Batería;3;9,00;lab. de 9 a 20 h. excepto: [CARGA Y DESCARGA];-3.7103658;40.4374829;JOAQUIN MARIA LOPEZ, CALLE, DE, Nº 15
439802,0800000000;4476563,2800000000;1;07  CHAMBERÍ;07-02 ARAPILES;JOAQUIN MARIA LOPEZ, CALLE, DE;16;CargayDescarga;Línea;2;14,37;lab. de 9 a 20 h. excepto: [CARGA Y DESCARGA] ;-3.7097745;40.4375374;JOAQUIN MARIA LOPEZ, CALLE, DE, Nº 16
439698,0500000000;4476570,4800000000;1;07  CHAMBERÍ;07-02 ARAPILES;JOAQUIN MARIA LOPEZ, CALLE, DE;24;CargayDescarga;Línea;3;15,00;LABORABLES DE 8 A 14 H.Y DE 16,30 A 19 H. EXCEPTO CARGA Y DESCARGA;-3.7110016;40.4375947;JOAQUIN MARIA LOPEZ, CALLE, DE, Nº 24
439939,7000000000;4476553,8800000000;42863;07  CHAMBERÍ;07-02 ARAPILES;JOAQUIN MARIA LOPEZ, CALLE, DE;4;CargayDescarga;Línea;3;15,00;LABORABLES DE 8 A 14 H. Y DE 16.30 A 19 H.  EXCEPTO CARGA Y DESCARGA;-3.7081511;40.4374626;JOAQUIN MARIA LOPEZ, CALLE, DE, Nº 4
440176,7700000000;4475995,3700000000;40360;07  CHAMBERÍ;07-02 ARAPILES;MAGALLANES, CALLE, DE;1;CargayDescarga;Línea;3;15,00;LABORABLES DE 8 A 14 H.Y DE 16,30 A 19 H. EXCEPTO CARGA Y DESCARGA;-3.7053035;40.4324484;MAGALLANES, CALLE, DE, Nº 1
440143,7900000000;4476293,3800000000;1;07  CHAMBERÍ;07-02 ARAPILES;MAGALLANES, CALLE, DE;19;CargayDescarga;Línea;2;11,60;lab. de 9 a 20 h.excepto: CARGA Y DESCARGA;-3.7057203;40.4351307;MAGALLANES, CALLE, DE, Nº 19
440150,2700000000;4476253,3100000000;34779;07  CHAMBERÍ;07-02 ARAPILES;MAGALLANES, CALLE, DE;32;CargayDescarga;Batería;5;13,90;LABORABLES DE 8 A 14 H. Y DE 16,30 A 19 H. EXCEPTO CARGA Y DESCARGA ;-3.7056402;40.4347702;MAGALLANES, CALLE, DE, Nº 32
440161,5200000000;4476413,6400000000;43522;07  CHAMBERÍ;07-02 ARAPILES;MAGALLANES, CALLE, DE;42;CargayDescarga;Línea;2;10,00;LABORABLES DE 8 A 14 H Y DE 16.30 A 19.00 EXCEPTO CARGA Y DESCARGA;-3.7055226;40.4362153;MAGALLANES, CALLE, DE, Nº 42
440146,2300000000;4476159,1300000000;37299;07  CHAMBERÍ;07-02 ARAPILES;MAGALLANES, CALLE, DE;9;CargayDescarga;Línea;5;25,00;LABORABLES DE 8 A 14 H. Y DE 16,30 A 19 H. EXCEPTO CARGA Y DESCARGA;-3.7056789;40.4339215;MAGALLANES, CALLE, DE, Nº 9
439727,5000000000;4476046,8600000000;1;07  CHAMBERÍ;07-02 ARAPILES;MELENDEZ VALDES, CALLE, DE;11;CargayDescarga;Batería;3;13,90;LAB. DE 8 A 14 H. Y DE 16,30 A 19 H. EXCEPTO CARGA Y DESCARGA EN LINEA;-3.7106048;40.4328798;MELENDEZ VALDES, CALLE, DE, Nº 11
439730,8800000000;4476055,5900000000;42893;07  CHAMBERÍ;07-02 ARAPILES;MELENDEZ VALDES, CALLE, DE;22;CargayDescarga;Línea;2;10,70;LAB. DE 8 A 14 H.Y DE 16,30 A 19 H.EXCEPTO CARGA Y DESCARGA;-3.7105658;40.4329587;MELENDEZ VALDES, CALLE, DE, Nº 22
439720,8400000000;4475911,3100000000;38322;07  CHAMBERÍ;07-02 ARAPILES;RODRIGUEZ SAN PEDRO, CALLE, DE;19;CargayDescarga;Línea;3;15,00;LABORABLES DE 8 A 14 H. Y DE 16,30 A 19 H.EXCEPTO CARGA Y DESCARGA;-3.7106704;40.4316583;RODRIGUEZ SAN PEDRO, CALLE, DE, Nº 19
439765,6900000000;4475917,2300000000;1;07  CHAMBERÍ;07-02 ARAPILES;RODRIGUEZ SAN PEDRO, CALLE, DE;26;CargayDescarga;Línea;3;16,40;LABORABLES DE 8 A 14 H. Y DE 16,30 A 19 H.EXCEPTO CARGA Y DESCARGA EN LINE;-3.7101423;40.4317148;RODRIGUEZ SAN PEDRO, CALLE, DE, Nº 26
439651,0900000000;4475924,2400000000;38322;07  CHAMBERÍ;07-02 ARAPILES;RODRIGUEZ SAN PEDRO, CALLE, DE;36;CargayDescarga;Línea;3;15,00;LABORABLES DE 8 A 14 H. Y DE 16,30 A 19 H.EXCEPTO CARGA Y DESCARGA EN LINE;-3.7114939;40.4317697;RODRIGUEZ SAN PEDRO, CALLE, DE, Nº 36
439949,2100000000;4475893,0100000000;1;07  CHAMBERÍ;07-02 ARAPILES;RODRIGUEZ SAN PEDRO, CALLE, DE;7;CargayDescarga;Línea;3;18,00;LABORABLES DE 8 A 14 H. Y DE 16,30 A 19 H. EXCEPTOCARGA Y DESCARGA ;-3.7079765;40.4315099;RODRIGUEZ SAN PEDRO, CALLE, DE, Nº 7
440100,9900000000;4475703,7000000000;38322;07  CHAMBERÍ;07-02 ARAPILES;RUIZ JIMENEZ, GLORIETA, DE;2;CargayDescarga;Línea;2;10,25;LABORABLES DE 8 A 14 H.  Y DE 16,30 A 19 H. EXCEPTO CARGA Y DESCARGA;-3.7061694;40.4298155;RUIZ JIMENEZ, GLORIETA, DE, Nº 2
439869,0600000000;4475924,9700000000;38322;07  CHAMBERÍ;07-02 ARAPILES;VALLEHERMOSO, CALLE, DE;19;CargayDescarga;Línea;3;15,00;LABORABLES DE 8 A 14 H. Y DE 16,30 A 19 H. EXCEPTO CARGA Y DESCARGA;-3.7089244;40.431792;VALLEHERMOSO, CALLE, DE, Nº 19
439889,5200000000;4476068,9900000000;38819;07  CHAMBERÍ;07-02 ARAPILES;VALLEHERMOSO, CALLE, DE;28;CargayDescarga;Línea;4;19,00;LAB. DE 8 A 14 H.Y DE 16,30 A 19 H.EXCEPTO CARGA YDESCARGA;-3.7086968;40.4330909;VALLEHERMOSO, CALLE, DE, Nº 28
439875,4100000000;4476016,0800000000;42895;07  CHAMBERÍ;07-02 ARAPILES;VALLEHERMOSO, CALLE, DE;29;CargayDescarga;Línea;2;11,00;LABORABLES DE 8 A 14 H. Y DE 16:30 A 19 H. EXCEPTO CARGA Y DESCARGA;-3.7088581;40.4326133;VALLEHERMOSO, CALLE, DE, Nº 29
439897,9300000000;4476190,8400000000;43782;07  CHAMBERÍ;07-02 ARAPILES;VALLEHERMOSO, CALLE, DE;36;CargayDescarga;Línea;5;24,00;LABORABLES DE 8 A 18 HORAS EXCEPTO CARGA Y DESCARGA;-3.7086092;40.4341892;VALLEHERMOSO, CALLE, DE, Nº 36
439868,1000000000;4475771,8000000000;42929;07  CHAMBERÍ;07-02 ARAPILES;VALLEHERMOSO, CALLE, DE;4;CargayDescarga;Línea;1;5,60;LABORABLES DE 8 A 15H. EXCEPTO CARGA Y DESCARGA;-3.7089212;40.4304122;VALLEHERMOSO, CALLE, DE, Nº 4
439903,5100000000;4476269,1000000000;41332;07  CHAMBERÍ;07-02 ARAPILES;VALLEHERMOSO, CALLE, DE;42;CargayDescarga;Línea;3;14,10;LAB. DE 8 A 14 H. Y DE 16,30 A 19 H. EXCEPTO CARGA Y DESCARGA;-3.7085508;40.4348946;VALLEHERMOSO, CALLE, DE, Nº 42
439896,7400000000;4476313,0800000000;42863;07  CHAMBERÍ;07-02 ARAPILES;VALLEHERMOSO, CALLE, DE;49;CargayDescarga;Batería;1;11,88;LABORABLES  DE 8 A 14 H. Y DE 16:30 A 19 H. EXCEPTO CARGA Y DESCARGA EN LÍNEA;-3.7086348;40.4352903;VALLEHERMOSO, CALLE, DE, Nº 49
439905,1100000000;4476430,0100000000;35914;07  CHAMBERÍ;07-02 ARAPILES;VALLEHERMOSO, CALLE, DE;53;CargayDescarga;Línea;3;15,50;LABORABLES DE 8 A 14 H. Y DE 16:30 A 19 H. EXCEPTO CARGA Y DESCARGA EN LÍNEA;-3.7085472;40.4363443;VALLEHERMOSO, CALLE, DE, Nº 53
439921,6600000000;4476662,8300000000;42865;07  CHAMBERÍ;07-02 ARAPILES;VALLEHERMOSO, CALLE, DE;79;CargayDescarga;Línea;5;20,40;LABORABLES DE LUNES A VIERNES DE 8 A 20 H.;-3.708374;40.4384428;VALLEHERMOSO, CALLE, DE, Nº 79
440540,8400000000;4475849,0800000000;38875;07  CHAMBERÍ;07-03 TRAFALGAR;ALBURQUERQUE, CALLE, DE;14;CargayDescarga;Línea;3;15,00;LABORABLES DE 8 A 14 H.  Y DE 16,30 A 19 H. EXCEPTO CARGA Y DESCARGA ;-3.7009978;40.4311567;ALBURQUERQUE, CALLE, DE, Nº 14
440421,4100000000;4475841,6400000000;1;07  CHAMBERÍ;07-03 TRAFALGAR;ALBURQUERQUE, CALLE, DE;4;CargayDescarga;Línea;3;17,10;LABORABLES DE 7 A 15 H Y DE 17 A 20 H EXCEPTO CARGA Y DESCARGA;-3.702405;40.4310811;ALBURQUERQUE, CALLE, DE, Nº 4
440273,6600000000;4476351,1600000000;1;07  CHAMBERÍ;07-03 TRAFALGAR;BRAVO MURILLO, CALLE, DE;18;CargayDescarga;Línea;3;14,70;LABORABLES DE 8 A 14 H. Y DE 16,30 A 19 H. EXCEPTO CARGA Y DESCARGA;-3.7041947;40.4356605;BRAVO MURILLO, CALLE, DE, Nº 18
440267,7900000000;4476189,0300000000;36923;07  CHAMBERÍ;07-03 TRAFALGAR;BRAVO MURILLO, CALLE, DE;4;CargayDescarga;Línea;3;15,40;LABORABLES DE 8 A 14 H.Y DE 16,30 A 19 H. EXCEPTOCARGA Y DESCARGA;-3.7042486;40.4341995;BRAVO MURILLO, CALLE, DE, Nº 4
440468,0700000000;4475820,0400000000;42276;07  CHAMBERÍ;07-03 TRAFALGAR;CARDENAL CISNEROS, CALLE, DEL;24;CargayDescarga;Línea;4;20,00;LABORABLES DE 9 A 20H. EXCEPTO CARGA Y DESCARGA ;-3.7018529;40.4308899;CARDENAL CISNEROS, CALLE, DEL, Nº 24
440490,7100000000;4475675,6300000000;38322;07  CHAMBERÍ;07-03 TRAFALGAR;CARDENAL CISNEROS, CALLE, DEL;3;CargayDescarga;Línea;3;14,00;LABORABLES DE 8 A 14 H. Y DE 16,30 A 19 H. EXCEPTO CARGA Y DESCARGA;-3.7015725;40.4295906;CARDENAL CISNEROS, CALLE, DEL, Nº 3
440438,1500000000;4475974,4300000000;38322;07  CHAMBERÍ;07-03 TRAFALGAR;CARDENAL CISNEROS, CALLE, DEL;42;CargayDescarga;Línea;4;22,40;lab. de 9 a 20 h.excepto: CARGA Y DESCARGA;-3.7022201;40.4322785;CARDENAL CISNEROS, CALLE, DEL, Nº 42
440418,8900000000;4476075,4100000000;43354;07  CHAMBERÍ;07-03 TRAFALGAR;CARDENAL CISNEROS, CALLE, DEL;50;CargayDescarga;Línea;3;15,00;LABORABLES DE 8 A 17 H. EXCEPTO CARGA Y DESCARGA;-3.7024566;40.4331868;CARDENAL CISNEROS, CALLE, DEL, Nº 50
440377,2800000000;4476276,7600000000;1;07  CHAMBERÍ;07-03 TRAFALGAR;CARDENAL CISNEROS, CALLE, DEL;72;CargayDescarga;Línea;2;9,50;lab. de 9 a 20 h.excepto: CARGA Y DESCARGA;-3.7029661;40.4349977;CARDENAL CISNEROS, CALLE, DEL, Nº 72
440679,6800000000;4476224,4300000000;38171;07  CHAMBERÍ;07-03 TRAFALGAR;CASTILLO, CALLE, DEL;28;CargayDescarga;Línea;3;15,00;LABORABLES DE 8 A 14 H. Y DE 16,30 A 19 H. EXCEPTO CARGA Y DESCARGA;-3.6993961;40.4345479;CASTILLO, CALLE, DEL, Nº 28
440844,8000000000;4475638,5600000000;43349;07  CHAMBERÍ;07-03 TRAFALGAR;COVARRUBIAS, CALLE, DE;12;CargayDescarga;Batería;3;15,00;LABORABLES DE 8 A 17 HORAS EXCEPTO CARGA Y DESCARGA;-3.6973949;40.4292819;COVARRUBIAS, CALLE, DE, Nº 12
440798,8600000000;4475783,9400000000;43349;07  CHAMBERÍ;07-03 TRAFALGAR;COVARRUBIAS, CALLE, DE;23;CargayDescarga;Línea;3;15,00;LABORABLES DE 8 A 17 H. EXCEPTO CARGA Y DESCARGA;-3.69795;40.4305883;COVARRUBIAS, CALLE, DE, Nº 23
440765,6100000000;4475907,8700000000;43349;07  CHAMBERÍ;07-03 TRAFALGAR;COVARRUBIAS, CALLE, DE;37;CargayDescarga;Línea;3;15,00;LABORABLES DE 8 A 17 HORAS EXCEPTO CARGA Y DESCARGA;-3.6983535;40.4317023;COVARRUBIAS, CALLE, DE, Nº 37
440564,0900000000;4475687,2800000000;40037;07  CHAMBERÍ;07-03 TRAFALGAR;EGUILAZ, CALLE, DE;13;CargayDescarga;Línea;3;18,20;LABORABLES DE 8 A 14 H. Y DE 16,30 A 19 H. EXCEPTO CARGA Y DESCARGA;-3.7007086;40.4297008;EGUILAZ, CALLE, DE, Nº 13
440643,0500000000;4475728,1600000000;38986;07  CHAMBERÍ;07-03 TRAFALGAR;FRANCISCO DE ROJAS, CALLE, DE;12;CargayDescarga;Línea;1;25,30;LABORABLES DE 8 A 14 H. Y DE 16,30A 19 H. EXCEPTO CARGA Y DESCARGA;-3.6997816;40.4300747;FRANCISCO DE ROJAS, CALLE, DE, Nº 12
440398,4000000000;4475674,1700000000;40360;07  CHAMBERÍ;07-03 TRAFALGAR;FUENCARRAL, CALLE, DE;111;CargayDescarga;Línea;1;7,70;EXCEPTO CARGA Y DESCARGA LAB. DE 8,30 A 21 H  DOMINGOS Y FESTIVOS DE 9 A 16 H;-3.7026606;40.4295708;FUENCARRAL, CALLE, DE, Nº 111
440406,9800000000;4475695,4800000000;43689;07  CHAMBERÍ;07-03 TRAFALGAR;FUENCARRAL, CALLE, DE;116;CargayDescarga;Línea;5;26,80;EXCEPTO CARGA Y DESCARGA LAB. DE 8,30 A 21 H  DOMINGOS Y FESTIVOS DE 9 A 16 H;-3.7025614;40.4297634;FUENCARRAL, CALLE, DE, Nº 116
440369,6100000000;4475773,1300000000;42537;07  CHAMBERÍ;07-03 TRAFALGAR;FUENCARRAL, CALLE, DE;121;CargayDescarga;Línea;7;38,00;EXCEPTO CARGA Y DESCARGA DE 8.30 A 21 H. DOMINGOS Y FESTIVOS DE 9 A 16 H.;-3.7030092;40.4304602;FUENCARRAL, CALLE, DE, Nº 121
440379,1700000000;4475780,7200000000;39085;07  CHAMBERÍ;07-03 TRAFALGAR;FUENCARRAL, CALLE, DE;126;CargayDescarga;Línea;9;46,00;EXCEPTO CARGA Y DESCARGA DE 8.30 A 21 H. DOMINGOS Y FESTIVOS DE 9 A 16 H.;-3.7028973;40.4305293;FUENCARRAL, CALLE, DE, Nº 126
440356,7500000000;4475812,8100000000;40611;07  CHAMBERÍ;07-03 TRAFALGAR;FUENCARRAL, CALLE, DE;130;CargayDescarga;Línea;9;44,00;EXCEPTO CARGA Y DESCARGA DE 8.30 A 21 H. DOMINGOS Y FESTIVOS DE 9 A 16 H.;-3.7031646;40.4308168;FUENCARRAL, CALLE, DE, Nº 130
440315,2000000000;4475941,3100000000;40583;07  CHAMBERÍ;07-03 TRAFALGAR;FUENCARRAL, CALLE, DE;135;CargayDescarga;Línea;6;45,40;EXCEPTO CARGA Y DESCARGA LAB. DE 8,30 A 21 H DOMINGOS Y FESTIVOS DE 9 A 16 H;-3.7036665;40.4319714;FUENCARRAL, CALLE, DE, Nº 135
440337,2300000000;4475872,8500000000;40360;07  CHAMBERÍ;07-03 TRAFALGAR;FUENCARRAL, CALLE, DE;136;CargayDescarga;Línea;2;11,50;EXCEPTO CARGA Y DESCARGALAB. DE 8,30 A 21 H DOMINGOS Y FESTIVOS DE 9 A 16 H;-3.7034003;40.4313562;FUENCARRAL, CALLE, DE, Nº 136
440291,2100000000;4476015,5500000000;39085;07  CHAMBERÍ;07-03 TRAFALGAR;FUENCARRAL, CALLE, DE;145;CargayDescarga;Línea;14;70,00;EXCEPTO CARGA Y DESCARGA LAB. DE 8,30 A 21 H DOMINGOS Y FESTIVOS DE 9 A 16 H;-3.7039562;40.4326384;FUENCARRAL, CALLE, DE, Nº 145
440297,3100000000;4476519,9500000000;1;07  CHAMBERÍ;07-03 TRAFALGAR;GARCIA DE PAREDES, CALLE, DE;1;CargayDescarga;Línea;3;18,20;LABORABLES DE 8 A 14 H. Y DE 16,30 A 19 H. EXCEPTO CARGA Y DESCARGA;-3.7039317;40.4371827;GARCIA DE PAREDES, CALLE, DE, Nº 1
440512,5200000000;4476482,9900000000;39231;07  CHAMBERÍ;07-03 TRAFALGAR;GARCIA DE PAREDES, CALLE, DE;18;CargayDescarga;Línea;1;15,00;LABORABLES DE 8 A 14 H.Y DE 16,30 A 19 H. EXCEPTO CARGA Y DESCARGA;-3.701391;40.4368652;GARCIA DE PAREDES, CALLE, DE, Nº 18
440648,9100000000;4476465,0700000000;43181;07  CHAMBERÍ;07-03 TRAFALGAR;GARCIA DE PAREDES, CALLE, DE;30;CargayDescarga;Línea;2;12,00;LABORABLES DE 8 A 14 H.Y DE 16,30 A 19 H. EXCEPTO CARGA Y DESCARGA;-3.6997813;40.4367135;GARCIA DE PAREDES, CALLE, DE, Nº 30
440346,7800000000;4476504,3900000000;1;07  CHAMBERÍ;07-03 TRAFALGAR;GARCIA DE PAREDES, CALLE, DE;8;CargayDescarga;Línea;4;20,70;LABORABLES DE 8 A 14 H.Y DE 16,30 A 19 H. EXCEPTOCARGA Y DESCARGA;-3.703347;40.4370461;GARCIA DE PAREDES, CALLE, DE, Nº 8
440662,2400000000;4475861,6100000000;36894;07  CHAMBERÍ;07-03 TRAFALGAR;GARCILASO, CALLE, DE;1;CargayDescarga;Línea;1;7,80;LABORABLES DE 8 A 14 H. Y DE 16,30 A 19 H. EXCEPTO CARGA Y DESCARGA;-3.6995678;40.4312782;GARCILASO, CALLE, DE, Nº 1
440405,8400000000;4476410,5600000000;1;07  CHAMBERÍ;07-03 TRAFALGAR;GENERAL ALVAREZ DE CASTRO, CALLE, DEL;23;CargayDescarga;Línea;3;13,06;lab. de 9 a 20 h.excepto: CARGA Y DESCARGA;-3.7026419;40.4362051;GENERAL ALVAREZ DE CASTRO, CALLE, DEL, Nº 23
440306,2700000000;4475865,8400000000;43350;07  CHAMBERÍ;07-03 TRAFALGAR;JERONIMO DE LA QUINTANA, CALLE, DE;1;CargayDescarga;Línea;3;19,49;LABORABLES DE 8 A 17 HORAS EXCEPTO CARGA Y DESCARGA;-3.7037646;40.4312909;JERONIMO DE LA QUINTANA, CALLE, DE, Nº 1
440235,0000000000;4475872,5100000000;1;07  CHAMBERÍ;07-03 TRAFALGAR;JERONIMO DE LA QUINTANA, CALLE, DE;11;CargayDescarga;Línea;1;10,39;LABORABLES DE 8 A 12 H Y DE 14.30 A 16.30 H EXCEPTO CARGA Y DESCARGA;-3.7046054;40.4313458;JERONIMO DE LA QUINTANA, CALLE, DE, Nº 11
440447,8100000000;4475993,7000000000;43355;07  CHAMBERÍ;07-03 TRAFALGAR;JORDAN, CALLE, DEL;16;CargayDescarga;Línea;2;10,00;LABORABLES DE 8 A 17 HORAS EXCEPTO CARGA Y DESCARGA ;-3.702108;40.4324528;JORDAN, CALLE, DEL, Nº 16
440338,9300000000;4475957,8800000000;43355;07  CHAMBERÍ;07-03 TRAFALGAR;JORDAN, CALLE, DEL;2;CargayDescarga;Línea;3;15,00;LABORABLES DE 8 A 17 HORAS EXCEPTO CARGA Y DESCARGA;-3.7033883;40.4321223;JORDAN, CALLE, DEL, Nº 2
440379,0300000000;4476668,2700000000;39797;07  CHAMBERÍ;07-03 TRAFALGAR;JOSE ABASCAL, CALLE, DE;4;CargayDescarga;Línea;3;15,00;LABORABLES DE 8 A 14 H. Y DE 16,30 A 19 H. EXCEPTO CARGA Y DESCARGA ;-3.7029822;40.4385247;JOSE ABASCAL, CALLE, DE, Nº 4
440702,8600000000;4475907,8800000000;38520;07  CHAMBERÍ;07-03 TRAFALGAR;JUAN DE AUSTRIA, CALLE, DE;1;CargayDescarga;Línea;3;12,00;lab. de 9 a 20 h excepto: CARGA Y DESCARGA;-3.6990933;40.4316979;JUAN DE AUSTRIA, CALLE, DE, Nº 1
440649,2900000000;4476084,9300000000;43425;07  CHAMBERÍ;07-03 TRAFALGAR;JUAN DE AUSTRIA, CALLE, DE;17;CargayDescarga;Línea;3;15,00;LABORABLES DE 8 A 17 HORAS EXCEPTO CARGA Y DESCARGA;-3.6997413;40.4332891;JUAN DE AUSTRIA, CALLE, DE, Nº 17
440631,7600000000;4476142,3400000000;1;07  CHAMBERÍ;07-03 TRAFALGAR;JUAN DE AUSTRIA, CALLE, DE;25;CargayDescarga;Línea;2;12,00;LABORABLES DE 8 A 14 H. EXCEPTO CARGA Y DESCARGA.;-3.6999533;40.433805;JUAN DE AUSTRIA, CALLE, DE, Nº 25
440613,5200000000;4476202,1100000000;43353;07  CHAMBERÍ;07-03 TRAFALGAR;JUAN DE AUSTRIA, CALLE, DE;35;CargayDescarga;Línea;2;12,00;LABORABLES DE 8 A 17 HORAS EXCEPTO CARGA Y DESCARGA;-3.700174;40.4343421;JUAN DE AUSTRIA, CALLE, DE, Nº 35
440678,9500000000;4475987,2200000000;43353;07  CHAMBERÍ;07-03 TRAFALGAR;JUAN DE AUSTRIA, CALLE, DE;9;CargayDescarga;Línea;3;15,00;LABORABLES DE 8 A 17 HORAS EXCEPTO CARGA Y DESCARGA;-3.6993825;40.432411;JUAN DE AUSTRIA, CALLE, DE, Nº 9
440681,9000000000;4475790,8400000000;42157;07  CHAMBERÍ;07-03 TRAFALGAR;MANUEL SILVELA, CALLE, DE;18;CargayDescarga;Línea;3;18,50;LABORABLES DE 8 A 17 HORAS, EXCEPTO CARGA Y DESCARGA;-3.6993294;40.4306421;MANUEL SILVELA, CALLE, DE, Nº 18
440752,0700000000;4475622,7100000000;43354;07  CHAMBERÍ;07-03 TRAFALGAR;MANUEL SILVELA, CALLE, DE;6;CargayDescarga;Línea;3;15,00;LABORABLES DE 8 A17 H. EXCEPTO CARGA Y DESCARGA;-3.6984865;40.4291325;MANUEL SILVELA, CALLE, DE, Nº 6
440231,2800000000;4475686,6600000000;37175;07  CHAMBERÍ;07-03 TRAFALGAR;MONTELEON, CALLE, DE;32;CargayDescarga;Línea;4;20,00;LABORABLES DE 8 A 14 H.  Y DE 16,30 A 19 H. EXCEPTO CARGA Y DESCARGA;-3.7046318;40.4296713;MONTELEON, CALLE, DE, Nº 32
440753,5500000000;4475663,4800000000;43348;07  CHAMBERÍ;07-03 TRAFALGAR;NICASIO GALLEGO, CALLE, DE;14;CargayDescarga;Línea;2;10,00;LABORABLES DE 8 A17 H. EXCEPTO CARGA Y DESCARGA;-3.6984729;40.4294999;NICASIO GALLEGO, CALLE, DE, Nº 14
440813,6000000000;4475669,9200000000;43348;07  CHAMBERÍ;07-03 TRAFALGAR;NICASIO GALLEGO, CALLE, DE;20;CargayDescarga;Línea;3;15,00;LABORABLES DE 8 A17 H. EXCEPTO CARGA Y DESCARGA;-3.6977656;40.4295622;NICASIO GALLEGO, CALLE, DE, Nº 20
440502,1200000000;4475933,9700000000;43636;07  CHAMBERÍ;07-03 TRAFALGAR;PALAFOX, CALLE, DE;18;CargayDescarga;Línea;3;15,80;LABORABLES DE LUNES A VIERNES DE 8 A 20 H. SÁBADOS DE 8 A 15 H. EXCEPTO CARGA Y DESCARGA;-3.7014622;40.4319186;PALAFOX, CALLE, DE, Nº 18
440556,9800000000;4475752,8300000000;43214;07  CHAMBERÍ;07-03 TRAFALGAR;PALAFOX, CALLE, DE;2;CargayDescarga;Línea;2;14,11;LABORABLES DE 8 A 14 H. Y DE 16,30 A 19 H. EXCEPTOCARGA Y DESCARGA;-3.7007985;40.4302908;PALAFOX, CALLE, DE, Nº 2
440503,2000000000;4475972,4000000000;1;07  CHAMBERÍ;07-03 TRAFALGAR;PALAFOX, CALLE, DE;31;CargayDescarga;Línea;3;14,10;LABORABLES DE 8 A 14 H.  Y DE 16,30 A 19 H. EXCEPTO CARGA Y DESCARGA;-3.7014531;40.4322649;PALAFOX, CALLE, DE, Nº 31
440596,0500000000;4475995,8300000000;1;07  CHAMBERÍ;07-03 TRAFALGAR;RAIMUNDO LULIO, CALLE, DE;2;CargayDescarga;Línea;4;19,80;lab. de 9 a 20 h. excepto: [CARGA Y DESCARGA];-3.7003606;40.4324826;RAIMUNDO LULIO, CALLE, DE, Nº 2
440250,6300000000;4475736,9200000000;1;07  CHAMBERÍ;07-03 TRAFALGAR;SANDOVAL, CALLE, DE;15;CargayDescarga;Línea;3;16,00;LABORABLES DE 8 A 14 H. Y DE 16,30 A 19 H. EXCEPTOCARGA Y DESCARGA;-3.7044084;40.4301255;SANDOVAL, CALLE, DE, Nº 15
440190,5000000000;4475752,3900000000;39119;07  CHAMBERÍ;07-03 TRAFALGAR;SANDOVAL, CALLE, DE;20;CargayDescarga;Línea;3;15,00;LABORABLES DE 8 A 14 H.  Y DE 16,30 A 19 H. EXCEPTO CARGA Y DESCARGA ;-3.7051187;40.4302605;SANDOVAL, CALLE, DE, Nº 20
440305,4200000000;4475714,0700000000;1;07  CHAMBERÍ;07-03 TRAFALGAR;SANDOVAL, CALLE, DE;7;CargayDescarga;Línea;3;18,00;LABORABLES DE 8 A 14 H.  Y DE 16,30 A 19 H. EXCEPTO CARGA Y DESCARGA;-3.7037604;40.4299236;SANDOVAL, CALLE, DE, Nº 7
440625,5100000000;4476595,6500000000;43033;07  CHAMBERÍ;07-03 TRAFALGAR;SANTA ENGRACIA, CALLE, DE;113;CargayDescarga;Línea;1;25,30;LABORABLES DE 8 A 14 Y DE 16:30 A 19 H. EXCEPTO CARGA Y DESGARDA;-3.7000694;40.4378882;SANTA ENGRACIA, CALLE, DE, Nº 113
440793,1300000000;4476072,1300000000;43033;07  CHAMBERÍ;07-03 TRAFALGAR;SANTA ENGRACIA, CALLE, DE;49;CargayDescarga;Línea;1;8,70;LABORABLES DE 8 A 14 Y DE 16:30 A 19 H. EXCEPTO CARGA Y DESCARGA;-3.6980444;40.433184;SANTA ENGRACIA, CALLE, DE, Nº 49
440608,9300000000;4476045,6000000000;43843;07  CHAMBERÍ;07-03 TRAFALGAR;SANTA FELICIANA, CALLE, DE;4;CargayDescarga;Batería;3;16,80;LABORABLES DE 8 A 11 H. EXCEPTO CARGA Y DESCARGA;-3.7002135;40.4329319;SANTA FELICIANA, CALLE, DE, Nº 4
440557,9800000000;4476393,6000000000;1;07  CHAMBERÍ;07-03 TRAFALGAR;SANTISIMA TRINIDAD, CALLE, DE LA;13;CargayDescarga;Batería;7;17,70;LABORABLES DE 8 A 14 H.Y DE 16,30 A 19 H. EXCEPTOCARGA Y DESCARGA;-3.7008467;40.4360632;SANTISIMA TRINIDAD, CALLE, DE LA, Nº 13
440547,6700000000;4476462,8800000000;1;07  CHAMBERÍ;07-03 TRAFALGAR;SANTISIMA TRINIDAD, CALLE, DE LA;23;CargayDescarga;Línea;3;15,60;lab. de 9 a 20 h.excepto: CARGA Y DESCARGA;-3.7009747;40.4366866;SANTISIMA TRINIDAD, CALLE, DE LA, Nº 23
440588,6800000000;4476285,0900000000;42046;07  CHAMBERÍ;07-03 TRAFALGAR;SANTISIMA TRINIDAD, CALLE, DE LA;3;CargayDescarga;Línea;2;12,00;LABORABLES DE LUNES A VIERNES DE 8 A 20 H. Y SÁBADOS DE 8 A 15 H.EXCEPTO CARGA Y DESCARGA;-3.7004746;40.4350879;SANTISIMA TRINIDAD, CALLE, DE LA, Nº 3
440604,1000000000;4475804,7700000000;40360;07  CHAMBERÍ;07-03 TRAFALGAR;TRAFALGAR, CALLE, DE;1;CargayDescarga;Línea;1;14,00;LABORABLES DE 8 A 14 H. Y DE 16,30 A 19 H. EXCEPTOCARGA Y DESCARGA;-3.7002479;40.430762;TRAFALGAR, CALLE, DE, Nº 1
440518,4800000000;4476129,6600000000;1;07  CHAMBERÍ;07-03 TRAFALGAR;TRAFALGAR, CALLE, DE;32;CargayDescarga;Línea;3;18,30;LABORABLES DE 8 A 14 H.Y DE 16,30 A 19 H. EXCEPTOCARGA Y DESCARGA;-3.7012876;40.4336827;TRAFALGAR, CALLE, DE, Nº 32
440395,2600000000;4476378,7300000000;1;07  CHAMBERÍ;07-03 TRAFALGAR;VIRIATO, CALLE, DE;12;CargayDescarga;Línea;3;15,00;LABORABLES DE 8 A 14 H. Y DE 16,30 A 19 H. EXCEPTO CARGA Y DESCARGA ;-3.7027637;40.4359176;VIRIATO, CALLE, DE, Nº 12
440677,0200000000;4476359,0000000000;36292;07  CHAMBERÍ;07-03 TRAFALGAR;VIRIATO, CALLE, DE;42;CargayDescarga;Línea;3;14,50;LABORABLES DE 8 A 14 H.Y DE 16,30 A 19 H. EXCEPTO CARGA Y DESCARGA;-3.69944;40.43576;VIRIATO, CALLE, DE, Nº 42
440334,1500000000;4476383,0100000000;43542;07  CHAMBERÍ;07-03 TRAFALGAR;VIRIATO, CALLE, DE;5;CargayDescarga;Línea;3;15,00;LABORABLES DE 8 A 14H Y DE 16.30 A 19 H. EXCEPTO CARGA Y DESCARGA ;-3.7034845;40.4359518;VIRIATO, CALLE, DE, Nº 5
440808,4900000000;4476440,0100000000;41185;07  CHAMBERÍ;07-04 ALMAGRO;ALONSO CANO, CALLE, DE;12;CargayDescarga;Línea;4;22,00;LABORABLES DE 8 A 14 H. Y DE 16:30 A 19 H. EXCEPTO CARGA Y DESCARGA;-3.6978976;40.4364991;ALONSO CANO, CALLE, DE, Nº 12
440798,5700000000;4476306,4700000000;44187;07  CHAMBERÍ;07-04 ALMAGRO;ALONSO CANO, CALLE, DE;2;CargayDescarga;Línea;3;14,95;LABORABLES DE 8 A 17 HORAS EXCEPTO CARGA Y DESCARGA;-3.6980021;40.4352954;ALONSO CANO, CALLE, DE, Nº 2
440804,5200000000;4476513,5100000000;1;07  CHAMBERÍ;07-04 ALMAGRO;ALONSO CANO, CALLE, DE;23;CargayDescarga;Línea;3;16,00;LAB. DE 8 A 14 H Y DE 16.30 A 19 H EXCEPTO CARGA Y DESCARGA;-3.6979512;40.437161;ALONSO CANO, CALLE, DE, Nº 23
440803,9900000000;4476380,4300000000;41185;07  CHAMBERÍ;07-04 ALMAGRO;ALONSO CANO, CALLE, DE;8;CargayDescarga;Línea;5;27,30;LABORABLES DE 8 A 14 H. Y DE 16:30 A 19 H. EXCEPTO CARGA Y DESCARGA;-3.6979451;40.4359621;ALONSO CANO, CALLE, DE, Nº 8
441211,4700000000;4475584,8400000000;37665;07  CHAMBERÍ;07-04 ALMAGRO;BLANCA DE NAVARRA, CALLE, DE;6;CargayDescarga;Línea;3;17,00;lab. de 8 a 14 h y de 16,30 a 19 h excepto:      CARGA Y                     DESCARGA;-3.6930675;40.428824;BLANCA DE NAVARRA, CALLE, DE, Nº 6
441070,3900000000;4475790,5000000000;39168;07  CHAMBERÍ;07-04 ALMAGRO;CARACAS, CALLE, DE;6;CargayDescarga;Línea;3;15,00;LABORABLES DE 8 A 14 H. Y DE 16,30 A 19 H. EXCEPTO CARGA Y DESCARGA ;-3.6947496;40.4306667;CARACAS, CALLE, DE, Nº 6
441048,1600000000;4476054,4100000000;1;07  CHAMBERÍ;07-04 ALMAGRO;FERNANDEZ DE LA HOZ, CALLE, DE;15;CargayDescarga;Línea;3;15,30;lab. de 9 a 20 h.excepto: CARGA Y DESCARGA;-3.6950362;40.4330425;FERNANDEZ DE LA HOZ, CALLE, DE, Nº 15
441071,3200000000;4476251,9700000000;1;07  CHAMBERÍ;07-04 ALMAGRO;FERNANDEZ DE LA HOZ, CALLE, DE;42;CargayDescarga;Línea;3;16,10;LABORABLES DE 8 A 17 H.EXCEPTO CARGA Y DESCARGA;-3.6947814;40.4348239;FERNANDEZ DE LA HOZ, CALLE, DE, Nº 42
441084,3600000000;4476434,5000000000;1;07  CHAMBERÍ;07-04 ALMAGRO;FERNANDEZ DE LA HOZ, CALLE, DE;54;CargayDescarga;Línea;3;15,50;LABORABLES DE 9 A 20 H.EXCEPTO CARGA Y DESCARGA EN LINEA;-3.6946446;40.4364691;FERNANDEZ DE LA HOZ, CALLE, DE, Nº 54
441459,0100000000;4476186,7300000000;38362;07  CHAMBERÍ;07-04 ALMAGRO;FORTUNY, CALLE, DE;32;CargayDescarga;Batería;10;24,00;lab. de 9 a 20 h.excepto: CARGA Y DESCARGA;-3.6902048;40.4342635;FORTUNY, CALLE, DE, Nº 32
440699,9500000000;4476470,2600000000;37224;07  CHAMBERÍ;07-04 ALMAGRO;GARCIA DE PAREDES, CALLE, DE;25;CargayDescarga;Línea;3;15,00;LABORABLES DE 8 A 14 H.Y DE 16,30 A 19 H. EXCEPTO CARGA Y DESCARGA;-3.69918;40.4367639;GARCIA DE PAREDES, CALLE, DE, Nº 25
441101,5800000000;4476458,5000000000;37515;07  CHAMBERÍ;07-04 ALMAGRO;GARCIA DE PAREDES, CALLE, DE;47;CargayDescarga;Batería;8;18,74;lab. de 9 a 20 h.excepto: CARGA Y DESCARGA;-3.6944438;40.4366865;GARCIA DE PAREDES, CALLE, DE, Nº 47
441244,7300000000;4476453,7100000000;1;07  CHAMBERÍ;07-04 ALMAGRO;GARCIA DE PAREDES, CALLE, DE;59;CargayDescarga;Línea;3;15,00;LABORABLES DE 8 A 14 H. Y DE 16,30 A 19 H. EXCEPTO CARGA Y DESCARGA ;-3.6927557;40.4366535;GARCIA DE PAREDES, CALLE, DE, Nº 59
441206,5800000000;4476446,4900000000;1;07  CHAMBERÍ;07-04 ALMAGRO;GARCIA DE PAREDES, CALLE, DE;82;CargayDescarga;Línea;3;15,10;lab. de 9 a 20 h.excepto: CARGA Y DESCARGA;-3.6932048;40.4365858;GARCIA DE PAREDES, CALLE, DE, Nº 82
441265,0700000000;4476443,1100000000;1;07  CHAMBERÍ;07-04 ALMAGRO;GARCIA DE PAREDES, CALLE, DE;84;CargayDescarga;Línea;2;15,00;lab. de 8 a 20 h.excepto: CARGA Y DESCARGA;-3.6925149;40.4365594;GARCIA DE PAREDES, CALLE, DE, Nº 84
441438,0100000000;4476438,8600000000;40137;07  CHAMBERÍ;07-04 ALMAGRO;GARCIA DE PAREDES, CALLE, DE;96;CargayDescarga;Línea;4;20,00;LAB DE 8 A 14 H. Y DE  16,30 A 19 H. EXCEPTO CARGA Y DESCARGA;-3.6904756;40.4365333;GARCIA DE PAREDES, CALLE, DE, Nº 96
441287,4900000000;4475266,8500000000;38674;07  CHAMBERÍ;07-04 ALMAGRO;GENOVA, CALLE, DE;27;CargayDescarga;Línea;3;15,00;lab. de 8 a 14 h. y de 16,30 a 19 h. excepto: [CARGA Y DESCARGA] ;-3.6921419;40.4259647;GENOVA, CALLE, DE, Nº 27
441176,9500000000;4476610,6300000000;38523;07  CHAMBERÍ;07-04 ALMAGRO;JOSE ABASCAL, CALLE, DE;48;CargayDescarga;Línea;5;24,90;LAB. DE 8 A 14 H Y DE 16.30 A 19 H EXCEPTO CARGA Y DESCARGA;-3.6935693;40.4380623;JOSE ABASCAL, CALLE, DE, Nº 48
441378,3600000000;4476373,9000000000;1;07  CHAMBERÍ;07-04 ALMAGRO;MIGUEL ANGEL, CALLE, DE;22;CargayDescarga;Línea;3;17,00;LAB DE 8 A 14 H. Y DE 16,30 A 19 H. EXCEPTOCARGA Y DESCARGA;-3.6911729;40.435944;MIGUEL ANGEL, CALLE, DE, Nº 22
440922,4100000000;4476312,1400000000;41075;07  CHAMBERÍ;07-04 ALMAGRO;MODESTO LAFUENTE, CALLE, DE;1;CargayDescarga;Línea;3;16,70;LABORABLES DE 8 A 14 H. EXCEPTO CARGA Y DESCARGA;-3.6965426;40.4353553;MODESTO LAFUENTE, CALLE, DE, Nº 1
441328,9600000000;4475860,8800000000;41660;07  CHAMBERÍ;07-04 ALMAGRO;MONTE ESQUINZA, CALLE, DEL;47;CargayDescarga;Batería;2;6,00;Laborables de 8 a 17 h. Excepto Carga y Descarga. Tiempo máximo 30 minutos;-3.6917079;40.4313189;MONTE ESQUINZA, CALLE, DEL, Nº 47
440686,8200000000;4476581,4800000000;1;07  CHAMBERÍ;07-04 ALMAGRO;PONZANO, CALLE, DE;14;CargayDescarga;Línea;3;15,00;Lab. de 9 a 20 h.excepto: CARGA Y DESCARGA;-3.6993452;40.4377649;PONZANO, CALLE, DE, Nº 14
441080,7200000000;4476158,5900000000;35125;07  CHAMBERÍ;07-04 ALMAGRO;RAFAEL CALVO, CALLE, DE;13;CargayDescarga;Línea;3;15,20;LABORABLES DE 7 A 14 H.Y DE 16,30 A 20 H. EXCEPTOCARGA Y DESCARGA;-3.694662;40.4339833;RAFAEL CALVO, CALLE, DE, Nº 13
441180,2800000000;4476153,2700000000;1;07  CHAMBERÍ;07-04 ALMAGRO;RAFAEL CALVO, CALLE, DE;24;CargayDescarga;Línea;3;15,00;LABORABLES DE 9 A 14 H.Y DE 16,30 A 20 H. EXCEPTO CARGA Y DESCARGA EN LINEA;-3.6934877;40.4339424;RAFAEL CALVO, CALLE, DE, Nº 24
441220,9400000000;4476163,4000000000;39122;07  CHAMBERÍ;07-04 ALMAGRO;RAFAEL CALVO, CALLE, DE;25;CargayDescarga;Línea;3;18,00;LABORABLES DE 8 A 14 H.Y DE 16,30 A 19 H. EXCEPTOCARGA Y DESCARGA;-3.6930093;40.4340366;RAFAEL CALVO, CALLE, DE, Nº 25
440854,9700000000;4476121,4400000000;35531;07  CHAMBERÍ;07-04 ALMAGRO;RAFAEL CALVO, CALLE, DE;3;CargayDescarga;Línea;3;15,00;LABORABLES DE 8 A 12 H.EXCEPTO CARGA Y DESCARGA;-3.6973199;40.4336326;RAFAEL CALVO, CALLE, DE, Nº 3
441397,3000000000;4476169,4700000000;1;07  CHAMBERÍ;07-04 ALMAGRO;RAFAEL CALVO, CALLE, DE;35;CargayDescarga;Línea;4;20,00;LAB DE 8 A 14 H. Y DE  16,30 A 19 H. EXCEPTO CARGA Y DESCARGA ;-3.6909307;40.4341037;RAFAEL CALVO, CALLE, DE, Nº 35
441445,0200000000;4476162,6200000000;1;07  CHAMBERÍ;07-04 ALMAGRO;RAFAEL CALVO, CALLE, DE;42;CargayDescarga;Batería;6;14,90;LAB DE 8 A 14 H. Y DE 16,30 A 19 H. EXCEPTOCARGA Y DESCARGA;-3.6903675;40.4340453;RAFAEL CALVO, CALLE, DE, Nº 42
440626,6100000000;4476632,7500000000;38322;07  CHAMBERÍ;07-04 ALMAGRO;SANTA ENGRACIA, CALLE, DE;100;CargayDescarga;Batería;3;15,00;LABORABLES DE 8 A 14 H. Y DE 16,30 A 19 H.EXCEPTO CARGA Y DESCARGA;-3.7000599;40.4382225;SANTA ENGRACIA, CALLE, DE, Nº 100
440773,4500000000;4476176,1900000000;43319;07  CHAMBERÍ;07-04 ALMAGRO;SANTA ENGRACIA, CALLE, DE;50;CargayDescarga;Línea;2;12,00;LABORABLES DE 8 A 14:30H. EXCEPTO CARGA Y DESCARGA;-3.6982861;40.43412;SANTA ENGRACIA, CALLE, DE, Nº 50
440731,9300000000;4476364,1300000000;36292;07  CHAMBERÍ;07-04 ALMAGRO;VIRIATO, CALLE, DE;45;CargayDescarga;Batería;6;15,00;LABORABLES DE 8 A 14 H.Y DE 16,30 A 19 H. EXCEPTOCARGA Y DESCARGA;-3.6987931;40.4358101;VIRIATO, CALLE, DE, Nº 45
440839,9900000000;4476347,1100000000;41254;07  CHAMBERÍ;07-04 ALMAGRO;VIRIATO, CALLE, DE;52;CargayDescarga;Línea;2;12,00;LABORABLES DE LUNES A VIERNES DE 8 A 20 H. Y SÁBADOS DE 8 A 15 H. EXCEPTO CARGA Y DESCARGA;-3.6975175;40.4356645;VIRIATO, CALLE, DE, Nº 52
441154,8400000000;4475577,1900000000;1;07  CHAMBERÍ;07-04 ALMAGRO;ZURBANO, CALLE, DE;13;CargayDescarga;Línea;2;13,40;LABORABLES DE 8 A 14 H. Y DE 16,30 A 19 H. EXCEPTO CARGA Y DESCARGA ;-3.6937343;40.428751;ZURBANO, CALLE, DE, Nº 13
441189,4800000000;4476061,1300000000;40177;07  CHAMBERÍ;07-04 ALMAGRO;ZURBANO, CALLE, DE;37;CargayDescarga;Línea;3;15,00;lab. de 9 a 20 h.excepto: CARGA Y DESCARGA;-3.6933708;40.433113;ZURBANO, CALLE, DE, Nº 37
441204,2900000000;4476141,9000000000;1;07  CHAMBERÍ;07-04 ALMAGRO;ZURBANO, CALLE, DE;50;CargayDescarga;Línea;3;14,00;LABORABLES DE 8 A 14 H.Y DE 16,30 A 19 H. EXCEPTO CARGA Y DESCARGA;-3.6932036;40.4338417;ZURBANO, CALLE, DE, Nº 50
441212,3700000000;4476253,5900000000;1;07  CHAMBERÍ;07-04 ALMAGRO;ZURBANO, CALLE, DE;60;CargayDescarga;Línea;3;15,00;LABORABLES DE 8 A 14 H.EXCEPTO CARGA Y DESCARGA;-3.6931187;40.4348484;ZURBANO, CALLE, DE, Nº 60
441215,7900000000;4476427,7300000000;40360;07  CHAMBERÍ;07-04 ALMAGRO;ZURBANO, CALLE, DE;65;CargayDescarga;Línea;3;16,00;LABORABLES DE 8 A 14 H.Y DE 16,30 A 19 H. EXCEPTO CARGA Y DESCARGA;-3.6930945;40.4364174;ZURBANO, CALLE, DE, Nº 65
441219,1600000000;4476472,6300000000;40360;07  CHAMBERÍ;07-04 ALMAGRO;ZURBANO, CALLE, DE;67;CargayDescarga;Línea;3;14,60;lab. de 9 a 20 h. excepto: [CARGA Y DESCARGA];-3.6930589;40.4368221;ZURBANO, CALLE, DE, Nº 67
441233,9100000000;4476553,5700000000;1;07  CHAMBERÍ;07-04 ALMAGRO;ZURBANO, CALLE, DE;84;CargayDescarga;Línea;3;15,00;LAB. DE 8 A 14 H Y DE 16.30 A 19 HEXCEPTO CARGA Y DESCARGA;-3.6928925;40.4375523;ZURBANO, CALLE, DE, Nº 84
440833,9900000000;4476793,6400000000;41453;07  CHAMBERÍ;07-05 RÍOS ROSAS;ALONSO CANO, CALLE, DE;24;CargayDescarga;Línea;2;10,00;LABORABLES DE 8 A 17 H. EXCEPTO CARGA Y DESCARGA;-3.6976299;40.4396866;ALONSO CANO, CALLE, DE, Nº 24
440845,2000000000;4476949,3900000000;44047;07  CHAMBERÍ;07-05 RÍOS ROSAS;ALONSO CANO, CALLE, DE;42;CargayDescarga;Línea;3;18,00;Lab. de lunes a viernes de 8 a 14.30 h y de 16.30 a 19.30 h. Sábados de 8 a 14,30 h.excepto: CARGA Y DESCARGA;-3.6975122;40.4410905;ALONSO CANO, CALLE, DE, Nº 42
440846,4100000000;4477094,0700000000;36578;07  CHAMBERÍ;07-05 RÍOS ROSAS;ALONSO CANO, CALLE, DE;77;CargayDescarga;Línea;8;42,40;;-3.6975114;40.4423939;ALONSO CANO, CALLE, DE, Nº 77
440860,7100000000;4477296,0800000000;1;07  CHAMBERÍ;07-05 RÍOS ROSAS;ALONSO CANO, CALLE, DE;91;CargayDescarga;Línea;3;15,10;;-3.6973616;40.4442147;ALONSO CANO, CALLE, DE, Nº 91
440301,6400000000;4477242,2300000000;42555;07  CHAMBERÍ;07-05 RÍOS ROSAS;BRAVO MURILLO, CALLE, DE;62;CargayDescarga;Línea;3;15,10;;-3.7039485;40.4436897;BRAVO MURILLO, CALLE, DE, Nº 62
440308,7400000000;4477454,5500000000;40884;07  CHAMBERÍ;07-05 RÍOS ROSAS;BRAVO MURILLO, CALLE, DE;88;CargayDescarga;Línea;2;11,50;;-3.7038848;40.4456028;BRAVO MURILLO, CALLE, DE, Nº 88
440371,0300000000;4477185,8700000000;41239;07  CHAMBERÍ;07-05 RÍOS ROSAS;CRISTOBAL BORDIU, CALLE, DE;10;CargayDescarga;Línea;3;16,00;;-3.7031251;40.4431869;CRISTOBAL BORDIU, CALLE, DE, Nº 10
440638,3500000000;4477176,0200000000;38554;07  CHAMBERÍ;07-05 RÍOS ROSAS;CRISTOBAL BORDIU, CALLE, DE;21;CargayDescarga;Línea;3;15,00;;-3.6999722;40.4431173;CRISTOBAL BORDIU, CALLE, DE, Nº 21
440829,6100000000;4477153,3400000000;36330;07  CHAMBERÍ;07-05 RÍOS ROSAS;CRISTOBAL BORDIU, CALLE, DE;40;CargayDescarga;Batería;1;7,00;;-3.697715;40.4429266;CRISTOBAL BORDIU, CALLE, DE, Nº 40
440366,8400000000;4477195,1800000000;42697;07  CHAMBERÍ;07-05 RÍOS ROSAS;CRISTOBAL BORDIU, CALLE, DE;5 A;CargayDescarga;Línea;2;10,00;DE LUNES A VIERNES DE 8 A 14 H. SÁBADOS DE 8 A 15 H. EXCEPTO CARGA Y DESCARGA;-3.7031753;40.4432705;CRISTOBAL BORDIU, CALLE, DE, Nº 5 A
441106,4900000000;4476860,8000000000;36330;07  CHAMBERÍ;07-05 RÍOS ROSAS;FERNANDEZ DE LA HOZ, CALLE, DE;59;CargayDescarga;Línea;3;11,30;;-3.6944232;40.440311;FERNANDEZ DE LA HOZ, CALLE, DE, Nº 59
441095,7400000000;4476714,6900000000;41191;07  CHAMBERÍ;07-05 RÍOS ROSAS;FERNANDEZ DE LA HOZ, CALLE, DE;72;CargayDescarga;Línea;1;8,00;LABORABLES DE LUNES A VIERNES DE 8 A 20 H. Y SÁBADOS DE 8 A 15 H. EXCEPTO CARGA Y DESCARGA;-3.6945364;40.438994;FERNANDEZ DE LA HOZ, CALLE, DE, Nº 72
440577,0300000000;4476673,0900000000;35992;07  CHAMBERÍ;07-05 RÍOS ROSAS;JOSE ABASCAL, CALLE, DE;15;CargayDescarga;Línea;3;16,60;;-3.7006482;40.4385823;JOSE ABASCAL, CALLE, DE, Nº 15
441222,5900000000;4476689,4800000000;38954;07  CHAMBERÍ;07-05 RÍOS ROSAS;MALAGA, CALLE, DE;10;CargayDescarga;Línea;2;12,20;;-3.6930385;40.4387759;MALAGA, CALLE, DE, Nº 10
440610,5900000000;4477289,3900000000;35954;07  CHAMBERÍ;07-05 RÍOS ROSAS;MARIA DE GUZMAN, CALLE, DE;18;CargayDescarga;Línea;3;14,90;LABORABLES DE 9 A 14 H. Y DE 16,30 A 20 H.EXCEPTO CARGA Y DESCARGA;-3.7003101;40.4441366;MARIA DE GUZMAN, CALLE, DE, Nº 18
440320,1800000000;4477310,5900000000;42808;07  CHAMBERÍ;07-05 RÍOS ROSAS;MARIA DE GUZMAN, CALLE, DE;2;CargayDescarga;Línea;3;15,00;lab de lunes a sabado de 8 a 14 h.;-3.7037364;40.4443068;MARIA DE GUZMAN, CALLE, DE, Nº 2
440425,2200000000;4477432,7200000000;35738;07  CHAMBERÍ;07-05 RÍOS ROSAS;MAUDES, CALLE, DE;13;CargayDescarga;Línea;3;15,20;;-3.7025093;40.4454145;MAUDES, CALLE, DE, Nº 13
440710,0600000000;4477410,7900000000;39412;07  CHAMBERÍ;07-05 RÍOS ROSAS;MAUDES, CALLE, DE;27;CargayDescarga;Línea;3;21,00;;-3.6991486;40.4452373;MAUDES, CALLE, DE, Nº 27
440336,9000000000;4477430,4700000000;35733;07  CHAMBERÍ;07-05 RÍOS ROSAS;MAUDES, CALLE, DE;4;CargayDescarga;Línea;3;14,80;LABORABLES DE 9 A 14 H. Y DE 16,30 A 20 H.EXCEPTO CARGA Y DESCARGA;-3.7035505;40.4453879;MAUDES, CALLE, DE, Nº 4
440853,2200000000;4477390,8100000000;35733;07  CHAMBERÍ;07-05 RÍOS ROSAS;MAUDES, CALLE, DE;52;CargayDescarga;Línea;3;15,00;;-3.6974587;40.4450676;MAUDES, CALLE, DE, Nº 52
440966,9600000000;4476861,4100000000;42443;07  CHAMBERÍ;07-05 RÍOS ROSAS;MODESTO LAFUENTE, CALLE, DE;40;CargayDescarga;Línea;2;12,00;LAB. DE 7 A 21 H. EXCEPTO: CARGA Y DESCARGA;-3.6960684;40.4403066;MODESTO LAFUENTE, CALLE, DE, Nº 40
440979,2600000000;4477166,2200000000;1;07  CHAMBERÍ;07-05 RÍOS ROSAS;MODESTO LAFUENTE, CALLE, DE;45;CargayDescarga;Batería;3;14,60;;-3.6959517;40.4430533;MODESTO LAFUENTE, CALLE, DE, Nº 45
441011,4400000000;4477511,8800000000;1;07  CHAMBERÍ;07-05 RÍOS ROSAS;MODESTO LAFUENTE, CALLE, DE;92;CargayDescarga;Línea;2;12,60;;-3.6956044;40.4461694;MODESTO LAFUENTE, CALLE, DE, Nº 92
440697,0300000000;4476719,7400000000;42719;07  CHAMBERÍ;07-05 RÍOS ROSAS;PONZANO, CALLE, DE;28;CargayDescarga;Línea;3;15,00;;-3.6992377;40.4390111;PONZANO, CALLE, DE, Nº 28
440702,6100000000;4476929,2000000000;43214;07  CHAMBERÍ;07-05 RÍOS ROSAS;PONZANO, CALLE, DE;53;CargayDescarga;Línea;3;14,00;Laborables de 8 a 17h excepto carga y descarga;-3.6991915;40.4408984;PONZANO, CALLE, DE, Nº 53
440754,0000000000;4477527,3000000000;1;07  CHAMBERÍ;07-05 RÍOS ROSAS;PONZANO, CALLE, DE;S/N;CargayDescarga;Línea;2;16,60;;-3.6986414;40.44629;PONZANO, CALLE, DE, Nº S/N
440397,3800000000;4477053,5900000000;38322;07  CHAMBERÍ;07-05 RÍOS ROSAS;RIOS ROSAS, CALLE, DE;12;CargayDescarga;Línea;3;15,23;LABORABLES DE 9 A 14 H.Y DE 16,30 A 20 H. EXCEPTOCARGA Y DESCARGA;-3.702802;40.4419972;RIOS ROSAS, CALLE, DE, Nº 12
440899,7200000000;4477014,5800000000;37259;07  CHAMBERÍ;07-05 RÍOS ROSAS;RIOS ROSAS, CALLE, DE;44;CargayDescarga;Línea;3;17,30;Lab. de 9 a 14 h.excepto: CARGA Y DESCARGA;-3.6968754;40.4416816;RIOS ROSAS, CALLE, DE, Nº 44
440359,4200000000;4477073,7200000000;41568;07  CHAMBERÍ;07-05 RÍOS ROSAS;RIOS ROSAS, CALLE, DE;5;CargayDescarga;Línea;1;9,70;LAB DE 8 A 17 H EXCEPTO CARGA Y DESCARGA;-3.7032514;40.4421758;RIOS ROSAS, CALLE, DE, Nº 5
440923,4300000000;4477032,7700000000;38180;07  CHAMBERÍ;07-05 RÍOS ROSAS;RIOS ROSAS, CALLE, DE;51;CargayDescarga;Línea;3;15,00;;-3.6965976;40.4418472;RIOS ROSAS, CALLE, DE, Nº 51
441236,2900000000;4476953,1200000000;38509;07  CHAMBERÍ;07-05 RÍOS ROSAS;SAN JUAN DE LA CRUZ, PLAZA, DE;1;CargayDescarga;Línea;3;14,79;;-3.6929014;40.4411518;SAN JUAN DE LA CRUZ, PLAZA, DE, Nº 1
440351,0600000000;4477491,1500000000;43801;07  CHAMBERÍ;07-05 RÍOS ROSAS;SANTA ENGRACIA, CALLE, DE;160;CargayDescarga;Línea;2;13,00;LAB DE 8 A 14.30 HORAS EXCEPTO CARGA Y DESCARGA;-3.7033892;40.4459356;SANTA ENGRACIA, CALLE, DE, Nº 160
439696,6600000000;4476743,9600000000;35914;07  CHAMBERÍ;07-06 VALLEHERMOSO;BLASCO DE GARAY, CALLE, DE;94;CargayDescarga;Línea;3;16,00;LABORABLES DE 9 A 14 H. Y DE 16,30 A 20 H.EXCEPTO CARGA Y DESCARGA;-3.7110345;40.4391574;BLASCO DE GARAY, CALLE, DE, Nº 94
440081,6600000000;4476812,7000000000;38875;07  CHAMBERÍ;07-06 VALLEHERMOSO;BOIX Y MORER, CALLE, DE;7;CargayDescarga;Línea;3;15,00;;-3.7065018;40.4398044;BOIX Y MORER, CALLE, DE, Nº 7
439994,3700000000;4476708,8500000000;34794;07  CHAMBERÍ;07-06 VALLEHERMOSO;CEA BERMUDEZ, CALLE, DE;16;CargayDescarga;Línea;3;14,00;LABORABLES DE 9 A 14 H. Y DE 16,30 A 20 H.EXCEPTO CARGA Y DESCARGA;-3.7075211;40.4388626;CEA BERMUDEZ, CALLE, DE, Nº 16
439510,8400000000;4476745,6700000000;35914;07  CHAMBERÍ;07-06 VALLEHERMOSO;CEA BERMUDEZ, CALLE, DE;50;CargayDescarga;Línea;3;15,00;;-3.7132255;40.4391593;CEA BERMUDEZ, CALLE, DE, Nº 50
439256,2000000000;4477002,7800000000;38664;07  CHAMBERÍ;07-06 VALLEHERMOSO;DOMENICO SCARLATTI, CALLE, DE;7;CargayDescarga;Línea;3;15,00;;-3.7162523;40.4414569;DOMENICO SCARLATTI, CALLE, DE, Nº 7
440209,8000000000;4477185,2200000000;40177;07  CHAMBERÍ;07-06 VALLEHERMOSO;ESQUILACHE, CALLE, DE;8;CargayDescarga;Línea;2;8,20;;-3.705026;40.4431695;ESQUILACHE, CALLE, DE, Nº 8
439770,3100000000;4476832,6100000000;43406;07  CHAMBERÍ;07-06 VALLEHERMOSO;FILIPINAS, AVENIDA, DE;18;CargayDescarga;Línea;3;12,00;LABORABLES DE LUNES A VIERNES DE 8 A 20 H. Y SÁBADOS DE 8 A 15 H. EXCEPTO CARGA Y DESCARGA;-3.7101746;40.4399613;FILIPINAS, AVENIDA, DE, Nº 18
439785,3700000000;4476738,1500000000;1;07  CHAMBERÍ;07-06 VALLEHERMOSO;GALILEO, CALLE, DE;87;CargayDescarga;Línea;3;20,90;LABORABLES DE 8 A 20 H.EXCEPTO CARGA Y DESCARGAEN LINEA;-3.709988;40.4391115;GALILEO, CALLE, DE, Nº 87
439342,1600000000;4476814,9700000000;42688;07  CHAMBERÍ;07-06 VALLEHERMOSO;GAZTAMBIDE, CALLE, DE;83;CargayDescarga;Línea;2;15,00;Lab de Lunes a Viernes de 8 a 20 h. Sábados de 8 a 15 h. Excepto Carga y Descarga;-3.7152209;40.4397713;GAZTAMBIDE, CALLE, DE, Nº 83
439403,4800000000;4477028,8000000000;38530;07  CHAMBERÍ;07-06 VALLEHERMOSO;GENERAL AMPUDIA, CALLE, DEL;1;CargayDescarga;Línea;3;15,00;;-3.7145183;40.441702;GENERAL AMPUDIA, CALLE, DEL, Nº 1
439488,2600000000;4477381,5300000000;40011;07  CHAMBERÍ;07-06 VALLEHERMOSO;GENERAL ASENSIO CABANILLAS, CALLE, DEL;9;CargayDescarga;Línea;3;15,00;LAB. DE 8 A 18 HPERMITIDO SUBIDA YBAJADA DE VIAJEROSCARGA Y DESCARGA;-3.7135523;40.4448857;GENERAL ASENSIO CABANILLAS, CALLE, DEL, Nº 9
439765,0200000000;4477568,4900000000;39272;07  CHAMBERÍ;07-06 VALLEHERMOSO;GENERAL IBAÑEZ DE IBERO, CALLE, DEL;1;CargayDescarga;Línea;3;12,10;Lab. de 9 a 20 h.excepto: CARGA Y DESCARGA;-3.7103067;40.44659;GENERAL IBAÑEZ DE IBERO, CALLE, DEL, Nº 1
439570,4700000000;4477068,0000000000;39143;07  CHAMBERÍ;07-06 VALLEHERMOSO;GUZMAN EL BUENO, CALLE, DE;104;CargayDescarga;Línea;3;15,00;;-3.7125531;40.4420673;GUZMAN EL BUENO, CALLE, DE, Nº 104
439600,2000000000;4477497,4700000000;43395;07  CHAMBERÍ;07-06 VALLEHERMOSO;GUZMAN EL BUENO, CALLE, DE;116;CargayDescarga;Línea;6;30,50;LAB DE 9 A 14 H Y DE 16.30 A 20 H. EXCEPTO CARGA Y DESCARGA;-3.7122434;40.4459383;GUZMAN EL BUENO, CALLE, DE, Nº 116
439537,2800000000;4477137,2600000000;36758;07  CHAMBERÍ;07-06 VALLEHERMOSO;JULIAN ROMEA, CALLE, DE;2;CargayDescarga;Línea;4;21,50;LAB. DE 9 A 20 HEXCEPTO CARGA Y DESCARGA EN LINEA;-3.712951;40.4426888;JULIAN ROMEA, CALLE, DE, Nº 2
439436,8700000000;4477197,9400000000;37753;07  CHAMBERÍ;07-06 VALLEHERMOSO;MAESTRO ÁNGEL LLORCA, CALLE, DEL;4;CargayDescarga;Línea;4;20,00;;-3.7141407;40.4432281;MAESTRO ÁNGEL LLORCA, CALLE, DEL, Nº 4
440118,0400000000;4477575,8900000000;38489;07  CHAMBERÍ;07-06 VALLEHERMOSO;MARQUES DE LEMA, CALLE, DEL;15;CargayDescarga;Línea;3;18,00;;-3.7061448;40.4466822;MARQUES DE LEMA, CALLE, DEL, Nº 15
439275,5500000000;4476890,2000000000;40032;07  CHAMBERÍ;07-06 VALLEHERMOSO;SAN FRANCISCO DE SALES, PASEO, DE;13;CargayDescarga;Línea;3;15,00;Lab. de 9 a 20 h.excepto: CARGA Y DESCARGA;-3.7160134;40.4404441;SAN FRANCISCO DE SALES, PASEO, DE, Nº 13
439381,1300000000;4476982,0200000000;1;07  CHAMBERÍ;07-06 VALLEHERMOSO;SAN FRANCISCO DE SALES, PASEO, DE;23 A;CargayDescarga;Línea;5;18,50;;-3.7147773;40.441279;SAN FRANCISCO DE SALES, PASEO, DE, Nº 23 A
439201,5500000000;4476826,0300000000;43655;07  CHAMBERÍ;07-06 VALLEHERMOSO;SAN FRANCISCO DE SALES, PASEO, DE;3;CargayDescarga;Línea;3;15,00;lab de lunes a viernes de 8 a 14 h y de 16.30 a 20 h.Sabados de 8 a 14.30 h. excepto Carga y Descarga;-3.7168797;40.4398606;SAN FRANCISCO DE SALES, PASEO, DE, Nº 3
439784,8200000000;4477336,3500000000;36558;07  CHAMBERÍ;07-06 VALLEHERMOSO;SAN FRANCISCO DE SALES, PASEO, DE;S/N;CargayDescarga;Batería;5;12,10;;-3.7100512;40.4445003;SAN FRANCISCO DE SALES, PASEO, DE, Nº S/N
439296,5800000000;4477239,7100000000;40281;07  CHAMBERÍ;07-06 VALLEHERMOSO;VALLE, AVENIDA, DEL;11;CargayDescarga;Línea;3;15,80; lab de l-v 8-20 h y s 8-15 h.;-3.7157988;40.4435942;VALLE, AVENIDA, DEL, Nº 11
439400,0900000000;4481428,0300000000;38022;08  FUENCARRAL-EL PARDO;08-03 PEÑAGRANDE;FERMIN CABALLERO, CALLE, DE;75;CargayDescarga;Línea;3;15,00;;-3.7149783;40.4813317;FERMIN CABALLERO, CALLE, DE, Nº 75
438987,0000000000;4481153,3900000000;42150;08  FUENCARRAL-EL PARDO;08-03 PEÑAGRANDE;FERMIN CABALLERO, CALLE, DE;89;CargayDescarga;Línea;1;15,00;;-3.7198253;40.4788274;FERMIN CABALLERO, CALLE, DE, Nº 89
439058,9000000000;4481415,9700000000;38434;08  FUENCARRAL-EL PARDO;08-03 PEÑAGRANDE;ISLA DE TAVIRA, CALLE, DE LA;26;CargayDescarga;Batería;3;16,80;LABORABLES DE 9 A 20 H. EXCEPTO CARA Y DESCARGA.;-3.7190023;40.4811981;ISLA DE TAVIRA, CALLE, DE LA, Nº 26
439184,3400000000;4481452,1700000000;38434;08  FUENCARRAL-EL PARDO;08-03 PEÑAGRANDE;ISLA DE TAVIRA, CALLE, DE LA;4;CargayDescarga;Línea;3;15,00;;-3.7175259;40.4815334;ISLA DE TAVIRA, CALLE, DE LA, Nº 4
438187,9500000000;4480762,1300000000;44193;08  FUENCARRAL-EL PARDO;08-03 PEÑAGRANDE;ISLAS ALEUTIANAS, CALLE, DE LAS;4;CargayDescarga;Batería;2;7,00;LAB. DE 8 A 14:30 H. EXCEPTO CARGA Y DESCARGA TIEMPO MÁXIMO 30 MINUTOS;-3.7292135;40.4752437;ISLAS ALEUTIANAS, CALLE, DE LAS, Nº 4
438951,6200000000;4481227,7200000000;44253;08  FUENCARRAL-EL PARDO;08-03 PEÑAGRANDE;ISLAS CIES, CALLE, DE LAS;45;CargayDescarga;Línea;3;15,00;DE LUNES A VIERNES DE 8 A 14 Y DE 16:30 A 19 H. EXCEPTO CARGA Y DESCARGA;-3.7202498;40.4794944;ISLAS CIES, CALLE, DE LAS, Nº 45
438948,2000000000;4480825,1500000000;43456;08  FUENCARRAL-EL PARDO;08-03 PEÑAGRANDE;MONFORTE DE LEMOS, AVENIDA, DE;S/N;CargayDescarga;Batería;4;12,00;DE 8 A 18 H EXCEPTO CARGA Y DESCARGA;-3.7202514;40.4758677;MONFORTE DE LEMOS, AVENIDA, DE, Nº S/N
438774,6800000000;4481891,3200000000;41605;08  FUENCARRAL-EL PARDO;08-03 PEÑAGRANDE;VALLE DE PINARES LLANOS, CALLE, DEL;27;CargayDescarga;Línea;3;15,00;Laborables de 8.00 a 17.00 horas excepto carga y descarga en línea.;-3.7224013;40.4854593;VALLE DE PINARES LLANOS, CALLE, DEL, Nº 27
440084,5000000000;4481109,7100000000;1;08  FUENCARRAL-EL PARDO;08-04 EL PILAR;ARTEIJO, PLAZA, DE;1;CargayDescarga;Línea;4;20,00;Lab. de 9 a 20 h.excepto: CARGA Y DESCARGA;-3.7068739;40.4785138;ARTEIJO, PLAZA, DE, Nº 1
439644,1400000000;4480478,7600000000;43031;08  FUENCARRAL-EL PARDO;08-04 EL PILAR;BETANZOS, AVENIDA, DE;8;CargayDescarga;Línea;3;17,80;;-3.7120088;40.4727981;BETANZOS, AVENIDA, DE, Nº 8
439626,2200000000;4481529,1800000000;38911;08  FUENCARRAL-EL PARDO;08-04 EL PILAR;FERMIN CABALLERO, CALLE, DE;70;CargayDescarga;Línea;4;19,00;;-3.7123202;40.4822594;FERMIN CABALLERO, CALLE, DE, Nº 70
439986,5700000000;4481084,8600000000;1;08  FUENCARRAL-EL PARDO;08-04 EL PILAR;FONSAGRADA, PLAZA, DE;1;CargayDescarga;Batería;8;19,00;Lab. de 8 a 20 h.excepto: CARGA Y DESCARGA;-3.7080268;40.4782829;FONSAGRADA, PLAZA, DE, Nº 1
439604,9000000000;4480899,6700000000;43592;08  FUENCARRAL-EL PARDO;08-04 EL PILAR;LA BAÑEZA, CALLE, DE;8;CargayDescarga;Batería;4;12,00;LABORABLES DE LUNES A SÁBADO DE 8 A 14:30H. EXCEPTO CARGA Y DESCARGA EN LÍNEA;-3.7125117;40.476587;LA BAÑEZA, CALLE, DE, Nº 8
440345,1100000000;4480929,5000000000;42692;08  FUENCARRAL-EL PARDO;08-04 EL PILAR;MELCHOR FERNANDEZ ALMAGRO, CALLE, DE;42;CargayDescarga;Línea;2;10,40;Laborables 8 a 14h y de 16.30 a 19 h. Excepto Carga y Descarga;-3.7037825;40.4769092;MELCHOR FERNANDEZ ALMAGRO, CALLE, DE, Nº 42
440246,6600000000;4480903,3000000000;1;08  FUENCARRAL-EL PARDO;08-04 EL PILAR;MELCHOR FERNANDEZ ALMAGRO, CALLE, DE;50;CargayDescarga;Línea;3;17,00;;-3.7049415;40.4766661;MELCHOR FERNANDEZ ALMAGRO, CALLE, DE, Nº 50
440124,7000000000;4480871,3700000000;39567;08  FUENCARRAL-EL PARDO;08-04 EL PILAR;MELCHOR FERNANDEZ ALMAGRO, CALLE, DE;58;CargayDescarga;Línea;2;13,10;;-3.7063772;40.4763697;MELCHOR FERNANDEZ ALMAGRO, CALLE, DE, Nº 58
440067,1700000000;4480855,9400000000;40360;08  FUENCARRAL-EL PARDO;08-04 EL PILAR;MELCHOR FERNANDEZ ALMAGRO, CALLE, DE;62;CargayDescarga;Línea;3;16,40;LAB. DE 9 A 14 H. Y DE16,30 A 20 H. EXCEPTOCARGA Y DESCARGA;-3.7070544;40.4762265;MELCHOR FERNANDEZ ALMAGRO, CALLE, DE, Nº 62
439885,5900000000;4480808,0000000000;40360;08  FUENCARRAL-EL PARDO;08-04 EL PILAR;MELCHOR FERNANDEZ ALMAGRO, CALLE, DE;74;CargayDescarga;Línea;2;11,70;lab. de 9 a 20 h. excepto:[CARGA Y DESCARGA] ;-3.7091919;40.4757815;MELCHOR FERNANDEZ ALMAGRO, CALLE, DE, Nº 74
440206,7800000000;4481140,4200000000;1;08  FUENCARRAL-EL PARDO;08-04 EL PILAR;MONDARIZ, PLAZA, DE;1;CargayDescarga;Línea;5;24,00;Lab. de 9 a 20 h.excepto: CARGA Y DESCARGA;-3.7054343;40.4787993;MONDARIZ, PLAZA, DE, Nº 1
440230,1600000000;4481151,2900000000;40471;08  FUENCARRAL-EL PARDO;08-04 EL PILAR;MONDARIZ, PLAZA, DE;1;CargayDescarga;Línea;3;16,00;LAB. DE 9 A 20H. EXCEPTO CARGA Y DESCARGA;-3.7051595;40.4788989;MONDARIZ, PLAZA, DE, Nº 1
439583,5700000000;4480863,9500000000;43649;08  FUENCARRAL-EL PARDO;08-04 EL PILAR;PONFERRADA, CALLE, DE;49;CargayDescarga;Línea;2;12,70;LABORABLES DE LUNES A SABADO DE 8 A 16 HORAS EXCEPTO CARGA Y DESCARGA EN LINEA;-3.71276;40.4762636;PONFERRADA, CALLE, DE, Nº 49
439762,5400000000;4480968,6100000000;43616;08  FUENCARRAL-EL PARDO;08-04 EL PILAR;RIBADEO, PLAZA, DE;3;CargayDescarga;Línea;3;15,00;LABORABLES DE 9 A 20 H. EXCEPTO CARGA Y DESCARGA;-3.7106587;40.4772195;RIBADEO, PLAZA, DE, Nº 3
439443,8400000000;4480747,5800000000;1;08  FUENCARRAL-EL PARDO;08-04 EL PILAR;SARRIA, CALLE, DE;57;CargayDescarga;Batería;4;28,50;;-3.7143972;40.4752052;SARRIA, CALLE, DE, Nº 57
439706,5300000000;4480329,3700000000;44281;08  FUENCARRAL-EL PARDO;08-04 EL PILAR;SINESIO DELGADO, CALLE, DE;62;CargayDescarga;Batería;3;16,00;Lab. de lunes a viernes de 7.30 a 14 h excepto: carga y descarga en línea;-3.7112586;40.4714569;SINESIO DELGADO, CALLE, DE, Nº 62
439840,2600000000;4481048,0400000000;40360;08  FUENCARRAL-EL PARDO;08-04 EL PILAR;VERIN, PLAZA, DE;17;CargayDescarga;Línea;2;14,20;Lab. de 9 a 20 h.excepto: CARGA Y DESCARGA;-3.7097494;40.4779406;VERIN, PLAZA, DE, Nº 17
441788,2700000000;4481250,8700000000;40360;08  FUENCARRAL-EL PARDO;08-05 LA PAZ;ARZOBISPO MORCILLO, CALLE, DEL;con Hospital;CargayDescarga;Línea;4;20,00;EXCEPTO CARGA Y DESCARGA;-3.6867874;40.4799066;ARZOBISPO MORCILLO, CALLE, DEL, Nº con Hospital
440667,1300000000;4482024,5300000000;41702;08  FUENCARRAL-EL PARDO;08-05 LA PAZ;FERMIN CABALLERO, CALLE, DE;12;CargayDescarga;Batería;4;9,00;;-3.7000862;40.4867967;FERMIN CABALLERO, CALLE, DE, Nº 12
440443,0500000000;4481898,3100000000;38547;08  FUENCARRAL-EL PARDO;08-05 LA PAZ;FERMIN CABALLERO, CALLE, DE;28 B;CargayDescarga;Línea;3;15,00;;-3.7027182;40.4856436;FERMIN CABALLERO, CALLE, DE, Nº 28 B
440719,6400000000;4482071,4900000000;39938;08  FUENCARRAL-EL PARDO;08-05 LA PAZ;FERMIN CABALLERO, CALLE, DE;6;CargayDescarga;Línea;2;9,61;;-3.6994711;40.4872235;FERMIN CABALLERO, CALLE, DE, Nº 6
441117,8300000000;4481562,3200000000;35487;08  FUENCARRAL-EL PARDO;08-05 LA PAZ;JULIO PALACIOS, CALLE, DE;19;CargayDescarga;Batería;3;7,00;EXCEPTO CARGA YDESCARGA DE 18 A 21 H.;-3.6947257;40.482665;JULIO PALACIOS, CALLE, DE, Nº 19
440622,9900000000;4480988,8500000000;41974;08  FUENCARRAL-EL PARDO;08-05 LA PAZ;MELCHOR FERNANDEZ ALMAGRO, CALLE, DE;33;CargayDescarga;Línea;5;18,80;LAB. DE 8 A 14 H. Y DE 16,30 A 19 H. EXCEPTO CARGA Y DESCARGA;-3.70051;40.4774638;MELCHOR FERNANDEZ ALMAGRO, CALLE, DE, Nº 33
440370,4700000000;4481205,8300000000;41957;08  FUENCARRAL-EL PARDO;08-05 LA PAZ;MONFORTE DE LEMOS, AVENIDA, DE;97;CargayDescarga;Línea;2;14,00;Laborables de 8 a 17 h Excepto Carga y Descarga;-3.7035094;40.4794003;MONFORTE DE LEMOS, AVENIDA, DE, Nº 97
440457,8500000000;4481738,7800000000;38547;08  FUENCARRAL-EL PARDO;08-05 LA PAZ;SANGENJO, CALLE, DE;12;CargayDescarga;Línea;3;15,10;;-3.7025286;40.4842076;SANGENJO, CALLE, DE, Nº 12
440583,0600000000;4481803,8300000000;39148;08  FUENCARRAL-EL PARDO;08-05 LA PAZ;SANGENJO, CALLE, DE;16;CargayDescarga;Línea;3;15,00;;-3.7010574;40.4848025;SANGENJO, CALLE, DE, Nº 16
441607,3900000000;4482494,0400000000;42341;08  FUENCARRAL-EL PARDO;08-06 VALVERDE;CARDENAL HERRERA ORIA, AVENIDA, DEL;21;CargayDescarga;Línea;3;14,00;LABORABLES DE 8 A 14h Y DE 16.30 A 19 h. EXCEPTO CARGA Y DESCARGA.;-3.6890359;40.4910929;CARDENAL HERRERA ORIA, AVENIDA, DEL, Nº 21
441537,9000000000;4482846,9400000000;43066;08  FUENCARRAL-EL PARDO;08-06 VALVERDE;DIVINA PASTORA, CALLE, DE LA;13;CargayDescarga;Línea;1;6,20;DE LUNES A VIERNES DE 8 A 18 H. EXCEPTO CARGA Y DESCARGA;-3.6898883;40.4942671;DIVINA PASTORA, CALLE, DE LA, Nº 13
441737,2400000000;4482754,9500000000;38251;08  FUENCARRAL-EL PARDO;08-06 VALVERDE;DOCTOR JUAN BRAVO, CALLE, DEL;7;CargayDescarga;Línea;2;12,00;;-3.6875277;40.4934524;DOCTOR JUAN BRAVO, CALLE, DEL, Nº 7
442487,6000000000;4484638,3800000000;44140;08  FUENCARRAL-EL PARDO;08-06 VALVERDE;FEDERICO MOMPOU, CALLE, DE;2;CargayDescarga;Línea;2;10,00;LABORABLES DE 8 A 14 H. EXCEPTO CARGA Y DESCARGA;-3.6788447;40.5104714;FEDERICO MOMPOU, CALLE, DE, Nº 2
442470,4800000000;4484695,5700000000;38813;08  FUENCARRAL-EL PARDO;08-06 VALVERDE;FEDERICO MOMPOU, CALLE, DE;4;CargayDescarga;Línea;3;15,00;;-3.679052;40.5109854;FEDERICO MOMPOU, CALLE, DE, Nº 4
443630,4800000000;4483398,5300000000;42779;08  FUENCARRAL-EL PARDO;08-06 VALVERDE;FORESTA, CALLE, DE LA;S/N;CargayDescarga;Línea;6;30,00;LABORABLES DE LUNES A VIERNES DE 8 A 20H. EXCEPTO CARGA Y DESCARGA;-3.6652453;40.4993808;FORESTA, CALLE, DE LA, Nº S/N
442647,4100000000;4484991,3100000000;44179;08  FUENCARRAL-EL PARDO;08-06 VALVERDE;FUENCARRAL A ALCOBENDAS, CARRETERA, DE;14;CargayDescarga;Línea;4;20,00;DE LUNES A VIERNES DE 9 A 14 H. Y DE 16 A 20 H.;-3.6769905;40.5136618;FUENCARRAL A ALCOBENDAS, CARRETERA, DE, Nº 14
441456,5600000000;4483554,3700000000;44179;08  FUENCARRAL-EL PARDO;08-06 VALVERDE;INGENIOSO HIDALGO, RONDA, DEL;33;CargayDescarga;Línea;2;10,60;DE LUNES A SÁBADOS DE 8 A 14:30 H. EXCEPTO CARGA Y DESCARGA;-3.6909135;40.5006341;INGENIOSO HIDALGO, RONDA, DEL, Nº 33
441845,1400000000;4482641,9100000000;41620;08  FUENCARRAL-EL PARDO;08-06 VALVERDE;ISLA DE JAVA, CALLE, DE LA;84;CargayDescarga;Batería;2;9,00;Laborables de 8 a 11.30 h. excepto carga y descarga en línea.;-3.6862442;40.4924417;ISLA DE JAVA, CALLE, DE LA, Nº 84
441640,2600000000;4482451,3400000000;40725;08  FUENCARRAL-EL PARDO;08-06 VALVERDE;LEZAMA, CALLE, DE;13;CargayDescarga;Línea;3;15,00;;-3.6886441;40.4907106;LEZAMA, CALLE, DE, Nº 13
441938,2600000000;4481826,2700000000;1;08  FUENCARRAL-EL PARDO;08-06 VALVERDE;LLANO CASTELLANO, AVENIDA, DEL;11;CargayDescarga;Línea;7;34,60;EXCEPTO CARGA Y DESCARGAMERCADO;-3.6850707;40.4851006;LLANO CASTELLANO, AVENIDA, DEL, Nº 11
441813,4700000000;4483260,2800000000;38834;08  FUENCARRAL-EL PARDO;08-06 VALVERDE;NUESTRA SEÑORA DE VALVERDE, CALLE, DE;130;CargayDescarga;Línea;3;15,00;;-3.6866746;40.49801;NUESTRA SEÑORA DE VALVERDE, CALLE, DE, Nº 130
443299,5600000000;4482972,5800000000;43362;08  FUENCARRAL-EL PARDO;08-06 VALVERDE;PUERTO DE SOMPORT, CALLE, DEL;Fte 23;CargayDescarga;Línea;8;40,10; DE LUNES A VIERNES DE 8 A 20 H. Y SABADOS DE 8 A 15H. EXCEPTO CARGA Y DESCARGA;-3.6691123;40.4955211;PUERTO DE SOMPORT, CALLE, DEL, Nº Fte 23
443223,7400000000;4483904,3400000000;43264;08  FUENCARRAL-EL PARDO;08-06 VALVERDE;SAN MILLAN DE LA COGOLLA, PASEO, DE;S/N;CargayDescarga;Línea;2;10,00;DE LUNES A SABADO DE 8 A 14.30 H EXCEPTO CARGA Y DESCARGA;-3.6700905;40.5039096;SAN MILLAN DE LA COGOLLA, PASEO, DE, Nº S/N
441341,5500000000;4481879,0800000000;40994;08  FUENCARRAL-EL PARDO;08-06 VALVERDE;SAN MODESTO, CALLE, DE;34;CargayDescarga;Línea;1;7,00;LABORABLES DE 8 A 11 H. EXCEPTO CARGA Y DESCARGA. MÁXIMO 30 MINUTOS;-3.6921156;40.4855344;SAN MODESTO, CALLE, DE, Nº 34
443071,7700000000;4484302,6400000000;42731;08  FUENCARRAL-EL PARDO;08-06 VALVERDE;VILORIA DE LA RIOJA, CALLE, DE;52 A;CargayDescarga;Línea;1;12,00;;-3.6719198;40.5074872;VILORIA DE LA RIOJA, CALLE, DE, Nº 52 A
441562,2500000000;4482014,5600000000;38440;08  FUENCARRAL-EL PARDO;08-06 VALVERDE;VIRGEN DE ARANZAZU, CALLE, DE LA;26;CargayDescarga;Línea;3;15,00;;-3.6895243;40.4867704;VIRGEN DE ARANZAZU, CALLE, DE LA, Nº 26
438503,1300000000;4481993,0800000000;40380;08  FUENCARRAL-EL PARDO;08-07 MIRASIERRA;CERRO DE LA CARRASQUETA, CALLE, DEL;136;CargayDescarga;Línea;2;12,00;LABORABLES DE 8 A 11 H.Y DE 17 A 18:30 H. EXCEPTOCARGA Y DESCARGA;-3.725615;40.4863559;CERRO DE LA CARRASQUETA, CALLE, DEL, Nº 136
439197,4100000000;4482046,3000000000;37469;08  FUENCARRAL-EL PARDO;08-07 MIRASIERRA;CERRO MINGUETE, CALLE, DEL;10;CargayDescarga;Línea;3;15,10;;-3.7174287;40.4868865;CERRO MINGUETE, CALLE, DEL, Nº 10
439004,0700000000;4482049,3300000000;41899;08  FUENCARRAL-EL PARDO;08-07 MIRASIERRA;CERRO MINGUETE, CALLE, DEL;16 F;CargayDescarga;Línea;2;10,00;LAB DE 8 A 14 H Y DE 16.30 A 19 H EXCEPTO CARGA Y DESCARGA;-3.7197101;40.4868996;CERRO MINGUETE, CALLE, DEL, Nº 16 F
439129,6800000000;4482034,0600000000;40360;08  FUENCARRAL-EL PARDO;08-07 MIRASIERRA;CERRO MINGUETE, CALLE, DEL;7 A;CargayDescarga;Línea;3;15,00;;-3.7182266;40.4867712;CERRO MINGUETE, CALLE, DEL, Nº 7 A
439261,7400000000;4482906,7400000000;42254;08  FUENCARRAL-EL PARDO;08-07 MIRASIERRA;COLLADO DE TIROBARRA, CALLE, DEL;9;CargayDescarga;Línea;2;8,70;;-3.7167522;40.4946423;COLLADO DE TIROBARRA, CALLE, DEL, Nº 9
440284,9200000000;4483142,8700000000;39510;08  FUENCARRAL-EL PARDO;08-07 MIRASIERRA;COSTA BRAVA, CALLE, DE LA;S/N;CargayDescarga;Línea;3;15,00;;-3.7047011;40.4968437;COSTA BRAVA, CALLE, DE LA, Nº S/N
438537,8300000000;4482020,2900000000;40673;08  FUENCARRAL-EL PARDO;08-07 MIRASIERRA;PEÑA DEL AGUILA, CALLE, DE LA;6;CargayDescarga;Línea;7;34,40;;-3.7252082;40.4866036;PEÑA DEL AGUILA, CALLE, DE LA, Nº 6
440558,2400000000;4482472,3700000000;40865;08  FUENCARRAL-EL PARDO;08-07 MIRASIERRA;PEÑA DEL SOL, CALLE, DE LA;30;CargayDescarga;Línea;3;15,00;;-3.701413;40.4908232;PEÑA DEL SOL, CALLE, DE LA, Nº 30
439290,2800000000;4482184,6200000000;43620;08  FUENCARRAL-EL PARDO;08-07 MIRASIERRA;VENTISQUERO DE LA CONDESA, AVENIDA, DEL;20;CargayDescarga;Línea;4;22,80;LABORABLES DE LUNES A VIERNES E 8.30 A 20.30 H Y SÁBADOS DE 8 A 15 H EXCEPTO CARGA Y DESCARGA;-3.7163462;40.4881393;VENTISQUERO DE LA CONDESA, AVENIDA, DEL, Nº 20
440663,4100000000;4483962,3100000000;43263;08  FUENCARRAL-EL PARDO;08-08 EL GOLOSO;MONASTERIO DE EL ESCORIAL, AVENIDA, DEL;41 A;CargayDescarga;Línea;2;10,00;DE LUNES A SABADO DE 8 A 14.30 H EXCEPTO CARGA Y DESCARGA;-3.7003116;40.5042526;MONASTERIO DE EL ESCORIAL, AVENIDA, DEL, Nº 41 A
440460,7900000000;4483931,4700000000;42515;08  FUENCARRAL-EL PARDO;08-08 EL GOLOSO;MONASTERIO DE MONTESCLAROS, CALLE, DEL;7 B;CargayDescarga;Batería;1;15,00;DE LUNES A SÁBADO DE 8:00 H. A 15:00 H. EXCEPTO CARGAY DESCARGA EN LÍNEA;-3.7026999;40.5039603;MONASTERIO DE MONTESCLAROS, CALLE, DEL, Nº 7 B
441180,4900000000;4484274,6100000000;42801;08  FUENCARRAL-EL PARDO;08-08 EL GOLOSO;MONASTERIO DE SILOS, AVENIDA, DEL;73;CargayDescarga;Línea;3;7,00;LABORABLES DE LUNES A VIERNES DE 8.30 A 20.30 H Y SÁBADOS DE 8 A 15 H EXCEPTO CARGA Y DESCARGA EN LÍNEA;-3.6942383;40.5071028;MONASTERIO DE SILOS, AVENIDA, DEL, Nº 73
437667,9600000000;4476053,9000000000;43612;09  MONCLOA-ARAVACA;09-01 CASA DE CAMPO;ANICETO MARINAS, CALLE, DE;116;CargayDescarga;Línea;2;8,00;LABORABLES DE 8 A 17 EXCEPTO CARGA Y DESCARGA;-3.7348853;40.4327915;ANICETO MARINAS, CALLE, DE, Nº 116
438613,1500000000;4474928,6900000000;40290;09  MONCLOA-ARAVACA;09-01 CASA DE CAMPO;ANICETO MARINAS, CALLE, DE;38;CargayDescarga;Línea;4;21,00;Laborables de 8 a 14 h. y de 17 a 20 h. Excepto CARGA Y DESCARGA;-3.7236339;40.4227254;ANICETO MARINAS, CALLE, DE, Nº 38
438802,3100000000;4474765,0500000000;41075;09  MONCLOA-ARAVACA;09-01 CASA DE CAMPO;FLORIDA, PASEO, DE LA;11;CargayDescarga;Línea;3;17,00;LABORABLES DE 3 AM. A 4 AM. Y DE 9 AM. A 11 AM. EXCEPTO CARGA Y DESCARGA;-3.7213884;40.4212652;FLORIDA, PASEO, DE LA, Nº 11
438571,4200000000;4475051,3100000000;37368;09  MONCLOA-ARAVACA;09-01 CASA DE CAMPO;FLORIDA, PASEO, DE LA;22;CargayDescarga;Línea;2;10,40;LAB. DE 8 A 14 H. Y DE 16,30 A 19 H. EXCEPTO CARGA Y DESCARGA;-3.7241376;40.4238269;FLORIDA, PASEO, DE LA, Nº 22
438707,8200000000;4474870,0000000000;39210;09  MONCLOA-ARAVACA;09-01 CASA DE CAMPO;FLORIDA, PASEO, DE LA;27;CargayDescarga;Línea;3;15,10;Lab. de 9 a 20 h.excepto: CARGA Y DESCARGA;-3.7225123;40.4222037;FLORIDA, PASEO, DE LA, Nº 27
438560,0400000000;4475033,9300000000;37481;09  MONCLOA-ARAVACA;09-01 CASA DE CAMPO;FLORIDA, PASEO, DE LA;49;CargayDescarga;Línea;3;15,10;LAB. DE 8 A 14 H. Y DE 16,30 A 19 H. EXCEPTO CARGA Y DESCARGA;-3.72427;40.4236695;FLORIDA, PASEO, DE LA, Nº 49
438848,8700000000;4474755,3700000000;39210;09  MONCLOA-ARAVACA;09-01 CASA DE CAMPO;FLORIDA, PASEO, DE LA;Fte 3;CargayDescarga;Línea;6;28,80;LAB. DE 8 A 14H. Y DE 16,30 A 19 H. EXCEPTO: CARGA Y DESCARGA;-3.7208387;40.4211814;FLORIDA, PASEO, DE LA, Nº Fte 3
437842,2900000000;4475889,6900000000;42293;09  MONCLOA-ARAVACA;09-01 CASA DE CAMPO;LOECHES, CALLE, DE;3;CargayDescarga;Línea;2;12,00;LAB. DE 8 A 20 H. EXCEPTO CARGA Y DESCARGA;-3.7328141;40.4313252;LOECHES, CALLE, DE, Nº 3
437826,9300000000;4475446,0700000000;1;09  MONCLOA-ARAVACA;09-01 CASA DE CAMPO;MELCHOR CANO, CALLE, DE;1;CargayDescarga;Línea;3;14,90;Lab. de 9 a 20 h.excepto: CARGA Y DESCARGA;-3.7329518;40.4273278;MELCHOR CANO, CALLE, DE, Nº 1
438861,7800000000;4476231,9600000000;39496;09  MONCLOA-ARAVACA;09-01 CASA DE CAMPO;MORET, PASEO, DE;Fte 1;CargayDescarga;Línea;3;13,90;LAB. DE 6 A 12 H.EXCEPTO CARGA Y DESCARGA;-3.7208285;40.4344841;MORET, PASEO, DE, Nº Fte 1
438808,5200000000;4474889,8000000000;43747;09  MONCLOA-ARAVACA;09-01 CASA DE CAMPO;MOZART, CALLE, DE;3;CargayDescarga;Línea;1;7,00;LABORABLES DE 9 A 17 HORAS EXCEPTO CARGA Y DESCARGA;-3.7213272;40.4223895;MOZART, CALLE, DE, Nº 3
438785,2800000000;4474914,9800000000;43761;09  MONCLOA-ARAVACA;09-01 CASA DE CAMPO;MOZART, CALLE, DE;5;CargayDescarga;Línea;3;15,00;LABORABLES DE 9 A 17 H. EXCEPTO CARGA Y DESCARGA;-3.7216036;40.4226146;MOZART, CALLE, DE, Nº 5
438628,9400000000;4475275,9400000000;37851;09  MONCLOA-ARAVACA;09-01 CASA DE CAMPO;REY, PASEO, DEL;36;CargayDescarga;Línea;2;10,00;EXCEPTO CARGA Y DESCARGA;-3.7234812;40.4258547;REY, PASEO, DEL, Nº 36
438263,5200000000;4475057,0100000000;37769;09  MONCLOA-ARAVACA;09-01 CASA DE CAMPO;SAN POL DE MAR, CALLE, DE;8;CargayDescarga;Batería;2;6,00;;-3.7277675;40.4238555;SAN POL DE MAR, CALLE, DE, Nº 8
438296,2700000000;4475339,7600000000;34740;09  MONCLOA-ARAVACA;09-01 CASA DE CAMPO;VALLADOLID, AVENIDA, DE;13;CargayDescarga;Línea;3;15,00;LABORABLES DE 9 A 20 H. EXCEPTO CARGA Y DESCARGA;-3.7274089;40.426405;VALLADOLID, AVENIDA, DE, Nº 13
439157,3100000000;4475907,3100000000;1;09  MONCLOA-ARAVACA;09-02 ARGÜELLES;ALTAMIRANO, CALLE, DE;2;CargayDescarga;Línea;3;15,00;LAB. DE 8 A 14 H. Y DE 16,30 A 19 H.EXCEPTO CARGA Y DESCARGA.;-3.7173134;40.4315812;ALTAMIRANO, CALLE, DE, Nº 2
438985,5700000000;4475816,0700000000;1;09  MONCLOA-ARAVACA;09-02 ARGÜELLES;ALTAMIRANO, CALLE, DE;28;CargayDescarga;Línea;3;15,00;LAB. DE 8 A 14 H. YDE 16,30 A 19 H.EXCEPTO CARGA YDESCARGA;-3.7193292;40.4307467;ALTAMIRANO, CALLE, DE, Nº 28
438903,5400000000;4475772,6500000000;1;09  MONCLOA-ARAVACA;09-02 ARGÜELLES;ALTAMIRANO, CALLE, DE;38;CargayDescarga;Línea;3;15,00;LAB. DE 8 A 14 H. Y DE 16,30 A 19 H.EXCEPTO CARGA Y DESCARGA;-3.7202921;40.4303495;ALTAMIRANO, CALLE, DE, Nº 38
439111,7000000000;4475874,6200000000;37993;09  MONCLOA-ARAVACA;09-02 ARGÜELLES;ALTAMIRANO, CALLE, DE;7;CargayDescarga;Línea;6;30,90;LAB. DE 8 A 14 H. Y DE 16,30 A 19 H. EXCEPTO CARGA Y DESCARGA;-3.7178479;40.4312834;ALTAMIRANO, CALLE, DE, Nº 7
439255,6100000000;4474775,1900000000;36719;09  MONCLOA-ARAVACA;09-02 ARGÜELLES;ARRIAZA, CALLE, DE;12;CargayDescarga;Línea;2;13,20;LABORABLES DE 8 A 14 H. Y DE 16,30 A 19 H. EXCEPTO CARGA Y DESCARGA;-3.7160464;40.4213898;ARRIAZA, CALLE, DE, Nº 12
439120,6400000000;4475975,1600000000;38706;09  MONCLOA-ARAVACA;09-02 ARGÜELLES;BENITO GUTIERREZ, CALLE, DE;1;CargayDescarga;Línea;4;19,60;LAB. DE 8 A 14 H. YDE 16,30 A 19 H.EXCEPTO CARGA YDESCARGA;-3.7177522;40.4321897;BENITO GUTIERREZ, CALLE, DE, Nº 1
439056,2600000000;4475948,8000000000;1;09  MONCLOA-ARAVACA;09-02 ARGÜELLES;BENITO GUTIERREZ, CALLE, DE;10;CargayDescarga;Línea;3;15,20;LAB. DE 8 A 14 H. Y DE 16,30 A 19 H. EXCEPTO CARGA Y DESCARGA;-3.7185086;40.4319476;BENITO GUTIERREZ, CALLE, DE, Nº 10
438857,3600000000;4475833,5000000000;1;09  MONCLOA-ARAVACA;09-02 ARGÜELLES;BENITO GUTIERREZ, CALLE, DE;35;CargayDescarga;Línea;3;18,00;LABORABLES DE 8 A 14 H. EXCEPTO CARGA Y DESCARGA;-3.7208423;40.4308943;BENITO GUTIERREZ, CALLE, DE, Nº 35
439232,7500000000;4475662,4000000000;38722;09  MONCLOA-ARAVACA;09-02 ARGÜELLES;BUEN SUCESO, CALLE, DEL;1;CargayDescarga;Línea;4;21,00;Lab. de 9 a 20 h. excepto: [CARGA Y DESCARGA];-3.7164006;40.4293805;BUEN SUCESO, CALLE, DEL, Nº 1
439047,9000000000;4475558,9800000000;38762;09  MONCLOA-ARAVACA;09-02 ARGÜELLES;BUEN SUCESO, CALLE, DEL;15;CargayDescarga;Línea;3;15,00;lab. de 7 a 20 hexcepto: CARGA Y DESCARGA;-3.7185698;40.4284353;BUEN SUCESO, CALLE, DEL, Nº 15
439248,9400000000;4475681,4900000000;38576;09  MONCLOA-ARAVACA;09-02 ARGÜELLES;BUEN SUCESO, CALLE, DEL;6;CargayDescarga;Línea;3;15,00;LABORABLES DE 8 A 20 H.EXCEPTO CARGA Y DESCARGA;-3.7162116;40.4295536;BUEN SUCESO, CALLE, DEL, Nº 6
439157,5300000000;4475620,5300000000;1;09  MONCLOA-ARAVACA;09-02 ARGÜELLES;BUEN SUCESO, CALLE, DEL;7;CargayDescarga;Línea;3;14,90;LAB. DE 8 A 14 H. YDE 16,30 A 19 H.EXCEPTO CARGA YDESCARGA;-3.7172833;40.4289978;BUEN SUCESO, CALLE, DEL, Nº 7
439411,2700000000;4474797,7500000000;40659;09  MONCLOA-ARAVACA;09-02 ARGÜELLES;CADARSO, CALLE, DE;1;CargayDescarga;Línea;3;16,30;LABORABLES DE  9 A 20 H EXCEPTO CARGA Y DESCARGA;-3.7142138;40.4216043;CADARSO, CALLE, DE, Nº 1
439352,3900000000;4474925,4900000000;40641;09  MONCLOA-ARAVACA;09-02 ARGÜELLES;ESPAÑA, PLAZA, DE;14;CargayDescarga;Línea;2;10,00;LABORABLES DE 8 A 14 H. Y DE 16,30 A 19 H. EXCEPTO CARGA Y DESCARGA;-3.71492;40.4227508;ESPAÑA, PLAZA, DE, Nº 14
439115,2800000000;4474782,2700000000;1;09  MONCLOA-ARAVACA;09-02 ARGÜELLES;ESTANISLAO FIGUERAS, CALLE, DE;4;CargayDescarga;Línea;2;12,80;laborables de 8 a 14 h.y de 16,30 a 19 h. exceptocarga y descarga;-3.7177011;40.4214433;ESTANISLAO FIGUERAS, CALLE, DE, Nº 4
439334,3200000000;4475392,8900000000;44180;09  MONCLOA-ARAVACA;09-02 ARGÜELLES;EVARISTO SAN MIGUEL, CALLE, DE;8;CargayDescarga;Línea;1;9,50;LABORABLES DE 8  A 14 H. EXCEPTO CARG AY DESCARGA;-3.7151776;40.42696;EVARISTO SAN MIGUEL, CALLE, DE, Nº 8
439114,6700000000;4475345,8300000000;36201;09  MONCLOA-ARAVACA;09-02 ARGÜELLES;FERRAZ, CALLE, DE;13;CargayDescarga;Línea;2;11,20;LAB. DE 9 A 14 H. Y DE16,30 A 20 H. EXCEPTOCARGA Y DESCARGA;-3.7177623;40.42652;FERRAZ, CALLE, DE, Nº 13
439398,5300000000;4474978,8700000000;42748;09  MONCLOA-ARAVACA;09-02 ARGÜELLES;FERRAZ, CALLE, DE;2;CargayDescarga;Línea;1;7,00;LABORABLES DE LUNES A VIERNES DE 8 A 15 H EXCEPTO CARGA Y DESCARGA.;-3.7143812;40.423235;FERRAZ, CALLE, DE, Nº 2
439255,6800000000;4475174,8700000000;34893;09  MONCLOA-ARAVACA;09-02 ARGÜELLES;FERRAZ, CALLE, DE;22;CargayDescarga;Línea;2;12,00;lab. de 8 a 14 h y de 16.30 a 19 h excepto: [CARGA Y DESCARGA];-3.7160837;40.4249903;FERRAZ, CALLE, DE, Nº 22
439017,7400000000;4475480,1100000000;42861;09  MONCLOA-ARAVACA;09-02 ARGÜELLES;FERRAZ, CALLE, DE;27;CargayDescarga;Línea;1;10,00;LABORABLES DE LUNES A VIERNES DE 8:30 A 20:30 H. Y SÁBADOS DE 8 A 15 H. EXCEPTO CARGA Y DESCARGA;-3.7189178;40.4277226;FERRAZ, CALLE, DE, Nº 27
439184,3600000000;4475251,6500000000;1;09  MONCLOA-ARAVACA;09-02 ARGÜELLES;FERRAZ, CALLE, DE;3;CargayDescarga;Línea;3;15,70;LAB. DE 8 A 14 H. Y DE 16,30 A 19 H. EXCEPTO CARGA Y DESCARGA;-3.7169318;40.4256767;FERRAZ, CALLE, DE, Nº 3
438869,8300000000;4475681,7500000000;1;09  MONCLOA-ARAVACA;09-02 ARGÜELLES;FERRAZ, CALLE, DE;47;CargayDescarga;Línea;3;16,40;LAB. DE 8 A 14 H. YDE 16,30 A 19 H.EXCEPTO CARGA YDESCARGA;-3.7206807;40.4295282;FERRAZ, CALLE, DE, Nº 47
438693,6600000000;4475923,9600000000;1;09  MONCLOA-ARAVACA;09-02 ARGÜELLES;FERRAZ, CALLE, DE;71;CargayDescarga;Línea;1;15,00;lab. de 9 a 20 h. excepto: [carga y descarga] ;-3.7227808;40.4316971;FERRAZ, CALLE, DE, Nº 71
438834,8100000000;4475750,7900000000;39342;09  MONCLOA-ARAVACA;09-02 ARGÜELLES;FERRAZ, CALLE, DE;86;CargayDescarga;Línea;1;15,30;LAB. DE 9 A 20 H. EXCEPTO: CARGA Y DESCARGA;-3.7211002;40.4301475;FERRAZ, CALLE, DE, Nº 86
438779,4200000000;4475826,1300000000;43728;09  MONCLOA-ARAVACA;09-02 ARGÜELLES;FERRAZ, CALLE, DE;96;CargayDescarga;Línea;2;10,00;LAB. DE 8 A 14 H. Y DE 16,30 A 19 H .EXCEPTO CARGA Y DESCARGA;-3.7217604;40.4308222;FERRAZ, CALLE, DE, Nº 96
439145,2400000000;4474751,3200000000;36959;09  MONCLOA-ARAVACA;09-02 ARGÜELLES;ILUSTRACION, CALLE, DE LA;15;CargayDescarga;Línea;2;12,90;laborables de 8 a 14 h. y de 16,30 a 19 h. excepto carga y descarga;-3.717345;40.4211667;ILUSTRACION, CALLE, DE LA, Nº 15
438831,2700000000;4475900,1200000000;38756;09  MONCLOA-ARAVACA;09-02 ARGÜELLES;JUAN ALVAREZ MENDIZABAL, CALLE, DE;101;CargayDescarga;Línea;3;15,00;LAB. DE 8 A 14 H. Y DE 16,30 A 19 H. EXCEPTO CARGA Y DESCARGA ;-3.7211563;40.4314925;JUAN ALVAREZ MENDIZABAL, CALLE, DE, Nº 101
439326,2100000000;4475193,2100000000;1;09  MONCLOA-ARAVACA;09-02 ARGÜELLES;JUAN ALVAREZ MENDIZABAL, CALLE, DE;23;CargayDescarga;Línea;4;18,60;lab. de 9 a 20 h.excepto: CARGA Y DESCARGA;-3.7152541;40.4251606;JUAN ALVAREZ MENDIZABAL, CALLE, DE, Nº 23
439264,2400000000;4475293,3100000000;41207;09  MONCLOA-ARAVACA;09-02 ARGÜELLES;JUAN ALVAREZ MENDIZABAL, CALLE, DE;38;CargayDescarga;Línea;3;15,00;lab. de 8 a 14 h y de 16.30 a 19 h excepto: [CARGA Y DESCARGA];-3.7159941;40.4260578;JUAN ALVAREZ MENDIZABAL, CALLE, DE, Nº 38
439199,1100000000;4475374,7400000000;1;09  MONCLOA-ARAVACA;09-02 ARGÜELLES;JUAN ALVAREZ MENDIZABAL, CALLE, DE;41;CargayDescarga;Línea;2;13,00;lab. de 9 a 20 h.excepto: CARGA Y DESCARGA;-3.7167697;40.4267866;JUAN ALVAREZ MENDIZABAL, CALLE, DE, Nº 41
439135,8000000000;4475465,1100000000;1;09  MONCLOA-ARAVACA;09-02 ARGÜELLES;JUAN ALVAREZ MENDIZABAL, CALLE, DE;53;CargayDescarga;Línea;3;14,60;lab. de 9 a 20 h.excepto: CARGA Y DESCARGA;-3.7175246;40.4275961;JUAN ALVAREZ MENDIZABAL, CALLE, DE, Nº 53
438992,8100000000;4475670,8800000000;1;09  MONCLOA-ARAVACA;09-02 ARGÜELLES;JUAN ALVAREZ MENDIZABAL, CALLE, DE;75;CargayDescarga;Línea;3;14,90;lab. de 9 a 20 h.excepto: CARGA Y DESCARGA;-3.7192299;40.4294393;JUAN ALVAREZ MENDIZABAL, CALLE, DE, Nº 75
438958,2100000000;4475719,3400000000;1;09  MONCLOA-ARAVACA;09-02 ARGÜELLES;JUAN ALVAREZ MENDIZABAL, CALLE, DE;77;CargayDescarga;Línea;3;18,10;LAB. DE 8 A 14 H. YDE 16,30 A 19 H.EXCEPTO CARGA YDESCARGA;-3.7196425;40.4298733;JUAN ALVAREZ MENDIZABAL, CALLE, DE, Nº 77
438928,9300000000;4475760,6500000000;1;09  MONCLOA-ARAVACA;09-02 ARGÜELLES;JUAN ALVAREZ MENDIZABAL, CALLE, DE;83;CargayDescarga;Línea;2;12,10;LAB. DE 8 A 14 H. Y DE 16,30 A 19 H.EXCEPTO CARGA YDESCARGA;-3.7199916;40.4302433;JUAN ALVAREZ MENDIZABAL, CALLE, DE, Nº 83
439350,4500000000;4475262,0600000000;1;09  MONCLOA-ARAVACA;09-02 ARGÜELLES;LUISA FERNANDA, CALLE, DE;15;CargayDescarga;Línea;3;14,20;lab. de 8 a 14 hy de 16.30 a 19 hexcepto:[CARGA YDESCARGA];-3.7149749;40.4257826;LUISA FERNANDA, CALLE, DE, Nº 15
438814,2100000000;4475636,1000000000;35583;09  MONCLOA-ARAVACA;09-02 ARGÜELLES;MARQUES DE URQUIJO, CALLE, DEL;44;CargayDescarga;Línea;3;14,00;LAB. DE 9 A 14 H. Y DE 16,30 A 20 H.EXCEPTO CARGA Y DESCARGA;-3.721332;40.4291129;MARQUES DE URQUIJO, CALLE, DEL, Nº 44
439446,3100000000;4475142,6100000000;40044;09  MONCLOA-ARAVACA;09-02 ARGÜELLES;MARTIN DE LOS HEROS, CALLE, DE;13;CargayDescarga;Línea;4;20,20;PERMITIDO CARGA Y DESCARGA DE LUNESA VIERNES DE 8 A 12 H.;-3.7138336;40.4247135;MARTIN DE LOS HEROS, CALLE, DE, Nº 13
439418,1200000000;4475186,1000000000;1;09  MONCLOA-ARAVACA;09-02 ARGÜELLES;MARTIN DE LOS HEROS, CALLE, DE;15;CargayDescarga;Línea;2;13,10;lab. de 8 a 14 h y de 16.30 a 19 hexcepto: [CARGA Y DESCARGA];-3.71417;40.4251033;MARTIN DE LOS HEROS, CALLE, DE, Nº 15
439379,3000000000;4475244,6100000000;36600;09  MONCLOA-ARAVACA;09-02 ARGÜELLES;MARTIN DE LOS HEROS, CALLE, DE;25;CargayDescarga;Línea;2;12,90;LABORABLES DE 8 A 14 H. EXCEPTO CARGA Y DESCARGA;-3.7146332;40.4256275;MARTIN DE LOS HEROS, CALLE, DE, Nº 25
439077,2800000000;4475705,7000000000;1;09  MONCLOA-ARAVACA;09-02 ARGÜELLES;MARTIN DE LOS HEROS, CALLE, DE;69;CargayDescarga;Línea;2;10,00;lab. de 9 a 20 h.excepto: CARGA Y DESCARGA;-3.7182375;40.4297592;MARTIN DE LOS HEROS, CALLE, DE, Nº 69
438950,1500000000;4475907,5900000000;1;09  MONCLOA-ARAVACA;09-02 ARGÜELLES;MARTIN DE LOS HEROS, CALLE, DE;78;CargayDescarga;Línea;2;11,80;LAB. DE 8 A 14 H. YDE 16,30 A 19 H.EXCEPTO CARGA Y DESCARGA;-3.7197556;40.4315685;MARTIN DE LOS HEROS, CALLE, DE, Nº 78
438963,4500000000;4475875,0000000000;1;09  MONCLOA-ARAVACA;09-02 ARGÜELLES;MARTIN DE LOS HEROS, CALLE, DE;89;CargayDescarga;Línea;2;13,40;LAB. DE 8 A 14 H. Y DE 16,30 A 19 H. EXCEPTO CARGA Y DESCARGA;-3.7195956;40.4312759;MARTIN DE LOS HEROS, CALLE, DE, Nº 89
439197,7800000000;4475868,5900000000;43027;09  MONCLOA-ARAVACA;09-02 ARGÜELLES;PRINCESA, CALLE, DE LA;63;CargayDescarga;Línea;2;14,00;LABORABLES DE LUNES A VIERNES DE 8.30 A 20.30 Y SÁBADOS DE 8 A 15 H. EXCEPTO CARGA Y DESCARGA ;-3.7168326;40.4312353;PRINCESA, CALLE, DE LA, Nº 63
439107,6400000000;4475479,7000000000;1;09  MONCLOA-ARAVACA;09-02 ARGÜELLES;QUINTANA, CALLE, DE;20;CargayDescarga;Línea;3;16,40;lab. de 9 a 20 h.excepto: CARGA Y DESCARGA;-3.717858;40.4277255;QUINTANA, CALLE, DE, Nº 20
439025,5300000000;4475421,4500000000;1;09  MONCLOA-ARAVACA;09-02 ARGÜELLES;QUINTANA, CALLE, DE;23;CargayDescarga;Línea;3;14,00;lab. de 9 a 14 h y de 16.30 a 19 hexcepto:CARGA Y DESCARGA;-3.7188203;40.4271947;QUINTANA, CALLE, DE, Nº 23
439252,8600000000;4475560,9600000000;1;09  MONCLOA-ARAVACA;09-02 ARGÜELLES;QUINTANA, CALLE, DE;4;CargayDescarga;Línea;2;12,60;LABORABLES DE 8 A 14 H. EXCEPTO CARGA Y DESCARGA;-3.7161539;40.4284681;QUINTANA, CALLE, DE, Nº 4
439186,3500000000;4475511,7400000000;1;09  MONCLOA-ARAVACA;09-02 ARGÜELLES;QUINTANA, CALLE, DE;9;CargayDescarga;Línea;2;10,50;lab. de 9 a 20 h.excepto: CARGA Y DESCARGA;-3.7169332;40.4280199;QUINTANA, CALLE, DE, Nº 9
439303,4000000000;4474688,5200000000;41369;09  MONCLOA-ARAVACA;09-02 ARGÜELLES;SAN VICENTE, CUESTA, DE;22;CargayDescarga;Batería;5;12,40;LAB. DE 8 A 14 H. Y DE 16,30 A 19 H. EXCEPTO CARGA Y DESCARGA;-3.7154748;40.4206125;SAN VICENTE, CUESTA, DE, Nº 22
439164,8000000000;4475741,8100000000;1;09  MONCLOA-ARAVACA;09-02 ARGÜELLES;TUTOR, CALLE, DEL;42;CargayDescarga;Línea;2;13,06;LABORABLES DE 8 A 14 H. EXCEPTO CARGA Y DESCARGA;-3.7172092;40.4300908;TUTOR, CALLE, DEL, Nº 42
439132,1900000000;4475781,3100000000;40424;09  MONCLOA-ARAVACA;09-02 ARGÜELLES;TUTOR, CALLE, DEL;45;CargayDescarga;Línea;3;16,29;LAB. DE 8 A 14 H. Y DE 16,30 A 19 H. EXCEPTO CARGA Y DESCARGA;-3.7175974;40.4304443;TUTOR, CALLE, DEL, Nº 45
439099,4500000000;4475849,7900000000;1;09  MONCLOA-ARAVACA;09-02 ARGÜELLES;TUTOR, CALLE, DEL;52;CargayDescarga;Línea;3;17,70;EXCEPTO CARGA Y DESCARGA Y RECOGIDA BASURAS MERCADO;-3.71799;40.4310588;TUTOR, CALLE, DEL, Nº 52
439058,1700000000;4475921,3700000000;1;09  MONCLOA-ARAVACA;09-02 ARGÜELLES;TUTOR, CALLE, DEL;62;CargayDescarga;Línea;3;15,10;LAB. DE 8 A 14 H. Y DE 16,30 A 19 H. EXCEPTO CARGA Y DESCARGA;-3.7184835;40.4317006;TUTOR, CALLE, DEL, Nº 62
439407,1000000000;4475108,2300000000;1;09  MONCLOA-ARAVACA;09-02 ARGÜELLES;VENTURA RODRIGUEZ, CALLE, DE;15;CargayDescarga;Línea;4;21,80;lab. de 8 a 14 hy de 16.30 a 19 hexcepto:[CARGA YDESCARGA];-3.7142925;40.424401;VENTURA RODRIGUEZ, CALLE, DE, Nº 15
439349,1700000000;4477851,4600000000;41884;09  MONCLOA-ARAVACA;09-03 CIUDAD UNIVERSITARIA;ALMANSA, CALLE, DE;103;CargayDescarga;Línea;2;10,00;Lab. de 8 a 15 h.excepto: CARGA Y DESCARGA;-3.7152372;40.4491089;ALMANSA, CALLE, DE, Nº 103
439735,9900000000;4477895,0000000000;41920;09  MONCLOA-ARAVACA;09-03 CIUDAD UNIVERSITARIA;ALMANSA, CALLE, DE;77;CargayDescarga;Batería;6;15,60;;-3.71068;40.4495293;ALMANSA, CALLE, DE, Nº 77
438502,9700000000;4477160,5200000000;38677;09  MONCLOA-ARAVACA;09-03 CIUDAD UNIVERSITARIA;DOCTOR SEVERO OCHOA, CALLE, DEL;1;CargayDescarga;Línea;3;15,00;LABORABLES DE 9 A 20 H.EXCEPTO CARGA Y DESCARGA;-3.7251485;40.4428225;DOCTOR SEVERO OCHOA, CALLE, DEL, Nº 1
438650,5800000000;4477209,8000000000;38671;09  MONCLOA-ARAVACA;09-03 CIUDAD UNIVERSITARIA;DOCTOR SEVERO OCHOA, CALLE, DEL;5;CargayDescarga;Batería;3;8,90;I.N. MEDICINA DIAS LABORABLES DE 8 A 13 HORASEXCEPTO CARGA Y DESCARGA;-3.7234128;40.4432773;DOCTOR SEVERO OCHOA, CALLE, DEL, Nº 5
439592,1800000000;4477580,5800000000;41884;09  MONCLOA-ARAVACA;09-03 CIUDAD UNIVERSITARIA;ESTUDIANTES, CALLE, DE LOS;2;CargayDescarga;Línea;3;18,00;Lab. de 9 a 20 h.excepto: CARGA Y DESCARGA;-3.7123459;40.4466864;ESTUDIANTES, CALLE, DE LOS, Nº 2
439560,9400000000;4478795,6200000000;43593;09  MONCLOA-ARAVACA;09-03 CIUDAD UNIVERSITARIA;FRANCOS RODRIGUEZ, CALLE, DE;S/N;CargayDescarga;Línea;3;15,00;LAB. DE 8 A 14 H Y DE 16.30 A 19 H EXCEPTO CARGA Y DESCARGA EN LINEA;-3.7128299;40.4576297;FRANCOS RODRIGUEZ, CALLE, DE, Nº S/N
439716,0600000000;4477662,3800000000;42632;09  MONCLOA-ARAVACA;09-03 CIUDAD UNIVERSITARIA;JUAN MONTALVO, CALLE, DE;11;CargayDescarga;Batería;2;11,30;LAB DE 8 A 14 H Y DE 16.30 A 19 H EXCEPTO CARGA Y DESCARGA;-3.7108929;40.4474323;JUAN MONTALVO, CALLE, DE, Nº 11
438943,3200000000;4477403,3800000000;44260;09  MONCLOA-ARAVACA;09-03 CIUDAD UNIVERSITARIA;JUAN XXIII, PASEO, DE;3;CargayDescarga;Línea;2;10,00;LAB. DE LUNES A SABADO DE 8 A 14.30 EXCEPTO CARGA Y DESCARGA;-3.7199798;40.4450427;JUAN XXIII, PASEO, DE, Nº 3
439495,5900000000;4478654,3500000000;43461;09  MONCLOA-ARAVACA;09-03 CIUDAD UNIVERSITARIA;MOGUER, CALLE, DE;5;CargayDescarga;Línea;3;15,00;lab de 8 a 14 y de 16.30 a 19 h excepto carga y descarga tiempo máximo 30 minutos;-3.7135871;40.4563523;MOGUER, CALLE, DE, Nº 5
438584,4700000000;4479605,8200000000;41407;09  MONCLOA-ARAVACA;09-03 CIUDAD UNIVERSITARIA;RAMON CRESPO, CALLE, DE;4;CargayDescarga;Línea;2;9,10;;-3.7244241;40.4648567;RAMON CRESPO, CALLE, DE, Nº 4
438466,8700000000;4477361,7200000000;38789;09  MONCLOA-ARAVACA;09-03 CIUDAD UNIVERSITARIA;RAMON Y CAJAL, PLAZA, DE;1;CargayDescarga;Línea;3;15,10;;-3.7255936;40.4446323;RAMON Y CAJAL, PLAZA, DE, Nº 1
439749,1200000000;4477634,2600000000;41884;09  MONCLOA-ARAVACA;09-03 CIUDAD UNIVERSITARIA;VASCOS, CALLE, DE LOS;2;CargayDescarga;Línea;4;21,75;;-3.7105004;40.4471814;VASCOS, CALLE, DE LOS, Nº 2
439797,6300000000;4479225,5300000000;43550;09  MONCLOA-ARAVACA;09-04 VALDEZARZA;ALESANCO, CALLE, DE;1;CargayDescarga;Línea;1;6,60;lab de 8 a 17 horas excepto carga  ydescarga;-3.7100793;40.4615197;ALESANCO, CALLE, DE, Nº 1
439838,9200000000;4479292,9500000000;43580;09  MONCLOA-ARAVACA;09-04 VALDEZARZA;ALESANCO, CALLE, DE;11;CargayDescarga;Batería;1;3,70;LABORABLES DE 8 A 17 H. EXCEPTO CARGA Y DESCARGA;-3.7095987;40.46213;ALESANCO, CALLE, DE, Nº 11
439018,7500000000;4479666,3600000000;38547;09  MONCLOA-ARAVACA;09-04 VALDEZARZA;ANTONIO MACHADO, CALLE, DE;23;CargayDescarga;Línea;3;15,00;;-3.7193078;40.465434;ANTONIO MACHADO, CALLE, DE, Nº 23
439140,0700000000;4479424,7900000000;39171;09  MONCLOA-ARAVACA;09-04 VALDEZARZA;ARTAJONA, CALLE, DE;15;CargayDescarga;Línea;3;16,70;;-3.7178537;40.4632668;ARTAJONA, CALLE, DE, Nº 15
439146,1100000000;4479517,9000000000;41311;09  MONCLOA-ARAVACA;09-04 VALDEZARZA;ARTAJONA, CALLE, DE;27;CargayDescarga;Línea;3;15,90;;-3.7177914;40.464106;ARTAJONA, CALLE, DE, Nº 27
439640,4000000000;4478807,8100000000;42566;09  MONCLOA-ARAVACA;09-04 VALDEZARZA;FRANCOS RODRIGUEZ, CALLE, DE;96;CargayDescarga;Línea;2;9,40;LABORABLES DE L A V DE 8.30 A 20.30 H Y SÁBADOS DE 8 A 15 H EXCEPTO CARGA Y DESCARGA;-3.711894;40.4577453;FRANCOS RODRIGUEZ, CALLE, DE, Nº 96
438549,5700000000;4480236,5400000000;44067;09  MONCLOA-ARAVACA;09-04 VALDEZARZA;ISLA CRISTINA, CALLE, DE LA;11;CargayDescarga;Batería;1;5,00;LAB DE LUNES A VIERNES DE 8 A 19 H.;-3.7248968;40.4705359;ISLA CRISTINA, CALLE, DE LA, Nº 11
439744,2200000000;4478934,3000000000;1;09  MONCLOA-ARAVACA;09-04 VALDEZARZA;OFELIA NIETO, CALLE, DE;15;CargayDescarga;Línea;4;18,80;;-3.7106816;40.4588923;OFELIA NIETO, CALLE, DE, Nº 15
438853,3100000000;4479733,3900000000;43874;09  MONCLOA-ARAVACA;09-04 VALDEZARZA;SAN GERARDO, CALLE, DE;8;CargayDescarga;Línea;1;6,50;lab de 8 a 14.30 h excepto carga y descarga;-3.7212655;40.4660257;SAN GERARDO, CALLE, DE, Nº 8
439695,3500000000;4478962,3800000000;44133;09  MONCLOA-ARAVACA;09-04 VALDEZARZA;SANCHEZ PRECIADO, CALLE, DE;18;CargayDescarga;Batería;1;3,50;lab de 9 a 17 horas excepto carga y descarga;-3.7112606;40.4591417;SANCHEZ PRECIADO, CALLE, DE, Nº 18
439689,1400000000;4478992,8300000000;44133;09  MONCLOA-ARAVACA;09-04 VALDEZARZA;SANCHEZ PRECIADO, CALLE, DE;25;CargayDescarga;Batería;1;3,50;LAB DE 9 A 17 HORAS EXCEPTO CARGA Y DESCARGA;-3.7113367;40.4594156;SANCHEZ PRECIADO, CALLE, DE, Nº 25
439061,0200000000;4479804,9300000000;42866;09  MONCLOA-ARAVACA;09-04 VALDEZARZA;VALDERREY, CALLE, DE;S/N;CargayDescarga;Línea;2;10,60;LAB DE 9 A 14 H EXCEPTO CARGA Y DESCARGA;-3.7188225;40.4666854;VALDERREY, CALLE, DE, Nº S/N
438824,1600000000;4480133,5300000000;42157;09  MONCLOA-ARAVACA;09-04 VALDEZARZA;VALDERRODRIGO, CALLE, DE;10;CargayDescarga;Línea;1;10,01;;-3.7216479;40.4696282;VALDERRODRIGO, CALLE, DE, Nº 10
434792,7100000000;4480495,3200000000;42998;09  MONCLOA-ARAVACA;09-05 VALDEMARÍN;VIÑAS DE EL PARDO, CALLE, DE LAS;7;CargayDescarga;Línea;2;8,00;LABORABLES DE 8 A 17H EXCEPTO CARGA Y DESCARGA;-3.7692374;40.4725806;VIÑAS DE EL PARDO, CALLE, DE LAS, Nº 7
433597,1700000000;4478982,3600000000;39708;09  MONCLOA-ARAVACA;09-07 ARAVACA;BAJA DE LA IGLESIA, CALLE;1;CargayDescarga;Línea;3;15,00;LABORABLES DE 8 A 14 H. Y DE 16.30 A 19 H. EXCEPTO CARGA Y DESCARGA ;-3.7831813;40.4588568;BAJA DE LA IGLESIA, CALLE, Nº 1
433338,8000000000;4477481,8900000000;41208;09  MONCLOA-ARAVACA;09-07 ARAVACA;EUROPA, AVENIDA, DE;25 G;CargayDescarga;Línea;3;15,00;LAB. DE 8 A 14 H. Y DE 16,30 A 19 H. EXCEPTO CARGA Y DESCARGA;-3.7860708;40.4453195;EUROPA, AVENIDA, DE, Nº 25 G
433165,9700000000;4477504,8400000000;41794;09  MONCLOA-ARAVACA;09-07 ARAVACA;EUROPA, AVENIDA, DE;S/N;CargayDescarga;Línea;3;15,00;LABORABLES DE 8 A 20 H. Y SÁBADOS DE 8 A 15 H. EXCEPTO CARGA Y DESCARGA;-3.7881111;40.4455123;EUROPA, AVENIDA, DE, Nº S/N
433094,2400000000;4477470,8700000000;42548;09  MONCLOA-ARAVACA;09-07 ARAVACA;EUROPA, AVENIDA, DE;S/N;CargayDescarga;Línea;2;10,00;LABORABLES DE 8 A14 H. Y DE 16:30 A 19 H. EXCEPTO CARGA Y DESCARGA;-3.7889533;40.4452006;EUROPA, AVENIDA, DE, Nº S/N
433400,2600000000;4478959,4100000000;43313;09  MONCLOA-ARAVACA;09-07 ARAVACA;GALAXIA, AVENIDA, DE LA;6;CargayDescarga;Línea;1;5,50;LABORABLES DE LUNES A VIERNES DE 8 A 15 H. EXCEPTO CARGA Y DESCARGA;-3.7855011;40.4586343;GALAXIA, AVENIDA, DE LA, Nº 6
433432,0700000000;4478136,1300000000;43743;09  MONCLOA-ARAVACA;09-07 ARAVACA;GOLONDRINA, CALLE, DE LA;33;CargayDescarga;Línea;2;9,40;DE 9:30 A 21:30 H. EXCEPTO CARGA Y DESCARGA TIEMPO MÁXIMO 20 MINUTOS;-3.7850397;40.4512205;GOLONDRINA, CALLE, DE LA, Nº 33
433427,0400000000;4478474,4100000000;43745;09  MONCLOA-ARAVACA;09-07 ARAVACA;GOLONDRINA, CALLE, DE LA;S/N;CargayDescarga;;;;;-3.7851345;40.4542674;GOLONDRINA, CALLE, DE LA, Nº S/N
433560,6600000000;4478934,3900000000;38433;09  MONCLOA-ARAVACA;09-07 ARAVACA;MARQUES DE CAMARINES, PLAZA, DEL;5;CargayDescarga;Línea;3;15,10;laborables de 8 a 14 h. y de 16,30 a 19 h. excepto carga y descarga ;-3.7836069;40.4584217;MARQUES DE CAMARINES, PLAZA, DEL, Nº 5
433726,8900000000;4478976,2100000000;38427;09  MONCLOA-ARAVACA;09-07 ARAVACA;OLIVO, CALLE, DEL;30;CargayDescarga;Línea;2;9,00;LABORABLES DE 8 A 14 H. EXCEPTO CARGA Y DESCARGA ;-3.7816509;40.4588117;OLIVO, CALLE, DEL, Nº 30
433647,5600000000;4479004,4100000000;41963;09  MONCLOA-ARAVACA;09-07 ARAVACA;OSA MAYOR, AVENIDA, DE LA;62;CargayDescarga;Línea;3;15,00;LABORABLES DE 8 A 17 H. EXCEPTO CARGA Y DESCARGA;-3.7825894;40.4590594;OSA MAYOR, AVENIDA, DE LA, Nº 62
433527,9100000000;4478972,7300000000;38433;09  MONCLOA-ARAVACA;09-07 ARAVACA;PEREZ DE VICTORIA, CALLE, DE;1;CargayDescarga;Línea;4;20,00;;-3.7839971;40.4587645;PEREZ DE VICTORIA, CALLE, DE, Nº 1
433436,9500000000;4477725,6800000000;41235;09  MONCLOA-ARAVACA;09-07 ARAVACA;TALGO, AVENIDA, DEL;234;CargayDescarga;Línea;3;17,00;LABORABLES DE 8 A 14 H. Y DE 16.30 A 19 H. EXCEPTO CARGA Y DESCARGA;-3.7849391;40.4475235;TALGO, AVENIDA, DEL, Nº 234
437203,5500000000;4471906,9200000000;38342;10  LATINA;10-01 CÁRMENES;ARIZA, CALLE, DE;148;CargayDescarga;Batería;6;15,00;LAB. DE 9 A 14 H. Y DE 16,30 A 20 H. EXCEPTO CARGA Y DESCARGA;-3.7399508;40.3953989;ARIZA, CALLE, DE, Nº 148
438514,5300000000;4473075,4500000000;43979;10  LATINA;10-01 CÁRMENES;ERMITA DEL SANTO, PASEO, DE LA;66;CargayDescarga;Línea;3;15,00;LABORABLES DE 8 A 14 H. Y DE 16,30 A 22 H. EXCEPTO CARGA Y DESCARGA ;-3.7246172;40.4060233;ERMITA DEL SANTO, PASEO, DE LA, Nº 66
438626,0800000000;4473040,7600000000;40177;10  LATINA;10-01 CÁRMENES;MANZANARES, AVENIDA, DEL;40;CargayDescarga;Línea;3;15,00;lab. de 8 a 14h. y de 16.30 a 19h. Excepto: Carga y Descarga;-3.7232993;40.4057191;MANZANARES, AVENIDA, DEL, Nº 40
437327,5700000000;4472870,3400000000;43762;10  LATINA;10-01 CÁRMENES;SEPULVEDA, CALLE, DE;11;CargayDescarga;Línea;2;11,00;LABORABLES DE LUNES A SÁBADO DE 8 A 14:30  H. EXCEPTO CARGA Y DESCARGA;-3.7385844;40.4040871;SEPULVEDA, CALLE, DE, Nº 11
438412,2200000000;4473979,6500000000;38331;10  LATINA;10-02 PUERTA DEL ÁNGEL;ALONSO FERNANDEZ, CALLE, DE;1;CargayDescarga;Línea;2;13,00;LAB. DE 9 A 13 H Y DE 16 A 20 H EXCEPTO CARGA Y DESCARGA;-3.7259104;40.4141612;ALONSO FERNANDEZ, CALLE, DE, Nº 1
438257,0300000000;4473564,5100000000;39736;10  LATINA;10-02 PUERTA DEL ÁNGEL;ANTILLON, CALLE, DE;32;CargayDescarga;Línea;3;15,00;LAB. DE 8 A 14 H. Y DE 16,30 A 19 H. EXCEPTO CARGA Y DESCARGA;-3.7276991;40.4104099;ANTILLON, CALLE, DE, Nº 32
438364,8200000000;4473891,6900000000;39899;10  LATINA;10-02 PUERTA DEL ÁNGEL;ANTONIO ZAMORA, CALLE, DE;14;CargayDescarga;Línea;3;15,00;LAB. DE 8 A 14 H. Y DE 16,30 A 19 H. EXCEPTO CARGA Y DESCARGA ;-3.7264605;40.4133653;ANTONIO ZAMORA, CALLE, DE, Nº 14
438274,8300000000;4473878,5300000000;38331;10  LATINA;10-02 PUERTA DEL ÁNGEL;ANTONIO ZAMORA, CALLE, DE;20;CargayDescarga;Línea;3;15,00;LABORABLES DE 8 A 14 H EXCEPTO CARGA Y DESCARGA;-3.7275198;40.4132401;ANTONIO ZAMORA, CALLE, DE, Nº 20
437336,8000000000;4473435,9300000000;38331;10  LATINA;10-02 PUERTA DEL ÁNGEL;BENICASIM, CALLE, DE;2;CargayDescarga;Línea;8;41,50;Lab de 9 a 20h.excepto: CARGA Y DESCARGA;-3.7385314;40.4091829;BENICASIM, CALLE, DE, Nº 2
438340,2100000000;4473745,3300000000;38331;10  LATINA;10-02 PUERTA DEL ÁNGEL;CARAMUEL, CALLE, DE;19;CargayDescarga;Línea;3;15,00;LABORABLES DE 8 A 14 H EXCEPTO CARGA Y DESCARGA;-3.7267363;40.412045;CARAMUEL, CALLE, DE, Nº 19
438634,5300000000;4473672,4900000000;40177;10  LATINA;10-02 PUERTA DEL ÁNGEL;ERMITA DEL SANTO, PASEO, DE LA;16;CargayDescarga;Línea;3;15,00;LAB. DE 8 A 14H. Y DE 16,30 A 19 H. EXCEPTO CARGA Y DESCARGA;-3.7232607;40.4114106;ERMITA DEL SANTO, PASEO, DE LA, Nº 16
438550,0900000000;4473912,0300000000;40177;10  LATINA;10-02 PUERTA DEL ÁNGEL;ERMITA DEL SANTO, PASEO, DE LA;2;CargayDescarga;Línea;4;20,00;LABORABLES DE 8 A 14 H. Y DE 16,30 A 19 H. EXCEPTO CARGA Y DESCARGA;-3.7242789;40.4135622;ERMITA DEL SANTO, PASEO, DE LA, Nº 2
437725,0300000000;4473713,8100000000;38938;10  LATINA;10-02 PUERTA DEL ÁNGEL;EXTREMADURA, PASEO, DE;112;CargayDescarga;Línea;3;15,00;LABORABLES DE 8 A 14 H. Y DE 16,30 A 19 H. EXCEPTO CARGA Y DESCARGA;-3.7339833;40.4117153;EXTREMADURA, PASEO, DE, Nº 112
437670,2500000000;4473688,0100000000;39149;10  LATINA;10-02 PUERTA DEL ÁNGEL;EXTREMADURA, PASEO, DE;120;CargayDescarga;Línea;3;15,00;;-3.7346264;40.4114787;EXTREMADURA, PASEO, DE, Nº 120
437545,4800000000;4473629,1700000000;39113;10  LATINA;10-02 PUERTA DEL ÁNGEL;EXTREMADURA, PASEO, DE;132;CargayDescarga;Línea;3;15,00;LABORABLES DE 9 A 14 H. Y DE 16,30 A 20 H. EXCEPTO: CARGA Y DESCARGA;-3.7360911;40.4109393;EXTREMADURA, PASEO, DE, Nº 132
437331,9400000000;4473526,4800000000;40058;10  LATINA;10-02 PUERTA DEL ÁNGEL;EXTREMADURA, PASEO, DE;154;CargayDescarga;Línea;6;33,00;LAB. DE 8 A 14 H. Y DE 16,30 A 19 H. EXCEPTO CARGA Y DESCARGA ;-3.7385976;40.4099982;EXTREMADURA, PASEO, DE, Nº 154
438113,5600000000;4473899,0200000000;41682;10  LATINA;10-02 PUERTA DEL ÁNGEL;EXTREMADURA, PASEO, DE;44;CargayDescarga;Línea;3;15,00;Laborables de 8 a 19 h.Excepto Carga y Descarga;-3.7294224;40.4134127;EXTREMADURA, PASEO, DE, Nº 44
437898,1300000000;4473797,2900000000;38331;10  LATINA;10-02 PUERTA DEL ÁNGEL;EXTREMADURA, PASEO, DE;88;CargayDescarga;Línea;2;11,00;;-3.7319515;40.4124802;EXTREMADURA, PASEO, DE, Nº 88
437825,6600000000;4473763,2200000000;35362;10  LATINA;10-02 PUERTA DEL ÁNGEL;EXTREMADURA, PASEO, DE;96;CargayDescarga;Línea;4;20,00;LAB. DE 9 A 14 H. Y DE 16,30 A 20 H.EXCEPTO CARGA Y DESCARGA;-3.7328022;40.4121679;EXTREMADURA, PASEO, DE, Nº 96
437895,0600000000;4473508,0700000000;43860;10  LATINA;10-02 PUERTA DEL ÁNGEL;GALIANA, CALLE, DE;4;CargayDescarga;Línea;3;15,00;LABORABLES DE 8 A 14 H. EXCEPTO CARGA Y DESCARGA;-3.7319594;40.4098746;GALIANA, CALLE, DE, Nº 4
437895,0300000000;4473508,1900000000;43860;10  LATINA;10-02 PUERTA DEL ÁNGEL;GALIANA, CALLE, DE;4;CargayDescarga;Línea;2;15,00;LABORABLES DE 8 A 16 HORAS EXCEPTO CARGA Y DESCARGA;-3.7319598;40.4098757;GALIANA, CALLE, DE, Nº 4
437584,9500000000;4473316,1400000000;40906;10  LATINA;10-02 PUERTA DEL ÁNGEL;GENSERICO, CALLE, DE;1;CargayDescarga;Línea;2;15,00;LABORABLES DE 8 A 14 H. Y DE 16.30 A 19 H, EXCEPTO CARGA Y DESCARGA;-3.7355952;40.4081224;GENSERICO, CALLE, DE, Nº 1
437631,5300000000;4473329,6500000000;42153;10  LATINA;10-02 PUERTA DEL ÁNGEL;GENSERICO, CALLE, DE;S/N;CargayDescarga;Batería;1;12,00;LABORABLES DE 8 A14 H. EXCEPTO CARGA Y DESCARGA;-3.7350476;40.4082476;GENSERICO, CALLE, DE, Nº S/N
438152,2100000000;4473843,3100000000;37433;10  LATINA;10-02 PUERTA DEL ÁNGEL;JAIME VERA, CALLE, DE;8;CargayDescarga;Línea;3;15,00;LAB. DE 8 A 14 H. Y DE 16,30 A 19 H. EXCEPTO CARGA Y DESCARGA;-3.7289615;40.4129137;JAIME VERA, CALLE, DE, Nº 8
437933,3200000000;4473560,3200000000;39496;10  LATINA;10-02 PUERTA DEL ÁNGEL;JESUITAS, PASEO, DE LOS;18;CargayDescarga;Línea;3;15,00;;-3.7315136;40.4103481;JESUITAS, PASEO, DE LOS, Nº 18
438082,4400000000;4473642,2300000000;44250;10  LATINA;10-02 PUERTA DEL ÁNGEL;JUAN TORNERO, CALLE, DE;64;CargayDescarga;Línea;2;9,00;LAB. DE 8 A 14 H. Y DE 16,30 A 19 H. EXCEPTO CARGA Y DESCARGA;-3.7297642;40.4110971;JUAN TORNERO, CALLE, DE, Nº 64
438564,4400000000;4474091,9400000000;40177;10  LATINA;10-02 PUERTA DEL ÁNGEL;MARQUES DE MONISTROL, PASEO, DEL;3;CargayDescarga;Línea;4;21,70;LAB. DE 8 A 14 H. Y DE 16,30 A 19 H. EXCEPTO CARGA Y DESCARGA;-3.7241272;40.415184;MARQUES DE MONISTROL, PASEO, DEL, Nº 3
437703,0600000000;4473028,4200000000;37508;10  LATINA;10-02 PUERTA DEL ÁNGEL;OLIVOS, PASEO, DE LOS;39;CargayDescarga;Línea;3;8,00;LAB. DE 8 A 14 H. Y DE 16,30 A 19 H. EXCEPTO CARGA Y DESCARGA ;-3.7341752;40.4055393;OLIVOS, PASEO, DE LOS, Nº 39
437367,4300000000;4473213,3600000000;40120;10  LATINA;10-02 PUERTA DEL ÁNGEL;PATRIARCA, COSTANILLA, DEL;S/N;CargayDescarga;Línea;3;15,00;LAB. DE 8 A 14 H. Y DE 16,30 A 19 H. EXCEPTO CARGA Y DESCARGA;-3.7381485;40.4071802;PATRIARCA, COSTANILLA, DEL, Nº S/N
437406,1100000000;4472967,2100000000;38876;10  LATINA;10-02 PUERTA DEL ÁNGEL;PERALES, PASEO, DE LOS;4;CargayDescarga;Línea;3;15,00;LAB. DE 8 A 14 H. EXCEPTO CARGA Y DESCARGA;-3.7376685;40.4049657;PERALES, PASEO, DE LOS, Nº 4
437903,8100000000;4473419,8200000000;1;10  LATINA;10-02 PUERTA DEL ÁNGEL;PERICLES, CALLE, DE;21;CargayDescarga;Batería;2;5,40;Lab. de 9 a 20 h.excepto: CARGA Y DESCARGA;-3.7318477;40.4090802;PERICLES, CALLE, DE, Nº 21
438517,4500000000;4473941,7200000000;40177;10  LATINA;10-02 PUERTA DEL ÁNGEL;PUENTE DE SEGOVIA, GLORIETA, DEL;1;CargayDescarga;Línea;2;13,50;lab. de 8 a 14 h. y de 16.30 a 19 h. Excepto: Carga y Descarga;-3.7246665;40.4138273;PUENTE DE SEGOVIA, GLORIETA, DEL, Nº 1
438501,8500000000;4474005,4900000000;40177;10  LATINA;10-02 PUERTA DEL ÁNGEL;SAAVEDRA FAJARDO, CALLE, DE;10;CargayDescarga;Línea;2;10,00;LAB. DE 8 A 14 H.Y DE 16,30 A 19 H.EXCEPTO CARGA Y DESCARGA;-3.7248565;40.4144006;SAAVEDRA FAJARDO, CALLE, DE, Nº 10
437599,0900000000;4473745,0800000000;42636;10  LATINA;10-02 PUERTA DEL ÁNGEL;TURISMUNDO, CALLE, DE;3;CargayDescarga;Línea;1;15,00;LABORABLES DE 8 A 14 H. EXCEPTO CARGA Y DESCARGA;-3.7354706;40.4119875;TURISMUNDO, CALLE, DE, Nº 3
437212,7400000000;4473101,3000000000;40715;10  LATINA;10-02 PUERTA DEL ÁNGEL;VICENTE CAMARON, CALLE, DE;44;CargayDescarga;Línea;3;12,80;LABORABLES DE 8 A 14H. EXCEPTO CARGA Y DESCARGA;-3.7399604;40.406159;VICENTE CAMARON, CALLE, DE, Nº 44
436760,5700000000;4472599,5700000000;1;10  LATINA;10-03 LUCERO;ANTONIA CALVO, CALLE, DE;3;CargayDescarga;Línea;2;9,90;LABORABLES DE 15 A 16 H EXCEPTO CARGA Y DESCARGA;-3.745239;40.401605;ANTONIA CALVO, CALLE, DE, Nº 3
436988,3200000000;4472962,2300000000;38334;10  LATINA;10-03 LUCERO;CEBREROS, CALLE, DE;11;CargayDescarga;Línea;3;15,10;LAB. DE 8 A 14 H. Y DE 16,30 A 19 H. EXCEPTO CARGA Y DESCARGA TIEMPO MAXIMO 30 MINUTOS;-3.7425912;40.4048893;CEBREROS, CALLE, DE, Nº 11
436938,0500000000;4472966,2600000000;41884;10  LATINA;10-03 LUCERO;CEBREROS, CALLE, DE;19;CargayDescarga;Línea;5;22,86;LABORABLES DE 8 A 14 H. Y DE 16,30 A 19 H. EXCEPTO CARGA Y DESCARGA;-3.743184;40.4049218;CEBREROS, CALLE, DE, Nº 19
436796,9600000000;4472969,9700000000;43935;10  LATINA;10-03 LUCERO;CEBREROS, CALLE, DE;39;CargayDescarga;Batería;2;11,00;LABORABLES DE 8 A 14H Y DE 16.30 A 19H EXCEPTO CARGA Y DESCARGA;-3.744847;40.4049445;CEBREROS, CALLE, DE, Nº 39
436643,0400000000;4472963,3000000000;38334;10  LATINA;10-03 LUCERO;CEBREROS, CALLE, DE;50;CargayDescarga;Línea;3;15,00;LABORABLES DE 9 A 14 H. Y DE 16 A 20 H.EXCEPTO CARGA Y DESCARGA;-3.7466601;40.4048727;CEBREROS, CALLE, DE, Nº 50
436770,3200000000;4472991,8600000000;37959;10  LATINA;10-03 LUCERO;HIGUERAS, CALLE, DE LAS;47;CargayDescarga;Línea;3;15,00;LAB. DE 8 A 14 H. Y DE 16,30 A 19 H. EXCEPTO CARGA Y DESCARGA ;-3.7451631;40.4051397;HIGUERAS, CALLE, DE LAS, Nº 47
436758,8200000000;4472842,0700000000;36220;10  LATINA;10-03 LUCERO;HIGUERAS, CALLE, DE LAS;57;CargayDescarga;Línea;3;15,50;LAB. DE 9 A 14 H. Y DE 16,30 A 20 H. EXCEPTO CARGA Y DESCARGA ;-3.7452837;40.4037894;HIGUERAS, CALLE, DE LAS, Nº 57
436750,6500000000;4472742,9300000000;41556;10  LATINA;10-03 LUCERO;HIGUERAS, CALLE, DE LAS;63;CargayDescarga;Línea;2;15,00;LABORABLES DE 8 A 17 H. EXCEPTO CARGA Y DESCARGA;-3.7453701;40.4028957;HIGUERAS, CALLE, DE LAS, Nº 63
437059,4900000000;4473204,0500000000;38250;10  LATINA;10-03 LUCERO;HUERTA DE CASTAÑEDA, CALLE, DE LA;14;CargayDescarga;Línea;3;15,00;LABORABLES DE 8 A 14 H. Y DE 16,30 A 19 H.EXCEPTO CARGA Y DESCARGA;-3.7417765;40.4070731;HUERTA DE CASTAÑEDA, CALLE, DE LA, Nº 14
436315,5700000000;4472549,3100000000;42943;10  LATINA;10-03 LUCERO;LATINA, CALLE, DE LA;9;CargayDescarga;Línea;1;15,00;LABORABLES DE 8 A 17 HORAS EXCEPTO CARGA Y DESCARGA;-3.7504776;40.4011183;LATINA, CALLE, DE LA, Nº 9
436549,3900000000;4472810,8900000000;1;10  LATINA;10-03 LUCERO;LUCERO, CALLE, DEL;8;CargayDescarga;Línea;3;14,00;Lab. de 7 a 13 h.excepto: CARGA Y DESCARGA;-3.7477485;40.4034926;LUCERO, CALLE, DEL, Nº 8
436291,1000000000;4473303,8000000000;38331;10  LATINA;10-03 LUCERO;VILLAMANIN, CALLE, DE;30;CargayDescarga;Línea;2;12,20;lab. de 8 a 14 h.y de 16,30 a 19 h.excepto:[CARGA YDESCARGA];-3.7508415;40.4079132;VILLAMANIN, CALLE, DE, Nº 30
436111,5100000000;4473071,4700000000;38331;10  LATINA;10-03 LUCERO;VILLASANDINO, CALLE, DE;42;CargayDescarga;Línea;3;14,90;LABORABLES DE 9 A 14 H.Y DE 16,30 A 20 H. EXCEPTO CARGA Y DESCARGA EN LINEA ;-3.7529345;40.4058065;VILLASANDINO, CALLE, DE, Nº 42
435833,7500000000;4471270,7900000000;41390;10  LATINA;10-04 ALUCHE;CAMARENA, CALLE, DE;184;CargayDescarga;Línea;3;16,10;LABORABLES DE 8 A 14 H. Y DE 16,30 A 19 H. EXCEPTO CARGA Y DESCARGA;-3.7560262;40.3895639;CAMARENA, CALLE, DE, Nº 184
435895,6500000000;4471019,4800000000;38336;10  LATINA;10-04 ALUCHE;CAMARENA, CALLE, DE;187;CargayDescarga;Batería;3;18,17;LAB. DE 8 A 14 H. Y DE 16,30 A 19 H. EXCEPTO CARGA Y DESCARGA;-3.7552717;40.3873048;CAMARENA, CALLE, DE, Nº 187
435771,0000000000;4471007,4200000000;42163;10  LATINA;10-04 ALUCHE;CAMARENA, CALLE, DE;284;CargayDescarga;Línea;2;14,00;LABORABLES DE 8 A 17 H. EXCEPTO CARGA Y DESCARGA;-3.756739;40.3871866;CAMARENA, CALLE, DE, Nº 284
435727,1300000000;4470900,3500000000;41333;10  LATINA;10-04 ALUCHE;CAMARENA, CALLE, DE;298;CargayDescarga;Línea;4;44,03;LABORABLES DE 8 A 20 H. EXCEPTO CARGA Y DESCARGA;-3.757245;40.3862186;CAMARENA, CALLE, DE, Nº 298
434918,2500000000;4471842,1100000000;38335;10  LATINA;10-04 ALUCHE;ESCALONA, CALLE, DE;111;CargayDescarga;Línea;3;16,00;LAB. DE 9 A 20 H. EXCEPTO CARGA Y DESCARGA;-3.7668704;40.3946396;ESCALONA, CALLE, DE, Nº 111
435296,3500000000;4472012,3100000000;42208;10  LATINA;10-04 ALUCHE;ESCALONA, CALLE, DE;67;CargayDescarga;Línea;3;14,00;LABORABLES DE 8 A 17 H. EXCEPTO CARGA Y DESCARGA;-3.7624328;40.3962023;ESCALONA, CALLE, DE, Nº 67
434946,4300000000;4471912,1000000000;36579;10  LATINA;10-04 ALUCHE;ESCALONA, CALLE, DE;89;CargayDescarga;Línea;3;15,00;LABORABLES DE 8 A 14 H. Y DE 16,30 A 19 H. EXCEPTO CARGA Y DESCARGA;-3.7665455;40.3952723;ESCALONA, CALLE, DE, Nº 89
434844,4600000000;4471810,4600000000;38335;10  LATINA;10-04 ALUCHE;ESCALONA, CALLE, DE;S/N;CargayDescarga;Línea;5;20,00;LABORABLES DE 8 A 14 H. Y DE 16,30 A 19 H. EXCEPTO CARGA Y DESCARGA;-3.7677366;40.3943487;ESCALONA, CALLE, DE, Nº S/N
434986,6500000000;4472135,6100000000;38335;10  LATINA;10-04 ALUCHE;ILLESCAS, CALLE, DE;1;CargayDescarga;Línea;7;35,10;LABORABLES DE 9 A 20 H.EXCEPTO CARGA Y DESCARGA EN LINEA;-3.7660945;40.3972889;ILLESCAS, CALLE, DE, Nº 1
435965,0200000000;4471471,3200000000;38335;10  LATINA;10-04 ALUCHE;ILLESCAS, CALLE, DE;197;CargayDescarga;Línea;3;15,00;LABORABLES DE 8 A 14 HORAS Y DE 16,30 A 19 HORAS EXCEPTO CARGA Y DESCARGA;-3.7544999;40.3913805;ILLESCAS, CALLE, DE, Nº 197
435208,2000000000;4471758,8800000000;41326;10  LATINA;10-04 ALUCHE;ILLESCAS, CALLE, DE;28;CargayDescarga;Línea;3;15,00;LABORABLES DE 8 A 17 H. EXCEPTO CARGA Y DESCARGA;-3.7634457;40.3939124;ILLESCAS, CALLE, DE, Nº 28
435198,2500000000;4471889,4500000000;38337;10  LATINA;10-04 ALUCHE;ILLESCAS, CALLE, DE;65;CargayDescarga;Línea;3;15,10;LABORABLES DE 9 A 14 H.Y DE 16,30 A 20 H. EXCEPTO CARGA Y DESCARGA;-3.7635762;40.3950879;ILLESCAS, CALLE, DE, Nº 65
435156,1200000000;4471921,6700000000;38337;10  LATINA;10-04 ALUCHE;ILLESCAS, CALLE, DE;Fte 59;CargayDescarga;Línea;3;15,00;;-3.7640759;40.3953748;ILLESCAS, CALLE, DE, Nº Fte 59
436212,8800000000;4471557,9100000000;38335;10  LATINA;10-04 ALUCHE;LOS YEBENES, CALLE, DE;104;CargayDescarga;Línea;4;19,00;LABORABLES DE 8 A 14 H. Y DE 16,30 A 19 H.EXCEPTO CARGA Y DESCARGA;-3.7515883;40.3921796;LOS YEBENES, CALLE, DE, Nº 104
436204,7300000000;4471360,9900000000;38335;10  LATINA;10-04 ALUCHE;LOS YEBENES, CALLE, DE;148;CargayDescarga;Línea;3;15,00;laborables de 8 a 14 h. y de 16,30 a 19 h. excepto: [CARGA Y;-3.7516646;40.390405;LOS YEBENES, CALLE, DE, Nº 148
436211,6300000000;4471346,3200000000;38335;10  LATINA;10-04 ALUCHE;LOS YEBENES, CALLE, DE;251;CargayDescarga;Línea;3;17,00;laborables de 9 a 14 h. y de 16,30 a 20 h.excepto: CARGA Y DESCARGA;-3.7515819;40.3902734;LOS YEBENES, CALLE, DE, Nº 251
435343,6000000000;4471216,8600000000;43313;10  LATINA;10-04 ALUCHE;MAQUEDA, CALLE, DE;117;CargayDescarga;Batería;3;15,00;LABORABLES DE  8 A 13 H. EXCEPTO CARGA Y DESCARGA;-3.7617954;40.3890402;MAQUEDA, CALLE, DE, Nº 117
435352,6600000000;4471171,6800000000;38336;10  LATINA;10-04 ALUCHE;MAQUEDA, CALLE, DE;119;CargayDescarga;Línea;7;38,00;LAB. DE 8 A 14 H. Y DE16,30 A 19 H. EXCEPTO CARGA Y DESCARGA;-3.761684;40.3886339;MAQUEDA, CALLE, DE, Nº 119
436165,7300000000;4470955,6200000000;40141;10  LATINA;10-04 ALUCHE;NUESTRA SEÑORA DE LA LUZ, CALLE, DE;57;CargayDescarga;Línea;3;17,10;LAB. DE 8 A 14 H. Y DE 16,30 A 19 H. EXCEPTO CARGA Y DESCARGA;-3.7520835;40.3867503;NUESTRA SEÑORA DE LA LUZ, CALLE, DE, Nº 57
435528,6400000000;4470859,6900000000;38335;10  LATINA;10-04 ALUCHE;OCAÑA, CALLE, DE;1;CargayDescarga;Línea;2;10,50;LABORABLES DE 9 A 14 H.Y DE 16,30 A 20 H. EXCEPTOCARGA Y DESCARGA;-3.7595792;40.385837;OCAÑA, CALLE, DE, Nº 1
435534,1900000000;4470853,8100000000;36392;10  LATINA;10-04 ALUCHE;OCAÑA, CALLE, DE;1;CargayDescarga;Línea;2;9,00;LABORABLES DE 9 A 14 H.Y DE 16,30 A 20 H. EXCEPTOCARGA Y DESCARGA;-3.7595132;40.3857845;OCAÑA, CALLE, DE, Nº 1
436027,1200000000;4470747,8700000000;41430;10  LATINA;10-04 ALUCHE;OCAÑA, CALLE, DE;73;CargayDescarga;Línea;3;15,00;LABORABLES DE 8 A 17 H. EXCEPTO CARGA Y DESCARGA;-3.7536956;40.3848681;OCAÑA, CALLE, DE, Nº 73
436105,6300000000;4470890,3700000000;38887;10  LATINA;10-04 ALUCHE;OCAÑA, CALLE, DE;Fte 149;CargayDescarga;Línea;3;15,00;LAB. DE 8 A 14 H. Y DE 16,30 A 19 H. EXCEPTO CARGA Y DESCARGA;-3.752785;40.3861579;OCAÑA, CALLE, DE, Nº Fte 149
434892,1800000000;4471472,3900000000;42515;10  LATINA;10-04 ALUCHE;PADRE PIQUER, AVENIDA, DEL;56;CargayDescarga;Línea;2;11,00;DE LUNES A VIERNES DE 8:30 A 20:30H. Y SÁBADOS DE 8:00 A 15:00 H. EXCEPTO CARGA Y DESCARGA;-3.7671398;40.391307;PADRE PIQUER, AVENIDA, DEL, Nº 56
435404,9100000000;4470783,4500000000;40729;10  LATINA;10-04 ALUCHE;POBLADOS, AVENIDA, DE LOS;62;CargayDescarga;Línea;2;12,00;EXCEPTO CARGA Y DESCARGA DE 0 A 7 H.Y C.R.T.M. DE 7 A 24 H.;-3.7610291;40.3851406;POBLADOS, AVENIDA, DE LOS, Nº 62
435382,1600000000;4471188,2400000000;43922;10  LATINA;10-04 ALUCHE;QUERO, CALLE, DE;105;CargayDescarga;Línea;3;15,00;LABORABLES DE  8 A 13 H. Y DE 16 A 19 H. EXCEPTO CARGA Y DESCARGA;-3.7613382;40.3887854;QUERO, CALLE, DE, Nº 105
435408,7100000000;4471456,9100000000;38229;10  LATINA;10-04 ALUCHE;QUERO, CALLE, DE;47;CargayDescarga;Línea;3;15,00;Lab. de 8 a 14h. y de 16,30 a 19h. excepto: carga y                descarga;-3.7610526;40.3912077;QUERO, CALLE, DE, Nº 47
435401,2800000000;4471342,4000000000;38336;10  LATINA;10-04 ALUCHE;QUERO, CALLE, DE;51;CargayDescarga;Línea;2;13,00;LAB. DE 9 A 14 H. Y DE16,30 A 20 H. EXCEPTOCARGA Y DESCARGA;-3.7611286;40.3901756;QUERO, CALLE, DE, Nº 51
434261,9500000000;4472004,4400000000;42122;10  LATINA;10-05 CAMPAMENTO;CINE, CALLE, DEL;52;CargayDescarga;Línea;4;20,00;LABORABLES DE 8 A 17 H. EXCEPTO CARGA Y DESCARGA;-3.7746198;40.3960504;CINE, CALLE, DEL, Nº 52
434559,0900000000;4472237,8800000000;43978;10  LATINA;10-05 CAMPAMENTO;FUENTESAUCO, CALLE, DE;7;CargayDescarga;Línea;3;15,00;LABORABLES DE 8 A 14 H. Y DE 16.30 A 21 H. EXCEPTO CARGA Y DESCARGA;-3.7711428;40.3981767;FUENTESAUCO, CALLE, DE, Nº 7
434288,0100000000;4472261,6500000000;40452;10  LATINA;10-05 CAMPAMENTO;SEDANO, CALLE, DE;28;CargayDescarga;Línea;3;15,00;LABORABLES DE 8 A 14 H. Y DE 16,30 A 19 H. EXCEPTO CARGA Y DESCARGA;-3.7743393;40.3983695;SEDANO, CALLE, DE, Nº 28
434541,8300000000;4472166,5600000000;36942;10  LATINA;10-05 CAMPAMENTO;VILLACARRIEDO, CALLE, DE;5;CargayDescarga;Línea;3;15,00;lab. de 8 a 14 h. y de 16,30 a 19 h. excepto: CARGA Y DESCARGA;-3.7713388;40.3975328;VILLACARRIEDO, CALLE, DE, Nº 5
435083,2000000000;4470530,2400000000;39101;10  LATINA;10-07 ÁGUILAS;DAMASQUILLO, CALLE, DEL;5;CargayDescarga;Línea;3;15,00;LAB. DE 8 A 14 H. Y DE 16,30 A 19 H. EXCEPTO CARGA Y DESCARGA;-3.7647932;40.3828346;DAMASQUILLO, CALLE, DEL, Nº 5
433587,9500000000;4470732,8600000000;43111;10  LATINA;10-07 ÁGUILAS;FUENTE DEL TIRO, CALLE, DE LA;1;CargayDescarga;Línea;2;10,00;LABORABLES DE 8 A 14 H. EXCEPTO CARGA Y DESCARGA EN LINEA;-3.7824285;40.3845421;FUENTE DEL TIRO, CALLE, DE LA, Nº 1
433669,0000000000;4470665,7700000000;39170;10  LATINA;10-07 ÁGUILAS;FUENTE DEL TIRO, CALLE, DE LA;58;CargayDescarga;Línea;3;15,00;LAB. DE 8 A 14 H. Y DE 16,30 A 19 H. EXCEPTO CARGA Y DESCARGA;-3.7814668;40.3839441;FUENTE DEL TIRO, CALLE, DE LA, Nº 58
435090,8400000000;4469851,5200000000;41864;10  LATINA;10-07 ÁGUILAS;GANDO, CALLE, DE;S/N;CargayDescarga;Línea;1;15,00;LABORABLES DE 8 A 14 H. EXCEPTO CARGA Y DESCARGA;-3.7646341;40.376721;GANDO, CALLE, DE, Nº S/N
435063,9500000000;4470892,1200000000;43111;10  LATINA;10-07 ÁGUILAS;GUAREÑA, CALLE, DE;13;CargayDescarga;Batería;2;8,30;DE 7 A 14 H. EXCEPTO CARGA Y DESCARGA CENTRO COMERCIAL;-3.7650569;40.3860931;GUAREÑA, CALLE, DE, Nº 13
434754,9100000000;4469967,9100000000;41243;10  LATINA;10-07 ÁGUILAS;JOSE DE CADALSO, CALLE, DE;51;CargayDescarga;Línea;3;33,40;DE LUNES A VIERNES DE 8 A 20H. SÁBADOS DE 9 A 15H. EXCEPTO CARGA Y DESCARGA;-3.768603;40.3777433;JOSE DE CADALSO, CALLE, DE, Nº 51
434580,1400000000;4470186,7900000000;38876;10  LATINA;10-07 ÁGUILAS;JOSE DE CADALSO, CALLE, DE;58;CargayDescarga;Línea;3;15,00;LABORABLES DE 8 A 14 H. Y DE 16.30 A 19 H. EXCEPTO CARGA Y DESCARGA;-3.7706841;40.3797013;JOSE DE CADALSO, CALLE, DE, Nº 58
434945,4900000000;4469911,9600000000;42948;10  LATINA;10-07 ÁGUILAS;MAESTRA JUSTA FREIRE, CALLE, DE LA;30;CargayDescarga;Línea;2;12,00;LABORABLES DE LUNES A SÁBADO DE 8 A 15 H. EXCEPTO CARGA Y DECARGA;-3.7663524;40.3772542;MAESTRA JUSTA FREIRE, CALLE, DE LA, Nº 30
433884,9800000000;4470066,8000000000;38336;10  LATINA;10-07 ÁGUILAS;OLIVA DE PLASENCIA, CALLE, DE;14;CargayDescarga;Batería;8;20,00;LABORABLES DE 8 A 20 H.EXCEPTO CARGA Y DESCARGATIEMPO MAXIMO 30 MINUTOS;-3.7788603;40.3785656;OLIVA DE PLASENCIA, CALLE, DE, Nº 14
434315,2900000000;4469671,4600000000;38351;10  LATINA;10-07 ÁGUILAS;OSA DE LA VEGA, CALLE, DE LA;1;CargayDescarga;Línea;4;20,00; lab. de 8 a 14 h.  y de 16,30 a 19 h.  excepto:  CARGA Y                 DESCARGA;-3.7737508;40.3750382;OSA DE LA VEGA, CALLE, DE LA, Nº 1
434583,5600000000;4470109,7800000000;38337;10  LATINA;10-07 ÁGUILAS;RAFAEL FINAT, CALLE, DE;44;CargayDescarga;Línea;2;12,00;Lab. de 9 a 14 h. y de 16,30 a 20 h.excepto: CARGA Y DESCARGA;-3.7706359;40.3790079;RAFAEL FINAT, CALLE, DE, Nº 44
434502,4500000000;4470236,3800000000;41976;10  LATINA;10-07 ÁGUILAS;VALLE INCLAN, CALLE, DE;22;CargayDescarga;Línea;4;24,00;LABORABLES DE 8 A 17 H. EXCEPTO CARGA Y DESCARGA;-3.7716043;40.380142;VALLE INCLAN, CALLE, DE, Nº 22
434205,7100000000;4469750,6900000000;43756;10  LATINA;10-07 ÁGUILAS;VALLE INCLAN, CALLE, DE;70;CargayDescarga;Línea;3;15,00;LABORABLES DE 9 A14 H. EXCEPTO CARGA Y DESCARGA;-3.7750497;40.3757433;VALLE INCLAN, CALLE, DE, Nº 70
439310,5600000000;4471905,1400000000;38110;11  CARABANCHEL;11-01 COMILLA;ANTONIO DE LEYVA, CALLE, DE;15;CargayDescarga;Línea;3;15,00;laborables de 8 a 14 h. excepto: [CARGA Y DESCARGA] ;-3.715125;40.395539;ANTONIO DE LEYVA, CALLE, DE, Nº 15
439295,8500000000;4471855,7700000000;38344;11  CARABANCHEL;11-01 COMILLA;ANTONIO DE LEYVA, CALLE, DE;19;CargayDescarga;Línea;2;10,00;LABORABLES DE 8 A 14 HORAS EXCEPTO CARGA Y DESCARGA ;-3.7152936;40.3950932;ANTONIO DE LEYVA, CALLE, DE, Nº 19
439273,0800000000;4471411,6200000000;43759;11  CARABANCHEL;11-01 COMILLA;ANTONIO DE LEYVA, CALLE, DE;45;CargayDescarga;Línea;3;18,00;LABORABLES DE LUNES A SÁBADO DE 8 A 14.30 H. EXCEPTO CARGA Y DESCARGA;-3.7155195;40.3910904;ANTONIO DE LEYVA, CALLE, DE, Nº 45
439207,1100000000;4471160,6400000000;40360;11  CARABANCHEL;11-01 COMILLA;ANTONIO DE LEYVA, CALLE, DE;71;CargayDescarga;Línea;2;10,00;LAB. DE 8 A 14 H. Y DE 16,30 A 19 H. EXCEPTO CARGA Y DESCARGA;-3.7162728;40.3888247;ANTONIO DE LEYVA, CALLE, DE, Nº 71
439460,0300000000;4472036,1400000000;42157;11  CARABANCHEL;11-01 COMILLA;ANTONIO LOPEZ, CALLE, DE;19;CargayDescarga;Línea;1;15,00;LABORABLES DE 8 A 17 H. EXCEPTO CARGA Y DESCARGA;-3.7133763;40.39673;ANTONIO LOPEZ, CALLE, DE, Nº 19
439591,7300000000;4471953,1700000000;40360;11  CARABANCHEL;11-01 COMILLA;ANTONIO LOPEZ, CALLE, DE;37;CargayDescarga;Línea;3;18,00;laborables de 8 a 14 h.y de 16,30 a 19 h.excepto:[CARGA YDESCARGA];-3.7118166;40.3959921;ANTONIO LOPEZ, CALLE, DE, Nº 37
439717,6900000000;4471873,6700000000;38916;11  CARABANCHEL;11-01 COMILLA;ANTONIO LOPEZ, CALLE, DE;49;CargayDescarga;Línea;6;30,00;LABORABLES DE 8 A 14 H Y DE 16.30 A 19 H. EXCEPTO CARGA Y DESCARGA;-3.710325;40.3952851;ANTONIO LOPEZ, CALLE, DE, Nº 49
439746,7700000000;4471835,9700000000;40360;11  CARABANCHEL;11-01 COMILLA;ANTONIO LOPEZ, CALLE, DE;58;CargayDescarga;Línea;3;17,30;laborables de 9 a 14 h. y de 16,30 a 20 h. Excepto:CARGA Y DESCARGA;-3.7099788;40.3949476;ANTONIO LOPEZ, CALLE, DE, Nº 58
439393,0100000000;4472060,0000000000;1;11  CARABANCHEL;11-01 COMILLA;ANTONIO LOPEZ, CALLE, DE;6;CargayDescarga;Línea;4;20,10;LABORABLES DE 9 A 14 H.Y DE 16,30 A 20 H. EXCEPTO CARGA Y DESCARGA;-3.7141682;40.3969401;ANTONIO LOPEZ, CALLE, DE, Nº 6
439884,6300000000;4471768,1800000000;38344;11  CARABANCHEL;11-01 COMILLA;ANTONIO LOPEZ, CALLE, DE;63;CargayDescarga;Línea;6;23,89;LABORABLES DE 9 A 14 H Y DE 16.30 A 20 HORAS EXCEPTO CARGA Y DESCARGA ;-3.7083481;40.3943469;ANTONIO LOPEZ, CALLE, DE, Nº 63
439822,1800000000;4471788,5400000000;43809;11  CARABANCHEL;11-01 COMILLA;ANTONIO LOPEZ, CALLE, DE;66;CargayDescarga;Línea;2;10,50;LABORABLES DE 8 A 14 H. EXCEPTO CARGA Y DESCARGA;-3.7090858;40.3945258;ANTONIO LOPEZ, CALLE, DE, Nº 66
439703,6200000000;4471779,1700000000;43168;11  CARABANCHEL;11-01 COMILLA;ANTONIO VICENT, CALLE, DE;56;CargayDescarga;Línea;2;10,00;LABORABLES DE LUNES A VIERNES DE 9 A 17 HORAS EXCEPTO CARGA Y DESCARGA;-3.7104818;40.3944328;ANTONIO VICENT, CALLE, DE, Nº 56
439462,3300000000;4471777,8800000000;38344;11  CARABANCHEL;11-01 COMILLA;BALEARES, CALLE, DE;16;CargayDescarga;Línea;3;17,00;Laborables de 9 a 14 h. y de 16,30 a 20 h.excepto: CARGA Y DESCARGA;-3.7133246;40.3944037;BALEARES, CALLE, DE, Nº 16
439583,8700000000;4471766,1200000000;38608;11  CARABANCHEL;11-01 COMILLA;CONDE DE VISTAHERMOSA, CALLE, DEL;21;CargayDescarga;Línea;3;15,00;LABORABLES DE 9 A 12 H Y DE 16 A 18 HEXCEPTO CARGA Y DESCARGA;-3.7118915;40.3943065;CONDE DE VISTAHERMOSA, CALLE, DEL, Nº 21
439470,9700000000;4471811,5100000000;38344;11  CARABANCHEL;11-01 COMILLA;CONDE DE VISTAHERMOSA, CALLE, DEL;4;CargayDescarga;Línea;3;18,00;Laborables de 9 a 14 h. y de 16,30 a 20 h.excepto: CARGA Y DESCARGA;-3.713226;40.3947072;CONDE DE VISTAHERMOSA, CALLE, DEL, Nº 4
439394,9100000000;4471889,3300000000;42720;11  CARABANCHEL;11-01 COMILLA;CONDES DE BARCELONA, CALLE, DE LOS;5;CargayDescarga;Línea;3;18,00;LABORABLES DE 8 A 13:30 H. Y DE 16:30 A 19 H. Y SÁBADOS DE 9 A 13 H. EXCEPTO CARGA Y DESCARGA.;-3.7141296;40.3954027;CONDES DE BARCELONA, CALLE, DE LOS, Nº 5
439769,3100000000;4471863,7900000000;40395;11  CARABANCHEL;11-01 COMILLA;ESTEBAN DE ARTEAGA, CALLE, DE;8;CargayDescarga;Línea;3;15,60;LABORABLES DE 8 A 14 HORAS Y DE 16.30 A 19 HORAS EXCEPTO CARGA Y DESCARGA EN LINEA;-3.7097158;40.3951998;ESTEBAN DE ARTEAGA, CALLE, DE, Nº 8
439729,9000000000;4471606,1500000000;40192;11  CARABANCHEL;11-01 COMILLA;FERNANDO DIAZ DE MENDOZA, CALLE, DE;59;CargayDescarga;Línea;3;12,85;;-3.7101558;40.392876;FERNANDO DIAZ DE MENDOZA, CALLE, DE, Nº 59
439363,8800000000;4472053,1400000000;35872;11  CARABANCHEL;11-01 COMILLA;FUENLABRADA, CALLE, DE;1;CargayDescarga;Línea;5;24,40;Lab. de 9 a 20 h.excepto: CARGA Y DESCARGA;-3.7145108;40.3968762;FUENLABRADA, CALLE, DE, Nº 1
439570,0900000000;4471682,1500000000;38344;11  CARABANCHEL;11-01 COMILLA;INMACULADA CONCEPCION, CALLE, DE LA;17;CargayDescarga;Línea;4;22,00;;-3.7120459;40.3935491;INMACULADA CONCEPCION, CALLE, DE LA, Nº 17
439546,4700000000;4471528,2600000000;43215;11  CARABANCHEL;11-01 COMILLA;INMACULADA CONCEPCION, CALLE, DE LA;29;CargayDescarga;Línea;1;14,00;LABORABLES DE 9 A 12 H Y DE 16 A 18 HEXCEPTO CARGA Y DESCARGA;-3.7123096;40.3921611;INMACULADA CONCEPCION, CALLE, DE LA, Nº 29
439595,2700000000;4471837,4900000000;1;11  CARABANCHEL;11-01 COMILLA;INMACULADA CONCEPCION, CALLE, DE LA;7;CargayDescarga;Línea;3;15,00;LABORABLES DE 9 A 12 H Y DE 16 A 18 HEXCEPTO CARGA Y DESCARGA;-3.711764;40.3949503;INMACULADA CONCEPCION, CALLE, DE LA, Nº 7
439709,6400000000;4471988,3600000000;39956;11  CARABANCHEL;11-01 COMILLA;MANZANARES, AVENIDA, DEL;144;CargayDescarga;Línea;3;14,00;;-3.7104307;40.3963177;MANZANARES, AVENIDA, DEL, Nº 144
439841,0500000000;4471928,3300000000;39956;11  CARABANCHEL;11-01 COMILLA;MANZANARES, AVENIDA, DEL;160;CargayDescarga;Línea;3;15,00;;-3.7088767;40.3957864;MANZANARES, AVENIDA, DEL, Nº 160
439828,9100000000;4471621,2400000000;38344;11  CARABANCHEL;11-01 COMILLA;MARQUES DE JURA REAL, CALLE, DEL;11;CargayDescarga;Línea;1;9,20;laborables de 9 a 14 h. y de 16,30 a 20 h. excepto: [CARGA Y DESCARGA];-3.7089907;40.3930191;MARQUES DE JURA REAL, CALLE, DEL, Nº 11
439782,1200000000;4471527,4300000000;1;11  CARABANCHEL;11-01 COMILLA;MARQUES DE JURA REAL, CALLE, DEL;17;CargayDescarga;Línea;4;23,20;LAB. DE 7 A 17 H EXCEPTO CARGA Y DESCARGA;-3.7095331;40.3921707;MARQUES DE JURA REAL, CALLE, DEL, Nº 17
439897,9400000000;4471700,4200000000;40308;11  CARABANCHEL;11-01 COMILLA;MARQUES DE JURA REAL, CALLE, DEL;2;CargayDescarga;Línea;1;6,00;;-3.7081848;40.3937374;MARQUES DE JURA REAL, CALLE, DEL, Nº 2
439725,4000000000;4471675,4900000000;42861;11  CARABANCHEL;11-01 COMILLA;PADRE OLTRA, CALLE, DEL;56;CargayDescarga;Línea;2;12,00;LABORABLES DE LUNES A VIERNES DE 9 A 17H. EXCEPTO CARGA Y DESCARGA.;-3.7102154;40.3935004;PADRE OLTRA, CALLE, DEL, Nº 56
439882,7200000000;4471528,3300000000;1;11  CARABANCHEL;11-01 COMILLA;PEDRO YAGÜE, CALLE, DE;Fte 11;CargayDescarga;Línea;3;14,80;Laborables de 9 a 20 h.excepto: CARGA Y DESCARGA;-3.7083479;40.392186;PEDRO YAGÜE, CALLE, DE, Nº Fte 11
439968,1100000000;4471881,3200000000;39956;11  CARABANCHEL;11-01 COMILLA;SAN DAVID, CALLE, DE;S/N;CargayDescarga;Línea;3;15,30;LABORABLES DE 8 A 14 H. Y DE 16,30 A 19 H. EXCEPTO CARGA Y DESCARGA ;-3.7073751;40.3953721;SAN DAVID, CALLE, DE, Nº S/N
439619,3000000000;4471337,7600000000;39478;11  CARABANCHEL;11-01 COMILLA;SANTA MARIA DE LA CABEZA, PASEO, DE;132;CargayDescarga;Línea;4;20,00;;-3.7114334;40.3904502;SANTA MARIA DE LA CABEZA, PASEO, DE, Nº 132
438422,8100000000;4471372,3100000000;38343;11  CARABANCHEL;11-02 OPAÑEL;ALEJANDRO SANCHEZ, CALLE, DE;22;CargayDescarga;Línea;3;15,00;LAB. DE 9 A 14 H. Y DE 16,30 A 20 HEXCEPTO CARGA Y DESCARGA;-3.7255333;40.3906739;ALEJANDRO SANCHEZ, CALLE, DE, Nº 22
438304,0000000000;4471420,3700000000;36305;11  CARABANCHEL;11-02 OPAÑEL;ALEJANDRO SANCHEZ, CALLE, DE;4;CargayDescarga;Línea;1;10,00;LABORABLES DE 9 A 14 H. Y DE 16:30 A 20 H. EXCEPTO CARGA Y DESCARGA;-3.7269377;40.391098;ALEJANDRO SANCHEZ, CALLE, DE, Nº 4
438948,9300000000;4470820,4000000000;44249;11  CARABANCHEL;11-02 OPAÑEL;ANTONIA LANCHA, CALLE, DE;7;CargayDescarga;Línea;2;8,00;LABORABLES DE 9 A 14 H. EXCEPTO CARGA Y DESCARGA;-3.7192819;40.3857407;ANTONIA LANCHA, CALLE, DE, Nº 7
439294,2800000000;4471900,3600000000;40991;11  CARABANCHEL;11-02 OPAÑEL;ANTONIO DE LEYVA, CALLE, DE;10;CargayDescarga;Línea;4;23,00;laborables de 8 a 14 h. excepto: [CARGA Y DESCARGA];-3.7153163;40.3954948;ANTONIO DE LEYVA, CALLE, DE, Nº 10
439206,1100000000;4471204,2000000000;40904;11  CARABANCHEL;11-02 OPAÑEL;ANTONIO DE LEYVA, CALLE, DE;80;CargayDescarga;Línea;3;15,00;LABORABLES DE 8 A 14 HORAS Y DE 16,30 A 19 HORAS. EXCEPTO CARGA Y DESCARGA';-3.7162887;40.389217;ANTONIO DE LEYVA, CALLE, DE, Nº 80
438463,6300000000;4471566,4300000000;40294;11  CARABANCHEL;11-02 OPAÑEL;AZABACHE, CALLE, DEL;2;CargayDescarga;Línea;3;15,00;;-3.7250712;40.3924256;AZABACHE, CALLE, DEL, Nº 2
438561,2200000000;4471568,6000000000;38342;11  CARABANCHEL;11-02 OPAÑEL;CAMINO VIEJO DE LEGANES, CALLE, DEL;11;CargayDescarga;Línea;3;14,00;LABORABLES DE 9 A 14 H.Y DE 16,30 A 20 H. EXCEPTO CARGA Y DESCARGA;-3.7239216;40.3924524;CAMINO VIEJO DE LEGANES, CALLE, DEL, Nº 11
438568,6400000000;4471607,7700000000;39038;11  CARABANCHEL;11-02 OPAÑEL;CAMINO VIEJO DE LEGANES, CALLE, DEL;5;CargayDescarga;Línea;3;15,00;;-3.7238379;40.3928058;CAMINO VIEJO DE LEGANES, CALLE, DEL, Nº 5
438056,9000000000;4471243,4200000000;40149;11  CARABANCHEL;11-02 OPAÑEL;CASTRO DE ORO, CALLE, DE;1;CargayDescarga;Línea;3;14,60;;-3.7298318;40.3894857;CASTRO DE ORO, CALLE, DE, Nº 1
438267,7100000000;4471103,8600000000;38343;11  CARABANCHEL;11-02 OPAÑEL;CASTRO DE ORO, CALLE, DE;32;CargayDescarga;Línea;3;15,00;LAB. DE 9 A 14 H. Y DE 16,30 A 20 H.EXCEPTO CARGA Y DESCARGA;-3.7273346;40.3882441;CASTRO DE ORO, CALLE, DE, Nº 32
438953,2400000000;4471904,4300000000;38646;11  CARABANCHEL;11-02 OPAÑEL;GENERAL MARTIN CEREZO, CALLE, DEL;1;CargayDescarga;Línea;1;8,10;LAB. DE 8 A 18 H. EXCEPTO CARGA Y DESCARGA;-3.719335;40.3955065;GENERAL MARTIN CEREZO, CALLE, DEL, Nº 1
439075,7400000000;4471904,5900000000;35086;11  CARABANCHEL;11-02 OPAÑEL;JACINTO VERDAGUER, CALLE, DE;30;CargayDescarga;Línea;4;19,20;LABORABLES DE 9 A 14 H. Y DE 16,30 A 20 H. EXCEPTO CARGA Y DESCARGA ;-3.7178917;40.3955169;JACINTO VERDAGUER, CALLE, DE, Nº 30
438747,6100000000;4471642,5000000000;41796;11  CARABANCHEL;11-02 OPAÑEL;MERCEDES ARTEAGA, CALLE, DE;15;CargayDescarga;Batería;3;9,30;LABORABLES DE 8 A 17 HORAS EXCEPTO CARGA Y DESCARGA EN LÍNEA;-3.7217326;40.3931318;MERCEDES ARTEAGA, CALLE, DE, Nº 15
438730,9300000000;4470791,7600000000;38342;11  CARABANCHEL;11-02 OPAÑEL;MERCEDES DOMINGO, CALLE, DE;30;CargayDescarga;Línea;2;10,00;EXCEPTO CARGA Y DESCARGA;-3.7218473;40.3854667;MERCEDES DOMINGO, CALLE, DE, Nº 30
438698,4100000000;4470775,3300000000;43055;11  CARABANCHEL;11-02 OPAÑEL;OPORTO, AVENIDA, DE;24;CargayDescarga;Línea;1;15,00;lab. de 9 a 20 h. excepto: [CARGA Y DESCARGA];-3.7222289;40.3853163;OPORTO, AVENIDA, DE, Nº 24
438625,5300000000;4470988,5800000000;43857;11  CARABANCHEL;11-02 OPAÑEL;PORTALEGRE, CALLE, DE;63;CargayDescarga;Línea;;14,00;LABORABLES DE 8 A 14 Y DE 16.30 A 19 H. EXCEPTO CARGA Y DESCARGA EN LÍNEA ;-3.723108;40.387232;PORTALEGRE, CALLE, DE, Nº 63
438521,9400000000;4471609,4600000000;40294;11  CARABANCHEL;11-02 OPAÑEL;RADIO, CALLE, DEL;1;CargayDescarga;Línea;3;15,00;;-3.7243883;40.3928176;RADIO, CALLE, DEL, Nº 1
438611,3600000000;4471566,3900000000;38265;11  CARABANCHEL;11-02 OPAÑEL;RADIO, CALLE, DEL;12;CargayDescarga;Línea;3;17,00;;-3.7233306;40.3924362;RADIO, CALLE, DEL, Nº 12
438023,9200000000;4471213,3800000000;40294;11  CARABANCHEL;11-02 OPAÑEL;RIO DE ORO, CALLE, DEL;2;CargayDescarga;Línea;3;15,00;;-3.7302174;40.3892126;RIO DE ORO, CALLE, DEL, Nº 2
438844,9200000000;4471828,8500000000;42214;11  CARABANCHEL;11-02 OPAÑEL;SALLABERRY, CALLE, DE;2;CargayDescarga;Línea;2;10,50;LABORABLES DE 8 A 14 H. Y DE 16,30 A 19 H. EXCEPTO CARGA Y DESCARGA;-3.720604;40.3948177;SALLABERRY, CALLE, DE, Nº 2
438453,5200000000;4471480,8600000000;43599;11  CARABANCHEL;11-02 OPAÑEL;SAN PATRICIO, CALLE, DE;1;CargayDescarga;Línea;5;25,00;LABORABLES DE 7.30 A 14 H EXCEPTO CARGA Y DESCARGA;-3.725182;40.391654;SAN PATRICIO, CALLE, DE, Nº 1
438431,9100000000;4471511,8400000000;43599;11  CARABANCHEL;11-02 OPAÑEL;SAN PATRICIO, CALLE, DE;2;CargayDescarga;Línea;7;35,00;LABORABLES DE 7.30 A 14 H. Y DE 17 A 19 H. EXCEPTO CARGA Y DESCARGA;-3.7254396;40.3919315;SAN PATRICIO, CALLE, DE, Nº 2
438134,4300000000;4471083,5400000000;38343;11  CARABANCHEL;11-02 OPAÑEL;VALLE DE ORO, CALLE, DE;11;CargayDescarga;Línea;5;25,00;;-3.7289029;40.3880511;VALLE DE ORO, CALLE, DE, Nº 11
437941,3000000000;4471228,4800000000;40296;11  CARABANCHEL;11-03 SAN ISIDRO;AGUEDA DIEZ, CALLE, DE;3;CargayDescarga;Línea;3;15,00;LABORABLES DE 8 A 14 H. Y DE 16,30 A 19 H. EXCEPTO CARGA Y DESCARGA ;-3.7311923;40.3893425;AGUEDA DIEZ, CALLE, DE, Nº 3
438255,2300000000;4471481,4500000000;39645;11  CARABANCHEL;11-03 SAN ISIDRO;ALGORTA, CALLE, DE;2;CargayDescarga;Línea;3;15,10;LABORABLES DE 8 A 14 H. Y DE 16,30 A 19 H. EXCEPTO CARGA Y DESCARGA;-3.7275183;40.3916447;ALGORTA, CALLE, DE, Nº 2
438312,5700000000;4471523,8600000000;40808;11  CARABANCHEL;11-03 SAN ISIDRO;BLASA PEREZ, CALLE, DE;2;CargayDescarga;Línea;3;17,50;LABORABLES DE 9 A 14,00 H.Y DE 16,30 A 20,00 H.EXCEPTO CARGA Y DESCARGA;-3.7268468;40.392031;BLASA PEREZ, CALLE, DE, Nº 2
438273,7500000000;4471578,4700000000;38341;11  CARABANCHEL;11-03 SAN ISIDRO;BLASA PEREZ, CALLE, DE;8;CargayDescarga;Línea;2;11,50;LAB. DE 8 A 14 H. Y DE 16,30 A 20 H.EXCEPTO CARGA Y DESCARGA;-3.7273095;40.39252;BLASA PEREZ, CALLE, DE, Nº 8
437762,5000000000;4471830,7400000000;38958;11  CARABANCHEL;11-03 SAN ISIDRO;CABO NICOLAS MUR, CALLE, DEL;5;CargayDescarga;Línea;3;15,00;;-3.7333576;40.3947546;CABO NICOLAS MUR, CALLE, DEL, Nº 5
437630,4500000000;4471547,0000000000;38342;11  CARABANCHEL;11-03 SAN ISIDRO;CAÑETE, CALLE, DE;17;CargayDescarga;Línea;2;10,00;LAB. DE 8 A 14 H. EXCEPTO CARGA Y DESCARGA ;-3.7348857;40.3921886;CAÑETE, CALLE, DE, Nº 17
438854,3000000000;4471898,9700000000;40294;11  CARABANCHEL;11-03 SAN ISIDRO;COMUNEROS DE CASTILLA, CALLE, DE LOS;2;CargayDescarga;Línea;3;15,00;;-3.7205002;40.3954501;COMUNEROS DE CASTILLA, CALLE, DE LOS, Nº 2
437939,7700000000;4471423,8300000000;42719;11  CARABANCHEL;11-03 SAN ISIDRO;CUCLILLO, CALLE, DEL;4;CargayDescarga;Línea;1;15,00;LABORABLES DE 8 A 14 H. Y DE 16:30 A 19 H. EXCEPTO CARGA Y DESCARGA;-3.7312293;40.3911022;CUCLILLO, CALLE, DEL, Nº 4
437615,2200000000;4471722,9600000000;35376;11  CARABANCHEL;11-03 SAN ISIDRO;FRAGATA, CALLE, DE LA;23;CargayDescarga;Línea;3;15,50;LABORABLES DE 16,30 A 19 H. EXCEPTO CARGA Y DESCARGA;-3.7350824;40.3937726;FRAGATA, CALLE, DE LA, Nº 23
437743,4600000000;4471698,2800000000;39833;11  CARABANCHEL;11-03 SAN ISIDRO;FRAGATA, CALLE, DE LA;5;CargayDescarga;Línea;3;16,70;LAB. DE 8 A 14 H. Y DE 16,30 A 19 H. EXCEPTO CARGA Y DESCARGA;-3.733569;40.3935599;FRAGATA, CALLE, DE LA, Nº 5
438072,9900000000;4471301,0200000000;40149;11  CARABANCHEL;11-03 SAN ISIDRO;GENERAL RICARDOS, CALLE, DEL;146;CargayDescarga;Línea;6;30,30;Y DE 16,30 A 19 H. EXCEPTO CARGA Y DESCARGA;-3.7296478;40.3900057;GENERAL RICARDOS, CALLE, DEL, Nº 146
437919,9600000000;4471171,4900000000;40149;11  CARABANCHEL;11-03 SAN ISIDRO;GENERAL RICARDOS, CALLE, DEL;162;CargayDescarga;Línea;3;13,90;LABORABLES DE 8.00 A 14.00 Y DE 16.30 A 19.00 EXCEPTO CARGA Y DESCARGA;-3.7314381;40.3888275;GENERAL RICARDOS, CALLE, DEL, Nº 162
438511,1800000000;4471639,6400000000;40149;11  CARABANCHEL;11-03 SAN ISIDRO;GENERAL RICARDOS, CALLE, DEL;94;CargayDescarga;Línea;12;60,50;EXCEPTO CARGA Y DESCARGA;-3.724518;40.3930886;GENERAL RICARDOS, CALLE, DEL, Nº 94
438988,9000000000;4471999,1500000000;40294;11  CARABANCHEL;11-03 SAN ISIDRO;MANUEL CARMONA, CALLE, DE;2;CargayDescarga;Línea;3;15,40;;-3.7189239;40.3963624;MANUEL CARMONA, CALLE, DE, Nº 2
439005,1000000000;4472153,1600000000;43054;11  CARABANCHEL;11-03 SAN ISIDRO;MANUEL FERNANDEZ CABALLERO, CALLE, DE;4;CargayDescarga;Línea;3;15,00;LABORABLES DE 9 A 14HORAS Y  DE 16 A 20 HORAS EXCEPTO CARGA Y DESCARGA;-3.7187478;40.397751;MANUEL FERNANDEZ CABALLERO, CALLE, DE, Nº 4
438656,9900000000;4472638,0600000000;39229;11  CARABANCHEL;11-03 SAN ISIDRO;MANZANARES, AVENIDA, DEL;62;CargayDescarga;Línea;3;15,00;LABORABLES DE 8 A 14 H. Y DE 16,30 A 19 H. EXCEPTO CARGA Y DESCARGA;-3.7228962;40.4020936;MANZANARES, AVENIDA, DEL, Nº 62
438715,2000000000;4472478,2300000000;39229;11  CARABANCHEL;11-03 SAN ISIDRO;MANZANARES, AVENIDA, DEL;74;CargayDescarga;Línea;2;11,40;LABORABLES DE 8 A 14 H. Y DE 16,30 A 19 H. EXCEPTO CARGA Y DESCARGA ;-3.7221949;40.4006581;MANZANARES, AVENIDA, DEL, Nº 74
438835,3300000000;4472372,0500000000;39229;11  CARABANCHEL;11-03 SAN ISIDRO;MANZANARES, AVENIDA, DEL;90;CargayDescarga;Línea;3;15,30;LABORABLES DE 8 A 14 H.Y DE 16,30 A 19 H. EXCEPTOCARGA Y DESCARGA;-3.7207692;40.3997104;MANZANARES, AVENIDA, DEL, Nº 90
437719,3900000000;4471422,5800000000;39142;11  CARABANCHEL;11-03 SAN ISIDRO;MATILDE HERNANDEZ, CALLE, DE;36;CargayDescarga;Línea;3;15,00;;-3.7338256;40.3910744;MATILDE HERNANDEZ, CALLE, DE, Nº 36
437435,1800000000;4471989,7600000000;38505;11  CARABANCHEL;11-03 SAN ISIDRO;MOCHUELO, CALLE, DEL;3;CargayDescarga;Línea;2;10,00;LAB. DE 8 A 14 H. Y DE 16 A 20 H.EXCEPTO CARGA Y DESCARGA;-3.7372298;40.3961626;MOCHUELO, CALLE, DEL, Nº 3
439035,2100000000;4472154,7000000000;40016;11  CARABANCHEL;11-03 SAN ISIDRO;QUINCE DE MAYO, PASEO, DEL;13;CargayDescarga;Línea;3;15,00;LABORABLES DE 8 A 14 H. Y DE 16,30 A 19 H. EXCEPTO CARGA Y DESCARGA;-3.7183932;40.3977671;QUINCE DE MAYO, PASEO, DEL, Nº 13
438957,8500000000;4472209,5900000000;1;11  CARABANCHEL;11-03 SAN ISIDRO;QUINCE DE MAYO, PASEO, DEL;24;CargayDescarga;Línea;2;12,20;Lab. de 9 a 20 h.excepto: CARGA Y DESCARGA;-3.7193099;40.3982559;QUINCE DE MAYO, PASEO, DEL, Nº 24
439122,0300000000;4472110,6500000000;39008;11  CARABANCHEL;11-03 SAN ISIDRO;QUINCE DE MAYO, PASEO, DEL;3;CargayDescarga;Línea;1;15,00;LABORABLES DE 8 A 14 H. Y DE 16:30 A 19 H. EXCEPTO CARGA Y DESCARGA;-3.717366;40.3973766;QUINCE DE MAYO, PASEO, DEL, Nº 3
437423,1700000000;4471852,5000000000;38342;11  CARABANCHEL;11-03 SAN ISIDRO;SALVADOR ALONSO, CALLE, DE;14;CargayDescarga;Línea;1;8,00;LABORABLES DE 9 A 12 Y DE 16 A 18 HEXCEPTO CARGA Y DESCARGA;-3.7373578;40.3949252;SALVADOR ALONSO, CALLE, DE, Nº 14
437328,2400000000;4471852,6500000000;37441;11  CARABANCHEL;11-03 SAN ISIDRO;VIA CARPETANA, CALLE;101;CargayDescarga;Línea;3;15,00;;-3.7384764;40.3949194;VIA CARPETANA, CALLE, Nº 101
437504,6400000000;4471091,2100000000;41415;11  CARABANCHEL;11-04 VISTA ALEGRE;ALONDRA, CALLE, DE LA;19;CargayDescarga;Línea;2;12,00;LABORABLES DE 8 A 14 H. EXCEPTO CARGA Y DESCARGA;-3.7363232;40.3880732;ALONDRA, CALLE, DE LA, Nº 19
437657,6200000000;4470969,7300000000;40296;11  CARABANCHEL;11-04 VISTA ALEGRE;ALONDRA, CALLE, DE LA;2;CargayDescarga;Línea;3;15,00;LAB. DE 8 A 14 H Y DE 16,30 A 19 H. EXCEPTO CARGA Y DESCARGA ;-3.7345091;40.3869903;ALONDRA, CALLE, DE LA, Nº 2
437276,2600000000;4471086,2800000000;38342;11  CARABANCHEL;11-04 VISTA ALEGRE;ALONDRA, CALLE, DE LA;43;CargayDescarga;Línea;2;10,00;LABORABLES DE 8 A 14 H. Y DE 16,30 A 19 H. EXCEPTO CARGA Y DESCARGA ;-3.7390133;40.3880117;ALONDRA, CALLE, DE LA, Nº 43
437342,3800000000;4471278,5000000000;41011;11  CARABANCHEL;11-04 VISTA ALEGRE;AMISTAD, CALLE, DE LA;11;CargayDescarga;Línea;3;15,00;LABORABLES DE 8 A 15 H. Y DE 16:30 A 19 H. EXCEPTO CARGA Y DESCARGA;-3.7382533;40.3897482;AMISTAD, CALLE, DE LA, Nº 11
436988,2900000000;4471378,7500000000;42676;11  CARABANCHEL;11-04 VISTA ALEGRE;CAMICHI, CALLE, DE;28;CargayDescarga;Línea;1;5,50;DE LUNES A VIERNES DE 8 A 14 h EXCEPTO CARGA Y DESCARGA;-3.7424349;40.3906246;CAMICHI, CALLE, DE, Nº 28
437253,0900000000;4470981,1800000000;44118;11  CARABANCHEL;11-04 VISTA ALEGRE;CASTROJERIZ, CALLE, DE;12;CargayDescarga;Línea;3;15,00;LAB. DE 8 A 14 H Y DE 16,30 A 19 H. EXCEPTO CARGA Y DESCARGA;-3.7392759;40.3870631;CASTROJERIZ, CALLE, DE, Nº 12
437146,6100000000;4470845,6700000000;38344;11  CARABANCHEL;11-04 VISTA ALEGRE;CASTROJERIZ, CALLE, DE;9;CargayDescarga;Línea;3;15,00;;-3.740517;40.3858344;CASTROJERIZ, CALLE, DE, Nº 9
436867,6400000000;4471051,4500000000;38336;11  CARABANCHEL;11-04 VISTA ALEGRE;DOCTOR URQUIOLA, CALLE, DEL;25;CargayDescarga;Línea;2;11,00;ZONA RESERVADA PARA SUBIDA Y BAJADA DE VIAJEROS CARGA Y DESCARGA;-3.7438239;40.387667;DOCTOR URQUIOLA, CALLE, DEL, Nº 25
437417,3800000000;4471177,7300000000;38342;11  CARABANCHEL;11-04 VISTA ALEGRE;EDUARDO MORALES, CALLE, DE;16;CargayDescarga;Línea;3;15,00;LAB. DE 9 A 14 H. Y DE 16,30 A 20 H.EXCEPTO CARGA Y DESCARGA;-3.7373598;40.3888461;EDUARDO MORALES, CALLE, DE, Nº 16
436813,1200000000;4470887,3400000000;37501;11  CARABANCHEL;11-04 VISTA ALEGRE;EL ESPINAR, CALLE, DE;14;CargayDescarga;Línea;1;7,50;;-3.7444499;40.3861845;EL ESPINAR, CALLE, DE, Nº 14
437012,7400000000;4470863,4000000000;39479;11  CARABANCHEL;11-04 VISTA ALEGRE;EULALIA GIL, CALLE, DE;7;CargayDescarga;Línea;2;12,00;LABORABLES DE 9 A 14 H. Y DE 16,30 A 20 H. EXCEPTO CARGA Y DESCARGA EN LINEA;-3.7420958;40.385984;EULALIA GIL, CALLE, DE, Nº 7
437612,9600000000;4470930,6400000000;40296;11  CARABANCHEL;11-04 VISTA ALEGRE;FRANCISCO GARCIA, CALLE, DE;2;CargayDescarga;Línea;3;15,00;;-3.7350314;40.3866349;FRANCISCO GARCIA, CALLE, DE, Nº 2
437598,3500000000;4470937,5400000000;38561;11  CARABANCHEL;11-04 VISTA ALEGRE;FRANCISCO GARCIA, CALLE, DE;3;CargayDescarga;Línea;1;5,00;LABORABLES DE 9 A 18 H.EXCEPTO CARGA Y DESCARGA;-3.7352042;40.3866959;FRANCISCO GARCIA, CALLE, DE, Nº 3
436964,1000000000;4470702,1500000000;1;11  CARABANCHEL;11-04 VISTA ALEGRE;FRANCOLIN, CALLE, DEL;Fte 34;CargayDescarga;Línea;3;15,00;LABORABLES DE 9 A 13 H Y DE 16 A 20 HEXCEPTO CARGA Y DESCARGA;-3.7426529;40.3845277;FRANCOLIN, CALLE, DEL, Nº Fte 34
436938,0300000000;4471003,5300000000;39416;11  CARABANCHEL;11-04 VISTA ALEGRE;HALCON, CALLE, DEL;36;CargayDescarga;Línea;3;15,00;;-3.7429899;40.3872407;HALCON, CALLE, DEL, Nº 36
437105,6800000000;4470892,7600000000;38344;11  CARABANCHEL;11-04 VISTA ALEGRE;JABIRU, CALLE, DEL;12;CargayDescarga;Línea;3;18,00;;-3.7410038;40.3862555;JABIRU, CALLE, DEL, Nº 12
437013,8100000000;4471325,0800000000;38336;11  CARABANCHEL;11-04 VISTA ALEGRE;LAGUNA, CALLE, DE LA;101;CargayDescarga;Línea;23;16,00;LABORABLES DE 9 A 14 H.Y DE 16,30 A 20 H. EXCEPTO CARGA Y DESCARGA;-3.7421289;40.3901431;LAGUNA, CALLE, DE LA, Nº 101
437020,1500000000;4471246,0000000000;38336;11  CARABANCHEL;11-04 VISTA ALEGRE;LAGUNA, CALLE, DE LA;107;CargayDescarga;Línea;2;10,00;LABORABLES DE 9 A 14 H.Y DE 16,30 A 20 H. EXCEPTO CARGA Y DESCARGA;-3.7420464;40.3894312;LAGUNA, CALLE, DE LA, Nº 107
437025,7800000000;4471186,3900000000;35731;11  CARABANCHEL;11-04 VISTA ALEGRE;LAGUNA, CALLE, DE LA;115;CargayDescarga;Línea;3;15,30;LABORABLES DE 9 A 14 H.Y DE 16,30 A 20 H. EXCEPTOCARGA Y DESCARGA;-3.7419742;40.3888946;LAGUNA, CALLE, DE LA, Nº 115
437010,8400000000;4471487,8000000000;38336;11  CARABANCHEL;11-04 VISTA ALEGRE;LAGUNA, CALLE, DE LA;85;CargayDescarga;Línea;2;13,00;LABORABLES DE 8 A 14 H. Y DE 16,30 A 19 H. EXCEPTO CARGA Y DESCARGA;-3.74218;40.3916087;LAGUNA, CALLE, DE LA, Nº 85
437010,5100000000;4471409,0900000000;38610;11  CARABANCHEL;11-04 VISTA ALEGRE;LAGUNA, CALLE, DE LA;93;CargayDescarga;Línea;3;16,20;LABORABLES DE 8 A 14 H.Y DE 16,30 A 20 H. EXCEPTO CARGA Y DESCARGA;-3.7421761;40.3908996;LAGUNA, CALLE, DE LA, Nº 93
437200,1900000000;4470744,3100000000;38344;11  CARABANCHEL;11-04 VISTA ALEGRE;MARCELINO CAMACHO, PASEO, DE;3;CargayDescarga;Línea;4;20,00;LAB. DE 9 A 14 H Y DE 16,30 A 20 H. EXCEPTO CARGA Y DESCARGA;-3.7398758;40.3849253;MARCELINO CAMACHO, PASEO, DE, Nº 3
436976,4700000000;4470959,6600000000;1;11  CARABANCHEL;11-04 VISTA ALEGRE;MARCELINO CAMACHO, PASEO, DE;36;CargayDescarga;Línea;3;15,00;LAB. DE 8 A 14 H. Y DE16,30 A 19 H. EXCEPTO CARGA Y DESCARGA;-3.7425327;40.3868484;MARCELINO CAMACHO, PASEO, DE, Nº 36
436824,4900000000;4471035,4300000000;40470;11  CARABANCHEL;11-04 VISTA ALEGRE;MARCELINO CAMACHO, PASEO, DE;49;CargayDescarga;Línea;2;11,00;LABORABLES DE 9 A 14 H.Y DE 16,30 A 20 H. EXCEPTO CARGA Y DESCARGA;-3.7443306;40.3875194;MARCELINO CAMACHO, PASEO, DE, Nº 49
436864,7900000000;4471017,4100000000;35417;11  CARABANCHEL;11-04 VISTA ALEGRE;MARCELINO CAMACHO, PASEO, DE;58;CargayDescarga;Línea;3;15,00;LABORABLES DE 9 A 14 H Y DE 16,30 A 20H EXCEPTO CARGA Y DESCARGA;-3.7438541;40.3873602;MARCELINO CAMACHO, PASEO, DE, Nº 58
437451,8500000000;4470971,7600000000;38344;11  CARABANCHEL;11-04 VISTA ALEGRE;MATILDE HERNANDEZ, CALLE, DE;88;CargayDescarga;Línea;3;14,00;LAB. DE 9 A 14 H. Y DE 16,30 A 20 H.EXCEPTO CARGA Y DESCARGA EN LINEA;-3.7369334;40.3869932;MATILDE HERNANDEZ, CALLE, DE, Nº 88
436907,0700000000;4470967,0400000000;35642;11  CARABANCHEL;11-04 VISTA ALEGRE;NUESTRA SEÑORA DE FATIMA, AVENIDA, DE;1;CargayDescarga;Línea;3;15,00;LABORABLES DE 8 A 14 H Y DE 16,30 A 20 H EXCEPTO CARGA Y DESCARGA;-3.743351;40.3869096;NUESTRA SEÑORA DE FATIMA, AVENIDA, DE, Nº 1
436788,6700000000;4470834,4800000000;36640;11  CARABANCHEL;11-04 VISTA ALEGRE;NUESTRA SEÑORA DE FATIMA, AVENIDA, DE;19;CargayDescarga;Línea;3;15,00;LABORABLES DE 9 A 14 H Y DE 16,30 A 20 H EXCEPTO CARGA Y DESCARGA;-3.7447327;40.3857065;NUESTRA SEÑORA DE FATIMA, AVENIDA, DE, Nº 19
436721,4100000000;4470804,1400000000;42044;11  CARABANCHEL;11-04 VISTA ALEGRE;NUESTRA SEÑORA DE FATIMA, AVENIDA, DE;22;CargayDescarga;Línea;2;14,00;LABORABLES DE 8 A 17 H. EXCEPTO CARGA Y DESCARGA;-3.745522;40.3854281;NUESTRA SEÑORA DE FATIMA, AVENIDA, DE, Nº 22
436503,0400000000;4470404,5000000000;40141;11  CARABANCHEL;11-04 VISTA ALEGRE;NUESTRA SEÑORA DE FATIMA, AVENIDA, DE;73;CargayDescarga;Línea;3;15,00;;-3.7480548;40.3818113;NUESTRA SEÑORA DE FATIMA, AVENIDA, DE, Nº 73
436496,0700000000;4470313,0600000000;41358;11  CARABANCHEL;11-04 VISTA ALEGRE;NUESTRA SEÑORA DE FATIMA, AVENIDA, DE;79;CargayDescarga;Línea;3;15,00;Laborables de 8 a 14h y de 16,30 a 19h. Excepto Carga y Descarga;-3.7481277;40.380987;NUESTRA SEÑORA DE FATIMA, AVENIDA, DE, Nº 79
436976,5000000000;4470525,2600000000;40296;11  CARABANCHEL;11-04 VISTA ALEGRE;NUESTRA SEÑORA DE LA LUZ, CALLE, DE;8;CargayDescarga;Línea;3;15,00;;-3.7424893;40.3829351;NUESTRA SEÑORA DE LA LUZ, CALLE, DE, Nº 8
437352,2900000000;4471458,8400000000;38342;11  CARABANCHEL;11-04 VISTA ALEGRE;NUESTRA SEÑORA DE VALVANERA, AVENIDA, DE;97;CargayDescarga;Línea;3;15,00;;-3.7381543;40.3913736;NUESTRA SEÑORA DE VALVANERA, AVENIDA, DE, Nº 97
436892,8900000000;4471111,3800000000;38336;11  CARABANCHEL;11-04 VISTA ALEGRE;OCA, CALLE, DE LA;102;CargayDescarga;Línea;4;20,00;LABORABLES DE 9 A 14 H.Y DE 16,30 A 20 H. EXCEPTOCARGA Y DESCARGA;-3.7435323;40.3882088;OCA, CALLE, DE LA, Nº 102
437568,1000000000;4471268,6800000000;38622;11  CARABANCHEL;11-04 VISTA ALEGRE;OCA, CALLE, DE LA;27;CargayDescarga;Línea;3;15,00;;-3.735593;40.3896767;OCA, CALLE, DE LA, Nº 27
437430,8200000000;4471245,8300000000;38342;11  CARABANCHEL;11-04 VISTA ALEGRE;OCA, CALLE, DE LA;50;CargayDescarga;Línea;3;15,00;LABOR. DE 9 A 14 H. Y DE 16,30 A 20 H.EXCEPTO CARGA Y DESCARGA;-3.7372081;40.3894606;OCA, CALLE, DE LA, Nº 50
437246,0500000000;4471188,2200000000;38342;11  CARABANCHEL;11-04 VISTA ALEGRE;OCA, CALLE, DE LA;65;CargayDescarga;Línea;3;15,00;LAB. DE 9 A 14 H. Y DE 16,30 A 20 H.EXCEPTO CARGA Y DESCARGA;-3.7393793;40.3889277;OCA, CALLE, DE LA, Nº 65
437286,6600000000;4471209,5900000000;38342;11  CARABANCHEL;11-04 VISTA ALEGRE;OCA, CALLE, DE LA;66;CargayDescarga;Línea;3;15,00;LAB. DE 9 A 14 H. Y DE 16,30 A 20 H.EXCEPTO CARGA Y DESCARGA;-3.7389029;40.3891233;OCA, CALLE, DE LA, Nº 66
437144,3200000000;4471163,4900000000;43761;11  CARABANCHEL;11-04 VISTA ALEGRE;OCA, CALLE, DE LA;73;CargayDescarga;Línea;1;7,00;LABOR. DE 9 A 14 H. Y DE 16,30 A 20 H. EXCEPTO  CARGA Y DESCARGA ;-3.7405753;40.3886973;OCA, CALLE, DE LA, Nº 73
437064,1600000000;4471153,8200000000;38336;11  CARABANCHEL;11-04 VISTA ALEGRE;OCA, CALLE, DE LA;84;CargayDescarga;Línea;2;13,00;LABORABLES DE 8 A 14 H. Y DE 16,30 A 19 H. EXCEPTO CARGA Y DESCARGA;-3.7415188;40.3886041;OCA, CALLE, DE LA, Nº 84
437174,9300000000;4471105,9800000000;38342;11  CARABANCHEL;11-04 VISTA ALEGRE;PINZON, CALLE, DEL;40;CargayDescarga;Línea;3;15,00;LABOR. DE 9 A 14 H. Y DE 16,30 A 20 H.EXCEPTO  CARGA Y DESCARGA;-3.740209;40.3881815;PINZON, CALLE, DEL, Nº 40
437423,4000000000;4470967,7400000000;38344;11  CARABANCHEL;11-04 VISTA ALEGRE;RAMON SAINZ, CALLE, DE;17;CargayDescarga;Línea;4;20,00;LAB. DE 9 A 14 H Y DE 16,30 A 20 H. EXCEPTO CARGA Y DESCARGA;-3.7372682;40.3869549;RAMON SAINZ, CALLE, DE, Nº 17
437518,4400000000;4470872,7500000000;40301;11  CARABANCHEL;11-04 VISTA ALEGRE;RAMON SAINZ, CALLE, DE;3;CargayDescarga;Línea;3;15,00;;-3.7361392;40.3861063;RAMON SAINZ, CALLE, DE, Nº 3
436919,4300000000;4470440,8300000000;40296;11  CARABANCHEL;11-04 VISTA ALEGRE;REINOSA, CALLE, DE;6;CargayDescarga;Línea;3;15,00;;-3.7431533;40.3821702;REINOSA, CALLE, DE, Nº 6
437086,9900000000;4471299,0800000000;38336;11  CARABANCHEL;11-04 VISTA ALEGRE;TUCAN, CALLE, DEL;25;CargayDescarga;Línea;3;17,40;LABORABLES DE 9 A 14 H.Y DE 16,30 A 20 H. EXCEPTO CARGA Y DESCARGA EN LINEA;-3.7412642;40.3899144;TUCAN, CALLE, DEL, Nº 25
437046,0400000000;4471298,3100000000;35745;11  CARABANCHEL;11-04 VISTA ALEGRE;TUCAN, CALLE, DEL;29;CargayDescarga;Línea;8;41,70;LABORABLES DE 09 A 20 H. EXCEPTO CARGA Y DESCARGA;-3.7417465;40.3899043;TUCAN, CALLE, DEL, Nº 29
437308,6000000000;4470948,3100000000;39759;11  CARABANCHEL;11-04 VISTA ALEGRE;UTEBO, CALLE, DE;1;CargayDescarga;Línea;7;40,00;;-3.7386187;40.3867712;UTEBO, CALLE, DE, Nº 1
437049,2500000000;4471559,2100000000;39008;11  CARABANCHEL;11-04 VISTA ALEGRE;VIA CARPETANA, CALLE;145;CargayDescarga;Línea;3;18,00;LABORABLES DE 8 A 14 Y DE 16,30 A 19 H. EXCEPTO CARGA Y DESCARGA;-3.7417345;40.3922549;VIA CARPETANA, CALLE, Nº 145
436988,3900000000;4471493,3200000000;44246;11  CARABANCHEL;11-04 VISTA ALEGRE;VIA CARPETANA, CALLE;153;CargayDescarga;Línea;3;15,00;LABORABLES DE 8 A 14:30 H. EXCEPTO CARGA Y DESCARGA;-3.742445;40.3916567;VIA CARPETANA, CALLE, Nº 153
436909,1600000000;4471372,9600000000;38496;11  CARABANCHEL;11-04 VISTA ALEGRE;VIA CARPETANA, CALLE;173;CargayDescarga;Línea;2;13,90;;-3.7433666;40.3905665;VIA CARPETANA, CALLE, Nº 173
437742,4800000000;4470980,2400000000;40296;11  CARABANCHEL;11-05 PUERTA BONITA;ALEJANDRO MORAN, CALLE, DE;1;CargayDescarga;Línea;3;15,00;LAB. DE 8 A 14 H Y DE 16,30 A 19 H. EXCEPTO CARGA Y DESCARGA ;-3.7335104;40.3870914;ALEJANDRO MORAN, CALLE, DE, Nº 1
437991,5200000000;4470598,5300000000;38343;11  CARABANCHEL;11-05 PUERTA BONITA;ALVAREZ ABELLAN, CALLE, DE;28;CargayDescarga;Línea;3;16,00;LABORABLES DE 9 A 12 H Y DE 16 A 18 HEXCEPTO CARGA Y DESCARGA;-3.7305393;40.3836713;ALVAREZ ABELLAN, CALLE, DE, Nº 28
437058,1900000000;4470315,4400000000;41688;11  CARABANCHEL;11-05 PUERTA BONITA;ANTONIO ANTORANZ, CALLE, DE;26;CargayDescarga;Batería;3;9,00;LABORABLES DE 9 A 14 H. Y DE 16,30 A 20 H. EXCEPTO CARGA Y DESCARGA EN LINEA;-3.7415063;40.3810511;ANTONIO ANTORANZ, CALLE, DE, Nº 26
438018,4700000000;4470640,6300000000;38343;11  CARABANCHEL;11-05 PUERTA BONITA;AVEFRIA, CALLE, DEL;7;CargayDescarga;Línea;1;4,00;Lab. de 9 a 20 h.excepto: CARGA Y DESCARGA;-3.7302259;40.3840526;AVEFRIA, CALLE, DEL, Nº 7
438053,9300000000;4470520,8800000000;42756;11  CARABANCHEL;11-05 PUERTA BONITA;CAMINO VIEJO DE LEGANES, CALLE, DEL;122;CargayDescarga;Línea;1;8,00;LABORABLES DE 8 A 17 H. EXCEPTO CARGA Y DESCARGA;-3.7297965;40.3829765;CAMINO VIEJO DE LEGANES, CALLE, DEL, Nº 122
436536,0500000000;4469846,5100000000;44249;11  CARABANCHEL;11-05 PUERTA BONITA;CASTELLANOS, PASEO, DE LOS;15;CargayDescarga;Línea;4;21,40;LABORABLES DE 8 A 15 H. EXCEPTO CARGA Y DESCARGA;-3.7476103;40.3767872;CASTELLANOS, PASEO, DE LOS, Nº 15
436600,7200000000;4469798,1700000000;35633;11  CARABANCHEL;11-05 PUERTA BONITA;CASTELLANOS, PASEO, DE LOS;20;CargayDescarga;Línea;3;15,00;LABORABLES DE 8 A 14 H. Y DE 16,30 A 20 H.EXCEPTO CARGA Y DESCARGA;-3.7468438;40.3763567;CASTELLANOS, PASEO, DE LOS, Nº 20
436590,2400000000;4469889,2300000000;38348;11  CARABANCHEL;11-05 PUERTA BONITA;FEDERICO GRASES, CALLE, DE;18;CargayDescarga;Línea;3;18,00;LABORABLES DE 8 A 20 HORAS EXCEPTO CARGA Y DESCARGA MÁXIMO 15 MINUTOS;-3.7469763;40.3771762;FEDERICO GRASES, CALLE, DE, Nº 18
436681,2000000000;4469832,2100000000;38615;11  CARABANCHEL;11-05 PUERTA BONITA;FEDERICO GRASES, CALLE, DE;32;CargayDescarga;Línea;3;15,00;;-3.7458992;40.3766694;FEDERICO GRASES, CALLE, DE, Nº 32
438033,1700000000;4470857,2200000000;43227;11  CARABANCHEL;11-05 PUERTA BONITA;FRANCISCO GUZMAN, CALLE, DE;5;CargayDescarga;Línea;2;12,00;LABORABLES DE 8 A 17 HORAS EXCEPTO CARGA Y DESCARGA;-3.7300738;40.3860048;FRANCISCO GUZMAN, CALLE, DE, Nº 5
437095,3600000000;4470555,9200000000;38650;11  CARABANCHEL;11-05 PUERTA BONITA;FRANCISCO ROMERO, CALLE, DE;Fte 15;CargayDescarga;Línea;2;9,00;LUNES DE 10:00 A 12:00 H.Y JUEVES DE 14:00 A 16:00 H.EXCEPTO CARGA Y DESCARGA;-3.7410922;40.3832203;FRANCISCO ROMERO, CALLE, DE, Nº Fte 15
438024,7100000000;4470610,7600000000;38343;11  CARABANCHEL;11-05 PUERTA BONITA;JILGUERO, CALLE, DEL;2;CargayDescarga;Línea;3;17,00;;-3.7301495;40.383784;JILGUERO, CALLE, DEL, Nº 2
437874,9400000000;4470533,2800000000;38502;11  CARABANCHEL;11-05 PUERTA BONITA;JULIO ANTONIO, CALLE, DE;25;CargayDescarga;Línea;3;15,00;LAB. DE 9 A 14 H. Y DE 16 A 18 H.EXCEPTO CARGA Y DESCARGA;-3.7319063;40.3830748;JULIO ANTONIO, CALLE, DE, Nº 25
437999,4800000000;4470512,7300000000;38344;11  CARABANCHEL;11-05 PUERTA BONITA;JULIO ANTONIO, CALLE, DE;5;CargayDescarga;Línea;3;16,00;LAB. DE 9 A 14 H. Y DE 16,30 A 20 H.EXCEPTO CARGA Y DESCARGA;-3.7304372;40.382899;JULIO ANTONIO, CALLE, DE, Nº 5
438152,6600000000;4470922,9900000000;43231;11  CARABANCHEL;11-05 PUERTA BONITA;OPORTO, AVENIDA, DE;63;CargayDescarga;Línea;1;14,00;LABORABLES DE 8 A 14 H. EXCEPTO CARGA Y DESCARGA;-3.7286725;40.3866062;OPORTO, AVENIDA, DE, Nº 63
437964,9200000000;4471032,6800000000;40395;11  CARABANCHEL;11-05 PUERTA BONITA;OPORTO, AVENIDA, DE;85;CargayDescarga;Línea;3;16,00;;-3.7308949;40.3875804;OPORTO, AVENIDA, DE, Nº 85
437833,2300000000;4471054,6300000000;42859;11  CARABANCHEL;11-05 PUERTA BONITA;PARRA, CALLE, DE LA;48;CargayDescarga;Línea;1;15,00;LABORABLES DE 8 A 17 H. EXCEPTO CARGA Y DESCARGA;-3.7324485;40.3877683;PARRA, CALLE, DE LA, Nº 48
437975,9000000000;4470634,6900000000;43873;11  CARABANCHEL;11-05 PUERTA BONITA;TARIFA, PLAZA, DE;5;CargayDescarga;Línea;2;7,00;LABORABLES DE 8 A 14.30 EXCEPTO CARGA Y DESCARGA;-3.7307268;40.3839959;TARIFA, PLAZA, DE, Nº 5
436728,0600000000;4469108,5300000000;39205;11  CARABANCHEL;11-06 BUENAVISTA;AGUACATE, CALLE, DEL;29;CargayDescarga;Línea;3;15,00;LABORABLES DE 8 A 14 H. Y DE 16,30 A 19 H. EXCEPTO CARGA Y DESCARGA;-3.7452754;40.3701537;AGUACATE, CALLE, DEL, Nº 29
435969,0400000000;4468959,7500000000;42025;11  CARABANCHEL;11-06 BUENAVISTA;ALFREDO ALEIX, CALLE, DE;10;CargayDescarga;Línea;3;15,00;LABORABLES DE LUNES A VIERNES DE 8 A 15 H. EXCEPTO CARGA Y DESCARGA;-3.7542001;40.3687555;ALFREDO ALEIX, CALLE, DE, Nº 10
436065,8300000000;4469181,8600000000;42704;11  CARABANCHEL;11-06 BUENAVISTA;CARABANCHEL ALTO, AVENIDA, DE;56;CargayDescarga;Batería;1;3,50;Laborables 8 a 14h y de 16.30 a 19 h. Excepto Carga y Descarga;-3.7530824;40.3707638;CARABANCHEL ALTO, AVENIDA, DE, Nº 56
436325,2400000000;4469474,5500000000;38350;11  CARABANCHEL;11-06 BUENAVISTA;DUQUESA DE TAMAMES, CALLE, DE LA;2;CargayDescarga;Línea;2;10,00;lab. de 9 a 20 h. excepto: [CARGA Y DESCARGA];-3.7500563;40.3734203;DUQUESA DE TAMAMES, CALLE, DE LA, Nº 2
435947,5000000000;4468555,6200000000;39840;11  CARABANCHEL;11-06 BUENAVISTA;ENRIQUE MARTINEZ, CALLE, DE;3;CargayDescarga;Línea;3;15,00;LABORABLES DE 8 A 14 H. Y DE 16,30 A 19 H. EXCEPTO CARGA Y DESCARGA;-3.7544132;40.3651133;ENRIQUE MARTINEZ, CALLE, DE, Nº 3
436234,8500000000;4469531,7100000000;40360;11  CARABANCHEL;11-06 BUENAVISTA;EUGENIA DE MONTIJO, CALLE, DE;107;CargayDescarga;Línea;2;10,00;;-3.7511267;40.3739284;EUGENIA DE MONTIJO, CALLE, DE, Nº 107
436258,3800000000;4469619,3900000000;38349;11  CARABANCHEL;11-06 BUENAVISTA;EUGENIA DE MONTIJO, CALLE, DE;93;CargayDescarga;Línea;4;22,00;LABORABLES DE 9 A 20 H. EXCEPTO CARGA Y DESCARGA ;-3.7508583;40.37472;EUGENIA DE MONTIJO, CALLE, DE, Nº 93
435755,1800000000;4468952,9300000000;35480;11  CARABANCHEL;11-06 BUENAVISTA;GOMEZ DE ARTECHE, CALLE, DE;39;CargayDescarga;Línea;3;15,00;laborables de 9 a 14 h. y de 16,30 a 20 h.excepto carga y descarga;-3.7567182;40.3686776;GOMEZ DE ARTECHE, CALLE, DE, Nº 39
436019,4700000000;4469348,5900000000;41719;11  CARABANCHEL;11-06 BUENAVISTA;JOAQUIN TURINA, CALLE, DE;38;CargayDescarga;Línea;3;15,00;LABORABLES DE 7 A 21 H. EXCEPTO CARGA Y DESCARGA;-3.7536452;40.3722622;JOAQUIN TURINA, CALLE, DE, Nº 38
435638,3100000000;4469469,5300000000;1;11  CARABANCHEL;11-06 BUENAVISTA;JOSE CABRERA, CALLE, DE;8;CargayDescarga;Línea;3;14,00;lab. de 9 a 20 h.excepto: [CARGA Y DESCARGA];-3.7581468;40.3733224;JOSE CABRERA, CALLE, DE, Nº 8
435677,5800000000;4469571,7500000000;34744;11  CARABANCHEL;11-06 BUENAVISTA;MASCARAQUE, CALLE, DE;15;CargayDescarga;Línea;3;15,00;lab. de 9 a 14 h. y de 16,30 a 20 h.excepto: CARGA Y DESCARGA;-3.7576946;40.3742462;MASCARAQUE, CALLE, DE, Nº 15
435512,2100000000;4468861,3000000000;42950;11  CARABANCHEL;11-06 BUENAVISTA;RUFINO REJON, CALLE, DE;12;CargayDescarga;Línea;1;8,00;LABORABLES DE 9 A 14 H. Y DE 16:30 A 19 H. EXCEPTO CARGA Y DESCARGA;-3.7595706;40.3678334;RUFINO REJON, CALLE, DE, Nº 12
435637,8900000000;4468121,9300000000;42039;11  CARABANCHEL;11-06 BUENAVISTA;SALVADOR ALLENDE, CALLE, DE;34 B;CargayDescarga;Línea;3;15,00;LABORABLES DE 8 A 17 H EXCEPTO CARGA Y DESCARGA;-3.7580158;40.3611826;SALVADOR ALLENDE, CALLE, DE, Nº 34 B
437011,2400000000;4469339,4200000000;41471;11  CARABANCHEL;11-06 BUENAVISTA;SECOYA, CALLE, DE LA;5;CargayDescarga;Línea;3;15,00;Laborables de 8 a 14 horas y de 16,30 a 19 horas Excepto Carga y Descarga;-3.7419629;40.3722552;SECOYA, CALLE, DE LA, Nº 5
437227,7400000000;4468573,1800000000;43420;11  CARABANCHEL;11-06 BUENAVISTA;TRESETA, CALLE, DE LA;7;CargayDescarga;Línea;2;15,00;LABORABLES DE 8 A 17 H. EXCEPTO CARGA Y DESCARGA;-3.7393374;40.3653688;TRESETA, CALLE, DE LA, Nº 7
437977,1600000000;4470309,2900000000;38344;11  CARABANCHEL;11-07 ABRANTES;ALFONSO MARTINEZ CONDE, CALLE, DE;1;CargayDescarga;Línea;3;16,00;lab. de 9 a 20 h. excepto: [CARGA Y DESCARGA] ;-3.7306803;40.3810646;ALFONSO MARTINEZ CONDE, CALLE, DE, Nº 1
438140,0200000000;4470661,4900000000;38343;11  CARABANCHEL;11-07 ABRANTES;CAMINO VIEJO DE LEGANES, CALLE, DEL;137;CargayDescarga;Línea;3;17,00;LABORABLES DE 9 A 14 H. Y DE 16,30 A 20 H. EXCEPTO CARGA Y DESCARGA;-3.728796;40.3842495;CAMINO VIEJO DE LEGANES, CALLE, DEL, Nº 137
437943,6100000000;4470331,6400000000;40360;11  CARABANCHEL;11-07 ABRANTES;CAMINO VIEJO DE LEGANES, CALLE, DEL;144;CargayDescarga;Línea;3;13,20;LAB. DE 9 A 14 H. Y DE 16,30 A 20 H. EXCEPTO CARGA Y DESCARGA;-3.7310777;40.3812635;CAMINO VIEJO DE LEGANES, CALLE, DEL, Nº 144
437916,3800000000;4470286,5000000000;41358;11  CARABANCHEL;11-07 ABRANTES;CAMINO VIEJO DE LEGANES, CALLE, DEL;150;CargayDescarga;Línea;2;10,00;LABORABLES DE 8 A 14 H. EXCEPTO CARGA Y DESCARGA;-3.7313941;40.3808548;CAMINO VIEJO DE LEGANES, CALLE, DEL, Nº 150
437811,5400000000;4470107,1200000000;38344;11  CARABANCHEL;11-07 ABRANTES;CAMINO VIEJO DE LEGANES, CALLE, DEL;S/N;CargayDescarga;Línea;2;12,00;Lab. de 9 a 20 h.excepto: CARGA Y DESCARGA;-3.7326116;40.3792311;CAMINO VIEJO DE LEGANES, CALLE, DEL, Nº S/N
438222,0500000000;4469470,1300000000;39160;11  CARABANCHEL;11-07 ABRANTES;CARRANQUE, CALLE, DE;1;CargayDescarga;Línea;3;15,00;;-3.7277142;40.3735233;CARRANQUE, CALLE, DE, Nº 1
438207,6100000000;4470438,5600000000;42586;11  CARABANCHEL;11-07 ABRANTES;CHIMBO, CALLE, DEL;21;CargayDescarga;Línea;1;15,00;DE LUNES A VIERNES DE 9 A 14 H. EXCEPTO CARGA Y DESCARGA;-3.7279782;40.3822463;CHIMBO, CALLE, DEL, Nº 21
438224,5500000000;4470761,7200000000;40968;11  CARABANCHEL;11-07 ABRANTES;FRANCISCO DE ICAZA, CALLE, DE;13;CargayDescarga;Línea;3;15,00;;-3.7278099;40.3851587;FRANCISCO DE ICAZA, CALLE, DE, Nº 13
438264,7100000000;4470465,4500000000;38344;11  CARABANCHEL;11-07 ABRANTES;LUIS DOMINGO, CALLE, DE;12;CargayDescarga;Línea;3;19,00;LABORABLES DE 10 A 14 H Y DE 17 A 20 HEXCEPTO CARGA Y DESCARGA;-3.7273081;40.3824928;LUIS DOMINGO, CALLE, DE, Nº 12
438156,6400000000;4470519,2200000000;41509;11  CARABANCHEL;11-07 ABRANTES;MINEROS, CALLE, DE LOS;7;CargayDescarga;Línea;1;9,00;Lab. De 8 a 14 h. y de 16.30 a 19 h. Excepto: CARGA Y DESCARGA;-3.7285864;40.3829691;MINEROS, CALLE, DE LOS, Nº 7
438664,8600000000;4470765,2900000000;35951;11  CARABANCHEL;11-07 ABRANTES;OPORTO, AVENIDA, DE;17;CargayDescarga;Línea;3;15,10;LAB. DE 9 A 14 H. Y DE 16,30 A 20 H.EXCEPTO CARGA Y DESCARGA;-3.7226231;40.3852234;OPORTO, AVENIDA, DE, Nº 17
438329,4900000000;4470834,0800000000;38343;11  CARABANCHEL;11-07 ABRANTES;OPORTO, AVENIDA, DE;41;CargayDescarga;Línea;2;13,00;LABORABLES DE 9 A 14 H. Y DE 16,30 A 20 H. EXCEPTO CARGA Y DESCARGA;-3.7265807;40.3858184;OPORTO, AVENIDA, DE, Nº 41
438267,4600000000;4470858,4000000000;40753;11  CARABANCHEL;11-07 ABRANTES;OPORTO, AVENIDA, DE;49;CargayDescarga;Línea;4;21,40;Lab. de 9 a 20 h.excepto: CARGA Y DESCARGA;-3.7273138;40.3860328;OPORTO, AVENIDA, DE, Nº 49
437995,5200000000;4470386,7500000000;38344;11  CARABANCHEL;11-07 ABRANTES;PAPAGAYO, CALLE, DEL;4;CargayDescarga;Línea;3;16,00;EXCEPTO CARGA Y DESCARGA Y RECOGIDA DE BASURAS;-3.7304716;40.3817638;PAPAGAYO, CALLE, DEL, Nº 4
438207,6100000000;4470595,9500000000;1;11  CARABANCHEL;11-07 ABRANTES;PELICANO, CALLE, DEL;22;CargayDescarga;Línea;3;18,90;LABORABLES DE 9 A 12 H Y DE 16 A 18 HEXCEPTO CARGA Y DESCARGA;-3.7279934;40.3836641;PELICANO, CALLE, DEL, Nº 22
438151,3800000000;4470595,2200000000;43896;11  CARABANCHEL;11-07 ABRANTES;PELICANO, CALLE, DEL;34;CargayDescarga;Línea;2;20,00;LABORABLES DE 8 A 14 H.Y DE 16,30 A 19 H. EXCEPTOCARGA Y DESCARGA;-3.7286558;40.3836534;PELICANO, CALLE, DEL, Nº 34
438124,5200000000;4470586,2200000000;41311;11  CARABANCHEL;11-07 ABRANTES;PELICANO, CALLE, DEL;35;CargayDescarga;Línea;3;18,00;LABORABLES DE 9 A 14 H.Y DE 16,30 A 20 H. EXCEPTOCARGA Y DESCARGA;-3.7289713;40.3835703;PELICANO, CALLE, DEL, Nº 35
438335,0600000000;4470737,4300000000;40308;11  CARABANCHEL;11-07 ABRANTES;SAN VICENTE DE PAUL, PLAZA, DE;2;CargayDescarga;Línea;3;15,00;LABORABLES DE 8 A 14 H. Y DE 16,30 A 19 H. EXCEPTO CARGA Y DESCARGA ;-3.7265057;40.3849481;SAN VICENTE DE PAUL, PLAZA, DE, Nº 2
438490,1400000000;4470567,5100000000;41691;11  CARABANCHEL;11-07 ABRANTES;SETUBAL, PLAZA, DE;S/N;CargayDescarga;Batería;6;12,00;LABORABLES DE 9 A 14 H. Y DE 16,30 A 20 H. EXCEPTO CARGA Y DESCARGA;-3.7246624;40.3834288;SETUBAL, PLAZA, DE, Nº S/N
438065,4000000000;4469848,3400000000;42171;11  CARABANCHEL;11-07 ABRANTES;VIA LUSITANA, CALLE;S/N;CargayDescarga;Línea;3;15,00;EXCEPTO CARGA Y DESCARGA DE CISTERNAS DE AGUA RECICLADA;-3.729596;40.3769187;VIA LUSITANA, CALLE, Nº S/N
439737,1100000000;4469029,1600000000;1;12  USERA;12-01 ORCASITAS;GRAN AVENIDA, CALLE;5;CargayDescarga;Línea;3;15,20;LABORABLES DE 8 A 14 H. Y DE 16,30 A19 H.  EXCEPTO CARGA Y DESCARGA;-3.7098271;40.3696617;GRAN AVENIDA, CALLE, Nº 5
439721,4400000000;4468993,8700000000;38362;12  USERA;12-01 ORCASITAS;GRAN AVENIDA, CALLE;8;CargayDescarga;Línea;2;10,00;lab. de 9 a 20 h. excepto: [CARGA Y DESCARGA];-3.7100084;40.3693427;GRAN AVENIDA, CALLE, Nº 8
439349,0000000000;4469072,3600000000;39416;12  USERA;12-01 ORCASITAS;LEIZA, CALLE, DE;10;CargayDescarga;Línea;6;32,50;LABORABLES DE 8,00 A 14,00 H. Y DE 16,30 A 19,00 H.EXCEPTO CARGA Y DESCARGA EN LINEA;-3.7144024;40.3700227;LEIZA, CALLE, DE, Nº 10
440986,5000000000;4469212,5900000000;41851;12  USERA;12-02 ORCASUR;ANDALUCIA, AVENIDA, DE;S/N;CargayDescarga;Línea;3;18,00;LABORABLES DE 8:00 A 17 :00 HEXCEPTO CARGA Y DESCARGA;-3.6951288;40.3714035;ANDALUCIA, AVENIDA, DE, Nº S/N
440966,4900000000;4469159,8900000000;40360;12  USERA;12-02 ORCASUR;POBLADOS, AVENIDA, DE LOS;189;CargayDescarga;Línea;2;15,00;LABORABLES DE 8 A 17 H EXCEPTO CARGA Y DESCARGA;-3.6953596;40.3709274;POBLADOS, AVENIDA, DE LOS, Nº 189
441345,8800000000;4469220,8300000000;43374;12  USERA;12-03 SAN FERMÍN;BARRANCA, CALLE, DE;22;CargayDescarga;Línea;1;7,00;LABORABLES DE 8:00 A 10:30 H Y DE 17:00 A 18:30 H EXCEPTO VEHÍCULOS AUTORIZADOS DEL CENTRO DE MAYORES SAN FERMÍN;-3.6908966;40.3715031;BARRANCA, CALLE, DE, Nº 22
441361,7000000000;4469400,3200000000;38390;12  USERA;12-03 SAN FERMÍN;ELIZONDO, CALLE, DE;20;CargayDescarga;Línea;4;20,00;LABORABLES DE 8 A 11 H.EXCEPTO CARGA Y DESCARGA;-3.6907268;40.3731212;ELIZONDO, CALLE, DE, Nº 20
441449,6500000000;4469559,9900000000;38357;12  USERA;12-03 SAN FERMÍN;GIRALDA, CALLE, DE LA;17;CargayDescarga;Línea;1;8,00;LABORABLES DE 8 A 14 H. EXCEPTO CARGA Y DESCARGA;-3.6897056;40.3745658;GIRALDA, CALLE, DE LA, Nº 17
441165,2000000000;4469450,2600000000;37711;12  USERA;12-03 SAN FERMÍN;MEZQUITA, CALLE, DE LA;2;CargayDescarga;Línea;2;10,00;DIAS LECTIVOS DE 7,30 A 17,30 H.EXCEPTO CARGA Y DESCARGA;-3.6930459;40.3735572;MEZQUITA, CALLE, DE LA, Nº 2
441435,1300000000;4469460,6600000000;38729;12  USERA;12-03 SAN FERMÍN;MEZQUITA, CALLE, DE LA;28;CargayDescarga;Línea;3;15,10;LABORABLES DE 8 A 14 H. Y DE 16,30 A 19 H. EXCEPTO CARGA Y DESCARGA;-3.6898675;40.3736699;MEZQUITA, CALLE, DE LA, Nº 28
441261,3500000000;4469374,0600000000;38364;12  USERA;12-03 SAN FERMÍN;TACONERA, CALLE, DE;18;CargayDescarga;Línea;3;14,50;LAB. DE 8 A 14 H. EXCEPTO CARGA Y DESCARGA;-3.6919064;40.3728776;TACONERA, CALLE, DE, Nº 18
440570,1100000000;4470757,9800000000;36833;12  USERA;12-04 ALMENDRALES;ALMENDRALES, CALLE, DE LOS;34;CargayDescarga;Línea;3;15,00;LABORABLES DE 9 A 14 H Y DE 16.30 A 20 HEXCEPTO CARGA Y DESCARGA;-3.7001773;40.3852956;ALMENDRALES, CALLE, DE LOS, Nº 34
440263,6500000000;4470675,9000000000;41183;12  USERA;12-04 ALMENDRALES;AMOR HERMOSO, CALLE, DEL;52;CargayDescarga;Línea;2;10,00;De lunes a viernes de 9 a 14 horas excepto carga y descarga;-3.7037799;40.3845343;AMOR HERMOSO, CALLE, DEL, Nº 52
440501,3600000000;4470829,1600000000;38362;12  USERA;12-04 ALMENDRALES;ANTONIO SALVADOR, CALLE, DE;27;CargayDescarga;Línea;3;15,00;lab. de 9 a 14 h. y de 16,30 a 20 h.excepto: CARGA Y DESCARGA;-3.7009938;40.385932;ANTONIO SALVADOR, CALLE, DE, Nº 27
440335,3000000000;4470740,3000000000;1;12  USERA;12-04 ALMENDRALES;ANTONIO SALVADOR, CALLE, DE;56;CargayDescarga;Línea;2;10,00;lab. de 9 a 20 h.excepto: CARGA Y DESCARGA;-3.7029418;40.3851196;ANTONIO SALVADOR, CALLE, DE, Nº 56
440179,5300000000;4470712,7500000000;36431;12  USERA;12-04 ALMENDRALES;ANTONIO SALVADOR, CALLE, DE;81;CargayDescarga;Línea;3;15,00;LABORABLES DE 9 A 14 H Y DE 16.30 A 20 HEXCEPTO CARGA Y DESCARGA;-3.7047743;40.3848602;ANTONIO SALVADOR, CALLE, DE, Nº 81
440239,8600000000;4470303,8700000000;40351;12  USERA;12-04 ALMENDRALES;ANTONIO VELASCO ZAZO, CALLE, DE;7;CargayDescarga;Línea;3;24,00;LABORABLES DE 8 A 14 H.  Y DE 16,30 A 19 H.  EXCEPTO. CARGA Y DESCARGA;-3.7040253;40.3811812;ANTONIO VELASCO ZAZO, CALLE, DE, Nº 7
440837,1300000000;4470290,7200000000;40585;12  USERA;12-04 ALMENDRALES;CORDOBA, AVENIDA, DE;31;CargayDescarga;Línea;3;15,00;LABORABLES E 8 A 14 Y DE 16,30 A 19H. EXCEPTO CARGA Y DESCARGA;-3.6969882;40.3811053;CORDOBA, AVENIDA, DE, Nº 31
440513,2300000000;4470367,1200000000;42353;12  USERA;12-04 ALMENDRALES;CRISTO DE LA VICTORIA, CALLE, DEL;15;CargayDescarga;Batería;6;15,10;LAB. DE 8 A 17 H EXCEPTO CARGA Y DESCARGA;-3.7008109;40.3817705;CRISTO DE LA VICTORIA, CALLE, DEL, Nº 15
440274,5100000000;4470414,2200000000;38365;12  USERA;12-04 ALMENDRALES;FRANCISCO RUIZ, CALLE, DE;9;CargayDescarga;Línea;5;34,00;LABORABLES DE 8 A 14 H.Y DE 16,30 A 20 H. EXCEPTOCARGA Y DESCARGA;-3.7036274;40.3821777;FRANCISCO RUIZ, CALLE, DE, Nº 9
440490,8500000000;4470891,0100000000;1;12  USERA;12-04 ALMENDRALES;JESUS DEL GRAN PODER, CALLE, DE;42;CargayDescarga;Línea;5;28,10;LABORABLES DE 07 A 20 HEXCEPTO CARGA Y DESCARGA;-3.7011234;40.3864884;JESUS DEL GRAN PODER, CALLE, DE, Nº 42
440508,7700000000;4470870,3000000000;36258;12  USERA;12-04 ALMENDRALES;JESUS DEL GRAN PODER, CALLE, DE;Fte 39;CargayDescarga;Línea;5;26,00;LABORABLES DE 07 A 20 HEXCEPTO CARGA Y DESCARGA;-3.7009104;40.3863031;JESUS DEL GRAN PODER, CALLE, DE, Nº Fte 39
440513,5300000000;4470950,2100000000;38362;12  USERA;12-04 ALMENDRALES;MONEDEROS, CALLE, DE LOS;36;CargayDescarga;Línea;2;10,00;LAB. DE 9 A 14 H Y DE 16.30 A 20 HEXCEPTO CARGA Y DESCARGA;-3.7008618;40.3870233;MONEDEROS, CALLE, DE LOS, Nº 36
440139,0900000000;4470523,4000000000;40214;12  USERA;12-04 ALMENDRALES;NICOLAS USERA, CALLE, DE;75;CargayDescarga;Línea;3;17,00;LABORABLES DE 8 A 14 HY DE 16.30 A 19 H EXCEPTOCARGA Y DESCARGA;-3.705233;40.3831516;NICOLAS USERA, CALLE, DE, Nº 75
440305,3300000000;4470832,0900000000;35564;12  USERA;12-04 ALMENDRALES;PILARICA, CALLE, DE LA;25;CargayDescarga;Línea;3;15,00;lab. de 9 a 20 h.excepto: CARGA Y DESCARGA;-3.7033035;40.3859443;PILARICA, CALLE, DE LA, Nº 25
440325,4200000000;4470533,6400000000;38699;12  USERA;12-04 ALMENDRALES;PILARICA, CALLE, DE LA;70;CargayDescarga;Línea;3;15,00;LABORABLES DE 8 A 14 H Y DE 16.30 A 19 H EXCEPTO CARGA Y DESCARGA;-3.7030389;40.3832572;PILARICA, CALLE, DE LA, Nº 70
440196,0900000000;4470816,6000000000;1;12  USERA;12-04 ALMENDRALES;RAMON LUJAN, CALLE, DE;26;CargayDescarga;Línea;3;15,00;lab. de 9 a 20 h.excepto: CARGA Y DESCARGA;-3.704589;40.385797;RAMON LUJAN, CALLE, DE, Nº 26
440469,3600000000;4470840,4100000000;1;12  USERA;12-04 ALMENDRALES;SAN ANTONIO DE PADUA, CALLE, DE;29;CargayDescarga;Línea;2;12,00;lab. de 9 a 20 h.excepto: CARGA Y DESCARGA;-3.7013719;40.386031;SAN ANTONIO DE PADUA, CALLE, DE, Nº 29
440601,0100000000;4470805,9600000000;35480;12  USERA;12-04 ALMENDRALES;SEQUEROS, CALLE, DE;6;CargayDescarga;Línea;2;13,80;lab. de 9 a 14 h. y de 16,30 a 20 h.excepto: CARGA Y DESCARGA;-3.6998177;40.3857301;SEQUEROS, CALLE, DE, Nº 6
440240,7700000000;4470861,7500000000;38362;12  USERA;12-05 MOSCARDÓ;AMOR HERMOSO, CALLE, DEL;26;CargayDescarga;Línea;2;12,00;LAB. DE 9 A 14 H Y DE 16.30 A 20 HEXCEPTO CARGA Y DESCARGA;-3.7040669;40.3862069;AMOR HERMOSO, CALLE, DEL, Nº 26
440195,8800000000;4470978,4100000000;38362;12  USERA;12-05 MOSCARDÓ;AMPARO USERA, CALLE, DE;33;CargayDescarga;Línea;2;13,00;LABORABLES DE 9 A 14 H Y DE 16.30 A 20 HEXCEPTO CARGA Y DESCARGA;-3.7046067;40.3872546;AMPARO USERA, CALLE, DE, Nº 33
440542,9300000000;4471199,5100000000;43201;12  USERA;12-05 MOSCARDÓ;ANTONIO LOPEZ, CALLE, DE;117;CargayDescarga;Línea;1;7,00;LAB. DE 8 A 14:30 H EXCEPTO CARGA Y DESCARGA;-3.7005387;40.3892712;ANTONIO LOPEZ, CALLE, DE, Nº 117
440588,9900000000;4471147,1600000000;40563;12  USERA;12-05 MOSCARDÓ;ANTONIO LOPEZ, CALLE, DE;131;CargayDescarga;Línea;3;15,00;LAB. DE 8 A 14 H. Y DE 16,30 A 19 H. EXCEPTO CARGA Y DESCARGA ;-3.6999911;40.3888029;ANTONIO LOPEZ, CALLE, DE, Nº 131
440339,2300000000;4471398,4300000000;43024;12  USERA;12-05 MOSCARDÓ;ANTONIO LOPEZ, CALLE, DE;138;CargayDescarga;Línea;2;15,00;LAB. DE 8 A 18 H EXCEPTO CARGA Y DESCARGA;-3.7029572;40.3910487;ANTONIO LOPEZ, CALLE, DE, Nº 138
440367,5700000000;4471365,4200000000;42877;12  USERA;12-05 MOSCARDÓ;ANTONIO LOPEZ, CALLE, DE;142;CargayDescarga;Línea;1;7,00;LAB. DE 8 A 17 H EXCEPTO CARGA Y DESCARGA;-3.7026202;40.3907533;ANTONIO LOPEZ, CALLE, DE, Nº 142
440339,9200000000;4471331,8600000000;38351;12  USERA;12-05 MOSCARDÓ;ANTONIO LOPEZ, CALLE, DE;144;CargayDescarga;Batería;3;8,00;lab. de 8 a 14h. y de 16,30 a 19h. excepto: carga y descarga                ;-3.7029428;40.390449;ANTONIO LOPEZ, CALLE, DE, Nº 144
440524,3600000000;4471185,5100000000;42583;12  USERA;12-05 MOSCARDÓ;ANTONIO LOPEZ, CALLE, DE;162;CargayDescarga;Línea;2;15,00;lab. de 8 a 14h. y de 16,30 a 19h. excepto: carga y descarga;-3.7007562;40.3891438;ANTONIO LOPEZ, CALLE, DE, Nº 162
440263,3600000000;4471518,6300000000;42163;12  USERA;12-05 MOSCARDÓ;ANTONIO LOPEZ, CALLE, DE;99;CargayDescarga;Línea;2;15,00;LABORABLES DE 8 A 17 EXCEPTO CARGA Y DESCARGA;-3.7038623;40.392126;ANTONIO LOPEZ, CALLE, DE, Nº 99
439582,4600000000;4470864,0400000000;38362;12  USERA;12-05 MOSCARDÓ;ENRIQUE FUENTES, CALLE, DE;16;CargayDescarga;Línea;3;17,00;Lab. de 9 a 14 h. y de 16,30 a 20 h.excepto: CARGA Y DESCARGA;-3.7118225;40.3861801;ENRIQUE FUENTES, CALLE, DE, Nº 16
440416,3400000000;4471526,2200000000;43010;12  USERA;12-05 MOSCARDÓ;EUGENIO CAXES, CALLE, DE;1;CargayDescarga;Línea;2;12,00;LABORABLES DE 8 A 14 H. Y DE 16,30 A 19 H. EXCEPTO CARGA Y DESCARGA ;-3.7020607;40.3922054;EUGENIO CAXES, CALLE, DE, Nº 1
440340,1600000000;4471474,1200000000;43496;12  USERA;12-05 MOSCARDÓ;EUGENIO CAXES, CALLE, DE;14;CargayDescarga;Línea;2;12,00;LABORABLES DE 8 A 14 H Y DE 16:30 A 19 H EXCEPTO CARGA Y DESCARGA EN LÍNEA;-3.7029533;40.3917306;EUGENIO CAXES, CALLE, DE, Nº 14
440133,7900000000;4470952,7200000000;42844;12  USERA;12-05 MOSCARDÓ;FERROVIARIOS, CALLE, DE LOS;1;CargayDescarga;Línea;2;13,00;LABORABLES DE 9:00 A 14:00 H Y DE 16:00 A 19:00 H EXCEPTO CARGA Y DESCARGA;-3.7053357;40.3870187;FERROVIARIOS, CALLE, DE LOS, Nº 1
439997,0500000000;4470829,1200000000;41754;12  USERA;12-05 MOSCARDÓ;GABINO JIMENO, CALLE, DE;18;CargayDescarga;Línea;2;10,00;LABORABLES DE 8:00 A 17:00 EXCEPTO CARGA Y DESCARGA.;-3.706935;40.3858954;GABINO JIMENO, CALLE, DE, Nº 18
439838,5600000000;4470808,8900000000;38623;12  USERA;12-05 MOSCARDÓ;GABRIEL USERA, CALLE, DE;21;CargayDescarga;Línea;3;15,00;laborables de 8 a 14 h.y de 16,30 a 19 h. excepto:[CARGA YDESCARGA];-3.7088003;40.3857018;GABRIEL USERA, CALLE, DE, Nº 21
439828,6700000000;4470889,4600000000;38882;12  USERA;12-05 MOSCARDÓ;GABRIEL USERA, CALLE, DE;7;CargayDescarga;Línea;2;11,70;lab. de 9 a 20 h.excepto: CARGA Y DESCARGA;-3.7089244;40.3864269;GABRIEL USERA, CALLE, DE, Nº 7
440502,8600000000;4471125,4600000000;43434;12  USERA;12-05 MOSCARDÓ;HERMENEGILDO BIELSA, CALLE, DE;23;CargayDescarga;Línea;2;13,00;LAB. DE 8 A 14 H Y DE 16:30 A 19 H EXCEPTO CARGA Y DESCARGA;-3.7010038;40.3886013;HERMENEGILDO BIELSA, CALLE, DE, Nº 23
440366,0200000000;4471074,1000000000;44229;12  USERA;12-05 MOSCARDÓ;JESUS DEL GRAN PODER, CALLE, DE;11;CargayDescarga;Línea;3;16,00;LAB. DE 8 A 17 H. EXCEPTO CARGA Y DESCARGA;-3.7026112;40.3881288;JESUS DEL GRAN PODER, CALLE, DE, Nº 11
439542,3800000000;4470901,2700000000;36264;12  USERA;12-05 MOSCARDÓ;JUAN ESPAÑOL, CALLE, DE;71;CargayDescarga;Batería;8;20,00;Lab. de 9 a 14 h. y de 16,30 a 20 h.excepto: CARGA Y DESCARGA;-3.7122983;40.3865125;JUAN ESPAÑOL, CALLE, DE, Nº 71
439696,7000000000;4470788,2700000000;38384;12  USERA;12-05 MOSCARDÓ;MADRIDEJOS, CALLE, DE;16;CargayDescarga;Línea;3;15,00;laborables de 9 a 14 h. y de 16,30 a 20 h. excepto: [CARGA Y DESCARGA];-3.7104695;40.3855058;MADRIDEJOS, CALLE, DE, Nº 16
439518,0200000000;4470978,4300000000;41855;12  USERA;12-05 MOSCARDÓ;MANUEL NOYA, CALLE, DE;12;CargayDescarga;Línea;3;15,00;laborables de 8:00 a 17:00  excepto carga y descarga.;-3.7125926;40.3872059;MANUEL NOYA, CALLE, DE, Nº 12
440387,6700000000;4471599,7700000000;39956;12  USERA;12-05 MOSCARDÓ;MANZANARES, AVENIDA, DEL;198;CargayDescarga;Línea;2;11,00;LABORABLES DE 8 A 14 H. Y DE 16,30 A 19 H.EXCEPTO CARGA Y DESCARGA ;-3.7024053;40.3928659;MANZANARES, AVENIDA, DEL, Nº 198
440586,7100000000;4471300,1400000000;39956;12  USERA;12-05 MOSCARDÓ;MANZANARES, AVENIDA, DEL;212;CargayDescarga;Línea;3;14,10;lab. de 8 a 14h. y de 16,30 a 19h. excepto: carga y descarga;-3.7000323;40.3901809;MANZANARES, AVENIDA, DEL, Nº 212
440650,0300000000;4471194,6200000000;42829;12  USERA;12-05 MOSCARDÓ;MANZANARES, AVENIDA, DEL;218;CargayDescarga;Línea;2;17,00;LAB. DE 8 A 14 H. Y DE 16,30 A 19 H. EXCEPTO CARGA Y DESCARGA ;-3.6992764;40.3892348;MANZANARES, AVENIDA, DEL, Nº 218
439778,0100000000;4470783,9500000000;42044;12  USERA;12-05 MOSCARDÓ;MARCELO USERA, CALLE, DE;118;CargayDescarga;Línea;1;12,00;LABORABLES DE 8 A 17 EXCEPTO CARGA Y DESCARGA ;-3.7095112;40.3854727;MARCELO USERA, CALLE, DE, Nº 118
439652,0000000000;4470765,8900000000;40585;12  USERA;12-05 MOSCARDÓ;MARCELO USERA, CALLE, DE;136;CargayDescarga;Línea;3;15,00;LAB. DE 8 A 14 H. Y DE 16,30 A 19 H.  EXCEPTO CARGA Y DESCARGA;-3.710994;40.3853009;MARCELO USERA, CALLE, DE, Nº 136
440163,8100000000;4470837,7300000000;40879;12  USERA;12-05 MOSCARDÓ;MARCELO USERA, CALLE, DE;70;CargayDescarga;Línea;3;15,00;LABORABLES DE 8 A 14 HORAS Y DE 16,30 A 19 HORAS.  EXCEPTO CARGA Y DESCARGA;-3.7049713;40.385985;MARCELO USERA, CALLE, DE, Nº 70
439928,9600000000;4470805,0100000000;35566;12  USERA;12-05 MOSCARDÓ;MARCELO USERA, CALLE, DE;96;CargayDescarga;Línea;3;15,00;LABORABLES DE 9 A 14 H Y DE 16.30 A 20 HEXCEPTO CARGA Y DESCARGA;-3.7077349;40.3856733;MARCELO USERA, CALLE, DE, Nº 96
440034,8700000000;4470880,4800000000;1;12  USERA;12-05 MOSCARDÓ;NICOLAS SANCHEZ, CALLE, DE;12;CargayDescarga;Línea;2;13,00;LABORABLES DE 09 A 20 HEXCEPTO CARGA Y DESCARGA;-3.7064943;40.3863608;NICOLAS SANCHEZ, CALLE, DE, Nº 12
440020,7000000000;4470951,1200000000;1;12  USERA;12-05 MOSCARDÓ;NICOLAS SANCHEZ, CALLE, DE;2;CargayDescarga;Línea;3;15,00;LABORABLES DE 8 A 14 HY DE 16.30 A 19 H EXCEPTOCARGA Y DESCARGA;-3.7066679;40.3869962;NICOLAS SANCHEZ, CALLE, DE, Nº 2
440091,1000000000;4470841,8700000000;38362;12  USERA;12-05 MOSCARDÓ;NICOLAS USERA, CALLE, DE;22;CargayDescarga;Línea;2;10,00;LAB. DE 9 A 14 H Y DE 16.30 A 20 HEXCEPTO CARGA Y DESCARGA;-3.7058282;40.3860171;NICOLAS USERA, CALLE, DE, Nº 22
440022,6400000000;4471005,5500000000;38362;12  USERA;12-05 MOSCARDÓ;NICOLAS USERA, CALLE, DE;S/N;CargayDescarga;Línea;4;24,00;Lab. de 9 a 14 h. y de 16,30 a 20 h.excepto: CARGA Y DESCARGA;-3.7066502;40.3874867;NICOLAS USERA, CALLE, DE, Nº S/N
440328,5800000000;4471000,3800000000;43034;12  USERA;12-05 MOSCARDÓ;OLVIDO, CALLE, DEL;2;CargayDescarga;Línea;2;15,00;LAB. DE 9:00 A 15:00 H EXCEPTO CARGA Y DESCARGA;-3.7030454;40.387462;OLVIDO, CALLE, DEL, Nº 2
440343,2400000000;4470878,9900000000;38623;12  USERA;12-05 MOSCARDÓ;OLVIDO, CALLE, DEL;26;CargayDescarga;Línea;3;15,00;LAB. DE 9 A 14 H Y DE 16.30 A 20 HEXCEPTO CARGA Y DESCARGA;-3.7028613;40.3863696;OLVIDO, CALLE, DEL, Nº 26
440294,1400000000;4470872,1100000000;35570;12  USERA;12-05 MOSCARDÓ;PILARICA, CALLE, DE LA;16;CargayDescarga;Línea;3;15,00;LABORABLES DE 9 A 14 H Y DE 16.30 A 20 HEXCEPTO CARGA Y DESCARGA;-3.7034391;40.3863041;PILARICA, CALLE, DE LA, Nº 16
440509,0200000000;4471265,5800000000;43427;12  USERA;12-05 MOSCARDÓ;SAN ZACARIAS, CALLE, DE;2;CargayDescarga;Línea;3;15,00;LABORABLES DE 9 A 14 Y DE 16 A 19 EXCEPTO CARGA  Y DESCARGA;-3.7009444;40.389864;SAN ZACARIAS, CALLE, DE, Nº 2
440245,6200000000;4471402,9000000000;41360;12  USERA;12-05 MOSCARDÓ;VALLANDES, CALLE, DE;5;CargayDescarga;Línea;4;20,00;Laborables de 8 a 14 h y de 16,30 h a 19 h.;-3.7040605;40.3910822;VALLANDES, CALLE, DE, Nº 5
439191,8500000000;4470352,6600000000;42537;12  USERA;12-06 ZOFÍO;CERRO BLANCO, CALLE, DEL;16;CargayDescarga;Línea;2;15,00;DE LUNES A VIERNES DE 9:00 A 12:00  H EXCEPTO  CARGA Y DESCARGA;-3.7163755;40.3815449;CERRO BLANCO, CALLE, DEL, Nº 16
439466,9900000000;4470224,3900000000;38362;12  USERA;12-06 ZOFÍO;CERRO DE LOS ANGELES, AVENIDA, DEL;6;CargayDescarga;Línea;2;9,10;laborables de 8 a 14 h. excepto carga y descarga ;-3.7131221;40.3804094;CERRO DE LOS ANGELES, AVENIDA, DEL, Nº 6
439603,2900000000;4470473,1100000000;39829;12  USERA;12-06 ZOFÍO;FORNILLOS, CALLE, DE;58;CargayDescarga;Línea;3;14,50;laborables de 8 a 14 h. y de 16,30 a 19 h. excepto carga y descarga ;-3.7115401;40.3826599;FORNILLOS, CALLE, DE, Nº 58
439389,2500000000;4470326,7800000000;38362;12  USERA;12-06 ZOFÍO;JUAN ZOFIO, CALLE, DE;30;CargayDescarga;Línea;2;12,90;LABORABLES DE 9 A 20H.  EXCEPTO CARGA Y DESCARGA;-3.7140476;40.3813261;JUAN ZOFIO, CALLE, DE, Nº 30
439594,5800000000;4470187,9700000000;42986;12  USERA;12-06 ZOFÍO;MARINA VEGA, CALLE, DE;72;CargayDescarga;Línea;2;10,00;LABORABLES DE  LUNES A VIERNES DE 9 A 15 H  EXCEPTO CARGA Y DESCARGA ;-3.7116157;40.3800905;MARINA VEGA, CALLE, DE, Nº 72
439620,1400000000;4470412,9400000000;40515;12  USERA;12-06 ZOFÍO;RAFAELA YBARRA, AVENIDA, DE;16;CargayDescarga;Línea;2;12,70;laborables de 8 a 14 h. y de 16,30 a 19 h. excepto carga y descarga ;-3.7113359;40.382119;RAFAELA YBARRA, AVENIDA, DE, Nº 16
439620,1000000000;4470301,7400000000;41373;12  USERA;12-06 ZOFÍO;RAFAELA YBARRA, AVENIDA, DE;32;CargayDescarga;Línea;3;16,34;Laborables de 9 a 14 h. y de 16,30 a 20 h.Excepto Carga y Descarga;-3.7113258;40.3811173;RAFAELA YBARRA, AVENIDA, DE, Nº 32
439571,3900000000;4470037,4900000000;43113;12  USERA;12-06 ZOFÍO;RAFAELA YBARRA, AVENIDA, DE;S/N;CargayDescarga;Línea;1;7,00;LAB. DE 8.00 A 17.00 H EXCEPTO CARGA Y DESCARGA;-3.7118746;40.3787333;RAFAELA YBARRA, AVENIDA, DE, Nº S/N
439434,9500000000;4470291,2300000000;38320;12  USERA;12-06 ZOFÍO;SILVIO ABAD, CALLE, DE;49;CargayDescarga;Batería;12;30,00;Lab de 8 a 20h excepto: CARGA Y DESCARGA;-3.7135059;40.3810092;SILVIO ABAD, CALLE, DE, Nº 49
440180,8300000000;4470155,2700000000;37365;12  USERA;12-07 PRADOLONGO;CRISTO DE LA VICTORIA, CALLE, DEL;106;CargayDescarga;Línea;2;9,00;LABORABLES DE 8 A 14 H.  Y DE 16,30 A 19 H.  EXCEPTO. CARGA Y DESCARGA;-3.7047067;40.3798383;CRISTO DE LA VICTORIA, CALLE, DEL, Nº 106
440279,3000000000;4470209,6600000000;37368;12  USERA;12-07 PRADOLONGO;CRISTO DE LA VICTORIA, CALLE, DEL;49;CargayDescarga;Línea;3;17,80;LABORABLES DE 8 A 14 H. EXCEPTO CARGA Y DESCARGA ;-3.7035518;40.3803353;CRISTO DE LA VICTORIA, CALLE, DEL, Nº 49
440289,9900000000;4470231,3000000000;38877;12  USERA;12-07 PRADOLONGO;CRISTO DE LA VICTORIA, CALLE, DEL;92;CargayDescarga;Línea;2;11,80;LABORABLES DE 8 A 14 H. EXCEPTO CARGA Y DESCARGA ;-3.7034279;40.380531;CRISTO DE LA VICTORIA, CALLE, DEL, Nº 92
439869,0200000000;4470525,6500000000;40414;12  USERA;12-07 PRADOLONGO;GABRIEL USERA, CALLE, DE;68;CargayDescarga;Línea;2;11,00;Lab. de 9 a 20 h.excepto: CARGA Y DESCARGA;-3.7084147;40.3831524;GABRIEL USERA, CALLE, DE, Nº 68
439923,8900000000;4470543,5100000000;35132;12  USERA;12-07 PRADOLONGO;ISABELITA USERA, CALLE, DE;33;CargayDescarga;Línea;3;15,00;LABORABLES DE 9 A 14 H Y DE 16.30 A 20 HEXCEPTO CARGA Y DESCARGA;-3.70777;40.3833172;ISABELITA USERA, CALLE, DE, Nº 33
439940,2900000000;4470363,4200000000;37173;12  USERA;12-07 PRADOLONGO;ISABELITA USERA, CALLE, DE;58;CargayDescarga;Línea;2;10,10;LABORABLES DE 8 A 14 H. EXCEPTO CARGA Y DESCARGA;-3.7075598;40.3816961;ISABELITA USERA, CALLE, DE, Nº 58
439967,4700000000;4470212,4100000000;38365;12  USERA;12-07 PRADOLONGO;ISABELITA USERA, CALLE, DE;73;CargayDescarga;Línea;2;10,00;LABORABLES DE 8 A 14 H.  Y DE 16,30 A 19 H.  EXCEPTO. CARGA Y DESCARGA;-3.7072254;40.3803377;ISABELITA USERA, CALLE, DE, Nº 73
439718,1800000000;4470748,2900000000;35640;12  USERA;12-07 PRADOLONGO;MADRIDEJOS, CALLE, DE;20;CargayDescarga;Línea;3;15,00;Laborables de 9 a 14 h. y de 16,30 a 20 h.excepto: CARGA Y DESCARGA;-3.7102127;40.3851471;MADRIDEJOS, CALLE, DE, Nº 20
440026,9600000000;4470475,8200000000;41449;12  USERA;12-07 PRADOLONGO;MARIANO USERA, CALLE, DE;3;CargayDescarga;Línea;2;10,00;Laborables de 9 a 21 horas Excepto Carga y Descarga;-3.7065494;40.3827149;MARIANO USERA, CALLE, DE, Nº 3
439712,3000000000;4470554,6000000000;43089;12  USERA;12-07 PRADOLONGO;MARIANO VELA, CALLE, DE;47;CargayDescarga;Línea;2;15,00;Laborables 8:00 a 14:00h y de 16.30 a 19:00 h. Excepto Carga y Descarga;-3.7102636;40.3834019;MARIANO VELA, CALLE, DE, Nº 47
439724,8800000000;4470505,8900000000;38362;12  USERA;12-07 PRADOLONGO;MARIANO VELA, CALLE, DE;54;CargayDescarga;Línea;2;10,00;lab. de 9 a 20 h.excepto: CARGA Y DESCARGA;-3.7101108;40.382964;MARIANO VELA, CALLE, DE, Nº 54
440045,5100000000;4470336,2400000000;38365;12  USERA;12-07 PRADOLONGO;MIRAMADRID, CALLE, DE;8;CargayDescarga;Línea;2;13,00;LABORABLES DE 8 A 14 H. EXCEPTO CARGA Y DESCARGA;-3.7063177;40.3814588;MIRAMADRID, CALLE, DE, Nº 8
440046,7300000000;4470794,4600000000;39419;12  USERA;12-07 PRADOLONGO;NICOLAS SANCHEZ, CALLE, DE;22;CargayDescarga;Línea;2;10,00;lab. de 9 a 20 h.excepto: CARGA Y DESCARGA;-3.7063465;40.3855868;NICOLAS SANCHEZ, CALLE, DE, Nº 22
440057,9300000000;4470706,4300000000;1;12  USERA;12-07 PRADOLONGO;NICOLAS SANCHEZ, CALLE, DE;36;CargayDescarga;Línea;3;15,00;lab. de 9 a 20 h.excepto: CARGA Y DESCARGA;-3.7062063;40.3847946;NICOLAS SANCHEZ, CALLE, DE, Nº 36
440077,0100000000;4470557,8100000000;41432;12  USERA;12-07 PRADOLONGO;NICOLAS SANCHEZ, CALLE, DE;58;CargayDescarga;Línea;2;10,00;LAB. DE 8 A 14 H Y DE 16:30 A 19 H EXCEPTO CARGA Y DESCARGA;-3.7059675;40.3834571;NICOLAS SANCHEZ, CALLE, DE, Nº 58
439983,0300000000;4470755,7300000000;39662;12  USERA;12-07 PRADOLONGO;ORTIZ CAMPOS, CALLE, DE;8;CargayDescarga;Línea;3;15,00;LABORABLES DE 8 A 14 H Y DE 16.30 A 19 H EXCEPTO CARGA Y DESCARGA;-3.7070933;40.3852333;ORTIZ CAMPOS, CALLE, DE, Nº 8
439819,2600000000;4470518,6400000000;1;12  USERA;12-07 PRADOLONGO;PERPETUA DIAZ, CALLE, DE;39;CargayDescarga;Línea;2;11,00;Lab. de 9 a 14 h. y de 16,30 a 20 h.excepto: CARGA Y DESCARGA;-3.7090002;40.3830857;PERPETUA DIAZ, CALLE, DE, Nº 39
439620,1700000000;4470667,7800000000;38362;12  USERA;12-07 PRADOLONGO;RAFAELA YBARRA, AVENIDA, DE;11;CargayDescarga;Línea;4;25,10;laborables de 8 a 14 h. y de 16,30 a 19 h. excepto: [CARGA Y DESCARGA] ;-3.7113597;40.3844148;RAFAELA YBARRA, AVENIDA, DE, Nº 11
439631,4900000000;4470550,3900000000;41612;12  USERA;12-07 PRADOLONGO;RAFAELA YBARRA, AVENIDA, DE;33;CargayDescarga;Línea;3;18,50;DÍAS LABORABLES DE 8 A 17 H;-3.7112152;40.3833581;RAFAELA YBARRA, AVENIDA, DE, Nº 33
439632,1700000000;4470740,0400000000;38362;12  USERA;12-07 PRADOLONGO;RODRIGO UHAGON, CALLE, DE;2;CargayDescarga;Línea;2;12,00;laborables de 8 a 14 h.y de 16,30 a 19 h .excepto:[CARGA YDESCARGA];-3.7112252;40.3850666;RODRIGO UHAGON, CALLE, DE, Nº 2
443257,2400000000;4469901,6700000000;36986;13  PUENTE DE VALLECAS;13-01 ENTREVÍAS;BENAMEJI, CALLE, DE;27;CargayDescarga;Línea;6;30,00;LAB.DE 8 A 14 H. Y DE 16,30 A 19 H. EXCEPTO CARGA Y DESCARGA ;-3.6684445;40.3777688;BENAMEJI, CALLE, DE, Nº 27
443193,1100000000;4469933,7900000000;44005;13  PUENTE DE VALLECAS;13-01 ENTREVÍAS;CAMPIÑA, CALLE, DE LA;20;CargayDescarga;Batería;2;7,50;LAB. DE 8 A 14 H EXCEPTO CARGA Y DESCARGA;-3.6692028;40.3780538;CAMPIÑA, CALLE, DE LA, Nº 20
443253,7400000000;4469875,1100000000;36986;13  PUENTE DE VALLECAS;13-01 ENTREVÍAS;CAMPIÑA, CALLE, DE LA;Fte 54;CargayDescarga;Línea;4;20,00;LAB.DE 8 A 14 H. Y DE 16,30 A 19 H. EXCEPTO CARGA Y DESCARGA;-3.6684834;40.3775293;CAMPIÑA, CALLE, DE LA, Nº Fte 54
442950,7500000000;4470673,5900000000;43062;13  PUENTE DE VALLECAS;13-01 ENTREVÍAS;CONDE RODRIGUEZ SAN PEDRO, CALLE, DEL;40;CargayDescarga;Línea;5;23,00;LABORABLES DE 7:30 A 20:00 H EXCEPTO CARGA Y DESCARGA;-3.6721239;40.3847018;CONDE RODRIGUEZ SAN PEDRO, CALLE, DEL, Nº 40
443119,6200000000;4469452,1700000000;42348;13  PUENTE DE VALLECAS;13-01 ENTREVÍAS;IBOR, CALLE, DEL;4 A;CargayDescarga;Batería;3;8,00;LABORABLES DE 8 A 14 H Y DE 16:30 A 19 H EXCEPTO CARGA Y DESCARGA;-3.6700255;40.3737101;IBOR, CALLE, DEL, Nº 4 A
442903,5700000000;4470329,8400000000;43770;13  PUENTE DE VALLECAS;13-01 ENTREVÍAS;LAGARTERA, CALLE, DE LA;21;CargayDescarga;Línea;2;10,00;LABORABLES DE LUNES A SÁBADO DE 8 A 14:30 H. EXCEPTO CARGA Y DESCARGA;-3.6726489;40.3816019;LAGARTERA, CALLE, DE LA, Nº 21
443014,0900000000;4470467,4900000000;38379;13  PUENTE DE VALLECAS;13-01 ENTREVÍAS;MIGUEL DE LA ROCA, CALLE, DE;18;CargayDescarga;Línea;3;15,00;LAB.DE 8 A 14 H. Y DE 16,30 A 19 H.EXCEPTO CARGA Y DESCARGA ;-3.6713593;40.3828495;MIGUEL DE LA ROCA, CALLE, DE, Nº 18
443214,0300000000;4469984,2000000000;44005;13  PUENTE DE VALLECAS;13-01 ENTREVÍAS;PEDROCHES, CALLE, DE;12;CargayDescarga;Línea;1;7,50;LAB. DE 8 A 14 H EXCEPTO CARGA Y DESCARGA;-3.6689608;40.3785094;PEDROCHES, CALLE, DE, Nº 12
443492,1400000000;4470048,0100000000;1;13  PUENTE DE VALLECAS;13-01 ENTREVÍAS;SERENA, CALLE, DE LA;2;CargayDescarga;Batería;3;7,00;LABORABLES DE 8 A 14 H. Y DE 16,30 A 19 H. EXCEPTO CARGA Y DESCARGA;-3.6656905;40.3791031;SERENA, CALLE, DE LA, Nº 2
443284,5600000000;4469860,8800000000;38380;13  PUENTE DE VALLECAS;13-01 ENTREVÍAS;SERENA, CALLE, DE LA;270;CargayDescarga;Línea;4;18,50;LAB.DE 8 A 14 H. Y DE16,30 A 19 H. EXCEPTOCARGA Y DESCARGA;-3.6681191;40.3774032;SERENA, CALLE, DE LA, Nº 270
442985,4000000000;4470466,4700000000;42725;13  PUENTE DE VALLECAS;13-01 ENTREVÍAS;SIERRA DE CONTRAVIESA, CALLE, DE LA;34;CargayDescarga;Línea;2;15,00;LABORABLES DE 8:00 A 17:00 H EXCEPTO CARGA Y DESCARGA EN LINEA;-3.6716972;40.3828383;SIERRA DE CONTRAVIESA, CALLE, DE LA, Nº 34
443589,5900000000;4471630,2900000000;36962;13  PUENTE DE VALLECAS;13-02 SAN DIEGO;ARROYO DEL OLIVAR, CALLE, DEL;16;CargayDescarga;Línea;3;15,10;LAB.DE 8 A 14 H. Y DE 16,30 A 19 H. EXCEPTO CARGA Y DESCARGA ;-3.6646826;40.3933638;ARROYO DEL OLIVAR, CALLE, DEL, Nº 16
443488,9100000000;4471688,5100000000;43606;13  PUENTE DE VALLECAS;13-02 SAN DIEGO;ARROYO DEL OLIVAR, CALLE, DEL;6;CargayDescarga;Batería;1;8,00;LABORABLES DE LUNES A VIERNES DE 8 A 14 H Y DE 16:30 A 19 H SÁBADOS DE 8 A 15 H EXCEPTO CARGA Y DESCARGA EN LÍNEA ;-3.665874;40.3938815;ARROYO DEL OLIVAR, CALLE, DEL, Nº 6
443416,9500000000;4471615,9700000000;40238;13  PUENTE DE VALLECAS;13-02 SAN DIEGO;CACHERO, CALLE, DEL;12;CargayDescarga;Línea;3;15,00;LAB.DE 8 A 14 H. Y DE 16,30 A 19 H. EXCEPTO CARGA Y DESCARGA;-3.6667155;40.3932231;CACHERO, CALLE, DEL, Nº 12
443527,9300000000;4470575,5900000000;39416;13  PUENTE DE VALLECAS;13-02 SAN DIEGO;CARLOS AURIOLES, CALLE, DE;1;CargayDescarga;Línea;3;15,00;LAB.DE 8 A 14 H. Y DE  16,30 A 19 H. EXCEPTO CARGA Y DESCARGA;-3.6653156;40.3838583;CARLOS AURIOLES, CALLE, DE, Nº 1
443358,5200000000;4470347,1500000000;40135;13  PUENTE DE VALLECAS;13-02 SAN DIEGO;CARLOS AURIOLES, CALLE, DE;35;CargayDescarga;Batería;2;10,80;LABORABLES DE 9 A 18 H.EXCEPTO CARGA Y DESCARGA;-3.6672911;40.3817889;CARLOS AURIOLES, CALLE, DE, Nº 35
443534,8700000000;4470942,2500000000;39192;13  PUENTE DE VALLECAS;13-02 SAN DIEGO;CARLOS MARTIN ALVAREZ, CALLE, DE;47;CargayDescarga;Línea;3;15,10;LAB.DE 8 A 14 H. Y DE  16,30 A 19 H. EXCEPTO CARGA Y DESCARGA;-3.6652664;40.3871619;CARLOS MARTIN ALVAREZ, CALLE, DE, Nº 47
443456,6400000000;4470823,8800000000;38377;13  PUENTE DE VALLECAS;13-02 SAN DIEGO;CARLOS MARTIN ALVAREZ, CALLE, DE;71;CargayDescarga;Línea;5;25,00;LAB.DE 8 A 14 H. Y DE 16,30 A 19 H. EXCEPTOCARGA Y DESCARGA;-3.6661775;40.3860902;CARLOS MARTIN ALVAREZ, CALLE, DE, Nº 71
443464,5600000000;4470854,2500000000;38860;13  PUENTE DE VALLECAS;13-02 SAN DIEGO;CARLOS MARTIN ALVAREZ, CALLE, DE;92;CargayDescarga;Línea;3;18,00;LAB.DE 8 A 14 H. Y DE  16,30 A 19 H. EXCEPTO CARGA Y DESCARGA ;-3.6660869;40.3863643;CARLOS MARTIN ALVAREZ, CALLE, DE, Nº 92
443164,5800000000;4471302,7700000000;38561;13  PUENTE DE VALLECAS;13-02 SAN DIEGO;CORRAL DE CANTOS, CALLE, DEL;10;CargayDescarga;Línea;2;10,00;EXCEPTO CARGA Y DESCARGA DE 9:00 A 18:00 H.;-3.669661;40.3903845;CORRAL DE CANTOS, CALLE, DEL, Nº 10
443385,5500000000;4470737,3900000000;38377;13  PUENTE DE VALLECAS;13-02 SAN DIEGO;DOCTOR BELLIDO, CALLE, DEL;4;CargayDescarga;Línea;6;30,00;LAB. DE 7 A 14 H Y DE 16,30 A 19 H. EXCEPTO CARGA Y DESCARGA;-3.6670073;40.3853062;DOCTOR BELLIDO, CALLE, DEL, Nº 4
443513,6200000000;4471343,3400000000;38373;13  PUENTE DE VALLECAS;13-02 SAN DIEGO;EDUARDO REQUENAS, CALLE, DE;3;CargayDescarga;Línea;4;20,00;LAB.DE 8 A 14 H. Y DE16,30 A 19 H. EXCEPTOCARGA Y DESCARGA;-3.6655523;40.3907737;EDUARDO REQUENAS, CALLE, DE, Nº 3
443127,4600000000;4471634,3800000000;42702;13  PUENTE DE VALLECAS;13-02 SAN DIEGO;FELISA MENDEZ, CALLE, DE;3;CargayDescarga;Línea;1;10,70;LAB. DE 8 A 15 H EXCEPTO CARGA Y DESCARGA;-3.6701279;40.3933693;FELISA MENDEZ, CALLE, DE, Nº 3
443435,4500000000;4470695,0800000000;38875;13  PUENTE DE VALLECAS;13-02 SAN DIEGO;IMAGEN, CALLE, DE LA;3;CargayDescarga;Línea;9;47,20;lab. de 9 a 20 h.excepto: [CARGA Y DESCARGA];-3.6664157;40.3849285;IMAGEN, CALLE, DE LA, Nº 3
443285,7700000000;4470494,1600000000;38225;13  PUENTE DE VALLECAS;13-02 SAN DIEGO;IMAGEN, CALLE, DE LA;32;CargayDescarga;Línea;3;16,00;LAB.DE 8 A 14 H. Y DE16,30 A 19 H. EXCEPTOCARGA Y DESCARGA;-3.6681612;40.3831083;IMAGEN, CALLE, DE LA, Nº 32
443402,4700000000;4470647,7200000000;38377;13  PUENTE DE VALLECAS;13-02 SAN DIEGO;IMAGEN, CALLE, DE LA;9;CargayDescarga;Línea;4;22,00;lab. de 8 a 14h.y de 16,30 a 19h.excepto: carga y              descarga;-3.6668;40.3844996;IMAGEN, CALLE, DE LA, Nº 9
443388,2500000000;4471211,5800000000;39183;13  PUENTE DE VALLECAS;13-02 SAN DIEGO;JULIA MEDIAVILLA, CALLE, DE;42;CargayDescarga;Línea;4;20,00;LAB. DE 8 A 14 H. Y DE 16,30 A 19 H. EXCEPTO CARGA Y DESCARGA;-3.6670177;40.3895782;JULIA MEDIAVILLA, CALLE, DE, Nº 42
443480,2000000000;4471901,0500000000;43229;13  PUENTE DE VALLECAS;13-02 SAN DIEGO;LOMAS DE HORCAJO, CALLE, DE LAS;4;CargayDescarga;Línea;1;9,00;LAB.DE 8 A 14 H. Y DE 16,30 A 19 H. EXCEPTO CARGA Y DESCARGA ;-3.6659955;40.3957956;LOMAS DE HORCAJO, CALLE, DE LAS, Nº 4
443313,8800000000;4471041,2300000000;38441;13  PUENTE DE VALLECAS;13-02 SAN DIEGO;MAESE NICOLAS, CALLE, DE;17;CargayDescarga;Línea;2;10,00;CARGA Y DESCARGA DE 9 A 19 H.DE LUNES A VIERNES. EXCEPTOFESTIVOS;-3.6678787;40.3880385;MAESE NICOLAS, CALLE, DE, Nº 17
443115,5500000000;4470881,5000000000;40365;13  PUENTE DE VALLECAS;13-02 SAN DIEGO;MARIANO BENLLIURE, CALLE, DE;24;CargayDescarga;Línea;2;10,00;LABORABLES DE 9 A 14 Y DE 16 A 20,30 H.EXCEPTO CARGA Y DESCARGA;-3.670201;40.3865861;MARIANO BENLLIURE, CALLE, DE, Nº 24
443361,4700000000;4471820,4000000000;36971;13  PUENTE DE VALLECAS;13-02 SAN DIEGO;MARTINEZ DE LA RIVA, CALLE, DE;11;CargayDescarga;Línea;11;58,96;EXCEPTO CARGA Y DESCARGAEN LINEALAB. DE 8 A 17 HRESTO DIAS Y HORASEN BATERIA;-3.6673873;40.395061;MARTINEZ DE LA RIVA, CALLE, DE, Nº 11
443320,8800000000;4471862,6300000000;43999;13  PUENTE DE VALLECAS;13-02 SAN DIEGO;MARTINEZ DE LA RIVA, CALLE, DE;3;CargayDescarga;Batería;;44,00;EXCEPTO CARGA Y DESCARGA EN LINEA LAB. DE 8 A 17 H RESTO DIAS Y HORAS EN BATERIA ;-3.6678693;40.3954387;MARTINEZ DE LA RIVA, CALLE, DE, Nº 3
443503,9500000000;4471458,9500000000;37179;13  PUENTE DE VALLECAS;13-02 SAN DIEGO;MARTINEZ DE LA RIVA, CALLE, DE;52;CargayDescarga;Línea;3;13,90;LAB.DE 8 A 14 H. Y DE 16,30 A 19 H. EXCEPTO CARGA Y DESCARGA;-3.6656765;40.3918145;MARTINEZ DE LA RIVA, CALLE, DE, Nº 52
443521,0700000000;4471391,0900000000;38607;13  PUENTE DE VALLECAS;13-02 SAN DIEGO;MARTINEZ DE LA RIVA, CALLE, DE;60;CargayDescarga;Línea;1;8,50;LAB.DE 8 A 14 H. Y DE 16,30 A 19 H. EXCEPTO CARGA Y DESCARGA;-3.6654687;40.3912043;MARTINEZ DE LA RIVA, CALLE, DE, Nº 60
443544,8100000000;4471300,5100000000;37179;13  PUENTE DE VALLECAS;13-02 SAN DIEGO;MARTINEZ DE LA RIVA, CALLE, DE;70;CargayDescarga;Línea;3;15,00;LAB.DE 8 A 14 H. Y DE 16,30 A 19 H. EXCEPTO CARGA Y DESCARGA ;-3.665181;40.39039;MARTINEZ DE LA RIVA, CALLE, DE, Nº 70
443556,1400000000;4471258,2700000000;38373;13  PUENTE DE VALLECAS;13-02 SAN DIEGO;MARTINEZ DE LA RIVA, CALLE, DE;72;CargayDescarga;Línea;2;9,00;LAB.DE 8 A 14 H. Y DE 16,30 A 19 H. EXCEPTO CARGA Y DESCARGA ;-3.6650438;40.3900102;MARTINEZ DE LA RIVA, CALLE, DE, Nº 72
443570,2600000000;4471202,9300000000;38979;13  PUENTE DE VALLECAS;13-02 SAN DIEGO;MARTINEZ DE LA RIVA, CALLE, DE;78;CargayDescarga;Línea;3;16,00;LAB.DE 8 A 14 H. Y DE 16,30 A 19 H. EXCEPTO CARGA Y DESCARGA ;-3.6648725;40.3895126;MARTINEZ DE LA RIVA, CALLE, DE, Nº 78
443252,7800000000;4472117,7900000000;42670;13  PUENTE DE VALLECAS;13-02 SAN DIEGO;MELQUIADES BIENCINTO, CALLE, DE;1;CargayDescarga;Línea;2;10,00;LAB. DE 8 A 14H Y DE 16:30 A 19 H EXCEPTO CARGA Y DESCARGA;-3.6686945;40.3977326;MELQUIADES BIENCINTO, CALLE, DE, Nº 1
443241,7700000000;4472103,3000000000;42670;13  PUENTE DE VALLECAS;13-02 SAN DIEGO;MELQUIADES BIENCINTO, CALLE, DE;3;CargayDescarga;Línea;2;10,00;LAB. DE 8 A 14H Y DE 16:30 A 19 H EXCEPTO CARGA Y DESCARGA;-3.6688229;40.3976014;MELQUIADES BIENCINTO, CALLE, DE, Nº 3
443300,4600000000;4472006,5800000000;36290;13  PUENTE DE VALLECAS;13-02 SAN DIEGO;MONTE IGUELDO, AVENIDA, DEL;12;CargayDescarga;Línea;1;4,20;LAB.DE 8 A 14 H. YDE 16,30 A19 H. EXCEPTOCARGA Y DESCARGA;-3.6681227;40.396734;MONTE IGUELDO, AVENIDA, DEL, Nº 12
443336,8600000000;4472063,5800000000;1;13  PUENTE DE VALLECAS;13-02 SAN DIEGO;MONTE IGUELDO, AVENIDA, DEL;2;CargayDescarga;Línea;2;10,90;LAB. DE 8 A 14H Y DE 16:30 A 19 H EXCEPTO CARGA Y DESCARGA;-3.6676989;40.39725;MONTE IGUELDO, AVENIDA, DEL, Nº 2
443259,8500000000;4471924,6900000000;37914;13  PUENTE DE VALLECAS;13-02 SAN DIEGO;MONTE IGUELDO, AVENIDA, DEL;20;CargayDescarga;Línea;2;9,00;LAB.DE 8 A 14 H. Y DE 16,30 A 19 H.EXCEPTO CARGA Y DESCARGA;-3.6685939;40.3959936;MONTE IGUELDO, AVENIDA, DEL, Nº 20
443197,0200000000;4471768,7000000000;40091;13  PUENTE DE VALLECAS;13-02 SAN DIEGO;MONTE IGUELDO, AVENIDA, DEL;42;CargayDescarga;Línea;2;9,60;LAB.DE 8 A 14 H. Y DE 16,30 A 19 H. EXCEPTO CARGA Y DESCARGA ;-3.6693203;40.394584;MONTE IGUELDO, AVENIDA, DEL, Nº 42
443181,1000000000;4471719,7200000000;40091;13  PUENTE DE VALLECAS;13-02 SAN DIEGO;MONTE IGUELDO, AVENIDA, DEL;50;CargayDescarga;Línea;1;8,00;LAB.DE 8 A 14 H. Y DE 16,30 A 19 H.EXCEPTO CARGA Y DESCARGA;-3.6695035;40.3941417;MONTE IGUELDO, AVENIDA, DEL, Nº 50
443330,9700000000;4472053,8300000000;42670;13  PUENTE DE VALLECAS;13-02 SAN DIEGO;MONTE IGUELDO, AVENIDA, DEL;6;CargayDescarga;Línea;2;10,00;LAB. DE 8 A 14H Y DE 16:30 A 19 H EXCEPTO CARGA Y DESCARGA;-3.6677675;40.3971618;MONTE IGUELDO, AVENIDA, DEL, Nº 6
443132,2400000000;4471561,7700000000;40091;13  PUENTE DE VALLECAS;13-02 SAN DIEGO;MONTE IGUELDO, AVENIDA, DEL;74;CargayDescarga;Línea;3;15,00;LAB.DE 8 A 14 H. Y DE 16,30 A 19 H.EXCEPTO CARGA Y DESCARGA;-3.6700651;40.3927155;MONTE IGUELDO, AVENIDA, DEL, Nº 74
443116,7700000000;4471510,7400000000;42661;13  PUENTE DE VALLECAS;13-02 SAN DIEGO;MONTE IGUELDO, AVENIDA, DEL;82;CargayDescarga;Línea;4;11,37;LAB.DE 8 A 14 H. Y DE 16,30 A 19 H. EXCEPTO CARGA Y DESCARGA;-3.6702428;40.3922547;MONTE IGUELDO, AVENIDA, DEL, Nº 82
443089,9300000000;4471424,4500000000;40091;13  PUENTE DE VALLECAS;13-02 SAN DIEGO;MONTE IGUELDO, AVENIDA, DEL;90;CargayDescarga;Línea;1;7,90;LAB. DE 8 A 14 H. Y DE16,30 A 19 H. EXCEPTOCARGA Y DESCARGA;-3.6705514;40.3914755;MONTE IGUELDO, AVENIDA, DEL, Nº 90
443541,5600000000;4471157,1000000000;42580;13  PUENTE DE VALLECAS;13-02 SAN DIEGO;PALOMERAS, CALLE, DE LAS;Fte 47;CargayDescarga;Línea;3;15,00;LAB.DE 8 A 14 H. Y DE 16,30 A 21 H. EXCEPTO CARGA Y DESCARGA ;-3.6652066;40.3890978;PALOMERAS, CALLE, DE LAS, Nº Fte 47
443369,0700000000;4471277,1200000000;38376;13  PUENTE DE VALLECAS;13-02 SAN DIEGO;PARROCO DON EMILIO FRANCO, CALLE, DEL;56;CargayDescarga;Línea;1;8,00;LAB. DE 8 A 14 H. Y DE16,30 A 19 H. EXCEPTOCARGA Y DESCARGA;-3.6672495;40.3901673;PARROCO DON EMILIO FRANCO, CALLE, DEL, Nº 56
443348,6400000000;4471914,7200000000;39274;13  PUENTE DE VALLECAS;13-02 SAN DIEGO;PEÑA GORBEA, CALLE, DE LA;9;CargayDescarga;Línea;2;10,60;LABORABLES DE 9 A 19 H.EXCEPTO CARGA Y DESCARGA;-3.6675469;40.3959098;PEÑA GORBEA, CALLE, DE LA, Nº 9
443021,5400000000;4471763,9600000000;37837;13  PUENTE DE VALLECAS;13-02 SAN DIEGO;PEÑA UBIÑA, CALLE, DE LA;2;CargayDescarga;Línea;2;7,99;LAB.DE 8 A 14 H. Y DE 16,30 A 19 H. EXCEPTO CARGA Y DESCARGA ;-3.6713875;40.3945294;PEÑA UBIÑA, CALLE, DE LA, Nº 2
443051,6900000000;4471870,5900000000;40360;13  PUENTE DE VALLECAS;13-02 SAN DIEGO;PEÑA UBIÑA, CALLE, DE LA;8 B;CargayDescarga;Línea;1;10,01;LAB.DE 8 A 14 H. Y DE 16,30 A 19 H. EXCEPTO CARGA Y DESCARGA;-3.6710418;40.395492;PEÑA UBIÑA, CALLE, DE LA, Nº 8 B
443211,7900000000;4472037,1500000000;38678;13  PUENTE DE VALLECAS;13-02 SAN DIEGO;PINTORA ANGELES SANTOS, CALLE, DE LA;1;CargayDescarga;Línea;2;10,40;DE 9 A 19 H. EXCEPTO CARGA Y DESACARGA;-3.6691702;40.3970034;PINTORA ANGELES SANTOS, CALLE, DE LA, Nº 1
443561,2500000000;4471118,7700000000;38623;13  PUENTE DE VALLECAS;13-02 SAN DIEGO;PUERTO DE ARLABAN, CALLE, DEL;7;CargayDescarga;Línea;2;12,00;LABORABLES DE 7:30 A 16 H.EXCEPTO CARGA Y DESCARGA;-3.6649712;40.3887539;PUERTO DE ARLABAN, CALLE, DEL, Nº 7
443235,3800000000;4470487,0700000000;41065;13  PUENTE DE VALLECAS;13-02 SAN DIEGO;PUERTO DE BALBARAN, CALLE, DEL;31;CargayDescarga;Línea;3;15,00;LABORABLES DE 8 A 14H Y DE 16 A 20H EXCEPTO CARGA Y DESCARGA;-3.6687541;40.383041;PUERTO DE BALBARAN, CALLE, DEL, Nº 31
443477,4100000000;4470751,8700000000;43580;13  PUENTE DE VALLECAS;13-02 SAN DIEGO;PUERTO DE LA BONAIGUA, CALLE, DEL;58;CargayDescarga;Línea;3;15,00;;-3.6659264;40.3854429;PUERTO DE LA BONAIGUA, CALLE, DEL, Nº 58
443371,5000000000;4470556,4000000000;41186;13  PUENTE DE VALLECAS;13-02 SAN DIEGO;PUERTO DE MORCUERA, CALLE, DEL;12;CargayDescarga;Línea;2;10,00;Lab de 8 a 14 h y de 17 a 20 h. Excepto carga y descarga;-3.6671568;40.3836748;PUERTO DE MORCUERA, CALLE, DEL, Nº 12
443620,6400000000;4471856,2600000000;42670;13  PUENTE DE VALLECAS;13-02 SAN DIEGO;PUERTO DE PAJARES, CALLE, DEL;4;CargayDescarga;Línea;5;35,00;LAB. DE 8 A 14H Y DE 16:30 A 19 H EXCEPTO CARGA Y DESCARGA;-3.6643368;40.3954016;PUERTO DE PAJARES, CALLE, DEL, Nº 4
443501,3500000000;4471830,6900000000;39153;13  PUENTE DE VALLECAS;13-02 SAN DIEGO;PUERTO DEL MONASTERIO, CALLE, DEL;1;CargayDescarga;Línea;1;8,56;LABORABLES DE 8 A 20 H.EXCEPTO CARGA Y DESCARGA;-3.6657401;40.3951632;PUERTO DEL MONASTERIO, CALLE, DEL, Nº 1
443636,4300000000;4470435,0600000000;38600;13  PUENTE DE VALLECAS;13-02 SAN DIEGO;SAN DIEGO, AVENIDA, DE;113;CargayDescarga;Línea;3;17,00;LAB. DE 8 A 14 H. Y DE 16,30 A 19 H. EXCEPTO CARGA Y DESCARGA EN LINEA;-3.664025;40.3825997;SAN DIEGO, AVENIDA, DE, Nº 113
443489,7800000000;4470673,6000000000;38377;13  PUENTE DE VALLECAS;13-02 SAN DIEGO;SAN DIEGO, AVENIDA, DE;132;CargayDescarga;Línea;2;9,66;LAB.DE 8 A 14 H. Y DE  16,30 A 19 H. EXCEPTO CARGA Y DESCARGA ;-3.6657738;40.3847387;SAN DIEGO, AVENIDA, DE, Nº 132
443578,3600000000;4470518,5400000000;43676;13  PUENTE DE VALLECAS;13-02 SAN DIEGO;SAN DIEGO, AVENIDA, DE;148;CargayDescarga;Línea;3;15,40;LABORABLES DE LUNES A VIERNES DE 8:00 A 14:00 H Y DE 16:30 A 19:00 H Y SÁBADOS DE 8:00 A 15:00 H EXCEPTO CARGA Y DESCARGA;-3.6647165;40.3833478;SAN DIEGO, AVENIDA, DE, Nº 148
443308,4900000000;4470881,9400000000;40816;13  PUENTE DE VALLECAS;13-02 SAN DIEGO;SAN DIEGO, AVENIDA, DE;63;CargayDescarga;Línea;2;10,00; 'De lunes a viernes de 8 a 16 horas de septiembre a junio excepto carga y descarga' ;-3.667928;40.3866032;SAN DIEGO, AVENIDA, DE, Nº 63
443266,3800000000;4470917,2100000000;42072;13  PUENTE DE VALLECAS;13-02 SAN DIEGO;SAN DIEGO, AVENIDA, DE;94;CargayDescarga;Línea;1;14,00;LABORABLES DE 8 A 17 H.EXCEPTO CARGA Y DESCARGA;-3.6684273;40.3869181;SAN DIEGO, AVENIDA, DE, Nº 94
443770,1800000000;4471761,9700000000;42670;13  PUENTE DE VALLECAS;13-02 SAN DIEGO;SIERRA CARBONERA, CALLE, DE LA;1;CargayDescarga;Línea;6;22,00;LAB. DE 8 A 14H Y DE 16:30 A 19 H EXCEPTO CARGA Y DESCARGA;-3.6625665;40.3945623;SIERRA CARBONERA, CALLE, DE LA, Nº 1
443188,0400000000;4471321,5300000000;43661;13  PUENTE DE VALLECAS;13-02 SAN DIEGO;SIERRA DE ALCARAZ, CALLE, DE LA;2;CargayDescarga;Línea;2;10,00;DE 9:00 A 18:00 H EXCEPTO CARGA Y DESCARGA ;-3.6693862;40.3905551;SIERRA DE ALCARAZ, CALLE, DE LA, Nº 2
443072,1700000000;4471029,6400000000;39153;13  PUENTE DE VALLECAS;13-02 SAN DIEGO;SIERRA DE LA SOLANA, CALLE, DE LA;2;CargayDescarga;Línea;2;10,00;LABORABLES DE 9 A 16 H.EXCEPTO CARGA Y DESCARGA;-3.6707253;40.3879176;SIERRA DE LA SOLANA, CALLE, DE LA, Nº 2
444198,7900000000;4471106,2300000000;38372;13  PUENTE DE VALLECAS;13-03 PALOMERAS BAJAS;ALCALA DE GUADAIRA, CALLE, DE;53;CargayDescarga;Línea;2;11,00;Lab. de 9 a 20 h.excepto: CARGA Y DESCARGA;-3.657459;40.3886838;ALCALA DE GUADAIRA, CALLE, DE, Nº 53
444167,6400000000;4471242,0900000000;34528;13  PUENTE DE VALLECAS;13-03 PALOMERAS BAJAS;ALCALA DE GUADAIRA, CALLE, DE;8;CargayDescarga;Línea;3;15,00;LABORABLES DE 9 A 14 H. Y DE 16,30 A 20 H.EXCEPTO CARGA Y DESCARGA;-3.6578379;40.3899057;ALCALA DE GUADAIRA, CALLE, DE, Nº 8
444543,5500000000;4471049,6700000000;37679;13  PUENTE DE VALLECAS;13-03 PALOMERAS BAJAS;ARROYO DEL OLIVAR, CALLE, DEL;152;CargayDescarga;Línea;3;15,00;lab. de 8 a 14 h. excepto: [CARGA Y DESCARGA];-3.6533923;40.3881973;ARROYO DEL OLIVAR, CALLE, DEL, Nº 152
443895,0200000000;4471433,8500000000;39258;13  PUENTE DE VALLECAS;13-03 PALOMERAS BAJAS;ARROYO DEL OLIVAR, CALLE, DEL;68;CargayDescarga;Línea;1;14,00;LAB.DE 8 A 14 H. Y DE 16,30 A 19 H. EXCEPTO CARGA Y DESCARGA;-3.6610667;40.3916148;ARROYO DEL OLIVAR, CALLE, DEL, Nº 68
444564,9800000000;4470247,4900000000;39191;13  PUENTE DE VALLECAS;13-03 PALOMERAS BAJAS;BUENOS AIRES, AVENIDA, DE;87;CargayDescarga;Línea;2;10,00;LABORABLES DE 8 A 14 Y DE  16,30 A 19 H. EXCEPTO  CARGA Y DESCARGA;-3.65307;40.3809722;BUENOS AIRES, AVENIDA, DE, Nº 87
443733,0400000000;4471265,0700000000;41492;13  PUENTE DE VALLECAS;13-03 PALOMERAS BAJAS;CARLOS MARTIN ALVAREZ, CALLE, DE;17;CargayDescarga;Línea;2;13,00;Laborables de 8 a 14 horas. Excepto CARGA Y DESCARGA;-3.6629602;40.3900834;CARLOS MARTIN ALVAREZ, CALLE, DE, Nº 17
443806,8600000000;4471371,4600000000;39183;13  PUENTE DE VALLECAS;13-03 PALOMERAS BAJAS;CARLOS MARTIN ALVAREZ, CALLE, DE;7;CargayDescarga;Línea;4;20,00;LABORABLES DE 8 A 18 H. EXCEPTO CARGA Y DESCARGA;-3.6620999;40.3910468;CARLOS MARTIN ALVAREZ, CALLE, DE, Nº 7
443727,1500000000;4470737,0200000000;39863;13  PUENTE DE VALLECAS;13-03 PALOMERAS BAJAS;HERMANOS TRUEBA, CALLE, DE LOS;17;CargayDescarga;Línea;2;10,00;lab. de 9 a 20 h. excepto: [CARGA Y DESCARGA];-3.662983;40.385326;HERMANOS TRUEBA, CALLE, DE LOS, Nº 17
444529,9100000000;4470929,4500000000;40252;13  PUENTE DE VALLECAS;13-03 PALOMERAS BAJAS;PALOMERAS, AVENIDA, DE LAS;101;CargayDescarga;Línea;6;33,00;LAB. DE 8 A 14 H. Y DE 16,30 A 19 H. EXCEPTO CARGA Y DESCARGA;-3.6535425;40.3871134;PALOMERAS, AVENIDA, DE LAS, Nº 101
443671,1200000000;4470030,7500000000;41103;13  PUENTE DE VALLECAS;13-03 PALOMERAS BAJAS;PUERTO DE BALBARAN, CALLE, DEL;115;CargayDescarga;Línea;3;15,00;LABORABLES DE 8 A 14 H Y DE 16.30 A 19 HORAS EXCEPTO CARGA Y DESCARGA EN LÍNEA;-3.6635806;40.3789598;PUERTO DE BALBARAN, CALLE, DEL, Nº 115
444509,2700000000;4470961,9500000000;40294;13  PUENTE DE VALLECAS;13-03 PALOMERAS BAJAS;PUERTO DE CARDOSO, CALLE, DEL;2;CargayDescarga;Línea;6;36,10;LAB. DE 8 A 14 H. Y DE 16,30 A 19 H.EXCEPTO CARGA Y DESCARGA;-3.6537885;40.3874048;PUERTO DE CARDOSO, CALLE, DEL, Nº 2
443749,5400000000;4471427,4900000000;38373;13  PUENTE DE VALLECAS;13-03 PALOMERAS BAJAS;RODRIGUEZ ESPINOSA, CALLE, DE;13;CargayDescarga;Línea;4;20,10;EXCEPTO CARGA Y DESCARGASERVICIOS PARQUE DE DESINFECCIONLABORABLES DE 8 A 15 H;-3.6627802;40.3915477;RODRIGUEZ ESPINOSA, CALLE, DE, Nº 13
443958,2500000000;4471609,1000000000;42670;13  PUENTE DE VALLECAS;13-03 PALOMERAS BAJAS;SIERRA DE CADI, CALLE, DE LA;4;CargayDescarga;Línea;3;20,00;LAB. DE 8 A 14H Y DE 16:30 A 19 H EXCEPTO CARGA Y DESCARGA;-3.6603371;40.3931978;SIERRA DE CADI, CALLE, DE LA, Nº 4
445879,0200000000;4470809,1100000000;40343;13  PUENTE DE VALLECAS;13-04 PALOMERAS SURESTE;ALBUFERA, AVENIDA, DE LA;300;CargayDescarga;Línea;3;16,97;LAB.DE 8 A 14 H. Y DE 16,30 A 19 H. EXCEPTO CARGA Y DESCARGA ;-3.6376382;40.386118;ALBUFERA, AVENIDA, DE LA, Nº 300
445927,0700000000;4471223,6500000000;1;13  PUENTE DE VALLECAS;13-04 PALOMERAS SURESTE;ANDALUCES, CALLE, DE LOS;24;CargayDescarga;Línea;2;11,00;LAB.DE 8 A 14 H. Y DE16,30 A 19 H.EXCEPTOCARGA Y DESCARGA;-3.6371073;40.3898556;ANDALUCES, CALLE, DE LOS, Nº 24
445613,9500000000;4471327,9700000000;41085;13  PUENTE DE VALLECAS;13-04 PALOMERAS SURESTE;ANTONIO MAIRENA, CALLE, DE;6;CargayDescarga;Línea;2;10,00;LABORABLES DE 8 H A 14 H EXCEPTO CARGA Y DESCARGA EN LÍNEA;-3.6408053;40.390775;ANTONIO MAIRENA, CALLE, DE, Nº 6
446893,3000000000;4470589,2300000000;39153;13  PUENTE DE VALLECAS;13-04 PALOMERAS SURESTE;ARBOLEDA, CALLE, DE LA;4;CargayDescarga;Línea;6;30,00;LABORABLES DE 8 A 20 H.EXCEPTO CARGA Y DESCARGA;-3.6256706;40.3842025;ARBOLEDA, CALLE, DE LA, Nº 4
445466,4000000000;4470541,7400000000;40689;13  PUENTE DE VALLECAS;13-04 PALOMERAS SURESTE;BENAMARGOSA, CALLE, DE;1;CargayDescarga;Línea;3;15,00;LABORABLES DE 8 A 14 H. Y DE 16,30 A 19 H. EXCEPTO CARGA Y DESCARGA;-3.6424764;40.3836825;BENAMARGOSA, CALLE, DE, Nº 1
445068,8900000000;4470559,1000000000;40238;13  PUENTE DE VALLECAS;13-04 PALOMERAS SURESTE;CAMPO DE LA PALOMA, CALLE, DEL;18 posterior;CargayDescarga;Línea;3;16,00;LABORABLES DE 8 A 15 H. EXCEPTO CARGA Y DESCARGA;-3.6471608;40.3838128;CAMPO DE LA PALOMA, CALLE, DEL, Nº 18 posterior
446764,0500000000;4471055,8700000000;38377;13  PUENTE DE VALLECAS;13-04 PALOMERAS SURESTE;CAMPUS SUR, AVENIDA, DEL;7;CargayDescarga;Línea;1;5,00;EXCEPTO CARGA Y DESCARGA;-3.6272322;40.388398;CAMPUS SUR, AVENIDA, DEL, Nº 7
446360,7400000000;4470357,7000000000;43886;13  PUENTE DE VALLECAS;13-04 PALOMERAS SURESTE;COCHERON DE LA VILLA, CALLE, DEL;17;CargayDescarga;Línea;1;7,50;LAB. DE LUNES A SÁBADO DE 8 A 14:30 H. EXCEPTO CARGA Y DESCARGA;-3.631925;40.3820826;COCHERON DE LA VILLA, CALLE, DEL, Nº 17
446453,0400000000;4470381,9300000000;43886;13  PUENTE DE VALLECAS;13-04 PALOMERAS SURESTE;COCHERON DE LA VILLA, CALLE, DEL;S/N;CargayDescarga;Línea;2;10,00;LAB. DE LUNES A SÁBADO DE 8 A 14:30 H. EXCEPTO CARGA Y DESCARGA;-3.6308397;40.3823068;COCHERON DE LA VILLA, CALLE, DEL, Nº S/N
445673,8600000000;4470882,1600000000;39272;13  PUENTE DE VALLECAS;13-04 PALOMERAS SURESTE;COIN, CALLE, DE;9;CargayDescarga;Batería;4;11,30;EXCEPTO CARGA Y DESCARGALABORABLES DE 8:00 A 20:00 H.Y DE 16:30 A 19:00 H.;-3.6400614;40.3867628;COIN, CALLE, DE, Nº 9
445796,4200000000;4470932,3600000000;38373;13  PUENTE DE VALLECAS;13-04 PALOMERAS SURESTE;LEON FELIPE, CALLE, DE;4;CargayDescarga;Línea;3;15,50;LAB.DE 9 A 14H.EXCEPTO CARGA Y DESCARGA;-3.6386218;40.387223;LEON FELIPE, CALLE, DE, Nº 4
445696,6100000000;4471069,5300000000;44266;13  PUENTE DE VALLECAS;13-04 PALOMERAS SURESTE;RAFAEL ALBERTI, AVENIDA, DE;16 A;CargayDescarga;Línea;2;10,00;LAB. DE 8 A 14 H. EXCEPTO: CARGA Y DESCARGA;-3.6398094;40.3884522;RAFAEL ALBERTI, AVENIDA, DE, Nº 16 A
445518,6500000000;4470594,1400000000;39272;13  PUENTE DE VALLECAS;13-04 PALOMERAS SURESTE;RINCON DE LA VICTORIA, CALLE, DEL;3;CargayDescarga;Línea;7;38,00;EXCEPTO CARGA Y DESCARGALABORABLES DE 8:00 A 20:00 H.Y SABADOS DE 9:00 A 14:00 H.;-3.6418653;40.384158;RINCON DE LA VICTORIA, CALLE, DEL, Nº 3
445703,3100000000;4471140,6000000000;38884;13  PUENTE DE VALLECAS;13-04 PALOMERAS SURESTE;SAN CLAUDIO, CALLE, DE;150;CargayDescarga;Línea;3;15,00;DE 9 A 14 H Y DE 16.30 A 20 HEXCEPTO CARGA Y DESCARGA;-3.6397365;40.3890929;SAN CLAUDIO, CALLE, DE, Nº 150
445665,4900000000;4470583,2000000000;39272;13  PUENTE DE VALLECAS;13-04 PALOMERAS SURESTE;TORREMOLINOS, CALLE, DE;12;CargayDescarga;Batería;6;15,00;EXCEPTO CARGA Y DESCARGALABORABLES DE 8:00 A 20:00 H.Y SABADOS DE 9:00 A 14:00 H.;-3.6401345;40.384069;TORREMOLINOS, CALLE, DE, Nº 12
445588,4600000000;4470629,2500000000;39311;13  PUENTE DE VALLECAS;13-04 PALOMERAS SURESTE;TORREMOLINOS, CALLE, DE;4;CargayDescarga;Batería;2;8,62;LABORABLES DE 9 A 19 H.EXCEPTO CARGA Y DESCARGA;-3.6410459;40.3844788;TORREMOLINOS, CALLE, DE, Nº 4
444712,6800000000;4470244,9500000000;41911;13  PUENTE DE VALLECAS;13-04 PALOMERAS SURESTE;VILLALOBOS, CALLE, DE;131;CargayDescarga;Línea;3;13,80;LAB. DE 8 A 19 H.EXCEPTO CARGA Y DESCARGA;-3.6513299;40.3809592;VILLALOBOS, CALLE, DE, Nº 131
444944,5400000000;4470338,8100000000;41911;13  PUENTE DE VALLECAS;13-04 PALOMERAS SURESTE;VILLALOBOS, CALLE, DE;18;CargayDescarga;Línea;3;15,00;LAB. DE 8 A 19 H.EXCEPTO CARGA Y DESCARGA;-3.6486067;40.3818201;VILLALOBOS, CALLE, DE, Nº 18
445079,8500000000;4471279,6800000000;38373;13  PUENTE DE VALLECAS;13-05 PORTAZGO;ALBUFERA, AVENIDA, DE LA;240;CargayDescarga;Línea;3;15,00;LAB. DE 8 A 14 H. Y DE 16,30 A 19,00 H. EXCEPTO: CARGA Y DESCARGA;-3.6470938;40.3903049;ALBUFERA, AVENIDA, DE LA, Nº 240
445189,7800000000;4471220,3600000000;38373;13  PUENTE DE VALLECAS;13-05 PORTAZGO;ALBUFERA, AVENIDA, DE LA;248;CargayDescarga;Línea;2;10,20;LAB. DE 8 A 14 H. Y DE 16,30 A 19 H. EXCEPTO CARGA Y DESCARGA ;-3.6457935;40.3897778;ALBUFERA, AVENIDA, DE LA, Nº 248
445219,5200000000;4471203,5700000000;43558;13  PUENTE DE VALLECAS;13-05 PORTAZGO;ALBUFERA, AVENIDA, DE LA;248;CargayDescarga;Línea;3;18,00;LAB. DE 8 A 14.30 H EXCEPTO CARGA Y DESCARGA;-3.6454417;40.3896285;ALBUFERA, AVENIDA, DE LA, Nº 248
444820,4800000000;4471786,9300000000;39867;13  PUENTE DE VALLECAS;13-05 PORTAZGO;BENJAMIN PALENCIA, CALLE, DE;12;CargayDescarga;Línea;3;15,00;DE 8 A 14 H. Y DE 16,30 A 19 H. EXCEPTO CARGA Y DESCARGA;-3.6501936;40.3948574;BENJAMIN PALENCIA, CALLE, DE, Nº 12
445363,6100000000;4471736,8200000000;38177;13  PUENTE DE VALLECAS;13-05 PORTAZGO;BENJAMIN PALENCIA, CALLE, DE;45;CargayDescarga;Línea;3;15,62;DE 8 A 14 H. Y DE 16,30 A 19 H.EXCEPTO CARGA Y DESCARGA;-3.6437898;40.3944418;BENJAMIN PALENCIA, CALLE, DE, Nº 45
445056,3100000000;4471222,6700000000;39615;13  PUENTE DE VALLECAS;13-05 PORTAZGO;DIEGO MANCHADO, CALLE, DE;56;CargayDescarga;Línea;2;15,00;LABORABLES DE 8 A 14H Y DE 16.30  A 19 H EXCEPTO CARGA Y DESCARGA;-3.6473662;40.3897898;DIEGO MANCHADO, CALLE, DE, Nº 56
444992,2100000000;4470965,6300000000;42691;13  PUENTE DE VALLECAS;13-05 PORTAZGO;GUILLERMO PINGARRON, CALLE, DE;7;CargayDescarga;Batería;4;10,00;LAB. DE 8:00 A 17:00 H EXCEPTO CARGA Y DESCARGA;-3.6480992;40.38747;GUILLERMO PINGARRON, CALLE, DE, Nº 7
445095,9000000000;4470747,7200000000;38876;13  PUENTE DE VALLECAS;13-05 PORTAZGO;PABLO NERUDA, AVENIDA, DE;78;CargayDescarga;Línea;3;15,00;LABORABLES DE 8 A 14 H. Y DE 16,30 A 19 H. EXCEPTO CARGA Y DESCARGA;-3.6468588;40.3855138;PABLO NERUDA, AVENIDA, DE, Nº 78
445025,8400000000;4471130,0300000000;39365;13  PUENTE DE VALLECAS;13-05 PORTAZGO;PEDRO LABORDE, CALLE, DE;15;CargayDescarga;Línea;2;10,00;LAB. DE 8,00 A 14,00 H. Y DE 16,00 A 19,00 H.EXCEPTO CARGA Y DESCARGA;-3.6477172;40.3889532;PEDRO LABORDE, CALLE, DE, Nº 15
444963,3200000000;4471026,7300000000;39052;13  PUENTE DE VALLECAS;13-05 PORTAZGO;PEDRO LABORDE, CALLE, DE;25;CargayDescarga;Línea;2;13,50;LAB. DE 8 A 14 H.Y DE 16,30 A 19,00 H.EXCEPTO: CARGA Y DESCARGA;-3.6484449;40.3880185;PEDRO LABORDE, CALLE, DE, Nº 25
445080,0200000000;4471234,2600000000;39052;13  PUENTE DE VALLECAS;13-05 PORTAZGO;PEDRO LABORDE, CALLE, DE;4;CargayDescarga;Línea;3;17,90;EXCEPTO CARGA Y DESCARGALABORABLES DE 8:00 A 14:00 H.DE 16:00 A 19:00 H.;-3.6470879;40.3898958;PEDRO LABORDE, CALLE, DE, Nº 4
444851,0100000000;4470850,0800000000;39534;13  PUENTE DE VALLECAS;13-05 PORTAZGO;PEDRO LABORDE, CALLE, DE;49;CargayDescarga;Línea;3;16,04;LABORABLES DE 8:00 A 20:00 H.EXCEPTO CARGA Y DESCARGA;-3.6497527;40.3864197;PEDRO LABORDE, CALLE, DE, Nº 49
444953,0300000000;4471137,8400000000;38373;13  PUENTE DE VALLECAS;13-05 PORTAZGO;PUERTO DE SOMIEDO, CALLE, DEL;19;CargayDescarga;Línea;5;27,00;LAB. DE 8 A 14 H. Y DE16,30 A 19 H. EXCEPTOCARGA Y DESCARGA;-3.6485757;40.3890188;PUERTO DE SOMIEDO, CALLE, DEL, Nº 19
445085,0300000000;4471157,3300000000;39052;13  PUENTE DE VALLECAS;13-05 PORTAZGO;RAMIREZ TOME, CALLE, DE;21;CargayDescarga;Línea;10;52,50;LAB. DE 8 A 14 H. Y DE 16,30 A 19 H. EXCEPTO CARGA Y DESCARGA;-3.6470222;40.3892031;RAMIREZ TOME, CALLE, DE, Nº 21
445060,0800000000;4471154,5600000000;40056;13  PUENTE DE VALLECAS;13-05 PORTAZGO;RAMIREZ TOME, CALLE, DE;Fte 21;CargayDescarga;Línea;5;25,30;LAB. DE 8 A 14 H. Y DE 16,30 A 19 H. EXCEPTO CARGA Y DESCARGA ;-3.6473159;40.3891765;RAMIREZ TOME, CALLE, DE, Nº Fte 21
443590,5600000000;4472561,9000000000;40091;13  PUENTE DE VALLECAS;13-06 NUMANCIA;ALFONSO XIII, CALLE, DE;2;CargayDescarga;Línea;2;10,00;LAB. DE 8 A 14 H. Y DE 16,30 A 19 H. EXCEPTO CARGA Y DESCARGA;-3.6647538;40.4017564;ALFONSO XIII, CALLE, DE, Nº 2
444359,4700000000;4471488,7700000000;38372;13  PUENTE DE VALLECAS;13-06 NUMANCIA;CANTALAPIEDRA, CALLE, DE;Fte 4;CargayDescarga;Línea;3;15,00;LABORABLES DE 9 A 14 H. Y DE 16,30 A 20 H.EXCEPTO CARGA Y DESCARGA;-3.6555994;40.3921407;CANTALAPIEDRA, CALLE, DE, Nº Fte 4
444235,4500000000;4471487,6500000000;43606;13  PUENTE DE VALLECAS;13-06 NUMANCIA;DOLORES FOLGUERAS, CALLE, DE;34;CargayDescarga;Línea;1;8,00;LABORABLES DE LUNES A VIERNES DE 8 A 14 H Y DE 16:30 A 19 H SÁBADOS DE 8  A 15 H EXCEPTO CARGA Y DESCARGA EN LÍNEA;-3.6570605;40.3921223;DOLORES FOLGUERAS, CALLE, DE, Nº 34
443434,9900000000;4472249,3400000000;42640;13  PUENTE DE VALLECAS;13-06 NUMANCIA;EMILIO ORTUÑO, CALLE, DE;13;CargayDescarga;Línea;2;12,00;LABORABLES DE 9:00  A 14:30  Y DE 16:00 A 20:00 H EXCEPTO CARGA Y DESCARGA;-3.6665592;40.3989301;EMILIO ORTUÑO, CALLE, DE, Nº 13
444057,3000000000;4471833,0600000000;41865;13  PUENTE DE VALLECAS;13-06 NUMANCIA;ENRIQUE VELASCO, CALLE, DE;34;CargayDescarga;Línea;2;10,00;laborables de 8:00 a 17:00 h, excepto carga y descarga.;-3.6591898;40.3952221;ENRIQUE VELASCO, CALLE, DE, Nº 34
443913,4500000000;4472695,6700000000;42537;13  PUENTE DE VALLECAS;13-06 NUMANCIA;FERNANDO GIRALDEZ, CALLE, DE;S/N;CargayDescarga;Línea;2;15,00;LAB. DE 10 A 20 H EXCEPTO CARGA Y DESCARGA;-3.6609607;40.4029833;FERNANDO GIRALDEZ, CALLE, DE, Nº S/N
443367,4200000000;4472303,1200000000;36306;13  PUENTE DE VALLECAS;13-06 NUMANCIA;FRANCISCO IGLESIAS, CALLE, DE;2;CargayDescarga;Línea;2;11,84;LAB. DE 9 A 14 H Y DE 16.30 A 20 HEXCEPTO CARGA Y DESCARGA;-3.6673601;40.39941;FRANCISCO IGLESIAS, CALLE, DE, Nº 2
443462,4000000000;4472172,1800000000;42586;13  PUENTE DE VALLECAS;13-06 NUMANCIA;JOSE CAMINS, CALLE, DE;2;CargayDescarga;Línea;2;15,00;LAB DE 8 A 17 H EXCEPTO CARGA Y DESCARGA;-3.6662293;40.3982369;JOSE CAMINS, CALLE, DE, Nº 2
444104,4400000000;4471588,4400000000;42670;13  PUENTE DE VALLECAS;13-06 NUMANCIA;JOSEFA DIAZ, CALLE, DE;3;CargayDescarga;Línea;4;23,00;LAB. DE 8 A 14H Y DE 16:30 A 19 H EXCEPTO CARGA Y DESCARGA;-3.6586129;40.3930215;JOSEFA DIAZ, CALLE, DE, Nº 3
444150,9100000000;4471636,0200000000;40203;13  PUENTE DE VALLECAS;13-06 NUMANCIA;JOSEFA DIAZ, CALLE, DE;4;CargayDescarga;Línea;7;34,80;LABORABLES DE 8 A 20 H.EXCEPTO CARGA Y DESCARGAEN LINEA;-3.6580695;40.3934533;JOSEFA DIAZ, CALLE, DE, Nº 4
443941,6600000000;4471939,0600000000;36936;13  PUENTE DE VALLECAS;13-06 NUMANCIA;LOPEZ GRASS, CALLE, DE;18;CargayDescarga;Línea;3;15,30;LAB.DE 8 A 14 H. Y DE 16,30 A 19 H. EXCEPTO CARGA Y DESCARGA;-3.6605617;40.3961692;LOPEZ GRASS, CALLE, DE, Nº 18
443870,6300000000;4471774,5900000000;42670;13  PUENTE DE VALLECAS;13-06 NUMANCIA;LOPEZ GRASS, CALLE, DE;6;CargayDescarga;Línea;1;10,00;LAB. DE 8 A 14H Y DE 16:30 A 19 H EXCEPTO CARGA Y DESCARGA;-3.6613841;40.3946828;LOPEZ GRASS, CALLE, DE, Nº 6
443991,3100000000;4472051,9000000000;38154;13  PUENTE DE VALLECAS;13-06 NUMANCIA;LOPEZ GRASS, CALLE, DE;Fte 33;CargayDescarga;Batería;3;15,00;LAB. DE 8 A 14 H. Y DE16,30 A 19 H. EXCEPTOCARGA Y DESCARGA;-3.6599866;40.3971891;LOPEZ GRASS, CALLE, DE, Nº Fte 33
443759,4200000000;4472696,3100000000;38652;13  PUENTE DE VALLECAS;13-06 NUMANCIA;MANCO DE LEPANTO, CALLE, DEL;3;CargayDescarga;Línea;2;12,00;LAB. DE 9 A 14 H. Y DE 16 A 19 H.EXCEPTO CARGA Y DESCARGA;-3.6627758;40.4029787;MANCO DE LEPANTO, CALLE, DEL, Nº 3
443864,8300000000;4472674,6400000000;38982;13  PUENTE DE VALLECAS;13-06 NUMANCIA;MANCO DE LEPANTO, CALLE, DEL;6;CargayDescarga;Línea;3;14,30;Lab. de 8 a 20 h.Excepto: Carga y Descarga;-3.6615318;40.4027905;MANCO DE LEPANTO, CALLE, DEL, Nº 6
444291,9100000000;4471496,3200000000;43165;13  PUENTE DE VALLECAS;13-06 NUMANCIA;MARIANA PINEDA, PLAZA, DE;1;CargayDescarga;Línea;4;18,00;EXCEPTO CARGA Y DESCARGA CENTRO COMERCIAL  ALBUFERA PLAZA;-3.656396;40.3922042;MARIANA PINEDA, PLAZA, DE, Nº 1
444333,0900000000;4471557,6500000000;42940;13  PUENTE DE VALLECAS;13-06 NUMANCIA;MARIANA PINEDA, PLAZA, DE;6;CargayDescarga;Línea;2;12,00;EXCEPTO CARGA Y DESCARGA CENTRO COMERCIAL  ALBUFERA PLAZA;-3.6559162;40.3927595;MARIANA PINEDA, PLAZA, DE, Nº 6
443512,4100000000;4472381,1300000000;43879;13  PUENTE DE VALLECAS;13-06 NUMANCIA;MENDIVIL, CALLE, DE;14;CargayDescarga;Línea;3;15,00;LAB. DE LUNES A SÁBADO DE 8 A 14:30 H. EXCEPTO CARGA Y DESCARGA;-3.6656586;40.4001226;MENDIVIL, CALLE, DE, Nº 14
443462,7000000000;4472403,1300000000;44022;13  PUENTE DE VALLECAS;13-06 NUMANCIA;MENDIVIL, CALLE, DE;4;CargayDescarga;Línea;1;7,00;Laborables 8 a 14h y de 16.30 a 19 h. Excepto Carga y Descarga;-3.6662463;40.4003174;MENDIVIL, CALLE, DE, Nº 4
443341,1100000000;4472161,8100000000;39120;13  PUENTE DE VALLECAS;13-06 NUMANCIA;MONTE OLIVETI, CALLE, DEL;Fte 9;CargayDescarga;Línea;7;40,00;EXCEPTO CARGA Y DESCARGA DE 8:00 H. A 24:00 H;-3.6676576;40.3981352;MONTE OLIVETI, CALLE, DEL, Nº Fte 9
443384,8300000000;4472358,4500000000;40091;13  PUENTE DE VALLECAS;13-06 NUMANCIA;PEÑA PRIETA, AVENIDA, DE LA;11;CargayDescarga;Línea;5;25,00;LAB.DE 8 A 14 H. Y DE 16,30 A19 H. EXCEPTO CARGA Y DESCARGA;-3.6671599;40.3999096;PEÑA PRIETA, AVENIDA, DE LA, Nº 11
443439,5500000000;4472418,4400000000;40091;13  PUENTE DE VALLECAS;13-06 NUMANCIA;PEÑA PRIETA, AVENIDA, DE LA;23;CargayDescarga;Línea;3;12,00;LAB. DE 8 A 14 H. Y DE 16,30 A 19 H. EXCEPTO CARGA Y DESCARGA;-3.6665205;40.4004538;PEÑA PRIETA, AVENIDA, DE LA, Nº 23
443690,4700000000;4472680,8100000000;40091;13  PUENTE DE VALLECAS;13-06 NUMANCIA;PEÑA PRIETA, AVENIDA, DE LA;76;CargayDescarga;Línea;3;15,00;LAB. DE 8 A 14 H. Y DE 16,30 A 19 H. EXCEPTO CARGA Y DESCARGA;-3.663587;40.4028344;PEÑA PRIETA, AVENIDA, DE LA, Nº 76
443298,0600000000;4472248,4200000000;40091;13  PUENTE DE VALLECAS;13-06 NUMANCIA;PEÑA PRIETA, AVENIDA, DE LA;8;CargayDescarga;Línea;4;23,40;LAB.DE 8 A 14 H. Y DE 16,30 AA 19 H. EXCEPTO CARGA Y DESCARGA;-3.6681726;40.3989125;PEÑA PRIETA, AVENIDA, DE LA, Nº 8
443753,0200000000;4472737,7800000000;40091;13  PUENTE DE VALLECAS;13-06 NUMANCIA;PEÑA PRIETA, AVENIDA, DE LA;84;CargayDescarga;Línea;2;10,00;LABORABLES DE 8 A 20 H EXCEPTO CARGA Y DESCARGA ;-3.6628549;40.4033518;PEÑA PRIETA, AVENIDA, DE LA, Nº 84
443636,8600000000;4472631,6300000000;40091;13  PUENTE DE VALLECAS;13-06 NUMANCIA;PEÑA PRIETA, AVENIDA, DE LA;Fte 61;CargayDescarga;Línea;1;8,30;LAB. DE 8 A 14 H. Y DE 16,30 A 19 H. EXCEPTO CARGA Y DESCARGA;-3.6642143;40.4023877;PEÑA PRIETA, AVENIDA, DE LA, Nº Fte 61
443879,2100000000;4471837,1900000000;42796;13  PUENTE DE VALLECAS;13-06 NUMANCIA;PICOS DE EUROPA, CALLE, DE LOS;11;CargayDescarga;Línea;2;10,00;LAB.DE 8 A 20 H  EXCEPTO CARGA Y DESCARGA;-3.6612885;40.3952473;PICOS DE EUROPA, CALLE, DE LOS, Nº 11
444070,8800000000;4472431,6500000000;42163;13  PUENTE DE VALLECAS;13-06 NUMANCIA;PUERTO DE CANENCIA, CALLE, DEL;7;CargayDescarga;Línea;2;14,00;LABORABLES DE 8 A 17 EXCEPTO CARGA Y DESCARGA;-3.6590824;40.4006154;PUERTO DE CANENCIA, CALLE, DEL, Nº 7
443624,1700000000;4471920,3300000000;42670;13  PUENTE DE VALLECAS;13-06 NUMANCIA;PUERTO DE CANFRANC, CALLE, DEL;1;CargayDescarga;Línea;3;18,00;LAB. DE 8 A 14H Y DE 16:30 A 19 H EXCEPTO CARGA Y DESCARGA;-3.6643009;40.395979;PUERTO DE CANFRANC, CALLE, DEL, Nº 1
443628,6800000000;4471915,4400000000;42670;13  PUENTE DE VALLECAS;13-06 NUMANCIA;PUERTO DE CANFRANC, CALLE, DEL;2;CargayDescarga;Línea;3;17,00;LAB. DE 8 A 14H Y DE 16:30 A 19 H EXCEPTO CARGA Y DESCARGA;-3.6642473;40.3959353;PUERTO DE CANFRANC, CALLE, DEL, Nº 2
443729,9000000000;4472074,2200000000;1;13  PUENTE DE VALLECAS;13-06 NUMANCIA;PUERTO DE CANFRANC, CALLE, DEL;24;CargayDescarga;Línea;5;25,50;LAB. DE 9 A 14 H. Y DE 16,30 A 20 H. EXCEPTO CARGA Y DESCARGA;-3.6630687;40.3973725;PUERTO DE CANFRANC, CALLE, DEL, Nº 24
443651,7900000000;4471938,1000000000;41296;13  PUENTE DE VALLECAS;13-06 NUMANCIA;PUERTO DE CANFRANC, CALLE, DEL;3;CargayDescarga;Línea;2;10,00;LABORABLES DE 8:00 H A 19:00 H EXCEPTO CARGA Y DESCARGA;-3.663977;40.396141;PUERTO DE CANFRANC, CALLE, DEL, Nº 3
443810,1600000000;4472217,0200000000;36934;13  PUENTE DE VALLECAS;13-06 NUMANCIA;PUERTO DE CANFRANC, CALLE, DEL;46;CargayDescarga;Línea;3;13,70;LAB. DE 8 A 14 H. Y DE 16,30 A 19 H. EXCEPTO CARGA Y DESCARGA;-3.6621356;40.3986644;PUERTO DE CANFRANC, CALLE, DEL, Nº 46
443691,9300000000;4472003,7000000000;38154;13  PUENTE DE VALLECAS;13-06 NUMANCIA;PUERTO DE CANFRANC, CALLE, DEL;9;CargayDescarga;Línea;3;13,85;LAB. DE 8 A 14 H. Y DE 16,30 A 19 H. EXCEPTO CARGA Y DESCARGA;-3.6635099;40.3967347;PUERTO DE CANFRANC, CALLE, DEL, Nº 9
444566,3100000000;4472453,0200000000;43788;13  PUENTE DE VALLECAS;13-06 NUMANCIA;RAMON PEREZ DE AYALA, CALLE, DE;50;CargayDescarga;Batería;3;15,00;LABORABLES DE 8 A 14 H. EXCEPTO CARGA Y DESCARGA EN LÍNEA;-3.6532463;40.4008411;RAMON PEREZ DE AYALA, CALLE, DE, Nº 50
443852,9400000000;4472687,3500000000;38373;13  PUENTE DE VALLECAS;13-06 NUMANCIA;SANTA MARTA, CALLE, DE;22;CargayDescarga;Línea;3;14,50;Lab. de 8 a 20 h.excepto: CARGA Y DESCARGA;-3.661673;40.4029042;SANTA MARTA, CALLE, DE, Nº 22
443343,7900000000;4472119,0700000000;38407;13  PUENTE DE VALLECAS;13-06 NUMANCIA;SIERRA DE JAVALAMBRE, CALLE, DE LA;2;CargayDescarga;Línea;4;20,00;LAB. DE 9 A 19 H. EXCEPTOCARGA Y DESACARGAEN LINEA;-3.6676222;40.3977504;SIERRA DE JAVALAMBRE, CALLE, DE LA, Nº 2
443848,6200000000;4472284,3100000000;40394;13  PUENTE DE VALLECAS;13-06 NUMANCIA;VALDERRIBAS, CAMINO, DE;89;CargayDescarga;Línea;3;15,00;LAB. DE 8 A 14 H. Y DE 16,30 A 19 H. EXCEPTO CARGA Y DESCARGA ;-3.6616884;40.3992731;VALDERRIBAS, CAMINO, DE, Nº 89
446759,4400000000;4472448,1800000000;38393;14  MORATALAZ;14-01 PAVONES;BRUJAS, CALLE, DE;20;CargayDescarga;Línea;3;14,90;;-3.6274029;40.4009406;BRUJAS, CALLE, DE, Nº 20
446199,6100000000;4472497,2000000000;43602;14  MORATALAZ;14-01 PAVONES;HACIENDA DE PAVONES, CALLE, DE LA;Fte nº 221;CargayDescarga;Línea;9;22,60;LAB DE 9 A 14 HORAS EXCEPTO CARGA Y DESCARGA;-3.6340039;40.4013462;HACIENDA DE PAVONES, CALLE, DE LA, Nº Fte nº 221
446617,4000000000;4472764,7500000000;41922;14  MORATALAZ;14-01 PAVONES;LUIS DE HOYOS SAINZ, CALLE, DE;162 B;CargayDescarga;Línea;2;12,00;LAB DE 8 A 10 H EXCEPTO CARGA Y DESCARGA;-3.6291032;40.4037833;LUIS DE HOYOS SAINZ, CALLE, DE, Nº 162 B
446413,7600000000;4472682,3900000000;40444;14  MORATALAZ;14-01 PAVONES;VALDEBERNARDO, CALLE, DE;22;CargayDescarga;Línea;3;15,00;;-3.631496;40.4030283;VALDEBERNARDO, CALLE, DE, Nº 22
446478,5000000000;4473254,3500000000;38398;14  MORATALAZ;14-02 HORCAJO;FUENTE CARRANTONA, CALLE, DE LA;32;CargayDescarga;Línea;3;15,00;;-3.6307812;40.408185;FUENTE CARRANTONA, CALLE, DE LA, Nº 32
446497,3800000000;4473306,5400000000;41760;14  MORATALAZ;14-02 HORCAJO;FUENTE CARRANTONA, CALLE, DE LA;34;CargayDescarga;Línea;2;14,00;;-3.6305631;40.4086564;FUENTE CARRANTONA, CALLE, DE LA, Nº 34
446332,2000000000;4472962,7200000000;43403;14  MORATALAZ;14-02 HORCAJO;LA PROVENZA, CALLE, DE;con Fuente Carr;CargayDescarga;Línea;2;10,00;LAB DE 7.30  A 8 H. Y DE 19 A 20 H. EXCEPTO CARGA Y DESCARGA;-3.6324808;40.4055484;LA PROVENZA, CALLE, DE, Nº con Fuente Carr
446040,9300000000;4473500,6300000000;43462;14  MORATALAZ;14-03 MARROQUINA;ANTONIO CUMELLA, CALLE, DE;22;CargayDescarga;Batería;6;15,10;LAB DE 8 A 14 H. Y DE 16.30 A 19 H. EXCEPTO CARGA Y DESCARGA EN LINEA;-3.6359588;40.4103754;ANTONIO CUMELLA, CALLE, DE, Nº 22
445998,8500000000;4473425,7700000000;36957;14  MORATALAZ;14-03 MARROQUINA;ANTONIO CUMELLA, CALLE, DE;Fte 3;CargayDescarga;Línea;3;14,90;Lab. de 8 a 14 h. y de 16,30 a 19 h.excepto: CARGA Y DESCARGA;-3.6364484;40.4096983;ANTONIO CUMELLA, CALLE, DE, Nº Fte 3
444613,7300000000;4473285,8200000000;42529;14  MORATALAZ;14-03 MARROQUINA;ARROYO BELINCOSO, CALLE, DEL;14;CargayDescarga;Línea;2;9,90;LAB DE 8 A 15 H EXCEPTO CARGA Y DESCARGA;-3.65276;40.4083466;ARROYO BELINCOSO, CALLE, DEL, Nº 14
444661,6200000000;4473557,1000000000;36895;14  MORATALAZ;14-03 MARROQUINA;ARROYO BELINCOSO, CALLE, DEL;40;CargayDescarga;Línea;3;15,00;;-3.6522192;40.4107936;ARROYO BELINCOSO, CALLE, DEL, Nº 40
444745,2600000000;4473250,2400000000;38679;14  MORATALAZ;14-03 MARROQUINA;ARROYO DE LAS PILILLAS, CALLE, DEL;16;CargayDescarga;Línea;8;42,40;LABORABLES DE 7 A 20 H. EXCEPTOCARGA Y DESCARGATIEMPO MAXIMO 30 MINUTOS;-3.6512069;40.4080348;ARROYO DE LAS PILILLAS, CALLE, DEL, Nº 16
444671,5600000000;4473507,7400000000;43620;14  MORATALAZ;14-03 MARROQUINA;CAMINO DE LOS VINATEROS, CALLE, DEL;63;CargayDescarga;Línea;3;14,99;LAB. DE 8 A 14.30 H. EXCEPTO CARGA Y DESCARGA;-3.6520978;40.4103496;CAMINO DE LOS VINATEROS, CALLE, DEL, Nº 63
445156,4900000000;4473261,4400000000;43719;14  MORATALAZ;14-03 MARROQUINA;CORREGIDOR ALONSO DE TOBAR, PLAZA, DEL;S/N;CargayDescarga;Batería;;9,34;LABORABLES DE 8 A 14.30H Y DE 16.30 A 19 H. EXCEPTO CARGA Y DESCARGA EN LINEA;-3.6463615;40.4081629;CORREGIDOR ALONSO DE TOBAR, PLAZA, DEL, Nº S/N
446373,8800000000;4473113,7900000000;38391;14  MORATALAZ;14-03 MARROQUINA;FUENTE CARRANTONA, CALLE, DE LA;33;CargayDescarga;Línea;2;12,50;;-3.6320023;40.4069121;FUENTE CARRANTONA, CALLE, DE LA, Nº 33
446469,8500000000;4473296,8100000000;39763;14  MORATALAZ;14-03 MARROQUINA;FUENTE CARRANTONA, CALLE, DE LA;43;CargayDescarga;Línea;3;15,00;;-3.6308867;40.408567;FUENTE CARRANTONA, CALLE, DE LA, Nº 43
446546,7100000000;4473477,3800000000;39763;14  MORATALAZ;14-03 MARROQUINA;FUENTE CARRANTONA, CALLE, DE LA;57;CargayDescarga;Línea;3;15,00;;-3.6299961;40.4101986;FUENTE CARRANTONA, CALLE, DE LA, Nº 57
444834,3200000000;4473157,0700000000;38743;14  MORATALAZ;14-03 MARROQUINA;MARROQUINA, CALLE, DE LA;13;CargayDescarga;Línea;2;10,00;DE LUNES A SABADO DE 8 A 14 H.EXCEPTO CARGA Y DESCARGA;-3.6501492;40.4072014;MARROQUINA, CALLE, DE LA, Nº 13
444791,7200000000;4473192,9600000000;38635;14  MORATALAZ;14-03 MARROQUINA;MARROQUINA, CALLE, DE LA;19;CargayDescarga;Línea;7;36,40;LABORABLES DE 7 A 20 H. EXCEPTOCARGA Y DESCARGATIEMPO MAXIMO 30 MINUTOS;-3.6506544;40.4075219;MARROQUINA, CALLE, DE LA, Nº 19
444782,6700000000;4473235,0700000000;38630;14  MORATALAZ;14-03 MARROQUINA;MARROQUINA, CALLE, DE LA;19;CargayDescarga;Línea;7;35,80;LABORABLES DE 7 A 20 H. EXCEPTOCARGA Y DESCARGATIEMPO MAXIMO 30 MINUTOS;-3.6507647;40.4079006;MARROQUINA, CALLE, DE LA, Nº 19
444952,6100000000;4473206,4900000000;40109;14  MORATALAZ;14-03 MARROQUINA;MARROQUINA, CALLE, DE LA;28;CargayDescarga;Batería;3;7,20;De Lunes a Sabado de 8 a 14 h.Excepto Carga y Descarga;-3.6487595;40.4076544;MARROQUINA, CALLE, DE LA, Nº 28
444740,4000000000;4473107,9700000000;38743;14  MORATALAZ;14-03 MARROQUINA;MARROQUINA, CALLE, DE LA;3;CargayDescarga;Línea;3;15,00;DE LUNES A SABADO DE 8 A 14 H.EXCEPTO CARGA Y DESCARGA;-3.6512518;40.4067528;MARROQUINA, CALLE, DE LA, Nº 3
445968,8000000000;4473239,9700000000;38391;14  MORATALAZ;14-03 MARROQUINA;MERIDA, CALLE, DE;1;CargayDescarga;Línea;5;15,00;;-3.6367868;40.4080226;MERIDA, CALLE, DE, Nº 1
444914,1300000000;4473086,1900000000;38765;14  MORATALAZ;14-03 MARROQUINA;MORATALAZ, AVENIDA, DE;129;CargayDescarga;Batería;2;10,00;DE LUNES A SABADO DE 8 A 14 H.EXCEPTO CARGA Y DESCARGA;-3.6492026;40.4065681;MORATALAZ, AVENIDA, DE, Nº 129
445133,5100000000;4473201,2600000000;43475;14  MORATALAZ;14-03 MARROQUINA;MORATALAZ, AVENIDA, DE;157;CargayDescarga;Línea;1;7,50;LAB DE 8 A 17 H EXCEPTO CARGA Y DESCARGA;-3.6466272;40.4076192;MORATALAZ, AVENIDA, DE, Nº 157
445510,2200000000;4473401,3200000000;43801;14  MORATALAZ;14-03 MARROQUINA;MORATALAZ, AVENIDA, DE;197;CargayDescarga;Línea;3;15,00;LAB. DE 8 A 14.30 H. EXCEPTO CARGA Y DESCARGA ;-3.6422049;40.4094462;MORATALAZ, AVENIDA, DE, Nº 197
444610,0400000000;4473441,5200000000;35291;14  MORATALAZ;14-04 MEDIA LEGUA;ARROYO BELINCOSO, CALLE, DEL;11;CargayDescarga;Línea;2;9,10;EXCEPTO CARGA Y DESCARGACENTRO DE DIA 3ª EDAD;-3.652817;40.409749;ARROYO BELINCOSO, CALLE, DEL, Nº 11
444427,2100000000;4473594,0100000000;38386;14  MORATALAZ;14-04 MEDIA LEGUA;ARROYO DE LA MEDIA LEGUA, CALLE, DEL;Fte 33;CargayDescarga;Línea;3;14,00;;-3.654985;40.4111105;ARROYO DE LA MEDIA LEGUA, CALLE, DEL, Nº Fte 33
444267,6000000000;4473557,0600000000;43719;14  MORATALAZ;14-04 MEDIA LEGUA;CAMINO DE LOS VINATEROS, CALLE, DEL;11;CargayDescarga;Línea;7;36,30;LAB. DE 8 A 14 H. EXCEPTO CARGA Y DESCARGA;-3.6568629;40.410767;CAMINO DE LOS VINATEROS, CALLE, DEL, Nº 11
444503,2700000000;4473551,0200000000;43719;14  MORATALAZ;14-04 MEDIA LEGUA;CAMINO DE LOS VINATEROS, CALLE, DEL;51;CargayDescarga;Línea;1;8,00;LAB DE 8 A 14 H. Y DE 16.30 A 19 H. EXCEPTO CARGA Y DESCARGA;-3.6540849;40.4107283;CAMINO DE LOS VINATEROS, CALLE, DEL, Nº 51
444171,9100000000;4473165,6000000000;38419;14  MORATALAZ;14-04 MEDIA LEGUA;CORREGIDOR ALONSO DE AGUILAR, PLAZA, DEL;6;CargayDescarga;Línea;3;21,69;EXCEPTO CARGA Y DESCARGA DE 9 A 14 H Y DE 16 A 18 H.;-3.6579562;40.407234;CORREGIDOR ALONSO DE AGUILAR, PLAZA, DEL, Nº 6
443967,4800000000;4473877,2000000000;42086;14  MORATALAZ;14-04 MEDIA LEGUA;MANUEL MACHADO, CALLE, DE;34;CargayDescarga;Línea;8;43,27;LAB. DE 8 A 17 H. EXCEPTO CARGA Y DESCARGA EN LINEA;-3.6604281;40.4136308;MANUEL MACHADO, CALLE, DE, Nº 34
443995,7400000000;4473788,4800000000;34914;14  MORATALAZ;14-04 MEDIA LEGUA;MANUEL MACHADO, CALLE, DE;5;CargayDescarga;Línea;20;100,60;EXCEPTO CARGA Y DESCARGA;-3.6600872;40.4128335;MANUEL MACHADO, CALLE, DE, Nº 5
443939,7000000000;4473820,8200000000;42086;14  MORATALAZ;14-04 MEDIA LEGUA;MANUEL MACHADO, CALLE, DE;S/N;CargayDescarga;Línea;3;13,39;LAB. DE 8 A 17 H. EXCEPTO CARGA Y DESCARGA EN LINEA;-3.6607505;40.413121;MANUEL MACHADO, CALLE, DE, Nº S/N
444965,3000000000;4472722,9600000000;38392;14  MORATALAZ;14-05 FONTARRÓN;CORREGIDOR ALONSO DE TOBAR, CALLE, DEL;8;CargayDescarga;Línea;4;19,00;LAB. DE 8 A 14 H  Y DE 16,30 19 H. EXCEPTO CARGA Y DESCARGA;-3.6485681;40.4032993;CORREGIDOR ALONSO DE TOBAR, CALLE, DEL, Nº 8
445389,5000000000;4472689,7700000000;38833;14  MORATALAZ;14-05 FONTARRÓN;CORREGIDOR CONDE DE MACEDA Y TABOADA, PLAZA, DEL;S/N;CargayDescarga;Línea;4;21,70;;-3.6435665;40.4030282;CORREGIDOR CONDE DE MACEDA Y TABOADA, PLAZA, DEL, Nº S/N
445392,4100000000;4472239,1900000000;37330;14  MORATALAZ;14-05 FONTARRÓN;ENCOMIENDA DE PALACIOS, CALLE, DE LA;178;CargayDescarga;Línea;1;10,60;;-3.6434936;40.3989693;ENCOMIENDA DE PALACIOS, CALLE, DE LA, Nº 178
445657,9200000000;4472245,5900000000;40494;14  MORATALAZ;14-05 FONTARRÓN;ENCOMIENDA DE PALACIOS, CALLE, DE LA;248;CargayDescarga;Línea;3;15,00;;-3.6403655;40.3990444;ENCOMIENDA DE PALACIOS, CALLE, DE LA, Nº 248
445624,6100000000;4472581,5300000000;38890;14  MORATALAZ;14-05 FONTARRÓN;HACIENDA DE PAVONES, CALLE, DE LA;172;CargayDescarga;Batería;3;9,31;LAB. DE 9 A 14 H. Y DE 16,30 A 20 H. EXCEPTOCARGA Y DESCARGA;-3.6407867;40.4020685;HACIENDA DE PAVONES, CALLE, DE LA, Nº 172
444922,6500000000;4472854,5400000000;39094;14  MORATALAZ;14-05 FONTARRÓN;HACIENDA DE PAVONES, CALLE, DE LA;8 D;CargayDescarga;Línea;3;21,78;LABORABLES DE 8 A 16,30EXCEPTO CARGA Y DESCARGA;-3.6490821;40.4044818;HACIENDA DE PAVONES, CALLE, DE LA, Nº 8 D
445430,5700000000;4472632,1400000000;42732;14  MORATALAZ;14-05 FONTARRÓN;PICO DE LOS ARTILLEROS, CALLE, DEL;93;CargayDescarga;Línea;3;15,10;LABORABLES DE 8 A 14 H. EXCEPTO CARGA Y DESCARGA EN LÍNEA.;-3.6430776;40.4025118;PICO DE LOS ARTILLEROS, CALLE, DEL, Nº 93
445186,5000000000;4473142,8900000000;1;14  MORATALAZ;14-06 VINATEROS;CAMINO DE LOS VINATEROS, CALLE, DEL;118;CargayDescarga;Línea;3;16,20;DE 9 A 14 Y DE 16.30 A 20 HEXCEPTO CARGA Y DESCARGA;-3.6459977;40.4070969;CAMINO DE LOS VINATEROS, CALLE, DEL, Nº 118
445474,8100000000;4473007,8300000000;40109;14  MORATALAZ;14-06 VINATEROS;CAMINO DE LOS VINATEROS, CALLE, DEL;163;CargayDescarga;Línea;3;17,78;;-3.6425885;40.4058991;CAMINO DE LOS VINATEROS, CALLE, DEL, Nº 163
445238,4600000000;4472890,0800000000;38392;14  MORATALAZ;14-06 VINATEROS;CAÑADA, CALLE, DE LA;17;CargayDescarga;Línea;15;79,30;EXCEPTO CARGA Y DESCARGA;-3.6453636;40.4048228;CAÑADA, CALLE, DE LA, Nº 17
444826,2900000000;4472927,4800000000;39093;14  MORATALAZ;14-06 VINATEROS;HACIENDA DE PAVONES, CALLE, DE LA;4 H;CargayDescarga;Línea;4;20,00;LAB DE 8 A 16.30 H EXCEPTO CARGA Y DESCARGA;-3.650224;40.4051325;HACIENDA DE PAVONES, CALLE, DE LA, Nº 4 H
444790,4800000000;4473008,1400000000;38419;14  MORATALAZ;14-06 VINATEROS;MORATALAZ, AVENIDA, DE;64;CargayDescarga;Línea;3;19,14;LAB. DE 8 A 14 Y DE 17 A 21 H.EXCEPTO CARGA Y DESCARGA;-3.6506529;40.4058568;MORATALAZ, AVENIDA, DE, Nº 64
444262,7900000000;4475891,3800000000;38117;15  CIUDAD LINEAL;15-01 VENTAS;ALCALA, CALLE, DE;236;CargayDescarga;Línea;4;22,10;;-3.6571241;40.4317955;ALCALA, CALLE, DE, Nº 236
444348,5400000000;4475906,3300000000;38394;15  CIUDAD LINEAL;15-01 VENTAS;ALCALA, CALLE, DE;244;CargayDescarga;Línea;3;16,00;Lab. de 8 a 14 h. y de 16.30 a 19 h. excepto: CARGA Y DESCARGA;-3.6561145;40.4319359;ALCALA, CALLE, DE, Nº 244
444406,7200000000;4475916,1700000000;36109;15  CIUDAD LINEAL;15-01 VENTAS;ALCALA, CALLE, DE;248;CargayDescarga;Línea;2;12,00;Lab. de 8 a 14 h.y de 16.30 a 19 h. excepto: CARGA Y DESCARGA;-3.6554295;40.4320284;ALCALA, CALLE, DE, Nº 248
444574,0800000000;4475945,6800000000;38394;15  CIUDAD LINEAL;15-01 VENTAS;ALCALA, CALLE, DE;272;CargayDescarga;Línea;1;9,80;;-3.6534591;40.4323054;ALCALA, CALLE, DE, Nº 272
444759,9900000000;4475977,6700000000;43119;15  CIUDAD LINEAL;15-01 VENTAS;ALCALA, CALLE, DE;290;CargayDescarga;Línea;3;15,00;Lab de 8 a 14 h excepto: Carga y Descarga;-3.6512702;40.432606;ALCALA, CALLE, DE, Nº 290
444861,0300000000;4475995,5100000000;38426;15  CIUDAD LINEAL;15-01 VENTAS;ALCALA, CALLE, DE;298;CargayDescarga;Línea;3;15,00;;-3.6500805;40.4327734;ALCALA, CALLE, DE, Nº 298
444956,6000000000;4476012,0700000000;38398;15  CIUDAD LINEAL;15-01 VENTAS;ALCALA, CALLE, DE;310;CargayDescarga;Línea;3;16,00;;-3.6489553;40.4329289;ALCALA, CALLE, DE, Nº 310
444475,0800000000;4475393,5300000000;38182;15  CIUDAD LINEAL;15-01 VENTAS;APOSTOL SANTIAGO, CALLE, DEL;44;CargayDescarga;Línea;3;15,00;;-3.654578;40.4273248;APOSTOL SANTIAGO, CALLE, DEL, Nº 44
444436,5300000000;4475748,6400000000;40144;15  CIUDAD LINEAL;15-01 VENTAS;BAMI, PLAZA, DE;Fte 32;CargayDescarga;Línea;3;14,50;LAB. DE 8 A 20 H. EXCEPTO CARGA Y DESCARGA;-3.6550634;40.4305212;BAMI, PLAZA, DE, Nº Fte 32
444368,2600000000;4475791,1300000000;41039;15  CIUDAD LINEAL;15-01 VENTAS;BENIDORM, CALLE, DE;9;CargayDescarga;Línea;3;18,00;LAB. DE 8 A 20 H.EXCEPTO CARGA Y DESCARGA;-3.655872;40.4308994;BENIDORM, CALLE, DE, Nº 9
444396,9300000000;4475670,9400000000;40144;15  CIUDAD LINEAL;15-01 VENTAS;DAROCA, AVENIDA, DE;15;CargayDescarga;Línea;2;9,30;;-3.6555235;40.4298186;DAROCA, AVENIDA, DE, Nº 15
445158,5200000000;4475567,8400000000;42615;15  CIUDAD LINEAL;15-01 VENTAS;FRANCISCO VILLAESPESA, CALLE, DE;8;CargayDescarga;Línea;2;11,00;LABORABLES LUNEA A VIERNES DE 8 A 14 H Y DE 16 A 19:30 H. EXCEPTO CARGA Y DESCARGA;-3.6465365;40.4289404;FRANCISCO VILLAESPESA, CALLE, DE, Nº 8
444900,7900000000;4475669,2900000000;38398;15  CIUDAD LINEAL;15-01 VENTAS;HERMANOS GOMEZ, CALLE, DE LOS;53;CargayDescarga;Línea;2;11,00;Lab. de 9 a 20 h.excepto: CARGA Y DESCARGA;-3.6495835;40.4298373;HERMANOS GOMEZ, CALLE, DE LOS, Nº 53
444940,0700000000;4475895,3000000000;38398;15  CIUDAD LINEAL;15-01 VENTAS;HERMANOS MACHADO, CALLE, DE LOS;13;CargayDescarga;Línea;1;12,80;;-3.6491401;40.4318759;HERMANOS MACHADO, CALLE, DE LOS, Nº 13
444231,1900000000;4475861,3400000000;42332;15  CIUDAD LINEAL;15-01 VENTAS;JOSE MARIA FERNANDEZ LANSEROS, CALLE, DE;3;CargayDescarga;Línea;2;10,00;Laborables de 8.00 a 14.00 y de 16.30 a 19.00 horas excepto carga y descarga;-3.657494;40.4315227;JOSE MARIA FERNANDEZ LANSEROS, CALLE, DE, Nº 3
444528,2200000000;4475850,1700000000;41656;15  CIUDAD LINEAL;15-01 VENTAS;MARCELINO ALVAREZ, CALLE, DE;14;CargayDescarga;Línea;3;15,00;Laborables de 8 a 17 horas excepto carga y descarga.;-3.6539914;40.431442;MARCELINO ALVAREZ, CALLE, DE, Nº 14
444525,0900000000;4474857,5500000000;38394;15  CIUDAD LINEAL;15-01 VENTAS;MARIA TERESA SAENZ DE HEREDIA, CALLE, DE;10 B;CargayDescarga;Línea;5;23,73;;-3.6539417;40.4224997;MARIA TERESA SAENZ DE HEREDIA, CALLE, DE, Nº 10 B
444543,8100000000;4474927,1100000000;42739;15  CIUDAD LINEAL;15-01 VENTAS;MARIA TERESA SAENZ DE HEREDIA, CALLE, DE;13;CargayDescarga;Línea;3;15,00;Laborables de 8 a 20 horas. Sábados no festivos de 8 a 15 horas. Excepto carga y descarga.;-3.6537271;40.4231276;MARIA TERESA SAENZ DE HEREDIA, CALLE, DE, Nº 13
444736,4800000000;4475162,7200000000;38397;15  CIUDAD LINEAL;15-01 VENTAS;MARIA TERESA SAENZ DE HEREDIA, CALLE, DE;38;CargayDescarga;Línea;5;21,02;;-3.6514765;40.4252629;MARIA TERESA SAENZ DE HEREDIA, CALLE, DE, Nº 38
444704,5500000000;4475144,5500000000;38397;15  CIUDAD LINEAL;15-01 VENTAS;MARIA TERESA SAENZ DE HEREDIA, CALLE, DE;49;CargayDescarga;Línea;3;15,00;;-3.6518513;40.4250971;MARIA TERESA SAENZ DE HEREDIA, CALLE, DE, Nº 49
444753,2600000000;4475191,5500000000;40633;15  CIUDAD LINEAL;15-01 VENTAS;MARIA TERESA SAENZ DE HEREDIA, CALLE, DE;Fte Nº 38;CargayDescarga;Línea;1;10,20;EXCEPTO CARGA Y DESCARGA DE 8 A 20 H;-3.6512812;40.4255237;MARIA TERESA SAENZ DE HEREDIA, CALLE, DE, Nº Fte Nº 38
444373,3200000000;4474894,3600000000;38394;15  CIUDAD LINEAL;15-01 VENTAS;MARQUES DE CORBERA, AVENIDA, DEL;10;CargayDescarga;Línea;2;10,00;;-3.6557339;40.4228212;MARQUES DE CORBERA, AVENIDA, DEL, Nº 10
444771,4100000000;4475255,1600000000;44159;15  CIUDAD LINEAL;15-01 VENTAS;MARQUES DE CORBERA, AVENIDA, DEL;52;CargayDescarga;Batería;3;8,29;en linea;-3.6510728;40.426098;MARQUES DE CORBERA, AVENIDA, DEL, Nº 52
444778,3700000000;4475308,5300000000;36650;15  CIUDAD LINEAL;15-01 VENTAS;MARQUES DE CORBERA, AVENIDA, DEL;57;CargayDescarga;Batería;6;15,89;;-3.6509954;40.4265792;MARQUES DE CORBERA, AVENIDA, DEL, Nº 57
444826,3600000000;4475866,6200000000;43403;15  CIUDAD LINEAL;15-01 VENTAS;MAXIMO SAN JUAN, CALLE, DE;8;CargayDescarga;Línea;2;8,00;DE LUNES A SABADO DE 8 A 14 H. EXCEPTO CARGA Y DESCARGA;-3.6504781;40.43161;MAXIMO SAN JUAN, CALLE, DE, Nº 8
444488,4500000000;4475088,7600000000;43572;15  CIUDAD LINEAL;15-01 VENTAS;MONTEJURRA, CALLE, DE;2;CargayDescarga;Línea;3;13,00;Lab. de lunes a viernes de 8 a 14.30 h. excepto carga y descarga;-3.6543938;40.4245801;MONTEJURRA, CALLE, DE, Nº 2
444339,1300000000;4475174,9300000000;43559;15  CIUDAD LINEAL;15-01 VENTAS;MONTEJURRA, CALLE, DE;25;CargayDescarga;Batería;3;15,10;LAB. DE 8 A 14 H Y DE 16:30 A 19 H EN LINEA;-3.6561614;40.4253464;MONTEJURRA, CALLE, DE, Nº 25
444710,4800000000;4474969,1600000000;43307;15  CIUDAD LINEAL;15-01 VENTAS;NUESTRA SEÑORA DEL VILLAR, CALLE, DE;6;CargayDescarga;Línea;3;15,00;LABORABLES DE LUNES A VIERNES DE 9 A 14 H.EXCEPTO CARGA Y DESCARGA;-3.6517661;40.4235175;NUESTRA SEÑORA DEL VILLAR, CALLE, DE, Nº 6
444176,9700000000;4475579,9600000000;38394;15  CIUDAD LINEAL;15-01 VENTAS;RICARDO ORTIZ, CALLE, DE;16;CargayDescarga;Línea;3;17,00;;-3.6581085;40.4289843;RICARDO ORTIZ, CALLE, DE, Nº 16
444176,3200000000;4475476,3500000000;38394;15  CIUDAD LINEAL;15-01 VENTAS;RICARDO ORTIZ, CALLE, DE;24;CargayDescarga;Línea;3;14,00;;-3.6581071;40.4280509;RICARDO ORTIZ, CALLE, DE, Nº 24
444174,8000000000;4475315,4900000000;38397;15  CIUDAD LINEAL;15-01 VENTAS;RICARDO ORTIZ, CALLE, DE;38;CargayDescarga;Línea;4;21,00;;-3.6581109;40.4266016;RICARDO ORTIZ, CALLE, DE, Nº 38
444194,7600000000;4475215,7100000000;38397;15  CIUDAD LINEAL;15-01 VENTAS;RICARDO ORTIZ, CALLE, DE;47;CargayDescarga;Línea;4;20,00;;-3.6578668;40.4257041;RICARDO ORTIZ, CALLE, DE, Nº 47
444177,8400000000;4475684,3600000000;38394;15  CIUDAD LINEAL;15-01 VENTAS;RICARDO ORTIZ, CALLE, DE;6;CargayDescarga;Línea;3;15,00;;-3.6581074;40.4299248;RICARDO ORTIZ, CALLE, DE, Nº 6
444334,3100000000;4475405,5500000000;38397;15  CIUDAD LINEAL;15-01 VENTAS;SAN MARCELO, CALLE, DE;13;CargayDescarga;Línea;3;20,00;;-3.6562385;40.4274236;SAN MARCELO, CALLE, DE, Nº 13
444694,9600000000;4475254,0000000000;38397;15  CIUDAD LINEAL;15-01 VENTAS;SAN MAXIMILIANO, CALLE, DE;50;CargayDescarga;Línea;2;12,90;;-3.6519739;40.4260825;SAN MAXIMILIANO, CALLE, DE, Nº 50
444764,1500000000;4475857,6400000000;42956;15  CIUDAD LINEAL;15-01 VENTAS;SANTA ELENA, CALLE, DE;15;CargayDescarga;Batería;3;7,60;LAB DE LUNES A VIERNES DE 8 A 20 H Y SABADOS LAB. DE 8 A 15 H, EXCEPTO CARGA Y DESCARGA EN LINEA;-3.6512107;40.431525;SANTA ELENA, CALLE, DE, Nº 15
445823,1700000000;4476470,3300000000;38442;15  CIUDAD LINEAL;15-02 PUEBLO NUEVO;ALFONSO PASO, CALLE, DE;1;CargayDescarga;Línea;4;24,10;;-3.6387782;40.4371141;ALFONSO PASO, CALLE, DE, Nº 1
445565,5000000000;4476284,9800000000;43216;15  CIUDAD LINEAL;15-02 PUEBLO NUEVO;AMOS DE ESCALANTE, CALLE, DE;13;CargayDescarga;Línea;3;16,90;Laborables 8 a 14h y de 16.30 a 19 h. Excepto Carga y Descarga;-3.6418002;40.4354275;AMOS DE ESCALANTE, CALLE, DE, Nº 13
445605,6600000000;4476301,9600000000;38398;15  CIUDAD LINEAL;15-02 PUEBLO NUEVO;AMOS DE ESCALANTE, CALLE, DE;14;CargayDescarga;Línea;3;14,00;;-3.6413282;40.4355831;AMOS DE ESCALANTE, CALLE, DE, Nº 14
445727,8700000000;4476377,7300000000;43490;15  CIUDAD LINEAL;15-02 PUEBLO NUEVO;AMOS DE ESCALANTE, CALLE, DE;45;CargayDescarga;Línea;2;9,40;DE LUNES A VIERNES LABORABLES DE 8 A 14 H Y DE 16.30 A 19 H SABADOS LAB DE 8 A 15 H. EXCEPTO CARGA Y DESCARGA;-3.6398939;40.4362737;AMOS DE ESCALANTE, CALLE, DE, Nº 45
445526,7000000000;4476321,5700000000;42919;15  CIUDAD LINEAL;15-02 PUEBLO NUEVO;CAMPUZANO, CALLE, DE;2;CargayDescarga;Línea;2;11,19;;-3.6422608;40.4357546;CAMPUZANO, CALLE, DE, Nº 2
445379,1800000000;4476225,1900000000;42919;15  CIUDAD LINEAL;15-02 PUEBLO NUEVO;EMILIO FERRARI, CALLE, DE;1;CargayDescarga;Línea;3;16,85;;-3.6439917;40.4348767;EMILIO FERRARI, CALLE, DE, Nº 1
445452,6100000000;4476101,4600000000;38398;15  CIUDAD LINEAL;15-02 PUEBLO NUEVO;EMILIO FERRARI, CALLE, DE;17;CargayDescarga;Línea;4;12,60;;-3.6431154;40.4337669;EMILIO FERRARI, CALLE, DE, Nº 17
445602,2500000000;4475850,1200000000;39085;15  CIUDAD LINEAL;15-02 PUEBLO NUEVO;EMILIO FERRARI, CALLE, DE;59;CargayDescarga;Línea;3;15,00;;-3.6413297;40.4315125;EMILIO FERRARI, CALLE, DE, Nº 59
445637,9400000000;4475766,7100000000;38397;15  CIUDAD LINEAL;15-02 PUEBLO NUEVO;EMILIO FERRARI, CALLE, DE;62;CargayDescarga;Línea;8;45,00;;-3.6409019;40.4307634;EMILIO FERRARI, CALLE, DE, Nº 62
445354,4400000000;4475647,7800000000;41288;15  CIUDAD LINEAL;15-02 PUEBLO NUEVO;EZEQUIEL SOLANA, CALLE, DE;60;CargayDescarga;Línea;2;10,00;;-3.6442338;40.4296734;EZEQUIEL SOLANA, CALLE, DE, Nº 60
445430,2800000000;4475543,2700000000;43544;15  CIUDAD LINEAL;15-02 PUEBLO NUEVO;EZEQUIEL SOLANA, CALLE, DE;67;CargayDescarga;Línea;3;14,00;LAB DE LUNES A VIERNES DE 8 A 14.30 H Y DE 16.30 A 20 H. EXCEPTO CARGA Y DESCARGA;-3.6433307;40.4287369;EZEQUIEL SOLANA, CALLE, DE, Nº 67
445531,4100000000;4475372,2200000000;40360;15  CIUDAD LINEAL;15-02 PUEBLO NUEVO;EZEQUIEL SOLANA, CALLE, DE;99;CargayDescarga;Línea;1;18,07;LAB.DE 9 A 14H. Y DE 16,30 A 20H. EXCEPTO CARGA Y DESCARGA;-3.6421239;40.4272026;EZEQUIEL SOLANA, CALLE, DE, Nº 99
445298,5300000000;4475437,8400000000;43550;15  CIUDAD LINEAL;15-02 PUEBLO NUEVO;GUILLEN DE CASTRO, CALLE, DE;8;CargayDescarga;Línea;3;14,00;Lab de lunes a viernes de 8 a 14.30 h y de 16.30 a 20 h Excepto Carga y Descarga;-3.6448748;40.4277785;GUILLEN DE CASTRO, CALLE, DE, Nº 8
445313,1000000000;4476184,8300000000;42919;15  CIUDAD LINEAL;15-02 PUEBLO NUEVO;GUTIERRE DE CETINA, CALLE, DE;1;CargayDescarga;Línea;2;10,10;;-3.6447673;40.4345088;GUTIERRE DE CETINA, CALLE, DE, Nº 1
445731,7400000000;4475484,0000000000;43651;15  CIUDAD LINEAL;15-02 PUEBLO NUEVO;GUTIERRE DE CETINA, CALLE, DE;107;CargayDescarga;Batería;7;21,00;lab. de 8 a 14 h. y de 16.30 a 19 h. excepto carga y descarga en linea;-3.6397719;40.4282227;GUTIERRE DE CETINA, CALLE, DE, Nº 107
445407,5000000000;4476026,3900000000;41533;15  CIUDAD LINEAL;15-02 PUEBLO NUEVO;GUTIERRE DE CETINA, CALLE, DE;29;CargayDescarga;Línea;3;15,00;LABORABLES DE 8 A 14 H Y DE16.30 A 19 H. EXCEPTO CARGA Y DESCARGA;-3.6436408;40.4330876;GUTIERRE DE CETINA, CALLE, DE, Nº 29
445327,3600000000;4476160,9000000000;41178;15  CIUDAD LINEAL;15-02 PUEBLO NUEVO;GUTIERRE DE CETINA, CALLE, DE;5;CargayDescarga;Línea;3;14,80;;-3.6445971;40.4342941;GUTIERRE DE CETINA, CALLE, DE, Nº 5
445577,3400000000;4475740,1100000000;38397;15  CIUDAD LINEAL;15-02 PUEBLO NUEVO;GUTIERRE DE CETINA, CALLE, DE;71;CargayDescarga;Línea;5;25,00;EN LINEA;-3.641614;40.4305198;GUTIERRE DE CETINA, CALLE, DE, Nº 71
445787,0900000000;4476419,8200000000;38398;15  CIUDAD LINEAL;15-02 PUEBLO NUEVO;JOSE ARCONES GIL, CALLE, DE;8;CargayDescarga;Línea;3;18,00;;-3.6391993;40.4366567;JOSE ARCONES GIL, CALLE, DE, Nº 8
445074,5700000000;4475947,0600000000;42739;15  CIUDAD LINEAL;15-02 PUEBLO NUEVO;LAGO CONSTANZA, CALLE, DEL;13;CargayDescarga;Batería;3;11,90;Laborables de 8 a 20 horas. Sábados no festivos de 8 a 15 horas. Excepto carga y descarga.;-3.6475589;40.4323511;LAGO CONSTANZA, CALLE, DEL, Nº 13
445633,6800000000;4476048,0100000000;38398;15  CIUDAD LINEAL;15-02 PUEBLO NUEVO;MADRES DE LA PLAZA DE MAYO, CALLE, DE LAS;8;CargayDescarga;Línea;2;10,00;LABORABLES DE 9 A 20 HEXCEPTO CARGA Y DESCARGA;-3.6409761;40.4332972;MADRES DE LA PLAZA DE MAYO, CALLE, DE LAS, Nº 8
445614,0600000000;4475396,9300000000;38394;15  CIUDAD LINEAL;15-02 PUEBLO NUEVO;PEDRO ANTONIO DE ALARCON, CALLE, DE;39;CargayDescarga;Línea;4;18,90;;-3.6411517;40.4274306;PEDRO ANTONIO DE ALARCON, CALLE, DE, Nº 39
446209,0000000000;4475342,3500000000;42151;15  CIUDAD LINEAL;15-02 PUEBLO NUEVO;PORTUGALETE, CALLE, DE;23;CargayDescarga;Línea;3;15,00;LAB. DE 8.00 A 20.00 H. EXCEPTO CARGA Y DESCARGA;-3.6341338;40.4269776;PORTUGALETE, CALLE, DE, Nº 23
445440,3400000000;4476257,2600000000;42919;15  CIUDAD LINEAL;15-02 PUEBLO NUEVO;RIO ULLA, CALLE, DEL;2;CargayDescarga;Batería;4;20,10;;-3.6432734;40.4351696;RIO ULLA, CALLE, DEL, Nº 2
446005,3800000000;4475765,6500000000;38397;15  CIUDAD LINEAL;15-02 PUEBLO NUEVO;SEQUILLO, CALLE, DEL;c/Franc Rioja;CargayDescarga;Línea;2;10,00;;-3.6365701;40.4307778;SEQUILLO, CALLE, DEL, Nº c/Franc Rioja
445250,3300000000;4476146,6600000000;42345;15  CIUDAD LINEAL;15-02 PUEBLO NUEVO;TIMOTEO DOMINGO, CALLE, DE;2;CargayDescarga;Línea;3;14,97;lab. de lunes a viernes de 8 a 20 horas y sabados de 8 a 15 horas excepto carga y descarga;-3.6455041;40.4341608;TIMOTEO DOMINGO, CALLE, DE, Nº 2
445194,4900000000;4476110,4100000000;38398;15  CIUDAD LINEAL;15-02 PUEBLO NUEVO;URQUIZA, CALLE, DE;1;CargayDescarga;Línea;2;16,50;;-3.6461592;40.4338305;URQUIZA, CALLE, DE, Nº 1
445732,2500000000;4476441,1000000000;42919;15  CIUDAD LINEAL;15-02 PUEBLO NUEVO;VAZQUEZ DE MELLA, CALLE, DE;1;CargayDescarga;Línea;3;15,16;;-3.6398476;40.4368448;VAZQUEZ DE MELLA, CALLE, DE, Nº 1
445618,4400000000;4476372,8000000000;42919;15  CIUDAD LINEAL;15-02 PUEBLO NUEVO;VICENTE ESPINEL, CALLE, DE;1;CargayDescarga;Línea;4;20,30;;-3.6411836;40.4362221;VICENTE ESPINEL, CALLE, DE, Nº 1
445542,2400000000;4475897,6900000000;43802;15  CIUDAD LINEAL;15-02 PUEBLO NUEVO;VITAL AZA, CALLE, DE;38;CargayDescarga;Línea;3;15,00;DE LUNES A SABADO DE 7 A 11 H. Y DE 17 A 20 H. EXCEPTO CARGA Y DESCARGA;-3.6420413;40.4319371;VITAL AZA, CALLE, DE, Nº 38
444453,9700000000;4475941,7400000000;42376;15  CIUDAD LINEAL;15-03 QUINTANA;ALCALA, CALLE, DE;283;CargayDescarga;Línea;1;5,00;Lab. de 8 a 17 h excepto carga y descarga;-3.6548747;40.4322619;ALCALA, CALLE, DE, Nº 283
444521,8500000000;4475953,6600000000;38394;15  CIUDAD LINEAL;15-03 QUINTANA;ALCALA, CALLE, DE;289;CargayDescarga;Línea;1;8,00;LAB.DE 8 A 14 H. Y DE 16,30 A 19 H.EXCEPTO CARGA Y DESCARGA;-3.6540755;40.4323738;ALCALA, CALLE, DE, Nº 289
444591,0200000000;4475965,7300000000;43027;15  CIUDAD LINEAL;15-03 QUINTANA;ALCALA, CALLE, DE;297;CargayDescarga;Línea;3;15,00;LABORABLES DE 8 A 14 HORAS Y DE 16:30 A 19 HORAS  EXCEPTO CARGA Y DESCARGA;-3.6532611;40.4324872;ALCALA, CALLE, DE, Nº 297
444634,5000000000;4475973,3200000000;38397;15  CIUDAD LINEAL;15-03 QUINTANA;ALCALA, CALLE, DE;301;CargayDescarga;Línea;3;14,00;LAB.DE 8 A 14 H. Y DE 16,30 A 19 H.EXCEPTO CARGA Y DESCARGA;-3.6527492;40.4325585;ALCALA, CALLE, DE, Nº 301
444820,6700000000;4476005,5400000000;43073;15  CIUDAD LINEAL;15-03 QUINTANA;ALCALA, CALLE, DE;321;CargayDescarga;Línea;1;7,00;LABORABLES DE 8 A 14 Y DE 16.30 A 19 H EXCEPTO CARGA Y DESCARGA;-3.6505572;40.4328611;ALCALA, CALLE, DE, Nº 321
445010,5300000000;4476039,3500000000;38419;15  CIUDAD LINEAL;15-03 QUINTANA;ALCALA, CALLE, DE;337;CargayDescarga;Línea;3;29,18;;-3.6483219;40.4331782;ALCALA, CALLE, DE, Nº 337
445043,9000000000;4476052,3000000000;38398;15  CIUDAD LINEAL;15-03 QUINTANA;ALCALA, CALLE, DE;339;CargayDescarga;Línea;4;21,70;LAB. DE 8 A 14 H. Y DE 16,30 A 19 H.EXCEPTO CARGA Y DESCARGA;-3.6479296;40.4332971;ALCALA, CALLE, DE, Nº 339
445456,5400000000;4476306,3400000000;38398;15  CIUDAD LINEAL;15-03 QUINTANA;ALCALA, CALLE, DE;381;CargayDescarga;Línea;6;31,02;;-3.6430867;40.4356128;ALCALA, CALLE, DE, Nº 381
445551,9600000000;4476365,7400000000;38398;15  CIUDAD LINEAL;15-03 QUINTANA;ALCALA, CALLE, DE;389;CargayDescarga;Línea;3;17,00;lab. de 8 a 14 h. y de 16.30 a 19 h..excepto: CARGA Y DESCARGA;-3.6419668;40.4361542;ALCALA, CALLE, DE, Nº 389
445653,2700000000;4476428,7300000000;38398;15  CIUDAD LINEAL;15-03 QUINTANA;ALCALA, CALLE, DE;401;CargayDescarga;Línea;7;37,00;LAB. DE 8 A 14 H. Y DE 16,30 A 19 H.EXCEPTO CARGA Y DESCARGA;-3.6407778;40.4367282;ALCALA, CALLE, DE, Nº 401
445772,6900000000;4476503,4900000000;38418;15  CIUDAD LINEAL;15-03 QUINTANA;ALCALA, CALLE, DE;413;CargayDescarga;Línea;4;20,00;;-3.6393762;40.4374095;ALCALA, CALLE, DE, Nº 413
445943,7800000000;4476585,0800000000;38418;15  CIUDAD LINEAL;15-03 QUINTANA;ALCALA, CALLE, DE;423;CargayDescarga;Línea;4;23,00;;-3.637366;40.4381557;ALCALA, CALLE, DE, Nº 423
446081,0100000000;4476632,5500000000;37048;15  CIUDAD LINEAL;15-03 QUINTANA;ALCALA, CALLE, DE;443;CargayDescarga;Línea;4;18,00;;-3.6357521;40.4385922;ALCALA, CALLE, DE, Nº 443
444402,4300000000;4476007,4000000000;38397;15  CIUDAD LINEAL;15-03 QUINTANA;ALCALDE LOPEZ CASERO, CALLE, DEL;8;CargayDescarga;Línea;3;15,00;;-3.6554881;40.43285;ALCALDE LOPEZ CASERO, CALLE, DEL, Nº 8
445022,7600000000;4476146,7100000000;42737;15  CIUDAD LINEAL;15-03 QUINTANA;ARGENTINA, CALLE, DE;S/N;CargayDescarga;Línea;3;14,90;LAB DE 8 A 15 H. EXCEPTO CARGA Y DESCARGA;-3.648187;40.4341462;ARGENTINA, CALLE, DE, Nº S/N
445888,2700000000;4476630,2300000000;38244;15  CIUDAD LINEAL;15-03 QUINTANA;ARZOBISPO COS, CALLE, DEL;1;CargayDescarga;Línea;5;26,00;;-3.6380243;40.4385588;ARZOBISPO COS, CALLE, DEL, Nº 1
445687,4700000000;4476474,3100000000;42919;15  CIUDAD LINEAL;15-03 QUINTANA;BOLDANO, CALLE, DE;2;CargayDescarga;Línea;5;25,80;;-3.6403784;40.4371411;BOLDANO, CALLE, DE, Nº 2
444497,3600000000;4475972,9100000000;42419;15  CIUDAD LINEAL;15-03 QUINTANA;BUEN GOBERNADOR, CALLE, DEL;1;CargayDescarga;Línea;2;11,60;;-3.6543659;40.4325456;BUEN GOBERNADOR, CALLE, DEL, Nº 1
445466,0400000000;4476334,3900000000;42919;15  CIUDAD LINEAL;15-03 QUINTANA;DOCTOR VALLEJO, CALLE, DEL;1;CargayDescarga;Línea;4;20,00;;-3.6429771;40.4358661;DOCTOR VALLEJO, CALLE, DEL, Nº 1
445419,2400000000;4476445,1200000000;38398;15  CIUDAD LINEAL;15-03 QUINTANA;ELFO, CALLE, DEL;135;CargayDescarga;Línea;3;14,98;;-3.6435383;40.4368606;ELFO, CALLE, DEL, Nº 135
444743,1800000000;4476117,6700000000;42738;15  CIUDAD LINEAL;15-03 QUINTANA;ELFO, CALLE, DEL;59;CargayDescarga;Línea;3;15,00;Laborables de 8 a 20 horas. Sábados no festivos de 8 a 15 horas. Excepto carga y descarga. ;-3.6514805;40.4338661;ELFO, CALLE, DEL, Nº 59
445115,2000000000;4476245,0600000000;43219;15  CIUDAD LINEAL;15-03 QUINTANA;ELFO, CALLE, DEL;80;CargayDescarga;Línea;3;15,00;LAB DE 8 A 14 H Y DE 16.30 A 19 H ESCEPTO CARGA Y DESCARGA;-3.6471057;40.4350383;ELFO, CALLE, DEL, Nº 80
445245,0100000000;4476184,6500000000;43089;15  CIUDAD LINEAL;15-03 QUINTANA;EMILIO GASTESI FERNANDEZ, CALLE, DE;1;CargayDescarga;Línea;1;7,90;LABORABLES DE LUNES A VIERNES DE 8:00 A 20:00 HRS. SÁBADOS LABORABLES DE 8:00 A 15:00 HRS. EXCEPTO CARGA Y DESCARGA ;-3.64557;40.4345026;EMILIO GASTESI FERNANDEZ, CALLE, DE, Nº 1
445211,9600000000;4476340,3300000000;38303;15  CIUDAD LINEAL;15-03 QUINTANA;FEDERICO GUTIERREZ, CALLE, DE;19;CargayDescarga;Línea;3;14,89;;-3.6459731;40.4359029;FEDERICO GUTIERREZ, CALLE, DE, Nº 19
445293,7500000000;4476221,0000000000;42919;15  CIUDAD LINEAL;15-03 QUINTANA;FEDERICO GUTIERREZ, CALLE, DE;2;CargayDescarga;Línea;4;10,82;;-3.6449986;40.4348333;FEDERICO GUTIERREZ, CALLE, DE, Nº 2
445281,1300000000;4476242,2900000000;38398;15  CIUDAD LINEAL;15-03 QUINTANA;FEDERICO GUTIERREZ, CALLE, DE;6;CargayDescarga;Línea;2;9,00;;-3.6451492;40.4350243;FEDERICO GUTIERREZ, CALLE, DE, Nº 6
445139,6100000000;4476462,2700000000;40396;15  CIUDAD LINEAL;15-03 QUINTANA;FEDERICO GUTIERREZ, CALLE, DE;Fte 38;CargayDescarga;Línea;3;14,00;;-3.6468366;40.4369967;FEDERICO GUTIERREZ, CALLE, DE, Nº Fte 38
445505,4600000000;4476859,3700000000;43220;15  CIUDAD LINEAL;15-03 QUINTANA;FLORENCIO GARCIA, CALLE, DE;77;CargayDescarga;Línea;3;15,00;LABORABLES DE 8 A 14H. EXCEPTO CARGA Y DESCARGA EN LÍNEA;-3.6425573;40.440598;FLORENCIO GARCIA, CALLE, DE, Nº 77
446074,9400000000;4476679,4000000000;40560;15  CIUDAD LINEAL;15-03 QUINTANA;GENERAL ARANAZ, CALLE, DEL;3;CargayDescarga;Línea;3;15,00;;-3.6358276;40.4390139;GENERAL ARANAZ, CALLE, DEL, Nº 3
445342,0900000000;4476264,1700000000;42919;15  CIUDAD LINEAL;15-03 QUINTANA;HERMANOS DE PABLO, CALLE, DE LOS;1;CargayDescarga;Batería;4;20,10;;-3.6444324;40.4352254;HERMANOS DE PABLO, CALLE, DE LOS, Nº 1
445230,1200000000;4476476,5700000000;38401;15  CIUDAD LINEAL;15-03 QUINTANA;HERMANOS DE PABLO, CALLE, DE LOS;30;CargayDescarga;Línea;3;17,00;;-3.6457707;40.4371314;HERMANOS DE PABLO, CALLE, DE LOS, Nº 30
445337,8200000000;4476780,9500000000;41257;15  CIUDAD LINEAL;15-03 QUINTANA;JOSE DEL HIERRO, CALLE, DE;48;CargayDescarga;Línea;2;12,10;;-3.6445272;40.4398806;JOSE DEL HIERRO, CALLE, DE, Nº 48
445775,8400000000;4476530,1200000000;42919;15  CIUDAD LINEAL;15-03 QUINTANA;LUVA, CALLE, DE;3;CargayDescarga;Línea;6;30,10;;-3.6393413;40.4376496;LUVA, CALLE, DE, Nº 3
445561,0300000000;4476393,2200000000;42919;15  CIUDAD LINEAL;15-03 QUINTANA;PILEO, CALLE, DEL;2;CargayDescarga;Línea;4;19,81;;-3.6418622;40.4364023;PILEO, CALLE, DEL, Nº 2
445511,4500000000;4476477,3500000000;38401;15  CIUDAD LINEAL;15-03 QUINTANA;REVERENCIA, PLAZA, DE LA;2;CargayDescarga;Línea;4;19,00;;-3.642454;40.437157;REVERENCIA, PLAZA, DE LA, Nº 2
445366,1300000000;4476464,3000000000;42926;15  CIUDAD LINEAL;15-03 QUINTANA;SAMBARA, CALLE, DE;123;CargayDescarga;Línea;4;14,01;LABORABLES DE LUNES A VIERNES DE 8 A 20 H. SÁBADOS LABORABLES DE 8 A 15 H. EXCEPTO CARGA Y DESCARGA;-3.6441661;40.4370299;SAMBARA, CALLE, DE, Nº 123
444606,7300000000;4476025,3500000000;40556;15  CIUDAD LINEAL;15-03 QUINTANA;SIENA, CALLE, DE;37;CargayDescarga;Línea;3;15,10;;-3.6530811;40.4330253;SIENA, CALLE, DE, Nº 37
445353,1700000000;4476538,5000000000;38401;15  CIUDAD LINEAL;15-03 QUINTANA;VIRGEN DE LLUC, CALLE, DE LA;65;CargayDescarga;Línea;2;12,00;;-3.6443253;40.4376974;VIRGEN DE LLUC, CALLE, DE LA, Nº 65
445089,2100000000;4476096,6800000000;38398;15  CIUDAD LINEAL;15-03 QUINTANA;VIRGEN DEL SAGRARIO, CALLE, DE LA;Fte 2;CargayDescarga;Línea;3;14,00;;-3.6473992;40.4336999;VIRGEN DEL SAGRARIO, CALLE, DE LA, Nº Fte 2
445259,1200000000;4476627,4700000000;43899;15  CIUDAD LINEAL;15-03 QUINTANA;ZIGIA, CALLE, DE LA;12;CargayDescarga;Línea;2;10,00;;-3.6454418;40.4384927;ZIGIA, CALLE, DE LA, Nº 12
444367,0100000000;4475926,0200000000;36664;15  CIUDAD LINEAL;15-04 CONCEPCIÓN;ALCALA, CALLE, DE;275;CargayDescarga;Línea;3;15,80;;-3.6558985;40.4321145;ALCALA, CALLE, DE, Nº 275
444394,9300000000;4475981,0600000000;38397;15  CIUDAD LINEAL;15-04 CONCEPCIÓN;ALCALDE LOPEZ CASERO, CALLE, DEL;3;CargayDescarga;Línea;1;5,00;;-3.6555742;40.4326122;ALCALDE LOPEZ CASERO, CALLE, DEL, Nº 3
444386,6300000000;4476031,0500000000;38397;15  CIUDAD LINEAL;15-04 CONCEPCIÓN;ALCALDE LOPEZ CASERO, CALLE, DEL;7;CargayDescarga;Línea;2;10,00;;-3.6556764;40.433062;ALCALDE LOPEZ CASERO, CALLE, DEL, Nº 7
445439,0500000000;4476872,8400000000;40253;15  CIUDAD LINEAL;15-04 CONCEPCIÓN;ANGEL LARRA, CALLE, DE;Fte 2;CargayDescarga;Línea;2;10,00;;-3.6433415;40.440715;ANGEL LARRA, CALLE, DE, Nº Fte 2
444083,3800000000;4476240,4100000000;40360;15  CIUDAD LINEAL;15-04 CONCEPCIÓN;DONOSTIARRA, AVENIDA;2;CargayDescarga;Batería;5;13,00;;-3.6592699;40.4349277;DONOSTIARRA, AVENIDA, Nº 2
445462,6000000000;4476871,3400000000;42284;15  CIUDAD LINEAL;15-04 CONCEPCIÓN;JOSE DEL HIERRO, CALLE, DE;53;CargayDescarga;Línea;3;16,70;Laborables de 8 a 14h, excepto carga y descarga en línea;-3.6430637;40.440703;JOSE DEL HIERRO, CALLE, DE, Nº 53
445293,1000000000;4477115,8300000000;43689;15  CIUDAD LINEAL;15-04 CONCEPCIÓN;MARQUES DE PICO VELASCO, CALLE, DEL;60;CargayDescarga;Línea;3;14,00;lab de 8 a 14 y de 16.30 a 20 h. Escepto Carga y Descarga;-3.6450833;40.4428944;MARQUES DE PICO VELASCO, CALLE, DEL, Nº 60
444203,3100000000;4475957,9500000000;43514;15  CIUDAD LINEAL;15-04 CONCEPCIÓN;RAQUEL MELLER, CALLE, DE;5;CargayDescarga;Línea;3;15,00;laborables de lunes a viernes de 8 a 14 h y de 16.30 a 19 h sabados laborables de 8 a 15 h. excepto carga y descarga en linea;-3.6578312;40.4323912;RAQUEL MELLER, CALLE, DE, Nº 5
444215,7900000000;4476293,0300000000;39001;15  CIUDAD LINEAL;15-04 CONCEPCIÓN;VIRGEN DE LA ROCA, CALLE, DE LA;20;CargayDescarga;Batería;3;10,00;LABORABLES DE 8 A 14 H Y DE16,30 A 19 H. EXCEPTO CARGA YDESCARGA;-3.6577135;40.4354106;VIRGEN DE LA ROCA, CALLE, DE LA, Nº 20
444277,5400000000;4476350,8200000000;38397;15  CIUDAD LINEAL;15-04 CONCEPCIÓN;VIRGEN DE LOURDES, CALLE, DE LA;28;CargayDescarga;Línea;4;19,00;;-3.6569905;40.4359353;VIRGEN DE LOURDES, CALLE, DE LA, Nº 28
444161,1600000000;4476053,3000000000;1;15  CIUDAD LINEAL;15-04 CONCEPCIÓN;VIRGEN DEL PUIG, CALLE, DE LA;S/N;CargayDescarga;Línea;5;17,59;LAB. DE 8 A 14 H.  Y DE 16,30 A 19 H. EXCEPTO CARGA Y DESCARGA;-3.6583365;40.4332473;VIRGEN DEL PUIG, CALLE, DE LA, Nº S/N
444777,5700000000;4476586,7300000000;40603;15  CIUDAD LINEAL;15-04 CONCEPCIÓN;VIRGEN DEL SAGRARIO, CALLE, DE LA;23;CargayDescarga;Línea;2;10,90;LABORABLES DE 9 A  14H . Y DE 16 H A 19 H. EXCEPTO CARGA Y DESCARGA;-3.6511158;40.4380939;VIRGEN DEL SAGRARIO, CALLE, DE LA, Nº 23
444695,1000000000;4476674,6300000000;40872;15  CIUDAD LINEAL;15-04 CONCEPCIÓN;VIRGEN DEL VAL, CALLE, DE LA;32;CargayDescarga;Línea;3;15,00;;-3.6520958;40.4388803;VIRGEN DEL VAL, CALLE, DE LA, Nº 32
444867,7000000000;4476788,8300000000;43286;15  CIUDAD LINEAL;15-04 CONCEPCIÓN;VIRGEN DEL VAL, CALLE, DE LA;52;CargayDescarga;Línea;2;9,61;LAB DE LUNES A VIERNES DE 8 A 14 H Y DE 16.30 A 19 H. SABADOS LAB. DE 8 A 15 H. EXCEPTO CARGA Y DESCARGA;-3.6500707;40.4399205;VIRGEN DEL VAL, CALLE, DE LA, Nº 52
444725,7800000000;4477497,7000000000;43628;15  CIUDAD LINEAL;15-05 SAN PASCUAL;AGASTIA, CALLE, DE;48;CargayDescarga;Línea;3;14,90;lab. de 8 a 14 y de 16.30 a 19 h. máximo 30 minutos excepto: Carga y Descarga;-3.6518057;40.446297;AGASTIA, CALLE, DE, Nº 48
444262,3000000000;4477046,1800000000;40870;15  CIUDAD LINEAL;15-05 SAN PASCUAL;ALBACETE, CALLE, DE;3 A;CargayDescarga;Línea;3;15,00;;-3.6572312;40.4421985;ALBACETE, CALLE, DE, Nº 3 A
444325,0200000000;4476466,6400000000;41663;15  CIUDAD LINEAL;15-05 SAN PASCUAL;ANTONIO CALVO, CALLE, DE;5;CargayDescarga;Línea;3;15,00;Laborables de 8 a 17 horas excepto carga y descarga.;-3.6564409;40.4369819;ANTONIO CALVO, CALLE, DE, Nº 5
444649,1600000000;4477154,5900000000;38146;15  CIUDAD LINEAL;15-05 SAN PASCUAL;BADAJOZ, AVENIDA, DE;13;CargayDescarga;Línea;4;22,00;;-3.6526793;40.4432009;BADAJOZ, AVENIDA, DE, Nº 13
444767,7500000000;4476903,3000000000;44019;15  CIUDAD LINEAL;15-05 SAN PASCUAL;CANAL DE PANAMA, CALLE, DEL;S/N;CargayDescarga;Batería;3;9,70;;-3.6512591;40.4409451;CANAL DE PANAMA, CALLE, DEL, Nº S/N
444571,1600000000;4477302,3000000000;43844;15  CIUDAD LINEAL;15-05 SAN PASCUAL;CONDESA DE VENADITO, CALLE, DE LA;16;CargayDescarga;Línea;3;14,00;LAB DE 8 A 14 H. Y DE 16.30 A 19 H. EXCEPTO CARGA Y DESCARGA;-3.6536119;40.4445264;CONDESA DE VENADITO, CALLE, DE LA, Nº 16
444547,6600000000;4476657,6600000000;38400;15  CIUDAD LINEAL;15-05 SAN PASCUAL;FRANCISCO GINER DE LOS RIOS, CALLE, DE;1;CargayDescarga;Línea;1;18,33;AUTORIZADO CARGAY DESCARGA TIEMPOLIMITADO;-3.6538327;40.4387176;FRANCISCO GINER DE LOS RIOS, CALLE, DE, Nº 1
444727,1100000000;4477287,4500000000;35922;15  CIUDAD LINEAL;15-05 SAN PASCUAL;MADRE ANTONIA PARIS, CALLE, DE LA;1;CargayDescarga;Línea;3;15,04;;-3.6517717;40.444403;MADRE ANTONIA PARIS, CALLE, DE LA, Nº 1
444490,1500000000;4476945,6000000000;38814;15  CIUDAD LINEAL;15-05 SAN PASCUAL;MARTINEZ VILLERGAS, CALLE, DE;21;CargayDescarga;Línea;3;15,00;;-3.6545359;40.4413077;MARTINEZ VILLERGAS, CALLE, DE, Nº 21
444634,9000000000;4476813,6000000000;44019;15  CIUDAD LINEAL;15-05 SAN PASCUAL;MARTINEZ VILLERGAS, CALLE, DE;7;CargayDescarga;Línea;2;11,20;;-3.6528177;40.4401282;MARTINEZ VILLERGAS, CALLE, DE, Nº 7
444478,1200000000;4477286,3700000000;43286;15  CIUDAD LINEAL;15-05 SAN PASCUAL;TORRELAGUNA, CALLE, DE;69;CargayDescarga;Línea;1;12,19;LAB DE LUNES A VIERNES DE 8 A 14.30 Y DE 16.30 A 20 H. EXCEPTO CARGA Y DESCARGA;-3.6547075;40.4443767;TORRELAGUNA, CALLE, DE, Nº 69
444347,0200000000;4476781,3700000000;43566;15  CIUDAD LINEAL;15-05 SAN PASCUAL;VERDAGUER Y GARCIA, CALLE, DE;2;CargayDescarga;Línea;3;16,10;LAB DE LUNES A VIERNES DE 8 A 14 H Y DE 16.30 A 19 H. SABADOS LAB DE 8 A 15 H. EXCEPTO CARGA Y DESCARGA;-3.6562091;40.4398186;VERDAGUER Y GARCIA, CALLE, DE, Nº 2
444625,2600000000;4476940,4000000000;43893;15  CIUDAD LINEAL;15-05 SAN PASCUAL;VERDAGUER Y GARCIA, CALLE, DE;57;CargayDescarga;Línea;2;13,00;lab. de lunes a viernes de 8a 14.30 h y de 16.30 a 20 h. excepto carga y descarga;-3.6529424;40.4412698;VERDAGUER Y GARCIA, CALLE, DE, Nº 57
444375,8400000000;4476804,4800000000;38400;15  CIUDAD LINEAL;15-05 SAN PASCUAL;VERDAGUER Y GARCIA, CALLE, DE;7;CargayDescarga;Línea;3;15,70;laborables de L a V de 8 a 20 h y sábados de 8 a 15 h. Excepto: Carga y Descarga;-3.6558713;40.4400287;VERDAGUER Y GARCIA, CALLE, DE, Nº 7
444573,7000000000;4476609,0700000000;38400;15  CIUDAD LINEAL;15-05 SAN PASCUAL;VIRGEN DEL VAL, CALLE, DE LA;9;CargayDescarga;Línea;5;24,03;;-3.6535214;40.4382816;VIRGEN DEL VAL, CALLE, DE LA, Nº 9
444303,9500000000;4478217,3100000000;41996;15  CIUDAD LINEAL;15-06 SAN JUAN BAUTISTA;AGASTIA, CALLE, DE;102;CargayDescarga;Línea;1;7,00;L a V de 8:00 a 20:00 hrs.Sábados de 8:00 a 15:00 hrs excepto carga y descarga;-3.6568428;40.4527514;AGASTIA, CALLE, DE, Nº 102
444489,4700000000;4478392,9700000000;43278;15  CIUDAD LINEAL;15-06 SAN JUAN BAUTISTA;BUESO PINEDA, CALLE, DE;36;CargayDescarga;Línea;3;15,00;LAB DE 8 A 14 H Y DE 16.30 A 20 H EXCEPTO CARGA Y DESCARGA;-3.6546704;40.4543463;BUESO PINEDA, CALLE, DE, Nº 36
444201,4000000000;4477968,7800000000;38398;15  CIUDAD LINEAL;15-06 SAN JUAN BAUTISTA;CIDAMON, CALLE, DE;1;CargayDescarga;Línea;3;15,00;;-3.6580303;40.4505057;CIDAMON, CALLE, DE, Nº 1
443945,2600000000;4477669,1400000000;44004;15  CIUDAD LINEAL;15-06 SAN JUAN BAUTISTA;RAFAEL BERGAMIN, CALLE, DE;8;CargayDescarga;Batería;3;15,00;LAB. DE LUNES A VIERNES DE 8 A 14 H.. EXCEPTO CARGA Y DESCARGA;-3.6610243;40.4477891;RAFAEL BERGAMIN, CALLE, DE, Nº 8
444217,9100000000;4477659,9300000000;43214;15  CIUDAD LINEAL;15-06 SAN JUAN BAUTISTA;RAMIREZ DE ARELLANO, CALLE, DE;27;CargayDescarga;Línea;1;6,36;Laborables 8 a 14h y de 16.30 a 19 h. Excepto Carga y Descarga;-3.6578085;40.4477245;RAMIREZ DE ARELLANO, CALLE, DE, Nº 27
444191,3800000000;4477926,8000000000;43514;15  CIUDAD LINEAL;15-06 SAN JUAN BAUTISTA;TORRELAGUNA, CALLE, DE;72;CargayDescarga;Línea;1;7,00;LABORABLES DE 8 A 14 H. EXCEPTO CARGA Y DESCARGA;-3.6581448;40.4501268;TORRELAGUNA, CALLE, DE, Nº 72
444104,3800000000;4478841,1200000000;1;15  CIUDAD LINEAL;15-07 COLINA;CAÑAS, CALLE, DE LAS;con Arturo Sori;CargayDescarga;Línea;2;11,90;LAB. DE 9 A 14 H Y DE 16:30 A 20 HEXCEPTO CARGA Y DESCARGA;-3.6592512;40.4583576;CAÑAS, CALLE, DE LAS, Nº con Arturo Sori
443997,2900000000;4478800,1600000000;35528;15  CIUDAD LINEAL;15-07 COLINA;LOPEZ DE HOYOS, CALLE, DE;301;CargayDescarga;Batería;7;18,03;;-3.6605106;40.4579814;LOPEZ DE HOYOS, CALLE, DE, Nº 301
443992,9500000000;4478472,2800000000;44187;15  CIUDAD LINEAL;15-07 COLINA;TORRELAGUNA, CALLE, DE;108;CargayDescarga;Línea;2;15,10;LAB. DE LUNES A SABADO DE 8 A 14.30 H EXCEPTO CARGA Y DESCARGA;-3.6605328;40.4550274;TORRELAGUNA, CALLE, DE, Nº 108
444008,7400000000;4478921,2800000000;43721;15  CIUDAD LINEAL;15-07 COLINA;VICENTE MUZAS, CALLE, DE;17;CargayDescarga;Línea;2;11,00;DE LUNES A SABADO DE 7 A 11 H. Y DE 17 A 20H. EXCEPTO CARGA Y DESCARGA;-3.6603862;40.4590733;VICENTE MUZAS, CALLE, DE, Nº 17
443571,8200000000;4479540,2700000000;40941;15  CIUDAD LINEAL;15-08 ATALAYA;ARTURO SORIA, CALLE, DE;243;CargayDescarga;Línea;3;15,00;;-3.6655942;40.4646199;ARTURO SORIA, CALLE, DE, Nº 243
443348,6000000000;4480822,3400000000;38127;15  CIUDAD LINEAL;15-09 COSTILLARES;ARTURO SORIA, CALLE, DE;312;CargayDescarga;Línea;1;8,00;;-3.6683414;40.4761542;ARTURO SORIA, CALLE, DE, Nº 312
443140,0400000000;4481129,4700000000;1;15  CIUDAD LINEAL;15-09 COSTILLARES;CALERUEGA, CALLE, DE;35;CargayDescarga;Línea;3;17,10;;-3.6708293;40.4789067;CALERUEGA, CALLE, DE, Nº 35
443090,0300000000;4481171,7500000000;43483;15  CIUDAD LINEAL;15-09 COSTILLARES;CONDADO DE TREVIÑO, CALLE, DEL;26;CargayDescarga;Línea;3;15,10;LAB DE LUNES A VIERNES DE 8 A 14 H Y DE 16.30 A 19 H. SABADOS LAB DE 8 A 15 H. EXCEPTO CARGA Y DESCARGA EN LINEA;-3.6714231;40.4792841;CONDADO DE TREVIÑO, CALLE, DEL, Nº 26
443517,2000000000;4481265,7900000000;43637;15  CIUDAD LINEAL;15-09 COSTILLARES;CULTURA, CALLE, DE LA;20;CargayDescarga;Línea;2;12,00;LAB. DE 8 A 14 H Y DE 16.30 A 19 H. SABADOS DE 8 A 15H. EXCEPTO CARGA Y DESCARGA;-3.666392;40.4801604;CULTURA, CALLE, DE LA, Nº 20
443784,5500000000;4481342,0100000000;42899;15  CIUDAD LINEAL;15-09 COSTILLARES;DULZAINA, CALLE, DE LA;6;CargayDescarga;Batería;4;10,00;LABORABLES DE L A V DE 8:00 A 20:00 H , SÁBADOS DE 8:00 A 15:00 H. EXCEPTO CARGA Y DESCARGA EN LÍNEA;-3.6632448;40.4808652;DULZAINA, CALLE, DE LA, Nº 6
443378,3400000000;4480906,2200000000;42250;15  CIUDAD LINEAL;15-09 COSTILLARES;JAZMIN, CALLE, DEL;14;CargayDescarga;Batería;1;7,00;Lab. de 8 a 17h. excepto: Carga y Descarga en linea;-3.6679981;40.4769118;JAZMIN, CALLE, DEL, Nº 14
443117,0900000000;4480825,1900000000;42947;15  CIUDAD LINEAL;15-09 COSTILLARES;YERMA, CALLE, DE;11;CargayDescarga;Línea;2;10,00;LABORABLES DE LUNES A VIERNES DE 8 A 20 H. SÁBADOS LABORABLES DE 8 A 15 H. EXCEPTO CARGA Y DESCARGA ;-3.6710727;40.476164;YERMA, CALLE, DE, Nº 11
447554,6100000000;4478449,9800000000;38447;16  HORTALEZA;16-01 PALOMAS;ARCES, AVENIDA, DE LOS;24;CargayDescarga;Línea;3;15,00;;-3.6185281;40.4550589;ARCES, AVENIDA, DE LOS, Nº 24
447547,5100000000;4478457,4500000000;38447;16  HORTALEZA;16-01 PALOMAS;ARCES, AVENIDA, DE LOS;Fte 24;CargayDescarga;Línea;3;15,00;;-3.6186124;40.4551258;ARCES, AVENIDA, DE LOS, Nº Fte 24
447847,7000000000;4478251,1600000000;43619;16  HORTALEZA;16-01 PALOMAS;GUADALAJARA, CALLE, DE;32;CargayDescarga;Línea;3;14,00;LAB. DE 8 A 14.30 H EXCEPTO CARGA Y DESCARGA;-3.6150553;40.4532863;GUADALAJARA, CALLE, DE, Nº 32
447422,6100000000;4478449,8600000000;37859;16  HORTALEZA;16-01 PALOMAS;PETUNIAS, CALLE, DE LAS;S/N;CargayDescarga;Línea;3;15,00;;-3.6200848;40.4550495;PETUNIAS, CALLE, DE LAS, Nº S/N
447412,7300000000;4478444,6500000000;37859;16  HORTALEZA;16-01 PALOMAS;PETUNIAS, CALLE, DE LAS;S/N;CargayDescarga;Línea;3;15,00;;-3.6202008;40.4550019;PETUNIAS, CALLE, DE LAS, Nº S/N
447028,3300000000;4478861,2800000000;43256;16  HORTALEZA;16-02 PIOVERA;LOPEZ DE LA PLATA, PLAZA, DE;3;CargayDescarga;Batería;2;5,50;LAB. DE 8 A 17 H EXCEPTO CARGA Y DESCARGA;-3.6247689;40.4587307;LOPEZ DE LA PLATA, PLAZA, DE, Nº 3
447061,8000000000;4478695,0600000000;42543;16  HORTALEZA;16-02 PIOVERA;MACHUPICHU, AVENIDA, DE;14;CargayDescarga;Línea;2;9,00;;-3.6243603;40.4572355;MACHUPICHU, AVENIDA, DE, Nº 14
445001,1900000000;4479465,2200000000;43853;16  HORTALEZA;16-03 CANILLAS;ALEJANDRO VILLEGAS, CALLE, DE;18;CargayDescarga;Línea;3;13,10;LAB. DE 8 A 12H. EXCEPTO CARGA Y DESCARGA;-3.6487287;40.4640397;ALEJANDRO VILLEGAS, CALLE, DE, Nº 18
445692,0900000000;4479577,6300000000;38442;16  HORTALEZA;16-03 CANILLAS;CANILLAS, CARRETERA, DE;134;CargayDescarga;Batería;6;14,00;LABORABLES DE 9 A 20H.EXCEPTO CARGA Y DESCARGA;-3.6405894;40.4650977;CANILLAS, CARRETERA, DE, Nº 134
445089,3300000000;4479376,8100000000;38448;16  HORTALEZA;16-03 CANILLAS;CANILLAS, CARRETERA, DE;41;CargayDescarga;Batería;2;6,00;;-3.6476814;40.463249;CANILLAS, CARRETERA, DE, Nº 41
445190,7900000000;4479403,8200000000;42468;16  HORTALEZA;16-03 CANILLAS;CANILLAS, CARRETERA, DE;45;CargayDescarga;Línea;4;20,00;;-3.6464871;40.4634991;CANILLAS, CARRETERA, DE, Nº 45
445395,7200000000;4479469,3700000000;39882;16  HORTALEZA;16-03 CANILLAS;CANILLAS, CARRETERA, DE;84;CargayDescarga;Línea;3;15,00;;-3.6440757;40.4641031;CANILLAS, CARRETERA, DE, Nº 84
445010,4600000000;4479087,8500000000;38448;16  HORTALEZA;16-03 CANILLAS;GOMEZNARRO, CALLE, DE;93;CargayDescarga;Línea;3;15,00;;-3.6485866;40.4606407;GOMEZNARRO, CALLE, DE, Nº 93
446235,2200000000;4479445,9500000000;44260;16  HORTALEZA;16-03 CANILLAS;JOSE DOMINGO RUS, CALLE, DE;S/N;CargayDescarga;Línea;2;12,00;LAB. DE 8 A 12 H. EXCEPTO CARGA Y DESCARGA;-3.6341721;40.4639468;JOSE DOMINGO RUS, CALLE, DE, Nº S/N
444791,7800000000;4479294,8800000000;43461;16  HORTALEZA;16-03 CANILLAS;MATAPOZUELOS, CALLE, DE;53;CargayDescarga;Línea;1;7,02;SEGUNDO Y CUARTO JUEVES DE CADA MES DE 10 A 15H. EXCEPTO CARGA Y DESCARGA;-3.6511838;40.4624913;MATAPOZUELOS, CALLE, DE, Nº 53
445065,3000000000;4478873,7200000000;41270;16  HORTALEZA;16-03 CANILLAS;MILAN, CALLE, DE;34;CargayDescarga;Línea;2;12,00;Laborables de 9 a 14 horas y de 16.30 a 19 horas excepto carga y descarga;-3.6479213;40.4587154;MILAN, CALLE, DE, Nº 34
444029,6900000000;4479275,1000000000;39995;16  HORTALEZA;16-03 CANILLAS;MONTEARAGON, CALLE, DE;2;CargayDescarga;Línea;1;7,60;;-3.6601703;40.4622621;MONTEARAGON, CALLE, DE, Nº 2
446387,4100000000;4479538,5400000000;42081;16  HORTALEZA;16-03 CANILLAS;MOTA DEL CUERVO, CALLE, DE;9;CargayDescarga;Batería;2;7,00;;-3.6323849;40.4647908;MOTA DEL CUERVO, CALLE, DE, Nº 9
446452,5000000000;4479644,8000000000;38442;16  HORTALEZA;16-03 CANILLAS;MOTILLA DEL PALANCAR, CALLE, DE;18;CargayDescarga;Línea;4;19,00;EXCEPTO SERVICIO GALERIASDE 8 A 20 H;-3.6316261;40.4657522;MOTILLA DEL PALANCAR, CALLE, DE, Nº 18
445099,5500000000;4479036,0800000000;36615;16  HORTALEZA;16-03 CANILLAS;NUESTRA SEÑORA DEL TRANSITO, PLAZA, DE;11;CargayDescarga;Línea;4;19,00;;-3.6475314;40.4601802;NUESTRA SEÑORA DEL TRANSITO, PLAZA, DE, Nº 11
444968,5500000000;4479366,4800000000;44160;16  HORTALEZA;16-03 CANILLAS;PEGASO, CALLE, DE;4;CargayDescarga;Línea;2;11,30;;-3.6491051;40.463148;PEGASO, CALLE, DE, Nº 4
445301,3900000000;4478771,5900000000;38443;16  HORTALEZA;16-03 CANILLAS;PUENTECILLO, CALLE, DEL;29;CargayDescarga;Línea;5;27,00;LABORABLES DE 06 A 15 HEXCEPTO CARGA Y DESCARGA;-3.6451281;40.4578109;PUENTECILLO, CALLE, DEL, Nº 29
446570,7600000000;4479306,8600000000;42466;16  HORTALEZA;16-03 CANILLAS;SILVANO, CALLE, DE;131;CargayDescarga;Línea;1;19,04;;-3.6302028;40.4627155;SILVANO, CALLE, DE, Nº 131
445794,6000000000;4479548,0500000000;43286;16  HORTALEZA;16-03 CANILLAS;TORQUEMADA, CALLE, DE;S/N;CargayDescarga;Batería;5;12,40;de lunes a sabado de 7 a 8 h excepto carga y descarga;-3.6393778;40.464838;TORQUEMADA, CALLE, DE, Nº S/N
445793,6500000000;4480586,3800000000;38443;16  HORTALEZA;16-04 PINAR DEL REY;BARRANQUILLA, AVENIDA, DE LA;2;CargayDescarga;Línea;3;15,00;DE 9 A 20 HORASEXCEPTO CARGA Y DESCARGA;-3.6394777;40.4741917;BARRANQUILLA, AVENIDA, DE LA, Nº 2
445845,2900000000;4480571,5800000000;38443;16  HORTALEZA;16-04 PINAR DEL REY;GALAPA, CALLE, DE;6;CargayDescarga;Línea;3;17,00;EXCEPTO CARGA Y DESCARGAMERCADO;-3.6388673;40.4740618;GALAPA, CALLE, DE, Nº 6
444957,5300000000;4479886,6300000000;43518;16  HORTALEZA;16-04 PINAR DEL REY;GRAN VIA DE HORTALEZA, AVENIDA, DE LA;37;CargayDescarga;Línea;2;10,10;laborables de 8 a 14.30 h. excepto carga y descarga;-3.6492802;40.467833;GRAN VIA DE HORTALEZA, AVENIDA, DE LA, Nº 37
445441,8800000000;4480052,5100000000;43312;16  HORTALEZA;16-04 PINAR DEL REY;GRAN VIA DE HORTALEZA, AVENIDA, DE LA;67 C;CargayDescarga;Línea;5;23,80;LAB DE LUNES A SABADO DE 8 A 14.30 H EXCEPTO CARGA Y DESCARGA;-3.6435814;40.4693593;GRAN VIA DE HORTALEZA, AVENIDA, DE LA, Nº 67 C
446100,2200000000;4480322,2400000000;36227;16  HORTALEZA;16-04 PINAR DEL REY;GUATAVITA, CALLE, DE;1;CargayDescarga;Línea;3;15,00;;-3.6358388;40.4718322;GUATAVITA, CALLE, DE, Nº 1
445490,0400000000;4480473,8400000000;42074;16  HORTALEZA;16-04 PINAR DEL REY;MAR CASPIO, CALLE, DEL;43;CargayDescarga;Línea;1;7,00;LAB. DE 8 A 14 H. Y DE 16.30 A 19 H. EXCEPTO CARGA Y DESCARGA;-3.6430495;40.473158;MAR CASPIO, CALLE, DEL, Nº 43
445482,4400000000;4480608,6200000000;38447;16  HORTALEZA;16-04 PINAR DEL REY;MAR DE ARAL, CALLE, DEL;12;CargayDescarga;Batería;6;28,00;LABORABLES DE 9 A 14 HORAS Y DE 16.30 A 20 HORASEXCEPTO CARGA Y DESCARGA;-3.6431508;40.4743717;MAR DE ARAL, CALLE, DEL, Nº 12
445431,4500000000;4480568,5300000000;40886;16  HORTALEZA;16-04 PINAR DEL REY;MAR MENOR, CALLE, DEL;1;CargayDescarga;Línea;3;15,00;Lab. de 9 a 14 hy de 16.30 a 20 hexcepto carga  y descarga;-3.6437488;40.4740072;MAR MENOR, CALLE, DEL, Nº 1
445504,6400000000;4480557,7800000000;43360;16  HORTALEZA;16-04 PINAR DEL REY;MAR NEGRO, CALLE, DEL;2;CargayDescarga;Línea;7;10,14;;-3.6428845;40.4739152;MAR NEGRO, CALLE, DEL, Nº 2
444804,5800000000;4480432,6200000000;38442;16  HORTALEZA;16-04 PINAR DEL REY;SAN LUIS, AVENIDA, DE;54;CargayDescarga;Línea;3;15,00;LAB. EXCEPTO CARGA YDESCARGA DE 9 A 14 H.;-3.6511318;40.4727414;SAN LUIS, AVENIDA, DE, Nº 54
445154,6400000000;4481071,8800000000;39491;16  HORTALEZA;16-04 PINAR DEL REY;SANTA SUSANA, CALLE, DE;41;CargayDescarga;Línea;3;15,00;;-3.6470577;40.4785234;SANTA SUSANA, CALLE, DE, Nº 41
444838,7800000000;4480687,1600000000;43670;16  HORTALEZA;16-04 PINAR DEL REY;VIRGEN DEL CARMEN, AVENIDA, DE LA;35;CargayDescarga;Línea;2;12,00;;-3.6507505;40.4750367;VIRGEN DEL CARMEN, AVENIDA, DE LA, Nº 35
444871,2700000000;4480684,0600000000;38448;16  HORTALEZA;16-04 PINAR DEL REY;VIRGEN DEL CARMEN, AVENIDA, DE LA;52;CargayDescarga;Línea;3;15,00;;-3.6503669;40.4750109;VIRGEN DEL CARMEN, AVENIDA, DE LA, Nº 52
443944,3100000000;4480008,4300000000;39728;16  HORTALEZA;16-05 APÓSTOL SANTIAGO;AÑASTRO, CALLE, DE;Fte 62;CargayDescarga;Línea;2;10,00;;-3.6612421;40.4688625;AÑASTRO, CALLE, DE, Nº Fte 62
443850,0200000000;4480079,0000000000;38443;16  HORTALEZA;16-05 APÓSTOL SANTIAGO;BURGO DE OSMA, CALLE, DE;6;CargayDescarga;Línea;3;15,00;;-3.6623605;40.4694919;BURGO DE OSMA, CALLE, DE, Nº 6
443637,8600000000;4480729,5500000000;43263;16  HORTALEZA;16-05 APÓSTOL SANTIAGO;ESPLIEGO, CALLE, DEL;25;CargayDescarga;Línea;3;15,00;LAB DE 12 A 18 H EXCEPTO CARGA Y DESCARGA;-3.6649209;40.475338;ESPLIEGO, CALLE, DEL, Nº 25
443756,6600000000;4479969,1100000000;39267;16  HORTALEZA;16-05 APÓSTOL SANTIAGO;MESENA, CALLE, DE;106 D;CargayDescarga;Línea;4;17,82;;-3.663452;40.4684956;MESENA, CALLE, DE, Nº 106 D
444386,3700000000;4482097,3900000000;42646;16  HORTALEZA;16-06 VALDEFUENTES;ALCALDE MORENO TORRES, PLAZA, DEL;4;CargayDescarga;Línea;3;15,10;;-3.656211;40.4877105;ALCALDE MORENO TORRES, PLAZA, DEL, Nº 4
443920,1100000000;4482202,8600000000;43375;16  HORTALEZA;16-06 VALDEFUENTES;MANOTERAS, AVENIDA, DE;S/N;CargayDescarga;Línea;3;15,00;LAB DE 9 A 12 H. EXCEPTO CARGA Y DESCARGA;-3.6617216;40.4886293;MANOTERAS, AVENIDA, DE, Nº S/N
443884,4000000000;4482203,4500000000;42174;16  HORTALEZA;16-06 VALDEFUENTES;OÑA, CALLE, DE;127;CargayDescarga;Línea;3;13,90;LABORABLES DE 9 A 12 H. EXCEPTO CARGA Y DESCARGA;-3.662143;40.4886322;OÑA, CALLE, DE, Nº 127
439607,6800000000;4466343,9800000000;39417;17  VILLAVERDE;17-01 CASCO HISTÓRICO DE VILLAVERDE;ALADIERNA, CALLE, DE LA;16;CargayDescarga;Línea;3;17,00;lab. de 9 a 20 h. excepto: [CARGA Y DESCARGA];-3.7110974;40.3454628;ALADIERNA, CALLE, DE LA, Nº 16
439493,1400000000;4466077,9700000000;42986;17  VILLAVERDE;17-01 CASCO HISTÓRICO DE VILLAVERDE;ALBERTO PALACIOS, CALLE, DE;20;CargayDescarga;Línea;1;7,00;Laborables de 8 a 14h. Excepto Carga y Descarga;-3.7124207;40.3430581;ALBERTO PALACIOS, CALLE, DE, Nº 20
439472,2300000000;4466308,6800000000;38611;17  VILLAVERDE;17-01 CASCO HISTÓRICO DE VILLAVERDE;ALBERTO PALACIOS, PASEO, DE;35;CargayDescarga;Línea;3;15,00;lab. de 8 a 14 h. excepto: [CARGA Y DESCARGA];-3.7126888;40.3451349;ALBERTO PALACIOS, PASEO, DE, Nº 35
439408,5500000000;4466214,0000000000;43313;17  VILLAVERDE;17-01 CASCO HISTÓRICO DE VILLAVERDE;ALBERTO PALACIOS, PASEO, DE;50;CargayDescarga;Línea;3;15,00;DÍAS LABORABLES DE 8:00 A 15:00 H EXCEPTO GESTION ADMINISTRATIVA AUTOTAXI;-3.7134295;40.3442774;ALBERTO PALACIOS, PASEO, DE, Nº 50
439398,7700000000;4466201,2400000000;41492;17  VILLAVERDE;17-01 CASCO HISTÓRICO DE VILLAVERDE;ALBERTO PALACIOS, PASEO, DE;52;CargayDescarga;Línea;3;15,00;Laborables de 8 a 14 horas. Excepto CARGA Y DESCARGA;-3.7135435;40.3441617;ALBERTO PALACIOS, PASEO, DE, Nº 52
439288,9400000000;4466160,4700000000;40140;17  VILLAVERDE;17-01 CASCO HISTÓRICO DE VILLAVERDE;ALBERTO PALACIOS, PASEO, DE;68;CargayDescarga;Línea;3;18,10;lab. de 8 a 14 h. y de 16,30 a 19 h. excepto: [CARGA Y DESCARGA];-3.7148327;40.3437865;ALBERTO PALACIOS, PASEO, DE, Nº 68
439187,3700000000;4466137,7900000000;1;17  VILLAVERDE;17-01 CASCO HISTÓRICO DE VILLAVERDE;ALBERTO PALACIOS, PASEO, DE;78;CargayDescarga;Línea;2;9,90;lab. de 8 a 14 h.y de 16,30 a 19 h. excepto:[CARGA YDESCARGA];-3.7160264;40.3435748;ALBERTO PALACIOS, PASEO, DE, Nº 78
439917,4600000000;4466471,1400000000;38369;17  VILLAVERDE;17-01 CASCO HISTÓRICO DE VILLAVERDE;ALBINO HERNANDEZ LAZARO, CALLE, DE;24;CargayDescarga;Línea;4;20,00;lab. de 8 a 14 h. y de 16,30 a 19h excepto: CARGA Y                DESCARGA;-3.7074621;40.3466307;ALBINO HERNANDEZ LAZARO, CALLE, DE, Nº 24
439948,1700000000;4466345,4700000000;39836;17  VILLAVERDE;17-01 CASCO HISTÓRICO DE VILLAVERDE;ALBINO HERNANDEZ LAZARO, CALLE, DE;31;CargayDescarga;Línea;2;12,00;LABORABLES DE 8 A 14 H. EXCEPTO CARGA Y DESCARGA;-3.7070887;40.3455008;ALBINO HERNANDEZ LAZARO, CALLE, DE, Nº 31
440001,9600000000;4466727,7200000000;41626;17  VILLAVERDE;17-01 CASCO HISTÓRICO DE VILLAVERDE;ARROYO BUENO, CALLE, DEL;13;CargayDescarga;Línea;4;21,00;LABORABLES DE 8 A 20 H.EXCEPTO CARGA Y DESCARGA;-3.7064913;40.3489482;ARROYO BUENO, CALLE, DEL, Nº 13
439604,3400000000;4466473,3700000000;44179;17  VILLAVERDE;17-01 CASCO HISTÓRICO DE VILLAVERDE;CALAMINA, CALLE, DE LA;4;CargayDescarga;Línea;5;32,22;lab. de 7 a 20 h. excepto: [CARGA Y DESCARGA];-3.7111489;40.3466281;CALAMINA, CALLE, DE LA, Nº 4
440036,2400000000;4466611,5700000000;38369;17  VILLAVERDE;17-01 CASCO HISTÓRICO DE VILLAVERDE;DOCTOR CRIADO, CALLE, DEL;1;CargayDescarga;Línea;2;13,00;LABORABLES DE 8 A 14 H. EXCEPTO CARGA Y DESCARGA;-3.7060767;40.3479043;DOCTOR CRIADO, CALLE, DEL, Nº 1
439958,1600000000;4466505,5600000000;40066;17  VILLAVERDE;17-01 CASCO HISTÓRICO DE VILLAVERDE;DOCTOR PEREZ DOMINGUEZ, CALLE, DEL;11;CargayDescarga;Línea;2;12,00;DE LUNES A VIERNES DE 8 A 14 H. Y DE 16,30 A 19 H.EXCEPTO CARGA Y DESCARGA;-3.7069861;40.3469437;DOCTOR PEREZ DOMINGUEZ, CALLE, DEL, Nº 11
439522,4700000000;4465966,4300000000;42800;17  VILLAVERDE;17-01 CASCO HISTÓRICO DE VILLAVERDE;DOMINGO PARRAGA, CALLE, DE;40;CargayDescarga;Línea;2;12,00;LABORABLES DE 8:00 A 17:00 H EXCEPTO CARGA Y DESCARGA;-3.7120649;40.3420554;DOMINGO PARRAGA, CALLE, DE, Nº 40
439743,3100000000;4466265,9200000000;40449;17  VILLAVERDE;17-01 CASCO HISTÓRICO DE VILLAVERDE;ESPINELA, AVENIDA, DE LA;15;CargayDescarga;Línea;3;15,00;LAB. DE 9 A 14 H. EXCEPTO CARGA Y DESCARGA;-3.7094931;40.3447694;ESPINELA, AVENIDA, DE LA, Nº 15
439867,7800000000;4466057,3500000000;39875;17  VILLAVERDE;17-01 CASCO HISTÓRICO DE VILLAVERDE;GOMEZ ACEBO, CALLE, DE;4;CargayDescarga;Línea;3;15,00;LUNES A VIERNES DE 8 A 14 H. Y DE 16,30 A 19 H.EXCEPTO CARGA Y DESCARGA;-3.708008;40.3428994;GOMEZ ACEBO, CALLE, DE, Nº 4
439397,4600000000;4466514,2700000000;37032;17  VILLAVERDE;17-01 CASCO HISTÓRICO DE VILLAVERDE;JUAN PEÑALVER, CALLE, DE;24;CargayDescarga;Línea;1;8,00;LABORABLES DE 8 A 14 H. Y DE 16,30 A 19 H. EXCEPTO CARGA Y DESCARGA;-3.7135886;40.3469816;JUAN PEÑALVER, CALLE, DE, Nº 24
440029,1400000000;4467053,8000000000;39548;17  VILLAVERDE;17-01 CASCO HISTÓRICO DE VILLAVERDE;LAGUNA RODRIGO, CALLE, DE;7;CargayDescarga;Línea;3;15,00;"LABORABLES DE 8;00 A 14:00H. EXCEPTO CARGA Y DESCARGA";-3.7062019;40.3518876;LAGUNA RODRIGO, CALLE, DE, Nº 7
439498,1300000000;4466151,3600000000;39449;17  VILLAVERDE;17-01 CASCO HISTÓRICO DE VILLAVERDE;LEGANES, CAMINO, DE;39;CargayDescarga;Línea;2;11,00;lab. de 8 a 14 h. y de 16,30 a 19 h. excepto: [CARGA Y DESCARGA];-3.7123689;40.3437196;LEGANES, CAMINO, DE, Nº 39
440179,8000000000;4466060,4400000000;39458;17  VILLAVERDE;17-01 CASCO HISTÓRICO DE VILLAVERDE;LENGUAS, CALLE, DE LAS;12;CargayDescarga;Línea;3;16,00;Lab. de Lunes a Viernes de 8,00 a 22.00h.excepto Carga y descarga;-3.7043348;40.3429497;LENGUAS, CALLE, DE LAS, Nº 12
440087,8300000000;4466042,0400000000;36133;17  VILLAVERDE;17-01 CASCO HISTÓRICO DE VILLAVERDE;LENGUAS, CALLE, DE LAS;7;CargayDescarga;Línea;3;15,00;LABORABLES DE 8 A 14 H. Y DE 16,30 A 19 H. EXCEPTO CARGA Y DESCARGA ;-3.7054159;40.3427773;LENGUAS, CALLE, DE LAS, Nº 7
439647,8500000000;4466451,0000000000;38366;17  VILLAVERDE;17-01 CASCO HISTÓRICO DE VILLAVERDE;MORERAS, PASEO, DE LAS;11;CargayDescarga;Línea;2;13,00;lab. de 9 a 20 h. excepto: [CARGA Y DESCARGA];-3.7106345;40.3464298;MORERAS, PASEO, DE LAS, Nº 11
439671,6500000000;4466338,5800000000;35360;17  VILLAVERDE;17-01 CASCO HISTÓRICO DE VILLAVERDE;MORERAS, PASEO, DE LAS;Fte 19;CargayDescarga;Línea;3;14,90;laborables de 9 a 14 h. y de 16,30 a 20 h.excepto: [CARGA Y DESCARGA];-3.7103437;40.3454187;MORERAS, PASEO, DE LAS, Nº Fte 19
440046,7800000000;4466518,4300000000;35954;17  VILLAVERDE;17-01 CASCO HISTÓRICO DE VILLAVERDE;OXIGENO, CALLE, DEL;13;CargayDescarga;Línea;2;10,10;LABORABLES DE 9 A 14 H. Y DE 16,30  A 20 H. EXCEPTO CARGA Y DESCARGA;-3.7059439;40.347066;OXIGENO, CALLE, DEL, Nº 13
439808,9700000000;4466274,9700000000;42068;17  VILLAVERDE;17-01 CASCO HISTÓRICO DE VILLAVERDE;PARVILLAS ALTAS, CALLE, DE;25;CargayDescarga;Línea;1;15,00;LABORABLES DE 8 A 19 H.EXCEPTO CARGA Y DESCARGA;-3.7087209;40.3448556;PARVILLAS ALTAS, CALLE, DE, Nº 25
439849,9400000000;4466315,3900000000;38366;17  VILLAVERDE;17-01 CASCO HISTÓRICO DE VILLAVERDE;PARVILLAS, PLAZA, DE;Fte 4;CargayDescarga;Línea;2;9,00;lab. de 8 a 14 h. excepto: [CARGA Y DESCARGA];-3.7082424;40.3452227;PARVILLAS, PLAZA, DE, Nº Fte 4
439735,0300000000;4466190,0700000000;38366;17  VILLAVERDE;17-01 CASCO HISTÓRICO DE VILLAVERDE;PEDRO JIMENEZ, CALLE, DE;2;CargayDescarga;Línea;1;8,00;lab. de 8 a 14 h. y de 16,30 a 19 h. excepto: [CARGA Y DESCARGA];-3.7095835;40.3440855;PEDRO JIMENEZ, CALLE, DE, Nº 2
440008,2500000000;4466669,7600000000;1;17  VILLAVERDE;17-01 CASCO HISTÓRICO DE VILLAVERDE;PLATA, CALLE, DE LA;14;CargayDescarga;Línea;2;10,00;LABORABLES DE 8 A 14 H.Y DE 16,30  A 19 H. EXCEPTOCARGA Y DESCARGA;-3.7064118;40.3484265;PLATA, CALLE, DE LA, Nº 14
439736,6200000000;4466405,4400000000;37587;17  VILLAVERDE;17-01 CASCO HISTÓRICO DE VILLAVERDE;PUENTE DE VIZCAYA, CALLE, DEL;6;CargayDescarga;Batería;1;8,10;lab. de 8 a 14 h. excepto: [CARGA Y DESCARGA];-3.7095851;40.3460257;PUENTE DE VIZCAYA, CALLE, DEL, Nº 6
439297,2100000000;4466613,4400000000;43564;17  VILLAVERDE;17-01 CASCO HISTÓRICO DE VILLAVERDE;PUERTO LAPICE, CALLE, DE;2;CargayDescarga;Línea;2;11,00;LAB. DE 8 A 14 H EXCEPTO CARGA Y DESCARGA;-3.7147784;40.3478677;PUERTO LAPICE, CALLE, DE, Nº 2
440257,2800000000;4466586,8300000000;43423;17  VILLAVERDE;17-01 CASCO HISTÓRICO DE VILLAVERDE;SAN JENARO, CALLE, DE;14;CargayDescarga;Línea;2;10,00;LABORABLES DE 8 A 14 EXCEPTO CARGA Y DESCARGA;-3.7034719;40.3476973;SAN JENARO, CALLE, DE, Nº 14
439564,8700000000;4466055,7300000000;40829;17  VILLAVERDE;17-01 CASCO HISTÓRICO DE VILLAVERDE;VILLASTAR, CALLE, DE;26;CargayDescarga;Línea;4;21,50;LABORABLES DE 8 A 14 H. Y DE  16,30 A 19 H. EXCEPTO CARGA Y DESCARGA;-3.7115741;40.3428629;VILLASTAR, CALLE, DE, Nº 26
441213,8200000000;4466065,2400000000;43543;17  VILLAVERDE;17-02 SAN CRISTÓBAL;MARIA DROC, PASEO, DE;S/N;CargayDescarga;Línea;6;15,00;LABORABLES DE 13 A 17 H EXCEPTO CARGA Y DESCARGA EN LINEA;-3.6921613;40.3430664;MARIA DROC, PASEO, DE, Nº S/N
441831,5700000000;4466001,6300000000;43599;17  VILLAVERDE;17-02 SAN CRISTÓBAL;PATERNA, CALLE, DE;1;CargayDescarga;Línea;2;10,00;LAB DE 10 A14 H EXCEPTO CARGA Y DESCARGA;-3.6848825;40.3425367;PATERNA, CALLE, DE, Nº 1
441212,9800000000;4466105,0400000000;38370;17  VILLAVERDE;17-02 SAN CRISTÓBAL;PINAZO, PLAZA, DE LOS;18;CargayDescarga;Línea;2;5,00;LABORABLES DE 9 A 14 H. Y DE 16,30 A 20 H.EXCEPTO CARGA Y DESCARGA;-3.6921749;40.3434249;PINAZO, PLAZA, DE LOS, Nº 18
441296,3200000000;4466093,5400000000;40060;17  VILLAVERDE;17-02 SAN CRISTÓBAL;PINAZO, PLAZA, DE LOS;22;CargayDescarga;Línea;3;17,00;lab. de 8 a 14 h. y de 16,30 a 19 h. excepto: [CARGA Y DESCARGA] ;-3.6911926;40.3433272;PINAZO, PLAZA, DE LOS, Nº 22
442066,4300000000;4467276,9400000000;42662;17  VILLAVERDE;17-03 BUTARQUE;CONCEPCION DE LA OLIVA, CALLE, DE;11;CargayDescarga;Línea;5;28,00;EXCEPTO CARGA Y DESCARGA;-3.6822332;40.3540418;CONCEPCION DE LA OLIVA, CALLE, DE, Nº 11
442133,8200000000;4467483,4900000000;43111;17  VILLAVERDE;17-03 BUTARQUE;LOS ROSALES, AVENIDA, DE;72;CargayDescarga;Línea;1;7,00;LABORABLES DE 8 A 17 H EXCEPTO CARGA Y DESCARGA;-3.6814584;40.3559072;LOS ROSALES, AVENIDA, DE, Nº 72
442057,5700000000;4467160,9800000000;40360;17  VILLAVERDE;17-03 BUTARQUE;VICENTE CARBALLAL, CALLE, DE;8;CargayDescarga;Línea;3;20,00;LABORABLES DE 8:00 A 14:00 HEXCEPTO CARGA Y DESCARGA;-3.682327;40.3529965;VICENTE CARBALLAL, CALLE, DE, Nº 8
441555,7800000000;4466886,6500000000;43474;17  VILLAVERDE;17-04 LOS ROSALES;ENCARNACION OVIOL, CALLE, DE;39;CargayDescarga;Línea;3;15,00;LABORABLES DE 9 A 14 H. Y DE 16,30 A 20 H. EXCEPTO CARGA Y DESCARGA ;-3.6882105;40.3504902;ENCARNACION OVIOL, CALLE, DE, Nº 39
441709,2400000000;4466915,6900000000;41809;17  VILLAVERDE;17-04 LOS ROSALES;ENCARNACION OVIOL, CALLE, DE;56;CargayDescarga;Línea;3;15,00;LABORABLES DE 8 A 14 HEXCEPTO CARGA Y DESCARGA;-3.6864062;40.3507625;ENCARNACION OVIOL, CALLE, DE, Nº 56
441360,2900000000;4466858,6300000000;43564;17  VILLAVERDE;17-04 LOS ROSALES;ESPERANZA MACARENA, CALLE, DE;15;CargayDescarga;Línea;1;6,00;LAB. 10 A 13 H Y DE 16 A 19 H EXCEPTO CARGA Y DESCARGA;-3.6905098;40.3502241;ESPERANZA MACARENA, CALLE, DE, Nº 15
441564,0700000000;4466943,8700000000;38366;17  VILLAVERDE;17-04 LOS ROSALES;JOSE DEL PINO, CALLE, DE;70;CargayDescarga;Línea;2;17,51;LABORABLES DE 9 A 14 H. Y DE 16,30 A 20 H.EXCEPTO CARGA Y DESCARGA;-3.6881181;40.3510063;JOSE DEL PINO, CALLE, DE, Nº 70
441319,6700000000;4467016,0200000000;40360;17  VILLAVERDE;17-04 LOS ROSALES;JUAN JOSE MARTINEZ SECO, CALLE, DE;4;CargayDescarga;Línea;2;11,10;LABORABLES DE 8 A 14 H. Y DE 16,30 A 19 H. EXCEPTO CARGA Y DESCARGA;-3.6910025;40.3516391;JUAN JOSE MARTINEZ SECO, CALLE, DE, Nº 4
441534,8300000000;4466902,1900000000;38366;17  VILLAVERDE;17-04 LOS ROSALES;MARTINEZ OVIOL, CALLE, DE;40;CargayDescarga;Línea;3;15,00;LABORABLES DE 8 A 14 H. EXCEPTO CARGA Y DESCARGA ;-3.6884586;40.3506287;MARTINEZ OVIOL, CALLE, DE, Nº 40
441553,0800000000;4466799,6700000000;41865;17  VILLAVERDE;17-04 LOS ROSALES;MARTINEZ OVIOL, CALLE, DE;54;CargayDescarga;Línea;2;10,00;LABORABLES DE 8 A 17 HEXCEPTO CARGA Y DESCARGA;-3.6882343;40.3497064;MARTINEZ OVIOL, CALLE, DE, Nº 54
441487,6300000000;4466724,8600000000;38401;17  VILLAVERDE;17-04 LOS ROSALES;PLATINO, CALLE, DEL;29;CargayDescarga;Línea;3;17,00;LABORABLES DE 8 A 11 H. EXCEPTO CARGA Y DESCARGA;-3.6889981;40.3490279;PLATINO, CALLE, DEL, Nº 29
441199,3800000000;4467167,9200000000;41103;17  VILLAVERDE;17-04 LOS ROSALES;SAHARA, CALLE, DEL;60;CargayDescarga;Línea;3;14,00;LABORABLES DE 16:00 A 18:00 EXCEPTO CARGA Y DESCARGA EN LÍNEA;-3.6924329;40.352999;SAHARA, CALLE, DEL, Nº 60
441241,5400000000;4467252,0900000000;40086;17  VILLAVERDE;17-04 LOS ROSALES;SAHARA, CALLE, DEL;85;CargayDescarga;Línea;3;15,00;LAB. DE 9 A 20 H. EXCEPTO: CARGA Y DESCARGA;-3.6919442;40.3537602;SAHARA, CALLE, DEL, Nº 85
441264,9700000000;4467169,8200000000;38720;17  VILLAVERDE;17-04 LOS ROSALES;SAHARA, CALLE, DEL;89;CargayDescarga;Batería;3;8,00;LAB. DE 8 A 14 H. EXCEPTO CARGA Y DESCARGA;-3.6916608;40.3530207;SAHARA, CALLE, DEL, Nº 89
441210,3200000000;4466882,1500000000;39185;17  VILLAVERDE;17-04 LOS ROSALES;SANTA PETRONILA, CALLE, DE;Fte 11;CargayDescarga;Línea;2;12,00;LABORABLES DE 8 A 14 H. Y DE 16,30 A 19 H. EXCEPTO CARGA Y DESCARGA;-3.6922778;40.3504254;SANTA PETRONILA, CALLE, DE, Nº Fte 11
441683,5600000000;4466791,7300000000;41893;17  VILLAVERDE;17-04 LOS ROSALES;TOPACIO, CALLE, DEL;2;CargayDescarga;Línea;2;12,00;LABORABLES DE 8:00 A 14:00 H. Y DE 16:30 A 20:30.EXCEPTO CARGA Y DESCARGA;-3.6866973;40.349644;TOPACIO, CALLE, DEL, Nº 2
441818,2200000000;4467801,5000000000;41745;17  VILLAVERDE;17-04 LOS ROSALES;UNANIMIDAD, CALLE, DE LA;55;CargayDescarga;Línea;2;15,00;LABORABLES DE 8:00 A 17:00 HEXCEPTO CARGA Y DESCARGA.;-3.6852038;40.3587501;UNANIMIDAD, CALLE, DE LA, Nº 55
440775,2400000000;4467058,8400000000;43770;17  VILLAVERDE;17-05 LOS ÁNGELES;ARAMA, CALLE, DE;1;CargayDescarga;Línea;2;12,00;LAB. DE 8:00 A 16 H. EXCEPTO CARGA Y DESCARGA EN LÍNA;-3.6974171;40.3519863;ARAMA, CALLE, DE, Nº 1
441086,8400000000;4467742,7200000000;38366;17  VILLAVERDE;17-05 LOS ÁNGELES;GIGANTES Y CABEZUDOS, PASEO, DE LOS;26;CargayDescarga;Batería;3;7,00;EXCEPTO CARGA Y DESCARGA, RECOGIDA DE BASURAS DE 9 A 14 H.Y DE 16,30 A 20 H.;-3.6938112;40.3581692;GIGANTES Y CABEZUDOS, PASEO, DE LOS, Nº 26
440962,0600000000;4467313,4700000000;38611;17  VILLAVERDE;17-05 LOS ÁNGELES;LA ALEGRIA DE LA HUERTA, CALLE, DE;31;CargayDescarga;Línea;3;15,00;LAB. DE 8 A 14 H. EXCEPTO: CARGA Y DESCARGA;-3.6952409;40.3542934;LA ALEGRIA DE LA HUERTA, CALLE, DE, Nº 31
440833,1000000000;4467957,3200000000;43133;17  VILLAVERDE;17-05 LOS ÁNGELES;LA CHULAPONA, CALLE, DE;1;CargayDescarga;Línea;2;12,00;Laborables 8 a 14h y de 16.00 a 20:00 h. Excepto Carga y Descarga;-3.6968191;40.3600845;LA CHULAPONA, CALLE, DE, Nº 1
441039,6000000000;4467340,2600000000;38366;17  VILLAVERDE;17-05 LOS ÁNGELES;LA DOLOROSA, CALLE, DE;11;CargayDescarga;Línea;2;12,00;lab. de 9 a 20 h. excepto: [CARGA Y DESCARGA];-3.6943303;40.3545403;LA DOLOROSA, CALLE, DE, Nº 11
441033,5100000000;4467433,5900000000;38366;17  VILLAVERDE;17-05 LOS ÁNGELES;LA DOLOROSA, CALLE, DE;5;CargayDescarga;Línea;4;20,00;LABORABLES DE 8 A 14 H. Y DE 16,30 A 19 H.EXCEPTO CARGA Y DESCARGA ;-3.6944106;40.3553806;LA DOLOROSA, CALLE, DE, Nº 5
440898,9000000000;4467879,5500000000;42518;17  VILLAVERDE;17-05 LOS ÁNGELES;LA VERBENA DE LA PALOMA, AVENIDA, DE;11;CargayDescarga;Línea;2;14,00;LAB. DE 8 A 14 H EXCEPTO CARGA Y DESCARGA;-3.696037;40.3593885;LA VERBENA DE LA PALOMA, AVENIDA, DE, Nº 11
441053,1200000000;4467552,5900000000;38882;17  VILLAVERDE;17-05 LOS ÁNGELES;LOS BOHEMIOS, CALLE;1;CargayDescarga;Batería;6;15,00;EXCEPTO CARGA Y DESCARGA LABORABLES DE 8 A 14 H. Y DE 16,30 A 19 H. CENTRO CULTURAL BOHEMIOS ;-3.6941907;40.356454;LOS BOHEMIOS, CALLE, Nº 1
440815,8800000000;4467535,8700000000;35251;17  VILLAVERDE;17-05 LOS ÁNGELES;LOS BOHEMIOS, CALLE;15;CargayDescarga;Batería;6;10,02;LABORABLES DE 8 A 14 H. Y DE 16,30 A 19 H.EXCEPTO CARGA Y DESCARGA ;-3.6969828;40.3562866;LOS BOHEMIOS, CALLE, Nº 15
441010,7400000000;4468001,8600000000;41593;17  VILLAVERDE;17-05 LOS ÁNGELES;PAN Y TOROS, CALLE, DE;6 B;CargayDescarga;Línea;2;15,00;LABORABLES DE 8 A 14 H Y DE 16.30 A 19 H. EXCEPTO CARGA Y DESCARGA;-3.6947313;40.3604983;PAN Y TOROS, CALLE, DE, Nº 6 B
445584,7400000000;4469276,7900000000;43914;18  VILLA DE VALLECAS;18-01 CASCO HISTÓRICO DE VALLECAS;CASAS DE MIRAVETE, CALLE, DE;28 C;CargayDescarga;Línea;2;10,00;LAB. DE 8 A 10 H. EXCEPTO CARGA Y DESCARGA;-3.6409743;40.3722947;CASAS DE MIRAVETE, CALLE, DE, Nº 28 C
447379,6400000000;4469485,1400000000;38454;18  VILLA DE VALLECAS;18-01 CASCO HISTÓRICO DE VALLECAS;CONGOSTO, CALLE, DEL;19;CargayDescarga;Línea;3;16,00;LAB.DE 8 A 14 H. Y DE 16,30 A 19 H. EXCEPTO CARGA Y DESCARGA ;-3.61985;40.374287;CONGOSTO, CALLE, DEL, Nº 19
447402,0400000000;4469401,2600000000;37147;18  VILLA DE VALLECAS;18-01 CASCO HISTÓRICO DE VALLECAS;CONGOSTO, CALLE, DEL;21;CargayDescarga;Línea;3;15,00;LAB.DE 8 A 14 H. Y DE 16,30 A 19 H. EXCEPTO CARGA Y DESCARGA;-3.6195792;40.3735327;CONGOSTO, CALLE, DEL, Nº 21
447418,0400000000;4469337,3600000000;38386;18  VILLA DE VALLECAS;18-01 CASCO HISTÓRICO DE VALLECAS;CONGOSTO, CALLE, DEL;32;CargayDescarga;Línea;3;18,00;LAB.DE 8 A 14 H. Y DE16,30 A 19 H. EXCEPTOCARGA Y DESCARGA;-3.6193855;40.3729581;CONGOSTO, CALLE, DEL, Nº 32
447271,5500000000;4469867,4500000000;38135;18  VILLA DE VALLECAS;18-01 CASCO HISTÓRICO DE VALLECAS;FEDERICO GARCIA LORCA, PASEO, DE;32;CargayDescarga;Línea;3;15,00;LAB.DE 8 A 14 H. Y DE 16,30 A 19 H. EXCEPTO CARGA Y DESCARGA ;-3.6211548;40.3777242;FEDERICO GARCIA LORCA, PASEO, DE, Nº 32
447300,3400000000;4469743,0200000000;38385;18  VILLA DE VALLECAS;18-01 CASCO HISTÓRICO DE VALLECAS;FEDERICO GARCIA LORCA, PASEO, DE;38;CargayDescarga;Línea;3;15,90;LABORABLES DE 9 A 14 H Y DE 16.30 A 20 HEXCEPTO CARGA Y DESCARGA;-3.6208054;40.3766051;FEDERICO GARCIA LORCA, PASEO, DE, Nº 38
445745,3600000000;4469487,9000000000;41432;18  VILLA DE VALLECAS;18-01 CASCO HISTÓRICO DE VALLECAS;GAMONAL, CALLE, DEL;75;CargayDescarga;Línea;2;10,00;LABORABLES DE 8 A 19 H. EXCEPTO CARGA Y DESCARGA EN LINEA;-3.6391003;40.374207;GAMONAL, CALLE, DEL, Nº 75
447447,1900000000;4470150,0900000000;43809;18  VILLA DE VALLECAS;18-01 CASCO HISTÓRICO DE VALLECAS;GAVIA SECA, CALLE, DE LA;3;CargayDescarga;Línea;5;25,00;LAB. DE 9 A 17 H. EXCEPTO CARGA Y DESCARGA;-3.6191091;40.3802815;GAVIA SECA, CALLE, DE LA, Nº 3
447305,2900000000;4469595,5100000000;36935;18  VILLA DE VALLECAS;18-01 CASCO HISTÓRICO DE VALLECAS;JUAN DE LA FUENTE, CALLE, DE;3;CargayDescarga;Línea;2;11,20;LAB. DE 8 A 14 H. EXCEPTO CARGA Y DESCARGA ;-3.6207349;40.3752765;JUAN DE LA FUENTE, CALLE, DE, Nº 3
447255,0100000000;4469776,5700000000;38385;18  VILLA DE VALLECAS;18-01 CASCO HISTÓRICO DE VALLECAS;MONTE AYA, CALLE, DEL;25;CargayDescarga;Línea;3;17,00;lab. de 8 a 14,00 h.  y de 16,30 a 19 h    excepto: CARGA Y                 DESCARGA;-3.6213421;40.3769045;MONTE AYA, CALLE, DEL, Nº 25
447530,9400000000;4470129,4600000000;38089;18  VILLA DE VALLECAS;18-01 CASCO HISTÓRICO DE VALLECAS;MONTE DE MONTJUICH, CALLE, DEL;12;CargayDescarga;Línea;3;15,10;LAB.DE 8 A 14 H. Y DE 16,30 A 19 H. EXCEPTO CARGA Y DESCARGA;-3.6181208;40.380101;MONTE DE MONTJUICH, CALLE, DEL, Nº 12
447476,2100000000;4470130,6000000000;40630;18  VILLA DE VALLECAS;18-01 CASCO HISTÓRICO DE VALLECAS;MONTE DE MONTJUICH, CALLE, DEL;3;CargayDescarga;Línea;3;15,50;Lab.de 8 a 14.00h. y de 16,30 a 19h. excepto: CARGA Y               DESCARGA;-3.6187657;40.3801078;MONTE DE MONTJUICH, CALLE, DEL, Nº 3
447305,6200000000;4469980,7100000000;38383;18  VILLA DE VALLECAS;18-01 CASCO HISTÓRICO DE VALLECAS;MONTES DE TOLEDO, CALLE, DE LOS;2;CargayDescarga;Línea;4;23,00;LAB.DE 8 A 14 H. Y DE 16,30 A 19 H. EXCEPTO CARGA Y DESCARGA ;-3.6207628;40.3787467;MONTES DE TOLEDO, CALLE, DE LOS, Nº 2
447217,3300000000;4469372,4500000000;43187;18  VILLA DE VALLECAS;18-01 CASCO HISTÓRICO DE VALLECAS;PEÑA CAVERO, CALLE, DE LA;23;CargayDescarga;Línea;1;7,70;DE LUNESA VIERNES DE 10:00  A 14:00 H EXCEPTO CARGA Y DESCARGA;-3.6217525;40.3732615;PEÑA CAVERO, CALLE, DE LA, Nº 23
447229,1100000000;4469305,5000000000;41603;18  VILLA DE VALLECAS;18-01 CASCO HISTÓRICO DE VALLECAS;PEÑA CAVERO, CALLE, DE LA;42;CargayDescarga;Línea;2;10,00;LABORABLES DE  8 A 14 HEXCEPTO CARGA Y DESCARGA;-3.6216082;40.3726591;PEÑA CAVERO, CALLE, DE LA, Nº 42
447326,1400000000;4469538,6500000000;37816;18  VILLA DE VALLECAS;18-01 CASCO HISTÓRICO DE VALLECAS;PEÑA DE VARGAS, CALLE, DE LA;3;CargayDescarga;Línea;2;11,10;LAB.DE 8 A 14 H. Y DE16,30 A 19 H. EXCEPTOCARGA Y DESCARGA;-3.6204846;40.3747656;PEÑA DE VARGAS, CALLE, DE LA, Nº 3
447287,0300000000;4469414,5600000000;38386;18  VILLA DE VALLECAS;18-01 CASCO HISTÓRICO DE VALLECAS;PEÑA NUEVA, CALLE, DE LA;16;CargayDescarga;Línea;3;15,00;LAB.DE 8 A 14 H. Y DE 16,30 A 19 H. EXCEPTO CARGA Y DESCARGA;-3.620935;40.3736453;PEÑA NUEVA, CALLE, DE LA, Nº 16
447353,0000000000;4469077,8800000000;43187;18  VILLA DE VALLECAS;18-01 CASCO HISTÓRICO DE VALLECAS;PEÑA NUEVA, CALLE, DE LA;55;CargayDescarga;Línea;2;12,00;LABORABLES  DE LUNES A VIERNES DE 08:00 A 11:00 H EXCEPTO CARGA Y DESCARGA;-3.6201301;40.3706164;PEÑA NUEVA, CALLE, DE LA, Nº 55
447357,7100000000;4469873,1400000000;38385;18  VILLA DE VALLECAS;18-01 CASCO HISTÓRICO DE VALLECAS;PICO MAMPODRE, CALLE, DEL;19;CargayDescarga;Línea;1;8,00;LAB.DE 8 A 14 H. Y DE16,30 A 19 H. EXCEPTOCARGA Y DESCARGA;-3.6201403;40.3777809;PICO MAMPODRE, CALLE, DEL, Nº 19
446787,8100000000;4469937,9200000000;38968;18  VILLA DE VALLECAS;18-01 CASCO HISTÓRICO DE VALLECAS;PUERTO DE ALAZORES, CALLE, DEL;25;CargayDescarga;Línea;3;15,00;LAB. DE 8 A 14 H. EXCEPTO CARGA Y DESCARGA;-3.6268589;40.3783283;PUERTO DE ALAZORES, CALLE, DEL, Nº 25
446978,4900000000;4470049,3500000000;39155;18  VILLA DE VALLECAS;18-01 CASCO HISTÓRICO DE VALLECAS;PUERTO DE ALAZORES, CALLE, DEL;6;CargayDescarga;Línea;3;15,31;LAB.DE 8 A 14 H. Y DE 16,30 A 19 H. EXCEPTO CARGA Y DESCARGA;-3.624622;40.3793443;PUERTO DE ALAZORES, CALLE, DEL, Nº 6
447535,3100000000;4469228,1800000000;39055;18  VILLA DE VALLECAS;18-01 CASCO HISTÓRICO DE VALLECAS;PUERTO DE GALAPAGAR, CALLE, DEL;14;CargayDescarga;Batería;1;3,00;LAB.DE 8 A 14 H. Y DE 16,30 A 19 H. EXCEPTO CARGA Y DESCARGA;-3.6179952;40.3719819;PUERTO DE GALAPAGAR, CALLE, DEL, Nº 14
447507,1300000000;4469305,0500000000;41270;18  VILLA DE VALLECAS;18-01 CASCO HISTÓRICO DE VALLECAS;PUERTO DE GALAPAGAR, CALLE, DEL;6;CargayDescarga;Línea;3;15,00;laborables de 8 a 14 horas y de 16,30 a 19 horas excepto carga y descarga en linea;-3.6183334;40.3726726;PUERTO DE GALAPAGAR, CALLE, DEL, Nº 6
446816,4000000000;4469980,7800000000;38387;18  VILLA DE VALLECAS;18-01 CASCO HISTÓRICO DE VALLECAS;PUERTO DE LAS PILAS, CALLE, DEL;16;CargayDescarga;Línea;2;11,10;LAB. DE 8 A 14 H. EXCEPTO CARGA Y DESCARGA;-3.6265257;40.3787163;PUERTO DE LAS PILAS, CALLE, DEL, Nº 16
447184,7800000000;4469558,8000000000;38385;18  VILLA DE VALLECAS;18-01 CASCO HISTÓRICO DE VALLECAS;PUERTO DE PORZUNA, CALLE, DEL;19;CargayDescarga;Línea;3;15,00;LAB.DE 8 A 14 H. Y DE16,30 A 19 H. EXCEPTOCARGA Y DESCARGA;-3.6221513;40.3749382;PUERTO DE PORZUNA, CALLE, DEL, Nº 19
447285,4600000000;4469656,9500000000;37154;18  VILLA DE VALLECAS;18-01 CASCO HISTÓRICO DE VALLECAS;PUERTO DE PORZUNA, CALLE, DEL;5;CargayDescarga;Línea;3;13,50;LAB.DE 8 A 14 H. Y DE 16,30 A 19 H. EXCEPTO CARGA Y DESCARGA;-3.6209735;40.3758288;PUERTO DE PORZUNA, CALLE, DEL, Nº 5
447191,2400000000;4469952,9000000000;38383;18  VILLA DE VALLECAS;18-01 CASCO HISTÓRICO DE VALLECAS;PUERTO DE SOMOSIERRA, CALLE, DEL;6;CargayDescarga;Línea;1;7,00;LAB. DE 9 A 14 H. EXCEPTO CARGA Y DESCARGAEN LINEA;-3.6221079;40.3784889;PUERTO DE SOMOSIERRA, CALLE, DEL, Nº 6
447301,9000000000;4470074,9300000000;38383;18  VILLA DE VALLECAS;18-01 CASCO HISTÓRICO DE VALLECAS;REAL DE ARGANDA, CALLE;2;CargayDescarga;Línea;3;15,00;LAB.DE 8 A 14 H. Y DE 16,30 A 19 H. EXCEPTO CARGA Y DESCARGA;-3.6208144;40.3795953;REAL DE ARGANDA, CALLE, Nº 2
446549,7100000000;4469853,6300000000;42812;18  VILLA DE VALLECAS;18-01 CASCO HISTÓRICO DE VALLECAS;SAN JAIME, CALLE, DE;4;CargayDescarga;Línea;1;7,00;LABORABLES DE 8 A 17 H EXCEPTO CARGA Y DESCARGA;-3.6296566;40.3775537;SAN JAIME, CALLE, DE, Nº 4
446753,1300000000;4470067,6300000000;38387;18  VILLA DE VALLECAS;18-01 CASCO HISTÓRICO DE VALLECAS;SAN JAIME, CALLE, DE;44;CargayDescarga;Línea;1;12,33;LAB. DE 8 A 14 H. Y DE 16,3O A 19 H. EXCEPTO CARGA Y DESCARGA;-3.6272783;40.3794946;SAN JAIME, CALLE, DE, Nº 44
446839,0900000000;4470154,2100000000;38387;18  VILLA DE VALLECAS;18-01 CASCO HISTÓRICO DE VALLECAS;SAN JAIME, CALLE, DE;54;CargayDescarga;Línea;3;14,94;LAB. DE 8 A 14 H. Y DE 16,3O A 19 H. EXCEPTO CARGA Y DESCARGA;-3.6262729;40.3802801;SAN JAIME, CALLE, DE, Nº 54
447415,9300000000;4469511,4400000000;43388;18  VILLA DE VALLECAS;18-01 CASCO HISTÓRICO DE VALLECAS;SIERRA AITANA, CALLE, DE LA;5;CargayDescarga;Línea;1;7,50;LABORABLES DE LUNES A VIERNES DE 8:00 A 14:00 H Y DE 16:30 A 19:30 H Y SABADOS DE 8:00 A 14:00 H EXCEPTO CARGA Y DESCARGA;-3.6194247;40.3745262;SIERRA AITANA, CALLE, DE LA, Nº 5
447094,4600000000;4469943,1700000000;38383;18  VILLA DE VALLECAS;18-01 CASCO HISTÓRICO DE VALLECAS;SIERRA AYLLON, PLAZA, DE LA;1;CargayDescarga;Línea;2;13,00;LAB.DE 8 A 14 H. Y DE 16,30 A 19 H. EXCEPTO CARGA Y DESCARGA ;-3.6232471;40.3783951;SIERRA AYLLON, PLAZA, DE LA, Nº 1
446812,4400000000;4470033,6300000000;43116;18  VILLA DE VALLECAS;18-01 CASCO HISTÓRICO DE VALLECAS;SIERRA DE GREDOS, CALLE, DE LA;26;CargayDescarga;Línea;2;12,00;LABORABLES DE 10:00 A 13:00 H EL SEGUNDO JUEVES DE CADA MES EXCEPTO CARGA  Y DESCARGA;-3.6265768;40.3791921;SIERRA DE GREDOS, CALLE, DE LA, Nº 26
447070,0900000000;4470248,1300000000;38233;18  VILLA DE VALLECAS;18-01 CASCO HISTÓRICO DE VALLECAS;SIERRA DE GUADALUPE, CALLE, DE LA;9;CargayDescarga;Línea;2;12,00;LAB.DE 8 A 14 H. Y DE 16,30 A19 H. EXCEPTO CARGA Y DESCARGA;-3.6235595;40.3811409;SIERRA DE GUADALUPE, CALLE, DE LA, Nº 9
447049,9700000000;4469879,8800000000;39044;18  VILLA DE VALLECAS;18-01 CASCO HISTÓRICO DE VALLECAS;SIERRA DE PALOMERAS, CALLE, DE LA;8;CargayDescarga;Línea;2;10,00;LAB.DE 8 A 14 H. Y DE 16,30 A 19 H. EXCEPTO CARGA Y DESCARGA ;-3.6237659;40.3778222;SIERRA DE PALOMERAS, CALLE, DE LA, Nº 8
447526,6700000000;4469190,7100000000;43032;18  VILLA DE VALLECAS;18-01 CASCO HISTÓRICO DE VALLECAS;SIERRA DE TORTEJADA, CALLE, DE LA;2;CargayDescarga;Batería;3;7,00;JUEVES Y VIERNES LABORABLES DE 8:30 A 19:00 EXCEPTO CARGA Y DESCARGA EN LÍNEA;-3.6180939;40.3716438;SIERRA DE TORTEJADA, CALLE, DE LA, Nº 2
447596,5400000000;4470036,5100000000;38384;18  VILLA DE VALLECAS;18-01 CASCO HISTÓRICO DE VALLECAS;SIERRA DEL TORCAL, CALLE, DE LA;7;CargayDescarga;Línea;3;15,00;LAB. DE 8 A 14 H. Y DE 16,30 A 19 H. EXCEPTO CARGA Y DESCARGA;-3.6173404;40.3792677;SIERRA DEL TORCAL, CALLE, DE LA, Nº 7
447006,1200000000;4470202,1400000000;38383;18  VILLA DE VALLECAS;18-01 CASCO HISTÓRICO DE VALLECAS;SIERRA GADOR, CALLE, DE LA;17;CargayDescarga;Línea;2;10,00;LABORABLES DE 9 A 14 H Y DE 16.30 A 20 H EXCEPTO CARGA Y DESCARGA;-3.6243093;40.3807225;SIERRA GADOR, CALLE, DE LA, Nº 17
447143,9900000000;4470150,5500000000;42523;18  VILLA DE VALLECAS;18-01 CASCO HISTÓRICO DE VALLECAS;SIERRA GADOR, CALLE, DE LA;29;CargayDescarga;Línea;2;13,10;Lab. de 9 a 14h. y de 16,30 a 20h.excepto carga y descarga;-3.6226809;40.3802665;SIERRA GADOR, CALLE, DE LA, Nº 29
447202,2100000000;4470125,3000000000;38383;18  VILLA DE VALLECAS;18-01 CASCO HISTÓRICO DE VALLECAS;SIERRA GADOR, CALLE, DE LA;39;CargayDescarga;Línea;3;16,50;Lab.de 8 a 14.00h. y de 16,30 a 19h. excepto: CARGA Y               DESCARGA;-3.6219929;40.3800427;SIERRA GADOR, CALLE, DE LA, Nº 39
447536,9500000000;4470234,6200000000;43914;18  VILLA DE VALLECAS;18-01 CASCO HISTÓRICO DE VALLECAS;SIERRA GORDA, CALLE, DE LA;25;CargayDescarga;Línea;1;5,00;LAB. DE 9 A 11 H EXCEPTO CARGA Y DESCARGA;-3.6180587;40.3810487;SIERRA GORDA, CALLE, DE LA, Nº 25
447495,3200000000;4470187,8200000000;41375;18  VILLA DE VALLECAS;18-01 CASCO HISTÓRICO DE VALLECAS;SIERRA GORDA, CALLE, DE LA;34;CargayDescarga;Línea;3;15,00;Laborables de 8 a 14 horas y de 16.30 a 19 horas, excepto carga y descarga en línea;-3.6185453;40.3806245;SIERRA GORDA, CALLE, DE LA, Nº 34
447014,3200000000;4469956,7700000000;42871;18  VILLA DE VALLECAS;18-01 CASCO HISTÓRICO DE VALLECAS;SIERRA MORENA, CALLE, DE LA;32;CargayDescarga;Línea;3;15,00;LABORABLES DE 7:00 A 11:00 H EXCEPTO CARGA Y DESCARGA;-3.6241923;40.3785126;SIERRA MORENA, CALLE, DE LA, Nº 32
447037,2400000000;4469959,1000000000;42871;18  VILLA DE VALLECAS;18-01 CASCO HISTÓRICO DE VALLECAS;SIERRA VIEJA, CALLE, DE LA;61;CargayDescarga;Línea;4;19,40;LABORABLES DE 7:00 A 11:00 H EXCEPTO CARGA Y DESCARGA;-3.6239225;40.378535;SIERRA VIEJA, CALLE, DE LA, Nº 61
447049,7600000000;4469983,1800000000;42871;18  VILLA DE VALLECAS;18-01 CASCO HISTÓRICO DE VALLECAS;SIERRA VIEJA, CALLE, DE LA;63;CargayDescarga;Línea;4;23,30;LABORABLES DE 7:00 A 11:00 H EXCEPTO CARGA Y DESCARGA;-3.623777;40.3787527;SIERRA VIEJA, CALLE, DE LA, Nº 63
447101,9100000000;4469992,9100000000;36629;18  VILLA DE VALLECAS;18-01 CASCO HISTÓRICO DE VALLECAS;SIERRA VIEJA, CALLE, DE LA;67;CargayDescarga;Línea;3;16,36;LAB.DE 8 A 14 H. Y DE 16,30 A 19 H. EXCEPTO CARGA Y DESCARGA ;-3.6231635;40.3788437;SIERRA VIEJA, CALLE, DE LA, Nº 67
447195,5700000000;4470072,9200000000;43857;18  VILLA DE VALLECAS;18-01 CASCO HISTÓRICO DE VALLECAS;SIERRA VIEJA, CALLE, DE LA;81;CargayDescarga;Línea;2;12,00;LAB. DE 8 A 19 H. EXCEPTO CARGA Y DESCARGA;-3.6220668;40.3795704;SIERRA VIEJA, CALLE, DE LA, Nº 81
448214,3000000000;4470546,6500000000;38383;18  VILLA DE VALLECAS;18-02 SANTA EUGENIA;CASTRILLO DE AZA, CALLE, DE;15;CargayDescarga;Línea;1;8,00;LAB DE 8 A 14 H. EXCEPTO CARGA Y DESCARGA EN LINEA ;-3.6101047;40.3839021;CASTRILLO DE AZA, CALLE, DE, Nº 15
448321,2600000000;4470650,4500000000;38384;18  VILLA DE VALLECAS;18-02 SANTA EUGENIA;CASTRILLO DE AZA, CALLE, DE;16;CargayDescarga;Línea;3;15,00;LABORABLES DE 8 A 14 H. Y DE 16,30 A 19 H. EXCEPTO CARGA Y DESCARGA EN LINEA;-3.6088531;40.3848438;CASTRILLO DE AZA, CALLE, DE, Nº 16
448303,1600000000;4470617,6500000000;38384;18  VILLA DE VALLECAS;18-02 SANTA EUGENIA;CASTRILLO DE AZA, CALLE, DE;Fte 16;CargayDescarga;Línea;2;10,00;LAB. DE 8 A 14 H. EXCEPTO CARGA Y DESCARGA;-3.6090637;40.3845472;CASTRILLO DE AZA, CALLE, DE, Nº Fte 16
448395,1400000000;4470684,5800000000;39001;18  VILLA DE VALLECAS;18-02 SANTA EUGENIA;CASTRILLO DE AZA, CALLE, DE;Fte 8;CargayDescarga;Línea;3;18,00;LAB.DE 8 A 14 H. EXCEPTO CARGA Y DESCARGA EN LINEA ;-3.6079855;40.3851558;CASTRILLO DE AZA, CALLE, DE, Nº Fte 8
448411,7200000000;4470031,4200000000;38385;18  VILLA DE VALLECAS;18-02 SANTA EUGENIA;FUENTESPINA, CALLE, DE;16;CargayDescarga;Línea;1;7,00;LAB.DE 8 A 14 H. Y DE 16,30 A 19 H. EXCEPTO CARGA Y DESCARGA EN LINEA;-3.6077373;40.3792728;FUENTESPINA, CALLE, DE, Nº 16
448578,2800000000;4470092,7300000000;43380;18  VILLA DE VALLECAS;18-02 SANTA EUGENIA;FUENTESPINA, CALLE, DE;8;CargayDescarga;Batería;4;17,50;LAB. DE 8 A 14 H Y DE 16:30 A 19 H EXCEPTO CARGA Y DESCARGA;-3.6057802;40.3798354;FUENTESPINA, CALLE, DE, Nº 8
448309,2600000000;4470400,9200000000;38385;18  VILLA DE VALLECAS;18-02 SANTA EUGENIA;PUENTELARRA, CALLE, DE;13;CargayDescarga;Batería;7;18,00;LAB. DE 8 A 14 H. Y DE16,30 A 19 H.EXCEPTOCARGA Y DESCARGA;-3.6089742;40.3825951;PUENTELARRA, CALLE, DE, Nº 13
448408,4700000000;4470474,5500000000;38384;18  VILLA DE VALLECAS;18-02 SANTA EUGENIA;PUENTELARRA, CALLE, DE;7;CargayDescarga;Línea;3;15,00;LAB. DE 8 A 14 H. EXCEPTOCARGA Y DESCARGA;-3.6078114;40.3832646;PUENTELARRA, CALLE, DE, Nº 7
447811,0200000000;4470225,3500000000;43567;18  VILLA DE VALLECAS;18-02 SANTA EUGENIA;SIERRA GORDA, CALLE, DE LA;S/N;CargayDescarga;Batería;1;3,70;;-3.6148293;40.3809824;SIERRA GORDA, CALLE, DE LA, Nº S/N
448388,4200000000;4470177,2500000000;41803;18  VILLA DE VALLECAS;18-02 SANTA EUGENIA;VIRGEN DE LAS VIÑAS, CALLE, DE LA;20;CargayDescarga;Línea;2;12,00;LAB.DE 8 A 17 H.EXCEPTO CARGA Y DESCARGA;-3.6080236;40.380585;VIRGEN DE LAS VIÑAS, CALLE, DE LA, Nº 20
448522,2800000000;4470384,0300000000;44083;18  VILLA DE VALLECAS;18-02 SANTA EUGENIA;ZAZUAR, CALLE, DE;11;CargayDescarga;Batería;1;3,00;USO EXCLUSIVO CLIENTE;-3.6064634;40.3824561;ZAZUAR, CALLE, DE, Nº 11
448458,9300000000;4470352,0800000000;38385;18  VILLA DE VALLECAS;18-02 SANTA EUGENIA;ZAZUAR, CALLE, DE;15;CargayDescarga;Batería;5;13,00;lab. de 8 a 14h. y de 16,30 a 19 h. excepto: CARGA Y                DESCARGA;-3.6072071;40.3821644;ZAZUAR, CALLE, DE, Nº 15
448566,5600000000;4470421,1400000000;43216;18  VILLA DE VALLECAS;18-02 SANTA EUGENIA;ZAZUAR, CALLE, DE;4;CargayDescarga;Batería;9;23,00;LABORABLES  DE 8:00 A 20:00 H EXCEPTO CARGA Y DESCARGA EN LÍNEA;-3.6059447;40.3827932;ZAZUAR, CALLE, DE, Nº 4
449086,8300000000;4468652,9500000000;41562;18  VILLA DE VALLECAS;18-03 ENSANCHE DE VALLECAS;RAFAEL DE LEON, CALLE, DE;2;CargayDescarga;Línea;3;15,00;Laborables de 8 a 14 horas y de 16.30 a 19 horas excepto CARGA Y DESCARGA;-3.5996745;40.366896;RAFAEL DE LEON, CALLE, DE, Nº 2
448340,9300000000;4473111,7800000000;42325;19  VICÁLVARO;19-01 CASCO HISTÓRICO DE VICÁLVARO;ARTILLEROS, PASEO, DE LOS;19;CargayDescarga;Línea;2;10,00;LABORABLES DE 9 A 14 H EXCEPTO CARGA Y DESCARGA EN LÍNEA;-3.6088211;40.4070183;ARTILLEROS, PASEO, DE LOS, Nº 19
448340,9300000000;4473111,7800000000;42325;19  VICÁLVARO;19-01 CASCO HISTÓRICO DE VICÁLVARO;ARTILLEROS, PASEO, DE LOS;19;CargayDescarga;Línea;2;10,00;Laborables 9 a 14 h y de 16 a 18 hExcepto Carga y DescargaEn línea;-3.6088211;40.4070183;ARTILLEROS, PASEO, DE LOS, Nº 19
448340,9300000000;4473111,7800000000;42325;19  VICÁLVARO;19-01 CASCO HISTÓRICO DE VICÁLVARO;ARTILLEROS, PASEO, DE LOS;19;CargayDescarga;Línea;2;10,00;Laborables 9 a 14 h y de 16 a 18 hExcepto Carga y DescargaEn línea;-3.6088211;40.4070183;ARTILLEROS, PASEO, DE LOS, Nº 19
448340,9300000000;4473111,7800000000;42325;19  VICÁLVARO;19-01 CASCO HISTÓRICO DE VICÁLVARO;ARTILLEROS, PASEO, DE LOS;19;CargayDescarga;Línea;2;10,00;Laborables 9 a 14 h y de 16 a 18 hExcepto Carga y DescargaEn línea;-3.6088211;40.4070183;ARTILLEROS, PASEO, DE LOS, Nº 19
448002,2600000000;4473142,9200000000;38401;19  VICÁLVARO;19-01 CASCO HISTÓRICO DE VICÁLVARO;CALAHORRA, CALLE, DE;3;CargayDescarga;Línea;3;15,00;LAB.DE 9 A 14 H. Y DE 16,30 A 20 H.EXCEPTO CARGA Y DESCARGA;-3.6128147;40.4072778;CALAHORRA, CALLE, DE, Nº 3
448075,4500000000;4473254,7600000000;38401;19  VICÁLVARO;19-01 CASCO HISTÓRICO DE VICÁLVARO;CALAHORRA, CALLE, DE;52;CargayDescarga;Línea;3;14,00;Lab. de 9 a 20 h.excepto: CARGA Y DESCARGA;-3.6119613;40.4082899;CALAHORRA, CALLE, DE, Nº 52
447995,5100000000;4473310,4200000000;38401;19  VICÁLVARO;19-01 CASCO HISTÓRICO DE VICÁLVARO;CALAHORRA, CALLE, DE;72;CargayDescarga;Línea;3;17,00;Lab. de 9 a 20 h.excepto: CARGA Y DESCARGA;-3.612908;40.4087863;CALAHORRA, CALLE, DE, Nº 72
448511,8600000000;4472702,2500000000;43066;19  VICÁLVARO;19-01 CASCO HISTÓRICO DE VICÁLVARO;CONDESA VEGA DEL POZO, CALLE, DE LA;21;CargayDescarga;Línea;2;12,00;LABORABLES 8 A 14 H Y DE 16.30 A 19 H EXCEPTO CARGA Y DESCARGA;-3.6067736;40.4033396;CONDESA VEGA DEL POZO, CALLE, DE LA, Nº 21
448384,7400000000;4472747,2400000000;43171;19  VICÁLVARO;19-01 CASCO HISTÓRICO DE VICÁLVARO;CONDESA VEGA DEL POZO, CALLE, DE LA;7;CargayDescarga;Línea;4;15,00;LAB.DE 8 A 14 H.  EXCEPTO CARGA Y DESCARGA;-3.6082752;40.403737;CONDESA VEGA DEL POZO, CALLE, DE LA, Nº 7
448546,1700000000;4472451,7800000000;42258;19  VICÁLVARO;19-01 CASCO HISTÓRICO DE VICÁLVARO;CRUZ DE LA MISA, CALLE, DE LA;3;CargayDescarga;Línea;1;9,00;LABORABLES DE LUNES A VIERNES DE 9:00 A 14:00 H  EXCEPTO CARGA Y DESCARGA;-3.606349;40.4010853;CRUZ DE LA MISA, CALLE, DE LA, Nº 3
448843,6600000000;4472660,9400000000;42060;19  VICÁLVARO;19-01 CASCO HISTÓRICO DE VICÁLVARO;FUENTE DE SAN PEDRO, CALLE, DE LA;12;CargayDescarga;Línea;2;8,43;LAB. DE 8 A 14 HEXCEPTO CARGA Y DESCARGA;-3.6028603;40.4029879;FUENTE DE SAN PEDRO, CALLE, DE LA, Nº 12
448647,4900000000;4472569,7500000000;38253;19  VICÁLVARO;19-01 CASCO HISTÓRICO DE VICÁLVARO;HORNO DE LABRADORES, CALLE, DEL;1;CargayDescarga;Línea;2;9,44;LAB. DE 9 A 13 H. Y DE 16 A 19 H.EXCEPTO CARGA Y DESCARGA;-3.6051646;40.4021543;HORNO DE LABRADORES, CALLE, DEL, Nº 1
448517,9600000000;4472586,3200000000;38404;19  VICÁLVARO;19-01 CASCO HISTÓRICO DE VICÁLVARO;REAL, AVENIDA;9;CargayDescarga;Línea;5;28,00;LAB.DE 8 A 14 H. Y DE 16,30 A 19 H. EXCEPTO CARGA Y DESCARGA ;-3.6066923;40.4022956;REAL, AVENIDA, Nº 9
448426,8200000000;4472797,9500000000;43171;19  VICÁLVARO;19-01 CASCO HISTÓRICO DE VICÁLVARO;SAN CIPRIANO, CALLE, DE;13;CargayDescarga;Línea;4;24,00;LAB.DE 8 A 14 H.  EXCEPTO CARGA Y DESCARGA ;-3.6077834;40.4041965;SAN CIPRIANO, CALLE, DE, Nº 13
448453,0400000000;4472796,2700000000;43171;19  VICÁLVARO;19-01 CASCO HISTÓRICO DE VICÁLVARO;SAN CIPRIANO, CALLE, DE;15;CargayDescarga;Línea;2;12,02;LAB.DE 8 A 14 H.  EXCEPTO CARGA Y DESCARGA;-3.6074743;40.404183;SAN CIPRIANO, CALLE, DE, Nº 15
448417,7400000000;4472784,3800000000;43171;19  VICÁLVARO;19-01 CASCO HISTÓRICO DE VICÁLVARO;SAN CIPRIANO, CALLE, DE;16;CargayDescarga;Línea;7;36,00;LAB.DE 7 A 14 H.  EXCEPTO CARGA Y DESCARGA;-3.6078893;40.4040737;SAN CIPRIANO, CALLE, DE, Nº 16
448505,3100000000;4472794,0300000000;43171;19  VICÁLVARO;19-01 CASCO HISTÓRICO DE VICÁLVARO;SAN CIPRIANO, CALLE, DE;19;CargayDescarga;Línea;6;37,28;LAB.DE 8 A 14 H.  EXCEPTO CARGA Y DESCARGA;-3.6068582;40.404166;SAN CIPRIANO, CALLE, DE, Nº 19
448466,4800000000;4472781,5000000000;40360;19  VICÁLVARO;19-01 CASCO HISTÓRICO DE VICÁLVARO;SAN CIPRIANO, CALLE, DE;20;CargayDescarga;Línea;2;11,00;LAB.DE 8 A 14 H. Y DE 16,30 A 19 H. EXCEPTO CARGA Y DESCARGA ;-3.6073147;40.4040507;SAN CIPRIANO, CALLE, DE, Nº 20
448508,4600000000;4472778,7900000000;43171;19  VICÁLVARO;19-01 CASCO HISTÓRICO DE VICÁLVARO;SAN CIPRIANO, CALLE, DE;26;CargayDescarga;Línea;3;15,00;LAB.DE 8 A 14 H.  EXCEPTO CARGA Y DESCARGA;-3.6068198;40.4040289;SAN CIPRIANO, CALLE, DE, Nº 26
448607,9900000000;4472786,2000000000;40116;19  VICÁLVARO;19-01 CASCO HISTÓRICO DE VICÁLVARO;SAN CIPRIANO, CALLE, DE;27;CargayDescarga;Línea;3;19,01;EXCEPTO CARGA Y DESCARGALAB. DE 8 A 20 H.SAB. DE 9 A 14 H.;-3.6056475;40.4041018;SAN CIPRIANO, CALLE, DE, Nº 27
448712,6600000000;4472973,6700000000;38401;19  VICÁLVARO;19-01 CASCO HISTÓRICO DE VICÁLVARO;SAN CIRIACO, CALLE, DE;7;CargayDescarga;Línea;5;23,37;LAB. DE 8 A 14 H. Y DE16,30 A 19 H. EXCEPTOCARGA Y DESCARGA;-3.6044292;40.4057971;SAN CIRIACO, CALLE, DE, Nº 7
448445,4900000000;4472753,0000000000;43171;19  VICÁLVARO;19-01 CASCO HISTÓRICO DE VICÁLVARO;VELILLA, CALLE, DE;11;CargayDescarga;Línea;9;44,50;LAB. DE 8.00 A 14.00 H. EXCEPTO CARGA Y DESCARGA;-3.6075598;40.4037927;VELILLA, CALLE, DE, Nº 11
447883,0300000000;4472862,7700000000;39290;19  VICÁLVARO;19-01 CASCO HISTÓRICO DE VICÁLVARO;VIEJO DE VICALVARO, CAMINO;25;CargayDescarga;Línea;3;13,99;LAB. DE 8 A 14 H. Y DE 16,30 A 19 H. EXCEPTO CARGA Y DESCARGA;-3.6141969;40.4047466;VIEJO DE VICALVARO, CAMINO, Nº 25
448509,3600000000;4473073,5000000000;43252;19  VICÁLVARO;19-01 CASCO HISTÓRICO DE VICÁLVARO;VILLAJIMENA, CALLE, DE;S/N;CargayDescarga;Línea;1;9,68;LABORABLES DE 8:00 A 14:00 Y SABADOS DE 8:00  A 15:00 Excepto Carga y Descarga;-3.6068331;40.4066839;VILLAJIMENA, CALLE, DE, Nº S/N
448357,0300000000;4473083,8700000000;42325;19  VICÁLVARO;19-01 CASCO HISTÓRICO DE VICÁLVARO;VILLARDONDIEGO, CALLE, DE;24;CargayDescarga;Línea;2;9,58;LABORABLES DE 9 A 14 H EXCEPTO CARGA Y DESCARGA EN LÍNEA;-3.6086291;40.4067679;VILLARDONDIEGO, CALLE, DE, Nº 24
447253,0500000000;4472262,8000000000;36727;19  VICÁLVARO;19-02 VALDEBERNARDO;INDALECIO PRIETO, BULEVAR, DE;29;CargayDescarga;Línea;3;13,50;lab. de 8 a 14 h. y de 16,30 a 19 h. excepto:CARGA Y               DESCARGA;-3.6215711;40.399302;INDALECIO PRIETO, BULEVAR, DE, Nº 29
447208,0300000000;4472262,7000000000;38401;19  VICÁLVARO;19-02 VALDEBERNARDO;INDALECIO PRIETO, BULEVAR, DE;30;CargayDescarga;Línea;1;8,00;LAB.DE 8 A 14 H. Y DE 16,30 A 19 H. EXCEPTO CARGA Y DESCARGA ;-3.6221015;40.3992982;INDALECIO PRIETO, BULEVAR, DE, Nº 30
448754,7200000000;4472226,9900000000;40024;19  VICÁLVARO;19-03 VALDERRIVAS;AURORA BOREAL, AVENIDA, DE LA;8;CargayDescarga;Línea;3;15,00;LABORABLES DE 8 A 14 H.  Y DE 16,30 A 19 H. EXCEPTO CARGA Y DESCARGA;-3.6038734;40.3990731;AURORA BOREAL, AVENIDA, DE LA, Nº 8
448416,4100000000;4471817,3400000000;44152;19  VICÁLVARO;19-03 VALDERRIVAS;DEHESA DE VICALVARO, CALLE, DE LA;S/N;CargayDescarga;Línea;2;12,60;LABORABLES DE LUNES A sabado DE 16:00 A 21:00 H. EXCEPTO CARGA Y DESCARGA;-3.6078267;40.3953618;DEHESA DE VICALVARO, CALLE, DE LA, Nº S/N
446112,2900000000;4476206,2800000000;43391;20  SAN BLAS-CANILLEJAS;20-01 SIMANCAS;ALBASANZ, CALLE, DE;2;CargayDescarga;Línea;2;10,00;LAB. DE 8:00 A 12:00 H EXCEPTO CARGA Y DESCARGA;-3.6353471;40.4347542;ALBASANZ, CALLE, DE, Nº 2
445989,9700000000;4476580,5100000000;41162;20  SAN BLAS-CANILLEJAS;20-01 SIMANCAS;ALCALA, CALLE, DE;426;CargayDescarga;Línea;3;15,00;Laborables de 8 a 14h y de 16.30 a 19h, excepto carga y descarga;-3.636821;40.4381175;ALCALA, CALLE, DE, Nº 426
446126,0200000000;4476627,8400000000;38418;20  SAN BLAS-CANILLEJAS;20-01 SIMANCAS;ALCALA, CALLE, DE;444;CargayDescarga;Línea;4;19,00;LAB.DE 8 A 14 H. Y DE 16,30 A 19 H. EXCEPTO CARGA Y DESCARGA ;-3.635221;40.4385527;ALCALA, CALLE, DE, Nº 444
446194,4100000000;4476651,1000000000;36677;20  SAN BLAS-CANILLEJAS;20-01 SIMANCAS;ALCALA, CALLE, DE;454;CargayDescarga;Línea;3;15,00;LAB.DE 8 A 14 H. Y DE 16,30 A 19 H. EXCEPTO CARGA Y DESCARGA;-3.6344166;40.4387667;ALCALA, CALLE, DE, Nº 454
446654,4100000000;4476811,4600000000;43493;20  SAN BLAS-CANILLEJAS;20-01 SIMANCAS;ALCALA, CALLE, DE;494;CargayDescarga;Línea;2;12,00;LAB. DE 8 A 14 H EXCEPTO CARGA Y DESCARGA;-3.6290066;40.4402409;ALCALA, CALLE, DE, Nº 494
446937,7600000000;4475467,9100000000;40507;20  SAN BLAS-CANILLEJAS;20-01 SIMANCAS;CASTILLO DE MADRIGAL DE LAS ALTAS TORRES, CALLE, D;S/N;CargayDescarga;Línea;4;22,00;LABORABLES DE 8 A 14 H. Y  DE 16.30 A 19H, EXCEPTO C Y D ;-3.6255536;40.4281556;CASTILLO DE MADRIGAL DE LAS ALTAS TORRES, CALLE, D, Nº S/N
446668,3600000000;4475279,2400000000;40424;20  SAN BLAS-CANILLEJAS;20-01 SIMANCAS;CASTILLO DE UCLES, CALLE, DEL;2;CargayDescarga;Línea;3;15,00;LABORABLES DE 8 H A 14 H Y DE 16 H A 20 H, EXCEPTO CARGA Y DESCARGA SUPERMERCADO;-3.6287135;40.4264387;CASTILLO DE UCLES, CALLE, DEL, Nº 2
446570,5400000000;4475568,6800000000;38419;20  SAN BLAS-CANILLEJAS;20-01 SIMANCAS;CASTROPOL, CALLE, DE;9;CargayDescarga;Batería;2;4,60;LAB. DE 8 A 14 H. Y DE 16,30 A 19 H. EXCEPTO CARGA Y DESCARGA;-3.629891;40.4290398;CASTROPOL, CALLE, DE, Nº 9
447493,3200000000;4476728,2900000000;43433;20  SAN BLAS-CANILLEJAS;20-01 SIMANCAS;CRONOS, CALLE, DE;20 B;CargayDescarga;Línea;2;10,00;LABORABLES DE 8 A 14 H. EXCEPTO CARGA Y DESCARGA;-3.6191085;40.4395451;CRONOS, CALLE, DE, Nº 20 B
447527,9800000000;4476754,4200000000;39206;20  SAN BLAS-CANILLEJAS;20-01 SIMANCAS;CRONOS, PLAZA, DE;4;CargayDescarga;Línea;2;12,10;LABORABLES DE 8 A 14 HORAS, Y DE 16.30 A 19 HORAS, EXCEPTO CARGA Y DESCARGA;-3.618702;40.4397826;CRONOS, PLAZA, DE, Nº 4
446744,1300000000;4475780,8300000000;40148;20  SAN BLAS-CANILLEJAS;20-01 SIMANCAS;EGIPTO, CALLE, DE;4;CargayDescarga;Línea;2;10,00;LABORABLES DE 8 A 14H Y DE 16.30 A 19 H EXCEPTO CARGA Y DESCARGA EN LINEA;-3.6278624;40.4309621;EGIPTO, CALLE, DE, Nº 4
445958,7500000000;4476459,2900000000;40259;20  SAN BLAS-CANILLEJAS;20-01 SIMANCAS;INSTITUCION LIBRE DE ENSEÑANZA, AVENIDA, DE LA;11;CargayDescarga;Línea;3;15,00;LAB.DE 8 A 14 H. Y DE 16,30 A 19 H. EXCEPTO CARGA Y DESCARGA;-3.6371788;40.4370234;INSTITUCION LIBRE DE ENSEÑANZA, AVENIDA, DE LA, Nº 11
446268,9800000000;4475886,6900000000;40003;20  SAN BLAS-CANILLEJAS;20-01 SIMANCAS;INSTITUCION LIBRE DE ENSEÑANZA, AVENIDA, DE LA;39;CargayDescarga;Línea;3;16,50;LAB. DE 8 A 14 H. Y DE 16,30 A 19 H. EXCEPTO CARGA Y DESCARGA;-3.6334728;40.4318852;INSTITUCION LIBRE DE ENSEÑANZA, AVENIDA, DE LA, Nº 39
446356,1200000000;4475726,4100000000;40022;20  SAN BLAS-CANILLEJAS;20-01 SIMANCAS;INSTITUCION LIBRE DE ENSEÑANZA, AVENIDA, DE LA;45;CargayDescarga;Línea;3;17,00;LAB. DE 8 A 14 H. Y DE 16,30 A 19 H. EXCEPTO CARGA Y DESCARGA;-3.632432;40.430447;INSTITUCION LIBRE DE ENSEÑANZA, AVENIDA, DE LA, Nº 45
446333,9100000000;4476660,5200000000;43293;20  SAN BLAS-CANILLEJAS;20-01 SIMANCAS;JAIME HERMIDA, CALLE, DE;22;CargayDescarga;Línea;2;10,00;EXCEPTO VEHÍCULOS AUTORIZADOS A CRUZ ROJA ESPAÑOLA DE LUNES A JUEVES DE 08.00 A 20.00 H Y VIERNES DE  08.00 A 15:00 H;-3.6327727;40.4388605;JAIME HERMIDA, CALLE, DE, Nº 22
446472,0900000000;4476122,4900000000;41064;20  SAN BLAS-CANILLEJAS;20-01 SIMANCAS;JULIAN CAMARILLO, CALLE, DE;15;CargayDescarga;Línea;3;15,00;laborables de 8 a 14 y de 16.30 a 19 h, exc c y d.;-3.6310982;40.4340226;JULIAN CAMARILLO, CALLE, DE, Nº 15
447204,3300000000;4476394,9500000000;43304;20  SAN BLAS-CANILLEJAS;20-01 SIMANCAS;JULIAN CAMARILLO, CALLE, DE;38;CargayDescarga;Línea;1;7,76;LAB. DE LUNES A VIERNES DE 8:00 H.A 14:30 H. EXCEPTO CARGA Y DESCARGA;-3.6224881;40.4365238;JULIAN CAMARILLO, CALLE, DE, Nº 38
446593,0100000000;4475528,3100000000;38419;20  SAN BLAS-CANILLEJAS;20-01 SIMANCAS;MIERES, CALLE, DE;15;CargayDescarga;Batería;2;6,10;LAB. DE 8 A 14 H. Y DE 16,30 A19 H. EXCEPTO CARGA Y DESCARGA;-3.6296227;40.4286776;MIERES, CALLE, DE, Nº 15
446404,6900000000;4475847,0600000000;38337;20  SAN BLAS-CANILLEJAS;20-01 SIMANCAS;MIGUEL FLETA, CALLE, DE;4;CargayDescarga;Línea;3;13,00;LAB. DE 8 A 14 H. Y DE 16,30 A 19 H. EXCEPTO CARGA Y DESCARGA;-3.6318696;40.431537;MIGUEL FLETA, CALLE, DE, Nº 4
446793,2300000000;4476725,0800000000;38419;20  SAN BLAS-CANILLEJAS;20-01 SIMANCAS;RUFINO GONZALEZ, CALLE, DE;14;CargayDescarga;Línea;2;11,00;LABORABLES DE 08 A 12 HEXCEPTO CARGA Y DESCARGA;-3.6273626;40.4394716;RUFINO GONZALEZ, CALLE, DE, Nº 14
446830,6000000000;4475702,7900000000;39794;20  SAN BLAS-CANILLEJAS;20-01 SIMANCAS;VIRGEN DE LA OLIVA, CALLE, DE LA;2;CargayDescarga;Línea;2;15,10;LAB. DE 8 A 14 H. Y DE 16,30 A 19 H. EXCEPTO CARGA Y DESCARGA;-3.6268365;40.4302646;VIRGEN DE LA OLIVA, CALLE, DE LA, Nº 2
446880,7600000000;4475730,4000000000;40952;20  SAN BLAS-CANILLEJAS;20-01 SIMANCAS;VIRGEN DE LA OLIVA, CALLE, DE LA;2 K;CargayDescarga;Línea;5;20,00;LAB. DE 8 A 14 H. Y DE 16,30 A19 H. EXCEPTO CARGA Y DESCARGA;-3.6262474;40.4305166;VIRGEN DE LA OLIVA, CALLE, DE LA, Nº 2 K
447078,3100000000;4475849,8800000000;40004;20  SAN BLAS-CANILLEJAS;20-01 SIMANCAS;VIRGEN DE LA OLIVA, CALLE, DE LA;32;CargayDescarga;Línea;4;19,50;LABORABLES DE 8 A 14 H. Y  DE 16.30 A 19H, EXCEPTO C Y D ;-3.6239285;40.4316055;VIRGEN DE LA OLIVA, CALLE, DE LA, Nº 32
447574,9100000000;4475812,8900000000;38418;20  SAN BLAS-CANILLEJAS;20-02 HELLÍN;ALCONERA, CALLE, DE;7;CargayDescarga;Línea;2;10,00;LABORABLES DE 09 A 20 HEXCEPTO CARGA Y DESCARGA;-3.618071;40.4313037;ALCONERA, CALLE, DE, Nº 7
447674,9500000000;4475579,6900000000;1;20  SAN BLAS-CANILLEJAS;20-03 AMPOSTA;ALBERIQUE, CALLE, DE;16;CargayDescarga;Línea;4;27,60;LAB. DE 9 A 14 H. Y DE 16,30 A 19 H.EXCEPTO CARGA Y DESCARGA;-3.6168725;40.4292092;ALBERIQUE, CALLE, DE, Nº 16
447677,9200000000;4475553,6600000000;1;20  SAN BLAS-CANILLEJAS;20-03 AMPOSTA;ALBERIQUE, CALLE, DE;16;CargayDescarga;Línea;4;22,10;LAB. DE 9 A 14 H. Y DE 16,30 A 19 H.EXCEPTO CARGA Y DESCARGA;-3.6168353;40.4289749;ALBERIQUE, CALLE, DE, Nº 16
447233,4500000000;4475361,2600000000;38421;20  SAN BLAS-CANILLEJAS;20-03 AMPOSTA;AMPOSTA, CALLE, DE;5;CargayDescarga;Línea;3;13,46;LAB.DE 9 A 14 H. Y DE 16,30 A 19 H. EXCEPTOCARGA Y DESCARGA;-3.622059;40.4272136;AMPOSTA, CALLE, DE, Nº 5
447216,0000000000;4475355,9700000000;40890;20  SAN BLAS-CANILLEJAS;20-03 AMPOSTA;AMPOSTA, CALLE, DE;8;CargayDescarga;Línea;3;15,10;Lab. de 9 a 14 H. y de  16,30 a 19 H. Excepto carga y descarga.;-3.6222643;40.4271648;AMPOSTA, CALLE, DE, Nº 8
447639,4100000000;4475371,1500000000;38422;20  SAN BLAS-CANILLEJAS;20-03 AMPOSTA;POBLADURA DEL VALLE, CALLE, DE;15;CargayDescarga;Batería;4;9,00;LABORABLES DE 8 A 20 HEXCEPTO CARGA Y DESCARGADELEGACION HACIENDA;-3.6172743;40.4273283;POBLADURA DEL VALLE, CALLE, DE, Nº 15
447272,2500000000;4475291,2000000000;38421;20  SAN BLAS-CANILLEJAS;20-03 AMPOSTA;SEDA, PASAJE, DE LA;1;CargayDescarga;Línea;3;14,95;LAB.DE 9 A 14 H. Y DE 16,30 A 19 H.EXCEPTO CARGA Y DESCARGA;-3.6215958;40.4265849;SEDA, PASAJE, DE LA, Nº 1
447802,7400000000;4474880,6400000000;42489;20  SAN BLAS-CANILLEJAS;20-04 ARCOS;ARGENTA, CALLE, DE;12 C;CargayDescarga;Línea;2;13,80;LABORABLES  DE LUNES A VIERNES DE 8:00 A 20:00 Y SÁBADOS DE 8:00 A 15:00 H EXCEPTO CARGA Y DESCARGA EN LÍNEA;-3.6153086;40.4229198;ARGENTA, CALLE, DE, Nº 12 C
447035,9500000000;4474842,2200000000;44103;20  SAN BLAS-CANILLEJAS;20-04 ARCOS;POBLADURA DEL VALLE, CALLE, DE;6;CargayDescarga;Línea;3;15,00;LABORABLES DE A 8 A 12 H. Y DE 19 A 21 H. SÁBADOS DE 8 A 12 H. EXCEPTO CARGA Y DESCARGA;-3.6243439;40.4225252;POBLADURA DEL VALLE, CALLE, DE, Nº 6
448314,9900000000;4475728,9100000000;38426;20  SAN BLAS-CANILLEJAS;20-05 ROSAS;LONGARES, CALLE, DE;22;CargayDescarga;Línea;2;12,00;EXCEPTO CARGA Y DESCARGADE 8 A 12 H;-3.6093394;40.4305935;LONGARES, CALLE, DE, Nº 22
448478,4500000000;4476027,3500000000;43370;20  SAN BLAS-CANILLEJAS;20-05 ROSAS;MARIA SEVILLA DIAGO, CALLE, DE;24 A;CargayDescarga;Línea;2;10,00;lab de 8 a 14:30 h EXCEPTO CARGA Y DESCARGA;-3.6074366;40.4332922;MARIA SEVILLA DIAGO, CALLE, DE, Nº 24 A
448444,7000000000;4476098,8000000000;41796;20  SAN BLAS-CANILLEJAS;20-05 ROSAS;NIZA, AVENIDA, DE;52;CargayDescarga;Línea;3;15,00;LAB. DE 8 A 17 HORAS EXCEPTO CARGA Y DESCARGA EN LINEA.;-3.6078403;40.4339338;NIZA, AVENIDA, DE, Nº 52
448590,0600000000;4474886,8000000000;39568;20  SAN BLAS-CANILLEJAS;20-05 ROSAS;SUECIA, CALLE, DE;30;CargayDescarga;Línea;3;15,00;laborables de 8 a 14 h y de 16.30 a 19 h, excepto c yd ;-3.6060286;40.4230243;SUECIA, CALLE, DE, Nº 30
452703,8100000000;4477591,3000000000;42419;20  SAN BLAS-CANILLEJAS;20-06 REJAS;INGENIERO TORRES QUEVEDO, CALLE, DEL;S/N;CargayDescarga;Línea;4;18,90;;-3.5577386;40.4476323;INGENIERO TORRES QUEVEDO, CALLE, DEL, Nº S/N
451056,7000000000;4477335,5000000000;42885;20  SAN BLAS-CANILLEJAS;20-06 REJAS;NANCLARES DE OCA, CALLE, DE;1 H;CargayDescarga;Línea;2;11,22;LABORABLES DE 8:00 A 12:00 H Y SABADOS DE 8:00 A 15:00 H EXCEPTO CARGA Y DESCARGA;-3.5771414;40.4452326;NANCLARES DE OCA, CALLE, DE, Nº 1 H
449539,5500000000;4477268,2600000000;38421;20  SAN BLAS-CANILLEJAS;20-06 REJAS;ONCE, CALLE;2;CargayDescarga;Línea;5;25,00;LAB. DE 8 A 14 H. Y DE 16,30 A 19 H. EXCEPTO CARGA Y DESCARGA;-3.5950255;40.4445361;ONCE, CALLE, Nº 2
450071,6400000000;4477379,4800000000;43523;20  SAN BLAS-CANILLEJAS;20-06 REJAS;PIRRA, CALLE, DE;14;CargayDescarga;Línea;2;15,00;DE LUNES A VIERNES DE 8:00 A 12:00 H Y DE 17:00 A 18:00 H SÁBADOS DE 8:00 A 12:00 H EXCEPTO CARGA Y DESCARGA;-3.5887602;40.4455702;PIRRA, CALLE, DE, Nº 14
447798,8600000000;4477290,8300000000;38966;20  SAN BLAS-CANILLEJAS;20-07 CANILLEJAS;ALCALA, CALLE, DE;571;CargayDescarga;Línea;2;15,00;LAB. DE 8 A 14 H. Y DE 16,30 A 19 H. EXCEPTO CARGA Y DESCARGA ;-3.6155523;40.444632;ALCALA, CALLE, DE, Nº 571
447939,3000000000;4477383,6400000000;38460;20  SAN BLAS-CANILLEJAS;20-07 CANILLEJAS;ALCALA, CALLE, DE;574;CargayDescarga;Línea;3;15,00;LAB. DE 8 A 14 H. Y DE 16,30 A19 H. EXCEPTO CARGA YDESCARGA;-3.613904;40.4454769;ALCALA, CALLE, DE, Nº 574
448002,3400000000;4477436,9300000000;1;20  SAN BLAS-CANILLEJAS;20-07 CANILLEJAS;ALCALA, CALLE, DE;580;CargayDescarga;Línea;3;15,00;LAB.DE 8 A 14 H. Y DE 16,30 A 19 H. EXCEPTO CARGA Y DESCARGA ;-3.613165;40.4459609;ALCALA, CALLE, DE, Nº 580
448081,5200000000;4477525,0500000000;42885;20  SAN BLAS-CANILLEJAS;20-07 CANILLEJAS;ALCALA, CALLE, DE;603;CargayDescarga;Línea;2;10,00;LAB.DE 8 A 14 H. Y DE 16,30 A 19 H. EXCEPTO CARGA Y DESCARGA ;-3.6122385;40.4467597;ALCALA, CALLE, DE, Nº 603
448285,7400000000;4477672,5400000000;40056;20  SAN BLAS-CANILLEJAS;20-07 CANILLEJAS;ALCALA, CALLE, DE;622;CargayDescarga;Línea;3;12,13;LAB.DE 8 A 14 H. Y DE 16,30 A 19 H. EXCEPTO CARGA Y DESCARGA;-3.6098425;40.4481011;ALCALA, CALLE, DE, Nº 622
448238,1600000000;4477654,6200000000;44103;20  SAN BLAS-CANILLEJAS;20-07 CANILLEJAS;ALCALA, CALLE, DE;623;CargayDescarga;Línea;1;7,50;LAB. DE 8 A 14:30 H EXCEPTO CARGA Y DESCARGA;-3.6104021;40.4479367;ALCALA, CALLE, DE, Nº 623
448392,0100000000;4477691,6500000000;40336;20  SAN BLAS-CANILLEJAS;20-07 CANILLEJAS;BOLTAÑA, CALLE, DE;112;CargayDescarga;Línea;3;17,00;LAB. DE 8 A 14 H. Y DE 16,30 A 19 H. EXCEPTO CARGA Y DESCARGA;-3.6085909;40.4482798;BOLTAÑA, CALLE, DE, Nº 112
447987,1100000000;4477329,8900000000;40360;20  SAN BLAS-CANILLEJAS;20-07 CANILLEJAS;BOLTAÑA, CALLE, DE;15;CargayDescarga;Línea;12;34,71;LAB. DE 8 A 14 H. Y DE 16,30 A19 H. EXCEPTO CARGA Y DESCARGA ;-3.6133358;40.4449957;BOLTAÑA, CALLE, DE, Nº 15
448009,4100000000;4477357,4100000000;43563;20  SAN BLAS-CANILLEJAS;20-07 CANILLEJAS;BOLTAÑA, CALLE, DE;17;CargayDescarga;;;13,41;;-3.6130751;40.445245;BOLTAÑA, CALLE, DE, Nº 17
448001,7000000000;4477347,7900000000;43563;20  SAN BLAS-CANILLEJAS;20-07 CANILLEJAS;BOLTAÑA, CALLE, DE;17;CargayDescarga;;;2,85;;-3.6131652;40.4451578;BOLTAÑA, CALLE, DE, Nº 17
448246,1100000000;4477572,4100000000;38253;20  SAN BLAS-CANILLEJAS;20-07 CANILLEJAS;BOLTAÑA, CALLE, DE;45;CargayDescarga;Línea;3;15,00;LAB.DE 8 A 14 H. Y DE 16,30 A 19 H. EXCEPTO CARGA Y DESCARGA ;-3.6103016;40.4471966;BOLTAÑA, CALLE, DE, Nº 45
448079,7100000000;4477435,2400000000;38453;20  SAN BLAS-CANILLEJAS;20-07 CANILLEJAS;BOLTAÑA, CALLE, DE;66;CargayDescarga;Línea;4;20,00;LAB.DE 8 A 14 H. Y DE 16,30 A 19 H. EXCEPTO CARGA Y DESCARGA EN LINEA ;-3.6122525;40.4459505;BOLTAÑA, CALLE, DE, Nº 66
448297,7000000000;4477608,6900000000;39645;20  SAN BLAS-CANILLEJAS;20-07 CANILLEJAS;BOLTAÑA, CALLE, DE;90;CargayDescarga;Línea;3;15,00;LABORABLES DE 8 A 14 H  Y DE 16.30 A 19 H EXCEPTO CARGA Y DESCARGA;-3.6096962;40.4475266;BOLTAÑA, CALLE, DE, Nº 90
448023,2300000000;4477374,0400000000;40360;20  SAN BLAS-CANILLEJAS;20-07 CANILLEJAS;BOLTAÑA, CALLE, DE;Fte 40;CargayDescarga;Línea;3;15,00;LAB. DE 8 A 14 H. Y DE 16,30 A19 H. EXCEPTO CARGA Y DESCARGA ;-3.6129135;40.4453957;BOLTAÑA, CALLE, DE, Nº Fte 40
448066,4500000000;4476283,1600000000;38422;20  SAN BLAS-CANILLEJAS;20-07 CANILLEJAS;CANILLEJAS A VICALVARO, AVENIDA, DE;61;CargayDescarga;Batería;4;10,43;LAB. DE 8 A 14 H. Y DE 16,30 A 19 H. EXCEPTO CARGA Y DESCARGA;-3.6123147;40.4355711;CANILLEJAS A VICALVARO, AVENIDA, DE, Nº 61
448106,7600000000;4477129,1300000000;39255;20  SAN BLAS-CANILLEJAS;20-07 CANILLEJAS;DISCOBOLO, CALLE, DEL;63;CargayDescarga;Línea;6;30,00;LAB. DE 8 A 14 H. Y DE 16,30 A 19 H. EXCEPTO CARGA Y DESCARGA ;-3.6119086;40.4431946;DISCOBOLO, CALLE, DEL, Nº 63
448161,0200000000;4476330,0300000000;38422;20  SAN BLAS-CANILLEJAS;20-07 CANILLEJAS;ETRURIA, CALLE, DE;12;CargayDescarga;Línea;4;18,00;LAB. DE 9 A 14 H. Y DE 16,30 A 19 H.EXCEPTO CARGA Y DESCARGA;-3.6112036;40.4359992;ETRURIA, CALLE, DE, Nº 12
448274,0400000000;4476242,5400000000;42166;20  SAN BLAS-CANILLEJAS;20-07 CANILLEJAS;LA ILIADA, CALLE, DE;17;CargayDescarga;Línea;3;18,00;LAB. DE 8 A 17 H EXCEPTO CARGA Y DESCARGA;-3.609864;40.4352181;LA ILIADA, CALLE, DE, Nº 17
448143,7800000000;4476681,1100000000;43511;20  SAN BLAS-CANILLEJAS;20-07 CANILLEJAS;LUCANO, CALLE, DE;16;CargayDescarga;Línea;2;10,00;;-3.6114355;40.4391609;LUCANO, CALLE, DE, Nº 16
448097,9000000000;4476789,7700000000;36789;20  SAN BLAS-CANILLEJAS;20-07 CANILLEJAS;LUCANO, CALLE, DE;2;CargayDescarga;Línea;1;7,50;LAB. DE 8 A 14 H. Y DE 16,30 A 19 H. EXCEPTO CARGA Y DESCARGA;-3.6119853;40.4401369;LUCANO, CALLE, DE, Nº 2
448449,6600000000;4477364,9000000000;43294;20  SAN BLAS-CANILLEJAS;20-07 CANILLEJAS;SAN ANICETO, CALLE, DE;S/N;CargayDescarga;Línea;2;14,06;DE LUNES A VIERNES DE 07:00  A 22:00 H Y SABADOS DE 07: A 18:00 H EXCEPTO CARGA Y DESCARGA SOCIEDAD ESTATAL CORREOS Y TELEGRAFOS S.A.;-3.6078846;40.4453399;SAN ANICETO, CALLE, DE, Nº S/N
448353,4000000000;4477481,7500000000;1;20  SAN BLAS-CANILLEJAS;20-07 CANILLEJAS;SAN FAUSTINO, CALLE, DE;12;CargayDescarga;Batería;3;15,00;LAB. DE 8 A 14 H. Y DE 16,30 A 19 H. EXCEPTO CARGA Y DESCARGA;-3.6090291;40.4463865;SAN FAUSTINO, CALLE, DE, Nº 12
448195,5400000000;4477264,1400000000;34865;20  SAN BLAS-CANILLEJAS;20-07 CANILLEJAS;VALDERROBRES, CALLE, DE;11;CargayDescarga;Línea;3;15,00;LAB. DE 8 A 14 H. Y DE 16,30 A19 H. EXCEPTO CARGA YDESCARGA;-3.6108728;40.4444164;VALDERROBRES, CALLE, DE, Nº 11
446652,3200000000;4477647,4400000000;43434;20  SAN BLAS-CANILLEJAS;20-08 SALVADOR;JUAN IGNACIO LUCA DE TENA, CALLE, DE;20;CargayDescarga;Línea;2;10,00;LAB DE 8 A 20 H EXCEPTO CARGA Y DESCARGA;-3.6291014;40.4477718;JUAN IGNACIO LUCA DE TENA, CALLE, DE, Nº 20
446236,0500000000;4477315,4800000000;36508;20  SAN BLAS-CANILLEJAS;20-08 SALVADOR;LOPEZ DE ARANDA, CALLE, DE;S/N;CargayDescarga;Línea;4;20,00;LAB. DE 8 A 14H. Y DE    16.30 A 19H. EXCEPTO      CARGA Y DESCARGA;-3.6339819;40.4447545;LOPEZ DE ARANDA, CALLE, DE, Nº S/N
445334,0000000000;4477678,2200000000;38398;20  SAN BLAS-CANILLEJAS;20-08 SALVADOR;TELEMACO, CALLE, DE;8;CargayDescarga;Línea;3;16,00;LAB. DE 8 A 14 H. Y DE16,30 A 19 H. EXCEPTOCARGA Y DESCARGA;-3.6446494;40.4479634;TELEMACO, CALLE, DE, Nº 8
449887,1500000000;4478194,9200000000;38414;21  BARAJAS;21-01 ALAMEDA DE OSUNA;CANOA, CALLE, DE LA;14;CargayDescarga;Línea;2;12,00;;-3.591;40.4529051;CANOA, CALLE, DE LA, Nº 14
450232,1200000000;4478549,3200000000;43570;21  BARAJAS;21-01 ALAMEDA DE OSUNA;CORBETA, CALLE, DE LA;6;CargayDescarga;Batería;6;17,40;lab de 8 a 14.30 h. Excepto Carga y Descarga en Linea;-3.5869596;40.4561185;CORBETA, CALLE, DE LA, Nº 6
449513,6300000000;4477942,4200000000;38258;21  BARAJAS;21-01 ALAMEDA DE OSUNA;NORAY, CALLE, DEL;2;CargayDescarga;Línea;3;16,80;;-3.5953847;40.4506078;NORAY, CALLE, DEL, Nº 2
450439,9200000000;4477998,3600000000;38414;21  BARAJAS;21-02 AEROPUERTO;MEDINA DE POMAR, CALLE, DE;12;CargayDescarga;Línea;4;20,00;;-3.5844659;40.4511675;MEDINA DE POMAR, CALLE, DE, Nº 12
450811,9800000000;4480298,0200000000;40477;21  BARAJAS;21-03 CASCO HISTÓRICO DE BARAJAS;CANAL DE SUEZ, CALLE, DEL;16;CargayDescarga;Línea;2;12,00;LABORABLES DE 8 A 14H Y DE 16 A 20H EXCEPTO CARGA Y DESCARGA;-3.5802566;40.4719064;CANAL DE SUEZ, CALLE, DEL, Nº 16
450890,3700000000;4480284,4200000000;41957;21  BARAJAS;21-03 CASCO HISTÓRICO DE BARAJAS;CANAL DE SUEZ, PASAJE, DEL;2 A;CargayDescarga;Línea;2;10,20;;-3.5793309;40.4717885;CANAL DE SUEZ, PASAJE, DEL, Nº 2 A
450920,1100000000;4480325,6200000000;40330;21  BARAJAS;21-03 CASCO HISTÓRICO DE BARAJAS;GENERAL, AVENIDA;29;CargayDescarga;Línea;6;31,10;;-3.5789832;40.4721614;GENERAL, AVENIDA, Nº 29
450879,4100000000;4480269,8100000000;41957;21  BARAJAS;21-03 CASCO HISTÓRICO DE BARAJAS;GENERAL, AVENIDA;35;CargayDescarga;Línea;3;17,60;;-3.579459;40.4716562;GENERAL, AVENIDA, Nº 35
450868,2000000000;4480212,7400000000;38908;21  BARAJAS;21-03 CASCO HISTÓRICO DE BARAJAS;GONZALO DE CESPEDES, CALLE, DE;13;CargayDescarga;Línea;3;14,00;DE LUNES A SABADO DE 8 A 14 HORASEXCEPTO CARGA Y DESCARGA;-3.5795868;40.4711414;GONZALO DE CESPEDES, CALLE, DE, Nº 13
450803,0000000000;4480255,5500000000;38999;21  BARAJAS;21-03 CASCO HISTÓRICO DE BARAJAS;GONZALO DE CESPEDES, CALLE, DE;7;CargayDescarga;Línea;1;7,00;;-3.5803593;40.4715232;GONZALO DE CESPEDES, CALLE, DE, Nº 7
450696,0500000000;4480309,7100000000;39232;21  BARAJAS;21-03 CASCO HISTÓRICO DE BARAJAS;LOGROÑO, AVENIDA, DE;124;CargayDescarga;Línea;3;15,00;;-3.5816251;40.4720048;LOGROÑO, AVENIDA, DE, Nº 124
451082,9700000000;4480497,1800000000;40177;21  BARAJAS;21-03 CASCO HISTÓRICO DE BARAJAS;MAYOR DE BARAJAS, PLAZA;16;CargayDescarga;Línea;3;15,00;LABORABLES DE 9 A 14 H. Y DE 16,30 A 20 H.EXCEPTO CARGA Y DESCARGA;-3.5770753;40.4737165;MAYOR DE BARAJAS, PLAZA, Nº 16
450874,0400000000;4480651,4700000000;40333;21  BARAJAS;21-03 CASCO HISTÓRICO DE BARAJAS;PENELOPE, CALLE, DE;2;CargayDescarga;Línea;3;15,00;;-3.5795519;40.4750941;PENELOPE, CALLE, DE, Nº 2
450722,7900000000;4480609,8100000000;42318;21  BARAJAS;21-03 CASCO HISTÓRICO DE BARAJAS;SANTA EDUVIGIS, CALLE, DE;S/N;CargayDescarga;Línea;2;10,00;laborables de lunes a viernes de 8 a 14 h. y de 16.30 a 19 h. sabados de 8 a 14 h. excepto: Carga y Descarga;-3.5813329;40.4747099;SANTA EDUVIGIS, CALLE, DE, Nº S/N
450930,2900000000;4480421,2500000000;38408;21  BARAJAS;21-03 CASCO HISTÓRICO DE BARAJAS;SATURNO, CALLE, DE;23;CargayDescarga;Línea;4;21,00;LABORABLES DE 9 A 14 H. Y DE 16,30 A 20 H.EXCEPTO CARGA Y DESCARGA;-3.5788706;40.4730235;SATURNO, CALLE, DE, Nº 23
450618,4500000000;4480212,9000000000;38407;21  BARAJAS;21-04 TIMÓN;ALARO, CALLE, DE;8 B;CargayDescarga;Línea;4;18,60;;-3.5825329;40.4711281;ALARO, CALLE, DE, Nº 8 B
450304,3800000000;4480449,2300000000;40686;21  BARAJAS;21-04 TIMÓN;ALHAURIN, CALLE, DE;2;CargayDescarga;Línea;2;11,00;;-3.5862562;40.4732383;ALHAURIN, CALLE, DE, Nº 2
450660,8200000000;4480391,3500000000;39232;21  BARAJAS;21-04 TIMÓN;LOGROÑO, AVENIDA, DE;329;CargayDescarga;Línea;3;15,00;;-3.582047;40.4727382;LOGROÑO, AVENIDA, DE, Nº 329
447629,7400000000;4479347,0500000000;41950;21  BARAJAS;21-05 CORRALEJOS;AMBERES, CALLE, DE;7;CargayDescarga;Línea;3;15,00;Laborables de 9 a 14H. Excepto Carga  y Descarga;-3.6177161;40.463145;AMBERES, CALLE, DE, Nº 7
447880,2000000000;4479389,8100000000;41950;21  BARAJAS;21-05 CORRALEJOS;AMSTERDAM, CALLE, DE;9;CargayDescarga;Línea;3;15,00;Laborables de 9 a 14h.Excepto Carga y DescargaEn Linea;-3.6147655;40.4635459;AMSTERDAM, CALLE, DE, Nº 9
449734,7900000000;4479551,1800000000;43549;21  BARAJAS;21-05 CORRALEJOS;BAHIA DE GANDO, CALLE, DE LA;1;CargayDescarga;Línea;2;12,00;LAB. DE LUNES A VIERNES DE 8 A 14 H Y DE 16.30 A 21 H SABADOS DE 8 A 15 H. EXCEPTO CARGA Y DESCARGA;-3.5929041;40.4651139;BAHIA DE GANDO, CALLE, DE LA, Nº 1
449792,5700000000;4479307,1600000000;39967;21  BARAJAS;21-05 CORRALEJOS;BAHIA DE PALMA, CALLE, DE LA;7 H;CargayDescarga;Línea;2;14,66;;-3.5922033;40.4629191;BAHIA DE PALMA, CALLE, DE LA, Nº 7 H
