Gis_X;Gis_Y;Fecha de Alta;Distrito;Barrio;Calle;Nº Finca;Tipo de Reserva;Línea / Batería;Número de Plazas;Longitud Reserva;Texto_Cajetines;Longitud;Latitud
439579,2800000000;4473497,7400000000;12-07-2018;01  CENTRO;01-01 PALACIO;AGUILA, CALLE, DEL;3;CargayDescarga;Línea;2;7,5;LABORABLES DE 8 A 14 H.Y DE 16,30 A 19 H. EXCEPTO CARGA Y DESCARGA;-3.7121098780;40.4099057070
439873,7600000000;4474393,8700000000;17-05-2013;01  CENTRO;01-01 PALACIO;ANGELES, COSTANILLA, DE LOS;1;CargayDescarga;Línea;4;22,5;PERMITIDO CARGA Y DESCARGA DE 0 A 11 H.;-3.7087240980;40.4180001680
439884,6400000000;4474417,8400000000;17-05-2013;01  CENTRO;01-01 PALACIO;ANGELES, COSTANILLA, DE LOS;3;CargayDescarga;Línea;6;29,2;PERMITIDO CARGA Y DESCARGA DE 7 A 11 H.;-3.7085982190;40.4182164590
439707,3200000000;4474504,1600000000;10-10-2017;01  CENTRO;01-01 PALACIO;ARRIETA, CALLE, DE;7;CargayDescarga;Línea;2;10,51;LABORABLES DE 8 A 15 H. EXCEPTO CARGA Y DESCARGA..;-3.7106962760;40.4189810140
439759,6600000000;4474466,5000000000;28-07-2020;01  CENTRO;01-01 PALACIO;ARRIETA, CALLE, DE;4;CargayDescarga;Línea;3;32;LABORABLES DE 8 A 15 H. EXCEPTO CARGA Y DESCARGA;-3.7100758770;40.4186460630
439480,4400000000;4473482,1800000000;30-08-2010;01  CENTRO;01-01 PALACIO;CALATRAVA, CALLE, DE;37;CargayDescarga;Línea;3;15;LABORABLES DE 8 A 14 H. Y DE 16:30 A 19 H. EXCEPTO CARGA Y DESCARGA;-3.7132733260;40.4097586860
439720,6300000000;4473413,5100000000;09-01-2013;01  CENTRO;01-01 PALACIO;CALATRAVA, CALLE, DE;3;CargayDescarga;Línea;4;20;LABORABLES DE 8 A 14 H. EXCEPTO CARGA Y DESCARGA;-3.7104360960;40.4091572520
439821,1000000000;4474502,1700000000;24-05-2016;01  CENTRO;01-01 PALACIO;CAMPOMANES, CALLE, DE;5;CargayDescarga;Línea;1;15;EXCEPTO SUBIDA Y BAJADA DE VIAJEROS CARGA Y DESCARGA DE MERCANCIAS SERVICIO HOTEL;-3.7093551540;40.4189712740
439830,7200000000;4474568,8800000000;24-05-2016;01  CENTRO;01-01 PALACIO;CAMPOMANES, CALLE, DE;15;CargayDescarga;Línea;1;10;LABORABLES DE 8 A 15 H. EXCEPTO CARGA Y DESCARGA;-3.7092480110;40.4195728220
439730,4300000000;4473716,1600000000;13-06-2012;01  CENTRO;01-01 PALACIO;CAVA BAJA, CALLE, DE LA;40;CargayDescarga;Línea;3;15;LAB DE 8 A 14 H. Y DE 16,30 A 19 H. EXCEPTO CARGA Y DESCARGA;-3.7103492930;40.4118840150
439868,6700000000;4474113,3500000000;26-11-1999;01  CENTRO;01-01 PALACIO;CAVA DE SAN MIGUEL, CALLE, DE LA;FTE 3;CargayDescarga;Línea;2;12,3;LABORABLES DE 8 A 14 H. Y DE 16:30 A 20 H. ESCEPTO CARGA Y DESCARGA;-3.7087576730;40.4154723930
439844,1000000000;4473656,2600000000;17-12-2019;01  CENTRO;01-01 PALACIO;CEBADA, PLAZA, DE LA;3;CargayDescarga;Línea;5;26;LABORABLES DE 8 A14 H. Y DE 16:30 A 19 H. EXCEPTO CARGA Y DESCARGA;-3.7090039880;40.4113529980
439755,2700000000;4473658,9700000000;17-12-2019;01  CENTRO;01-01 PALACIO;CEBADA, PLAZA, DE LA;9;CargayDescarga;Línea;7;35,7;LABORABLES DE 8 A 14 H. Y DE 16,30 A 19 H. EXCEPTO CARGA Y DESCARGA;-3.7100511260;40.4113711030
439866,9100000000;4474191,2400000000;17-07-2017;01  CENTRO;01-01 PALACIO;COMANDANTE LAS MORENAS, PLAZA, DEL;3;CargayDescarga;Línea;3;12,41;LABORABLES DE 8 A 15 H EXCEPTO CARGA Y DESCARGA;-3.7087857480;40.4161734070
439731,6800000000;4474919,3300000000;22-01-2019;01  CENTRO;01-01 PALACIO;DOCTOR CARRACIDO, CALLE, DEL;1;CargayDescarga;Línea;5;20,3;LABORABLES DE 8 A 15 HORAS EXCEPTO CARGA Y DESCARGA;-3.7104484720;40.4227227720
439623,2600000000;4474670,3000000000;01-07-2010;01  CENTRO;01-01 PALACIO;ENCARNACION, CALLE, DE LA;10;CargayDescarga;Línea;3;15;LABORABLES DE 8 A 15 H.. EXCEPTO CARGA Y DESCARGA;-3.7117028480;40.4204719080
439619,0200000000;4474923,2100000000;07-05-2018;01  CENTRO;01-01 PALACIO;ESPAÑA, PLAZA, DE;5;CargayDescarga;;;6,84;;-3.7117768750;40.4227493580
439679,4700000000;4474682,5000000000;01-07-2010;01  CENTRO;01-01 PALACIO;GUILLERMO ROLLAND, CALLE, DE;11;CargayDescarga;Línea;3;14,2;LABORABLES DE 8 A 15 H. EXCEPTO CARGA Y DESCARGA;-3.7110415410;40.4205856970
439714,8800000000;4473618,5700000000;28-11-2001;01  CENTRO;01-01 PALACIO;HUMILLADERO, CALLE, DEL;8;CargayDescarga;Línea;2;9,9;LABORABLES DE 8 A 14 H. Y DE 16,30 A 19 H. EXCEPTO CARGA Y DESCARGA;-3.7105233000;40.4110043530
439726,2600000000;4473554,1700000000;28-11-2011;01  CENTRO;01-01 PALACIO;HUMILLADERO, CALLE, DEL;16;CargayDescarga;Línea;2;10,8;LABORABLES DE 8 A 14 H. Y DE 16,30 A 19 H. EXCEPTO CARGA Y DESCARGA;-3.7103830970;40.4104245770
439525,6200000000;4473761,8600000000;12-06-2013;01  CENTRO;01-01 PALACIO;MANCEBOS, CALLE, DE LOS;11;CargayDescarga;Línea;2;10,3;LAB. DE 8 A 14 H. EXCEPTO CARGA Y DESCARGA;-3.7127674040;40.4122813620
439832,3500000000;4474162,6500000000;11-03-1999;01  CENTRO;01-01 PALACIO;MAYOR, CALLE;48;CargayDescarga;Línea;5;23,3;LAB. DE 8 A 15 H. EXCEPTO CARGA Y DESCARGA;-3.7091904280;40.4159135700
439549,5500000000;4474271,9700000000;07-09-2015;01  CENTRO;01-01 PALACIO;NOBLEJAS, CALLE, DE;4;CargayDescarga;Línea;2;13,4;LABORABLES DE 8 A 18 H. EXCEPTO CARGA Y DESCARGA;-3.7125338090;40.4168783740
439607,6000000000;4473381,3200000000;01-01-1900;01  CENTRO;01-01 PALACIO;PALOMA, CALLE, DE LA;6;CargayDescarga;Línea;3;15;LABORABLES DE 6 A 13 H EXCEPTO CARGA Y DESCARGA;-3.7117651860;40.4088593140
439558,1600000000;4473796,1800000000;16-04-2013;01  CENTRO;01-01 PALACIO;REDONDILLA, CALLE, DE LA;5;CargayDescarga;Línea;1;15;LABORABLES DE 9:15 A 12:30 H. DE 14:30 A 16:00 H. Y DE 17:15 A 20 H. EXCEPTO CARGA Y DESCARGA;-3.7123871320;40.4125929930
439458,9900000000;4473593,2800000000;17-12-2019;01  CENTRO;01-01 PALACIO;SAN FRANCISCO, CARRERA, DE;16;CargayDescarga;Línea;1;7,6;LABORABLES DE 8 A 17 H. EXCEPTO CARGA Y DESCARGA;-3.7135366570;40.4107573510
439854,5700000000;4474090,2700000000;01-01-1900;01  CENTRO;01-01 PALACIO;SAN MIGUEL, PLAZA, DE;5;CargayDescarga;Línea;9;34,2;LABORABLES DE 8 A 14 H. Y DE 16:30 A 20 H. EXCEPTO CARGA Y DESCARGA;-3.7089215970;40.4152637210
439612,3500000000;4474142,5700000000;01-01-1900;01  CENTRO;01-01 PALACIO;SAN NICOLAS, PLAZA, DE;1;CargayDescarga;Línea;1;7;LAB. DE 8 A 15 H.EXCEPTO CARGA Y DESCARGA;-3.7117814580;40.4157171600
439723,0200000000;4473885,3300000000;07-04-2011;01  CENTRO;01-01 PALACIO;SAN PEDRO, COSTANILLA, DE;FTE 2;CargayDescarga;Línea;2;8,4;LABORABLES DE 9 A 14 H.Y DE 16,30 A 19 H. EXCEPTOCARGA Y DESCARGA;-3.7104525970;40.4134080260
439962,2700000000;4473883,2000000000;13-07-2017;01  CENTRO;01-01 PALACIO;SEGOVIA NUEVA, PLAZA, DE;1;CargayDescarga;Línea;1;11,5;LABORABLES DE 8 A 14 H.Y DE 16,30 A 19 H. EXCEPTO CARGA Y DESCARGA;-3.7076328430;40.4134057910
439580,8800000000;4473947,0100000000;21-12-2011;01  CENTRO;01-01 PALACIO;SEGOVIA, CALLE, DE;18;CargayDescarga;Línea;3;15;LABORABLES DE 8 A 14 H.Y DE 16,30 A 19 H. EXCEPTOCARGA Y DESCARGA.;-3.7121336550;40.4139527940
439130,7100000000;4473794,6700000000;26-02-2010;01  CENTRO;01-01 PALACIO;SEGOVIA, RONDA, DE;7;CargayDescarga;Línea;2;10,1;LABORABLES DE 9 A 14 H. Y DE 16,30 A 19 H. EXCEPTO CARGA Y DESCARGA TIEMPO MAXIMO 30 MINUTOS;-3.7174246910;40.4125481880
439950,0900000000;4474683,9300000000;14-07-2017;01  CENTRO;01-01 PALACIO;SILVA, CALLE, DE;4;CargayDescarga;Línea;7;37,3;LABORABLES DE 8 A 15 H. EXCEPTO CARGA Y DESCARGA;-3.7078519420;40.4206184700
439967,3600000000;4473834,1200000000;03-11-2017;01  CENTRO;01-01 PALACIO;TOLEDO, CALLE, DE;34;CargayDescarga;Línea;3;15;LABORABLES DE 8 A 17 HORAS. EXCEPTO CARGA Y DESCARGA;-3.7075680980;40.4129636400
439937,9400000000;4473463,8700000000;18-12-2020;01  CENTRO;01-02 EMBAJADORES;AMAZONAS, CALLE, DE LAS;13;CargayDescarga;Línea;1;7,5;LAB. DE 8 A 14 H. Y DE 16,30 A 19 H. EXCEPTO CARGA Y DESCARGA DOMINGOS Y FESTIVOS DE 0 A 16 H.;-3.7078799590;40.4096269050
440536,2500000000;4473171,4400000000;26-07-2006;01  CENTRO;01-02 EMBAJADORES;AMPARO, CALLE, DE;91;CargayDescarga;Línea;3;15;LAB. DE 8 A 15 H.EXCEPTO CARGA Y DESCARGA;-3.7008014670;40.4070351310
439760,7000000000;4473334,7400000000;28-07-2006;01  CENTRO;01-02 EMBAJADORES;ARGANZUELA, CALLE, DE LA;9;CargayDescarga;Línea;4;18;LAB. DE 8 A 15 H. EXCEPTO CARGA Y DESCARGA;-3.7099564730;40.4084503940
440803,0100000000;4473266,5300000000;01-02-2010;01  CENTRO;01-02 EMBAJADORES;ARGUMOSA, CALLE, DE;22;CargayDescarga;Línea;3;15;LABORABLES DE 8 A 14 H. Y DE 16:30 A 19 H.EXCEPTO CARGA Y DESCARGA;-3.6976666430;40.4079110690
440649,5900000000;4473299,1800000000;01-02-2010;01  CENTRO;01-02 EMBAJADORES;ARGUMOSA, CALLE, DE;8;CargayDescarga;Línea;3;16;LABORABLES DE 8 A 14 H. Y DE 16:30 A 19 H.EXCEPTO CARGA Y DESCARGA;-3.6994777630;40.4081935940
440854,6500000000;4473255,4800000000;01-02-2010;01  CENTRO;01-02 EMBAJADORES;ARGUMOSA, CALLE, DE;24;CargayDescarga;Línea;3;14;LABORABLES DE 8 A 14 H. Y DE 16:30 A 19 H.EXCEPTO CARGA Y DESCARGA;-3.6970571300;40.4078146970
440585,2800000000;4473312,5300000000;14-07-2017;01  CENTRO;01-02 EMBAJADORES;ARGUMOSA, CALLE, DE;2;CargayDescarga;Línea;2;10,3;LABORABLES DE 8 A 14 H. Y DE 16:30 A 19 H.EXCEPTO CARGA Y DESCARGA;-3.7002368170;40.4083097330
440392,9000000000;4473921,7300000000;01-07-2010;01  CENTRO;01-02 EMBAJADORES;ATOCHA, CALLE, DE;22;CargayDescarga;Línea;3;17,52;LABORABLES DE 8 A 14 H. Y DE 16:30 A 19 H. EXCEPTO CARGA Y DESCARGA;-3.7025611350;40.4137839430
440443,3800000000;4473898,0100000000;01-07-2010;01  CENTRO;01-02 EMBAJADORES;ATOCHA, CALLE, DE;26;CargayDescarga;Línea;3;15,8;LABORABLES DE 8 A 14 H. Y DE 16:30 A 19 H. EXCEPTO CARGA Y DESCARGA;-3.7019639980;40.4135738970
440347,1400000000;4473942,7400000000;18-12-2015;01  CENTRO;01-02 EMBAJADORES;ATOCHA, CALLE, DE;20;CargayDescarga;Línea;1;9,7;DE 8 A 22 H. CARGA Y DESCARGA SUBIDA Y BAJADA DE VIAJEROS TIEMPO MÁXIMO 30 MINUTOS;-3.7031024080;40.4139698680
441032,2000000000;4473524,3500000000;02-07-2019;01  CENTRO;01-02 EMBAJADORES;ATOCHA, CALLE, DE;111;CargayDescarga;Línea;2;10,48;LABORABLES DE 8 A 14 H Y DE 16.30 A 19 HORAS EXCEPTO CARGA Y DESCARGA;-3.6949896700;40.4102494240
441043,8000000000;4473517,6100000000;02-07-2019;01  CENTRO;01-02 EMBAJADORES;ATOCHA, CALLE, DE;106;CargayDescarga;Línea;2;12,2;LABORABLES DE 8 A 14 H Y DE 16.30 A 19 HORAS EXCEPTO CARGA Y DESCARGA;-3.6948523320;40.4101892630
441166,1300000000;4473449,1200000000;03-11-2021;01  CENTRO;01-02 EMBAJADORES;ATOCHA, CALLE, DE;112;CargayDescarga;Línea;2;10,1;LABORABLES DE 8 A 17 HORAS EXCEPTO CARGA Y DESCARGA;-3.6934042950;40.4095814130
440890,4700000000;4473140,0000000000;10-03-2009;01  CENTRO;01-02 EMBAJADORES;ATOCHA, RONDA, DE;12;CargayDescarga;Línea;3;15;LABORABLES DE 8 A 14 H. Y DE 16:30 A 19 H. EXCEPTO CARGA Y DESCARGA;-3.6966242610;40.4067768410
440749,1300000000;4473090,5400000000;13-07-2017;01  CENTRO;01-02 EMBAJADORES;ATOCHA, RONDA, DE;24;CargayDescarga;Línea;5;24;LABORABLES DE 8 A 14 H. Y DE 16:30 A 19 H. EXCEPTO CARGA Y DESCARGA;-3.6982852650;40.4063211680
440680,8600000000;4473066,6200000000;21-11-2017;01  CENTRO;01-02 EMBAJADORES;ATOCHA, RONDA, DE;34;CargayDescarga;Línea;1;7;DE 7 A 20 H. EXCEPTO VEHÍCULOS DE RIEGO Y BALDEO;-3.6990875780;40.4061015530
440582,1400000000;4473688,5700000000;01-12-2004;01  CENTRO;01-02 EMBAJADORES;AVE MARIA, CALLE, DEL;8;CargayDescarga;Línea;3;16,4;LABORABLES DE 8 A 15 H.EXCEPTO CARGA Y DESCARGA;-3.7003090100;40.4116969450
440542,0400000000;4473568,1600000000;20-01-2001;01  CENTRO;01-02 EMBAJADORES;AVE MARIA, CALLE, DEL;23;CargayDescarga;Línea;2;10;LABORABLES DE 8 A 15 H.EXCEPTO CARGA Y DESCARGA;-3.7007704700;40.4106091840
440535,2600000000;4473570,8400000000;01-12-2004;01  CENTRO;01-02 EMBAJADORES;AVE MARIA, CALLE, DEL;26;CargayDescarga;Línea;3;15;LABORABLES DE 8 A 15 H. EXCEPTO CARGA Y DESCARGA;-3.7008506270;40.4106334200
440567,3100000000;4473611,8500000000;26-07-2006;01  CENTRO;01-02 EMBAJADORES;AVE MARIA, CALLE, DEL;17;CargayDescarga;Línea;3;15;LABORABLES DE 8 A 15 H.EXCEPTO CARGA Y DESCARGA;-3.7004766000;40.4110050410
440525,8600000000;4473463,3100000000;26-07-2006;01  CENTRO;01-02 EMBAJADORES;AVE MARIA, CALLE, DEL;39;CargayDescarga;Línea;3;15;LAB. DE 8 A 15 H.EXCEPTO CARGA Y DESCARGA;-3.7009512950;40.4096636320
440516,9600000000;4473417,2400000000;27-07-2006;01  CENTRO;01-02 EMBAJADORES;AVE MARIA, CALLE, DEL;52;CargayDescarga;Línea;2;10,77;LAB. DE 8 A 15 H. EXCEPTO CARGA Y DESCARGA;-3.7010518490;40.4092484670
439917,4200000000;4473137,1200000000;21-12-2020;01  CENTRO;01-02 EMBAJADORES;CAMPILLO DEL MUNDO NUEVO, PLAZA, DEL;2;CargayDescarga;Línea;3;16,4;LABORABLES DE 8 A 14 H. Y DE 16:30 A 19 H. EXCEPTO CARGA Y DESCARGA DOMINGOS Y FESTIVOS DE 0 A 16 H.;-3.7080908650;40.4066815590
440479,4100000000;4473863,4700000000;01-07-2010;01  CENTRO;01-02 EMBAJADORES;CAÑIZARES, CALLE, DE LOS;1;CargayDescarga;Línea;3;15;LABORABLES DE 8 A 14 H. Y DE 16:30 A 19 H. EXCEPTO CARGA Y DESCARGA;-3.7015361130;40.4132650150
439737,3400000000;4473224,7700000000;12-08-2020;01  CENTRO;01-02 EMBAJADORES;CAPITAN SALAZAR MARTINEZ, CALLE, DEL;9;CargayDescarga;Línea;3;15;LABORABLES DE 8 A 14 H. Y DE 16:30 A 19 H. EXCEPTO CARGA Y DESCARGA MARTES, SÁBADOS, DOMINGOS Y FESTIVOS DE 7:00 H. A 16:00 H;-3.7102213510;40.4074581460
439885,9500000000;4473330,2800000000;07-01-2021;01  CENTRO;01-02 EMBAJADORES;CARLOS ARNICHES, CALLE, DE;10;CargayDescarga;Línea;2;10;LAB. DE 8 A 15 H. EXCEPTO CARGA Y DESCARGA DOMINGOS Y FESTIVOS DE 0 A 16 H.;-3.7084800180;40.4084196260
439910,3900000000;4473182,3500000000;07-01-2021;01  CENTRO;01-02 EMBAJADORES;CARLOS ARNICHES, CALLE, DE;31;CargayDescarga;Línea;2;15;LABORABLES DE 8 A 15 H.EXCEPTO CARGA Y DESCARGA DOMINGOS Y FESTIVOSDE 0 A 16 H.;-3.7081779550;40.4070884730
439997,7700000000;4473643,7400000000;18-12-2020;01  CENTRO;01-02 EMBAJADORES;CASCORRO, PLAZA, DE;2;CargayDescarga;Línea;7;33;RESERVA COMPARTIDA LABORABLES DE 8 A 15 H.EXCEPTO CARGA Y DESCARGA MAXIMO 30 MINUTOS RESTO HORARIO REGULACION SER DOMINGOS Y FESTIVOS DE 0 A 16 H.;-3.7071918370;40.4112511260
439975,8400000000;4473563,7600000000;18-12-2020;01  CENTRO;01-02 EMBAJADORES;CASCORRO, PLAZA, DE;18;CargayDescarga;Línea;7;33;RESERVA COMPARTIDA ----------------------------------------- LABORABLES DE 10 A 13 H. EXCEPTO CARGA Y DESCARGA MÁXIMO 30 MINUTOS RESTO DE HORARIO REGULACIÓN SER ---------------------------------------------------------------------- DOMINGOS Y FESTIVOS DE 0 A 16 H.;-3.7074425630;40.4105288560
440098,4100000000;4473816,4300000000;28-07-2006;01  CENTRO;01-02 EMBAJADORES;COLEGIATA, CALLE, DE LA;11;CargayDescarga;Línea;5;24;LABORABLES DE 8 A 14 H. Y DE 16,30 A 19 H. EXCEPTO CARGA Y DESCARGA;-3.7060220860;40.4128138680
440097,6700000000;4473828,3400000000;25-06-2009;01  CENTRO;01-02 EMBAJADORES;COLEGIATA, CALLE, DE LA;6;CargayDescarga;Línea;4;22,5; LABORABLES DE 9 A 14 H.EXCEPTO CARGA Y DESCARGA MAXIMO 30 MINUTOS RESTO HORARIO REGULACION SER;-3.7060318270;40.4129211830
440040,4900000000;4473853,6700000000;30-06-2017;01  CENTRO;01-02 EMBAJADORES;COLEGIATA, CALLE, DE LA;10;CargayDescarga;Línea;4;20;LABORABLES DE 9 A 14 H. EXCEPTO CARGA Y DESCARGA MÁXIMO 30 MINUTOS RESTO DE HORARIO REGULACIÓN SER.;-3.7067080890;40.4131454390
440186,1300000000;4473810,9800000000;25-09-2018;01  CENTRO;01-02 EMBAJADORES;CONDE DE ROMANONES, CALLE, DEL;15;CargayDescarga;Línea;3;15;LABORABLES DE LUNES A SÁBADO DE 8 A 17 HORAS EXCEPTO CARGA Y DESCARGA;-3.7049876680;40.4127716420
440187,0800000000;4473838,0900000000;05-10-2018;01  CENTRO;01-02 EMBAJADORES;CONDE DE ROMANONES, CALLE, DEL;12;CargayDescarga;Línea;3;15;LABORABLES DE 8 A 14 H.Y DE 16,30 A 19 H.EXCEPTO CARGA Y DESCARGA MAXIMO 30 MINUTOS RESTO HORARIO REGULACION SER;-3.7049789600;40.4130158360
440217,5900000000;4473915,0300000000;09-10-2018;01  CENTRO;01-02 EMBAJADORES;CONDE DE ROMANONES, CALLE, DEL;3;CargayDescarga;Línea;3;13;LABORABLES DE 8 A 14 H. Y DE 16,30 A 19 H. EXCEPTO CARGA Y DESCARGA MAXIMO 30 MINUTOS RESTO HORARIO REGULACION SER;-3.7046267050;40.4137110630
440625,7900000000;4473160,7300000000;01-02-2010;01  CENTRO;01-02 EMBAJADORES;DOCTOR FOURQUET, CALLE, DEL;34;CargayDescarga;Línea;3;16;LABORABLES DE 8 A 14 H. Y DE 16:30 A 19 H. EXCEPTO CARGA Y DESCARGA;-3.6997452770;40.4069450620
440068,0100000000;4473693,6200000000;17-12-2019;01  CENTRO;01-02 EMBAJADORES;DUQUE DE ALBA, CALLE, DEL;13;CargayDescarga;Línea;3;15,5;RESERVA COMPARTIDA LABORABLES DE 8 A 14 H. Y DE 16:30 A 19 H. EXCEPTO CARGA Y DESCARGA MÁXIMO 30 MINUTOS RESTO DE HORARIO REGULACIÓN SER;-3.7063686690;40.4117051950
440083,6900000000;4473699,5400000000;17-12-2019;01  CENTRO;01-02 EMBAJADORES;DUQUE DE ALBA, CALLE, DEL;11;CargayDescarga;Línea;3;14,5;RESERVA COMPARTIDA LABORABLES DE 8 A 14 H. Y DE 16:30 A 19 H. EXCEPTO CARGA Y DESCARGA MÁXIMO 30 MINUTOS RESTO DE HORARIO REGULACIÓN SER;-3.7061845200;40.4117596260
440099,9600000000;4473705,0300000000;17-12-2019;01  CENTRO;01-02 EMBAJADORES;DUQUE DE ALBA, CALLE, DEL;7;CargayDescarga;Línea;3;15,4;RESERVA COMPARTIDA LABORABLES DE 8 A 14 H. Y DE 16:30 A 19 H. EXCEPTO CARGA Y DESCARGA MÁXIMO 30 MINUTOS RESTO DE HORARIO REGULACIÓN SER;-3.7059932090;40.4118110200
440736,0700000000;4473670,9900000000;14-07-2017;01  CENTRO;01-02 EMBAJADORES;DUQUE DE FERNAN NUÑEZ, CALLE, DEL;4;CargayDescarga;Línea;9;43;LABORABLES DE 8 A 14 H. Y DE 16:30 A 19 H. EXCEPTO CARGA Y DESCARGA;-3.6984931920;40.4115497520
440059,0900000000;4473865,1500000000;01-01-1900;01  CENTRO;01-02 EMBAJADORES;DUQUE DE RIVAS, CALLE, DEL;8;CargayDescarga;Línea;5;24;LABORABLES DE 9 A 14H.EXCEPTO CARGA Y DESCARGA MAXIMO 30 MINUTOS RESTO HORARIO REGULACION SER;-3.7064899070;40.4132499470
440060,3900000000;4473912,6900000000;01-08-2005;01  CENTRO;01-02 EMBAJADORES;DUQUE DE RIVAS, CALLE, DEL;2;CargayDescarga;Línea;3;16;RESERVA COMPARTIDA LABORABLES DE 9 A 14 H. EXCEPTO CARGA Y DESCARGA MAXIMO 30 MINUTOS RESTO HORARIO REGULACION SER;-3.7064791350;40.4136782900
440218,2500000000;4473308,4200000000;01-12-2004;01  CENTRO;01-02 EMBAJADORES;EMBAJADORES, CALLE, DE;35;CargayDescarga;Línea;3;16;LABORABLES DE 8 A 15 H EXCEPTO CARGA Y DESCARGA;-3.7045619610;40.4082463060
440256,7100000000;4473251,5100000000;11-07-2014;01  CENTRO;01-02 EMBAJADORES;EMBAJADORES, CALLE, DE;58;CargayDescarga;Línea;2;12,5;Laborables de 8 a 15h. Excepto Carga y Descarga;-3.7041033650;40.4077366600
440277,0400000000;4473211,1400000000;27-10-2015;01  CENTRO;01-02 EMBAJADORES;EMBAJADORES, CALLE, DE;64;CargayDescarga;Línea;2;12,9;LABORABLES DE 8 A 15 HORAS EXCEPTO CARGA Y DESCARGA;-3.7038599160;40.4073739780
439873,4100000000;4473432,3000000000;29-04-2021;01  CENTRO;01-02 EMBAJADORES;GENERAL VARA DE REY, PLAZA, DEL;9;CargayDescarga;Línea;1;6,5;LABORABLES DE LUNES A VIERNES DE 8 A 15 HORAS EXCEPTO CARGA Y DESCARGA;-3.7086374100;40.4093373900
440082,0700000000;4473634,6900000000;22-04-2019;01  CENTRO;01-02 EMBAJADORES;JUANELO, CALLE, DE;19;CargayDescarga;Línea;1;6,44;LABORABLES DE 8 A 15 H. EXCEPTO CARGA Y DESCARGA;-3.7061974120;40.4111752660
440365,4300000000;4473625,0600000000;05-04-2011;01  CENTRO;01-02 EMBAJADORES;LAVAPIES, CALLE, DE;16;CargayDescarga;Línea;1;7;LABORABLES DE 8 A 15 H. EXCEPTO CARGA Y DESCARGA;-3.7028571820;40.4111096630
440463,5600000000;4473393,8800000000;11-03-1999;01  CENTRO;01-02 EMBAJADORES;LAVAPIES, CALLE, DE;56;CargayDescarga;Línea;2;11,8;LAB. DE 8 A 15 H.EXCEPTO CARGA Y DESCARGA;-3.7016788370;40.4090337220
440430,3000000000;4473438,6800000000;11-03-1999;01  CENTRO;01-02 EMBAJADORES;LAVAPIES, CALLE, DE;48;CargayDescarga;Línea;3;14,9;LAB. DE 8 A 18 H.EXCEPTO CARGA Y DESCARGA;-3.7020749800;40.4094347350
440415,5400000000;4473876,8500000000;12-12-2002;01  CENTRO;01-02 EMBAJADORES;LUIS VELEZ DE GUEVARA, CALLE, DE;3;CargayDescarga;Línea;3;15,1; LABORABLES DE 9 A 14 H.EXCEPTO CARGA Y DESCARGA MAXIMO 30 MINUTOS RESTO HORARIO REGULACION SER;-3.7022900110;40.4133808100
440372,9700000000;4473768,5400000000;17-12-2019;01  CENTRO;01-02 EMBAJADORES;MAGDALENA, CALLE, DE LA;6;CargayDescarga;Línea;3;17;RESERVA COMPARTIDA LABORABLES DE 9 A 14 H. EXCEPTO CARGA Y DESCARGA MÁXIMO 30 MINUTOS RESTO DE HORARIO REGULACIÓN SER;-3.7027817240;40.4124024850
440532,2900000000;4473766,0000000000;17-12-2019;01  CENTRO;01-02 EMBAJADORES;MAGDALENA, CALLE, DE LA;23;CargayDescarga;Línea;1;5,5;RESERVA COMPARTIDA LABORABLES DE 9 A 14 H. EXCEPTO CARGA Y DESCARGA MÁXIMO 30 MINUTOS RESTO DE HORARIO REGULACIÓN SER;-3.7009036830;40.4123907960
440562,1500000000;4473766,7000000000;17-12-2019;01  CENTRO;01-02 EMBAJADORES;MAGDALENA, CALLE, DE LA;25;CargayDescarga;Línea;1;6;RESERVA COMPARTIDA LABORABLES DE 9 A 14 H. EXCEPTO CARGA Y DESCARGA MÁXIMO 30 MINUTOS RESTO DE HORARIO REGULACIÓN SER;-3.7005519440;40.4123992190
440781,9100000000;4473118,4400000000;10-11-2009;01  CENTRO;01-02 EMBAJADORES;MALLORCA, CALLE, DE;13;CargayDescarga;Línea;3;15;LABORABLES DE 8 A 17 H. EXCEPTO CARGA Y DESCARGA;-3.6979015560;40.4065754470
440476,5200000000;4473103,6500000000;26-07-2006;01  CENTRO;01-02 EMBAJADORES;MIGUEL SERVET, CALLE, DE;15;CargayDescarga;Línea;3;15;LAB. DE 8 A 15 H.EXCEPTO CARGA Y DESCARGA;-3.7014989860;40.4064196600
440044,9000000000;4473185,8500000000;06-05-1999;01  CENTRO;01-02 EMBAJADORES;MIRA EL SOL, CALLE, DE;17;CargayDescarga;Línea;2;10;LAB. DE 8 A 15 H.EXCEPTO CARGA Y DESCARGA;-3.7065931540;40.4071296690
440162,6700000000;4473229,6000000000;27-10-2015;01  CENTRO;01-02 EMBAJADORES;MIRA EL SOL, CALLE, DE;5;CargayDescarga;Línea;2;12,8;LABORABLES DE 8 A 15H. EXCEPTO CARGA Y DESCARGA;-3.7052094600;40.4075324580
440467,9400000000;4473532,3400000000;01-12-2004;01  CENTRO;01-02 EMBAJADORES;OLIVAR, CALLE, DEL;34;CargayDescarga;Línea;2;8;LABORABLES DE 8 A 15 H. EXCEPTO CARGA Y DESCARGA;-3.7016403340;40.4102810510
440461,9000000000;4473656,8900000000;01-12-2004;01  CENTRO;01-02 EMBAJADORES;OLIVAR, CALLE, DEL;12;CargayDescarga;Línea;2;8;LABORABLES DE 8 A 15 H.EXCEPTO CARGA Y DESCARGA;-3.7017231270;40.4114032460
439989,0600000000;4473430,0100000000;18-12-2020;01  CENTRO;01-02 EMBAJADORES;RIBERA DE CURTIDORES, CALLE, DE LA;11;CargayDescarga;Línea;3;15;RESERVA COMPARTIDA ------------------------------------------ LABORABLES DE 8 A 15 H. EXCEPTO CARGA Y DESCARGA MÁXIMO 30 MINUTOS RESTO DE HORARIO REGULACIÓN SER -------------------------------------------------------------------- DOMINGOS Y FESTIVOS DE 0 A 16 H.;-3.7072742280;40.4093251860
439988,7100000000;4473388,2400000000;18-12-2020;01  CENTRO;01-02 EMBAJADORES;RIBERA DE CURTIDORES, CALLE, DE LA;15;CargayDescarga;Línea;2;12,5;RESERVA COMPARTIDA LABORABLES DE 8 A 18 H.EXCEPTO CARGA Y DESCARGA MAXIMO 30 MINUTOSRESTO HORARIO REGULACION SER DOMINGOS Y FESTIVOS DE 0 A 16 H.;-3.7072744580;40.4089485230
439980,7900000000;4473448,7300000000;21-12-2020;01  CENTRO;01-02 EMBAJADORES;RIBERA DE CURTIDORES, CALLE, DE LA;7;CargayDescarga;Línea;3;16;RESERVA COMPARTIDA ------------------------------------------ LABORABLES DE 8 A 15 H. EXCEPTO CARGA Y DESCARGA MÁXIMO 30 MINUTOS RESTO DE HORARIO REGULACIÓN SER -------------------------------------------------------------------- DOMINGOS Y FESTIVOS DE 0 A 16 H.;-3.7073735220;40.4094932920
439979,0100000000;4473398,9200000000;21-12-2020;01  CENTRO;01-02 EMBAJADORES;RIBERA DE CURTIDORES, CALLE, DE LA;4;CargayDescarga;Línea;3;15;RESERVA COMPARTIDA. ------------------------------------------ LABORABLES DE 8 A 15 H. EXCEPTO CARGA Y DESCARGA MÁXIMO 30 MINUTOS RESTO DE HORARIO REGULACIÓN SER ---------------------------------------------------------------------- DOMINGOS Y FESTIVOS DE 0 A 16 H.;-3.7073896790;40.4090446080
439977,6200000000;4473309,9200000000;21-12-2020;01  CENTRO;01-02 EMBAJADORES;RIBERA DE CURTIDORES, CALLE, DE LA;12;CargayDescarga;Línea;7;34;RESERVA COMPARTIDA LABORABLES DE 8 A 15 H.EXCEPTO CARGA Y DESCARGA MAXIMO 30 MINUTOS RESTO HORARIO REGULACION SERDOMINGOS Y FESTIVOS DE 0 A 16 H.;-3.7073977580;40.4082425250
439976,6000000000;4473284,5300000000;21-12-2020;01  CENTRO;01-02 EMBAJADORES;RIBERA DE CURTIDORES, CALLE, DE LA;12;CargayDescarga;Línea;3;16;RESERVA  COMPARTIDA LABORABLES DE 8 A 15 H.EXCEPTO CARGA Y DESCARGA MAXIMO 30 MINUTOS RESTO HORARIO REGULACION SERDOMINGOS Y FESTIVOS DE 0 A 16 H.;-3.7074073270;40.4080139150
439997,1000000000;4473145,7400000000;21-12-2020;01  CENTRO;01-02 EMBAJADORES;RIBERA DE CURTIDORES, CALLE, DE LA;37;CargayDescarga;Batería;6;13,7;LAB. DE 8 A 14 H. Y DE 16,30 A 19 H.EXCEPTO CARGA Y DESCARGA DOMINGOS Y FESTIVOS DE 0 A 16 H.;-3.7071526470;40.4067651530
439981,9100000000;4473147,8600000000;21-12-2020;01  CENTRO;01-02 EMBAJADORES;RIBERA DE CURTIDORES, CALLE, DE LA;S/N;CargayDescarga;Línea;3;14;LAB. DE 8 A 14 H. Y DE 16,30 A 19 H.EXCEPTO CARGA Y DESCARGA DOMINGOS Y FESTIVOS DE 0 A 16 H.;-3.7073319250;40.4067832010
440455,9100000000;4473545,2800000000;01-12-2004;01  CENTRO;01-02 EMBAJADORES;SAN CARLOS, CALLE, DE;7;CargayDescarga;Línea;2;8,77;LABORABLES DE 8 A 15 H. EXCEPTO CARGA Y DESCARGA;-3.7017832870;40.4103970750
440481,9300000000;4473549,6100000000;01-12-2004;01  CENTRO;01-02 EMBAJADORES;SAN CARLOS, CALLE, DE;11;CargayDescarga;Línea;1;7,77;LABORABLES DE 8 A 15 H.EXCEPTO CARGA Y DESCARGA;-3.7014770410;40.4104382140
440742,4000000000;4473396,7500000000;03-09-1996;01  CENTRO;01-02 EMBAJADORES;SAN COSME Y SAN DAMIAN, CALLE, DE;11;CargayDescarga;Línea;3;15,3;LABORABLES DE 8 A 15 H.EXCEPTO CARGA Y DESCARGA;-3.6983930960;40.4090791580
440791,1000000000;4473588,6800000000;18-01-1995;01  CENTRO;01-02 EMBAJADORES;SAN EUGENIO, CALLE, DE;10;CargayDescarga;Línea;3;14,9;LAB. DE 8 A 14 H. Y DE 16,30 A 19 H. EXCEPTO CARGA Y DESCARGA;-3.6978371550;40.4108118390
439968,3800000000;4473664,1000000000;17-12-2019;01  CENTRO;01-02 EMBAJADORES;SAN MILLAN, CALLE, DE;2;CargayDescarga;Línea;4;23,2;LABORABLES DE 8 A 14 H.Y DE 16,30 A 19 H. EXCEPTOCARGA Y DESCARGA;-3.7075401380;40.4114320660
440672,9500000000;4473688,2900000000;22-11-2012;01  CENTRO;01-02 EMBAJADORES;SANTA ISABEL, CALLE, DE;12;CargayDescarga;Línea;5;26,9;LABORABLES DE 8 A 14 H. Y DE 16:30 A 19 H. EXCEPTO CARGA Y DESCARGA;-3.6992387820;40.4117009550
440793,2900000000;4473554,0800000000;22-11-2012;01  CENTRO;01-02 EMBAJADORES;SANTA ISABEL, CALLE, DE;17;CargayDescarga;Línea;5;23;LABORABLES DE 8 A 14 H. Y DE 16:30 A 19 H. EXCEPTO CARGA Y DESCARGA;-3.6978079920;40.4105003800
440884,1200000000;4473483,2900000000;10-05-2013;01  CENTRO;01-02 EMBAJADORES;SANTA ISABEL, CALLE, DE;41;CargayDescarga;Línea;3;15,24;LABORABLES DE LUNES A VIERNES DE 8 A 20 H. Y SÁBADOS DE 8 A 15 H. EXCEPTO CARGA Y DESCARGA EN LÍNEA;-3.6967310030;40.4098696100
440741,8100000000;4473602,3100000000;08-05-2014;01  CENTRO;01-02 EMBAJADORES;SANTA ISABEL, CALLE, DE;28;CargayDescarga;Línea;3;16;LABORABLES DE 8 A 17 HORAS EXCEPTO CARGA Y DESCARGA;-3.6984191660;40.4109312440
440608,7600000000;4473217,9100000000;28-07-2015;01  CENTRO;01-02 EMBAJADORES;SOMBRERERIA, CALLE, DE LA;4;CargayDescarga;Línea;2;7,9;LABORABLES DE 8 A 14 H Y DE 16,30 A 19 HORAS EXCEPTO CYD;-3.6999513690;40.4074592910
440221,6100000000;4473784,8000000000;10-10-2018;01  CENTRO;01-02 EMBAJADORES;TIRSO DE MOLINA, PLAZA, DE;S/N;CargayDescarga;Línea;6;35; LABORABLES LUNES A VIERNES DE 8 A 14 H. Y DE 16,30 A 19 H.EXCEPTO CARGA Y DESCARGA MAXIMO 30 MINUTOS RESTOHORARIO REGULACION SER;-3.7045670030;40.4125376460
440156,4900000000;4473765,5000000000;18-10-2019;01  CENTRO;01-02 EMBAJADORES;TIRSO DE MOLINA, PLAZA, DE;14;CargayDescarga;Batería;5;15;RESERVA COMPARTIDA LABORABLES DE 9 A 14 H. EXCEPTO CARGA Y DESCARGA MAXIMO 30 MINUTOS RESTO HORARIO REGULACION SER;-3.7053326460;40.4123592840
439712,1200000000;4473345,7300000000;20-11-2002;01  CENTRO;01-02 EMBAJADORES;TOLEDO, CALLE, DE;109;CargayDescarga;Línea;3;18,3;LABORABLES DE 8 A 14 H Y DE 16.30 A 19.00 EXCEPTO CARGA Y DESCARGA ;-3.7105299470;40.4085457340
439943,9800000000;4473734,4000000000;03-03-2010;01  CENTRO;01-02 EMBAJADORES;TOLEDO, CALLE, DE;47;CargayDescarga;Línea;4;19,1;LAB. DE 8 A 20 H.EXCEPTO CARGA Y DESCARGA;-3.7078342950;40.4120640390
439659,3700000000;4473246,0500000000;01-07-2010;01  CENTRO;01-02 EMBAJADORES;TOLEDO, CALLE, DE;123;CargayDescarga;Línea;3;15;LABORABLES DE 8 A 14 H Y DE 16.30 A 19.00 EXCEPTO CARGA Y DESCARGA ;-3.7111422090;40.4076438980
440303,6900000000;4473212,4700000000;15-03-2017;01  CENTRO;01-02 EMBAJADORES;TRIBULETE, CALLE, DEL;20;CargayDescarga;Línea;2;16;EXCEPTO CARGA Y DESCARGA;-3.7035459350;40.4073881300
440550,2300000000;4473264,6700000000;01-12-2004;01  CENTRO;01-02 EMBAJADORES;VALENCIA, CALLE, DE;10;CargayDescarga;Línea;3;15;LAB. DE 8 A 14 H.Y DE 16,30 A 19 H.EXCEPTOCARGA Y DESCARGA;-3.7006454510;40.4078757170
440593,1400000000;4473195,3200000000;11-03-1999;01  CENTRO;01-02 EMBAJADORES;VALENCIA, CALLE, DE;9;CargayDescarga;Línea;2;10;LABORABLES DE 8 A 14 Y DE 16:30 A 19 H. EXCEPTO CARGA Y DESCARGA;-3.7001332260;40.4072539430
440539,6400000000;4473287,2200000000;01-07-2010;01  CENTRO;01-02 EMBAJADORES;VALENCIA, CALLE, DE;4;CargayDescarga;Línea;2;11,9;LAB. DE 8 A 14 H. Y DE 16,30 A 19 H. EXCEPTO CARGA Y DESCARGA;-3.7007723610;40.4080783150
440530,6200000000;4473307,6100000000;01-07-2010;01  CENTRO;01-02 EMBAJADORES;VALENCIA, CALLE, DE;2;CargayDescarga;Línea;4;21,6;LAB. DE 8 A 14 H. Y DE 16,30 A 19 H. EXCEPTO CARGA Y DESCARGA EN LINEA;-3.7008805350;40.4082611460
440572,0100000000;4473222,2000000000;27-05-2015;01  CENTRO;01-02 EMBAJADORES;VALENCIA, CALLE, DE;14;CargayDescarga;Línea;1;14,84;LABORABLES DE 8 A 14 Y DE 16:30 A 19 H. EXCEPTO CARGA Y DESCARGA;-3.7003847550;40.4074951590
440596,5300000000;4473187,6200000000;15-06-2015;01  CENTRO;01-02 EMBAJADORES;VALENCIA, CALLE, DE;11;CargayDescarga;Línea;1;6;DE 8 A 22 H. EXCEPTO CARGA Y DESCARGA SUBIDA DE VIAJEROS TIEMPO MÁXIMO 30 MINUTOS;-3.7000925460;40.4071849020
440564,4300000000;4473258,2300000000;05-07-2019;01  CENTRO;01-02 EMBAJADORES;VALENCIA, CALLE, DE;3;CargayDescarga;Línea;3;15;LABORABLES DE 8 A 19 H. EXCEPTO CARGA Y DESCARGA;-3.7004774590;40.4078192240
440575,4300000000;4473029,7100000000;03-07-2019;01  CENTRO;01-02 EMBAJADORES;VALENCIA, RONDA, DE;4;CargayDescarga;Línea;3;16;LABORABLES DE 8 A 14 Y DE 16:30 A 19 H. EXCEPTO CARGA Y DESCARGA;-3.7003264850;40.4057608730
440732,2200000000;4473770,7500000000;14-12-2005;01  CENTRO;01-03 CORTES;AMOR DE DIOS, CALLE, DEL;14;CargayDescarga;Línea;3;15,1;Laborables de 8 a 15h. Excepto Carga y Descarga;-3.6985478520;40.4124482640
440618,7300000000;4474271,7000000000;28-07-2015;01  CENTRO;01-03 CORTES;ARLABAN, CALLE, DE;4;CargayDescarga;Línea;3;16,9;LABORABLES DE 9 A 17H. EXCEPTO CARGA Y DESCARGA ;-3.6999321750;40.4169522850
440698,3100000000;4473756,9700000000;11-12-2006;01  CENTRO;01-03 CORTES;ATOCHA, CALLE, DE;69;CargayDescarga;Línea;7;33;EXCEPTO CARGA Y DESCARGA TEATRO Y UNIDAD MOVIL TVE;-3.6989463440;40.4123211250
441188,3600000000;4473457,9000000000;02-07-2019;01  CENTRO;01-03 CORTES;ATOCHA, CALLE, DE;125;CargayDescarga;Línea;2;12,1;LABORABLES DE 8 A 14 H. Y DE 16:30 A 19 H. EXCEPTO CARGA Y DESCARGA;-3.6931430840;40.4096619130
440948,2400000000;4473591,6000000000;02-07-2019;01  CENTRO;01-03 CORTES;ATOCHA, CALLE, DE;99;CargayDescarga;Línea;4;24,62;LAB. DE 8 A 14 H. Y DE 16,30 A 19 H. EXCEPTO CARGA Y DESCARGA;-3.6959853560;40.4108494250
440759,4600000000;4473717,9200000000;02-07-2019;01  CENTRO;01-03 CORTES;ATOCHA, CALLE, DE;77;CargayDescarga;Línea;2;12,9;LABORABLES DE 8 A 14 H Y DE 16.30 A 19 HORAS EXCEPTO CARGA Y DESCARGA;-3.6982218960;40.4119742560
440740,0900000000;4474496,8000000000;23-05-2003;01  CENTRO;01-03 CORTES;CABALLERO DE GRACIA, CALLE, DEL;19;CargayDescarga;Línea;2;10;LAB. DE 8 A 14 H. EXCEPTO CARGA Y DESCARGA;-3.6985228710;40.4189893790
440785,4500000000;4473977,0100000000;11-12-2006;01  CENTRO;01-03 CORTES;CERVANTES, CALLE, DE;14;CargayDescarga;Línea;2;8;EXCEPTO CARGA Y DESCARGA DE 8 A 15 H.;-3.6979397720;40.4143094030
440750,3900000000;4473977,9400000000;11-12-2006;01  CENTRO;01-03 CORTES;CERVANTES, CALLE, DE;4;CargayDescarga;Línea;2;8;EXCEPTO CARGA Y DESCARGADE 8 A 15 H;-3.6983530460;40.4143155910
440858,4100000000;4473979,9600000000;11-12-2006;01  CENTRO;01-03 CORTES;CERVANTES, CALLE, DE;15;CargayDescarga;Línea;2;8,8;Laborables de 8 a 15h. Excepto Carga y Descarga;-3.6970801630;40.4143416600
440642,5100000000;4474542,7800000000;01-07-2010;01  CENTRO;01-03 CORTES;CLAVEL, CALLE, DEL;2;CargayDescarga;Línea;2;10;LAB. DE 8 A 14 H.Y DE 16,30 A 19 H. EXCEPTO CARGA Y DESCARGA;-3.6996772660;40.4193961220
440422,6400000000;4474067,3900000000;01-01-1900;01  CENTRO;01-03 CORTES;CRUZ, CALLE, DE LA;29;CargayDescarga;Batería;4;9,6;Laborables de 8 a 15h. Excepto Carga y Descarga;-3.7022242360;40.4150979070
440411,0100000000;4474041,3900000000;29-09-2005;01  CENTRO;01-03 CORTES;ESPOZ Y MINA, CALLE, DE;30;CargayDescarga;Línea;2;12,6;LABORABLES DE 8 A 18 HORAS EXCEPTO CARGA Y DESCARGA;-3.7023589380;40.4148630520
440486,1100000000;4473939,4900000000;21-07-2006;01  CENTRO;01-03 CORTES;HUERTAS, CALLE, DE LAS;Fte 2;CargayDescarga;Línea;4;20;LABORABLES DE 8 A 18 H.EXCEPTO CARGA Y DESCARGA;-3.7014642070;40.4139501580
440985,0400000000;4473885,0200000000;14-12-2018;01  CENTRO;01-03 CORTES;JESUS, CALLE, DE;1;CargayDescarga;Línea;3;15;LABORABLES DE 8 A 11 H. EXCEPTO CARGA Y DESCARGA;-3.6955788990;40.4134955160
440895,3500000000;4474270,0800000000;24-07-2017;01  CENTRO;01-03 CORTES;JOVELLANOS, CALLE, DE;7;CargayDescarga;Línea;4;18;LABORABLES DE 8 A 15 H.  EXCEPTO CARGA Y DESCARGA;-3.6966717020;40.4169581870
440722,1800000000;4473995,3500000000;13-03-2001;01  CENTRO;01-03 CORTES;LEON, CALLE, DEL;4;CargayDescarga;Línea;4;19,35;Laborables de 8 a 15 h. Excepto Carga y Descarga;-3.6986870810;40.4144704040
440676,8900000000;4473854,0700000000;16-04-2012;01  CENTRO;01-03 CORTES;LEON, CALLE, DEL;26;CargayDescarga;Línea;6;30,7;Laborables de 8 a 15 h. Excepto Carga y Descarga;-3.6992077850;40.4131944840
440780,6900000000;4473920,2500000000;03-05-2011;01  CENTRO;01-03 CORTES;LOPE DE VEGA, CALLE, DE;13;CargayDescarga;Línea;2;10;LABORABLES DE 8 A 15 H.EXCEPTO CARGA Y DESCARGA;-3.6979905930;40.4137984960
440849,4100000000;4473912,6600000000;26-10-2009;01  CENTRO;01-03 CORTES;LOPE DE VEGA, CALLE, DE;23;CargayDescarga;Línea;3;17;LABORABLES DE 8 A 15 H.EXCEPTO CARGA Y DESCARGA;-3.6971800870;40.4137351850
440931,9100000000;4473908,4400000000;01-01-1900;01  CENTRO;01-03 CORTES;LOPE DE VEGA, CALLE, DE;35;CargayDescarga;Línea;2;13,04;LABORABLES DE 8 A 15 H.EXCEPTO CARGA Y DESCARGA;-3.6962072050;40.4137027550
440826,2400000000;4474336,4500000000;14-04-2021;01  CENTRO;01-03 CORTES;LOS MADRAZO, CALLE, DE;16;CargayDescarga;Línea;2;10;LABORABLES Y FESTIVOS DE 8 A 23 H. EXCEPTO CARGA Y DESCARGA DEL TEATRO DE LA ZARZUELA;-3.6974924640;40.4175503960
440922,6900000000;4474426,7400000000;28-03-2019;01  CENTRO;01-03 CORTES;MARQUES DE CASA RIERA, CALLE, DEL;2;CargayDescarga;Línea;3;18;LABORABLES DE 7 A 14 H. Y DE 16 A 20 H. EXCEPTO CARGA Y DESCARGA CIRCULO BELLAS ARTES;-3.6963639660;40.4183709860
440941,1300000000;4473776,2800000000;16-01-2013;01  CENTRO;01-03 CORTES;MORATIN, CALLE, DE;33;CargayDescarga;Línea;2;10;LABORABLES DE 8 A 15 HORAS EXCEPTO CARGA Y DESCARGA;-3.6960862530;40.4125122640
440841,6000000000;4474084,8000000000;03-05-2011;01  CENTRO;01-03 CORTES;PRADO, CALLE, DEL;29;CargayDescarga;Línea;3;15;LABORABLES DE 8 A 15 HORAS EXCEPTO CARGA Y DESCARGA;-3.6972880900;40.4152845770
441106,4000000000;4473956,6800000000;16-07-2008;01  CENTRO;01-03 CORTES;PRADO, PASEO, DEL;14;CargayDescarga;Línea;7;36,3;LABORABLES DE 8 A 11 H.EXCEPTO CARGA Y DESCARGA;-3.6941552710;40.4141498910
440578,9700000000;4474161,9500000000;05-04-2021;01  CENTRO;01-03 CORTES;PRINCIPE, CALLE, DEL;10;CargayDescarga;Línea;5;15;LABORABLES DE 8 A 15 HORAS EXCEPTO CARGA Y DESCARGA;-3.7003905420;40.4159610110
440473,9600000000;4473907,2400000000;20-03-2019;01  CENTRO;01-03 CORTES;SAN SEBASTIAN, CALLE, DE;1;CargayDescarga;Línea;2;10;DE LUNES A VIERNES DE 8 A 20 H. EXCEPTO VEHÍCULOS AUTORIZADOS SERVICIO DE LIMPIEZA URBANA Y EQUIPAMIENTOS;-3.7016043530;40.4136593250
440644,1000000000;4474512,1200000000;30-09-2011;01  CENTRO;01-03 CORTES;VIRGEN DE LOS PELIGROS, CALLE, DE LA;14;CargayDescarga;Línea;3;15;LABORABLES DE 8 A 14 Y DE 16:30 A 19 H. EXCEPTO CARGA Y DESCARGA;-3.6996556660;40.4191205300
440650,3900000000;4474474,0300000000;01-12-2004;01  CENTRO;01-03 CORTES;VIRGEN DE LOS PELIGROS, CALLE, DE LA;10;CargayDescarga;Línea;5;25;LABORABLES DE 8 A 14 Y DE 16:30 A 19 H. EXCEPTO CARGA Y DESCARGA;-3.6995779730;40.4187773280
440658,8600000000;4474434,1900000000;28-07-2015;01  CENTRO;01-03 CORTES;VIRGEN DE LOS PELIGROS, CALLE, DE LA;4;CargayDescarga;Línea;3;18;Laborables 8 a 14 h. y 16,30 a 19 h. Excepto Carga y Descarga.;-3.6994743820;40.4184198020
441223,2600000000;4474876,3700000000;11-11-2015;01  CENTRO;01-04 JUSTICIA;ALMIRANTE, CALLE, DEL;28;CargayDescarga;Línea;1;8;DE LUNES A VIERNES DE 8 A 17 H. SÁBADOS DE 8 A 15 H. EXCEPTO CARGA Y DESCARGA;-3.6928628500;40.4224431690
441007,7800000000;4474884,4700000000;03-07-2002;01  CENTRO;01-04 JUSTICIA;ALMIRANTE, CALLE, DEL;2;CargayDescarga;Línea;3;16,6;LABORABLES DE 9 A 20 H. EXCEPTO CARGA Y DESCARGA;-3.6954036320;40.4225006940
440591,8300000000;4475420,4000000000;01-01-1900;01  CENTRO;01-04 JUSTICIA;APODACA, CALLE, DE;14;CargayDescarga;Línea;3;16,9;LABORABLES DE 8 A 14 H. EXCEPTO CARGA Y DESCARGA;-3.7003566230;40.4272989860
440662,3400000000;4475425,4600000000;01-01-1900;01  CENTRO;01-04 JUSTICIA;APODACA, CALLE, DE;22;CargayDescarga;Línea;3;14,3;LABORABLES DE 9 A 20 HORAS EXCEPTO CARGA Y DESCARGA;-3.6995258910;40.4273491200
441057,4900000000;4475194,3400000000;03-10-1995;01  CENTRO;01-04 JUSTICIA;ARGENSOLA, CALLE, DE;12;CargayDescarga;Línea;3;14,9;LABORABLES DE 8 A 14 H. Y DE 16:30 A 19 H. EXCEPTO CARGA Y DESCARGA;-3.6948463730;40.4252956390
441092,8100000000;4475269,8600000000;19-06-1998;01  CENTRO;01-04 JUSTICIA;ARGENSOLA, CALLE, DE;21;CargayDescarga;Línea;3;15,3;LABORABLES DE 8 A 14 H. Y DE 16:30 A 19 H.EXCEPTO CARGA Y DESCARGA;-3.6944369940;40.4259780320
440825,8700000000;4474839,5600000000;01-01-1900;01  CENTRO;01-04 JUSTICIA;AUGUSTO FIGUEROA, CALLE, DE;24;CargayDescarga;Línea;5;25;LABORABLES DE 8 A 20 H EXCEPTO CARGA Y DESCARGA;-3.6975436860;40.4220826070
440791,8400000000;4474852,7800000000;26-07-2018;01  CENTRO;01-04 JUSTICIA;AUGUSTO FIGUEROA, CALLE, DE;22;CargayDescarga;Línea;2;14;LABORABLES DE 8 A 20 HORAS EXCEPTO CARGA Y DESCARGA;-3.6979459030;40.4221993760
441285,8200000000;4474982,6800000000;08-07-2019;01  CENTRO;01-04 JUSTICIA;BARBARA DE BRAGANZA, CALLE, DE;13;CargayDescarga;Línea;2;8;LABORABLES DE 8 A 14 H Y DE 16:30 A 19 H. EXCEPTO CARGA Y DESCARGA;-3.6921353080;40.4234046500
440600,6400000000;4475339,3200000000;09-07-2012;01  CENTRO;01-04 JUSTICIA;BARCELO, CALLE, DE;2 B;CargayDescarga;Línea;6;32,3;LABORABLES DE 08:30 A 13:30 EXCEPTO CARGA Y DESCARGA;-3.7002451250;40.4265689810
440674,2100000000;4475370,7200000000;27-06-2019;01  CENTRO;01-04 JUSTICIA;BARCELO, CALLE, DE;4;CargayDescarga;Línea;3;18,5;LABORABLES  8 A 17H. EXCEPTO CARGA Y DESCARGA;-3.6993808180;40.4268568920
440981,6100000000;4474717,3000000000;14-01-2010;01  CENTRO;01-04 JUSTICIA;BARQUILLO, CALLE, DEL;11;CargayDescarga;Línea;2;10;De Lunes a Viernes de 9,30 a 14,30 h  y 15,30 a 18,30 h. Excepto Carga y Descarga;-3.6956965850;40.4209923830
440981,5700000000;4474769,3300000000;19-09-2018;01  CENTRO;01-04 JUSTICIA;BARQUILLO, CALLE, DEL;15;CargayDescarga;Línea;2;12;LABORABLES DE 8 A 12 H.Y 16 A 18 H. EXCEPTO CARGA Y DESCARGA;-3.6957018560;40.4214610050
440984,9800000000;4475098,6500000000;24-02-2010;01  CENTRO;01-04 JUSTICIA;BELEN, CALLE, DE;22;CargayDescarga;Línea;2;12;LABORABLES DE 8 A 14 H. Y DE 16:30 A 19 H. EXCEPTO CARGA Y DESCARGA;-3.6956922880;40.4244280670
440862,8800000000;4475097,8600000000;24-02-2010;01  CENTRO;01-04 JUSTICIA;BELEN, CALLE, DE;1;CargayDescarga;Línea;2;11;LABORABLES DE 8 A 14 H. Y DE 16:30 A 19 H. EXCEPTO CARGA Y DESCARGA;-3.6971313860;40.4244124820
440913,9600000000;4475034,2300000000;17-12-2015;01  CENTRO;01-04 JUSTICIA;BELEN, TRAVESIA, DE;1;CargayDescarga;Línea;2;12,6;LABORABLES DE 8 A 14 H. Y DE 16:30 A 19 H. EXCEPTO CARGA Y DESCARGA;-3.6965233630;40.4238428480
441120,3200000000;4474960,6400000000;01-07-2010;01  CENTRO;01-04 JUSTICIA;CONDE DE XIQUENA, CALLE, DEL;10;CargayDescarga;Línea;2;10;LAB. DE 8 A 14 H. Y DE 16,30 A 19 H. EXCEPTO CARGA Y DESCARGA;-3.6940841100;40.4231942590
440985,4300000000;4475144,1700000000;18-08-2018;01  CENTRO;01-04 JUSTICIA;FERNANDO VI, CALLE, DE;21;CargayDescarga;Línea;3;13;LABORABLES DE 8 A 14 H. Y DE 16:30 A 19H. EXCEPTO CARGA Y DESCARGA;-3.6956911420;40.4248380750
440870,4100000000;4475251,7900000000;09-10-2020;01  CENTRO;01-04 JUSTICIA;FERNANDO VI, CALLE, DE;2;CargayDescarga;Línea;2;12,1;LABORABLES 8 A 14 H. EXCEPTO CARGA Y DESCARGA;-3.6970569010;40.4257999570
440462,3100000000;4475491,8300000000;15-04-2014;01  CENTRO;01-04 JUSTICIA;FUENCARRAL, CALLE, DE;98;CargayDescarga;Línea;5;24,77;LABORABLES DE 8 A 17 H. EXCEPTO CARGA Y DESCARGA;-3.7018899720;40.4279330790
441309,9100000000;4475217,2300000000;22-02-2000;01  CENTRO;01-04 JUSTICIA;GENOVA, CALLE, DE;28;CargayDescarga;Línea;3;21,5;LABORABLES DE LUNES A VIERNES DE 8 A 17 H. EXCEPTO CARGA Y DESCARGA;-3.6918730080;40.4255193220
441106,1700000000;4475362,0100000000;19-10-2018;01  CENTRO;01-04 JUSTICIA;GENOVA, CALLE, DE;14;CargayDescarga;Línea;5;25,4;LABORABLES DE 8 A 14 H. Y DE 16:30 A 19 H. EXCEPTO CARGA Y DESCARGA;-3.6942880830;40.4268092220
440853,6000000000;4474923,2700000000;24-02-2010;01  CENTRO;01-04 JUSTICIA;GRAVINA, CALLE, DE;12;CargayDescarga;Línea;2;11,4;LAB. DE 8 A 14 H. Y DE 16,30 A 19 H. EXCEPTO CARGA Y DESCARGA ;-3.6972246630;40.4228390260
440631,9300000000;4474841,8300000000;01-01-1900;01  CENTRO;01-04 JUSTICIA;HORTALEZA, CALLE, DE;33;CargayDescarga;Línea;5;23,5;LABORABLES DE 8 A 14 H. Y 16:30 A 19 H. EXCEPTO CARGA Y DESCARGA;-3.6998298450;40.4220898260
440714,7500000000;4474987,7000000000;22-02-2003;01  CENTRO;01-04 JUSTICIA;HORTALEZA, CALLE, DE;59;CargayDescarga;Línea;8;14,1;LABORABLES DE 8 A 17 H. EXCEPTO CARGA Y DESCARGA;-3.6988672190;40.4234095770
440541,2200000000;4474679,4700000000;01-07-2010;01  CENTRO;01-04 JUSTICIA;HORTALEZA, CALLE, DE;7;CargayDescarga;Línea;3;16,3;LABORABLES DE 8 A 14 H. Y 16:30 A 19H. EXCEPTO CARGA Y DESCARGA;-3.7008839160;40.4206202470
440524,1100000000;4474643,1800000000;03-09-2014;01  CENTRO;01-04 JUSTICIA;HORTALEZA, CALLE, DE;3;CargayDescarga;Línea;3;16,7;DE 19 A 9 H. EXCEPTO CARGA Y DESCARGA;-3.7010822740;40.4202924000
440723,2600000000;4475004,7800000000;16-01-2018;01  CENTRO;01-04 JUSTICIA;HORTALEZA, CALLE, DE;61;CargayDescarga;Línea;1;7,2;LABORABLES DE 8 A 17 H. EXCEPTO CARGA Y DESCARGA;-3.6987684410;40.4235637600
440573,0300000000;4474739,9700000000;17-12-2018;01  CENTRO;01-04 JUSTICIA;HORTALEZA, CALLE, DE;18;CargayDescarga;Línea;3;15;LABORABLES DE 8 A 14 H. Y DE 16:30 A 19 H. EXCEPTO CARGA Y DESCARGA;-3.7005145300;40.4211681090
440847,4800000000;4474616,7300000000;16-01-2018;01  CENTRO;01-04 JUSTICIA;INFANTAS, CALLE, DE LAS;27;CargayDescarga;Línea;1;5;LAB. DE 8 A 14 H. Y DE 16,30 A 19 H. EXCEPTO CARGA Y DESCARGA ;-3.6972682080;40.4200769110
440868,1200000000;4474867,5300000000;24-02-2010;01  CENTRO;01-04 JUSTICIA;LIBERTAD, CALLE, DE LA;30;CargayDescarga;Línea;2;11,4;LAB. DE 8 A 14 H. Y DE 16,30 A 19 H. EXCEPTO CARGA Y DESCARGA;-3.6970482500;40.4223380890
440897,6600000000;4474924,7400000000;21-06-2011;01  CENTRO;01-04 JUSTICIA;LUIS DE GONGORA, CALLE, DE;2;CargayDescarga;Línea;2;10,1;LAB. DE 8 A 14 H. Y DE 16,30 A 19 H. EXCEPTO CARGA Y DESCARGA;-3.6967053920;40.4228552400
440868,2700000000;4474518,8500000000;05-05-2005;01  CENTRO;01-04 JUSTICIA;MARQUES DE VALDEIGLESIAS, CALLE, DEL;2;CargayDescarga;Línea;3;15;LABORABLES DE 8 A 14 H. Y DE 16,30 A 19 H. EXCEPTO CARGA Y DESCARGA;-3.6970139870;40.4191965040
440684,4000000000;4474811,0000000000;01-01-1900;01  CENTRO;01-04 JUSTICIA;PELAYO, CALLE, DE;1;CargayDescarga;Línea;3;15,2;LAB. DE 8 A 14 H.Y DE 16,30 A 19 H.EXCEPTO CARGA Y DESCARGA;-3.6992085870;40.4218157800
440978,1000000000;4474954,9600000000;24-02-2010;01  CENTRO;01-04 JUSTICIA;PIAMONTE, CALLE, DEL;11;CargayDescarga;Línea;4;18,4;LABORABLES  DE 8 A 14 H. Y DE 16:30 A 19 H. EXCEPTO CARGA Y DESCARGA;-3.6957599540;40.4231332970
441068,3000000000;4475115,9000000000;01-01-1900;01  CENTRO;01-04 JUSTICIA;SALESAS, PLAZA, DE LAS;3;CargayDescarga;Batería;1;4;LAB. DE 8 A 20 H EXCEPTO CARGA Y DESCARGA.;-3.6947116700;40.4245897550
441060,3700000000;4475037,5000000000;05-12-2005;01  CENTRO;01-04 JUSTICIA;SALESAS, PLAZA, DE LAS;9;CargayDescarga;Línea;3;15;LABORABLES DE 8 A 14 H. Y DE 16:30 A 19 H. EXCEPTO CARGA Y DESCARGA.;-3.6947979010;40.4238824960
440833,7500000000;4474958,6700000000;24-02-2010;01  CENTRO;01-04 JUSTICIA;SAN GREGORIO, CALLE, DE;2;CargayDescarga;Línea;2;11,5;LAB. DE 8 A 14 H. Y DE 16,30 A 19 H. EXCEPTO CARGA Y DESCARGA;-3.6974618680;40.4231564440
440740,2200000000;4475161,2500000000;14-01-2008;01  CENTRO;01-04 JUSTICIA;SAN LORENZO, CALLE, DE;13;CargayDescarga;Línea;3;15;LABORABLES DE 8 A 14 H. Y DE 16:30 A 19 H. EXCEPTO CARGA Y DESCARGA;-3.6985832040;40.4249750700
441013,6100000000;4475016,3700000000;25-02-2008;01  CENTRO;01-04 JUSTICIA;SAN LUCAS, CALLE, DE;19;CargayDescarga;Línea;3;16,5;LABORABLES DE 8 A 14 H. EXCEPTO CARGA Y DESCARGA;-3.6953470230;40.4236887220
440956,3300000000;4475015,8800000000;24-02-2010;01  CENTRO;01-04 JUSTICIA;SAN LUCAS, CALLE, DE;6;CargayDescarga;Línea;2;11,4;LABORABLES DE 8 A 14 H. Y DE 16:30 A 19 H. EXCEPTO CARGA Y DESCARGA;-3.6960222540;40.4236803570
440886,5800000000;4475022,1200000000;12-11-2019;01  CENTRO;01-04 JUSTICIA;SAN LUCAS, CALLE, DE;3;CargayDescarga;Línea;15;15;LABORABLES DE 8 A 17 HORAS EXCEPTO CARGA Y DESCARGA;-3.6968450790;40.4237318080
440744,2300000000;4475260,7300000000;01-01-1900;01  CENTRO;01-04 JUSTICIA;SAN MATEO, CALLE, DE;24;CargayDescarga;Línea;2;12,3;LABORABLES DE 8 A 14 H. Y DE 16:30 A 19 H. EXCEPTO CARGA Y DESCARGA;-3.6985452160;40.4258708890
440657,7000000000;4475210,9600000000;01-01-1900;01  CENTRO;01-04 JUSTICIA;SAN MATEO, CALLE, DE;12;CargayDescarga;Línea;3;13,64;LAB. DE 8 A 11 H Y DE 14,30 A 17,30 HEXCEPTO CARGA Y DESCARGA;-3.6995605550;40.4254168770
440791,6200000000;4475179,7700000000;01-07-2010;01  CENTRO;01-04 JUSTICIA;SAN MATEO, TRAVESIA, DE;14;CargayDescarga;Línea;2;10,45;LABORABLES DE 8 A 14 H. Y DE 16:30 A 19 H. EXCEPTO CARGA Y DESCARGA;-3.6979790770;40.4251457540
440737,1800000000;4475108,4500000000;25-03-2015;01  CENTRO;01-04 JUSTICIA;SANTA BRIGIDA, CALLE, DE;12;CargayDescarga;Línea;1;5,5;DE LUNES A VIERNES DE 9 A 17 H. EXCEPTO CARGA Y DECARGA;-3.6986140860;40.4244987700
440653,7800000000;4475107,4000000000;05-03-2018;01  CENTRO;01-04 JUSTICIA;SANTA BRIGIDA, CALLE, DE;13;CargayDescarga;Línea;3;13;LABORABLES DE 8 A 14 H. Y DE 16:30 A 19 H.EXCEPTO CARGA Y DESCARGA;-3.6995971100;40.4244837580
441037,4200000000;4475193,0400000000;21-11-2020;01  CENTRO;01-04 JUSTICIA;SANTA TERESA, CALLE, DE;11;CargayDescarga;Línea;2;9;LABORABLES DE 8 A 14 H. Y DE 16:30 A 19 H. EXCEPTO CARGA Y DESCARGA;-3.6950828900;40.4252825190
441023,7200000000;4474964,6700000000;30-03-2012;01  CENTRO;01-04 JUSTICIA;SANTO TOME, CALLE, DE;1;CargayDescarga;Línea;3;15,8;LABORABLES DE 8 A 14 H. Y DE 16:30 A 20 H. EXCEPTO CARGA Y DESCARGA;-3.6952230930;40.4232238810
440773,0900000000;4474622,0000000000;10-04-2018;01  CENTRO;01-04 JUSTICIA;VICTOR HUGO, CALLE, DE;5;CargayDescarga;Línea;1;10;DE LUNES A VIERNES DE 9 A 14 H. Y DE 16,30 A 20 H. SÁBADOS DE 8 A 15 H. EXCEPTO CARGA Y DESCARGA;-3.6981455210;40.4201197110
439962,5100000000;4475678,7200000000;01-01-1900;01  CENTRO;01-05 UNIVERSIDAD;ACUERDO, CALLE, DEL;41;CargayDescarga;Línea;2;10,4;LABORABLES DE 8 A 14 H.  Y DE 16,30 A 19 H. EXCEPTO CARGA Y DESCARGA ;-3.7077994020;40.4295805620
439928,0400000000;4475390,3800000000;27-09-2019;01  CENTRO;01-05 UNIVERSIDAD;ACUERDO, CALLE, DEL;18;CargayDescarga;Línea;3;15;LABORABLES DE 8 A 17 H. EXCEPTO CARGA Y DESCARGA;-3.7081785280;40.4269809380
439910,5500000000;4475291,2100000000;27-09-2019;01  CENTRO;01-05 UNIVERSIDAD;ACUERDO, CALLE, DEL;5;CargayDescarga;Línea;3;15;LABORABLES DE 8 A 17 H. EXCEPTO CARGA Y DESCARGA;-3.7083752810;40.4260860920
439953,1700000000;4475608,2000000000;11-10-2019;01  CENTRO;01-05 UNIVERSIDAD;ACUERDO, CALLE, DEL;33;CargayDescarga;Línea;3;15;LABORABLES DE 8 A 17 H.  EXCEPTO CARGA Y DESCARGA ;-3.7079028780;40.4289448650
439827,4800000000;4475360,7700000000;17-01-2020;01  CENTRO;01-05 UNIVERSIDAD;AMANIEL, CALLE, DE;26;CargayDescarga;Línea;3;19,2;LABORABLES DE 8 A 14 H. Y DE 16:30 A 19 H. EXCEPTO CARGA Y DESCARGA;-3.7093611700;40.4267069490
439840,5300000000;4475169,3000000000;17-01-2020;01  CENTRO;01-05 UNIVERSIDAD;AMANIEL, CALLE, DE;2;CargayDescarga;Línea;1;7;LABORABLES DE 8 A 17 H. EXCEPTO CARGA Y DESCARGA;-3.7091891680;40.4249826900
440349,3200000000;4474920,9500000000;02-09-1996;01  CENTRO;01-05 UNIVERSIDAD;BALLESTA, CALLE, DE LA;30;CargayDescarga;Línea;3;16;LABORABLES DE 9 A 20 H EXCEPTO CARGA Y DESCARGA ;-3.7031684700;40.4227820740
440409,8800000000;4474921,9600000000;22-10-2018;01  CENTRO;01-05 UNIVERSIDAD;BARCO, CALLE, DEL;35;CargayDescarga;Línea;2;11;EXCEPTO VEHÍCULOS DE ALMACEN DE MATERIALES DE LUNES A VIERNES DE 7 A 21 H Y SÁBADOS DE 7 A 15 H;-3.7024546790;40.4227955380
440451,8800000000;4475034,2500000000;30-04-1999;01  CENTRO;01-05 UNIVERSIDAD;COLON, CALLE, DE;15;CargayDescarga;Línea;2;15;LABORABLES DE 8 A 14 H. Y DE 16,30 A 19H. EXCEPTO CARGA Y DESCARGA;-3.7019700720;40.4238103040
440219,3100000000;4474724,2100000000;08-05-2007;01  CENTRO;01-05 UNIVERSIDAD;CONCEPCION ARENAL, CALLE, DE;8;CargayDescarga;Línea;2;10,24;LABORABLES DE 8 A 14 H. Y DE 16,30 A 19H. EXCEPTO CARGA Y DESCARGA;-3.7046823970;40.4210001750
439855,9700000000;4475684,3000000000;01-01-1900;01  CENTRO;01-05 UNIVERSIDAD;CONDE DUQUE, CALLE, DEL;23;CargayDescarga;Línea;3;15;LABORABLES DE 8 A 14 H. Y DE 16,30 A 19 H. EXCEPTO CARGA Y DESCARGA;-3.7090558980;40.4296229030
439760,5100000000;4475484,1000000000;15-04-2014;01  CENTRO;01-05 UNIVERSIDAD;CONDE DUQUE, CALLE, DEL;30;CargayDescarga;Línea;2;10;LABORABLES DE 8 A 17 H. EXCEPTO CARGA Y DESCARGA;-3.7101622220;40.4278127000
439755,1100000000;4475276,9900000000;10-07-1998;01  CENTRO;01-05 UNIVERSIDAD;CONDE DUQUE, TRAVESIA, DEL;7;CargayDescarga;Línea;2;10;lab. de 8 a 14 h y de 16.30 a 19 h excepto: [CARGA Y DESCARGA] ;-3.7102062250;40.4259467490
440415,0500000000;4475031,0100000000;16-06-2000;01  CENTRO;01-05 UNIVERSIDAD;CORREDERA BAJA DE SAN PABLO, CALLE, DE LA;Fte 34;CargayDescarga;Línea;3;18,4;LABORABLES DE 8 A 14 H. Y DE 16:30 A 19H. EXCEPTO CARGA Y DESCARGA;-3.7024040300;40.4237781610
440387,1100000000;4474983,6800000000;03-07-2000;01  CENTRO;01-05 UNIVERSIDAD;CORREDERA BAJA DE SAN PABLO, CALLE, DE LA;49;CargayDescarga;Línea;4;18,6;LABORABLES DE 8 A 14 H. Y DE 16:30 A 19H. EXCEPTO CARGA Y DESCARGA;-3.7027289540;40.4233498750
440352,5700000000;4474946,3200000000;16-11-2011;01  CENTRO;01-05 UNIVERSIDAD;CORREDERA BAJA DE SAN PABLO, CALLE, DE LA;41;CargayDescarga;Línea;3;15;LABORABLES DE 8 A 14 H. Y DE 16:30 A 19H. EXCEPTO CARGA Y DESCARGA;-3.7031324880;40.4230113710
440202,8300000000;4474792,1000000000;18-06-2012;01  CENTRO;01-05 UNIVERSIDAD;CORREDERA BAJA DE SAN PABLO, CALLE, DE LA;1;CargayDescarga;Línea;2;12,6;LABORABLES DE 8 A 14 H. Y DE 16:30 A 19H. EXCEPTO CARGA Y DESCARGA;-3.7048830460;40.4216112340
439610,7200000000;4475265,5500000000;25-04-2019;01  CENTRO;01-05 UNIVERSIDAD;CRISTINO MARTOS, PLAZA, DE;3;CargayDescarga;Línea;2;12;LABORABLES DE 8 A 20 H. EXCEPTO CARGA Y DESCARGA;-3.7119072220;40.4258329020
440327,1600000000;4474711,6100000000;09-08-2018;01  CENTRO;01-05 UNIVERSIDAD;DESENGAÑO, CALLE, DEL;7;CargayDescarga;Línea;3;14;LABORABLES (EXCEPTO SÁBADOS DE 08 A 20 H) Y SÁBADOS DE 8 A 15 H;-3.7034100290;40.4208945210
440426,3700000000;4475099,2800000000;30-05-2003;01  CENTRO;01-05 UNIVERSIDAD;DON FELIPE, CALLE, DE;1;CargayDescarga;Línea;3;15;LABORABLES DE 8 A 14 H. Y DE 16:30 A 19 H. EXCEPTO CARGA Y DESCARGA;-3.7022769480;40.4243942620
440264,4300000000;4475279,3000000000;25-02-2017;01  CENTRO;01-05 UNIVERSIDAD;DOS DE MAYO, CALLE, DEL;4;CargayDescarga;Línea;3;17,6;LABORABLES DE 8 A 17 H. EXCEPTO CARGA Y DESCARGA;-3.7042027160;40.4260043880
440306,5700000000;4475212,5000000000;08-05-2014;01  CENTRO;01-05 UNIVERSIDAD;ESPIRITU SANTO, CALLE, DEL;26;CargayDescarga;Línea;3;17;LABORABLES DE LUNES A VIERNES DE 8 A 17 H. Y SÁBADOS LABORABLES DE 8 A 15 H. EXCEPTO CARGA Y DESCARGA. **** SÁBADOS LABORABLES DE 15:45 A 17:15 H. EXCEPTO SERVICIO PUNTO LIMPIO;-3.7036996590;40.4254051320
440539,1600000000;4475199,8600000000;01-07-2010;01  CENTRO;01-05 UNIVERSIDAD;FUENCARRAL, CALLE, DE;79;CargayDescarga;Línea;5;25;LABORABLES DE 8 A 14 H. Y DE 16:30 A 19H. EXCEPTO CARGA Y DESCARGA;-3.7009568530;40.4253085310
440556,3200000000;4475097,7600000000;23-07-2014;01  CENTRO;01-05 UNIVERSIDAD;FUENCARRAL, CALLE, DE;61;CargayDescarga;Línea;2;14;LABORABLES DE 8 A 19 HORAS EXCEPTO CARGA Y DESCARGA;-3.7007451450;40.4243896210
440349,6100000000;4475182,9900000000;28-09-2009;01  CENTRO;01-05 UNIVERSIDAD;JESUS DEL VALLE, CALLE, DE;40;CargayDescarga;Línea;2;10,4;LABORABLES DE 8 A 14 H. Y DE 16,30 A 19 H. EXCEPTO CARGA Y DESCARGA;-3.7031896120;40.4251425450
440181,7000000000;4475035,0600000000;30-05-2003;01  CENTRO;01-05 UNIVERSIDAD;JESUS DEL VALLE, CALLE, DE;2;CargayDescarga;Línea;2;10;;-3.7051549720;40.4237983860
439733,9100000000;4475056,0800000000;28-02-2020;01  CENTRO;01-05 UNIVERSIDAD;MAESTRO GUERRERO, CALLE, DEL;2;CargayDescarga;Línea;3;15;LUNES A SÁBADOS DE 8 A 14.30 H. EXCEPTO CARGA Y DESCARGA ;-3.7104352370;40.4239554910
440356,6000000000;4475564,6200000000;06-02-1996;01  CENTRO;01-05 UNIVERSIDAD;MANUELA MALASAÑA, CALLE, DE;9;CargayDescarga;Línea;3;13,83;LABORABLES DE 8 A 14 H. Y DE 16,30 A 19 H. EXCEPTO CARGA Y DESCARGA;-3.7031429740;40.4285807500
440187,6600000000;4475415,2200000000;06-02-1996;01  CENTRO;01-05 UNIVERSIDAD;MONTELEON, CALLE, DE;2;CargayDescarga;Línea;3;15,7;LABORABLES DE 8 A 14 H. Y DE 16:30 A 19 H. EXCEPTO CARGA Y DESCARGA;-3.7051204800;40.4272235850
439857,7400000000;4474956,0800000000;01-07-2010;01  CENTRO;01-05 UNIVERSIDAD;MOSTENSES, PLAZA, DE LOS;13;CargayDescarga;Batería;6;14,8;LAB. DE 9 A 20 h. EXCEPTO: [CARGA Y DESCARGA];-3.7089661160;40.4230632240
440006,0600000000;4475333,4300000000;11-02-2022;01  CENTRO;01-05 UNIVERSIDAD;NORTE, CALLE, DEL;12;CargayDescarga;Línea;2;10;LABORABLES DE 8 A 17 H. EXCEPTO CARGA Y DESCARGA;-3.7072534300;40.4264732970
439854,3400000000;4475247,2900000000;10-10-2019;01  CENTRO;01-05 UNIVERSIDAD;NOVICIADO, CALLE, DEL;20;CargayDescarga;Línea;2;10,9;LABORABLES DE 8 A 17 HORAS EXCEPTO CARGA Y DESCARGA;-3.7090337250;40.4256866830
440072,7000000000;4475079,7300000000;11-04-1996;01  CENTRO;01-05 UNIVERSIDAD;PEZ, CALLE, DEL;36;CargayDescarga;Línea;4;19,3;LABORABLES DE 8 A 14 H. Y DE 16,30 A 19 H.EXCEPTO CARGA Y DESCARGA;-3.7064439550;40.4241923520
440242,2000000000;4474956,9900000000;29-12-2015;01  CENTRO;01-05 UNIVERSIDAD;PEZ, CALLE, DEL;8;CargayDescarga;Línea;1;12;LABORABLES  DE 8 A 14 H. Y DE 16:30 A 19 H. EXCEPTO CARGA Y DESCARGA;-3.7044345350;40.4230991480
440299,9900000000;4474863,3300000000;07-02-2011;01  CENTRO;01-05 UNIVERSIDAD;PUEBLA, CALLE, DE LA;15;CargayDescarga;Línea;1;5,3;LABORABLES DE 8 A 14 H. Y DE 16:30 A 19 H. EXCEPTO CARGA Y DESCARGA  ;-3.7037445220;40.4222597080
439886,9200000000;4475099,5300000000;01-07-2010;01  CENTRO;01-05 UNIVERSIDAD;REYES, CALLE, DE LOS;5;CargayDescarga;Línea;1;7,5;LABORABLES DE 8 A 15 H. EXCEPTO CARGA Y DESCARGA;-3.7086357480;40.4243572490
439804,0200000000;4474962,6100000000;05-01-2011;01  CENTRO;01-05 UNIVERSIDAD;RICARDO LEON, CALLE, DE;7;CargayDescarga;Línea;4;21,51;LABORABLES DE 7 A 13 H EXCEPTO CARGA Y DESCARGA;-3.7095999790;40.4231184570
439824,1900000000;4474945,8900000000;14-03-2011;01  CENTRO;01-05 UNIVERSIDAD;RICARDO LEON, CALLE, DE;3;CargayDescarga;Línea;4;23,1;LABORABLES DE 7 A 13 h EXCEPTO CARGA Y DESCARGA;-3.7093607120;40.4229691440
439829,5000000000;4474960,2500000000;01-07-2010;01  CENTRO;01-05 UNIVERSIDAD;RICARDO LEON, CALLE, DE;2;CargayDescarga;Línea;1;7;LABORABLES DE 7 A 12 H. Y DE 14,30 A 18 H. EXCEPTO CARGA Y DESCARGA EN LINEA MAXIMO 1 HORA;-3.7092994050;40.4230984610
439810,7600000000;4474976,0400000000;01-07-2010;01  CENTRO;01-05 UNIVERSIDAD;RICARDO LEON, CALLE, DE;2;CargayDescarga;Línea;4;18,4;LABORABLES DE 7 A 12 H. Y DE 14,30 A 18 H. EXCEPTO CARGA Y DESCARGA EN LINEA MAXIMO 1 HORA;-3.7095217700;40.4232392370
440318,3400000000;4475415,9400000000;15-04-2014;01  CENTRO;01-05 UNIVERSIDAD;SAN ANDRES, CALLE, DE;24;CargayDescarga;Línea;2;13;LABORABLES DE 8 A 17 H. EXCEPTO CARGA Y DESCARGA;-3.7035799680;40.4272388260
440331,4900000000;4475503,2100000000;22-06-2021;01  CENTRO;01-05 UNIVERSIDAD;SAN ANDRES, CALLE, DE;36;CargayDescarga;Línea;2;12;LABORABLES DE LUNES A VIERNES DE 8 A 20 H. SÁBADOS DE 8 A 22 H. EXCEPTO CARGA Y DESCARGA;-3.7034332910;40.4280259550
439728,8000000000;4475193,6500000000;15-10-1997;01  CENTRO;01-05 UNIVERSIDAD;SAN BERNARDINO, CALLE, DE;7;CargayDescarga;Línea;3;14,3;Lab. de 9 a 14 h y de 16.30 a 19 h excepto: CARGA Y DESCARGA;-3.7105084610;40.4251942830
439995,4900000000;4475155,9900000000;23-12-2016;01  CENTRO;01-05 UNIVERSIDAD;SAN BERNARDO, CALLE, DE;48;CargayDescarga;Línea;1;5,5;LABORABLES DE LUNES A SÁBADOS DE 8 A 15H EXCEPTO CARGA Y DESCARGA;-3.7073613180;40.4248739430
439989,6000000000;4474989,8800000000;06-06-2017;01  CENTRO;01-05 UNIVERSIDAD;SAN BERNARDO, CALLE, DE;30;CargayDescarga;Línea;3;17,3;LABORABLES DE 8 A 14 H. Y DE 16:30 A 19 H. EXCEPTO CARGA Y DESCARGA;-3.7074150040;40.4233770900
440039,7100000000;4475311,9600000000;14-02-2018;01  CENTRO;01-05 UNIVERSIDAD;SAN BERNARDO, CALLE, DE;64;CargayDescarga;Línea;2;8,3;LABORABLES DE 8 A 17 H. EXCEPTO CARGA Y DESCARGA;-3.7068547660;40.4262819860
440087,5300000000;4475525,1000000000;10-10-2019;01  CENTRO;01-05 UNIVERSIDAD;SAN BERNARDO, CALLE, DE;83;CargayDescarga;Línea;4;20;LABORABLES DE 8 A 17 HORAS EXCEPTO CARGA Y DESCARGA;-3.7063112010;40.4282054060
440091,8600000000;4475446,7800000000;03-02-2021;01  CENTRO;01-05 UNIVERSIDAD;SAN BERNARDO, CALLE, DE;72;CargayDescarga;Línea;2;12;LABORABLES DE 8 A 17 HORAS EXCEPTO CARGA Y DESCARGA;-3.7062527020;40.4275005530
439967,2900000000;4475377,6900000000;27-09-2019;01  CENTRO;01-05 UNIVERSIDAD;SAN DIMAS, CALLE, DE;3;CargayDescarga;Línea;3;15;LABORABLES DE 8 A 17 H. EXCEPTO CARGA Y DESCARGA;-3.7077146610;40.4268696120
440435,0700000000;4475081,3400000000;16-08-2006;01  CENTRO;01-05 UNIVERSIDAD;SAN ILDEFONSO, PLAZA, DE;5;CargayDescarga;Línea;2;12;LABORABLES DE 8 A 14 H. Y DE 16:30 A 19 H. EXCEPTO CARGA Y DESCARGA;-3.7021726700;40.4242329170
439441,1400000000;4475749,5000000000;25-09-2009;01  CENTRO;01-05 UNIVERSIDAD;SERRANO JOVER, CALLE, DE;8;CargayDescarga;Línea;3;15;LABORABLES DE 9 A 14 H. Y DE 14,30 A 19 H.EXCEPTO CARGA Y DESCARGA;-3.7139522810;40.4301806780
440137,9200000000;4474823,2200000000;08-05-2007;01  CENTRO;01-05 UNIVERSIDAD;SILVA, CALLE, DE;25;CargayDescarga;Línea;3;15;LABORABLES DE LUNES A VIERNES DE 8 A 14 H. Y DE 16:30 A 19 H. Y SÁBADOS LABORABLES DE 8 A 15 H. EXCEPTO CARGA Y DESCARGA SÁBADOS LABORABLES DE 17:30 A 19 H. EXCEPTO SERVICIO PUNTO LIMPIO;-3.7056510960;40.4218868270
440059,3100000000;4474732,2000000000;18-10-2010;01  CENTRO;01-05 UNIVERSIDAD;SILVA, CALLE, DE;10;CargayDescarga;Línea;4;20;LABORABLES DE 8 A 14 H. Y DE 16:30 A 19 H. EXCEPTO CARGA Y DESCARGA;-3.7065690320;40.4210605650
440103,9300000000;4474708,7200000000;03-11-2021;01  CENTRO;01-05 UNIVERSIDAD;TUDESCOS, CALLE, DE LOS;1;CargayDescarga;Línea;4;28,2;LABORABLES DE 8 a 17 H EXCEPTO CARGA Y DESCARGA;-3.7060408790;40.4208525240
440435,8900000000;4474731,0600000000;01-01-1900;01  CENTRO;01-05 UNIVERSIDAD;VALVERDE, CALLE, DE;9;CargayDescarga;Línea;3;16,9;LABORABLES DE 8 A 14 Y DE 16:30 A 19 H. EXCEPTO CARGA Y DESCARGA;-3.7021302710;40.4210779830
440466,9300000000;4474862,3400000000;22-01-2007;01  CENTRO;01-05 UNIVERSIDAD;VALVERDE, CALLE, DE;21;CargayDescarga;Línea;2;9,9;LABORABLES DE 8 A 14 Y DE 16:30 A 19 H. EXCEPTO CARGA Y DESCARGA;-3.7017766410;40.4222628020
440457,2700000000;4474811,0700000000;16-07-2008;01  CENTRO;01-05 UNIVERSIDAD;VALVERDE, CALLE, DE;20;CargayDescarga;Línea;2;12,04;LABORABLES DE 8 A 14 Y DE 16:30 A 19 H. EXCEPTO CARGA Y DESCARGA;-3.7018856750;40.4217998520
440259,7600000000;4474531,6700000000;01-12-2004;01  CENTRO;01-06 SOL;ABADA, CALLE, DE LA;8;CargayDescarga;Línea;2;12,6;Lab. de 8 a 20 h.excepto: CARGA Y DESCARGA;-3.7041875330;40.4192685820
440209,8000000000;4474002,0900000000;01-07-2010;01  CENTRO;01-06 SOL;ATOCHA, CALLE, DE;10;CargayDescarga;Línea;3;15;LABORABLE DE 8 A 17 H.;-3.7047266290;40.4144947550
440247,0500000000;4473987,7800000000;01-07-2010;01  CENTRO;01-06 SOL;ATOCHA, CALLE, DE;14;CargayDescarga;Línea;3;14;LABORABLES DE 8 A 14 H. Y DE 16:30 A 19 H. EXCEPTO CARGA Y DESCARGA;-3.7042863110;40.4143685890
439945,5800000000;4474205,3800000000;29-09-1998;01  CENTRO;01-06 SOL;BORDADORES, CALLE, DE LOS;1;CargayDescarga;Línea;2;8,3;LABORABLES DE 8 A 15 H. EXCEPTO CARGA Y DESCARGA;-3.7078599060;40.4163068480
440112,6600000000;4474311,5500000000;24-07-2020;01  CENTRO;01-06 SOL;CELENQUE, PLAZA, DEL;3;CargayDescarga;Línea;4;20,5;LABORABLES DE LUNES A VIERNES DE 8 A 17 H. EXCEPTO CARGA Y DESCARGA;-3.7059006190;40.4172752620
440298,3900000000;4474566,5100000000;06-05-2002;01  CENTRO;01-06 SOL;CHINCHILLA, CALLE, DE;6;CargayDescarga;Línea;2;11,1;LABORABLES DE 8 A 14 H. ESCEPTO CARGA Y DESCARGA;-3.7037354120;40.4195852560
439926,8700000000;4473974,5800000000;01-12-1997;01  CENTRO;01-06 SOL;CUCHILLEROS, CALLE, DE LOS;15;CargayDescarga;Línea;3;17,5;LABORABLES DE 8 A 14 H. Y DE 16:30 A 19H. EXCEPTO CARGA Y DESCARGA;-3.7080586650;40.4142267250
440166,8000000000;4474129,9700000000;01-07-2010;01  CENTRO;01-06 SOL;ESPARTEROS, CALLE, DE;7;CargayDescarga;Línea;2;8,8;LABORABLES DE 8 A 14 H. Y DE 16:30 A 19 H. EXCEPTO CARGA Y DESCARGA;-3.7052454420;40.4156436500
440179,8500000000;4474179,0600000000;18-11-2013;01  CENTRO;01-06 SOL;ESPARTEROS, CALLE, DE;3;CargayDescarga;Línea;1;6;LABORABLES DE 8 A 14 H. Y DE 16.30 A 19 H. EXCEPTO CARGA Y DESCARGA ;-3.7050963010;40.4160865460
440010,7700000000;4474000,1400000000;31-10-2018;01  CENTRO;01-06 SOL;IMPERIAL, CALLE;7;CargayDescarga;Línea;2;12,4;LABORABLES DE 8 A 17 H. EXCEPTO CARGA Y DESCARGA;-3.7070721460;40.4144623830
439981,7000000000;4474189,7200000000;27-12-2012;01  CENTRO;01-06 SOL;MAYOR, CALLE;31;CargayDescarga;Línea;7;34,55;LABORABLES DE 8 A 15 H.EXCEPTO: CARGA Y DESCARGA;-3.7074327090;40.4161687660
440264,5300000000;4474599,3000000000;05-06-2003;01  CENTRO;01-06 SOL;MESONERO ROMANOS, CALLE, DE;11;CargayDescarga;Línea;5;27;LABORABLES DE 8 A 14 H. Y DE 16,30 A 19 H. EXCEPTO CARGA Y DESCARGA;-3.7041378000;40.4198780370
440350,0900000000;4474554,4900000000;14-07-2017;01  CENTRO;01-06 SOL;SALUD, CALLE, DE LA;8;CargayDescarga;Línea;4;23,1;LABORABLES DE 8 A 14 H. Y DE 16:30 A 19 H. EXCEPTO CARGA Y DESCARGA;-3.7031249830;40.4194807480
440372,5500000000;4474433,0500000000;07-06-2013;01  CENTRO;01-06 SOL;SAN ALBERTO, CALLE, DE;2;CargayDescarga;Línea;3;15;PERMITIDO CARGA Y DESCARGA LABORABLES DE LUNES A VIERNES DE 0 A 11 HORAS;-3.7028488170;40.4183886910
440369,2400000000;4474545,7200000000;26-06-2012;01  CENTRO;01-06 SOL;TRES CRUCES, CALLE, DE LAS;5;CargayDescarga;Línea;3;13,9;LABORABLES DE 8 A 17 H. EXCEPTO CARGA Y DESCARGA;-3.7028984920;40.4194033990
440004,7000000000;4474460,3300000000;05-05-2016;01  CENTRO;01-06 SOL;TRUJILLOS, TRAVESIA, DE LOS;1;CargayDescarga;Línea;1;15;DE 8 A 15 HORAS. EXCEPTO CARGA Y DESCARGA Y SUBIDA Y BAJADA DE VIAJEROS.;-3.7071871390;40.4186076750
438991,6600000000;4473010,2000000000;20-10-2006;02  ARGANZUELA;02-01 IMPERIAL;COBOS DE SEGOVIA, CALLE, DE;7;CargayDescarga;Línea;2;10,2;LABORABLES DE 8 A 14 H. Y DE 16,30 A 19 H. EXCEPTO CARGA Y DESCARGA;-3.7189882360;40.4054704980
439304,3200000000;4473236,0200000000;11-10-2006;02  ARGANZUELA;02-01 IMPERIAL;GIL IMON, TRAVESIA, DE;Fte 1;CargayDescarga;Línea;3;15;LABORABLES DE 8 A 14 H. Y DE 16:30 A 19 H. EXCEPTO CARGA Y DESCARGA ;-3.7153253170;40.4075283330
439144,2900000000;4473242,9800000000;29-04-2005;02  ARGANZUELA;02-01 IMPERIAL;IMPERIAL, PASEO;20;CargayDescarga;Línea;2;10;LABORABLES DE 8 A 19 H. EXCEPTO CARGA Y DESCARGA;-3.7172118380;40.4075788680
439156,5300000000;4473255,6000000000;29-06-2007;02  ARGANZUELA;02-01 IMPERIAL;IMPERIAL, PASEO;31;CargayDescarga;Línea;3;15;LABORABLES DE 8 A 14 H. Y DE 16,30 A 19 H. EXCEPTO CARGA Y DESCARGA ;-3.7170688270;40.4076935740
439319,2300000000;4472581,4600000000;09-10-2013;02  ARGANZUELA;02-01 IMPERIAL;IMPERIAL, PASEO;50;CargayDescarga;Línea;2;13,2;LABORABLES DE 8 A 17 H. EXCEPTO CARGA Y DESCARGA;-3.7150871960;40.4016324830
439417,4700000000;4472783,3100000000;13-09-1996;02  ARGANZUELA;02-01 IMPERIAL;JUAN ANTONIO VALLEJO-NÁJERA BOTAS, PASEO, DE;49;CargayDescarga;Línea;3;15,1;LABORABLES DE 8 A 14 H. Y DE 16:30 A 19 H. EXCEPTO CARGA Y DESCARGA;-3.7139487860;40.4034581550
438938,2800000000;4473385,4700000000;17-05-2006;02  ARGANZUELA;02-01 IMPERIAL;JUAN DUQUE, CALLE, DE;44;CargayDescarga;Línea;3;15;LABORABLES DE 8 A 14 H. Y DE 16,30 A 19 H. EXCEPTO CARGA Y DESCARGA;-3.7196533250;40.4088474540
438957,6800000000;4473916,9800000000;05-12-2012;02  ARGANZUELA;02-01 IMPERIAL;JUAN DUQUE, CALLE, DE;2;CargayDescarga;Línea;2;10;LABORABLES DE 8 A 14 H. EXCEPTO CARGA Y DESCARGA;-3.7194756510;40.4136366930
438950,3100000000;4473485,0400000000;01-07-2010;02  ARGANZUELA;02-01 IMPERIAL;JUAN DUQUE, CALLE, DE;39;CargayDescarga;Línea;4;20;LABORABLES DE 8  A 14 H. Y DE 16:30 A 19 H. EXCEPTO CARGA Y DESCARGA;-3.7195210870;40.4097453930
438951,1800000000;4473510,2700000000;30-03-2016;02  ARGANZUELA;02-01 IMPERIAL;JUAN DUQUE, CALLE, DE;36;CargayDescarga;Línea;2;12,2;LABORABLES DE 8 A 14 H. Y DE 16:30 A 19 H. EXCEPTO CARGA Y DESCARGA;-3.7195132370;40.4099728000
438948,3200000000;4473657,6000000000;07-08-2018;02  ARGANZUELA;02-01 IMPERIAL;JUAN DUQUE, CALLE, DE;28;CargayDescarga;Línea;3;15;LABORABLES DE 8 A 14 H. EXCEPTO CARGA Y DESCARGA;-3.7195610220;40.4112993690
438959,1800000000;4473722,5500000000;07-08-2018;02  ARGANZUELA;02-01 IMPERIAL;JUAN DUQUE, CALLE, DE;23;CargayDescarga;Línea;2;12;LABORABLES DE 8 A 14:30 EXCEPTO CARGA Y DESCARGA;-3.7194393260;40.4118852180
438954,7000000000;4473605,0800000000;01-07-2010;02  ARGANZUELA;02-01 IMPERIAL;JUAN DUQUE, CALLE, DE;29;CargayDescarga;Línea;3;13,9;LABORABLES DE 9 A 14 H. Y DE 16,30 A 20 H.EXCEPTO CARGA Y DESCARGA;-3.7194809800;40.4108267360
438866,5500000000;4473832,8000000000;01-01-1900;02  ARGANZUELA;02-01 IMPERIAL;LINNEO, CALLE, DE;10;CargayDescarga;Línea;3;13,7;Lab. de 9 a 20 hExcepto: CARGA Y DESCARGA;-3.7205415250;40.4128723100
438870,6100000000;4473757,0500000000;01-01-1900;02  ARGANZUELA;02-01 IMPERIAL;LINNEO, CALLE, DE;17;CargayDescarga;Línea;2;12,5;Lab. de 9 a 20 hExcepto: CARGA Y DESCARGA;-3.7204865210;40.4121902040
439046,3800000000;4473826,2500000000;28-09-2001;02  ARGANZUELA;02-01 IMPERIAL;MAZARREDO, CALLE, DE;14;CargayDescarga;Línea;1;6,9;LABORABLES DE 8 A 14 H. EXCEPTO CARGA Y DESCARGA ;-3.7184216380;40.4128260720
438849,2400000000;4473031,4300000000;30-12-2009;02  ARGANZUELA;02-01 IMPERIAL;MELANCOLICOS, PASEO, DE LOS;29;CargayDescarga;Línea;6;30;Lab. de 8 a 14h. y de 16.30 a 19h. Excepto Carga y Descarga;-3.7206686070;40.4056514950
438888,1600000000;4473736,5000000000;04-02-2009;02  ARGANZUELA;02-01 IMPERIAL;MORENO NIETO, CALLE, DE;15;CargayDescarga;Línea;4;19,5;Lab. de 8 a 20 hExcepto: CARGA Y DESCARGA;-3.7202776200;40.4120059980
438837,4500000000;4472917,8700000000;15-10-2010;02  ARGANZUELA;02-01 IMPERIAL;SAN ALEJANDRO, CALLE, DE;2;CargayDescarga;Línea;2;10;LABORABLES DE 8 A 14 H. Y DE 16,30 A 19 H. EXCEPTO CARGA Y DESCARGA;-3.7207966050;40.4046277340
439026,7700000000;4472636,3400000000;29-03-2010;02  ARGANZUELA;02-01 IMPERIAL;SAN EPIFANIO, CALLE, DE;3;CargayDescarga;Línea;3;15;LABORABLES DE 8 A 14 H. Y DE 16,30 A 19 H. EXCEPTO CARGA Y DESCARGA EN DIAS DE ESPECTACULOS CON TAPA Y CANDADO ;-3.7185386360;40.4021058030
439408,4300000000;4473227,4400000000;16-05-2006;02  ARGANZUELA;02-01 IMPERIAL;SEGOVIA, RONDA, DE;44;CargayDescarga;Línea;3;15;lab. de 8 a 14 h. y de 16,30 a 19 h. excepto: [carga y descarga];-3.7140976400;40.4074578590
439211,2500000000;4473343,0800000000;02-10-2012;02  ARGANZUELA;02-01 IMPERIAL;SEGOVIA, RONDA, DE;20;CargayDescarga;Línea;3;15;LAB. DE 8 A 14 H. Y DE 16,30 A 19 H. EXCEPTO CARGA Y DESCARGA;-3.7164323860;40.4084859740
439498,7900000000;4472872,4600000000;17-08-2016;02  ARGANZUELA;02-01 IMPERIAL;TOLEDO, CALLE, DE;136;CargayDescarga;Línea;3;17,8;LABORABLES DE 8 A 17 H. EXCEPTO CARGA Y DESCARGA EN LÍNEA;-3.7129990510;40.4042671140
438815,7400000000;4473756,8800000000;30-12-2009;02  ARGANZUELA;02-01 IMPERIAL;VIRGEN DEL PUERTO, PASEO, DE LA;21;CargayDescarga;Batería;3;8,2;LABORABLES DE 8 A 14 H. Y DE 16,30 A 19 H. EXCEPTO CARGA Y DESCARGA;-3.7211331610;40.4121840160
439832,6600000000;4472434,3800000000;25-04-2017;02  ARGANZUELA;02-02 ACACIAS;ARGANDA, CALLE, DE;S/N;CargayDescarga;Línea;1;9,6;LABORABLES DE 8 A 14 H. Y DE 16:30 A  19 H. EXCEPTO CARGA Y DESCARGA;-3.7090232970;40.4003449320
439916,5400000000;4472509,2900000000;27-03-2018;02  ARGANZUELA;02-02 ACACIAS;ARGANDA, CALLE, DE;S/N;CargayDescarga;Batería;1;8;LABORABLES DE LUNES A VIERNES DE 8 A 14 HORAS EXCEPTO CARGA Y DESCARGA EN LÍNEA;-3.7080419350;40.4010254910
440451,0000000000;4472248,1800000000;01-01-1900;02  ARGANZUELA;02-02 ACACIAS;ARQUITECTURA, CALLE, DE LA;19;CargayDescarga;Línea;3;13,1;LAB. DE 8 A 12 H. EXCEPTO CARGA Y DESCARGA;-3.7017196890;40.3987120590
440425,1200000000;4472380,5700000000;01-07-2010;02  ARGANZUELA;02-02 ACACIAS;CARVAJALES, CALLE, DE LOS;4 B;CargayDescarga;Línea;4;32,2;LABORABLES DE 8 A 14 H.Y DE 16,30 A 19 H. EXCEPTOCARGA Y DESCARGA;-3.7020371080;40.3999029520
440442,2800000000;4472834,2100000000;04-06-2007;02  ARGANZUELA;02-02 ACACIAS;EMBAJADORES, CALLE, DE;78;CargayDescarga;Línea;2;10;LABORABLES DE 8 A 14 H. Y DE 16,30 A 19 H. EXCEPTO CARGA Y DESCARGA ;-3.7018773100;40.4039904330
440570,4300000000;4472613,5100000000;04-11-2005;02  ARGANZUELA;02-02 ACACIAS;EMBAJADORES, CALLE, DE;104;CargayDescarga;Línea;3;15;LABORABLES DE 8 A 14 H. Y DE 16,30 A 19 H. EXCEPTO CARGA Y DESCARGA;-3.7003465960;40.4020117810
440261,1100000000;4472880,7400000000;01-01-1900;02  ARGANZUELA;02-02 ACACIAS;ERCILLA, CALLE, DE;1;CargayDescarga;Línea;3;12,9;LABORABLES DE 8 A 14 H. Y DE 16,30 A 19 H. EXCEPTO CARGA Y DESCARGA;-3.7040165620;40.4043965460
440417,6500000000;4472594,8200000000;01-12-2004;02  ARGANZUELA;02-02 ACACIAS;ERCILLA, CALLE, DE;36;CargayDescarga;Línea;2;10;LABORABLES DE 8 A 14 H. Y DE 16,30 A 19 H. EXCEPTO CARGA Y DESCARGA;-3.7021450530;40.4018317000
440358,2200000000;4472714,6300000000;01-12-2004;02  ARGANZUELA;02-02 ACACIAS;ERCILLA, CALLE, DE;15;CargayDescarga;Línea;3;15;LABORABLES DE 8 A 14 H. EXCEPTO CARGA Y DESCARGA ;-3.7028566670;40.4029069700
440390,1500000000;4472659,9000000000;19-01-2006;02  ARGANZUELA;02-02 ACACIAS;ERCILLA, CALLE, DE;21;CargayDescarga;Línea;2;10;LABORABLES DE 8 A 14 H. Y DE 16,30 A 19 H. EXCEPTO CARGA Y DESCARGA;-3.7024753630;40.4024162890
440534,4800000000;4472413,1200000000;09-06-2000;02  ARGANZUELA;02-02 ACACIAS;ERCILLA, CALLE, DE;51;CargayDescarga;Batería;6;15;LABORABLES DE 8 A 14 H. Y DE 16,30 A 19 H. EXCEPTO CARGA Y DESCARGA ;-3.7007515050;40.4002034110
440335,7300000000;4472752,6100000000;17-04-2015;02  ARGANZUELA;02-02 ACACIAS;ERCILLA, CALLE, DE;14;CargayDescarga;Línea;1;8;LAB. DE 8 A 14 H. Y DE 16:30 A 19 H. EXCEPTO CARGA Y DESCARGA;-3.7031253840;40.4032481660
440120,8700000000;4472712,6400000000;15-12-2005;02  ARGANZUELA;02-02 ACACIAS;ESPERANZA, PASEO, DE LA;9;CargayDescarga;Batería;2;6,5;LABORABLES DE 8 A 14 H.Y DE 16,30 A 19 H.EXCEPTO CARGA Y DESCARGA;-3.7056533880;40.4028720770
440343,9100000000;4472247,1500000000;12-12-2006;02  ARGANZUELA;02-02 ACACIAS;ESPERANZA, PASEO, DE LA;16;CargayDescarga;Línea;5;25,1;LABORABLES DE 8 A 14 H. EXCEPTO CARGA Y DESCARGA;-3.7029815140;40.3986948130
440371,1500000000;4472242,2500000000;26-07-2012;02  ARGANZUELA;02-02 ACACIAS;ESPERANZA, PASEO, DE LA;51;CargayDescarga;Línea;4;20;DE 21 A 23 H. EXCEPTO CARGA Y DESCARGA NOCTURNA EN LÍNEA;-3.7026600270;40.3986528160
440061,7300000000;4472783,3800000000;15-04-2015;02  ARGANZUELA;02-02 ACACIAS;ESPERANZA, PASEO, DE LA;2 B;CargayDescarga;Línea;1;13;LABORABLES DE 8 A 14 H. Y DE 16,30 A 19 H. EXCEPTO CARGA Y DESCARGA ;-3.7063569230;40.4035051950
440233,7900000000;4472501,1400000000;09-05-2019;02  ARGANZUELA;02-02 ACACIAS;ESPERANZA, PASEO, DE LA;21;CargayDescarga;Batería;4;16,5;LABORABLES DE 8 A 17 H. EXCEPTO CARGA Y DESCARGA EN LÍNEA;-3.7043028690;40.4009753000
440305,5300000000;4472280,1300000000;23-02-2000;02  ARGANZUELA;02-02 ACACIAS;GARGANTILLA, CALLE, DE;3;CargayDescarga;Línea;3;15;LABORABLES DE 8 A 14 H. Y DE 16,30 A 19 H. EXCEPTO CARGA Y DESCARGA ;-3.7034367860;40.3989888550
439899,2500000000;4473038,1700000000;15-02-2010;02  ARGANZUELA;02-02 ACACIAS;GASOMETRO, CALLE, DEL;1;CargayDescarga;Línea;3;14;LABORABLES DE 8 A 14 H. Y DE 16:30 A 19 H. EXCEPTO CARGA Y DESCARGA;-3.7082956400;40.4057890620
439922,9000000000;4472847,3100000000;02-12-1998;02  ARGANZUELA;02-02 ACACIAS;GASOMETRO, CALLE, DEL;Fte 10;CargayDescarga;Línea;6;30,1;LABORABLES DE 8 A 14 H.Y DE 16,30 A 19 H.EXCEPTO CARGA Y DESCARGA;-3.7079989050;40.4040710480
439911,1300000000;4472943,5300000000;20-10-2006;02  ARGANZUELA;02-02 ACACIAS;GASOMETRO, CALLE, DEL;S/N;CargayDescarga;Línea;2;10;LABORABLES DE 8 A 14 H. Y DE 16,30 A 19 H. EXCEPTO CARGA Y DESCARGA;-3.7081467860;40.4049374180
440499,2200000000;4472632,3800000000;29-11-2011;02  ARGANZUELA;02-02 ACACIAS;LABRADOR, CALLE, DEL;6;CargayDescarga;Línea;2;10;Lab. de 8 a 14 h. excepto: CARGA Y                DESCARGA (Carga y descarga en recuadro);-3.7011875260;40.4021762190
440003,7100000000;4472740,4400000000;20-03-1997;02  ARGANZUELA;02-02 ACACIAS;MAJUELO, CALLE, DEL;3;CargayDescarga;Línea;3;15;LABORABLES DE 8 A 14 H. Y DE 16,30 A 19 H. EXCEPTO CARGA Y DESCARGA ;-3.7070365080;40.4031140370
440376,6600000000;4472757,0500000000;29-01-2004;02  ARGANZUELA;02-02 ACACIAS;MORATINES, CALLE, DE;11;CargayDescarga;Línea;3;15;LABORABLES DE 8 A 17 HORAS EXCEPTO CARGA Y DESCARGA;-3.7026434120;40.4032905080
440317,2000000000;4472717,5300000000;01-07-2010;02  ARGANZUELA;02-02 ACACIAS;MORATINES, CALLE, DE;16;CargayDescarga;Línea;3;15;LABORABLES DE 8 A 14 H. Y DE 16,30 A 19 H. EXCEPTO CARGA Y DESCARGA;-3.7033403000;40.4029301170
440026,4100000000;4472240,9900000000;19-09-2007;02  ARGANZUELA;02-02 ACACIAS;NAVES, CALLE, DE LAS;8;CargayDescarga;Línea;1;6;LABORABLES DE 8 A 14 H. Y DE 16,30 A 19 H. EXCEPTO CARGA Y DESCARGA ;-3.7067220120;40.3986170060
440276,6100000000;4472703,3600000000;22-10-2008;02  ARGANZUELA;02-02 ACACIAS;PEÑUELAS, CALLE, DE LAS;22;CargayDescarga;Línea;2;8,6;LABORABLES DE 8 A 14 H. Y DE 16,30 A 19 H. EXCEPTO CARGA Y DESCARGA ;-3.7038172880;40.4027999410
440260,9200000000;4472732,4500000000;24-09-2004;02  ARGANZUELA;02-02 ACACIAS;PEÑUELAS, CALLE, DE LAS;18;CargayDescarga;Línea;2;10;LABORABLES DE 8 A 14 H. Y DE 16,30 A 19 H. EXCEPTO CARGA Y DESCARGA ;-3.7040049890;40.4030605800
440198,1600000000;4472849,8400000000;01-07-2010;02  ARGANZUELA;02-02 ACACIAS;PEÑUELAS, CALLE, DE LAS;4;CargayDescarga;Línea;3;15;LABORABLES DE 8 A 14 H. Y DE 16,30 A 19 H. EXCEPTO CARGA Y DESCARGA;-3.7047554490;40.4041138480
440024,5300000000;4472946,9100000000;26-11-2007;02  ARGANZUELA;02-02 ACACIAS;RIBERA DE CURTIDORES, CALLE, DE LA;43;CargayDescarga;Línea;3;15;LABORABLES DE 8 A 14 H. Y DE 16,30 A 19 H. EXCEPTO CARGA Y DESCARGA;-3.7068106480;40.4049758630
440328,4900000000;4472072,5200000000;02-09-2010;02  ARGANZUELA;02-02 ACACIAS;SAN ANASTASIO, CALLE, DE;Fte 2;CargayDescarga;Línea;2;10;LABORABLES DE 8 A 14 H. Y DE 16,30 A 19 H. EXCEPTO CARGA Y DESCARGA ;-3.7031468120;40.3971204400
439807,7100000000;4472829,4200000000;28-02-2000;02  ARGANZUELA;02-02 ACACIAS;SAN ISIDORO DE SEVILLA, CALLE, DE;14;CargayDescarga;Línea;4;23,5;laborables de 8 a 14 h. y de 16,30 a 19 h. excepto carga y descarga;-3.7093546380;40.4039015670
440118,3200000000;4472935,6200000000;29-03-2021;02  ARGANZUELA;02-02 ACACIAS;SORIA, CALLE, DE;5 A;CargayDescarga;Línea;4;12;LABORABLES DE 8 A 19H EXCEPTO CARGA Y DESCARGA;-3.7057043810;40.4048809810
439442,6100000000;4472613,9900000000;09-06-2006;02  ARGANZUELA;02-02 ACACIAS;TOLEDO, CALLE, DE;181;CargayDescarga;Línea;3;15;laborables de 9 a 14 h. y de 16,30 a 19 h.excepto CARGA Y DESCARGA EN LINEA;-3.7136364660;40.4019346030
439534,4300000000;4472864,5900000000;26-02-2013;02  ARGANZUELA;02-02 ACACIAS;TOLEDO, CALLE, DE;147;CargayDescarga;Línea;4;18;LABORABLES DE 8 A 17 HORAS, EXCEPTO CARGA Y DESCARGA EN LÍNEA;-3.7125783280;40.4041991040
439962,2900000000;4472992,1600000000;13-03-2001;02  ARGANZUELA;02-02 ACACIAS;TOLEDO, RONDA, DE;16;CargayDescarga;Línea;3;15;LABORABLES DE 8 A 14 H. Y DE 16,30 A 19 H. EXCEPTO CARGA Y DESCARGA ;-3.7075484460;40.4053792250
439729,3300000000;4472319,2900000000;08-01-2002;02  ARGANZUELA;02-02 ACACIAS;YESERIAS, PASEO, DE LAS;19;CargayDescarga;Línea;2;8,9;lab. de 8 a 14 h. excepto: [CARGA Y DESCARGA];-3.7102299460;40.3993004870
440196,4500000000;4472078,2200000000;10-09-2019;02  ARGANZUELA;02-02 ACACIAS;YESERIAS, PASEO, DE LAS;61;CargayDescarga;Línea;2;10;LABORABLES DE 8 A 14 H. EXCEPTO CARGA Y DESCARGA ;-3.7047031950;40.3971622660
440448,9300000000;4472150,6200000000;16-07-2008;02  ARGANZUELA;02-03 CHOPERA;AGUILON, CALLE, DE;1;CargayDescarga;Línea;3;15;LABORABLES DE 8 A 14 H.Y DE 16 A 20 H. EXCEPTO CARGA Y DESCARGA;-3.7017350440;40.3978331420
440899,3400000000;4471833,5700000000;24-01-2013;02  ARGANZUELA;02-03 CHOPERA;ALONSO CARBONELL, CALLE, DE;3;CargayDescarga;Batería;12;29,6;LABORABLES DE 8 A 14 H. Y DE 16:30 A 19 H. EXCEPTO CARGA Y DESCARGA. MÁXIMO 30 MINUTOS;-3.6963984580;40.3950086320
440990,1800000000;4471821,8400000000;19-12-2011;02  ARGANZUELA;02-03 CHOPERA;EMBAJADORES, CALLE, DE;176;CargayDescarga;Línea;3;15;LABORABLES DE 8 A 14 H. Y DE 16,30  A 19 H. EXCEPTO CARGA Y DESCARGA ;-3.6953270270;40.3949092240
440744,9200000000;4472289,0100000000;01-07-2010;02  ARGANZUELA;02-03 CHOPERA;EMBAJADORES, CALLE, DE;128;CargayDescarga;Línea;3;15;LAB. DE 8 A 14 H. Y DE 16,30 A 20 H. EXCEPTO CARGA Y DESCARGA;-3.6982603420;40.3991008110
440686,4600000000;4472401,3900000000;03-06-2014;02  ARGANZUELA;02-03 CHOPERA;EMBAJADORES, CALLE, DE;116;CargayDescarga;Línea;3;15;LABORABLES DE 8.00 A 17:00 H EXCEPTO CARGA Y DESCARGA;-3.6989596370;40.4001092740
440892,8600000000;4472009,4300000000;17-10-2014;02  ARGANZUELA;02-03 CHOPERA;EMBAJADORES, CALLE, DE;158;CargayDescarga;Línea;2;15;LABORABLES DE 8 A 17 H.EXCEPTO CARGA Y DESCARGA;-3.6964911050;40.3965928030
440651,7000000000;4471943,0300000000;19-10-2018;02  ARGANZUELA;02-03 CHOPERA;EUGENIO SELLES, CALLE, DE;10;CargayDescarga;Línea;2;10;LAB DE 8 A 14 H Y DE 16:30 A 19 H EXCEPTO CARGA Y DESCARGA;-3.6993265020;40.3959770450
440654,3200000000;4472344,4300000000;01-01-1900;02  ARGANZUELA;02-03 CHOPERA;FERNANDO POO, CALLE, DE;5;CargayDescarga;Línea;3;13,2;Lab de 9 a 20 h.excepto: CARGA Y DESCARGA;-3.6993330330;40.3995937270
440633,8800000000;4472224,9800000000;16-05-2006;02  ARGANZUELA;02-03 CHOPERA;FERNANDO POO, CALLE, DE;17;CargayDescarga;Línea;3;15;LABORABLES DE 8 A 14 H. Y DE 16,30 A 19 H. EXCEPTO CARGA Y DESCARGA;-3.6995627320;40.3985154780
440596,8000000000;4471927,2600000000;01-01-1900;02  ARGANZUELA;02-03 CHOPERA;FERNANDO POO, CALLE, DE;33;CargayDescarga;Línea;3;17,99;LABORABLES DE 8 A 14 H.Y DE 16,30  A 19 H. EXCEPTOCARGA Y DESCARGA;-3.6999718240;40.3958313420
440615,7000000000;4472077,2400000000;17-09-2012;02  ARGANZUELA;02-03 CHOPERA;FERNANDO POO, CALLE, DE;21;CargayDescarga;Línea;4;19,7;LABORABLES DE 8 A 14 H.EXCEPTO CARGA Y DESCARGA;-3.6997631530;40.3971836370
440961,8000000000;4471737,7700000000;21-10-2003;02  ARGANZUELA;02-03 CHOPERA;GUILLERMO DE OSMA, CALLE, DE;4;CargayDescarga;Línea;3;15;LABORABLES DE 8 A 14 H. Y DE 16,30  A 19 H. EXCEPTO CARGA Y DESCARGA;-3.6956536130;40.3941498260
440745,1700000000;4472042,8100000000;29-11-2006;02  ARGANZUELA;02-03 CHOPERA;JAIME EL CONQUISTADOR, CALLE, DE;22;CargayDescarga;Línea;3;15;LABORABLES DE 8 A 14 H. Y DE 16,30 A 19 H. EXCEPTO CARGA Y DESCARGA;-3.6982343870;40.3968827200
440745,9300000000;4471882,2700000000;19-10-2006;02  ARGANZUELA;02-03 CHOPERA;JAIME EL CONQUISTADOR, CALLE, DE;27;CargayDescarga;Línea;4;20;Lab. de 9 a 20 h.excepto: CARGA Y DESCARGA;-3.6982104370;40.3954361730
440730,7300000000;4471742,5700000000;07-12-2011;02  ARGANZUELA;02-03 CHOPERA;JAIME EL CONQUISTADOR, CALLE, DE;37;CargayDescarga;Línea;3;13,5;lab. de 8 a 14 h y de 16.30 a 19 h excepto: [CARGA Y DESCARGA];-3.6983766520;40.3941773280
440647,8700000000;4472087,3800000000;15-06-2021;02  ARGANZUELA;02-03 CHOPERA;PARROCO JULIO MORATE, CALLE, DEL;5;CargayDescarga;Línea;2;12;LAB.DE 9 A 20 H. EXCEPTO CARGA Y DESCARGA EN LINEA;-3.6993850580;40.3972776600
440818,0000000000;4471868,9000000000;01-01-1900;02  ARGANZUELA;02-03 CHOPERA;TOMAS BORRAS, CALLE, DE;10;CargayDescarga;Línea;2;12,1;LABORABLES DE 8 A 14 H.Y DE 16,30  A 19 H. EXCEPTOCARGA Y DESCARGA;-3.6973600530;40.3953212950
440547,2500000000;4472182,7000000000;10-12-2015;02  ARGANZUELA;02-03 CHOPERA;TORRES MIRANDA, CALLE, DE;21;CargayDescarga;Línea;2;15;Laborables de 8 a 17h excepto carga y descarga en línea;-3.7005796180;40.3981288460
441444,5000000000;4471305,9900000000;29-08-2012;02  ARGANZUELA;02-04 LEGAZPI;ANTRACITA, CALLE, DE LA;10 B;CargayDescarga;Línea;6;13;LABORABLES DE 8 A 14 H. EXCEPTO CARGA Y DESCARGA EN LÍNEA;-3.6899266710;40.3902949660
441161,8300000000;4471449,5300000000;20-04-2007;02  ARGANZUELA;02-04 LEGAZPI;EMBAJADORES, CALLE, DE;200;CargayDescarga;Batería;7;17;LAB. DE 8 A 14 H. Y DE 16,30 A 19 H. EXCEPTO CARGA Y DESCARGA ;-3.6932701660;40.3915676190
441203,8500000000;4471352,7400000000;20-10-2018;02  ARGANZUELA;02-04 LEGAZPI;EMBAJADORES, CALLE, DE;208;CargayDescarga;Batería;3;10;LAB. DE 8 A 14 H Y DE 16,30 A 19 H. EXCEPTO CARGA Y DESCARGA;-3.6927661920;40.3906983850
441311,7600000000;4470864,8400000000;18-12-2007;02  ARGANZUELA;02-04 LEGAZPI;JOSE ANTONIO ZAPATA, CALLE, DE;4;CargayDescarga;Línea;3;15;LAB. DE 8 A 14 H. Y DE 16,30 A 19 H. EXCEPTO CARGA Y DESCARGA;-3.6914498790;40.3863109610
441127,9200000000;4470964,3400000000;19-11-2013;02  ARGANZUELA;02-04 LEGAZPI;JULIAN RABANEDO, CALLE, DE;19;CargayDescarga;Línea;2;15;LABORABLES DE  8 a 19 h.EXCEPTO CARGA Y DESCARGA;-3.6936249410;40.3871946910
441500,3200000000;4471269,8200000000;27-03-2018;02  ARGANZUELA;02-04 LEGAZPI;LITIO, CALLE, DEL;2;CargayDescarga;Línea;2;13;LABORABLES DE 08:00 A 17:00 H  ESCEPTO CARGA Y DESCARGA;-3.6892655920;40.3899727340
441154,6700000000;4471432,2100000000;01-01-1900;02  ARGANZUELA;02-04 LEGAZPI;MANUEL ALEIXANDRE, CALLE, DE;13;CargayDescarga;Línea;3;14,5;Lab. de 9 a 20 h.excepto: CARGA Y DESCARGA;-3.6933529580;40.3914110870
442312,7400000000;4471801,3700000000;06-11-2017;02  ARGANZUELA;02-04 LEGAZPI;MENDEZ ALVARO, CALLE, DE;70;CargayDescarga;Línea;2;12;LABORABLES DE LUNES A SABADOS DE 8:00 A 15:00 H  EXCEPTO CARGA Y DESCARGA.;-3.6797422890;40.3948178370
441174,0200000000;4471297,4200000000;09-03-2001;02  ARGANZUELA;02-04 LEGAZPI;MOLINO, PASEO, DEL;13;CargayDescarga;Línea;2;9;LAB. DE 8 A 14 H. EXCEPTO CARGA Y DESCARGA ;-3.6931125450;40.3901981930
441686,6900000000;4470868,5500000000;09-01-2015;02  ARGANZUELA;02-04 LEGAZPI;PUERTO SERRANO, CALLE, DE;9;CargayDescarga;Línea;2;15;LABORABLES DE 8 A 17 H.EXCEPTO CARGA Y DESCARGA;-3.6870332340;40.3863707780
441174,3500000000;4471084,3300000000;11-10-2006;02  ARGANZUELA;02-04 LEGAZPI;TENIENTE CORONEL NOREÑA, CALLE, DEL;37;CargayDescarga;Línea;3;15;LAB. DE 8 A 14 H. Y DE 16,30 A 19 H. EXCEPTO CARGA Y DESCARGA ;-3.6930889390;40.3882788990
441048,2200000000;4471209,8400000000;05-06-2013;02  ARGANZUELA;02-04 LEGAZPI;TENIENTE CORONEL NOREÑA, CALLE, DEL;6;CargayDescarga;Línea;3;15;LABORABLES DE 8 A 17 H. EXCEPTO CARGA Y DESCARGA;-3.6945865360;40.3894000630
442329,3200000000;4471404,3100000000;07-11-2012;02  ARGANZUELA;02-04 LEGAZPI;TITAN, CALLE, DE;13;CargayDescarga;Línea;3;15;DE LUNES A VIERNES DE 8 A 19 H. EXCEPTO CARGA Y DESCARGA;-3.6795109280;40.3912420080
440896,8700000000;4472142,8200000000;10-11-1997;02  ARGANZUELA;02-05 DELICIAS;BATALLA DEL SALADO, CALLE, DE LA;53;CargayDescarga;Línea;3;15;lab. de 8 a 14h.y de 16,30 a 19h.excepto: CARGA Y DESCARGA;-3.6964562120;40.3977948110
440907,3600000000;4472262,3000000000;03-06-2014;02  ARGANZUELA;02-05 DELICIAS;BATALLA DEL SALADO, CALLE, DE LA;39;CargayDescarga;Línea;2;15;LABORABLES DE 8:00 A 17:00 HEXCEPTO CARGA Y DESCARGA;-3.6963437980;40.3988718570
440922,4900000000;4472416,0300000000;08-02-2019;02  ARGANZUELA;02-05 DELICIAS;BATALLA DEL SALADO, CALLE, DE LA;31;CargayDescarga;Línea;1;12;;-3.6961797030;40.4002572690
441094,9400000000;4472194,2400000000;22-09-2011;02  ARGANZUELA;02-05 DELICIAS;DELICIAS, PASEO, DE LAS;65F;CargayDescarga;Línea;3;15;Laborables de 9 a 20 h.excepto: CARGA Y DESCARGA;-3.6941272530;40.3982719130
441109,3200000000;4472352,3600000000;22-09-2011;02  ARGANZUELA;02-05 DELICIAS;DELICIAS, PASEO, DE LAS;63;CargayDescarga;Línea;3;15,22;LABORABLES DE 9 A 20 HEXCEPTO CARGA Y DESCARGA;-3.6939723260;40.3996967450
441045,7100000000;4471675,8000000000;04-01-1999;02  ARGANZUELA;02-05 DELICIAS;DELICIAS, PASEO, DE LAS;107;CargayDescarga;Línea;3;13,56;LABORABLES DE 9 A 14 H.Y DE 16,30  A 19 H. EXCEPTOCARGA Y DESCARGA;-3.6946592450;40.3935980670
441043,9600000000;4471877,8300000000;17-02-2012;02  ARGANZUELA;02-05 DELICIAS;DELICIAS, PASEO, DE LAS;112;CargayDescarga;Línea;5;25;LABORABLES DE 8 A 15 H. EXCEPTO CARGA Y DESCARGA;-3.6946985500;40.3954179530
441059,6100000000;4472033,5000000000;17-02-2012;02  ARGANZUELA;02-05 DELICIAS;DELICIAS, PASEO, DE LAS;98;CargayDescarga;Línea;5;25,5;LABORABLES DE LUNES A VIERNES DE 8 A 14 H. Y DE 16:30 A 19 H. SÁBADOS DE 8 A 15 H. EXCEPTO CARGA Y DESCARGA;-3.6945286100;40.3968210690
441069,5200000000;4471933,3100000000;17-02-2012;02  ARGANZUELA;02-05 DELICIAS;DELICIAS, PASEO, DE LAS;89;CargayDescarga;Línea;8;40;LABORABLES DE 8 A 15 H. EXCEPTO CARGA Y DESCARGA;-3.6944025020;40.3959190050
441083,3600000000;4472070,6600000000;17-02-2012;02  ARGANZUELA;02-05 DELICIAS;DELICIAS, PASEO, DE LAS;75;CargayDescarga;Línea;4;20;LABORABLES DE LUNES A VIERNES DE 8 A 14 H. Y DE 16:30 A 19 H. SÁBADOS DE 8 A 15 H. EXCEPTO CARGA Y DESCARGA;-3.6942522160;40.3971577390
441096,0000000000;4472419,5800000000;17-02-2012;02  ARGANZUELA;02-05 DELICIAS;DELICIAS, PASEO, DE LAS;52;CargayDescarga;Línea;4;20;LABORABLES DE 8 A 15 H. EXCEPTO CARGA Y DESCARGA;-3.6941355040;40.4003019600
441068,9400000000;4472132,3400000000;17-02-2012;02  ARGANZUELA;02-05 DELICIAS;DELICIAS, PASEO, DE LAS;88 A;CargayDescarga;Línea;6;30;LABORABLES DE LUNES A VIERNES DE 8 A 14 H. Y DE 16:30 A 19 H. SÁBADOS DE 8 A 15 H. EXCEPTO CARGA Y DESCARGA;-3.6944277700;40.3977119040
441085,7400000000;4472309,5700000000;20-02-2012;02  ARGANZUELA;02-05 DELICIAS;DELICIAS, PASEO, DE LAS;68;CargayDescarga;Línea;3;15;LABORABLES DE LUNES A VIERNES DE 8 A 14 H. Y DE 16:30 A 19 H. SÁBADOS DE 8 A 15 H. EXCEPTO CARGA Y DESCARGA;-3.6942462570;40.3993099410
441071,4100000000;4471660,0000000000;13-12-2007;02  ARGANZUELA;02-05 DELICIAS;EMBAJADORES, CALLE, DE;184;CargayDescarga;Línea;3;17,71;LABORABLES DE 9 A 14 H.Y DE 16,30  A 20 H. EXCEPTOCARGA Y DESCARGA EN LINEA;-3.6943550040;40.3934575780
440818,5900000000;4472193,0700000000;16-06-2008;02  ARGANZUELA;02-05 DELICIAS;EMBAJADORES, CALLE, DE;119;CargayDescarga;Batería;2;12;LAB. DE 8 A 14 H Y DE 16,30 A 19 H.EXCEPTO CARGA Y DESCARGA EN LINEA;-3.6973833150;40.3982412030
441114,2800000000;4471560,3800000000;19-11-2019;02  ARGANZUELA;02-05 DELICIAS;EMBAJADORES, CALLE, DE;194;CargayDescarga;Línea;3;15;LABORABLES DE 8 A 14 H. Y DE 16,30  A 19 H. EXCEPTO CARGA Y DESCARGA EN LÍNEA ;-3.6938406600;40.3925627330
441811,1700000000;4471884,4900000000;08-04-2008;02  ARGANZUELA;02-05 DELICIAS;ESTRELLA NAOS, CALLE, DE LA;5;CargayDescarga;Línea;3;15;LAB. DE 8 A 14 H. Y DE 16,30 A 19 H. EXCEPTO CARGA Y DESCARGA;-3.6856595100;40.3955315130
440966,6500000000;4472473,4100000000;05-08-2003;02  ARGANZUELA;02-05 DELICIAS;FERROCARRIL, CALLE, DEL;17;CargayDescarga;Línea;3;17,13;LABORABLES DE 8 A 14 H. Y DE 16,30 A 19 H. EXCEPTO CARGA Y DESCARGA TIEMPO MAXIMO 1 HORA;-3.6956647280;40.4007777440
440805,5200000000;4472485,2300000000;05-08-2003;02  ARGANZUELA;02-05 DELICIAS;FERROCARRIL, CALLE, DEL;33;CargayDescarga;Línea;3;15;LABORABLES DE 8 A 14 H. Y DE 16,30 A 19 H. EXCEPTO CARGA Y DESCARGA TIEMPO MAXIMO 1 HORA;-3.6975645420;40.4008727980
441342,2700000000;4471654,9500000000;06-09-2004;02  ARGANZUELA;02-05 DELICIAS;GRANITO, CALLE, DEL;30;CargayDescarga;Línea;2;10;LAB. DE 8 A 14 H. Y DE 16,30 A 19 H. EXCEPTO CARGA Y DESCARGA;-3.6911631710;40.3934308780
441729,7200000000;4472266,4400000000;07-05-2008;02  ARGANZUELA;02-05 DELICIAS;JUAN DE MARIANA, CALLE, DE;1;CargayDescarga;Línea;2;10;LAB. DE 8 A 14 H. Y DE 16,30 A 19 H. EXCEPTO CARGA Y DESCARGA;-3.6866542220;40.3989666820
441184,1500000000;4471961,1200000000;31-07-2012;02  ARGANZUELA;02-05 DELICIAS;JUAN DE VERA, CALLE, DE;13;CargayDescarga;Línea;3;15;LABORABLES DE 8 A 15 H. EXCEPTO CARGA Y DESCARGA;-3.6930544470;40.3961775810
441211,4600000000;4472033,1400000000;22-01-1996;02  ARGANZUELA;02-05 DELICIAS;JUANA DOÑA, CALLE, DE;5;CargayDescarga;Línea;3;15,5;LABORABLES DE 9 A 14H. Y DE 16.30 A 20H.EXCEPTO CARGA Y DESCARGA;-3.6927392630;40.3968289760
441959,0500000000;4471753,3700000000;13-05-2021;02  ARGANZUELA;02-05 DELICIAS;NEBULOSAS, CALLE, DE LAS;2 B;CargayDescarga;Línea;1;7;LAB. DE LUNES A VIERNES DE 8 A 15 H. EXCEPTO CARGA Y DESCARGA;-3.6839052280;40.3943611900
441419,0800000000;4471614,4800000000;20-04-2007;02  ARGANZUELA;02-05 DELICIAS;PLOMO, CALLE, DEL;15;CargayDescarga;Línea;1;6;LAB. DE 8 A 14 H. Y DE 16,30 A 19 H. EXCEPTO CARGA Y DESCARGA;-3.6902544600;40.3930720920
441427,1500000000;4471885,7000000000;22-07-2003;02  ARGANZUELA;02-05 DELICIAS;TOMAS BRETON, CALLE, DE;60;CargayDescarga;Línea;4;18;EXCEPTO CARGA Y DESCARGA;-3.6901843300;40.3955155850
441101,2300000000;4472104,9900000000;17-02-2012;02  ARGANZUELA;02-05 DELICIAS;TOMAS BRETON, CALLE, DE;13;CargayDescarga;Línea;2;12,2;LABORABLES DE 8 A 15 H. EXCEPTO CARGA Y DESCARGA;-3.6940448620;40.3974685120
441015,0000000000;4472104,6300000000;19-06-2014;02  ARGANZUELA;02-05 DELICIAS;TOMAS BRETON, CALLE, DE;12;CargayDescarga;Línea;3;15;LABORABLES DE 8 A 14 HEXCEPTO CARGA Y DESCARGA;-3.6950607740;40.3974586570
441308,9400000000;4472063,3900000000;15-03-2010;02  ARGANZUELA;02-05 DELICIAS;TOMAS BRETON, CALLE, DE;52;CargayDescarga;Línea;2;10,36;LABORABLES DE 8 A 14 H.Y DE 16,30 A 19 H. EXCEPTOCARGA Y DESCARGA;-3.6915935200;40.3971077780
441481,9300000000;4472427,0900000000;12-03-2010;02  ARGANZUELA;02-05 DELICIAS;VARA DE REY, CALLE, DE;Fte 11;CargayDescarga;Línea;4;20;LAB. DE 8 A 14 H. Y DE 16,30 A 19 H. EXCEPTO CARGA Y DESCARGA;-3.6895886830;40.4003968420
440468,5500000000;4472946,9500000000;01-07-2010;02  ARGANZUELA;02-06 PALOS DE MOGUER;ALONSO DEL BARCO, CALLE, DE;2;CargayDescarga;Línea;3;16,15;LABORABLES DE 7 A 18 H. EXCEPTO CARGA Y DESCARGA;-3.7015783400;40.4050076050
441241,2200000000;4472705,3900000000;01-01-1900;02  ARGANZUELA;02-06 PALOS DE MOGUER;ANCORA, CALLE, DEL;10;CargayDescarga;Línea;3;13,4;lab. de 8 a 14 hy de 16.30 a 19 hexcepto:[CARGA YDESCARGA];-3.6924507220;40.4028863430
441194,1700000000;4472723,9700000000;02-07-2014;02  ARGANZUELA;02-06 PALOS DE MOGUER;ANCORA, CALLE, DEL;3;CargayDescarga;Línea;3;14,06;LABORABLES DE 8:00 A 17:00 HEXCEPTO CARGA Y DESCARGA;-3.6930068920;40.4030510690
440969,4500000000;4472906,8100000000;12-03-2003;02  ARGANZUELA;02-06 PALOS DE MOGUER;BATALLA DEL SALADO, CALLE, DE LA;1;CargayDescarga;Línea;3;15,1;lab. de 8 a 14 h y de 16.30 a 19 h excepto: [CARGA Y DESCARGA] ;-3.6956718900;40.4046823940
441338,7300000000;4472468,1700000000;16-05-2006;02  ARGANZUELA;02-06 PALOS DE MOGUER;BUSTAMANTE, CALLE, DE;17;CargayDescarga;Línea;3;15;LAB. DE 8 A 14 H. Y DE 16,30 A 19 H. EXCEPTO CARGA Y DESCARGA;-3.6912797680;40.4007564300
441268,1700000000;4472590,2500000000;01-01-1900;02  ARGANZUELA;02-06 PALOS DE MOGUER;CANARIAS, CALLE, DE LAS;31;CargayDescarga;Línea;3;11,96;Lab. de 9 a 20 hexcepto: CARGA Y DESCARGA;-3.6921225890;40.4018512950
441168,4500000000;4472598,3000000000;01-01-1900;02  ARGANZUELA;02-06 PALOS DE MOGUER;CANARIAS, CALLE, DE LAS;21;CargayDescarga;Línea;3;15,8;lab. de 8 a 14 hy de 16.30 a 19 hexcepto:[CARGA YDESCARGA];-3.6932983550;40.4019172430
441482,9200000000;4472573,1700000000;07-02-2005;02  ARGANZUELA;02-06 PALOS DE MOGUER;CANARIAS, CALLE, DE LAS;49;CargayDescarga;Línea;2;10;LAB. DE 8 A 14 H. Y DE 16,30 A 19 H. EXCEPTO CARGA Y DESCARGA;-3.6895904020;40.4017127540
441407,4600000000;4472579,0900000000;09-04-2007;02  ARGANZUELA;02-06 PALOS DE MOGUER;CANARIAS, CALLE, DE LAS;45;CargayDescarga;Línea;1;6,1;LAB. DE 8 A 14 H. Y DE 16,30 A 19 H. EXCEPTO CARGA Y DESCARGA;-3.6904800910;40.4017610540
441056,0400000000;4472847,2000000000;03-08-2011;02  ARGANZUELA;02-06 PALOS DE MOGUER;DELICIAS, CALLE, DE LAS;8;CargayDescarga;Línea;3;15;lab. de 8 a 14 h y de 16.30 a 19 h excepto: [CARGA Y DESCARGA] ;-3.6946459520;40.4041509190
441290,4600000000;4472829,2600000000;03-09-2018;02  ARGANZUELA;02-06 PALOS DE MOGUER;DELICIAS, CALLE, DE LAS;28;CargayDescarga;Línea;2;24;LAB. DE 8 A 19:00 H EXCEPTO CARGA Y DESCARGA ;-3.6918819460;40.4040065330
441160,3600000000;4473089,5100000000;15-12-2001;02  ARGANZUELA;02-06 PALOS DE MOGUER;DELICIAS, PASEO, DE LAS;10;CargayDescarga;Línea;6;30,1;lab. de 8 a 14 h.y de 16,30 a 19 h.excepto:[CARGA YDESCARGA];-3.6934390170;40.4063416230
441139,2800000000;4472869,1500000000;14-12-2001;02  ARGANZUELA;02-06 PALOS DE MOGUER;DELICIAS, PASEO, DE LAS;32;CargayDescarga;Línea;4;20;lab. de 8 a 14 hy de 16.30 a 19 hexcepto:[CARGA YDESCARGA];-3.6936671110;40.4043548910
441125,8600000000;4472517,2300000000;20-02-2012;02  ARGANZUELA;02-06 PALOS DE MOGUER;DELICIAS, PASEO, DE LAS;55;CargayDescarga;Línea;5;25;LABORABLES DE LUNES A VIERNES DE 8 A 14 H. Y DE 16:30 A 19 H. SÁBADOS DE 8 A 15 H. EXCEPTO CARGA Y DESCARGA;-3.6937927610;40.4011836270
441128,2800000000;4472755,0800000000;20-02-2012;02  ARGANZUELA;02-06 PALOS DE MOGUER;DELICIAS, PASEO, DE LAS;42;CargayDescarga;Línea;3;15,25;LABORABLES DE 8 A 15 H. EXCEPTO CARGA Y DESCARGA;-3.6937862290;40.4033263750
441184,0100000000;4473118,9200000000;20-02-2012;02  ARGANZUELA;02-06 PALOS DE MOGUER;DELICIAS, PASEO, DE LAS;5;CargayDescarga;Línea;4;19,4;LABORABLES DE 8 A 15 H. EXCEPTO CARGA Y DESCARGA;-3.6931630800;40.4066081050
441151,1400000000;4472779,7600000000;19-06-2012;02  ARGANZUELA;02-06 PALOS DE MOGUER;DELICIAS, PASEO, DE LAS;41;CargayDescarga;Línea;10;52,6;Lab. de 9 a 20 h. excepto: CARGA Y DESCARGA;-3.6935191160;40.4035500580
441161,3100000000;4472887,7800000000;08-03-2017;02  ARGANZUELA;02-06 PALOS DE MOGUER;DELICIAS, PASEO, DE LAS;23;CargayDescarga;Línea;11;56;LABORABLES  DE 08:00 A 17:00  EXCEPTO CARGA Y DESCARGA;-3.6934092230;40.4045243150
441052,2500000000;4472486,7300000000;05-08-2003;02  ARGANZUELA;02-06 PALOS DE MOGUER;FERROCARRIL, CALLE, DEL;6;CargayDescarga;Línea;3;19,6;LABORABLES DE 8 A 14 H. Y DE 16,30 A 19 H. EXCEPTO CARGA Y DESCARGA TIEMPO MAXIMO 1 HORA;-3.6946572390;40.4009037380
440803,2900000000;4472504,8500000000;15-12-2017;02  ARGANZUELA;02-06 PALOS DE MOGUER;FERROCARRIL, CALLE, DEL;36;CargayDescarga;Línea;2;13;LAB. DE 8:00 A 15:00 EXCEPTO CARGA Y DESCARGA;-3.6975925020;40.4010494980
440745,3600000000;4472838,5200000000;10-11-1997;02  ARGANZUELA;02-06 PALOS DE MOGUER;FRAY LUIS DE LEON, CALLE, DE;14A;CargayDescarga;Línea;2;11,9;Lab. de 9 a 14 h y de 16.30 a 20 hexcepto: CARGA Y DESCARGA;-3.6983062360;40.4040507650
440661,3200000000;4473022,7900000000;25-03-2021;02  ARGANZUELA;02-06 PALOS DE MOGUER;FRAY LUIS DE LEON, CALLE, DE;2;CargayDescarga;Línea;2;11,4;LABORABLES DE 9 A 13 H Y DE 16 A 19 H. EXCEPTO CARGA Y DESCARGA;-3.6993137820;40.4057052380
441370,3100000000;4472674,2600000000;20-05-2005;02  ARGANZUELA;02-06 PALOS DE MOGUER;GENERAL LACY, CALLE, DEL;28;CargayDescarga;Batería;6;15,1;LAB. DE 8 A 14 H. Y DE 16,30 A 19 H. EXCEPTO CARGA Y DESCARGA;-3.6909266540;40.4026158500
440890,1300000000;4472876,3400000000;29-11-2002;02  ARGANZUELA;02-06 PALOS DE MOGUER;JOSE ANTONIO DE ARMONA, CALLE, DE;9;CargayDescarga;Línea;4;20;lab. de 8 a 14 h y de 16.30 a 19 h excepto: [CARGA Y DESCARGA] ;-3.6966038060;40.4044018170
441092,6100000000;4472545,0000000000;21-02-2012;02  ARGANZUELA;02-06 PALOS DE MOGUER;LUCA DE TENA, PLAZA, DE;9;CargayDescarga;Línea;3;15,1;LABORABLES DE LUNES A VIERNES DE 8 A 14 H. Y DE 16:30 A 19 H. SÁBADOS DE 8 A 15 H. EXCEPTO CARGA Y DESCARGA;-3.6941870130;40.4014309160
440952,5100000000;4473088,6800000000;01-01-1900;02  ARGANZUELA;02-06 PALOS DE MOGUER;MARQUES DE LA VALDAVIA, CALLE, DEL;3;CargayDescarga;Línea;3;13,5;lab. de 8 a 14 h.y de 16,30 a 19 h.excepto:[CARGA YDESCARGA];-3.6958883540;40.4063191050
440922,8600000000;4472671,4100000000;19-11-2009;02  ARGANZUELA;02-06 PALOS DE MOGUER;MARTIN SOLER, CALLE, DE;9;CargayDescarga;Línea;3;15;lab. de 8 a 14 h y de 16.30 a 19 h excepto: [CARGA Y DESCARGA];-3.6961990120;40.4025580390
440871,9100000000;4472676,3100000000;28-06-2018;02  ARGANZUELA;02-06 PALOS DE MOGUER;MARTIN SOLER, CALLE, DE;3;CargayDescarga;Línea;7;40;LABORABLES DE 8 A 14 H Y DE 16.30 A 19 H EXCEPTO CARGA Y DESCARGA MAXIMO 20 MINUTOS ;-3.6967999300;40.4025985470
441266,8200000000;4473095,6400000000;12-06-1996;02  ARGANZUELA;02-06 PALOS DE MOGUER;MENDEZ ALVARO, CALLE, DE;14;CargayDescarga;Línea;3;18,2;lab. de 8 a 14 h.y de 16,30 a 19 h.excepto:[CARGA YDESCARGA];-3.6921850980;40.4064037310
441214,5400000000;4473158,5800000000;29-10-2007;02  ARGANZUELA;02-06 PALOS DE MOGUER;MENDEZ ALVARO, CALLE, DE;2;CargayDescarga;Línea;3;15;lab. de 8 a 14 h. y de 16,30 a 19 h. excepto: [CARGA Y DESCARGA];-3.6928069870;40.4069670060
441739,4400000000;4472496,5200000000;12-04-2012;02  ARGANZUELA;02-06 PALOS DE MOGUER;MENDEZ ALVARO, CALLE, DE;32 A;CargayDescarga;Línea;1;6;LAB. DE 8 A 14 H. Y DE 16,30 A 19 H. EXCEPTO CARGA Y DESCARGA;-3.6865607730;40.4010402160
440890,1600000000;4472751,6300000000;25-11-2019;02  ARGANZUELA;02-06 PALOS DE MOGUER;PALOS DE LA FRONTERA, CALLE, DE;15;CargayDescarga;Línea;1;7;LAB. DE 8 A 14.30 H EXCEPTO CARGA Y DESCARGA;-3.6965918890;40.4032780750
441116,8400000000;4472777,6200000000;21-02-2012;02  ARGANZUELA;02-06 PALOS DE MOGUER;PEDRO UNANUE, CALLE, DE;24;CargayDescarga;Línea;2;12,7;LABORABLES DE 8 A 15 H. EXCEPTO CARGA Y DESCARGA;-3.6939230510;40.4035289160
441270,1500000000;4472916,9000000000;14-11-1995;02  ARGANZUELA;02-06 PALOS DE MOGUER;RAFAEL DE RIEGO, CALLE, DE;14;CargayDescarga;Línea;3;14,1;LABORABLES DE 8 A 20 HEXCEPTO CARGA Y DESCARGA;-3.6921293500;40.4047943500
441259,0400000000;4472774,4700000000;01-01-1900;02  ARGANZUELA;02-06 PALOS DE MOGUER;RAFAEL DE RIEGO, CALLE, DE;26;CargayDescarga;Línea;2;11,8;Lab. de 9 a 20 hexcepto: CARGA Y DESCARGA;-3.6922471500;40.4035101800
441246,4400000000;4472624,7700000000;01-01-1900;02  ARGANZUELA;02-06 PALOS DE MOGUER;RAFAEL DE RIEGO, CALLE, DE;38;CargayDescarga;Línea;3;14,1;Lab. de 9 a 20 hexcepto: CARGA Y DESCARGA;-3.6923816800;40.4021605780
440927,8600000000;4472887,9400000000;17-07-2003;02  ARGANZUELA;02-06 PALOS DE MOGUER;SANTA MARIA DE LA CABEZA, PASEO, DE;34;CargayDescarga;Línea;3;15;lab. de 8 a 14 h y de 16.30 a 19 h excepto: [CARGA Y DESCARGA];-3.6961602220;40.4045090170
441004,8800000000;4472969,7100000000;01-07-2010;02  ARGANZUELA;02-06 PALOS DE MOGUER;SANTA MARIA DE LA CABEZA, PASEO, DE;25;CargayDescarga;Línea;4;19,9;lab. de 8 a 14 h y de 16.30 a 19 h excepto: [CARGA Y DESCARGA] ;-3.6952602200;40.4052511120
441096,4300000000;4473099,6900000000;01-07-2010;02  ARGANZUELA;02-06 PALOS DE MOGUER;SANTA MARIA DE LA CABEZA, PASEO, DE;9;CargayDescarga;Línea;4;19,6;lab. de 8 a 14 h.y de 16,30 a 19 h.excepto:[CARGA YDESCARGA];-3.6941934300;40.4064285400
440702,9300000000;4472573,4100000000;01-07-2010;02  ARGANZUELA;02-06 PALOS DE MOGUER;SANTA MARIA DE LA CABEZA, PASEO, DE;60;CargayDescarga;Línea;2;11;lab. de 8 a 14 h y de 16.30 a 19 h excepto: [CARGA Y DESCARGA];-3.6987815040;40.4016593540
440893,2600000000;4472816,9300000000;01-07-2010;02  ARGANZUELA;02-06 PALOS DE MOGUER;SANTA MARIA DE LA CABEZA, PASEO, DE;35;CargayDescarga;Línea;2;10,2;lab. de 8 a 14 h y de 16.30 a 19 h excepto: [CARGA Y DESCARGA] ;-3.6965613500;40.4038671900
440821,7500000000;4472715,8700000000;05-03-2012;02  ARGANZUELA;02-06 PALOS DE MOGUER;SANTA MARIA DE LA CABEZA, PASEO, DE;41;CargayDescarga;Línea;9;47,7;LABORABLES DE 8 A 14 H. Y DE 16:30 A 19 H., EXCEPTO CARGA Y DESCARGA. MÁXIMO 30 MINUTOS;-3.6973946600;40.4029516030
440502,4400000000;4472854,2900000000;27-01-2020;02  ARGANZUELA;02-06 PALOS DE MOGUER;SEBASTIAN ELCANO, CALLE, DE;3;CargayDescarga;Línea;2;15;LAB. DE 7 A 19 H. EXCEPTO CARGA Y DESCARGA;-3.7011702230;40.4041752120
440680,9600000000;4472839,4100000000;22-01-1996;02  ARGANZUELA;02-06 PALOS DE MOGUER;SEBASTIAN HERRERA, CALLE, DE;19;CargayDescarga;Línea;2;10,4;Lab. de 9 a 20 hexcepto: CARGA Y DESCARGA;-3.6990652900;40.4040542610
440916,1000000000;4472567,2900000000;12-07-2006;02  ARGANZUELA;02-06 PALOS DE MOGUER;TARRAGONA, CALLE, DE;Fte 20B;CargayDescarga;Línea;2;9,7;lab. de 8 a 14 h y de 16.30 a 19 h excepto: [CARGA Y DESCARGA];-3.6962689700;40.4016201070
440572,5800000000;4473004,6900000000;19-08-2009;02  ARGANZUELA;02-06 PALOS DE MOGUER;VALENCIA, RONDA, DE;3;CargayDescarga;Línea;2;12;lab. de 8 a 14 h. y de 16.30 a 19 h. excepto:  CARGA Y                 DESCARGA];-3.7003577680;40.4055351270
441829,7700000000;4472435,2400000000;21-03-2014;02  ARGANZUELA;02-07 ATOCHA;MENDEZ ALVARO, CALLE, DE;21;CargayDescarga;Línea;2;15;LABORABLES DE 8 A 17 HEXCEPTO CARGA Y DESCARGA;-3.6854906600;40.4004941300
442487,7900000000;4471910,6000000000;26-01-2006;02  ARGANZUELA;02-07 ATOCHA;OMBU, CALLE, DEL;16;CargayDescarga;Línea;1;5;;-3.6776896100;40.3958135800
442685,8200000000;4471762,5700000000;14-11-1997;02  ARGANZUELA;02-07 ATOCHA;RETAMA, CALLE, DE LA;3;CargayDescarga;Línea;3;15;LABORABLES DE 9 A 14 H Y DE 16.30 A 20 HEXCEPTO CARGA Y DESCARGA;-3.6753431190;40.3944942880
442812,9600000000;4473125,8300000000;25-06-1996;03  RETIRO;03-01 PACÍFICO;ABTAO, CALLE, DE;48;CargayDescarga;Línea;5;25;LAB. DE 8 A 14 H. Y DE 16,30 A 19 H. EXCEPTO CARGA Y DESCARGA;-3.6739673900;40.4067838310
442530,3800000000;4472691,0600000000;17-07-2000;03  RETIRO;03-01 PACÍFICO;ABTAO, CALLE, DE;2;CargayDescarga;Batería;6;15,4;LAB.DE 8 A 14 H. Y DE 16,30 A 19 H. EXCEPTO CARGA Y DESCARGA;-3.6772582870;40.4028478980
442617,6600000000;4472841,0200000000;25-05-2010;03  RETIRO;03-01 PACÍFICO;ABTAO, CALLE, DE;11;CargayDescarga;Línea;4;21;LAB.DE 8 A 14 H. Y DE 16,30 A 19 H. EXCEPTO CARGA Y DESCARGA;-3.6762432930;40.4042044900
441999,9100000000;4472926,4000000000;27-02-2003;03  RETIRO;03-01 PACÍFICO;ANTONIO NEBRIJA, CALLE, DE;2;CargayDescarga;Línea;4;13,22;LAB. DE 8 A 14 H. Y DE 16,30 A 19 H.EXCEPTO CARGA Y DESCARGA;-3.6835306860;40.4049311150
442668,8400000000;4472591,2400000000;07-08-2013;03  RETIRO;03-01 PACÍFICO;CARIDAD, CALLE, DE LA;3;CargayDescarga;Línea;3;18,6;Laborables de lunes a viernes, de 8 a 14h, y de 16.30 a 19.00h, excepto carga y descarga;-3.6756176800;40.4019577510
442892,7900000000;4472893,9100000000;02-06-2003;03  RETIRO;03-01 PACÍFICO;CAVANILLES, CALLE, DE;47;CargayDescarga;Línea;3;15;LAB.DE 8 A 14 H. Y DE 16,30 A 19 H. EXCEPTO CARGA Y DESCARGA ;-3.6730059090;40.4047002700
442747,5300000000;4472968,2800000000;18-09-2008;03  RETIRO;03-01 PACÍFICO;CAVANILLES, CALLE, DE;42;CargayDescarga;Línea;2;12;LAB.DE 8 A 14 H. Y DE 16,30 A 19 H. EXCEPTO CARGA Y DESCARGA ;-3.6747243240;40.4053596880
442680,0200000000;4473034,9200000000;10-08-2016;03  RETIRO;03-01 PACÍFICO;CAVANILLES, CALLE, DE;25;CargayDescarga;Línea;3;25;LAB. DE 8 A 14 H. Y DE 16,30 A 19 H. EXCEPTO CARGA Y DESCARGA;-3.6755259490;40.4059553920
442797,7100000000;4472956,2200000000;02-12-2016;03  RETIRO;03-01 PACÍFICO;CAVANILLES, CALLE, DE;37;CargayDescarga;Línea;3;14,28;LAB.DE 8 A 14 H. Y DE 16,30 A 19 H. EXCEPTO CARGA Y DESCARGA;-3.6741320000;40.4052548940
442205,1900000000;4472796,2000000000;18-05-2004;03  RETIRO;03-01 PACÍFICO;COMERCIO, CALLE, DEL;1;CargayDescarga;Línea;3;15;LAB.DE 8 A 14 H. Y DE 16,30 A 19 H. EXCEPTO CARGA Y DESCARGA;-3.6810997970;40.4037723080
443015,9400000000;4472938,4600000000;25-10-1996;03  RETIRO;03-01 PACÍFICO;DOCTOR ESQUERDO, CALLE, DEL;140;CargayDescarga;Línea;7;34;LAB.DE 8 A 14 H. Y DE 16,30 A19 H. EXCEPTO CARGA Y DESCARGA;-3.6715586750;40.4051093620
442914,0700000000;4472791,8300000000;14-02-2019;03  RETIRO;03-01 PACÍFICO;DOCTOR ESQUERDO, CALLE, DEL;150;CargayDescarga;Línea;2;10;LAB. DE 8 A 14:30 H EXCEPTO CARGA Y DESCARGA;-3.6727459010;40.4037821630
442217,0500000000;4473089,7500000000;30-09-2015;03  RETIRO;03-01 PACÍFICO;FUENTERRABIA, CALLE, DE;6;CargayDescarga;Línea;4;25;LAB. DE 8 A 17 H EXCEPTO CARGA Y DESCARGA;-3.6809866960;40.4064172530
442695,2800000000;4472698,5300000000;25-03-2004;03  RETIRO;03-01 PACÍFICO;GRANADA, CALLE, DE;46;CargayDescarga;Línea;3;15;LAB.DE 8 A 14 H. Y DE 16,30 A19 H. EXCEPTO CARGA Y DESCARGA;-3.6753158460;40.4029262210
442662,1900000000;4472719,8200000000;23-10-2000;03  RETIRO;03-01 PACÍFICO;GRANADA, CALLE, DE;44;CargayDescarga;Línea;2;11,6;LAB.DE 8 A 14 H. Y DE 16,30 A19 H. EXCEPTO CARGA Y DESCARGA;-3.6757075770;40.4031155840
442417,6800000000;4472884,7800000000;23-05-2000;03  RETIRO;03-01 PACÍFICO;GRANADA, CALLE, DE;19;CargayDescarga;Línea;3;15,8;LAB. DE 8 A 14 H. EXCEPTO CARGA Y DESCARGA EN LINEA ;-3.6786038210;40.4045851630
442216,0600000000;4473038,9300000000;26-03-2004;03  RETIRO;03-01 PACÍFICO;GUTENBERG, CALLE, DE;9;CargayDescarga;Línea;3;15;LAB.DE 8 A 14 H. Y DE16,30 A 19 H. EXCEPTOCARGA Y DESCARGA;-3.6809938000;40.4059595740
442163,8900000000;4472915,3700000000;01-01-1900;03  RETIRO;03-01 PACÍFICO;GUTENBERG, CALLE, DE;2;CargayDescarga;Batería;5;13,46;LAB.DE 8 A 14 H. Y DE 16,30 A19 H. EXCEPTO CARGA Y DESCARGA;-3.6815973540;40.4048428800
442562,7700000000;4472512,6100000000;23-10-2002;03  RETIRO;03-01 PACÍFICO;HOYUELO, CALLE, DE;1;CargayDescarga;Línea;2;7,58;LAB.DE 8 A 14 H. Y DE 16,30 A 19 H. EXCEPTO CARGA Y DESCARGA;-3.6768604830;40.4012421840
442445,6000000000;4473134,6800000000;01-01-1900;03  RETIRO;03-01 PACÍFICO;JOSE SANCHEZ PESCADOR, CALLE, DE;1;CargayDescarga;Línea;3;15;LAB.DE 8 A 14 H. Y DE16,30 A 19 H. EXCEPTOCARGA Y DESCARGA;-3.6782973460;40.4068377470
442478,4500000000;4472821,1000000000;11-09-2001;03  RETIRO;03-01 PACÍFICO;JUAN DE URBIETA, CALLE, DE;12;CargayDescarga;Línea;3;14,7;LAB.DE 8 A 14 H. Y DE 16,30 A19 H. EXCEPTO CARGA Y DESCARGA;-3.6778820090;40.4040154140
442546,3800000000;4472926,4400000000;11-12-1997;03  RETIRO;03-01 PACÍFICO;JUAN DE URBIETA, CALLE, DE;22;CargayDescarga;Línea;3;14,8;LAB.DE 8 A 14 H. Y DE 16,30 A19 H. EXCEPTO CARGA Y DESCARGA;-3.6770909260;40.4049688160
442375,7800000000;4472690,0500000000;04-01-2018;03  RETIRO;03-01 PACÍFICO;LEON GIL DE PALACIO, CALLE, DE;2;CargayDescarga;;3;15;'Días laborables de lunes a viernes de 8 a 20h y sábados de 8 a 15h. Excepto carga y descarga en línea';-3.6790800070;40.4028281310
442617,0800000000;4473171,2300000000;05-02-2003;03  RETIRO;03-01 PACÍFICO;MEDITERRANEO, AVENIDA, DEL;14;CargayDescarga;Línea;3;14;LAB.DE 8 A 14 H. Y DE 16,30 A 19 H. EXCEPTO CARGA Y DESCARGA;-3.6762799050;40.4071790580
442296,8600000000;4472978,0100000000;03-10-2002;03  RETIRO;03-01 PACÍFICO;MENENDEZ PELAYO, AVENIDA, DE;113;CargayDescarga;Línea;3;14,65;LAB.DE 8 A 14 H. Y DE 16,30 A 19 H. EXCEPTO CARGA Y DESCARGA;-3.6800359870;40.4054163530
442340,0700000000;4472824,7200000000;21-03-2003;03  RETIRO;03-01 PACÍFICO;NARCISO SERRA, CALLE, DE;Fte 1;CargayDescarga;Batería;6;6,1;LAB.DE 8 A 14 H. Y DE 16,30 A 19 H. EXCEPTO CARGA Y DESCARGA;-3.6795129340;40.4040385610
442688,9700000000;4472731,9000000000;23-10-2000;03  RETIRO;03-01 PACÍFICO;SANCHEZ BARCAIZTEGUI, CALLE, DE;7;CargayDescarga;Línea;2;11,9;LAB.DE 8 A 14 H. Y DE 16,30 A 19 H. EXCEPTO CARGA Y DESCARGA;-3.6753931950;40.4032268520
442910,6400000000;4473071,6400000000;09-11-2018;03  RETIRO;03-01 PACÍFICO;SANCHEZ BARCAIZTEGUI, CALLE, DE;41;CargayDescarga;Línea;2;12;LAB. 08:00 A 14:00 H  Y DE 16.30 A 19:00  H EXCEPTO CARGA Y DESCARGA EN LÍNEA;-3.6728115050;40.4063018590
442235,3300000000;4472692,0400000000;28-07-1997;03  RETIRO;03-01 PACÍFICO;TELLEZ, CALLE, DE;18;CargayDescarga;Línea;3;14,2;LAB.DE 8 A 14 H. Y DE 16,30 A19 H. EXCEPTO CARGA Y DESCARGA;-3.6807351100;40.4028360950
442413,3200000000;4472599,4200000000;30-10-2008;03  RETIRO;03-01 PACÍFICO;TELLEZ, CALLE, DE;27;CargayDescarga;Batería;4;20,69;LAB.DE 8 A 14 H Y DE 16,30 A 19 H EXCEPTO CARGA Y DESCARGA;-3.6786293180;40.4020144730
442217,4500000000;4472642,0000000000;13-08-1997;03  RETIRO;03-01 PACÍFICO;TELLEZ, TRAVESIA, DE;6;CargayDescarga;Batería;3;7,9;LABORABLES DE 9 A 14 H YDE 16,30 A 20H. EXCEPTO CARGA Y DESCARGA LIMITACIÓN DE LONGUITUDDE VEHÍCULOS DE 5,50 MTS;-3.6809412600;40.4023841460
442353,6500000000;4473054,1400000000;09-02-2005;03  RETIRO;03-01 PACÍFICO;VALDERRIBAS, CALLE, DE;4;CargayDescarga;Batería;6;15;LAB.DE 8 A 14 H. Y DE 16,30 A 19 H. EXCEPTO CARGA Y DESCARGA;-3.6793737050;40.4061060800
442458,4800000000;4472995,6000000000;19-02-2003;03  RETIRO;03-01 PACÍFICO;VALDERRIBAS, CALLE, DE;12;CargayDescarga;Batería;6;15;LAB.DE 8 A 14 H. Y DE 16,30 A 19 H. EXCEPTO CARGA Y DESCARGA;-3.6781329650;40.4055858340
442573,1900000000;4472939,4900000000;01-01-1900;03  RETIRO;03-01 PACÍFICO;VALDERRIBAS, CALLE, DE;31;CargayDescarga;Línea;3;15;LAB.DE 8 A 14 H. Y DE 16,30 A19 H. EXCEPTO CARGA Y DESCARGA;-3.6767761430;40.4050886210
442687,6900000000;4472854,2500000000;09-01-2004;03  RETIRO;03-01 PACÍFICO;VALDERRIBAS, CALLE, DE;30;CargayDescarga;Batería;27;67;LAB.DE 8 A 14 H. Y DE 16,30 A 19 H. EXCEPTO CARGA Y DESCARGA;-3.6754192650;40.4043285930
442536,6100000000;4472960,0700000000;17-04-2015;03  RETIRO;03-01 PACÍFICO;VALDERRIBAS, CALLE, DE;29;CargayDescarga;Línea;2;15;LABORABLES DE 8 A 14H Y DE 16.30 A 19 H. EXCEPTO CARGA Y DESCARGA EN LÍNEA ;-3.6772091850;40.4052711660
442560,3100000000;4472662,9000000000;15-11-1995;03  RETIRO;03-01 PACÍFICO;VIGO, CALLE, DE;1;CargayDescarga;Línea;2;9,9;LABORABLES DE 9 A 14 H. Y DE 16,30 A 20 H.EXCEPTO CARGA Y DESCARGA;-3.6769030540;40.4025958540
442891,4900000000;4472575,0000000000;10-02-2021;03  RETIRO;03-02 ADELFAS;ANDALUCIA, CALLE, DE;11;CargayDescarga;Línea;2;12;LUNES A VIERNES DE 8:30 A 15:00 EXCEPTO CARGA Y DESCARGA;-3.6729925590;40.4018274030
443230,3800000000;4472362,1800000000;03-08-2007;03  RETIRO;03-02 ADELFAS;ARREGUI Y ARUEJ, CALLE, DE;13;CargayDescarga;Línea;2;10,3;LAB.DE 8 A 14 H. Y DE 16,30 A19 H. EXCEPTO CARGA Y DESCARGA;-3.6689802500;40.3999326310
442927,5500000000;4472407,8200000000;29-11-2004;03  RETIRO;03-02 ADELFAS;CATALINA SUAREZ, CALLE, DE;2;CargayDescarga;Línea;3;14;LAB.DE 8 A 14 H. Y DE 16,30 A19 H. EXCEPTO CARGA Y DESCARGA;-3.6725526420;40.4003231590
443031,8100000000;4472569,2900000000;10-11-2014;03  RETIRO;03-02 ADELFAS;CATALINA SUAREZ, CALLE, DE;26;CargayDescarga;Línea;2;12;LABORABLES DE 8:00 A 19:00 H. EXCEPTO CARGA Y DESCARGA.;-3.6713385450;40.4017855200
443124,5000000000;4472195,1700000000;19-01-2011;03  RETIRO;03-02 ADELFAS;CERRO NEGRO, CALLE, DEL;2;CargayDescarga;Línea;3;15;LABORABLES DE 8 A14 H  Y DE 16.30 A 19 H,  EXCEOTO CARGA Y DESCARGA EN LÍNEA';-3.6702129690;40.3984207680
443037,2700000000;4472916,4100000000;03-10-2005;03  RETIRO;03-02 ADELFAS;DOCTOR ESQUERDO, CALLE, DEL;183;CargayDescarga;Línea;4;20;DIAS LABORABLES DE 8 A 14 H.EXCEPTO CARGA Y DESCARGA;-3.6713052560;40.4049127810
442806,8100000000;4472586,7000000000;24-10-2019;03  RETIRO;03-02 ADELFAS;DOCTOR ESQUERDO, CALLE, DEL;213;CargayDescarga;Línea;3;13;DE LUNES A SÁBADOS DE 8 A  14:30 H EXCEPTO CARGA Y DESCARGA;-3.6739914540;40.4019269830
442970,5600000000;4472218,6900000000;15-03-2002;03  RETIRO;03-02 ADELFAS;GANDIA, CALLE, DE;1;CargayDescarga;Línea;2;10,05;LAB. DE 8 A 14 H. Y DE 16,30 A 19 H.EXCEPTO CARGA Y DESCARGAEN LINEA;-3.6720289020;40.3986221620
443029,5500000000;4472160,0500000000;15-03-2002;03  RETIRO;03-02 ADELFAS;GANDIA, CALLE, DE;6;CargayDescarga;Batería;7;17,4;LAB.DE 8 A 14 H. Y DE 16,30 AA 19 H. EXCEPTO CARGA Y DESCARGA;-3.6713285750;40.3980979060
443043,3300000000;4472342,0400000000;01-01-1900;03  RETIRO;03-02 ADELFAS;LUIS MITJANS, CALLE, DE;Fte 1;CargayDescarga;Línea;3;13,2;LAB.DE 8 A 14 H. Y DE 16,30 A19 H. EXCEPTO CARGA Y DESCARGA;-3.6711824710;40.3997390290
443122,4900000000;4472821,8600000000;19-11-1998;03  RETIRO;03-02 ADELFAS;PAJARITOS, CALLE, DE LOS;20;CargayDescarga;Línea;3;17,4;LAB.DE 8 A 14 H. Y DE 16,30 A19 H. EXCEPTO CARGA Y DESCARGA;-3.6702925530;40.4040670370
443012,2100000000;4472665,7400000000;31-03-2021;03  RETIRO;03-02 ADELFAS;PAJARITOS, CALLE, DE LOS;6;CargayDescarga;Línea;1;7;EXCEPTO CARGA Y DESCARGA SIN HORARIO;-3.6715781560;40.4026529200
442930,8600000000;4472210,1400000000;12-06-2003;03  RETIRO;03-02 ADELFAS;SECO, CALLE, DE;12;CargayDescarga;Línea;3;15;LAB.DE 8 A 14 H. YDE 16,30 A19 H. EXCEPTOCARGA Y DESCARGA;-3.6724959190;40.3985430370
442964,6700000000;4472236,2700000000;10-03-2005;03  RETIRO;03-02 ADELFAS;SECO, CALLE, DE;3;CargayDescarga;Línea;3;14,81;LAB.DE 8 A 14 H. Y DE 16,30 AA 19 H. EXCEPTO CARGA Y DESCARGA;-3.6720999480;40.3987808140
442984,2300000000;4472287,1500000000;30-03-2017;03  RETIRO;03-02 ADELFAS;SECO, CALLE, DE;2;CargayDescarga;Línea;2;15;LABORABLES DE 8:00 A 17:00 H EXCEPTO CARGA Y DESCARGA LUNES LABORABLES DE 14:00 A 15:30 H EXCEPTO SERVICIO PUNTO LIMPIO;-3.6718740310;40.3992399250
443433,0200000000;4474319,3000000000;07-06-2005;03  RETIRO;03-03 ESTRELLA;ALCALDE SAINZ DE BARANDA, CALLE, DEL;80;CargayDescarga;Línea;3;15;LAB. DE 8 A 14 H Y 16,30 A 19 CARGA Y DESCARGA;-3.6667663420;40.4175778410
443315,8400000000;4473609,4000000000;01-01-1900;03  RETIRO;03-03 ESTRELLA;ASTROS, CALLE, DE LOS;S/N;CargayDescarga;Línea;3;13,31;LAB. DE 8 A 14 H. Y DE 16,30 A 19 H. EXCEPTO CARGA Y DESCARGA;-3.6680842590;40.4111742350
443246,3800000000;4474499,2500000000;23-02-2004;03  RETIRO;03-03 ESTRELLA;DOCTOR ESQUERDO, CALLE, DEL;69;CargayDescarga;Línea;3;15;LAB. DE 8 A 14 H. Y DE 16,30 A 19 H. EXCEPTO CARGA Y DESCARGA;-3.6689823130;40.4191856750
443154,7300000000;4473222,5500000000;22-06-2004;03  RETIRO;03-03 ESTRELLA;DOCTOR ESQUERDO, CALLE, DEL;167;CargayDescarga;Línea;3;20,3;LAB. DE 8 A 14 H. Y DE 16,30 A 19 H. EXCEPTO CARGA Y DESCARGA;-3.6699484350;40.4076783330
443164,0400000000;4473351,8000000000;08-07-2019;03  RETIRO;03-03 ESTRELLA;DOCTOR ESQUERDO, CALLE, DEL;159;CargayDescarga;Línea;1;7;LABORABLES DE LUNES A SÁBADO DE 08:00 A 14:30 H  EXCEPTO CARGA Y DESCARGA;-3.6698502870;40.4088439010
443187,7400000000;4473447,3200000000;06-02-2003;03  RETIRO;03-03 ESTRELLA;ESTRELLA POLAR, CALLE, DE LA;0;CargayDescarga;Línea;4;19,2;LAB. DE 8 A 14 H. Y DE 16,30 A 19 H. EXCEPTO CARGA Y DESCARGA;-3.6695794500;40.4097056300
443236,3500000000;4473443,9200000000;28-04-2004;03  RETIRO;03-03 ESTRELLA;ESTRELLA POLAR, CALLE, DE LA;S/N;CargayDescarga;Línea;2;11,36;LAB. DE 8 A 14 H. Y DE 16,30 A19 H. EXCEPTO CARGA Y DESCARGA;-3.6690063200;40.4096782420
443389,6800000000;4473553,7400000000;23-12-2015;03  RETIRO;03-03 ESTRELLA;ESTRELLA POLAR, CALLE, DE LA;5;CargayDescarga;Línea;3;9;DE LUNES A VIERNES DE 8:00 A 17:00 H SÁBADOS DE 9:00 A 14:00 H EXCEPTO CARGA Y DESCARGA EN LÍNEA;-3.6672091230;40.4106775380
443668,4100000000;4474392,4700000000;01-04-2017;03  RETIRO;03-03 ESTRELLA;MARQUES DE LOZOYA, CALLE, DEL;44;CargayDescarga;Línea;1;10,9;LABORABLES DE LUNES A VIERNES DE 8 A 19 H. Y SÁBADOS DE 8 A 14 H. EXCEPTO CARGA Y DESCARGA EN LÍNEA.;-3.6639984970;40.4182530710
443293,0700000000;4473172,8400000000;28-11-2016;03  RETIRO;03-03 ESTRELLA;PERSEO, CALLE, DE;4;CargayDescarga;Línea;2;12;LAB. DE 8 A 17 H EXCEPTO CARGA Y DESCARGA;-3.6683137290;40.4072400780
442594,3900000000;4474270,5500000000;11-12-2008;03  RETIRO;03-04 IBIZA;ALCALDE SAINZ DE BARANDA, CALLE, DEL;11;CargayDescarga;Línea;3;15;LAB.DE 8 A 14 H. Y DE 16,30 A 19 H. EXCEPTO CARGA Y DESCARGA;-3.6766464830;40.4170810290
443036,8400000000;4474332,9800000000;01-01-1900;03  RETIRO;03-04 IBIZA;ANTONIO ARIAS, CALLE, DE;3;CargayDescarga;Línea;2;11;LAB. DE 8 A 14 H. Y DE 16,30A 19 H. EXCEPTO CARGA Y DESCARGA;-3.6714371510;40.4176736970
443022,4200000000;4474248,6700000000;26-09-2000;03  RETIRO;03-04 IBIZA;ANTONIO ARIAS, CALLE, DE;14;CargayDescarga;Línea;3;14,6;LAB. DE 8 A 14 H. Y DE 16,30 A 19 H. EXCEPTO CARGA Y DESCARGA;-3.6715995840;40.4169136110
442582,3900000000;4474116,6500000000;17-04-2008;03  RETIRO;03-04 IBIZA;DOCE DE OCTUBRE, CALLE, DEL;7;CargayDescarga;Línea;3;15;LAB.DE 8 A 14 H. Y DE 16,30 A 19 H. EXCEPTO CARGA Y DESCARGA;-3.6767740230;40.4156936690
442671,8300000000;4474637,2000000000;11-12-2008;03  RETIRO;03-04 IBIZA;DOCTOR CASTELO, CALLE, DEL;27;CargayDescarga;Línea;3;15;LAB. DE 8 A 14 H. Y DE 16,30A 19 H. EXCEPTO CARGA Y DESCARGA;-3.6757668210;40.4203895160
442532,1900000000;4474647,3400000000;28-11-2001;03  RETIRO;03-04 IBIZA;DOCTOR CASTELO, CALLE, DEL;17;CargayDescarga;Línea;3;12,35;LAB. DE 8 A 14 H. Y DE 16,30 A 19 H. EXCEPTO CARGA Y DESCARGA;-3.6774136160;40.4204705900
442374,6600000000;4474658,9500000000;17-11-2000;03  RETIRO;03-04 IBIZA;DOCTOR CASTELO, CALLE, DEL;1;CargayDescarga;Línea;2;12;LAB. DE 8 A 14 H. Y DE 16,30 A 19 H. EXCEPTO CARGA Y DESCARGA;-3.6792714890;40.4205643260
442796,4100000000;4474627,9900000000;14-03-2003;03  RETIRO;03-04 IBIZA;DOCTOR CASTELO, CALLE, DEL;39;CargayDescarga;Línea;2;8;LAB. DE 8 A 14 H. Y DE 16,30 A19 H. EXCEPTO CARGA Y DESCARGA;-3.6742974710;40.4203149750
442758,3900000000;4474630,7600000000;28-06-1999;03  RETIRO;03-04 IBIZA;DOCTOR CASTELO, CALLE, DEL;35;CargayDescarga;Línea;3;17,6;LAB. DE 8 A 14 H. Y DE 16,30 A19 H. EXCEPTO CARGA Y DESCARGA;-3.6747459250;40.4203370910
442496,3900000000;4474649,7000000000;28-11-2001;03  RETIRO;03-04 IBIZA;DOCTOR CASTELO, CALLE, DEL;15;CargayDescarga;Línea;2;12,4;LAB. DE 8 A 14 H. Y DE 16,30 A 19 H. EXCEPTO CARGA Y DESCARGA;-3.6778358860;40.4204899560
443203,5800000000;4474325,9300000000;27-08-2001;03  RETIRO;03-04 IBIZA;DOCTOR ESQUERDO, CALLE, DEL;48;CargayDescarga;Línea;7;35,3;LAB. DE 8 A 14 H. Y DE 16,30 A 19 H. EXCEPTO CARGA Y DESCARGA;-3.6694712750;40.4176211560
442792,0300000000;4474727,9200000000;18-01-1999;03  RETIRO;03-04 IBIZA;FERNAN GONZALEZ, CALLE, DE;35;CargayDescarga;Línea;3;15,5;LAB. DE 8 A 14 H. Y DE 16,30 A19 H. EXCEPTO CARGA Y DESCARGA;-3.6743582040;40.4212146330
442538,8300000000;4474396,4400000000;08-04-2016;03  RETIRO;03-04 IBIZA;IBIZA, CALLE, DE;10;CargayDescarga;Línea;7;40,45;LAB. DE 8 A 15 H. EXCEPTO CARGA Y DESCARGA;-3.6773127180;40.4182114170
442667,8900000000;4474386,1200000000;08-04-2016;03  RETIRO;03-04 IBIZA;IBIZA, CALLE, DE;22;CargayDescarga;Línea;3;15;LAB. DE 8 A 15 H. EXCEPTO CARGA Y DESCARGA;-3.6757905990;40.4181271930
442711,3900000000;4474383,6600000000;08-04-2016;03  RETIRO;03-04 IBIZA;IBIZA, CALLE, DE;28;CargayDescarga;Línea;2;10,87;LAB. DE 8 A 15 H. EXCEPTO CARGA Y DESCARGA;-3.6752775720;40.4181082850
443052,8100000000;4474359,3500000000;08-04-2016;03  RETIRO;03-04 IBIZA;IBIZA, CALLE, DE;60;CargayDescarga;Línea;2;12;LAB. DE 8 A 15 H. EXCEPTO CARGA Y DESCARGA;-3.6712513410;40.4179119900
442539,7700000000;4474421,7500000000;14-09-2017;03  RETIRO;03-04 IBIZA;IBIZA, CALLE, DE;11;CargayDescarga;Línea;3;19;LAB. DE 8 A 15 H. EXCEPTO CARGA Y DESCARGA;-3.6773038380;40.4184392830
442503,6300000000;4474562,4800000000;10-03-2005;03  RETIRO;03-04 IBIZA;LOPE DE RUEDA, CALLE, DE;44;CargayDescarga;Línea;3;16;LAB. DE 8 A 14 H. Y DE 16,30A 19 H. EXCEPTO CARGA Y DESCARGA;-3.6777426090;40.4197041440
442508,7600000000;4474625,4200000000;13-07-2004;03  RETIRO;03-04 IBIZA;LOPE DE RUEDA, CALLE, DE;36;CargayDescarga;Línea;3;15;LAB. DE 8 A 14 H. Y DE 16,30 A 19 H. EXCEPTO CARGA Y DESCARGA;-3.6776878340;40.4202714300
442496,1500000000;4474371,0600000000;06-09-2011;03  RETIRO;03-04 IBIZA;LOPE DE RUEDA, CALLE, DE;53;CargayDescarga;Línea;3;14;LAB. DE 7 A 20 H EXCEPTO CARGA Y DESCARGA EN LINEA;-3.6778134260;40.4179792550
442894,1100000000;4474620,8600000000;04-10-2000;03  RETIRO;03-04 IBIZA;MAIQUEZ, CALLE, DE;24;CargayDescarga;Línea;2;11,6;LAB. DE 8 A 14 H. Y DE 16,30 A19 H. EXCEPTO CARGA Y DESCARGA;-3.6731453670;40.4202572780
442881,9600000000;4474259,9700000000;17-09-2004;03  RETIRO;03-04 IBIZA;MAIQUEZ, CALLE, DE;60;CargayDescarga;Línea;3;15;LAB. DE 8 A 14 H. Y DE 16,30 A 19 H. EXCEPTO CARGA Y DESCARGA;-3.6732561200;40.4170055700
442893,7800000000;4474413,4100000000;21-08-2015;03  RETIRO;03-04 IBIZA;MAIQUEZ, CALLE, DE;40;CargayDescarga;Línea;3;18;LABORABLES DE 09:00 A 19:00 H SÁBADOS DE 09:00 A 15:00 H EXCEPTO CARGA Y DESCARGA;-3.6731304700;40.4183882890
442663,1700000000;4474525,6600000000;11-12-2008;03  RETIRO;03-04 IBIZA;MENORCA, CALLE, DE;26;CargayDescarga;Línea;3;15,96;LAB. DE 8 A 14 H. Y DE 16,30A 19 H. EXCEPTO CARGA Y DESCARGA;-3.6758588380;40.4193834030
442794,2400000000;4474525,3800000000;10-06-2003;03  RETIRO;03-04 IBIZA;MENORCA, CALLE, DE;39;CargayDescarga;Batería;6;16;LAB. DE 8 A 14 H. Y DE 16,30 A 19 H. EXCEPTO CARGA Y DESCARGA ;-3.6743138570;40.4193900490
442754,8200000000;4474519,1700000000;14-03-2003;03  RETIRO;03-04 IBIZA;MENORCA, CALLE, DE;34;CargayDescarga;Línea;3;15;LAB. DE 8 A 14 H. Y DE 16,30 A19 H. EXCEPTO CARGA Y DESCARGA;-3.6747778960;40.4193314350
442882,6000000000;4474510,2700000000;10-10-2000;03  RETIRO;03-04 IBIZA;MENORCA, CALLE, DE;44;CargayDescarga;Línea;4;20,3;LAB. DE 8 A 14 H. Y DE 16,30 A 19 H. EXCEPTO CARGA Y DESCARGA ;-3.6732710740;40.4192601020
442404,5400000000;4474552,0400000000;20-02-2015;03  RETIRO;03-04 IBIZA;MENORCA, CALLE, DE;1;CargayDescarga;Batería;2;15,97;LAB. DE 8 A 17 HEXCEPTO CARGA Y DESCARGA;-3.6789095520;40.4196038770
442632,3500000000;4474568,3200000000;29-11-2010;03  RETIRO;03-04 IBIZA;NARVAEZ, CALLE, DE;48;CargayDescarga;Línea;5;25;LAB. DE 8 A 14 H. Y DE 16,30A 19 H. EXCEPTO CARGA Y DESCARGA;-3.6762258750;40.4197659090
442618,7000000000;4474366,3000000000;11-12-2008;03  RETIRO;03-04 IBIZA;NARVAEZ, CALLE, DE;66;CargayDescarga;Línea;4;20;LAB.DE 8 A 14 H. Y DE 16,30A 19 H. EXCEPTO CARGA Y DESCARGA;-3.6763685980;40.4179451070
442614,1000000000;4474289,2900000000;11-12-2008;03  RETIRO;03-04 IBIZA;NARVAEZ, CALLE, DE;74;CargayDescarga;Línea;3;14,86;LAB.DE 8 A 14 H. Y DE 16,30A 19 H. EXCEPTO CARGA Y DESCARGA;-3.6764158100;40.4172513690
442620,8100000000;4474147,2000000000;11-12-2008;03  RETIRO;03-04 IBIZA;NARVAEZ, CALLE, DE;71;CargayDescarga;Línea;3;17,2;LAB.DE 8 A 14 H. Y DE 16,30 A 19 H. EXCEPTO CARGA Y DESCARGA;-3.6763239650;40.4159718400
442604,8300000000;4474147,8100000000;11-12-2008;03  RETIRO;03-04 IBIZA;NARVAEZ, CALLE, DE;86;CargayDescarga;Línea;3;15;LAB.DE 8 A 14 H. Y DE 16,30 A 19 H. EXCEPTO CARGA Y DESCARGA;-3.6765123540;40.4159763660
442766,4100000000;4474748,9900000000;07-10-2013;03  RETIRO;03-04 IBIZA;O'DONNELL, CALLE, DE;34;CargayDescarga;Línea;2;15;LAB. DE 8 A 14 H. Y DE 16,30 A 21 H. EXCEPTO CARGA Y DESCARGA;-3.6746620440;40.4214032510
442374,3300000000;4474777,3700000000;09-11-2018;03  RETIRO;03-04 IBIZA;O'DONNELL, CALLE, DE;6;CargayDescarga;Línea;3;15;LAB. DE 8 A 14 H. Y DE 16,30 A 19 H.  EXCEPTO CARGA Y DESCARGA;-3.6792861000;40.4216315170
442577,7400000000;4474763,2100000000;09-11-2018;03  RETIRO;03-04 IBIZA;O'DONNELL, CALLE, DE;20;CargayDescarga;Línea;2;12,2;LAB. DE LUNES A SÁBADOS DE 08:00 A 17:00 H EXCEPTO CARGA Y DESCARGA;-3.6768871250;40.4215175560
441477,3700000000;4474015,3800000000;01-01-1900;03  RETIRO;03-05 JERÓNIMOS;ACADEMIA, CALLE, DE LA;6;CargayDescarga;Batería;6;14,2;LAB. DE 8 A 14 H. Y DE 16,30 A 19 H. EXCEPTO CARGA Y DESCARGA;-3.6897884160;40.4147044000
442118,2000000000;4473180,5600000000;10-07-2006;03  RETIRO;03-05 JERÓNIMOS;ANDRES TORREJON, CALLE, DE;13;CargayDescarga;Línea;3;15;LAB.DE 8 A 14 H. Y DE 16,30 A 19 H. EXCEPTO CARGA Y DESCARGA;-3.6821597690;40.4072289050
441302,1000000000;4474222,2200000000;07-03-2012;03  RETIRO;03-05 JERÓNIMOS;ANTONIO MAURA, CALLE, DE;1;CargayDescarga;Línea;2;13,66;lab de lunes a viernes de 8 a 14 h y de 16.30 a a19h excepto carga y descarga ;-3.6918732380;40.4165554550
441506,8500000000;4473927,7400000000;10-04-2017;03  RETIRO;03-05 JERÓNIMOS;CASADO DEL ALISAL, CALLE, DE;16;CargayDescarga;Línea;4;11;LABORABLES DE LUNES A VIERNES DE 8 A 16H Y SÁBADOS DE 8 A 14 H. EXCEPTO CARGA Y DESCARGA. EN LÍNEA;-3.6894329530;40.4139172130
442345,2100000000;4473290,4800000000;16-02-2018;03  RETIRO;03-05 JERÓNIMOS;GUTENBERG, CALLE, DE;21;CargayDescarga;Línea;2;12;LABORABLES DE LUNES A VIERNES DE 9:00 A 10:30 Y DE 18:00 A 17:30 H EXCEPTO BUS  ASOCIACIÓN PARKINSON MADRID;-3.6794944840;40.4082343890
441476,5100000000;4474313,2600000000;31-03-2003;03  RETIRO;03-05 JERÓNIMOS;JUAN DE MENA, CALLE, DE;21;CargayDescarga;Línea;3;14;LAB. DE 8 A 14 H. Y DE 16,30 A 19 H. EXCEPTO CARGA Y DESCARGA;-3.6898259450;40.4173878480
441508,4000000000;4474374,1700000000;11-11-2004;03  RETIRO;03-05 JERÓNIMOS;MONTALBAN, CALLE, DE;14;CargayDescarga;Línea;3;17,1;lab. de 8 a 14h. y de 16,30 a 19h. excepto: CARGA                 Y DESCARGA (AZUL);-3.6894557570;40.4179384600
441442,1800000000;4474481,9700000000;10-05-2021;03  RETIRO;03-05 JERÓNIMOS;VALENZUELA, CALLE, DE;3;CargayDescarga;Línea;3;15;LAB. DE 8 A 14 H. Y DE 16,30 A 19 H. EXCEPTO CARGA Y DESCARGA;-3.6902461520;40.4189052690
442858,5800000000;4473188,4000000000;07-03-2007;03  RETIRO;03-06 NIÑO JESÚS;ANTONIO DIAZ-CAÑABATE, CALLE, DE;33;CargayDescarga;Batería;10;25,3;LAB. DE 8 A 14 H. Y DE 16,30 A19 H. EXCEPTO CARGA Y DESCARGA;-3.6734353980;40.4073500860
442927,7800000000;4473164,8300000000;21-01-2020;03  RETIRO;03-06 NIÑO JESÚS;CONDE DE CARTAGENA, CALLE, DEL;41;CargayDescarga;Línea;3;17,9;LAB. DE 8 A 14 H. Y DE 16:30 A 19 H. EXCEPTO CARGA Y DESCARGA;-3.6726177880;40.4071429040
442683,9700000000;4474125,5000000000;17-01-2001;03  RETIRO;03-06 NIÑO JESÚS;DOCE DE OCTUBRE, CALLE, DEL;20;CargayDescarga;Línea;3;15;LAB.DE 8 A 14 H. Y DE 16,30A 19 H. EXCEPTO CARGA Y DESCARGA;-3.6755775730;40.4157800140
443137,0300000000;4473405,9500000000;07-06-2001;03  RETIRO;03-06 NIÑO JESÚS;DOCTOR ESQUERDO, CALLE, DEL;110;CargayDescarga;Línea;3;16,2;LAB. DE 8 A 14 H. Y DE 16,30 A 19 H. EXCEPTO CARGA Y DESCARGA;-3.6701734350;40.4093290820
443172,0400000000;4473882,1300000000;21-06-2018;03  RETIRO;03-06 NIÑO JESÚS;DOCTOR ESQUERDO, CALLE, DEL;70;CargayDescarga;Línea;1;7;LAB. DE 8 A 14:30 H EXCEPTO CARGA Y DESCARGA;-3.6698033620;40.4136218540
443010,4100000000;4474088,2000000000;01-01-1900;03  RETIRO;03-06 NIÑO JESÚS;DOCTOR LAGUNA, PLAZA, DEL;7;CargayDescarga;Línea;3;14,9;Lab. de 9 a 20 h.excepto: CARGA Y DESCARGA;-3.6717267240;40.4154664910
442863,6400000000;4474063,7100000000;30-08-2004;03  RETIRO;03-06 NIÑO JESÚS;DOCTOR LAGUNA, PLAZA, DEL;2;CargayDescarga;Batería;6;15;LAB. DE 8 A 14 H. Y DE 16,30 A 19 H. EXCEPTO CARGA Y DESCARGA;-3.6734543630;40.4152361050
442649,4100000000;4473443,5200000000;11-07-2014;03  RETIRO;03-06 NIÑO JESÚS;REYES MAGOS, CALLE, DE LOS;S/N;CargayDescarga;Línea;4;24;LAB DE 8:00A 17:00 H. EXCEPTO CARGA Y DESCARGA.;-3.6759234680;40.4096343540
442601,5900000000;4473277,4600000000;19-09-2012;03  RETIRO;03-06 NIÑO JESÚS;REYES MAGOS, PLAZA, DE LOS;6;CargayDescarga;Línea;3;15;Lab. de 8 a 14h. y de 16.30 a 19h. Excepto: CARGA Y DESCARGA En línea;-3.6764720170;40.4081346940
442989,8100000000;4473176,3100000000;18-04-2008;03  RETIRO;03-06 NIÑO JESÚS;WALIA, CALLE, DE;2;CargayDescarga;Línea;7;34,5;LAB. DE 8 A 14 H. Y DE 16,30 A 19 H. EXCEPTO CARGA Y DESCARGA;-3.6718878390;40.4072502760
442002,5200000000;4474749,0600000000;19-04-2000;04  SALAMANCA;04-01 RECOLETOS;ALCALA, CALLE, DE;97;CargayDescarga;Línea;3;15;LAB. DE 8 A 14 H. Y DE 16,30 A 19 H. EXCEPTO CARGA Y DESCARGA ;-3.6836660750;40.4213505960
441690,8200000000;4474647,7400000000;25-09-2010;04  SALAMANCA;04-01 RECOLETOS;ALCALA, CALLE, DE;73;CargayDescarga;Línea;1;5;EXCEPTO SUBIDA Y BAJADA DE VIAJEROS TIEMPO MAXIMO 15 MINUTOS;-3.6873308280;40.4204156430
441848,6400000000;4475461,8700000000;22-10-2003;04  SALAMANCA;04-01 RECOLETOS;AYALA, CALLE, DE;30;CargayDescarga;Línea;2;11;LAB. DE 8 A 14 H. Y DE 16,30 A 19 H. EXCEPTO CARGA Y DESCARGA ;-3.6855450910;40.4277608480
441815,4500000000;4475464,3800000000;01-01-1900;04  SALAMANCA;04-01 RECOLETOS;AYALA, CALLE, DE;26;CargayDescarga;Línea;3;17;LAB DE 8 A 14 H Y DE 16:30 A 19 H EXCEPTO CARGA Y DESCARGA;-3.6859364780;40.4277811880
442226,7800000000;4475434,6900000000;26-06-1997;04  SALAMANCA;04-01 RECOLETOS;AYALA, CALLE, DE;62;CargayDescarga;Línea;3;13,3;LAB. DE 8 A 14 H. Y DE  16,30 A 19 H. EXCEPTO CARGA Y DESCARGA;-3.6810850150;40.4275426650
441654,5200000000;4475474,8800000000;29-10-2012;04  SALAMANCA;04-01 RECOLETOS;AYALA, CALLE, DE;14;CargayDescarga;Línea;2;8;LABORABLE DE 8 A 14 H EXCEPTO  CARGA Y DESCARGA;-3.6878345150;40.4278645530
442036,8900000000;4475448,1100000000;08-05-2014;04  SALAMANCA;04-01 RECOLETOS;AYALA, CALLE, DE;46;CargayDescarga;Línea;3;17;LABORABLES DE 8 A 17 HEXCEPTO CARGA Y DESCARGA;-3.6833247070;40.4276504960
441528,8500000000;4475467,2000000000;21-08-2007;04  SALAMANCA;04-01 RECOLETOS;CASTELLANA, PASEO, DE LA;12;CargayDescarga;Línea;3;15,7;LAB. DE 8 A 14 H. Y DE 16,30 A 19 H. EXCEPTO CARGA Y DESCARGA;-3.6893152100;40.4277867450
441508,3900000000;4475367,5800000000;27-05-2014;04  SALAMANCA;04-01 RECOLETOS;CASTELLANA, PASEO, DE LA;4;CargayDescarga;Línea;3;15;LAB. DE 8 A 14 H. Y DE16,30 A 19 H. EXCEPTOCARGA Y DESCARGA;-3.6895472010;40.4268882900
442199,0900000000;4475383,8200000000;08-07-2003;04  SALAMANCA;04-01 RECOLETOS;CASTELLO, CALLE, DE;49;CargayDescarga;Línea;3;15;LAB. DE 8 A 14 H. Y DE  16,30 A 19 H. EXCEPTO CARGA Y DESCARGA ;-3.6814068460;40.4270822360
442190,8100000000;4475263,8300000000;01-12-2004;04  SALAMANCA;04-01 RECOLETOS;CASTELLO, CALLE, DE;39;CargayDescarga;Línea;3;15;LAB. DE 8 A 14 H. Y DE 16,30 A 19 H. EXCEPTOCARGA Y DESCARGA;-3.6814934770;40.4260005490
442185,8300000000;4475186,6600000000;01-12-2004;04  SALAMANCA;04-01 RECOLETOS;CASTELLO, CALLE, DE;29;CargayDescarga;Batería;3;15;LAB. DE 8 A 14 H. Y DE 16,30 A 19 H. EXCEPTOCARGA Y DESCARGA;-3.6815451580;40.4253056660
442170,6100000000;4474978,1700000000;24-11-2009;04  SALAMANCA;04-01 RECOLETOS;CASTELLO, CALLE, DE;15;CargayDescarga;Línea;2;12;LAB. DE 8 A 14 H. Y DE  16,30 A 19 H. EXCEPTO CARGA Y DESCARGA ;-3.6817057000;40.4234260210
442174,4000000000;4475026,7400000000;24-11-2009;04  SALAMANCA;04-01 RECOLETOS;CASTELLO, CALLE, DE;17;CargayDescarga;Línea;1;5;LAB. DE 8 A 14 H. Y DE  16,30 A 19 H. EXCEPTO CARGA Y DESCARGA;-3.6816654210;40.4238640470
442171,3900000000;4474864,1200000000;01-01-1900;04  SALAMANCA;04-01 RECOLETOS;CASTELLO, CALLE, DE;2;CargayDescarga;Línea;3;15,2;LAB. DE 8 A 14 H. Y DE 16,30 A 19 H. EXCEPTO CARGA Y DESCARGA;-3.6816861050;40.4223987080
442166,9300000000;4474923,9600000000;03-11-2000;04  SALAMANCA;04-01 RECOLETOS;CASTELLO, CALLE, DE;9;CargayDescarga;Línea;3;15,2;LAB. DE 8 A 14 H. Y DE 16,30A 19 H. EXCEPTO CARGA Y DESCARGA;-3.6817440890;40.4229375170
442181,4300000000;4475127,2900000000;24-02-2021;04  SALAMANCA;04-01 RECOLETOS;CASTELLO, CALLE, DE;27;CargayDescarga;Línea;3;15;LAB. DE 8 A 13 H. Y DE 16:30 A 20 H. EXCEPTO CARGA Y DESCARGA;-3.6815915670;40.4247702940
441802,9700000000;4475587,7400000000;29-10-1996;04  SALAMANCA;04-01 RECOLETOS;CLAUDIO COELLO, CALLE, DE;71;CargayDescarga;Línea;3;15,3;LAB DE 8 A 14 H. Y DE 16,30 A 19 H.EXCEPTO CARGA Y DESCARGA;-3.6860949580;40.4288915800
441740,0000000000;4475061,1400000000;23-10-1996;04  SALAMANCA;04-01 RECOLETOS;CLAUDIO COELLO, CALLE, DE;29;CargayDescarga;Línea;2;12,5;LAB. DE 8 A 14 H. Y DE 16,30 A 19 H.EXCEPTO CARGA Y DESCARGA;-3.6867890390;40.4241434790
441693,9900000000;4474665,7500000000;03-11-2000;04  SALAMANCA;04-01 RECOLETOS;CLAUDIO COELLO, CALLE, DE;1;CargayDescarga;Línea;3;15;LAB. DE 8 A 14 H. Y DE 16,30 A 19 H. EXCEPTO CARGA Y DESCARGA ;-3.6872950760;40.4205780200
441711,3000000000;4474815,8900000000;08-07-1997;04  SALAMANCA;04-01 RECOLETOS;CLAUDIO COELLO, CALLE, DE;15;CargayDescarga;Línea;2;10,7;LAB. DE 8 A 14 H. Y DE 16,30 A 19 H. EXCEPTO CARGA Y DESCARGA;-3.6871049110;40.4219322630
441730,3800000000;4474976,3200000000;26-10-2010;04  SALAMANCA;04-01 RECOLETOS;CLAUDIO COELLO, CALLE, DE;25;CargayDescarga;Línea;3;16,06;laborables de 8 a 14 y de 16,30 a 19 h, Excepto carga y descarga;-3.6868946350;40.4233791530
441765,0900000000;4475274,0000000000;16-04-2014;04  SALAMANCA;04-01 RECOLETOS;CLAUDIO COELLO, CALLE, DE;43;CargayDescarga;Línea;3;15;LABORABLES DE 8:00 A 17:00 HEXCEPTO CARGA Y DESCARGA.;-3.6865127020;40.4260630020
441799,3500000000;4474727,5300000000;01-12-2004;04  SALAMANCA;04-01 RECOLETOS;COLUMELA, CALLE, DE;17;CargayDescarga;Línea;3;15;Lab de 9 a14 h y de 16.30 a 20 hExcepto: Carga y Descarga;-3.6860588050;40.4211423260
441726,5400000000;4474731,6900000000;04-11-1998;04  SALAMANCA;04-01 RECOLETOS;COLUMELA, CALLE, DE;7;CargayDescarga;Línea;3;11,84;Lab de 9 a14 h y de 16.30 a 20 hExcepto Carga y Descarga;-3.6869174390;40.4211742970
441524,4000000000;4475230,8800000000;27-03-2006;04  SALAMANCA;04-01 RECOLETOS;GOYA, CALLE, DE;3;CargayDescarga;Línea;3;14,3;LAB. DE 8 A 14 H. Y DE 16,30 A 19 H.EXCEPTO CARGA Y DESCARGA;-3.6893459780;40.4256577490
441695,5500000000;4475186,3000000000;09-02-2010;04  SALAMANCA;04-01 RECOLETOS;GOYA, CALLE, DE;6;CargayDescarga;Línea;3;15;LAB. DE 8 A 14 H. Y DE 16,30 A 19 H. EXCEPTO CARGA Y DESCARGA ;-3.6873244110;40.4252677360
442141,2700000000;4475174,5700000000;01-06-2000;04  SALAMANCA;04-01 RECOLETOS;GOYA, CALLE, DE;49;CargayDescarga;Línea;2;10,6;LAB. DE 8 A 14 H. Y DE  16,30 A 19 H. EXCEPTO CARGA Y DESCARGA ;-3.6820693570;40.4251937680
442128,2600000000;4475154,4600000000;18-05-1999;04  SALAMANCA;04-01 RECOLETOS;GOYA, CALLE, DE;26;CargayDescarga;Línea;2;11,9;LAB. DE 8 A 14 H. Y DE 16,30 A 19 H. EXCEPTOCARGA Y DESCARGA;-3.6822208470;40.4250109940
442268,0500000000;4475145,0600000000;28-01-2003;04  SALAMANCA;04-01 RECOLETOS;GOYA, CALLE, DE;40;CargayDescarga;Línea;3;15;LAB. DE 8 A 14 H. Y DE 16,30 A 19 H. EXCEPTOCARGA Y DESCARGA;-3.6805722180;40.4249361080
442057,3300000000;4475180,3000000000;01-12-2004;04  SALAMANCA;04-01 RECOLETOS;GOYA, CALLE, DE;43;CargayDescarga;Línea;3;15;LAB. DE 8 A 14 H. Y DE  16,30 A 19 H. EXCEPTO CARGA Y DESCARGA ;-3.6830593700;40.4252389170
442255,5100000000;4475166,7200000000;28-01-2003;04  SALAMANCA;04-01 RECOLETOS;GOYA, CALLE, DE;61;CargayDescarga;Línea;3;14,3;LAB. DE 8 A 14 H. Y DE  16,30 A 19 H. EXCEPTO CARGA Y DESCARGA ;-3.6807219890;40.4251306280
441782,4400000000;4475200,5800000000;17-01-2015;04  SALAMANCA;04-01 RECOLETOS;GOYA, CALLE, DE;21;CargayDescarga;Línea;2;17;LAB. DE 8 A 14 HY DE 16.30  A 19 HEXCEPTO CARGA Y DESCARGA;-3.6863015090;40.4254030120
442118,2400000000;4475176,1100000000;07-07-2018;04  SALAMANCA;04-01 RECOLETOS;GOYA, CALLE, DE;47;CargayDescarga;Línea;2;10;DE 8:00 A.M. A 10:00 A.M. EXCEPTO  CARGA Y DESCARGA;-3.6823409390;40.4252056280
441586,6700000000;4475324,8400000000;25-09-2010;04  SALAMANCA;04-01 RECOLETOS;HERMOSILLA, CALLE, DE;6;CargayDescarga;Línea;4;19,8;LABORABLES DE LUNES A VIERNES DE 8 A 20 H.SABADOS DE 8 A 15 H.EXCEPTO: CARGA Y DESCARGA;-3.6886205560;40.4265085340
442037,5000000000;4475292,8700000000;01-01-1900;04  SALAMANCA;04-01 RECOLETOS;HERMOSILLA, CALLE, DE;36;CargayDescarga;Línea;3;15,3;LAB. DE 8 A 14 H. Y DE 16,30 A 19 H. EXCEPTOCARGA Y DESCARGA;-3.6833033930;40.4262517340
442279,9900000000;4475276,0300000000;01-12-2004;04  SALAMANCA;04-01 RECOLETOS;HERMOSILLA, CALLE, DE;60;CargayDescarga;Línea;3;15;LAB. DE 8 A 14 H. Y DE 16,30 A 19 H. EXCEPTOCARGA Y DESCARGA;-3.6804433600;40.4261166310
442112,0600000000;4475287,4200000000;01-12-2004;04  SALAMANCA;04-01 RECOLETOS;HERMOSILLA, CALLE, DE;42;CargayDescarga;Línea;3;15;LAB. DE 8 A 14 H. Y DE 16,30 A 19 H.  EXCEPTO CARGA Y DESCARGA;-3.6824238460;40.4262081890
442217,0000000000;4475280,5700000000;01-12-2004;04  SALAMANCA;04-01 RECOLETOS;HERMOSILLA, CALLE, DE;52;CargayDescarga;Línea;3;15;LAB. DE 8 A 14 H. Y DE 16,30 A 19 H. EXCEPTOCARGA Y DESCARGA;-3.6811863140;40.4261533570
441899,2700000000;4475551,1500000000;05-05-2008;04  SALAMANCA;04-01 RECOLETOS;LAGASCA, CALLE, DE;74;CargayDescarga;Línea;3;15,1;LAB. DE 8 A 14 H. Y DE 16,30 A19 H. EXCEPTO CARGA Y DESCARGA;-3.6849563760;40.4285689470
441903,3500000000;4475595,3400000000;28-05-1996;04  SALAMANCA;04-01 RECOLETOS;LAGASCA, CALLE, DE;80;CargayDescarga;Línea;3;15;LAB. DE 8 A 14 H. Y DE 16,30 A19 H. EXCEPTO CARGA Y DESCARGA;-3.6849123730;40.4289669240
441872,6300000000;4475285,4200000000;01-01-1900;04  SALAMANCA;04-01 RECOLETOS;LAGASCA, CALLE, DE;50;CargayDescarga;Línea;3;15,3;lab. de 8 a 14 h. y de 16.30 a 19 h. excepto [CARGA Y DESCARGA] ;-3.6852461210;40.4261735250
441866,2500000000;4475212,6200000000;30-12-2009;04  SALAMANCA;04-01 RECOLETOS;LAGASCA, CALLE, DE;44;CargayDescarga;Línea;3;15;lab. de 9 a 14 h. y de 16.30 a 20 h. excepto: CARGA Y DESCARGA;-3.6853147040;40.4255168580
441846,8200000000;4474999,6600000000;24-11-2009;04  SALAMANCA;04-01 RECOLETOS;LAGASCA, CALLE, DE;32;CargayDescarga;Línea;3;13,3;LAB. DE 8 A 14 H. Y DE 16,30 A 19 H. EXCEPTO CARGA Y DESCARGA;-3.6855242350;40.4235967620
441861,2500000000;4475158,1100000000;01-01-1900;04  SALAMANCA;04-01 RECOLETOS;LAGASCA, CALLE, DE;42;CargayDescarga;Línea;3;15;lab. de 9 a 14 h. y de 16.30 a 20 h. excepto: CARGA Y DESCARGA;-3.6853686200;40.4250256620
441851,4200000000;4475048,8400000000;15-01-1997;04  SALAMANCA;04-01 RECOLETOS;LAGASCA, CALLE, DE;34;CargayDescarga;Línea;2;7,52;lab. de 9 a 14 h. y de 16.30 a 20 h. excepto: CARGA Y DESCARGA;-3.6854745590;40.4240406900
441824,1700000000;4474742,0600000000;01-12-2004;04  SALAMANCA;04-01 RECOLETOS;LAGASCA, CALLE, DE;8;CargayDescarga;Línea;2;12;LAB. DE 8 A 14 H. Y DE16,30 A 19 H. EXCEPTOCARGA Y DESCARGA;-3.6857676270;40.4212751950
441892,6300000000;4475486,3900000000;26-04-2012;04  SALAMANCA;04-01 RECOLETOS;LAGASCA, CALLE, DE;68;CargayDescarga;Línea;3;15;LAB. DE 8 A 14 H. Y DE 16,30 A 19 H. EXCEPTO CARGA Y DESCARGA;-3.6850287980;40.4279849310
441845,6900000000;4474984,6900000000;28-02-2017;04  SALAMANCA;04-01 RECOLETOS;LAGASCA, CALLE, DE;30;CargayDescarga;Línea;1;6,56;LAB. DE 8 A 14 H. Y DE 16,30 A 19 H. EXCEPTO CARGA Y DESCARGA;-3.6855361520;40.4234621750
442282,3300000000;4474861,2000000000;16-07-2008;04  SALAMANCA;04-01 RECOLETOS;MENENDEZ PELAYO, AVENIDA, DE;2;CargayDescarga;Línea;3;15;LABORABLES DE 8 A 14 H Y DE 16,30 A 19 H. EXCEPTO CARGA Y DESCARGA;-3.6803781570;40.4223800290
442092,6400000000;4475272,3700000000;01-12-2004;04  SALAMANCA;04-01 RECOLETOS;NUÑEZ DE BALBOA, CALLE, DE;36;CargayDescarga;Línea;2;12;LAB. DE 8 A 14 H. Y DE 16,30 A 19 H. EXCEPTOCARGA Y DESCARGA;-3.6826514240;40.4260709660
442087,3600000000;4475192,7200000000;01-12-2004;04  SALAMANCA;04-01 RECOLETOS;NUÑEZ DE BALBOA, CALLE, DE;28;CargayDescarga;Línea;3;15,1;LAB. DE 8 A 14 H. Y DE 16,30 A 19 H. EXCEPTOCARGA Y DESCARGA;-3.6827064280;40.4253531070
442077,5100000000;4475055,8300000000;01-01-1900;04  SALAMANCA;04-01 RECOLETOS;NUÑEZ DE BALBOA, CALLE, DE;24;CargayDescarga;Línea;3;15;lab. 9 a14 h y 16.30 a 20 h excepto: Carga y Descarga;-3.6828101340;40.4241191850
442103,5900000000;4475424,9700000000;01-12-2004;04  SALAMANCA;04-01 RECOLETOS;NUÑEZ DE BALBOA, CALLE, DE;46;CargayDescarga;Línea;3;15;LAB. DE 8  A 14 H. Y DE 16,30 A 19 H. EXCEPTO CARGA Y DESCARGA;-3.6825363170;40.4274464080
442068,6100000000;4475038,7800000000;24-11-2009;04  SALAMANCA;04-01 RECOLETOS;NUÑEZ DE BALBOA, CALLE, DE;23;CargayDescarga;Línea;2;12;LAB. DE 8 A 14 H. Y DE  16,30 A 19 H. EXCEPTO CARGA Y DESCARGA ;-3.6829134950;40.4239655180
442063,4600000000;4474984,5400000000;24-11-2009;04  SALAMANCA;04-01 RECOLETOS;NUÑEZ DE BALBOA, CALLE, DE;19;CargayDescarga;Línea;3;15;LAB. DE 8 A 14 H. Y DE  16,30 A 19 H. EXCEPTO CARGA Y DESCARGA;-3.6829692440;40.4234763840
442058,9700000000;4474797,4300000000;08-05-2003;04  SALAMANCA;04-01 RECOLETOS;NUÑEZ DE BALBOA, CALLE, DE;2;CargayDescarga;Línea;3;15,38;LAB. DE 8 A 14 H. Y DE 16,30 A 19 H. EXCEPTO CARGA Y DESCARGA;-3.6830051690;40.4217897680
442102,9500000000;4475539,7400000000;13-11-2019;04  SALAMANCA;04-01 RECOLETOS;NUÑEZ DE BALBOA, CALLE, DE;63;CargayDescarga;Línea;5;28;LABORABLES DE 8 A 14 H. Y DE 16:30 A 19 H. EXCEPTO CARGA Y DESCARGA EN LÍNEA ;-3.6825543080;40.4284803680
441652,7800000000;4475175,1800000000;29-05-2014;04  SALAMANCA;04-01 RECOLETOS;SERRANO, CALLE, DE;34;CargayDescarga;Línea;1;6;PERMITIDO CARGA Y DESCARGADE 10:00 A 14:00 H;-3.6878275250;40.4251644890
441985,3600000000;4475585,9300000000;01-01-1900;04  SALAMANCA;04-01 RECOLETOS;VELAZQUEZ, CALLE, DE;59;CargayDescarga;Línea;3;15,2;LAB. DE 8 A 14 H. Y DE 16,30 A19 H. EXCEPTO CARGA Y DESCARGA;-3.6839447050;40.4288878560
441963,7500000000;4475276,8600000000;07-06-2001;04  SALAMANCA;04-01 RECOLETOS;VELAZQUEZ, CALLE, DE;39;CargayDescarga;Línea;4;20,7;LAB. DE 8 A 14 H. Y DE 16,30 A 19 H. EXCEPTO CARGA Y DESCARGA;-3.6841711950;40.4261023070
441983,0300000000;4475275,4200000000;07-06-2001;04  SALAMANCA;04-01 RECOLETOS;VELAZQUEZ, CALLE, DE;40;CargayDescarga;Línea;3;14,6;LAB. DE 8 A 14 H. Y DE 16,30 A 19 H. EXCEPTO CARGA Y DESCARGA;-3.6839437880;40.4260911910
441962,6400000000;4474989,1100000000;01-01-1900;04  SALAMANCA;04-01 RECOLETOS;VELAZQUEZ, CALLE, DE;20;CargayDescarga;Línea;3;15;LAB. DE 8 A 14 H. Y DE 16,30 A 19 H. EXCEPTO CARGA Y DESCARGA;-3.6841580170;40.4235102460
441944,2300000000;4474994,5500000000;01-01-1900;04  SALAMANCA;04-01 RECOLETOS;VELAZQUEZ, CALLE, DE;21;CargayDescarga;Línea;3;15;lab. de 9 a 14 h. y de 16.30 a 20 h. excepto: CARGA Y DESCARGA;-3.6843754550;40.4235583740
441973,3300000000;4475127,6800000000;24-02-2003;04  SALAMANCA;04-01 RECOLETOS;VELAZQUEZ, CALLE, DE;30;CargayDescarga;Línea;3;15;LAB. DE 8 A 14 H. Y DE 16,30 A 19 H. EXCEPTO CARGA Y DESCARGA ;-3.6840447430;40.4247592360
441968,5700000000;4475068,5200000000;01-01-1900;04  SALAMANCA;04-01 RECOLETOS;VELAZQUEZ, CALLE, DE;24;CargayDescarga;Línea;5;15,54;lab. de 9 a 14 h. y de 16.30 a 20 h. excepto: CARGA Y DESCARGA;-3.6840953930;40.4242257550
441955,0600000000;4475146,8900000000;01-01-1900;04  SALAMANCA;04-01 RECOLETOS;VELAZQUEZ, CALLE, DE;31;CargayDescarga;Línea;3;15;lab. de 9 a 14 h. y de 16.30 a 20 h. excepto: CARGA Y DESCARGA;-3.6842617800;40.4249309520
441977,9900000000;4475474,4100000000;11-05-2004;04  SALAMANCA;04-01 RECOLETOS;VELAZQUEZ, CALLE, DE;51;CargayDescarga;Línea;3;17,7;LAB. DE 8 A 14 H. Y DE 16,30 A 19 H. EXCEPTO CARGA Y DESCARGA;-3.6840214240;40.4278831170
441954,8300000000;4474881,5700000000;07-06-2001;04  SALAMANCA;04-01 RECOLETOS;VELAZQUEZ, CALLE, DE;10;CargayDescarga;Línea;5;20,39;LAB.DE 8 A 14 H. Y DE 16,30 A 19 H. EXCEPTO CARGA Y DESCARGA;-3.6842402360;40.4225413170
441938,7800000000;4474924,8500000000;18-02-2002;04  SALAMANCA;04-01 RECOLETOS;VELAZQUEZ, CALLE, DE;17;CargayDescarga;Línea;3;15;LAB. DE 8 A 14 H. Y DE 16,30 A 19 H. EXCEPTO CARGA Y DESCARGA;-3.6844334380;40.4229295530
441949,7200000000;4474811,3800000000;01-12-2004;04  SALAMANCA;04-01 RECOLETOS;VELAZQUEZ, CALLE, DE;6;CargayDescarga;Línea;3;13,4;LAB. DE 8 A 14 H. Y DE 16,30 A 19 H. EXCEPTO CARGA Y DESCARGA ;-3.6842940940;40.4219081410
441970,1500000000;4475364,6200000000;01-06-2021;04  SALAMANCA;04-01 RECOLETOS;VELAZQUEZ, CALLE, DE;43;CargayDescarga;Línea;3;13;LAB. DE 8 A 14 H. Y DE 16.30 A 19 H. EXCEPTO CARGA Y DESCARGA;-3.6841037580;40.4268933320
441487,3200000000;4474757,7100000000;09-01-2015;04  SALAMANCA;04-01 RECOLETOS;VILLALAR, CALLE, DE;11;CargayDescarga;Línea;3;14,17;LABORABLES DE 8 A 17 HEXCEPTO CARGA Y DESCARGA;-3.6897394280;40.4213921350
442081,1600000000;4474844,5800000000;28-01-2004;04  SALAMANCA;04-01 RECOLETOS;VILLANUEVA, CALLE, DE;40;CargayDescarga;Línea;3;15;LAB. DE 8 A 14 H. Y DE 16,30A 19 H. EXCEPTO CARGA Y DESCARGA;-3.6827478530;40.4222162210
442140,7200000000;4474839,8000000000;12-06-1996;04  SALAMANCA;04-01 RECOLETOS;VILLANUEVA, CALLE, DE;43;CargayDescarga;Línea;1;6;LAB. DE 8 A 14 H. Y DE 16,30A 19 H. EXCEPTO CARGA Y DESCARGA;-3.6820453500;40.4221776600
441472,2800000000;4474920,7100000000;09-01-2015;04  SALAMANCA;04-01 RECOLETOS;VILLANUEVA, CALLE, DE;2 C;CargayDescarga;Línea;2;12,1;LABORABLES DE 8 A 17 HEXCEPTO CARGA Y DESCARGA.;-3.6899317130;40.4228593660
441918,0900000000;4474857,2000000000;09-01-2015;04  SALAMANCA;04-01 RECOLETOS;VILLANUEVA, CALLE, DE;32;CargayDescarga;Línea;2;12;LABORABLES DE 8 A 17 HEXCEPTO CARGA Y DESCARGA.;-3.6846711010;40.4223187230
441789,6100000000;4474866,9300000000;15-05-2020;04  SALAMANCA;04-01 RECOLETOS;VILLANUEVA, CALLE, DE;24;CargayDescarga;Línea;2;12;LAB. DE 8 A 14 H Y DE 16.30 A 19 H EXCEPTO CARGA Y DESCARGA;-3.6861864020;40.4223975040
442838,7200000000;4475508,9900000000;07-06-2011;04  SALAMANCA;04-02 GOYA;ALCANTARA, CALLE, DE;27;CargayDescarga;Línea;3;15;LABORABLES DE 8 A 14 H. Y DE 16,30 A 19 H. EXCEPTO CARGA Y DESCARGA EN LINEA ;-3.6738780080;40.4282538780
442826,9400000000;4475345,0300000000;23-05-2013;04  SALAMANCA;04-02 GOYA;ALCANTARA, CALLE, DE;11;CargayDescarga;Línea;3;15;LABORABLES DE 8 A 14 H.Y DE 16,30 A 19 H. EXCEPTOCARGA Y DESCARGA EN LINEA;-3.6740022260;40.4267763340
442421,2600000000;4474946,9900000000;05-06-2000;04  SALAMANCA;04-02 GOYA;ANTONIO ACUÑA, CALLE, DE;1;CargayDescarga;Línea;2;11,9;LAB. DE 8 A 14 H. Y DE 16,30 A 19 H. EXCEPTO CARGA Y DESCARGA;-3.6787482640;40.4231628610
442430,1000000000;4475420,0200000000;16-01-2001;04  SALAMANCA;04-02 GOYA;AYALA, CALLE, DE;78;CargayDescarga;Línea;2;9,8;LAB. DE 8 A 14 H. Y DE  16,30 A 19 H. EXCEPTO CARGA Y DESCARGA ;-3.6786868430;40.4274241780
442548,9300000000;4475411,5000000000;15-01-2001;04  SALAMANCA;04-02 GOYA;AYALA, CALLE, DE;88;CargayDescarga;Línea;3;17,2;LAB. DE 8 A 14 H. Y DE  16,30 A 19 H. EXCEPTO CARGA Y DESCARGA;-3.6772853310;40.4273563390
442668,8500000000;4475403,0200000000;19-01-2001;04  SALAMANCA;04-02 GOYA;AYALA, CALLE, DE;100;CargayDescarga;Línea;3;17,7;LAB. DE 8 A 14 H. Y DE  16,30 A 19 H. EXCEPTO CARGA Y DESCARGA;-3.6758709270;40.4272875270
442601,5100000000;4475407,8800000000;19-01-2001;04  SALAMANCA;04-02 GOYA;AYALA, CALLE, DE;92;CargayDescarga;Línea;3;17,3;LAB. DE 8 A 14 H. Y DE  16,30 A 19 H. EXCEPTO CARGA Y DESCARGA ;-3.6766651610;40.4273272330
442813,3900000000;4475392,7800000000;30-03-2005;04  SALAMANCA;04-02 GOYA;AYALA, CALLE, DE;112;CargayDescarga;Línea;3;16;LAB.DE 8 A 14 H. Y DE 16,30 A19 H. EXCEPTO CARGA Y DESCARGA;-3.6741661490;40.4272058230
443147,3500000000;4475378,0200000000;29-01-2004;04  SALAMANCA;04-02 GOYA;AYALA, CALLE, DE;105;CargayDescarga;Línea;3;15;LAB.DE 8 A 14 H. Y DE 16,30 A 19 H. EXCEPTO CARGA Y DESCARGA;-3.6702280950;40.4270952430
443076,2400000000;4475382,5500000000;01-01-1900;04  SALAMANCA;04-02 GOYA;AYALA, CALLE, DE;103;CargayDescarga;Línea;3;15,1;LAB.DE 8 A 14 H. Y DE 16,30 A19 H.  EXCEPTO CARGA Y DESCARGA;-3.6710666760;40.4271315680
443043,2800000000;4475376,2700000000;14-03-2003;04  SALAMANCA;04-02 GOYA;AYALA, CALLE, DE;146;CargayDescarga;Línea;3;15;LAB.DE 8 A 14 H. Y DE 16,30 A 19 H. EXCEPTO CARGA Y DESCARGA ;-3.6714547410;40.4270728400
442760,1800000000;4475396,9200000000;08-05-2014;04  SALAMANCA;04-02 GOYA;AYALA, CALLE, DE;106;CargayDescarga;Línea;2;15;LABORABLES DE 8 A 17 HEXCEPTO CARGA Y DESCARGA;-3.6747937670;40.4272388260
443190,6400000000;4475520,3600000000;16-12-2006;04  SALAMANCA;04-02 GOYA;DON RAMON DE LA CRUZ, CALLE, DE;104;CargayDescarga;Batería;6;7,68;LAB.DE 8 A 14 H. Y DE16,30 A 19 H. EXCEPTOCARGA Y DESCARGA;-3.6697305390;40.4283809600
442634,5000000000;4474867,3000000000;09-10-2000;04  SALAMANCA;04-02 GOYA;DUQUE DE SESTO, CALLE, DEL;32;CargayDescarga;Línea;3;15,2;LAB. DE 8 A 14 H. Y DE 16,30A 19 H. EXCEPTO CARGA Y DESCARGA;-3.6762275940;40.4224592690
442513,5500000000;4474876,1900000000;13-06-1996;04  SALAMANCA;04-02 GOYA;DUQUE DE SESTO, CALLE, DEL;18;CargayDescarga;Línea;3;15;LAB. DE 8 A 14 H. Y DE 16,30A 19 H. EXCEPTO CARGA Y DESCARGA;-3.6776540870;40.4225309460
442688,8400000000;4474863,4000000000;09-10-2000;04  SALAMANCA;04-02 GOYA;DUQUE DE SESTO, CALLE, DEL;36;CargayDescarga;Línea;3;17,1;LAB. DE 8 A 14 H. Y DE 16,30 A 19 H. EXCEPTO CARGA Y DESCARGA;-3.6755867400;40.4224279860
442777,3100000000;4474857,1100000000;04-09-2000;04  SALAMANCA;04-02 GOYA;DUQUE DE SESTO, CALLE, DEL;44;CargayDescarga;Línea;3;15;LAB. DE 8 A 14 H. Y DE 16,30 A 19 H. EXCEPTO CARGA Y DESCARGA;-3.6745433270;40.4223775650
442816,3500000000;4474863,3100000000;28-01-2004;04  SALAMANCA;04-02 GOYA;DUQUE DE SESTO, CALLE, DEL;35;CargayDescarga;Batería;6;15;LAB. DE 8 A 14 H. Y DE 16,30 A 19 H. EXCEPTO CARGA Y DESCARGA ;-3.6740836430;40.4224359500
443048,9900000000;4474837,7700000000;05-06-2018;04  SALAMANCA;04-02 GOYA;DUQUE DE SESTO, CALLE, DEL;58;CargayDescarga;Línea;3;15;LAB. DE 8.00 A 17.00 H. EXCEPTO CARGA Y DESCARGA;-3.6713391750;40.4222217210
442597,7000000000;4474878,9500000000;01-06-2019;04  SALAMANCA;04-02 GOYA;DUQUE DE SESTO, CALLE, DEL;17;CargayDescarga;Línea;2;12,5;LAB.DE 8 A 12 H Y DE 14:30 A 18 H EXCEPTO CARGA Y DESCARGA EN LÍNEA;-3.6766624110;40.4225621150
442324,2100000000;4475102,7200000000;01-01-1900;04  SALAMANCA;04-02 GOYA;ESPARTINAS, CALLE, DE;Fte1;CargayDescarga;Línea;3;15;lab. 9 a 14 h y 16.30 a 20 h excepto: Carga y Descarga;-3.6799063840;40.4245592740
442787,3700000000;4474785,2400000000;05-04-2006;04  SALAMANCA;04-02 GOYA;FERNAN GONZALEZ, CALLE, DE;30;CargayDescarga;Batería;5;8;Laborables de 9 a 14 h. y de 16.30 a 20 h. Excepto: CARGA Y DESCARGA;-3.6744183070;40.4217305810
442806,0800000000;4474938,9800000000;19-07-2001;04  SALAMANCA;04-02 GOYA;FERNAN GONZALEZ, CALLE, DE;17;CargayDescarga;Línea;3;15,3;LAB. DE 8 A 14 H. Y DE 16,30 A 19 H. EXCEPTO CARGA Y DESCARGA ;-3.6742115840;40.4231172540
442821,5100000000;4475180,9400000000;02-03-2015;04  SALAMANCA;04-02 GOYA;FERNAN GONZALEZ, CALLE, DE;1;CargayDescarga;Línea;2;15;LAB. DE 8 A 21 HEXCEPTO CARGA Y DESCARGA;-3.6740514430;40.4252979310
442492,2300000000;4475114,3500000000;26-02-2003;04  SALAMANCA;04-02 GOYA;FRANCISCA MORENO, CALLE, DE;7;CargayDescarga;Línea;3;15;LAB. DE 8 A 14 H. Y DE  16,30 A 19 H. EXCEPTO CARGA Y DESCARGA ;-3.6779268720;40.4246750120
442486,8200000000;4475049,4600000000;29-11-2004;04  SALAMANCA;04-02 GOYA;FRANCISCA MORENO, CALLE, DE;1;CargayDescarga;Línea;3;15;LAB. DE 8 A 14 H. Y DE  16,30 A 19 H. EXCEPTO CARGA Y DESCARGA ;-3.6779847980;40.4240905370
443096,4600000000;4475202,5600000000;02-01-2001;04  SALAMANCA;04-02 GOYA;FUENTE DEL BERRO, CALLE, DE LA;21;CargayDescarga;Línea;3;15;LAB.DE 8 A 14 H. Y DE 16,30 A19 H. EXCEPTO CARGA Y DESCARGA;-3.6708122260;40.4255115870
443107,2400000000;4475356,4900000000;29-01-2004;04  SALAMANCA;04-02 GOYA;FUENTE DEL BERRO, CALLE, DE LA;1;CargayDescarga;Línea;3;15;LAB.DE 8 A 14 H. Y DE 16,30 A 19 H. EXCEPTO CARGA Y DESCARGA;-3.6706989520;40.4268984890
443090,6500000000;4475120,6200000000;20-01-1997;04  SALAMANCA;04-02 GOYA;FUENTE DEL BERRO, CALLE, DE LA;25;CargayDescarga;Línea;3;20;LAB.DE 8 A 14 H. Y DE 16,30 A19 H. EXCEPTO CARGA Y DESCARGA;-3.6708734180;40.4247731020
442576,0400000000;4475546,6200000000;19-01-2001;04  SALAMANCA;04-02 GOYA;GENERAL DIAZ PORLIER, CALLE, DEL;43;CargayDescarga;Línea;3;15;LAB. DE 8 A 14 H. Y DE  16,30 A 19 H. EXCEPTO CARGA Y DESCARGA ;-3.6769778820;40.4285747920
442569,8900000000;4475461,6400000000;19-01-2001;04  SALAMANCA;04-02 GOYA;GENERAL DIAZ PORLIER, CALLE, DEL;33;CargayDescarga;Línea;3;15,4;LAB. DE 8 A 12 H. EXCEPTO CARGA Y DESCARGA;-3.6770427980;40.4278096060
442542,5700000000;4475080,7700000000;24-11-2009;04  SALAMANCA;04-02 GOYA;GENERAL DIAZ PORLIER, CALLE, DEL;1;CargayDescarga;Línea;4;19;LAB. DE 8 A 14 H. Y DE 16,30 A 19 H. EXCEPTOCARGA Y DESCARGA;-3.6773304230;40.4243763290
442557,0800000000;4475283,8400000000;28-01-2004;04  SALAMANCA;04-02 GOYA;GENERAL DIAZ PORLIER, CALLE, DEL;19;CargayDescarga;Línea;3;15;LAB. DE 8 A 14 H. Y DE  16,30 A 19 H. EXCEPTO CARGA Y DESCARGA;-3.6771776720;40.4262061840
442564,8100000000;4475391,6800000000;23-01-2001;04  SALAMANCA;04-02 GOYA;GENERAL DIAZ PORLIER, CALLE, DEL;27;CargayDescarga;Línea;3;16,1;LAB. DE 8 A 14 H. Y DE  16,30 A 19 H. EXCEPTO CARGA Y DESCARGA;-3.6770963120;40.4271788370
442562,7100000000;4475238,7700000000;21-03-2014;04  SALAMANCA;04-02 GOYA;GENERAL DIAZ PORLIER, CALLE, DEL;17;CargayDescarga;Línea;3;20;LAB. DE 8 A 14 H. Y DE 16,30 A 19 H.EXCEPTO CARGA Y DESCARGA;-3.6771073700;40.4258011030
442463,8000000000;4475556,5900000000;08-02-2005;04  SALAMANCA;04-02 GOYA;GENERAL PARDIÑAS, CALLE, DEL;54;CargayDescarga;Línea;3;15;LAB. DE 8 A 14 H. Y DE  16,30 A 19 H. EXCEPTO CARGA Y DESCARGA;-3.6783020450;40.4286574690
442453,0800000000;4475401,7800000000;15-01-2001;04  SALAMANCA;04-02 GOYA;GENERAL PARDIÑAS, CALLE, DEL;38;CargayDescarga;Línea;3;17;LAB. DE 8 A 14 H. Y DE  16,30 A 19 H. EXCEPTO CARGA Y DESCARGA;-3.6784143440;40.4272620310
442436,4100000000;4475289,5300000000;15-01-2001;04  SALAMANCA;04-02 GOYA;GENERAL PARDIÑAS, CALLE, DEL;21;CargayDescarga;Batería;5;14,4;LAB. DE 8 A 14 H. Y DE  16,30 A 19 H. EXCEPTO CARGA Y DESCARGA;-3.6786006700;40.4262499010
442442,0400000000;4475249,6600000000;16-01-2001;04  SALAMANCA;04-02 GOYA;GENERAL PARDIÑAS, CALLE, DEL;28;CargayDescarga;Línea;3;14,87;LAB. DE 8 A 14 H. Y DE  16,30 A 19 H. EXCEPTO CARGA Y DESCARGA;-3.6785307120;40.4258906560
442424,2100000000;4475119,2800000000;27-02-2003;04  SALAMANCA;04-02 GOYA;GENERAL PARDIÑAS, CALLE, DEL;11;CargayDescarga;Línea;3;15;LAB. DE 8 A 14 H. Y DE 16,30 A 19 H. EXCEPTOCARGA Y DESCARGA;-3.6787290130;40.4247150040
442427,3000000000;4475043,4000000000;01-01-1900;04  SALAMANCA;04-02 GOYA;GENERAL PARDIÑAS, CALLE, DEL;6;CargayDescarga;Batería;5;14;LAB. DE 8 A 14 H. Y DE 16,30 A 19 H. EXCEPTOCARGA Y DESCARGA;-3.6786858120;40.4240313510
442436,7600000000;4475168,6900000000;01-12-2004;04  SALAMANCA;04-02 GOYA;GENERAL PARDIÑAS, CALLE, DEL;18;CargayDescarga;Línea;3;15;LABORABLES DE 8 A 14 H.Y DE 16,30 A 20 H.EXCEPTO CARGA Y DESCARGA;-3.6785856590;40.4251607080
442340,4600000000;4475139,6100000000;24-02-2003;04  SALAMANCA;04-02 GOYA;GOYA, CALLE, DE;42;CargayDescarga;Línea;3;15;LAB. DE 8 A 14 H. Y DE  16,30 A 19 H. EXCEPTO CARGA Y DESCARGA;-3.6797182240;40.4248924490
442409,3400000000;4475155,3100000000;01-12-2004;04  SALAMANCA;04-02 GOYA;GOYA, CALLE, DE;75;CargayDescarga;Línea;2;12;LAB. DE 8 A 14 H. Y DE 16,30 A 19 H. EXCEPTO CARGA Y DESCARGA;-3.6789076610;40.4250386110
442453,8500000000;4475131,6000000000;26-02-2003;04  SALAMANCA;04-02 GOYA;GOYA, CALLE, DE;52;CargayDescarga;Línea;3;15;LAB. DE 8 A 14 H. Y DE  16,30 A 19 H. EXCEPTO CARGA Y DESCARGA ;-3.6783808260;40.4248281060
442608,1600000000;4475121,2500000000;01-01-1900;04  SALAMANCA;04-02 GOYA;GOYA, CALLE, DE;70;CargayDescarga;Línea;4;21,3;EXCEPTO CARGA Y DESCARGA;-3.6765609400;40.4247450840
442524,0300000000;4475146,9400000000;18-07-2000;04  SALAMANCA;04-02 GOYA;GOYA, CALLE, DE;85;CargayDescarga;Línea;4;22,3;LABORABLES DE 8 A 14HY DE 16:30 A 19HEXCEPTO CARGA Y DESCARGA;-3.6775550220;40.4249713450
442764,8500000000;4475129,5700000000;20-10-2016;04  SALAMANCA;04-02 GOYA;GOYA, CALLE, DE;93;CargayDescarga;Línea;2;15;LABORABLES  DE 8:00 A 17:00 H. EXCEPTO CARGA Y DESCARGA PARADA TAXI RESTO DE HORARIO ;-3.6747146990;40.4248309710
442363,2400000000;4475278,8000000000;18-01-2001;04  SALAMANCA;04-02 GOYA;HERMOSILLA, CALLE, DE;65;CargayDescarga;Línea;3;15;LAB. DE 8 A 14 H. Y DE  16,30 A 19 H. EXCEPTO CARGA Y DESCARGA;-3.6794623410;40.4261479710
442461,0700000000;4475272,0000000000;16-01-2001;04  SALAMANCA;04-02 GOYA;HERMOSILLA, CALLE, DE;72;CargayDescarga;Línea;4;18,3;LAB. DE 8 A 14 H. Y DE  16,30 A 19 H. EXCEPTO CARGA Y DESCARGA ;-3.6783084620;40.4260935400
442662,0500000000;4475248,6600000000;30-08-2004;04  SALAMANCA;04-02 GOYA;HERMOSILLA, CALLE, DE;88;CargayDescarga;Batería;6;15;LAB. DE 8 A 14 H. Y DE 16,30 A 19 H. EXCEPTOCARGA Y DESCARGA;-3.6759371610;40.4258967870
442581,0000000000;4475263,7900000000;30-08-2004;04  SALAMANCA;04-02 GOYA;HERMOSILLA, CALLE, DE;85;CargayDescarga;Línea;3;15;LABORABLES DE 7 A 20 H. EXCEPTO CARGA Y DESCARGA;-3.6768940010;40.4260276500
442746,5900000000;4475251,4000000000;13-02-2004;04  SALAMANCA;04-02 GOYA;HERMOSILLA, CALLE, DE;99;CargayDescarga;Línea;3;15;LAB.DE 8 A 14 H. Y DE 16,30 A19 H. EXCEPTO CARGA Y DESCARGA;-3.6749408450;40.4259276690
443114,6900000000;4475223,9000000000;30-08-2004;04  SALAMANCA;04-02 GOYA;HERMOSILLA, CALLE, DE;125;CargayDescarga;Línea;3;15;LAB.DE 8 A 14 H. Y DE 16,30 A19 H. EXCEPTO CARGA Y DESCARGA;-3.6705993720;40.4257045020
443244,9900000000;4475214,2300000000;11-03-2003;04  SALAMANCA;04-02 GOYA;HERMOSILLA, CALLE, DE;137;CargayDescarga;Línea;3;15;LAB.DE 8 A 14 H. Y DE 16,30 A 19 H. EXCEPTO CARGA Y DESCARGA ;-3.6690625270;40.4256265230
442980,2200000000;4475233,9500000000;18-03-2008;04  SALAMANCA;04-02 GOYA;HERMOSILLA, CALLE, DE;109;CargayDescarga;Línea;3;17,5;LAB.DE 8 A 14 H. Y DE 16,30 A 19 H. EXCEPTO CARGA Y DESCARGA;-3.6721853190;40.4257861490
443074,9200000000;4475226,8700000000;27-06-1996;04  SALAMANCA;04-02 GOYA;HERMOSILLA, CALLE, DE;123;CargayDescarga;Línea;3;15,1;LAB.DE 8 A 14 H. Y DE 16,30 A19 H. EXCEPTO CARGA Y DESCARGA;-3.6710683950;40.4257291390
442805,7900000000;4475246,8800000000;29-05-2003;04  SALAMANCA;04-02 GOYA;HERMOSILLA, CALLE, DE;101;CargayDescarga;Línea;3;15;LAB.DE 8 A 14 H. Y DE 16,30 A19 H. EXCEPTO CARGA Y DESCARGA;-3.6742425810;40.4258908280
442920,7900000000;4475238,6000000000;12-12-2003;04  SALAMANCA;04-02 GOYA;HERMOSILLA, CALLE, DE;105;CargayDescarga;Línea;3;14;LAB.DE 8 A 14 H. Y DE 16,30 A 19 H. EXCEPTO CARGA Y DESCARGA;-3.6728862760;40.4258245370
443245,7400000000;4475130,8000000000;25-05-2001;04  SALAMANCA;04-02 GOYA;JARDIN DE SAN FEDERICO, CALLE, DEL;17;CargayDescarga;Línea;3;14,5;LAB.DE 8 A 14 H. Y DE 16,30 A19 H. EXCEPTO CARGA Y DESCARGA;-3.6690462550;40.4248752030
442317,0300000000;4474997,7400000000;05-12-2006;04  SALAMANCA;04-02 GOYA;JORGE JUAN, CALLE, DE;49;CargayDescarga;Línea;3;15,1;lab. de 8 a 14h. y de 16,30 a 19 h. excepto: CARGA Y                 DESCARGA;-3.6799814980;40.4236129770
442639,9500000000;4474965,5500000000;09-10-2000;04  SALAMANCA;04-02 GOYA;JORGE JUAN, CALLE, DE;78;CargayDescarga;Línea;3;15,1;LAB. DE 8 A 14 H. Y DE 16,30 A 19 H. EXCEPTO CARGA Y DESCARGA;-3.6761721310;40.4233447180
442563,3000000000;4474971,4200000000;04-06-2003;04  SALAMANCA;04-02 GOYA;JORGE JUAN, CALLE, DE;70;CargayDescarga;Línea;5;24;LAB. DE 8 A 14 H. Y DE 16,30 A 19 H. EXCEPTO CARGA Y DESCARGA ;-3.6770762010;40.4233928470
443227,5000000000;4474938,2300000000;31-07-2000;04  SALAMANCA;04-02 GOYA;JORGE JUAN, CALLE, DE;133;CargayDescarga;Batería;8;14,11;LAB. DE 8 A 14 H. Y DE 16,30 A 19 H. EXCEPTO CARGA Y DESCARGA ;-3.6692440400;40.4231389120
442780,3200000000;4474956,6100000000;02-02-2009;04  SALAMANCA;04-02 GOYA;JORGE JUAN, CALLE, DE;88;CargayDescarga;Línea;4;21;LAB. DE 8 A 14 H. Y DE 16,30 A19 H. EXCEPTO CARGA Y DESCARGA;-3.6745167990;40.4232744160
442912,8300000000;4474947,0500000000;10-03-2005;04  SALAMANCA;04-02 GOYA;JORGE JUAN, CALLE, DE;104;CargayDescarga;Línea;3;16;LAB. DE 8 A 14 H. Y DE 16,30 A19 H. EXCEPTO CARGA Y DESCARGA;-3.6729539420;40.4231968380
442954,9700000000;4475210,0900000000;29-01-2004;04  SALAMANCA;04-02 GOYA;LOMBIA, CALLE, DE;6;CargayDescarga;Batería;6;15;LAB.DE 8 A 14 H. Y DE 16,30 A19 H. EXCEPTO CARGA Y DESCARGA;-3.6724808510;40.4255700290
442538,0000000000;4475013,6300000000;31-08-2004;04  SALAMANCA;04-02 GOYA;LOPE DE RUEDA, CALLE, DE;2;CargayDescarga;Línea;3;12,79;LAB. DE 8 A 14 H. Y DE 16,30 A 19 H. EXCEPTOCARGA Y DESCARGA;-3.6773782650;40.4237712850
442542,5100000000;4474958,0000000000;28-01-2002;04  SALAMANCA;04-02 GOYA;LOPE DE RUEDA, CALLE, DE;5;CargayDescarga;Línea;3;14;LABORABLES DE 8 A 14 H. Y DE 16,30 A 19 H. EXCEPTO CARGA Y DESCARGA EN LINEA;-3.6773200520;40.4232703480
442526,5600000000;4474858,8000000000;21-01-2003;04  SALAMANCA;04-02 GOYA;LOPE DE RUEDA, CALLE, DE;16;CargayDescarga;Línea;3;15,3;LAB. DE 8 A 14 H. Y DE 16,30 A 19 H. EXCEPTO CARGA Y DESCARGA ;-3.6774991020;40.4223752160
442522,9300000000;4474802,2400000000;07-11-2000;04  SALAMANCA;04-02 GOYA;LOPE DE RUEDA, CALLE, DE;20;CargayDescarga;Línea;2;13,71;LAB. DE 8 A 14 H. Y DE 16,30 A 19 H. EXCEPTO CARGA Y DESCARGA ;-3.6775368020;40.4218652840
443065,6100000000;4474759,9100000000;05-11-2013;04  SALAMANCA;04-02 GOYA;MAESTRO VIVES, CALLE, DEL;8;CargayDescarga;Línea;3;16,16;LAB. DE 8 A 14 H. Y DE 16,30 A19 H. EXCEPTO CARGA Y DESCARGA;-3.6711362910;40.4215213370
442922,2800000000;4474831,6000000000;01-01-1900;04  SALAMANCA;04-02 GOYA;MAIQUEZ, CALLE, DE;10;CargayDescarga;Batería;4;10,8;LAB. DE 8 A 14 H. Y DE 16,30 A19 H. EXCEPTO CARGA Y DESCARGA;-3.6728321880;40.4221577220
443118,5200000000;4475509,6800000000;01-01-1900;04  SALAMANCA;04-02 GOYA;MARTIRES CONCEPCIONISTAS, CALLE, DE LAS;8;CargayDescarga;Línea;3;15,1;LAB.DE 8 A 14 H. Y DE 16,30 A 19 H. EXCEPTO CARGA Y DESCARGA;-3.6705797190;40.4282792030
443114,1200000000;4475440,5900000000;16-04-2014;04  SALAMANCA;04-02 GOYA;MARTIRES CONCEPCIONISTAS, CALLE, DE LAS;2;CargayDescarga;Línea;3;15;LABORABLES DE 8:00 A 17:00 HEXCEPTO CARGA Y DESCARGA.;-3.6706253840;40.4276570280
442307,1400000000;4474853,4100000000;27-01-2018;04  SALAMANCA;04-02 GOYA;MENENDEZ PELAYO, AVENIDA, DE;3;CargayDescarga;Línea;2;12;LABORABLES DE 8 A 17 H EXCEPTO CARGA Y DESCARGA;-3.6800849750;40.4223117330
442968,3200000000;4475520,6100000000;27-08-2002;04  SALAMANCA;04-02 GOYA;MONTESA, CALLE, DE;21;CargayDescarga;Línea;3;15;LAB.DE 8 A 14 H. Y DE 16,30 A 19 H. EXCEPTO CARGA Y DESCARGA;-3.6723513620;40.4283676100
442959,8200000000;4475404,7400000000;04-09-2002;04  SALAMANCA;04-02 GOYA;MONTESA, CALLE, DE;9;CargayDescarga;Línea;2;11,9;LAB.DE 8 A 14 H. Y DE 16,30 A19 H. EXCEPTO CARGA Y DESCARGA;-3.6724411450;40.4273232800
442965,7100000000;4475365,3300000000;22-03-2012;04  SALAMANCA;04-02 GOYA;MONTESA, CALLE, DE;6;CargayDescarga;Línea;3;15;laborables de 8 a 14 h y de 16.30 a 19h, excepto carga y descarga.;-3.6723682070;40.4269688480
443766,3100000000;4475663,6700000000;26-03-2003;04  SALAMANCA;04-03 FUENTE DEL BERRO;ALEJANDRO GONZALEZ, CALLE, DE;7;CargayDescarga;Línea;3;15;lab. de 8 a 14h. y de 16,30 a 19h. excepto:   CARGA Y                   DESCARGA;-3.6629569170;40.4297112530
443712,4900000000;4475698,5700000000;10-05-2019;04  SALAMANCA;04-03 FUENTE DEL BERRO;ALEJANDRO GONZALEZ, CALLE, DE;3;CargayDescarga;Línea;3;16,4;LAB.DE 8 A 14 H Y DE 16,30 A 19 H EXCEPTO CARGA Y DESCARGA;-3.6635945620;40.4300219110
443436,9200000000;4475083,3100000000;01-01-1900;04  SALAMANCA;04-03 FUENTE DEL BERRO;ANTONIO TOLEDANO, CALLE, DE;17;CargayDescarga;Línea;4;21;LABORABLESDE 8 A 14 Y DE 16.30 A 19 HEXCEPTOCARGA Y DESCARGA;-3.6667884000;40.4244607250
443436,6200000000;4475177,5800000000;23-10-2000;04  SALAMANCA;04-03 FUENTE DEL BERRO;ANTONIO TOLEDANO, CALLE, DE;3;CargayDescarga;Línea;3;14,3;LABORABLESDE 8 A 14 Y DE 16.30 A 19 HEXCEPTOCARGA Y DESCARGA;-3.6668003180;40.4253092760
443415,1500000000;4474922,8800000000;01-01-1900;04  SALAMANCA;04-03 FUENTE DEL BERRO;ANTONIO TOLEDANO, CALLE, DE;36;CargayDescarga;Línea;2;9;LAB. DE 8 A 14 H. Y DE 16,30 A 19 H. EXCEPTO CARGA Y DESCARGA;-3.6670307620;40.4230139500
443651,0900000000;4475687,3900000000;15-11-2004;04  SALAMANCA;04-03 FUENTE DEL BERRO;BOCANGEL, CALLE, DE;2;CargayDescarga;Línea;3;15,1;LAB.DE 8 A 14 H. Y DE 16,30 A 19 H. EXCEPTO CARGA Y DESCARGA;-3.6643173480;40.4299172890
443314,9400000000;4475111,1900000000;30-06-2003;04  SALAMANCA;04-03 FUENTE DEL BERRO;FUNDADORES, CALLE, DE LOS;3;CargayDescarga;Línea;3;15;LAB.DE 8 A 14 H. Y DE 16,30 A 19 H. EXCEPTO CARGA Y DESCARGA ;-3.6682287020;40.4247033160
443511,5300000000;4475186,2900000000;24-07-2000;04  SALAMANCA;04-03 FUENTE DEL BERRO;HERMOSILLA, CALLE, DE;142;CargayDescarga;Línea;2;8,1;LABORABLES DE 8 A 14 Y DE 16.30 A 19 H EXCEPTO CARGA Y DESCARGA;-3.6659180200;40.4253927560
443626,5900000000;4475493,4100000000;14-07-2021;04  SALAMANCA;04-03 FUENTE DEL BERRO;MARQUES DE MONDEJAR, CALLE, DEL;31;CargayDescarga;Línea;1;6;LAB. DE 8 A 13 H. Y DE 16.30 A 20 H. EXCEPTO CARGA Y DESCARGA;-3.6645890450;40.4281674760
443339,1200000000;4475352,2100000000;05-02-2002;04  SALAMANCA;04-03 FUENTE DEL BERRO;MARQUES DE ZAFRA, PASEO, DEL;5;CargayDescarga;Línea;1;19,4;LAB.DE 8 A 14 H. Y DE 16,30 A 19 H. EXCEPTO CARGA Y DESCARGA ;-3.6679651410;40.4268759720
443362,3200000000;4475343,0900000000;30-01-2002;04  SALAMANCA;04-03 FUENTE DEL BERRO;MARQUES DE ZAFRA, PASEO, DEL;7;CargayDescarga;Línea;5;20,97;LAB.DE 8 A 14 H. Y DE 16,30 A19 H. EXCEPTO CARGA Y DESCARGA;-3.6676908090;40.4267951270
443464,9900000000;4475302,4800000000;01-04-2005;04  SALAMANCA;04-03 FUENTE DEL BERRO;MARQUES DE ZAFRA, PASEO, DEL;17;CargayDescarga;Línea;3;13;LABORABLES DE 9 A 14 Y DE 16.30 A 20 H EXCEPTO CARGA Y DESCARGA;-3.6664770550;40.4264363980
443727,4700000000;4475197,6200000000;20-12-2018;04  SALAMANCA;04-03 FUENTE DEL BERRO;MARQUES DE ZAFRA, PASEO, DEL;41;CargayDescarga;Línea;2;15;LAB. DE 8 A 14 H EXCEPTO CARGA Y DESCARGA;-3.6633735720;40.4255096970
443671,0300000000;4475220,0300000000;20-12-2018;04  SALAMANCA;04-03 FUENTE DEL BERRO;MARQUES DE ZAFRA, PASEO, DEL;37;CargayDescarga;Línea;2;15;LAB. DE 8 A 14 H EXCEPTO CARGA Y DESCARGA;-3.6640408390;40.4257077110
443604,0400000000;4475236,3700000000;20-06-2019;04  SALAMANCA;04-03 FUENTE DEL BERRO;MARQUES DE ZAFRA, PASEO, DEL;28;CargayDescarga;Batería;3;15;LABORABLES DE 8 A 14 H Y DE 16.30 A 19 H EXCEPTO CARGA Y DESCARGA EN LÍNEA;-3.6648319790;40.4258507780
443504,0100000000;4475510,7900000000;07-07-2021;04  SALAMANCA;04-03 FUENTE DEL BERRO;PEDRO HEREDIA, CALLE, DE;4;CargayDescarga;Línea;3;15;LAB. DE 9 A 14 H. Y DE 16 A 20 H. EXCEPTO CARGA Y DESCARGA;-3.6660354770;40.4283155280
443491,3800000000;4475117,0600000000;15-11-1995;04  SALAMANCA;04-03 FUENTE DEL BERRO;PORVENIR, CALLE, DEL;7;CargayDescarga;Línea;3;13,3;LABORABLES DE 9 A 14 Y DE 16.30 A 20 H EXCEPTO CARGA Y DESCARGA;-3.6661494380;40.4247678310
443763,7200000000;4475336,7400000000;05-11-2013;04  SALAMANCA;04-03 FUENTE DEL BERRO;RAMON DE AGUINAGA, CALLE, DE;18;CargayDescarga;Línea;2;12,5;LABORABLES DE 8 A 17 H.EXCEPTO CARGA Y DESCARGA;-3.6629586930;40.4267657350
443419,7300000000;4475551,5100000000;27-05-2015;04  SALAMANCA;04-03 FUENTE DEL BERRO;RUFINO BLANCO, CALLE, DE;1;CargayDescarga;Línea;2;12,5;LABORABLES DE 8:00 A 17 H EXCEPTO CARGA Y DESCARGA EN LÍNEA;-3.6670327100;40.4286766630
443858,9000000000;4475265,4200000000;27-05-2004;04  SALAMANCA;04-03 FUENTE DEL BERRO;SANCHO DAVILA, CALLE, DE;28;CargayDescarga;Línea;3;15;LABORABLES DE 8 A 14 Y DE 16.30 A 19 H EXCEPTO CARGA Y DESCARGA;-3.6618302530;40.4261298090
443836,5000000000;4475490,0500000000;03-10-2016;04  SALAMANCA;04-03 FUENTE DEL BERRO;SANCHO DAVILA, CALLE, DE;10 B;CargayDescarga;Línea;2;12;LAB. DE 8:00 A 17:00 H EXCEPTO CARGA Y DESCARGA;-3.6621142110;40.4281518340
443850,5200000000;4475359,1900000000;31-07-2018;04  SALAMANCA;04-03 FUENTE DEL BERRO;SANCHO DAVILA, CALLE, DE;22;CargayDescarga;Línea;2;10;LABORABLES DE LUNES  A SÁBADOS DE 8:00 A 14:00 H.;-3.6619373960;40.4269732600
442732,3800000000;4476644,9800000000;02-01-2015;04  SALAMANCA;04-04 GUINDALERA;AMERICA, AVENIDA, DE;14;CargayDescarga;Línea;4;18,3;Laborables de 09:00 a 14:00 y de 16:30 a 20:00 ;-3.6752339700;40.4384806590
442911,9800000000;4476268,6600000000;16-05-2003;04  SALAMANCA;04-04 GUINDALERA;ARDEMANS, CALLE, DE;42;CargayDescarga;Línea;2;8,6;Laborables de 08:00 a 14:00 y de 16:30 a 19:00 ;-3.6730825710;40.4351030730
442834,1000000000;4476334,9900000000;18-02-2020;04  SALAMANCA;04-04 GUINDALERA;ARDEMANS, CALLE, DE;53;CargayDescarga;Línea;2;8,5;Laborables de 08:00 a 14:00 y de 16:30 a 19:00   ;-3.6740068660;40.4356952250
443041,8400000000;4476065,8400000000;01-01-1900;04  SALAMANCA;04-04 GUINDALERA;AZCONA, CALLE, DE;7;CargayDescarga;Línea;2;13,2;Laborables de 08:00 a 14:00 y de 16:30 a 19:00  ;-3.6715334650;40.4332842180
443008,2000000000;4476044,3900000000;10-11-2020;04  SALAMANCA;04-04 GUINDALERA;AZCONA, CALLE, DE;3;CargayDescarga;Línea;3;16,8;Laborables de 08:00 a 14:00 y de 16:30 a 19:00 ;-3.6719281760;40.4330891830
443871,3800000000;4476466,8900000000;10-11-2011;04  SALAMANCA;04-04 GUINDALERA;BRESCIA, CALLE, DE;Fte 21;CargayDescarga;Línea;3;15;Laborables de 08:00 a 14:00 y de 16:30 a 19:00 ;-3.6617892860;40.4369533250
443885,8500000000;4476906,9900000000;05-12-2007;04  SALAMANCA;04-04 GUINDALERA;BRISTOL, CALLE, DE;16;CargayDescarga;Línea;3;15;Laborables de 08:00 a 14:00 y de 16:30 a 19:00 ;-3.6616575630;40.4409191670
443821,2400000000;4476867,2400000000;03-06-2020;04  SALAMANCA;04-04 GUINDALERA;BRISTOL, CALLE, DE;17;CargayDescarga;Batería;3;13;Laborables de 09:00 a 14:00 y de 16:30 a 20:00 ;-3.6624158730;40.4405574020
443746,0900000000;4477030,5000000000;18-02-2003;04  SALAMANCA;04-04 GUINDALERA;BRUSELAS, AVENIDA, DE;72;CargayDescarga;Línea;4;16,2;Laborables de 09:00 a 14:00 y de 16:30 a 20:00 ;-3.6633163910;40.4420227410
443649,8300000000;4476494,1300000000;01-01-1900;04  SALAMANCA;04-04 GUINDALERA;BRUSELAS, AVENIDA, DE;43;CargayDescarga;Batería;6;23;Laborables de 09:00 a 14:00 y de 16:30 a 20:00 ;-3.6644037500;40.4371839410
443693,2600000000;4476540,3300000000;27-06-2017;04  SALAMANCA;04-04 GUINDALERA;BRUSELAS, AVENIDA, DE;45;CargayDescarga;Línea;3;15,1;Laborables de 08:00 a 14:00 y de 16:30 a 19:00 ;-3.6638958230;40.4376037470
443588,7800000000;4475710,1900000000;09-03-2005;04  SALAMANCA;04-04 GUINDALERA;CARDENAL BELLUGA, CALLE, DEL;2;CargayDescarga;Línea;3;15;Laborables de 09:00 a 20:00 ;-3.6650538850;40.4301183400
443084,0400000000;4476494,0500000000;29-04-2002;04  SALAMANCA;04-04 GUINDALERA;CARTAGENA, CALLE, DE;71;CargayDescarga;Línea;3;13,5;Laborables de 08:00 a 14:00 y de 16:30 a 19:00 ;-3.6710743540;40.4371450370
442990,6200000000;4476570,4800000000;18-05-2009;04  SALAMANCA;04-04 GUINDALERA;CARTAGENA, CALLE, DE;81;CargayDescarga;Línea;3;17,1;Laborables de 09:00 a 14:00 y de 16:30 a 19:00 ;-3.6721826260;40.4378268570
443138,3900000000;4476065,1600000000;03-06-1999;04  SALAMANCA;04-04 GUINDALERA;CARTAGENA, CALLE, DE;30;CargayDescarga;Línea;1;9,9;Laborables de 09:00 a 14:00 ;-3.6703951700;40.4332847910
443149,5000000000;4476246,4900000000;28-11-2001;04  SALAMANCA;04-04 GUINDALERA;CARTAGENA, CALLE, DE;35;CargayDescarga;Línea;2;9,9;Laborables de 08:00 a 14:00 y de 16:30 a 19:00 ;-3.6702804060;40.4349192680
443238,4800000000;4476370,7400000000;16-01-2001;04  SALAMANCA;04-04 GUINDALERA;CONDE DE VILCHES, CALLE, DEL;12;CargayDescarga;Línea;2;8,1;Laborables de 08:00 a 14:00 y de 16:30 a 19:00 ;-3.6692424930;40.4360444420
442740,2900000000;4476533,4200000000;01-03-2011;04  SALAMANCA;04-04 GUINDALERA;COSLADA, CALLE, DE;7;CargayDescarga;Línea;2;12,1;Laborables de 08:00 a 14:00 y de 16:30 a 19:00 ;-3.6751305510;40.4374763210
442905,8500000000;4476631,5800000000;26-02-2020;04  SALAMANCA;04-04 GUINDALERA;COSLADA, CALLE, DE;21;CargayDescarga;Línea;2;15,4;Laborables de 08:00 a 20:00 ;-3.6731875370;40.4383721410
443356,4100000000;4475659,8300000000;14-02-2003;04  SALAMANCA;04-04 GUINDALERA;DOCTOR GOMEZ ULLA, CALLE, DEL;12;CargayDescarga;Línea;6;28,5;Laborables de 08:00 a 14:00 y de 16:30 a 19:00 ;-3.6677887850;40.4296485720
443168,9200000000;4476214,4700000000;07-11-2001;04  SALAMANCA;04-04 GUINDALERA;ERASO, CALLE, DE;16;CargayDescarga;Línea;2;8,4;Laborables de 08:00 a 14:00 y de 16:30 a 19:00 ;-3.6700485880;40.4346322160
442958,1200000000;4476080,1700000000;30-06-2006;04  SALAMANCA;04-04 GUINDALERA;ERASO, CALLE, DE;1;CargayDescarga;Línea;4;20;Excepto carga y descarga servicio hospital;-3.6725217030;40.4334075760
443078,2900000000;4476157,0000000000;27-10-2021;04  SALAMANCA;04-04 GUINDALERA;ERASO, CALLE, DE;14;CargayDescarga;Línea;3;13,5;Lab de 7 a 14.30 h;-3.6711118830;40.4341079020
443060,7400000000;4476145,8000000000;27-10-2021;04  SALAMANCA;04-04 GUINDALERA;ERASO, CALLE, DE;12;CargayDescarga;Línea;2;6,4;Lab de 7 a 14.30 h;-3.6713178040;40.4340058580
442960,7800000000;4476160,3200000000;02-04-2009;04  SALAMANCA;04-04 GUINDALERA;FERRER DEL RIO, CALLE, DE;5;CargayDescarga;Línea;3;13;Laborables de 08:00 a 14:00 y de 16:30 a 19:00;-3.6724976380;40.4341299610
443058,4900000000;4476260,2100000000;26-11-2020;04  SALAMANCA;04-04 GUINDALERA;FERRER DEL RIO, CALLE, DE;21;CargayDescarga;Línea;2;9;Laborables de 08:00 a 17:00 ;-3.6713545880;40.4350367240
443139,7300000000;4475805,8100000000;01-01-1900;04  SALAMANCA;04-04 GUINDALERA;FRANCISCO NAVACERRADA, CALLE, DE;1;CargayDescarga;Línea;1;7;Laborables de 08:00 a 14:00 y de 16:30 a 19:00  ;-3.6703562090;40.4309486130
443387,9600000000;4475841,3200000000;13-02-2003;04  SALAMANCA;04-04 GUINDALERA;FRANCISCO NAVACERRADA, CALLE, DE;45;CargayDescarga;Línea;3;15;Laborables de 08:00 a 14:00 y de 16:30 a 19:00 ;-3.6674329780;40.4312852830
443507,8800000000;4475858,5500000000;13-02-2003;04  SALAMANCA;04-04 GUINDALERA;FRANCISCO NAVACERRADA, CALLE, DE;55;CargayDescarga;Línea;3;15,1;Laborables de 08:00 a 14:00 y de 16:30 a 19:00 ;-3.6660208090;40.4314488620
443454,4600000000;4476148,1100000000;29-09-2014;04  SALAMANCA;04-04 GUINDALERA;FRANCISCO SANTOS, CALLE, DE;11;CargayDescarga;Línea;3;13;Laborables de 08:00 a 17:00;-3.6666764440;40.4340535860
442877,7200000000;4476169,9300000000;01-06-2018;04  SALAMANCA;04-04 GUINDALERA;JOSE PICON, CALLE, DE;1;CargayDescarga;Línea;2;12;Laborables de 08:00 a 14:00 y de 16:30 a 19:00 ;-3.6734776250;40.4342108050
443445,0400000000;4475883,1000000000;14-02-2003;04  SALAMANCA;04-04 GUINDALERA;LONDRES, CALLE, DE;46;CargayDescarga;Línea;3;17;Laborables de 08:00 a 14:00 y de 16:30 a 19:00 ;-3.6667637630;40.4316660710
443076,1800000000;4476009,6200000000;01-01-1900;04  SALAMANCA;04-04 GUINDALERA;MARTINEZ IZQUIERDO, CALLE, DE;9;CargayDescarga;Línea;2;9,9;Laborables de 08:00 a 14:00 y de 16:30 a 19:00  ;-3.6711235710;40.4327801870
442946,9100000000;4476549,9400000000;01-07-2003;04  SALAMANCA;04-04 GUINDALERA;MEJICO, CALLE, DE;43;CargayDescarga;Línea;3;20,2;Laborables de 08:00 a 14:00 y de 16:30 a 19:00 ;-3.6726961680;40.4376395570
442742,0400000000;4476324,3600000000;01-01-1900;04  SALAMANCA;04-04 GUINDALERA;MEJICO, CALLE, DE;1;CargayDescarga;Línea;3;14,3;Laborables de 09:00 a 14:00 y de 16:30 a 20:00 ;-3.6750911890;40.4355930660
442864,7700000000;4476449,1000000000;31-12-2009;04  SALAMANCA;04-04 GUINDALERA;MEJICO, CALLE, DE;17;CargayDescarga;Línea;2;8,6;Laborables de 09:00 a 14:00 y de 16:30 a 20:00 ;-3.6736554710;40.4367248300
443474,6100000000;4475953,6500000000;14-02-2003;04  SALAMANCA;04-04 GUINDALERA;TOREROS, AVENIDA, DE LOS;45;CargayDescarga;Línea;3;20,8;Laborables de 08:00 a 14:00 y de 16:30 a 19:00 ;-3.6664215360;40.4323036580
443278,4900000000;4475925,5200000000;17-10-2017;04  SALAMANCA;04-04 GUINDALERA;TOREROS, AVENIDA, DE LOS;16;CargayDescarga;Línea;3;15;Laborables de 08:00 a 14:00 ;-3.6687310710;40.4320369460
443544,0100000000;4476292,4900000000;19-02-2003;04  SALAMANCA;04-04 GUINDALERA;VILLAFRANCA, CALLE, DE;22;CargayDescarga;Línea;5;23;Laborables de 08:00 a 14:00 y de 16:30 a 19:00 ;-3.6656333750;40.4353601590
443553,2600000000;4476292,3100000000;26-05-2004;04  SALAMANCA;04-04 GUINDALERA;VILLAFRANCA, CALLE, DE;22;CargayDescarga;Línea;3;19;Laborables de 08:00 a 14:00 y de 16:30 a 19:00 ;-3.6655243980;40.4353594140
442846,5500000000;4475614,7300000000;01-01-1900;04  SALAMANCA;04-05 LISTA;ALCANTARA, CALLE, DE;36;CargayDescarga;Línea;2;12;Laborables de 08:00 a 14:00 y de 16:30 a 19:00 ;-3.6737952160;40.4292075090
442868,8700000000;4475799,0400000000;02-06-2000;04  SALAMANCA;04-05 LISTA;ALCANTARA, CALLE, DE;56;CargayDescarga;Línea;3;17,7;Laborables de 08:00 a 14:00 y de 16:30 a 19:00 ;-3.6735486720;40.4308694870
442878,1700000000;4475929,3700000000;01-01-1900;04  SALAMANCA;04-05 LISTA;ALCANTARA, CALLE, DE;72;CargayDescarga;Línea;3;15,7;Laborables de 08:00 a 14:00 y de 16:30 a 19:00 ;-3.6734506960;40.4320436500
442871,6800000000;4475843,6900000000;04-02-2000;04  SALAMANCA;04-05 LISTA;ALCANTARA, CALLE, DE;60;CargayDescarga;Línea;3;15,1;Laborables de 08:00 a 14:00 y de 16:30 a 19:00 ;-3.6735195090;40.4312721050
442651,7100000000;4476224,1900000000;02-08-1999;04  SALAMANCA;04-05 LISTA;DIEGO DE LEON, CALLE, DE;59;CargayDescarga;Línea;3;14,2;Laborables de 08:00 a 14:00 y de 16:30 a 19:00   ;-3.6761470930;40.4346841830
442540,4700000000;4476212,6600000000;02-08-1999;04  SALAMANCA;04-05 LISTA;DIEGO DE LEON, CALLE, DE;56;CargayDescarga;Línea;3;15;Laborables de 09:00 a 14:30 y de 16:30 a 20:00 ;-3.6774573900;40.4345725710
442562,4200000000;4475574,1700000000;19-01-2001;04  SALAMANCA;04-05 LISTA;DON RAMON DE LA CRUZ, CALLE, DE;67;CargayDescarga;Línea;3;15,3;Laborables de 08:00 a 14:00 y de 16:30 a 19:00 ;-3.6771409460;40.4288223670
442600,1400000000;4475571,3300000000;19-01-2001;04  SALAMANCA;04-05 LISTA;DON RAMON DE LA CRUZ, CALLE, DE;69;CargayDescarga;Línea;3;15,2;Laborables de 08:00 a 14:00 y de 16:30 a 19:00 ;-3.6766961010;40.4287989900
443202,5900000000;4475528,4500000000;16-12-2006;04  SALAMANCA;04-05 LISTA;DON RAMON DE LA CRUZ, CALLE, DE;117;CargayDescarga;Línea;2;9,6;Laborables de 08:00 a 14:00 y de 16:30 a 19:00 ;-3.6695903930;40.4284545850
442867,1400000000;4475551,9200000000;01-09-2004;04  SALAMANCA;04-05 LISTA;DON RAMON DE LA CRUZ, CALLE, DE;91;CargayDescarga;Línea;3;15;Laborables de 08:00 a 14:00 y de 16:30 a 19:00 ;-3.6735468960;40.4286425720
443096,3500000000;4475536,0900000000;13-03-2003;04  SALAMANCA;04-05 LISTA;DON RAMON DE LA CRUZ, CALLE, DE;109;CargayDescarga;Línea;3;15;Laborables de 08:00 a 14:00 y de 16:30 a 19:00 ;-3.6708433950;40.4285164640
442736,6700000000;4475561,6100000000;01-01-1900;04  SALAMANCA;04-05 LISTA;DON RAMON DE LA CRUZ, CALLE, DE;81;CargayDescarga;Línea;3;14,3;Laborables de 08:00 a 14:00 y de 16:30 a 19:00  ;-3.6750858030;40.4287215260
442622,3100000000;4476078,8000000000;20-10-1998;04  SALAMANCA;04-05 LISTA;GENERAL DIAZ PORLIER, CALLE, DEL;80 B;CargayDescarga;Batería;5;16,6;Laborables de 09:00 a 14:00 y de 16:30 a 20:00   ;-3.6764805540;40.4333724540
442625,9100000000;4476130,2600000000;26-06-2000;04  SALAMANCA;04-05 LISTA;GENERAL DIAZ PORLIER, CALLE, DEL;93;CargayDescarga;Línea;2;12,9;Laborables de 07:30 a 12:30 ;-3.6764428540;40.4338365490
442624,8300000000;4476242,2200000000;18-10-2005;04  SALAMANCA;04-05 LISTA;GENERAL DIAZ PORLIER, CALLE, DEL;99;CargayDescarga;Línea;3;15;Laborables de 08:00 a 14:00 y de 16:30 a 19:00 ;-3.6764656000;40.4348450700
442598,9100000000;4475864,4100000000;11-12-2002;04  SALAMANCA;04-05 LISTA;GENERAL DIAZ PORLIER, CALLE, DEL;67;CargayDescarga;Línea;3;17,1;Laborables de 08:00 a 14:00 y de 16:30 a 19:00 ;-3.6767371250;40.4314391220
442579,0400000000;4475590,6500000000;15-03-2000;04  SALAMANCA;04-05 LISTA;GENERAL DIAZ PORLIER, CALLE, DEL;45;CargayDescarga;Línea;3;15;Laborables de 08:00 a 14:00 y de 16:30 a 19:00 ;-3.6769465980;40.4289716220
442595,2000000000;4475818,5400000000;12-09-1997;04  SALAMANCA;04-05 LISTA;GENERAL DIAZ PORLIER, CALLE, DEL;65;CargayDescarga;Línea;3;17;Laborables de 08:00 a 14:00 y de 16:30 a 19:00  ;-3.6767767160;40.4310261340
442588,5100000000;4475722,1900000000;23-10-2012;04  SALAMANCA;04-05 LISTA;GENERAL DIAZ PORLIER, CALLE, DEL;55;CargayDescarga;Línea;3;15;Laborables de 08:00 a 14:00 y de 16:30 a 19:00 ;-3.6768468460;40.4301578170
442616,8100000000;4476344,7600000000;12-03-2003;04  SALAMANCA;04-05 LISTA;GENERAL ORAA, CALLE, DEL;84;CargayDescarga;Batería;6;15,1;Laborables de 08:00 a 14:00 y de 16:30 a 19:00  ;-3.6765694200;40.4357679900
442532,1600000000;4476492,2100000000;30-03-2005;04  SALAMANCA;04-05 LISTA;GENERAL PARDIÑAS, CALLE, DEL;105;CargayDescarga;Línea;3;12,8;Laborables de 08:00 a 17:00 ;-3.6775808630;40.4370901480
442514,2200000000;4476377,0400000000;10-03-2003;04  SALAMANCA;04-05 LISTA;GENERAL PARDIÑAS, CALLE, DEL;93;CargayDescarga;Batería;6;14,9;Laborables de 08:00 a 17:00  ;-3.6777819130;40.4360512600
442520,2400000000;4476336,0800000000;05-05-2000;04  SALAMANCA;04-05 LISTA;GENERAL PARDIÑAS, CALLE, DEL;108;CargayDescarga;Línea;3;16,2;Laborables de 08:00 a 17:00 ;-3.6777072000;40.4356832500
442488,2700000000;4476020,4700000000;06-09-2000;04  SALAMANCA;04-05 LISTA;GENERAL PARDIÑAS, CALLE, DEL;90;CargayDescarga;Batería;6;14,3;Laborables de 08:00 a 14:00 y de 16:30 a 19:00 ;-3.6780555580;40.4328378270
442505,4200000000;4476127,5500000000;01-01-1900;04  SALAMANCA;04-05 LISTA;GENERAL PARDIÑAS, CALLE, DEL;94;CargayDescarga;Línea;3;16,2;Laborables de 08:00 a 14:00 y de 16:30 a 19:00  ;-3.6778630440;40.4338038340
442473,2800000000;4475682,7900000000;01-01-1900;04  SALAMANCA;04-05 LISTA;GENERAL PARDIÑAS, CALLE, DEL;66;CargayDescarga;Línea;4;16,6;Laborables de 08:00 a 14:00 y de 16:30 a 19:00  ;-3.6782016620;40.4297951340
442458,4100000000;4475601,7400000000;15-03-2000;04  SALAMANCA;04-05 LISTA;GENERAL PARDIÑAS, CALLE, DEL;41;CargayDescarga;Batería;6;12;Laborables de 08:00 a 14:00 y de 16:30 a 19:00 ;-3.6783695960;40.4290632380
442486,1500000000;4475867,6500000000;07-09-2000;04  SALAMANCA;04-05 LISTA;GENERAL PARDIÑAS, CALLE, DEL;80;CargayDescarga;Línea;1;8,4;Laborables de 08:00 a 14:00 y de 16:30 a 19:00  ;-3.6780667310;40.4314608950
442479,8500000000;4475778,7700000000;05-01-2005;04  SALAMANCA;04-05 LISTA;GENERAL PARDIÑAS, CALLE, DEL;72;CargayDescarga;Línea;2;12,1;Laborables de 08:00 a 14:00 y de 16:30 a 19:00 ;-3.6781329070;40.4306594980
442805,6800000000;4475693,2400000000;10-05-2004;04  SALAMANCA;04-05 LISTA;JOSE ORTEGA Y GASSET, CALLE, DE;63;CargayDescarga;Línea;3;15;Laborables de 08:00 a 14:00 y de 16:30 a 19:00 ;-3.6742840630;40.4299116170
442764,2000000000;4475681,3200000000;23-01-2001;04  SALAMANCA;04-05 LISTA;JOSE ORTEGA Y GASSET, CALLE, DE;66;CargayDescarga;Línea;3;14,9;Laborables de 08:00 a 17:00 ;-3.6747719940;40.4298013220
443028,0500000000;4475677,3200000000;27-03-2015;04  SALAMANCA;04-05 LISTA;JOSE ORTEGA Y GASSET, CALLE, DE;85;CargayDescarga;Línea;2;14;Laborables de 09:00 a 17:00 ;-3.6716612350;40.4297834460
442875,5400000000;4475688,1000000000;14-10-2019;04  SALAMANCA;04-05 LISTA;JOSE ORTEGA Y GASSET, CALLE, DE;69;CargayDescarga;Línea;2;13,4;Laborables de 08:00 a 14:30 ;-3.6734599780;40.4298698480
442713,2000000000;4475986,8200000000;31-05-2000;04  SALAMANCA;04-05 LISTA;JUAN BRAVO, CALLE, DE;53;CargayDescarga;Línea;3;15,3;Laborables de 08:00 a 14:00 y de 16:30 a 19:00 ;-3.6754007010;40.4325500870
442471,0500000000;4476004,3100000000;09-12-2004;04  SALAMANCA;04-05 LISTA;JUAN BRAVO, CALLE, DE;37;CargayDescarga;Línea;3;15;Laborables de 08:00 a 14:00 y de 16:30 a 19:00  ;-3.6782569530;40.4326906910
442392,4300000000;4475983,9200000000;16-05-2007;04  SALAMANCA;04-05 LISTA;JUAN BRAVO, CALLE, DE;32;CargayDescarga;Línea;3;16;Laborables de 08:00 a 14:00 y de 16:30 a 19:00 ;-3.6791819930;40.4325018440
442766,8200000000;4475983,4300000000;07-05-2001;04  SALAMANCA;04-05 LISTA;JUAN BRAVO, CALLE, DE;55;CargayDescarga;Línea;3;14;Laborables de 08:00 a 14:00 y de 16:30 a 19:00  ;-3.6747683270;40.4325232730
442540,2100000000;4475973,3800000000;23-01-2001;04  SALAMANCA;04-05 LISTA;JUAN BRAVO, CALLE, DE;42;CargayDescarga;Línea;3;14,4;Laborables de 08:00 a 14:00 y de 16:30 a 19:00  ;-3.6774388840;40.4324166450
442828,0000000000;4475952,6200000000;18-10-2010;04  SALAMANCA;04-05 LISTA;JUAN BRAVO, CALLE, DE;60;CargayDescarga;Línea;3;15,1;Laborables de 08:00 a 14:00 y de 16:30 a 19:00 ;-3.6740443380;40.4322500290
442717,2300000000;4476086,8600000000;01-01-1900;04  SALAMANCA;04-05 LISTA;MALDONADO, CALLE, DE;54;CargayDescarga;Línea;4;19,7;Laborables de 08:00 a 14:00 y de 16:30 a 19:00 ;-3.6753621980;40.4334512930
442521,7000000000;4476110,4600000000;20-12-2004;04  SALAMANCA;04-05 LISTA;MALDONADO, CALLE, DE;59;CargayDescarga;Línea;3;15;Laborables de 08:00 a 14:00 y de 16:30 a 19:00 ;-3.6776695560;40.4336511980
442481,4100000000;4476113,7800000000;17-02-1999;04  SALAMANCA;04-05 LISTA;MALDONADO, CALLE, DE;55;CargayDescarga;Línea;3;13,3;Laborables de 08:00 a 14:00 y de 16:30 a 19:00 ;-3.6781449400;40.4336775540
442828,1700000000;4476088,0800000000;27-04-2000;04  SALAMANCA;04-05 LISTA;MALDONADO, CALLE, DE;79;CargayDescarga;Línea;6;30,4;Laborables de 08:00 a 14:00 y de 16:30 a 19:00 ;-3.6740544790;40.4334699710
442596,1100000000;4476105,0200000000;19-10-2011;04  SALAMANCA;04-05 LISTA;MALDONADO, CALLE, DE;65;CargayDescarga;Línea;3;15;Laborables de 08:00 a 14:00 y de 16:30 a 19:00 ;-3.6767918420;40.4336069650
442970,6800000000;4475558,2700000000;18-02-2004;04  SALAMANCA;04-05 LISTA;MONTESA, CALLE, DE;23;CargayDescarga;Línea;2;11;Laborables de 08:00 a 14:00 y de 16:30 a 19:00 ;-3.6723268970;40.4287073740
442977,1300000000;4475650,6800000000;23-01-2001;04  SALAMANCA;04-05 LISTA;MONTESA, CALLE, DE;33;CargayDescarga;Línea;3;15;Laborables de 08:00 a 14:00 y de 16:30 a 19:00 ;-3.6722591160;40.4295398820
442501,2900000000;4475852,6700000000;07-09-2000;04  SALAMANCA;04-05 LISTA;PADILLA, CALLE, DE;33;CargayDescarga;Línea;3;14,3;Laborables de 08:00 a 14:00 y de 16:30 a 19:00 ;-3.6778868220;40.4313271660
442704,8200000000;4475837,9700000000;01-01-1900;04  SALAMANCA;04-05 LISTA;PADILLA, CALLE, DE;47;CargayDescarga;Línea;2;10,9;Laborables de 08:00 a 14:00 y de 16:30 a 19:00 ;-3.6754860720;40.4312089080
442844,0200000000;4475818,3500000000;04-02-2000;04  SALAMANCA;04-05 LISTA;PADILLA, CALLE, DE;74;CargayDescarga;Línea;3;15,1;Laborables de 08:00 a 14:00 y de 16:30 a 19:00 ;-3.6738434020;40.4310417190
442754,9100000000;4475825,0700000000;29-10-1998;04  SALAMANCA;04-05 LISTA;PADILLA, CALLE, DE;49;CargayDescarga;Línea;3;13,3;Laborables de 08:00 a 14:00 y de 16:30 a 19:00 ;-3.6748944930;40.4310961500
442886,9200000000;4475815,2200000000;02-06-2000;04  SALAMANCA;04-05 LISTA;PADILLA, CALLE, DE;76;CargayDescarga;Línea;2;11,7;Laborables de 08:00 a 14:00 y de 16:30 a 19:00 ;-3.6733373650;40.4310160500
443031,5700000000;4475804,8900000000;19-01-2017;04  SALAMANCA;04-05 LISTA;PADILLA, CALLE, DE;88;CargayDescarga;Línea;4;18,7;Laborables de 08:00 a 14:00 y de 16:30 a 19:00 ;-3.6716310970;40.4309327990
441625,5800000000;4475933,4800000000;07-11-1997;04  SALAMANCA;04-06 CASTELLANA;CASTELLANA, PASEO, DE LA;32;CargayDescarga;Línea;7;36,6;Laborables de 08:00 a 14:00 y de 16:30 a 19:00 ;-3.6882178810;40.4319938600
441645,5600000000;4476082,6600000000;14-06-2001;04  SALAMANCA;04-06 CASTELLANA;CASTELLANA, PASEO, DE LA;42;CargayDescarga;Línea;3;15,6;Laborables de 08:00 a 14:00 y de 16:30 a 19:00 ;-3.6879959750;40.4333390500
442287,5800000000;4476513,2000000000;01-04-2004;04  SALAMANCA;04-06 CASTELLANA;CASTELLO, CALLE, DE;124;CargayDescarga;Línea;3;15;Laborables de 08:00 a 14:00 y de 16:30 a 19:00  ;-3.6804662780;40.4372629520
442253,1700000000;4476144,1700000000;21-07-2000;04  SALAMANCA;04-06 CASTELLANA;CASTELLO, CALLE, DE;99;CargayDescarga;Línea;3;14,5;Laborables de 08:00 a 14:00 y de 16:30 a 19:00  ;-3.6808383570;40.4339360720
442275,9100000000;4476353,0700000000;21-10-1998;04  SALAMANCA;04-06 CASTELLANA;CASTELLO, CALLE, DE;112;CargayDescarga;Línea;3;14,5;Laborables de 09:00 a 14:00 y de 16:30 a 19:00 ;-3.6805891780;40.4358192700
442259,7200000000;4476108,4800000000;01-01-1900;04  SALAMANCA;04-06 CASTELLANA;CASTELLO, CALLE, DE;88;CargayDescarga;Batería;3;8,6;Laborables de 08:00 a 14:00 y de 16:30 a 19:00  ;-3.6807579140;40.4336145280
442267,0800000000;4476218,7900000000;01-12-2004;04  SALAMANCA;04-06 CASTELLANA;CASTELLO, CALLE, DE;102;CargayDescarga;Batería;6;15;Laborables de 08:00 a 14:00 y de 16:30 a 19:00 ;-3.6806810800;40.4346090680
442270,4500000000;4476267,7600000000;01-12-2004;04  SALAMANCA;04-06 CASTELLANA;CASTELLO, CALLE, DE;104;CargayDescarga;Batería;6;13,9;Laborables de 08:00 a 14:00 y de 16:30 a 19:00 ;-3.6806459000;40.4350507040
442281,6100000000;4476433,0700000000;21-02-2003;04  SALAMANCA;04-06 CASTELLANA;CASTELLO, CALLE, DE;118;CargayDescarga;Batería;7;18;Laborables de 08:00 a 14:00 y de 16:30 a 19:00 ;-3.6805292460;40.4365399360
442239,4300000000;4475949,3500000000;01-01-1900;04  SALAMANCA;04-06 CASTELLANA;CASTELLO, CALLE, DE;83;CargayDescarga;Línea;3;16,5;Laborables de 09:00 a 12:00 ;-3.6809825700;40.4321802430
442219,0800000000;4475670,8700000000;01-01-1900;04  SALAMANCA;04-06 CASTELLANA;CASTELLO, CALLE, DE;73;CargayDescarga;Línea;2;11,6;Laborables de 08:00 a 14:00 y de 16:30 a 19:00 ;-3.6811972580;40.4296700000
441878,0700000000;4476385,1600000000;12-12-1995;04  SALAMANCA;04-06 CASTELLANA;CLAUDIO COELLO, CALLE, DE;114;CargayDescarga;Línea;3;15;Laborables de 08:00 a 14:00 y de 16:30 a 19:00 ;-3.6852825040;40.4360804240
441832,7000000000;4475875,7900000000;14-10-2003;04  SALAMANCA;04-06 CASTELLANA;CLAUDIO COELLO, CALLE, DE;101;CargayDescarga;Línea;3;16;Laborables de 08:00 a 14:00 y de 16:30 a 19:00 ;-3.6857708930;40.4314889120
441853,9100000000;4476172,8400000000;29-10-2012;04  SALAMANCA;04-06 CASTELLANA;CLAUDIO COELLO, CALLE, DE;102;CargayDescarga;Línea;3;15;Laborables de 08:00 a 14:00 ;-3.6855479550;40.4341662870
441820,0600000000;4475725,3500000000;29-10-2012;04  SALAMANCA;04-06 CASTELLANA;CLAUDIO COELLO, CALLE, DE;89;CargayDescarga;Línea;4;21;Laborables de 08:00 a 14:00 ;-3.6859060540;40.4301325490
442108,4100000000;4476243,4000000000;05-03-2003;04  SALAMANCA;04-06 CASTELLANA;DIEGO DE LEON, CALLE, DE;24;CargayDescarga;Línea;4;22,6;Laborables de 08:00 a 14:00 y de 16:30 a 19:00 ;-3.6825539640;40.4348196880
441878,8300000000;4475623,6500000000;01-12-2004;04  SALAMANCA;04-06 CASTELLANA;DON RAMON DE LA CRUZ, CALLE, DE;13;CargayDescarga;Línea;3;15;Laborables de 08:00 a 14:00 y de 16:30 a 19:00  ;-3.6852039510;40.4292202280
442024,7000000000;4475612,9300000000;08-07-2003;04  SALAMANCA;04-06 CASTELLANA;DON RAMON DE LA CRUZ, CALLE, DE;21;CargayDescarga;Línea;3;15;Laborables de 08:00 a 14:00 y de 16:30 a 19:00  ;-3.6834834170;40.4291345710
442132,7400000000;4475605,0900000000;08-05-2003;04  SALAMANCA;04-06 CASTELLANA;DON RAMON DE LA CRUZ, CALLE, DE;29;CargayDescarga;Línea;3;13,1;Laborables de 08:00 a 14:00 y de 16:30 a 19:00 ;-3.6822089860;40.4290711450
442304,3100000000;4475592,9100000000;09-04-2003;04  SALAMANCA;04-06 CASTELLANA;DON RAMON DE LA CRUZ, CALLE, DE;43;CargayDescarga;Línea;3;13;Laborables de 08:00 a 14:00 y de 16:30 a 19:00 ;-3.6801854710;40.4289736270
441940,7000000000;4476395,3100000000;17-10-2000;04  SALAMANCA;04-06 CASTELLANA;GENERAL ORAA, CALLE, DEL;22;CargayDescarga;Batería;6;15;Laborables de 08:00 a 14:00 y de 16:30 a 19:00  ;-3.6845451650;40.4361765660
441908,9300000000;4476406,8900000000;16-01-2004;04  SALAMANCA;04-06 CASTELLANA;GENERAL ORAA, CALLE, DEL;21;CargayDescarga;Línea;3;19,8;Laborables de 08:00 a 14:00 y de 16:30 a 19:00  ;-3.6849207380;40.4362783240
442252,4800000000;4476372,4800000000;05-03-2003;04  SALAMANCA;04-06 CASTELLANA;GENERAL ORAA, CALLE, DEL;48;CargayDescarga;Línea;3;15;Laborables de 08:00 a 14:00 y de 16:30 a 19:00 ;-3.6808671770;40.4359924750
442293,0800000000;4476378,5200000000;21-02-2003;04  SALAMANCA;04-06 CASTELLANA;GENERAL ORAA, CALLE, DEL;47;CargayDescarga;Línea;3;15,1;Laborables de 08:00 a 14:00 y de 16:30 a 19:00  ;-3.6803891580;40.4360500570
442080,2100000000;4476394,6800000000;19-04-2000;04  SALAMANCA;04-06 CASTELLANA;GENERAL ORAA, CALLE, DEL;33;CargayDescarga;Línea;2;10,3;Laborables de 08:00 a 14:00 y de 16:30 a 19:00  ;-3.6829002600;40.4361804050
442359,9800000000;4476373,4300000000;18-10-2005;04  SALAMANCA;04-06 CASTELLANA;GENERAL ORAA, CALLE, DEL;51;CargayDescarga;Línea;3;15;Laborables de 08:00 a 14:00 y de 16:30 a 19:00 ;-3.6795999660;40.4360081740
441987,6300000000;4476401,3000000000;30-03-2012;04  SALAMANCA;04-06 CASTELLANA;GENERAL ORAA, CALLE, DEL;27;CargayDescarga;Línea;3;15,3;Laborables de 08:00 a 14:00 y de 16:30 a 19:00 ;-3.6839923750;40.4362337480
442335,7000000000;4476014,1300000000;21-10-2017;04  SALAMANCA;04-06 CASTELLANA;JUAN BRAVO, CALLE, DE;27;CargayDescarga;Línea;3;14,9;Laborables de 08:00 a 14:00 ;-3.6798535570;40.4327698170
441944,2900000000;4476127,8000000000;01-01-1900;04  SALAMANCA;04-06 CASTELLANA;LAGASCA, CALLE, DE;106;CargayDescarga;Línea;3;15;Laborables de 08:00 a 14:00 y de 16:30 a 19:00  ;-3.6844782430;40.4337665340
441957,1300000000;4476417,3500000000;20-10-1998;04  SALAMANCA;04-06 CASTELLANA;LAGASCA, CALLE, DE;121;CargayDescarga;Batería;6;14,9;Laborables de 08:00 a 14:00 y de 16:30 a 19:00  ;-3.6843533960;40.4363766430
441963,1800000000;4476379,7900000000;24-03-1999;04  SALAMANCA;04-06 CASTELLANA;LAGASCA, CALLE, DE;128;CargayDescarga;Línea;3;14,9;Laborables de 08:00 a 14:00 y de 16:30 a 19:00  ;-3.6842786250;40.4360383120
441947,6500000000;4476290,7800000000;16-03-2000;04  SALAMANCA;04-06 CASTELLANA;LAGASCA, CALLE, DE;111;CargayDescarga;Línea;4;14,5;Laborables de 08:00 a 14:00 y de 16:30 a 19:00  ;-3.6844536060;40.4352356550
441926,9200000000;4475869,5800000000;24-05-1996;04  SALAMANCA;04-06 CASTELLANA;LAGASCA, CALLE, DE;96;CargayDescarga;Línea;3;15,2;Laborables de 08:00 a 14:00 y de 16:30 a 19:00 ;-3.6846594700;40.4314396380
441929,6400000000;4475908,8800000000;03-02-2004;04  SALAMANCA;04-06 CASTELLANA;LAGASCA, CALLE, DE;87;CargayDescarga;Línea;2;15,1;Laborables de 08:00 a 14:00 y de 16:30 a 19:00  ;-3.6846310510;40.4317936680
441916,2100000000;4475724,0000000000;01-12-2004;04  SALAMANCA;04-06 CASTELLANA;LAGASCA, CALLE, DE;Fte 75;CargayDescarga;Línea;3;15;Laborables de 08:00 a 14:00 y de 16:30 a 19:00  ;-3.6847724570;40.4301275640
441672,5700000000;4476471,3800000000;25-09-2010;04  SALAMANCA;04-06 CASTELLANA;LOPEZ DE HOYOS, CALLE, DE;3;CargayDescarga;Línea;3;15,3;Lunes a viernes de 08:00 a 20:00 sabados 08:00 a 15:00 ;-3.6877131630;40.4368432030
441825,8300000000;4476150,9200000000;25-09-2010;04  SALAMANCA;04-06 CASTELLANA;MALDONADO, CALLE, DE;4;CargayDescarga;Línea;3;15,2;Laborables de 08:00 a 14:00 y de 16:30 a 19:00 ;-3.6858770050;40.4339667250
442167,2900000000;4476136,8600000000;18-02-2003;04  SALAMANCA;04-06 CASTELLANA;MALDONADO, CALLE, DE;27;CargayDescarga;Línea;3;15;Laborables de 08:00 a 14:00 y de 16:30 a 19:00 ;-3.6818502000;40.4338641660
442080,3700000000;4476142,2000000000;07-12-1995;04  SALAMANCA;04-06 CASTELLANA;MALDONADO, CALLE, DE;19;CargayDescarga;Línea;3;20;Laborables de 08:00 a 14:00 y de 16:30 a 19:00 ;-3.6828753360;40.4339057630
441886,3900000000;4476146,7100000000;17-12-2011;04  SALAMANCA;04-06 CASTELLANA;MALDONADO, CALLE, DE;6;CargayDescarga;Línea;2;9,1;Laborables de 08:00 a 14:00 y de 16:30 a 19:00 ;-3.6851626990;40.4339329210
442297,1300000000;4476118,2300000000;30-07-2020;04  SALAMANCA;04-06 CASTELLANA;MALDONADO, CALLE, DE;43;CargayDescarga;Batería;2;10,9;Laborables de 08:00 a 11:00 colegios ;-3.6803178250;40.4337053420
441673,6700000000;4475638,2100000000;25-09-2010;04  SALAMANCA;04-06 CASTELLANA;MARQUES DE VILLAMAGNA, CALLE, DEL;Fte 10;CargayDescarga;Línea;4;18,7;Lunes a viernes de 08:00 a 20:00 sabados 08:00 a 15:00 ;-3.6876238390;40.4293375130
441610,6600000000;4475642,6400000000;25-09-2010;04  SALAMANCA;04-06 CASTELLANA;MARQUES DE VILLAMAGNA, CALLE, DEL;4;CargayDescarga;Línea;4;18;Lunes a viernes de 08:00 a 20:00 sabados 08:00 a 15:00 ;-3.6883670220;40.4293731510
442153,5900000000;4476276,8800000000;05-03-2003;04  SALAMANCA;04-06 CASTELLANA;NUÑEZ DE BALBOA, CALLE, DE;102;CargayDescarga;Batería;6;15;Laborables de 08:00 a 14:00 y de 16:30 a 19:00 ;-3.6820244940;40.4351239860
442159,3400000000;4476225,9500000000;06-03-2003;04  SALAMANCA;04-06 CASTELLANA;NUÑEZ DE BALBOA, CALLE, DE;100;CargayDescarga;Línea;3;15;Laborables de 08:00 a 14:00 y de 16:30 a 19:00 ;-3.6819519580;40.4346656190
442127,4900000000;4475763,1900000000;24-10-2014;04  SALAMANCA;04-06 CASTELLANA;NUÑEZ DE BALBOA, CALLE, DE;70;CargayDescarga;Batería;3;12;Laborables de 08:00 a 17:00 ;-3.6822853620;40.4304949450
441774,4400000000;4475895,5700000000;25-09-2010;04  SALAMANCA;04-06 CASTELLANA;PADILLA, CALLE, DE;2;CargayDescarga;Línea;3;15;Lunes a viernes de 08:00 a 20:00 sabados 08:00 a 15:00 ;-3.6864593590;40.4316628050
441857,5200000000;4475889,6100000000;28-05-1996;04  SALAMANCA;04-06 CASTELLANA;PADILLA, CALLE, DE;10;CargayDescarga;Línea;3;15;Laborables de 08:00 a 14:00 y de 16:30 a 19:00 ;-3.6854795440;40.4316154210
442059,9100000000;4475874,1300000000;02-12-2004;04  SALAMANCA;04-06 CASTELLANA;PADILLA, CALLE, DE;26;CargayDescarga;Línea;3;14,9;Laborables de 08:00 a 14:00 ;-3.6830922580;40.4314894280
442165,6900000000;4475866,9100000000;27-08-2019;04  SALAMANCA;04-06 CASTELLANA;PADILLA, CALLE, DE;19;CargayDescarga;Línea;4;20,2;Laborables de 08:00 a 14:00 y de 16:30 a 19:00 ;-3.6818444130;40.4314316160
441644,1600000000;4476563,2800000000;01-01-1900;04  SALAMANCA;04-06 CASTELLANA;PINAR, CALLE, DEL;10;CargayDescarga;Línea;5;11,6;Laborables de 09:00 a 20:00 ;-3.6880567080;40.4376687200
442073,8500000000;4476516,6100000000;08-09-2003;04  SALAMANCA;04-06 CASTELLANA;VELAZQUEZ, CALLE, DE;128;CargayDescarga;Línea;2;9,5;Laborables de 08:00 a 14:00 y de 16:30 a 19:00 ;-3.6829863760;40.4372787080
442034,8500000000;4475990,9900000000;29-01-2003;04  SALAMANCA;04-06 CASTELLANA;VELAZQUEZ, CALLE, DE;90;CargayDescarga;Línea;3;15,8;Laborables de 08:00 a 14:00 y de 16:30 a 19:00 ;-3.6833982180;40.4325404040
442067,0100000000;4476422,5400000000;01-01-1900;04  SALAMANCA;04-06 CASTELLANA;VELAZQUEZ, CALLE, DE;120;CargayDescarga;Línea;2;10;Laborables de 08:00 a 14:00 y de 16:30 a 19:00 ;-3.6830584540;40.4364307300
442055,6800000000;4476287,3400000000;01-01-1900;04  SALAMANCA;04-06 CASTELLANA;VELAZQUEZ, CALLE, DE;106;CargayDescarga;Línea;3;15;Laborables de 08:00 a 14:00 y de 16:30 a 19:00 ;-3.6831797490;40.4352119920
442039,5700000000;4476058,1400000000;01-01-1900;04  SALAMANCA;04-06 CASTELLANA;VELAZQUEZ, CALLE, DE;94;CargayDescarga;Línea;3;16,2;Laborables de 08:00 a 14:00 y de 16:30 a 19:00 ;-3.6833487140;40.4331455620
442050,2000000000;4476209,7200000000;15-03-2000;04  SALAMANCA;04-06 CASTELLANA;VELAZQUEZ, CALLE, DE;102;CargayDescarga;Línea;2;11,4;Laborables de 08:00 a 14:00 y de 16:30 a 19:00 ;-3.6832372740;40.4345125820
442035,9900000000;4476290,7700000000;27-02-2003;04  SALAMANCA;04-06 CASTELLANA;VELAZQUEZ, CALLE, DE;97;CargayDescarga;Línea;3;16;Laborables de 08:00 a 14:00 y de 16:30 a 19:00 ;-3.6834121410;40.4352417280
442070,0000000000;4476462,7900000000;23-05-2003;04  SALAMANCA;04-06 CASTELLANA;VELAZQUEZ, CALLE, DE;124;CargayDescarga;Línea;1;9,1;Laborables de 08:00 a 14:00 y de 16:30 a 19:00 ;-3.6830268840;40.4367937570
442018,6600000000;4475771,1100000000;01-12-2004;04  SALAMANCA;04-06 CASTELLANA;VELAZQUEZ, CALLE, DE;84;CargayDescarga;Línea;3;15;Laborables de 08:00 a 14:00 y de 16:30 a 19:00 ;-3.6835690160;40.4305589440
442018,9800000000;4476050,5400000000;05-05-2015;04  SALAMANCA;04-06 CASTELLANA;VELAZQUEZ, CALLE, DE;81;CargayDescarga;Línea;3;15;Laborables de 08:00 a 14:00 y de 16:30 a 19:00 ;-3.6835907890;40.4330757760
442281,9300000000;4476565,1900000000;17-12-2008;05  CHAMARTÍN;05-01 EL VISO;CASTELLO, CALLE, DE;119;CargayDescarga;Línea;2;8;Laborables de 08:00 a 14:00 y de 16:30 a 19:00 ;-3.6805375540;40.4377305420
441597,8000000000;4478141,1400000000;30-07-2007;05  CHAMARTÍN;05-01 EL VISO;CONCHA ESPINA, AVENIDA, DE;6;CargayDescarga;Línea;3;15;Laborables de 08:00 a 14:00 y de 16:30 a 19:00 ;-3.6887482680;40.4518799640
442276,5800000000;4477148,5800000000;01-01-1900;05  CHAMARTÍN;05-01 EL VISO;GABRIEL LOBO, CALLE, DE;11;CargayDescarga;Línea;2;12,9;Laborables de 09:00 a 20:00 ;-3.6806535780;40.4429857690
442237,3100000000;4477119,5200000000;08-06-2005;05  CHAMARTÍN;05-01 EL VISO;GABRIEL LOBO, CALLE, DE;7;CargayDescarga;Línea;3;16,1;Laborables de 09:00 a 14:00 y de 16:30 a 20:00 ;-3.6811140640;40.4427207180
442373,1000000000;4477236,5500000000;10-05-2021;05  CHAMARTÍN;05-01 EL VISO;GABRIEL LOBO, CALLE, DE;24;CargayDescarga;Línea;2;10;LAB. DE 8 A 14 H. Y DE 16.30 A 19 H. EXCEPOT CARGA Y DESCARGA;-3.6795235910;40.4437849880
441763,8600000000;4477165,2400000000;07-04-2005;05  CHAMARTÍN;05-01 EL VISO;JORGE MANRIQUE, CALLE, DE;27;CargayDescarga;Línea;3;15;Laborables de 08:00 a 14:00 y de 16:30 a 19:00 ;-3.6867004600;40.4430995010
441903,3200000000;4477152,1300000000;07-04-2005;05  CHAMARTÍN;05-01 EL VISO;JUAN DE LA CIERVA, CALLE, DE;3;CargayDescarga;Línea;3;15;Laborables de 08:00 a 14:00 y de 16:30 a 19:00 ;-3.6850549820;40.4429912120
441487,1700000000;4477693,4800000000;23-05-2000;05  CHAMARTÍN;05-01 EL VISO;LA HABANA, PASEO, DE;10;CargayDescarga;Línea;2;8;Laborables de 08:00 a 14:00 y de 16:30 a 19:00 ;-3.6900114680;40.4478389500
441551,3000000000;4477790,3100000000;01-01-1900;05  CHAMARTÍN;05-01 EL VISO;LA HABANA, PASEO, DE;22;CargayDescarga;Línea;3;13,4;Laborables de 08:00 a 14:00 y de 16:30 a 19:00  ;-3.6892642170;40.4487162060
442135,5400000000;4476779,2600000000;11-01-2017;05  CHAMARTÍN;05-01 EL VISO;LOPEZ DE HOYOS, CALLE, DE;25;CargayDescarga;Línea;4;20,1;Laborables de 08:00 a 14:00 ;-3.6822828980;40.4396490920
442313,4900000000;4476865,2700000000;05-10-2000;05  CHAMARTÍN;05-01 EL VISO;LOPEZ DE HOYOS, GLORIETA, DE;8;CargayDescarga;Línea;3;15;Laborables de 08:00 a 14:00 y de 16:30 a 19:00 ;-3.6801926910;40.4404358770
441609,2800000000;4477950,2000000000;28-03-2000;05  CHAMARTÍN;05-01 EL VISO;MARCELIANO SANTA MARIA, CALLE, DE;2;CargayDescarga;Línea;3;10,8;Laborables de 08:00 a 14:00 y de 16:30 a 19:00 ;-3.6885952890;40.4501605750
442324,5500000000;4476932,6700000000;27-03-2017;05  CHAMARTÍN;05-01 EL VISO;NIELFA, CALLE, DE;3;CargayDescarga;Línea;2;11,1;Laborables de 08:00 a 14:00 y de 16:30 a 19:00 ;-3.6800683590;40.4410442440
442376,5500000000;4476667,3300000000;16-12-2020;05  CHAMARTÍN;05-01 EL VISO;PEDRO DE VALDIVIA, CALLE, DE;40;CargayDescarga;Línea;2;9,9;Laborables de 08:00 a 14:00 y de 16:30 a 19:00 ;-3.6794312300;40.4386568430
441522,0900000000;4477575,8200000000;02-12-2004;05  CHAMARTÍN;05-01 EL VISO;POETA MANUEL DEL PALACIO, PLAZA, DEL;1;CargayDescarga;Línea;2;13;Laborables de 08:00 a 14:00 y de 16:30 a 19:00  ;-3.6895888550;40.4467814990
442512,1100000000;4477900,6500000000;18-11-2017;05  CHAMARTÍN;05-01 EL VISO;PRINCIPE DE VERGARA, CALLE, DEL;205;CargayDescarga;Línea;2;11,1;Laborables de 08:00 a 14:00 y de 16:30 a 19:00  ;-3.6779446340;40.4497769800
441597,3100000000;4477908,7300000000;06-10-1998;05  CHAMARTÍN;05-01 EL VISO;QUITO, PLAZA, DE;S/N;CargayDescarga;Línea;3;17;Laborables de 09:00 a 14:00 ;-3.6887326840;40.4497857460
441839,3200000000;4477091,6300000000;06-04-2005;05  CHAMARTÍN;05-01 EL VISO;SERRANO, CALLE, DE;144;CargayDescarga;Línea;3;15;Laborables de 08:00 a 14:00 y de 16:30 a 19:00 ;-3.6858040670;40.4424422040
442091,5600000000;4476789,7600000000;11-01-2017;05  CHAMARTÍN;05-01 EL VISO;VELAZQUEZ, CALLE, DE;136;CargayDescarga;Línea;2;10;Laborables de 08:00 a 14:00 y de 16:30 a 19:00  ;-3.6828023990;40.4397403640
441593,6900000000;4477141,3400000000;06-04-2005;05  CHAMARTÍN;05-01 EL VISO;VITRUVIO, CALLE, DE;8;CargayDescarga;Línea;3;15,1;Laborables de 08:00 a 14:00 y de 16:30 a 19:00 ;-3.6887048380;40.4428723800
443209,4800000000;4477411,7200000000;03-01-2012;05  CHAMARTÍN;05-02 PROSPERIDAD;BAEZA, CALLE, DE;1;CargayDescarga;Línea;3;15;Laborables de 08:00 a 14:00 y de 16:30 a 19:00 ;-3.6696774250;40.4454201520
443058,0600000000;4477241,7400000000;23-06-2004;05  CHAMARTÍN;05-02 PROSPERIDAD;CANILLAS, CALLE, DE;84;CargayDescarga;Línea;3;15,1;Laborables de 08:00 a 14:00 y de 16:30 a 19:00 ;-3.6714476360;40.4438788950
442638,9000000000;4476933,2000000000;01-01-1900;05  CHAMARTÍN;05-02 PROSPERIDAD;CANILLAS, CALLE, DE;12 D;CargayDescarga;Línea;4;20;Laborables de 09:00 a 20:00 ;-3.6763621240;40.4410701420
442564,6400000000;4476885,8200000000;01-01-1900;05  CHAMARTÍN;05-02 PROSPERIDAD;CANILLAS, CALLE, DE;5 B;CargayDescarga;Línea;3;15,8;Laborables de 08:00 a 14:00 y de 16:30 a 19:00 ;-3.6772333640;40.4406387040
442820,1700000000;4477104,5000000000;26-01-2021;05  CHAMARTÍN;05-02 PROSPERIDAD;CANILLAS, CALLE, DE;35;CargayDescarga;Línea;2;10;Laborables de 08:00 a 14:00 y de 16:30 a 19:00 ;-3.6742402890;40.4426256070
443096,3700000000;4477362,5000000000;18-05-2001;05  CHAMARTÍN;05-02 PROSPERIDAD;CARDENAL SILICEO, CALLE, DEL;13;CargayDescarga;Línea;2;13,4;Laborables de 08:00 a 14:00 y de 16:30 a 19:00 ;-3.6710067450;40.4449691190
443160,6600000000;4477228,6700000000;02-12-2021;05  CHAMARTÍN;05-02 PROSPERIDAD;CARDENAL SILICEO, CALLE, DEL;26;CargayDescarga;Línea;3;17;Laborables de 08:00 a 14:00 y de 16:30 a 19:00;-3.6702367470;40.4437676840
442763,9400000000;4476970,4000000000;11-06-1999;05  CHAMARTÍN;05-02 PROSPERIDAD;CARTAGENA, CALLE, DE;128;CargayDescarga;Línea;3;14,7;Laborables de 09:00 a 14:00 y de 16:00 a 20:00 ;-3.6748911120;40.4414146610
442770,0400000000;4476935,4400000000;31-10-2007;05  CHAMARTÍN;05-02 PROSPERIDAD;CARTAGENA, CALLE, DE;115;CargayDescarga;Línea;2;10;Laborables de 08:00 a 14:00 ;-3.6748161690;40.4410996490
442713,9200000000;4477044,5800000000;05-03-2012;05  CHAMARTÍN;05-02 PROSPERIDAD;CARTAGENA, CALLE, DE;127;CargayDescarga;Línea;3;10,2;Laborables de 08:00 a 14:00 y de 16:30 a 19:00 ;-3.6754875610;40.4420788340
442728,5000000000;4477039,1600000000;08-05-2018;05  CHAMARTÍN;05-02 PROSPERIDAD;CARTAGENA, CALLE, DE;134;CargayDescarga;Línea;3;16,1;Laborables de 08:00 a 14:00 y de 16:30 a 19:00 ;-3.6753152160;40.4420308200
442710,1600000000;4477075,1600000000;22-10-2019;05  CHAMARTÍN;05-02 PROSPERIDAD;CARTAGENA, CALLE, DE;138;CargayDescarga;Línea;2;10,1;Laborables de 08:00 a 14:00 y de 16:30 a 19:00 ;-3.6755347160;40.4423545980
443206,1200000000;4477132,3600000000;23-03-1998;05  CHAMARTÍN;05-02 PROSPERIDAD;CLARA DEL REY, CALLE, DE;41;CargayDescarga;Batería;5;13,9;Laborables de 09:00 a 14:00 y de 16:30 a 20:00 ;-3.6696920930;40.4429034920
443128,2600000000;4477069,1000000000;24-03-1998;05  CHAMARTÍN;05-02 PROSPERIDAD;CLARA DEL REY, CALLE, DE;35;CargayDescarga;Batería;5;10,7;Laborables de 09:00 a 14:00 y de 16:30 a 20:00 ;-3.6706045280;40.4423281850
443316,3700000000;4477383,3100000000;03-04-2003;05  CHAMARTÍN;05-02 PROSPERIDAD;CLARA DEL REY, CALLE, DE;55;CargayDescarga;Línea;3;15;Laborables de 08:00 a 14:00 y de 16:30 a 19:00 ;-3.6684145120;40.4451715450
443244,5200000000;4477138,1100000000;21-03-2005;05  CHAMARTÍN;05-02 PROSPERIDAD;CLARA DEL REY, CALLE, DE;28;CargayDescarga;Línea;2;12;Laborables de 08:00 a 14:00 y de 16:30 a 19:00 ;-3.6692398580;40.4429584390
442935,9600000000;4476890,5100000000;20-12-2012;05  CHAMARTÍN;05-02 PROSPERIDAD;CLARA DEL REY, CALLE, DE;13;CargayDescarga;Línea;3;15;Laborables de 08:00 a 14:00 ;-3.6728557940;40.4407062560
443072,2000000000;4476997,3600000000;16-05-2017;05  CHAMARTÍN;05-02 PROSPERIDAD;CLARA DEL REY, CALLE, DE;14;CargayDescarga;Batería;2;11,1;Laborables de 08:00 a 17:00 ;-3.6712590180;40.4416781640
442959,0500000000;4477070,9900000000;01-01-1900;05  CHAMARTÍN;05-02 PROSPERIDAD;CONSTANCIA, CALLE, DE LA;33;CargayDescarga;Línea;2;11,8;Laborables de 08:00 a 14:00 y de 16:30 a 19:00 ;-3.6725997970;40.4423333990
442863,9200000000;4476957,5900000000;24-05-2018;05  CHAMARTÍN;05-02 PROSPERIDAD;CONSTANCIA, CALLE, DE LA;10;CargayDescarga;Batería;3;8,5;Laborables de 09:00 a 14:00 y de 16:30 a 20:00 ;-3.6737111630;40.4413060280
443446,0100000000;4477485,3100000000;01-01-1900;05  CHAMARTÍN;05-02 PROSPERIDAD;CORAZON DE MARIA, CALLE, DEL;47;CargayDescarga;Línea;3;15;Laborables de 09:00 a 14:00 y de 16:30 a 21:00 ;-3.6668950280;40.4460996800
443410,3700000000;4477315,1900000000;01-01-1900;05  CHAMARTÍN;05-02 PROSPERIDAD;CORAZON DE MARIA, CALLE, DEL;35;CargayDescarga;Línea;6;15,8; Laborables de 08:00 a 14:00 y de 16:30 a 19:00  ;-3.6673001090;40.4445644970
443434,4800000000;4477429,3700000000;01-01-1900;05  CHAMARTÍN;05-02 PROSPERIDAD;CORAZON DE MARIA, CALLE, DEL;41;CargayDescarga;Línea;3;16,8;Laborables de 08:00 a 14:00 y de 16:30 a 21:00  ;-3.6670259490;40.4455948470
443188,1300000000;4476992,4200000000;21-09-2011;05  CHAMARTÍN;05-02 PROSPERIDAD;CORAZON DE MARIA, CALLE, DEL;9;CargayDescarga;Batería;2;7,5;Laborables de 08:00 a 14:00 y de 16:30 a 19:00 ;-3.6698916540;40.4416419530
443464,5300000000;4477446,7900000000;01-07-2010;05  CHAMARTÍN;05-02 PROSPERIDAD;CORAZON DE MARIA, CALLE, DEL;60;CargayDescarga;Línea;3;18;Laborables de 09:00 a 14:00 y de 16:30 a 20:00 ;-3.6666732360;40.4457539570
443471,4400000000;4477604,2500000000;07-03-2017;05  CHAMARTÍN;05-02 PROSPERIDAD;CORAZON DE MARIA, CALLE, DEL;57;CargayDescarga;Línea;4;20,5;Laborables de 08:00 a 14:00 y de 16:30 a 19:00 ;-3.6666057410;40.4471724290
443243,7800000000;4477621,3800000000;01-01-1900;05  CHAMARTÍN;05-02 PROSPERIDAD;LOPEZ DE HOYOS, CALLE, DE;176;CargayDescarga;Línea;10;55,8;Laborables de 09:00 a 14:00 y de 16:30 a 20:00 ;-3.6692918250;40.4473114850
443095,7900000000;4477485,1400000000;04-05-2001;05  CHAMARTÍN;05-02 PROSPERIDAD;LOPEZ DE HOYOS, CALLE, DE;158;CargayDescarga;Línea;5;27,5;Laborables de 08:00 a 14:00 y de 16:30 a 19:00 ;-3.6710245640;40.4460736670
442988,1100000000;4477399,1500000000;04-05-2001;05  CHAMARTÍN;05-02 PROSPERIDAD;LOPEZ DE HOYOS, CALLE, DE;140;CargayDescarga;Línea;4;21,5;Laborables de 08:00 a 14:00 y de 16:30 a 19:00  ;-3.6722865610;40.4452922100
442716,4100000000;4477156,8000000000;15-09-2015;05  CHAMARTÍN;05-02 PROSPERIDAD;LOPEZ DE HOYOS, CALLE, DE;94;CargayDescarga;Línea;3;16;Laborables de 08:00 a 17:00 ;-3.6754684250;40.4430903330
442755,0500000000;4477195,4600000000;15-09-2015;05  CHAMARTÍN;05-02 PROSPERIDAD;LOPEZ DE HOYOS, CALLE, DE;100;CargayDescarga;Línea;4;18;Laborables de 08:00 a 17:00 ;-3.6750162460;40.4434406400
442769,0400000000;4477209,5100000000;15-09-2015;05  CHAMARTÍN;05-02 PROSPERIDAD;LOPEZ DE HOYOS, CALLE, DE;104;CargayDescarga;Línea;2;10;Laborables de 08:00 a 17:00 ;-3.6748525520;40.4435686390
442819,6400000000;4477260,1000000000;15-09-2015;05  CHAMARTÍN;05-02 PROSPERIDAD;LOPEZ DE HOYOS, CALLE, DE;114;CargayDescarga;Línea;1;8;Laborables de 08:00 a 17:00 ;-3.6742606290;40.4440274060
442872,6800000000;4477306,7800000000;15-09-2015;05  CHAMARTÍN;05-02 PROSPERIDAD;LOPEZ DE HOYOS, CALLE, DE;124;CargayDescarga;Línea;1;8;Laborables de 08:00 a 17:00 ;-3.6736392570;40.4444519680
442920,8000000000;4477344,6200000000;15-09-2015;05  CHAMARTÍN;05-02 PROSPERIDAD;LOPEZ DE HOYOS, CALLE, DE;132;CargayDescarga;Línea;2;12,9;Laborables de 08:00 a 17:00 ;-3.6730752940;40.4447963730
442816,3700000000;4476793,6000000000;09-02-1999;05  CHAMARTÍN;05-02 PROSPERIDAD;MATAELPINO, CALLE, DE;4;CargayDescarga;Línea;4;18,3;Laborables de 08:00 a 14:00 y de 16:30 a 19:00 ;-3.6742570770;40.4398247030
443626,3500000000;4477499,7200000000;14-06-2019;05  CHAMARTÍN;05-02 PROSPERIDAD;PADRE CLARET, CALLE, DEL;11;CargayDescarga;Línea;2;10,1;Laborables de 09:00 a 14:00 y de 16:30 a 20:00 ;-3.6647698130;40.4462416590
442718,0200000000;4476695,2100000000;02-01-2015;05  CHAMARTÍN;05-02 PROSPERIDAD;PADRE INDALECIO HERNANDEZ, CALLE, DEL;1;CargayDescarga;Línea;2;13;Laborables de 09:00 a 13:00 gasoleo ;-3.6754077480;40.4389323210
442929,6200000000;4476828,8000000000;19-09-2007;05  CHAMARTÍN;05-02 PROSPERIDAD;PADRE XIFRE, CALLE, DEL;5;CargayDescarga;Línea;3;15;Laborables de 08:00 a 14:00 y de 16:30 a 19:00 ;-3.6729250080;40.4401503150
442611,6300000000;4476654,3800000000;02-01-2015;05  CHAMARTÍN;05-02 PROSPERIDAD;PRADENA DEL RINCON, CALLE, DE;1;CargayDescarga;Línea;4;21;Laborables de 09:00 a 20:00 ;-3.6766584580;40.4385570910
442448,2200000000;4476911,2100000000;20-01-2012;05  CHAMARTÍN;05-02 PROSPERIDAD;PRINCIPE DE VERGARA, CALLE, DEL;120;CargayDescarga;Línea;3;15;Laborables de 08:00 a 14:00 y de 16:30 a 19:00 ;-3.6786083480;40.4408590070
443126,7000000000;4477113,5700000000;17-03-2021;05  CHAMARTÍN;05-02 PROSPERIDAD;PUENTEAREAS, CALLE, DE;8;CargayDescarga;Línea;2;14,2;Laborables de 08:00 a 12:00 y de 14:30 a 18:00 ;-3.6706268170;40.4427290260
442593,5200000000;4477032,7400000000;01-01-1900;05  CHAMARTÍN;05-02 PROSPERIDAD;QUINTILIANO, CALLE, DE;1;CargayDescarga;Línea;3;20;Laborables de 09:00 a 20:00 ;-3.6769061470;40.4419644140
443225,1700000000;4477581,0600000000;25-04-2001;05  CHAMARTÍN;05-02 PROSPERIDAD;RAMOS CARRION, CALLE, DE;2;CargayDescarga;Línea;4;19,5;Laborables de 08:00 a 14:00 y de 16:30 a 19:00  ;-3.6695075430;40.4469470270
443392,6200000000;4477517,1800000000;28-03-1995;05  CHAMARTÍN;05-02 PROSPERIDAD;RAMOS CARRION, CALLE, DE;12;CargayDescarga;Batería;4;10;LABORABLES DE 9 A 14 H. Y DE 16,30 A 20 H. EXCEPTO CARGA Y DESCARGA ;-3.6675272870;40.4463827210
443013,0500000000;4477282,8100000000;22-04-2009;05  CHAMARTÍN;05-02 PROSPERIDAD;ROS DE OLANO, CALLE, DE;7;CargayDescarga;Línea;2;12,5;Laborables de 08:00 a 14:00 y de 16:30 a 19:00 ;-3.6719820340;40.4442453020
442510,1200000000;4476630,1900000000;16-06-2006;05  CHAMARTÍN;05-02 PROSPERIDAD;SAN FERNANDO DEL JARAMA, CALLE, DE;1;CargayDescarga;Línea;3;15;Laborables de 09:00 a 14:00 y de 16:30 a 20:00 ;-3.6778530750;40.4383323200
443430,9700000000;4477736,4000000000;27-03-2012;05  CHAMARTÍN;05-02 PROSPERIDAD;SAN NAZARIO, CALLE, DE;3;CargayDescarga;Línea;3;15;Laborables de 08:00 a 14:00 y de 16:30 a 19:00 ;-3.6670947040;40.4483599410
443233,5000000000;4477357,8000000000;20-10-2020;05  CHAMARTÍN;05-02 PROSPERIDAD;SANTA HORTENSIA, CALLE, DE;13;CargayDescarga;Batería;4;13;Laborables de 08:00 a 14:00 y de 16:30 a 19:00 ;-3.6693893420;40.4449361740
442486,2100000000;4476729,6300000000;23-11-2001;05  CHAMARTÍN;05-02 PROSPERIDAD;SANTA MARIA DE LA ALAMEDA, CALLE, DE;9;CargayDescarga;Línea;2;10,4;Laborables de 08:00 a 14:00 y de 16:30 a 19:00  ;-3.6781439660;40.4392262490
443384,5100000000;4477399,5100000000;26-07-2006;05  CHAMARTÍN;05-02 PROSPERIDAD;SANTA RITA, CALLE, DE;12;CargayDescarga;Batería;3;8;Laborables de 08:00 a 14:00 y de 16:30 a 19:00 ;-3.6676125430;40.4453222330
443374,7100000000;4477416,8000000000;03-10-2017;05  CHAMARTÍN;05-02 PROSPERIDAD;SANTA RITA, CALLE, DE;9;CargayDescarga;Línea;4;9,3;Laborables de 08:00 a 14:00 y de 16:30 a 19:00 ;-3.6677296550;40.4454769890
442606,0700000000;4477192,1600000000;17-02-2005;05  CHAMARTÍN;05-03 CIUDAD JARDÍN;CARTAGENA, CALLE, DE;164;CargayDescarga;Línea;3;15;Laborables de 08:00 a 14:00 y de 16:30 a 19:00 ;-3.6767726480;40.4434005900
442720,2700000000;4477704,2100000000;17-05-2004;05  CHAMARTÍN;05-03 CIUDAD JARDÍN;EUGENIO SALAZAR, CALLE, DE;54;CargayDescarga;Línea;3;16;Laborables de 08:00 a 14:00 y de 16:30 a 19:00 ;-3.6754722630;40.4480216670
442789,8600000000;4477486,2100000000;15-05-2019;05  CHAMARTÍN;05-03 CIUDAD JARDÍN;EUGENIO SALAZAR, CALLE, DE;29;CargayDescarga;Línea;3;16,4;Laborables de 07:00 a 14:00 ;-3.6746320210;40.4460628960
442712,6600000000;4477186,8700000000;24-04-2001;05  CHAMARTÍN;05-03 CIUDAD JARDÍN;GENERAL ZABALA, CALLE, DEL;15;CargayDescarga;Línea;2;11,8;Laborables de 08:00 a 14:00 y de 16:30 a 19:00 ;-3.6755152350;40.4433604830
443233,9900000000;4477629,8500000000;25-09-1998;05  CHAMARTÍN;05-03 CIUDAD JARDÍN;LOPEZ DE HOYOS, CALLE, DE;139;CargayDescarga;Línea;3;7,9;Laborables de 09:00 a 14:00 y de 16:30 a 20:00 ;-3.6694079630;40.4473868870
443285,7800000000;4477681,8800000000;04-05-2001;05  CHAMARTÍN;05-03 CIUDAD JARDÍN;LOPEZ DE HOYOS, CALLE, DE;145;CargayDescarga;Línea;4;26,6;Laborables de 08:00 a 14:00 y de 16:30 a 19:00 ;-3.6688018890;40.4478590040
443021,5700000000;4477442,0300000000;04-05-2001;05  CHAMARTÍN;05-03 CIUDAD JARDÍN;LOPEZ DE HOYOS, CALLE, DE;113;CargayDescarga;Línea;6;32,3;Laborables de 08:00 a 14:00 y de 16:30 a 19:00 ;-3.6718958030;40.4456802750
443339,8700000000;4477726,7400000000;10-09-2012;05  CHAMARTÍN;05-03 CIUDAD JARDÍN;LOPEZ DE HOYOS, CALLE, DE;153;CargayDescarga;Línea;3;15;Laborables de 08:00 a 14:00 y de 16:30 a 19:00 ;-3.6681680250;40.4482670640
442709,3000000000;4477165,2000000000;15-09-2015;05  CHAMARTÍN;05-03 CIUDAD JARDÍN;LOPEZ DE HOYOS, CALLE, DE;71;CargayDescarga;Línea;3;15;Laborables de 08:00 a 17:00 ;-3.6755529360;40.4431654480
442876,7200000000;4477325,3000000000;15-09-2015;05  CHAMARTÍN;05-03 CIUDAD JARDÍN;LOPEZ DE HOYOS, CALLE, DE;87;CargayDescarga;Línea;3;15;Laborables de 08:00 a 17:00 ;-3.6735933060;40.4446192710
442935,7000000000;4477372,7400000000;15-09-2015;05  CHAMARTÍN;05-03 CIUDAD JARDÍN;LOPEZ DE HOYOS, CALLE, DE;95;CargayDescarga;Línea;4;22;Laborables de 08:00 a 17:00 ;-3.6729022040;40.4450507660
442776,7000000000;4477392,5000000000;21-10-2013;05  CHAMARTÍN;05-03 CIUDAD JARDÍN;MALCAMPO, CALLE, DE;5;CargayDescarga;Línea;3;11,4;Laborables de 09:00 a 14:00 y de 16:30 a 20:00 ;-3.6747787550;40.4452172100
442662,7300000000;4477746,4900000000;29-01-2002;05  CHAMARTÍN;05-03 CIUDAD JARDÍN;MANTUANO, CALLE, DE;60;CargayDescarga;Línea;5;22,1;Laborables de 08:00 a 14:00 y de 16:30 a 19:00  ;-3.6761545410;40.4483989020
442832,8100000000;4477326,3800000000;19-06-2012;05  CHAMARTÍN;05-03 CIUDAD JARDÍN;MANTUANO, CALLE, DE;4;CargayDescarga;Línea;7;36;Laborables de 08:00 a 14:00 y de 16:30 a 19:00 ;-3.6741112020;40.4446258030
442877,4300000000;4477726,6200000000;01-01-1900;05  CHAMARTÍN;05-03 CIUDAD JARDÍN;MARCENADO, CALLE, DE;42;CargayDescarga;Línea;3;15;Laborables de 08:00 a 14:00 y de 16:30 a 19:00 ;-3.6736210370;40.4482341770
443123,4900000000;4477549,5600000000;14-05-1997;05  CHAMARTÍN;05-03 CIUDAD JARDÍN;NIEREMBERG, CALLE, DE;2;CargayDescarga;Línea;3;15;Laborables de 09:00 a 14:00 y de 16:30 a 20:00 ;-3.6707037070;40.4466564800
443183,5900000000;4477599,1800000000;21-11-2005;05  CHAMARTÍN;05-03 CIUDAD JARDÍN;PANTOJA, CALLE, DE;2;CargayDescarga;Línea;2;12;Laborables de 08:00 a 14:00 y de 16:30 a 19:00  ;-3.6699994280;40.4471075120
442568,0500000000;4477304,6300000000;01-01-1900;05  CHAMARTÍN;05-03 CIUDAD JARDÍN;PECHUAN, CALLE, DE;8;CargayDescarga;Línea;4;12,7;Laborables de 08:00 a 14:00 y de 16:30 a 19:00 ;-3.6772309570;40.4444112880
442738,2700000000;4477769,9500000000;01-01-1900;05  CHAMARTÍN;05-03 CIUDAD JARDÍN;PRADILLO, CALLE, DE;8;CargayDescarga;Línea;3;15,1;Laborables de 08:00 a 14:00 y de 16:30 a 19:00 ;-3.6752659410;40.4486149640
442466,1500000000;4477114,6600000000;27-02-2019;05  CHAMARTÍN;05-03 CIUDAD JARDÍN;PRINCIPE DE VERGARA, CALLE, DEL;128;CargayDescarga;Línea;2;10;Laborables de 08:00 a 14:30 ;-3.6784154330;40.4426934460
442916,1700000000;4477630,0600000000;31-10-2002;05  CHAMARTÍN;05-03 CIUDAD JARDÍN;SANCHEZ PACHECO, CALLE, DE;60;CargayDescarga;Línea;3;15;Laborables de 08:00 a 14:00 y de 16:30 a 19:00 ;-3.6731556230;40.4473671200
442660,3100000000;4477567,8700000000;22-10-2013;05  CHAMARTÍN;05-03 CIUDAD JARDÍN;SANCHEZ PACHECO, CALLE, DE;20;CargayDescarga;Línea;2;10;Laborables de 08:00 a 14:00 y de 16:30 a 19:00 ;-3.6761669750;40.4467896930
442814,2400000000;4477600,1100000000;02-03-2020;05  CHAMARTÍN;05-03 CIUDAD JARDÍN;SANCHEZ PACHECO, CALLE, DE;46;CargayDescarga;Línea;2;21,3;Laborables de 08:00 a 14:00 y de 16:30 a 19:00 ;-3.6743548240;40.4470899800
442727,4300000000;4477291,0000000000;13-02-2007;05  CHAMARTÍN;05-03 CIUDAD JARDÍN;SUERO DE QUIÑONES, CALLE, DE;4;CargayDescarga;Línea;4;21,7;Laborables de 08:00 a 14:00 y de 16:30 a 19:00 ;-3.6753505100;40.4443001910
442750,0400000000;4477257,2500000000;30-10-2012;05  CHAMARTÍN;05-03 CIUDAD JARDÍN;SUERO DE QUIÑONES, CALLE, DE;1;CargayDescarga;Línea;2;11;Laborables de 08:00 a 14:00 y de 16:30 a 19:00 ;-3.6750808760;40.4439974980
442607,3700000000;4477434,7800000000;15-12-2015;05  CHAMARTÍN;05-03 CIUDAD JARDÍN;SUERO DE QUIÑONES, CALLE, DE;22;CargayDescarga;Línea;3;16;Laborables de 08:00 a 14:00 y de 16:30 a 19:00 ;-3.6767792950;40.4455869400
442654,1100000000;4477363,2300000000;17-01-2018;05  CHAMARTÍN;05-03 CIUDAD JARDÍN;SUERO DE QUIÑONES, CALLE, DE;16;CargayDescarga;Línea;3;15;Laborables de 08:00 a 14:00 ;-3.6762215780;40.4449455140
442134,3300000000;4478866,9700000000;02-02-2005;05  CHAMARTÍN;05-04 HISPANOAMÉRICA;ALBERTO ALCOCER, AVENIDA, DE;32;CargayDescarga;Línea;3;15;Laborables de 08:00 a 14:00 y de 16:30 a 19:00 ;-3.6824875010;40.4584559160
442435,1600000000;4478870,0000000000;31-01-2005;05  CHAMARTÍN;05-04 HISPANOAMÉRICA;ALBERTO ALCOCER, AVENIDA, DE;48;CargayDescarga;Línea;13;95,1;Laborables de 10::00 a 13:00  y de 16:00 a 18:00;-3.6789399760;40.4585043310
442520,1500000000;4478695,7500000000;01-01-1900;05  CHAMARTÍN;05-04 HISPANOAMÉRICA;BOLIVIA, CALLE, DE;18;CargayDescarga;Línea;2;10;Laborables de 08:00 a 14:00 y de 16:30 a 19:00 ;-3.6779217720;40.4569401560
442535,6600000000;4478856,5500000000;27-03-2001;05  CHAMARTÍN;05-04 HISPANOAMÉRICA;BOLIVIA, CALLE, DE;30;CargayDescarga;Línea;3;15,2;Laborables de 08:00 a 14:00 y de 16:30 a 19:00 ;-3.6777535520;40.4583896820
442517,6300000000;4478762,2400000000;27-03-2006;05  CHAMARTÍN;05-04 HISPANOAMÉRICA;BOLIVIA, CALLE, DE;22;CargayDescarga;Línea;6;30;Sin tramo horario;-3.6779575820;40.4575393550
442695,5900000000;4478787,1500000000;01-01-1900;05  CHAMARTÍN;05-04 HISPANOAMÉRICA;CHILE, CALLE, DE;17;CargayDescarga;Línea;3;15,1;Laborables de 08:00 a 14:00 y de 16:30 a 19:00 ;-3.6758610720;40.4577760440
442695,4900000000;4478686,1200000000;28-12-2020;05  CHAMARTÍN;05-04 HISPANOAMÉRICA;CHILE, CALLE, DE;22;CargayDescarga;Línea;3;15;Laborables de 08:00 a 21:00 ;-3.6758531080;40.4568653280
442351,2100000000;4478583,1400000000;08-02-2006;05  CHAMARTÍN;05-04 HISPANOAMÉRICA;COCHABAMBA, CALLE, DE;19;CargayDescarga;Línea;3;13;Laborables de 08:00 a 14:00 y de 16:30 a 19:00 ;-3.6799039200;40.4559137020
442565,9700000000;4478729,8300000000;16-10-1995;05  CHAMARTÍN;05-04 HISPANOAMÉRICA;COLOMBIA, CALLE, DE;5;CargayDescarga;Línea;3;13,1;Laborables de 08:00 a 14:00 y de 16:30 a 19:00 ;-3.6773844530;40.4572499540
442630,6700000000;4478703,7500000000;07-06-2005;05  CHAMARTÍN;05-04 HISPANOAMÉRICA;COLOMBIA, CALLE, DE;8;CargayDescarga;Línea;3;15;Laborables de 08:00 a 14:00 y de 16:30 a 19:00 ;-3.6766190960;40.4570197970
442796,7400000000;4478697,7500000000;04-03-2011;05  CHAMARTÍN;05-04 HISPANOAMÉRICA;COLOMBIA, CALLE, DE;18;CargayDescarga;Línea;3;13,6;Laborables de 08:00 a 14:00 y de 16:30 a 19:00 ;-3.6746600380;40.4569772260
442758,8800000000;4478855,0000000000;01-01-1900;05  CHAMARTÍN;05-04 HISPANOAMÉRICA;COSTA RICA, CALLE, DE;14;CargayDescarga;Línea;5;25;"Laborables 10:00 a 13:00 y de 16:00 a 18;00";-3.6751206960;40.4583915720
443247,5300000000;4478879,0300000000;21-12-2005;05  CHAMARTÍN;05-04 HISPANOAMÉRICA;COSTA RICA, CALLE, DE;42;CargayDescarga;Línea;2;9,1;Sin tramo horario ;-3.6693599500;40.4586409810
443200,1600000000;4478862,7300000000;21-12-2005;05  CHAMARTÍN;05-04 HISPANOAMÉRICA;COSTA RICA, CALLE, DE;40;CargayDescarga;Línea;2;8,1;Sin tramo horario ;-3.6699171510;40.4584908090
443145,2600000000;4478848,8400000000;21-12-2005;05  CHAMARTÍN;05-04 HISPANOAMÉRICA;COSTA RICA, CALLE, DE;38;CargayDescarga;Línea;2;6,8;Sin tramo horario ;-3.6705634470;40.4583622370
443104,6600000000;4478843,9900000000;21-12-2005;05  CHAMARTÍN;05-04 HISPANOAMÉRICA;COSTA RICA, CALLE, DE;36;CargayDescarga;Línea;2;8;Sin tramo horario ;-3.6710418100;40.4583161140
442928,0200000000;4478852,3200000000;07-12-2012;05  CHAMARTÍN;05-04 HISPANOAMÉRICA;COSTA RICA, CALLE, DE;26;CargayDescarga;Línea;3;15;Laborables de 08:00 a 14:00 y de 16:30 a 19:00 ;-3.6731257720;40.4583783940
441559,2600000000;4478456,7400000000;10-05-2021;05  CHAMARTÍN;05-04 HISPANOAMÉRICA;DOCTOR FLEMING, CALLE, DEL;1;CargayDescarga;Batería;3;10,8;Laborables de 08:00 a 14:00 y de 16:30 a 19:00 ;-3.6892317870;40.4547204030
443680,1500000000;4478549,3000000000;14-07-2006;05  CHAMARTÍN;05-04 HISPANOAMÉRICA;EUCALIPTO, CALLE, DEL;29;CargayDescarga;Línea;3;15;Laborables de 08:00 a 14:00 y de 16:30 a 19:00 ;-3.6642285400;40.4557006190
442342,2800000000;4478373,1200000000;11-08-2005;05  CHAMARTÍN;05-04 HISPANOAMÉRICA;INFANTA MARIA TERESA, CALLE, DE LA;18;CargayDescarga;Línea;3;15,7;Laborables de 08:00 a 14:00 y de 16:30 a 19:00 ;-3.6799901500;40.4540211080
442263,0500000000;4478379,1900000000;27-03-2017;05  CHAMARTÍN;05-04 HISPANOAMÉRICA;INFANTA MARIA TERESA, CALLE, DE LA;12;CargayDescarga;Línea;3;15,1;Laborables de 08:00 a 14:00 y de 16:30 a 19:00 ;-3.6809250450;40.4540708980
441754,5600000000;4478740,8300000000;23-06-2015;05  CHAMARTÍN;05-04 HISPANOAMÉRICA;JUAN RAMON JIMENEZ, CALLE, DE;4;CargayDescarga;Línea;4;22;Laborables de 08:00 a 14:00 y de 16:30 a 19:00 ;-3.6869547390;40.4572925250
442407,6900000000;4478533,1100000000;09-10-2020;05  CHAMARTÍN;05-04 HISPANOAMÉRICA;ORURO, CALLE, DE;7;CargayDescarga;Batería;3;15;Lunes a domingo de 7:00 a 14:00 y de 16:00 a 20:00  ;-3.6792332730;40.4554669090
441783,3400000000;4478647,6500000000;24-07-2018;05  CHAMARTÍN;05-04 HISPANOAMÉRICA;PADRE DAMIAN, CALLE, DEL;17;CargayDescarga;Línea;2;12;Laborables de 08:00 a 14:30 ;-3.6866067810;40.4564557770
442601,1800000000;4478589,0200000000;25-01-2005;05  CHAMARTÍN;05-04 HISPANOAMÉRICA;PRINCIPE DE VERGARA, CALLE, DEL;256;CargayDescarga;Línea;3;15;Laborables de 08:00 a 14:00 y de 16:30 a 19:00 ;-3.6769564530;40.4559845770
442561,9100000000;4478147,6200000000;15-09-2002;05  CHAMARTÍN;05-04 HISPANOAMÉRICA;PRINCIPE DE VERGARA, CALLE, DEL;214;CargayDescarga;Línea;3;10;Sin tramo horario ;-3.6773796970;40.4520053850
442578,6300000000;4478603,0400000000;23-11-2011;05  CHAMARTÍN;05-04 HISPANOAMÉRICA;PRINCIPE DE VERGARA, CALLE, DEL;255;CargayDescarga;Línea;3;15;Laborables de 08:00 a 14:00 y de 16:30 a 19:00 ;-3.6772237950;40.4561093670
441615,9000000000;4478608,4000000000;19-04-2001;05  CHAMARTÍN;05-04 HISPANOAMÉRICA;PROFESOR WAKSMAN, CALLE, DEL;7;CargayDescarga;Línea;2;11;Laborables de 08:00 a 14:00 y de 16:30 a 19:00 ;-3.6885777560;40.4560903450
441655,4400000000;4478605,0200000000;03-12-2003;05  CHAMARTÍN;05-04 HISPANOAMÉRICA;PROFESOR WAKSMAN, CALLE, DEL;9;CargayDescarga;Línea;3;17;Laborables de 08:00 a 14:00 y de 16:30 a 19:00 ;-3.6881111970;40.4560629000
442832,8300000000;4478391,5300000000;29-02-2000;05  CHAMARTÍN;05-04 HISPANOAMÉRICA;PUERTO RICO, CALLE, DE;15;CargayDescarga;Línea;3;15;Laborables de 08:00 a 14:00 y de 16:30 a 19:00 ;-3.6742069430;40.4542209550
442307,2000000000;4478579,2400000000;17-10-2000;05  CHAMARTÍN;05-04 HISPANOAMÉRICA;RAMON DE SANTILLAN, CALLE, DE;10;CargayDescarga;Línea;2;10;Laborables de 08:00 a 14:00 y de 16:30 a 19:00 ;-3.6804225040;40.4558754860
442329,7500000000;4478465,0200000000;31-01-2005;05  CHAMARTÍN;05-04 HISPANOAMÉRICA;RAMON DE SANTILLAN, CALLE, DE;5;CargayDescarga;Línea;3;15,1;Laborables de 08:00 a 14:00 y de 16:30 a 19:00 ;-3.6801462810;40.4548485730
442433,1100000000;4478183,0300000000;13-05-2019;05  CHAMARTÍN;05-04 HISPANOAMÉRICA;RODRIGUEZ MARIN, CALLE, DE;63;CargayDescarga;Línea;2;14,1;Laborables de 08:00 a 14:00 ;-3.6789017020;40.4523152400
443049,3600000000;4478450,3100000000;29-12-2020;05  CHAMARTÍN;05-04 HISPANOAMÉRICA;URUGUAY, CALLE, DE;18;CargayDescarga;Línea;3;15;Laborables de 7:00 a 22:00;-3.6716585420;40.4547656090
442388,5800000000;4478497,5300000000;15-01-2003;05  CHAMARTÍN;05-04 HISPANOAMÉRICA;VICTOR ANDRES BELAUNDE, CALLE, DE;19;CargayDescarga;Línea;3;15,4;Laborables de 08:00 a 14:00 y de 16:30 a 19:00 ;-3.6794553510;40.4551454230
442345,5700000000;4478694,8000000000;08-02-2006;05  CHAMARTÍN;05-04 HISPANOAMÉRICA;VICTOR ANDRES BELAUNDE, CALLE, DE;36;CargayDescarga;Línea;3;15,5;Laborables de 08:00 a 14:00 y de 16:30 a 19:00 ;-3.6799805820;40.4569191280
442417,2900000000;4478395,3100000000;16-09-2020;05  CHAMARTÍN;05-04 HISPANOAMÉRICA;VICTOR ANDRES BELAUNDE, CALLE, DE;1;CargayDescarga;Batería;3;9;Laborables de 08:00 a 14:00 y de 16:30 a 19:00 ;-3.6791074510;40.4542270290
442831,6300000000;4478150,8300000000;18-11-2017;05  CHAMARTÍN;05-04 HISPANOAMÉRICA;VICTOR DE LA SERNA, CALLE, DE;2;CargayDescarga;Línea;3;15,5;Laborables de 08:00 a 14:00 ;-3.6741993800;40.4520529980
443038,2900000000;4478613,4800000000;13-05-2019;05  CHAMARTÍN;05-04 HISPANOAMÉRICA;VICTOR DE LA SERNA, CALLE, DE;35;CargayDescarga;Línea;2;13,1;Laborables de 08:00 a 12:00 y de 16:00 a 18:00 ;-3.6718037290;40.4562346160
442446,2500000000;4478900,2500000000;01-01-1900;05  CHAMARTÍN;05-05 NUEVA ESPAÑA;ALBERTO ALCOCER, AVENIDA, DE;47;CargayDescarga;Línea;9;47,9;Laborables de 10:00  a 13:00  y de 16:00  a 18:00;-3.6788118620;40.4587769440
442566,2800000000;4479065,2100000000;28-01-2005;05  CHAMARTÍN;05-05 NUEVA ESPAÑA;ALFONSO XIII, AVENIDA, DE;151;CargayDescarga;Línea;4;20;Laborables de 08:00 a 14:00 y de 16:30 a 19:00  ;-3.6774112100;40.4602719050
442710,9900000000;4479067,0800000000;18-06-2008;05  CHAMARTÍN;05-05 NUEVA ESPAÑA;ALFONSO XIII, AVENIDA, DE;145;CargayDescarga;Línea;2;9,5;Laborables de 08:00 a 14:00 y de 16:30 a 19:00 ;-3.6757045980;40.4602983190
443154,6300000000;4479056,1300000000;01-09-2004;05  CHAMARTÍN;05-05 NUEVA ESPAÑA;ALFONSO XIII, AVENIDA, DE;152;CargayDescarga;Línea;1;7,3;Laborables de 08:00 a 14:00 y de 16:30 a 19:00 ;-3.6704714880;40.4602306520
442540,0400000000;4478915,4900000000;01-01-1900;05  CHAMARTÍN;05-05 NUEVA ESPAÑA;BOLIVIA, CALLE, DE;32;CargayDescarga;Línea;2;10,1;Laborables de 08:00 a 14:00 y de 16:30 a 19:00 ;-3.6777070280;40.4589209850
441591,9700000000;4479248,5000000000;05-04-2005;05  CHAMARTÍN;05-05 NUEVA ESPAÑA;CARLOS MAURRAS, CALLE, DE;2;CargayDescarga;Línea;3;13;Laborables de 09:00 a 14:00 y de 16:30 a 20:00 ;-3.6889189530;40.4618548160
441637,9100000000;4479244,6000000000;05-04-2005;05  CHAMARTÍN;05-05 NUEVA ESPAÑA;CARLOS MAURRAS, CALLE, DE;2;CargayDescarga;Línea;3;13;Laborables de 09:00 a 14:00 y de 16:30 a 20:00 ;-3.6883767050;40.4618229020
441626,2400000000;4479261,5100000000;06-09-2013;05  CHAMARTÍN;05-05 NUEVA ESPAÑA;CARLOS MAURRAS, CALLE, DE;3;CargayDescarga;Batería;4;19,7;Lunes a viernes de 08:00 a 14:00 y de 16:30 a 19:00 sabados de 08:00 a 15:00 ;-3.6885159340;40.4619745070
441560,1300000000;4479088,1900000000;27-03-2017;05  CHAMARTÍN;05-05 NUEVA ESPAÑA;CASTELLANA, PASEO, DE LA;176;CargayDescarga;Línea;3;13,2;Laborables de 08:00 a 14:00 y de 16:30 a 19:00 ;-3.6892796870;40.4604082690
442715,1200000000;4478996,1800000000;21-02-2002;05  CHAMARTÍN;05-05 NUEVA ESPAÑA;CHILE, CALLE, DE;25;CargayDescarga;Línea;3;12,8;Laborables de 08:00 a 14:00 y de 16:30 a 19:00 ;-3.6756495360;40.4596603300
442926,9600000000;4478877,5900000000;18-04-2001;05  CHAMARTÍN;05-05 NUEVA ESPAÑA;COSTA RICA, CALLE, DE;15;CargayDescarga;Línea;3;15;Laborables de 08:00 a 14:00 y de 16:30 a 19:00 ;-3.6731404970;40.4586064890
441673,6700000000;4479128,9900000000;10-12-2019;05  CHAMARTÍN;05-05 NUEVA ESPAÑA;DOCTOR FLEMING, CALLE, DEL;29;CargayDescarga;Línea;2;9;Laborables de 08:00 a 14:00 y de 16:30 a 19:00 y domingos de 09:00 a 12:00 ;-3.6879443510;40.4607836710
442136,6800000000;4479555,7900000000;20-02-2008;05  CHAMARTÍN;05-05 NUEVA ESPAÑA;FRANCISCO SUAREZ, CALLE, DE;16;CargayDescarga;Línea;3;15;Laborables de 08:00 a 14:00 y de 16:30 a 19:00 ;-3.6825225090;40.4646610490
441903,2800000000;4479515,9300000000;05-11-2018;05  CHAMARTÍN;05-05 NUEVA ESPAÑA;GENERAL LOPEZ POZAS, CALLE, DEL;8;CargayDescarga;Línea;2;12;Laborables de 08:00 a 14:00 y de 16:30 a 19:00 ;-3.6852717900;40.4642854750
441743,8900000000;4479352,3200000000;22-05-2018;05  CHAMARTÍN;05-05 NUEVA ESPAÑA;JUAN RAMON JIMENEZ, CALLE, DE;45;CargayDescarga;Línea;2;12;Laborables de 08:00 a 14:00 y de 16:30 a 19:00 ;-3.6871367670;40.4628012280
442284,8200000000;4479103,4400000000;24-07-2018;05  CHAMARTÍN;05-05 NUEVA ESPAÑA;LA HABANA, PASEO, DE;176;CargayDescarga;Línea;2;12;Laborables de 08:00 a 14:00 ;-3.6807341360;40.4605967720
442397,9200000000;4479615,1600000000;10-03-2022;05  CHAMARTÍN;05-05 NUEVA ESPAÑA;LA HABANA, PASEO, DE;206;CargayDescarga;Línea;2;10;lab.de lunes a viernes  de 8 a 14.30  excepto: CARGA Y DESCARGA ;-3.6794466420;40.4652144680
441883,8000000000;4479128,8100000000;28-05-2012;05  CHAMARTÍN;05-05 NUEVA ESPAÑA;PADRE DAMIAN, CALLE, DEL;37;CargayDescarga;Línea;3;15,1;Laborables de 08:00 a 14:00 y de 16:30 a 19:00 ;-3.6854661370;40.4607969070
442600,9300000000;4478910,4100000000;18-06-2008;05  CHAMARTÍN;05-05 NUEVA ESPAÑA;REPUBLICA DOMINICANA, PLAZA, DE LA;4;CargayDescarga;Línea;3;17;Laborables de 08:00 a 14:00 y de 16:30 a 19:00 ;-3.6769884820;40.4588795610
443197,5600000000;4479298,2200000000;07-06-2005;05  CHAMARTÍN;05-05 NUEVA ESPAÑA;SANTA MARIA MAGDALENA, CALLE, DE;14;CargayDescarga;Línea;3;15;Laborables de 08:00 a 14:00 y de 16:30 a 19:00 ;-3.6699867650;40.4624139080
442568,0400000000;4479119,0900000000;01-01-1900;05  CHAMARTÍN;05-05 NUEVA ESPAÑA;TRIANA, CALLE, DE;3;CargayDescarga;Línea;3;13,9;Laborables de 08:00 a 14:00  ;-3.6773951670;40.4607568000
441878,6400000000;4480140,1800000000;14-06-2007;05  CHAMARTÍN;05-06 CASTILLA;AGUSTIN DE FOXA, CALLE, DE;26;CargayDescarga;Línea;2;10;Laborables de 08:00 a 14:00 y de 16:30 a 19:00 ;-3.6856196320;40.4699076230
441886,9900000000;4480182,7300000000;14-06-2007;05  CHAMARTÍN;05-06 CASTILLA;AGUSTIN DE FOXA, CALLE, DE;30;CargayDescarga;Línea;3;15,1;Laborables de 08:00 a 14:00 y de 16:30 a 19:00 ;-3.6855250370;40.4702918490
442109,0700000000;4480352,2100000000;01-01-1900;05  CHAMARTÍN;05-06 CASTILLA;AGUSTIN DE FOXA, CALLE, DE;40;CargayDescarga;Línea;5;27,3;Subida y bajada de viajeros ;-3.6829208290;40.4718338500
441678,8800000000;4479919,1100000000;31-03-2005;05  CHAMARTÍN;05-06 CASTILLA;AGUSTIN DE FOXA, CALLE, DE;5;CargayDescarga;Línea;3;15,1;Laborables de 08:00 a 14:00 y de 16:30 a 19:00 ;-3.6879554670;40.4679020420
441938,0700000000;4481119,1000000000;03-11-2021;05  CHAMARTÍN;05-06 CASTILLA;ANDRES MANJON, PLAZA, DE;7;CargayDescarga;Línea;3;18,1;Lab de 8 a 14 h y de 16.30 a 19 h.;-3.6850081140;40.4787304280
442711,8600000000;4480574,3700000000;10-10-1996;05  CHAMARTÍN;05-06 CASTILLA;BURGOS, AVENIDA, DE;12;CargayDescarga;Línea;3;21,7;Laborables de 08:00 a 14:00 y de 16:30 a 19:00 ;-3.6758303620;40.4738770750
443095,4800000000;4479779,0000000000;13-07-2005;05  CHAMARTÍN;05-06 CASTILLA;CARDENAL MARCELO SPINOLA, CALLE, DEL;4;CargayDescarga;Batería;6;15;Laborables de 08:00 a 14:00 y de 16:30 a 19:00  ;-3.6712338650;40.4667377910
443212,8100000000;4479830,3000000000;13-07-2005;05  CHAMARTÍN;05-06 CASTILLA;CARDENAL MARCELO SPINOLA, CALLE, DEL;10;CargayDescarga;Batería;6;16,3;Laborables de 08:00 a 14:00 y de 16:30 a 19:00 ;-3.6698544690;40.4672085910
441681,6500000000;4480039,3500000000;06-11-2018;05  CHAMARTÍN;05-06 CASTILLA;CARMEN SANCHEZ CARRASCOSA, CALLE, DE;5;CargayDescarga;Línea;2;10,9;Laborables de 08:00 a 14:00 y de 16:30 a 19:00 ;-3.6879338660;40.4689851040
441880,9400000000;4480068,4000000000;01-01-1900;05  CHAMARTÍN;05-06 CASTILLA;ESTEBAN TERRADAS, CALLE, DE;3;CargayDescarga;Línea;2;20,1;Laborables de 08:00 a 14:00 y de 16:30 a 19:00  ;-3.6855858280;40.4692610400
442189,4800000000;4480326,5100000000;01-01-1900;05  CHAMARTÍN;05-06 CASTILLA;HIEDRA, CALLE, DE LA;5;CargayDescarga;Línea;6;31,2;Subida y bajada de viajeros ;-3.6819700630;40.4716080470
443009,1700000000;4479896,8800000000;18-11-2004;05  CHAMARTÍN;05-06 CASTILLA;JOSE BARDASANO BAOS, CALLE, DE;6;CargayDescarga;Línea;5;30,5;Laborables de 08:00 a 14:00 y de 16:30 a 19:00 ;-3.6722625540;40.4677938100
441869,6400000000;4480874,2700000000;24-07-2015;05  CHAMARTÍN;05-06 CASTILLA;MANUEL CALDEIRO, CALLE, DE;1;CargayDescarga;Línea;3;15;Laborables de 08:00 a 17:00 ;-3.6857931240;40.4765203580
441761,7400000000;4480033,1900000000;26-03-1999;05  CHAMARTÍN;05-06 CASTILLA;MAURICIO LEGENDRE, CALLE, DE;1;CargayDescarga;Línea;3;14,5;Laborables de 08:00 a 14:00 y de 16:30 a 19:00 ;-3.6869886000;40.4689354860
441775,8900000000;4480099,4600000000;03-11-2003;05  CHAMARTÍN;05-06 CASTILLA;MAURICIO LEGENDRE, CALLE, DE;9;CargayDescarga;Línea;2;15;Laborables de 08:00 a 14:00 y de 16:30 a 19:00 ;-3.6868278280;40.4695338250
441808,0800000000;4480244,3400000000;19-04-2005;05  CHAMARTÍN;05-06 CASTILLA;MAURICIO LEGENDRE, CALLE, DE;17;CargayDescarga;Línea;3;15;Laborables de 08:00 a 14:00 y de 16:30 a 19:00 ;-3.6864613070;40.4708410860
441809,3000000000;4480116,5700000000;22-07-2005;05  CHAMARTÍN;05-06 CASTILLA;MAURICIO LEGENDRE, CALLE, DE;2;CargayDescarga;Línea;4;20;Laborables de 08:00 a 14:00 y de 16:30 a 19:00 ;-3.6864352380;40.4696901280
441890,5400000000;4479981,4700000000;01-01-1900;05  CHAMARTÍN;05-06 CASTILLA;NUÑEZ MORGADO, CALLE, DE;9;CargayDescarga;Línea;4;20,1;Laborables de 09:00 a 20:00 ;-3.6854646470;40.4684786660
441853,6000000000;4480619,8100000000;20-11-2008;05  CHAMARTÍN;05-06 CASTILLA;PADRE FRANCISCO PALAU Y QUER, CALLE, DEL;5;CargayDescarga;Línea;2;11,1;Laborables de 08:00 a 14:00 y de 16:30 a 19:00 ;-3.6859589380;40.4742269230
440084,1300000000;4477746,3300000000;13-03-2009;06  TETUÁN;06-01 BELLAS VISTAS;ADELA BALBOA, CALLE, DE;6;CargayDescarga;Línea;2;11;Laborables de 08:00 a 14:00 y de 16:30 a 19:00 ;-3.7065606670;40.4482150970
440201,6600000000;4477809,3200000000;10-05-2019;06  TETUÁN;06-01 BELLAS VISTAS;ALMANSA, CALLE, DE;24;CargayDescarga;Batería;2;5;Laborables de 08:00 a 14:00 y de 16:30 a 19:00 ;-3.7051806980;40.4487913780
440309,4300000000;4477884,9300000000;28-05-2009;06  TETUÁN;06-01 BELLAS VISTAS;CARNICER, CALLE, DE;2;CargayDescarga;Línea;3;15;Laborables de 09:00 a 20:00 ;-3.7039170970;40.4494800160
440130,1500000000;4478079,3400000000;13-02-2019;06  TETUÁN;06-01 BELLAS VISTAS;CAROLINAS, CALLE, DE LAS;26;CargayDescarga;Línea;3;14,1;Laborables de 08:00 a 14:00 y de 16:30 a 19:00 ;-3.7060494170;40.4512183700
440182,4800000000;4478292,1800000000;01-01-1900;06  TETUÁN;06-01 BELLAS VISTAS;CASTILLA, CALLE, DE;34;CargayDescarga;Batería;7;15,7;Laborables de 08:00 a 14:00 y de 16:30 a 19:00 ;-3.7054523370;40.4531394400
440359,3200000000;4478264,6700000000;28-05-2009;06  TETUÁN;06-01 BELLAS VISTAS;CASTILLA, CALLE, DE;2;CargayDescarga;Línea;3;14;Laborables de 09:00 a 14:00 y de 16:30 a 20:00 ;-3.7033644790;40.4529044700
440054,4900000000;4478311,9800000000;01-02-2013;06  TETUÁN;06-01 BELLAS VISTAS;CASTILLA, CALLE, DE;54;CargayDescarga;Línea;2;12;Laborables de 08:00 a 17:00 ;-3.7069635710;40.4533085770
440012,8400000000;4477847,8700000000;23-04-2012;06  TETUÁN;06-01 BELLAS VISTAS;CASTILLO PIÑEIRO, CALLE, DE;5;CargayDescarga;Batería;3;15;Laborables de 08:00 a 14:00 ;-3.7074108790;40.4491245530
439838,0000000000;4478083,5700000000;18-06-2001;06  TETUÁN;06-01 BELLAS VISTAS;DOCTOR FEDERICO RUBIO Y GALI, AVENIDA, DEL;33;CargayDescarga;Línea;3;15;Laborables de 08:00 a 14:00 y de 16:30 a 19:00 ;-3.7094948980;40.4512356730
440062,2900000000;4477679,6500000000;12-02-1998;06  TETUÁN;06-01 BELLAS VISTAS;DOCTOR SANTERO, CALLE, DEL;31;CargayDescarga;Línea;2;12,6;Laborables de 08:00 a 14:00 y de 16:30 a 20:00 ;-3.7068119090;40.4476134340
440148,9100000000;4477680,5600000000;29-07-2016;06  TETUÁN;06-01 BELLAS VISTAS;DOCTOR SANTERO, CALLE, DEL;17;CargayDescarga;Línea;2;11,9;Laborables de 08:00 a 14:00 ;-3.7057905540;40.4476271280
440249,8200000000;4477681,5600000000;22-04-2019;06  TETUÁN;06-01 BELLAS VISTAS;DOCTOR SANTERO, CALLE, DEL;3;CargayDescarga;Línea;9;46;Laborables de 08:00 a 14:00 y de 16:30 a 19:00 ;-3.7046008650;40.4476442020
439855,6600000000;4478196,9900000000;14-09-1998;06  TETUÁN;06-01 BELLAS VISTAS;JERONIMA LLORENTE, CALLE, DE;78;CargayDescarga;Línea;3;15,2;Laborables de 09:00 a 14:00 y de 16:30 a 20:00 ;-3.7092974000;40.4522581170
440061,5900000000;4478469,0800000000;01-01-1900;06  TETUÁN;06-01 BELLAS VISTAS;JERONIMA LLORENTE, CALLE, DE;34;CargayDescarga;Línea;2;16,8;Laborables de 08:00 a 14:00 y de 16:30 a 19:00 ;-3.7068947010;40.4547242420
440314,8500000000;4477940,1200000000;28-05-2009;06  TETUÁN;06-01 BELLAS VISTAS;JUAN PANTOJA, CALLE, DE;1;CargayDescarga;Línea;3;20,5;Laborables de 08:00 a 14:00 y de 16:30 a 19:00 ;-3.7038583690;40.4499780880
439972,4700000000;4478265,7300000000;28-08-2015;06  TETUÁN;06-01 BELLAS VISTAS;LEÑEROS, CALLE, DE LOS;6 B;CargayDescarga;Línea;2;12;Laborables de 08:00 a 19:00 ;-3.7079264260;40.4528866510
440338,4600000000;4478333,3500000000;22-04-2019;06  TETUÁN;06-01 BELLAS VISTAS;NAVARRA, CALLE, DE;7;CargayDescarga;Línea;4;21,1;Laborables de 08:00 a 14:00 y de 16:30 a 19:00 ;-3.7036168670;40.4535218320
440076,1700000000;4478553,7100000000;03-09-2012;06  TETUÁN;06-01 BELLAS VISTAS;PAMPLONA, CALLE, DE;43;CargayDescarga;Línea;2;10;Laborables de 08:00 a 14:00 ;-3.7067307210;40.4554875930
440340,0700000000;4478157,3000000000;28-05-2009;06  TETUÁN;06-01 BELLAS VISTAS;SAN RAIMUNDO, CALLE, DE;2;CargayDescarga;Línea;3;19,2;Laborables de 08:00 a 14:00 y de 16:30 a 19:00 ;-3.7035813440;40.4519358850
440005,5200000000;4478137,3800000000;24-05-2010;06  TETUÁN;06-01 BELLAS VISTAS;SAN RAIMUNDO, CALLE, DE;50;CargayDescarga;Línea;3;15;Laborables de 08:00 a 14:00 y de 16:30 a 19:00 ;-3.7075245540;40.4517321410
440349,4100000000;4478203,3400000000;28-05-2009;06  TETUÁN;06-01 BELLAS VISTAS;SANTA JULIANA, CALLE, DE;1;CargayDescarga;Línea;3;15;Laborables de 09:00 a 20:00 ;-3.7034755180;40.4523513370
440263,3500000000;4478031,0200000000;01-01-1900;06  TETUÁN;06-01 BELLAS VISTAS;TOPETE, CALLE, DEL;28;CargayDescarga;Línea;3;13,7;Laborables de 09:00 a 20:00 ;-3.7044741840;40.4507927770
440272,2700000000;4478108,4200000000;13-05-2013;06  TETUÁN;06-01 BELLAS VISTAS;TOPETE, CALLE, DEL;38;CargayDescarga;Línea;2;9,7;Laborables de 08:00 a 14:00 y de 16:30 a 19:00 ;-3.7043762650;40.4514910980
440372,6100000000;4477645,8900000000;21-03-2005;06  TETUÁN;06-02 CUATRO CAMINOS;ARTISTAS, CALLE, DE LOS;3;CargayDescarga;Línea;3;15;Laborables de 08:00 a 14:00 y de 16:30 a 19:00 ;-3.7031495630;40.4473313100
440547,6000000000;4477655,5000000000;28-05-2009;06  TETUÁN;06-02 CUATRO CAMINOS;ARTISTAS, CALLE, DE LOS;26;CargayDescarga;Línea;3;16,6;Laborables de 08:00 a 14:00 y de 16:30 a 19:00 ;-3.7010870860;40.4474303740
440687,1500000000;4477653,0600000000;11-11-2015;06  TETUÁN;06-02 CUATRO CAMINOS;ARTISTAS, CALLE, DE LOS;40;CargayDescarga;Línea;3;14,7;Laborables de 08:00 a 14:00 y de 16:30 a 19:00 ;-3.6994413800;40.4474181130
440762,9500000000;4477597,6600000000;01-01-1900;06  TETUÁN;06-02 CUATRO CAMINOS;AVIADOR ZORITA, CALLE, DEL;2;CargayDescarga;Línea;5;26,4;Laborables de 08:00 a 20:00 ;-3.6985424090;40.4469246820
440809,4500000000;4478187,2100000000;17-02-2021;06  TETUÁN;06-02 CUATRO CAMINOS;AVIADOR ZORITA, CALLE, DEL;50;CargayDescarga;Línea;3;20,3;Laborables de 08:00 a 14:00 y de 16:00 a 19:00 ;-3.6980490350;40.4522386930
440522,2800000000;4478240,3500000000;01-01-1900;06  TETUÁN;06-02 CUATRO CAMINOS;AVILA, CALLE, DE;6;CargayDescarga;Línea;6;20,1;Laborables de 09:00 a 13:00 y de 16:00 a 20:00 ;-3.7014404290;40.4526971170
441211,0700000000;4478452,0300000000;30-09-2015;06  TETUÁN;06-02 CUATRO CAMINOS;BRASIL, AVENIDA, DE;10;CargayDescarga;Línea;3;15,1;Laborables de 07:00 a 17:00 ;-3.6933374310;40.4546533670
441103,7400000000;4478072,5900000000;03-03-2017;06  TETUÁN;06-02 CUATRO CAMINOS;CARLOS TRIAS BERTRAN, PLAZA, DE;2;CargayDescarga;Línea;4;20;Sin tramo horario ;-3.6945679150;40.4512275950
441402,2800000000;4478293,5500000000;01-01-1900;06  TETUÁN;06-02 CUATRO CAMINOS;CASTELLANA, PASEO, DE LA;101;CargayDescarga;Línea;3;15,1;Laborables de 08:00 a 14:00 y de 16:30 a 19:00 ;-3.6910679450;40.4532385050
441360,0600000000;4477775,2600000000;18-09-2017;06  TETUÁN;06-02 CUATRO CAMINOS;CASTELLANA, PASEO, DE LA;85;CargayDescarga;Línea;3;19,4;Laborables de 08:00 a 14:00 y de 16:30 a 19:00  ;-3.6915178890;40.4485668930
441375,1200000000;4477959,8200000000;30-10-2017;06  TETUÁN;06-02 CUATRO CAMINOS;CASTELLANA, PASEO, DE LA;89;CargayDescarga;Línea;4;19,9;Lunes a viernes de 08:00 a 14:00 y de 16:30 a 19:00 sabados de 08:00 a 14:00 ;-3.6913574040;40.4502309350
440879,0500000000;4477588,0400000000;19-03-2007;06  TETUÁN;06-02 CUATRO CAMINOS;EDGAR NEVILLE, CALLE, DE;1;CargayDescarga;Línea;4;26;Laborables de 08:00 a 14:00 y de 16:30 a 19:00  ;-3.6971723520;40.4468463010
440935,6400000000;4478127,8300000000;13-03-2013;06  TETUÁN;06-02 CUATRO CAMINOS;EDGAR NEVILLE, CALLE, DE;30;CargayDescarga;Línea;3;15;Laborables de 08:00 a 17:00 ;-3.6965553910;40.4517132910
440754,4200000000;4478329,4500000000;14-06-2001;06  TETUÁN;06-02 CUATRO CAMINOS;FORTUNATA Y JACINTA, CALLE, DE;3;CargayDescarga;Línea;3;15,1;Laborables de 08:00 a 14:00 y de 16:30 a 19:00  ;-3.6987112600;40.4535166760
440980,4100000000;4478421,6900000000;28-12-2020;06  TETUÁN;06-02 CUATRO CAMINOS;GENERAL CABRERA, CALLE, DEL;10;CargayDescarga;Batería;2;8,2;Laborables de lunes a viernes de 08:00 a 14:00 ;-3.6960548550;40.4543634500
440436,8300000000;4477749,3100000000;28-05-2009;06  TETUÁN;06-02 CUATRO CAMINOS;HERNANI, CALLE, DE;18;CargayDescarga;Batería;5;12,6;Laborables de 08:00 a 14:00 y de 16:30 a 19:00  ;-3.7024019670;40.4482672360
440372,7200000000;4477754,2100000000;28-05-2009;06  TETUÁN;06-02 CUATRO CAMINOS;HERNANI, CALLE, DE;6;CargayDescarga;Línea;2;13,6;Laborables de 08:00 a 14:00 y de 16:30 a 19:00  ;-3.7031585010;40.4483066560
440554,7300000000;4477743,3000000000;28-05-2009;06  TETUÁN;06-02 CUATRO CAMINOS;HERNANI, CALLE, DE;32;CargayDescarga;Batería;4;10;Laborables de 08:00 a 14:00 y de 16:30 a 19:00  ;-3.7010112840;40.4482222020
440721,0800000000;4477735,3400000000;28-02-2014;06  TETUÁN;06-02 CUATRO CAMINOS;HERNANI, CALLE, DE;48;CargayDescarga;Batería;2;11,5;Laborables de 08:00 a 14:00 y de 16:30 a 19:00 ;-3.6990489040;40.4481619840
440737,1100000000;4478450,6200000000;08-02-2001;06  TETUÁN;06-02 CUATRO CAMINOS;INFANTA MERCEDES, CALLE, DE LA;29;CargayDescarga;Línea;3;15;Laborables de 08:00 a 14:00 y de 16:30 a 19:00  ;-3.6989266340;40.4546068420
440376,5700000000;4477997,1900000000;01-07-2010;06  TETUÁN;06-02 CUATRO CAMINOS;JAEN, CALLE, DE;2;CargayDescarga;Línea;3;15,6;Laborables de 09:00 a 14:00 y de 16:30 a 20:00 ;-3.7031358120;40.4504960420
440416,2800000000;4478324,3400000000;01-01-1900;06  TETUÁN;06-02 CUATRO CAMINOS;JUAN DE OLIAS, CALLE, DE;2;CargayDescarga;Línea;3;15,4;Laborables de 09:00 a 20:00 ;-3.7026982440;40.4534464310
440667,7200000000;4478296,8400000000;07-05-2003;06  TETUÁN;06-02 CUATRO CAMINOS;JUAN DE OLIAS, CALLE, DE;30;CargayDescarga;Línea;2;13,2;Laborables de 09:00 a 20:00 ;-3.6997306090;40.4532168470
441032,1600000000;4478349,2400000000;01-01-1900;06  TETUÁN;06-02 CUATRO CAMINOS;JULIÁN BESTEIRO, CALLE, DE;8;CargayDescarga;Línea;3;15,9;Laborables de 09:00 a 20:00 ;-3.6954377230;40.4537145180
440587,4400000000;4478539,0800000000;25-11-1996;06  TETUÁN;06-02 CUATRO CAMINOS;LA CORUÑA, CALLE, DE;13;CargayDescarga;Línea;2;8,1;Laborables de 08:00 a 14:00 y de 16:30 a 19:00 ;-3.7006999390;40.4553931120
440467,6300000000;4478574,2700000000;01-07-2010;06  TETUÁN;06-02 CUATRO CAMINOS;LA CORUÑA, CALLE, DE;1;CargayDescarga;Línea;4;18;Laborables de 08:00 a 14:00 y de 16:30 a 19:00 ;-3.7021162330;40.4557013060
440625,2700000000;4478583,4700000000;13-07-2013;06  TETUÁN;06-02 CUATRO CAMINOS;LERIDA, CALLE, DE;47;CargayDescarga;Batería;6;16;Laborables de 08:00 a 14:00 y de 16:30 a 19:00 maximo 30 minutos ;-3.7002580160;40.4557954430
440441,2300000000;4478492,7600000000;16-12-1996;06  TETUÁN;06-02 CUATRO CAMINOS;MANUEL LUNA, CALLE, DE;1;CargayDescarga;Línea;3;15;Laborables de 09:00 a 14:00 y de 16:00 a 20:00 ;-3.7024197860;40.4549653420
440432,5300000000;4478438,0400000000;28-05-2009;06  TETUÁN;06-02 CUATRO CAMINOS;MERCEDES, CALLE, DE LAS;2;CargayDescarga;Línea;3;15;Laborables de 08:00 a 14:00 y de 16:30 a 19:00  ;-3.7025172460;40.4544712230
441069,9900000000;4478091,7100000000;01-01-1900;06  TETUÁN;06-02 CUATRO CAMINOS;ORENSE, CALLE, DE;24;CargayDescarga;Línea;3;13,6;Laborables de 08:00 a 14:00 y de 16:30 a 19:00  ;-3.6949678400;40.4513975340
441062,9400000000;4478003,5600000000;01-01-1900;06  TETUÁN;06-02 CUATRO CAMINOS;ORENSE, CALLE, DE;21;CargayDescarga;Línea;4;19,8;Laborables de 08:00 a 14:00 y de 16:30 a 19:00  ;-3.6950426680;40.4506029560
441008,7100000000;4477605,0600000000;05-02-2015;06  TETUÁN;06-02 CUATRO CAMINOS;ORENSE, CALLE, DE;3;CargayDescarga;Línea;2;12,6;Laborables de 08:00 a 14:00 y de 16:30 a 19:00 ;-3.6956451910;40.4470088490
441034,9100000000;4477678,5200000000;07-06-2019;06  TETUÁN;06-02 CUATRO CAMINOS;ORENSE, CALLE, DE;4;CargayDescarga;Línea;4;20;Laborables de 09:00 a 20:00 ;-3.6953430700;40.4476726210
440368,4300000000;4477939,7700000000;01-01-1900;06  TETUÁN;06-02 CUATRO CAMINOS;PALENCIA, CALLE, DE;1;CargayDescarga;Línea;2;13,4;Laborables de 08:00 a 14:00 y de 16:30 a 19:00  ;-3.7032264540;40.4499782600
440538,7600000000;4477917,3900000000;01-07-2010;06  TETUÁN;06-02 CUATRO CAMINOS;PALENCIA, CALLE, DE;31;CargayDescarga;Línea;3;13,9;Laborables de 08:00 a 14:00 y de 16:30 a 19:00 ;-3.7012158870;40.4497892990
440392,6800000000;4477935,8700000000;26-01-2017;06  TETUÁN;06-02 CUATRO CAMINOS;PALENCIA, CALLE, DE;7;CargayDescarga;Línea;2;10,9;Laborables de 08:00 a 14:00 y de 16:30 a 19:00 ;-3.7029400890;40.4499450290
440772,7100000000;4478044,0600000000;05-06-2000;06  TETUÁN;06-02 CUATRO CAMINOS;REINA MERCEDES, CALLE, DE LA;14;CargayDescarga;Línea;3;7,1;Laborables de 08:00 a 14:00 y de 16:30 a 19:00  ;-3.6984689560;40.4509469600
440886,8500000000;4478513,9000000000;16-03-2022;06  TETUÁN;06-02 CUATRO CAMINOS;SAN AMARO, PLAZA, DE;1;CargayDescarga;Línea;3;7,6;Laborables de 8 a 14.30 h excepto carga y descarga en línea;-3.6971666800;40.4551870200
440487,3800000000;4478638,6400000000;28-05-2009;06  TETUÁN;06-02 CUATRO CAMINOS;SAN ENRIQUE, CALLE, DE;2;CargayDescarga;Línea;3;15;Laborables de 09:00 a 20:00 ;-3.7018892850;40.4562828590
440688,1500000000;4478714,9600000000;01-01-1900;06  TETUÁN;06-02 CUATRO CAMINOS;SAN GERMÁN, CALLE, DE;43;CargayDescarga;Línea;3;15;Laborables de 08:00 a 14:00 y de 16:30 a 19:00 ;-3.6995288130;40.4569845030
440395,5700000000;4478138,6200000000;28-05-2009;06  TETUÁN;06-02 CUATRO CAMINOS;TERUEL, CALLE, DE;1;CargayDescarga;Línea;3;14;Laborables de 09:00 a 14:00 y de 16:30 a 20:00 ;-3.7029251350;40.4517718470
441433,9800000000;4478679,3600000000;20-03-2000;06  TETUÁN;06-03 CASTILLEJOS;CASTELLANA, PASEO, DE LA;113;CargayDescarga;Línea;3;15,9;Laborables de 08:00 a 14:00 y de 16:30 a 19:00 maximo 30 minutos ;-3.6907297860;40.4567168170
441471,2700000000;4479130,3400000000;28-12-2011;06  TETUÁN;06-03 CASTILLEJOS;CASTELLANA, PASEO, DE LA;151;CargayDescarga;Línea;3;15;Laborables de 08:00 a 14:00 y de 16:30 a 19:00 ;-3.6903314650;40.4607820670
441122,3400000000;4479159,7200000000;02-07-2010;06  TETUÁN;06-03 CASTILLEJOS;FRANCISCO GERVAS, CALLE, DE;18;CargayDescarga;Línea;3;15;Laborables de 08:00 a 14:00 y de 16:30 a 19:00 ;-3.6944495420;40.4610217930
440669,5400000000;4478930,8000000000;28-05-2009;06  TETUÁN;06-03 CASTILLEJOS;FRANCISCO MEDRANO, CALLE, DE;1;CargayDescarga;Línea;2;10;Laborables de 09:00 a 14:00 y de 16:30 a 20:00 ;-3.6997684240;40.4589275740
440913,4900000000;4479156,9800000000;04-08-2009;06  TETUÁN;06-03 CASTILLEJOS;GENERAL MARGALLO, CALLE, DEL;11;CargayDescarga;Línea;4;18,9;Laborables de 08:00 a 14:00 y de 16:30 a 19:00 ;-3.6969123440;40.4609828310
441015,2400000000;4479119,7900000000;27-03-2013;06  TETUÁN;06-03 CASTILLEJOS;GENERAL MARGALLO, CALLE, DEL;23;CargayDescarga;Línea;2;12;Laborables de lunes a viernes de 16:30 a 20:00 ;-3.6957088460;40.4606542970
440959,4400000000;4478951,1000000000;15-10-2013;06  TETUÁN;06-03 CASTILLEJOS;HERMANO GARATE, CALLE, DEL;13;CargayDescarga;Batería;1;12,5;Laborables de 08:00 a 17:00 ;-3.6963513040;40.4591309170
441270,1600000000;4479509,1100000000;17-10-1996;06  TETUÁN;06-03 CASTILLEJOS;INFANTA MERCEDES, CALLE, DE LA;100;CargayDescarga;Línea;4;16;Laborables de 08:00 a 14:00 y de 16:30 a 19:00  ;-3.6927384040;40.4641802800
440931,7100000000;4479006,8400000000;02-07-2020;06  TETUÁN;06-03 CASTILLEJOS;INFANTA MERCEDES, CALLE, DE LA;58;CargayDescarga;Línea;4;20,1;Laborables de 08:00 a 22:00 ;-3.6966835050;40.4596311090
441026,8500000000;4479500,5500000000;08-04-2009;06  TETUÁN;06-03 CASTILLEJOS;OÑATE, CALLE, DE;2;CargayDescarga;Línea;2;10;Laborables de 08:00 a 14:00 y de 16:30 a 19:00 ;-3.6956073180;40.4640853980
441131,0800000000;4479051,7900000000;16-07-2012;06  TETUÁN;06-03 CASTILLEJOS;ORENSE, CALLE, DE;83;CargayDescarga;Línea;4;20,3;Laborables de 08:00 a 14:00 ;-3.6943363260;40.4600503430
441115,2000000000;4478696,5800000000;14-06-2017;06  TETUÁN;06-03 CASTILLEJOS;ORENSE, CALLE, DE;44;CargayDescarga;Línea;6;15,1;Lunes a sabado de 08:00 a 15:00 ;-3.6944907380;40.4568494570
440920,9300000000;4479351,1500000000;28-05-2009;06  TETUÁN;06-03 CASTILLEJOS;PEDRO VILLAR, CALLE, DE;1;CargayDescarga;Línea;2;11,7;Laborables de 09:00 a 20:00 ;-3.6968427870;40.4627319000
441376,7600000000;4479415,3200000000;14-04-2011;06  TETUÁN;06-03 CASTILLEJOS;POETA JOAN MARAGALL, CALLE, DEL;62;CargayDescarga;Línea;3;15;Laborables de 08:00 a 14:00 y de 16:30 a 19:00 ;-3.6914724540;40.4633426730
441294,9100000000;4478655,5200000000;15-06-2000;06  TETUÁN;06-03 CASTILLEJOS;POETA JOAN MARAGALL, CALLE, DEL;17;CargayDescarga;Línea;3;15,7;Laborables de 08:00 a 14:00 y de 16:30 a 19:00 ;-3.6923676430;40.4564921030
441303,0900000000;4478755,2000000000;23-12-2013;06  TETUÁN;06-03 CASTILLEJOS;POETA JOAN MARAGALL, CALLE, DEL;19 B;CargayDescarga;Batería;3;15,1;Laborables de 08:00 a 19:00 ;-3.6922803810;40.4573907870
440984,8300000000;4479438,8100000000;10-06-2014;06  TETUÁN;06-03 CASTILLEJOS;ROSA DE SILVA, CALLE, DE;1;CargayDescarga;Línea;2;10;Laborables de 08:00 a 14:00 y de 16:30 a 19:00 ;-3.6960971400;40.4635262480
441211,7100000000;4479299,9100000000;04-08-2010;06  TETUÁN;06-03 CASTILLEJOS;ROSARIO PINO, CALLE, DE;18;CargayDescarga;Línea;3;19;Laborables de 08:00 a 14:00 y de 16:30 a 19:00 ;-3.6934084210;40.4622908370
441038,1700000000;4479891,1100000000;08-10-2019;06  TETUÁN;06-04 ALMENARA;ANTONIO, CALLE, DE;25 B;CargayDescarga;Línea;2;8,7;Lunes a viernes de 09:00 a 20:00 sabados 09:00 a 14:00 ;-3.6955100870;40.4676047340
441693,5800000000;4480514,0500000000;09-03-2007;06  TETUÁN;06-04 ALMENARA;CASTELLANA, PASEO, DE LA;247;CargayDescarga;Línea;3;15;Laborables de 08:00 a 14:00 y de 16:30 a 19:00 ;-3.6878368640;40.4732629790
441446,4200000000;4480194,5900000000;20-09-2012;06  TETUÁN;06-04 ALMENARA;CEDROS, CALLE, DE LOS;63;CargayDescarga;Línea;3;16,4;Laborables de 08:00 a 14:00 y de 16:30 a 19:00 ;-3.6907227960;40.4703672500
441341,6100000000;4479669,0800000000;11-12-2013;06  TETUÁN;06-04 ALMENARA;CONDE DEL SERRALLO, CALLE, DEL;1 A;CargayDescarga;Línea;3;15,2;Laborables de 08:00 a 17:00 ;-3.6919104800;40.4656260240
441048,7300000000;4479746,3500000000;24-03-2010;06  TETUÁN;06-04 ALMENARA;FRANCISCO CABO, CALLE, DE;5;CargayDescarga;Línea;3;17,5;Laborables de 09:00 a 20:00 ;-3.6953721190;40.4663015410
441348,4600000000;4480254,1600000000;25-10-2010;06  TETUÁN;06-04 ALMENARA;MARTIRES DE LA VENTILLA, CALLE, DE LOS;41;CargayDescarga;Línea;3;15;Laborables de 08:00 a 14:00 y de 16:30 a 19:00 ;-3.6918837230;40.4708973500
440983,1700000000;4480198,3100000000;17-10-2013;06  TETUÁN;06-04 ALMENARA;MONTOYA, CALLE, DE;42;CargayDescarga;Línea;2;12;Laborables de 08:00 a 17:00 ;-3.6961874380;40.4703682240
441071,6600000000;4480534,8300000000;16-12-2020;06  TETUÁN;06-04 ALMENARA;NADOR, CALLE, DE;S/N;CargayDescarga;Línea;2;10;Laborables de lunes a sabado de 07:00 a 16:00 ;-3.6951749070;40.4734059890
441264,2800000000;4479655,7800000000;01-01-1900;06  TETUÁN;06-04 ALMENARA;NARDO, CALLE, DEL;2;CargayDescarga;Línea;6;14,2;Laborables de 08:00 a 12:00 y de 16:30 a 19:00 ;-3.6928213680;40.4655009470
441289,3400000000;4480043,0200000000;06-10-2011;06  TETUÁN;06-04 ALMENARA;SAN BENITO, CALLE, DE;22;CargayDescarga;Línea;3;15,1;Laborables de 08:00 a 14:00 y de 16:30 a 19:00 ;-3.6925617040;40.4689909480
441079,3200000000;4479654,5800000000;02-12-2009;06  TETUÁN;06-04 ALMENARA;SIMANCAS, CALLE, DE;1;CargayDescarga;Línea;6;30;Laborables de 08:00 a 14:00 y de 16:30 a 19:00 ;-3.6950028480;40.4654769400
441457,1600000000;4480102,8800000000;01-07-2010;06  TETUÁN;06-04 ALMENARA;VINCA, CALLE, DE LA;5;CargayDescarga;Línea;2;8;Laborables de 08:00 a 14:00 y de 16:30 a 19:00 ;-3.6905876350;40.4695423050
440764,5500000000;4480259,6300000000;21-11-2020;06  TETUÁN;06-04 ALMENARA;YEROS, CALLE, DEL;9;CargayDescarga;Línea;1;10,2;Lunes a viernes de 07:00 a 20:00 sabados de 07:00 a 14:00 ;-3.6987718790;40.4709047990
440453,2300000000;4480144,6400000000;14-04-2020;06  TETUÁN;06-05 VALDEACEDERAS;ARROYO, CALLE, DEL;30;CargayDescarga;Línea;2;10,8;Laborables de 08:00 a 19:00 ;-3.7024333080;40.4698466030
440880,1400000000;4479390,4500000000;10-01-2005;06  TETUÁN;06-05 VALDEACEDERAS;AZUCENAS, CALLE, DE LAS;2;CargayDescarga;Línea;2;18;Laborables de 09:00 a 20:00 ;-3.6973274520;40.4630827790
440775,6600000000;4479433,7400000000;05-06-2018;06  TETUÁN;06-05 VALDEACEDERAS;AZUCENAS, CALLE, DE LAS;20;CargayDescarga;Línea;3;14,4;Laborables de 09:00 a 21:00 ;-3.6985638380;40.4634659730
440636,8500000000;4479689,6800000000;15-11-2009;06  TETUÁN;06-05 VALDEACEDERAS;CAPITAN BLANCO ARGIBAY, CALLE, DEL;50;CargayDescarga;Batería;5;13;Laborables de 08:00 a 14:00 y de 16:30 a 19:00 ;-3.7002249000;40.4657615860
440443,0000000000;4479777,3900000000;15-11-2009;06  TETUÁN;06-05 VALDEACEDERAS;CAPITAN BLANCO ARGIBAY, CALLE, DEL;90;CargayDescarga;Batería;3;10;Laborables de 08:00 a 14:00 y de 16:30 a 19:00 ;-3.7025195950;40.4665373130
440547,1800000000;4479728,3100000000;07-07-2010;06  TETUÁN;06-05 VALDEACEDERAS;CAPITAN BLANCO ARGIBAY, CALLE, DEL;66;CargayDescarga;Batería;3;7;Laborables de 08:00 a 14:00 y de 16:30 a 19:00 ;-3.7012861320;40.4661030690
440997,5700000000;4479569,2700000000;15-11-2009;06  TETUÁN;06-05 VALDEACEDERAS;CAPITAN BLANCO ARGIBAY, CALLE, DEL;8;CargayDescarga;Batería;1;3;Laborables de 08:00 a 20:00 ;-3.6959591140;40.4647020720
440823,6500000000;4479621,8300000000;15-11-2009;06  TETUÁN;06-05 VALDEACEDERAS;CAPITAN BLANCO ARGIBAY, CALLE, DEL;23;CargayDescarga;Batería;3;13,5;Laborables de 08:00 a 14:00 y de 16:30 a 19:00 ;-3.6980152880;40.4651635330
440794,6600000000;4479404,4200000000;07-09-2012;06  TETUÁN;06-05 VALDEACEDERAS;CEUTA, CALLE, DE;27;CargayDescarga;Línea;3;15;Laborables de 08:00 a 14:00 ;-3.6983370040;40.4632032150
440763,1800000000;4479304,8500000000;18-05-2015;06  TETUÁN;06-05 VALDEACEDERAS;CEUTA, CALLE, DE;19;CargayDescarga;Línea;3;16,7;Laborables de 08:00 a 14:00 y de 16:30 a 19:00 ;-3.6986988840;40.4623038430
440711,2700000000;4479209,8200000000;03-09-2019;06  TETUÁN;06-05 VALDEACEDERAS;CEUTA, CALLE, DE;2;CargayDescarga;Línea;6;31,2;Laborables de 06:00 a 20:30 ;-3.6993022660;40.4614444630
440839,9300000000;4479315,8900000000;28-05-2009;06  TETUÁN;06-05 VALDEACEDERAS;CONDE DE VALLELLANO, CALLE, DEL;1;CargayDescarga;Línea;3;13;Laborables de 09:00 a 20:00 ;-3.6977948140;40.4624091530
440262,1600000000;4480130,7400000000;06-10-2018;06  TETUÁN;06-05 VALDEACEDERAS;DIRECCION, PASEO, DE LA;322;CargayDescarga;Línea;3;14,2;Lunes a viernes de 07:00 a 20:00 sabados de 07:00 a 14:00 ;-3.7046858340;40.4697077750
440084,7000000000;4480131,4300000000;29-12-2016;06  TETUÁN;06-05 VALDEACEDERAS;DIRECCION, PASEO, DE LA;296;CargayDescarga;Línea;2;10,5;Lunes a viernes de 08:00 a 20:00  sabados 08:00 a 14:00 ;-3.7067791360;40.4697010720
440351,0600000000;4479832,6800000000;25-10-2012;06  TETUÁN;06-05 VALDEACEDERAS;ESPERANZA SANCHEZ CARRASCOSA, CALLE, DE;2;CargayDescarga;Línea;2;12;Laborables de 08:00 a 14:00 ;-3.7036091320;40.4670292550
440699,4100000000;4479637,4700000000;04-05-2021;06  TETUÁN;06-05 VALDEACEDERAS;FRAY JUNIPERO SERRA, CALLE, DE;34;CargayDescarga;Línea;4;20,5;Laborables de 08:00 a 20:00 ;-3.6994822320;40.4652958290
440245,7800000000;4480109,3500000000;06-10-2018;06  TETUÁN;06-05 VALDEACEDERAS;ISABEL SERRANO, CALLE, DE;18;CargayDescarga;Línea;1;6,7;Lunes a viernes de 07:00 a 20:00 sabados de 07:00 a 14:00 ;-3.7048770300;40.4695140580
440731,0000000000;4479167,0800000000;07-03-2012;06  TETUÁN;06-05 VALDEACEDERAS;MARQUES DE VIANA, CALLE, DEL;4;CargayDescarga;Batería;14;35,4;Laborables de 08:00 a 14:00 y de 16:30 a 19:00 maximo 30 minutos ;-3.6990655770;40.4610607540
440388,8700000000;4479405,8100000000;19-09-2013;06  TETUÁN;06-05 VALDEACEDERAS;MARQUES DE VIANA, CALLE, DEL;58;CargayDescarga;Línea;2;12;Laborables de 08:00 a 15:00 ;-3.7031230920;40.4631865990
440992,8900000000;4479610,9900000000;27-12-1999;06  TETUÁN;06-05 VALDEACEDERAS;MONASTERIO DE LEYRE, CALLE, DEL;2;CargayDescarga;Línea;3;14,1;Laborables de 08:00 a 14:00 y de 16:30 a 19:00 ;-3.6960181860;40.4650776460
440796,5400000000;4479959,5500000000;09-03-2022;06  TETUÁN;06-05 VALDEACEDERAS;PINOS ALTA, CALLE, DE;62;CargayDescarga;Batería;6;15;;-3.6983666250;40.4682039900
440673,1800000000;4479890,4200000000;16-01-2010;06  TETUÁN;06-05 VALDEACEDERAS;PLATANO, CALLE, DEL;15;CargayDescarga;Línea;3;15,1;Laborables de 08:00 a 14:00 y de 16:30 a 19:00 ;-3.6998152350;40.4675725340
440690,0600000000;4479025,8600000000;30-06-1998;06  TETUÁN;06-06 BERRUGUETE;ALGODONALES, CALLE, DE LOS;1;CargayDescarga;Línea;3;15;Laborables de 08:00 a 14:00 y de 16:30 a 19:00 ;-3.6995352880;40.4597852920
440597,1700000000;4479084,5400000000;08-10-2019;06  TETUÁN;06-06 BERRUGUETE;ALGODONALES, CALLE, DE LOS;13;CargayDescarga;Línea;1;5;Laborables de 09:00 a 20:00 ;-3.7006362260;40.4603077150
440047,4900000000;4478898,6800000000;11-02-2002;06  TETUÁN;06-06 BERRUGUETE;ALONSO NUÑEZ, CALLE, DE;1;CargayDescarga;Línea;3;11,3;Laborables de 09:00 a 20:00 ;-3.7071015960;40.4585935400
439904,3200000000;4478876,7600000000;20-11-2012;06  TETUÁN;06-06 BERRUGUETE;DIRECCION, PASEO, DE LA;23;CargayDescarga;Línea;2;17,5;Lunes a viernes de 08:00 a 14:00 y de 16:30 a 19:00  ;-3.7087879830;40.4583856710
440008,5400000000;4479092,8500000000;19-04-2013;06  TETUÁN;06-06 BERRUGUETE;DIRECCION, PASEO, DE LA;50;CargayDescarga;Línea;2;9;Laborables de 08:00 a 14:00 ;-3.7075792140;40.4603403740
439857,7500000000;4478734,6900000000;21-03-2011;06  TETUÁN;06-06 BERRUGUETE;FRANCOS RODRIGUEZ, CALLE, DE;72;CargayDescarga;Línea;3;15,4;Laborables de 08:00 a 14:00 y de 16:30 a 19:00 ;-3.7093236980;40.4571026470
440130,0400000000;4478683,3500000000;30-01-1997;06  TETUÁN;06-06 BERRUGUETE;FRANCOS RODRIGUEZ, CALLE, DE;48;CargayDescarga;Línea;3;15,1;Laborables de 09:00 a 20:00 ;-3.7061077440;40.4566597500
440019,3100000000;4478690,4300000000;07-01-2003;06  TETUÁN;06-06 BERRUGUETE;FRANCOS RODRIGUEZ, CALLE, DE;58;CargayDescarga;Línea;2;11,4;Laborables de 08:00 a 14:00 y de 16:30 a 19:00 ;-3.7074141450;40.4567152700
440275,8300000000;4478596,1300000000;30-07-2010;06  TETUÁN;06-06 BERRUGUETE;FRANCOS RODRIGUEZ, CALLE, DE;26;CargayDescarga;Línea;5;25,1;Laborables de 08:00 a 14:00 y de 16:30 a 19:00 ;-3.7043801610;40.4558847100
440372,2800000000;4478436,7100000000;28-05-2009;06  TETUÁN;06-06 BERRUGUETE;FRANCOS RODRIGUEZ, CALLE, DE;2;CargayDescarga;Línea;3;15;Laborables de 09:00 a 20:00   ;-3.7032277710;40.4544555240
440338,5000000000;4478519,9900000000;30-07-2010;06  TETUÁN;06-06 BERRUGUETE;FULGENCIO DE MIGUEL, CALLE, DE;6;CargayDescarga;Línea;3;15;Laborables de 08:00 a 14:00 y de 16:30 a 19:00 ;-3.7036339410;40.4552035210
439968,2600000000;4478794,4600000000;04-08-2020;06  TETUÁN;06-06 BERRUGUETE;JOSE CALVO, CALLE, DE;9;CargayDescarga;Línea;5;20;De 08:00 a 24:00 ;-3.7080261210;40.4576485610
440463,8300000000;4478747,0100000000;01-01-1900;06  TETUÁN;06-06 BERRUGUETE;LOPE DE HARO, CALLE, DE;1;CargayDescarga;Línea;3;15,1;Laborables de 08:00 a 14:00 y de 16:30 a 19:00 ;-3.7021771960;40.4572573450
440272,7700000000;4478692,5500000000;20-04-1998;06  TETUÁN;06-06 BERRUGUETE;LOPE DE HARO, CALLE, DE;32;CargayDescarga;Línea;7;36,5;Laborables de 08:00 a 14:00 y de 16:30 a 19:00 ;-3.7044253100;40.4567528560
440375,2600000000;4478729,1500000000;21-12-2013;06  TETUÁN;06-06 BERRUGUETE;LOPE DE HARO, CALLE, DE;18;CargayDescarga;Línea;3;15,1;Laborables de 08:00 a 17:00  ;-3.7032200940;40.4570896980
439909,8600000000;4478782,4900000000;28-05-2019;06  TETUÁN;06-06 BERRUGUETE;LORENZANA, CALLE, DE;12;CargayDescarga;Línea;2;10;Lunes a viernes de 09:00 a 20:00 ;-3.7087136130;40.4575367190
440607,5400000000;4478940,8100000000;08-05-1998;06  TETUÁN;06-06 BERRUGUETE;MARIA ZAYAS, CALLE, DE;2;CargayDescarga;Línea;2;14,1;Laborables de 09:00 a 14:00 y de 16:30 a 20:00 ;-3.7005004350;40.4590132890
440343,8500000000;4478622,2700000000;01-01-1900;06  TETUÁN;06-06 BERRUGUETE;MARIANO FERNANDEZ, CALLE, DE;12;CargayDescarga;Línea;4;20,9;Laborables de 09:00 a 20:00 ;-3.7035804840;40.4561246080
440422,8900000000;4478620,6500000000;19-02-2016;06  TETUÁN;06-06 BERRUGUETE;MARIANO FERNANDEZ, CALLE, DE;2;CargayDescarga;Línea;2;12,5;Laborables de 08:00 a 14:00 ;-3.7026481670;40.4561162420
440430,6600000000;4479355,1800000000;21-11-2020;06  TETUÁN;06-06 BERRUGUETE;MARQUES DE VIANA, CALLE, DEL;57;CargayDescarga;Línea;2;12,8;Laborables de 08:00 a 14:00 y de 16:30 a 19:00 ;-3.7026254780;40.4627334470
440471,3800000000;4478877,0100000000;12-12-2005;06  TETUÁN;06-06 BERRUGUETE;NUESTRA SEÑORA DEL CARMEN, CALLE, DE;7;CargayDescarga;Línea;3;14,4;Laborables de 08:00 a 14:00 y de 16:30 a 19:00 ;-3.7021003050;40.4584291590
440423,5000000000;4478984,3400000000;14-04-2020;06  TETUÁN;06-06 BERRUGUETE;NUESTRA SEÑORA DEL CARMEN, CALLE, DE;22;CargayDescarga;Línea;3;14,1;Laborables de 08:00 a 19:00 ;-3.7026750960;40.4593922430
439722,9400000000;4478852,0200000000;14-05-2015;06  TETUÁN;06-06 BERRUGUETE;OFELIA NIETO, CALLE, DE;4;CargayDescarga;Línea;2;10;Laborables de 08:00 a 17:00 ;-3.7109246570;40.4581494980
439988,5800000000;4479017,9400000000;26-10-1995;06  TETUÁN;06-06 BERRUGUETE;PEDRO TEZANO, CALLE, DE;15;CargayDescarga;Línea;3;16,8;Laborables de 08:00 a 14:00 y de 16:30 a 19:00 ;-3.7078075380;40.4596634240
440283,2600000000;4479216,4800000000;28-02-2020;06  TETUÁN;06-06 BERRUGUETE;RUIZ PALACIOS, CALLE, DE;2;CargayDescarga;Línea;1;8,7;Laborables de 08:00 a 14:00 y de 16:30 a 19:00 ;-3.7043508830;40.4614734550
440639,0700000000;4478978,4100000000;10-05-2019;06  TETUÁN;06-06 BERRUGUETE;TABLADA, CALLE, DE;3;CargayDescarga;Línea;2;12;Laborables de 09:00 a 20:00 ;-3.7001321950;40.4593540840
439424,1500000000;4476604,8600000000;01-01-1900;07  CHAMBERÍ;07-01 GAZTAMBIDE;ANDRES MELLADO, CALLE, DE;63;CargayDescarga;Línea;3;15; LAB. DE 8 A 14 H. Y DE 16,30 A 19 H.EXCEPTO CARGA Y DESCARGA MAXIMO 30 MINUTOS RESTO DE HORARIO REGULACION SER;-3.7142341190;40.4378850120
439420,1100000000;4476531,8900000000;01-01-1900;07  CHAMBERÍ;07-01 GAZTAMBIDE;ANDRES MELLADO, CALLE, DE;76;CargayDescarga;Línea;4;19,9;RESERVA COMPARTIDA LABORABLES DE 8  A 14 Y DE 16.30 A 19H EXCEPTO CARGA Y DESCARGA MÁXIMO 30 MINUTOS RESTO DE HORARIO REGULACIÓN SER;-3.7142746840;40.4372271990
439428,9500000000;4476690,0900000000;04-08-2005;07  CHAMBERÍ;07-01 GAZTAMBIDE;ANDRES MELLADO, CALLE, DE;73;CargayDescarga;Línea;6;28;LABORABLES DE 8 A 14 H. Y DE 16,30 A 19 H. EXCEPTO CARGA Y DESCARGA;-3.7141856460;40.4386528900
439406,1700000000;4476291,2300000000;01-01-1900;07  CHAMBERÍ;07-01 GAZTAMBIDE;ANDRES MELLADO, CALLE, DE;43;CargayDescarga;Línea;8;41; LAB. DE 7 A 18 H.EXCEPTO CARGA Y DESCARGA MAXIMO 30 MINUTOS RESTO DE HORARIO REGULACION SER;-3.7144161470;40.4350580380
439415,8800000000;4476304,4300000000;01-01-1900;07  CHAMBERÍ;07-01 GAZTAMBIDE;ANDRES MELLADO, CALLE, DE;54;CargayDescarga;Línea;3;15; LAB. DE LUNES A VIERNESDE 8 A 14 H. Y DE 16,30 A 19 H.EXCEPTO CARGA Y DESCARGA MAXIMO 30 MINUTOSRESTO DE HORARIO REGULACION SER;-3.7143029310;40.4351775570
439409,5500000000;4476190,7300000000;01-01-1900;07  CHAMBERÍ;07-01 GAZTAMBIDE;ANDRES MELLADO, CALLE, DE;46;CargayDescarga;Línea;2;10;RESERVA COMPARTIDA LAB.. DE 9 A 20 HORAS EXCEPTO CARGA Y DESCARGA MAXIMO 30 MINUTOS RESTO DE HORARIO REGULACION SER;-3.7143667010;40.4341527080
439409,5500000000;4476347,7900000000;01-01-1900;07  CHAMBERÍ;07-01 GAZTAMBIDE;ANDRES MELLADO, CALLE, DE;47;CargayDescarga;Línea;3;17,6; LAB. DE LUNES A VIERNESDE 8 A 14 H. Y DE 16,30 A 19 H.EXCEPTO CARGA Y DESCARGA MAXIMO 30 MINUTOSRESTO DE HORARIO REGULACION SER;-3.7143817130;40.4355680850
439425,2400000000;4476463,9200000000;01-01-1900;07  CHAMBERÍ;07-01 GAZTAMBIDE;ANDRES MELLADO, CALLE, DE;68;CargayDescarga;Línea;4;18,9;RESERVA COMPARTIDA LABORABLES DE 9 A 20 HORAS EXCEPTO CARGA Y DESCARGA MÁXIMO 30 MINUTOS, RESTO DE HORARIO REGULACIÓN SER;-3.7142077630;40.4366149940
439398,5200000000;4475995,3900000000;01-01-1900;07  CHAMBERÍ;07-01 GAZTAMBIDE;ANDRES MELLADO, CALLE, DE;22;CargayDescarga;Línea;3;14,5;LABORABLES DE 8 A 14 H. Y DE 16,30 A 19 H. EXCEPTO CARGA Y DESCARGA;-3.7144781990;40.4323920660
439387,1600000000;4475954,8900000000;06-10-2000;07  CHAMBERÍ;07-01 GAZTAMBIDE;ANDRES MELLADO, CALLE, DE;15;CargayDescarga;Línea;3;15,7;LABORABLES DE 8 A 14 H. Y DE 16,30 A 19 H.EXCEPTO CARGA Y DESCARGA;-3.7146082030;40.4320265760
439394,1700000000;4475914,1500000000;30-06-2000;07  CHAMBERÍ;07-01 GAZTAMBIDE;ANDRES MELLADO, CALLE, DE;14;CargayDescarga;Línea;3;16;LABORABLES DE 8 A 14 H. Y DE 16,30 A 19 H. EXCEPTO CARGA Y DESCARGA ;-3.7145216860;40.4316598830
439383,4200000000;4475884,8200000000;06-09-2005;07  CHAMBERÍ;07-01 GAZTAMBIDE;ANDRES MELLADO, CALLE, DE;9;CargayDescarga;Línea;3;15,1;LABORABLES DE 8 A 14 H. Y DE 16,30 A 19 H. EXCEPTO CARGA Y DESCARGA ;-3.7146456740;40.4313949470
439401,1100000000;4476047,5800000000;01-07-2010;07  CHAMBERÍ;07-01 GAZTAMBIDE;ANDRES MELLADO, CALLE, DE;28;CargayDescarga;Línea;3;14;LABORABLES DE 8 A 14 H Y DE 16.30 A 19 H EXCEPTO CARGA Y DESCARGA;-3.7144525870;40.4328627500
439478,0200000000;4476264,8300000000;21-05-2003;07  CHAMBERÍ;07-01 GAZTAMBIDE;ANDRES MELLADO, TRAVESIA, DE;4;CargayDescarga;Línea;3;13,9;LAB. DE 8 A 14 H. Y DE 16,30 A 19 H.EXCEPTO CARGA Y DESCARGAMAXIMO 30 MINUTOSRESTO DE HORARIO REGULACION SER;-3.7135666230;40.4348255320
439159,8200000000;4476101,0300000000;26-12-2017;07  CHAMBERÍ;07-01 GAZTAMBIDE;ARCIPRESTE DE HITA, CALLE, DEL;4;CargayDescarga;Línea;3;12;LABORABLES DE 8 A 15 H EXCEPTO CARGA Y DESCARGA;-3.7173022500;40.4333269030
439683,2600000000;4476687,6800000000;01-01-1900;07  CHAMBERÍ;07-01 GAZTAMBIDE;BLASCO DE GARAY, CALLE, DE;71;CargayDescarga;Línea;3;16;Lab. de 9 a 20 h.Excepto: CARGA Y DESCARGA;-3.7111871290;40.4386495100
439665,9700000000;4476454,1500000000;05-05-2005;07  CHAMBERÍ;07-01 GAZTAMBIDE;BLASCO DE GARAY, CALLE, DE;55;CargayDescarga;Línea;7;35;LAB. DE 8 A 14 H. Y DE 16,30 A 19 H. EXCEPTO CARGA Y DESCARGA;-3.7113688140;40.4365446920
439657,0400000000;4476330,9400000000;01-01-1900;07  CHAMBERÍ;07-01 GAZTAMBIDE;BLASCO DE GARAY, CALLE, DE;47;CargayDescarga;Línea;4;20,1;LABORABLES DE 9 A 20 HEXCEPTO CARGA Y DESCARGA;-3.7114623780;40.4354338410
439650,6600000000;4476242,0500000000;01-01-1900;07  CHAMBERÍ;07-01 GAZTAMBIDE;BLASCO DE GARAY, CALLE, DE;39;CargayDescarga;Línea;2;10;LAB. DE 8 A 14 H.Y DE 16,30 A 19 H.EXCEPTO CARGA YDESCARGA;-3.7115291280;40.4346331330
439625,7200000000;4475899,6900000000;01-01-1900;07  CHAMBERÍ;07-01 GAZTAMBIDE;BLASCO DE GARAY, CALLE, DE;15;CargayDescarga;Línea;3;14,3;ABORABLES DE 8 A 14 H. Y DE 16,30 A 19 H.EXCEPTO CARGA Y DESCARGA;-3.7117906260;40.4315468380
439616,5800000000;4475777,4200000000;20-06-2001;07  CHAMBERÍ;07-01 GAZTAMBIDE;BLASCO DE GARAY, CALLE, DE;1;CargayDescarga;Línea;3;15;LABORABLES DE 8 A 14 H. Y DE 16,30 A 19 H. EXCEPTO CARGA Y DESCARGA ;-3.7118867680;40.4304449260
439629,5700000000;4475951,9100000000;21-12-2017;07  CHAMBERÍ;07-01 GAZTAMBIDE;BLASCO DE GARAY, CALLE, DE;19;CargayDescarga;Línea;4;16;LABORABLES DE 8 A 14 H Y DE 16.30 A 19 H. EXCEPTO CARGA Y DESCARGA;-3.7117501750;40.4320175230
439635,9800000000;4476037,9700000000;14-01-1998;07  CHAMBERÍ;07-01 GAZTAMBIDE;BLASCO DE GARAY, CALLE, DE;29;CargayDescarga;Línea;1;8;LAB. DE 8 A 14 H.Y DE 16,30 A 19 H.EXCEPTO CARGA YDESCARGA;-3.7116828520;40.4327933650
439208,5100000000;4476737,7200000000;13-06-2013;07  CHAMBERÍ;07-01 GAZTAMBIDE;CEA BERMUDEZ, CALLE, DE;65;CargayDescarga;Línea;3;18,1;LAB. DE 8 A 14 H. Y DE 16,30 A 19 H. EXCEPTO CARGA Y DESCARGA;-3.7167891670;40.4390659930
439482,5700000000;4476723,2400000000;19-07-2018;07  CHAMBERÍ;07-01 GAZTAMBIDE;CEA BERMUDEZ, CALLE, DE;47;CargayDescarga;Línea;2;11,02;LABORABLES DE 8 A 17 HORAS EXCEPTO CARGA Y DESCARGA;-3.7135565960;40.4389556410
439398,4100000000;4476443,1300000000;01-01-1900;07  CHAMBERÍ;07-01 GAZTAMBIDE;DONOSO CORTES, CALLE, DE;61;CargayDescarga;Línea;3;15;LAB. DE 8 A 14 H. Y DE 16,30 A 19 H.EXCEPTO CARGA Y DESCARGA MAXIMO 30 MINUTOS RESTO DE HORARIO REGULACION SER;-3.7145222020;40.4364259750
439245,8200000000;4476463,2200000000;01-01-1900;07  CHAMBERÍ;07-01 GAZTAMBIDE;DONOSO CORTES, CALLE, DE;90;CargayDescarga;Línea;3;15;LABORABLES DE 8 A 14 H.Y DE 16,30 A 19 H.EXCEPTO CARGA YDESCARGA EN LINEA;-3.7163230650;40.4365954560
439439,5100000000;4476449,1500000000;03-02-2011;07  CHAMBERÍ;07-01 GAZTAMBIDE;DONOSO CORTES, CALLE, DE;78;CargayDescarga;Batería;7;18,1;LABORABLES DE 8 A 14 H. Y DE 16,30 A 19 H. EXCEPTO CARGA Y DESCARGA;-3.7140381670;40.4364832130
439083,3100000000;4476318,2300000000;20-07-2007;07  CHAMBERÍ;07-01 GAZTAMBIDE;FERNANDEZ DE LOS RIOS, CALLE, DE;95;CargayDescarga;Línea;4;22;LABORABLES DE 8 A 14 H. Y DE 16,30 A 19 H. EXCEPTO CARGA Y DESCARGA;-3.7182251710;40.4352774240
439107,1200000000;4476348,9700000000;14-04-2011;07  CHAMBERÍ;07-01 GAZTAMBIDE;FERNANDEZ DE LOS RIOS, CALLE, DE;112;CargayDescarga;Línea;2;12;LAB. DE 8 A 14 H. Y DE 16,30 A 19 H. EXCEPTO CARGA Y DESCARGA ;-3.7179472860;40.4355562820
439533,6400000000;4476322,6700000000;01-01-1900;07  CHAMBERÍ;07-01 GAZTAMBIDE;FERNANDEZ DE LOS RIOS, CALLE, DE;74;CargayDescarga;Línea;3;14,4;LAB. DE 8 A 14 H.Y DE 16,30 A 19 H.EXCEPTO CARGA YDESCARGA;-3.7129163730;40.4353507050
439335,9800000000;4476334,7200000000;06-02-2004;07  CHAMBERÍ;07-01 GAZTAMBIDE;FERNANDEZ DE LOS RIOS, CALLE, DE;92;CargayDescarga;Línea;3;15; LAB. DE 8 A 14 H.EXCEPTO CARGA Y DESCARGA MAXIMO 30 MINUTOS RESTO DE HORARIO REGULACION SER;-3.7152477960;40.4354444410
439434,7400000000;4476328,6700000000;13-09-2011;07  CHAMBERÍ;07-01 GAZTAMBIDE;FERNANDEZ DE LOS RIOS, CALLE, DE;82;CargayDescarga;Línea;3;16,2; LAB. DE LUNES A VIERNES DE 8 A 14 H. Y DE 16,30 A 19 H. EXCEPTO CARGA Y DESCARGA MAXIMO 30 MINUTOS RESTO DE HORARIO REGULACION SER;-3.7140829150;40.4353976300
439154,9000000000;4476213,3000000000;23-05-2011;07  CHAMBERÍ;07-01 GAZTAMBIDE;FERNANDO EL CATOLICO, CALLE, DE;77;CargayDescarga;Línea;3;15;LAB. DE 8 A 14 H. Y DE16,30 A 19 H. EXCEPTOCARGA Y DESCARGA;-3.7173709480;40.4343378300
439485,5700000000;4476198,8700000000;01-01-1900;07  CHAMBERÍ;07-01 GAZTAMBIDE;FERNANDO EL CATOLICO, CALLE, DE;51;CargayDescarga;Línea;3;13,6;LAB. DE 8 A 14 H. Y DE 16,30 A 19 H.EXCEPTO CARGA Y DESCARGAMAXIMO 30 MINUTOSRESTO DE HORARIO REGULACION SER;-3.7134713400;40.4342317180
439331,3200000000;4476212,7400000000;17-03-2000;07  CHAMBERÍ;07-01 GAZTAMBIDE;FERNANDO EL CATOLICO, CALLE, DE;63 B;CargayDescarga;Línea;3;15;RESERVA COMPARTIDA LAB. DE LUNES A VIERNESDE 8 A 14 H. Y DE 16,30 A 19 H.EXCEPTO CARGA Y DESCARGA MAXIMO 30 MINUTOS RESTO DE HORARIO REGULACION SER;-3.7152911110;40.4343452210
439328,9000000000;4476612,3400000000;01-01-1900;07  CHAMBERÍ;07-01 GAZTAMBIDE;GAZTAMBIDE, CALLE, DE;69;CargayDescarga;Línea;3;15,5; LAB. DE 8 A 14 H. Y DE 16,30 A 19 H.EXCEPTO CARGA Y DESCARGA MAXIMO 30 MINUTOS RESTO DE HORARIO REGULACION SER;-3.7153578030;40.4379451720
439323,7600000000;4476531,2900000000;05-11-2002;07  CHAMBERÍ;07-01 GAZTAMBIDE;GAZTAMBIDE, CALLE, DE;63;CargayDescarga;Línea;3;13,6;LABORABLES DE 8 A 20 H.EXCEPTO CARGA Y DESCARGA;-3.7154105730;40.4372147090
439326,2600000000;4476571,9000000000;14-05-2003;07  CHAMBERÍ;07-01 GAZTAMBIDE;GAZTAMBIDE, CALLE, DE;65;CargayDescarga;Línea;3;15;RESERVA COMPARTIDO LABORABLES DE 8 A 14 Y DE 16:30 A 19 H. EXCEPTO CARGA Y DESCARGA MÁXIMO 30 MINUTOS. RESTO DE HORARIO REGULACIÓN SER.;-3.7153850760;40.4375804850
439312,8900000000;4476197,5800000000;21-02-2003;07  CHAMBERÍ;07-01 GAZTAMBIDE;GAZTAMBIDE, CALLE, DE;26;CargayDescarga;Línea;3;15; LAB. DE 8 A 14 H.EXCEPTO CARGA Y DESCARGAMAXIMO 30 MINUTOSRESTO DE HORARIO REGULACION SER;-3.7155069440;40.4342077110
439307,2600000000;4476095,4100000000;01-01-1900;07  CHAMBERÍ;07-01 GAZTAMBIDE;GAZTAMBIDE, CALLE, DE;20;CargayDescarga;Línea;3;15;LAB. DE 8 A 14 H.Y DE 16,30 A 19 H.EXCEPTO CARGA YDESCARGA;-3.7155635530;40.4332867960
439303,3000000000;4476053,5300000000;01-01-1900;07  CHAMBERÍ;07-01 GAZTAMBIDE;GAZTAMBIDE, CALLE, DE;18;CargayDescarga;Línea;3;14,9;LAB. DE 8 A 14 H.Y DE 16,30 A 19 H.EXCEPTO CARGA YDESCARGA;-3.7156062380;40.4329096760
439320,2100000000;4476473,4100000000;16-11-2004;07  CHAMBERÍ;07-01 GAZTAMBIDE;GAZTAMBIDE, CALLE, DE;59;CargayDescarga;Línea;2;12,3; LAB. DE 8 A 14 H. Y DE 16,30 A 19 H.EXCEPTO CARGA Y DESCARGA MAXIMO 30 MINUTOS RESTO DE HORARIO REGULACION SER;-3.7154469560;40.4366925720
439292,2300000000;4475858,6400000000;16-03-2017;07  CHAMBERÍ;07-01 GAZTAMBIDE;GAZTAMBIDE, CALLE, DE;5;CargayDescarga;Línea;8;40;LABORABLES DE 8 A 14 H. Y DE 16,30 A 19 H. EXCEPTO CARGA Y DESCARGA;-3.7157181370;40.4311527580
439344,2700000000;4476710,0300000000;01-09-2004;07  CHAMBERÍ;07-01 GAZTAMBIDE;GAZTAMBIDE, CALLE, DE;64;CargayDescarga;Línea;3;15;LABORABLES DE 8 A 14 H.Y DE 16,30 A 19 H. EXCEPTO CARGA Y DESCARGA;-3.7151859160;40.4388265530
439541,7100000000;4476646,5300000000;01-01-1900;07  CHAMBERÍ;07-01 GAZTAMBIDE;GUZMAN EL BUENO, CALLE, DE;70;CargayDescarga;Línea;4;22,6;LABORABLES DE 8 A 14 H.Y DE 16,30 A 20 H. EXCEPTO CARGA Y DESCARGA;-3.7128520870;40.4382684350
439536,4100000000;4476558,9700000000;01-01-1900;07  CHAMBERÍ;07-01 GAZTAMBIDE;GUZMAN EL BUENO, CALLE, DE;64;CargayDescarga;Línea;2;8,9;LAB. DE 8 A 14 H. Y DE 16,30 A 19 H.EXCEPTO CARGA Y DESCARGA MAXIMO 30 MINUTOS RESTO DE HORARIO REGULACION SER;-3.7129062890;40.4374791290
439545,2500000000;4476698,7400000000;27-10-2008;07  CHAMBERÍ;07-01 GAZTAMBIDE;GUZMAN EL BUENO, CALLE, DE;76;CargayDescarga;Línea;2;10,9;LABORABLES DE 8 A 14 H. Y DE 16,30 A 19 H. EXCEPTO CARGA Y DESCARGA ;-3.7128153030;40.4387388340
439529,1100000000;4476457,9500000000;01-01-1900;07  CHAMBERÍ;07-01 GAZTAMBIDE;GUZMAN EL BUENO, CALLE, DE;58;CargayDescarga;Línea;1;7,8;LAB. DE 8 A 14 H. Y DE 16,30 A 19 H. EXCEPTO CARGA Y DESCARGA MAXIMO 30 MINUTOS RESTO DE HORARIO REGULACION SER;-3.7129827220;40.4365691000
439525,5300000000;4476418,9500000000;01-01-1900;07  CHAMBERÍ;07-01 GAZTAMBIDE;GUZMAN EL BUENO, CALLE, DE;54;CargayDescarga;Línea;3;13,4; LAB. DE 8 A 14 H. Y DE 16,30 A 19 H. EXCEPTO CARGA Y DESCARGA MAXIMO 30 MINUTOS RESTO DE HORARIO REGULACION SER DOMINGOS Y FESTIVOS DE 7 A 16 HORAS;-3.7130212240;40.4362175900
439509,6800000000;4476180,1300000000;01-01-1900;07  CHAMBERÍ;07-01 GAZTAMBIDE;GUZMAN EL BUENO, CALLE, DE;47;CargayDescarga;Línea;3;15;RESERVA COMPARTIDA LAB. DE 8 A 14 H. Y DE 16,30 A 19 H. EXCEPTO CARGA Y DESCARGA MAXIMO 30 MINUTOS RESTO DE HORARIO REGULACION SER;-3.7131852620;40.4340644720
439497,1700000000;4475990,9300000000;01-01-1900;07  CHAMBERÍ;07-01 GAZTAMBIDE;GUZMAN EL BUENO, CALLE, DE;20;CargayDescarga;Línea;3;19,1;lab. de 9 a 20 h.excepto: CARGA Y DESCARGA;-3.7133147510;40.4323593500
439491,7500000000;4475910,1200000000;01-01-1900;07  CHAMBERÍ;07-01 GAZTAMBIDE;GUZMAN EL BUENO, CALLE, DE;12;CargayDescarga;Línea;3;15;lab. de 9 a 20 h. excepto: [CARGA Y DESCARGA];-3.7133709580;40.4316314070
439520,2000000000;4476338,5000000000;01-07-2010;07  CHAMBERÍ;07-01 GAZTAMBIDE;GUZMAN EL BUENO, CALLE, DE;46;CargayDescarga;Línea;3;15;LAB. DE 8 A 14 H. Y DE 16,30 A 19 H.EXCEPTO CARGA Y DESCARGAMAXIMO 30 MINUTOSRESTO DE HORARIO REGULACION SER;-3.7130764000;40.4354925120
439517,5200000000;4476298,0700000000;01-07-2010;07  CHAMBERÍ;07-01 GAZTAMBIDE;GUZMAN EL BUENO, CALLE, DE;44;CargayDescarga;Línea;3;15;LAB. DE 8 A 14 H. Y DE 16,30 A 19 H.EXCEPTO CARGA Y DESCARGAMAXIMO 30 MINUTOSRESTO DE HORARIO REGULACION SER;-3.7131040740;40.4351281110
439485,8000000000;4475820,5600000000;03-02-2021;07  CHAMBERÍ;07-01 GAZTAMBIDE;GUZMAN EL BUENO, CALLE, DE;4;CargayDescarga;Línea;1;20;LABORABLES DE 8 A 14 H. Y DE 16:30 A 19 H. EXCEPTO CARGA Y DESCARGA;-3.7134325510;40.4308242240
439215,0800000000;4476360,0400000000;24-02-2003;07  CHAMBERÍ;07-01 GAZTAMBIDE;HILARION ESLAVA, CALLE, DE;33;CargayDescarga;Línea;4;19,3;LAB. DE 8 A 14 H. Y DE16,30 A 19 H. EXCEPTOCARGA Y DESCARGA;-3.7166756640;40.4356636550
439228,7400000000;4476435,7300000000;01-01-1900;07  CHAMBERÍ;07-01 GAZTAMBIDE;HILARION ESLAVA, CALLE, DE;40;CargayDescarga;Línea;3;20,97;LAB. DE 8 A 14 H. Y DE 16,30 A 19 H. EXCEPTO CARGA Y DESCARGA;-3.7165218820;40.4363469640
439233,2400000000;4476509,0000000000;18-10-2007;07  CHAMBERÍ;07-01 GAZTAMBIDE;HILARION ESLAVA, CALLE, DE;48;CargayDescarga;Línea;2;13;LAB. DE 8 A 14 H. Y DE 16,30 A 19 H. EXCEPTO CARGA Y DESCARGA ;-3.7164757590;40.4370074120
439195,6900000000;4476026,5400000000;07-05-2007;07  CHAMBERÍ;07-01 GAZTAMBIDE;HILARION ESLAVA, CALLE, DE;7;CargayDescarga;Línea;3;15;LAB. DE 8 A 14 H. Y DE 16,30 A 19 H. EXCEPTO CARGA Y DESCARGA ;-3.7168723030;40.4326580330
439206,5200000000;4476208,2400000000;13-07-2017;07  CHAMBERÍ;07-01 GAZTAMBIDE;HILARION ESLAVA, CALLE, DE;24;CargayDescarga;Línea;1;12;LABORABLES DE 8 A 14 H. Y DE 16:30 A 19 H. EXCEPTO CARGA Y DESCARGA;-3.7167620080;40.4342957180
439231,0200000000;4476616,9600000000;16-11-2001;07  CHAMBERÍ;07-01 GAZTAMBIDE;HILARION ESLAVA, CALLE, DE;47;CargayDescarga;Línea;3;15,5;LAB. DE 8 A 14 H. Y DE 16,30 A 19 H. EXCEPTO CARGA Y DESCARGA ;-3.7165123130;40.4379798940
439246,0800000000;4476716,1800000000;22-09-2014;07  CHAMBERÍ;07-01 GAZTAMBIDE;HILARION ESLAVA, CALLE, DE;64;CargayDescarga;Línea;3;15;LABORABLES DE 8 A 14 H. Y DE 16:30 A 19H. EXCEPTO CARGA Y DESCARGA;-3.7163442080;40.4388743380
439621,8400000000;4476566,4800000000;01-01-1900;07  CHAMBERÍ;07-01 GAZTAMBIDE;JOAQUIN MARIA LOPEZ, CALLE, DE;25;CargayDescarga;Línea;3;16;LABORABLES DE 8 A 14 H. Y DE 16,30 A 19 H. EXCEPTO CARGA Y DESCARGA ;-3.7118997170;40.4375530970
439353,0700000000;4476594,0000000000;01-01-1900;07  CHAMBERÍ;07-01 GAZTAMBIDE;JOAQUIN MARIA LOPEZ, CALLE, DE;50;CargayDescarga;Línea;3;15;LAB. DE 8 A 14 H. Y DE 16,30 A 19 H.EXCEPTO CARGA Y DESCARGA MAXIMO 30 MINUTOS RESTO DE HORARIO REGULACION SER;-3.7150710950;40.4377814210
439279,6100000000;4476078,2400000000;01-01-1900;07  CHAMBERÍ;07-01 GAZTAMBIDE;MELENDEZ VALDES, CALLE, DE;58;CargayDescarga;Línea;3;15,1;LAB. DE 8 A 14 H. Y DE 16,30 A 19 H. EXCEPTO CARGA Y DESCARGA;-3.7158878470;40.4331296910
439476,3600000000;4476059,9600000000;01-07-2010;07  CHAMBERÍ;07-01 GAZTAMBIDE;MELENDEZ VALDES, CALLE, DE;37;CargayDescarga;Línea;3;15;LAB. DE 8 A 14 H.Y DE 16,30 A 19 H. EXCEPTO CARGA YDESCARGA;-3.7135666800;40.4329796340
439377,3300000000;4476064,9400000000;01-07-2010;07  CHAMBERÍ;07-01 GAZTAMBIDE;MELENDEZ VALDES, CALLE, DE;49;CargayDescarga;Línea;3;15;lab. de 8 a 14h.y de 16.30 a 19h.excepto:    CARGA Y DESCARGA;-3.7147346550;40.4330171050
439212,9100000000;4475949,4700000000;01-01-1900;07  CHAMBERÍ;07-01 GAZTAMBIDE;RODRIGUEZ SAN PEDRO, CALLE, DE;72;CargayDescarga;Batería;4;12;LAB. DE 8 A 14 H. Y DE 16,30 A 19 H.EXCEPTO CARGA Y DESCARGA;-3.7166619700;40.4319648110
439272,4100000000;4475937,1300000000;01-01-1900;07  CHAMBERÍ;07-01 GAZTAMBIDE;RODRIGUEZ SAN PEDRO, CALLE, DE;67;CargayDescarga;Línea;3;14,7;LABORABLES DE 8 A 14 H. Y DE 16,30 A 19 H.EXCEPTO CARGA Y DESCARGA;-3.7159592950;40.4318587560
439467,4100000000;4475925,4300000000;01-07-2010;07  CHAMBERÍ;07-01 GAZTAMBIDE;RODRIGUEZ SAN PEDRO, CALLE, DE;45;CargayDescarga;Línea;3;15;LABORABLES DE 8 A 14 H. Y DE 16,30 A 19 H.EXCEPTO CARGA Y DESCARGA;-3.7136594420;40.4317675990
440028,3400000000;4476074,4600000000;25-07-1996;07  CHAMBERÍ;07-02 ARAPILES;ARAPILES, CALLE, DE;12;CargayDescarga;Línea;2;11,5;LABORABLES DE 8 A 14 H. Y DE 16,30 A 19 H. EXCEPTO CARGA Y DESCARGA ;-3.7070606300;40.4331501460
440083,9700000000;4476063,9000000000;22-07-1998;07  CHAMBERÍ;07-02 ARAPILES;ARAPILES, CALLE, DE;13;CargayDescarga;Línea;3;15;LABORABLES DE 9 A 14 H.Y DE 16,30 A 19 H. EXCEPTO CARGA Y DESCARGA;-3.7064039630;40.4330592750
440204,1100000000;4476106,5500000000;02-04-2018;07  CHAMBERÍ;07-02 ARAPILES;ARAPILES, CALLE, DE;2;CargayDescarga;Línea;4;19;LABORABLES DE 8 A 14 H.Y DE 16,30 A 19 H. EXCEPTO CARGA Y DESCARGA;-3.7049915070;40.4334525530
440258,9200000000;4476455,0200000000;20-03-2018;07  CHAMBERÍ;07-02 ARAPILES;BRAVO MURILLO, CALLE, DE;33;CargayDescarga;Línea;3;18;LABORABLES DE 8 A 14 H. Y DE 16,30 A 19 H. EXCEPTO CARGA Y DESCARGA;-3.7043781560;40.4365951120
439744,2000000000;4476704,0400000000;29-04-1998;07  CHAMBERÍ;07-02 ARAPILES;CEA BERMUDEZ, CALLE, DE;27;CargayDescarga;Línea;3;17,5;LABORABLES DE 8 A 14 H. Y DE 16,30 A 19 H. EXCEPTO CARGA Y DESCARGA;-3.7104702440;40.4388017440
440031,3400000000;4475796,2200000000;04-03-2011;07  CHAMBERÍ;07-02 ARAPILES;CONDE DEL VALLE DE SUCHIL, PLAZA, DEL;8;CargayDescarga;Línea;3;15;LABORABLES DE LUNES A VIERNES DE 8 A 20 H. Y SÁBADOS DE 8 A 15 H.EXCEPTO CARGA Y DESCARGA;-3.7069991510;40.4306442000
440028,2400000000;4475920,4400000000;01-07-2010;07  CHAMBERÍ;07-02 ARAPILES;CONDE DEL VALLE DE SUCHIL, PLAZA, DEL;18;CargayDescarga;Línea;3;17;lab. de 9 a 14 h y de 16,30 a 20 h excepto:[ CARGA Y DESCARGA];-3.7070473940;40.4317632440
439747,7600000000;4476418,3600000000;13-04-2000;07  CHAMBERÍ;07-02 ARAPILES;DONOSO CORTES, CALLE, DE;35;CargayDescarga;Línea;3;15,6;LAB. DE 8 A 14 H. Y DE 16,30 A 19 H. EXCEPTO CARGA Y DESCARGA;-3.7104010880;40.4362276740
439688,9100000000;4476431,3700000000;01-01-1900;07  CHAMBERÍ;07-02 ARAPILES;DONOSO CORTES, CALLE, DE;50;CargayDescarga;Línea;2;13,2;LAB. DE 8 A 14 H. Y DE 16,30 A 19 H. EXCEPTO CARGA Y DESCARGA EN LINEA;-3.7110960860;40.4363406610
439929,1900000000;4476414,9600000000;01-01-1900;07  CHAMBERÍ;07-02 ARAPILES;DONOSO CORTES, CALLE, DE;26;CargayDescarga;Línea;3;15,3;LABORABLES DE 9 A 20 H.EXCEPTO CARGA Y DESCARGA EN LINEA;-3.7082618360;40.4362102560
440034,1100000000;4476400,4200000000;01-01-1900;07  CHAMBERÍ;07-02 ARAPILES;DONOSO CORTES, CALLE, DE;13;CargayDescarga;Línea;4;20;LABORABLES DE 8 A 14 H.Y DE 16,30 A 19 H. EXCEPTO CARGA Y DESCARGA;-3.7070234450;40.4360873570
440171,4000000000;4476401,6500000000;01-01-1900;07  CHAMBERÍ;07-02 ARAPILES;DONOSO CORTES, CALLE, DE;8;CargayDescarga;Línea;1;6,3;LAB. DE 9 A 20 H EXCEPTO CARGA Y DESCARGA EN LINEA;-3.7054049540;40.4361077540
440240,2400000000;4476389,0800000000;01-07-2010;07  CHAMBERÍ;07-02 ARAPILES;DONOSO CORTES, CALLE, DE;1;CargayDescarga;Línea;4;19,4;LABORABLES DE 8 A 14 H. Y DE 16,30 A 19 H. EXCEPTO CARGA Y DESCARGA;-3.7045921560;40.4359998090
439790,4600000000;4476424,7600000000;12-08-2013;07  CHAMBERÍ;07-02 ARAPILES;DONOSO CORTES, CALLE, DE;40;CargayDescarga;Batería;5;15;LAB. DE 9 A 14 H. Y DE 16,30 A 20 H. EXCEPTO CARGA Y DESCARGA EN LINEA;-3.7098982610;40.4362893240
440049,6000000000;4476260,6300000000;01-01-1900;07  CHAMBERÍ;07-02 ARAPILES;ESCOSURA, CALLE, DE;10;CargayDescarga;Línea;3;17,8;lab. de 9 a 20 h.excepto: CARGA Y DESCARGA;-3.7068276650;40.4348292560
439785,1300000000;4476307,0200000000;14-05-2003;07  CHAMBERÍ;07-02 ARAPILES;FERNANDEZ DE LOS RIOS, CALLE, DE;46;CargayDescarga;Línea;3;16,7;LAB. DE 8 A 14 H. Y DE 16.30 A 19 H. EXCEPTO CARGA Y DESCARGA;-3.7099500560;40.4352276340
440064,5000000000;4476285,0200000000;01-01-1900;07  CHAMBERÍ;07-02 ARAPILES;FERNANDEZ DE LOS RIOS, CALLE, DE;24;CargayDescarga;Línea;2;10,8;LABORABLES DE 7 A 20 HORAS EXCEPTO CARGA Y DESCARGA ;-3.7066542880;40.4350497300
440164,9200000000;4476277,8600000000;01-01-1900;07  CHAMBERÍ;07-02 ARAPILES;FERNANDEZ DE LOS RIOS, CALLE, DE;12;CargayDescarga;Línea;3;16;LAB. DE 9 A 20 H.EXCEPTO: CARGA Y DESCARGA;-3.7054697550;40.4349929500
439682,3300000000;4476313,7000000000;26-12-2012;07  CHAMBERÍ;07-02 ARAPILES;FERNANDEZ DE LOS RIOS, CALLE, DE;58;CargayDescarga;Línea;2;14,4;LAB. DE 8 A 14 H. Y DE 16,30 A 19 H. EXCEPTO CARGA Y DESCARGA;-3.7111626070;40.4352802310
440027,9900000000;4476148,1900000000;01-01-1900;07  CHAMBERÍ;07-02 ARAPILES;FERNANDO EL CATOLICO, CALLE, DE;11;CargayDescarga;Línea;3;13,4;LABORABLES DE 8 A 14 H.Y DE 16,30 A 19 H. EXCEPTOCARGA Y DESCARGA;-3.7070718020;40.4338149490
440094,7400000000;4476142,1400000000;01-01-1900;07  CHAMBERÍ;07-02 ARAPILES;FERNANDO EL CATOLICO, CALLE, DE;3;CargayDescarga;Línea;3;15,03;lab. de 9 a 20 h.excepto: CARGA Y DESCARGA;-3.7062843870;40.4337649300
439934,3100000000;4476156,7000000000;09-04-2015;07  CHAMBERÍ;07-02 ARAPILES;FERNANDO EL CATOLICO, CALLE, DE;17;CargayDescarga;Línea;3;11,72;LABORABLES DE 8 A14 H. Y DE 16:30 A 19 H. EXCEPTO CARGA Y DESCARGA;-3.7081770950;40.4338839330
439671,6700000000;4476181,4300000000;23-10-2002;07  CHAMBERÍ;07-02 ARAPILES;FERNANDO EL CATOLICO, CALLE, DE;32;CargayDescarga;Línea;2;9,8;LAB. DE 8 A 14 H.Y DE 16,30 A 19 H.EXCEPTO CARGA YDESCARGA;-3.7112756510;40.4340880780
439783,6700000000;4476541,0600000000;12-03-2004;07  CHAMBERÍ;07-02 ARAPILES;GALILEO, CALLE, DE;86;CargayDescarga;Batería;3;16,5;Lab. de 9 a 20 h.Excepto: CARGA Y DESCARGA;-3.7099893040;40.4373358890
439792,9100000000;4476684,2500000000;16-08-2011;07  CHAMBERÍ;07-02 ARAPILES;GALILEO, CALLE, DE;100;CargayDescarga;Línea;3;17,2;LABORABLES DE 8 A 14 H. Y DE 16,30 A 19 H. EXCEPTO CARGA Y DESCARGA;-3.7098940780;40.4386264190
439758,5800000000;4476327,5400000000;01-01-1900;07  CHAMBERÍ;07-02 ARAPILES;GALILEO, CALLE, DE;53;CargayDescarga;Línea;2;8,6;LABORABLES DE 9 A 20 HEXCEPTO CARGA Y DESCARGA EN LINEA;-3.7102649540;40.4354106940
439751,6200000000;4476028,4800000000;02-07-2004;07  CHAMBERÍ;07-02 ARAPILES;GALILEO, CALLE, DE;32;CargayDescarga;Línea;2;13,3;LAB. DE 8 A 14 H. Y DE 16,30 A 19 H. EXCEPTO CARGA Y DESCARGA;-3.7103185820;40.4327162450
439737,8600000000;4475934,9200000000;01-12-2004;07  CHAMBERÍ;07-02 ARAPILES;GALILEO, CALLE, DE;19;CargayDescarga;Línea;2;12;LABORABLES DE 8 A 14 H. Y DE 16,30 A 19 H.EXCEPTO CARGA Y DESCARGA EN LINEA;-3.7104719630;40.4318724500
439745,6000000000;4475896,5100000000;01-01-1900;07  CHAMBERÍ;07-02 ARAPILES;GALILEO, CALLE, DE;16;CargayDescarga;Línea;2;9;LABORABLES DE 8 A 14 H. Y DE 16,30 A 19 H.EXCEPTO CARGA Y DESCARGA;-3.7103770810;40.4315271860
439742,0900000000;4475831,2800000000;01-12-2004;07  CHAMBERÍ;07-02 ARAPILES;GALILEO, CALLE, DE;12;CargayDescarga;Línea;3;13,4;LABORABLES DE 8 A 14 H. Y DE 16,30 A 19 H.EXCEPTO CARGA Y DESCARGA;-3.7104122610;40.4309393880
439774,7400000000;4476401,0700000000;13-07-2007;07  CHAMBERÍ;07-02 ARAPILES;GALILEO, CALLE, DE;72;CargayDescarga;Línea;3;18,1;LAB. DE 8 A 14 H. Y DE 16,30 A 19 H. EXCEPTO CARGA Y DESCARGA;-3.7100813780;40.4360740070
439778,0200000000;4476456,6800000000;14-11-2014;07  CHAMBERÍ;07-02 ARAPILES;GALILEO, CALLE, DE;74 B;CargayDescarga;Línea;1;5,5;LABORABLES DE 8 A 14H.Y DE 16.30 A 19 H.EXCEPTO CARGA Y DESCARGA;-3.7100479740;40.4365758610
439758,4900000000;4476152,7000000000;07-06-2017;07  CHAMBERÍ;07-02 ARAPILES;GALILEO, CALLE, DE;44;CargayDescarga;Línea;6;30;LAB. DE 8 A 14 H. Y DE 16,30 A 19 H. EXCEPTO CARGA Y DESCARGA;-3.7102494260;40.4338352890
439787,0300000000;4476592,9500000000;31-05-1995;07  CHAMBERÍ;07-02 ARAPILES;GALILEO, CALLE, DE;90;CargayDescarga;Línea;2;12;LABORABLES DE 8 A 14 H. Y DE 16,30 A 19 H. EXCEPTO CARGA Y DESCARGA ;-3.7099547540;40.4378039960
439729,5400000000;4475759,9100000000;28-01-2021;07  CHAMBERÍ;07-02 ARAPILES;GALILEO, CALLE, DE;1;CargayDescarga;Batería;3;14;LABORABLES DE 8 A 14 H. Y DE 16,30 A 19 H. EXCEPTO CARGA Y DESCARGA EN LINEA;-3.7105533800;40.4302953260
439802,0800000000;4476563,2800000000;01-01-1900;07  CHAMBERÍ;07-02 ARAPILES;JOAQUIN MARIA LOPEZ, CALLE, DE;16;CargayDescarga;Línea;2;14,37;lab. de 9 a 20 h. excepto: [CARGA Y DESCARGA] ;-3.7097744440;40.4375373410
439698,0500000000;4476570,4800000000;01-01-1900;07  CHAMBERÍ;07-02 ARAPILES;JOAQUIN MARIA LOPEZ, CALLE, DE;24;CargayDescarga;Línea;3;15;LABORABLES DE 8 A 14 H.Y DE 16,30 A 19 H. EXCEPTO CARGA Y DESCARGA;-3.7110015480;40.4375945800
439939,7000000000;4476553,8800000000;08-05-2017;07  CHAMBERÍ;07-02 ARAPILES;JOAQUIN MARIA LOPEZ, CALLE, DE;4;CargayDescarga;Línea;3;15;LABORABLES DE 8 A 14 H. Y DE 16.30 A 19 H.  EXCEPTO CARGA Y DESCARGA;-3.7081510260;40.4374627420
439751,8800000000;4476557,6400000000;01-01-1900;07  CHAMBERÍ;07-02 ARAPILES;JOAQUIN MARIA LOPEZ, CALLE, DE;15;CargayDescarga;Batería;3;9;lab. de 9 a 20 h. excepto: [CARGA Y DESCARGA];-3.7103657370;40.4374835400
440143,7900000000;4476293,3800000000;01-01-1900;07  CHAMBERÍ;07-02 ARAPILES;MAGALLANES, CALLE, DE;19;CargayDescarga;Línea;2;11,6;lab. de 9 a 20 h.excepto: CARGA Y DESCARGA;-3.7057202520;40.4351312050
440146,2300000000;4476159,1300000000;12-02-2002;07  CHAMBERÍ;07-02 ARAPILES;MAGALLANES, CALLE, DE;9;CargayDescarga;Línea;5;25;LABORABLES DE 8 A 14 H. Y DE 16,30 A 19 H. EXCEPTO CARGA Y DESCARGA;-3.7056788270;40.4339214040
440150,2700000000;4476253,3100000000;21-03-1995;07  CHAMBERÍ;07-02 ARAPILES;MAGALLANES, CALLE, DE;32;CargayDescarga;Batería;5;13,9;LABORABLES DE 8 A 14 H. Y DE 16,30 A 19 H. EXCEPTO CARGA Y DESCARGA ;-3.7056401530;40.4347702990
440176,7700000000;4475995,3700000000;01-07-2010;07  CHAMBERÍ;07-02 ARAPILES;MAGALLANES, CALLE, DE;1;CargayDescarga;Línea;3;15;LABORABLES DE 8 A 14 H.Y DE 16,30 A 19 H. EXCEPTO CARGA Y DESCARGA;-3.7053034260;40.4324487310
440161,5200000000;4476413,6400000000;26-02-2019;07  CHAMBERÍ;07-02 ARAPILES;MAGALLANES, CALLE, DE;42;CargayDescarga;Línea;2;10;LABORABLES DE 8 A 14 H Y DE 16.30 A 19.00 EXCEPTO CARGA Y DESCARGA;-3.7055226390;40.4362157570
439727,5000000000;4476046,8600000000;01-01-1900;07  CHAMBERÍ;07-02 ARAPILES;MELENDEZ VALDES, CALLE, DE;11;CargayDescarga;Batería;3;13,9;LAB. DE 8 A 14 H. Y DE 16,30 A 19 H. EXCEPTO CARGA Y DESCARGA EN LINEA;-3.7106047180;40.4328799390
439730,8800000000;4476055,5900000000;07-06-2017;07  CHAMBERÍ;07-02 ARAPILES;MELENDEZ VALDES, CALLE, DE;22;CargayDescarga;Línea;2;10,7;LAB. DE 8 A 14 H.Y DE 16,30 A 19 H.EXCEPTO CARGA Y DESCARGA;-3.7105656990;40.4329590070
439720,8400000000;4475911,3100000000;01-12-2004;07  CHAMBERÍ;07-02 ARAPILES;RODRIGUEZ SAN PEDRO, CALLE, DE;19;CargayDescarga;Línea;3;15;LABORABLES DE 8 A 14 H. Y DE 16,30 A 19 H.EXCEPTO CARGA Y DESCARGA;-3.7106703780;40.4316586800
439765,6900000000;4475917,2300000000;01-01-1900;07  CHAMBERÍ;07-02 ARAPILES;RODRIGUEZ SAN PEDRO, CALLE, DE;26;CargayDescarga;Línea;3;16,4;LABORABLES DE 8 A 14 H. Y DE 16,30 A 19 H.EXCEPTO CARGA Y DESCARGA EN LINE;-3.7101422260;40.4317153450
439651,0900000000;4475924,2400000000;01-12-2004;07  CHAMBERÍ;07-02 ARAPILES;RODRIGUEZ SAN PEDRO, CALLE, DE;36;CargayDescarga;Línea;3;15;LABORABLES DE 8 A 14 H. Y DE 16,30 A 19 H.EXCEPTO CARGA Y DESCARGA EN LINE;-3.7114938330;40.4317702340
439949,2100000000;4475893,0100000000;01-01-1900;07  CHAMBERÍ;07-02 ARAPILES;RODRIGUEZ SAN PEDRO, CALLE, DE;7;CargayDescarga;Línea;3;18;LABORABLES DE 8 A 14 H. Y DE 16,30 A 19 H. EXCEPTOCARGA Y DESCARGA ;-3.7079765030;40.4315102830
440100,9900000000;4475703,7000000000;01-12-2004;07  CHAMBERÍ;07-02 ARAPILES;RUIZ JIMENEZ, GLORIETA, DE;2;CargayDescarga;Línea;2;10,25;LABORABLES DE 8 A 14 H.  Y DE 16,30 A 19 H. EXCEPTO CARGA Y DESCARGA;-3.7061692790;40.4298160470
439889,5200000000;4476068,9900000000;12-04-2006;07  CHAMBERÍ;07-02 ARAPILES;VALLEHERMOSO, CALLE, DE;28;CargayDescarga;Línea;4;19;LAB. DE 8 A 14 H.Y DE 16,30 A 19 H.EXCEPTO CARGA YDESCARGA;-3.7086967680;40.4330910740
439905,1100000000;4476430,0100000000;29-04-1998;07  CHAMBERÍ;07-02 ARAPILES;VALLEHERMOSO, CALLE, DE;53;CargayDescarga;Línea;3;15,5;LABORABLES DE 8 A 14 H. Y DE 16:30 A 19 H. EXCEPTO CARGA Y DESCARGA EN LÍNEA;-3.7085470540;40.4363445000
439869,0600000000;4475924,9700000000;01-12-2004;07  CHAMBERÍ;07-02 ARAPILES;VALLEHERMOSO, CALLE, DE;19;CargayDescarga;Línea;3;15;LABORABLES DE 8 A 14 H. Y DE 16,30 A 19 H. EXCEPTO CARGA Y DESCARGA;-3.7089242900;40.4317920070
439896,7400000000;4476313,0800000000;08-05-2017;07  CHAMBERÍ;07-02 ARAPILES;VALLEHERMOSO, CALLE, DE;49;CargayDescarga;Batería;1;11,88;LABORABLES  DE 8 A 14 H. Y DE 16:30 A 19 H. EXCEPTO CARGA Y DESCARGA EN LÍNEA;-3.7086347170;40.4352907740
439921,6600000000;4476662,8300000000;10-05-2017;07  CHAMBERÍ;07-02 ARAPILES;VALLEHERMOSO, CALLE, DE;79;CargayDescarga;Línea;5;20,4;LABORABLES DE LUNES A VIERNES DE 8 A 20 H.;-3.7083740210;40.4384427290
439875,4100000000;4476016,0800000000;09-06-2017;07  CHAMBERÍ;07-02 ARAPILES;VALLEHERMOSO, CALLE, DE;29;CargayDescarga;Línea;2;11;LABORABLES DE 8 A 14 H. Y DE 16:30 A 19 H. EXCEPTO CARGA Y DESCARGA;-3.7088581700;40.4326135710
439868,1000000000;4475771,8000000000;13-07-2017;07  CHAMBERÍ;07-02 ARAPILES;VALLEHERMOSO, CALLE, DE;4;CargayDescarga;Línea;1;5,6;LABORABLES DE 8 A 15H. EXCEPTO CARGA Y DESCARGA;-3.7089211380;40.4304123820
439903,5100000000;4476269,1000000000;27-02-2013;07  CHAMBERÍ;07-02 ARAPILES;VALLEHERMOSO, CALLE, DE;42;CargayDescarga;Línea;3;14,1;LAB. DE 8 A 14 H. Y DE 16,30 A 19 H. EXCEPTO CARGA Y DESCARGA;-3.7085507210;40.4348946310
439897,9300000000;4476190,8400000000;13-11-2019;07  CHAMBERÍ;07-02 ARAPILES;VALLEHERMOSO, CALLE, DE;36;CargayDescarga;Línea;5;24;LABORABLES DE 8 A 18 HORAS EXCEPTO CARGA Y DESCARGA;-3.7086092200;40.4341891480
440421,4100000000;4475841,6400000000;01-01-1900;07  CHAMBERÍ;07-03 TRAFALGAR;ALBURQUERQUE, CALLE, DE;4;CargayDescarga;Línea;3;17,1;LABORABLES DE 7 A 15 H Y DE 17 A 20 H EXCEPTO CARGA Y DESCARGA;-3.7024049470;40.4310811950
440540,8400000000;4475849,0800000000;07-06-2006;07  CHAMBERÍ;07-03 TRAFALGAR;ALBURQUERQUE, CALLE, DE;14;CargayDescarga;Línea;3;15;LABORABLES DE 8 A 14 H.  Y DE 16,30 A 19 H. EXCEPTO CARGA Y DESCARGA ;-3.7009977620;40.4311572270
440267,7900000000;4476189,0300000000;01-02-2001;07  CHAMBERÍ;07-03 TRAFALGAR;BRAVO MURILLO, CALLE, DE;4;CargayDescarga;Línea;3;15,4;LABORABLES DE 8 A 14 H.Y DE 16,30 A 19 H. EXCEPTOCARGA Y DESCARGA;-3.7042484960;40.4341994040
440273,6600000000;4476351,1600000000;01-01-1900;07  CHAMBERÍ;07-03 TRAFALGAR;BRAVO MURILLO, CALLE, DE;18;CargayDescarga;Línea;3;14,7;LABORABLES DE 8 A 14 H. Y DE 16,30 A 19 H. EXCEPTO CARGA Y DESCARGA;-3.7041945800;40.4356606180
440377,2800000000;4476276,7600000000;01-01-1900;07  CHAMBERÍ;07-03 TRAFALGAR;CARDENAL CISNEROS, CALLE, DEL;72;CargayDescarga;Línea;2;9,5;lab. de 9 a 20 h.excepto: CARGA Y DESCARGA;-3.7029660440;40.4349982790
440438,1500000000;4475974,4300000000;01-12-2004;07  CHAMBERÍ;07-03 TRAFALGAR;CARDENAL CISNEROS, CALLE, DEL;42;CargayDescarga;Línea;4;22,4;lab. de 9 a 20 h.excepto: CARGA Y DESCARGA;-3.7022199960;40.4322787340
440490,7100000000;4475675,6300000000;01-12-2004;07  CHAMBERÍ;07-03 TRAFALGAR;CARDENAL CISNEROS, CALLE, DEL;3;CargayDescarga;Línea;3;14;LABORABLES DE 8 A 14 H. Y DE 16,30 A 19 H. EXCEPTO CARGA Y DESCARGA;-3.7015724390;40.4295905880
440468,0700000000;4475820,0400000000;29-09-2015;07  CHAMBERÍ;07-03 TRAFALGAR;CARDENAL CISNEROS, CALLE, DEL;24;CargayDescarga;Línea;4;20;LABORABLES DE 9 A 20H. EXCEPTO CARGA Y DESCARGA ;-3.7018529020;40.4308901710
440418,8900000000;4476075,4100000000;11-09-2018;07  CHAMBERÍ;07-03 TRAFALGAR;CARDENAL CISNEROS, CALLE, DEL;50;CargayDescarga;Línea;3;15;LABORABLES DE 8 A 17 H. EXCEPTO CARGA Y DESCARGA;-3.7024565700;40.4331871590
440679,6800000000;4476224,4300000000;03-07-2004;07  CHAMBERÍ;07-03 TRAFALGAR;CASTILLO, CALLE, DEL;28;CargayDescarga;Línea;3;15;LABORABLES DE 8 A 14 H. Y DE 16,30 A 19 H. EXCEPTO CARGA Y DESCARGA;-3.6993960010;40.4345485070
440844,8000000000;4475638,5600000000;06-09-2018;07  CHAMBERÍ;07-03 TRAFALGAR;COVARRUBIAS, CALLE, DE;12;CargayDescarga;Batería;3;15;LABORABLES DE 8 A 17 HORAS EXCEPTO CARGA Y DESCARGA;-3.6973948320;40.4292824520
440798,8600000000;4475783,9400000000;06-09-2018;07  CHAMBERÍ;07-03 TRAFALGAR;COVARRUBIAS, CALLE, DE;23;CargayDescarga;Línea;3;15;LABORABLES DE 8 A 17 H. EXCEPTO CARGA Y DESCARGA;-3.6979499710;40.4305887380
440765,6100000000;4475907,8700000000;06-09-2018;07  CHAMBERÍ;07-03 TRAFALGAR;COVARRUBIAS, CALLE, DE;37;CargayDescarga;Línea;3;15;LABORABLES DE 8 A 17 HORAS EXCEPTO CARGA Y DESCARGA;-3.6983534470;40.4317023960
440564,0900000000;4475687,2800000000;12-08-2009;07  CHAMBERÍ;07-03 TRAFALGAR;EGUILAZ, CALLE, DE;13;CargayDescarga;Línea;3;18,2;LABORABLES DE 8 A 14 H. Y DE 16,30 A 19 H. EXCEPTO CARGA Y DESCARGA;-3.7007084760;40.4297012840
440643,0500000000;4475728,1600000000;26-09-2006;07  CHAMBERÍ;07-03 TRAFALGAR;FRANCISCO DE ROJAS, CALLE, DE;12;CargayDescarga;Línea;1;25,3;LABORABLES DE 8 A 14 H. Y DE 16,30A 19 H. EXCEPTO CARGA Y DESCARGA;-3.6997814870;40.4300747380
440398,4000000000;4475674,1700000000;07-09-2021;07  CHAMBERÍ;07-03 TRAFALGAR;FUENCARRAL, CALLE, DE;111;CargayDescarga;Línea;1;7,7;EXCEPTO CARGA Y DESCARGA DE LUNES A VIERNES DE 8,30 A 21 H ;-3.7026606000;40.4295714520
440406,9800000000;4475695,4800000000;07-09-2021;07  CHAMBERÍ;07-03 TRAFALGAR;FUENCARRAL, CALLE, DE;116;CargayDescarga;Línea;5;26,8;EXCEPTO CARGA Y DESCARGA DE LUNES A VIERNES DE 8,30 A 21 H  ;-3.7025614210;40.4297637940
440369,6100000000;4475773,1300000000;07-09-2021;07  CHAMBERÍ;07-03 TRAFALGAR;FUENCARRAL, CALLE, DE;121;CargayDescarga;Línea;7;38;EXCEPTO CARGA Y DESCARGA DE LUNES A VIERNES DE 8.30 A 21 H. ;-3.7030092450;40.4304607390
440379,1700000000;4475780,7200000000;07-09-2021;07  CHAMBERÍ;07-03 TRAFALGAR;FUENCARRAL, CALLE, DE;126;CargayDescarga;Línea;9;46;EXCEPTO CARGA Y DESCARGA DE LUNES A VIERNES 8.30 A 21 H. ;-3.7028972320;40.4305294940
440356,7500000000;4475812,8100000000;07-09-2021;07  CHAMBERÍ;07-03 TRAFALGAR;FUENCARRAL, CALLE, DE;130;CargayDescarga;Línea;9;44;EXCEPTO CARGA Y DESCARGA DE LUNES A VIERNES DE 8.30 A 21 H. ;-3.7031645740;40.4308168900
440337,2300000000;4475872,8500000000;07-09-2021;07  CHAMBERÍ;07-03 TRAFALGAR;FUENCARRAL, CALLE, DE;136;CargayDescarga;Línea;2;11,5;EXCEPTO CARGA Y DESCARGA DE LUNES A VIERNES DE  8,30 A 21 H ;-3.7034002320;40.4313563870
440315,2000000000;4475941,3100000000;07-09-2021;07  CHAMBERÍ;07-03 TRAFALGAR;FUENCARRAL, CALLE, DE;135;CargayDescarga;Línea;6;45,4;EXCEPTO CARGA Y DESCARGA DE LUNES A VIERNES DE 8,30 A 21 H ;-3.7036663710;40.4319716860
440291,2100000000;4476015,5500000000;07-09-2021;07  CHAMBERÍ;07-03 TRAFALGAR;FUENCARRAL, CALLE, DE;145;CargayDescarga;Línea;14;70;EXCEPTO CARGA Y DESCARGA DE LUNES A VIERNES DE 8,30 A 21 H ;-3.7039562300;40.4326384950
440346,7800000000;4476504,3900000000;01-01-1900;07  CHAMBERÍ;07-03 TRAFALGAR;GARCIA DE PAREDES, CALLE, DE;8;CargayDescarga;Línea;4;20,7;LABORABLES DE 8 A 14 H.Y DE 16,30 A 19 H. EXCEPTOCARGA Y DESCARGA;-3.7033470040;40.4370464880
440297,3100000000;4476519,9500000000;01-01-1900;07  CHAMBERÍ;07-03 TRAFALGAR;GARCIA DE PAREDES, CALLE, DE;1;CargayDescarga;Línea;3;18,2;LABORABLES DE 8 A 14 H. Y DE 16,30 A 19 H. EXCEPTO CARGA Y DESCARGA;-3.7039317070;40.4371826800
440512,5200000000;4476482,9900000000;29-05-2007;07  CHAMBERÍ;07-03 TRAFALGAR;GARCIA DE PAREDES, CALLE, DE;18;CargayDescarga;Línea;1;15;LABORABLES DE 8 A 14 H.Y DE 16,30 A 19 H. EXCEPTO CARGA Y DESCARGA;-3.7013909830;40.4368657770
440648,9100000000;4476465,0700000000;22-03-2018;07  CHAMBERÍ;07-03 TRAFALGAR;GARCIA DE PAREDES, CALLE, DE;30;CargayDescarga;Línea;2;12;LABORABLES DE 8 A 14 H.Y DE 16,30 A 19 H. EXCEPTO CARGA Y DESCARGA;-3.6997813730;40.4367138860
440662,2400000000;4475861,6100000000;03-01-2001;07  CHAMBERÍ;07-03 TRAFALGAR;GARCILASO, CALLE, DE;1;CargayDescarga;Línea;1;7,8;LABORABLES DE 8 A 14 H. Y DE 16,30 A 19 H. EXCEPTO CARGA Y DESCARGA;-3.6995677740;40.4312780640
440405,8400000000;4476410,5600000000;01-01-1900;07  CHAMBERÍ;07-03 TRAFALGAR;GENERAL ALVAREZ DE CASTRO, CALLE, DEL;23;CargayDescarga;Línea;3;13,06;lab. de 9 a 20 h.excepto: CARGA Y DESCARGA;-3.7026419220;40.4362048700
440235,0000000000;4475872,5100000000;01-01-1900;07  CHAMBERÍ;07-03 TRAFALGAR;JERONIMO DE LA QUINTANA, CALLE, DE;11;CargayDescarga;Línea;1;10,39;LABORABLES DE 8 A 12 H Y DE 14.30 A 16.30 H EXCEPTO CARGA Y DESCARGA;-3.7046055060;40.4313455580
440306,2700000000;4475865,8400000000;07-09-2018;07  CHAMBERÍ;07-03 TRAFALGAR;JERONIMO DE LA QUINTANA, CALLE, DE;1;CargayDescarga;Línea;3;19,49;LABORABLES DE 8 A 17 HORAS EXCEPTO CARGA Y DESCARGA;-3.7037645750;40.4312908980
440338,9300000000;4475957,8800000000;12-09-2018;07  CHAMBERÍ;07-03 TRAFALGAR;JORDAN, CALLE, DEL;2;CargayDescarga;Línea;3;15;LABORABLES DE 8 A 17 HORAS EXCEPTO CARGA Y DESCARGA;-3.7033881990;40.4321223170
440379,0300000000;4476668,2700000000;15-12-2008;07  CHAMBERÍ;07-03 TRAFALGAR;JOSE ABASCAL, CALLE, DE;4;CargayDescarga;Línea;3;15;LABORABLES DE 8 A 14 H. Y DE 16,30 A 19 H. EXCEPTO CARGA Y DESCARGA ;-3.7029820870;40.4385250060
440631,7600000000;4476142,3400000000;01-01-1900;07  CHAMBERÍ;07-03 TRAFALGAR;JUAN DE AUSTRIA, CALLE, DE;25;CargayDescarga;Línea;2;12;LABORABLES DE 8 A 14 H. EXCEPTO CARGA Y DESCARGA.;-3.6999533180;40.4338052090
440702,8600000000;4475907,8800000000;17-06-2005;07  CHAMBERÍ;07-03 TRAFALGAR;JUAN DE AUSTRIA, CALLE, DE;1;CargayDescarga;Línea;3;12;lab. de 9 a 20 h excepto: CARGA Y DESCARGA;-3.6990931930;40.4316980420
440613,5200000000;4476202,1100000000;10-09-2018;07  CHAMBERÍ;07-03 TRAFALGAR;JUAN DE AUSTRIA, CALLE, DE;35;CargayDescarga;Línea;2;12;LABORABLES DE 8 A 17 HORAS EXCEPTO CARGA Y DESCARGA;-3.7001739640;40.4343427000
440678,9500000000;4475987,2200000000;10-09-2018;07  CHAMBERÍ;07-03 TRAFALGAR;JUAN DE AUSTRIA, CALLE, DE;9;CargayDescarga;Línea;3;15;LABORABLES DE 8 A 17 HORAS EXCEPTO CARGA Y DESCARGA;-3.6993824800;40.4324109730
440649,2900000000;4476084,9300000000;21-11-2018;07  CHAMBERÍ;07-03 TRAFALGAR;JUAN DE AUSTRIA, CALLE, DE;17;CargayDescarga;Línea;3;15;LABORABLES DE 8 A 17 HORAS EXCEPTO CARGA Y DESCARGA;-3.6997412660;40.4332896040
440681,9000000000;4475790,8400000000;02-06-2015;07  CHAMBERÍ;07-03 TRAFALGAR;MANUEL SILVELA, CALLE, DE;18;CargayDescarga;Línea;3;18,5;LABORABLES DE 8 A 17 HORAS, EXCEPTO CARGA Y DESCARGA;-3.6993294810;40.4306425960
440752,0700000000;4475622,7100000000;11-09-2018;07  CHAMBERÍ;07-03 TRAFALGAR;MANUEL SILVELA, CALLE, DE;6;CargayDescarga;Línea;3;15;LABORABLES DE 8 A17 H. EXCEPTO CARGA Y DESCARGA;-3.6984864880;40.4291328520
440231,2800000000;4475686,6600000000;11-10-2001;07  CHAMBERÍ;07-03 TRAFALGAR;MONTELEON, CALLE, DE;32;CargayDescarga;Línea;4;20;LABORABLES DE 8 A 14 H.  Y DE 16,30 A 19 H. EXCEPTO CARGA Y DESCARGA;-3.7046318620;40.4296717190
440753,5500000000;4475663,4800000000;05-09-2018;07  CHAMBERÍ;07-03 TRAFALGAR;NICASIO GALLEGO, CALLE, DE;14;CargayDescarga;Línea;2;10;LABORABLES DE 8 A17 H. EXCEPTO CARGA Y DESCARGA;-3.6984729090;40.4294996030
440813,6000000000;4475669,9200000000;05-09-2018;07  CHAMBERÍ;07-03 TRAFALGAR;NICASIO GALLEGO, CALLE, DE;20;CargayDescarga;Línea;3;15;LABORABLES DE 8 A17 H. EXCEPTO CARGA Y DESCARGA;-3.6977655350;40.4295622270
440674,3800000000;4475664,2800000000;05-09-2018;07  CHAMBERÍ;07-03 TRAFALGAR;NICASIO GALLEGO, CALLE, DE;8;CargayDescarga;Línea;3;17;LABORABLES DE 8 A 17 HORAS EXCEPTO CARGA Y DESCARGA;-3.6994062570;40.4295013220
440503,2000000000;4475972,4000000000;01-01-1900;07  CHAMBERÍ;07-03 TRAFALGAR;PALAFOX, CALLE, DE;31;CargayDescarga;Línea;3;14,1;LABORABLES DE 8 A 14 H.  Y DE 16,30 A 19 H. EXCEPTO CARGA Y DESCARGA;-3.7014529770;40.4322649830
440556,9800000000;4475752,8300000000;24-04-2018;07  CHAMBERÍ;07-03 TRAFALGAR;PALAFOX, CALLE, DE;2;CargayDescarga;Línea;2;14,11;LABORABLES DE 8 A 14 H. Y DE 16,30 A 19 H. EXCEPTOCARGA Y DESCARGA;-3.7007985450;40.4302913730
440502,1200000000;4475933,9700000000;20-06-2019;07  CHAMBERÍ;07-03 TRAFALGAR;PALAFOX, CALLE, DE;18;CargayDescarga;Línea;3;15,8;LABORABLES DE LUNES A VIERNES DE 8 A 20 H. SÁBADOS DE 8 A 15 H. EXCEPTO CARGA Y DESCARGA;-3.7014621450;40.4319186310
440596,0500000000;4475995,8300000000;01-01-1900;07  CHAMBERÍ;07-03 TRAFALGAR;RAIMUNDO LULIO, CALLE, DE;2;CargayDescarga;Línea;4;19,8;lab. de 9 a 20 h. excepto: [CARGA Y DESCARGA];-3.7003605190;40.4324826500
440250,6300000000;4475736,9200000000;01-01-1900;07  CHAMBERÍ;07-03 TRAFALGAR;SANDOVAL, CALLE, DE;15;CargayDescarga;Línea;3;16;LABORABLES DE 8 A 14 H. Y DE 16,30 A 19 H. EXCEPTOCARGA Y DESCARGA;-3.7044084080;40.4301260750
440305,4200000000;4475714,0700000000;01-01-1900;07  CHAMBERÍ;07-03 TRAFALGAR;SANDOVAL, CALLE, DE;7;CargayDescarga;Línea;3;18;LABORABLES DE 8 A 14 H.  Y DE 16,30 A 19 H. EXCEPTO CARGA Y DESCARGA;-3.7037603360;40.4299238210
440190,5000000000;4475752,3900000000;06-02-2007;07  CHAMBERÍ;07-03 TRAFALGAR;SANDOVAL, CALLE, DE;20;CargayDescarga;Línea;3;15;LABORABLES DE 8 A 14 H.  Y DE 16,30 A 19 H. EXCEPTO CARGA Y DESCARGA ;-3.7051186470;40.4302607200
440793,1300000000;4476072,1300000000;25-10-2017;07  CHAMBERÍ;07-03 TRAFALGAR;SANTA ENGRACIA, CALLE, DE;49;CargayDescarga;Línea;1;8,7;LABORABLES DE 8 A 14 Y DE 16:30 A 19 H. EXCEPTO CARGA Y DESCARGA;-3.6980443370;40.4331845230
440625,5100000000;4476595,6500000000;25-10-2017;07  CHAMBERÍ;07-03 TRAFALGAR;SANTA ENGRACIA, CALLE, DE;113;CargayDescarga;Línea;1;25,3;LABORABLES DE 8 A 14 Y DE 16:30 A 19 H. EXCEPTO CARGA Y DESGARDA;-3.7000692840;40.4378886790
440557,9800000000;4476393,6000000000;01-01-1900;07  CHAMBERÍ;07-03 TRAFALGAR;SANTISIMA TRINIDAD, CALLE, DE LA;13;CargayDescarga;Batería;7;17,7;LABORABLES DE 8 A 14 H.Y DE 16,30 A 19 H. EXCEPTOCARGA Y DESCARGA;-3.7008466160;40.4360633500
440547,6700000000;4476462,8800000000;01-01-1900;07  CHAMBERÍ;07-03 TRAFALGAR;SANTISIMA TRINIDAD, CALLE, DE LA;23;CargayDescarga;Línea;3;15,6;lab. de 9 a 20 h. excepto: [CARGA Y DESCARGA] ;-3.7009746720;40.4366870720
440588,6800000000;4476285,0900000000;11-02-2015;07  CHAMBERÍ;07-03 TRAFALGAR;SANTISIMA TRINIDAD, CALLE, DE LA;3;CargayDescarga;Línea;2;12;LABORABLES DE LUNES A VIERNES DE 8 A 20 H. Y SÁBADOS DE 8 A 15 H.EXCEPTO CARGA Y DESCARGA;-3.7004745370;40.4350876600
440518,4800000000;4476129,6600000000;01-01-1900;07  CHAMBERÍ;07-03 TRAFALGAR;TRAFALGAR, CALLE, DE;32;CargayDescarga;Línea;3;18,3;LABORABLES DE 8 A 14 H.Y DE 16,30 A 19 H. EXCEPTOCARGA Y DESCARGA;-3.7012876220;40.4336832260
440604,1000000000;4475804,7700000000;01-07-2010;07  CHAMBERÍ;07-03 TRAFALGAR;TRAFALGAR, CALLE, DE;1;CargayDescarga;Línea;1;14;LABORABLES DE 8 A 14 H. Y DE 16,30 A 19 H. EXCEPTOCARGA Y DESCARGA;-3.7002478750;40.4307617710
440395,2600000000;4476378,7300000000;01-01-1900;07  CHAMBERÍ;07-03 TRAFALGAR;VIRIATO, CALLE, DE;12;CargayDescarga;Línea;3;15;LABORABLES DE 8 A 14 H. Y DE 16,30 A 19 H. EXCEPTO CARGA Y DESCARGA ;-3.7027636180;40.4359181050
440677,0200000000;4476359,0000000000;12-05-1999;07  CHAMBERÍ;07-03 TRAFALGAR;VIRIATO, CALLE, DE;42;CargayDescarga;Línea;3;14,5;LABORABLES DE 8 A 14 H.Y DE 16,30 A 19 H. EXCEPTO CARGA Y DESCARGA;-3.6994399470;40.4357603700
440334,1500000000;4476383,0100000000;18-03-2019;07  CHAMBERÍ;07-03 TRAFALGAR;VIRIATO, CALLE, DE;5;CargayDescarga;Línea;3;15;LABORABLES DE 8 A 14H Y DE 16.30 A 19 H. EXCEPTO CARGA Y DESCARGA ;-3.7034845140;40.4359521960
440804,5200000000;4476513,5100000000;01-01-1900;07  CHAMBERÍ;07-04 ALMAGRO;ALONSO CANO, CALLE, DE;23;CargayDescarga;Línea;3;16;LAB. DE 8 A 14 H Y DE 16.30 A 19 H EXCEPTO CARGA Y DESCARGA;-3.6979512310;40.4371614240
440803,9900000000;4476380,4300000000;03-10-2012;07  CHAMBERÍ;07-04 ALMAGRO;ALONSO CANO, CALLE, DE;8;CargayDescarga;Línea;5;27,3;LABORABLES DE 8 A 14 H. Y DE 16:30 A 19 H. EXCEPTO CARGA Y DESCARGA;-3.6979451000;40.4359627390
440808,4900000000;4476440,0100000000;03-10-2012;07  CHAMBERÍ;07-04 ALMAGRO;ALONSO CANO, CALLE, DE;12;CargayDescarga;Línea;4;22;LABORABLES DE 8 A 14 H. Y DE 16:30 A 19 H. EXCEPTO CARGA Y DESCARGA;-3.6978974880;40.4364992560
440798,5700000000;4476306,4700000000;22-12-2020;07  CHAMBERÍ;07-04 ALMAGRO;ALONSO CANO, CALLE, DE;2;CargayDescarga;Línea;3;15;LABORABLES DE 8 A 14 HORAS Y DE 16.30 A 19 HORAS EXCEPTO CARGA Y DESCARGA;-3.6980019950;40.4352959880
441211,4700000000;4475584,8400000000;13-02-2003;07  CHAMBERÍ;07-04 ALMAGRO;BLANCA DE NAVARRA, CALLE, DE;6;CargayDescarga;Línea;3;17;lab. de 8 a 14 h y de 16,30 a 19 h excepto:      CARGA Y                     DESCARGA;-3.6930674530;40.4288237990
441070,3900000000;4475790,5000000000;27-03-2007;07  CHAMBERÍ;07-04 ALMAGRO;CARACAS, CALLE, DE;6;CargayDescarga;Línea;3;15;LABORABLES DE 8 A 14 H. Y DE 16,30 A 19 H. EXCEPTO CARGA Y DESCARGA ;-3.6947495430;40.4306667180
441084,3600000000;4476434,5000000000;01-01-1900;07  CHAMBERÍ;07-04 ALMAGRO;FERNANDEZ DE LA HOZ, CALLE, DE;54;CargayDescarga;Línea;3;15,5;LABORABLES DE 9 A 20 H.EXCEPTO CARGA Y DESCARGA EN LINEA;-3.6946445770;40.4364689470
441048,1600000000;4476054,4100000000;01-01-1900;07  CHAMBERÍ;07-04 ALMAGRO;FERNANDEZ DE LA HOZ, CALLE, DE;15;CargayDescarga;Línea;3;15,3;lab. de 9 a 20 h.excepto: CARGA Y DESCARGA;-3.6950361940;40.4330429460
441071,3200000000;4476251,9700000000;01-01-1900;07  CHAMBERÍ;07-04 ALMAGRO;FERNANDEZ DE LA HOZ, CALLE, DE;42;CargayDescarga;Línea;3;16,1;LABORABLES DE 8 A 17 H.EXCEPTO CARGA Y DESCARGA;-3.6947813420;40.4348236410
441459,0100000000;4476186,7300000000;10-01-2005;07  CHAMBERÍ;07-04 ALMAGRO;FORTUNY, CALLE, DE;32;CargayDescarga;Batería;10;24;lab. de 9 a 20 h.excepto: CARGA Y DESCARGA;-3.6902047840;40.4342634030
440699,9500000000;4476470,2600000000;29-11-2001;07  CHAMBERÍ;07-04 ALMAGRO;GARCIA DE PAREDES, CALLE, DE;25;CargayDescarga;Línea;3;15;LABORABLES DE 8 A 14 H.Y DE 16,30 A 19 H. EXCEPTO CARGA Y DESCARGA;-3.6991799960;40.4367643060
441265,0700000000;4476443,1100000000;01-01-1900;07  CHAMBERÍ;07-04 ALMAGRO;GARCIA DE PAREDES, CALLE, DE;84;CargayDescarga;Línea;2;15;lab. de 8 a 20 h.excepto: CARGA Y DESCARGA;-3.6925148360;40.4365594740
441206,5800000000;4476446,4900000000;01-01-1900;07  CHAMBERÍ;07-04 ALMAGRO;GARCIA DE PAREDES, CALLE, DE;82;CargayDescarga;Línea;3;15,1;lab. de 9 a 20 h.excepto: CARGA Y DESCARGA;-3.6932047340;40.4365855440
441101,5800000000;4476458,5000000000;16-09-2002;07  CHAMBERÍ;07-04 ALMAGRO;GARCIA DE PAREDES, CALLE, DE;47;CargayDescarga;Batería;8;18,74;lab. de 9 a 20 h.excepto: CARGA Y DESCARGA;-3.6944438130;40.4366863840
441244,7300000000;4476453,7100000000;01-01-1900;07  CHAMBERÍ;07-04 ALMAGRO;GARCIA DE PAREDES, CALLE, DE;59;CargayDescarga;Línea;3;15;LABORABLES DE 8 A 14 H. Y DE 16,30 A 19 H. EXCEPTO CARGA Y DESCARGA ;-3.6927555930;40.4366533820
441438,0100000000;4476438,8600000000;20-11-2009;07  CHAMBERÍ;07-04 ALMAGRO;GARCIA DE PAREDES, CALLE, DE;96;CargayDescarga;Línea;4;20;LAB DE 8 A 14 H. Y DE  16,30 A 19 H. EXCEPTO CARGA Y DESCARGA;-3.6904755640;40.4365339770
441287,4900000000;4475266,8500000000;18-11-2005;07  CHAMBERÍ;07-04 ALMAGRO;GENOVA, CALLE, DE;27;CargayDescarga;Línea;3;15;lab. de 8 a 14 h. y de 16,30 a 19 h. excepto: [CARGA Y DESCARGA] ;-3.6921419550;40.4259647400
441176,9500000000;4476610,6300000000;20-06-2005;07  CHAMBERÍ;07-04 ALMAGRO;JOSE ABASCAL, CALLE, DE;48;CargayDescarga;Línea;5;24,9;LAB. DE 8 A 14 H Y DE 16.30 A 19 H EXCEPTO CARGA Y DESCARGA;-3.6935693070;40.4380623420
441378,3600000000;4476373,9000000000;01-01-1900;07  CHAMBERÍ;07-04 ALMAGRO;MIGUEL ANGEL, CALLE, DE;22;CargayDescarga;Línea;3;17;LAB DE 8 A 14 H. Y DE 16,30 A 19 H. EXCEPTOCARGA Y DESCARGA;-3.6911727970;40.4359443470
440922,4100000000;4476312,1400000000;15-06-2012;07  CHAMBERÍ;07-04 ALMAGRO;MODESTO LAFUENTE, CALLE, DE;1;CargayDescarga;Línea;3;16,7;LABORABLES DE 8 A 14 H. EXCEPTO CARGA Y DESCARGA;-3.6965425570;40.4353554610
441328,9600000000;4475860,8800000000;21-01-2014;07  CHAMBERÍ;07-04 ALMAGRO;MONTE ESQUINZA, CALLE, DEL;47;CargayDescarga;Batería;2;6;Laborables de 8 a 17 h. Excepto Carga y Descarga. Tiempo máximo 30 minutos;-3.6917078250;40.4313194890
440686,8200000000;4476581,4800000000;01-01-1900;07  CHAMBERÍ;07-04 ALMAGRO;PONZANO, CALLE, DE;14;CargayDescarga;Línea;3;15;Lab. de 9 a 20 h.excepto: CARGA Y DESCARGA;-3.6993452370;40.4377647480
441180,2800000000;4476153,2700000000;01-01-1900;07  CHAMBERÍ;07-04 ALMAGRO;RAFAEL CALVO, CALLE, DE;24;CargayDescarga;Línea;3;15;LABORABLES DE 9 A 14 H.Y DE 16,30 A 20 H. EXCEPTO CARGA Y DESCARGA EN LINEA;-3.6934876030;40.4339428900
441220,9400000000;4476163,4000000000;09-02-2007;07  CHAMBERÍ;07-04 ALMAGRO;RAFAEL CALVO, CALLE, DE;25;CargayDescarga;Línea;3;18;LABORABLES DE 8 A 14 H.Y DE 16,30 A 19 H. EXCEPTOCARGA Y DESCARGA;-3.6930092410;40.4340363970
441080,7200000000;4476158,5900000000;01-03-1996;07  CHAMBERÍ;07-04 ALMAGRO;RAFAEL CALVO, CALLE, DE;13;CargayDescarga;Línea;3;15,2;LABORABLES DE 7 A 14 H.Y DE 16,30 A 20 H. EXCEPTOCARGA Y DESCARGA;-3.6946619380;40.4339839140
440854,9700000000;4476121,4400000000;11-04-1997;07  CHAMBERÍ;07-04 ALMAGRO;RAFAEL CALVO, CALLE, DE;3;CargayDescarga;Línea;3;15;LABORABLES DE 8 A 12 H.EXCEPTO CARGA Y DESCARGA;-3.6973198890;40.4336330350
441445,0200000000;4476162,6200000000;01-01-1900;07  CHAMBERÍ;07-04 ALMAGRO;RAFAEL CALVO, CALLE, DE;42;CargayDescarga;Batería;6;14,9;LAB DE 8 A 14 H. Y DE 16,30 A 19 H. EXCEPTOCARGA Y DESCARGA;-3.6903675040;40.4340452210
441397,3000000000;4476169,4700000000;01-01-1900;07  CHAMBERÍ;07-04 ALMAGRO;RAFAEL CALVO, CALLE, DE;35;CargayDescarga;Línea;4;20;LAB DE 8 A 14 H. Y DE  16,30 A 19 H. EXCEPTO CARGA Y DESCARGA ;-3.6909307790;40.4341040630
440626,6100000000;4476632,7500000000;01-12-2004;07  CHAMBERÍ;07-04 ALMAGRO;SANTA ENGRACIA, CALLE, DE;100;CargayDescarga;Batería;3;15;LABORABLES DE 8 A 14 H. Y DE 16,30 A 19 H.EXCEPTO CARGA Y DESCARGA;-3.7000598300;40.4382225990
440773,4500000000;4476176,1900000000;07-08-2018;07  CHAMBERÍ;07-04 ALMAGRO;SANTA ENGRACIA, CALLE, DE;50;CargayDescarga;Línea;2;12;LABORABLES DE 8 A 14:30H. EXCEPTO CARGA Y DESCARGA;-3.6982860680;40.4341205070
440731,9300000000;4476364,1300000000;12-05-1999;07  CHAMBERÍ;07-04 ALMAGRO;VIRIATO, CALLE, DE;45;CargayDescarga;Batería;6;15;LABORABLES DE 8 A 14 H.Y DE 16,30 A 19 H. EXCEPTOCARGA Y DESCARGA;-3.6987930780;40.4358099310
440839,9900000000;4476347,1100000000;11-12-2012;07  CHAMBERÍ;07-04 ALMAGRO;VIRIATO, CALLE, DE;52;CargayDescarga;Línea;2;12;LABORABLES DE LUNES A VIERNES DE 8 A 20 H. Y SÁBADOS DE 8 A 15 H. EXCEPTO CARGA Y DESCARGA;-3.6975175590;40.4356651440
441233,9100000000;4476553,5700000000;01-01-1900;07  CHAMBERÍ;07-04 ALMAGRO;ZURBANO, CALLE, DE;84;CargayDescarga;Línea;3;15;LAB. DE 8 A 14 H Y DE 16.30 A 19 HEXCEPTO CARGA Y DESCARGA;-3.6928924720;40.4375522950
441204,2900000000;4476141,9000000000;01-01-1900;07  CHAMBERÍ;07-04 ALMAGRO;ZURBANO, CALLE, DE;50;CargayDescarga;Línea;3;14;LABORABLES DE 8 A 14 H.Y DE 16,30 A 19 H. EXCEPTO CARGA Y DESCARGA;-3.6932035310;40.4338415340
441212,3700000000;4476253,5900000000;01-01-1900;07  CHAMBERÍ;07-04 ALMAGRO;ZURBANO, CALLE, DE;60;CargayDescarga;Línea;3;15;LABORABLES DE 8 A 14 H.EXCEPTO CARGA Y DESCARGA;-3.6931187330;40.4348483930
441189,4800000000;4476061,1300000000;30-12-2009;07  CHAMBERÍ;07-04 ALMAGRO;ZURBANO, CALLE, DE;37;CargayDescarga;Línea;3;15;lab. de 9 a 20 h.excepto: CARGA Y DESCARGA;-3.6933707770;40.4331137060
441154,8400000000;4475577,1900000000;01-01-1900;07  CHAMBERÍ;07-04 ALMAGRO;ZURBANO, CALLE, DE;13;CargayDescarga;Línea;2;13,4;LABORABLES DE 8 A 14 H. Y DE 16,30 A 19 H. EXCEPTO CARGA Y DESCARGA ;-3.6937343190;40.4287513770
441219,1600000000;4476472,6300000000;01-07-2010;07  CHAMBERÍ;07-04 ALMAGRO;ZURBANO, CALLE, DE;67;CargayDescarga;Línea;3;14,6;lab. de 8 a 20 h. excepto: [CARGA Y DESCARGA];-3.6930589160;40.4368221180
441215,7900000000;4476427,7300000000;01-07-2010;07  CHAMBERÍ;07-04 ALMAGRO;ZURBANO, CALLE, DE;65;CargayDescarga;Línea;3;16;LABORABLES DE 8 A 14 H.Y DE 16,30 A 19 H. EXCEPTO CARGA Y DESCARGA;-3.6930943820;40.4364177820
440860,7100000000;4477296,0800000000;01-01-1900;07  CHAMBERÍ;07-05 RÍOS ROSAS;ALONSO CANO, CALLE, DE;91;CargayDescarga;Línea;3;15,1;Laborables de 08:00 a 14:00 y de 16:30 a 19:00 ;-3.6973614280;40.4442149920
440846,4100000000;4477094,0700000000;22-02-2000;07  CHAMBERÍ;07-05 RÍOS ROSAS;ALONSO CANO, CALLE, DE;77;CargayDescarga;Línea;8;42,4;Laborables de 08:00 a 14:00 y de 16:30 a 19:00 ;-3.6975113140;40.4423943040
440833,9900000000;4476793,6400000000;28-06-2013;07  CHAMBERÍ;07-05 RÍOS ROSAS;ALONSO CANO, CALLE, DE;24;CargayDescarga;Línea;2;10;Laborables de 08:00 a 17:00 ;-3.6976298020;40.4396866780
440845,2000000000;4476949,3900000000;04-08-2020;07  CHAMBERÍ;07-05 RÍOS ROSAS;ALONSO CANO, CALLE, DE;42;CargayDescarga;Línea;3;18;Lunes a viernes de 08:00 a 14:30 y de 16:30 a 19:30 sabados de 08:00 a 14:30 ;-3.6975121740;40.4410909970
440308,7400000000;4477454,5500000000;07-12-2011;07  CHAMBERÍ;07-05 RÍOS ROSAS;BRAVO MURILLO, CALLE, DE;88;CargayDescarga;Línea;2;11,5;Laborables de 08:00 a 14:00 y de 16:30 a 19:00 ;-3.7038847250;40.4456029250
440301,6400000000;4477242,2300000000;04-07-2016;07  CHAMBERÍ;07-05 RÍOS ROSAS;BRAVO MURILLO, CALLE, DE;62;CargayDescarga;Línea;3;15,1;Laborables de 08:00 a 14:00 y de 16:30 a 19:00 ;-3.7039484950;40.4436898190
440638,3500000000;4477176,0200000000;21-07-2005;07  CHAMBERÍ;07-05 RÍOS ROSAS;CRISTOBAL BORDIU, CALLE, DE;21;CargayDescarga;Línea;3;15;Laborables de 08:00 a 14:00 ;-3.6999722250;40.4431178350
440829,6100000000;4477153,3400000000;19-06-1999;07  CHAMBERÍ;07-05 RÍOS ROSAS;CRISTOBAL BORDIU, CALLE, DE;40;CargayDescarga;Batería;1;7;Laborables de 08:00 a 14:00 y de 16:30 a 19:00 ;-3.6977150010;40.4429264680
440371,0300000000;4477185,8700000000;26-11-2012;07  CHAMBERÍ;07-05 RÍOS ROSAS;CRISTOBAL BORDIU, CALLE, DE;10;CargayDescarga;Línea;3;16;Laborables de 08:00 a 14:00 y de 16:30 a 19:00 ;-3.7031250970;40.4431869340
440366,8400000000;4477195,1800000000;23-11-2016;07  CHAMBERÍ;07-05 RÍOS ROSAS;CRISTOBAL BORDIU, CALLE, DE;5 A;CargayDescarga;Línea;2;10;Lunes a viernes de 08:00 a 14:00 y sabados de 08:00 a 15:00 ;-3.7031753460;40.4432704140
441106,4900000000;4476860,8000000000;19-06-1999;07  CHAMBERÍ;07-05 RÍOS ROSAS;FERNANDEZ DE LA HOZ, CALLE, DE;59;CargayDescarga;Línea;3;11,3;Laborables de 08:00 a 14:00 y de 16:30 a 19:00 ;-3.6944231860;40.4403112590
441095,7400000000;4476714,6900000000;09-10-2012;07  CHAMBERÍ;07-05 RÍOS ROSAS;FERNANDEZ DE LA HOZ, CALLE, DE;72;CargayDescarga;Línea;1;8;Lunes a viernes de 08:00 a 20:00  sabados 08:00 a 15:00 ;-3.6945363450;40.4389941440
440577,0300000000;4476673,0900000000;16-07-1998;07  CHAMBERÍ;07-05 RÍOS ROSAS;JOSE ABASCAL, CALLE, DE;15;CargayDescarga;Línea;3;16,6;Laborables de 08:00 a 14:00 y de 16:30 a 19:00 ;-3.7006480860;40.4385825310
441222,5900000000;4476689,4800000000;25-08-2006;07  CHAMBERÍ;07-05 RÍOS ROSAS;MALAGA, CALLE, DE;10;CargayDescarga;Línea;2;12,2;Laborables de 08:00 a 14:00 y de 16:30 a 19:00 ;-3.6930384620;40.4387760760
440610,5900000000;4477289,3900000000;08-06-1998;07  CHAMBERÍ;07-05 RÍOS ROSAS;MARIA DE GUZMAN, CALLE, DE;18;CargayDescarga;Línea;3;14,9;Laborables de 09:00 a 14:00 y de 16:30 a 20:00 ;-3.7003100980;40.4441371270
440320,1800000000;4477310,5900000000;14-03-2017;07  CHAMBERÍ;07-05 RÍOS ROSAS;MARIA DE GUZMAN, CALLE, DE;2;CargayDescarga;Línea;3;15;Lunes a sabado de 08:00 a 14:00 ;-3.7037362710;40.4443071810
440336,9000000000;4477430,4700000000;30-10-1997;07  CHAMBERÍ;07-05 RÍOS ROSAS;MAUDES, CALLE, DE;4;CargayDescarga;Línea;3;14,8;Laborables de 09:00 a 14:00 y de 16:30 a 20:00 ;-3.7035504040;40.4453883530
440425,2200000000;4477432,7200000000;04-11-1997;07  CHAMBERÍ;07-05 RÍOS ROSAS;MAUDES, CALLE, DE;13;CargayDescarga;Línea;3;15,2;Laborables de 08:00 a 14:00 y de 16:30 a 19:00 ;-3.7025092250;40.4454144220
440853,2200000000;4477390,8100000000;30-10-1997;07  CHAMBERÍ;07-05 RÍOS ROSAS;MAUDES, CALLE, DE;52;CargayDescarga;Línea;3;15;Laborables de 08:00 a 14:00 y de 16:30 a 19:00  ;-3.6974587170;40.4450675540
440710,0600000000;4477410,7900000000;26-11-2007;07  CHAMBERÍ;07-05 RÍOS ROSAS;MAUDES, CALLE, DE;27;CargayDescarga;Línea;3;21;Laborables de 08:00 a 14:00 y de 16:30 a 19:00 ;-3.6991485410;40.4452371490
441011,4400000000;4477511,8800000000;01-01-1900;07  CHAMBERÍ;07-05 RÍOS ROSAS;MODESTO LAFUENTE, CALLE, DE;92;CargayDescarga;Línea;2;12,6;Laborables de 08:00 a 14:00 y de 16:30 a 19:00 ;-3.6956042810;40.4461694660
440979,2600000000;4477166,2200000000;01-01-1900;07  CHAMBERÍ;07-05 RÍOS ROSAS;MODESTO LAFUENTE, CALLE, DE;45;CargayDescarga;Batería;3;14,6;Laborables de 08:00 a 14:00 y de 16:30 a 19:00  ;-3.6959517230;40.4430538360
440966,9600000000;4476861,4100000000;14-03-2016;07  CHAMBERÍ;07-05 RÍOS ROSAS;MODESTO LAFUENTE, CALLE, DE;40;CargayDescarga;Línea;2;12;Laborables de 07:00 a 21:00 ;-3.6960683770;40.4403069620
440754,0000000000;4477527,3000000000;01-01-1900;07  CHAMBERÍ;07-05 RÍOS ROSAS;PONZANO, CALLE, DE;S/N;CargayDescarga;Línea;2;16,6;Laborables de 08:00 a 14:00 y de 16:30 a 19:00  ;-3.6986413590;40.4462901880
440697,1300000000;4476719,6600000000;15-12-2016;07  CHAMBERÍ;07-05 RÍOS ROSAS;PONZANO, CALLE, DE;28;CargayDescarga;Línea;3;15;Laborables de 08:00 a 14:00 y de 16:30 a 19:00 ;-3.6992365470;40.4390102440
440702,6500000000;4476929,1900000000;24-04-2018;07  CHAMBERÍ;07-05 RÍOS ROSAS;PONZANO, CALLE, DE;53;CargayDescarga;Línea;3;14;Laborables de 08:00 a 17:00 ;-3.6991910540;40.4408981400
440397,3300000000;4477053,6400000000;01-12-2004;07  CHAMBERÍ;07-05 RÍOS ROSAS;RIOS ROSAS, CALLE, DE;12;CargayDescarga;Línea;3;15,2;Laborables de 09:00 a 14:00 y de 16:30 a 20:00 ;-3.7028025220;40.4419981610
440899,7200000000;4477014,5800000000;03-01-2002;07  CHAMBERÍ;07-05 RÍOS ROSAS;RIOS ROSAS, CALLE, DE;44;CargayDescarga;Línea;3;17,3;Laborables de 08:00 a 14:00 ;-3.6968753310;40.4416816590
440923,4300000000;4477032,7700000000;12-07-2004;07  CHAMBERÍ;07-05 RÍOS ROSAS;RIOS ROSAS, CALLE, DE;51;CargayDescarga;Línea;3;15;Laborables de 08:00 a 14:00 y de 16:30 a 19:00 ;-3.6965975610;40.4418469580
440359,4200000000;4477073,7200000000;21-10-2013;07  CHAMBERÍ;07-05 RÍOS ROSAS;RIOS ROSAS, CALLE, DE;5;CargayDescarga;Línea;1;9,7;Laborables de 08:00 a 17:00 ;-3.7032514340;40.4421760650
441236,2900000000;4476953,1200000000;06-06-2005;07  CHAMBERÍ;07-05 RÍOS ROSAS;SAN JUAN DE LA CRUZ, PLAZA, DE;1;CargayDescarga;Línea;3;14,8;Laborables de 08:00 a 14:00 y de 16:30 a 19:00 ;-3.6929014100;40.4411517880
440351,0600000000;4477491,1500000000;02-12-2019;07  CHAMBERÍ;07-05 RÍOS ROSAS;SANTA ENGRACIA, CALLE, DE;160;CargayDescarga;Línea;2;13;Laborables de 08:00 a 14:30 ;-3.7033891740;40.4459354130
439696,6600000000;4476743,9600000000;29-04-1998;07  CHAMBERÍ;07-06 VALLEHERMOSO;BLASCO DE GARAY, CALLE, DE;94;CargayDescarga;Línea;3;16;Laborables de 09:00 a 20:00 ;-3.7110343210;40.4391578950
440081,6600000000;4476812,7000000000;07-06-2006;07  CHAMBERÍ;07-06 VALLEHERMOSO;BOIX Y MORER, CALLE, DE;7;CargayDescarga;Línea;3;15;Laborables de 08:00 a 14:00 y de 16:30 a 19:00 ;-3.7065017090;40.4398049360
439510,8400000000;4476745,6700000000;29-04-1998;07  CHAMBERÍ;07-06 VALLEHERMOSO;CEA BERMUDEZ, CALLE, DE;50;CargayDescarga;Línea;3;15;Laborables de 08:00 a 14:00 y de 16:30 a 19:00 ;-3.7132254840;40.4391590980
439994,3700000000;4476708,8500000000;05-04-1995;07  CHAMBERÍ;07-06 VALLEHERMOSO;CEA BERMUDEZ, CALLE, DE;16;CargayDescarga;Línea;3;14;Laborables de 09:00 a 14:00 y de 16:30 a 20:00 ;-3.7075211160;40.4388623630
439256,2000000000;4477002,7800000000;08-11-2005;07  CHAMBERÍ;07-06 VALLEHERMOSO;DOMENICO SCARLATTI, CALLE, DE;7;CargayDescarga;Línea;3;15;Laborables de 08:00 a 14:00 y de 16:30 a 19:00 ;-3.7162523630;40.4414570600
440209,8000000000;4477185,2200000000;30-12-2009;07  CHAMBERÍ;07-06 VALLEHERMOSO;ESQUILACHE, CALLE, DE;8;CargayDescarga;Línea;2;8,2;Laborables de 08:00 a 14:00 y de 16:30 a 19:00 ;-3.7050260570;40.4431698600
439770,2700000000;4476832,6100000000;02-11-2018;07  CHAMBERÍ;07-06 VALLEHERMOSO;FILIPINAS, AVENIDA, DE;18;CargayDescarga;Línea;3;12;Lunes a viernes de 08:00 a 20:00  sabados 08:00 a 15:00 ;-3.7101749990;40.4399618690
439785,3700000000;4476738,1500000000;01-01-1900;07  CHAMBERÍ;07-06 VALLEHERMOSO;GALILEO, CALLE, DE;87;CargayDescarga;Línea;3;20,9;Laborables de 08:00 a 20:00 ;-3.7099879860;40.4391119440
439342,1600000000;4476814,9700000000;14-11-2016;07  CHAMBERÍ;07-06 VALLEHERMOSO;GAZTAMBIDE, CALLE, DE;83;CargayDescarga;Línea;2;15;Lunes a viernes de 08:00 a 20:00  sabados 08:00 a 15:00 ;-3.7152208090;40.4397715330
439403,4800000000;4477028,8000000000;27-06-2005;07  CHAMBERÍ;07-06 VALLEHERMOSO;GENERAL AMPUDIA, CALLE, DEL;1;CargayDescarga;Línea;3;15;Laborables de 08:00 a 14:00 y de 16:30 a 19:00  ;-3.7145181910;40.4417022290
439765,0200000000;4477568,4900000000;09-07-2007;07  CHAMBERÍ;07-06 VALLEHERMOSO;GENERAL IBAÑEZ DE IBERO, CALLE, DEL;1;CargayDescarga;Línea;3;12,1;Laborables de 09:00 a 20:00 ;-3.7103066650;40.4465905900
439570,4700000000;4477068,0000000000;02-03-2007;07  CHAMBERÍ;07-06 VALLEHERMOSO;GUZMAN EL BUENO, CALLE, DE;104;CargayDescarga;Línea;3;15;Laborables de 08:00 a 14:00 y de 16:30 a 19:00 ;-3.7125530600;40.4420672600
439600,2000000000;4477497,4700000000;22-10-2018;07  CHAMBERÍ;07-06 VALLEHERMOSO;GUZMAN EL BUENO, CALLE, DE;116;CargayDescarga;Línea;6;30,5;Laborables de 09:00 a 14:00 y de 16:30 a 20:00 ;-3.7122433200;40.4459382780
439537,2800000000;4477137,2600000000;20-08-2000;07  CHAMBERÍ;07-06 VALLEHERMOSO;JULIAN ROMEA, CALLE, DE;2;CargayDescarga;Línea;4;21,5;Laborables de 09:00 a 20:00 ;-3.7129510370;40.4426889190
439436,8700000000;4477197,9400000000;12-05-2003;07  CHAMBERÍ;07-06 VALLEHERMOSO;MAESTRO ÁNGEL LLORCA, CALLE, DEL;4;CargayDescarga;Línea;4;20;Laborables de 08:00 a 14:00 y de 16:30 a 19:00 ;-3.7141407270;40.4432286450
440118,0400000000;4477575,8900000000;17-05-2005;07  CHAMBERÍ;07-06 VALLEHERMOSO;MARQUES DE LEMA, CALLE, DEL;15;CargayDescarga;Línea;3;18;Laborables de 08:00 a 14:00 y de 16:30 a 19:00  ;-3.7061448710;40.4466827790
439488,2600000000;4477381,5300000000;17-07-2009;07  CHAMBERÍ;07-06 VALLEHERMOSO;POETA ANGELA FIGUERA, CALLE, DE LA;9;CargayDescarga;Línea;3;15;Laborables de  08:00 a 18:00 subida y bajada de viajeros ;-3.7135522990;40.4448859830
439784,8200000000;4477336,3500000000;02-02-2000;07  CHAMBERÍ;07-06 VALLEHERMOSO;SAN FRANCISCO DE SALES, PASEO, DE;S/N;CargayDescarga;Batería;5;12,1;Laborables de 08:00 a 14:00 y de 16:30 a 19:00 ;-3.7100511830;40.4445000390
439381,1300000000;4476982,0200000000;01-01-1900;07  CHAMBERÍ;07-06 VALLEHERMOSO;SAN FRANCISCO DE SALES, PASEO, DE;23 A;CargayDescarga;Línea;5;18,5;Laborables de 08:00 a 14:00 y de 16:30 a 19:00 ;-3.7147772250;40.4412787560
439275,5500000000;4476890,2000000000;07-08-2009;07  CHAMBERÍ;07-06 VALLEHERMOSO;SAN FRANCISCO DE SALES, PASEO, DE;13;CargayDescarga;Línea;3;15;Laborables de 09:00 a 20:00 ;-3.7160133250;40.4404442430
439201,5500000000;4476826,0300000000;09-07-2019;07  CHAMBERÍ;07-06 VALLEHERMOSO;SAN FRANCISCO DE SALES, PASEO, DE;3;CargayDescarga;Línea;3;15;Lunes a Viernes de 08:00 a 14:00 y de 16:30 a 20:00 sabados de 08:00 a 14:30 ;-3.7168797510;40.4398605700
439296,5800000000;4477239,7100000000;13-04-2010;07  CHAMBERÍ;07-06 VALLEHERMOSO;VALLE, AVENIDA, DEL;11;CargayDescarga;Línea;3;15,8;Lunes a viernes de 08:00 a 20:00  sabados 08:00 a 15:00 ;-3.7157988090;40.4435941350
439931,6800000000;4476799,1700000000;27-11-2021;07  CHAMBERÍ;07-06 VALLEHERMOSO;VALLEHERMOSO, CALLE, DE;89;CargayDescarga;Línea;2;12;lab. de lunes a viernes de 8 a 17 h y sábados de 8 a 14,30 h ;-3.7082687690;40.4396720100
439400,0900000000;4481428,0300000000;05-02-2004;08  FUENCARRAL-EL PARDO;08-03 PEÑAGRANDE;FERMIN CABALLERO, CALLE, DE;75;CargayDescarga;Línea;3;15;;-3.7149782760;40.4813314850
438987,0000000000;4481153,3900000000;26-05-2015;08  FUENCARRAL-EL PARDO;08-03 PEÑAGRANDE;FERMIN CABALLERO, CALLE, DE;89;CargayDescarga;Línea;1;15;;-3.7198252130;40.4788274300
439488,4200000000;4481482,3900000000;01-02-2022;08  FUENCARRAL-EL PARDO;08-03 PEÑAGRANDE;FERMIN CABALLERO, CALLE, DE;S/N;CargayDescarga;Línea;1;7,5;LABORABLES DE LUNES A SÁBADOS DE 8 A 14.30 HORAS ;-3.7139413370;40.4818277240
439184,3400000000;4481452,1700000000;23-03-2005;08  FUENCARRAL-EL PARDO;08-03 PEÑAGRANDE;ISLA DE TAVIRA, CALLE, DE LA;4;CargayDescarga;Línea;3;15;;-3.7175258180;40.4815333380
439058,9000000000;4481415,9700000000;23-03-2005;08  FUENCARRAL-EL PARDO;08-03 PEÑAGRANDE;ISLA DE TAVIRA, CALLE, DE LA;26;CargayDescarga;Batería;3;16,8;LABORABLES DE 9 A 20 H. EXCEPTO CARA Y DESCARGA.;-3.7190022730;40.4811983290
438187,9500000000;4480762,1300000000;28-12-2020;08  FUENCARRAL-EL PARDO;08-03 PEÑAGRANDE;ISLAS ALEUTIANAS, CALLE, DE LAS;4;CargayDescarga;Batería;2;7;LAB. DE 8 A 14:30 H. EXCEPTO CARGA Y DESCARGA TIEMPO MÁXIMO 30 MINUTOS;-3.7292135270;40.4752436940
438954,2400000000;4481222,8200000000;04-10-2021;08  FUENCARRAL-EL PARDO;08-03 PEÑAGRANDE;ISLAS CIES, CALLE, DE LAS;45;CargayDescarga;Línea;3;15;DE LUNES A VIERNES DE 8 A 14 Y DE 16.30 A 19 HORAS. EXCEPTO CARGA Y DESCARGA;-3.7202184340;40.4794502920
438948,2000000000;4480825,1500000000;22-12-2018;08  FUENCARRAL-EL PARDO;08-03 PEÑAGRANDE;MONFORTE DE LEMOS, AVENIDA, DE;S/N;CargayDescarga;Batería;4;12;DE 8 A 18 H EXCEPTO CARGA Y DESCARGA;-3.7202513790;40.4758674730
438489,8400000000;4481455,0700000000;25-02-2022;08  FUENCARRAL-EL PARDO;08-03 PEÑAGRANDE;RAMON GOMEZ DE LA SERNA, CALLE, DE;119;CargayDescarga;Línea;2;10;LABORABLES DE LUNES A SÁBADOS DE 8 A 18 H. (MÁXIMO 30 MINUTOS) ;-3.7257195160;40.4815084710
438774,6800000000;4481891,3200000000;27-11-2013;08  FUENCARRAL-EL PARDO;08-03 PEÑAGRANDE;VALLE DE PINARES LLANOS, CALLE, DEL;27;CargayDescarga;Línea;3;15;Laborables de 8.00 a 17.00 horas excepto carga y descarga en línea.;-3.7224012880;40.4854590730
440084,5000000000;4481109,7100000000;01-01-1900;08  FUENCARRAL-EL PARDO;08-04 EL PILAR;ARTEIJO, PLAZA, DE;1;CargayDescarga;Línea;4;20;Laborables de 09:00 a 20:00 ;-3.7068739030;40.4785143090
439644,1400000000;4480478,7600000000;23-10-2017;08  FUENCARRAL-EL PARDO;08-04 EL PILAR;BETANZOS, AVENIDA, DE;8;CargayDescarga;Línea;3;17,8;Laborables de 08:00 a 14:00 y de 16:30 a 19:00 ;-3.7120087510;40.4727981380
439626,2200000000;4481529,1800000000;13-07-2006;08  FUENCARRAL-EL PARDO;08-04 EL PILAR;FERMIN CABALLERO, CALLE, DE;70;CargayDescarga;Línea;4;19;Laborables de 08:00 a 14:00 y de 16:30 a 19:00 ;-3.7123200960;40.4822599630
439604,9000000000;4480899,6700000000;07-05-2019;08  FUENCARRAL-EL PARDO;08-04 EL PILAR;LA BAÑEZA, CALLE, DE;8;CargayDescarga;Batería;4;12;Laborables de 08:00 a 14:30 ;-3.7125116930;40.4765873370
440124,7000000000;4480871,3700000000;29-04-2008;08  FUENCARRAL-EL PARDO;08-04 EL PILAR;MELCHOR FERNANDEZ ALMAGRO, CALLE, DE;58;CargayDescarga;Línea;2;13,1;Laborables de 08:00 a 14:00 y de 16:30 a 19:00 ;-3.7063770340;40.4763701860
440246,6600000000;4480903,3000000000;01-01-1900;08  FUENCARRAL-EL PARDO;08-04 EL PILAR;MELCHOR FERNANDEZ ALMAGRO, CALLE, DE;50;CargayDescarga;Línea;3;17;Laborables de 08:00 a 14:00 y de 16:30 a 19:00 ;-3.7049413730;40.4766658320
440067,1700000000;4480855,9400000000;01-07-2010;08  FUENCARRAL-EL PARDO;08-04 EL PILAR;MELCHOR FERNANDEZ ALMAGRO, CALLE, DE;62;CargayDescarga;Línea;3;16,4;Laborables de 09:00 a 14:00 y de 16:30 a 20:00 ;-3.7070542700;40.4762268320
439885,5900000000;4480808,0000000000;01-07-2010;08  FUENCARRAL-EL PARDO;08-04 EL PILAR;MELCHOR FERNANDEZ ALMAGRO, CALLE, DE;74;CargayDescarga;Línea;2;11,7;Laborables de 09:00 a 20:00 ;-3.7091918040;40.4757818730
440345,1100000000;4480929,5000000000;18-11-2016;08  FUENCARRAL-EL PARDO;08-04 EL PILAR;MELCHOR FERNANDEZ ALMAGRO, CALLE, DE;42;CargayDescarga;Línea;2;10,4;Laborables de 08:00 a 14:00 y de 16:30 a 19:00 ;-3.7037824520;40.4769097400
440206,7800000000;4481140,4200000000;01-01-1900;08  FUENCARRAL-EL PARDO;08-04 EL PILAR;MONDARIZ, PLAZA, DE;1;CargayDescarga;Línea;5;24;Laborables de 09:00 a 20:00 ;-3.7054342890;40.4787996990
440230,1600000000;4481151,2900000000;20-10-2010;08  FUENCARRAL-EL PARDO;08-04 EL PILAR;MONDARIZ, PLAZA, DE;1;CargayDescarga;Línea;3;16;Laborables de 09:00 a 20:00 ;-3.7051594990;40.4788989920
439583,5700000000;4480863,9500000000;03-07-2019;08  FUENCARRAL-EL PARDO;08-04 EL PILAR;PONFERRADA, CALLE, DE;49;CargayDescarga;Línea;2;12,7;Laborables de lunes a sabado de 08:00 a 16:00 ;-3.7127598980;40.4762641310
439762,5400000000;4480968,6100000000;31-05-2019;08  FUENCARRAL-EL PARDO;08-04 EL PILAR;RIBADEO, PLAZA, DE;3;CargayDescarga;Línea;3;15;Laborables de 09:00 a 20:00 ;-3.7106585760;40.4772199400
439443,8400000000;4480747,5800000000;01-01-1900;08  FUENCARRAL-EL PARDO;08-04 EL PILAR;SARRIA, CALLE, DE;57;CargayDescarga;Batería;4;28,5;Laborables de 08:00 a 14:00 y de 16:30 a 19:00 ;-3.7143971250;40.4752055920
439706,5900000000;4480329,2300000000;25-05-2021;08  FUENCARRAL-EL PARDO;08-04 EL PILAR;SINESIO DELGADO, CALLE, DE;62;CargayDescarga;Batería;3;16;Lab. de lunes a sábado de 7,30 a 14 y de 16 a 19 h. EN LINEA ;-3.7112578320;40.4714562130
439840,2600000000;4481048,0400000000;01-07-2010;08  FUENCARRAL-EL PARDO;08-04 EL PILAR;VERIN, PLAZA, DE;17;CargayDescarga;Línea;2;14,2;Laborables de 09:00 a 20:00 ;-3.7097493490;40.4779409500
441788,2700000000;4481250,8700000000;01-07-2010;08  FUENCARRAL-EL PARDO;08-05 LA PAZ;ARZOBISPO MORCILLO, CALLE, DEL;con Hospital;CargayDescarga;Línea;4;20;Sin tramo horario ;-3.6867875500;40.4799069400
440443,0500000000;4481898,3100000000;14-07-2005;08  FUENCARRAL-EL PARDO;08-05 LA PAZ;FERMIN CABALLERO, CALLE, DE;28 B;CargayDescarga;Línea;3;15;Laborables de 08:00 a 14:00 ;-3.7027181250;40.4856440810
440719,5200000000;4482071,4100000000;05-05-2009;08  FUENCARRAL-EL PARDO;08-05 LA PAZ;FERMIN CABALLERO, CALLE, DE;6;CargayDescarga;Línea;2;9,6;Laborables de 08:00 a 14:00 y de 16:30 a 19:00 ;-3.6994724910;40.4872232100
440667,3200000000;4482023,9200000000;04-03-2014;08  FUENCARRAL-EL PARDO;08-05 LA PAZ;FERMIN CABALLERO, CALLE, DE;12;CargayDescarga;Batería;4;9;Laborables de 08:00 a 14:00 y de 16:30 a 19:00 ;-3.7000839520;40.4867912000
440340,5400000000;4481148,6700000000;06-07-2021;08  FUENCARRAL-EL PARDO;08-05 LA PAZ;GINZO DE LIMIA, CALLE, DE;52;CargayDescarga;Línea;3;7,5;Lab. de lunes a sabado 8 a 14.30  EXCEPTO CARGA Y DESCARGA;-3.7038570510;40.4788830640
441117,8300000000;4481562,3200000000;26-02-1997;08  FUENCARRAL-EL PARDO;08-05 LA PAZ;JULIO PALACIOS, CALLE, DE;19;CargayDescarga;Batería;3;7;Laborables de 07:00 a 12:00 ;-3.6947257080;40.4826648150
440622,8100000000;4480988,8300000000;01-12-2014;08  FUENCARRAL-EL PARDO;08-05 LA PAZ;MELCHOR FERNANDEZ ALMAGRO, CALLE, DE;33;CargayDescarga;Línea;5;18,9;Laborables de 08:00 a 14:00 y de 16:30 a 19:00 ;-3.7005121230;40.4774641340
440368,7400000000;4481205,4300000000;23-04-2021;08  FUENCARRAL-EL PARDO;08-05 LA PAZ;MONFORTE DE LEMOS, AVENIDA, DE;97;CargayDescarga;Línea;4;19,7;Laborables de 08:00 a 17:00 ;-3.7035297200;40.4793967780
440457,8500000000;4481738,7800000000;14-07-2005;08  FUENCARRAL-EL PARDO;08-05 LA PAZ;SANGENJO, CALLE, DE;12;CargayDescarga;Línea;3;15,1;Laborables de 08:00 a 14:00 ;-3.7025285340;40.4842078480
440583,0600000000;4481803,8300000000;07-03-2007;08  FUENCARRAL-EL PARDO;08-05 LA PAZ;SANGENJO, CALLE, DE;16;CargayDescarga;Línea;3;15;Laborables de 08:00 a 14:00 y de 16:30 a 19:00 ;-3.7010573500;40.4848028070
440732,3600000000;4480934,4400000000;21-12-2021;08  FUENCARRAL-EL PARDO;08-05 LA PAZ;VILLA DE MARIN, CALLE, DE LA;25;CargayDescarga;Batería;4;13,8;lab. de 8 a 17 h. (en línea);-3.6992146030;40.4769812450
441607,3900000000;4482494,0400000000;03-12-2015;08  FUENCARRAL-EL PARDO;08-06 VALVERDE;CARDENAL HERRERA ORIA, AVENIDA, DEL;21;CargayDescarga;Línea;3;14;LABORABLES DE 8 A 14h Y DE 16.30 A 19 h. EXCEPTO CARGA Y DESCARGA.;-3.6890360080;40.4910930810
441537,8500000000;4482846,9700000000;27-11-2017;08  FUENCARRAL-EL PARDO;08-06 VALVERDE;DIVINA PASTORA, CALLE, DE LA;13;CargayDescarga;Línea;1;6,2;DE LUNES A VIERNES DE 8 A 18 H. EXCEPTO CARGA Y DESCARGA;-3.6898888550;40.4942676110
441737,2400000000;4482754,9500000000;21-09-2004;08  FUENCARRAL-EL PARDO;08-06 VALVERDE;DOCTOR JUAN BRAVO, CALLE, DEL;7;CargayDescarga;Línea;2;12;;-3.6875277540;40.4934529230
442470,4800000000;4484695,5700000000;06-04-2006;08  FUENCARRAL-EL PARDO;08-06 VALVERDE;FEDERICO MOMPOU, CALLE, DE;4;CargayDescarga;Línea;3;15;;-3.6790520460;40.5109851450
442487,5500000000;4484638,5000000000;05-11-2020;08  FUENCARRAL-EL PARDO;08-06 VALVERDE;FEDERICO MOMPOU, CALLE, DE;2;CargayDescarga;Línea;2;10,1;LABORABLES DE 8 A 14 H. EXCEPTO CARGA Y DESCARGA;-3.6788453800;40.5104728060
443630,4800000000;4483398,5300000000;13-02-2017;08  FUENCARRAL-EL PARDO;08-06 VALVERDE;FORESTA, CALLE, DE LA;S/N;CargayDescarga;Línea;6;30;LABORABLES DE LUNES A VIERNES DE 8 A 20H. EXCEPTO CARGA Y DESCARGA;-3.6652453680;40.4993810880
442647,4100000000;4484991,3100000000;14-12-2020;08  FUENCARRAL-EL PARDO;08-06 VALVERDE;FUENCARRAL A ALCOBENDAS, CARRETERA, DE;14;CargayDescarga;Línea;4;20;DE LUNES A VIERNES DE 9 A 14 H. Y DE 16 A 20 H.;-3.6769906590;40.5136620610
441456,5600000000;4483554,3700000000;14-12-2020;08  FUENCARRAL-EL PARDO;08-06 VALVERDE;INGENIOSO HIDALGO, RONDA, DEL;33;CargayDescarga;Línea;2;10,6;DE LUNES A SÁBADOS DE 8 A 14:30 H. EXCEPTO CARGA Y DESCARGA;-3.6909134190;40.5006340320
441845,1400000000;4482641,9100000000;12-12-2013;08  FUENCARRAL-EL PARDO;08-06 VALVERDE;ISLA DE JAVA, CALLE, DE LA;84;CargayDescarga;Batería;2;9;Laborables de 8 a 11.30 h. excepto carga y descarga en línea.;-3.6862442140;40.4924415380
441640,2600000000;4482451,3400000000;01-07-2011;08  FUENCARRAL-EL PARDO;08-06 VALVERDE;LEZAMA, CALLE, DE;13;CargayDescarga;Línea;3;15;;-3.6886441050;40.4907110330
441938,2600000000;4481826,2700000000;01-01-1900;08  FUENCARRAL-EL PARDO;08-06 VALVERDE;LLANO CASTELLANO, AVENIDA, DEL;11;CargayDescarga;Línea;7;34,6;EXCEPTO CARGA Y DESCARGAMERCADO;-3.6850706240;40.4851010890
441813,4700000000;4483260,2800000000;27-04-2006;08  FUENCARRAL-EL PARDO;08-06 VALVERDE;NUESTRA SEÑORA DE VALVERDE, CALLE, DE;130;CargayDescarga;Línea;3;15;;-3.6866746770;40.4980098280
443299,5600000000;4482972,5800000000;19-09-2018;08  FUENCARRAL-EL PARDO;08-06 VALVERDE;PUERTO DE SOMPORT, CALLE, DEL;Fte 23;CargayDescarga;Línea;8;40,1; DE LUNES A VIERNES DE 8 A 20 H. Y SABADOS DE 8 A 15H. EXCEPTO CARGA Y DESCARGA;-3.6691123740;40.4955215870
443223,7400000000;4483904,3400000000;13-06-2018;08  FUENCARRAL-EL PARDO;08-06 VALVERDE;SAN MILLAN DE LA COGOLLA, PASEO, DE;S/N;CargayDescarga;Línea;2;10;DE LUNES A SABADO DE 8 A 14.30 H EXCEPTO CARGA Y DESCARGA;-3.6700905850;40.5039099180
441341,5500000000;4481879,0800000000;26-03-2012;08  FUENCARRAL-EL PARDO;08-06 VALVERDE;SAN MODESTO, CALLE, DE;34;CargayDescarga;Línea;1;7;LABORABLES DE 8 A 11 H. EXCEPTO CARGA Y DESCARGA. MÁXIMO 30 MINUTOS;-3.6921155410;40.4855347600
443071,7700000000;4484302,6400000000;27-12-2016;08  FUENCARRAL-EL PARDO;08-06 VALVERDE;VILORIA DE LA RIOJA, CALLE, DE;52 A;CargayDescarga;Línea;1;12;;-3.6719197530;40.5074870080
441562,2500000000;4482014,5600000000;29-03-2005;08  FUENCARRAL-EL PARDO;08-06 VALVERDE;VIRGEN DE ARANZAZU, CALLE, DE LA;26;CargayDescarga;Línea;3;15;;-3.6895242250;40.4867706300
438503,1300000000;4481993,0800000000;21-07-2010;08  FUENCARRAL-EL PARDO;08-07 MIRASIERRA;CERRO DE LA CARRASQUETA, CALLE, DEL;136;CargayDescarga;Línea;2;12;LABORABLES DE 8 A 11 H.Y DE 17 A 18:30 H. EXCEPTOCARGA Y DESCARGA;-3.7256148940;40.4863564970
439197,4100000000;4482046,3000000000;01-08-2002;08  FUENCARRAL-EL PARDO;08-07 MIRASIERRA;CERRO MINGUETE, CALLE, DEL;10;CargayDescarga;Línea;3;15,1;;-3.7174287020;40.4868869410
439129,6800000000;4482034,0600000000;01-07-2010;08  FUENCARRAL-EL PARDO;08-07 MIRASIERRA;CERRO MINGUETE, CALLE, DEL;7 A;CargayDescarga;Línea;3;15;;-3.7182266600;40.4867714900
439004,0700000000;4482049,3300000000;17-09-2014;08  FUENCARRAL-EL PARDO;08-07 MIRASIERRA;CERRO MINGUETE, CALLE, DEL;16 F;CargayDescarga;Línea;2;10;LAB DE 8 A 14 H Y DE 16.30 A 19 H EXCEPTO CARGA Y DESCARGA;-3.7197100480;40.4868994890
439261,7400000000;4482906,7400000000;07-09-2015;08  FUENCARRAL-EL PARDO;08-07 MIRASIERRA;COLLADO DE TIROBARRA, CALLE, DEL;9;CargayDescarga;Línea;2;8,7;;-3.7167520960;40.4946429560
440284,9200000000;4483142,8700000000;03-03-2008;08  FUENCARRAL-EL PARDO;08-07 MIRASIERRA;COSTA BRAVA, CALLE, DE LA;S/N;CargayDescarga;Línea;3;15;;-3.7047010180;40.4968441450
438537,8300000000;4482020,2900000000;10-05-2011;08  FUENCARRAL-EL PARDO;08-07 MIRASIERRA;PEÑA DEL AGUILA, CALLE, DE LA;6;CargayDescarga;Línea;7;34,4;;-3.7252082090;40.4866041290
440558,2400000000;4482472,3700000000;18-11-2011;08  FUENCARRAL-EL PARDO;08-07 MIRASIERRA;PEÑA DEL SOL, CALLE, DE LA;30;CargayDescarga;Línea;3;15;;-3.7014129270;40.4908238480
439290,2800000000;4482184,6200000000;04-06-2019;08  FUENCARRAL-EL PARDO;08-07 MIRASIERRA;VENTISQUERO DE LA CONDESA, AVENIDA, DEL;20;CargayDescarga;Línea;4;22,8;LABORABLES DE LUNES A VIERNES E 8.30 A 20.30 H Y SÁBADOS DE 8 A 15 H EXCEPTO CARGA Y DESCARGA;-3.7163462130;40.4881391970
440663,4100000000;4483962,3100000000;12-06-2018;08  FUENCARRAL-EL PARDO;08-08 EL GOLOSO;MONASTERIO DE EL ESCORIAL, AVENIDA, DEL;41 A;CargayDescarga;Línea;2;10;DE LUNES A SABADO DE 8 A 14.30 H EXCEPTO CARGA Y DESCARGA;-3.7003115880;40.5042523750
440460,7900000000;4483931,4700000000;25-05-2016;08  FUENCARRAL-EL PARDO;08-08 EL GOLOSO;MONASTERIO DE MONTESCLAROS, CALLE, DEL;7 B;CargayDescarga;Batería;1;15;DE LUNES A SÁBADO DE 8:00 H. A 15:00 H. EXCEPTO CARGAY DESCARGA EN LÍNEA;-3.7026998480;40.5039606820
441180,4900000000;4484274,6100000000;07-03-2017;08  FUENCARRAL-EL PARDO;08-08 EL GOLOSO;MONASTERIO DE SILOS, AVENIDA, DEL;73;CargayDescarga;Línea;3;7;LABORABLES DE LUNES A VIERNES DE 8.30 A 20.30 H Y SÁBADOS DE 8 A 15 H EXCEPTO CARGA Y DESCARGA EN LÍNEA;-3.6942382350;40.5071026110
438613,1500000000;4474928,6900000000;22-04-2010;09  MONCLOA-ARAVACA;09-01 CASA DE CAMPO;ANICETO MARINAS, CALLE, DE;38;CargayDescarga;Línea;4;21;Laborables de 8 a 14 h. y de 17 a 20 h. Excepto CARGA Y DESCARGA;-3.7236337780;40.4227258660
437667,9600000000;4476053,9000000000;27-05-2019;09  MONCLOA-ARAVACA;09-01 CASA DE CAMPO;ANICETO MARINAS, CALLE, DE;116;CargayDescarga;Línea;2;8;LABORABLES DE 8 A 17 EXCEPTO CARGA Y DESCARGA;-3.7348853510;40.4327918750
438560,0400000000;4475033,9300000000;13-08-2002;09  MONCLOA-ARAVACA;09-01 CASA DE CAMPO;FLORIDA, PASEO, DE LA;49;CargayDescarga;Línea;3;15,1;LAB. DE 8 A 14 H. Y DE 16,30 A 19 H. EXCEPTO CARGA Y DESCARGA;-3.7242699900;40.4236697000
438571,4200000000;4475051,3100000000;22-04-2002;09  MONCLOA-ARAVACA;09-01 CASA DE CAMPO;FLORIDA, PASEO, DE LA;22;CargayDescarga;Línea;2;10,4;LAB. DE 8 A 14 H. Y DE 16,30 A 19 H. EXCEPTO CARGA Y DESCARGA;-3.7241375800;40.4238269190
438707,8200000000;4474870,0000000000;08-05-2007;09  MONCLOA-ARAVACA;09-01 CASA DE CAMPO;FLORIDA, PASEO, DE LA;27;CargayDescarga;Línea;3;15,1;Lab. de 9 a 20 h.excepto: CARGA Y DESCARGA;-3.7225122130;40.4222035580
438848,8700000000;4474755,3700000000;08-05-2007;09  MONCLOA-ARAVACA;09-01 CASA DE CAMPO;FLORIDA, PASEO, DE LA;Fte 3;CargayDescarga;Línea;6;28,8;LAB. DE 8 A 14H. Y DE 16,30 A 19 H. EXCEPTO: CARGA Y DESCARGA;-3.7208386030;40.4211818600
438802,3100000000;4474765,0500000000;15-06-2012;09  MONCLOA-ARAVACA;09-01 CASA DE CAMPO;FLORIDA, PASEO, DE LA;11;CargayDescarga;Línea;3;17;LABORABLES DE 3 AM. A 4 AM. Y DE 9 AM. A 11 AM. EXCEPTO CARGA Y DESCARGA;-3.7213883560;40.4212653970
437842,2900000000;4475889,6900000000;16-10-2015;09  MONCLOA-ARAVACA;09-01 CASA DE CAMPO;LOECHES, CALLE, DE;3;CargayDescarga;Línea;2;12;LAB. DE 8 A 20 H. EXCEPTO CARGA Y DESCARGA;-3.7328141090;40.4313256190
437826,9300000000;4475446,0700000000;01-01-1900;09  MONCLOA-ARAVACA;09-01 CASA DE CAMPO;MELCHOR CANO, CALLE, DE;1;CargayDescarga;Línea;3;14,9;Lab. de 9 a 20 h.excepto: CARGA Y DESCARGA;-3.7329517330;40.4273277490
438861,7800000000;4476231,9600000000;18-02-2008;09  MONCLOA-ARAVACA;09-01 CASA DE CAMPO;MORET, PASEO, DE;Fte 1;CargayDescarga;Línea;3;13,9;LAB. DE 6 A 12 H.EXCEPTO CARGA Y DESCARGA;-3.7208285190;40.4344839920
438806,7800000000;4474891,6000000000;09-10-2019;09  MONCLOA-ARAVACA;09-01 CASA DE CAMPO;MOZART, CALLE, DE;3;CargayDescarga;Línea;1;12,03;LABORABLES DE 9 A 17 HORAS EXCEPTO CARGA Y DESCARGA;-3.7213479050;40.4224052390
438785,2800000000;4474914,9800000000;23-10-2019;09  MONCLOA-ARAVACA;09-01 CASA DE CAMPO;MOZART, CALLE, DE;5;CargayDescarga;Línea;3;15;LABORABLES DE 9 A 17 H. EXCEPTO CARGA Y DESCARGA;-3.7216036160;40.4226149420
438628,9400000000;4475275,9400000000;18-08-2003;09  MONCLOA-ARAVACA;09-01 CASA DE CAMPO;REY, PASEO, DEL;36;CargayDescarga;Línea;2;10;EXCEPTO CARGA Y DESCARGA;-3.7234811990;40.4258545600
438263,5200000000;4475057,0100000000;28-05-2003;09  MONCLOA-ARAVACA;09-01 CASA DE CAMPO;SAN POL DE MAR, CALLE, DE;8;CargayDescarga;Batería;2;6;;-3.7277674960;40.4238553380
438296,2700000000;4475339,7600000000;10-02-1995;09  MONCLOA-ARAVACA;09-01 CASA DE CAMPO;VALLADOLID, AVENIDA, DE;13;CargayDescarga;Línea;3;15;LABORABLES DE 9 A 20 H. EXCEPTO CARGA Y DESCARGA;-3.7274087680;40.4264055730
438903,5400000000;4475772,6500000000;01-01-1900;09  MONCLOA-ARAVACA;09-02 ARGÜELLES;ALTAMIRANO, CALLE, DE;38;CargayDescarga;Línea;3;15;LAB. DE 8 A 14 H. Y DE 16,30 A 19 H.EXCEPTO CARGA Y DESCARGA;-3.7202921160;40.4303501590
438985,5700000000;4475816,0700000000;01-01-1900;09  MONCLOA-ARAVACA;09-02 ARGÜELLES;ALTAMIRANO, CALLE, DE;28;CargayDescarga;Línea;3;15;LAB. DE 8 A 14 H. YDE 16,30 A 19 H.EXCEPTO CARGA YDESCARGA;-3.7193292030;40.4307471610
439111,7000000000;4475874,6200000000;07-01-2004;09  MONCLOA-ARAVACA;09-02 ARGÜELLES;ALTAMIRANO, CALLE, DE;7;CargayDescarga;Línea;6;30,9;LAB. DE 8 A 14 H. Y DE 16,30 A 19 H. EXCEPTO CARGA Y DESCARGA;-3.7178479350;40.4312832200
439157,3100000000;4475907,3100000000;01-01-1900;09  MONCLOA-ARAVACA;09-02 ARGÜELLES;ALTAMIRANO, CALLE, DE;2;CargayDescarga;Línea;3;15;LAB. DE 8 A 14 H. Y DE 16,30 A 19 H.EXCEPTO CARGA Y DESCARGA.;-3.7173132510;40.4315815590
439255,6100000000;4474775,1900000000;12-07-2000;09  MONCLOA-ARAVACA;09-02 ARGÜELLES;ARRIAZA, CALLE, DE;12;CargayDescarga;Línea;2;13,2;LABORABLES DE 8 A 14 H. Y DE 16,30 A 19 H. EXCEPTO CARGA Y DESCARGA;-3.7160463840;40.4213901300
439056,2600000000;4475948,8000000000;01-01-1900;09  MONCLOA-ARAVACA;09-02 ARGÜELLES;BENITO GUTIERREZ, CALLE, DE;10;CargayDescarga;Línea;3;15,2;LAB. DE 8 A 14 H. Y DE 16,30 A 19 H. EXCEPTO CARGA Y DESCARGA;-3.7185084980;40.4319476790
438857,3600000000;4475833,5000000000;01-01-1900;09  MONCLOA-ARAVACA;09-02 ARGÜELLES;BENITO GUTIERREZ, CALLE, DE;35;CargayDescarga;Línea;3;18;LABORABLES DE 8 A 14 H. EXCEPTO CARGA Y DESCARGA;-3.7208422700;40.4308940670
439120,6400000000;4475975,1600000000;20-12-2005;09  MONCLOA-ARAVACA;09-02 ARGÜELLES;BENITO GUTIERREZ, CALLE, DE;1;CargayDescarga;Línea;4;19,6;LAB. DE 8 A 14 H. YDE 16,30 A 19 H.EXCEPTO CARGA YDESCARGA;-3.7177521940;40.4321902700
439047,9000000000;4475558,9800000000;14-02-2006;09  MONCLOA-ARAVACA;09-02 ARGÜELLES;BUEN SUCESO, CALLE, DEL;15;CargayDescarga;Línea;3;15;lab. de 7 a 20 hexcepto: CARGA Y DESCARGA;-3.7185697480;40.4284356770
439157,5300000000;4475620,5300000000;01-01-1900;09  MONCLOA-ARAVACA;09-02 ARGÜELLES;BUEN SUCESO, CALLE, DEL;7;CargayDescarga;Línea;3;14,9;LAB. DE 8 A 14 H. YDE 16,30 A 19 H.EXCEPTO CARGA YDESCARGA;-3.7172832280;40.4289983790
439232,7500000000;4475662,4000000000;05-01-2006;09  MONCLOA-ARAVACA;09-02 ARGÜELLES;BUEN SUCESO, CALLE, DEL;1;CargayDescarga;Línea;4;21;Lab. de 9 a 20 h. excepto: [CARGA Y DESCARGA];-3.7164005870;40.4293803700
439248,9400000000;4475681,4900000000;12-08-2005;09  MONCLOA-ARAVACA;09-02 ARGÜELLES;BUEN SUCESO, CALLE, DEL;6;CargayDescarga;Línea;3;15;LABORABLES DE 8 A 20 H.EXCEPTO CARGA Y DESCARGA;-3.7162116250;40.4295534030
439411,2700000000;4474797,7500000000;26-04-2011;09  MONCLOA-ARAVACA;09-02 ARGÜELLES;CADARSO, CALLE, DE;1;CargayDescarga;Línea;3;16,3;LABORABLES DE  9 A 20 H EXCEPTO CARGA Y DESCARGA;-3.7142136640;40.4216042440
439352,3900000000;4474925,4900000000;08-04-2011;09  MONCLOA-ARAVACA;09-02 ARGÜELLES;ESPAÑA, PLAZA, DE;14;CargayDescarga;Línea;2;10;LABORABLES DE 8 A 14 H. Y DE 16,30 A 19 H. EXCEPTO CARGA Y DESCARGA;-3.7149199490;40.4227513060
439115,2800000000;4474782,2700000000;01-01-1900;09  MONCLOA-ARAVACA;09-02 ARGÜELLES;ESTANISLAO FIGUERAS, CALLE, DE;4;CargayDescarga;Línea;2;12,8;laborables de 8 a 14 h.y de 16,30 a 19 h. exceptocarga y descarga;-3.7177011440;40.4214434150
439334,3200000000;4475392,8900000000;15-12-2020;09  MONCLOA-ARAVACA;09-02 ARGÜELLES;EVARISTO SAN MIGUEL, CALLE, DE;8;CargayDescarga;Línea;1;9,5;LABORABLES DE 8  A 14 H. EXCEPTO CARG AY DESCARGA;-3.7151774940;40.4269604830
439184,3600000000;4475251,6500000000;01-01-1900;09  MONCLOA-ARAVACA;09-02 ARGÜELLES;FERRAZ, CALLE, DE;3;CargayDescarga;Línea;3;15,7;LAB. DE 8 A 14 H. Y DE 16,30 A 19 H. EXCEPTO CARGA Y DESCARGA;-3.7169317760;40.4256767710
439114,6700000000;4475345,8300000000;10-02-1999;09  MONCLOA-ARAVACA;09-02 ARGÜELLES;FERRAZ, CALLE, DE;13;CargayDescarga;Línea;2;11,2;LAB. DE 9 A 14 H. Y DE16,30 A 20 H. EXCEPTOCARGA Y DESCARGA;-3.7177623350;40.4265203370
439255,6800000000;4475174,8700000000;13-07-1995;09  MONCLOA-ARAVACA;09-02 ARGÜELLES;FERRAZ, CALLE, DE;22;CargayDescarga;Línea;2;12;lab. de 8 a 14 h y de 16.30 a 19 h excepto: [CARGA Y DESCARGA];-3.7160837410;40.4249908260
439398,5300000000;4474978,8700000000;13-01-2017;09  MONCLOA-ARAVACA;09-02 ARGÜELLES;FERRAZ, CALLE, DE;2;CargayDescarga;Línea;1;7;LABORABLES DE LUNES A VIERNES DE 8 A 15 H EXCEPTO CARGA Y DESCARGA.;-3.7143811400;40.4232348820
438779,4200000000;4475826,1300000000;20-09-2019;09  MONCLOA-ARAVACA;09-02 ARGÜELLES;FERRAZ, CALLE, DE;96;CargayDescarga;Línea;2;10;LAB. DE 8 A 14 H. Y DE 16,30 A 19 H .EXCEPTO CARGA Y DESCARGA;-3.7217603200;40.4308222760
439017,7400000000;4475480,1100000000;06-05-2017;09  MONCLOA-ARAVACA;09-02 ARGÜELLES;FERRAZ, CALLE, DE;27;CargayDescarga;Línea;1;10;LABORABLES DE LUNES A VIERNES DE 8:30 A 20:30 H. Y SÁBADOS DE 8 A 15 H. EXCEPTO CARGA Y DESCARGA;-3.7189177050;40.4277226310
438869,8300000000;4475681,7500000000;01-01-1900;09  MONCLOA-ARAVACA;09-02 ARGÜELLES;FERRAZ, CALLE, DE;47;CargayDescarga;Línea;3;16,4;LAB. DE 8 A 14 H. YDE 16,30 A 19 H.EXCEPTO CARGA YDESCARGA;-3.7206806960;40.4295285370
438834,8100000000;4475750,7900000000;17-09-2007;09  MONCLOA-ARAVACA;09-02 ARGÜELLES;FERRAZ, CALLE, DE;86;CargayDescarga;Línea;1;15,3;LAB. DE 9 A 20 H. EXCEPTO: CARGA Y DESCARGA;-3.7211001580;40.4301478470
438693,6600000000;4475923,9600000000;01-01-1900;09  MONCLOA-ARAVACA;09-02 ARGÜELLES;FERRAZ, CALLE, DE;71;CargayDescarga;Línea;1;15;lab. de 9 a 20 h. excepto: [carga y descarga] ;-3.7227808730;40.4316970680
439145,2400000000;4474751,3200000000;09-03-2001;09  MONCLOA-ARAVACA;09-02 ARGÜELLES;ILUSTRACION, CALLE, DE LA;15;CargayDescarga;Línea;2;12,9;laborables de 8 a 14 h. y de 16,30 a 19 h. excepto carga y descarga;-3.7173450500;40.4211666760
438831,2700000000;4475900,1200000000;08-02-2006;09  MONCLOA-ARAVACA;09-02 ARGÜELLES;JUAN ALVAREZ MENDIZABAL, CALLE, DE;101;CargayDescarga;Línea;3;15;LAB. DE 8 A 14 H. Y DE 16,30 A 19 H. EXCEPTO CARGA Y DESCARGA ;-3.7211563080;40.4314930370
438928,9300000000;4475760,6500000000;01-01-1900;09  MONCLOA-ARAVACA;09-02 ARGÜELLES;JUAN ALVAREZ MENDIZABAL, CALLE, DE;83;CargayDescarga;Línea;2;12,1;LAB. DE 8 A 14 H. Y DE 16,30 A 19 H.EXCEPTO CARGA YDESCARGA;-3.7199916000;40.4302431870
438958,2100000000;4475719,3400000000;01-01-1900;09  MONCLOA-ARAVACA;09-02 ARGÜELLES;JUAN ALVAREZ MENDIZABAL, CALLE, DE;77;CargayDescarga;Línea;3;18,1;LAB. DE 8 A 14 H. YDE 16,30 A 19 H.EXCEPTO CARGA YDESCARGA;-3.7196424960;40.4298732860
438992,8100000000;4475670,8800000000;01-01-1900;09  MONCLOA-ARAVACA;09-02 ARGÜELLES;JUAN ALVAREZ MENDIZABAL, CALLE, DE;75;CargayDescarga;Línea;3;14,9;lab. de 9 a 20 h.excepto: CARGA Y DESCARGA;-3.7192298520;40.4294390980
439135,8000000000;4475465,1100000000;01-01-1900;09  MONCLOA-ARAVACA;09-02 ARGÜELLES;JUAN ALVAREZ MENDIZABAL, CALLE, DE;53;CargayDescarga;Línea;3;14,6;lab. de 9 a 20 h.excepto: CARGA Y DESCARGA;-3.7175245580;40.4275964660
439199,1100000000;4475374,7400000000;01-01-1900;09  MONCLOA-ARAVACA;09-02 ARGÜELLES;JUAN ALVAREZ MENDIZABAL, CALLE, DE;41;CargayDescarga;Línea;2;13;lab. de 9 a 20 h.excepto: CARGA Y DESCARGA;-3.7167696860;40.4267867620
439326,2100000000;4475193,2100000000;01-01-1900;09  MONCLOA-ARAVACA;09-02 ARGÜELLES;JUAN ALVAREZ MENDIZABAL, CALLE, DE;23;CargayDescarga;Línea;4;18,6;lab. de 9 a 20 h.excepto: CARGA Y DESCARGA;-3.7152540980;40.4251605360
439264,2400000000;4475293,3100000000;25-10-2012;09  MONCLOA-ARAVACA;09-02 ARGÜELLES;JUAN ALVAREZ MENDIZABAL, CALLE, DE;38;CargayDescarga;Línea;3;15;lab. de 8 a 14 h y de 16.30 a 19 h excepto: [CARGA Y DESCARGA];-3.7159940730;40.4260581890
439350,4500000000;4475262,0600000000;01-01-1900;09  MONCLOA-ARAVACA;09-02 ARGÜELLES;LUISA FERNANDA, CALLE, DE;15;CargayDescarga;Línea;3;14,2;lab. de 8 a 14 hy de 16.30 a 19 hexcepto:[CARGA YDESCARGA];-3.7149748960;40.4257826540
438814,2100000000;4475636,1000000000;02-06-1997;09  MONCLOA-ARAVACA;09-02 ARGÜELLES;MARQUES DE URQUIJO, CALLE, DEL;44;CargayDescarga;Línea;3;14;LAB. DE 9 A 14 H. Y DE 16,30 A 20 H.EXCEPTO CARGA Y DESCARGA;-3.7213319200;40.4291130280
439077,2800000000;4475705,7000000000;01-01-1900;09  MONCLOA-ARAVACA;09-02 ARGÜELLES;MARTIN DE LOS HEROS, CALLE, DE;69;CargayDescarga;Línea;2;10;lab. de 9 a 20 h.excepto: CARGA Y DESCARGA;-3.7182374320;40.4297597260
438950,1500000000;4475907,5900000000;01-01-1900;09  MONCLOA-ARAVACA;09-02 ARGÜELLES;MARTIN DE LOS HEROS, CALLE, DE;78;CargayDescarga;Línea;2;11,8;LAB. DE 8 A 14 H. YDE 16,30 A 19 H.EXCEPTO CARGA Y DESCARGA;-3.7197555410;40.4315688400
438963,4500000000;4475875,0000000000;01-01-1900;09  MONCLOA-ARAVACA;09-02 ARGÜELLES;MARTIN DE LOS HEROS, CALLE, DE;89;CargayDescarga;Línea;2;13,4;LAB. DE 8 A 14 H. Y DE 16,30 A 19 H. EXCEPTO CARGA Y DESCARGA;-3.7195956290;40.4312764020
439418,1200000000;4475186,1000000000;01-01-1900;09  MONCLOA-ARAVACA;09-02 ARGÜELLES;MARTIN DE LOS HEROS, CALLE, DE;15;CargayDescarga;Línea;2;13,1;lab. de 8 a 14 h y de 16.30 a 19 hexcepto: [CARGA Y DESCARGA];-3.7141700050;40.4251031260
439379,3000000000;4475244,6100000000;15-03-2000;09  MONCLOA-ARAVACA;09-02 ARGÜELLES;MARTIN DE LOS HEROS, CALLE, DE;25;CargayDescarga;Línea;2;12,9;LABORABLES DE 8 A 14 H. EXCEPTO CARGA Y DESCARGA;-3.7146331840;40.4256281270
439446,3100000000;4475142,6100000000;19-08-2009;09  MONCLOA-ARAVACA;09-02 ARGÜELLES;MARTIN DE LOS HEROS, CALLE, DE;13;CargayDescarga;Línea;4;20,2;PERMITIDO CARGA Y DESCARGA DE LUNESA VIERNES DE 8 A 12 H.;-3.7138335070;40.4247138010
439197,7800000000;4475868,5900000000;19-10-2017;09  MONCLOA-ARAVACA;09-02 ARGÜELLES;PRINCESA, CALLE, DE LA;63;CargayDescarga;Línea;2;14;LABORABLES DE LUNES A VIERNES DE 8.30 A 20.30 Y SÁBADOS DE 8 A 15 H. EXCEPTO CARGA Y DESCARGA ;-3.7168325400;40.4312357220
439186,3500000000;4475511,7400000000;01-01-1900;09  MONCLOA-ARAVACA;09-02 ARGÜELLES;QUINTANA, CALLE, DE;9;CargayDescarga;Línea;2;10,5;lab. de 9 a 20 h.excepto: CARGA Y DESCARGA;-3.7169331510;40.4280200540
439252,8600000000;4475560,9600000000;01-01-1900;09  MONCLOA-ARAVACA;09-02 ARGÜELLES;QUINTANA, CALLE, DE;4;CargayDescarga;Línea;2;12,6;LABORABLES DE 8 A 14 H. EXCEPTO CARGA Y DESCARGA;-3.7161538140;40.4284683360
439025,5300000000;4475421,4500000000;01-01-1900;09  MONCLOA-ARAVACA;09-02 ARGÜELLES;QUINTANA, CALLE, DE;23;CargayDescarga;Línea;3;14;lab. de 9 a 14 h y de 16.30 a 19 hexcepto:CARGA Y DESCARGA;-3.7188202450;40.4271947650
439107,6400000000;4475479,7000000000;01-01-1900;09  MONCLOA-ARAVACA;09-02 ARGÜELLES;QUINTANA, CALLE, DE;20;CargayDescarga;Línea;3;16,4;lab. de 9 a 20 h.excepto: CARGA Y DESCARGA;-3.7178579620;40.4277255530
439303,4000000000;4474688,5200000000;05-04-2013;09  MONCLOA-ARAVACA;09-02 ARGÜELLES;SAN VICENTE, CUESTA, DE;22;CargayDescarga;Batería;5;12,4;LAB. DE 8 A 14 H. Y DE 16,30 A 19 H. EXCEPTO CARGA Y DESCARGA;-3.7154747440;40.4206127980
439058,1700000000;4475921,3700000000;01-01-1900;09  MONCLOA-ARAVACA;09-02 ARGÜELLES;TUTOR, CALLE, DEL;62;CargayDescarga;Línea;3;15,1;LAB. DE 8 A 14 H. Y DE 16,30 A 19 H. EXCEPTO CARGA Y DESCARGA;-3.7184834600;40.4317006200
439164,8000000000;4475741,8100000000;01-01-1900;09  MONCLOA-ARAVACA;09-02 ARGÜELLES;TUTOR, CALLE, DEL;42;CargayDescarga;Línea;2;13,06;LABORABLES DE 8 A 14 H. EXCEPTO CARGA Y DESCARGA;-3.7172091450;40.4300914110
439099,4500000000;4475849,7900000000;01-01-1900;09  MONCLOA-ARAVACA;09-02 ARGÜELLES;TUTOR, CALLE, DEL;52;CargayDescarga;Línea;3;17,7;EXCEPTO CARGA Y DESCARGA Y RECOGIDA BASURAS MERCADO;-3.7179899720;40.4310593080
439132,1900000000;4475781,3100000000;03-09-2010;09  MONCLOA-ARAVACA;09-02 ARGÜELLES;TUTOR, CALLE, DEL;45;CargayDescarga;Línea;3;16,29;LAB. DE 8 A 14 H. Y DE 16,30 A 19 H. EXCEPTO CARGA Y DESCARGA;-3.7175973240;40.4304444670
439253,7500000000;4475594,0700000000;14-02-2022;09  MONCLOA-ARAVACA;09-02 ARGÜELLES;TUTOR, CALLE, DEL;28;CargayDescarga;Línea;2;12;LABORABLES DE 8 A 10 H. Y DE 17 A 19 H. EXCEPTO CARGA Y DESCARGA;-3.7161465370;40.4287663890
439407,1000000000;4475108,2300000000;01-01-1900;09  MONCLOA-ARAVACA;09-02 ARGÜELLES;VENTURA RODRIGUEZ, CALLE, DE;15;CargayDescarga;Línea;4;21,8;lab. de 8 a 14 hy de 16.30 a 19 hexcepto:[CARGA YDESCARGA];-3.7142924460;40.4244007370
439459,7900000000;4475225,3100000000;25-04-2011;09  MONCLOA-ARAVACA;09-02 ARGÜELLES;VENTURA RODRIGUEZ, CALLE, DE;6;CargayDescarga;Línea;5;25;LABORABLES DE 8 A 14H Y DE 16.30 A 19 H. EXCEPTO CARGA Y DESCARGA;-3.7136824750;40.4254594480
439388,1500000000;4475066,6200000000;28-09-2021;09  MONCLOA-ARAVACA;09-02 ARGÜELLES;VENTURA RODRIGUEZ, CALLE, DE;24;CargayDescarga;Línea;2;12;LABORABLES DE 8 A 11 H. EXCEPTO CARGA Y DESCARGA;-3.7145118890;40.4240245900
439349,1700000000;4477851,4600000000;02-09-2014;09  MONCLOA-ARAVACA;09-03 CIUDAD UNIVERSITARIA;ALMANSA, CALLE, DE;103;CargayDescarga;Línea;2;10;Laborables de 08:00 a 15:00 ;-3.7152371390;40.4491095420
439735,4700000000;4477895,0100000000;19-04-2021;09  MONCLOA-ARAVACA;09-03 CIUDAD UNIVERSITARIA;ALMANSA, CALLE, DE;77 B;CargayDescarga;Batería;5;14,6;Laborables de 08:00 a 14:00 y de 16:30 a 19:00 ;-3.7106860780;40.4495291760
439592,1800000000;4477580,5800000000;02-09-2014;09  MONCLOA-ARAVACA;09-03 CIUDAD UNIVERSITARIA;ESTUDIANTES, CALLE, DE LOS;2;CargayDescarga;Línea;3;18;Laborables de 09:00 a 20:00 ;-3.7123457640;40.4466869610
439560,9400000000;4478795,6200000000;08-05-2019;09  MONCLOA-ARAVACA;09-03 CIUDAD UNIVERSITARIA;FRANCOS RODRIGUEZ, CALLE, DE;S/N;CargayDescarga;Línea;3;15;Laborables de 08:00 a 14:00 y de 16:30 a 19:00 ;-3.7128298560;40.4576298250
439714,5500000000;4477661,9600000000;19-09-2016;09  MONCLOA-ARAVACA;09-03 CIUDAD UNIVERSITARIA;JUAN MONTALVO, CALLE, DE;11;CargayDescarga;Batería;2;14,5;Laborables de 08:00 a 14:00 y de 16:30 a 19:00 ;-3.7109105620;40.4474283120
438943,3200000000;4477403,3800000000;05-03-2021;09  MONCLOA-ARAVACA;09-03 CIUDAD UNIVERSITARIA;JUAN XXIII, PASEO, DE;3;CargayDescarga;Línea;2;10;LAB. DE LUNES A SABADO DE 8 A 14.30 EXCEPTO CARGA Y DESCARGA;-3.7199797970;40.4450433170
439495,5900000000;4478654,3500000000;27-12-2018;09  MONCLOA-ARAVACA;09-03 CIUDAD UNIVERSITARIA;MOGUER, CALLE, DE;5;CargayDescarga;Línea;3;15;Laborables de 08:00 a 14:00 y de 16:30 a 19:00 maximo 30 minutos ;-3.7135870770;40.4563527020
438584,4700000000;4479605,8200000000;13-05-2013;09  MONCLOA-ARAVACA;09-03 CIUDAD UNIVERSITARIA;RAMON CRESPO, CALLE, DE;4;CargayDescarga;Línea;2;9,1;;-3.7244240010;40.4648568860
439749,1200000000;4477634,2600000000;02-09-2014;09  MONCLOA-ARAVACA;09-03 CIUDAD UNIVERSITARIA;VASCOS, CALLE, DE LOS;2;CargayDescarga;Línea;4;21,8;Laborables de 08:00 a 14:00 y de 16:30 a 19:00 ;-3.7105003820;40.4471813090
439797,7000000000;4479225,7400000000;26-03-2019;09  MONCLOA-ARAVACA;09-04 VALDEZARZA;ALESANCO, CALLE, DE;1;CargayDescarga;Línea;1;6,6;Laborables de 08:00 a 17:00 ;-3.7100784560;40.4615221570
439838,7900000000;4479292,6900000000;25-04-2019;09  MONCLOA-ARAVACA;09-04 VALDEZARZA;ALESANCO, CALLE, DE;11;CargayDescarga;Batería;1;4;Laborables de 08:00 a 17:00 ;-3.7096001510;40.4621274860
439018,7500000000;4479666,3600000000;14-07-2005;09  MONCLOA-ARAVACA;09-04 VALDEZARZA;ANTONIO MACHADO, CALLE, DE;23;CargayDescarga;Línea;3;15;;-3.7193077750;40.4654341410
439140,0700000000;4479424,7900000000;30-03-2007;09  MONCLOA-ARAVACA;09-04 VALDEZARZA;ARTAJONA, CALLE, DE;15;CargayDescarga;Línea;3;16,7;;-3.7178536650;40.4632668130
439146,1100000000;4479517,9000000000;06-02-2013;09  MONCLOA-ARAVACA;09-04 VALDEZARZA;ARTAJONA, CALLE, DE;27;CargayDescarga;Línea;3;15,9;;-3.7177913270;40.4641064830
439639,2700000000;4478807,8600000000;15-07-2016;09  MONCLOA-ARAVACA;09-04 VALDEZARZA;FRANCOS RODRIGUEZ, CALLE, DE;96;CargayDescarga;Línea;2;10;Lunes a viernes de 08:30 a 20:30  sabados 08:00 a 15:00 ;-3.7119072800;40.4577463070
438549,5700000000;4480236,5400000000;24-08-2020;09  MONCLOA-ARAVACA;09-04 VALDEZARZA;ISLA CRISTINA, CALLE, DE LA;11;CargayDescarga;Batería;1;5;LAB DE LUNES A VIERNES DE 8 A 19 H.;-3.7248967490;40.4705362720
439744,2200000000;4478934,3000000000;01-01-1900;09  MONCLOA-ARAVACA;09-04 VALDEZARZA;OFELIA NIETO, CALLE, DE;15;CargayDescarga;Línea;4;18,8;Laborables de 08:00 a 14:00 y de 16:30 a 19:00 ;-3.7106815510;40.4588924520
438853,3100000000;4479733,3900000000;13-02-2020;09  MONCLOA-ARAVACA;09-04 VALDEZARZA;SAN GERARDO, CALLE, DE;8;CargayDescarga;Línea;1;6,5;lab de 8 a 14.30 h excepto carga y descarga;-3.7212655140;40.4660257770
439695,3100000000;4478962,3100000000;29-10-2020;09  MONCLOA-ARAVACA;09-04 VALDEZARZA;SANCHEZ PRECIADO, CALLE, DE;18;CargayDescarga;Batería;1;3,5;Laborables de 09:00 a 17:00 ;-3.7112610410;40.4591411730
439689,2800000000;4478993,4000000000;29-10-2020;09  MONCLOA-ARAVACA;09-04 VALDEZARZA;SANCHEZ PRECIADO, CALLE, DE;25;CargayDescarga;Batería;1;4;Laborables de 09:00 a 17:00 ;-3.7113350670;40.4594205470
439060,8800000000;4479804,8000000000;11-05-2017;09  MONCLOA-ARAVACA;09-04 VALDEZARZA;VALDERREY, CALLE, DE;S/N;CargayDescarga;Línea;2;10,41;LAB DE 9 A 14 H EXCEPTO CARGA Y DESCARGA;-3.7188241410;40.4666847930
438824,1600000000;4480133,5300000000;02-06-2015;09  MONCLOA-ARAVACA;09-04 VALDEZARZA;VALDERRODRIGO, CALLE, DE;10;CargayDescarga;Línea;1;10,01;;-3.7216479630;40.4696280770
433579,7400000000;4479717,8600000000;30-04-2021;09  MONCLOA-ARAVACA;09-05 VALDEMARÍN;BLANCA DE CASTILLA, CALLE, DE;S/N;CargayDescarga;Línea;3;15,03;LABORABLES DE 8 A 14:30 H. EXCEPTO CARGA Y DESCARGA;-3.7834638640;40.4654807220
434792,7100000000;4480495,3200000000;20-09-2017;09  MONCLOA-ARAVACA;09-05 VALDEMARÍN;VIÑAS DE EL PARDO, CALLE, DE LAS;7;CargayDescarga;Línea;2;8;LABORABLES DE 8 A 17H EXCEPTO CARGA Y DESCARGA;-3.7692373220;40.4725811590
429742,7400000000;4480474,0500000000;11-01-2022;09  MONCLOA-ARAVACA;09-06 EL PLANTÍO;VICTORIA, AVENIDA, DE LA;43;CargayDescarga;Línea;2;12;LABORABLES DE LUNES A SÁBADO DE 8 A 14:30 H. EXCEPTO CARGA Y DESCARGA;-3.8288027590;40.4719770320
433597,1700000000;4478982,3600000000;17-09-2008;09  MONCLOA-ARAVACA;09-07 ARAVACA;BAJA DE LA IGLESIA, CALLE;1;CargayDescarga;Línea;3;15;LABORABLES DE 8 A 14 H. Y DE 16.30 A 19 H. EXCEPTO CARGA Y DESCARGA ;-3.7831813390;40.4588571580
433472,4700000000;4478952,8400000000;14-10-2021;09  MONCLOA-ARAVACA;09-07 ARAVACA;CAROLI, CALLE, DE;10;CargayDescarga;Línea;2;14;DE LUNES A SÁBADO DE 7 A 20 HORAS, EXCEPTO CARGA Y DESCARGA SERVICIO DE CORREOS Y TELÉGRAFOS;-3.7846487980;40.4585812220
433165,9700000000;4477504,8400000000;04-06-2014;09  MONCLOA-ARAVACA;09-07 ARAVACA;EUROPA, AVENIDA, DE;S/N;CargayDescarga;Línea;3;15;LABORABLES DE 8 A 20 H. Y SÁBADOS DE 8 A 15 H. EXCEPTO CARGA Y DESCARGA;-3.7881111250;40.4455129710
433094,2400000000;4477470,8700000000;27-06-2016;09  MONCLOA-ARAVACA;09-07 ARAVACA;EUROPA, AVENIDA, DE;S/N;CargayDescarga;Línea;2;10;LABORABLES DE 8 A14 H. Y DE 16:30 A 19 H. EXCEPTO CARGA Y DESCARGA;-3.7889532580;40.4452005370
433335,0700000000;4477482,0800000000;25-03-2022;09  MONCLOA-ARAVACA;09-07 ARAVACA;EUROPA, AVENIDA, DE;25 G;CargayDescarga;Línea;3;16;LAB. DE 8 A 14 H. Y DE 16,30 A 19 H. EXCEPTO CARGA Y DESCARGA;-3.7861148250;40.4453209730
433400,2600000000;4478959,4100000000;01-08-2018;09  MONCLOA-ARAVACA;09-07 ARAVACA;GALAXIA, AVENIDA, DE LA;6;CargayDescarga;Línea;1;5,5;LABORABLES DE LUNES A VIERNES DE 8 A 15 H. EXCEPTO CARGA Y DESCARGA;-3.7855011300;40.4586343920
433432,0700000000;4478136,1300000000;05-10-2019;09  MONCLOA-ARAVACA;09-07 ARAVACA;GOLONDRINA, CALLE, DE LA;33;CargayDescarga;Línea;2;9,4;DE 9:30 A 21:30 H. EXCEPTO CARGA Y DESCARGA TIEMPO MÁXIMO 20 MINUTOS;-3.7850396130;40.4512209480
433560,6600000000;4478934,3900000000;22-03-2005;09  MONCLOA-ARAVACA;09-07 ARAVACA;MARQUES DE CAMARINES, PLAZA, DEL;5;CargayDescarga;Línea;3;15,1;laborables de 8 a 14 h. y de 16,30 a 19 h. excepto carga y descarga ;-3.7836068740;40.4584217100
433726,8900000000;4478976,2100000000;16-03-2005;09  MONCLOA-ARAVACA;09-07 ARAVACA;OLIVO, CALLE, DEL;30;CargayDescarga;Línea;2;9;LABORABLES DE 8 A 14 H. EXCEPTO CARGA Y DESCARGA ;-3.7816507970;40.4588116650
433647,5600000000;4479004,4100000000;20-11-2014;09  MONCLOA-ARAVACA;09-07 ARAVACA;OSA MAYOR, AVENIDA, DE LA;62;CargayDescarga;Línea;3;15;LABORABLES DE 8 A 17 H. EXCEPTO CARGA Y DESCARGA;-3.7825893590;40.4590592400
433527,9100000000;4478972,7300000000;22-03-2005;09  MONCLOA-ARAVACA;09-07 ARAVACA;PEREZ DE VICTORIA, CALLE, DE;1;CargayDescarga;Línea;4;20;;-3.7839971730;40.4587646250
433436,9500000000;4477725,6800000000;22-11-2012;09  MONCLOA-ARAVACA;09-07 ARAVACA;TALGO, AVENIDA, DEL;234;CargayDescarga;Línea;3;17;LABORABLES DE 8 A 14 H. Y DE 16.30 A 19 H. EXCEPTO CARGA Y DESCARGA;-3.7849390590;40.4475241100
437203,5500000000;4471906,9200000000;21-12-2004;10  LATINA;10-01 CÁRMENES;ARIZA, CALLE, DE;148;CargayDescarga;Batería;6;15;LAB. DE 9 A 14 H. Y DE 16,30 A 20 H. EXCEPTO CARGA Y DESCARGA;-3.7399507560;40.3953991030
438514,5300000000;4473075,4500000000;28-05-2020;10  LATINA;10-01 CÁRMENES;ERMITA DEL SANTO, PASEO, DE LA;66;CargayDescarga;Línea;3;15;LABORABLES DE 8 A 14 H. Y DE 16,30 A 22 H. EXCEPTO CARGA Y DESCARGA ;-3.7246172030;40.4060232870
438626,0800000000;4473040,7600000000;30-12-2009;10  LATINA;10-01 CÁRMENES;MANZANARES, AVENIDA, DEL;40;CargayDescarga;Línea;3;15;lab. de 8 a 14h. y de 16.30 a 19h. Excepto: Carga y Descarga;-3.7232992850;40.4057193330
437327,5700000000;4472870,3400000000;24-10-2019;10  LATINA;10-01 CÁRMENES;SEPULVEDA, CALLE, DE;11;CargayDescarga;Línea;2;11;LABORABLES DE LUNES A SÁBADO DE 8 A 14:30  H. EXCEPTO CARGA Y DESCARGA;-3.7385843670;40.4040872060
438412,2200000000;4473979,6500000000;10-12-2004;10  LATINA;10-02 PUERTA DEL ÁNGEL;ALONSO FERNANDEZ, CALLE, DE;1;CargayDescarga;Línea;2;13;LAB. DE 9 A 13 H Y DE 16 A 20 H EXCEPTO CARGA Y DESCARGA;-3.7259104260;40.4141613510
438257,0300000000;4473564,5100000000;15-10-2008;10  LATINA;10-02 PUERTA DEL ÁNGEL;ANTILLON, CALLE, DE;32;CargayDescarga;Línea;3;15;LAB. DE 8 A 14 H. Y DE 16,30 A 19 H. EXCEPTO CARGA Y DESCARGA;-3.7276990850;40.4104101960
438274,8300000000;4473878,5300000000;10-12-2004;10  LATINA;10-02 PUERTA DEL ÁNGEL;ANTONIO ZAMORA, CALLE, DE;20;CargayDescarga;Línea;3;15;LABORABLES DE 8 A 14 H EXCEPTO CARGA Y DESCARGA;-3.7275197490;40.4132406650
438364,8200000000;4473891,6900000000;27-03-2009;10  LATINA;10-02 PUERTA DEL ÁNGEL;ANTONIO ZAMORA, CALLE, DE;14;CargayDescarga;Línea;3;15;LAB. DE 8 A 14 H. Y DE 16,30 A 19 H. EXCEPTO CARGA Y DESCARGA ;-3.7264604650;40.4133654550
437336,8000000000;4473435,9300000000;10-12-2004;10  LATINA;10-02 PUERTA DEL ÁNGEL;BENICASIM, CALLE, DE;2;CargayDescarga;Línea;8;41,5;Lab de 9 a 20h.excepto: CARGA Y DESCARGA;-3.7385313110;40.4091833210
438340,2100000000;4473745,3300000000;04-06-2021;10  LATINA;10-02 PUERTA DEL ÁNGEL;CARAMUEL, CALLE, DE;19;CargayDescarga;Línea;3;15;LABORABLES DE 8 A 14 H EXCEPTO CARGA Y DESCARGA EN LINEA;-3.7267364020;40.4120454180
438550,0900000000;4473912,0300000000;30-12-2009;10  LATINA;10-02 PUERTA DEL ÁNGEL;ERMITA DEL SANTO, PASEO, DE LA;2;CargayDescarga;Línea;4;20;LABORABLES DE 8 A 14 H. Y DE 16,30 A 19 H. EXCEPTO CARGA Y DESCARGA;-3.7242789280;40.4135626100
438634,5300000000;4473672,4900000000;30-12-2009;10  LATINA;10-02 PUERTA DEL ÁNGEL;ERMITA DEL SANTO, PASEO, DE LA;16;CargayDescarga;Línea;3;15;LAB. DE 8 A 14H. Y DE 16,30 A 19 H. EXCEPTO CARGA Y DESCARGA;-3.7232606680;40.4114110960
437725,0300000000;4473713,8100000000;09-08-2006;10  LATINA;10-02 PUERTA DEL ÁNGEL;EXTREMADURA, PASEO, DE;112;CargayDescarga;Línea;3;15;LABORABLES DE 8 A 14 H. Y DE 16,30 A 19 H. EXCEPTO CARGA Y DESCARGA;-3.7339833440;40.4117156230
437545,4800000000;4473629,1700000000;31-01-2007;10  LATINA;10-02 PUERTA DEL ÁNGEL;EXTREMADURA, PASEO, DE;132;CargayDescarga;Línea;3;15;LABORABLES DE 9 A 14 H. Y DE 16,30 A 20 H. EXCEPTO: CARGA Y DESCARGA;-3.7360910260;40.4109397810
437670,2500000000;4473688,0100000000;08-03-2007;10  LATINA;10-02 PUERTA DEL ÁNGEL;EXTREMADURA, PASEO, DE;120;CargayDescarga;Línea;3;15;;-3.7346264310;40.4114792780
437825,6600000000;4473763,2200000000;24-10-1996;10  LATINA;10-02 PUERTA DEL ÁNGEL;EXTREMADURA, PASEO, DE;96;CargayDescarga;Línea;4;20;LAB. DE 9 A 14 H. Y DE 16,30 A 20 H.EXCEPTO CARGA Y DESCARGA;-3.7328021910;40.4121680300
437898,1300000000;4473797,2900000000;10-12-2004;10  LATINA;10-02 PUERTA DEL ÁNGEL;EXTREMADURA, PASEO, DE;88;CargayDescarga;Línea;2;11;;-3.7319514630;40.4124800630
437331,9400000000;4473526,4800000000;02-09-2009;10  LATINA;10-02 PUERTA DEL ÁNGEL;EXTREMADURA, PASEO, DE;154;CargayDescarga;Línea;6;33;LAB. DE 8 A 14 H. Y DE 16,30 A 19 H. EXCEPTO CARGA Y DESCARGA ;-3.7385976020;40.4099986400
438113,5600000000;4473899,0200000000;12-02-2014;10  LATINA;10-02 PUERTA DEL ÁNGEL;EXTREMADURA, PASEO, DE;44;CargayDescarga;Línea;3;15;Laborables de 8 a 19 h.Excepto Carga y Descarga;-3.7294224280;40.4134130100
437895,0600000000;4473508,0700000000;30-01-2020;10  LATINA;10-02 PUERTA DEL ÁNGEL;GALIANA, CALLE, DE;4;CargayDescarga;Línea;3;15;LABORABLES DE 8 A 14 H. EXCEPTO CARGA Y DESCARGA;-3.7319593130;40.4098748810
437895,0300000000;4473508,1900000000;30-01-2020;10  LATINA;10-02 PUERTA DEL ÁNGEL;GALIANA, CALLE, DE;4;CargayDescarga;Línea;2;15;LABORABLES DE 8 A 16 HORAS EXCEPTO CARGA Y DESCARGA;-3.7319597140;40.4098762570
437584,9500000000;4473316,1400000000;29-12-2011;10  LATINA;10-02 PUERTA DEL ÁNGEL;GENSERICO, CALLE, DE;1;CargayDescarga;Línea;2;15;LABORABLES DE 8 A 14 H. Y DE 16.30 A 19 H, EXCEPTO CARGA Y DESCARGA;-3.7355952460;40.4081226620
437631,5300000000;4473329,6500000000;19-04-2021;10  LATINA;10-02 PUERTA DEL ÁNGEL;GENSERICO, CALLE, DE;S/N;CargayDescarga;Batería;1;12;LABORABLES DE 8 A14 H Y DE 16.30 A 20 HORAS. EXCEPTO CARGA Y DESCARGA;-3.7350475550;40.4082478530
438152,2100000000;4473843,3100000000;26-06-2002;10  LATINA;10-02 PUERTA DEL ÁNGEL;JAIME VERA, CALLE, DE;8;CargayDescarga;Línea;3;15;LAB. DE 8 A 14 H. Y DE 16,30 A 19 H. EXCEPTO CARGA Y DESCARGA;-3.7289615400;40.4129143080
437933,3200000000;4473560,3200000000;18-02-2008;10  LATINA;10-02 PUERTA DEL ÁNGEL;JESUITAS, PASEO, DE LOS;18;CargayDescarga;Línea;3;15;;-3.7315135520;40.4103486030
438082,4400000000;4473642,2300000000;23-02-2021;10  LATINA;10-02 PUERTA DEL ÁNGEL;JUAN TORNERO, CALLE, DE;64;CargayDescarga;Línea;2;9;LAB. DE 8 A 14 H. Y DE 16,30 A 19 H. EXCEPTO CARGA Y DESCARGA;-3.7297641400;40.4110971150
438564,4400000000;4474091,9400000000;30-12-2009;10  LATINA;10-02 PUERTA DEL ÁNGEL;MARQUES DE MONISTROL, PASEO, DEL;3;CargayDescarga;Línea;4;21,7;LAB. DE 8 A 14 H. Y DE 16,30 A 19 H. EXCEPTO CARGA Y DESCARGA;-3.7241271520;40.4151844240
437703,0600000000;4473028,4200000000;09-09-2002;10  LATINA;10-02 PUERTA DEL ÁNGEL;OLIVOS, PASEO, DE LOS;39;CargayDescarga;Línea;3;8;LAB. DE 8 A 14 H. Y DE 16,30 A 19 H. EXCEPTO CARGA Y DESCARGA ;-3.7341751700;40.4055393100
437367,4300000000;4473213,3600000000;03-11-2009;10  LATINA;10-02 PUERTA DEL ÁNGEL;PATRIARCA, COSTANILLA, DEL;S/N;CargayDescarga;Línea;3;15;LAB. DE 8 A 14 H. Y DE 16,30 A 19 H. EXCEPTO CARGA Y DESCARGA;-3.7381485180;40.4071803180
437406,1100000000;4472967,2100000000;08-06-2006;10  LATINA;10-02 PUERTA DEL ÁNGEL;PERALES, PASEO, DE LOS;4;CargayDescarga;Línea;3;15;LAB. DE 8 A 14 H. EXCEPTO CARGA Y DESCARGA;-3.7376684360;40.4049657790
437903,8100000000;4473419,8200000000;01-01-1900;10  LATINA;10-02 PUERTA DEL ÁNGEL;PERICLES, CALLE, DE;21;CargayDescarga;Batería;2;5,4;Lab. de 9 a 20 h.excepto: CARGA Y DESCARGA;-3.7318475860;40.4090806470
438517,4500000000;4473941,7200000000;30-12-2009;10  LATINA;10-02 PUERTA DEL ÁNGEL;PUENTE DE SEGOVIA, GLORIETA, DEL;1;CargayDescarga;Línea;2;13,5;lab. de 8 a 14 h. y de 16.30 a 19 h. Excepto: Carga y Descarga;-3.7246664770;40.4138274310
438501,8500000000;4474005,4900000000;30-12-2009;10  LATINA;10-02 PUERTA DEL ÁNGEL;SAAVEDRA FAJARDO, CALLE, DE;10;CargayDescarga;Línea;2;10;LAB. DE 8 A 14 H.Y DE 16,30 A 19 H.EXCEPTO CARGA Y DESCARGA;-3.7248565270;40.4144010760
437599,0900000000;4473745,0800000000;23-09-2016;10  LATINA;10-02 PUERTA DEL ÁNGEL;TURISMUNDO, CALLE, DE;3;CargayDescarga;Línea;1;15;LABORABLES DE 8 A 14 H. EXCEPTO CARGA Y DESCARGA;-3.7354706850;40.4119874910
437212,7400000000;4473101,3000000000;21-06-2011;10  LATINA;10-02 PUERTA DEL ÁNGEL;VICENTE CAMARON, CALLE, DE;44;CargayDescarga;Línea;3;12,8;LABORABLES DE 8 A 14H. EXCEPTO CARGA Y DESCARGA;-3.7399604390;40.4061593070
436643,0400000000;4472963,3000000000;13-12-2004;10  LATINA;10-03 LUCERO;CEBREROS, CALLE, DE;50;CargayDescarga;Línea;3;15;LABORABLES DE 9 A 14 H. Y DE 16 A 20 H.EXCEPTO CARGA Y DESCARGA;-3.7466600350;40.4048729030
436988,3200000000;4472962,2300000000;13-12-2004;10  LATINA;10-03 LUCERO;CEBREROS, CALLE, DE;11;CargayDescarga;Línea;3;15,1;LAB. DE 8 A 14 H. Y DE 16,30 A 19 H. EXCEPTO CARGA Y DESCARGA TIEMPO MAXIMO 30 MINUTOS;-3.7425911180;40.4048896900
436938,0500000000;4472966,2600000000;02-09-2014;10  LATINA;10-03 LUCERO;CEBREROS, CALLE, DE;19;CargayDescarga;Línea;5;22,86;LABORABLES DE 8 A 14 H. Y DE 16,30 A 19 H. EXCEPTO CARGA Y DESCARGA;-3.7431840140;40.4049216610
436796,9600000000;4472969,9700000000;14-04-2020;10  LATINA;10-03 LUCERO;CEBREROS, CALLE, DE;39;CargayDescarga;Batería;2;11;LABORABLES DE 8 A 14H Y DE 16.30 A 19H EXCEPTO CARGA Y DESCARGA;-3.7448469670;40.4049443500
436758,8200000000;4472842,0700000000;01-03-1999;10  LATINA;10-03 LUCERO;HIGUERAS, CALLE, DE LAS;57;CargayDescarga;Línea;3;15,5;LAB. DE 9 A 14 H. Y DE 16,30 A 20 H. EXCEPTO CARGA Y DESCARGA ;-3.7452836180;40.4037892100
436770,3200000000;4472991,8600000000;04-12-2003;10  LATINA;10-03 LUCERO;HIGUERAS, CALLE, DE LAS;47;CargayDescarga;Línea;3;15;LAB. DE 8 A 14 H. Y DE 16,30 A 19 H. EXCEPTO CARGA Y DESCARGA ;-3.7451630680;40.4051402450
436750,6500000000;4472742,9300000000;09-10-2013;10  LATINA;10-03 LUCERO;HIGUERAS, CALLE, DE LAS;63;CargayDescarga;Línea;2;15;LABORABLES DE 8 A 17 H. EXCEPTO CARGA Y DESCARGA;-3.7453701350;40.4028956250
437059,4900000000;4473204,0500000000;20-09-2004;10  LATINA;10-03 LUCERO;HUERTA DE CASTAÑEDA, CALLE, DE LA;14;CargayDescarga;Línea;3;15;LABORABLES DE 8 A 14 H. Y DE 16,30 A 19 H.EXCEPTO CARGA Y DESCARGA;-3.7417764860;40.4070732320
436315,5700000000;4472549,3100000000;27-07-2017;10  LATINA;10-03 LUCERO;LATINA, CALLE, DE LA;9;CargayDescarga;Línea;1;15;LABORABLES DE 8 A 17 HORAS EXCEPTO CARGA Y DESCARGA;-3.7504775380;40.4011182530
436549,3900000000;4472810,8900000000;01-01-1900;10  LATINA;10-03 LUCERO;LUCERO, CALLE, DEL;8;CargayDescarga;Línea;3;14;Lab. de 7 a 13 h.excepto: CARGA Y DESCARGA;-3.7477485400;40.4034927620
436291,1000000000;4473303,8000000000;10-12-2004;10  LATINA;10-03 LUCERO;VILLAMANIN, CALLE, DE;30;CargayDescarga;Línea;2;12,2;lab. de 8 a 14 h.y de 16,30 a 19 h.excepto:[CARGA YDESCARGA];-3.7508414810;40.4079131310
436111,5100000000;4473071,4700000000;10-12-2004;10  LATINA;10-03 LUCERO;VILLASANDINO, CALLE, DE;42;CargayDescarga;Línea;3;14,9;LABORABLES DE 9 A 14 H.Y DE 16,30 A 20 H. EXCEPTO CARGA Y DESCARGA EN LINEA ;-3.7529344960;40.4058068240
435895,6500000000;4471019,4800000000;15-12-2004;10  LATINA;10-04 ALUCHE;CAMARENA, CALLE, DE;187;CargayDescarga;Batería;3;18,17;LAB. DE 8 A 14 H. Y DE 16,30 A 19 H. EXCEPTO CARGA Y DESCARGA;-3.7552717050;40.3873052720
435727,1300000000;4470900,3500000000;28-02-2013;10  LATINA;10-04 ALUCHE;CAMARENA, CALLE, DE;298;CargayDescarga;Línea;4;44,03;LABORABLES DE 8 A 20 H. EXCEPTO CARGA Y DESCARGA;-3.7572449720;40.3862184850
435833,7500000000;4471270,7900000000;26-04-2013;10  LATINA;10-04 ALUCHE;CAMARENA, CALLE, DE;184;CargayDescarga;Línea;3;16,1;LABORABLES DE 8 A 14 H. Y DE 16,30 A 19 H. EXCEPTO CARGA Y DESCARGA;-3.7560262330;40.3895639290
435771,0000000000;4471007,4200000000;08-06-2015;10  LATINA;10-04 ALUCHE;CAMARENA, CALLE, DE;284;CargayDescarga;Línea;2;14;LABORABLES DE 8 A 17 H. EXCEPTO CARGA Y DESCARGA;-3.7567389930;40.3871865550
435868,6600000000;4471585,1600000000;01-03-2022;10  LATINA;10-04 ALUCHE;CAMARENA, CALLE, DE;105;CargayDescarga;Línea;1;7,5;LABORABLES DE 8 A 19 HORAS EXCEPTO CARGA Y DESCARGA;-3.7556466490;40.3923991530
434918,2500000000;4471842,1100000000;14-12-2004;10  LATINA;10-04 ALUCHE;ESCALONA, CALLE, DE;111;CargayDescarga;Línea;3;16;LAB. DE 9 A 20 H. EXCEPTO CARGA Y DESCARGA;-3.7668703760;40.3946400480
434844,4600000000;4471810,4600000000;14-12-2004;10  LATINA;10-04 ALUCHE;ESCALONA, CALLE, DE;S/N;CargayDescarga;Línea;5;20;LABORABLES DE 8 A 14 H. Y DE 16,30 A 19 H. EXCEPTO CARGA Y DESCARGA;-3.7677365170;40.3943488140
434946,4300000000;4471912,1000000000;23-02-2000;10  LATINA;10-04 ALUCHE;ESCALONA, CALLE, DE;89;CargayDescarga;Línea;3;15;LABORABLES DE 8 A 14 H. Y DE 16,30 A 19 H. EXCEPTO CARGA Y DESCARGA;-3.7665454520;40.3952722500
435296,3500000000;4472012,3100000000;23-07-2015;10  LATINA;10-04 ALUCHE;ESCALONA, CALLE, DE;67;CargayDescarga;Línea;3;14;LABORABLES DE 8 A 17 H. EXCEPTO CARGA Y DESCARGA;-3.7624327030;40.3962026760
434986,6500000000;4472135,6100000000;14-12-2004;10  LATINA;10-04 ALUCHE;ILLESCAS, CALLE, DE;1;CargayDescarga;Línea;7;35,1;LABORABLES DE 9 A 20 H.EXCEPTO CARGA Y DESCARGA EN LINEA;-3.7660944770;40.3972894620
435156,1200000000;4471921,6700000000;16-12-2004;10  LATINA;10-04 ALUCHE;ILLESCAS, CALLE, DE;Fte 59;CargayDescarga;Línea;3;15;;-3.7640758320;40.3953753820
435198,2500000000;4471889,4500000000;16-12-2004;10  LATINA;10-04 ALUCHE;ILLESCAS, CALLE, DE;65;CargayDescarga;Línea;3;15,1;LABORABLES DE 9 A 14 H.Y DE 16,30 A 20 H. EXCEPTO CARGA Y DESCARGA;-3.7635761550;40.3950883880
435965,0200000000;4471471,3200000000;14-12-2004;10  LATINA;10-04 ALUCHE;ILLESCAS, CALLE, DE;197;CargayDescarga;Línea;3;15;LABORABLES DE 8 A 14 HORAS Y DE 16,30 A 19 HORAS EXCEPTO CARGA Y DESCARGA;-3.7544998160;40.3913804910
435208,2000000000;4471758,8800000000;21-02-2013;10  LATINA;10-04 ALUCHE;ILLESCAS, CALLE, DE;28;CargayDescarga;Línea;3;15;LABORABLES DE 8 A 17 H. EXCEPTO CARGA Y DESCARGA;-3.7634456360;40.3939129650
436102,8300000000;4471337,8000000000;19-05-2021;10  LATINA;10-04 ALUCHE;ILLESCAS, CALLE, DE;209;CargayDescarga;Línea;3;15;LABORABLES DE 8 A 14 HORAS EXCEPTO CARGA Y DESCARGA;-3.7528628190;40.3901887960
435680,2800000000;4471578,1700000000;18-10-2021;10  LATINA;10-04 ALUCHE;ILLESCAS, CALLE, DE;66;CargayDescarga;Línea;3;15;LABORABLES DE 8 A 14.30H EXCEPTO CARGA Y DESCARGA;-3.7578653130;40.3923209440
436212,8800000000;4471557,9100000000;14-12-2004;10  LATINA;10-04 ALUCHE;LOS YEBENES, CALLE, DE;104;CargayDescarga;Línea;4;19;LABORABLES DE 8 A 14 H. Y DE 16,30 A 19 H.EXCEPTO CARGA Y DESCARGA;-3.7515882740;40.3921798250
436211,6300000000;4471346,3200000000;14-12-2004;10  LATINA;10-04 ALUCHE;LOS YEBENES, CALLE, DE;251;CargayDescarga;Línea;3;17;laborables de 9 a 14 h. y de 16,30 a 20 h.excepto: CARGA Y DESCARGA;-3.7515818000;40.3902739950
436204,5900000000;4471360,4600000000;12-08-2021;10  LATINA;10-04 ALUCHE;LOS YEBENES, CALLE, DE;148;CargayDescarga;Línea;3;16,5;laborables de 8 a 14 h. y de 16,30 a 19 h. excepto: [CARGA Y DESCARGA];-3.7516661960;40.3904002180
435352,6600000000;4471171,6800000000;15-12-2004;10  LATINA;10-04 ALUCHE;MAQUEDA, CALLE, DE;119;CargayDescarga;Línea;7;38;LAB. DE 8 A 14 H. Y DE16,30 A 19 H. EXCEPTO CARGA Y DESCARGA;-3.7616839620;40.3886343050
435343,6000000000;4471216,8600000000;01-08-2018;10  LATINA;10-04 ALUCHE;MAQUEDA, CALLE, DE;117;CargayDescarga;Batería;3;15;LABORABLES DE  8 A 13 H. EXCEPTO CARGA Y DESCARGA;-3.7617953450;40.3890401310
436165,7300000000;4470955,6200000000;24-11-2009;10  LATINA;10-04 ALUCHE;NUESTRA SEÑORA DE LA LUZ, CALLE, DE;57;CargayDescarga;Línea;3;17,1;LAB. DE 8 A 14 H. Y DE 16,30 A 19 H. EXCEPTO CARGA Y DESCARGA;-3.7520834240;40.3867504770
435528,6400000000;4470859,6900000000;14-12-2004;10  LATINA;10-04 ALUCHE;OCAÑA, CALLE, DE;1;CargayDescarga;Línea;2;10,5;LABORABLES DE 9 A 14 H.Y DE 16,30 A 20 H. EXCEPTOCARGA Y DESCARGA;-3.7595792590;40.3858375830
435534,1900000000;4470853,8100000000;20-08-1999;10  LATINA;10-04 ALUCHE;OCAÑA, CALLE, DE;1;CargayDescarga;Línea;2;9;LABORABLES DE 9 A 14 H.Y DE 16,30 A 20 H. EXCEPTOCARGA Y DESCARGA;-3.7595131970;40.3857842980
436105,6300000000;4470890,3700000000;19-06-2006;10  LATINA;10-04 ALUCHE;OCAÑA, CALLE, DE;Fte 149;CargayDescarga;Línea;3;15;LAB. DE 8 A 14 H. Y DE 16,30 A 19 H. EXCEPTO CARGA Y DESCARGA;-3.7527848960;40.3861579810
436027,1200000000;4470747,8700000000;05-06-2013;10  LATINA;10-04 ALUCHE;OCAÑA, CALLE, DE;73;CargayDescarga;Línea;3;15;LABORABLES DE 8 A 17 H. EXCEPTO CARGA Y DESCARGA;-3.7536955550;40.3848682530
434892,1800000000;4471472,3900000000;25-05-2016;10  LATINA;10-04 ALUCHE;PADRE PIQUER, AVENIDA, DEL;56;CargayDescarga;Línea;2;11;DE LUNES A VIERNES DE 8:30 A 20:30H. Y SÁBADOS DE 8:00 A 15:00 H. EXCEPTO CARGA Y DESCARGA;-3.7671397810;40.3913074970
435404,9100000000;4470783,4500000000;05-07-2011;10  LATINA;10-04 ALUCHE;POBLADOS, AVENIDA, DE LOS;62;CargayDescarga;Línea;2;12;EXCEPTO CARGA Y DESCARGA DE 0 A 7 H.Y C.R.T.M. DE 7 A 24 H.;-3.7610291860;40.3851413250
435401,2800000000;4471342,4000000000;15-12-2004;10  LATINA;10-04 ALUCHE;QUERO, CALLE, DE;51;CargayDescarga;Línea;2;13;LAB. DE 9 A 14 H. Y DE16,30 A 20 H. EXCEPTOCARGA Y DESCARGA;-3.7611285940;40.3901761340
435408,6500000000;4471455,7600000000;30-08-2004;10  LATINA;10-04 ALUCHE;QUERO, CALLE, DE;47 A;CargayDescarga;Línea;3;16,26;Lab. de 8 a 14h. y de 16,30 a 19h. excepto: carga y                descarga;-3.7610532500;40.3911977750
435382,1600000000;4471188,2400000000;17-09-2021;10  LATINA;10-04 ALUCHE;QUERO, CALLE, DE;105;CargayDescarga;Línea;3;15;LABORABLES DE  8 A 14 H. Y DE 16:30 A 19 H. EXCEPTO CARGA Y DESCARGA;-3.7613382400;40.3887853940
435537,9100000000;4471898,0000000000;27-01-2022;10  LATINA;10-04 ALUCHE;TEMBLEQUE, CALLE, DE;S/N;CargayDescarga;Línea;2;10;LAB. DE 10 A 12 H. Y DE 17 A 19 H. EXCEPTO CARGA Y DESCARGA;-3.7595751340;40.3951913480
434261,9500000000;4472004,4400000000;28-04-2015;10  LATINA;10-05 CAMPAMENTO;CINE, CALLE, DEL;52;CargayDescarga;Línea;4;20;LABORABLES DE 8 A 17 H. EXCEPTO CARGA Y DESCARGA;-3.7746198020;40.3960501550
434559,0900000000;4472237,8800000000;27-05-2020;10  LATINA;10-05 CAMPAMENTO;FUENTESAUCO, CALLE, DE;7;CargayDescarga;Línea;3;15;LABORABLES DE 8 A 14 H. Y DE 16.30 A 21 H. EXCEPTO CARGA Y DESCARGA;-3.7711426930;40.3981772030
432665,1300000000;4470141,5300000000;08-11-2021;10  LATINA;10-05 CAMPAMENTO;LANCEROS, PASEO, DE LOS;2;CargayDescarga;Batería;6;15;LABORABLES DE LUNES A SÁBADOS DE 8 A 14,30 H. EXCEPTO CARGA Y DESCARGA EN LÍNEA TIEMPO MÁXIMO 30 MINUTOS;-3.7932372640;40.3791415400
434288,0100000000;4472261,6500000000;01-10-2010;10  LATINA;10-05 CAMPAMENTO;SEDANO, CALLE, DE;28;CargayDescarga;Línea;3;15;LABORABLES DE 8 A 14 H. Y DE 16,30 A 19 H. EXCEPTO CARGA Y DESCARGA;-3.7743392820;40.3983696600
434541,8300000000;4472166,5600000000;20-02-2001;10  LATINA;10-05 CAMPAMENTO;VILLACARRIEDO, CALLE, DE;5;CargayDescarga;Línea;3;15;lab. de 8 a 14 h. y de 16,30 a 19 h. excepto: CARGA Y DESCARGA;-3.7713387590;40.3975326830
435083,2000000000;4470530,2400000000;19-01-2007;10  LATINA;10-07 ÁGUILAS;DAMASQUILLO, CALLE, DEL;5;CargayDescarga;Línea;3;15;LAB. DE 8 A 14 H. Y DE 16,30 A 19 H. EXCEPTO CARGA Y DESCARGA;-3.7647932320;40.3828346540
433669,0000000000;4470665,7700000000;29-03-2007;10  LATINA;10-07 ÁGUILAS;FUENTE DEL TIRO, CALLE, DE LA;58;CargayDescarga;Línea;3;15;LAB. DE 8 A 14 H. Y DE 16,30 A 19 H. EXCEPTO CARGA Y DESCARGA;-3.7814668200;40.3839447600
433587,9500000000;4470732,8600000000;11-01-2018;10  LATINA;10-07 ÁGUILAS;FUENTE DEL TIRO, CALLE, DE LA;1;CargayDescarga;Línea;2;10;LABORABLES DE 8 A 14 H. EXCEPTO CARGA Y DESCARGA EN LINEA;-3.7824285870;40.3845421260
435090,8400000000;4469851,5200000000;13-08-2014;10  LATINA;10-07 ÁGUILAS;GANDO, CALLE, DE;S/N;CargayDescarga;Línea;1;15;LABORABLES DE 8 A 17 H. EXCEPTO CARGA Y DESCARGA;-3.7646341220;40.3767213090
434945,4900000000;4469911,9600000000;01-08-2017;10  LATINA;10-07 ÁGUILAS;GENERAL MILLAN ASTRAY, CALLE, DEL;30;CargayDescarga;Línea;2;12;LABORABLES DE LUNES A SÁBADO DE 8 A 15 H. EXCEPTO CARGA Y DECARGA;-3.7663523080;40.3772545030
435063,9500000000;4470892,1200000000;11-01-2018;10  LATINA;10-07 ÁGUILAS;GUAREÑA, CALLE, DE;13;CargayDescarga;Batería;2;8,3;DE 7 A 14 H. EXCEPTO CARGA Y DESCARGA CENTRO COMERCIAL;-3.7650568500;40.3860936380
434580,1400000000;4470186,7900000000;08-06-2006;10  LATINA;10-07 ÁGUILAS;JOSE DE CADALSO, CALLE, DE;58;CargayDescarga;Línea;3;15;LABORABLES DE 8 A 14 H. Y DE 16.30 A 19 H. EXCEPTO CARGA Y DESCARGA;-3.7706840410;40.3797012050
434754,9100000000;4469967,9100000000;30-11-2012;10  LATINA;10-07 ÁGUILAS;JOSE DE CADALSO, CALLE, DE;51;CargayDescarga;Línea;3;33,4;DE LUNES A VIERNES DE 8 A 20H. SÁBADOS DE 9 A 15H. EXCEPTO CARGA Y DESCARGA;-3.7686029430;40.3777436950
433884,9800000000;4470066,8000000000;15-12-2004;10  LATINA;10-07 ÁGUILAS;OLIVA DE PLASENCIA, CALLE, DE;14;CargayDescarga;Batería;8;20;LABORABLES DE 8 A 20 H.EXCEPTO CARGA Y DESCARGATIEMPO MAXIMO 30 MINUTOS;-3.7788603200;40.3785654310
434315,2900000000;4469671,4600000000;30-12-2004;10  LATINA;10-07 ÁGUILAS;OSA DE LA VEGA, CALLE, DE LA;1;CargayDescarga;Línea;4;20; lab. de 8 a 14 h.  y de 16,30 a 19 h.  excepto:  CARGA Y                 DESCARGA;-3.7737507970;40.3750380160
434583,5600000000;4470109,7800000000;16-12-2004;10  LATINA;10-07 ÁGUILAS;RAFAEL FINAT, CALLE, DE;44;CargayDescarga;Línea;2;12;Lab. de 9 a 14 h. y de 16,30 a 20 h.excepto: CARGA Y DESCARGA;-3.7706358550;40.3790082130
434502,4500000000;4470236,3800000000;03-12-2014;10  LATINA;10-07 ÁGUILAS;VALLE INCLAN, CALLE, DE;22;CargayDescarga;Línea;4;24;LABORABLES DE 8 A 17 H. EXCEPTO CARGA Y DESCARGA;-3.7716043250;40.3801423830
434205,7100000000;4469750,6900000000;18-10-2019;10  LATINA;10-07 ÁGUILAS;VALLE INCLAN, CALLE, DE;70;CargayDescarga;Línea;3;15;LABORABLES DE 9 A14 H. EXCEPTO CARGA Y DESCARGA;-3.7750496350;40.3757430980
439295,8500000000;4471855,7700000000;23-12-2004;11  CARABANCHEL;11-01 COMILLA;ANTONIO DE LEYVA, CALLE, DE;19;CargayDescarga;Línea;2;10;LABORABLES DE 8 A 14 HORAS EXCEPTO CARGA Y DESCARGA ;-3.7152935750;40.3950931430
439310,5600000000;4471905,1400000000;03-05-2004;11  CARABANCHEL;11-01 COMILLA;ANTONIO DE LEYVA, CALLE, DE;15;CargayDescarga;Línea;3;15;laborables de 8 a 14 h. excepto: [CARGA Y DESCARGA] ;-3.7151249530;40.3955394200
439207,1100000000;4471160,6400000000;01-07-2010;11  CARABANCHEL;11-01 COMILLA;ANTONIO DE LEYVA, CALLE, DE;71;CargayDescarga;Línea;2;10;LAB. DE 8 A 14 H. Y DE 16,30 A 19 H. EXCEPTO CARGA Y DESCARGA;-3.7162728170;40.3888247560
439273,0800000000;4471411,6200000000;21-10-2019;11  CARABANCHEL;11-01 COMILLA;ANTONIO DE LEYVA, CALLE, DE;45;CargayDescarga;Línea;3;18;LABORABLES DE LUNES A SÁBADO DE 8 A 14.30 H. EXCEPTO CARGA Y DESCARGA;-3.7155194350;40.3910906890
439393,0100000000;4472060,0000000000;01-01-1900;11  CARABANCHEL;11-01 COMILLA;ANTONIO LOPEZ, CALLE, DE;6;CargayDescarga;Línea;4;20,1;LABORABLES DE 9 A 14 H.Y DE 16,30 A 20 H. EXCEPTO CARGA Y DESCARGA;-3.7141682860;40.3969400150
439717,6900000000;4471873,6700000000;18-07-2006;11  CARABANCHEL;11-01 COMILLA;ANTONIO LOPEZ, CALLE, DE;49;CargayDescarga;Línea;6;30;LABORABLES DE 8 A 14 H Y DE 16.30 A 19 H. EXCEPTO CARGA Y DESCARGA;-3.7103248850;40.3952849700
439884,6300000000;4471768,1800000000;23-12-2004;11  CARABANCHEL;11-01 COMILLA;ANTONIO LOPEZ, CALLE, DE;63;CargayDescarga;Línea;6;23,89;LABORABLES DE 9 A 14 H Y DE 16.30 A 20 HORAS EXCEPTO CARGA Y DESCARGA ;-3.7083480090;40.3943474390
439591,7300000000;4471953,1700000000;01-07-2010;11  CARABANCHEL;11-01 COMILLA;ANTONIO LOPEZ, CALLE, DE;37;CargayDescarga;Línea;3;18;laborables de 8 a 14 h.y de 16,30 a 19 h.excepto:[CARGA YDESCARGA];-3.7118165810;40.3959924580
439746,7700000000;4471835,9700000000;01-07-2010;11  CARABANCHEL;11-01 COMILLA;ANTONIO LOPEZ, CALLE, DE;58;CargayDescarga;Línea;3;17,3;laborables de 9 a 14 h. y de 16,30 a 20 h. Excepto:CARGA Y DESCARGA;-3.7099787610;40.3949476120
439460,0300000000;4472036,1400000000;02-06-2015;11  CARABANCHEL;11-01 COMILLA;ANTONIO LOPEZ, CALLE, DE;19;CargayDescarga;Línea;1;15;LABORABLES DE 8 A 17 H. EXCEPTO CARGA Y DESCARGA;-3.7133762860;40.3967305420
439822,1800000000;4471788,5400000000;10-12-2019;11  CARABANCHEL;11-01 COMILLA;ANTONIO LOPEZ, CALLE, DE;66;CargayDescarga;Línea;2;10,5;LABORABLES DE 8 A 14 H. EXCEPTO CARGA Y DESCARGA;-3.7090857490;40.3945259150
439703,6200000000;4471779,1700000000;09-03-2018;11  CARABANCHEL;11-01 COMILLA;ANTONIO VICENT, CALLE, DE;56;CargayDescarga;Línea;2;10;LABORABLES DE LUNES A VIERNES DE 9 A 17 HORAS EXCEPTO CARGA Y DESCARGA;-3.7104817030;40.3944332110
439462,3300000000;4471777,8800000000;23-12-2004;11  CARABANCHEL;11-01 COMILLA;BALEARES, CALLE, DE;16;CargayDescarga;Línea;3;17;Laborables de 9 a 14 h. y de 16,30 a 20 h.excepto: CARGA Y DESCARGA;-3.7133246630;40.3944042190
439470,9700000000;4471811,5100000000;23-12-2004;11  CARABANCHEL;11-01 COMILLA;CONDE DE VISTAHERMOSA, CALLE, DEL;4;CargayDescarga;Línea;3;18;Laborables de 9 a 14 h. y de 16,30 a 20 h.excepto: CARGA Y DESCARGA;-3.7132259420;40.3947077720
439583,8700000000;4471766,1200000000;13-09-2005;11  CARABANCHEL;11-01 COMILLA;CONDE DE VISTAHERMOSA, CALLE, DEL;21;CargayDescarga;Línea;3;15;LABORABLES DE 9 A 12 H Y DE 16 A 18 HEXCEPTO CARGA Y DESCARGA;-3.7118914090;40.3943065300
439394,9100000000;4471889,3300000000;16-12-2016;11  CARABANCHEL;11-01 COMILLA;CONDES DE BARCELONA, CALLE, DE LOS;5;CargayDescarga;Línea;3;18;LABORABLES DE 8 A 13:30 H. Y DE 16:30 A 19 H. Y SÁBADOS DE 9 A 13 H. EXCEPTO CARGA Y DESCARGA.;-3.7141296110;40.3954031130
439769,3100000000;4471863,7900000000;05-08-2010;11  CARABANCHEL;11-01 COMILLA;ESTEBAN DE ARTEAGA, CALLE, DE;8;CargayDescarga;Línea;3;15,6;LABORABLES DE 8 A 14 HORAS Y DE 16.30 A 19 HORAS EXCEPTO CARGA Y DESCARGA EN LINEA;-3.7097157730;40.3952000000
439729,9000000000;4471606,1500000000;14-01-2010;11  CARABANCHEL;11-01 COMILLA;FERNANDO DIAZ DE MENDOZA, CALLE, DE;59;CargayDescarga;Línea;3;12,85;;-3.7101557480;40.3928763120
439363,8800000000;4472053,1400000000;18-03-1998;11  CARABANCHEL;11-01 COMILLA;FUENLABRADA, CALLE, DE;1;CargayDescarga;Línea;5;24,4;Lab. de 9 a 20 h.excepto: CARGA Y DESCARGA;-3.7145108000;40.3968765320
439595,2700000000;4471837,4900000000;01-01-1900;11  CARABANCHEL;11-01 COMILLA;INMACULADA CONCEPCION, CALLE, DE LA;7;CargayDescarga;Línea;3;15;LABORABLES DE 9 A 12 H Y DE 16 A 18 HEXCEPTO CARGA Y DESCARGA;-3.7117639260;40.3949506490
439570,0900000000;4471682,1500000000;23-12-2004;11  CARABANCHEL;11-01 COMILLA;INMACULADA CONCEPCION, CALLE, DE LA;17;CargayDescarga;Línea;4;22;;-3.7120458780;40.3935489070
439546,4700000000;4471528,2600000000;25-04-2018;11  CARABANCHEL;11-01 COMILLA;INMACULADA CONCEPCION, CALLE, DE LA;29;CargayDescarga;Línea;1;14;LABORABLES DE 9 A 12 H Y DE 16 A 18 HEXCEPTO CARGA Y DESCARGA;-3.7123094960;40.3921610890
439709,6400000000;4471988,3600000000;23-05-2009;11  CARABANCHEL;11-01 COMILLA;MANZANARES, AVENIDA, DEL;144;CargayDescarga;Línea;3;14;;-3.7104305960;40.3963176690
439841,0500000000;4471928,3300000000;23-05-2009;11  CARABANCHEL;11-01 COMILLA;MANZANARES, AVENIDA, DEL;160;CargayDescarga;Línea;3;15;;-3.7088765620;40.3957864800
439782,1200000000;4471527,4300000000;01-01-1900;11  CARABANCHEL;11-01 COMILLA;MARQUES DE JURA REAL, CALLE, DEL;17;CargayDescarga;Línea;4;23,2;LAB. DE 7 A 17 H EXCEPTO CARGA Y DESCARGA;-3.7095330570;40.3921712880
439897,9400000000;4471700,4200000000;10-05-2010;11  CARABANCHEL;11-01 COMILLA;MARQUES DE JURA REAL, CALLE, DEL;2;CargayDescarga;Línea;1;6;;-3.7081847730;40.3937378120
439828,9100000000;4471621,2400000000;23-12-2004;11  CARABANCHEL;11-01 COMILLA;MARQUES DE JURA REAL, CALLE, DEL;11;CargayDescarga;Línea;1;9,2;laborables de 9 a 14 h. y de 16,30 a 20 h. excepto: [CARGA Y DESCARGA];-3.7089907530;40.3930193230
439725,4000000000;4471675,4900000000;06-05-2017;11  CARABANCHEL;11-01 COMILLA;PADRE OLTRA, CALLE, DEL;56;CargayDescarga;Línea;2;12;LABORABLES DE LUNES A VIERNES DE 9 A 17H. EXCEPTO CARGA Y DESCARGA.;-3.7102152780;40.3935007220
439882,7200000000;4471528,3300000000;01-01-1900;11  CARABANCHEL;11-01 COMILLA;PEDRO YAGÜE, CALLE, DE;Fte 11;CargayDescarga;Línea;3;14,8;Laborables de 9 a 20 h.excepto: CARGA Y DESCARGA;-3.7083478940;40.3921866430
439968,1100000000;4471881,3200000000;23-05-2009;11  CARABANCHEL;11-01 COMILLA;SAN DAVID, CALLE, DE;S/N;CargayDescarga;Línea;3;15,3;LABORABLES DE 8 A 14 H. Y DE 16,30 A 19 H. EXCEPTO CARGA Y DESCARGA ;-3.7073751840;40.3953723460
439619,3000000000;4471337,7600000000;31-01-2008;11  CARABANCHEL;11-01 COMILLA;SANTA MARIA DE LA CABEZA, PASEO, DE;132;CargayDescarga;Línea;4;20;;-3.7114334440;40.3904503520
438422,8100000000;4471372,3100000000;22-12-2004;11  CARABANCHEL;11-02 OPAÑEL;ALEJANDRO SANCHEZ, CALLE, DE;22;CargayDescarga;Línea;3;15;LAB. DE 9 A 14 H. Y DE 16,30 A 20 HEXCEPTO CARGA Y DESCARGA;-3.7255333620;40.3906743210
438304,0000000000;4471420,3700000000;25-05-1999;11  CARABANCHEL;11-02 OPAÑEL;ALEJANDRO SANCHEZ, CALLE, DE;4;CargayDescarga;Línea;1;10;LABORABLES DE 9 A 14 H. Y DE 16:30 A 20 H. EXCEPTO CARGA Y DESCARGA;-3.7269375670;40.3910978510
438948,9300000000;4470820,4000000000;22-02-2021;11  CARABANCHEL;11-02 OPAÑEL;ANTONIA LANCHA, CALLE, DE;7;CargayDescarga;Línea;2;8;LABORABLES DE 9 A 14 H. EXCEPTO CARGA Y DESCARGA;-3.7192819340;40.3857407530
439206,1100000000;4471204,2000000000;27-12-2011;11  CARABANCHEL;11-02 OPAÑEL;ANTONIO DE LEYVA, CALLE, DE;80;CargayDescarga;Línea;3;15;LABORABLES DE 8 A 14 HORAS Y DE 16,30 A 19 HORAS. EXCEPTO CARGA Y DESCARGA';-3.7162887450;40.3892172890
439294,2800000000;4471900,3600000000;23-03-2012;11  CARABANCHEL;11-02 OPAÑEL;ANTONIO DE LEYVA, CALLE, DE;10;CargayDescarga;Línea;4;23;laborables de 8 a 14 h. excepto: [CARGA Y DESCARGA];-3.7153162640;40.3954954170
439284,4900000000;4472033,9500000000;24-09-2021;11  CARABANCHEL;11-02 OPAÑEL;ANTONIO DE LEYVA, CALLE, DE;4;CargayDescarga;Línea;2;14,5;LABORABLES DE 8 A 14 HORAS EXCEPTO CARGA Y DESCARGA;-3.7154443770;40.3966981130
438463,6300000000;4471566,4300000000;26-04-2010;11  CARABANCHEL;11-02 OPAÑEL;AZABACHE, CALLE, DEL;2;CargayDescarga;Línea;3;15;;-3.7250710420;40.3924259670
438561,2200000000;4471568,6000000000;21-12-2004;11  CARABANCHEL;11-02 OPAÑEL;CAMINO VIEJO DE LEGANES, CALLE, DEL;11;CargayDescarga;Línea;3;14;LABORABLES DE 9 A 14 H.Y DE 16,30 A 20 H. EXCEPTO CARGA Y DESCARGA;-3.7239216320;40.3924524380
438568,6400000000;4471607,7700000000;17-11-2006;11  CARABANCHEL;11-02 OPAÑEL;CAMINO VIEJO DE LEGANES, CALLE, DEL;5;CargayDescarga;Línea;3;15;;-3.7238378650;40.3928062970
438267,7100000000;4471103,8600000000;22-12-2004;11  CARABANCHEL;11-02 OPAÑEL;CASTRO DE ORO, CALLE, DE;32;CargayDescarga;Línea;3;15;LAB. DE 9 A 14 H. Y DE 16,30 A 20 H.EXCEPTO CARGA Y DESCARGA;-3.7273346270;40.3882438340
438056,9000000000;4471243,4200000000;02-12-2009;11  CARABANCHEL;11-02 OPAÑEL;CASTRO DE ORO, CALLE, DE;1;CargayDescarga;Línea;3;14,6;;-3.7298317490;40.3894860060
438953,2400000000;4471904,4300000000;21-10-2005;11  CARABANCHEL;11-02 OPAÑEL;GENERAL MARTIN CEREZO, CALLE, DEL;1;CargayDescarga;Línea;1;8,1;LAB. DE 8 A 18 H. EXCEPTO CARGA Y DESCARGA;-3.7193349330;40.3955067620
439075,7400000000;4471904,5900000000;22-01-1996;11  CARABANCHEL;11-02 OPAÑEL;JACINTO VERDAGUER, CALLE, DE;30;CargayDescarga;Línea;4;19,2;LABORABLES DE 9 A 14 H. Y DE 16,30 A 20 H. EXCEPTO CARGA Y DESCARGA ;-3.7178916520;40.3955167310
438747,6100000000;4471642,5000000000;06-06-2014;11  CARABANCHEL;11-02 OPAÑEL;MERCEDES ARTEAGA, CALLE, DE;15;CargayDescarga;Batería;3;9,3;LABORABLES DE 8 A 17 HORAS EXCEPTO CARGA Y DESCARGA EN LÍNEA;-3.7217325320;40.3931324820
438730,9300000000;4470791,7600000000;21-12-2004;11  CARABANCHEL;11-02 OPAÑEL;MERCEDES DOMINGO, CALLE, DE;30;CargayDescarga;Línea;2;10;EXCEPTO CARGA Y DESCARGA;-3.7218472380;40.3854673380
438698,4100000000;4470775,3300000000;16-11-2017;11  CARABANCHEL;11-02 OPAÑEL;OPORTO, AVENIDA, DE;24;CargayDescarga;Línea;1;15;lab. de 9 a 20 h. excepto: [CARGA Y DESCARGA];-3.7222288280;40.3853167640
438625,5300000000;4470988,5800000000;27-01-2020;11  CARABANCHEL;11-02 OPAÑEL;PORTALEGRE, CALLE, DE;63;CargayDescarga;Línea;6;14;LABORABLES DE 8 A 14 Y DE 16.30 A 19 H. EXCEPTO CARGA Y DESCARGA EN LÍNEA ;-3.7231079170;40.3872326210
438611,3600000000;4471566,3900000000;05-10-2004;11  CARABANCHEL;11-02 OPAÑEL;RADIO, CALLE, DEL;12;CargayDescarga;Línea;3;17;;-3.7233305110;40.3924361660
438521,9400000000;4471609,4600000000;26-04-2010;11  CARABANCHEL;11-02 OPAÑEL;RADIO, CALLE, DEL;1;CargayDescarga;Línea;3;15;;-3.7243882490;40.3928179280
438023,9200000000;4471213,3800000000;26-04-2010;11  CARABANCHEL;11-02 OPAÑEL;RIO DE ORO, CALLE, DEL;2;CargayDescarga;Línea;3;15;;-3.7302173490;40.3892128200
438844,9200000000;4471828,8500000000;29-07-2015;11  CARABANCHEL;11-02 OPAÑEL;SALLABERRY, CALLE, DE;2;CargayDescarga;Línea;2;10,5;LABORABLES DE 8 A 14 H. Y DE 16,30 A 19 H. EXCEPTO CARGA Y DESCARGA;-3.7206039200;40.3948176080
438453,5200000000;4471480,8600000000;14-05-2019;11  CARABANCHEL;11-02 OPAÑEL;SAN PATRICIO, CALLE, DE;1;CargayDescarga;Línea;5;25;LABORABLES DE 7.30 A 14 H EXCEPTO CARGA Y DESCARGA;-3.7251819100;40.3916543080
438431,9100000000;4471511,8400000000;14-05-2019;11  CARABANCHEL;11-02 OPAÑEL;SAN PATRICIO, CALLE, DE;2;CargayDescarga;Línea;7;35;LABORABLES DE 7.30 A 14 H. Y DE 17 A 19 H. EXCEPTO CARGA Y DESCARGA;-3.7254395120;40.3919314480
438416,4100000000;4471534,1100000000;23-03-2022;11  CARABANCHEL;11-02 OPAÑEL;SAN PATRICIO, CALLE, DE;2;CargayDescarga;Línea;2;7,8;LABORABLES DE 7.30 A 14 H. Y DE 17 A 19 H. EXCEPTO CARGA Y DESCARGA;-3.7256244620;40.3921312950
438134,4300000000;4471083,5400000000;22-12-2004;11  CARABANCHEL;11-02 OPAÑEL;VALLE DE ORO, CALLE, DE;11;CargayDescarga;Línea;5;25;;-3.7289028700;40.3880516070
437941,3000000000;4471228,4800000000;28-04-2010;11  CARABANCHEL;11-03 SAN ISIDRO;AGUEDA DIEZ, CALLE, DE;3;CargayDescarga;Línea;3;15;LABORABLES DE 8 A 14 H. Y DE 16,30 A 19 H. EXCEPTO CARGA Y DESCARGA ;-3.7311922940;40.3893425950
438255,2300000000;4471481,4500000000;16-07-2008;11  CARABANCHEL;11-03 SAN ISIDRO;ALGORTA, CALLE, DE;2;CargayDescarga;Línea;3;15,1;LABORABLES DE 8 A 14 H. Y DE 16,30 A 19 H. EXCEPTO CARGA Y DESCARGA;-3.7275182600;40.3916449110
438273,7500000000;4471578,4700000000;20-12-2004;11  CARABANCHEL;11-03 SAN ISIDRO;BLASA PEREZ, CALLE, DE;8;CargayDescarga;Línea;2;11,5;LAB. DE 8 A 14 H. Y DE 16,30 A 20 H.EXCEPTO CARGA Y DESCARGA;-3.7273094170;40.3925198180
438312,5700000000;4471523,8600000000;22-09-2011;11  CARABANCHEL;11-03 SAN ISIDRO;BLASA PEREZ, CALLE, DE;2;CargayDescarga;Línea;3;17,5;LABORABLES DE 9 A 14,00 H.Y DE 16,30 A 20,00 H.EXCEPTO CARGA Y DESCARGA;-3.7268468110;40.3920309700
437762,5000000000;4471830,7400000000;29-08-2006;11  CARABANCHEL;11-03 SAN ISIDRO;CABO NICOLAS MUR, CALLE, DEL;5;CargayDescarga;Línea;3;15;;-3.7333575590;40.3947544680
437630,4500000000;4471547,0000000000;21-12-2004;11  CARABANCHEL;11-03 SAN ISIDRO;CAÑETE, CALLE, DE;17;CargayDescarga;Línea;2;10;LAB. DE 8 A 14 H. EXCEPTO CARGA Y DESCARGA ;-3.7348856380;40.3921888200
438854,3000000000;4471898,9700000000;26-04-2010;11  CARABANCHEL;11-03 SAN ISIDRO;COMUNEROS DE CASTILLA, CALLE, DE LOS;2;CargayDescarga;Línea;3;15;;-3.7205001570;40.3954498670
437939,7700000000;4471423,8300000000;15-12-2016;11  CARABANCHEL;11-03 SAN ISIDRO;CUCLILLO, CALLE, DEL;4;CargayDescarga;Línea;1;15;LABORABLES DE 8 A 14 H. Y DE 16:30 A 19 H. EXCEPTO CARGA Y DESCARGA;-3.7312293650;40.3911024920
437615,2200000000;4471722,9600000000;07-11-1996;11  CARABANCHEL;11-03 SAN ISIDRO;FRAGATA, CALLE, DE LA;23;CargayDescarga;Línea;3;15,5;LABORABLES DE 16,30 A 19 H. EXCEPTO CARGA Y DESCARGA;-3.7350823340;40.3937724760
437743,4600000000;4471698,2800000000;20-01-2009;11  CARABANCHEL;11-03 SAN ISIDRO;FRAGATA, CALLE, DE LA;5;CargayDescarga;Línea;3;16,7;LAB. DE 8 A 14 H. Y DE 16,30 A 19 H. EXCEPTO CARGA Y DESCARGA;-3.7335690380;40.3935599660
438072,9900000000;4471301,0200000000;02-12-2009;11  CARABANCHEL;11-03 SAN ISIDRO;GENERAL RICARDOS, CALLE, DEL;146;CargayDescarga;Línea;6;30,3;Y DE 16,30 A 19 H. EXCEPTO CARGA Y DESCARGA;-3.7296478290;40.3900058510
437919,9600000000;4471171,4900000000;02-12-2009;11  CARABANCHEL;11-03 SAN ISIDRO;GENERAL RICARDOS, CALLE, DEL;162;CargayDescarga;Línea;3;13,9;LABORABLES DE 8.00 A 14.00 Y DE 16.30 A 19.00 EXCEPTO CARGA Y DESCARGA;-3.7314380360;40.3888280790
438511,1800000000;4471639,6400000000;02-12-2009;11  CARABANCHEL;11-03 SAN ISIDRO;GENERAL RICARDOS, CALLE, DEL;94;CargayDescarga;Línea;12;60,5;EXCEPTO CARGA Y DESCARGA;-3.7245179090;40.3930886500
438988,9000000000;4471999,1500000000;26-04-2010;11  CARABANCHEL;11-03 SAN ISIDRO;MANUEL CARMONA, CALLE, DE;2;CargayDescarga;Línea;3;15,4;;-3.7189238360;40.3963623020
439005,1000000000;4472153,1600000000;15-11-2017;11  CARABANCHEL;11-03 SAN ISIDRO;MANUEL FERNANDEZ CABALLERO, CALLE, DE;4;CargayDescarga;Línea;3;15;LABORABLES DE 9 A 14HORAS Y  DE 16 A 20 HORAS EXCEPTO CARGA Y DESCARGA;-3.7187477080;40.3977509800
438656,9900000000;4472638,0600000000;27-05-2007;11  CARABANCHEL;11-03 SAN ISIDRO;MANZANARES, AVENIDA, DEL;62;CargayDescarga;Línea;3;15;LABORABLES DE 8 A 14 H. Y DE 16,30 A 19 H. EXCEPTO CARGA Y DESCARGA;-3.7228961520;40.4020934840
438715,2000000000;4472478,2300000000;27-05-2007;11  CARABANCHEL;11-03 SAN ISIDRO;MANZANARES, AVENIDA, DEL;74;CargayDescarga;Línea;2;11,4;LABORABLES DE 8 A 14 H. Y DE 16,30 A 19 H. EXCEPTO CARGA Y DESCARGA ;-3.7221947940;40.4006585690
438835,3300000000;4472372,0500000000;27-05-2007;11  CARABANCHEL;11-03 SAN ISIDRO;MANZANARES, AVENIDA, DEL;90;CargayDescarga;Línea;3;15,3;LABORABLES DE 8 A 14 H.Y DE 16,30 A 19 H. EXCEPTOCARGA Y DESCARGA;-3.7207692180;40.3997107820
437719,3900000000;4471422,5800000000;01-03-2007;11  CARABANCHEL;11-03 SAN ISIDRO;MATILDE HERNANDEZ, CALLE, DE;36;CargayDescarga;Línea;3;15;;-3.7338256080;40.3910742450
437435,1800000000;4471989,7600000000;02-06-2005;11  CARABANCHEL;11-03 SAN ISIDRO;MOCHUELO, CALLE, DEL;3;CargayDescarga;Línea;2;10;LAB. DE 8 A 14 H. Y DE 16 A 20 H.EXCEPTO CARGA Y DESCARGA;-3.7372297800;40.3961626840
438957,8500000000;4472209,5900000000;01-01-1900;11  CARABANCHEL;11-03 SAN ISIDRO;QUINCE DE MAYO, PASEO, DEL;24;CargayDescarga;Línea;2;12,2;Lab. de 9 a 20 h.excepto: CARGA Y DESCARGA;-3.7193099520;40.3982557560
439035,2100000000;4472154,7000000000;22-07-2009;11  CARABANCHEL;11-03 SAN ISIDRO;QUINCE DE MAYO, PASEO, DEL;13;CargayDescarga;Línea;3;15;LABORABLES DE 8 A 14 H. Y DE 16,30 A 19 H. EXCEPTO CARGA Y DESCARGA;-3.7183931050;40.3977674810
439122,0300000000;4472110,6500000000;18-10-2006;11  CARABANCHEL;11-03 SAN ISIDRO;QUINCE DE MAYO, PASEO, DEL;3;CargayDescarga;Línea;1;15;LABORABLES DE 8 A 14 H. Y DE 16:30 A 19 H. EXCEPTO CARGA Y DESCARGA;-3.7173658490;40.3973766670
437423,1700000000;4471852,5000000000;21-12-2004;11  CARABANCHEL;11-03 SAN ISIDRO;SALVADOR ALONSO, CALLE, DE;14;CargayDescarga;Línea;1;8;LABORABLES DE 9 A 12 Y DE 16 A 18 HEXCEPTO CARGA Y DESCARGA;-3.7373577790;40.3949253810
437328,2400000000;4471852,6500000000;04-07-2002;11  CARABANCHEL;11-03 SAN ISIDRO;VIA CARPETANA, CALLE;101;CargayDescarga;Línea;3;15;;-3.7384763070;40.3949191360
437276,2600000000;4471086,2800000000;21-12-2004;11  CARABANCHEL;11-04 VISTA ALEGRE;ALONDRA, CALLE, DE LA;43;CargayDescarga;Línea;2;10;LABORABLES DE 8 A 14 H. Y DE 16,30 A 19 H. EXCEPTO CARGA Y DESCARGA ;-3.7390133400;40.3880117860
437657,6200000000;4470969,7300000000;28-04-2010;11  CARABANCHEL;11-04 VISTA ALEGRE;ALONDRA, CALLE, DE LA;2;CargayDescarga;Línea;3;15;LAB. DE 8 A 14 H Y DE 16,30 A 19 H. EXCEPTO CARGA Y DESCARGA ;-3.7345090320;40.3869906610
437504,6400000000;4471091,2100000000;21-05-2013;11  CARABANCHEL;11-04 VISTA ALEGRE;ALONDRA, CALLE, DE LA;19;CargayDescarga;Línea;2;12;LABORABLES DE 8 A 14 H. EXCEPTO CARGA Y DESCARGA;-3.7363231890;40.3880734940
437342,3800000000;4471278,5000000000;12-04-2012;11  CARABANCHEL;11-04 VISTA ALEGRE;AMISTAD, CALLE, DE LA;11;CargayDescarga;Línea;3;15;LABORABLES DE 8 A 15 H. Y DE 16:30 A 19 H. EXCEPTO CARGA Y DESCARGA;-3.7382532540;40.3897481920
436988,2900000000;4471378,7500000000;02-11-2016;11  CARABANCHEL;11-04 VISTA ALEGRE;CAMICHI, CALLE, DE;28;CargayDescarga;Línea;1;5,5;DE LUNES A VIERNES DE 8 A 14 h EXCEPTO CARGA Y DESCARGA;-3.7424347580;40.3906245310
437146,6100000000;4470845,6700000000;23-12-2004;11  CARABANCHEL;11-04 VISTA ALEGRE;CASTROJERIZ, CALLE, DE;9;CargayDescarga;Línea;3;15;;-3.7405170110;40.3858347180
437253,0900000000;4470981,1800000000;14-10-2020;11  CARABANCHEL;11-04 VISTA ALEGRE;CASTROJERIZ, CALLE, DE;12;CargayDescarga;Línea;3;15;LAB. DE 8 A 14 H Y DE 16,30 A 19 H. EXCEPTO CARGA Y DESCARGA;-3.7392758690;40.3870629110
436867,6400000000;4471051,4500000000;15-12-2004;11  CARABANCHEL;11-04 VISTA ALEGRE;DOCTOR URQUIOLA, CALLE, DEL;25;CargayDescarga;Línea;2;11;ZONA RESERVADA PARA SUBIDA Y BAJADA DE VIAJEROS CARGA Y DESCARGA;-3.7438238360;40.3876670370
437417,3800000000;4471177,7300000000;21-12-2004;11  CARABANCHEL;11-04 VISTA ALEGRE;EDUARDO MORALES, CALLE, DE;16;CargayDescarga;Línea;3;15;LAB. DE 9 A 14 H. Y DE 16,30 A 20 H.EXCEPTO CARGA Y DESCARGA;-3.7373596690;40.3888461270
436813,1200000000;4470887,3400000000;02-09-2002;11  CARABANCHEL;11-04 VISTA ALEGRE;EL ESPINAR, CALLE, DE;14;CargayDescarga;Línea;1;7,5;;-3.7444499070;40.3861845090
437012,7400000000;4470863,4000000000;01-02-2008;11  CARABANCHEL;11-04 VISTA ALEGRE;EULALIA GIL, CALLE, DE;7;CargayDescarga;Línea;2;12;LABORABLES DE 9 A 14 H. Y DE 16,30 A 20 H. EXCEPTO CARGA Y DESCARGA EN LINEA;-3.7420957380;40.3859846610
437598,3500000000;4470937,5400000000;28-07-2005;11  CARABANCHEL;11-04 VISTA ALEGRE;FRANCISCO GARCIA, CALLE, DE;3;CargayDescarga;Línea;1;5;LABORABLES DE 9 A 18 H.EXCEPTO CARGA Y DESCARGA;-3.7352042020;40.3866965040
437612,9600000000;4470930,6400000000;28-04-2010;11  CARABANCHEL;11-04 VISTA ALEGRE;FRANCISCO GARCIA, CALLE, DE;2;CargayDescarga;Línea;3;15;;-3.7350314550;40.3866354840
436964,1000000000;4470702,1500000000;01-01-1900;11  CARABANCHEL;11-04 VISTA ALEGRE;FRANCOLIN, CALLE, DEL;Fte 34;CargayDescarga;Línea;3;15;LABORABLES DE 9 A 13 H Y DE 16 A 20 HEXCEPTO CARGA Y DESCARGA;-3.7426528250;40.3845278020
436938,0300000000;4471003,5300000000;30-11-2007;11  CARABANCHEL;11-04 VISTA ALEGRE;HALCON, CALLE, DEL;36;CargayDescarga;Línea;3;15;;-3.7429897820;40.3872407570
437105,6800000000;4470892,7600000000;23-12-2004;11  CARABANCHEL;11-04 VISTA ALEGRE;JABIRU, CALLE, DEL;12;CargayDescarga;Línea;3;18;;-3.7410037380;40.3862554990
436824,4900000000;4471035,4300000000;19-10-2010;11  CARABANCHEL;11-04 VISTA ALEGRE;MARCELINO CAMACHO, PASEO, DE;49;CargayDescarga;Línea;2;11;LABORABLES DE 9 A 14 H.Y DE 16,30 A 20 H. EXCEPTO CARGA Y DESCARGA;-3.7443305600;40.3875193290
436976,4700000000;4470959,6600000000;01-01-1900;11  CARABANCHEL;11-04 VISTA ALEGRE;MARCELINO CAMACHO, PASEO, DE;36;CargayDescarga;Línea;3;15;LAB. DE 8 A 14 H. Y DE16,30 A 19 H. EXCEPTO CARGA Y DESCARGA;-3.7425326190;40.3868490260
436864,7900000000;4471017,4100000000;18-12-1996;11  CARABANCHEL;11-04 VISTA ALEGRE;MARCELINO CAMACHO, PASEO, DE;58;CargayDescarga;Línea;3;15;LABORABLES DE 9 A 14 H Y DE 16,30 A 20H EXCEPTO CARGA Y DESCARGA;-3.7438540310;40.3873600470
437200,1900000000;4470744,3100000000;23-12-2004;11  CARABANCHEL;11-04 VISTA ALEGRE;MARCELINO CAMACHO, PASEO, DE;3;CargayDescarga;Línea;4;20;LAB. DE 9 A 14 H Y DE 16,30 A 20 H. EXCEPTO CARGA Y DESCARGA;-3.7398758710;40.3849257780
437451,8500000000;4470971,7600000000;23-12-2004;11  CARABANCHEL;11-04 VISTA ALEGRE;MATILDE HERNANDEZ, CALLE, DE;88;CargayDescarga;Línea;3;14;LAB. DE 9 A 14 H. Y DE 16,30 A 20 H.EXCEPTO CARGA Y DESCARGA EN LINEA;-3.7369334460;40.3869938120
436788,6700000000;4470834,4800000000;24-04-2000;11  CARABANCHEL;11-04 VISTA ALEGRE;NUESTRA SEÑORA DE FATIMA, AVENIDA, DE;19;CargayDescarga;Línea;3;15;LABORABLES DE 9 A 14 H Y DE 16,30 A 20 H EXCEPTO CARGA Y DESCARGA;-3.7447327190;40.3857071210
436907,0700000000;4470967,0400000000;31-07-1997;11  CARABANCHEL;11-04 VISTA ALEGRE;NUESTRA SEÑORA DE FATIMA, AVENIDA, DE;1;CargayDescarga;Línea;3;15;LABORABLES DE 8 A 14 H Y DE 16,30 A 20 H EXCEPTO CARGA Y DESCARGA;-3.7433509740;40.3869099310
436496,0700000000;4470313,0600000000;25-03-2013;11  CARABANCHEL;11-04 VISTA ALEGRE;NUESTRA SEÑORA DE FATIMA, AVENIDA, DE;79;CargayDescarga;Línea;3;15;Laborables de 8 a 14h y de 16,30 a 19h. Excepto Carga y Descarga;-3.7481277240;40.3809868650
436721,4100000000;4470804,1400000000;09-02-2015;11  CARABANCHEL;11-04 VISTA ALEGRE;NUESTRA SEÑORA DE FATIMA, AVENIDA, DE;22;CargayDescarga;Línea;2;14;LABORABLES DE 8 A 17 H. EXCEPTO CARGA Y DESCARGA;-3.7455220260;40.3854283770
436510,9000000000;4470439,6200000000;15-07-2021;11  CARABANCHEL;11-04 VISTA ALEGRE;NUESTRA SEÑORA DE FATIMA, AVENIDA, DE;71;CargayDescarga;Línea;3;15;LABORABLES DE 8 A 14 H. Y DE 16,30 A 19 H. EXCEPTO CARGA Y DESCARGA;-3.7479656910;40.3821288270
436976,5000000000;4470525,2600000000;28-04-2010;11  CARABANCHEL;11-04 VISTA ALEGRE;NUESTRA SEÑORA DE LA LUZ, CALLE, DE;8;CargayDescarga;Línea;3;15;;-3.7424893030;40.3829354370
437352,2900000000;4471458,8400000000;21-12-2004;11  CARABANCHEL;11-04 VISTA ALEGRE;NUESTRA SEÑORA DE VALVANERA, AVENIDA, DE;97;CargayDescarga;Línea;3;15;;-3.7381541900;40.3913737880
437465,0900000000;4471384,2300000000;28-09-2021;11  CARABANCHEL;11-04 VISTA ALEGRE;NUESTRA SEÑORA DE VALVANERA, AVENIDA, DE;79;CargayDescarga;Línea;3;15;LABORABLES DE LUNES A VIERNES DE 8 A 14,30 Y DE 16,30 A 19,30 H. SÁBADOS LABORABLES DE 8 A 15 H. EXCEPTO CARGA Y DESCARGA;-3.7368180520;40.3907104170
436892,8900000000;4471111,3800000000;15-12-2004;11  CARABANCHEL;11-04 VISTA ALEGRE;OCA, CALLE, DE LA;102;CargayDescarga;Línea;4;20;LABORABLES DE 9 A 14 H.Y DE 16,30 A 20 H. EXCEPTOCARGA Y DESCARGA;-3.7435323730;40.3882087690
437246,0500000000;4471188,2200000000;21-12-2004;11  CARABANCHEL;11-04 VISTA ALEGRE;OCA, CALLE, DE LA;65;CargayDescarga;Línea;3;15;LAB. DE 9 A 14 H. Y DE 16,30 A 20 H.EXCEPTO CARGA Y DESCARGA;-3.7393792310;40.3889274300
437286,6600000000;4471209,5900000000;21-12-2004;11  CARABANCHEL;11-04 VISTA ALEGRE;OCA, CALLE, DE LA;66;CargayDescarga;Línea;3;15;LAB. DE 9 A 14 H. Y DE 16,30 A 20 H.EXCEPTO CARGA Y DESCARGA;-3.7389029310;40.3891234960
437568,1000000000;4471268,6800000000;27-09-2005;11  CARABANCHEL;11-04 VISTA ALEGRE;OCA, CALLE, DE LA;27;CargayDescarga;Línea;3;15;;-3.7355930690;40.3896766300
437430,8200000000;4471245,8300000000;21-12-2004;11  CARABANCHEL;11-04 VISTA ALEGRE;OCA, CALLE, DE LA;50;CargayDescarga;Línea;3;15;LABOR. DE 9 A 14 H. Y DE 16,30 A 20 H.EXCEPTO CARGA Y DESCARGA;-3.7372081220;40.3894610830
437144,3200000000;4471163,4900000000;23-10-2019;11  CARABANCHEL;11-04 VISTA ALEGRE;OCA, CALLE, DE LA;73;CargayDescarga;Línea;1;7;LABOR. DE 9 A 14 H. Y DE 16,30 A 20 H. EXCEPTO  CARGA Y DESCARGA ;-3.7405752230;40.3886977880
437062,0300000000;4471153,9300000000;24-06-2021;11  CARABANCHEL;11-04 VISTA ALEGRE;OCA, CALLE, DE LA;84;CargayDescarga;Línea;2;18;LABORABLES DE 8 A 14 H. Y DE 16,30 A 19 H. EXCEPTO CARGA Y DESCARGA;-3.7415438650;40.3886049690
437174,9300000000;4471105,9800000000;21-12-2004;11  CARABANCHEL;11-04 VISTA ALEGRE;PINZON, CALLE, DEL;40;CargayDescarga;Línea;3;15;LABOR. DE 9 A 14 H. Y DE 16,30 A 20 H.EXCEPTO  CARGA Y DESCARGA;-3.7402090460;40.3881814960
437423,4000000000;4470967,7400000000;23-12-2004;11  CARABANCHEL;11-04 VISTA ALEGRE;RAMON SAINZ, CALLE, DE;17;CargayDescarga;Línea;4;20;LAB. DE 9 A 14 H Y DE 16,30 A 20 H. EXCEPTO CARGA Y DESCARGA;-3.7372681680;40.3869551950
437503,1800000000;4470887,6800000000;03-05-2010;11  CARABANCHEL;11-04 VISTA ALEGRE;RAMON SAINZ, CALLE, DE;7;CargayDescarga;Línea;3;15;LAB. DE 8 A 14H. Y DE 16,30 A 19 H. EXCEPTO CARGA Y DESCARGA;-3.7363203810;40.3862400290
436919,4300000000;4470440,8300000000;28-04-2010;11  CARABANCHEL;11-04 VISTA ALEGRE;REINOSA, CALLE, DE;6;CargayDescarga;Línea;3;15;;-3.7431532470;40.3821708250
437046,0400000000;4471298,3100000000;11-11-1997;11  CARABANCHEL;11-04 VISTA ALEGRE;TUCAN, CALLE, DEL;29;CargayDescarga;Línea;8;41,7;LABORABLES DE 09 A 20 H. EXCEPTO CARGA Y DESCARGA;-3.7417465210;40.3899042660
437086,9900000000;4471299,0800000000;15-12-2004;11  CARABANCHEL;11-04 VISTA ALEGRE;TUCAN, CALLE, DEL;25;CargayDescarga;Línea;3;17,4;LABORABLES DE 9 A 14 H.Y DE 16,30 A 20 H. EXCEPTO CARGA Y DESCARGA EN LINEA;-3.7412640900;40.3899149800
437174,7000000000;4471321,5100000000;15-03-2022;11  CARABANCHEL;11-04 VISTA ALEGRE;TUCAN, CALLE, DEL;28;CargayDescarga;Línea;1;7,5;LABORABLES DE 8 A 14 HORAS EXCEPTO CARGA Y DESCARGA;-3.7402329950;40.3901229060
437308,6000000000;4470948,3100000000;07-11-2008;11  CARABANCHEL;11-04 VISTA ALEGRE;UTEBO, CALLE, DE;1;CargayDescarga;Línea;7;40;;-3.7386187440;40.3867713320
437049,2500000000;4471559,2100000000;18-10-2006;11  CARABANCHEL;11-04 VISTA ALEGRE;VIA CARPETANA, CALLE;145;CargayDescarga;Línea;3;18;LABORABLES DE 8 A 14 Y DE 16,30 A 19 H. EXCEPTO CARGA Y DESCARGA;-3.7417344310;40.3922550540
436909,1600000000;4471372,9600000000;24-05-2005;11  CARABANCHEL;11-04 VISTA ALEGRE;VIA CARPETANA, CALLE;173;CargayDescarga;Línea;2;13,9;;-3.7433665020;40.3905665480
436988,3900000000;4471493,3200000000;19-02-2021;11  CARABANCHEL;11-04 VISTA ALEGRE;VIA CARPETANA, CALLE;153;CargayDescarga;Línea;3;15;LABORABLES DE 8 A 14:30 H. EXCEPTO CARGA Y DESCARGA;-3.7424449560;40.3916565420
437742,4800000000;4470980,2400000000;28-04-2010;11  CARABANCHEL;11-05 PUERTA BONITA;ALEJANDRO MORAN, CALLE, DE;1;CargayDescarga;Línea;3;15;LAB. DE 8 A 14 H Y DE 16,30 A 19 H. EXCEPTO CARGA Y DESCARGA ;-3.7335103100;40.3870916160
437991,5200000000;4470598,5300000000;22-12-2004;11  CARABANCHEL;11-05 PUERTA BONITA;ALVAREZ ABELLAN, CALLE, DE;28;CargayDescarga;Línea;3;16;LABORABLES DE 9 A 12 H Y DE 16 A 18 HEXCEPTO CARGA Y DESCARGA;-3.7305392940;40.3836711150
437058,1900000000;4470315,4400000000;18-02-2014;11  CARABANCHEL;11-05 PUERTA BONITA;ANTONIO ANTORANZ, CALLE, DE;26;CargayDescarga;Batería;3;9;LABORABLES DE 9 A 14 H. Y DE 16,30 A 20 H. EXCEPTO CARGA Y DESCARGA EN LINEA;-3.7415062220;40.3810517240
438018,4700000000;4470640,6300000000;22-12-2004;11  CARABANCHEL;11-05 PUERTA BONITA;AVEFRIA, CALLE, DEL;7;CargayDescarga;Línea;1;4;Lab. de 9 a 20 h.excepto: CARGA Y DESCARGA;-3.7302258290;40.3840529910
438053,9300000000;4470520,8800000000;21-01-2017;11  CARABANCHEL;11-05 PUERTA BONITA;CAMINO VIEJO DE LEGANES, CALLE, DEL;122;CargayDescarga;Línea;1;8;LABORABLES DE 8 A 17 H. EXCEPTO CARGA Y DESCARGA;-3.7297963970;40.3829770340
436600,7200000000;4469798,1700000000;22-07-1997;11  CARABANCHEL;11-05 PUERTA BONITA;CASTELLANOS, PASEO, DE LOS;20;CargayDescarga;Línea;3;15;LABORABLES DE 8 A 14 H. Y DE 16,30 A 20 H.EXCEPTO CARGA Y DESCARGA;-3.7468437820;40.3763569650
436536,0500000000;4469846,5100000000;22-02-2021;11  CARABANCHEL;11-05 PUERTA BONITA;CASTELLANOS, PASEO, DE LOS;15;CargayDescarga;Línea;4;21,4;LABORABLES DE 8 A 15 H. EXCEPTO CARGA Y DESCARGA;-3.7476103430;40.3767874860
436590,2400000000;4469889,2300000000;27-12-2004;11  CARABANCHEL;11-05 PUERTA BONITA;FEDERICO GRASES, CALLE, DE;18;CargayDescarga;Línea;3;18;LABORABLES DE 8 A 20 HORAS EXCEPTO CARGA Y DESCARGA MÁXIMO 15 MINUTOS;-3.7469761930;40.3771764090
436681,2000000000;4469832,2100000000;20-09-2005;11  CARABANCHEL;11-05 PUERTA BONITA;FEDERICO GRASES, CALLE, DE;32;CargayDescarga;Línea;3;15;;-3.7458992040;40.3766698000
438033,1700000000;4470857,2200000000;07-05-2018;11  CARABANCHEL;11-05 PUERTA BONITA;FRANCISCO GUZMAN, CALLE, DE;5;CargayDescarga;Línea;2;12;LABORABLES DE 8 A 17 HORAS EXCEPTO CARGA Y DESCARGA;-3.7300736520;40.3860047720
437095,3600000000;4470555,9200000000;25-10-2005;11  CARABANCHEL;11-05 PUERTA BONITA;FRANCISCO ROMERO, CALLE, DE;Fte 15;CargayDescarga;Línea;2;9;LUNES DE 10:00 A 12:00 H.Y JUEVES DE 14:00 A 16:00 H.EXCEPTO CARGA Y DESCARGA;-3.7410920310;40.3832201400
438024,7100000000;4470610,7600000000;22-12-2004;11  CARABANCHEL;11-05 PUERTA BONITA;JILGUERO, CALLE, DEL;2;CargayDescarga;Línea;3;17;;-3.7301493970;40.3837839300
437874,9400000000;4470533,2800000000;30-05-2005;11  CARABANCHEL;11-05 PUERTA BONITA;JULIO ANTONIO, CALLE, DE;25;CargayDescarga;Línea;3;15;LAB. DE 9 A 14 H. Y DE 16 A 18 H.EXCEPTO CARGA Y DESCARGA;-3.7319063140;40.3830754110
437999,4800000000;4470512,7300000000;23-12-2004;11  CARABANCHEL;11-05 PUERTA BONITA;JULIO ANTONIO, CALLE, DE;5;CargayDescarga;Línea;3;16;LAB. DE 9 A 14 H. Y DE 16,30 A 20 H.EXCEPTO CARGA Y DESCARGA;-3.7304371930;40.3828992260
437964,9200000000;4471032,6800000000;05-08-2010;11  CARABANCHEL;11-05 PUERTA BONITA;OPORTO, AVENIDA, DE;85;CargayDescarga;Línea;3;16;;-3.7308948150;40.3875806350
438152,6600000000;4470922,9900000000;11-05-2018;11  CARABANCHEL;11-05 PUERTA BONITA;OPORTO, AVENIDA, DE;63;CargayDescarga;Línea;1;14;LABORABLES DE 8 A 14 H. EXCEPTO CARGA Y DESCARGA;-3.7286725980;40.3866062630
437833,2300000000;4471054,6300000000;04-05-2017;11  CARABANCHEL;11-05 PUERTA BONITA;PARRA, CALLE, DE LA;48;CargayDescarga;Línea;1;15;LABORABLES DE 8 A 17 H. EXCEPTO CARGA Y DESCARGA;-3.7324484470;40.3877681070
437975,9000000000;4470634,6900000000;12-02-2020;11  CARABANCHEL;11-05 PUERTA BONITA;TARIFA, PLAZA, DE;5;CargayDescarga;Línea;2;7;LABORABLES DE 8 A 14.30 EXCEPTO CARGA Y DESCARGA;-3.7307267660;40.3839959820
436728,0600000000;4469108,5300000000;03-05-2007;11  CARABANCHEL;11-06 BUENAVISTA;AGUACATE, CALLE, DEL;29;CargayDescarga;Línea;3;15;LABORABLES DE 8 A 14 H. Y DE 16,30 A 19 H. EXCEPTO CARGA Y DESCARGA;-3.7452753100;40.3701540090
435969,0400000000;4468959,7500000000;21-01-2015;11  CARABANCHEL;11-06 BUENAVISTA;ALFREDO ALEIX, CALLE, DE;10;CargayDescarga;Línea;3;15;LABORABLES DE LUNES A VIERNES DE 8 A 15 H. EXCEPTO CARGA Y DESCARGA;-3.7542001020;40.3687559920
436065,8300000000;4469181,8600000000;30-11-2016;11  CARABANCHEL;11-06 BUENAVISTA;CARABANCHEL ALTO, AVENIDA, DE;56;CargayDescarga;Batería;1;3,5;Laborables 8 a 14h y de 16.30 a 19 h. Excepto Carga y Descarga;-3.7530823190;40.3707639230
436325,2400000000;4469474,5500000000;29-12-2004;11  CARABANCHEL;11-06 BUENAVISTA;DUQUESA DE TAMAMES, CALLE, DE LA;2;CargayDescarga;Línea;2;10;lab. de 9 a 20 h. excepto: [CARGA Y DESCARGA];-3.7500562420;40.3734204420
435947,5000000000;4468555,6200000000;27-01-2009;11  CARABANCHEL;11-06 BUENAVISTA;ENRIQUE MARTINEZ, CALLE, DE;3;CargayDescarga;Línea;3;15;LABORABLES DE 8 A 14 H. Y DE 16,30 A 19 H. EXCEPTO CARGA Y DESCARGA;-3.7544131850;40.3651130690
436234,8500000000;4469531,7100000000;01-07-2010;11  CARABANCHEL;11-06 BUENAVISTA;EUGENIA DE MONTIJO, CALLE, DE;107;CargayDescarga;Línea;2;10;;-3.7511266420;40.3739287130
436258,3800000000;4469619,3900000000;28-12-2004;11  CARABANCHEL;11-06 BUENAVISTA;EUGENIA DE MONTIJO, CALLE, DE;93;CargayDescarga;Línea;4;22;LABORABLES DE 9 A 20 H. EXCEPTO CARGA Y DESCARGA ;-3.7508583260;40.3747204260
435755,1800000000;4468952,9300000000;19-02-1997;11  CARABANCHEL;11-06 BUENAVISTA;GOMEZ DE ARTECHE, CALLE, DE;39;CargayDescarga;Línea;3;15;laborables de 9 a 14 h. y de 16,30 a 20 h.excepto carga y descarga;-3.7567183090;40.3686777840
436019,4700000000;4469348,5900000000;21-03-2014;11  CARABANCHEL;11-06 BUENAVISTA;JOAQUIN TURINA, CALLE, DE;38;CargayDescarga;Línea;3;15;LABORABLES DE 7 A 21 H. EXCEPTO CARGA Y DESCARGA;-3.7536452500;40.3722625510
435638,3100000000;4469469,5300000000;01-01-1900;11  CARABANCHEL;11-06 BUENAVISTA;JOSE CABRERA, CALLE, DE;8;CargayDescarga;Línea;3;14;lab. de 9 a 20 h.excepto: [CARGA Y DESCARGA];-3.7581468650;40.3733223510
435677,5800000000;4469571,7500000000;14-02-1995;11  CARABANCHEL;11-06 BUENAVISTA;MASCARAQUE, CALLE, DE;15;CargayDescarga;Línea;3;15;lab. de 9 a 14 h. y de 16,30 a 20 h.excepto: CARGA Y DESCARGA;-3.7576946290;40.3742467040
435512,2100000000;4468861,3000000000;03-08-2017;11  CARABANCHEL;11-06 BUENAVISTA;RUFINO REJON, CALLE, DE;12;CargayDescarga;Línea;1;8;LABORABLES DE 9 A 14 H. Y DE 16:30 A 19 H. EXCEPTO CARGA Y DESCARGA;-3.7595705500;40.3678339890
435637,8900000000;4468121,9300000000;04-02-2015;11  CARABANCHEL;11-06 BUENAVISTA;SALVADOR ALLENDE, CALLE, DE;34 B;CargayDescarga;Línea;3;15;LABORABLES DE 8 A 17 H EXCEPTO CARGA Y DESCARGA;-3.7580158290;40.3611831520
437011,2400000000;4469339,4200000000;16-07-2013;11  CARABANCHEL;11-06 BUENAVISTA;SECOYA, CALLE, DE LA;5;CargayDescarga;Línea;3;15;Laborables de 8 a 14 horas y de 16,30 a 19 horas Excepto Carga y Descarga;-3.7419628120;40.3722557330
437227,7400000000;4468573,1800000000;16-11-2018;11  CARABANCHEL;11-06 BUENAVISTA;TRESETA, CALLE, DE LA;7;CargayDescarga;Línea;2;15;LABORABLES DE 8 A 17 H. EXCEPTO CARGA Y DESCARGA;-3.7393373480;40.3653690100
437977,1600000000;4470309,2900000000;23-12-2004;11  CARABANCHEL;11-07 ABRANTES;ALFONSO MARTINEZ CONDE, CALLE, DE;1;CargayDescarga;Línea;3;16;lab. de 9 a 20 h. excepto: [CARGA Y DESCARGA] ;-3.7306802420;40.3810647300
438140,0200000000;4470661,4900000000;22-12-2004;11  CARABANCHEL;11-07 ABRANTES;CAMINO VIEJO DE LEGANES, CALLE, DEL;137;CargayDescarga;Línea;3;17;LABORABLES DE 9 A 14 H. Y DE 16,30 A 20 H. EXCEPTO CARGA Y DESCARGA;-3.7287960130;40.3842495160
437811,5400000000;4470107,1200000000;23-12-2004;11  CARABANCHEL;11-07 ABRANTES;CAMINO VIEJO DE LEGANES, CALLE, DEL;S/N;CargayDescarga;Línea;2;12;Lab. de 9 a 20 h.excepto: CARGA Y DESCARGA;-3.7326115680;40.3792308640
437916,3800000000;4470286,5000000000;25-03-2013;11  CARABANCHEL;11-07 ABRANTES;CAMINO VIEJO DE LEGANES, CALLE, DEL;150;CargayDescarga;Línea;2;10;LABORABLES DE 8 A 14 H. EXCEPTO CARGA Y DESCARGA;-3.7313940330;40.3808551990
437943,6100000000;4470331,6400000000;07-05-2021;11  CARABANCHEL;11-07 ABRANTES;CAMINO VIEJO DE LEGANES, CALLE, DEL;144;CargayDescarga;Línea;3;13,2;LABORABLES DE 9 A 14 H. Y DE 16,30 A 20 H. EXCEPTO CARGA Y DESCARGA TIEMPO MÁXIMO 30 MINUTOS;-3.7310776450;40.3812638900
438222,0500000000;4469470,1300000000;19-03-2007;11  CARABANCHEL;11-07 ABRANTES;CARRANQUE, CALLE, DE;1;CargayDescarga;Línea;3;15;;-3.7277141540;40.3735233450
438207,6100000000;4470438,5600000000;04-08-2016;11  CARABANCHEL;11-07 ABRANTES;CHIMBO, CALLE, DEL;21;CargayDescarga;Línea;1;15;DE LUNES A VIERNES DE 9 A 14 H. EXCEPTO CARGA Y DESCARGA;-3.7279780580;40.3822462840
438224,5500000000;4470761,7200000000;29-02-2012;11  CARABANCHEL;11-07 ABRANTES;FRANCISCO DE ICAZA, CALLE, DE;13;CargayDescarga;Línea;3;15;;-3.7278098380;40.3851592580
438264,7100000000;4470465,4500000000;23-12-2004;11  CARABANCHEL;11-07 ABRANTES;LUIS DOMINGO, CALLE, DE;12;CargayDescarga;Línea;3;19;LABORABLES DE 10 A 14 H Y DE 17 A 20 HEXCEPTO CARGA Y DESCARGA;-3.7273080990;40.3824925410
438156,6400000000;4470519,2200000000;23-08-2013;11  CARABANCHEL;11-07 ABRANTES;MINEROS, CALLE, DE LOS;7;CargayDescarga;Línea;1;9;Lab. De 8 a 14 h. y de 16.30 a 19 h. Excepto: CARGA Y DESCARGA;-3.7285863100;40.3829692420
438267,4600000000;4470858,4000000000;29-07-2011;11  CARABANCHEL;11-07 ABRANTES;OPORTO, AVENIDA, DE;49;CargayDescarga;Línea;4;21,4;Lab. de 9 a 20 h.excepto: CARGA Y DESCARGA;-3.7273138280;40.3860326180
438664,8600000000;4470765,2900000000;05-06-1998;11  CARABANCHEL;11-07 ABRANTES;OPORTO, AVENIDA, DE;17;CargayDescarga;Línea;3;15,1;LAB. DE 9 A 14 H. Y DE 16,30 A 20 H.EXCEPTO CARGA Y DESCARGA;-3.7226231950;40.3852235440
438329,4900000000;4470834,0800000000;22-12-2004;11  CARABANCHEL;11-07 ABRANTES;OPORTO, AVENIDA, DE;41;CargayDescarga;Línea;2;13;LABORABLES DE 9 A 14 H. Y DE 16,30 A 20 H. EXCEPTO CARGA Y DESCARGA;-3.7265806720;40.3858189050
437995,5200000000;4470386,7500000000;23-12-2004;11  CARABANCHEL;11-07 ABRANTES;PAPAGAYO, CALLE, DEL;4;CargayDescarga;Línea;3;16;EXCEPTO CARGA Y DESCARGA Y RECOGIDA DE BASURAS;-3.7304715130;40.3817640250
438207,6100000000;4470595,9500000000;01-01-1900;11  CARABANCHEL;11-07 ABRANTES;PELICANO, CALLE, DEL;22;CargayDescarga;Línea;3;18,9;LABORABLES DE 9 A 12 H Y DE 16 A 18 HEXCEPTO CARGA Y DESCARGA;-3.7279932990;40.3836640680
438124,5200000000;4470586,2200000000;06-02-2013;11  CARABANCHEL;11-07 ABRANTES;PELICANO, CALLE, DEL;35;CargayDescarga;Línea;3;18;LABORABLES DE 9 A 14 H.Y DE 16,30 A 20 H. EXCEPTOCARGA Y DESCARGA;-3.7289712810;40.3835701030
438151,3800000000;4470595,2200000000;06-03-2020;11  CARABANCHEL;11-07 ABRANTES;PELICANO, CALLE, DEL;34;CargayDescarga;Línea;2;20;LABORABLES DE 8 A 14 H.Y DE 16,30 A 19 H. EXCEPTOCARGA Y DESCARGA;-3.7286557530;40.3836539840
438335,0600000000;4470737,4300000000;10-05-2010;11  CARABANCHEL;11-07 ABRANTES;SAN VICENTE DE PAUL, PLAZA, DE;2;CargayDescarga;Línea;3;15;LABORABLES DE 8 A 14 H. Y DE 16,30 A 19 H. EXCEPTO CARGA Y DESCARGA ;-3.7265056710;40.3849478940
438490,1400000000;4470567,5100000000;21-02-2014;11  CARABANCHEL;11-07 ABRANTES;SETUBAL, PLAZA, DE;S/N;CargayDescarga;Batería;6;12;LABORABLES DE 9 A 14 H. Y DE 16,30 A 20 H. EXCEPTO CARGA Y DESCARGA;-3.7246622940;40.3834293840
438065,4000000000;4469848,3400000000;16-06-2015;11  CARABANCHEL;11-07 ABRANTES;VIA LUSITANA, CALLE;S/N;CargayDescarga;Línea;3;15;EXCEPTO CARGA Y DESCARGA DE CISTERNAS DE AGUA RECICLADA;-3.7295959190;40.3769192660
439737,1100000000;4469029,1600000000;01-01-1900;12  USERA;12-01 ORCASITAS;GRAN AVENIDA, CALLE;5;CargayDescarga;Línea;3;15,2;LABORABLES DE 8 A 14 H. Y DE 16,30 A19 H.  EXCEPTO CARGA Y DESCARGA;-3.7098270420;40.3696618390
439721,4400000000;4468993,8700000000;10-01-2005;12  USERA;12-01 ORCASITAS;GRAN AVENIDA, CALLE;8;CargayDescarga;Línea;2;10;lab. de 9 a 20 h. excepto: [CARGA Y DESCARGA];-3.7100083260;40.3693430450
439349,0000000000;4469072,3600000000;30-11-2007;12  USERA;12-01 ORCASITAS;LEIZA, CALLE, DE;10;CargayDescarga;Línea;6;32,5;LABORABLES DE 8,00 A 14,00 H. Y DE 16,30 A 19,00 H.EXCEPTO CARGA Y DESCARGA EN LINEA;-3.7144023960;40.3700224010
440986,5000000000;4469212,5900000000;31-07-2014;12  USERA;12-02 ORCASUR;ANDALUCIA, AVENIDA, DE;S/N;CargayDescarga;Línea;3;18;LABORABLES DE 8:00 A 17 :00 HEXCEPTO CARGA Y DESCARGA;-3.6951287260;40.3714037450
440966,4900000000;4469159,8900000000;01-07-2010;12  USERA;12-02 ORCASUR;POBLADOS, AVENIDA, DE LOS;189;CargayDescarga;Línea;2;15;LABORABLES DE 8 A 17 H EXCEPTO CARGA Y DESCARGA;-3.6953595710;40.3709277890
441345,8800000000;4469220,8300000000;01-10-2018;12  USERA;12-03 SAN FERMÍN;BARRANCA, CALLE, DE;22;CargayDescarga;Línea;1;7;LABORABLES DE 8:00 A 10:30 H Y DE 17:00 A 18:30 H EXCEPTO VEHÍCULOS AUTORIZADOS DEL CENTRO DE MAYORES SAN FERMÍN;-3.6908966310;40.3715035540
441361,7000000000;4469400,3200000000;07-02-2005;12  USERA;12-03 SAN FERMÍN;ELIZONDO, CALLE, DE;20;CargayDescarga;Línea;4;20;LABORABLES DE 8 A 11 H.EXCEPTO CARGA Y DESCARGA;-3.6907267490;40.3731214720
441449,6500000000;4469559,9900000000;05-01-2005;12  USERA;12-03 SAN FERMÍN;GIRALDA, CALLE, DE LA;17;CargayDescarga;Línea;1;8;LABORABLES DE 8 A 14 H. EXCEPTO CARGA Y DESCARGA;-3.6897055090;40.3745657840
441165,2000000000;4469450,2600000000;31-03-2003;12  USERA;12-03 SAN FERMÍN;MEZQUITA, CALLE, DE LA;2;CargayDescarga;Línea;2;10;DIAS LECTIVOS DE 7,30 A 17,30 H.EXCEPTO CARGA Y DESCARGA;-3.6930458530;40.3735575510
441435,1300000000;4469460,6600000000;12-01-2006;12  USERA;12-03 SAN FERMÍN;MEZQUITA, CALLE, DE LA;28;CargayDescarga;Línea;3;15,1;LABORABLES DE 8 A 14 H. Y DE 16,30 A 19 H. EXCEPTO CARGA Y DESCARGA;-3.6898674270;40.3736702510
441261,3500000000;4469374,0600000000;12-01-2005;12  USERA;12-03 SAN FERMÍN;TACONERA, CALLE, DE;18;CargayDescarga;Línea;3;14,5;LAB. DE 8 A 14 H. EXCEPTO CARGA Y DESCARGA;-3.6919063540;40.3728774500
440570,7400000000;4470755,9100000000;03-11-2000;12  USERA;12-04 ALMENDRALES;ALMENDRALES, CALLE, DE LOS;34;CargayDescarga;Línea;3;16;LABORABLES DE 9 A 14 H Y DE 16.30 A 20 HEXCEPTO CARGA Y DESCARGA;-3.7001695520;40.3852774600
440263,6500000000;4470675,9000000000;01-10-2012;12  USERA;12-04 ALMENDRALES;AMOR HERMOSO, CALLE, DEL;52;CargayDescarga;Línea;2;10;De lunes a viernes de 9 a 14 horas excepto carga y descarga;-3.7037798730;40.3845341040
440335,3000000000;4470740,3000000000;01-01-1900;12  USERA;12-04 ALMENDRALES;ANTONIO SALVADOR, CALLE, DE;56;CargayDescarga;Línea;2;10;lab. de 9 a 20 h.excepto: CARGA Y DESCARGA;-3.7029418080;40.3851199530
440179,5300000000;4470712,7500000000;28-09-1999;12  USERA;12-04 ALMENDRALES;ANTONIO SALVADOR, CALLE, DE;81;CargayDescarga;Línea;3;15;LABORABLES DE 9 A 14 H Y DE 16.30 A 20 HEXCEPTO CARGA Y DESCARGA;-3.7047742420;40.3848603460
440501,3600000000;4470829,1600000000;10-01-2005;12  USERA;12-04 ALMENDRALES;ANTONIO SALVADOR, CALLE, DE;27;CargayDescarga;Línea;3;15;lab. de 9 a 14 h. y de 16,30 a 20 h.excepto: CARGA Y DESCARGA;-3.7009937520;40.3859322930
440239,8600000000;4470303,8700000000;22-06-2010;12  USERA;12-04 ALMENDRALES;ANTONIO VELASCO ZAZO, CALLE, DE;7;CargayDescarga;Línea;3;24;LABORABLES DE 8 A 14 H.  Y DE 16,30 A 19 H.  EXCEPTO. CARGA Y DESCARGA;-3.7040251570;40.3811810410
440837,1300000000;4470290,7200000000;11-02-2011;12  USERA;12-04 ALMENDRALES;CORDOBA, AVENIDA, DE;31;CargayDescarga;Línea;3;15;LABORABLES E 8 A 14 Y DE 16,30 A 19H. EXCEPTO CARGA Y DESCARGA;-3.6969882610;40.3811059260
440513,2300000000;4470367,1200000000;15-12-2015;12  USERA;12-04 ALMENDRALES;CRISTO DE LA VICTORIA, CALLE, DEL;15;CargayDescarga;Batería;6;15,1;LAB. DE 8 A 17 H EXCEPTO CARGA Y DESCARGA;-3.7008108630;40.3817706140
440274,5100000000;4470414,2200000000;13-01-2005;12  USERA;12-04 ALMENDRALES;FRANCISCO RUIZ, CALLE, DE;9;CargayDescarga;Línea;5;34;LABORABLES DE 8 A 14 H.Y DE 16,30 A 20 H. EXCEPTOCARGA Y DESCARGA;-3.7036273520;40.3821775860
440490,8500000000;4470891,0100000000;01-01-1900;12  USERA;12-04 ALMENDRALES;JESUS DEL GRAN PODER, CALLE, DE;42;CargayDescarga;Línea;5;28,1;LABORABLES DE 07 A 20 HEXCEPTO CARGA Y DESCARGA;-3.7011233550;40.3864889220
440508,7700000000;4470870,3000000000;08-04-1999;12  USERA;12-04 ALMENDRALES;JESUS DEL GRAN PODER, CALLE, DE;Fte 39;CargayDescarga;Línea;5;26;LABORABLES DE 07 A 20 HEXCEPTO CARGA Y DESCARGA;-3.7009103290;40.3863036270
440513,5300000000;4470950,2100000000;10-01-2005;12  USERA;12-04 ALMENDRALES;MONEDEROS, CALLE, DE LOS;36;CargayDescarga;Línea;2;10;LAB. DE 9 A 14 H Y DE 16.30 A 20 HEXCEPTO CARGA Y DESCARGA;-3.7008617420;40.3870233770
440139,0900000000;4470523,4000000000;05-02-2010;12  USERA;12-04 ALMENDRALES;NICOLAS USERA, CALLE, DE;75;CargayDescarga;Línea;3;17;LABORABLES DE 8 A 14 HY DE 16.30 A 19 H EXCEPTOCARGA Y DESCARGA;-3.7052329520;40.3831513280
440305,3300000000;4470832,0900000000;14-05-1997;12  USERA;12-04 ALMENDRALES;PILARICA, CALLE, DE LA;25;CargayDescarga;Línea;3;15;lab. de 9 a 20 h.excepto: CARGA Y DESCARGA;-3.7033034020;40.3859440390
440325,4200000000;4470533,6400000000;13-12-2005;12  USERA;12-04 ALMENDRALES;PILARICA, CALLE, DE LA;70;CargayDescarga;Línea;3;15;LABORABLES DE 8 A 14 H Y DE 16.30 A 19 H EXCEPTO CARGA Y DESCARGA;-3.7030388670;40.3832572680
440196,0900000000;4470816,6000000000;01-01-1900;12  USERA;12-04 ALMENDRALES;RAMON LUJAN, CALLE, DE;26;CargayDescarga;Línea;3;15;lab. de 9 a 20 h.excepto: CARGA Y DESCARGA;-3.7045889470;40.3857970180
440469,3600000000;4470840,4100000000;01-01-1900;12  USERA;12-04 ALMENDRALES;SAN ANTONIO DE PADUA, CALLE, DE;29;CargayDescarga;Línea;2;12;lab. de 9 a 20 h.excepto: CARGA Y DESCARGA;-3.7013717320;40.3860308420
440601,0100000000;4470805,9600000000;19-02-1997;12  USERA;12-04 ALMENDRALES;SEQUEROS, CALLE, DE;6;CargayDescarga;Línea;2;13,8;lab. de 9 a 14 h. y de 16,30 a 20 h.excepto: CARGA Y DESCARGA;-3.6998176410;40.3857306120
440542,5100000000;4471021,3500000000;05-07-2021;12  USERA;12-05 MOSCARDÓ;ALMENDRALES, CALLE, DE LOS;11;CargayDescarga;Línea;2;10;LAB. DE 7:30 A 8:30 EXCEPTO CARGA Y DESCARGA;-3.7005269060;40.3876662920
440240,7700000000;4470861,7500000000;10-01-2005;12  USERA;12-05 MOSCARDÓ;AMOR HERMOSO, CALLE, DEL;26;CargayDescarga;Línea;2;12;LAB. DE 9 A 14 H Y DE 16.30 A 20 HEXCEPTO CARGA Y DESCARGA;-3.7040668110;40.3862071410
440195,8800000000;4470978,4100000000;10-01-2005;12  USERA;12-05 MOSCARDÓ;AMPARO USERA, CALLE, DE;33;CargayDescarga;Línea;2;13;LABORABLES DE 9 A 14 H Y DE 16.30 A 20 HEXCEPTO CARGA Y DESCARGA;-3.7046065940;40.3872546800
440339,9200000000;4471331,8600000000;30-12-2004;12  USERA;12-05 MOSCARDÓ;ANTONIO LOPEZ, CALLE, DE;144;CargayDescarga;Batería;3;8;lab. de 8 a 14h. y de 16,30 a 19h. excepto: carga y descarga                ;-3.7029427820;40.3904491490
440588,9900000000;4471147,1600000000;20-01-2011;12  USERA;12-05 MOSCARDÓ;ANTONIO LOPEZ, CALLE, DE;131;CargayDescarga;Línea;3;15;LAB. DE 8 A 14 H. Y DE 16,30 A 19 H. EXCEPTO CARGA Y DESCARGA ;-3.6999910180;40.3888032700
440263,3600000000;4471518,6300000000;08-06-2015;12  USERA;12-05 MOSCARDÓ;ANTONIO LOPEZ, CALLE, DE;99;CargayDescarga;Línea;2;15;LABORABLES DE 8 A 17 EXCEPTO CARGA Y DESCARGA;-3.7038623220;40.3921257950
440524,3600000000;4471185,5100000000;01-08-2016;12  USERA;12-05 MOSCARDÓ;ANTONIO LOPEZ, CALLE, DE;162;CargayDescarga;Línea;2;15;lab. de 8 a 14h. y de 16,30 a 19h. excepto: carga y descarga;-3.7007560890;40.3891443520
440367,5700000000;4471365,4200000000;22-05-2017;12  USERA;12-05 MOSCARDÓ;ANTONIO LOPEZ, CALLE, DE;142;CargayDescarga;Línea;1;7;LAB. DE 8 A 17 H EXCEPTO CARGA Y DESCARGA;-3.7026201500;40.3907538470
440339,2300000000;4471398,4300000000;16-10-2017;12  USERA;12-05 MOSCARDÓ;ANTONIO LOPEZ, CALLE, DE;138;CargayDescarga;Línea;2;15;LAB. DE 8 A 18 H EXCEPTO CARGA Y DESCARGA;-3.7029571060;40.3910490350
440542,9300000000;4471199,5100000000;11-04-2018;12  USERA;12-05 MOSCARDÓ;ANTONIO LOPEZ, CALLE, DE;117;CargayDescarga;Línea;1;7;LAB. DE 8 A 14:30 H EXCEPTO CARGA Y DESCARGA;-3.7005385940;40.3892718350
439582,4600000000;4470864,0400000000;10-01-2005;12  USERA;12-05 MOSCARDÓ;ENRIQUE FUENTES, CALLE, DE;16;CargayDescarga;Línea;3;17;Lab. de 9 a 14 h. y de 16,30 a 20 h.excepto: CARGA Y DESCARGA;-3.7118224820;40.3861802120
440416,3400000000;4471526,2200000000;02-10-2017;12  USERA;12-05 MOSCARDÓ;EUGENIO CAXES, CALLE, DE;1;CargayDescarga;Línea;2;12;LABORABLES DE 8 A 14 H. Y DE 16,30 A 19 H. EXCEPTO CARGA Y DESCARGA ;-3.7020605990;40.3922059520
440340,1600000000;4471474,1200000000;31-01-2019;12  USERA;12-05 MOSCARDÓ;EUGENIO CAXES, CALLE, DE;14;CargayDescarga;Línea;2;12;LABORABLES DE 8 A 14 H Y DE 16:30 A 19 H EXCEPTO CARGA Y DESCARGA EN LÍNEA;-3.7029532670;40.3917305690
440133,7900000000;4470952,7200000000;19-04-2017;12  USERA;12-05 MOSCARDÓ;FERROVIARIOS, CALLE, DE LOS;1;CargayDescarga;Línea;2;13;LABORABLES DE 9:00 A 14:00 H Y DE 16:00 A 19:00 H EXCEPTO CARGA Y DESCARGA;-3.7053356260;40.3870189070
439997,0500000000;4470829,1200000000;25-04-2014;12  USERA;12-05 MOSCARDÓ;GABINO JIMENO, CALLE, DE;18;CargayDescarga;Línea;2;10;LABORABLES DE 8:00 A 17:00 EXCEPTO CARGA Y DESCARGA.;-3.7069349800;40.3858955660
439828,6700000000;4470889,4600000000;14-06-2006;12  USERA;12-05 MOSCARDÓ;GABRIEL USERA, CALLE, DE;7;CargayDescarga;Línea;2;11,7;lab. de 9 a 20 h.excepto: CARGA Y DESCARGA;-3.7089243470;40.3864269270
439838,5600000000;4470808,8900000000;28-09-2005;12  USERA;12-05 MOSCARDÓ;GABRIEL USERA, CALLE, DE;21;CargayDescarga;Línea;3;15;laborables de 8 a 14 h.y de 16,30 a 19 h. excepto:[CARGA YDESCARGA];-3.7088001870;40.3857016200
440502,8600000000;4471125,4600000000;30-11-2018;12  USERA;12-05 MOSCARDÓ;HERMENEGILDO BIELSA, CALLE, DE;23;CargayDescarga;Línea;2;13;LAB. DE 8 A 14 H Y DE 16:30 A 19 H EXCEPTO CARGA Y DESCARGA;-3.7010037780;40.3886018180
440366,0200000000;4471074,1000000000;02-02-2021;12  USERA;12-05 MOSCARDÓ;JESUS DEL GRAN PODER, CALLE, DE;11;CargayDescarga;Línea;3;16;LAB. DE 8 A 17 H. EXCEPTO CARGA Y DESCARGA;-3.7026111540;40.3881290710
440407,9800000000;4470996,6900000000;25-08-2021;12  USERA;12-05 MOSCARDÓ;JESUS DEL GRAN PODER, CALLE, DE;17 B;CargayDescarga;Línea;3;15;LAB DE 8 A 14 H. Y DE 17 A 20 H. EXCEPTO CARGA Y DESCARGA;-3.7021095870;40.3874351040
439542,3800000000;4470901,2700000000;14-04-1999;12  USERA;12-05 MOSCARDÓ;JUAN ESPAÑOL, CALLE, DE;71;CargayDescarga;Batería;8;20;Lab. de 9 a 14 h. y de 16,30 a 20 h.excepto: CARGA Y DESCARGA;-3.7122982090;40.3865126420
439696,7000000000;4470788,2700000000;01-02-2005;12  USERA;12-05 MOSCARDÓ;MADRIDEJOS, CALLE, DE;16;CargayDescarga;Línea;3;15;laborables de 9 a 14 h. y de 16,30 a 20 h. excepto: [CARGA Y DESCARGA];-3.7104694990;40.3855054970
439518,0200000000;4470978,4300000000;04-08-2014;12  USERA;12-05 MOSCARDÓ;MANUEL NOYA, CALLE, DE;12;CargayDescarga;Línea;3;15;laborables de 8:00 a 17:00  excepto carga y descarga.;-3.7125925950;40.3872060930
440387,6700000000;4471599,7700000000;23-05-2009;12  USERA;12-05 MOSCARDÓ;MANZANARES, AVENIDA, DEL;198;CargayDescarga;Línea;2;11;LABORABLES DE 8 A 14 H. Y DE 16,30 A 19 H.EXCEPTO CARGA Y DESCARGA ;-3.7024052900;40.3928663430
440586,7100000000;4471300,1400000000;23-05-2009;12  USERA;12-05 MOSCARDÓ;MANZANARES, AVENIDA, DEL;212;CargayDescarga;Línea;3;14,1;lab. de 8 a 14h. y de 16,30 a 19h. excepto: carga y descarga;-3.7000322710;40.3901812330
440655,0400000000;4471188,6200000000;04-04-2017;12  USERA;12-05 MOSCARDÓ;MANZANARES, AVENIDA, DEL;218;CargayDescarga;Línea;2;19,42;LAB. DE 8 A 14 H. Y DE 16,30 A 19 H. EXCEPTO CARGA Y DESCARGA ;-3.6992168380;40.3891808490
439928,9600000000;4470805,0100000000;16-05-1997;12  USERA;12-05 MOSCARDÓ;MARCELO USERA, CALLE, DE;96;CargayDescarga;Línea;3;15;LABORABLES DE 9 A 14 H Y DE 16.30 A 20 HEXCEPTO CARGA Y DESCARGA;-3.7077348290;40.3856734880
440163,8100000000;4470837,7300000000;02-12-2011;12  USERA;12-05 MOSCARDÓ;MARCELO USERA, CALLE, DE;70;CargayDescarga;Línea;3;15;LABORABLES DE 8 A 14 HORAS Y DE 16,30 A 19 HORAS.  EXCEPTO CARGA Y DESCARGA;-3.7049712250;40.3859850620
439652,0000000000;4470765,8900000000;11-02-2011;12  USERA;12-05 MOSCARDÓ;MARCELO USERA, CALLE, DE;136;CargayDescarga;Línea;3;15;LAB. DE 8 A 14 H. Y DE 16,30 A 19 H.  EXCEPTO CARGA Y DESCARGA;-3.7109939280;40.3853010080
439778,0100000000;4470783,9500000000;09-02-2015;12  USERA;12-05 MOSCARDÓ;MARCELO USERA, CALLE, DE;118;CargayDescarga;Línea;1;12;LABORABLES DE 8 A 17 EXCEPTO CARGA Y DESCARGA ;-3.7095111700;40.3854733540
440475,4900000000;4470946,2600000000;23-03-2022;12  USERA;12-05 MOSCARDÓ;MARCELO USERA, CALLE, DE;26;CargayDescarga;Línea;3;15;LAB. DE 8 A 14:30 H. MÁXIMO 30 MINUTOS EXCEPTO CARGA Y DESCARGA;-3.7013094510;40.3869847590
440020,7000000000;4470951,1200000000;01-01-1900;12  USERA;12-05 MOSCARDÓ;NICOLAS SANCHEZ, CALLE, DE;2;CargayDescarga;Línea;3;15;LABORABLES DE 8 A 14 HY DE 16.30 A 19 H EXCEPTOCARGA Y DESCARGA;-3.7066678100;40.3869964480
440034,8700000000;4470880,4800000000;01-01-1900;12  USERA;12-05 MOSCARDÓ;NICOLAS SANCHEZ, CALLE, DE;12;CargayDescarga;Línea;2;13;LABORABLES DE 09 A 20 HEXCEPTO CARGA Y DESCARGA;-3.7064942040;40.3863611520
440046,4100000000;4470846,6000000000;12-05-2021;12  USERA;12-05 MOSCARDÓ;NICOLAS SANCHEZ, CALLE, DE;19;CargayDescarga;Línea;2;12;DE LUNES A VIERNES DE 9 A 14 H. Y DE 16 A 19 H. SÁBADOS DE 9 A 11 H. EXCEPTO CARGA Y DESCARGA;-3.7063552040;40.3860562810
440022,6400000000;4471005,5500000000;10-01-2005;12  USERA;12-05 MOSCARDÓ;NICOLAS USERA, CALLE, DE;S/N;CargayDescarga;Línea;4;24;Lab. de 9 a 14 h. y de 16,30 a 20 h.excepto: CARGA Y DESCARGA;-3.7066501630;40.3874868990
440091,1000000000;4470841,8700000000;10-01-2005;12  USERA;12-05 MOSCARDÓ;NICOLAS USERA, CALLE, DE;22;CargayDescarga;Línea;2;10;LAB. DE 9 A 14 H Y DE 16.30 A 20 HEXCEPTO CARGA Y DESCARGA;-3.7058281980;40.3860174350
440343,2400000000;4470878,9900000000;28-09-2005;12  USERA;12-05 MOSCARDÓ;OLVIDO, CALLE, DEL;26;CargayDescarga;Línea;3;15;LAB. DE 9 A 14 H Y DE 16.30 A 20 HEXCEPTO CARGA Y DESCARGA;-3.7028612500;40.3863699750
440328,5800000000;4471000,3800000000;26-10-2017;12  USERA;12-05 MOSCARDÓ;OLVIDO, CALLE, DEL;2;CargayDescarga;Línea;2;15;LAB. DE 9:00 A 15:00 H EXCEPTO CARGA Y DESCARGA;-3.7030453990;40.3874625490
440294,1400000000;4470872,1100000000;20-05-1997;12  USERA;12-05 MOSCARDÓ;PILARICA, CALLE, DE LA;16;CargayDescarga;Línea;3;15;LABORABLES DE 9 A 14 H Y DE 16.30 A 20 HEXCEPTO CARGA Y DESCARGA;-3.7034390780;40.3863046010
440509,0200000000;4471265,5800000000;23-11-2018;12  USERA;12-05 MOSCARDÓ;SAN ZACARIAS, CALLE, DE;2;CargayDescarga;Línea;3;15;LABORABLES DE 9 A 14 Y DE 16 A 19 EXCEPTO CARGA  Y DESCARGA;-3.7009443050;40.3898638150
440245,6200000000;4471402,9000000000;27-03-2013;12  USERA;12-05 MOSCARDÓ;VALLANDES, CALLE, DE;5;CargayDescarga;Línea;4;20;Laborables de 8 a 14 h y de 16,30 h a 19 h.;-3.7040604510;40.3910823810
439191,8500000000;4470352,6600000000;16-06-2016;12  USERA;12-06 ZOFÍO;CERRO BLANCO, CALLE, DEL;16;CargayDescarga;Línea;2;15;DE LUNES A VIERNES DE 9:00 A 12:00  H EXCEPTO  CARGA Y DESCARGA;-3.7163753770;40.3815454420
439466,9900000000;4470224,3900000000;10-01-2005;12  USERA;12-06 ZOFÍO;CERRO DE LOS ANGELES, AVENIDA, DEL;6;CargayDescarga;Línea;2;9,1;laborables de 8 a 14 h. excepto carga y descarga ;-3.7131220650;40.3804100110
439603,2900000000;4470473,1100000000;16-01-2009;12  USERA;12-06 ZOFÍO;FORNILLOS, CALLE, DE;58;CargayDescarga;Línea;3;14,5;laborables de 8 a 14 h. y de 16,30 a 19 h. excepto carga y descarga ;-3.7115400140;40.3826601310
439389,2500000000;4470326,7800000000;10-01-2005;12  USERA;12-06 ZOFÍO;JUAN ZOFIO, CALLE, DE;30;CargayDescarga;Línea;2;12,9;LABORABLES DE 9 A 20H.  EXCEPTO CARGA Y DESCARGA;-3.7140476780;40.3813261710
439594,5800000000;4470187,9700000000;08-09-2017;12  USERA;12-06 ZOFÍO;MARINA VEGA, CALLE, DE;72;CargayDescarga;Línea;2;10;LABORABLES DE  LUNES A VIERNES DE 9 A 15 H  EXCEPTO CARGA Y DESCARGA ;-3.7116155870;40.3800903010
439620,1400000000;4470412,9400000000;03-12-2010;12  USERA;12-06 ZOFÍO;RAFAELA YBARRA, AVENIDA, DE;16;CargayDescarga;Línea;2;12,7;laborables de 8 a 14 h. y de 16,30 a 19 h. excepto carga y descarga ;-3.7113358120;40.3821189720
439620,1000000000;4470301,7400000000;09-04-2013;12  USERA;12-06 ZOFÍO;RAFAELA YBARRA, AVENIDA, DE;32;CargayDescarga;Línea;3;16,34;Laborables de 9 a 14 h. y de 16,30 a 20 h.Excepto Carga y Descarga;-3.7113258420;40.3811178430
439571,3900000000;4470037,4900000000;13-01-2018;12  USERA;12-06 ZOFÍO;RAFAELA YBARRA, AVENIDA, DE;S/N;CargayDescarga;Línea;1;7;LAB. DE 8.00 A 17.00 H EXCEPTO CARGA Y DESCARGA;-3.7118745070;40.3787330780
439434,9500000000;4470291,2300000000;29-11-2004;12  USERA;12-06 ZOFÍO;SILVIO ABAD, CALLE, DE;49;CargayDescarga;Batería;12;30;Lab de 8 a 20h excepto: CARGA Y DESCARGA;-3.7135058890;40.3810096690
440180,8300000000;4470155,2700000000;19-04-2002;12  USERA;12-07 PRADOLONGO;CRISTO DE LA VICTORIA, CALLE, DEL;106;CargayDescarga;Línea;2;9;LABORABLES DE 8 A 14 H.  Y DE 16,30 A 19 H.  EXCEPTO. CARGA Y DESCARGA;-3.7047066900;40.3798383140
440289,9900000000;4470231,3000000000;09-06-2006;12  USERA;12-07 PRADOLONGO;CRISTO DE LA VICTORIA, CALLE, DEL;92;CargayDescarga;Línea;2;11,8;LABORABLES DE 8 A 14 H. EXCEPTO CARGA Y DESCARGA ;-3.7034278480;40.3805307910
440279,3000000000;4470209,6600000000;22-04-2002;12  USERA;12-07 PRADOLONGO;CRISTO DE LA VICTORIA, CALLE, DEL;49;CargayDescarga;Línea;3;17,8;LABORABLES DE 8 A 14 H. EXCEPTO CARGA Y DESCARGA ;-3.7035517790;40.3803356990
439869,0200000000;4470525,6500000000;24-08-2010;12  USERA;12-07 PRADOLONGO;GABRIEL USERA, CALLE, DE;68;CargayDescarga;Línea;2;11;Lab. de 9 a 20 h.excepto: CARGA Y DESCARGA;-3.7084147010;40.3831527600
439923,8900000000;4470543,5100000000;08-03-1996;12  USERA;12-07 PRADOLONGO;ISABELITA USERA, CALLE, DE;33;CargayDescarga;Línea;3;15;LABORABLES DE 9 A 14 H Y DE 16.30 A 20 HEXCEPTO CARGA Y DESCARGA;-3.7077698940;40.3833170270
439940,2900000000;4470363,4200000000;09-10-2001;12  USERA;12-07 PRADOLONGO;ISABELITA USERA, CALLE, DE;58;CargayDescarga;Línea;2;10,1;LABORABLES DE 8 A 14 H. EXCEPTO CARGA Y DESCARGA;-3.7075597910;40.3816961300
439967,4700000000;4470212,4100000000;13-01-2005;12  USERA;12-07 PRADOLONGO;ISABELITA USERA, CALLE, DE;73;CargayDescarga;Línea;2;10;LABORABLES DE 8 A 14 H.  Y DE 16,30 A 19 H.  EXCEPTO. CARGA Y DESCARGA;-3.7072254120;40.3803377040
439717,6900000000;4470749,8500000000;29-07-1997;12  USERA;12-07 PRADOLONGO;MADRIDEJOS, CALLE, DE;20;CargayDescarga;Línea;3;15,1;Laborables de 9 a 14 h. y de 16,30 a 20 h.excepto: CARGA Y DESCARGA;-3.7102184870;40.3851612060
440026,9600000000;4470475,8200000000;24-06-2013;12  USERA;12-07 PRADOLONGO;MARIANO USERA, CALLE, DE;3;CargayDescarga;Línea;2;10;Laborables de 9 a 21 horas Excepto Carga y Descarga;-3.7065493800;40.3827151920
439724,8800000000;4470505,8900000000;10-01-2005;12  USERA;12-07 PRADOLONGO;MARIANO VELA, CALLE, DE;54;CargayDescarga;Línea;2;10;lab. de 9 a 20 h.excepto: CARGA Y DESCARGA;-3.7101107710;40.3829637990
439712,3000000000;4470554,6000000000;20-12-2017;12  USERA;12-07 PRADOLONGO;MARIANO VELA, CALLE, DE;47;CargayDescarga;Línea;2;15;Laborables 8:00 a 14:00h y de 16.30 a 19:00 h. Excepto Carga y Descarga;-3.7102635210;40.3834024550
440045,5100000000;4470336,2400000000;13-01-2005;12  USERA;12-07 PRADOLONGO;MIRAMADRID, CALLE, DE;8;CargayDescarga;Línea;2;13;LABORABLES DE 8 A 14 H. EXCEPTO CARGA Y DESCARGA;-3.7063176750;40.3814592120
440057,9300000000;4470706,4300000000;01-01-1900;12  USERA;12-07 PRADOLONGO;NICOLAS SANCHEZ, CALLE, DE;36;CargayDescarga;Línea;3;15;lab. de 9 a 20 h.excepto: CARGA Y DESCARGA;-3.7062062920;40.3847943990
440046,7300000000;4470794,4600000000;03-12-2007;12  USERA;12-07 PRADOLONGO;NICOLAS SANCHEZ, CALLE, DE;22;CargayDescarga;Línea;2;10;lab. de 9 a 20 h.excepto: CARGA Y DESCARGA;-3.7063464950;40.3855865700
440077,0100000000;4470557,8100000000;07-06-2013;12  USERA;12-07 PRADOLONGO;NICOLAS SANCHEZ, CALLE, DE;58;CargayDescarga;Línea;2;10;LAB. DE 8 A 14 H Y DE 16:30 A 19 H EXCEPTO CARGA Y DESCARGA;-3.7059674260;40.3834569430
439983,0300000000;4470755,7300000000;02-08-2008;12  USERA;12-07 PRADOLONGO;ORTIZ CAMPOS, CALLE, DE;8;CargayDescarga;Línea;3;15;LABORABLES DE 8 A 14 H Y DE 16.30 A 19 H EXCEPTO CARGA Y DESCARGA;-3.7070932310;40.3852330550
439819,2600000000;4470518,6400000000;01-01-1900;12  USERA;12-07 PRADOLONGO;PERPETUA DIAZ, CALLE, DE;39;CargayDescarga;Línea;2;11;Lab. de 9 a 14 h. y de 16,30 a 20 h.excepto: CARGA Y DESCARGA;-3.7090002070;40.3830859530
439620,1700000000;4470667,7800000000;10-01-2005;12  USERA;12-07 PRADOLONGO;RAFAELA YBARRA, AVENIDA, DE;11;CargayDescarga;Línea;4;25,1;laborables de 8 a 14 h. y de 16,30 a 19 h. excepto: [CARGA Y DESCARGA] ;-3.7113595890;40.3844153300
439631,4900000000;4470550,3900000000;04-12-2013;12  USERA;12-07 PRADOLONGO;RAFAELA YBARRA, AVENIDA, DE;33;CargayDescarga;Línea;3;18,5;DÍAS LABORABLES DE 8 A 17 H;-3.7112150890;40.3833585670
439632,1700000000;4470740,0400000000;10-01-2005;12  USERA;12-07 PRADOLONGO;RODRIGO UHAGON, CALLE, DE;2;CargayDescarga;Línea;2;12;laborables de 8 a 14 h.y de 16,30 a 19 h .excepto:[CARGA YDESCARGA];-3.7112250590;40.3850664390
443257,2400000000;4469901,6700000000;05-04-2001;13  PUENTE DE VALLECAS;13-01 ENTREVÍAS;BENAMEJI, CALLE, DE;27;CargayDescarga;Línea;6;30;LAB.DE 8 A 14 H. Y DE 16,30 A 19 H. EXCEPTO CARGA Y DESCARGA ;-3.6684445920;40.3777693630
443253,7400000000;4469875,1100000000;05-04-2001;13  PUENTE DE VALLECAS;13-01 ENTREVÍAS;CAMPIÑA, CALLE, DE LA;Fte 54;CargayDescarga;Línea;4;20;LAB.DE 8 A 14 H. Y DE 16,30 A 19 H. EXCEPTO CARGA Y DESCARGA;-3.6684833240;40.3775294090
443193,1100000000;4469933,7900000000;23-06-2020;13  PUENTE DE VALLECAS;13-01 ENTREVÍAS;CAMPIÑA, CALLE, DE LA;20;CargayDescarga;Batería;2;7,5;LAB. DE 8 A 14 H EXCEPTO CARGA Y DESCARGA;-3.6692027300;40.3780544100
442950,7500000000;4470673,5900000000;23-11-2017;13  PUENTE DE VALLECAS;13-01 ENTREVÍAS;CONDE RODRIGUEZ SAN PEDRO, CALLE, DEL;40;CargayDescarga;Línea;5;23;LABORABLES DE 7:30 A 20:00 H EXCEPTO CARGA Y DESCARGA;-3.6721239550;40.3847015800
443119,6200000000;4469452,1700000000;10-12-2015;13  PUENTE DE VALLECAS;13-01 ENTREVÍAS;IBOR, CALLE, DEL;4 A;CargayDescarga;Batería;3;8;LABORABLES DE 8 A 14 H Y DE 16:30 A 19 H EXCEPTO CARGA Y DESCARGA;-3.6700255550;40.3737105880
442903,5700000000;4470329,8400000000;01-11-2019;13  PUENTE DE VALLECAS;13-01 ENTREVÍAS;LAGARTERA, CALLE, DE LA;21;CargayDescarga;Línea;2;10;LABORABLES DE LUNES A SÁBADO DE 8 A 14:30 H. EXCEPTO CARGA Y DESCARGA;-3.6726488990;40.3816023940
443014,0900000000;4470467,4900000000;27-01-2005;13  PUENTE DE VALLECAS;13-01 ENTREVÍAS;MIGUEL DE LA ROCA, CALLE, DE;18;CargayDescarga;Línea;3;15;LAB.DE 8 A 14 H. Y DE 16,30 A 19 H.EXCEPTO CARGA Y DESCARGA ;-3.6713594000;40.3828495510
443214,0300000000;4469984,2000000000;23-06-2020;13  PUENTE DE VALLECAS;13-01 ENTREVÍAS;PEDROCHES, CALLE, DE;12;CargayDescarga;Línea;1;7,5;LAB. DE 8 A 14 H EXCEPTO CARGA Y DESCARGA;-3.6689608270;40.3785097390
443492,1400000000;4470048,0100000000;01-01-1900;13  PUENTE DE VALLECAS;13-01 ENTREVÍAS;SERENA, CALLE, DE LA;2;CargayDescarga;Batería;3;7;LABORABLES DE 8 A 14 H. Y DE 16,30 A 19 H. EXCEPTO CARGA Y DESCARGA;-3.6656905560;40.3791030940
443284,5600000000;4469860,8800000000;28-01-2005;13  PUENTE DE VALLECAS;13-01 ENTREVÍAS;SERENA, CALLE, DE LA;270;CargayDescarga;Línea;4;18,5;LAB.DE 8 A 14 H. Y DE16,30 A 19 H. EXCEPTOCARGA Y DESCARGA;-3.6681190380;40.3774031860
442985,4000000000;4470466,4700000000;21-12-2016;13  PUENTE DE VALLECAS;13-01 ENTREVÍAS;SIERRA DE CONTRAVIESA, CALLE, DE LA;34;CargayDescarga;Línea;2;15;LABORABLES DE 8:00 A 17:00 H EXCEPTO CARGA Y DESCARGA EN LINEA;-3.6716972160;40.3828383780
443589,5900000000;4471630,2900000000;12-03-2001;13  PUENTE DE VALLECAS;13-02 SAN DIEGO;ARROYO DEL OLIVAR, CALLE, DEL;16;CargayDescarga;Línea;3;15,1;LAB.DE 8 A 14 H. Y DE 16,30 A 19 H. EXCEPTO CARGA Y DESCARGA ;-3.6646826090;40.3933644720
443488,9100000000;4471688,5100000000;21-05-2019;13  PUENTE DE VALLECAS;13-02 SAN DIEGO;ARROYO DEL OLIVAR, CALLE, DEL;6;CargayDescarga;Batería;1;8;LABORABLES DE LUNES A VIERNES DE 8 A 14 H Y DE 16:30 A 19 H SÁBADOS DE 8 A 15 H EXCEPTO CARGA Y DESCARGA EN LÍNEA ;-3.6658741890;40.3938819680
443416,9500000000;4471615,9700000000;01-03-2010;13  PUENTE DE VALLECAS;13-02 SAN DIEGO;CACHERO, CALLE, DEL;12;CargayDescarga;Línea;3;15;LAB.DE 8 A 14 H. Y DE 16,30 A 19 H. EXCEPTO CARGA Y DESCARGA;-3.6667155200;40.3932236390
443527,9300000000;4470575,5900000000;30-11-2007;13  PUENTE DE VALLECAS;13-02 SAN DIEGO;CARLOS AURIOLES, CALLE, DE;1;CargayDescarga;Línea;3;15;LAB.DE 8 A 14 H. Y DE  16,30 A 19 H. EXCEPTO CARGA Y DESCARGA;-3.6653156120;40.3838587590
443358,5200000000;4470347,1500000000;18-11-2009;13  PUENTE DE VALLECAS;13-02 SAN DIEGO;CARLOS AURIOLES, CALLE, DE;35;CargayDescarga;Batería;2;10,8;LABORABLES DE 9 A 18 H.EXCEPTO CARGA Y DESCARGA;-3.6672910560;40.3817893500
443456,6400000000;4470823,8800000000;25-01-2005;13  PUENTE DE VALLECAS;13-02 SAN DIEGO;CARLOS MARTIN ALVAREZ, CALLE, DE;71;CargayDescarga;Línea;5;25;LAB.DE 8 A 14 H. Y DE 16,30 A 19 H. EXCEPTOCARGA Y DESCARGA;-3.6661775130;40.3860908300
443464,5600000000;4470854,2500000000;23-05-2006;13  PUENTE DE VALLECAS;13-02 SAN DIEGO;CARLOS MARTIN ALVAREZ, CALLE, DE;92;CargayDescarga;Línea;3;18;LAB.DE 8 A 14 H. Y DE  16,30 A 19 H. EXCEPTO CARGA Y DESCARGA ;-3.6660869850;40.3863644750
443534,8700000000;4470942,2500000000;20-04-2007;13  PUENTE DE VALLECAS;13-02 SAN DIEGO;CARLOS MARTIN ALVAREZ, CALLE, DE;47;CargayDescarga;Línea;3;15,1;LAB.DE 8 A 14 H. Y DE  16,30 A 19 H. EXCEPTO CARGA Y DESCARGA;-3.6652663950;40.3871624330
443164,5800000000;4471302,7700000000;28-07-2005;13  PUENTE DE VALLECAS;13-02 SAN DIEGO;CORRAL DE CANTOS, CALLE, DEL;10;CargayDescarga;Línea;2;10;EXCEPTO CARGA Y DESCARGA DE 9:00 A 18:00 H.;-3.6696610390;40.3903849770
443385,5500000000;4470737,3900000000;25-01-2005;13  PUENTE DE VALLECAS;13-02 SAN DIEGO;DOCTOR BELLIDO, CALLE, DEL;4;CargayDescarga;Línea;6;30;LAB. DE 7 A 14 H Y DE 16,30 A 19 H. EXCEPTO CARGA Y DESCARGA;-3.6670073850;40.3853065660
443513,6200000000;4471343,3400000000;21-01-2005;13  PUENTE DE VALLECAS;13-02 SAN DIEGO;EDUARDO REQUENAS, CALLE, DE;3;CargayDescarga;Línea;4;20;LAB.DE 8 A 14 H. Y DE16,30 A 19 H. EXCEPTOCARGA Y DESCARGA;-3.6655522440;40.3907737290
443127,4600000000;4471634,3800000000;28-11-2016;13  PUENTE DE VALLECAS;13-02 SAN DIEGO;FELISA MENDEZ, CALLE, DE;3;CargayDescarga;Línea;1;10,7;LAB. DE 8 A 15 H EXCEPTO CARGA Y DESCARGA;-3.6701279990;40.3933698010
443285,7700000000;4470494,1600000000;26-08-2004;13  PUENTE DE VALLECAS;13-02 SAN DIEGO;IMAGEN, CALLE, DE LA;32;CargayDescarga;Línea;3;16;LAB.DE 8 A 14 H. Y DE16,30 A 19 H. EXCEPTOCARGA Y DESCARGA;-3.6681612070;40.3831088140
443435,4500000000;4470695,0800000000;07-06-2006;13  PUENTE DE VALLECAS;13-02 SAN DIEGO;IMAGEN, CALLE, DE LA;3;CargayDescarga;Línea;9;47,2;lab. de 9 a 20 h.excepto: [CARGA Y DESCARGA];-3.6664157490;40.3849288720
443402,4700000000;4470647,7200000000;25-01-2005;13  PUENTE DE VALLECAS;13-02 SAN DIEGO;IMAGEN, CALLE, DE LA;9;CargayDescarga;Línea;4;22;lab. de 8 a 14h.y de 16,30 a 19h.excepto: carga y              descarga;-3.6668000890;40.3844997840
443388,2500000000;4471211,5800000000;11-04-2007;13  PUENTE DE VALLECAS;13-02 SAN DIEGO;JULIA MEDIAVILLA, CALLE, DE;42;CargayDescarga;Línea;4;20;LAB. DE 8 A 14 H. Y DE 16,30 A 19 H. EXCEPTO CARGA Y DESCARGA;-3.6670176410;40.3895784820
443480,2000000000;4471901,0500000000;09-05-2018;13  PUENTE DE VALLECAS;13-02 SAN DIEGO;LOMAS DE HORCAJO, CALLE, DE LAS;4;CargayDescarga;Línea;1;9;LAB.DE 8 A 14 H. Y DE 16,30 A 19 H. EXCEPTO CARGA Y DESCARGA ;-3.6659955410;40.3957959330
443313,8800000000;4471041,2300000000;30-03-2005;13  PUENTE DE VALLECAS;13-02 SAN DIEGO;MAESE NICOLAS, CALLE, DE;17;CargayDescarga;Línea;2;10;CARGA Y DESCARGA DE 9 A 19 H.DE LUNES A VIERNES. EXCEPTOFESTIVOS;-3.6678787390;40.3880383710
443115,5500000000;4470881,5000000000;06-07-2010;13  PUENTE DE VALLECAS;13-02 SAN DIEGO;MARIANO BENLLIURE, CALLE, DE;24;CargayDescarga;Línea;2;10;LABORABLES DE 9 A 14 Y DE 16 A 20,30 H.EXCEPTO CARGA Y DESCARGA;-3.6702010520;40.3865866680
443361,4700000000;4471820,4000000000;21-03-2001;13  PUENTE DE VALLECAS;13-02 SAN DIEGO;MARTINEZ DE LA RIVA, CALLE, DE;11;CargayDescarga;Línea;11;58,96;EXCEPTO CARGA Y DESCARGAEN LINEALAB. DE 8 A 17 HRESTO DIAS Y HORASEN BATERIA;-3.6673873130;40.3950614010
443503,9500000000;4471458,9500000000;15-10-2001;13  PUENTE DE VALLECAS;13-02 SAN DIEGO;MARTINEZ DE LA RIVA, CALLE, DE;52;CargayDescarga;Línea;3;13,9;LAB.DE 8 A 14 H. Y DE 16,30 A 19 H. EXCEPTO CARGA Y DESCARGA;-3.6656764610;40.3918147930
443521,0700000000;4471391,0900000000;12-09-2005;13  PUENTE DE VALLECAS;13-02 SAN DIEGO;MARTINEZ DE LA RIVA, CALLE, DE;60;CargayDescarga;Línea;1;8,5;LAB.DE 8 A 14 H. Y DE 16,30 A 19 H. EXCEPTO CARGA Y DESCARGA;-3.6654688210;40.3912045930
443544,8100000000;4471300,5100000000;15-10-2001;13  PUENTE DE VALLECAS;13-02 SAN DIEGO;MARTINEZ DE LA RIVA, CALLE, DE;70;CargayDescarga;Línea;3;15;LAB.DE 8 A 14 H. Y DE 16,30 A 19 H. EXCEPTO CARGA Y DESCARGA ;-3.6651810250;40.3903899050
443556,1400000000;4471258,2700000000;21-01-2005;13  PUENTE DE VALLECAS;13-02 SAN DIEGO;MARTINEZ DE LA RIVA, CALLE, DE;72;CargayDescarga;Línea;2;9;LAB.DE 8 A 14 H. Y DE 16,30 A 19 H. EXCEPTO CARGA Y DESCARGA ;-3.6650437440;40.3900101480
443570,2600000000;4471202,9300000000;19-09-2006;13  PUENTE DE VALLECAS;13-02 SAN DIEGO;MARTINEZ DE LA RIVA, CALLE, DE;78;CargayDescarga;Línea;3;16;LAB.DE 8 A 14 H. Y DE 16,30 A 19 H. EXCEPTO CARGA Y DESCARGA ;-3.6648726010;40.3895124200
443320,8800000000;4471862,6300000000;17-06-2020;13  PUENTE DE VALLECAS;13-02 SAN DIEGO;MARTINEZ DE LA RIVA, CALLE, DE;3;CargayDescarga;Batería;9;44;EXCEPTO CARGA Y DESCARGA EN LINEA LAB. DE 8 A 17 H RESTO DIAS Y HORAS EN BATERIA ;-3.6678694000;40.3954390950
443252,7800000000;4472117,7900000000;27-10-2016;13  PUENTE DE VALLECAS;13-02 SAN DIEGO;MELQUIADES BIENCINTO, CALLE, DE;1;CargayDescarga;Línea;2;10;LAB. DE 8 A 14H Y DE 16:30 A 19 H EXCEPTO CARGA Y DESCARGA;-3.6686945160;40.3977330460
443241,7700000000;4472103,3000000000;27-10-2016;13  PUENTE DE VALLECAS;13-02 SAN DIEGO;MELQUIADES BIENCINTO, CALLE, DE;3;CargayDescarga;Línea;2;10;LAB. DE 8 A 14H Y DE 16:30 A 19 H EXCEPTO CARGA Y DESCARGA;-3.6688229740;40.3976011510
443300,4600000000;4472006,5800000000;10-05-1999;13  PUENTE DE VALLECAS;13-02 SAN DIEGO;MONTE IGUELDO, AVENIDA, DEL;12;CargayDescarga;Línea;1;4,2;LAB.DE 8 A 14 H. YDE 16,30 A19 H. EXCEPTOCARGA Y DESCARGA;-3.6681227620;40.3967342090
443336,8600000000;4472063,5800000000;01-01-1900;13  PUENTE DE VALLECAS;13-02 SAN DIEGO;MONTE IGUELDO, AVENIDA, DEL;2;CargayDescarga;Línea;2;10,9;LAB. DE 8 A 14H Y DE 16:30 A 19 H EXCEPTO CARGA Y DESCARGA;-3.6676990020;40.3972497560
443259,8500000000;4471924,6900000000;20-10-2003;13  PUENTE DE VALLECAS;13-02 SAN DIEGO;MONTE IGUELDO, AVENIDA, DEL;20;CargayDescarga;Línea;2;9;LAB.DE 8 A 14 H. Y DE 16,30 A 19 H.EXCEPTO CARGA Y DESCARGA;-3.6685939620;40.3959932600
443197,0200000000;4471768,7000000000;05-10-2009;13  PUENTE DE VALLECAS;13-02 SAN DIEGO;MONTE IGUELDO, AVENIDA, DEL;42;CargayDescarga;Línea;2;9,6;LAB.DE 8 A 14 H. Y DE 16,30 A 19 H. EXCEPTO CARGA Y DESCARGA ;-3.6693204150;40.3945839560
443181,1000000000;4471719,7200000000;05-10-2009;13  PUENTE DE VALLECAS;13-02 SAN DIEGO;MONTE IGUELDO, AVENIDA, DEL;50;CargayDescarga;Línea;1;8;LAB.DE 8 A 14 H. Y DE 16,30 A 19 H.EXCEPTO CARGA Y DESCARGA;-3.6695035330;40.3941419190
443132,2400000000;4471561,7700000000;05-10-2009;13  PUENTE DE VALLECAS;13-02 SAN DIEGO;MONTE IGUELDO, AVENIDA, DEL;74;CargayDescarga;Línea;3;15;LAB.DE 8 A 14 H. Y DE 16,30 A 19 H.EXCEPTO CARGA Y DESCARGA;-3.6700652030;40.3927154260
443089,9300000000;4471424,4500000000;05-10-2009;13  PUENTE DE VALLECAS;13-02 SAN DIEGO;MONTE IGUELDO, AVENIDA, DEL;90;CargayDescarga;Línea;1;7,9;LAB. DE 8 A 14 H. Y DE16,30 A 19 H. EXCEPTOCARGA Y DESCARGA;-3.6705514730;40.3914759460
443116,7700000000;4471510,7400000000;18-10-2016;13  PUENTE DE VALLECAS;13-02 SAN DIEGO;MONTE IGUELDO, AVENIDA, DEL;82;CargayDescarga;Línea;4;11,37;LAB.DE 8 A 14 H. Y DE 16,30 A 19 H. EXCEPTO CARGA Y DESCARGA;-3.6702428780;40.3922545390
443330,9700000000;4472053,8300000000;27-10-2016;13  PUENTE DE VALLECAS;13-02 SAN DIEGO;MONTE IGUELDO, AVENIDA, DEL;6;CargayDescarga;Línea;2;10;LAB. DE 8 A 14H Y DE 16:30 A 19 H EXCEPTO CARGA Y DESCARGA;-3.6677675850;40.3971620370
443541,5600000000;4471157,1000000000;29-07-2016;13  PUENTE DE VALLECAS;13-02 SAN DIEGO;PALOMERAS, CALLE, DE LAS;Fte 47;CargayDescarga;Línea;3;15;LAB.DE 8 A 14 H. Y DE 16,30 A 21 H. EXCEPTO CARGA Y DESCARGA ;-3.6652065790;40.3890975980
443369,0700000000;4471277,1200000000;24-01-2005;13  PUENTE DE VALLECAS;13-02 SAN DIEGO;PARROCO DON EMILIO FRANCO, CALLE, DEL;56;CargayDescarga;Línea;1;8;LAB. DE 8 A 14 H. Y DE16,30 A 19 H. EXCEPTOCARGA Y DESCARGA;-3.6672494600;40.3901675970
443348,6400000000;4471914,7200000000;11-07-2007;13  PUENTE DE VALLECAS;13-02 SAN DIEGO;PEÑA GORBEA, CALLE, DE LA;9;CargayDescarga;Línea;2;10,6;LABORABLES DE 9 A 19 H.EXCEPTO CARGA Y DESCARGA;-3.6675469390;40.3959098950
443021,5400000000;4471763,9600000000;04-08-2003;13  PUENTE DE VALLECAS;13-02 SAN DIEGO;PEÑA UBIÑA, CALLE, DE LA;2;CargayDescarga;Línea;2;7,99;LAB.DE 8 A 14 H. Y DE 16,30 A 19 H. EXCEPTO CARGA Y DESCARGA ;-3.6713874750;40.3945297540
443051,6900000000;4471870,5900000000;01-07-2010;13  PUENTE DE VALLECAS;13-02 SAN DIEGO;PEÑA UBIÑA, CALLE, DE LA;8 B;CargayDescarga;Línea;1;10,01;LAB.DE 8 A 14 H. Y DE 16,30 A 19 H. EXCEPTO CARGA Y DESCARGA;-3.6710417530;40.3954919790
443211,7900000000;4472037,1500000000;22-11-2005;13  PUENTE DE VALLECAS;13-02 SAN DIEGO;PINTORA ANGELES SANTOS, CALLE, DE LA;1;CargayDescarga;Línea;2;10,4;DE 9 A 19 H. EXCEPTO CARGA Y DESACARGA;-3.6691703010;40.3970040150
443561,2500000000;4471118,7700000000;28-09-2005;13  PUENTE DE VALLECAS;13-02 SAN DIEGO;PUERTO DE ARLABAN, CALLE, DEL;7;CargayDescarga;Línea;2;12;LABORABLES DE 7:30 A 16 H.EXCEPTO CARGA Y DESCARGA;-3.6649712650;40.3887543970
443235,3800000000;4470487,0700000000;05-06-2012;13  PUENTE DE VALLECAS;13-02 SAN DIEGO;PUERTO DE BALBARAN, CALLE, DEL;31;CargayDescarga;Línea;3;15;LABORABLES DE 8 A 14H Y DE 16 A 20H EXCEPTO CARGA Y DESCARGA;-3.6687541610;40.3830408040
443477,4100000000;4470751,8700000000;25-04-2019;13  PUENTE DE VALLECAS;13-02 SAN DIEGO;PUERTO DE LA BONAIGUA, CALLE, DEL;58;CargayDescarga;Línea;3;15;;-3.6659265000;40.3854429300
443371,5000000000;4470556,4000000000;04-10-2012;13  PUENTE DE VALLECAS;13-02 SAN DIEGO;PUERTO DE MORCUERA, CALLE, DEL;12;CargayDescarga;Línea;2;10;Lab de 8 a 14 h y de 17 a 20 h. Excepto carga y descarga;-3.6671567550;40.3836753550
443620,6400000000;4471856,2600000000;27-10-2016;13  PUENTE DE VALLECAS;13-02 SAN DIEGO;PUERTO DE PAJARES, CALLE, DEL;4;CargayDescarga;Línea;5;35;LAB. DE 8 A 14H Y DE 16:30 A 19 H EXCEPTO CARGA Y DESCARGA;-3.6643368860;40.3954015090
443501,3500000000;4471830,6900000000;12-03-2007;13  PUENTE DE VALLECAS;13-02 SAN DIEGO;PUERTO DEL MONASTERIO, CALLE, DEL;1;CargayDescarga;Línea;1;8,56;LABORABLES DE 8 A 20 H.EXCEPTO CARGA Y DESCARGA;-3.6657400600;40.3951635030
443489,7800000000;4470673,6000000000;25-01-2005;13  PUENTE DE VALLECAS;13-02 SAN DIEGO;SAN DIEGO, AVENIDA, DE;132;CargayDescarga;Línea;2;9,66;LAB.DE 8 A 14 H. Y DE  16,30 A 19 H. EXCEPTO CARGA Y DESCARGA ;-3.6657738640;40.3847386500
443636,4300000000;4470435,0600000000;05-09-2005;13  PUENTE DE VALLECAS;13-02 SAN DIEGO;SAN DIEGO, AVENIDA, DE;113;CargayDescarga;Línea;3;17;LAB. DE 8 A 14 H. Y DE 16,30 A 19 H. EXCEPTO CARGA Y DESCARGA EN LINEA;-3.6640250820;40.3825996840
443308,4900000000;4470881,9400000000;30-09-2011;13  PUENTE DE VALLECAS;13-02 SAN DIEGO;SAN DIEGO, AVENIDA, DE;63;CargayDescarga;Línea;2;10; 'De lunes a viernes de 8 a 16 horas de septiembre a junio excepto carga y descarga' ;-3.6679280130;40.3866030550
443266,3800000000;4470917,2100000000;09-03-2015;13  PUENTE DE VALLECAS;13-02 SAN DIEGO;SAN DIEGO, AVENIDA, DE;94;CargayDescarga;Línea;1;14;LABORABLES DE 8 A 17 H.EXCEPTO CARGA Y DESCARGA;-3.6684273460;40.3869184110
443578,3600000000;4470518,5400000000;30-07-2019;13  PUENTE DE VALLECAS;13-02 SAN DIEGO;SAN DIEGO, AVENIDA, DE;148;CargayDescarga;Línea;3;15,4;LABORABLES DE LUNES A VIERNES DE 8:00 A 14:00 H Y DE 16:30 A 19:00 H Y SÁBADOS DE 8:00 A 15:00 H EXCEPTO CARGA Y DESCARGA;-3.6647164130;40.3833480810
443770,1800000000;4471761,9700000000;27-10-2016;13  PUENTE DE VALLECAS;13-02 SAN DIEGO;SIERRA CARBONERA, CALLE, DE LA;1;CargayDescarga;Línea;6;22;LAB. DE 8 A 14H Y DE 16:30 A 19 H EXCEPTO CARGA Y DESCARGA;-3.6625665610;40.3945628140
443188,0400000000;4471321,5300000000;15-07-2019;13  PUENTE DE VALLECAS;13-02 SAN DIEGO;SIERRA DE ALCARAZ, CALLE, DE LA;2;CargayDescarga;Línea;2;10;DE 9:00 A 18:00 H EXCEPTO CARGA Y DESCARGA ;-3.6693861910;40.3905550310
443072,1700000000;4471029,6400000000;12-03-2007;13  PUENTE DE VALLECAS;13-02 SAN DIEGO;SIERRA DE LA SOLANA, CALLE, DE LA;2;CargayDescarga;Línea;2;10;LABORABLES DE 9 A 16 H.EXCEPTO CARGA Y DESCARGA;-3.6707253650;40.3879177060
444167,6400000000;4471242,0900000000;13-07-1994;13  PUENTE DE VALLECAS;13-03 PALOMERAS BAJAS;ALCALA DE GUADAIRA, CALLE, DE;8;CargayDescarga;Línea;3;15;LABORABLES DE 9 A 14 H. Y DE 16,30 A 20 H.EXCEPTO CARGA Y DESCARGA;-3.6578379400;40.3899056980
444198,7900000000;4471106,2300000000;20-01-2005;13  PUENTE DE VALLECAS;13-03 PALOMERAS BAJAS;ALCALA DE GUADAIRA, CALLE, DE;53;CargayDescarga;Línea;2;11;Lab. de 9 a 20 h.excepto: CARGA Y DESCARGA;-3.6574589860;40.3886841520
443895,0200000000;4471433,8500000000;25-06-2007;13  PUENTE DE VALLECAS;13-03 PALOMERAS BAJAS;ARROYO DEL OLIVAR, CALLE, DEL;68;CargayDescarga;Línea;1;14;LAB.DE 8 A 14 H. Y DE 16,30 A 19 H. EXCEPTO CARGA Y DESCARGA;-3.6610666720;40.3916153470
444543,5500000000;4471049,6700000000;27-02-2003;13  PUENTE DE VALLECAS;13-03 PALOMERAS BAJAS;ARROYO DEL OLIVAR, CALLE, DEL;152;CargayDescarga;Línea;3;15;lab. de 8 a 14 h. excepto: [CARGA Y DESCARGA];-3.6533922460;40.3881975390
444564,9800000000;4470247,4900000000;19-04-2007;13  PUENTE DE VALLECAS;13-03 PALOMERAS BAJAS;BUENOS AIRES, AVENIDA, DE;87;CargayDescarga;Línea;2;10;LABORABLES DE 8 A 14 Y DE  16,30 A 19 H. EXCEPTO  CARGA Y DESCARGA;-3.6530699570;40.3809728280
443806,8600000000;4471371,4600000000;11-04-2007;13  PUENTE DE VALLECAS;13-03 PALOMERAS BAJAS;CARLOS MARTIN ALVAREZ, CALLE, DE;7;CargayDescarga;Línea;4;20;LABORABLES DE 8 A 18 H. EXCEPTO CARGA Y DESCARGA;-3.6621000010;40.3910469150
443733,0400000000;4471265,0700000000;06-08-2013;13  PUENTE DE VALLECAS;13-03 PALOMERAS BAJAS;CARLOS MARTIN ALVAREZ, CALLE, DE;17;CargayDescarga;Línea;2;13;Laborables de 8 a 14 horas. Excepto CARGA Y DESCARGA;-3.6629602400;40.3900832580
443727,1500000000;4470737,0200000000;19-02-2009;13  PUENTE DE VALLECAS;13-03 PALOMERAS BAJAS;HERMANOS TRUEBA, CALLE, DE LOS;17;CargayDescarga;Línea;2;10;lab. de 9 a 20 h. excepto: [CARGA Y DESCARGA];-3.6629830440;40.3853258740
444529,9100000000;4470929,4500000000;15-03-2010;13  PUENTE DE VALLECAS;13-03 PALOMERAS BAJAS;PALOMERAS, AVENIDA, DE LAS;101;CargayDescarga;Línea;6;33;LAB. DE 8 A 14 H. Y DE 16,30 A 19 H. EXCEPTO CARGA Y DESCARGA;-3.6535425330;40.3871139610
443671,1200000000;4470030,7500000000;13-07-2012;13  PUENTE DE VALLECAS;13-03 PALOMERAS BAJAS;PUERTO DE BALBARAN, CALLE, DEL;115;CargayDescarga;Línea;3;15;LABORABLES DE 8 A 14 H Y DE 16.30 A 19 HORAS EXCEPTO CARGA Y DESCARGA EN LÍNEA;-3.6635805820;40.3789603130
444509,2700000000;4470961,9500000000;26-04-2010;13  PUENTE DE VALLECAS;13-03 PALOMERAS BAJAS;PUERTO DE CARDOSO, CALLE, DEL;2;CargayDescarga;Línea;6;36,1;LAB. DE 8 A 14 H. Y DE 16,30 A 19 H.EXCEPTO CARGA Y DESCARGA;-3.6537885040;40.3874053100
443749,5400000000;4471427,4900000000;21-01-2005;13  PUENTE DE VALLECAS;13-03 PALOMERAS BAJAS;RODRIGUEZ ESPINOSA, CALLE, DE;13;CargayDescarga;Línea;4;20,1;EXCEPTO CARGA Y DESCARGASERVICIOS PARQUE DE DESINFECCIONLABORABLES DE 8 A 15 H;-3.6627801600;40.3915476230
443958,2500000000;4471609,1000000000;27-10-2016;13  PUENTE DE VALLECAS;13-03 PALOMERAS BAJAS;SIERRA DE CADI, CALLE, DE LA;4;CargayDescarga;Línea;3;20;LAB. DE 8 A 14H Y DE 16:30 A 19 H EXCEPTO CARGA Y DESCARGA;-3.6603371820;40.3931977990
445879,0200000000;4470809,1100000000;14-06-2010;13  PUENTE DE VALLECAS;13-04 PALOMERAS SURESTE;ALBUFERA, AVENIDA, DE LA;300;CargayDescarga;Línea;3;16,97;LAB.DE 8 A 14 H. Y DE 16,30 A 19 H. EXCEPTO CARGA Y DESCARGA ;-3.6376382560;40.3861181610
445805,7000000000;4470852,9200000000;09-07-2021;13  PUENTE DE VALLECAS;13-04 PALOMERAS SURESTE;ALBUFERA, AVENIDA, DE LA;S/N;CargayDescarga;Línea;1;7,5;LAB. DE LUNES A SABADOS DE 8 A 14:30 H. EXCEPTO CARGA Y DESCARGA;-3.6385057710;40.3865079440
445927,0700000000;4471223,6500000000;01-01-1900;13  PUENTE DE VALLECAS;13-04 PALOMERAS SURESTE;ANDALUCES, CALLE, DE LOS;24;CargayDescarga;Línea;2;11;LAB.DE 8 A 14 H. Y DE16,30 A 19 H.EXCEPTOCARGA Y DESCARGA;-3.6371072390;40.3898553920
445613,9500000000;4471327,9700000000;25-06-2012;13  PUENTE DE VALLECAS;13-04 PALOMERAS SURESTE;ANTONIO MAIRENA, CALLE, DE;6;CargayDescarga;Línea;2;10;LABORABLES DE 8 H A 14 H EXCEPTO CARGA Y DESCARGA EN LÍNEA;-3.6408052800;40.3907753910
446893,3000000000;4470589,2300000000;12-03-2007;13  PUENTE DE VALLECAS;13-04 PALOMERAS SURESTE;ARBOLEDA, CALLE, DE LA;4;CargayDescarga;Línea;6;30;LABORABLES DE 8 A 20 H.EXCEPTO CARGA Y DESCARGA;-3.6256706000;40.3842030490
445466,4000000000;4470541,7400000000;26-05-2011;13  PUENTE DE VALLECAS;13-04 PALOMERAS SURESTE;BENAMARGOSA, CALLE, DE;1;CargayDescarga;Línea;3;15;LABORABLES DE 8 A 14 H. Y DE 16,30 A 19 H. EXCEPTO CARGA Y DESCARGA;-3.6424764260;40.3836825740
445068,8900000000;4470559,1000000000;01-03-2010;13  PUENTE DE VALLECAS;13-04 PALOMERAS SURESTE;CAMPO DE LA PALOMA, CALLE, DEL;18 posterior;CargayDescarga;Línea;3;16;LABORABLES DE 8 A 15 H. EXCEPTO CARGA Y DESCARGA;-3.6471608140;40.3838134380
446764,0500000000;4471055,8700000000;25-01-2005;13  PUENTE DE VALLECAS;13-04 PALOMERAS SURESTE;CAMPUS SUR, AVENIDA, DEL;7;CargayDescarga;Línea;1;5;EXCEPTO CARGA Y DESCARGA;-3.6272322540;40.3883981310
446360,7400000000;4470357,7000000000;25-02-2020;13  PUENTE DE VALLECAS;13-04 PALOMERAS SURESTE;COCHERON DE LA VILLA, CALLE, DEL;17;CargayDescarga;Línea;1;7,5;LAB. DE LUNES A SÁBADO DE 8 A 14:30 H. EXCEPTO CARGA Y DESCARGA;-3.6319250070;40.3820825320
446453,0400000000;4470381,9300000000;25-02-2020;13  PUENTE DE VALLECAS;13-04 PALOMERAS SURESTE;COCHERON DE LA VILLA, CALLE, DEL;S/N;CargayDescarga;Línea;2;10;LAB. DE LUNES A SÁBADO DE 8 A 14:30 H. EXCEPTO CARGA Y DESCARGA;-3.6308397110;40.3823069030
446302,4300000000;4470351,9200000000;26-01-2022;13  PUENTE DE VALLECAS;13-04 PALOMERAS SURESTE;COCHERON DE LA VILLA, CALLE, DEL;S/N;CargayDescarga;Línea;2;10;LAB. DE LUNES A SÁBADOS DE 8 A 14:30 H. MÁXIMO 30 MINUTOS EXCEPTO CARGA Y DESCARGA ;-3.6326114110;40.3820268980
445673,8600000000;4470882,1600000000;09-07-2007;13  PUENTE DE VALLECAS;13-04 PALOMERAS SURESTE;COIN, CALLE, DE;9;CargayDescarga;Batería;4;11,3;EXCEPTO CARGA Y DESCARGALABORABLES DE 8:00 A 20:00 H.Y DE 16:30 A 19:00 H.;-3.6400614090;40.3867629100
445796,4200000000;4470932,3600000000;21-01-2005;13  PUENTE DE VALLECAS;13-04 PALOMERAS SURESTE;LEON FELIPE, CALLE, DE;4;CargayDescarga;Línea;3;15,5;LAB.DE 9 A 14H.EXCEPTO CARGA Y DESCARGA;-3.6386217380;40.3872228230
445696,6100000000;4471069,5300000000;11-03-2021;13  PUENTE DE VALLECAS;13-04 PALOMERAS SURESTE;RAFAEL ALBERTI, AVENIDA, DE;16 A;CargayDescarga;Línea;2;10;LAB. DE 8 A 14 H. EXCEPTO: CARGA Y DESCARGA;-3.6398093080;40.3884527920
445518,6500000000;4470594,1400000000;09-07-2007;13  PUENTE DE VALLECAS;13-04 PALOMERAS SURESTE;RINCON DE LA VICTORIA, CALLE, DEL;3;CargayDescarga;Línea;7;38;EXCEPTO CARGA Y DESCARGALABORABLES DE 8:00 A 20:00 H.Y SABADOS DE 9:00 A 14:00 H.;-3.6418653670;40.3841578430
445703,3100000000;4471140,6000000000;16-06-2006;13  PUENTE DE VALLECAS;13-04 PALOMERAS SURESTE;SAN CLAUDIO, CALLE, DE;150;CargayDescarga;Línea;3;15;DE 9 A 14 H Y DE 16.30 A 20 HEXCEPTO CARGA Y DESCARGA;-3.6397364850;40.3890928430
445588,4600000000;4470629,2500000000;17-08-2007;13  PUENTE DE VALLECAS;13-04 PALOMERAS SURESTE;TORREMOLINOS, CALLE, DE;4;CargayDescarga;Batería;2;8,62;LABORABLES DE 9 A 19 H.EXCEPTO CARGA Y DESCARGA;-3.6410459800;40.3844794440
445665,4900000000;4470583,2000000000;09-07-2007;13  PUENTE DE VALLECAS;13-04 PALOMERAS SURESTE;TORREMOLINOS, CALLE, DE;12;CargayDescarga;Batería;6;15;EXCEPTO CARGA Y DESCARGALABORABLES DE 8:00 A 20:00 H.Y SABADOS DE 9:00 A 14:00 H.;-3.6401345760;40.3840694350
444712,6800000000;4470244,9500000000;29-09-2014;13  PUENTE DE VALLECAS;13-04 PALOMERAS SURESTE;VILLALOBOS, CALLE, DE;131;CargayDescarga;Línea;3;13,8;LAB. DE 8 A 19 H.EXCEPTO CARGA Y DESCARGA;-3.6513298840;40.3809593060
444944,5400000000;4470338,8100000000;29-09-2014;13  PUENTE DE VALLECAS;13-04 PALOMERAS SURESTE;VILLALOBOS, CALLE, DE;18;CargayDescarga;Línea;3;15;LAB. DE 8 A 19 H.EXCEPTO CARGA Y DESCARGA;-3.6486067310;40.3818201750
444739,7800000000;4470202,5200000000;17-12-2021;13  PUENTE DE VALLECAS;13-04 PALOMERAS SURESTE;VILLALOBOS, CALLE, DE;125;CargayDescarga;Batería;4;12,3;LAB. DE LUNES A SÁBADOS DE 8 A 14 H. Y DE 16:00 A 19:30 H. EXCEPTO CARGA Y DESCARGA;-3.6510069650;40.3805788620
445189,7800000000;4471220,3600000000;21-01-2005;13  PUENTE DE VALLECAS;13-05 PORTAZGO;ALBUFERA, AVENIDA, DE LA;248;CargayDescarga;Línea;2;10,2;LAB. DE 8 A 14 H. Y DE 16,30 A 19 H. EXCEPTO CARGA Y DESCARGA ;-3.6457935080;40.3897776990
445079,8500000000;4471279,6800000000;21-01-2005;13  PUENTE DE VALLECAS;13-05 PORTAZGO;ALBUFERA, AVENIDA, DE LA;240;CargayDescarga;Línea;3;15;LAB. DE 8 A 14 H. Y DE 16,30 A 19,00 H. EXCEPTO: CARGA Y DESCARGA;-3.6470938360;40.3903046490
445219,5200000000;4471203,5700000000;03-04-2019;13  PUENTE DE VALLECAS;13-05 PORTAZGO;ALBUFERA, AVENIDA, DE LA;248;CargayDescarga;Línea;3;18;LAB. DE 8 A 14.30 H EXCEPTO CARGA Y DESCARGA;-3.6454417120;40.3896286160
445363,6100000000;4471736,8200000000;09-07-2004;13  PUENTE DE VALLECAS;13-05 PORTAZGO;BENJAMIN PALENCIA, CALLE, DE;45;CargayDescarga;Línea;3;15,62;DE 8 A 14 H. Y DE 16,30 A 19 H.EXCEPTO CARGA Y DESCARGA;-3.6437897600;40.3944419190
444820,4800000000;4471786,9300000000;23-02-2009;13  PUENTE DE VALLECAS;13-05 PORTAZGO;BENJAMIN PALENCIA, CALLE, DE;12;CargayDescarga;Línea;3;15;DE 8 A 14 H. Y DE 16,30 A 19 H. EXCEPTO CARGA Y DESCARGA;-3.6501936520;40.3948573710
445056,3100000000;4471222,6700000000;16-06-2008;13  PUENTE DE VALLECAS;13-05 PORTAZGO;DIEGO MANCHADO, CALLE, DE;56;CargayDescarga;Línea;2;15;LABORABLES DE 8 A 14H Y DE 16.30  A 19 H EXCEPTO CARGA Y DESCARGA;-3.6473661620;40.3897898460
444992,2100000000;4470965,6300000000;17-11-2016;13  PUENTE DE VALLECAS;13-05 PORTAZGO;GUILLERMO PINGARRON, CALLE, DE;7;CargayDescarga;Batería;4;10;LAB. DE 8:00 A 17:00 H EXCEPTO CARGA Y DESCARGA;-3.6480992050;40.3874702260
445095,9000000000;4470747,7200000000;08-06-2006;13  PUENTE DE VALLECAS;13-05 PORTAZGO;PABLO NERUDA, AVENIDA, DE;78;CargayDescarga;Línea;3;15;LABORABLES DE 8 A 14 H. Y DE 16,30 A 19 H. EXCEPTO CARGA Y DESCARGA;-3.6468588080;40.3855143200
444860,8200000000;4470827,4100000000;25-11-2021;13  PUENTE DE VALLECAS;13-05 PORTAZGO;PALOMERAS, AVENIDA, DE LAS;137;CargayDescarga;Línea;2;10;LAB. DE LUNES A  SABADOS DE 8 A 14:30 H. EXCEPTO CARGA Y DESCARGA;-3.6496351900;40.3862161360
445080,0200000000;4471234,2600000000;01-12-2006;13  PUENTE DE VALLECAS;13-05 PORTAZGO;PEDRO LABORDE, CALLE, DE;4;CargayDescarga;Línea;3;17,9;EXCEPTO CARGA Y DESCARGALABORABLES DE 8:00 A 14:00 H.DE 16:00 A 19:00 H.;-3.6470877620;40.3898957290
445025,8400000000;4471130,0300000000;10-10-2007;13  PUENTE DE VALLECAS;13-05 PORTAZGO;PEDRO LABORDE, CALLE, DE;15;CargayDescarga;Línea;2;10;LAB. DE 8,00 A 14,00 H. Y DE 16,00 A 19,00 H.EXCEPTO CARGA Y DESCARGA;-3.6477172140;40.3889534420
444963,3200000000;4471026,7300000000;01-12-2006;13  PUENTE DE VALLECAS;13-05 PORTAZGO;PEDRO LABORDE, CALLE, DE;25;CargayDescarga;Línea;2;13,5;LAB. DE 8 A 14 H.Y DE 16,30 A 19,00 H.EXCEPTO: CARGA Y DESCARGA;-3.6484448130;40.3880184900
444851,0100000000;4470850,0800000000;27-03-2008;13  PUENTE DE VALLECAS;13-05 PORTAZGO;PEDRO LABORDE, CALLE, DE;49;CargayDescarga;Línea;3;16,04;LABORABLES DE 8:00 A 20:00 H.EXCEPTO CARGA Y DESCARGA;-3.6497527040;40.3864202240
444953,0300000000;4471137,8400000000;21-01-2005;13  PUENTE DE VALLECAS;13-05 PORTAZGO;PUERTO DE SOMIEDO, CALLE, DEL;19;CargayDescarga;Línea;5;27;LAB. DE 8 A 14 H. Y DE16,30 A 19 H. EXCEPTOCARGA Y DESCARGA;-3.6485756760;40.3890189310
445085,0300000000;4471157,3300000000;01-12-2006;13  PUENTE DE VALLECAS;13-05 PORTAZGO;RAMIREZ TOME, CALLE, DE;21;CargayDescarga;Línea;10;52,5;LAB. DE 8 A 14 H. Y DE 16,30 A 19 H. EXCEPTO CARGA Y DESCARGA;-3.6470222160;40.3892030800
445060,0800000000;4471154,5600000000;31-08-2009;13  PUENTE DE VALLECAS;13-05 PORTAZGO;RAMIREZ TOME, CALLE, DE;Fte 21;CargayDescarga;Línea;5;25,3;LAB. DE 8 A 14 H. Y DE 16,30 A 19 H. EXCEPTO CARGA Y DESCARGA ;-3.6473158570;40.3891768960
443590,5600000000;4472561,9000000000;05-10-2009;13  PUENTE DE VALLECAS;13-06 NUMANCIA;ALFONSO XIII, CALLE, DE;2;CargayDescarga;Línea;2;10;LAB. DE 8 A 14 H. Y DE 16,30 A 19 H. EXCEPTO CARGA Y DESCARGA;-3.6647537130;40.4017561270
444359,4700000000;4471488,7700000000;20-01-2005;13  PUENTE DE VALLECAS;13-06 NUMANCIA;CANTALAPIEDRA, CALLE, DE;Fte 4;CargayDescarga;Línea;3;15;LABORABLES DE 9 A 14 H. Y DE 16,30 A 20 H.EXCEPTO CARGA Y DESCARGA;-3.6555993370;40.3921410360
444371,2400000000;4471463,1900000000;28-12-2021;13  PUENTE DE VALLECAS;13-06 NUMANCIA;CANTALAPIEDRA, CALLE, DE;2;CargayDescarga;Línea;2;13,69;LAB. DE 8 A 14 H. Y DE LAS 16:30 A 19 H. EXCEPTO CARGA Y DESCARGA;-3.6554585040;40.3919116230
444235,4500000000;4471487,6500000000;21-05-2019;13  PUENTE DE VALLECAS;13-06 NUMANCIA;DOLORES FOLGUERAS, CALLE, DE;34;CargayDescarga;Línea;1;8;LABORABLES DE LUNES A VIERNES DE 8 A 14 H Y DE 16:30 A 19 H SÁBADOS DE 8  A 15 H EXCEPTO CARGA Y DESCARGA EN LÍNEA;-3.6570605510;40.3921225860
443434,9900000000;4472249,3400000000;27-09-2016;13  PUENTE DE VALLECAS;13-06 NUMANCIA;EMILIO ORTUÑO, CALLE, DE;13;CargayDescarga;Línea;2;12;LABORABLES DE 9:00  A 14:30  Y DE 16:00 A 20:00 H EXCEPTO CARGA Y DESCARGA;-3.6665592170;40.3989302420
444057,3000000000;4471833,0600000000;14-08-2014;13  PUENTE DE VALLECAS;13-06 NUMANCIA;ENRIQUE VELASCO, CALLE, DE;34;CargayDescarga;Línea;2;10;laborables de 8:00 a 17:00 h, excepto carga y descarga.;-3.6591897200;40.3952220590
443913,4500000000;4472695,6700000000;16-06-2016;13  PUENTE DE VALLECAS;13-06 NUMANCIA;FERNANDO GIRALDEZ, CALLE, DE;S/N;CargayDescarga;Línea;2;15;LAB. DE 10 A 20 H EXCEPTO CARGA Y DESCARGA;-3.6609607320;40.4029837460
443367,4200000000;4472303,1200000000;26-05-1999;13  PUENTE DE VALLECAS;13-06 NUMANCIA;FRANCISCO IGLESIAS, CALLE, DE;2;CargayDescarga;Línea;2;11,84;LAB. DE 9 A 14 H Y DE 16.30 A 20 HEXCEPTO CARGA Y DESCARGA;-3.6673601550;40.3994106090
443462,4000000000;4472172,1800000000;04-08-2016;13  PUENTE DE VALLECAS;13-06 NUMANCIA;JOSE CAMINS, CALLE, DE;2;CargayDescarga;Línea;2;15;LAB DE 8 A 17 H EXCEPTO CARGA Y DESCARGA;-3.6662294800;40.3982367910
444150,9100000000;4471636,0200000000;25-01-2010;13  PUENTE DE VALLECAS;13-06 NUMANCIA;JOSEFA DIAZ, CALLE, DE;4;CargayDescarga;Línea;7;34,8;LABORABLES DE 8 A 20 H.EXCEPTO CARGA Y DESCARGAEN LINEA;-3.6580695870;40.3934532240
444104,4400000000;4471588,4400000000;27-10-2016;13  PUENTE DE VALLECAS;13-06 NUMANCIA;JOSEFA DIAZ, CALLE, DE;3;CargayDescarga;Línea;4;23;LAB. DE 8 A 14H Y DE 16:30 A 19 H EXCEPTO CARGA Y DESCARGA;-3.6586129230;40.3930220150
443991,3100000000;4472051,9000000000;16-06-2004;13  PUENTE DE VALLECAS;13-06 NUMANCIA;LOPEZ GRASS, CALLE, DE;Fte 33;CargayDescarga;Batería;3;15;LAB. DE 8 A 14 H. Y DE16,30 A 19 H. EXCEPTOCARGA Y DESCARGA;-3.6599865320;40.3971891380
443941,6600000000;4471939,0600000000;14-02-2001;13  PUENTE DE VALLECAS;13-06 NUMANCIA;LOPEZ GRASS, CALLE, DE;18;CargayDescarga;Línea;3;15,3;LAB.DE 8 A 14 H. Y DE 16,30 A 19 H. EXCEPTO CARGA Y DESCARGA;-3.6605616670;40.3961694450
443870,6300000000;4471774,5900000000;27-10-2016;13  PUENTE DE VALLECAS;13-06 NUMANCIA;LOPEZ GRASS, CALLE, DE;6;CargayDescarga;Línea;1;10;LAB. DE 8 A 14H Y DE 16:30 A 19 H EXCEPTO CARGA Y DESCARGA;-3.6613840910;40.3946833640
443759,4200000000;4472696,3100000000;27-10-2005;13  PUENTE DE VALLECAS;13-06 NUMANCIA;MANCO DE LEPANTO, CALLE, DEL;3;CargayDescarga;Línea;2;12;LAB. DE 9 A 14 H. Y DE 16 A 19 H.EXCEPTO CARGA Y DESCARGA;-3.6627758050;40.4029785900
443864,8300000000;4472674,6400000000;22-09-2006;13  PUENTE DE VALLECAS;13-06 NUMANCIA;MANCO DE LEPANTO, CALLE, DEL;6;CargayDescarga;Línea;3;14,3;Lab. de 8 a 20 h.Excepto: Carga y Descarga;-3.6615317990;40.4027908310
444334,1800000000;4471557,5600000000;24-07-2017;13  PUENTE DE VALLECAS;13-06 NUMANCIA;MARIANA PINEDA, PLAZA, DE;6;CargayDescarga;Línea;3;14,91;EXCEPTO CARGA Y DESCARGA CENTRO COMERCIAL  ALBUFERA PLAZA;-3.6559032910;40.3927586270
444291,9100000000;4471496,3200000000;06-03-2018;13  PUENTE DE VALLECAS;13-06 NUMANCIA;MARIANA PINEDA, PLAZA, DE;1;CargayDescarga;Línea;4;18;EXCEPTO CARGA Y DESCARGA CENTRO COMERCIAL  ALBUFERA PLAZA;-3.6563961490;40.3922041180
443462,7000000000;4472403,1300000000;10-07-2020;13  PUENTE DE VALLECAS;13-06 NUMANCIA;MENDIVIL, CALLE, DE;4;CargayDescarga;Línea;1;7;Laborables 8 a 14h y de 16.30 a 19 h. Excepto Carga y Descarga;-3.6662463820;40.4003173730
443517,8200000000;4472379,0600000000;24-11-2021;13  PUENTE DE VALLECAS;13-06 NUMANCIA;MENDIVIL, CALLE, DE;16;CargayDescarga;Línea;3;15;LAB. DE LUNES A SÁBADO DE 8 A 14:30 H. EXCEPTO CARGA Y DESCARGA;-3.6655946430;40.4001046910
443341,1100000000;4472161,8100000000;07-02-2007;13  PUENTE DE VALLECAS;13-06 NUMANCIA;MONTE OLIVETI, CALLE, DEL;Fte 9;CargayDescarga;Línea;7;40;EXCEPTO CARGA Y DESCARGA DE 8:00 H. A 24:00 H;-3.6676575200;40.3981356640
443636,8600000000;4472631,6300000000;05-10-2009;13  PUENTE DE VALLECAS;13-06 NUMANCIA;PEÑA PRIETA, AVENIDA, DE LA;Fte 61;CargayDescarga;Línea;1;8,3;LAB. DE 8 A 14 H. Y DE 16,30 A 19 H. EXCEPTO CARGA Y DESCARGA;-3.6642143870;40.4023882710
443687,7400000000;4472678,0900000000;05-10-2009;13  PUENTE DE VALLECAS;13-06 NUMANCIA;PEÑA PRIETA, AVENIDA, DE LA;74;CargayDescarga;Línea;3;15,88;LAB. DE 8 A 14 H. Y DE 16,30 A 19 H. EXCEPTO CARGA Y DESCARGA;-3.6636189120;40.4028095670
443753,0200000000;4472737,7800000000;05-10-2009;13  PUENTE DE VALLECAS;13-06 NUMANCIA;PEÑA PRIETA, AVENIDA, DE LA;84;CargayDescarga;Línea;2;10;LABORABLES DE 8 A 20 H EXCEPTO CARGA Y DESCARGA ;-3.6628549310;40.4033522730
443384,8300000000;4472358,4500000000;05-10-2009;13  PUENTE DE VALLECAS;13-06 NUMANCIA;PEÑA PRIETA, AVENIDA, DE LA;11;CargayDescarga;Línea;5;25;LAB.DE 8 A 14 H. Y DE 16,30 A19 H. EXCEPTO CARGA Y DESCARGA;-3.6671599640;40.3999102290
443439,5500000000;4472418,4400000000;05-10-2009;13  PUENTE DE VALLECAS;13-06 NUMANCIA;PEÑA PRIETA, AVENIDA, DE LA;23;CargayDescarga;Línea;3;12;LAB. DE 8 A 14 H. Y DE 16,30 A 19 H. EXCEPTO CARGA Y DESCARGA;-3.6665204280;40.4004537940
443298,0600000000;4472248,4200000000;17-12-2021;13  PUENTE DE VALLECAS;13-06 NUMANCIA;PEÑA PRIETA, AVENIDA, DE LA;8;CargayDescarga;Línea;4;23,4;LAB.DE 8 A 14 H. Y DE 16,30 A 19 H.  MAX. 30 MINUTOS EXCEPTO CARGA Y DESCARGA;-3.6681726090;40.3989125370
443879,2100000000;4471837,1900000000;02-03-2017;13  PUENTE DE VALLECAS;13-06 NUMANCIA;PICOS DE EUROPA, CALLE, DE LOS;11;CargayDescarga;Línea;2;10;LAB.DE 8 A 20 H  EXCEPTO CARGA Y DESCARGA;-3.6612884640;40.3952474980
443831,9100000000;4471870,4000000000;20-04-2021;13  PUENTE DE VALLECAS;13-06 NUMANCIA;PICOS DE EUROPA, CALLE, DE LOS;11 G;CargayDescarga;Línea;7;28;LAB. DE 8 A 20 H. EXCEPTO CARGA Y DESCARGA;-3.6618487590;40.3955434310
444070,8800000000;4472431,6500000000;08-06-2015;13  PUENTE DE VALLECAS;13-06 NUMANCIA;PUERTO DE CANENCIA, CALLE, DEL;7;CargayDescarga;Línea;2;14;LABORABLES DE 8 A 17 EXCEPTO CARGA Y DESCARGA;-3.6590823470;40.4006154820
443810,1600000000;4472217,0200000000;12-02-2001;13  PUENTE DE VALLECAS;13-06 NUMANCIA;PUERTO DE CANFRANC, CALLE, DEL;46;CargayDescarga;Línea;3;13,7;LAB. DE 8 A 14 H. Y DE 16,30 A 19 H. EXCEPTO CARGA Y DESCARGA;-3.6621356390;40.3986643890
443729,9000000000;4472074,2200000000;01-01-1900;13  PUENTE DE VALLECAS;13-06 NUMANCIA;PUERTO DE CANFRANC, CALLE, DEL;24;CargayDescarga;Línea;5;25,5;LAB. DE 9 A 14 H. Y DE 16,30 A 20 H. EXCEPTO CARGA Y DESCARGA;-3.6630687010;40.3973725410
443691,9300000000;4472003,7000000000;16-06-2004;13  PUENTE DE VALLECAS;13-06 NUMANCIA;PUERTO DE CANFRANC, CALLE, DEL;9;CargayDescarga;Línea;3;13,85;LAB. DE 8 A 14 H. Y DE 16,30 A 19 H. EXCEPTO CARGA Y DESCARGA;-3.6635098210;40.3967349540
443651,7900000000;4471938,1000000000;22-01-2013;13  PUENTE DE VALLECAS;13-06 NUMANCIA;PUERTO DE CANFRANC, CALLE, DEL;3;CargayDescarga;Línea;2;10;LABORABLES DE 8:00 H A 19:00 H EXCEPTO CARGA Y DESCARGA;-3.6639770680;40.3961407970
443624,1700000000;4471920,3300000000;27-10-2016;13  PUENTE DE VALLECAS;13-06 NUMANCIA;PUERTO DE CANFRANC, CALLE, DEL;1;CargayDescarga;Línea;3;18;LAB. DE 8 A 14H Y DE 16:30 A 19 H EXCEPTO CARGA Y DESCARGA;-3.6643009040;40.3959792230
443628,6800000000;4471915,4400000000;27-10-2016;13  PUENTE DE VALLECAS;13-06 NUMANCIA;PUERTO DE CANFRANC, CALLE, DEL;2;CargayDescarga;Línea;3;17;LAB. DE 8 A 14H Y DE 16:30 A 19 H EXCEPTO CARGA Y DESCARGA;-3.6642473900;40.3959354490
444566,3100000000;4472453,0200000000;19-11-2019;13  PUENTE DE VALLECAS;13-06 NUMANCIA;RAMON PEREZ DE AYALA, CALLE, DE;50;CargayDescarga;Batería;3;15;LABORABLES DE 8 A 14 H. EXCEPTO CARGA Y DESCARGA EN LÍNEA;-3.6532463710;40.4008417430
443852,9400000000;4472687,3500000000;21-01-2005;13  PUENTE DE VALLECAS;13-06 NUMANCIA;SANTA MARTA, CALLE, DE;22;CargayDescarga;Línea;3;14,5;Lab. de 8 a 20 h.excepto: CARGA Y DESCARGA;-3.6616729760;40.4029046780
443343,7900000000;4472119,0700000000;24-02-2005;13  PUENTE DE VALLECAS;13-06 NUMANCIA;SIERRA DE JAVALAMBRE, CALLE, DE LA;2;CargayDescarga;Línea;4;20;LAB. DE 9 A 19 H. EXCEPTOCARGA Y DESACARGAEN LINEA;-3.6676222830;40.3977506360
443848,6200000000;4472284,3100000000;04-08-2010;13  PUENTE DE VALLECAS;13-06 NUMANCIA;VALDERRIBAS, CAMINO, DE;89;CargayDescarga;Línea;3;15;LAB. DE 8 A 14 H. Y DE 16,30 A 19 H. EXCEPTO CARGA Y DESCARGA ;-3.6616883310;40.3992735580
446760,7800000000;4472453,1100000000;10-02-2005;14  MORATALAZ;14-01 PAVONES;BRUJAS, CALLE, DE;20;CargayDescarga;Línea;3;15,37;;-3.6273875830;40.4009856130
446199,6100000000;4472497,2000000000;17-05-2019;14  MORATALAZ;14-01 PAVONES;HACIENDA DE PAVONES, CALLE, DE LA;Fte nº 221;CargayDescarga;Línea;9;22,6;LAB DE 9 A 14 HORAS EXCEPTO CARGA Y DESCARGA;-3.6340039270;40.4013463470
446617,4000000000;4472764,7500000000;10-10-2014;14  MORATALAZ;14-01 PAVONES;LUIS DE HOYOS SAINZ, CALLE, DE;162 B;CargayDescarga;Línea;2;12;LAB DE 8 A 10 H EXCEPTO CARGA Y DESCARGA;-3.6291033050;40.4037832520
446413,7700000000;4472690,5200000000;23-09-2010;14  MORATALAZ;14-01 PAVONES;VALDEBERNARDO, CALLE, DE;S/N;CargayDescarga;Línea;3;16,5;;-3.6314966640;40.4031016610
446403,3200000000;4472518,6600000000;21-05-2021;14  MORATALAZ;14-01 PAVONES;VALDEBERNARDO, CALLE, DE;S/N;CargayDescarga;Batería;5;12,4;Laborables de 8 a 14 h. Excepto carga y descarga;-3.6316052970;40.4015531850
446478,5000000000;4473254,3500000000;15-02-2005;14  MORATALAZ;14-02 HORCAJO;FUENTE CARRANTONA, CALLE, DE LA;32;CargayDescarga;Línea;3;15;;-3.6307812120;40.4081849420
446497,3800000000;4473306,5400000000;01-05-2014;14  MORATALAZ;14-02 HORCAJO;FUENTE CARRANTONA, CALLE, DE LA;34;CargayDescarga;Línea;2;14;;-3.6305630860;40.4086567730
446332,2000000000;4472962,7200000000;30-10-2018;14  MORATALAZ;14-02 HORCAJO;LA PROVENZA, CALLE, DE;con Fuente Carr;CargayDescarga;Línea;2;10;LAB DE 7.30  A 8 H. Y DE 19 A 20 H. EXCEPTO CARGA Y DESCARGA;-3.6324807760;40.4055487060
445998,8500000000;4473425,7700000000;07-03-2001;14  MORATALAZ;14-03 MARROQUINA;ANTONIO CUMELLA, CALLE, DE;Fte 3;CargayDescarga;Línea;3;14,9;Lab. de 8 a 14 h. y de 16,30 a 19 h.excepto: CARGA Y DESCARGA;-3.6364483940;40.4096981240
446040,9300000000;4473500,6300000000;28-12-2018;14  MORATALAZ;14-03 MARROQUINA;ANTONIO CUMELLA, CALLE, DE;22;CargayDescarga;Batería;6;15,1;LAB DE 8 A 14 H. Y DE 16.30 A 19 H. EXCEPTO CARGA Y DESCARGA EN LINEA;-3.6359588590;40.4103754170
444661,6200000000;4473557,1000000000;04-01-2001;14  MORATALAZ;14-03 MARROQUINA;ARROYO BELINCOSO, CALLE, DEL;40;CargayDescarga;Línea;3;15;;-3.6522193440;40.4107940200
444613,7300000000;4473285,8200000000;08-06-2016;14  MORATALAZ;14-03 MARROQUINA;ARROYO BELINCOSO, CALLE, DEL;14;CargayDescarga;Línea;2;9,9;LAB DE 8 A 15 H EXCEPTO CARGA Y DESCARGA;-3.6527601020;40.4083469180
444745,2600000000;4473250,2400000000;23-11-2005;14  MORATALAZ;14-03 MARROQUINA;ARROYO DE LAS PILILLAS, CALLE, DEL;16;CargayDescarga;Línea;8;42,4;LABORABLES DE 7 A 20 H. EXCEPTOCARGA Y DESCARGATIEMPO MAXIMO 30 MINUTOS;-3.6512069280;40.4080345410
444671,5700000000;4473507,8400000000;04-06-2019;14  MORATALAZ;14-03 MARROQUINA;CAMINO DE LOS VINATEROS, CALLE, DEL;63;CargayDescarga;Línea;3;15,26;LAB. DE 8 A 14.30 H. EXCEPTO CARGA Y DESCARGA;-3.6520976480;40.4103506080
445156,4900000000;4473261,4400000000;11-09-2019;14  MORATALAZ;14-03 MARROQUINA;CORREGIDOR ALONSO DE TOBAR, PLAZA, DEL;S/N;CargayDescarga;Batería;4;9,3;LABORABLES DE 8 A 14.30H Y DE 16.30 A 19 H. EXCEPTO CARGA Y DESCARGA EN LINEA;-3.6463616530;40.4081635140
446546,7100000000;4473477,3800000000;11-11-2008;14  MORATALAZ;14-03 MARROQUINA;FUENTE CARRANTONA, CALLE, DE LA;57;CargayDescarga;Línea;3;15;;-3.6299961450;40.4101992330
446373,8800000000;4473113,7900000000;08-02-2005;14  MORATALAZ;14-03 MARROQUINA;FUENTE CARRANTONA, CALLE, DE LA;33;CargayDescarga;Línea;2;12,5;;-3.6320023560;40.4069121170
446469,8500000000;4473296,8100000000;11-11-2008;14  MORATALAZ;14-03 MARROQUINA;FUENTE CARRANTONA, CALLE, DE LA;43;CargayDescarga;Línea;3;15;;-3.6308867500;40.4085670480
444791,7200000000;4473192,9600000000;10-10-2005;14  MORATALAZ;14-03 MARROQUINA;MARROQUINA, CALLE, DE LA;19;CargayDescarga;Línea;7;36,4;LABORABLES DE 7 A 20 H. EXCEPTOCARGA Y DESCARGATIEMPO MAXIMO 30 MINUTOS;-3.6506544250;40.4075221450
444782,6700000000;4473235,0700000000;05-10-2005;14  MORATALAZ;14-03 MARROQUINA;MARROQUINA, CALLE, DE LA;19;CargayDescarga;Línea;7;35,8;LABORABLES DE 7 A 20 H. EXCEPTOCARGA Y DESCARGATIEMPO MAXIMO 30 MINUTOS;-3.6507647760;40.4079007550
444740,4000000000;4473107,9700000000;26-01-2006;14  MORATALAZ;14-03 MARROQUINA;MARROQUINA, CALLE, DE LA;3;CargayDescarga;Línea;3;15;DE LUNES A SABADO DE 8 A 14 H.EXCEPTO CARGA Y DESCARGA;-3.6512518480;40.4067527200
444834,3200000000;4473157,0700000000;26-01-2006;14  MORATALAZ;14-03 MARROQUINA;MARROQUINA, CALLE, DE LA;13;CargayDescarga;Línea;2;10;DE LUNES A SABADO DE 8 A 14 H.EXCEPTO CARGA Y DESCARGA;-3.6501493620;40.4072019760
444952,6100000000;4473206,4900000000;23-10-2009;14  MORATALAZ;14-03 MARROQUINA;MARROQUINA, CALLE, DE LA;28;CargayDescarga;Batería;3;7,2;De Lunes a Sabado de 8 a 14 h.Excepto Carga y Descarga;-3.6487594810;40.4076548990
445968,8000000000;4473239,9700000000;08-02-2005;14  MORATALAZ;14-03 MARROQUINA;MERIDA, CALLE, DE;1;CargayDescarga;Línea;5;15;;-3.6367867830;40.4080225660
444914,1300000000;4473086,1900000000;17-02-2006;14  MORATALAZ;14-03 MARROQUINA;MORATALAZ, AVENIDA, DE;129;CargayDescarga;Batería;2;10;DE LUNES A SABADO DE 8 A 14 H.EXCEPTO CARGA Y DESCARGA;-3.6492026640;40.4065683420
445133,5100000000;4473201,2600000000;10-01-2019;14  MORATALAZ;14-03 MARROQUINA;MORATALAZ, AVENIDA, DE;157;CargayDescarga;Línea;1;7,5;LAB DE 8 A 17 H EXCEPTO CARGA Y DESCARGA;-3.6466272760;40.4076193760
445510,2200000000;4473401,3200000000;02-12-2019;14  MORATALAZ;14-03 MARROQUINA;MORATALAZ, AVENIDA, DE;197;CargayDescarga;Línea;3;15;LAB. DE 8 A 14.30 H. EXCEPTO CARGA Y DESCARGA ;-3.6422049590;40.4094467670
444610,0400000000;4473441,5200000000;14-08-1996;14  MORATALAZ;14-04 MEDIA LEGUA;ARROYO BELINCOSO, CALLE, DEL;11;CargayDescarga;Línea;2;9,1;EXCEPTO CARGA Y DESCARGACENTRO DE DIA 3ª EDAD;-3.6528171110;40.4097492320
444427,2100000000;4473594,0100000000;03-02-2005;14  MORATALAZ;14-04 MEDIA LEGUA;ARROYO DE LA MEDIA LEGUA, CALLE, DEL;Fte 33;CargayDescarga;Línea;3;14;Laborables de 08:00 a 14:00 y de 16:30 a 19:00 ;-3.6549851260;40.4111106940
444267,2100000000;4473556,9400000000;11-09-2019;14  MORATALAZ;14-04 MEDIA LEGUA;CAMINO DE LOS VINATEROS, CALLE, DEL;11;CargayDescarga;Línea;7;35,14;Laborables de 08:00 a 14:00 ;-3.6568675220;40.4107656590
444503,2700000000;4473551,0200000000;11-09-2019;14  MORATALAZ;14-04 MEDIA LEGUA;CAMINO DE LOS VINATEROS, CALLE, DEL;51;CargayDescarga;Línea;1;8;Laborables de 08:00 a 14:00 y de 16:30 a 19:00 ;-3.6540849520;40.4107288180
444171,9100000000;4473165,6000000000;08-03-2005;14  MORATALAZ;14-04 MEDIA LEGUA;CORREGIDOR ALONSO DE AGUILAR, PLAZA, DEL;6;CargayDescarga;Línea;3;21,7;Laborables de 09:00 a 14:00 y de 16:00 a 18:00 ;-3.6579562560;40.4072339470
443995,7400000000;4473788,4800000000;03-08-1995;14  MORATALAZ;14-04 MEDIA LEGUA;MANUEL MACHADO, CALLE, DE;5;CargayDescarga;Línea;20;100,6;EXCEPTO CARGA Y DESCARGA;-3.6600871430;40.4128340940
443939,7000000000;4473820,8200000000;23-03-2015;14  MORATALAZ;14-04 MEDIA LEGUA;MANUEL MACHADO, CALLE, DE;S/N;CargayDescarga;Línea;3;13,39;LAB. DE 8 A 17 H. EXCEPTO CARGA Y DESCARGA EN LINEA;-3.6607505710;40.4131209740
443967,4800000000;4473877,2000000000;23-03-2015;14  MORATALAZ;14-04 MEDIA LEGUA;MANUEL MACHADO, CALLE, DE;34;CargayDescarga;Línea;8;43,3;Laborables de 08:00 a 17:00 ;-3.6604281680;40.4136309640
444965,3000000000;4472722,9600000000;09-02-2005;14  MORATALAZ;14-05 FONTARRÓN;CORREGIDOR ALONSO DE TOBAR, CALLE, DEL;8;CargayDescarga;Línea;4;19;LAB. DE 8 A 14 H  Y DE 16,30 19 H. EXCEPTO CARGA Y DESCARGA;-3.6485681710;40.4032996180
445389,5000000000;4472689,7700000000;26-04-2006;14  MORATALAZ;14-05 FONTARRÓN;CORREGIDOR CONDE DE MACEDA Y TABOADA, PLAZA, DEL;S/N;CargayDescarga;Línea;4;21,7;;-3.6435664780;40.4030288950
445392,4100000000;4472239,1900000000;15-03-2002;14  MORATALAZ;14-05 FONTARRÓN;ENCOMIENDA DE PALACIOS, CALLE, DE LA;178;CargayDescarga;Línea;1;10,6;;-3.6434935980;40.3989698900
445657,9200000000;4472245,5900000000;12-11-2010;14  MORATALAZ;14-05 FONTARRÓN;ENCOMIENDA DE PALACIOS, CALLE, DE LA;248;CargayDescarga;Línea;3;15;;-3.6403655350;40.3990441460
444922,6500000000;4472854,5400000000;12-01-2007;14  MORATALAZ;14-05 FONTARRÓN;HACIENDA DE PAVONES, CALLE, DE LA;8 D;CargayDescarga;Línea;3;21,78;LABORABLES DE 8 A 16,30EXCEPTO CARGA Y DESCARGA;-3.6490821710;40.4044822030
445624,6100000000;4472581,5300000000;22-06-2006;14  MORATALAZ;14-05 FONTARRÓN;HACIENDA DE PAVONES, CALLE, DE LA;172;CargayDescarga;Batería;3;9,31;LAB. DE 9 A 14 H. Y DE 16,30 A 20 H. EXCEPTOCARGA Y DESCARGA;-3.6407867160;40.4020685030
445430,5700000000;4472632,1400000000;28-12-2016;14  MORATALAZ;14-05 FONTARRÓN;PICO DE LOS ARTILLEROS, CALLE, DEL;93;CargayDescarga;Línea;3;15,1;LABORABLES DE 8 A 14 H. EXCEPTO CARGA Y DESCARGA EN LÍNEA.;-3.6430776310;40.4025114570
445186,5000000000;4473142,8900000000;01-01-1900;14  MORATALAZ;14-06 VINATEROS;CAMINO DE LOS VINATEROS, CALLE, DEL;118;CargayDescarga;Línea;3;16,2;DE 9 A 14 Y DE 16.30 A 20 HEXCEPTO CARGA Y DESCARGA;-3.6459976530;40.4070968380
445474,8100000000;4473007,8300000000;23-10-2009;14  MORATALAZ;14-06 VINATEROS;CAMINO DE LOS VINATEROS, CALLE, DEL;163;CargayDescarga;Línea;3;17,78;;-3.6425884970;40.4058992990
445238,4600000000;4472890,0800000000;09-02-2005;14  MORATALAZ;14-06 VINATEROS;CAÑADA, CALLE, DE LA;17;CargayDescarga;Línea;15;79,3;EXCEPTO CARGA Y DESCARGA;-3.6453636180;40.4048232840
444826,2900000000;4472927,4800000000;11-01-2007;14  MORATALAZ;14-06 VINATEROS;HACIENDA DE PAVONES, CALLE, DE LA;4 H;CargayDescarga;Línea;4;20;LAB DE 8 A 16.30 H EXCEPTO CARGA Y DESCARGA;-3.6502239040;40.4051326820
444790,4800000000;4473008,1400000000;08-03-2005;14  MORATALAZ;14-06 VINATEROS;MORATALAZ, AVENIDA, DE;64;CargayDescarga;Línea;3;19,14;LAB. DE 8 A 14 Y DE 17 A 21 H.EXCEPTO CARGA Y DESCARGA;-3.6506529920;40.4058570150
444348,5400000000;4475906,3300000000;11-02-2005;15  CIUDAD LINEAL;15-01 VENTAS;ALCALA, CALLE, DE;244;CargayDescarga;Línea;3;16;Laborables de 08:00 a 14:00 y de 16:30 a 19:00 ;-3.6561145400;40.4319357050
444759,9900000000;4475977,6700000000;19-01-2018;15  CIUDAD LINEAL;15-01 VENTAS;ALCALA, CALLE, DE;290;CargayDescarga;Línea;3;15;Laborables de 08:00 a 14:00 ;-3.6512702400;40.4326065240
444261,6100000000;4475891,0500000000;19-11-2021;15  CIUDAD LINEAL;15-01 VENTAS;ALCALA, CALLE, DE;236;CargayDescarga;Línea;3;16,5;Laborables de 08:00 a 14:00 y de 16:30 a 19:00 ;-3.6571380720;40.4317923510
444466,6400000000;4475926,6400000000;19-11-2021;15  CIUDAD LINEAL;15-01 VENTAS;ALCALA, CALLE, DE;256;CargayDescarga;Línea;2;12;;-3.6547240860;40.4321272440
444572,2400000000;4475945,2300000000;19-11-2021;15  CIUDAD LINEAL;15-01 VENTAS;ALCALA, CALLE, DE;270;CargayDescarga;Línea;2;10;;-3.6534807680;40.4323016530
444859,8600000000;4475995,4700000000;19-11-2021;15  CIUDAD LINEAL;15-01 VENTAS;ALCALA, CALLE, DE;296;CargayDescarga;Línea;2;12,2;Laborables de 08:00 a 14:00 y de 16:30 a 19:00 ;-3.6500943010;40.4327733690
444955,1800000000;4476012,0900000000;19-11-2021;15  CIUDAD LINEAL;15-01 VENTAS;ALCALA, CALLE, DE;310;CargayDescarga;Línea;2;10,4;;-3.6489720490;40.4329295570
444475,0800000000;4475393,5300000000;14-07-2004;15  CIUDAD LINEAL;15-01 VENTAS;APOSTOL SANTIAGO, CALLE, DEL;44;CargayDescarga;Línea;3;15;;-3.6545780400;40.4273246550
444436,7600000000;4475748,8000000000;27-11-2009;15  CIUDAD LINEAL;15-01 VENTAS;BAMI, PLAZA, DE;32;CargayDescarga;Línea;3;14,5;Laborables de 08:00 a 20:00 ;-3.6550608140;40.4305230200
444368,2600000000;4475791,1300000000;10-05-2012;15  CIUDAD LINEAL;15-01 VENTAS;BENIDORM, CALLE, DE;9;CargayDescarga;Línea;3;18;Laborables de 08:00 a 20:00 ;-3.6558720070;40.4308998540
444396,9900000000;4475671,4800000000;27-11-2009;15  CIUDAD LINEAL;15-01 VENTAS;DAROCA, AVENIDA, DE;15;CargayDescarga;Línea;2;9,3;Laborables de 08:00 a 14:00 y de 16:30 a 19:00 ;-3.6555229040;40.4298240110
445158,5200000000;4475567,8400000000;02-09-2016;15  CIUDAD LINEAL;15-01 VENTAS;FRANCISCO VILLAESPESA, CALLE, DE;8;CargayDescarga;Línea;2;11;LABORABLES LUNES A VIERNES DE 8 A 14 H Y DE 16 A 19:30 H. EXCEPTO CARGA Y DESCARGA;-3.6465365770;40.4289402810
444900,7900000000;4475669,2900000000;15-02-2005;15  CIUDAD LINEAL;15-01 VENTAS;HERMANOS GOMEZ, CALLE, DE LOS;53;CargayDescarga;Línea;2;11;Laborables de 09:00 a 20:00 ;-3.6495836240;40.4298371320
444940,0700000000;4475895,3000000000;15-02-2005;15  CIUDAD LINEAL;15-01 VENTAS;HERMANOS MACHADO, CALLE, DE LOS;13;CargayDescarga;Línea;1;12,8;Laborables de 08:00 a 14:00 y de 16:30 a 19:00 ;-3.6491400400;40.4318763460
444231,1900000000;4475861,3400000000;24-11-2015;15  CIUDAD LINEAL;15-01 VENTAS;JOSE MARIA FERNANDEZ LANSEROS, CALLE, DE;3;CargayDescarga;Línea;2;10;Laborables de 08:00 a 14:00 y de 16:30 a 19:00 ;-3.6574941080;40.4315227170
444528,2200000000;4475850,1700000000;17-01-2014;15  CIUDAD LINEAL;15-01 VENTAS;MARCELINO ALVAREZ, CALLE, DE;14;CargayDescarga;Línea;3;15;Laborables de 08:00 a 17:00 ;-3.6539914450;40.4314423310
444704,5500000000;4475144,5500000000;14-02-2005;15  CIUDAD LINEAL;15-01 VENTAS;MARIA TERESA SAENZ DE HEREDIA, CALLE, DE;49;CargayDescarga;Línea;3;15;;-3.6518513330;40.4250968230
444736,4800000000;4475162,7200000000;14-02-2005;15  CIUDAD LINEAL;15-01 VENTAS;MARIA TERESA SAENZ DE HEREDIA, CALLE, DE;38;CargayDescarga;Línea;5;21,02;;-3.6514765040;40.4252631530
444753,2600000000;4475191,5500000000;31-03-2011;15  CIUDAD LINEAL;15-01 VENTAS;MARIA TERESA SAENZ DE HEREDIA, CALLE, DE;Fte Nº 38;CargayDescarga;Línea;1;10,2;EXCEPTO CARGA Y DESCARGA DE 8 A 20 H;-3.6512812400;40.4255241350
444525,0900000000;4474857,5500000000;11-02-2005;15  CIUDAD LINEAL;15-01 VENTAS;MARIA TERESA SAENZ DE HEREDIA, CALLE, DE;10 B;CargayDescarga;Línea;5;23,73;;-3.6539417130;40.4225002360
444543,8100000000;4474927,1100000000;04-01-2017;15  CIUDAD LINEAL;15-01 VENTAS;MARIA TERESA SAENZ DE HEREDIA, CALLE, DE;13;CargayDescarga;Línea;3;15;Laborables de 8 a 20 horas. Sábados no festivos de 8 a 15 horas. Excepto carga y descarga.;-3.6537270830;40.4231273950
444778,3700000000;4475308,5300000000;04-05-2000;15  CIUDAD LINEAL;15-01 VENTAS;MARQUES DE CORBERA, AVENIDA, DEL;57;CargayDescarga;Batería;6;15,89;;-3.6509953920;40.4265796380
444373,3200000000;4474894,3600000000;11-02-2005;15  CIUDAD LINEAL;15-01 VENTAS;MARQUES DE CORBERA, AVENIDA, DEL;10;CargayDescarga;Línea;2;10;;-3.6557338670;40.4228214930
444771,4100000000;4475255,1600000000;24-11-2020;15  CIUDAD LINEAL;15-01 VENTAS;MARQUES DE CORBERA, AVENIDA, DEL;52;CargayDescarga;Batería;3;8,29;en linea;-3.6510728560;40.4260980100
444826,3600000000;4475866,6200000000;30-10-2018;15  CIUDAD LINEAL;15-01 VENTAS;MAXIMO SAN JUAN, CALLE, DE;8;CargayDescarga;Línea;2;8;Lunes a sabado de 08:00 a 14:00 ;-3.6504780680;40.4316098640
444339,1300000000;4475174,9300000000;04-04-2019;15  CIUDAD LINEAL;15-01 VENTAS;MONTEJURRA, CALLE, DE;25;CargayDescarga;Batería;3;15,1;LAB. DE 8 A 14 H Y DE 16:30 A 19 H EN LINEA;-3.6561614080;40.4253466330
444488,5400000000;4475088,8700000000;13-01-2022;15  CIUDAD LINEAL;15-01 VENTAS;MONTEJURRA, CALLE, DE;2;CargayDescarga;Línea;3;13;Lab. de lunes a viernes de 8 a 14.30 h y de 16.30 a 19 h. excepto carga y descarga;-3.6543927450;40.4245813330
444710,4800000000;4474969,1600000000;26-07-2018;15  CIUDAD LINEAL;15-01 VENTAS;NUESTRA SEÑORA DEL VILLAR, CALLE, DE;6;CargayDescarga;Línea;3;15;LABORABLES DE LUNES A VIERNES DE 9 A 14 H.EXCEPTO CARGA Y DESCARGA;-3.6517661920;40.4235174650
444177,8300000000;4475684,4300000000;11-02-2005;15  CIUDAD LINEAL;15-01 VENTAS;RICARDO ORTIZ, CALLE, DE;6;CargayDescarga;Línea;3;15;Laborables de 08:00 a 14:00 y de 16:30 a 19:00 ;-3.6581075740;40.4299254820
444177,0000000000;4475579,7400000000;11-02-2005;15  CIUDAD LINEAL;15-01 VENTAS;RICARDO ORTIZ, CALLE, DE;16;CargayDescarga;Línea;3;17;Laborables de 08:00 a 14:00 y de 16:30 a 19:00 ;-3.6581081470;40.4289821650
444176,3200000000;4475476,3500000000;11-02-2005;15  CIUDAD LINEAL;15-01 VENTAS;RICARDO ORTIZ, CALLE, DE;24;CargayDescarga;Línea;3;14;Laborables de 08:00 a 14:00 y de 16:30 a 19:00 ;-3.6581070580;40.4280515090
444194,7600000000;4475215,7100000000;14-02-2005;15  CIUDAD LINEAL;15-01 VENTAS;RICARDO ORTIZ, CALLE, DE;47;CargayDescarga;Línea;4;20;;-3.6578668750;40.4257040440
444174,8000000000;4475315,4900000000;14-02-2005;15  CIUDAD LINEAL;15-01 VENTAS;RICARDO ORTIZ, CALLE, DE;38;CargayDescarga;Línea;4;21;Lunes a viernes de 08:00 a 14:00 y de 16:30 a 19:00  ;-3.6581108400;40.4266016390
444334,3100000000;4475405,5500000000;14-02-2005;15  CIUDAD LINEAL;15-01 VENTAS;SAN MARCELO, CALLE, DE;13;CargayDescarga;Línea;3;20;Laborables de 08:00 a 14:00 y de 16:30 a 19:00 ;-3.6562384140;40.4274236050
444694,9600000000;4475254,0000000000;14-02-2005;15  CIUDAD LINEAL;15-01 VENTAS;SAN MAXIMILIANO, CALLE, DE;50;CargayDescarga;Línea;2;12,9;;-3.6519738890;40.4260829980
444764,1800000000;4475857,3900000000;09-08-2017;15  CIUDAD LINEAL;15-01 VENTAS;SANTA ELENA, CALLE, DE;15;CargayDescarga;Batería;3;7,6;Lunes a Viernes de 08:00 a 20:00 y sabados de 08:00 a 15:00 ;-3.6512103650;40.4315232900
445823,1700000000;4476470,3300000000;31-03-2005;15  CIUDAD LINEAL;15-02 PUEBLO NUEVO;ALFONSO PASO, CALLE, DE;1;CargayDescarga;Línea;4;24,1;;-3.6387782700;40.4371142120
445605,6600000000;4476301,9600000000;15-02-2005;15  CIUDAD LINEAL;15-02 PUEBLO NUEVO;AMOS DE ESCALANTE, CALLE, DE;14;CargayDescarga;Línea;3;14;;-3.6413282190;40.4355834980
445565,5000000000;4476284,9800000000;26-04-2018;15  CIUDAD LINEAL;15-02 PUEBLO NUEVO;AMOS DE ESCALANTE, CALLE, DE;13;CargayDescarga;Línea;3;16,9;Laborables 8 a 14h y de 16.30 a 19 h. Excepto Carga y Descarga;-3.6418001640;40.4354271950
445727,8700000000;4476377,7300000000;25-01-2019;15  CIUDAD LINEAL;15-02 PUEBLO NUEVO;AMOS DE ESCALANTE, CALLE, DE;45;CargayDescarga;Línea;2;9,4;DE LUNES A VIERNES LABORABLES DE 8 A 14 H Y DE 16.30 A 19 H SABADOS LAB DE 8 A 15 H. EXCEPTO CARGA Y DESCARGA;-3.6398938190;40.4362742560
445526,7000000000;4476321,5700000000;03-07-2017;15  CIUDAD LINEAL;15-02 PUEBLO NUEVO;CAMPUZANO, CALLE, DE;2;CargayDescarga;Línea;2;11,19;;-3.6422608220;40.4357550990
445452,6100000000;4476101,4600000000;15-02-2005;15  CIUDAD LINEAL;15-02 PUEBLO NUEVO;EMILIO FERRARI, CALLE, DE;17;CargayDescarga;Línea;4;12,6;;-3.6431154460;40.4337665340
445637,9400000000;4475766,7100000000;14-02-2005;15  CIUDAD LINEAL;15-02 PUEBLO NUEVO;EMILIO FERRARI, CALLE, DE;62;CargayDescarga;Línea;8;45;;-3.6409018230;40.4307637770
445602,2500000000;4475850,1200000000;03-01-2007;15  CIUDAD LINEAL;15-02 PUEBLO NUEVO;EMILIO FERRARI, CALLE, DE;59;CargayDescarga;Línea;3;15;;-3.6413298230;40.4315124030
445379,1800000000;4476225,1900000000;03-07-2017;15  CIUDAD LINEAL;15-02 PUEBLO NUEVO;EMILIO FERRARI, CALLE, DE;1;CargayDescarga;Línea;3;16,85;;-3.6439916700;40.4348769260
445354,4400000000;4475647,7800000000;14-01-2013;15  CIUDAD LINEAL;15-02 PUEBLO NUEVO;EZEQUIEL SOLANA, CALLE, DE;60;CargayDescarga;Línea;2;10;;-3.6442338020;40.4296732660
445531,4100000000;4475372,2200000000;01-07-2010;15  CIUDAD LINEAL;15-02 PUEBLO NUEVO;EZEQUIEL SOLANA, CALLE, DE;99;CargayDescarga;Línea;1;18,07;LAB.DE 9 A 14H. Y DE 16,30 A 20H. EXCEPTO CARGA Y DESCARGA;-3.6421238850;40.4272025580
445430,2800000000;4475543,2700000000;20-03-2019;15  CIUDAD LINEAL;15-02 PUEBLO NUEVO;EZEQUIEL SOLANA, CALLE, DE;67;CargayDescarga;Línea;3;14;LAB DE LUNES A VIERNES DE 8 A 14.30 H Y DE 16.30 A 20 H. EXCEPTO CARGA Y DESCARGA;-3.6433307630;40.4287372250
445298,5300000000;4475437,8400000000;26-03-2019;15  CIUDAD LINEAL;15-02 PUEBLO NUEVO;GUILLEN DE CASTRO, CALLE, DE;8;CargayDescarga;Línea;3;14;Lab de lunes a viernes de 8 a 14.30 h y de 16.30 a 20 h Excepto Carga y Descarga;-3.6448748850;40.4277782080
445577,3400000000;4475740,1100000000;14-02-2005;15  CIUDAD LINEAL;15-02 PUEBLO NUEVO;GUTIERRE DE CETINA, CALLE, DE;71;CargayDescarga;Línea;5;25;EN LINEA;-3.6416139530;40.4305202700
445327,3600000000;4476160,9000000000;26-09-2012;15  CIUDAD LINEAL;15-02 PUEBLO NUEVO;GUTIERRE DE CETINA, CALLE, DE;5;CargayDescarga;Línea;3;14,8;;-3.6445972290;40.4342947440
445407,5000000000;4476026,3900000000;16-09-2013;15  CIUDAD LINEAL;15-02 PUEBLO NUEVO;GUTIERRE DE CETINA, CALLE, DE;29;CargayDescarga;Línea;3;15;LABORABLES DE 8 A 14 H Y DE16.30 A 19 H. EXCEPTO CARGA Y DESCARGA;-3.6436408480;40.4330880370
445313,1000000000;4476184,8300000000;03-07-2017;15  CIUDAD LINEAL;15-02 PUEBLO NUEVO;GUTIERRE DE CETINA, CALLE, DE;1;CargayDescarga;Línea;2;10,1;;-3.6447674550;40.4345086860
445731,2300000000;4475484,7900000000;13-04-2021;15  CIUDAD LINEAL;15-02 PUEBLO NUEVO;GUTIERRE DE CETINA, CALLE, DE;107;CargayDescarga;Batería;4;18,4;EN LINEA;-3.6397779090;40.4282296990
445787,0900000000;4476419,8200000000;15-02-2005;15  CIUDAD LINEAL;15-02 PUEBLO NUEVO;JOSE ARCONES GIL, CALLE, DE;8;CargayDescarga;Línea;3;14,5;;-3.6391993370;40.4366568770
445074,5700000000;4475947,0600000000;04-01-2017;15  CIUDAD LINEAL;15-02 PUEBLO NUEVO;LAGO CONSTANZA, CALLE, DEL;13;CargayDescarga;Batería;3;11,9;Laborables de 8 a 20 horas. Sábados no festivos de 8 a 15 horas. Excepto carga y descarga.;-3.6475589630;40.4323516150
445633,6800000000;4476048,0100000000;15-02-2005;15  CIUDAD LINEAL;15-02 PUEBLO NUEVO;MADRES DE LA PLAZA DE MAYO, CALLE, DE LAS;8;CargayDescarga;Línea;2;10;LABORABLES DE 9 A 20 HEXCEPTO CARGA Y DESCARGA;-3.6409761930;40.4332977970
445614,0600000000;4475396,9300000000;11-02-2005;15  CIUDAD LINEAL;15-02 PUEBLO NUEVO;PEDRO ANTONIO DE ALARCON, CALLE, DE;39;CargayDescarga;Línea;4;18,9;;-3.6411518050;40.4274304800
446209,0000000000;4475342,3500000000;27-05-2015;15  CIUDAD LINEAL;15-02 PUEBLO NUEVO;PORTUGALETE, CALLE, DE;23;CargayDescarga;Línea;3;15;LAB. DE 8.00 A 20.00 H. EXCEPTO CARGA Y DESCARGA;-3.6341339310;40.4269780150
445440,3400000000;4476257,2600000000;03-07-2017;15  CIUDAD LINEAL;15-02 PUEBLO NUEVO;RIO ULLA, CALLE, DEL;2;CargayDescarga;Batería;4;20,1;;-3.6432734100;40.4351693640
446005,3800000000;4475765,6500000000;14-02-2005;15  CIUDAD LINEAL;15-02 PUEBLO NUEVO;SEQUILLO, CALLE, DEL;c/Franc Rioja;CargayDescarga;Línea;2;10;;-3.6365701480;40.4307775850
445250,3300000000;4476146,6600000000;07-12-2015;15  CIUDAD LINEAL;15-02 PUEBLO NUEVO;TIMOTEO DOMINGO, CALLE, DE;2;CargayDescarga;Línea;3;14,97;lab. de lunes a viernes de 8 a 20 horas y sabados de 8 a 15 horas excepto carga y descarga;-3.6455041070;40.4341611870
445194,4900000000;4476110,4100000000;15-02-2005;15  CIUDAD LINEAL;15-02 PUEBLO NUEVO;URQUIZA, CALLE, DE;1;CargayDescarga;Línea;2;16,5;;-3.6461592270;40.4338305910
445732,2500000000;4476441,1000000000;03-07-2017;15  CIUDAD LINEAL;15-02 PUEBLO NUEVO;VAZQUEZ DE MELLA, CALLE, DE;1;CargayDescarga;Línea;3;15,16;;-3.6398476960;40.4368448640
445618,4400000000;4476372,8000000000;03-07-2017;15  CIUDAD LINEAL;15-02 PUEBLO NUEVO;VICENTE ESPINEL, CALLE, DE;1;CargayDescarga;Línea;4;20,3;;-3.6411836040;40.4362224600
445542,2400000000;4475897,6900000000;03-12-2019;15  CIUDAD LINEAL;15-02 PUEBLO NUEVO;VITAL AZA, CALLE, DE;38;CargayDescarga;Línea;3;15;DE LUNES A SABADO DE 7 A 11 H. Y DE 17 A 20 H. EXCEPTO CARGA Y DESCARGA;-3.6420413220;40.4319373660
445456,5400000000;4476306,3400000000;15-02-2005;15  CIUDAD LINEAL;15-03 QUINTANA;ALCALA, CALLE, DE;381;CargayDescarga;Línea;6;31,02;;-3.6430867410;40.4356129480
445010,5300000000;4476039,3500000000;08-03-2005;15  CIUDAD LINEAL;15-03 QUINTANA;ALCALA, CALLE, DE;337;CargayDescarga;Línea;3;29,2;Laborables de 08:00 a 14:00 y de 16:30 a 19:00 ;-3.6483218560;40.4331782210
445043,9000000000;4476052,3000000000;15-02-2005;15  CIUDAD LINEAL;15-03 QUINTANA;ALCALA, CALLE, DE;339;CargayDescarga;Línea;4;21,7;Laborables de 08:00 a 14:00 y de 16:30 a 19:00 ;-3.6479296660;40.4332975680
446081,0100000000;4476632,5500000000;06-06-2001;15  CIUDAD LINEAL;15-03 QUINTANA;ALCALA, CALLE, DE;443;CargayDescarga;Línea;4;18;;-3.6357520210;40.4385923860
445772,6900000000;4476503,4900000000;07-03-2005;15  CIUDAD LINEAL;15-03 QUINTANA;ALCALA, CALLE, DE;413;CargayDescarga;Línea;4;20;;-3.6393761510;40.4374099730
445943,7800000000;4476585,0800000000;07-03-2005;15  CIUDAD LINEAL;15-03 QUINTANA;ALCALA, CALLE, DE;423;CargayDescarga;Línea;4;23;;-3.6373659860;40.4381553910
445551,9600000000;4476365,7400000000;15-02-2005;15  CIUDAD LINEAL;15-03 QUINTANA;ALCALA, CALLE, DE;389;CargayDescarga;Línea;3;17;lab. de 8 a 14 h. y de 16.30 a 19 h..excepto: CARGA Y DESCARGA;-3.6419667800;40.4361539920
445653,2700000000;4476428,7300000000;15-02-2005;15  CIUDAD LINEAL;15-03 QUINTANA;ALCALA, CALLE, DE;401;CargayDescarga;Línea;7;37;LAB. DE 8 A 14 H. Y DE 16,30 A 19 H.EXCEPTO CARGA Y DESCARGA;-3.6407777210;40.4367285540
444429,9200000000;4475937,3500000000;19-11-2021;15  CIUDAD LINEAL;15-03 QUINTANA;ALCALA, CALLE, DE;279;CargayDescarga;Línea;2;12,5;;-3.6551579300;40.4322213810
444520,4900000000;4475953,1200000000;19-11-2021;15  CIUDAD LINEAL;15-03 QUINTANA;ALCALA, CALLE, DE;289;CargayDescarga;Línea;1;8,4;;-3.6540915410;40.4323691470
444588,7800000000;4475965,0200000000;19-11-2021;15  CIUDAD LINEAL;15-03 QUINTANA;ALCALA, CALLE, DE;297;CargayDescarga;Línea;2;12,4;;-3.6532875090;40.4324807590
444635,2300000000;4475973,1800000000;19-11-2021;15  CIUDAD LINEAL;15-03 QUINTANA;ALCALA, CALLE, DE;303;CargayDescarga;Línea;2;13,2;;-3.6527406210;40.4325570200
444809,0800000000;4476003,5400000000;19-11-2021;15  CIUDAD LINEAL;15-03 QUINTANA;ALCALA, CALLE, DE;321;CargayDescarga;Línea;2;10,5;;-3.6506938440;40.4328423530
444402,4300000000;4476007,4000000000;14-02-2005;15  CIUDAD LINEAL;15-03 QUINTANA;ALCALDE LOPEZ CASERO, CALLE, DEL;8;CargayDescarga;Línea;3;14,9;Laborables de 08:00 a 14:00 y de 16:30 a 19:00 ;-3.6554881830;40.4328498020
445022,7600000000;4476146,7100000000;02-01-2017;15  CIUDAD LINEAL;15-03 QUINTANA;ARGENTINA, CALLE, DE;S/N;CargayDescarga;Línea;3;14,9;Laborables de 08:00 a 15:00;-3.6481869820;40.4341462330
445888,2700000000;4476630,2300000000;14-09-2004;15  CIUDAD LINEAL;15-03 QUINTANA;ARZOBISPO COS, CALLE, DEL;1;CargayDescarga;Línea;5;26;;-3.6380242570;40.4385587530
445687,4700000000;4476474,3100000000;03-07-2017;15  CIUDAD LINEAL;15-03 QUINTANA;BOLDANO, CALLE, DE;2;CargayDescarga;Línea;5;25,8;;-3.6403784840;40.4371409690
444497,3600000000;4475972,9100000000;19-02-2016;15  CIUDAD LINEAL;15-03 QUINTANA;BUEN GOBERNADOR, CALLE, DEL;1;CargayDescarga;Línea;2;11,6;Laborables de 08:00 a 14:00 y de 16:30 a 19:00 ;-3.6543658730;40.4325456760
445466,0400000000;4476334,3900000000;03-07-2017;15  CIUDAD LINEAL;15-03 QUINTANA;DOCTOR VALLEJO, CALLE, DEL;1;CargayDescarga;Línea;4;20;;-3.6429771340;40.4358665390
445419,2400000000;4476445,1200000000;15-02-2005;15  CIUDAD LINEAL;15-03 QUINTANA;ELFO, CALLE, DEL;135;CargayDescarga;Línea;3;14,98;;-3.6435384030;40.4368606210
444743,1800000000;4476117,6700000000;03-01-2017;15  CIUDAD LINEAL;15-03 QUINTANA;ELFO, CALLE, DEL;59;CargayDescarga;Línea;3;15;Lunes a Viernes de 08:00 a 20:00 y sabados no festivos de 08:00 a 15:00 ;-3.6514805150;40.4338666300
445115,2000000000;4476245,0600000000;29-04-2018;15  CIUDAD LINEAL;15-03 QUINTANA;ELFO, CALLE, DEL;80;CargayDescarga;Línea;3;15;LAB DE 8 A 14 H Y DE 16.30 A 19 H ESCEPTO CARGA Y DESCARGA;-3.6471056390;40.4350379850
445245,0100000000;4476184,6500000000;20-12-2017;15  CIUDAD LINEAL;15-03 QUINTANA;EMILIO GASTESI FERNANDEZ, CALLE, DE;1;CargayDescarga;Línea;1;7,9;LABORABLES DE LUNES A VIERNES DE 8:00 A 20:00 HRS. SÁBADOS LABORABLES DE 8:00 A 15:00 HRS. EXCEPTO CARGA Y DESCARGA ;-3.6455701690;40.4345026700
445139,6100000000;4476462,2700000000;06-08-2010;15  CIUDAD LINEAL;15-03 QUINTANA;FEDERICO GUTIERREZ, CALLE, DE;Fte 38;CargayDescarga;Línea;3;14;;-3.6468366350;40.4369971570
445211,9600000000;4476340,3300000000;12-11-2004;15  CIUDAD LINEAL;15-03 QUINTANA;FEDERICO GUTIERREZ, CALLE, DE;19;CargayDescarga;Línea;3;14,89;;-3.6459731300;40.4359027500
445281,1300000000;4476242,2900000000;15-02-2005;15  CIUDAD LINEAL;15-03 QUINTANA;FEDERICO GUTIERREZ, CALLE, DE;6;CargayDescarga;Línea;2;9;;-3.6451491600;40.4350242910
445293,7500000000;4476221,0000000000;03-07-2017;15  CIUDAD LINEAL;15-03 QUINTANA;FEDERICO GUTIERREZ, CALLE, DE;2;CargayDescarga;Línea;4;10,82;;-3.6449985290;40.4348336110
445505,4600000000;4476859,3700000000;30-04-2018;15  CIUDAD LINEAL;15-03 QUINTANA;FLORENCIO GARCIA, CALLE, DE;77;CargayDescarga;Línea;3;15;LABORABLES DE 8 A 14H. EXCEPTO CARGA Y DESCARGA EN LÍNEA;-3.6425573850;40.4405979670
446074,9400000000;4476679,4000000000;17-01-2011;15  CIUDAD LINEAL;15-03 QUINTANA;GENERAL ARANAZ, CALLE, DEL;3;CargayDescarga;Línea;3;15;;-3.6358275950;40.4390141970
445230,1200000000;4476476,5700000000;18-02-2005;15  CIUDAD LINEAL;15-03 QUINTANA;HERMANOS DE PABLO, CALLE, DE LOS;30;CargayDescarga;Línea;3;17;;-3.6457707610;40.4371318590
445342,0900000000;4476264,1700000000;03-07-2017;15  CIUDAD LINEAL;15-03 QUINTANA;HERMANOS DE PABLO, CALLE, DE LOS;1;CargayDescarga;Batería;4;20,1;;-3.6444323890;40.4352251130
445337,8200000000;4476780,9500000000;14-12-2012;15  CIUDAD LINEAL;15-03 QUINTANA;JOSE DEL HIERRO, CALLE, DE;48;CargayDescarga;Línea;2;12,1;En línea;-3.6445272710;40.4398809100
445775,8400000000;4476530,1200000000;03-07-2017;15  CIUDAD LINEAL;15-03 QUINTANA;LUVA, CALLE, DE;3;CargayDescarga;Línea;6;30,1;;-3.6393413160;40.4376502140
445561,0300000000;4476393,2200000000;03-07-2017;15  CIUDAD LINEAL;15-03 QUINTANA;PILEO, CALLE, DEL;2;CargayDescarga;Línea;4;19,81;;-3.6418622150;40.4364026560
445511,4500000000;4476477,3500000000;18-02-2005;15  CIUDAD LINEAL;15-03 QUINTANA;REVERENCIA, PLAZA, DE LA;2;CargayDescarga;Línea;4;19;;-3.6424539660;40.4371572410
445366,1300000000;4476464,3000000000;10-07-2017;15  CIUDAD LINEAL;15-03 QUINTANA;SAMBARA, CALLE, DE;123;CargayDescarga;Línea;4;14,01;LABORABLES DE LUNES A VIERNES DE 8 A 20 H. SÁBADOS LABORABLES DE 8 A 15 H. EXCEPTO CARGA Y DESCARGA;-3.6441661360;40.4370297580
444606,7300000000;4476025,3500000000;13-01-2011;15  CIUDAD LINEAL;15-03 QUINTANA;SIENA, CALLE, DE;37;CargayDescarga;Línea;3;15,1;Laborables de 08:00 a 14:00 y de 16:30 a 19:00 ;-3.6530811300;40.4330254130
445353,1700000000;4476538,5000000000;18-02-2005;15  CIUDAD LINEAL;15-03 QUINTANA;VIRGEN DE LLUC, CALLE, DE LA;65;CargayDescarga;Línea;2;12;;-3.6443253610;40.4376978270
445089,2100000000;4476096,6800000000;15-02-2005;15  CIUDAD LINEAL;15-03 QUINTANA;VIRGEN DEL SAGRARIO, CALLE, DE LA;Fte 2;CargayDescarga;Línea;3;14;Laborables de 08:00 a 14:00 y de 16:30 a 19:00 ;-3.6473993370;40.4336999560
445259,1200000000;4476627,4700000000;09-03-2020;15  CIUDAD LINEAL;15-03 QUINTANA;ZIGIA, CALLE, DE LA;12;CargayDescarga;Línea;2;10;;-3.6454418840;40.4384930350
444367,1800000000;4475926,0700000000;18-05-2000;15  CIUDAD LINEAL;15-04 CONCEPCIÓN;ALCALA, CALLE, DE;275;CargayDescarga;Línea;3;15,23;Laborables de 08:00 a 14:00 y de 16:30 a 19:00 ;-3.6558965300;40.4321149830
444386,6300000000;4476031,0500000000;14-02-2005;15  CIUDAD LINEAL;15-04 CONCEPCIÓN;ALCALDE LOPEZ CASERO, CALLE, DEL;7;CargayDescarga;Línea;2;10;Laborables de 08:00 a 14:00 y de 16:30 a 19:00 ;-3.6556764570;40.4330621970
444394,9500000000;4475980,8200000000;14-02-2005;15  CIUDAD LINEAL;15-04 CONCEPCIÓN;ALCALDE LOPEZ CASERO, CALLE, DEL;3;CargayDescarga;Línea;1;8,9;Laborables de 08:00 a 14:00 y de 16:30 a 19:00 ;-3.6555740120;40.4326101910
445439,0500000000;4476872,8400000000;16-03-2010;15  CIUDAD LINEAL;15-04 CONCEPCIÓN;ANGEL LARRA, CALLE, DE;Fte 2;CargayDescarga;Línea;2;10;;-3.6433415920;40.4407156530
444083,3800000000;4476240,4100000000;01-07-2010;15  CIUDAD LINEAL;15-04 CONCEPCIÓN;DONOSTIARRA, AVENIDA;2;CargayDescarga;Batería;5;13;Laborables de 08:00 a 14:00 y de 16:30 a 19:00 ;-3.6592699340;40.4349279190
445462,6000000000;4476871,3400000000;07-10-2015;15  CIUDAD LINEAL;15-04 CONCEPCIÓN;JOSE DEL HIERRO, CALLE, DE;53;CargayDescarga;Línea;3;16,7;Laborables de 8 a 14h, excepto carga y descarga en línea;-3.6430637650;40.4407036200
445293,1000000000;4477115,8300000000;12-08-2019;15  CIUDAD LINEAL;15-04 CONCEPCIÓN;MARQUES DE PICO VELASCO, CALLE, DEL;60;CargayDescarga;Línea;3;14;lab de 8 a 14 y de 16.30 a 20 h. Escepto Carga y Descarga;-3.6450832690;40.4428943250
444210,0500000000;4475920,3000000000;18-02-2019;15  CIUDAD LINEAL;15-04 CONCEPCIÓN;RAQUEL MELLER, CALLE, DE;1;CargayDescarga;Línea;3;14,98;Lunes a viernes de 08:00 a 14:00 y de 16:30 a 19:00 sabados de 08:00 a 15:00 ;-3.6577483870;40.4320526450
444215,7900000000;4476293,0300000000;11-10-2006;15  CIUDAD LINEAL;15-04 CONCEPCIÓN;VIRGEN DE LA ROCA, CALLE, DE LA;20;CargayDescarga;Batería;3;10;Laborables de 08:00 a 14:00 y de 16:30 a 19:00 ;-3.6577134360;40.4354106940
444277,5400000000;4476350,8200000000;14-02-2005;15  CIUDAD LINEAL;15-04 CONCEPCIÓN;VIRGEN DE LOURDES, CALLE, DE LA;28;CargayDescarga;Línea;4;19;Laborables de 08:00 a 14:00 y de 16:30 a 19:00 ;-3.6569905360;40.4359351220
444161,1600000000;4476053,3000000000;01-01-1900;15  CIUDAD LINEAL;15-04 CONCEPCIÓN;VIRGEN DEL PUIG, CALLE, DE LA;S/N;CargayDescarga;Línea;5;17,6;Laborables de 08:00 a 14:00 y de 16:30 a 19:00 ;-3.6583365280;40.4332477210
444777,5700000000;4476586,7300000000;01-03-2011;15  CIUDAD LINEAL;15-04 CONCEPCIÓN;VIRGEN DEL SAGRARIO, CALLE, DE LA;23;CargayDescarga;Línea;2;10,9;LABORABLES DE 9 A  14H . Y DE 16 H A 19 H. EXCEPTO CARGA Y DESCARGA;-3.6511158270;40.4380941420
444695,1000000000;4476674,6300000000;25-11-2011;15  CIUDAD LINEAL;15-04 CONCEPCIÓN;VIRGEN DEL VAL, CALLE, DE LA;32;CargayDescarga;Línea;3;15;;-3.6520958720;40.4388801250
444867,7000000000;4476788,8300000000;05-07-2018;15  CIUDAD LINEAL;15-04 CONCEPCIÓN;VIRGEN DEL VAL, CALLE, DE LA;52;CargayDescarga;Línea;2;9,61;LAB DE LUNES A VIERNES DE 8 A 14 H Y DE 16.30 A 19 H. SABADOS LAB. DE 8 A 15 H. EXCEPTO CARGA Y DESCARGA;-3.6500707520;40.4399206160
444725,7800000000;4477497,7000000000;12-06-2019;15  CIUDAD LINEAL;15-05 SAN PASCUAL;AGASTIA, CALLE, DE;48;CargayDescarga;Línea;3;14,9;lab. de 8 a 14 y de 16.30 a 19 h. máximo 30 minutos excepto: Carga y Descarga;-3.6518057830;40.4462971780
444262,3000000000;4477046,1800000000;23-11-2011;15  CIUDAD LINEAL;15-05 SAN PASCUAL;ALBACETE, CALLE, DE;3 A;CargayDescarga;Línea;3;15;;-3.6572312350;40.4421985250
444325,0200000000;4476466,6400000000;24-01-2014;15  CIUDAD LINEAL;15-05 SAN PASCUAL;ANTONIO CALVO, CALLE, DE;5;CargayDescarga;Línea;3;15;Laborables de 8 a 17 horas excepto carga y descarga.;-3.6564410120;40.4369820880
444649,1600000000;4477154,5900000000;08-06-2004;15  CIUDAD LINEAL;15-05 SAN PASCUAL;BADAJOZ, AVENIDA, DE;13;CargayDescarga;Línea;4;22;;-3.6526793720;40.4432013150
444767,7500000000;4476903,3000000000;07-07-2020;15  CIUDAD LINEAL;15-05 SAN PASCUAL;CANAL DE PANAMA, CALLE, DEL;S/N;CargayDescarga;Batería;3;9,7;;-3.6512592390;40.4409450650
444571,1600000000;4477302,3000000000;14-01-2020;15  CIUDAD LINEAL;15-05 SAN PASCUAL;CONDESA DE VENADITO, CALLE, DE LA;16;CargayDescarga;Línea;3;14;LAB DE 8 A 14 H. Y DE 16.30 A 19 H. EXCEPTO CARGA Y DESCARGA;-3.6536119750;40.4445269110
444547,6600000000;4476657,6600000000;17-02-2005;15  CIUDAD LINEAL;15-05 SAN PASCUAL;FRANCISCO GINER DE LOS RIOS, CALLE, DE;1;CargayDescarga;Línea;1;18,33;AUTORIZADO CARGAY DESCARGA TIEMPOLIMITADO;-3.6538326210;40.4387177490
444727,1100000000;4477287,4500000000;07-05-1998;15  CIUDAD LINEAL;15-05 SAN PASCUAL;MADRE ANTONIA PARIS, CALLE, DE LA;1;CargayDescarga;Línea;3;15,04;;-3.6517716920;40.4444030370
444490,1500000000;4476945,6000000000;07-04-2006;15  CIUDAD LINEAL;15-05 SAN PASCUAL;MARTINEZ VILLERGAS, CALLE, DE;21;CargayDescarga;Línea;3;15;;-3.6545359270;40.4413074610
444634,9000000000;4476813,6000000000;07-07-2020;15  CIUDAD LINEAL;15-05 SAN PASCUAL;MARTINEZ VILLERGAS, CALLE, DE;7;CargayDescarga;Línea;2;11,2;;-3.6528176840;40.4401287150
444478,1200000000;4477286,3700000000;05-07-2018;15  CIUDAD LINEAL;15-05 SAN PASCUAL;TORRELAGUNA, CALLE, DE;69;CargayDescarga;Línea;1;12,19;LAB DE LUNES A VIERNES DE 8 A 14.30 Y DE 16.30 A 20 H. EXCEPTO CARGA Y DESCARGA;-3.6547075850;40.4443767960
444375,8400000000;4476804,4800000000;17-02-2005;15  CIUDAD LINEAL;15-05 SAN PASCUAL;VERDAGUER Y GARCIA, CALLE, DE;7;CargayDescarga;Línea;3;15,7;laborables de L a V de 8 a 20 h y sábados de 8 a 15 h. Excepto: Carga y Descarga;-3.6558712630;40.4400291350
444347,0200000000;4476781,3700000000;11-04-2019;15  CIUDAD LINEAL;15-05 SAN PASCUAL;VERDAGUER Y GARCIA, CALLE, DE;2;CargayDescarga;Línea;3;16,1;LAB DE LUNES A VIERNES DE 8 A 14 H Y DE 16.30 A 19 H. SABADOS LAB DE 8 A 15 H. EXCEPTO CARGA Y DESCARGA;-3.6562090780;40.4398191460
444625,2600000000;4476940,4000000000;03-03-2020;15  CIUDAD LINEAL;15-05 SAN PASCUAL;VERDAGUER Y GARCIA, CALLE, DE;57;CargayDescarga;Línea;2;13;lab. de lunes a viernes de 8a 14.30 h y de 16.30 a 20 h. excepto carga y descarga;-3.6529424740;40.4412697030
444573,7000000000;4476609,0700000000;17-02-2005;15  CIUDAD LINEAL;15-05 SAN PASCUAL;VIRGEN DEL VAL, CALLE, DE LA;9;CargayDescarga;Línea;5;24,03;;-3.6535215050;40.4382821290
444303,9500000000;4478217,3100000000;23-12-2014;15  CIUDAD LINEAL;15-06 SAN JUAN BAUTISTA;AGASTIA, CALLE, DE;102;CargayDescarga;Línea;1;7;L a V de 8:00 a 20:00 hrs.Sábados de 8:00 a 15:00 hrs excepto carga y descarga;-3.6568428840;40.4527513190
444489,4700000000;4478392,9700000000;27-06-2018;15  CIUDAD LINEAL;15-06 SAN JUAN BAUTISTA;BUESO PINEDA, CALLE, DE;36;CargayDescarga;Línea;3;15;LAB DE 8 A 14 H Y DE 16.30 A 20 H EXCEPTO CARGA Y DESCARGA;-3.6546704580;40.4543464330
444201,4000000000;4477968,7800000000;15-02-2005;15  CIUDAD LINEAL;15-06 SAN JUAN BAUTISTA;CIDAMON, CALLE, DE;1;CargayDescarga;Línea;3;15;;-3.6580302820;40.4505056680
443945,2600000000;4477669,1400000000;22-06-2020;15  CIUDAD LINEAL;15-06 SAN JUAN BAUTISTA;RAFAEL BERGAMIN, CALLE, DE;8;CargayDescarga;Batería;3;15;LAB. DE LUNES A VIERNES DE 8 A 14 H.. EXCEPTO CARGA Y DESCARGA;-3.6610243880;40.4477896760
444217,9100000000;4477659,9300000000;24-04-2018;15  CIUDAD LINEAL;15-06 SAN JUAN BAUTISTA;RAMIREZ DE ARELLANO, CALLE, DE;27;CargayDescarga;Línea;1;6,36;Laborables 8 a 14h y de 16.30 a 19 h. Excepto Carga y Descarga;-3.6578085470;40.4477249320
444191,3800000000;4477926,8000000000;18-02-2019;15  CIUDAD LINEAL;15-06 SAN JUAN BAUTISTA;TORRELAGUNA, CALLE, DE;72;CargayDescarga;Línea;1;7;LABORABLES DE 8 A 14 H. EXCEPTO CARGA Y DESCARGA;-3.6581448160;40.4501274010
444104,3800000000;4478841,1200000000;01-01-1900;15  CIUDAD LINEAL;15-07 COLINA;CAÑAS, CALLE, DE LAS;con Arturo Sori;CargayDescarga;Línea;2;11,9;LAB. DE 9 A 14 H Y DE 16:30 A 20 HEXCEPTO CARGA Y DESCARGA;-3.6592512550;40.4583576530
443997,2900000000;4478800,1600000000;08-04-1997;15  CIUDAD LINEAL;15-07 COLINA;LOPEZ DE HOYOS, CALLE, DE;301;CargayDescarga;Batería;7;18,03;;-3.6605105020;40.4579818500
443992,9500000000;4478472,2800000000;22-12-2020;15  CIUDAD LINEAL;15-07 COLINA;TORRELAGUNA, CALLE, DE;108;CargayDescarga;Línea;2;15,1;LAB. DE LUNES A SABADO DE 8 A 14.30 H EXCEPTO CARGA Y DESCARGA;-3.6605329040;40.4550273930
444008,7400000000;4478921,2800000000;13-09-2019;15  CIUDAD LINEAL;15-07 COLINA;VICENTE MUZAS, CALLE, DE;17;CargayDescarga;Línea;2;11;DE LUNES A SABADO DE 7 A 11 H. Y DE 17 A 20H. EXCEPTO CARGA Y DESCARGA;-3.6603862270;40.4590732780
443571,8200000000;4479540,2700000000;02-02-2012;15  CIUDAD LINEAL;15-08 ATALAYA;ARTURO SORIA, CALLE, DE;243;CargayDescarga;Línea;3;15;;-3.6655941270;40.4646199100
443348,6000000000;4480822,3400000000;20-05-2004;15  CIUDAD LINEAL;15-09 COSTILLARES;ARTURO SORIA, CALLE, DE;312;CargayDescarga;Línea;1;8;;-3.6683414020;40.4761547540
443140,0400000000;4481129,4700000000;01-01-1900;15  CIUDAD LINEAL;15-09 COSTILLARES;CALERUEGA, CALLE, DE;35;CargayDescarga;Línea;3;17,1;;-3.6708294140;40.4789067850
443087,1700000000;4481171,3200000000;13-04-2021;15  CIUDAD LINEAL;15-09 COSTILLARES;CONDADO DE TREVIÑO, CALLE, DEL;26;CargayDescarga;Batería;3;15;LAB DE LUNES A VIERNES DE 8 A 14 H Y DE 16.30 A 19 H. SABADOS LAB DE 8 A 15 H. EXCEPTO CARGA Y DESCARGA EN LINEA;-3.6714568030;40.4792802960
443517,2000000000;4481265,7900000000;21-06-2019;15  CIUDAD LINEAL;15-09 COSTILLARES;CULTURA, CALLE, DE LA;20;CargayDescarga;Línea;2;12;LAB. DE 8 A 14 H Y DE 16.30 A 19 H. SABADOS DE 8 A 15H. EXCEPTO CARGA Y DESCARGA;-3.6663920280;40.4801609320
443784,5500000000;4481342,0100000000;13-06-2017;15  CIUDAD LINEAL;15-09 COSTILLARES;DULZAINA, CALLE, DE LA;6;CargayDescarga;Batería;4;10;LABORABLES DE L A V DE 8:00 A 20:00 H , SÁBADOS DE 8:00 A 15:00 H. EXCEPTO CARGA Y DESCARGA EN LÍNEA;-3.6632447140;40.4808653260
443378,3400000000;4480906,2200000000;03-09-2015;15  CIUDAD LINEAL;15-09 COSTILLARES;JAZMIN, CALLE, DEL;14;CargayDescarga;Batería;1;7;Lab. de 8 a 17h. excepto: Carga y Descarga en linea;-3.6679980290;40.4769117460
443117,0900000000;4480825,1900000000;31-07-2017;15  CIUDAD LINEAL;15-09 COSTILLARES;YERMA, CALLE, DE;11;CargayDescarga;Línea;2;10;LABORABLES DE LUNES A VIERNES DE 8 A 20 H. SÁBADOS LABORABLES DE 8 A 15 H. EXCEPTO CARGA Y DESCARGA ;-3.6710727500;40.4761640930
447547,5100000000;4478457,4500000000;05-04-2005;16  HORTALEZA;16-01 PALOMAS;ARCES, AVENIDA, DE LOS;Fte 24;CargayDescarga;Línea;3;15;;-3.6186123900;40.4551255410
447554,6100000000;4478449,9800000000;05-04-2005;16  HORTALEZA;16-01 PALOMAS;ARCES, AVENIDA, DE LOS;24;CargayDescarga;Línea;3;15;;-3.6185280510;40.4550589630
447847,6000000000;4478250,8200000000;03-06-2019;16  HORTALEZA;16-01 PALOMAS;GUADALAJARA, CALLE, DE;32;CargayDescarga;Línea;3;14;LAB. DE 8 A 14.30 H EXCEPTO CARGA Y DESCARGA;-3.6150564420;40.4532829660
447422,6100000000;4478449,8600000000;26-08-2003;16  HORTALEZA;16-01 PALOMAS;PETUNIAS, CALLE, DE LAS;S/N;CargayDescarga;Línea;3;15;;-3.6200847770;40.4550492230
447412,7300000000;4478444,6500000000;26-08-2003;16  HORTALEZA;16-01 PALOMAS;PETUNIAS, CALLE, DE LAS;S/N;CargayDescarga;Línea;3;15;;-3.6202008010;40.4550017250
447028,3300000000;4478861,2800000000;05-06-2018;16  HORTALEZA;16-02 PIOVERA;LOPEZ DE LA PLATA, PLAZA, DE;3;CargayDescarga;Batería;2;5,5;LAB. DE 8 A 17 H EXCEPTO CARGA Y DESCARGA;-3.6247688790;40.4587310500
447061,8000000000;4478695,0600000000;22-06-2016;16  HORTALEZA;16-02 PIOVERA;MACHUPICHU, AVENIDA, DE;14;CargayDescarga;Línea;2;9;;-3.6243601880;40.4572358020
445001,1900000000;4479465,2200000000;23-01-2020;16  HORTALEZA;16-03 CANILLAS;ALEJANDRO VILLEGAS, CALLE, DE;18;CargayDescarga;Línea;3;13,1;LAB. DE 8 A 12H. EXCEPTO CARGA Y DESCARGA;-3.6487287130;40.4640397330
445395,7200000000;4479469,3700000000;10-03-2009;16  HORTALEZA;16-03 CANILLAS;CANILLAS, CARRETERA, DE;84;CargayDescarga;Línea;3;15;;-3.6440756660;40.4641035610
445692,0900000000;4479577,6300000000;31-03-2005;16  HORTALEZA;16-03 CANILLAS;CANILLAS, CARRETERA, DE;134;CargayDescarga;Batería;6;14;LABORABLES DE 9 A 20H.EXCEPTO CARGA Y DESCARGA;-3.6405895040;40.4650981580
445190,7900000000;4479403,8200000000;08-04-2016;16  HORTALEZA;16-03 CANILLAS;CANILLAS, CARRETERA, DE;45;CargayDescarga;Línea;4;20;;-3.6464870730;40.4634993190
445086,0500000000;4479376,0300000000;31-01-2022;16  HORTALEZA;16-03 CANILLAS;CANILLAS, CARRETERA, DE;41;CargayDescarga;Batería;4;12;LAB. DE 8 A 14 H. Y DE 16.30 A 19 H. EXCEPTO CARGA Y DESCARGA;-3.6477201360;40.4632415460
445010,4600000000;4479087,8500000000;06-04-2005;16  HORTALEZA;16-03 CANILLAS;GOMEZNARRO, CALLE, DE;93;CargayDescarga;Línea;3;15;;-3.6485866200;40.4606412910
446235,2200000000;4479445,9500000000;05-03-2021;16  HORTALEZA;16-03 CANILLAS;JOSE DOMINGO RUS, CALLE, DE;S/N;CargayDescarga;Línea;2;12;LAB. DE 8 A 12 H. EXCEPTO CARGA Y DESCARGA;-3.6341721480;40.4639472000
444791,7800000000;4479294,8800000000;27-12-2018;16  HORTALEZA;16-03 CANILLAS;MATAPOZUELOS, CALLE, DE;53;CargayDescarga;Línea;1;7,02;SEGUNDO Y CUARTO JUEVES DE CADA MES DE 10 A 15H. EXCEPTO CARGA Y DESCARGA;-3.6511838380;40.4624918300
445065,3000000000;4478873,7200000000;27-12-2012;16  HORTALEZA;16-03 CANILLAS;MILAN, CALLE, DE;34;CargayDescarga;Línea;2;12;LAB. DE 8 A 14 Y DE 16.30 A 19 H. EXCEPTO CARGA Y DESCARGA;-3.6479213590;40.4587151790
444029,6900000000;4479275,1000000000;01-07-2009;16  HORTALEZA;16-03 CANILLAS;MONTEARAGON, CALLE, DE;2;CargayDescarga;Línea;1;7,6;;-3.6601702790;40.4622621890
446387,4100000000;4479538,5400000000;18-03-2015;16  HORTALEZA;16-03 CANILLAS;MOTA DEL CUERVO, CALLE, DE;9;CargayDescarga;Batería;2;7;;-3.6323848630;40.4647904220
446452,5000000000;4479644,8000000000;31-03-2005;16  HORTALEZA;16-03 CANILLAS;MOTILLA DEL PALANCAR, CALLE, DE;18;CargayDescarga;Línea;4;19;EXCEPTO SERVICIO GALERIASDE 8 A 20 H;-3.6316262100;40.4657527050
445099,5500000000;4479036,0800000000;30-03-2000;16  HORTALEZA;16-03 CANILLAS;NUESTRA SEÑORA DEL TRANSITO, PLAZA, DE;11;CargayDescarga;Línea;4;19;;-3.6475314030;40.4601805190
444968,5500000000;4479366,4800000000;25-11-2020;16  HORTALEZA;16-03 CANILLAS;PEGASO, CALLE, DE;4;CargayDescarga;Línea;2;11,3;;-3.6491050890;40.4631482110
445301,3900000000;4478771,5900000000;01-04-2005;16  HORTALEZA;16-03 CANILLAS;PUENTECILLO, CALLE, DEL;29;CargayDescarga;Línea;5;27;LABORABLES DE 06 A 15 HEXCEPTO CARGA Y DESCARGA;-3.6451281320;40.4578110520
446570,7600000000;4479306,8600000000;06-04-2016;16  HORTALEZA;16-03 CANILLAS;SILVANO, CALLE, DE;131;CargayDescarga;Línea;1;19,04;;-3.6302028680;40.4627158570
445794,6000000000;4479548,0500000000;05-07-2018;16  HORTALEZA;16-03 CANILLAS;TORQUEMADA, CALLE, DE;S/N;CargayDescarga;Batería;5;12,4;de lunes a sabado de 7 a 8 h excepto carga y descarga;-3.6393778130;40.4648377490
445114,2800000000;4480184,4900000000;02-07-2021;16  HORTALEZA;16-04 PINAR DEL REY;ANGEL LUIS DE LA HERRAN, CALLE, DE;40;CargayDescarga;Línea;3;15;lab. de 12 a 18 h. EXCEPTO CARGA Y DESCARGA;-3.6474571480;40.4705268190
445793,6500000000;4480586,3800000000;01-04-2005;16  HORTALEZA;16-04 PINAR DEL REY;BARRANQUILLA, AVENIDA, DE LA;2;CargayDescarga;Línea;3;15;LAB. DE 9 A 20 HORAS EXCEPTO CARGA Y DESCARGA;-3.6394777370;40.4741922010
445845,2900000000;4480571,5800000000;01-04-2005;16  HORTALEZA;16-04 PINAR DEL REY;GALAPA, CALLE, DE;6;CargayDescarga;Línea;3;17;EXCEPTO CARGA Y DESCARGAMERCADO;-3.6388673650;40.4740624270
445441,8800000000;4480052,5100000000;31-07-2018;16  HORTALEZA;16-04 PINAR DEL REY;GRAN VIA DE HORTALEZA, AVENIDA, DE LA;67 C;CargayDescarga;Línea;5;23,8;LAB DE LUNES A SABADO DE 8 A 14.30 H EXCEPTO CARGA Y DESCARGA;-3.6435814900;40.4693595890
444957,5300000000;4479886,6300000000;22-02-2019;16  HORTALEZA;16-04 PINAR DEL REY;GRAN VIA DE HORTALEZA, AVENIDA, DE LA;37;CargayDescarga;Línea;2;10,1;laborables de 8 a 14.30 h. excepto carga y descarga;-3.6492802430;40.4678333440
446100,2200000000;4480322,2400000000;08-03-1999;16  HORTALEZA;16-04 PINAR DEL REY;GUATAVITA, CALLE, DE;1;CargayDescarga;Línea;3;15;;-3.6358387670;40.4718319590
445490,0400000000;4480473,8400000000;11-03-2015;16  HORTALEZA;16-04 PINAR DEL REY;MAR CASPIO, CALLE, DEL;43;CargayDescarga;Línea;1;7;LAB. DE 8 A 14 H. Y DE 16.30 A 19 H. EXCEPTO CARGA Y DESCARGA;-3.6430495560;40.4731577830
445482,4400000000;4480608,6200000000;05-04-2005;16  HORTALEZA;16-04 PINAR DEL REY;MAR DE ARAL, CALLE, DEL;12;CargayDescarga;Batería;6;28;LABORABLES DE 9 A 14 HORAS Y DE 16.30 A 20 HORASEXCEPTO CARGA Y DESCARGA;-3.6431507970;40.4743715370
445431,4500000000;4480568,5300000000;09-12-2011;16  HORTALEZA;16-04 PINAR DEL REY;MAR MENOR, CALLE, DEL;1;CargayDescarga;Línea;3;15;Lab. de 9 a 14 hy de 16.30 a 20 hexcepto carga  y descarga;-3.6437488510;40.4740073080
445504,6400000000;4480557,7800000000;17-09-2018;16  HORTALEZA;16-04 PINAR DEL REY;MAR NEGRO, CALLE, DEL;2;CargayDescarga;Línea;7;10,14;;-3.6428846580;40.4739157490
444804,5800000000;4480432,6200000000;31-03-2005;16  HORTALEZA;16-04 PINAR DEL REY;SAN LUIS, AVENIDA, DE;54;CargayDescarga;Línea;3;15;LAB. EXCEPTO CARGA YDESCARGA DE 9 A 14 H.;-3.6511317560;40.4727412430
444522,7800000000;4480332,1000000000;29-01-2022;16  HORTALEZA;16-04 PINAR DEL REY;SAN LUIS, AVENIDA, DE;74;CargayDescarga;Línea;3;15;lab. de lunes a sabado de 8 a 14.30 Máximo 30 minutos. Excepto Carga y Descarga;-3.6544471760;40.4718173490
445154,6400000000;4481071,8800000000;13-02-2008;16  HORTALEZA;16-04 PINAR DEL REY;SANTA SUSANA, CALLE, DE;41;CargayDescarga;Línea;3;15;;-3.6470576820;40.4785238770
445320,7800000000;4480851,7400000000;05-07-2021;16  HORTALEZA;16-04 PINAR DEL REY;SANTA VIRGILIA, CALLE, DE;2;CargayDescarga;Batería;6;15;lab. de 8 a 12 h Excepto CARGA Y DESCARGA;-3.6450788580;40.4765516990
444871,2700000000;4480684,0600000000;06-04-2005;16  HORTALEZA;16-04 PINAR DEL REY;VIRGEN DEL CARMEN, AVENIDA, DE LA;52;CargayDescarga;Línea;3;15;;-3.6503669140;40.4750107290
444838,7800000000;4480687,1600000000;24-07-2019;16  HORTALEZA;16-04 PINAR DEL REY;VIRGEN DEL CARMEN, AVENIDA, DE LA;35;CargayDescarga;Línea;2;12;;-3.6507503950;40.4750365120
443813,0800000000;4479892,7400000000;16-06-2021;16  HORTALEZA;16-05 APÓSTOL SANTIAGO;AÑASTRO, CALLE, DE;17;CargayDescarga;Línea;3;16,3;LAB. DE 8 A 14 H. EXCEPTO CARGA Y DESCARGA;-3.6627799300;40.4678118580
443947,6800000000;4480012,1200000000;16-06-2021;16  HORTALEZA;16-05 APÓSTOL SANTIAGO;AÑASTRO, CALLE, DE;S/N;CargayDescarga;Línea;2;10,4;LAB. DE 8 A 14 H. EXCEPTO CARGA Y DESCARGA;-3.6612026920;40.4688965240
443850,0200000000;4480079,0000000000;01-04-2005;16  HORTALEZA;16-05 APÓSTOL SANTIAGO;BURGO DE OSMA, CALLE, DE;6;CargayDescarga;Línea;3;15;;-3.6623605830;40.4694918280
443637,8600000000;4480729,5500000000;12-06-2018;16  HORTALEZA;16-05 APÓSTOL SANTIAGO;ESPLIEGO, CALLE, DEL;25;CargayDescarga;Línea;3;15;LAB DE 12 A 18 H EXCEPTO CARGA Y DESCARGA;-3.6649209020;40.4753383460
443756,6600000000;4479969,1100000000;04-07-2007;16  HORTALEZA;16-05 APÓSTOL SANTIAGO;MESENA, CALLE, DE;106 D;CargayDescarga;Línea;4;17,82;;-3.6634520670;40.4684954540
444386,3700000000;4482097,3900000000;03-10-2016;16  HORTALEZA;16-06 VALDEFUENTES;ALCALDE MORENO TORRES, PLAZA, DEL;4;CargayDescarga;Línea;3;15,1;;-3.6562109690;40.4877107400
447667,7300000000;4482757,0300000000;28-05-2021;16  HORTALEZA;16-06 VALDEFUENTES;JUAN ANTONIO SAMARANCH, AVENIDA, DE;S/N;CargayDescarga;Línea;3;15;Lab. de 8 a 14 h Excepto Carga y Descarga;-3.6175493820;40.4938667130
448251,3900000000;4482597,0300000000;19-03-2022;16  HORTALEZA;16-06 VALDEFUENTES;JUAN ANTONIO SAMARANCH, AVENIDA, DE;64;CargayDescarga;Línea;3;15;lab. de lunes a sábado de 8 a 14,30 h. excepto: CARGA Y DESCARGA;-3.6106492510;40.4924619350
443920,1100000000;4482202,8600000000;12-04-2021;16  HORTALEZA;16-06 VALDEFUENTES;MANOTERAS, AVENIDA, DE;S/N;CargayDescarga;Línea;3;15;LAB DE 8 A 12 H. EXCEPTO CARGA Y DESCARGA;-3.6617216200;40.4886294200
443086,0700000000;4482152,1600000000;02-06-2021;16  HORTALEZA;16-06 VALDEFUENTES;MANOTERAS, AVENIDA, DE;8;CargayDescarga;Línea;2;12;Lab. de 8 a 12 h Excepto Carga y Descarga;-3.6715577580;40.4881162220
444568,2700000000;4484253,2000000000;09-09-2021;16  HORTALEZA;16-06 VALDEFUENTES;MANUEL POMBO ANGULO, CALLE, DE;26;CargayDescarga;Línea;1;7,8;Lab de 8 a 14 h y de 16.30 a 19 h. excepto carga y descarga;-3.6542534590;40.5071430620
444548,3800000000;4482684,6000000000;20-01-2022;16  HORTALEZA;16-06 VALDEFUENTES;OCTAVIO PAZ, CALLE, DE;29;CargayDescarga;Línea;4;19,3;Lab. de 8 a 12 h.  EXCEPTO CARGA Y DESCARGA;-3.6543509190;40.4930118600
443884,4000000000;4482203,4500000000;19-06-2015;16  HORTALEZA;16-06 VALDEFUENTES;OÑA, CALLE, DE;127;CargayDescarga;Línea;3;13,9;LABORABLES DE 9 A 12 H. EXCEPTO CARGA Y DESCARGA;-3.6621430300;40.4886323990
439607,6800000000;4466343,9800000000;01-12-2007;17  VILLAVERDE;17-01 CASCO HISTÓRICO DE VILLAVERDE;ALADIERNA, CALLE, DE LA;16;CargayDescarga;Línea;3;17;lab. de 9 a 20 h. excepto: [CARGA Y DESCARGA];-3.7110973470;40.3454633670
439493,1400000000;4466077,9700000000;08-09-2017;17  VILLAVERDE;17-01 CASCO HISTÓRICO DE VILLAVERDE;ALBERTO PALACIOS, CALLE, DE;20;CargayDescarga;Línea;1;7;Laborables de 8 a 14h. Excepto Carga y Descarga;-3.7124207070;40.3430584340
439187,3700000000;4466137,7900000000;01-01-1900;17  VILLAVERDE;17-01 CASCO HISTÓRICO DE VILLAVERDE;ALBERTO PALACIOS, PASEO, DE;78;CargayDescarga;Línea;2;9,9;lab. de 8 a 14 h.y de 16,30 a 19 h. excepto:[CARGA YDESCARGA];-3.7160262730;40.3435748410
439288,9400000000;4466160,4700000000;23-11-2009;17  VILLAVERDE;17-01 CASCO HISTÓRICO DE VILLAVERDE;ALBERTO PALACIOS, PASEO, DE;68;CargayDescarga;Línea;3;18,1;lab. de 8 a 14 h. y de 16,30 a 19 h. excepto: [CARGA Y DESCARGA];-3.7148325730;40.3437863770
439472,2300000000;4466308,6800000000;16-09-2005;17  VILLAVERDE;17-01 CASCO HISTÓRICO DE VILLAVERDE;ALBERTO PALACIOS, PASEO, DE;35;CargayDescarga;Línea;3;15;lab. de 8 a 14 h. excepto: [CARGA Y DESCARGA];-3.7126887370;40.3451348330
439398,7700000000;4466201,2400000000;06-08-2013;17  VILLAVERDE;17-01 CASCO HISTÓRICO DE VILLAVERDE;ALBERTO PALACIOS, PASEO, DE;52;CargayDescarga;Línea;3;15;Laborables de 8 a 14 horas. Excepto CARGA Y DESCARGA;-3.7135435330;40.3441618940
439408,5500000000;4466214,0000000000;01-08-2018;17  VILLAVERDE;17-01 CASCO HISTÓRICO DE VILLAVERDE;ALBERTO PALACIOS, PASEO, DE;50;CargayDescarga;Línea;3;15;DÍAS LABORABLES DE 8:00 A 15:00 H EXCEPTO GESTION ADMINISTRATIVA AUTOTAXI;-3.7134294570;40.3442771150
439917,4600000000;4466471,1400000000;17-01-2005;17  VILLAVERDE;17-01 CASCO HISTÓRICO DE VILLAVERDE;ALBINO HERNANDEZ LAZARO, CALLE, DE;24;CargayDescarga;Línea;4;20;lab. de 8 a 14 h. y de 16,30 a 19h excepto: CARGA Y                DESCARGA;-3.7074620440;40.3466310550
439948,1700000000;4466345,4700000000;23-01-2009;17  VILLAVERDE;17-01 CASCO HISTÓRICO DE VILLAVERDE;ALBINO HERNANDEZ LAZARO, CALLE, DE;31;CargayDescarga;Línea;2;12;LABORABLES DE 8 A 14 H. EXCEPTO CARGA Y DESCARGA;-3.7070885900;40.3455005520
440001,9600000000;4466727,7200000000;18-12-2013;17  VILLAVERDE;17-01 CASCO HISTÓRICO DE VILLAVERDE;ARROYO BUENO, CALLE, DEL;13;CargayDescarga;Línea;4;21;LABORABLES DE 8 A 20 H.EXCEPTO CARGA Y DESCARGA;-3.7064911670;40.3489487840
439604,3400000000;4466473,3700000000;14-12-2020;17  VILLAVERDE;17-01 CASCO HISTÓRICO DE VILLAVERDE;CALAMINA, CALLE, DE LA;4;CargayDescarga;Línea;5;32,22;lab. de 7 a 20 h. excepto: [CARGA Y DESCARGA];-3.7111489130;40.3466280190
440036,2400000000;4466611,5700000000;17-01-2005;17  VILLAVERDE;17-01 CASCO HISTÓRICO DE VILLAVERDE;DOCTOR CRIADO, CALLE, DEL;1;CargayDescarga;Línea;2;13;LABORABLES DE 8 A 14 H. EXCEPTO CARGA Y DESCARGA;-3.7060766890;40.3479042820
439958,1600000000;4466505,5600000000;10-09-2009;17  VILLAVERDE;17-01 CASCO HISTÓRICO DE VILLAVERDE;DOCTOR PEREZ DOMINGUEZ, CALLE, DEL;11;CargayDescarga;Línea;2;12;DE LUNES A VIERNES DE 8 A 14 H. Y DE 16,30 A 19 H.EXCEPTO CARGA Y DESCARGA;-3.7069862030;40.3469441190
439522,4700000000;4465966,4300000000;06-03-2017;17  VILLAVERDE;17-01 CASCO HISTÓRICO DE VILLAVERDE;DOMINGO PARRAGA, CALLE, DE;40;CargayDescarga;Línea;2;12;LABORABLES DE 8:00 A 17:00 H EXCEPTO CARGA Y DESCARGA;-3.7120649000;40.3420559300
439743,3100000000;4466265,9200000000;28-09-2010;17  VILLAVERDE;17-01 CASCO HISTÓRICO DE VILLAVERDE;ESPINELA, AVENIDA, DE LA;15;CargayDescarga;Línea;3;15;LAB. DE 9 A 14 H. EXCEPTO CARGA Y DESCARGA;-3.7094931220;40.3447698590
439867,7800000000;4466057,3500000000;03-03-2009;17  VILLAVERDE;17-01 CASCO HISTÓRICO DE VILLAVERDE;GOMEZ ACEBO, CALLE, DE;4;CargayDescarga;Línea;3;15;LUNES A VIERNES DE 8 A 14 H. Y DE 16,30 A 19 H.EXCEPTO CARGA Y DESCARGA;-3.7080078440;40.3428997250
439397,4600000000;4466514,2700000000;21-05-2001;17  VILLAVERDE;17-01 CASCO HISTÓRICO DE VILLAVERDE;JUAN PEÑALVER, CALLE, DE;24;CargayDescarga;Línea;1;8;LABORABLES DE 8 A 14 H. Y DE 16,30 A 19 H. EXCEPTO CARGA Y DESCARGA;-3.7135886240;40.3469820490
440029,1400000000;4467053,8000000000;10-04-2008;17  VILLAVERDE;17-01 CASCO HISTÓRICO DE VILLAVERDE;LAGUNA RODRIGO, CALLE, DE;7;CargayDescarga;Línea;3;15;"LABORABLES DE 8;00 A 14:00H. EXCEPTO CARGA Y DESCARGA";-3.7062018810;40.3518878860
439498,1300000000;4466151,3600000000;02-01-2008;17  VILLAVERDE;17-01 CASCO HISTÓRICO DE VILLAVERDE;LEGANES, CAMINO, DE;39;CargayDescarga;Línea;2;11;lab. de 8 a 14 h. y de 16,30 a 19 h. excepto: [CARGA Y DESCARGA];-3.7123688550;40.3437193980
440087,8300000000;4466042,0400000000;04-12-1998;17  VILLAVERDE;17-01 CASCO HISTÓRICO DE VILLAVERDE;LENGUAS, CALLE, DE LAS;7;CargayDescarga;Línea;3;15;LABORABLES DE 8 A 14 H. Y DE 16,30 A 19 H. EXCEPTO CARGA Y DESCARGA ;-3.7054158400;40.3427775700
440179,8000000000;4466060,4400000000;11-01-2008;17  VILLAVERDE;17-01 CASCO HISTÓRICO DE VILLAVERDE;LENGUAS, CALLE, DE LAS;12;CargayDescarga;Línea;3;16;Lab. de Lunes a Viernes de 8,00 a 22.00h.excepto Carga y descarga;-3.7043346680;40.3429498590
439647,8500000000;4466451,0000000000;14-01-2005;17  VILLAVERDE;17-01 CASCO HISTÓRICO DE VILLAVERDE;MORERAS, PASEO, DE LAS;11;CargayDescarga;Línea;2;13;lab. de 9 a 20 h. excepto: [CARGA Y DESCARGA];-3.7106345110;40.3464299470
439671,6500000000;4466338,5800000000;22-10-1996;17  VILLAVERDE;17-01 CASCO HISTÓRICO DE VILLAVERDE;MORERAS, PASEO, DE LAS;Fte 19;CargayDescarga;Línea;3;14,9;laborables de 9 a 14 h. y de 16,30 a 20 h.excepto: [CARGA Y DESCARGA];-3.7103437350;40.3454185620
440046,7800000000;4466518,4300000000;08-06-1998;17  VILLAVERDE;17-01 CASCO HISTÓRICO DE VILLAVERDE;OXIGENO, CALLE, DEL;13;CargayDescarga;Línea;2;10,1;LABORABLES DE 9 A 14 H. Y DE 16,30  A 20 H. EXCEPTO CARGA Y DESCARGA;-3.7059438200;40.3470661020
439808,9700000000;4466274,9700000000;05-03-2015;17  VILLAVERDE;17-01 CASCO HISTÓRICO DE VILLAVERDE;PARVILLAS ALTAS, CALLE, DE;25;CargayDescarga;Línea;1;15;LABORABLES DE 8 A 19 H.EXCEPTO CARGA Y DESCARGA;-3.7087209470;40.3448556880
439850,7900000000;4466315,8000000000;14-01-2005;17  VILLAVERDE;17-01 CASCO HISTÓRICO DE VILLAVERDE;PARVILLAS, PLAZA, DE;4;CargayDescarga;Línea;2;9,89;lab. de 8 a 14 h. excepto: [CARGA Y DESCARGA];-3.7082322710;40.3452265640
439735,0300000000;4466190,0700000000;14-01-2005;17  VILLAVERDE;17-01 CASCO HISTÓRICO DE VILLAVERDE;PEDRO JIMENEZ, CALLE, DE;2;CargayDescarga;Línea;1;8;lab. de 8 a 14 h. y de 16,30 a 19 h. excepto: [CARGA Y DESCARGA];-3.7095833060;40.3440859770
440008,2500000000;4466669,7600000000;01-01-1900;17  VILLAVERDE;17-01 CASCO HISTÓRICO DE VILLAVERDE;PLATA, CALLE, DE LA;14;CargayDescarga;Línea;2;10;LABORABLES DE 8 A 14 H.Y DE 16,30  A 19 H. EXCEPTOCARGA Y DESCARGA;-3.7064116980;40.3484267620
439736,6200000000;4466405,4400000000;27-11-2002;17  VILLAVERDE;17-01 CASCO HISTÓRICO DE VILLAVERDE;PUENTE DE VIZCAYA, CALLE, DEL;6;CargayDescarga;Batería;1;8,1;lab. de 8 a 14 h. excepto: [CARGA Y DESCARGA];-3.7095850250;40.3460257830
439297,2100000000;4466613,4400000000;09-04-2019;17  VILLAVERDE;17-01 CASCO HISTÓRICO DE VILLAVERDE;PUERTO LAPICE, CALLE, DE;2;CargayDescarga;Línea;2;11;LAB. DE 8 A 14 H EXCEPTO CARGA Y DESCARGA;-3.7147783140;40.3478681860
440257,2800000000;4466586,8300000000;19-11-2018;17  VILLAVERDE;17-01 CASCO HISTÓRICO DE VILLAVERDE;SAN JENARO, CALLE, DE;14;CargayDescarga;Línea;2;10;LABORABLES DE 8 A 14 EXCEPTO CARGA Y DESCARGA;-3.7034719090;40.3476977880
439564,8700000000;4466055,7300000000;13-10-2011;17  VILLAVERDE;17-01 CASCO HISTÓRICO DE VILLAVERDE;VILLASTAR, CALLE, DE;26;CargayDescarga;Línea;4;21,5;LABORABLES DE 8 A 14 H. Y DE  16,30 A 19 H. EXCEPTO CARGA Y DESCARGA;-3.7115741620;40.3428629980
441213,8200000000;4466065,2400000000;19-03-2019;17  VILLAVERDE;17-02 SAN CRISTÓBAL;MARIA DROC, PASEO, DE;S/N;CargayDescarga;Línea;6;15;LABORABLES DE 13 A 17 H EXCEPTO CARGA Y DESCARGA EN LINEA;-3.6921612060;40.3430665700
441831,5700000000;4466001,6300000000;14-05-2019;17  VILLAVERDE;17-02 SAN CRISTÓBAL;PATERNA, CALLE, DE;1;CargayDescarga;Línea;2;10;LAB DE 10 A14 H EXCEPTO CARGA Y DESCARGA;-3.6848825220;40.3425371570
441212,9800000000;4466105,0400000000;18-01-2005;17  VILLAVERDE;17-02 SAN CRISTÓBAL;PINAZO, PLAZA, DE LOS;18;CargayDescarga;Línea;2;5;LABORABLES DE 9 A 14 H. Y DE 16,30 A 20 H.EXCEPTO CARGA Y DESCARGA;-3.6921748420;40.3434248980
441296,3200000000;4466093,5400000000;04-09-2009;17  VILLAVERDE;17-02 SAN CRISTÓBAL;PINAZO, PLAZA, DE LOS;22;CargayDescarga;Línea;3;17;lab. de 8 a 14 h. y de 16,30 a 19 h. excepto: [CARGA Y DESCARGA] ;-3.6911925640;40.3433271510
442066,4300000000;4467276,9400000000;19-10-2016;17  VILLAVERDE;17-03 BUTARQUE;CONCEPCION DE LA OLIVA, CALLE, DE;11;CargayDescarga;Línea;5;28;EXCEPTO CARGA Y DESCARGA;-3.6822332230;40.3540421500
442133,8200000000;4467483,4900000000;11-01-2018;17  VILLAVERDE;17-03 BUTARQUE;LOS ROSALES, AVENIDA, DE;72;CargayDescarga;Línea;1;7;LABORABLES DE 8 A 17 H EXCEPTO CARGA Y DESCARGA;-3.6814584120;40.3559077000
442057,5700000000;4467160,9800000000;01-07-2010;17  VILLAVERDE;17-03 BUTARQUE;VICENTE CARBALLAL, CALLE, DE;8;CargayDescarga;Línea;3;20;LABORABLES DE 8:00 A 14:00 HEXCEPTO CARGA Y DESCARGA;-3.6823270160;40.3529969030
441709,2400000000;4466915,6900000000;19-06-2014;17  VILLAVERDE;17-04 LOS ROSALES;ENCARNACION OVIOL, CALLE, DE;56;CargayDescarga;Línea;3;15;LABORABLES DE 8 A 14 HEXCEPTO CARGA Y DESCARGA;-3.6864061890;40.3507627110
441555,7800000000;4466886,6500000000;09-01-2019;17  VILLAVERDE;17-04 LOS ROSALES;ENCARNACION OVIOL, CALLE, DE;39;CargayDescarga;Línea;3;15;LABORABLES DE 9 A 14 H. Y DE 16,30 A 20 H. EXCEPTO CARGA Y DESCARGA ;-3.6882104900;40.3504902120
441360,2900000000;4466858,6300000000;09-04-2019;17  VILLAVERDE;17-04 LOS ROSALES;ESPERANZA MACARENA, CALLE, DE;15;CargayDescarga;Línea;1;6;LAB. 10 A 13 H Y DE 16 A 19 H EXCEPTO CARGA Y DESCARGA;-3.6905096550;40.3502239590
441564,0700000000;4466943,8700000000;14-01-2005;17  VILLAVERDE;17-04 LOS ROSALES;JOSE DEL PINO, CALLE, DE;70;CargayDescarga;Línea;2;17,51;LABORABLES DE 9 A 14 H. Y DE 16,30 A 20 H.EXCEPTO CARGA Y DESCARGA;-3.6881180720;40.3510060460
441698,4100000000;4466965,0700000000;22-10-2021;17  VILLAVERDE;17-04 LOS ROSALES;JOSE DEL PINO, CALLE, DE;82;CargayDescarga;Línea;2;10;LAB. DE 8 A 20 H. EXCEPTO CARGA Y DESCARGA;-3.6865383130;40.3512071550
441319,6700000000;4467016,0200000000;01-07-2010;17  VILLAVERDE;17-04 LOS ROSALES;JUAN JOSE MARTINEZ SECO, CALLE, DE;4;CargayDescarga;Línea;2;11,1;LABORABLES DE 8 A 14 H. Y DE 16,30 A 19 H. EXCEPTO CARGA Y DESCARGA;-3.6910024560;40.3516387640
441534,8300000000;4466902,1900000000;14-01-2005;17  VILLAVERDE;17-04 LOS ROSALES;MARTINEZ OVIOL, CALLE, DE;40;CargayDescarga;Línea;3;15;LABORABLES DE 8 A 14 H. EXCEPTO CARGA Y DESCARGA ;-3.6884585240;40.3506288680
441553,0800000000;4466799,6700000000;14-08-2014;17  VILLAVERDE;17-04 LOS ROSALES;MARTINEZ OVIOL, CALLE, DE;54;CargayDescarga;Línea;2;10;LABORABLES DE 8 A 17 HEXCEPTO CARGA Y DESCARGA;-3.6882342680;40.3497070940
441487,6300000000;4466724,8600000000;18-02-2005;17  VILLAVERDE;17-04 LOS ROSALES;PLATINO, CALLE, DEL;29;CargayDescarga;Línea;3;17;LABORABLES DE 8 A 11 H. EXCEPTO CARGA Y DESCARGA;-3.6889980210;40.3490279670
441264,9700000000;4467169,8200000000;03-01-2006;17  VILLAVERDE;17-04 LOS ROSALES;SAHARA, CALLE, DEL;89;CargayDescarga;Batería;3;8;LAB. DE 8 A 14 H. EXCEPTO CARGA Y DESCARGA;-3.6916607270;40.3530204510
441241,5400000000;4467252,0900000000;30-09-2009;17  VILLAVERDE;17-04 LOS ROSALES;SAHARA, CALLE, DEL;85;CargayDescarga;Línea;3;15;LAB. DE 9 A 20 H. EXCEPTO: CARGA Y DESCARGA;-3.6919442270;40.3537602540
441199,3800000000;4467167,9200000000;13-07-2012;17  VILLAVERDE;17-04 LOS ROSALES;SAHARA, CALLE, DEL;60;CargayDescarga;Línea;3;14;LABORABLES DE 16:00 A 18:00 EXCEPTO CARGA Y DESCARGA EN LÍNEA;-3.6924328450;40.3529988510
441210,3200000000;4466882,1500000000;13-04-2007;17  VILLAVERDE;17-04 LOS ROSALES;SANTA PETRONILA, CALLE, DE;Fte 11;CargayDescarga;Línea;2;12;LABORABLES DE 8 A 14 H. Y DE 16,30 A 19 H. EXCEPTO CARGA Y DESCARGA;-3.6922776880;40.3504253540
441683,5600000000;4466791,7300000000;11-09-2014;17  VILLAVERDE;17-04 LOS ROSALES;TOPACIO, CALLE, DEL;2;CargayDescarga;Línea;2;12;LABORABLES DE 8:00 A 14:00 H. Y DE 16:30 A 20:30.EXCEPTO CARGA Y DESCARGA;-3.6866973660;40.3496442980
441818,2200000000;4467801,5000000000;16-04-2014;17  VILLAVERDE;17-04 LOS ROSALES;UNANIMIDAD, CALLE, DE LA;55;CargayDescarga;Línea;2;15;LABORABLES DE 8:00 A 17:00 HEXCEPTO CARGA Y DESCARGA.;-3.6852037220;40.3587504880
440775,2400000000;4467058,8400000000;01-11-2019;17  VILLAVERDE;17-05 LOS ÁNGELES;ARAMA, CALLE, DE;1;CargayDescarga;Línea;2;12;LAB. DE 8:00 A 16 H. EXCEPTO CARGA Y DESCARGA EN LÍNA;-3.6974170630;40.3519860910
441086,8400000000;4467742,7200000000;14-01-2005;17  VILLAVERDE;17-05 LOS ÁNGELES;GIGANTES Y CABEZUDOS, PASEO, DE LOS;26;CargayDescarga;Batería;3;7;EXCEPTO CARGA Y DESCARGA, RECOGIDA DE BASURAS DE 9 A 14 H.Y DE 16,30 A 20 H.;-3.6938111530;40.3581691650
440962,0600000000;4467313,4700000000;16-09-2005;17  VILLAVERDE;17-05 LOS ÁNGELES;LA ALEGRIA DE LA HUERTA, CALLE, DE;31;CargayDescarga;Línea;3;15;LAB. DE 8 A 14 H. EXCEPTO: CARGA Y DESCARGA;-3.6952408540;40.3542937930
440833,1000000000;4467957,3200000000;02-02-2018;17  VILLAVERDE;17-05 LOS ÁNGELES;LA CHULAPONA, CALLE, DE;1;CargayDescarga;Línea;2;12;Laborables 8 a 14h y de 16.00 a 20:00 h. Excepto Carga y Descarga;-3.6968191240;40.3600842760
441033,5100000000;4467433,5900000000;14-01-2005;17  VILLAVERDE;17-05 LOS ÁNGELES;LA DOLOROSA, CALLE, DE;5;CargayDescarga;Línea;4;20;LABORABLES DE 8 A 14 H. Y DE 16,30 A 19 H.EXCEPTO CARGA Y DESCARGA ;-3.6944105240;40.3553804070
441039,6000000000;4467340,2600000000;14-01-2005;17  VILLAVERDE;17-05 LOS ÁNGELES;LA DOLOROSA, CALLE, DE;11;CargayDescarga;Línea;2;12;lab. de 9 a 20 h. excepto: [CARGA Y DESCARGA];-3.6943302520;40.3545403370
440898,9000000000;4467879,5500000000;28-05-2016;17  VILLAVERDE;17-05 LOS ÁNGELES;LA VERBENA DE LA PALOMA, AVENIDA, DE;11;CargayDescarga;Línea;2;14;LAB. DE 8 A 14 H EXCEPTO CARGA Y DESCARGA;-3.6960369790;40.3593890490
440815,8800000000;4467535,8700000000;05-07-1996;17  VILLAVERDE;17-05 LOS ÁNGELES;LOS BOHEMIOS, CALLE;15;CargayDescarga;Batería;6;10,02;LABORABLES DE 8 A 14 H. Y DE 16,30 A 19 H.EXCEPTO CARGA Y DESCARGA ;-3.6969827030;40.3562865400
441053,1200000000;4467552,5900000000;14-06-2006;17  VILLAVERDE;17-05 LOS ÁNGELES;LOS BOHEMIOS, CALLE;1;CargayDescarga;Batería;6;15;EXCEPTO CARGA Y DESCARGA LABORABLES DE 8 A 14 H. Y DE 16,30 A 19 H. CENTRO CULTURAL BOHEMIOS ;-3.6941905650;40.3564540160
441010,7400000000;4468001,8600000000;15-11-2013;17  VILLAVERDE;17-05 LOS ÁNGELES;PAN Y TOROS, CALLE, DE;6 B;CargayDescarga;Línea;2;15;LABORABLES DE 8 A 14 H Y DE 16.30 A 19 H. EXCEPTO CARGA Y DESCARGA;-3.6947312080;40.3604980660
441031,8400000000;4467679,3100000000;05-08-2017;17  VILLAVERDE;17-05 LOS ÁNGELES;PAN Y TOROS, CALLE, DE;50;CargayDescarga;Línea;2;9,1;;-3.6944529800;40.3575944310
445584,7400000000;4469276,7900000000;24-03-2020;18  VILLA DE VALLECAS;18-01 CASCO HISTÓRICO DE VALLECAS;CASAS DE MIRAVETE, CALLE, DE;28 C;CargayDescarga;Línea;2;10;LAB. DE 8 A 10 H. EXCEPTO CARGA Y DESCARGA;-3.6409742450;40.3722945220
447379,6400000000;4469485,1400000000;12-04-2005;18  VILLA DE VALLECAS;18-01 CASCO HISTÓRICO DE VALLECAS;CONGOSTO, CALLE, DEL;19;CargayDescarga;Línea;3;16;LAB.DE 8 A 14 H. Y DE 16,30 A 19 H. EXCEPTO CARGA Y DESCARGA ;-3.6198499790;40.3742869260
447417,4600000000;4469338,7900000000;03-02-2005;18  VILLA DE VALLECAS;18-01 CASCO HISTÓRICO DE VALLECAS;CONGOSTO, CALLE, DEL;32;CargayDescarga;Línea;3;19,81;LAB.DE 8 A 14 H. Y DE16,30 A 19 H. EXCEPTOCARGA Y DESCARGA;-3.6193924720;40.3729711860
447402,0400000000;4469401,2600000000;13-09-2001;18  VILLA DE VALLECAS;18-01 CASCO HISTÓRICO DE VALLECAS;CONGOSTO, CALLE, DEL;21;CargayDescarga;Línea;3;15;LAB.DE 8 A 14 H. Y DE 16,30 A 19 H. EXCEPTO CARGA Y DESCARGA;-3.6195792560;40.3735333720
447300,3400000000;4469743,0200000000;02-02-2005;18  VILLA DE VALLECAS;18-01 CASCO HISTÓRICO DE VALLECAS;FEDERICO GARCIA LORCA, PASEO, DE;38;CargayDescarga;Línea;3;15,9;LABORABLES DE 9 A 14 H Y DE 16.30 A 20 HEXCEPTO CARGA Y DESCARGA;-3.6208053860;40.3766051130
447271,5500000000;4469867,4500000000;28-05-2004;18  VILLA DE VALLECAS;18-01 CASCO HISTÓRICO DE VALLECAS;FEDERICO GARCIA LORCA, PASEO, DE;32;CargayDescarga;Línea;3;15;LAB.DE 8 A 14 H. Y DE 16,30 A 19 H. EXCEPTO CARGA Y DESCARGA ;-3.6211548330;40.3777247870
445745,3600000000;4469487,9000000000;07-06-2013;18  VILLA DE VALLECAS;18-01 CASCO HISTÓRICO DE VALLECAS;GAMONAL, CALLE, DEL;75;CargayDescarga;Línea;2;10;LABORABLES DE 8 A 19 H. EXCEPTO CARGA Y DESCARGA EN LINEA;-3.6391003870;40.3742074570
447447,1900000000;4470150,0900000000;10-12-2019;18  VILLA DE VALLECAS;18-01 CASCO HISTÓRICO DE VALLECAS;GAVIA SECA, CALLE, DE LA;3;CargayDescarga;Línea;5;25;LAB. DE 9 A 17 H. EXCEPTO CARGA Y DESCARGA;-3.6191092020;40.3802816110
447304,8800000000;4469596,1400000000;13-02-2001;18  VILLA DE VALLECAS;18-01 CASCO HISTÓRICO DE VALLECAS;JUAN DE LA FUENTE, CALLE, DE;3;CargayDescarga;Línea;2;11,54;LAB. DE 8 A 14 H. EXCEPTO CARGA Y DESCARGA ;-3.6207397250;40.3752823830
447255,0100000000;4469776,5700000000;02-02-2005;18  VILLA DE VALLECAS;18-01 CASCO HISTÓRICO DE VALLECAS;MONTE AYA, CALLE, DEL;25;CargayDescarga;Línea;3;17;lab. de 8 a 14,00 h.  y de 16,30 a 19 h    excepto: CARGA Y                 DESCARGA;-3.6213421330;40.3769047700
447530,9400000000;4470129,4600000000;12-04-2004;18  VILLA DE VALLECAS;18-01 CASCO HISTÓRICO DE VALLECAS;MONTE DE MONTJUICH, CALLE, DEL;12;CargayDescarga;Línea;3;15,1;LAB.DE 8 A 14 H. Y DE 16,30 A 19 H. EXCEPTO CARGA Y DESCARGA;-3.6181209640;40.3801009000
447476,2100000000;4470130,6000000000;28-03-2011;18  VILLA DE VALLECAS;18-01 CASCO HISTÓRICO DE VALLECAS;MONTE DE MONTJUICH, CALLE, DEL;3;CargayDescarga;Línea;3;15,5;Lab.de 8 a 14.00h. y de 16,30 a 19h. excepto: CARGA Y               DESCARGA;-3.6187656560;40.3801081200
447306,8500000000;4469980,7800000000;26-08-2021;18  VILLA DE VALLECAS;18-01 CASCO HISTÓRICO DE VALLECAS;MONTES DE TOLEDO, CALLE, DE LOS;2;CargayDescarga;Línea;4;20,6;LAB.DE 8 A 14 H. Y DE 16,30 A 19 H. EXCEPTO CARGA Y DESCARGA;-3.6207484340;40.3787476310
447229,1100000000;4469305,5000000000;25-11-2013;18  VILLA DE VALLECAS;18-01 CASCO HISTÓRICO DE VALLECAS;PEÑA CAVERO, CALLE, DE LA;42;CargayDescarga;Línea;2;10;LABORABLES DE  8 A 14 HEXCEPTO CARGA Y DESCARGA;-3.6216082150;40.3726589240
447217,3300000000;4469372,4500000000;28-03-2018;18  VILLA DE VALLECAS;18-01 CASCO HISTÓRICO DE VALLECAS;PEÑA CAVERO, CALLE, DE LA;23;CargayDescarga;Línea;1;7,7;DE LUNESA VIERNES DE 10:00  A 14:00 H EXCEPTO CARGA Y DESCARGA;-3.6217524280;40.3732612170
447326,1400000000;4469538,6500000000;14-07-2003;18  VILLA DE VALLECAS;18-01 CASCO HISTÓRICO DE VALLECAS;PEÑA DE VARGAS, CALLE, DE LA;3;CargayDescarga;Línea;2;11,1;LAB.DE 8 A 14 H. Y DE16,30 A 19 H. EXCEPTOCARGA Y DESCARGA;-3.6204847020;40.3747653460
447287,0300000000;4469414,5600000000;03-02-2005;18  VILLA DE VALLECAS;18-01 CASCO HISTÓRICO DE VALLECAS;PEÑA NUEVA, CALLE, DE LA;16;CargayDescarga;Línea;3;15;LAB.DE 8 A 14 H. Y DE 16,30 A 19 H. EXCEPTO CARGA Y DESCARGA;-3.6209349890;40.3736458430
447353,0000000000;4469077,8800000000;28-03-2018;18  VILLA DE VALLECAS;18-01 CASCO HISTÓRICO DE VALLECAS;PEÑA NUEVA, CALLE, DE LA;55;CargayDescarga;Línea;2;12;LABORABLES  DE LUNES A VIERNES DE 08:00 A 11:00 H EXCEPTO CARGA Y DESCARGA;-3.6201300980;40.3706164440
447357,7100000000;4469873,1400000000;02-02-2005;18  VILLA DE VALLECAS;18-01 CASCO HISTÓRICO DE VALLECAS;PICO MAMPODRE, CALLE, DEL;19;CargayDescarga;Línea;1;8;LAB.DE 8 A 14 H. Y DE16,30 A 19 H. EXCEPTOCARGA Y DESCARGA;-3.6201402390;40.3777813380
446978,4900000000;4470049,3500000000;14-03-2007;18  VILLA DE VALLECAS;18-01 CASCO HISTÓRICO DE VALLECAS;PUERTO DE ALAZORES, CALLE, DEL;6;CargayDescarga;Línea;3;15,31;LAB.DE 8 A 14 H. Y DE 16,30 A 19 H. EXCEPTO CARGA Y DESCARGA;-3.6246220300;40.3793447110
446787,8100000000;4469937,9200000000;08-09-2006;18  VILLA DE VALLECAS;18-01 CASCO HISTÓRICO DE VALLECAS;PUERTO DE ALAZORES, CALLE, DEL;25;CargayDescarga;Línea;3;15;LAB. DE 8 A 14 H. EXCEPTO CARGA Y DESCARGA;-3.6268589720;40.3783282840
447535,3100000000;4469228,1800000000;04-12-2006;18  VILLA DE VALLECAS;18-01 CASCO HISTÓRICO DE VALLECAS;PUERTO DE GALAPAGAR, CALLE, DEL;14;CargayDescarga;Batería;1;3;LAB.DE 8 A 14 H. Y DE 16,30 A 19 H. EXCEPTO CARGA Y DESCARGA;-3.6179951430;40.3719819170
447507,1300000000;4469305,0500000000;27-12-2012;18  VILLA DE VALLECAS;18-01 CASCO HISTÓRICO DE VALLECAS;PUERTO DE GALAPAGAR, CALLE, DEL;6;CargayDescarga;Línea;3;15;laborables de 8 a 14 horas y de 16,30 a 19 horas excepto carga y descarga en linea;-3.6183334740;40.3726728460
446817,4400000000;4469979,8000000000;04-02-2005;18  VILLA DE VALLECAS;18-01 CASCO HISTÓRICO DE VALLECAS;PUERTO DE LAS PILAS, CALLE, DEL;16;CargayDescarga;Línea;2;13,35;LAB. DE 8 A 14 H. EXCEPTO CARGA Y DESCARGA;-3.6265133640;40.3787077540
447285,4600000000;4469656,9500000000;20-09-2001;18  VILLA DE VALLECAS;18-01 CASCO HISTÓRICO DE VALLECAS;PUERTO DE PORZUNA, CALLE, DEL;5;CargayDescarga;Línea;3;13,5;LAB.DE 8 A 14 H. Y DE 16,30 A 19 H. EXCEPTO CARGA Y DESCARGA;-3.6209736060;40.3758288130
447181,2000000000;4469555,6000000000;02-02-2005;18  VILLA DE VALLECAS;18-01 CASCO HISTÓRICO DE VALLECAS;PUERTO DE PORZUNA, CALLE, DEL;19;CargayDescarga;Línea;3;16,04;LAB.DE 8 A 14 H. Y DE16,30 A 19 H. EXCEPTOCARGA Y DESCARGA;-3.6221931470;40.3749092730
447191,2400000000;4469952,9000000000;31-01-2005;18  VILLA DE VALLECAS;18-01 CASCO HISTÓRICO DE VALLECAS;PUERTO DE SOMOSIERRA, CALLE, DEL;6;CargayDescarga;Línea;1;7;LAB. DE 9 A 14 H. EXCEPTO CARGA Y DESCARGAEN LINEA;-3.6221078910;40.3784893990
447301,9000000000;4470074,9300000000;31-01-2005;18  VILLA DE VALLECAS;18-01 CASCO HISTÓRICO DE VALLECAS;REAL DE ARGANDA, CALLE;2;CargayDescarga;Línea;3;15;LAB.DE 8 A 14 H. Y DE 16,30 A 19 H. EXCEPTO CARGA Y DESCARGA;-3.6208144960;40.3795954370
446753,1300000000;4470067,6300000000;04-02-2005;18  VILLA DE VALLECAS;18-01 CASCO HISTÓRICO DE VALLECAS;SAN JAIME, CALLE, DE;44;CargayDescarga;Línea;1;12,33;LAB. DE 8 A 14 H. Y DE 16,3O A 19 H. EXCEPTO CARGA Y DESCARGA;-3.6272782620;40.3794947110
446839,0900000000;4470154,2100000000;04-02-2005;18  VILLA DE VALLECAS;18-01 CASCO HISTÓRICO DE VALLECAS;SAN JAIME, CALLE, DE;54;CargayDescarga;Línea;3;14,94;LAB. DE 8 A 14 H. Y DE 16,3O A 19 H. EXCEPTO CARGA Y DESCARGA;-3.6262728930;40.3802805230
446549,7100000000;4469853,6300000000;18-03-2017;18  VILLA DE VALLECAS;18-01 CASCO HISTÓRICO DE VALLECAS;SAN JAIME, CALLE, DE;4;CargayDescarga;Línea;1;7;LABORABLES DE 8 A 17 H EXCEPTO CARGA Y DESCARGA;-3.6296566100;40.3775542750
447415,9300000000;4469511,4400000000;15-10-2018;18  VILLA DE VALLECAS;18-01 CASCO HISTÓRICO DE VALLECAS;SIERRA AITANA, CALLE, DE LA;5;CargayDescarga;Línea;1;7,5;LABORABLES DE LUNES A VIERNES DE 8:00 A 14:00 H Y DE 16:30 A 19:30 H Y SABADOS DE 8:00 A 14:00 H EXCEPTO CARGA Y DESCARGA;-3.6194246720;40.3745259070
447094,4600000000;4469943,1700000000;31-01-2005;18  VILLA DE VALLECAS;18-01 CASCO HISTÓRICO DE VALLECAS;SIERRA AYLLON, PLAZA, DE LA;1;CargayDescarga;Línea;2;13;LAB.DE 8 A 14 H. Y DE 16,30 A 19 H. EXCEPTO CARGA Y DESCARGA ;-3.6232471600;40.3783953200
446812,4400000000;4470033,6300000000;16-01-2018;18  VILLA DE VALLECAS;18-01 CASCO HISTÓRICO DE VALLECAS;SIERRA DE GREDOS, CALLE, DE LA;26;CargayDescarga;Línea;2;12;LABORABLES DE 10:00 A 13:00 H EL SEGUNDO JUEVES DE CADA MES EXCEPTO CARGA  Y DESCARGA;-3.6265767330;40.3791923610
447070,0900000000;4470248,1300000000;03-09-2004;18  VILLA DE VALLECAS;18-01 CASCO HISTÓRICO DE VALLECAS;SIERRA DE GUADALUPE, CALLE, DE LA;9;CargayDescarga;Línea;2;12;LAB.DE 8 A 14 H. Y DE 16,30 A19 H. EXCEPTO CARGA Y DESCARGA;-3.6235596510;40.3811408190
447049,9700000000;4469879,8800000000;23-11-2006;18  VILLA DE VALLECAS;18-01 CASCO HISTÓRICO DE VALLECAS;SIERRA DE PALOMERAS, CALLE, DE LA;8;CargayDescarga;Línea;2;10;LAB.DE 8 A 14 H. Y DE 16,30 A 19 H. EXCEPTO CARGA Y DESCARGA ;-3.6237659740;40.3778220750
447523,4900000000;4469199,7100000000;07-10-2021;18  VILLA DE VALLECAS;18-01 CASCO HISTÓRICO DE VALLECAS;SIERRA DE TORTEJADA, CALLE, DE LA;3;CargayDescarga;Línea;3;15;MIÉRCOLES, JUEVES Y VIERNES LABORABLES DE 8:30 A 19:00 H EXCEPTO CARGA Y DESCARGA;-3.6181321370;40.3717251740
447596,5400000000;4470036,5100000000;01-02-2005;18  VILLA DE VALLECAS;18-01 CASCO HISTÓRICO DE VALLECAS;SIERRA DEL TORCAL, CALLE, DE LA;7;CargayDescarga;Línea;3;15;LAB. DE 8 A 14 H. Y DE 16,30 A 19 H. EXCEPTO CARGA Y DESCARGA;-3.6173404810;40.3792678200
447006,1200000000;4470202,1400000000;31-01-2005;18  VILLA DE VALLECAS;18-01 CASCO HISTÓRICO DE VALLECAS;SIERRA GADOR, CALLE, DE LA;17;CargayDescarga;Línea;2;10;LABORABLES DE 9 A 14 H Y DE 16.30 A 20 H EXCEPTO CARGA Y DESCARGA;-3.6243093090;40.3807228460
447202,2100000000;4470125,3000000000;31-01-2005;18  VILLA DE VALLECAS;18-01 CASCO HISTÓRICO DE VALLECAS;SIERRA GADOR, CALLE, DE LA;39;CargayDescarga;Línea;3;16,5;Lab.de 8 a 14.00h. y de 16,30 a 19h. excepto: CARGA Y               DESCARGA;-3.6219929560;40.3800430890
447143,9900000000;4470150,5500000000;02-06-2016;18  VILLA DE VALLECAS;18-01 CASCO HISTÓRICO DE VALLECAS;SIERRA GADOR, CALLE, DE LA;29;CargayDescarga;Línea;2;13,1;Lab. de 9 a 14h. y de 16,30 a 20h.excepto carga y descarga;-3.6226809630;40.3802663130
447496,5400000000;4470188,7200000000;11-04-2013;18  VILLA DE VALLECAS;18-01 CASCO HISTÓRICO DE VALLECAS;SIERRA GORDA, CALLE, DE LA;34;CargayDescarga;Línea;3;12,22;Laborables de 8 a 14 horas y de 16.30 a 19 horas, excepto carga y descarga en línea;-3.6185309730;40.3806328340
447536,9500000000;4470234,6200000000;24-03-2020;18  VILLA DE VALLECAS;18-01 CASCO HISTÓRICO DE VALLECAS;SIERRA GORDA, CALLE, DE LA;25;CargayDescarga;Línea;1;5;LAB. DE 9 A 11 H EXCEPTO CARGA Y DESCARGA;-3.6180587410;40.3810486300
447014,3200000000;4469956,7700000000;16-05-2017;18  VILLA DE VALLECAS;18-01 CASCO HISTÓRICO DE VALLECAS;SIERRA MORENA, CALLE, DE LA;32;CargayDescarga;Línea;3;15;LABORABLES DE 7:00 A 11:00 H EXCEPTO CARGA Y DESCARGA;-3.6241922540;40.3785128330
447101,9100000000;4469992,9100000000;13-04-2000;18  VILLA DE VALLECAS;18-01 CASCO HISTÓRICO DE VALLECAS;SIERRA VIEJA, CALLE, DE LA;67;CargayDescarga;Línea;3;16,36;LAB.DE 8 A 14 H. Y DE 16,30 A 19 H. EXCEPTO CARGA Y DESCARGA ;-3.6231636230;40.3788440600
447040,4900000000;4469960,2200000000;16-05-2017;18  VILLA DE VALLECAS;18-01 CASCO HISTÓRICO DE VALLECAS;SIERRA VIEJA, CALLE, DE LA;61;CargayDescarga;Línea;4;23,09;LABORABLES DE 7:00 A 11:00 H EXCEPTO CARGA Y DESCARGA;-3.6238843470;40.3785450910
447049,7600000000;4469983,1800000000;16-05-2017;18  VILLA DE VALLECAS;18-01 CASCO HISTÓRICO DE VALLECAS;SIERRA VIEJA, CALLE, DE LA;63;CargayDescarga;Línea;4;23,3;LABORABLES DE 7:00 A 11:00 H EXCEPTO CARGA Y DESCARGA;-3.6237769740;40.3787529030
447195,5700000000;4470072,9200000000;27-01-2020;18  VILLA DE VALLECAS;18-01 CASCO HISTÓRICO DE VALLECAS;SIERRA VIEJA, CALLE, DE LA;81;CargayDescarga;Línea;2;12;LAB. DE 8 A 19 H. EXCEPTO CARGA Y DESCARGA;-3.6220668100;40.3795703990
448214,3000000000;4470546,6500000000;31-01-2005;18  VILLA DE VALLECAS;18-02 SANTA EUGENIA;CASTRILLO DE AZA, CALLE, DE;15;CargayDescarga;Línea;1;8;LAB DE 8 A 14 H. EXCEPTO CARGA Y DESCARGA EN LINEA ;-3.6101047690;40.3839021890
448321,2600000000;4470650,4500000000;01-02-2005;18  VILLA DE VALLECAS;18-02 SANTA EUGENIA;CASTRILLO DE AZA, CALLE, DE;16;CargayDescarga;Línea;3;15;LABORABLES DE 8 A 14 H. Y DE 16,30 A 19 H. EXCEPTO CARGA Y DESCARGA EN LINEA;-3.6088531430;40.3848441320
448395,1400000000;4470684,5800000000;11-10-2006;18  VILLA DE VALLECAS;18-02 SANTA EUGENIA;CASTRILLO DE AZA, CALLE, DE;Fte 8;CargayDescarga;Línea;3;18;LAB.DE 8 A 14 H. EXCEPTO CARGA Y DESCARGA EN LINEA ;-3.6079855130;40.3851563360
448303,1600000000;4470617,6500000000;01-02-2005;18  VILLA DE VALLECAS;18-02 SANTA EUGENIA;CASTRILLO DE AZA, CALLE, DE;Fte 16;CargayDescarga;Línea;2;10;LAB. DE 8 A 14 H. EXCEPTO CARGA Y DESCARGA;-3.6090636470;40.3845469380
448411,7200000000;4470031,4200000000;02-02-2005;18  VILLA DE VALLECAS;18-02 SANTA EUGENIA;FUENTESPINA, CALLE, DE;16;CargayDescarga;Línea;1;7;LAB.DE 8 A 14 H. Y DE 16,30 A 19 H. EXCEPTO CARGA Y DESCARGA EN LINEA;-3.6077373650;40.3792729190
448578,2800000000;4470092,7300000000;07-10-2018;18  VILLA DE VALLECAS;18-02 SANTA EUGENIA;FUENTESPINA, CALLE, DE;8;CargayDescarga;Batería;4;17,5;LAB. DE 8 A 14 H Y DE 16:30 A 19 H EXCEPTO CARGA Y DESCARGA;-3.6057801410;40.3798353350
448408,4700000000;4470474,5500000000;01-02-2005;18  VILLA DE VALLECAS;18-02 SANTA EUGENIA;PUENTELARRA, CALLE, DE;7;CargayDescarga;Línea;3;15;LAB. DE 8 A 14 H. EXCEPTOCARGA Y DESCARGA;-3.6078113910;40.3832652320
448309,2600000000;4470400,9200000000;02-02-2005;18  VILLA DE VALLECAS;18-02 SANTA EUGENIA;PUENTELARRA, CALLE, DE;13;CargayDescarga;Batería;7;18;LAB. DE 8 A 14 H. Y DE16,30 A 19 H.EXCEPTOCARGA Y DESCARGA;-3.6089742660;40.3825949280
447811,0200000000;4470225,3500000000;12-04-2019;18  VILLA DE VALLECAS;18-02 SANTA EUGENIA;SIERRA GORDA, CALLE, DE LA;S/N;CargayDescarga;Batería;1;3,7;;-3.6148293790;40.3809827400
448388,4200000000;4470177,2500000000;13-06-2014;18  VILLA DE VALLECAS;18-02 SANTA EUGENIA;VIRGEN DE LAS VIÑAS, CALLE, DE LA;20;CargayDescarga;Línea;2;12;LAB.DE 8 A 17 H.EXCEPTO CARGA Y DESCARGA;-3.6080236140;40.3805856230
448458,9300000000;4470352,0800000000;02-02-2005;18  VILLA DE VALLECAS;18-02 SANTA EUGENIA;ZAZUAR, CALLE, DE;15;CargayDescarga;Batería;5;13;lab. de 8 a 14h. y de 16,30 a 19 h. excepto: CARGA Y                DESCARGA;-3.6072070920;40.3821641210
448566,5600000000;4470421,1400000000;26-04-2018;18  VILLA DE VALLECAS;18-02 SANTA EUGENIA;ZAZUAR, CALLE, DE;4;CargayDescarga;Batería;9;23;LABORABLES  DE 8:00 A 20:00 H EXCEPTO CARGA Y DESCARGA EN LÍNEA;-3.6059448090;40.3827931720
448522,2800000000;4470384,0300000000;09-09-2020;18  VILLA DE VALLECAS;18-02 SANTA EUGENIA;ZAZUAR, CALLE, DE;11;CargayDescarga;Batería;1;3;USO EXCLUSIVO CLIENTE;-3.6064633360;40.3824561580
449086,8300000000;4468652,9500000000;15-10-2013;18  VILLA DE VALLECAS;18-03 ENSANCHE DE VALLECAS;RAFAEL DE LEON, CALLE, DE;2;CargayDescarga;Línea;3;15;Laborables de 8 a 14 horas y de 16.30 a 19 horas excepto CARGA Y DESCARGA;-3.5996744730;40.3668962860
449420,2400000000;4472128,6300000000;29-04-2021;19  VICÁLVARO;19-01 CASCO HISTÓRICO DE VICÁLVARO;ALCALDE PEDRO ESCARBASSIERE, CALLE, DE;5;CargayDescarga;Línea;4;23;;-3.5960235860;40.3982276240
448340,9300000000;4473111,7800000000;17-11-2015;19  VICÁLVARO;19-01 CASCO HISTÓRICO DE VICÁLVARO;ARTILLEROS, PASEO, DE LOS;19;CargayDescarga;Línea;2;10;LABORABLES DE 9 A 14 H EXCEPTO CARGA Y DESCARGA EN LÍNEA;-3.6088210000;40.4070184000
448340,9300000000;4473111,7800000000;17-11-2015;19  VICÁLVARO;19-01 CASCO HISTÓRICO DE VICÁLVARO;ARTILLEROS, PASEO, DE LOS;19;CargayDescarga;Línea;2;10;Laborables 9 a 14 h y de 16 a 18 hExcepto Carga y DescargaEn línea;-3.6088210000;40.4070184000
448340,9300000000;4473111,7800000000;17-11-2015;19  VICÁLVARO;19-01 CASCO HISTÓRICO DE VICÁLVARO;ARTILLEROS, PASEO, DE LOS;19;CargayDescarga;Línea;2;10;Laborables 9 a 14 h y de 16 a 18 hExcepto Carga y DescargaEn línea;-3.6088210000;40.4070184000
448340,9300000000;4473111,7800000000;17-11-2015;19  VICÁLVARO;19-01 CASCO HISTÓRICO DE VICÁLVARO;ARTILLEROS, PASEO, DE LOS;19;CargayDescarga;Línea;2;10;Laborables 9 a 14 h y de 16 a 18 hExcepto Carga y DescargaEn línea;-3.6088210000;40.4070184000
447995,5100000000;4473310,4200000000;18-02-2005;19  VICÁLVARO;19-01 CASCO HISTÓRICO DE VICÁLVARO;CALAHORRA, CALLE, DE;72;CargayDescarga;Línea;3;17;Lab. de 9 a 20 h.excepto: CARGA Y DESCARGA;-3.6129079650;40.4087864910
448075,4500000000;4473254,7600000000;18-02-2005;19  VICÁLVARO;19-01 CASCO HISTÓRICO DE VICÁLVARO;CALAHORRA, CALLE, DE;52;CargayDescarga;Línea;3;14;Lab. de 9 a 20 h.excepto: CARGA Y DESCARGA;-3.6119613810;40.4082897360
448002,2600000000;4473142,9200000000;18-02-2005;19  VICÁLVARO;19-01 CASCO HISTÓRICO DE VICÁLVARO;CALAHORRA, CALLE, DE;3;CargayDescarga;Línea;3;15;LAB.DE 9 A 14 H. Y DE 16,30 A 20 H.EXCEPTO CARGA Y DESCARGA;-3.6128148590;40.4072779500
448511,8600000000;4472702,2500000000;27-11-2017;19  VICÁLVARO;19-01 CASCO HISTÓRICO DE VICÁLVARO;CONDESA VEGA DEL POZO, CALLE, DE LA;21;CargayDescarga;Línea;2;12;LABORABLES 8 A 14 H Y DE 16.30 A 19 H EXCEPTO CARGA Y DESCARGA;-3.6067735350;40.4033399540
448384,7400000000;4472747,2400000000;12-03-2018;19  VICÁLVARO;19-01 CASCO HISTÓRICO DE VICÁLVARO;CONDESA VEGA DEL POZO, CALLE, DE LA;7;CargayDescarga;Línea;4;15;LAB.DE 8 A 14 H.  EXCEPTO CARGA Y DESCARGA;-3.6082753150;40.4037369570
448546,1700000000;4472451,7800000000;11-09-2015;19  VICÁLVARO;19-01 CASCO HISTÓRICO DE VICÁLVARO;CRUZ DE LA MISA, CALLE, DE LA;3;CargayDescarga;Línea;1;9;LABORABLES DE LUNES A VIERNES DE 9:00 A 14:00 H  EXCEPTO CARGA Y DESCARGA;-3.6063490310;40.4010854800
448843,6600000000;4472660,9400000000;25-02-2015;19  VICÁLVARO;19-01 CASCO HISTÓRICO DE VICÁLVARO;FUENTE DE SAN PEDRO, CALLE, DE LA;12;CargayDescarga;Línea;2;8,43;LAB. DE 8 A 14 HEXCEPTO CARGA Y DESCARGA;-3.6028603480;40.4029883870
448647,4900000000;4472569,7500000000;23-09-2004;19  VICÁLVARO;19-01 CASCO HISTÓRICO DE VICÁLVARO;HORNO DE LABRADORES, CALLE, DEL;1;CargayDescarga;Línea;2;9,44;LAB. DE 9 A 13 H. Y DE 16 A 19 H.EXCEPTO CARGA Y DESCARGA;-3.6051646700;40.4021545040
448517,9600000000;4472586,3200000000;21-02-2005;19  VICÁLVARO;19-01 CASCO HISTÓRICO DE VICÁLVARO;REAL, AVENIDA;9;CargayDescarga;Línea;5;28;LAB.DE 8 A 14 H. Y DE 16,30 A 19 H. EXCEPTO CARGA Y DESCARGA ;-3.6066922320;40.4022953370
448607,9900000000;4472786,2000000000;30-10-2009;19  VICÁLVARO;19-01 CASCO HISTÓRICO DE VICÁLVARO;SAN CIPRIANO, CALLE, DE;27;CargayDescarga;Línea;3;19,01;EXCEPTO CARGA Y DESCARGALAB. DE 8 A 20 H.SAB. DE 9 A 14 H.;-3.6056476160;40.4041020450
448466,4800000000;4472781,5000000000;01-07-2010;19  VICÁLVARO;19-01 CASCO HISTÓRICO DE VICÁLVARO;SAN CIPRIANO, CALLE, DE;20;CargayDescarga;Línea;2;11;LAB.DE 8 A 14 H. Y DE 16,30 A 19 H. EXCEPTO CARGA Y DESCARGA ;-3.6073146940;40.4040510520
448426,8200000000;4472797,9500000000;12-03-2018;19  VICÁLVARO;19-01 CASCO HISTÓRICO DE VICÁLVARO;SAN CIPRIANO, CALLE, DE;13;CargayDescarga;Línea;4;24;LAB.DE 8 A 14 H.  EXCEPTO CARGA Y DESCARGA ;-3.6077834880;40.4041962970
448453,0400000000;4472796,2700000000;12-03-2018;19  VICÁLVARO;19-01 CASCO HISTÓRICO DE VICÁLVARO;SAN CIPRIANO, CALLE, DE;15;CargayDescarga;Línea;2;12,02;LAB.DE 8 A 14 H.  EXCEPTO CARGA Y DESCARGA;-3.6074743770;40.4041829470
448505,3100000000;4472794,0300000000;12-03-2018;19  VICÁLVARO;19-01 CASCO HISTÓRICO DE VICÁLVARO;SAN CIPRIANO, CALLE, DE;19;CargayDescarga;Línea;6;37,28;LAB.DE 8 A 14 H.  EXCEPTO CARGA Y DESCARGA;-3.6068581610;40.4041665600
448508,4600000000;4472778,7900000000;12-03-2018;19  VICÁLVARO;19-01 CASCO HISTÓRICO DE VICÁLVARO;SAN CIPRIANO, CALLE, DE;26;CargayDescarga;Línea;3;15;LAB.DE 8 A 14 H.  EXCEPTO CARGA Y DESCARGA;-3.6068198300;40.4040291650
448417,7400000000;4472784,3800000000;12-03-2018;19  VICÁLVARO;19-01 CASCO HISTÓRICO DE VICÁLVARO;SAN CIPRIANO, CALLE, DE;16;CargayDescarga;Línea;7;36;LAB.DE 7 A 14 H.  EXCEPTO CARGA Y DESCARGA;-3.6078894280;40.4040738560
448712,6600000000;4472973,6700000000;18-02-2005;19  VICÁLVARO;19-01 CASCO HISTÓRICO DE VICÁLVARO;SAN CIRIACO, CALLE, DE;7;CargayDescarga;Línea;5;23,37;LAB. DE 8 A 14 H. Y DE16,30 A 19 H. EXCEPTOCARGA Y DESCARGA;-3.6044292210;40.4057969120
448445,4900000000;4472753,0000000000;12-03-2018;19  VICÁLVARO;19-01 CASCO HISTÓRICO DE VICÁLVARO;VELILLA, CALLE, DE;11;CargayDescarga;Línea;9;44,5;LAB. DE 8.00 A 14.00 H. EXCEPTO CARGA Y DESCARGA;-3.6075598620;40.4037930490
447883,0300000000;4472862,7700000000;27-07-2007;19  VICÁLVARO;19-01 CASCO HISTÓRICO DE VICÁLVARO;VIEJO DE VICALVARO, CAMINO;25;CargayDescarga;Línea;3;13,99;LAB. DE 8 A 14 H. Y DE 16,30 A 19 H. EXCEPTO CARGA Y DESCARGA;-3.6141969480;40.4047470810
448509,3600000000;4473073,5000000000;01-06-2018;19  VICÁLVARO;19-01 CASCO HISTÓRICO DE VICÁLVARO;VILLAJIMENA, CALLE, DE;S/N;CargayDescarga;Línea;1;9,68;LABORABLES DE 8:00 A 14:00 Y SABADOS DE 8:00  A 15:00 Excepto Carga y Descarga;-3.6068330080;40.4066843090
448357,0300000000;4473083,8700000000;17-11-2015;19  VICÁLVARO;19-01 CASCO HISTÓRICO DE VICÁLVARO;VILLARDONDIEGO, CALLE, DE;24;CargayDescarga;Línea;2;9,58;LABORABLES DE 9 A 14 H EXCEPTO CARGA Y DESCARGA EN LÍNEA;-3.6086290590;40.4067679030
447253,0500000000;4472262,8000000000;20-07-2000;19  VICÁLVARO;19-02 VALDEBERNARDO;INDALECIO PRIETO, BULEVAR, DE;29;CargayDescarga;Línea;3;13,5;lab. de 8 a 14 h. y de 16,30 a 19 h. excepto:CARGA Y               DESCARGA;-3.6215710300;40.3993026070
447208,0300000000;4472262,7000000000;18-02-2005;19  VICÁLVARO;19-02 VALDEBERNARDO;INDALECIO PRIETO, BULEVAR, DE;30;CargayDescarga;Línea;1;8;LAB.DE 8 A 14 H. Y DE 16,30 A 19 H. EXCEPTO CARGA Y DESCARGA ;-3.6221015310;40.3992987680
448754,7200000000;4472226,9900000000;30-07-2009;19  VICÁLVARO;19-03 VALDERRIVAS;AURORA BOREAL, AVENIDA, DE LA;8;CargayDescarga;Línea;3;15;LABORABLES DE 8 A 14 H.  Y DE 16,30 A 19 H. EXCEPTO CARGA Y DESCARGA;-3.6038734520;40.3990729650
448416,4100000000;4471817,3400000000;17-11-2020;19  VICÁLVARO;19-03 VALDERRIVAS;DEHESA DE VICALVARO, CALLE, DE LA;S/N;CargayDescarga;Línea;2;12,6;LABORABLES DE LUNES A sabado DE 16:00 A 21:00 H. EXCEPTO CARGA Y DESCARGA;-3.6078266890;40.3953616890
446112,2900000000;4476206,2800000000;18-10-2018;20  SAN BLAS-CANILLEJAS;20-01 SIMANCAS;ALBASANZ, CALLE, DE;2;CargayDescarga;Línea;2;10;LAB. DE 8:00 A 12:00 H EXCEPTO CARGA Y DESCARGA;-3.6353470550;40.4347543710
446126,0200000000;4476627,8400000000;07-03-2005;20  SAN BLAS-CANILLEJAS;20-01 SIMANCAS;ALCALA, CALLE, DE;444;CargayDescarga;Línea;4;19;LAB.DE 8 A 14 H. Y DE 16,30 A 19 H. EXCEPTO CARGA Y DESCARGA ;-3.6352209470;40.4385527370
446194,4100000000;4476651,1000000000;31-05-2000;20  SAN BLAS-CANILLEJAS;20-01 SIMANCAS;ALCALA, CALLE, DE;454;CargayDescarga;Línea;3;15;LAB.DE 8 A 14 H. Y DE 16,30 A 19 H. EXCEPTO CARGA Y DESCARGA;-3.6344166860;40.4387671380
445989,9700000000;4476580,5100000000;10-09-2012;20  SAN BLAS-CANILLEJAS;20-01 SIMANCAS;ALCALA, CALLE, DE;426;CargayDescarga;Línea;3;15;Laborables de 8 a 14h y de 16.30 a 19h, excepto carga y descarga;-3.6368210460;40.4381176900
446654,4100000000;4476811,4600000000;28-01-2019;20  SAN BLAS-CANILLEJAS;20-01 SIMANCAS;ALCALA, CALLE, DE;494;CargayDescarga;Línea;2;12;LAB. DE 8 A 14 H EXCEPTO CARGA Y DESCARGA;-3.6290066470;40.4402410140
446710,6400000000;4476830,7200000000;21-09-2021;20  SAN BLAS-CANILLEJAS;20-01 SIMANCAS;ALCALA, CALLE, DE;500;CargayDescarga;Línea;1;7,5;LAB DE 8 A 14.30 H MAX. 30 MINUTOS EXCEPTO CARGA Y DESCARGA;-3.6283452810;40.4404185740
446929,6000000000;4476059,1800000000;24-03-2022;20  SAN BLAS-CANILLEJAS;20-01 SIMANCAS;ALFONSO GOMEZ, CALLE, DE;57;CargayDescarga;Línea;3;15;LAB. DE LUNES A VIERNES DE 16 A 20 H. EXCEPTO CARGA Y DESCARGA;-3.6256991900;40.4334816590
446937,7600000000;4475467,9100000000;25-11-2010;20  SAN BLAS-CANILLEJAS;20-01 SIMANCAS;CASTILLO DE MADRIGAL DE LAS ALTAS TORRES, CALLE, D;S/N;CargayDescarga;Línea;4;22;LABORABLES DE 8 A 14 H. Y  DE 16.30 A 19H, EXCEPTO C Y D ;-3.6255535450;40.4281557300
446668,3600000000;4475279,2400000000;03-09-2010;20  SAN BLAS-CANILLEJAS;20-01 SIMANCAS;CASTILLO DE UCLES, CALLE, DEL;2;CargayDescarga;Línea;3;15;LABORABLES DE 8 H A 14 H Y DE 16 H A 20 H, EXCEPTO CARGA Y DESCARGA SUPERMERCADO;-3.6287134640;40.4264384610
446570,5400000000;4475568,6800000000;08-03-2005;20  SAN BLAS-CANILLEJAS;20-01 SIMANCAS;CASTROPOL, CALLE, DE;9;CargayDescarga;Batería;2;4,6;LAB. DE 8 A 14 H. Y DE 16,30 A 19 H. EXCEPTO CARGA Y DESCARGA;-3.6298910070;40.4290402050
447493,3200000000;4476728,2900000000;29-11-2018;20  SAN BLAS-CANILLEJAS;20-01 SIMANCAS;CRONOS, CALLE, DE;20 B;CargayDescarga;Línea;2;10;LABORABLES DE 8 A 14 H. EXCEPTO CARGA Y DESCARGA;-3.6191085720;40.4395451000
446744,1300000000;4475780,8300000000;01-12-2009;20  SAN BLAS-CANILLEJAS;20-01 SIMANCAS;EGIPTO, CALLE, DE;4;CargayDescarga;Línea;2;10;LABORABLES DE 8 A 14H Y DE 16.30 A 19 H EXCEPTO CARGA Y DESCARGA EN LINEA;-3.6278623350;40.4309625930
447141,1100000000;4476148,6100000000;11-05-2021;20  SAN BLAS-CANILLEJAS;20-01 SIMANCAS;EMILIO MUÑOZ, CALLE, DE;57;CargayDescarga;Línea;3;16,5;LABORABLES DE LUNES A VIERNES DE 7 A 13 H EXCEPTO CARGA Y DESCARGA;-3.6232130120;40.4343005880
445957,4300000000;4476457,9500000000;22-03-2010;20  SAN BLAS-CANILLEJAS;20-01 SIMANCAS;HERMANOS GARCIA NOBLEJAS, CALLE, DE LOS;11;CargayDescarga;Línea;3;14,5;LAB.DE 8 A 14 H. Y DE 16,30 A 19 H. EXCEPTO CARGA Y DESCARGA;-3.6371942140;40.4370115950
446268,9800000000;4475886,6900000000;09-07-2009;20  SAN BLAS-CANILLEJAS;20-01 SIMANCAS;HERMANOS GARCIA NOBLEJAS, CALLE, DE LOS;39;CargayDescarga;Línea;3;16,5;LAB. DE 8 A 14 H. Y DE 16,30 A 19 H. EXCEPTO CARGA Y DESCARGA;-3.6334727950;40.4318855140
446356,1200000000;4475726,4100000000;28-07-2009;20  SAN BLAS-CANILLEJAS;20-01 SIMANCAS;HERMANOS GARCIA NOBLEJAS, CALLE, DE LOS;45;CargayDescarga;Línea;3;17;LAB. DE 8 A 14 H. Y DE 16,30 A 19 H. EXCEPTO CARGA Y DESCARGA;-3.6324319600;40.4304476190
446333,9100000000;4476660,5200000000;12-07-2018;20  SAN BLAS-CANILLEJAS;20-01 SIMANCAS;JAIME HERMIDA, CALLE, DE;22;CargayDescarga;Línea;2;10;EXCEPTO VEHÍCULOS AUTORIZADOS A CRUZ ROJA ESPAÑOLA DE LUNES A JUEVES DE 08.00 A 20.00 H Y VIERNES DE  08.00 A 15:00 H;-3.6327727560;40.4388604150
446472,0900000000;4476122,4900000000;04-06-2012;20  SAN BLAS-CANILLEJAS;20-01 SIMANCAS;JULIAN CAMARILLO, CALLE, DE;15;CargayDescarga;Línea;3;15;laborables de 8 a 14 y de 16.30 a 19 h, exc c y d.;-3.6310981720;40.4340225890
447204,3300000000;4476394,9500000000;23-07-2018;20  SAN BLAS-CANILLEJAS;20-01 SIMANCAS;JULIAN CAMARILLO, CALLE, DE;38;CargayDescarga;Línea;1;7,76;LAB. DE LUNES A VIERNES DE 8:00 H.A 14:30 H. EXCEPTO CARGA Y DESCARGA;-3.6224881630;40.4365235500
446593,0100000000;4475528,3100000000;08-03-2005;20  SAN BLAS-CANILLEJAS;20-01 SIMANCAS;MIERES, CALLE, DE;15;CargayDescarga;Batería;2;6,1;LAB. DE 8 A 14 H. Y DE 16,30 A19 H. EXCEPTO CARGA Y DESCARGA;-3.6296227480;40.4286774080
446404,6900000000;4475847,0600000000;16-12-2004;20  SAN BLAS-CANILLEJAS;20-01 SIMANCAS;MIGUEL FLETA, CALLE, DE;4;CargayDescarga;Línea;3;13;LAB. DE 8 A 14 H. Y DE 16,30 A 19 H. EXCEPTO CARGA Y DESCARGA;-3.6318696590;40.4315373840
446793,2300000000;4476725,0800000000;08-03-2005;20  SAN BLAS-CANILLEJAS;20-01 SIMANCAS;RUFINO GONZALEZ, CALLE, DE;14;CargayDescarga;Línea;2;11;LABORABLES DE 08 A 12 HEXCEPTO CARGA Y DESCARGA;-3.6273625440;40.4394715320
447078,3100000000;4475849,8800000000;10-07-2009;20  SAN BLAS-CANILLEJAS;20-01 SIMANCAS;VIRGEN DE LA OLIVA, CALLE, DE LA;32;CargayDescarga;Línea;4;19,5;LABORABLES DE 8 A 14 H. Y  DE 16.30 A 19H, EXCEPTO C Y D ;-3.6239285220;40.4316059670
446830,6000000000;4475702,7900000000;12-12-2008;20  SAN BLAS-CANILLEJAS;20-01 SIMANCAS;VIRGEN DE LA OLIVA, CALLE, DE LA;2;CargayDescarga;Línea;2;15,1;LAB. DE 8 A 14 H. Y DE 16,30 A 19 H. EXCEPTO CARGA Y DESCARGA;-3.6268365120;40.4302650740
446880,7600000000;4475730,4000000000;13-02-2012;20  SAN BLAS-CANILLEJAS;20-01 SIMANCAS;VIRGEN DE LA OLIVA, CALLE, DE LA;2 K;CargayDescarga;Línea;5;20;LAB. DE 8 A 14 H. Y DE 16,30 A19 H. EXCEPTO CARGA Y DESCARGA;-3.6262474540;40.4305170040
447574,9100000000;4475812,8900000000;07-03-2005;20  SAN BLAS-CANILLEJAS;20-02 HELLÍN;ALCONERA, CALLE, DE;7;CargayDescarga;Línea;2;10;LABORABLES DE 09 A 20 HEXCEPTO CARGA Y DESCARGA;-3.6180710600;40.4313036180
447674,9500000000;4475579,6900000000;01-01-1900;20  SAN BLAS-CANILLEJAS;20-03 AMPOSTA;ALBERIQUE, CALLE, DE;16;CargayDescarga;Línea;4;27,6;LAB. DE 9 A 14 H. Y DE 16,30 A 19 H.EXCEPTO CARGA Y DESCARGA;-3.6168724890;40.4292095140
447677,9200000000;4475553,6600000000;01-01-1900;20  SAN BLAS-CANILLEJAS;20-03 AMPOSTA;ALBERIQUE, CALLE, DE;16;CargayDescarga;Línea;4;22,1;LAB. DE 9 A 14 H. Y DE 16,30 A 19 H.EXCEPTO CARGA Y DESCARGA;-3.6168353040;40.4289752320
447233,4500000000;4475361,2600000000;10-03-2005;20  SAN BLAS-CANILLEJAS;20-03 AMPOSTA;AMPOSTA, CALLE, DE;5;CargayDescarga;Línea;3;13,46;LAB.DE 9 A 14 H. Y DE 16,30 A 19 H. EXCEPTOCARGA Y DESCARGA;-3.6220590180;40.4272139020
447216,0000000000;4475355,9700000000;13-12-2011;20  SAN BLAS-CANILLEJAS;20-03 AMPOSTA;AMPOSTA, CALLE, DE;8;CargayDescarga;Línea;3;15,1;Lab. de 9 a 14 H. y de  16,30 a 19 H. Excepto carga y descarga.;-3.6222642510;40.4271653150
447639,4100000000;4475371,1500000000;11-03-2005;20  SAN BLAS-CANILLEJAS;20-03 AMPOSTA;POBLADURA DEL VALLE, CALLE, DE;15;CargayDescarga;Batería;4;9;LABORABLES DE 8 A 20 HEXCEPTO CARGA Y DESCARGADELEGACION HACIENDA;-3.6172743040;40.4273285510
447272,4700000000;4475290,6300000000;10-03-2005;20  SAN BLAS-CANILLEJAS;20-03 AMPOSTA;SEDA, PASAJE, DE LA;1;CargayDescarga;Línea;3;15,6;LAB.DE 9 A 14 H. Y DE 16,30 A 19 H.EXCEPTO CARGA Y DESCARGA;-3.6215932030;40.4265802680
447802,7400000000;4474880,6400000000;29-04-2016;20  SAN BLAS-CANILLEJAS;20-04 ARCOS;ARGENTA, CALLE, DE;12 C;CargayDescarga;Línea;2;13,8;LABORABLES  DE LUNES A VIERNES DE 8:00 A 20:00 Y SÁBADOS DE 8:00 A 15:00 H EXCEPTO CARGA Y DESCARGA EN LÍNEA;-3.6153085440;40.4229199850
447035,9500000000;4474842,2200000000;29-09-2020;20  SAN BLAS-CANILLEJAS;20-04 ARCOS;POBLADURA DEL VALLE, CALLE, DE;6;CargayDescarga;Línea;3;15;LABORABLES DE A 8 A 12 H. Y DE 19 A 21 H. SÁBADOS DE 8 A 12 H. EXCEPTO CARGA Y DESCARGA;-3.6243439730;40.4225254460
448314,9900000000;4475728,9100000000;15-03-2005;20  SAN BLAS-CANILLEJAS;20-05 ROSAS;LONGARES, CALLE, DE;22;CargayDescarga;Línea;2;12;EXCEPTO CARGA Y DESCARGADE 8 A 12 H;-3.6093394120;40.4305940670
448478,4500000000;4476027,3500000000;27-09-2018;20  SAN BLAS-CANILLEJAS;20-05 ROSAS;MARIA SEVILLA DIAGO, CALLE, DE;24 A;CargayDescarga;Línea;2;10;lab de 8 a 14:30 h EXCEPTO CARGA Y DESCARGA;-3.6074366760;40.4332922970
448444,7000000000;4476098,8000000000;06-06-2014;20  SAN BLAS-CANILLEJAS;20-05 ROSAS;NIZA, AVENIDA, DE;52;CargayDescarga;Línea;3;15;LAB. DE 8 A 17 HORAS EXCEPTO CARGA Y DESCARGA EN LINEA.;-3.6078403250;40.4339339520
448590,0600000000;4474886,8000000000;30-04-2008;20  SAN BLAS-CANILLEJAS;20-05 ROSAS;SUECIA, CALLE, DE;30;CargayDescarga;Línea;3;15;laborables de 8 a 14 h y de 16.30 a 19 h, excepto c yd ;-3.6060285750;40.4230241480
448616,7800000000;4475885,4100000000;16-11-2021;20  SAN BLAS-CANILLEJAS;20-05 ROSAS;SUECIA, CALLE, DE;79;CargayDescarga;Línea;2;10;Laborables de Lunes a Sábados 8 a 14:30h. Maximo 30 minutos;-3.6057943500;40.4320225650
448528,9200000000;4474875,2300000000;01-02-2022;20  SAN BLAS-CANILLEJAS;20-05 ROSAS;SUECIA, CALLE, DE;21;CargayDescarga;Línea;1;7,5;LAB. DE LUNES A SÁBADOS DE 8 A 14:30 H. MÁXIMO 30 MINUTOS EXCEPTO CARGA Y DESCARGA;-3.6067482680;40.4229165470
452703,8100000000;4477591,3000000000;19-02-2016;20  SAN BLAS-CANILLEJAS;20-06 REJAS;INGENIERO TORRES QUEVEDO, CALLE, DEL;S/N;CargayDescarga;Línea;4;18,9;;-3.5577386040;40.4476328570
451056,7000000000;4477335,5000000000;30-05-2017;20  SAN BLAS-CANILLEJAS;20-06 REJAS;NANCLARES DE OCA, CALLE, DE;1 H;CargayDescarga;Línea;2;11,22;LABORABLES DE 8:00 A 12:00 H Y SABADOS DE 8:00 A 15:00 H EXCEPTO CARGA Y DESCARGA;-3.5771414760;40.4452328520
449539,5500000000;4477268,2600000000;10-03-2005;20  SAN BLAS-CANILLEJAS;20-06 REJAS;ONCE, CALLE;2;CargayDescarga;Línea;5;25;LAB. DE 8 A 14 H. Y DE 16,30 A 19 H. EXCEPTO CARGA Y DESCARGA;-3.5950254370;40.4445364790
450071,6400000000;4477379,4800000000;27-02-2019;20  SAN BLAS-CANILLEJAS;20-06 REJAS;PIRRA, CALLE, DE;14;CargayDescarga;Línea;2;15;DE LUNES A VIERNES DE 8:00 A 12:00 H Y DE 17:00 A 18:00 H SÁBADOS DE 8:00 A 12:00 H EXCEPTO CARGA Y DESCARGA;-3.5887601430;40.4455699800
448002,3400000000;4477436,9300000000;01-01-1900;20  SAN BLAS-CANILLEJAS;20-07 CANILLEJAS;ALCALA, CALLE, DE;580;CargayDescarga;Línea;3;15;LAB.DE 8 A 14 H. Y DE 16,30 A 19 H. EXCEPTO CARGA Y DESCARGA ;-3.6131649370;40.4459607950
448285,7400000000;4477672,5400000000;31-08-2009;20  SAN BLAS-CANILLEJAS;20-07 CANILLEJAS;ALCALA, CALLE, DE;622;CargayDescarga;Línea;3;12,13;LAB.DE 8 A 14 H. Y DE 16,30 A 19 H. EXCEPTO CARGA Y DESCARGA;-3.6098425260;40.4481014800
447939,3000000000;4477383,6400000000;18-04-2005;20  SAN BLAS-CANILLEJAS;20-07 CANILLEJAS;ALCALA, CALLE, DE;574;CargayDescarga;Línea;3;15;LAB. DE 8 A 14 H. Y DE 16,30 A19 H. EXCEPTO CARGA YDESCARGA;-3.6139038800;40.4454771040
447798,8600000000;4477290,8300000000;06-09-2006;20  SAN BLAS-CANILLEJAS;20-07 CANILLEJAS;ALCALA, CALLE, DE;571;CargayDescarga;Línea;2;15;LAB. DE 8 A 14 H. Y DE 16,30 A 19 H. EXCEPTO CARGA Y DESCARGA ;-3.6155522800;40.4446317620
448081,5200000000;4477525,0500000000;30-05-2017;20  SAN BLAS-CANILLEJAS;20-07 CANILLEJAS;ALCALA, CALLE, DE;603;CargayDescarga;Línea;2;10;LAB.DE 8 A 14 H. Y DE 16,30 A 19 H. EXCEPTO CARGA Y DESCARGA ;-3.6122385780;40.4467602430
448239,8300000000;4477656,2700000000;30-04-2021;20  SAN BLAS-CANILLEJAS;20-07 CANILLEJAS;ALCALA, CALLE, DE;623;CargayDescarga;Línea;2;12;LAB. DE 8 A 14:30 H EXCEPTO CARGA Y DESCARGA;-3.6103824820;40.4479515940
448246,1100000000;4477572,4100000000;23-09-2004;20  SAN BLAS-CANILLEJAS;20-07 CANILLEJAS;BOLTAÑA, CALLE, DE;45;CargayDescarga;Línea;3;15;LAB.DE 8 A 14 H. Y DE 16,30 A 19 H. EXCEPTO CARGA Y DESCARGA ;-3.6103016370;40.4471963780
448079,7100000000;4477435,2400000000;11-04-2005;20  SAN BLAS-CANILLEJAS;20-07 CANILLEJAS;BOLTAÑA, CALLE, DE;66;CargayDescarga;Línea;4;20;LAB.DE 8 A 14 H. Y DE 16,30 A 19 H. EXCEPTO CARGA Y DESCARGA EN LINEA ;-3.6122525590;40.4459505960
448392,0100000000;4477691,6500000000;07-06-2010;20  SAN BLAS-CANILLEJAS;20-07 CANILLEJAS;BOLTAÑA, CALLE, DE;112;CargayDescarga;Línea;3;17;LAB. DE 8 A 14 H. Y DE 16,30 A 19 H. EXCEPTO CARGA Y DESCARGA;-3.6085909570;40.4482803000
448297,7000000000;4477608,6900000000;16-07-2008;20  SAN BLAS-CANILLEJAS;20-07 CANILLEJAS;BOLTAÑA, CALLE, DE;90;CargayDescarga;Línea;3;15;LABORABLES DE 8 A 14 H  Y DE 16.30 A 19 H EXCEPTO CARGA Y DESCARGA;-3.6096963070;40.4475270890
448023,2300000000;4477374,0400000000;01-07-2010;20  SAN BLAS-CANILLEJAS;20-07 CANILLEJAS;BOLTAÑA, CALLE, DE;Fte 40;CargayDescarga;Línea;3;15;LAB. DE 8 A 14 H. Y DE 16,30 A19 H. EXCEPTO CARGA Y DESCARGA ;-3.6129135230;40.4453961450
447987,1100000000;4477329,8900000000;01-07-2010;20  SAN BLAS-CANILLEJAS;20-07 CANILLEJAS;BOLTAÑA, CALLE, DE;15;CargayDescarga;Línea;12;34,71;LAB. DE 8 A 14 H. Y DE 16,30 A19 H. EXCEPTO CARGA Y DESCARGA ;-3.6133357350;40.4449958770
448009,4100000000;4477357,4100000000;08-04-2019;20  SAN BLAS-CANILLEJAS;20-07 CANILLEJAS;BOLTAÑA, CALLE, DE;17;CargayDescarga;Línea;3;13,4;;-3.6130752110;40.4452451700
448002,5900000000;4477348,9200000000;08-04-2019;20  SAN BLAS-CANILLEJAS;20-07 CANILLEJAS;BOLTAÑA, CALLE, DE;17;CargayDescarga;Línea;1;5,8;;-3.6131549100;40.4451685090
448066,4500000000;4476283,1600000000;11-03-2005;20  SAN BLAS-CANILLEJAS;20-07 CANILLEJAS;CANILLEJAS A VICALVARO, AVENIDA, DE;61;CargayDescarga;Batería;4;10,43;LAB. DE 8 A 14 H. Y DE 16,30 A 19 H. EXCEPTO CARGA Y DESCARGA;-3.6123147820;40.4355716380
448106,7600000000;4477129,1300000000;22-06-2007;20  SAN BLAS-CANILLEJAS;20-07 CANILLEJAS;DISCOBOLO, CALLE, DEL;63;CargayDescarga;Línea;6;30;LAB. DE 8 A 14 H. Y DE 16,30 A 19 H. EXCEPTO CARGA Y DESCARGA ;-3.6119084400;40.4431944970
448161,0200000000;4476330,0300000000;11-03-2005;20  SAN BLAS-CANILLEJAS;20-07 CANILLEJAS;ETRURIA, CALLE, DE;12;CargayDescarga;Línea;4;18;LAB. DE 9 A 14 H. Y DE 16,30 A 19 H.EXCEPTO CARGA Y DESCARGA;-3.6112035870;40.4359992930
448274,0400000000;4476242,5400000000;11-06-2015;20  SAN BLAS-CANILLEJAS;20-07 CANILLEJAS;LA ILIADA, CALLE, DE;17;CargayDescarga;Línea;3;18;LAB. DE 8 A 17 H EXCEPTO CARGA Y DESCARGA;-3.6098640120;40.4352185810
448098,9600000000;4476788,5000000000;20-09-2000;20  SAN BLAS-CANILLEJAS;20-07 CANILLEJAS;LUCANO, CALLE, DE;2;CargayDescarga;Línea;1;9,42;LAB. DE 8 A 14 H. Y DE 16,30 A 19 H. EXCEPTO CARGA Y DESCARGA;-3.6119727260;40.4401251620
448155,9100000000;4476653,8800000000;21-09-2021;20  SAN BLAS-CANILLEJAS;20-07 CANILLEJAS;LUCANO, CALLE, DE;20;CargayDescarga;Línea;2;10;LAB. DE 8 A 14.30 H EXCEPTO CARGA Y DESCARGA;-3.6112903330;40.4389165650
448449,6600000000;4477364,9000000000;13-07-2018;20  SAN BLAS-CANILLEJAS;20-07 CANILLEJAS;SAN ANICETO, CALLE, DE;S/N;CargayDescarga;Línea;2;14,06;DE LUNES A VIERNES DE 07:00  A 22:00 H Y SABADOS DE 07: A 18:00 H EXCEPTO CARGA Y DESCARGA SOCIEDAD ESTATAL CORREOS Y TELEGRAFOS S.A.;-3.6078846720;40.4453399380
448353,4000000000;4477481,7500000000;01-01-1900;20  SAN BLAS-CANILLEJAS;20-07 CANILLEJAS;SAN FAUSTINO, CALLE, DE;12;CargayDescarga;Batería;3;15;LAB. DE 8 A 14 H. Y DE 16,30 A 19 H. EXCEPTO CARGA Y DESCARGA;-3.6090290980;40.4463864450
448195,5400000000;4477264,1400000000;15-06-1995;20  SAN BLAS-CANILLEJAS;20-07 CANILLEJAS;VALDERROBRES, CALLE, DE;11;CargayDescarga;Línea;3;15;LAB. DE 8 A 14 H. Y DE 16,30 A19 H. EXCEPTO CARGA YDESCARGA;-3.6108727620;40.4444165590
446652,3200000000;4477647,4400000000;30-11-2018;20  SAN BLAS-CANILLEJAS;20-08 SALVADOR;JUAN IGNACIO LUCA DE TENA, CALLE, DE;20;CargayDescarga;Línea;2;10;LAB DE 8 A 20 H EXCEPTO CARGA Y DESCARGA;-3.6291014140;40.4477723150
446236,0500000000;4477315,4800000000;14-12-1999;20  SAN BLAS-CANILLEJAS;20-08 SALVADOR;LOPEZ DE ARANDA, CALLE, DE;S/N;CargayDescarga;Línea;4;20;LAB. DE 8 A 14H. Y DE    16.30 A 19H. EXCEPTO      CARGA Y DESCARGA;-3.6339819830;40.4447547190
445334,0000000000;4477678,2200000000;15-02-2005;20  SAN BLAS-CANILLEJAS;20-08 SALVADOR;TELEMACO, CALLE, DE;8;CargayDescarga;Línea;3;16;LAB. DE 8 A 14 H. Y DE16,30 A 19 H. EXCEPTOCARGA Y DESCARGA;-3.6446494830;40.4479636260
450276,2900000000;4478693,9900000000;01-06-2021;21  BARAJAS;21-01 ALAMEDA DE OSUNA;BERGANTIN, CALLE, DEL;1;CargayDescarga;Línea;2;13,01;Lab. de 8 a 14.30 h. Excepto : CARGA Y DESCARGA;-3.5864499770;40.4574248780
449887,1500000000;4478194,9200000000;03-03-2005;21  BARAJAS;21-01 ALAMEDA DE OSUNA;CANOA, CALLE, DE LA;14;CargayDescarga;Línea;2;12;;-3.5910000640;40.4529051580
450227,2500000000;4478629,8200000000;01-06-2021;21  BARAJAS;21-01 ALAMEDA DE OSUNA;CANTABRIA, AVENIDA, DE;31;CargayDescarga;Línea;3;15;Lab. de 8 a 14.30 h. Excepto : CARGA Y DESCARGA;-3.5870233930;40.4568436700
450232,1200000000;4478549,3200000000;15-04-2019;21  BARAJAS;21-01 ALAMEDA DE OSUNA;CORBETA, CALLE, DE LA;6;CargayDescarga;Batería;6;17,4;lab de 8 a 14.30 h. Excepto Carga y Descarga en Linea;-3.5869596230;40.4561183620
450057,7000000000;4478395,9700000000;14-07-2021;21  BARAJAS;21-01 ALAMEDA DE OSUNA;FALUA, CALLE, DE LA;7;CargayDescarga;Línea;1;7,5;LAB. DE LUNES A SABADO DE 8 A 14.30 H. EXCEPTO: CARGA Y DESCARGA;-3.5890045100;40.4547267050
449513,6300000000;4477942,4200000000;28-09-2004;21  BARAJAS;21-01 ALAMEDA DE OSUNA;NORAY, CALLE, DEL;2;CargayDescarga;Línea;3;16,8;;-3.5953847380;40.4506083990
450439,9200000000;4477998,3600000000;03-03-2005;21  BARAJAS;21-02 AEROPUERTO;MEDINA DE POMAR, CALLE, DE;12;CargayDescarga;Línea;4;20;;-3.5844658820;40.4511681220
450811,9800000000;4480298,0200000000;26-10-2010;21  BARAJAS;21-03 CASCO HISTÓRICO DE BARAJAS;CANAL DE SUEZ, CALLE, DEL;16;CargayDescarga;Línea;2;12;LABORABLES DE 8 A 14H Y DE 16 A 20H EXCEPTO CARGA Y DESCARGA;-3.5802565900;40.4719060430
450890,3700000000;4480284,4200000000;14-11-2014;21  BARAJAS;21-03 CASCO HISTÓRICO DE BARAJAS;CANAL DE SUEZ, PASAJE, DEL;2 A;CargayDescarga;Línea;2;10,2;;-3.5793309190;40.4717883570
450920,1100000000;4480325,6200000000;01-06-2010;21  BARAJAS;21-03 CASCO HISTÓRICO DE BARAJAS;GENERAL, AVENIDA;29;CargayDescarga;Línea;6;31,1;;-3.5789833060;40.4721618680
450879,4100000000;4480269,8100000000;14-11-2014;21  BARAJAS;21-03 CASCO HISTÓRICO DE BARAJAS;GENERAL, AVENIDA;35;CargayDescarga;Línea;3;17,6;;-3.5794589750;40.4716560610
450868,2000000000;4480212,7400000000;10-07-2006;21  BARAJAS;21-03 CASCO HISTÓRICO DE BARAJAS;GONZALO DE CESPEDES, CALLE, DE;13;CargayDescarga;Línea;3;14;DE LUNES A SABADO DE 8 A 14 HORASEXCEPTO CARGA Y DESCARGA;-3.5795868600;40.4711418890
450803,0000000000;4480255,5500000000;09-10-2006;21  BARAJAS;21-03 CASCO HISTÓRICO DE BARAJAS;GONZALO DE CESPEDES, CALLE, DE;7;CargayDescarga;Línea;1;7;;-3.5803592640;40.4715234210
450696,0500000000;4480309,7100000000;30-05-2007;21  BARAJAS;21-03 CASCO HISTÓRICO DE BARAJAS;LOGROÑO, AVENIDA, DE;124;CargayDescarga;Línea;3;15;;-3.5816251570;40.4720052790
451082,9700000000;4480497,1800000000;30-12-2009;21  BARAJAS;21-03 CASCO HISTÓRICO DE BARAJAS;MAYOR DE BARAJAS, PLAZA;16;CargayDescarga;Línea;3;15;LABORABLES DE 9 A 14 H. Y DE 16,30 A 20 H.EXCEPTO CARGA Y DESCARGA;-3.5770754140;40.4737165320
450874,0400000000;4480651,4700000000;04-06-2010;21  BARAJAS;21-03 CASCO HISTÓRICO DE BARAJAS;PENELOPE, CALLE, DE;2;CargayDescarga;Línea;3;15;;-3.5795520240;40.4750941520
450723,0300000000;4480607,3600000000;08-06-2021;21  BARAJAS;21-03 CASCO HISTÓRICO DE BARAJAS;SANTA EDUVIGIS, CALLE, DE;S/N;CargayDescarga;Batería;4;10;laborables de lunes a viernes de 8 a 14 h. y de 16.30 a 19 h. sabados de 8 a 14 h. excepto: Carga y Descarga;-3.5813299690;40.4746879250
450930,2900000000;4480421,2500000000;25-02-2005;21  BARAJAS;21-03 CASCO HISTÓRICO DE BARAJAS;SATURNO, CALLE, DE;23;CargayDescarga;Línea;4;21;LABORABLES DE 9 A 14 H. Y DE 16,30 A 20 H.EXCEPTO CARGA Y DESCARGA;-3.5788706620;40.4730235970
450618,4500000000;4480212,9000000000;24-02-2005;21  BARAJAS;21-04 TIMÓN;ALARO, CALLE, DE;8 B;CargayDescarga;Línea;4;18,6;;-3.5825329510;40.4711281950
450304,3800000000;4480449,2300000000;23-05-2011;21  BARAJAS;21-04 TIMÓN;ALHAURIN, CALLE, DE;2;CargayDescarga;Línea;2;11;;-3.5862563170;40.4732381690
450660,8500000000;4480391,3000000000;30-05-2007;21  BARAJAS;21-04 TIMÓN;LOGROÑO, AVENIDA, DE;329;CargayDescarga;Línea;3;15,1;;-3.5820466820;40.4727376910
449955,8900000000;4480183,3900000000;26-10-2021;21  BARAJAS;21-04 TIMÓN;PLAYA DE BARLOVENTO, CALLE, DE LA;40;CargayDescarga;Línea;1;7,5;Lab. de lunes a viernes de 8 a 14h. Máximo 30 minutos Excepto Carga y Descarga;-3.5903461480;40.4708226940
447629,7400000000;4479347,0500000000;07-11-2014;21  BARAJAS;21-05 CORRALEJOS;AMBERES, CALLE, DE;7;CargayDescarga;Línea;3;15;Laborables de 9 a 14H. Excepto Carga  y Descarga;-3.6177160550;40.4631450600
447880,7400000000;4479389,9900000000;07-11-2014;21  BARAJAS;21-05 CORRALEJOS;AMSTERDAM, CALLE, DE;9;CargayDescarga;Línea;3;14,89;Laborables de 9 a 14h.Excepto Carga y DescargaEn Linea;-3.6147592490;40.4635477340
449734,7900000000;4479551,1800000000;25-03-2019;21  BARAJAS;21-05 CORRALEJOS;BAHIA DE GANDO, CALLE, DE LA;1;CargayDescarga;Línea;2;12;LAB. DE LUNES A VIERNES DE 8 A 14 H Y DE 16.30 A 21 H SABADOS DE 8 A 15 H. EXCEPTO CARGA Y DESCARGA;-3.5929040600;40.4651139140
449792,4800000000;4479307,2300000000;03-06-2009;21  BARAJAS;21-05 CORRALEJOS;BAHIA DE PALMA, CALLE, DE LA;7 H;CargayDescarga;Línea;2;14,7;;-3.5922044220;40.4629198300
