Código Reserva;Gis_X;Gis_Y;Fecha de Alta;Distrito;Barrio;Calle;Nº Finca;Tipo de Reserva;Línea / Batería;Número de Plazas;Longitud Reserva;Texto Cajetines;Longitud;Latitud
0101001;439579.3200000000;4473498.0800000000;30/05/23;1 Centro;11 Palacio;AGUILA, CALLE, DEL;3;Carga y descarga 360;Línea;1;7,15;LABORABLES DE 8 A 14 H.Y DE 16,30 A 19 H. EXCEPTO CARGA Y DESCARGA MÁX 45 MIN;-3.7121094770;40.4099090300
0101002;439873.7600000000;4474393.8700000000;23/08/22;1 Centro;11 Palacio;ANGELES, COSTANILLA, DE LOS;1;Carga y descarga 360;Línea;4;22,5;PERMITIDO CARGA Y DESCARGA DE 0 A 11 H. MÁX 45 MIN.;-3.7087240980;40.4180001680
0101003;439886.3200000000;4474421.1100000000;29/12/25;1 Centro;11 Palacio;ANGELES, COSTANILLA, DE LOS;3;Carga y descarga 360;Línea;4;21;PERMITIDO CARGA Y DESCARGA DE 0 A 11 H. MÁX 45 MIN.;-3.7085786810;40.4182459090
0101004;439759.6600000000;4474466.5000000000;26/08/22;1 Centro;11 Palacio;ARRIETA, CALLE, DE;4;Carga y descarga 360;Línea;3;32;LABORABLES DE 8 A 15 H. EXCEPTO CARGA Y DESCARGA. MAX 45 MIN.;-3.7100758770;40.4186460630
0101005;439707.3200000000;4474504.1600000000;26/08/22;1 Centro;11 Palacio;ARRIETA, CALLE, DE;7;Carga y descarga 360;Línea;2;10,5;LABORABLES DE 8 A 15 H. EXCEPTO CARGA Y DESCARGA. MÁX 45 MIN.;-3.7106962760;40.4189810140
0101006;439721.9600000000;4473413.3000000000;14/11/22;1 Centro;11 Palacio;CALATRAVA, CALLE, DE;3;Carga y descarga 360;Línea;3;16,07;LABORABLES DE 8 A 14 H. EXCEPTO CARGA Y DESCARGA. MÁX 45 MIN;-3.7104203970;40.4091554180
0101007;439480.4400000000;4473482.1800000000;26/08/22;1 Centro;11 Palacio;CALATRAVA, CALLE, DE;37;Carga y descarga 360;Línea;3;15;LABORABLES DE 8 A 14 H. Y DE 16:30 A 19 H. EXCEPTO CARGA Y DESCARGA. MÁX 45 MIN;-3.7132733260;40.4097586860
0101008;439821.1000000000;4474502.1700000000;02/11/22;1 Centro;11 Palacio;CAMPOMANES, CALLE, DE;5;Carga y descarga 360;Línea;3;15;TODOS LOS DÍAS 24 HORAS, EXCEPTO CARGA Y DESCARGA. MÁX 45 MIN;-3.7093551540;40.4189712740
0101009;439831.5700000000;4474566.3800000000;14/11/22;1 Centro;11 Palacio;CAMPOMANES, CALLE, DE;15;Carga y descarga 360;Línea;3;15,9;LABORABLES DE 8 A 15 H. EXCEPTO CARGA Y DESCARGA. MÁX 45 MIN.;-3.7092376980;40.4195502480
0101010;439728.4100000000;4473715.0300000000;29/08/22;1 Centro;11 Palacio;CAVA BAJA, CALLE, DE LA;40;Carga y descarga 360;Línea;3;15,4;LAB DE 8 A 14 H. Y DE 16,30 A 19 H. EXCEPTO CARGA Y DESCARGA. MÁX 45 MIN.;-3.7103730710;40.4118743320
0101011;439869.8400000000;4474112.0400000000;14/04/25;1 Centro;11 Palacio;CAVA DE SAN MIGUEL, CALLE, DE LA;3;Carga y descarga 360;Línea;2;12;LABORABLES DE 7 A 10 H. EXCEPTO CARGA Y DESCARGA MÁXIMO 45 MINUTOS;-3.7087436360;40.4154605320
0101012;439844.1000000000;4473656.2600000000;29/08/22;1 Centro;11 Palacio;CEBADA, PLAZA, DE LA;3;Carga y descarga 360;Línea;5;26;LABORABLES DE 8 A14 H. Y DE 16:30 A 19 H. EXCEPTO CARGA Y DESCARGA. MÁX 45 MIN;-3.7090039880;40.4113529980
0101013;439755.2700000000;4473658.9700000000;29/08/22;1 Centro;11 Palacio;CEBADA, PLAZA, DE LA;9;Carga y descarga 360;Línea;7;35,7;LABORABLES DE 8 A 14 H. Y DE 16,30 A 19 H. EXCEPTO CARGA Y DESCARGA. MÁX 45 MIN;-3.7100511260;40.4113711030
0101014;439866.9900000000;4474191.1200000000;14/11/22;1 Centro;11 Palacio;COMANDANTE LAS MORENAS, PLAZA, DEL;3;Carga y descarga 360;Línea;2;10,92;LABORABLES DE 8 A 15 H EXCEPTO CARGA Y DESCARGA. MÁX 45 MIN;-3.7087846600;40.4161731200
0101015;439731.6800000000;4474919.3300000000;15/11/22;1 Centro;11 Palacio;DOCTOR CARRACIDO, CALLE, DEL;1;Carga y descarga 360;Línea;4;20,3;LABORABLES DE 8 A 15 HORAS EXCEPTO CARGA Y DESCARGA. MÁX 45 MIN;-3.7104484720;40.4227227720
0101016;439619.8600000000;4474674.5400000000;30/08/22;1 Centro;11 Palacio;ENCARNACION, CALLE, DE LA;10;Carga y descarga 360;Línea;3;14,95;LABORABLES DE 8 A 15 H. EXCEPTO CARGA Y DESCARGA. MÁX 45 MIN;-3.7117433570;40.4205100670
0101018;439679.4700000000;4474682.5000000000;30/08/22;1 Centro;11 Palacio;GUILLERMO ROLLAND, CALLE, DE;11;Carga y descarga 360;Línea;3;14,2;LABORABLES DE 8 A 15 H. EXCEPTO CARGA Y DESCARGA. MÁX 45 MIN;-3.7110415410;40.4205856970
0101019;439714.6800000000;4473619.7700000000;30/08/22;1 Centro;11 Palacio;HUMILLADERO, CALLE, DEL;8;Carga y descarga 360;Línea;2;11,75;LABORABLES DE 8 A 14 H. Y DE 16,30 A 19 H. EXCEPTO CARGA Y DESCARGA. MÁX 45 MIN;-3.7105257070;40.4110152390
0101020;439726.2600000000;4473554.1700000000;31/08/22;1 Centro;11 Palacio;HUMILLADERO, CALLE, DEL;16;Carga y descarga 360;Línea;2;10,8;LABORABLES DE 8 A 14 H. Y DE 16,30 A 19 H. EXCEPTO CARGA Y DESCARGA. MÁX 45 MIN.;-3.7103830970;40.4104245770
0101021;439525.6200000000;4473761.8600000000;30/08/22;1 Centro;11 Palacio;MANCEBOS, CALLE, DE LOS;11;Carga y descarga 360;Línea;2;10,3;LAB. DE 8 A 14 H. EXCEPTO CARGA Y DESCARGA. MÁX 45 MIN;-3.7127674040;40.4122813620
0101022;439832.4700000000;4474163.2900000000;29/08/22;1 Centro;11 Palacio;MAYOR, CALLE;48;Carga y descarga 360;Línea;5;23,97;LAB. DE 8 A 15 H. EXCEPTO CARGA Y DESCARGA. MÁX 45 MIN;-3.7091889390;40.4159197580
0101023;439549.5500000000;4474271.9700000000;30/08/22;1 Centro;11 Palacio;NOBLEJAS, CALLE, DE;4;Carga y descarga 360;Línea;2;13,4;LABORABLES DE 8 A 18 H. EXCEPTO CARGA Y DESCARGA. MÁX 45 MIN;-3.7125338090;40.4168783740
0101024;439607.6000000000;4473381.3200000000;30/08/22;1 Centro;11 Palacio;PALOMA, CALLE, DE LA;6;Carga y descarga 360;Línea;3;15;LABORABLES DE 6 A 13 H EXCEPTO CARGA Y DESCARGA. MÁX 45 MIN;-3.7117651860;40.4088593140
0101025;439558.2400000000;4473796.4400000000;15/11/22;1 Centro;11 Palacio;REDONDILLA, CALLE, DE LA;5;Carga y descarga 360;Línea;3;14,27;LABORABLES DE 9:15 A 12:30 H. DE 14:30 A 16:00 H. Y DE 17:15 A 20 H. EXCEPTO CARGA Y DESCARGA. MÁX 45 MIN;-3.7123862150;40.4125948270
0101026;439459.4900000000;4473594.2500000000;15/11/22;1 Centro;11 Palacio;SAN FRANCISCO, CARRERA, DE;16;Carga y descarga 360;Línea;2;8,8;LABORABLES DE 8 A 17 H. EXCEPTO CARGA Y DESCARGA. MÁX 45 MIN;-3.7135308130;40.4107667480
0101028;439612.3500000000;4474142.5700000000;29/08/22;1 Centro;11 Palacio;SAN NICOLAS, PLAZA, DE;1;Carga y descarga 360;Línea;1;7;LAB. DE 8 A 15 H.EXCEPTO CARGA Y DESCARGA. MÁX 45 MIN.;-3.7117814580;40.4157171600
0101029;439722.9300000000;4473885.0200000000;15/11/22;1 Centro;11 Palacio;SAN PEDRO, COSTANILLA, DE;2;Carga y descarga 360;Línea;1;7,13;LABORABLES DE 9 A 14 H.Y DE 16,30 A 19 H. EXCEPTOCARGA Y DESCARGA. MÁX 45 MIN.;-3.7104536290;40.4134050460
0101030;439962.2700000000;4473883.2000000000;15/11/22;1 Centro;11 Palacio;SEGOVIA NUEVA, PLAZA, DE;1;Carga y descarga 360;Línea;2;11,5;LABORABLES DE 8 A 14 H.Y DE 16,30 A 19 H. EXCEPTO CARGA Y DESCARGA. MÁX 45 MIN.;-3.7076328430;40.4134057910
0101031;439580.8800000000;4473947.0100000000;29/08/22;1 Centro;11 Palacio;SEGOVIA, CALLE, DE;18;Carga y descarga 360;Línea;3;15;LABORABLES DE 8 A 14 H.Y DE 16,30 A 19 H. EXCEPTO CARGA Y DESCARGA. MÁX 45 MIN.;-3.7121336550;40.4139527940
0101032;439130.7100000000;4473794.6700000000;26/08/22;1 Centro;11 Palacio;SEGOVIA, RONDA, DE;7;Carga y descarga 360;Línea;2;10,1;LABORABLES DE 9 A 14 H. Y DE 16,30 A 19 H. EXCEPTO CARGA Y DESCARGA TIEMPO MAXIMO 45 MINUTOS;-3.7174246910;40.4125481880
0101033;439950.0900000000;4474683.9300000000;26/08/22;1 Centro;11 Palacio;SILVA, CALLE, DE;4;Carga y descarga 360;Línea;7;37,3;LABORABLES DE 8 A 15 H. EXCEPTO CARGA Y DESCARGA. MÁX 45 MIN.;-3.7078519420;40.4206184700
0101034;439967.3600000000;4473834.1200000000;26/08/22;1 Centro;11 Palacio;TOLEDO, CALLE, DE;34;Carga y descarga 360;Línea;3;15;LABORABLES DE 8 A 17 HORAS. EXCEPTO CARGA Y DESCARGA. MÁX 45 MIN.;-3.7075680980;40.4129636400
0101035;439865.4800000000;4474670.2800000000;11/01/23;1 Centro;11 Palacio;SANTO DOMINGO, PLAZA, DE;7;Carga y descarga 360;Línea;5;33,6;DE 9:30 A 14:30 H Y DE 15:30 A 20:00 H EXCEPTO CARGA Y DESCARGA MÁXIMO 45 MINUTOS;-3.7088478570;40.4204890970
0101036;439514.4600000000;4473691.9000000000;28/08/24;1 Centro;11 Palacio;DON PEDRO, CALLE, DE;10;Carga y descarga 360;Línea;1;7,5;LAB. DE 9:30 A 15 H. EXCEPTO CARGA Y DESCARGA MÁXIMO 45 MINUTOS;-3.7128923090;40.4116502490
0101037;439379.5700000000;4473811.0300000000;06/09/24;1 Centro;11 Palacio;MORERIA, CALLE, DE LA;14;Carga y descarga 360;Línea;1;7,5;LAB. DE 9:30 A 15 H. EXCEPTO CARGA Y DESCARGA MÁXIMO 45 MINUTOS;-3.7144933820;40.4127133140
0101038;439943.4900000000;4473768.9300000000;11/06/25;1 Centro;11 Palacio;TOLEDO, CALLE, DE;44;Carga y descarga 360;Batería;4;12;LABORABLES DE LUNES A SÁBADOS DE 8 A 14,30H. EXCEPTO CARGA Y DESCARGA MÁXIMO 45 MINUTOS;-3.7078432900;40.4123750400
0102002;440536.2500000000;4473171.4400000000;08/09/22;1 Centro;12 Embajadores;AMPARO, CALLE, DE;91;Carga y descarga 360;Línea;3;15;LAB. DE 8 A 15 H.EXCEPTO CARGA Y DESCARGA. MÁX 45 MIN;-3.7008014670;40.4070351310
0102003;439760.8200000000;4473334.1800000000;15/11/22;1 Centro;12 Embajadores;ARGANZUELA, CALLE, DE LA;9;Carga y descarga 360;Línea;3;15,8;LABORABLES DE 8 A 15 H. EXCEPTO CARGA Y DESCARGA. MÁX 45 MIN;-3.7099549260;40.4084456960
0102004;440587.4300000000;4473312.2500000000;15/11/22;1 Centro;12 Embajadores;ARGUMOSA, CALLE, DE;2;Carga y descarga 360;Línea;1;6,77;LABORABLES DE 8 A 14 H. Y DE 16:30 A 19 H.EXCEPTO CARGA Y DESCARGA. MÁX 45 MIN;-3.7002114350;40.4083073840
0102005;440647.0700000000;4473299.4900000000;15/11/22;1 Centro;12 Embajadores;ARGUMOSA, CALLE, DE;6;Carga y descarga 360;Línea;2;11,41;LABORABLES DE 8 A 14 H. Y DE 16:30 A 19 H.EXCEPTO CARGA Y DESCARGA. MÁX 45 MIN;-3.6995074420;40.4081961720
0102006;440803.0100000000;4473266.5300000000;09/09/22;1 Centro;12 Embajadores;ARGUMOSA, CALLE, DE;22;Carga y descarga 360;Línea;3;15;LABORABLES DE 8 A 14 H. Y DE 16:30 A 19 H.EXCEPTO CARGA Y DESCARGA. MÁX 45 MIN;-3.6976666430;40.4079110690
0102007;440854.6500000000;4473255.4800000000;09/09/22;1 Centro;12 Embajadores;ARGUMOSA, CALLE, DE;24;Carga y descarga 360;Línea;3;14;LABORABLES DE 8 A 14 H. Y DE 16:30 A 19 H.EXCEPTO CARGA Y DESCARGA. MÁX 45 MIN;-3.6970571300;40.4078146970
0102008;440347.1400000000;4473942.7400000000;09/09/22;1 Centro;12 Embajadores;ATOCHA, CALLE, DE;20;Carga y descarga 360;Línea;1;9,7;DE 8 A 22 H. CARGA Y DESCARGA SUBIDA Y BAJADA DE VIAJEROS TIEMPO MÁXIMO 45 MINUTOS;-3.7031024080;40.4139698680
0102009;440392.9000000000;4473921.7300000000;09/09/22;1 Centro;12 Embajadores;ATOCHA, CALLE, DE;22;Carga y descarga 360;Línea;3;17,5;LABORABLES DE 8 A 14 H. Y DE 16:30 A 19 H. EXCEPTO CARGA Y DESCARGA. MÁX 45 MIN;-3.7025611350;40.4137839430
0102010;440443.3800000000;4473898.0100000000;09/09/22;1 Centro;12 Embajadores;ATOCHA, CALLE, DE;26;Carga y descarga 360;Línea;3;15,8;LABORABLES DE 8 A 14 H. Y DE 16:30 A 19 H. EXCEPTO CARGA Y DESCARGA. MÁX 45 MIN;-3.7019639980;40.4135738970
0102011;441038.2400000000;4473520.7400000000;14/10/22;1 Centro;12 Embajadores;ATOCHA, CALLE, DE;106;Carga y descarga 360;Línea;4;24,6;LABORABLES DE 8 A 14 H Y DE 16.30 A 19 HORAS EXCEPTO CARGA Y DESCARGA MÁX 45 MIN;-3.6949181070;40.4102172810
0102013;441166.1300000000;4473449.1200000000;12/09/22;1 Centro;12 Embajadores;ATOCHA, CALLE, DE;112;Carga y descarga 360;Línea;2;10,1;LABORABLES DE 8 A 17 HORAS EXCEPTO CARGA Y DESCARGA. MÁX 45 MIN;-3.6934042950;40.4095814130
0102014;440895.2400000000;4473142.0300000000;09/09/22;1 Centro;12 Embajadores;ATOCHA, RONDA, DE;12;Carga y descarga 360;Línea;3;15,85;LABORABLES DE 8 A 14 H. Y DE 16:30 A 19 H. EXCEPTO CARGA Y DESCARGA. MÁX 45 MIN;-3.6965682260;40.4067957490
0102015;440749.1300000000;4473090.5400000000;09/09/22;1 Centro;12 Embajadores;ATOCHA, RONDA, DE;24;Carga y descarga 360;Línea;5;24;LABORABLES DE 8 A 14 H. Y DE 16:30 A 19 H. EXCEPTO CARGA Y DESCARGA. MÁX 45 MIN;-3.6982852650;40.4063211680
0102017;440582.1400000000;4473688.5700000000;21/12/22;1 Centro;12 Embajadores;AVE MARIA, CALLE, DEL;8;Carga y descarga 360;Línea;3;16,4;LABORABLES DE 8 A 15 H.EXCEPTO CARGA Y DESCARGA. MÁX 45 MIN;-3.7003090100;40.4116969450
0102018;440567.3100000000;4473611.8500000000;09/09/22;1 Centro;12 Embajadores;AVE MARIA, CALLE, DEL;17;Carga y descarga 360;Línea;3;15;LABORABLES DE 8 A 15 H.EXCEPTO CARGA Y DESCARGA. MÁX 45 MIN;-3.7004766000;40.4110050410
0102019;440541.0300000000;4473566.0200000000;12/09/22;1 Centro;12 Embajadores;AVE MARIA, CALLE, DEL;23;Carga y descarga 360;Línea;2;11,1;LABORABLES DE 8 A 15 H.EXCEPTO CARGA Y DESCARGA. MÁX 45 MIN;-3.7007820440;40.4105903910
0102020;440535.2600000000;4473570.8400000000;21/12/22;1 Centro;12 Embajadores;AVE MARIA, CALLE, DEL;26;Carga y descarga 360;Línea;2;15;LABORABLES DE 8 A 15 H. EXCEPTO CARGA Y DESCARGA. MÁX 45 MIN;-3.7008506270;40.4106334200
0102021;440525.9900000000;4473462.9100000000;12/09/22;1 Centro;12 Embajadores;AVE MARIA, CALLE, DEL;39;Carga y descarga 360;Línea;3;15,34;LAB. DE 8 A 15 H.EXCEPTO CARGA Y DESCARGA. MÁX 45 MIN;-3.7009496340;40.4096599080
0102022;440516.9600000000;4473417.2400000000;12/09/22;1 Centro;12 Embajadores;AVE MARIA, CALLE, DEL;52;Carga y descarga 360;Línea;2;10,8;LAB. DE 8 A 15 H. EXCEPTO CARGA Y DESCARGA. MÁX 45 MIN;-3.7010518490;40.4092484670
0102023;439917.9100000000;4473137.6700000000;31/05/23;1 Centro;12 Embajadores;CAMPILLO DEL MUNDO NUEVO, PLAZA, DEL;2;Carga y descarga 360;Línea;4;20;LABORABLES DE 8 A 14 H. Y DE 16:30 A 19 H. EXCEPTO CARGA Y DESCARGA MÁX 45 MIN  DOMINGOS Y FESTIVOS DE 0 A 16 H. ;-3.7080851930;40.4066868870
0102024;440479.7000000000;4473864.3300000000;16/11/22;1 Centro;12 Embajadores;CAÑIZARES, CALLE, DE LOS;1;Carga y descarga 360;Línea;2;13,14;LABORABLES DE 8 A 14 H. Y DE 16:30 A 19 H. EXCEPTO CARGA Y DESCARGA. MÁX 45 MIN;-3.7015327330;40.4132733810
0102025;439737.3400000000;4473224.7700000000;12/09/22;1 Centro;12 Embajadores;CAPITAN SALAZAR MARTINEZ, CALLE, DEL;9;Carga y descarga 360;Línea;3;15;LABORABLES DE 8 A 14 H. Y DE 16:30 A 19 H. EXCEPTO CARGA Y DESCARGA MARTES, SÁBADOS, DOMINGOS Y FESTIVOS DE 7:00 H. A 14:00 H MÁX 45 MIN;-3.7102213510;40.4074581460
0102026;439886.0700000000;4473330.1300000000;12/09/22;1 Centro;12 Embajadores;CARLOS ARNICHES, CALLE, DE;10;Carga y descarga 360;Línea;2;10,64;LAB. DE 8 A 15 H. EXCEPTO CARGA Y DESCARGA MÁX 45 MIN  DOMINGOS Y FESTIVOS DE 0 A 16 H. ;-3.7084784710;40.4084179070
0102027;439911.2400000000;4473179.2500000000;12/09/22;1 Centro;12 Embajadores;CARLOS ARNICHES, CALLE, DE;31;Carga y descarga 360;Línea;2;10,53;LABORABLES DE 8 A 15 H.EXCEPTO CARGA Y DESCARGA MÁX 45 MIN DOMINGOS Y FESTIVOS DE 8 A 16 H.;-3.7081676420;40.4070605130
0102028;439997.7700000000;4473643.7400000000;12/09/22;1 Centro;12 Embajadores;CASCORRO, PLAZA, DE;2;Carga y descarga 360;Línea;7;33;LABORABLES DE 8 A 15 H. EXCEPTO CARGA Y DESCARGA, MÁX 45 MIN  DOMINGOS Y FESTIVOS DE 0 A 16 H.;-3.7071918370;40.4112511260
0102029;439983.9100000000;4473559.2000000000;12/09/22;1 Centro;12 Embajadores;CASCORRO, PLAZA, DE;18;Carga y descarga 360;Línea;8;44;LABORABLES DE 10 A 13 HORAS. EXCEPTO CARGA Y DESCARGA. MÁX 45 MIN ****** DOMINGOS Y FESTIVOS DE 0 A 16 HORAS;-3.7073471660;40.4104887480
0102030;440102.7000000000;4473824.8100000000;15/06/26;1 Centro;12 Embajadores;COLEGIATA, CALLE, DE LA;6;Carga y descarga 360;Línea;4;22,5;LABORABLES DE 9 A 14 H. EXCEPTO CARGA Y DESCARGA MÁXIMO 45 MIN;-3.7059721250;40.4128894420
0102031;440040.4900000000;4473853.6700000000;14/09/22;1 Centro;12 Embajadores;COLEGIATA, CALLE, DE LA;10;Carga y descarga 360;Línea;4;20;LABORABLES DE 9 A 14 H. EXCEPTO CARGA Y DESCARGA MÁXIMO 45 MINUTOS ;-3.7067080890;40.4131454390
0102032;440095.1900000000;4473819.3200000000;15/06/26;1 Centro;12 Embajadores;COLEGIATA, CALLE, DE LA;11;Carga y descarga 360;Línea;3;41,5;LABORABLES DE 8 A 14 H. Y DE 16:30 A 19 H. EXCEPTO CARGA Y DESCARGA MÁXIMO 45 MIN ;-3.7060601880;40.4128396520
0102033;440218.0200000000;4473914.9100000000;15/06/26;1 Centro;12 Embajadores;CONDE DE ROMANONES, CALLE, DEL;3;Carga y descarga 360;Línea;2;13;LABORABLES DE 8 A 14 H. Y DE 16,30 A 19 H. EXCEPTO CARGA Y DESCARGA MÁX 45 MIN;-3.7046215480;40.4137097450
0102034;440186.2400000000;4473835.3600000000;15/06/26;1 Centro;12 Embajadores;CONDE DE ROMANONES, CALLE, DEL;12;Carga y descarga 360;Batería;3;15,01;LABORABLES DE 8 A 14 H.Y DE 16,30 A 19 H.EXCEPTO CARGA Y DESCARGA MÁX 45 MIN;-3.7049887000;40.4129908550
0102035;440187.0300000000;4473811.0400000000;15/06/26;1 Centro;12 Embajadores;CONDE DE ROMANONES, CALLE, DEL;15;Carga y descarga 360;Línea;2;13;LABORABLES DE LUNES A SÁBADO DE 8 A 17 HORAS EXCEPTO CARGA Y DESCARGA MÁX 45 MIN;-3.7049770690;40.4127718710
0102036;440618.7900000000;4473158.5200000000;08/06/23;1 Centro;12 Embajadores;DOCTOR FOURQUET, CALLE, DEL;34;Carga y descarga 360;Línea;1;6,6;LABORABLES DE 8 A 14 H. Y DE 16:30 A 19 H. EXCEPTO CARGA Y DESCARGA MÁX 45 MIN;-3.6998275530;40.4069244350
0102037;440099.9600000000;4473705.0300000000;13/09/22;1 Centro;12 Embajadores;DUQUE DE ALBA, CALLE, DEL;7;Carga y descarga 360;Línea;3;15,4;LAB. DE 8 A 14 H. Y DE 16:30 A 19 H. EXCEPTO CARGA Y DESCARGA MÁXIMO 45 MINUTOS;-3.7059932090;40.4118110200
0102038;440083.6900000000;4473699.5400000000;13/09/22;1 Centro;12 Embajadores;DUQUE DE ALBA, CALLE, DEL;11;Carga y descarga 360;Línea;3;14,5;LAB. DE 8 A 14 H. Y DE 16:30 A 19 H. EXCEPTO CARGA Y DESCARGA MÁXIMO 45 MINUTOS;-3.7061845200;40.4117596260
0102039;440068.0100000000;4473693.6200000000;13/09/22;1 Centro;12 Embajadores;DUQUE DE ALBA, CALLE, DEL;13;Carga y descarga 360;Línea;3;15,5;LAB. DE 8 A 14 H. Y DE 16:30 A 19 H. EXCEPTO CARGA Y DESCARGA MÁXIMO 45 MINUTOS;-3.7063686690;40.4117051950
0102040;440735.9900000000;4473669.7500000000;13/09/22;1 Centro;12 Embajadores;DUQUE DE FERNAN NUÑEZ, CALLE, DEL;4;Carga y descarga 360;Línea;9;45,2;LAB. DE 8 A 14 H. Y DE 16:30 A 19 H. EXCEPTO CARGA Y DESCARGA MÁXIMO 45 MINUTOS;-3.6984940510;40.4115382350
0102041;440060.4900000000;4473911.7700000000;14/09/22;1 Centro;12 Embajadores;DUQUE DE RIVAS, CALLE, DEL;2;Carga y descarga 360;Línea;3;14;LABORABLES DE 9 A 14 H. EXCEPTO CARGA Y DESCARGA MAXIMO 45 MINUTOS ;-3.7064778740;40.4136699250
0102042;440059.0900000000;4473865.1500000000;13/09/22;1 Centro;12 Embajadores;DUQUE DE RIVAS, CALLE, DEL;8;Carga y descarga 360;Línea;5;24;LAB. DE 9 A 14H. EXCEPTO CARGA Y DESCARGA MAXIMO 45 MINUTOS;-3.7064899070;40.4132499470
0102043;440217.1800000000;4473309.7700000000;16/11/22;1 Centro;12 Embajadores;EMBAJADORES, CALLE, DE;35;Carga y descarga 360;Línea;4;20,2;LABORABLES DE 8 A 15 H EXCEPTO CARGA Y DESCARGA. MÁX 45 MIN;-3.7045745660;40.4082587970
0102044;440256.8200000000;4473251.5700000000;14/09/22;1 Centro;12 Embajadores;EMBAJADORES, CALLE, DE;58;Carga y descarga 360;Línea;2;12,61;Laborables de 8 a 15h. Excepto Carga y Descarga MÁXIMO 45 MINUTOS;-3.7041019900;40.4077367180
0102045;440276.2800000000;4473213.2300000000;16/11/22;1 Centro;12 Embajadores;EMBAJADORES, CALLE, DE;64;Carga y descarga 360;Línea;3;17;LABORABLES DE 8 A 15 HORAS EXCEPTO CARGA Y DESCARGA. MÁX 45 MIN;-3.7038689680;40.4073927140
0102046;439875.9200000000;4473426.5500000000;15/01/24;1 Centro;12 Embajadores;GENERAL VARA DE REY, PLAZA, DEL;9;Carga y descarga 360;Línea;2;7;LABORABLES DE LUNES A VIERNES DE 8 A 10 HORAS, EXCEPTO CARGA Y DESCARGA MÁX 45 MINUTOS ***** DOMINGOS Y FESTIVOS DE 0 A 16 HORAS;-3.7086072720;40.4092854800
0102047;440082.0700000000;4473634.6900000000;15/09/22;1 Centro;12 Embajadores;JUANELO, CALLE, DE;19;Carga y descarga 360;Línea;1;6,4;LABORABLES DE 8 A 15 H. EXCEPTO CARGA Y DESCARGA. MÁX 45 MIN;-3.7061974120;40.4111752660
0102048;440365.6300000000;4473625.6300000000;15/09/22;1 Centro;12 Embajadores;LAVAPIES, CALLE, DE;16;Carga y descarga 360;Línea;1;7,98;LABORABLES DE 8 A 15 H. EXCEPTO CARGA Y DESCARGA. MÁX 45 MIN;-3.7028547760;40.4111144180
0102049;440429.2800000000;4473438.7000000000;15/09/22;1 Centro;12 Embajadores;LAVAPIES, CALLE, DE;48;Carga y descarga 360;Línea;3;14,7;LAB. DE 8 A 18 H.EXCEPTO CARGA Y DESCARGA. MÁX 45 MIN;-3.7020870700;40.4094348500
0102050;440464.4100000000;4473394.4900000000;15/09/22;1 Centro;12 Embajadores;LAVAPIES, CALLE, DE;56;Carga y descarga 360;Línea;2;10,5;LAB. DE 8 A 15 H.EXCEPTO CARGA Y DESCARGA. MÁX 45 MIN;-3.7016690400;40.4090393940
0102051;440415.5400000000;4473876.8500000000;15/09/22;1 Centro;12 Embajadores;LUIS VELEZ DE GUEVARA, CALLE, DE;3;Carga y descarga 360;Línea;3;15,1;LABORABLES DE 9 A 14 H.EXCEPTO CARGA Y DESCARGA MÁX 45 MIN;-3.7022900110;40.4133808100
0102052;440366.9900000000;4473769.1500000000;21/12/22;1 Centro;12 Embajadores;MAGDALENA, CALLE, DE LA;6;Carga y descarga 360;Línea;4;20,8;LABORABLES DE 9 A 14 H. EXCEPTO CARGA Y DESCARGA MÁX 45 MINUTOS;-3.7028521970;40.4124076410
0102053;440532.2900000000;4473766.0000000000;15/09/22;1 Centro;12 Embajadores;MAGDALENA, CALLE, DE LA;23;Carga y descarga 360;Línea;1;5,5;LABORABLES DE 9 A 14 H. EXCEPTO CARGA Y DESCARGA MÁX 45 MINUTOS ;-3.7009036830;40.4123907960
0102054;440562.1500000000;4473766.7000000000;15/09/22;1 Centro;12 Embajadores;MAGDALENA, CALLE, DE LA;25;Carga y descarga 360;Línea;1;6;LABORABLES DE 9 A 14 H. EXCEPTO CARGA Y DESCARGA MÁX 45 MIN;-3.7005519440;40.4123992190
0102055;440781.9100000000;4473118.4400000000;15/09/22;1 Centro;12 Embajadores;MALLORCA, CALLE, DE;13;Carga y descarga 360;Línea;3;15;LABORABLES DE 8 A 17 H. EXCEPTO CARGA Y DESCARGA MÁX 45 MIN;-3.6979015560;40.4065754470
0102056;440476.9100000000;4473104.1000000000;15/09/22;1 Centro;12 Embajadores;MIGUEL SERVET, CALLE, DE;15;Carga y descarga 360;Línea;3;16,1;LABORABLES DE 8 A 15 H. EXCEPTO CARGA Y DESCARGA MÁX 45 MIN;-3.7014945170;40.4064243000
0102057;440163.7800000000;4473230.2100000000;15/09/22;1 Centro;12 Embajadores;MIRA EL SOL, CALLE, DE;5;Carga y descarga 360;Línea;2;10,6;LABORABLES DE 8 A 15H. EXCEPTO CARGA Y DESCARGA MÁX 45 MIN;-3.7051963970;40.4075381880
0102058;440044.9000000000;4473185.8500000000;15/09/22;1 Centro;12 Embajadores;MIRA EL SOL, CALLE, DE;17;Carga y descarga 360;Línea;2;10;LAB. DE 8 A 15 H.EXCEPTO CARGA Y DESCARGA. MÁX 45 MIN;-3.7065931540;40.4071296690
0102059;440461.8600000000;4473656.7400000000;16/11/22;1 Centro;12 Embajadores;OLIVAR, CALLE, DEL;12;Carga y descarga 360;Línea;1;7,04;LABORABLES DE 8 A 15 H.EXCEPTO CARGA Y DESCARGA MÁX 45 MIN;-3.7017234710;40.4114015850
0102060;440468.9100000000;4473530.9100000000;14/11/22;1 Centro;12 Embajadores;OLIVAR, CALLE, DEL;34;Carga y descarga 360;Línea;2;13,1;LABORABLES DE 8 A 15 H. EXCEPTO CARGA Y DESCARGA. MÁX 45 MIN;-3.7016287610;40.4102689620
0102061;439979.0100000000;4473398.9200000000;15/09/22;1 Centro;12 Embajadores;RIBERA DE CURTIDORES, CALLE, DE LA;4;Carga y descarga 360;Línea;3;15;LABORABLES DE 8 A 15 H. EXCEPTO CARGA Y DESCARGA MÁX 45 MIN DOMINGOS Y FESTIVOS DE 0 A 16 H.;-3.7073896790;40.4090446080
0102062;439980.7900000000;4473448.7300000000;19/10/22;1 Centro;12 Embajadores;RIBERA DE CURTIDORES, CALLE, DE LA;7;Carga y descarga 360;Línea;3;16;LABORABLES DE 8 A 15 H.  EXCEPTO CARGA Y DESCARGA MÁX 45 MIN ***** DOMINGOS Y FESTIVOS DE 0 A 16 H.;-3.7073735220;40.4094932920
0102063;439989.1600000000;4473437.9900000000;15/09/22;1 Centro;12 Embajadores;RIBERA DE CURTIDORES, CALLE, DE LA;9;Carga y descarga 360;Línea;3;17;LABORABLES DE 8 A 15 H. EXCEPTO CARGA Y DESCARGA MÁX 45 MINUTOS  DOMINGOS Y FESTIVOS DE 0 A 16 HORAS;-3.7072738270;40.4093969770
0102064;439977.4500000000;4473301.2500000000;21/12/22;1 Centro;12 Embajadores;RIBERA DE CURTIDORES, CALLE, DE LA;12;Carga y descarga 360;Línea;10;51,87;LABORABLES DE 8 A 15 H. DOMINGOS Y FESTIVOS DE 0 A 16 H. EXCEPTO CARGA Y DESCARGA MÁX 45 MIN;-3.7073989610;40.4081646020
0102066;439988.7100000000;4473388.2400000000;11/09/22;1 Centro;12 Embajadores;RIBERA DE CURTIDORES, CALLE, DE LA;15;Carga y descarga 360;Línea;2;12,5;LABORABLES DE 8 A 18 H. EXCEPTO CARGA Y DESCARGA MÁX 45 MIN;-3.7072744580;40.4089485230
0102067;439997.1000000000;4473145.7400000000;17/11/22;1 Centro;12 Embajadores;RIBERA DE CURTIDORES, CALLE, DE LA;37;Carga y descarga 360;Batería;5;13,7;LAB. DE 8 A 14 H. Y DE 16,30 A 19 H.DOMINGOS Y FESTIVOS DE 0 A 16 H EXCEPTO CARGA Y DESCARGA MÁX 45 MIN;-3.7071526470;40.4067651530
0102068;439981.9100000000;4473147.9500000000;10/10/22;1 Centro;12 Embajadores;RIBERA DE CURTIDORES, CALLE, DE LA;S/N;Carga y descarga 360;Batería;5;13,98;LAB. DE 8 A 14 H. Y DE 16,30 A 19 H.EXCEPTO CARGA Y DESCARGA MÁX 45 MIN  DOMINGOS Y FESTIVOS DE 0 A 16 HORAS;-3.7073319250;40.4067838890
0102069;440455.9900000000;4473545.2800000000;15/11/22;1 Centro;12 Embajadores;SAN CARLOS, CALLE, DE;7;Carga y descarga 360;Línea;1;8,33;LABORABLES DE 8 A 15 H. EXCEPTO CARGA Y DESCARGA. MÁX 45 MIN;-3.7017823130;40.4103970750
0102070;440481.9300000000;4473549.6100000000;16/09/22;1 Centro;12 Embajadores;SAN CARLOS, CALLE, DE;11;Carga y descarga 360;Línea;1;7,8;LABORABLES DE 8 A 15 H.EXCEPTO CARGA Y DESCARGA. MÁX 45 MIN;-3.7014770410;40.4104382140
0102071;440742.4000000000;4473396.7500000000;20/09/22;1 Centro;12 Embajadores;SAN COSME Y SAN DAMIAN, CALLE, DE;11;Carga y descarga 360;Línea;3;15,3;LABORABLES DE 8 A 15 H.EXCEPTO CARGA Y DESCARGA. MÁX 45 MIN;-3.6983930960;40.4090791580
0102073;439968.3800000000;4473664.1000000000;15/11/22;1 Centro;12 Embajadores;SAN MILLAN, CALLE, DE;3;Carga y descarga 360;Línea;5;23,2;LABORABLES DE 8 A 14 H.Y DE 16,30 A 19 H. EXCEPTO CARGA Y DESCARGA. MÁX 45 MIN;-3.7075401380;40.4114320660
0102074;440672.9500000000;4473688.2900000000;15/09/22;1 Centro;12 Embajadores;SANTA ISABEL, CALLE, DE;12;Carga y descarga 360;Línea;5;26,9;LABORABLES DE 8 A 14 H. Y DE 16:30 A 19 H. EXCEPTO CARGA Y DESCARGA. MÁX 45 MIN;-3.6992387820;40.4117009550
0102075;440790.4100000000;4473556.7000000000;09/06/23;1 Centro;12 Embajadores;SANTA ISABEL, CALLE, DE;17;Carga y descarga 360;Línea;3;14,6;LABORABLES DE 8 A 14 H. Y DE 16:30 A 19 H. EXCEPTO CARGA Y DESCARGA MÁX 45 MIN;-3.6978422550;40.4105240430
0102076;440742.7700000000;4473601.6700000000;16/09/22;1 Centro;12 Embajadores;SANTA ISABEL, CALLE, DE;28;Carga y descarga 360;Línea;3;15,1;LABORABLES DE 8 A 17 HORAS EXCEPTO CARGA Y DESCARGA. MÁX 45 MIN;-3.6984078210;40.4109252280
0102077;440884.1200000000;4473483.2900000000;09/06/23;1 Centro;12 Embajadores;SANTA ISABEL, CALLE, DE;41;Carga y descarga 360;Batería;5;15,2;LABORABLES DE LUNES A VIERNES DE 8 A 20 H. Y SÁBADOS DE 8 A 15 H. EXCEPTO CARGA Y DESCARGA EN LÍNEA MÁX 45 MIN;-3.6967310030;40.4098696100
0102078;440608.6800000000;4473217.1600000000;16/09/22;1 Centro;12 Embajadores;SOMBRERERIA, CALLE, DE LA;4;Carga y descarga 360;Línea;2;7,47;LABORABLES DE 8 A 14 H Y DE 16,30 A 19 HORAS EXCEPTO CYD MÁX 45 MIN;-3.6999521140;40.4074520720
0102079;440155.7400000000;4473765.9000000000;15/06/26;1 Centro;12 Embajadores;TIRSO DE MOLINA, PLAZA, DE;14;Carga y descarga 360;Batería;4;12;LABORABLES DE 9 A 14 H. EXCEPTO CARGA Y DESCARGA MÁXIMO 45 MINUTOS;-3.7053414700;40.4123627220
0102080;440221.6100000000;4473784.8000000000;06/05/26;1 Centro;12 Embajadores;TIRSO DE MOLINA, PLAZA, DE;16;Carga y descarga 360;Línea;7;35;LABORABLES LUNES A VIERNES DE 8 A 14 H. Y DE 16,30 A 19 H.EXCEPTO CARGA Y DESCARGA MAXIMO 45 MIN  SÁBADOS LABORABLES DE 14:30 A 16:30 h. EXCEPTO SERVICIO PUNTO LIMPIO;-3.7045670030;40.4125376460
0102081;439943.9900000000;4473734.0900000000;16/09/22;1 Centro;12 Embajadores;TOLEDO, CALLE, DE;47;Carga y descarga 360;Línea;4;19,57;LAB. DE 8 A 20 H.EXCEPTO CARGA Y DESCARGA. MÁX 45 MIN;-3.7078341230;40.4120610590
0102082;439710.3200000000;4473342.8200000000;16/11/22;1 Centro;12 Embajadores;TOLEDO, CALLE, DE;109;Carga y descarga 360;Línea;5;25;LABORABLES DE 8 A 14 H Y DE 16.30 A 19.00 EXCEPTO CARGA Y DESCARGA MÁX 45 MIN ;-3.7105508590;40.4085193780
0102083;439659.3700000000;4473246.0500000000;16/09/22;1 Centro;12 Embajadores;TOLEDO, CALLE, DE;123;Carga y descarga 360;Línea;3;15;LABORABLES DE 8 A 14 H Y DE 16.30 A 19.00 EXCEPTO CARGA Y DESCARGA MÁX 45 MIN ;-3.7111422090;40.4076438980
0102084;440303.6900000000;4473212.4700000000;20/09/22;1 Centro;12 Embajadores;TRIBULETE, CALLE, DEL;20;Carga y descarga 360;Línea;2;16;TODOS LOS DÍAS 24 HORAS. EXCEPTO CARGA Y DESCARGA MÁX 45 MIN;-3.7035459350;40.4073881300
0102085;440530.6200000000;4473307.6100000000;19/09/22;1 Centro;12 Embajadores;VALENCIA, CALLE, DE;2;Carga y descarga 360;Línea;4;21,6;LAB. DE 8 A 14 H. Y DE 16,30 A 19 H. EXCEPTO CARGA Y DESCARGA MÁXIMO 45 MINUTOS;-3.7008805350;40.4082611460
0102086;440564.5300000000;4473257.9600000000;02/12/22;1 Centro;12 Embajadores;VALENCIA, CALLE, DE;3;Carga y descarga 360;Línea;3;13,6;LABORABLES DE 8 A 19 H. EXCEPTO CARGA Y DESCARGA MÁX 45 MIN  EXCEPTO TAXI LABORABLES DE 19 A 8 H Y FESTIVOS;-3.7004763130;40.4078162440
0102087;440539.6400000000;4473287.2200000000;19/09/22;1 Centro;12 Embajadores;VALENCIA, CALLE, DE;4;Carga y descarga 360;Línea;2;11,9;LAB. DE 8 A 14 H. Y DE 16,30 A 19 H. EXCEPTO CARGA Y DESCARGA MÁXIMO 45 MINUTOS;-3.7007723610;40.4080783150
0102088;440593.1400000000;4473195.3200000000;19/09/22;1 Centro;12 Embajadores;VALENCIA, CALLE, DE;9;Carga y descarga 360;Línea;2;10;LABORABLES DE 8 A 14 Y DE 16:30 A 19 H. EXCEPTO CARGA Y DESCARGA MÁXIMO 45 MINUTOS;-3.7001332260;40.4072539430
0102090;440596.5300000000;4473187.6200000000;17/11/22;1 Centro;12 Embajadores;VALENCIA, CALLE, DE;11;Carga y descarga 360;Línea;1;6;DE 8 A 22 H. EXCEPTO CARGA Y DESCARGA  Y SUBIDA Y BAJADA DE VIAJEROS MÁXIMO 45 MINUTOS;-3.7000925460;40.4071849020
0102091;440572.0100000000;4473222.2000000000;18/11/22;1 Centro;12 Embajadores;VALENCIA, CALLE, DE;14;Carga y descarga 360;Línea;3;14,8;LABORABLES DE 8 A 14 Y DE 16:30 A 19 H. EXCEPTO CARGA Y DESCARGA MÁXIMO 45 MINUTOS;-3.7003847550;40.4074951590
0102092;440575.4300000000;4473029.7100000000;20/09/22;1 Centro;12 Embajadores;VALENCIA, RONDA, DE;4;Carga y descarga 360;Línea;3;16;LABORABLES DE 8 A 14 Y DE 16:30 A 19 H. EXCEPTO CARGA Y DESCARGA. MÁX 45 MIN;-3.7003264850;40.4057608730
0102094;439906.5100000000;4473418.8900000000;31/10/24;1 Centro;12 Embajadores;GENERAL VARA DE REY, PLAZA, DEL;4;Carga y descarga 360;Batería;7;25,3;LABORABLES DE 8 A 20 H. EXCEPTO CARGA Y DESCARGA MÁXIMO 45 MINUTOS;-3.7082460790;40.4092189020
0102095;440326.3200000000;4473225.3200000000;29/04/26;1 Centro;12 Embajadores;TRIBULETE, CALLE, DEL;23;Carga y descarga 360;Línea;1;6;TODOS LOS DÍAS 24 HORAS EXCEPTO CARGA Y DESCARGA MÁXIMO 45 MINUTOS;-3.7032804260;40.4075050130
0103001;440732.2200000000;4473770.7500000000;29/08/22;1 Centro;13 Cortes;AMOR DE DIOS, CALLE, DEL;14;Carga y descarga 360;Línea;3;15,1;LABORABLES DE 8 A 15 HORAS EXCEPTO CARGA Y DESCARGA. MÁX 45 MIN.;-3.6985478520;40.4124482640
0103002;440631.1600000000;4474272.7100000000;12/06/23;1 Centro;13 Cortes;ARLABAN, CALLE, DE;4;Carga y descarga 360;Línea;3;15,6;LABORABLES DE 8 A 15 HORAS EXCEPTO CARGA Y DESCARGA MÁXIMO 45 MINUTOS;-3.6997858420;40.4169623690
0103004;440759.4600000000;4473717.9200000000;29/08/22;1 Centro;13 Cortes;ATOCHA, CALLE, DE;77;Carga y descarga 360;Línea;2;12,9;LABORABLES DE 8 A 14 H Y DE 16.30 A 19 HORAS EXCEPTO CARGA Y DESCARGA. MÁX 45 MIN;-3.6982218960;40.4119742560
0103005;440948.2400000000;4473591.6000000000;08/09/22;1 Centro;13 Cortes;ATOCHA, CALLE, DE;99;Carga y descarga 360;Línea;4;24,6;LAB. DE 8 A 14 H. Y DE 16,30 A 19 H. EXCEPTO CARGA Y DESCARGA. MÁX 45 MIN;-3.6959853560;40.4108494250
0103006;441189.7800000000;4473457.2500000000;30/08/22;1 Centro;13 Cortes;ATOCHA, CALLE, DE;125;Carga y descarga 360;Línea;2;15,06;LABORABLES DE 8 A 14 H. Y DE 16:30 A 19 H. EXCEPTO CARGA Y DESCARGA. MÁX 45 MIN;-3.6931263530;40.4096564130
0103007;440740.3600000000;4474497.6200000000;31/08/22;1 Centro;13 Cortes;CABALLERO DE GRACIA, CALLE, DEL;19;Carga y descarga 360;Línea;2;10,88;LAB. DE 8 A 14 H. EXCEPTO CARGA Y DESCARGA. MÁX 45 MIN;-3.6985197200;40.4189968280
0103009;440785.7900000000;4473975.7300000000;24/01/24;1 Centro;13 Cortes;CERVANTES, CALLE, DE;14;Carga y descarga 360;Línea;2;8,9;EXCEPTO CARGA Y DESCARGA DE 8 A 15 H. MÁX 45 MIN;-3.6979355890;40.4142981160
0103010;440858.4100000000;4473979.9600000000;24/01/24;1 Centro;13 Cortes;CERVANTES, CALLE, DE;15;Carga y descarga 360;Línea;1;8,8;EXCEPTO CARGA Y DESCARGA DE 8 A 15 HORAS MÁX 45 MIN;-3.6970801630;40.4143416600
0103014;440485.2000000000;4473938.7600000000;31/08/22;1 Centro;13 Cortes;SAN SEBASTIAN, CALLE, DE;2;Carga y descarga 360;Línea;4;20,41;LABORABLES DE 8 A 18 H.EXCEPTO CARGA Y DESCARGA. MÁX 45 MIN;-3.7014748640;40.4139442000
0103015;440985.0700000000;4473884.7400000000;17/11/22;1 Centro;13 Cortes;JESUS, CALLE, DE;1;Carga y descarga 360;Línea;2;14,3;LABORABLES DE 8 A 11 H. EXCEPTO CARGA Y DESCARGA. MÁX 45 MIN;-3.6955785560;40.4134932250
0103016;440895.3500000000;4474270.0800000000;17/11/22;1 Centro;13 Cortes;JOVELLANOS, CALLE, DE;7;Carga y descarga 360;Línea;3;18;LABORABLES DE 8 A 15 H.  EXCEPTO CARGA Y DESCARGA. MÁX 45 MIN;-3.6966717020;40.4169581870
0103017;440723.2400000000;4473998.8200000000;12/06/23;1 Centro;13 Cortes;LEON, CALLE, DEL;4;Carga y descarga 360;Línea;5;26,8;LABORABLES DE 8 A 15 HORAS EXCEPTO CARGA Y DESCARGA. MÁX 45 MIN;-3.6986749910;40.4145014580
0103018;440676.8900000000;4473854.0700000000;30/09/22;1 Centro;13 Cortes;LEON, CALLE, DEL;26;Carga y descarga 360;Línea;6;30,7;LABORABLES DE 8 A 15 HORAS EXCEPTO CARGA Y DESCARGA MÁX 45 MIN;-3.6992077850;40.4131944840
0103019;440780.6900000000;4473920.2500000000;29/08/22;1 Centro;13 Cortes;LOPE DE VEGA, CALLE, DE;13;Carga y descarga 360;Línea;2;10;LABORABLES DE 8 A 15 H.EXCEPTO CARGA Y DESCARGA. MÁX 45 MIN;-3.6979905930;40.4137984960
0103020;440849.7000000000;4473912.2900000000;31/08/22;1 Centro;13 Cortes;LOPE DE VEGA, CALLE, DE;23;Carga y descarga 360;Línea;3;17,79;LABORABLES DE 8 A 15 H.EXCEPTO CARGA Y DESCARGA. MÁX 45 MIN;-3.6971765350;40.4137311170
0103021;440931.9100000000;4473908.4400000000;31/08/22;1 Centro;13 Cortes;LOPE DE VEGA, CALLE, DE;35;Carga y descarga 360;Línea;2;13;LABORABLES DE 8 A 15 H.EXCEPTO CARGA Y DESCARGA. MÁX 45 MIN.;-3.6962072050;40.4137027550
0103023;440937.2700000000;4474403.1000000000;14/10/22;1 Centro;13 Cortes;MARQUES DE CASA RIERA, CALLE, DEL;1;Carga y descarga 360;Línea;5;25;LABORABLES DE 7 A 14 HORAS Y DE 16 A 20 HORAS EXCEPTO CARGA Y DESCARGA MÁX 45 MIN;-3.6961900730;40.4181588200
0103024;440941.1300000000;4473776.2800000000;01/09/22;1 Centro;13 Cortes;MORATIN, CALLE, DE;33;Carga y descarga 360;Línea;2;10;LABORABLES DE 8 A 15 HORAS EXCEPTO CARGA Y DESCARGA. MÁX 45 MIN;-3.6960862530;40.4125122640
0103025;440840.6000000000;4474084.4100000000;18/11/22;1 Centro;13 Cortes;PRADO, CALLE, DEL;28;Carga y descarga 360;Línea;2;12,9;LABORABLES DE 8 A 15 HORAS EXCEPTO CARGA Y DESCARGA;-3.6972997780;40.4152812540
0103026;441106.4000000000;4473956.6800000000;18/11/22;1 Centro;13 Cortes;PRADO, PASEO, DEL;14;Carga y descarga 360;Línea;5;36,3;LABORABLES DE 8 A 11 H.EXCEPTO CARGA Y DESCARGA. MÁX 45 MIN;-3.6941552710;40.4141498910
0103027;440578.9700000000;4474161.9500000000;29/08/22;1 Centro;13 Cortes;PRINCIPE, CALLE, DEL;10;Carga y descarga 360;Línea;3;15;LABORABLES DE 8 A 15 HORAS EXCEPTO CARGA Y DESCARGA. MÁX 45 MIN;-3.7003905420;40.4159610110
0103032;440662.4800000000;4474519.9600000000;22/08/24;1 Centro;13 Cortes;CABALLERO DE GRACIA, CALLE, DEL;26;Carga y descarga 360;Línea;5;25;LABORABLES DE 8 A 15 H. EXCEPTO CARGA Y DESCARGA MÁXIMO 45 MINUTOS;-3.6994397180;40.4191918630
0103033;440611.7300000000;4474005.1400000000;16/01/23;1 Centro;13 Cortes;PRADO, CALLE, DEL;2;Carga y descarga 360;Línea;3;17,4;DE 8 A 15 HORAS EXCEPTO CARGA Y DESCARGA SUBIDA Y BAJADA DE VIAJEROS TIEMPO MÁXIMO 45 MINUTOS;-3.6999898720;40.4145505040
0103034;440731.6100000000;4474281.3400000000;27/02/23;1 Centro;13 Cortes;ARLABAN, CALLE, DE;16;Carga y descarga 360;Línea;2;9,44;LABORABLES DE 8 A 15 HORAS EXCEPTO CARGA Y DESCARGA MÁX 45 MIN;-3.6986026270;40.4170474540
0104001;441006.7000000000;4474884.7200000000;27/01/23;1 Centro;14 Justicia;ALMIRANTE, CALLE, DEL;2;Carga y descarga 360;Línea;3;12,17;LABORABLES DE 9 A 20 H. EXCEPTO CARGA Y DESCARGA MÁX 45 MIN;-3.6954162940;40.4225025280
0104002;441220.9100000000;4474876.6000000000;21/11/22;1 Centro;14 Justicia;ALMIRANTE, CALLE, DEL;28;Carga y descarga 360;Línea;2;10,1;DE LUNES A VIERNES DE 8 A 17 H. SÁBADOS DE 8 A 15 H. EXCEPTO CARGA Y DESCARGA. MÁX 45 MIN;-3.6928906960;40.4224443720
0104003;440591.8600000000;4475420.6700000000;21/11/22;1 Centro;14 Justicia;APODACA, CALLE, DE;14;Carga y descarga 360;Línea;2;10,8;LABORABLES DE 8 A 14 H. EXCEPTO CARGA Y DESCARGA. MÁX 45 MIN;-3.7003561640;40.4273012210
0104004;440662.8600000000;4475425.8900000000;21/11/22;1 Centro;14 Justicia;APODACA, CALLE, DE;22;Carga y descarga 360;Línea;2;13,78;LABORABLES DE 9 A 20 HORAS EXCEPTO CARGA Y DESCARGA. MÁX 45 MIN;-3.6995197030;40.4273533600
0104005;441056.3600000000;4475192.5300000000;01/09/22;1 Centro;14 Justicia;ARGENSOLA, CALLE, DE;12;Carga y descarga 360;Línea;3;15,81;LABORABLES DE 8 A 14 H. Y DE 16:30 A 19 H. EXCEPTO CARGA Y DESCARGA. MÁX 45 MIN;-3.6948594360;40.4252790810
0104006;441092.8600000000;4475270.0000000000;01/09/22;1 Centro;14 Justicia;ARGENSOLA, CALLE, DE;21;Carga y descarga 360;Línea;3;16;LABORABLES DE 8 A 14 H. Y DE 16:30 A 19 H.EXCEPTO CARGA Y DESCARGA. MÁX 45 MIN;-3.6944364210;40.4259796360
0104007;440791.8400000000;4474852.7800000000;31/08/22;1 Centro;14 Justicia;AUGUSTO FIGUEROA, CALLE, DE;22;Carga y descarga 360;Línea;2;14;LABORABLES DE 8 A 20 HORAS EXCEPTO CARGA Y DESCARGA. MÁX 45 MIN;-3.6979459030;40.4221993760
0104008;440825.8700000000;4474839.5600000000;31/08/22;1 Centro;14 Justicia;AUGUSTO FIGUEROA, CALLE, DE;24;Carga y descarga 360;Línea;5;25;LABORABLES DE 8 A 20 H EXCEPTO CARGA Y DESCARGA. MÁX 45 MIN;-3.6975436860;40.4220826070
0104009;441285.8200000000;4474982.6800000000;31/08/22;1 Centro;14 Justicia;BARBARA DE BRAGANZA, CALLE, DE;13;Carga y descarga 360;Línea;2;8;LABORABLES DE 8 A 14 H Y DE 16:30 A 19 H. EXCEPTO CARGA Y DESCARGA. MÁX 45 MIN;-3.6921353080;40.4234046500
0104010;440674.2100000000;4475370.7200000000;31/08/22;1 Centro;14 Justicia;BARCELO, CALLE, DE;4;Carga y descarga 360;Línea;3;18,5;LABORABLES  8 A 17H. EXCEPTO CARGA Y DESCARGA. MÁX 45 MIN;-3.6993808180;40.4268568920
0104012;440981.1100000000;4474716.1200000000;03/09/22;1 Centro;14 Justicia;BARQUILLO, CALLE, DEL;11;Carga y descarga 360;Línea;2;10,1;DE LUNES A VIERNES DE 9:30 A 14:30 Y DE 15:30 A 18:30 H. EXCEPTO CARGA Y DESCARGA. MÁX 45 MIN;-3.6957023140;40.4209818400
0104013;440981.6600000000;4474767.8300000000;21/11/22;1 Centro;14 Justicia;BARQUILLO, CALLE, DEL;15;Carga y descarga 360;Línea;3;15;LABORABLES DE 8 A 12 H.Y 16 A 18 H. EXCEPTO CARGA Y DESCARGA. MÁX 45 MIN;-3.6957007670;40.4214474830
0104014;440862.8800000000;4475097.8600000000;09/09/22;1 Centro;14 Justicia;BELEN, CALLE, DE;1;Carga y descarga 360;Línea;2;11;LABORABLES DE 8 A 14 H. Y DE 16:30 A 19 H. EXCEPTO CARGA Y DESCARGA. MÁX 45 MIN;-3.6971313860;40.4244124820
0104015;440983.3200000000;4475098.8700000000;09/09/22;1 Centro;14 Justicia;BELEN, CALLE, DE;22;Carga y descarga 360;Línea;2;12,3;LABORABLES DE 8 A 14 H. Y DE 16:30 A 19 H. EXCEPTO CARGA Y DESCARGA. MÁX 45 MIN;-3.6957118260;40.4244301290
0104016;440913.9600000000;4475034.2300000000;07/09/22;1 Centro;14 Justicia;BELEN, TRAVESIA, DE;1;Carga y descarga 360;Línea;2;12,6;LABORABLES DE 8 A 14 H. Y DE 16:30 A 19 H. EXCEPTO CARGA Y DESCARGA. MÁX 45 MIN;-3.6965233630;40.4238428480
0104017;441120.2100000000;4474958.4500000000;06/09/22;1 Centro;14 Justicia;CONDE DE XIQUENA, CALLE, DEL;10;Carga y descarga 360;Línea;2;7,83;LAB. DE 8 A 14 H. Y DE 16,30 A 19 H. EXCEPTO CARGA Y DESCARGA. MÁX 45 MIN;-3.6940851980;40.4231747220
0104018;440870.4100000000;4475251.7900000000;06/09/22;1 Centro;14 Justicia;FERNANDO VI, CALLE, DE;2;Carga y descarga 360;Línea;2;12,1;LABORABLES 8 A 14 H. EXCEPTO CARGA Y DESCARGA. MÁX 45 MIN;-3.6970569010;40.4257999570
0104019;440980.3000000000;4475148.1400000000;21/07/23;1 Centro;14 Justicia;FERNANDO VI, CALLE, DE;21;Carga y descarga 360;Línea;5;25;LABORABLES DE 8 A 14 H. Y DE 16:30 A 19H. EXCEPTO CARGA Y DESCARGA. MÁX 45 MIN;-3.6957519900;40.4248741140
0104020;440462.3100000000;4475491.8300000000;07/09/22;1 Centro;14 Justicia;FUENCARRAL, CALLE, DE;98;Carga y descarga 360;Línea;5;24,8;LABORABLES DE 8 A 17 H. EXCEPTO CARGA Y DESCARGA. MÁX 45 MIN;-3.7018899720;40.4279330790
0104021;441106.1700000000;4475362.0100000000;06/09/22;1 Centro;14 Justicia;GENOVA, CALLE, DE;14;Carga y descarga 360;Línea;5;25,4;LABORABLES DE 8 A 14 H. Y DE 16:30 A 19 H. EXCEPTO CARGA Y DESCARGA. MÁX 45 MIN;-3.6942880830;40.4268092220
0104022;441310.1600000000;4475216.9800000000;16/06/23;1 Centro;14 Justicia;GENOVA, CALLE, DE;28;Carga y descarga 360;Línea;5;22,1;LABORABLES DE LUNES A VIERNES DE 8 A 17 H. EXCEPTO CARGA Y DESCARGA. MÁX 45 MIN;-3.6918700860;40.4255175460
0104023;440853.6000000000;4474923.2700000000;07/09/22;1 Centro;14 Justicia;GRAVINA, CALLE, DE;12;Carga y descarga 360;Línea;2;11,4;LAB. DE 8 A 14 H. Y DE 16,30 A 19 H. EXCEPTO CARGA Y DESCARGA. MÁX 45 MIN ;-3.6972246630;40.4228390260
0104024;440524.1100000000;4474643.1800000000;07/09/22;1 Centro;14 Justicia;HORTALEZA, CALLE, DE;3;Carga y descarga 360;Línea;3;16,7;DE 19 A 9 H. EXCEPTO CARGA Y DESCARGA. MÁX 45 MIN;-3.7010822740;40.4202924000
0104025;440541.2200000000;4474679.4700000000;08/09/22;1 Centro;14 Justicia;HORTALEZA, CALLE, DE;7;Carga y descarga 360;Línea;3;16,3;LABORABLES DE 8 A 14 H. Y 16:30 A 19H. EXCEPTO CARGA Y DESCARGA. MÁX 45 MIN;-3.7008839160;40.4206202470
0104026;440573.0300000000;4474739.9700000000;07/09/22;1 Centro;14 Justicia;HORTALEZA, CALLE, DE;18;Carga y descarga 360;Línea;3;15;LABORABLES DE 8 A 14 H. Y DE 16:30 A 19 H. EXCEPTO CARGA Y DESCARGA. MÁX 45 MIN;-3.7005145300;40.4211681090
0104027;440632.4900000000;4474842.7300000000;21/11/22;1 Centro;14 Justicia;HORTALEZA, CALLE, DE;33;Carga y descarga 360;Línea;4;22;LABORABLES DE 8 A 14 H. Y 16:30 A 19 H. EXCEPTO CARGA Y DESCARGA MÁX 45 MIN;-3.6998233710;40.4220979050
0104028;440714.7500000000;4474987.7000000000;21/11/22;1 Centro;14 Justicia;HORTALEZA, CALLE, DE;59;Carga y descarga 360;Línea;2;14,1;LABORABLES DE 8 A 17 H. EXCEPTO CARGA Y DESCARGA MÁX 45 MIN;-3.6988672190;40.4234095770
0104029;440723.0300000000;4475004.4100000000;21/11/22;1 Centro;14 Justicia;HORTALEZA, CALLE, DE;61;Carga y descarga 360;Línea;2;8,39;LABORABLES DE 8 A 17 H. EXCEPTO CARGA Y DESCARGA MÁX 45 MIN;-3.6987711910;40.4235607230
0104030;440845.6300000000;4474615.3000000000;07/09/22;1 Centro;14 Justicia;INFANTAS, CALLE, DE LAS;27;Carga y descarga 360;Línea;1;4,96;LAB. DE 8 A 14 H. Y DE 16,30 A 19 H. EXCEPTO CARGA Y DESCARGA MÁX 45 MIN ;-3.6972899230;40.4200645350
0104031;440862.7800000000;4474859.9900000000;07/09/22;1 Centro;14 Justicia;LIBERTAD, CALLE, DE LA;30;Carga y descarga 360;Línea;2;12,3;LAB. DE 8 A 14 H. Y DE 16,30 A 19 H. EXCEPTO CARGA Y DESCARGA MÁX 45 MIN;-3.6971104160;40.4222693910
0104032;440897.6600000000;4474924.7400000000;07/09/22;1 Centro;14 Justicia;LUIS DE GONGORA, CALLE, DE;2;Carga y descarga 360;Línea;2;10,1;LAB. DE 8 A 14 H. Y DE 16,30 A 19 H. EXCEPTO CARGA Y DESCARGA. MÁX 45 MIN;-3.6967053920;40.4228552400
0104033;440868.2700000000;4474518.8500000000;30/06/23;1 Centro;14 Justicia;MARQUES DE VALDEIGLESIAS, CALLE, DEL;2;Carga y descarga 360;Línea;3;15;LABORABLES DE 8 A 14 H. Y DE 16,30 A 19 H. EXCEPTO CARGA Y DESCARGA;-3.6970139870;40.4191965040
0104034;440684.4000000000;4474811.0000000000;09/09/22;1 Centro;14 Justicia;PELAYO, CALLE, DE;1;Carga y descarga 360;Línea;3;15,2;LAB. DE 8 A 14 H.Y DE 16,30 A 19 H.EXCEPTO CARGA Y DESCARGA. MÁX 45 MIN;-3.6992085870;40.4218157800
0104035;440980.5700000000;4474954.9200000000;14/06/23;1 Centro;14 Justicia;PIAMONTE, CALLE, DEL;11;Carga y descarga 360;Línea;2;11,7;LABORABLES  DE 8 A 14 H. Y DE 16:30 A 19 H. EXCEPTO CARGA Y DESCARGA. MÁX 45 MIN;-3.6957308480;40.4231335260
0104036;441068.3000000000;4475115.9000000000;08/09/22;1 Centro;14 Justicia;SALESAS, PLAZA, DE LAS;3;Carga y descarga 360;Batería;1;4;LABORABLES DE 8 A 20 H EXCEPTO CARGA Y DESCARGA. MÁX 45 MIN;-3.6947116700;40.4245897550
0104037;441069.1000000000;4475034.8600000000;08/09/22;1 Centro;14 Justicia;SALESAS, PLAZA, DE LAS;9;Carga y descarga 360;Línea;3;15,01;LABORABLES DE 8 A 14 H. Y DE 16:30 A 19 H. EXCEPTO CARGA Y DESCARGA. MÁX 45 MIN;-3.6946947110;40.4238599220
0104038;440832.8200000000;4474957.3600000000;08/09/22;1 Centro;14 Justicia;SAN GREGORIO, CALLE, DE;2;Carga y descarga 360;Línea;2;12,8;LAB. DE 8 A 14 H. Y DE 16,30 A 19 H. EXCEPTO CARGA Y DESCARGA. MÁX 45 MIN;-3.6974726390;40.4231445270
0104039;440740.2200000000;4475161.2500000000;08/09/22;1 Centro;14 Justicia;SAN LORENZO, CALLE, DE;13;Carga y descarga 360;Línea;3;15;LABORABLES DE 8 A 14 H. Y DE 16:30 A 19 H. EXCEPTO CARGA Y DESCARGA. MÁX 45 MIN;-3.6985832040;40.4249750700
0104040;440886.5800000000;4475022.1200000000;21/11/22;1 Centro;14 Justicia;SAN LUCAS, CALLE, DE;3;Carga y descarga 360;Línea;3;15;LABORABLES DE 8 A 17 HORAS EXCEPTO CARGA Y DESCARGA. MÁX 45 MIN;-3.6968450790;40.4237318080
0104041;440956.3800000000;4475016.4400000000;08/09/22;1 Centro;14 Justicia;SAN LUCAS, CALLE, DE;6;Carga y descarga 360;Línea;2;11,8;LABORABLES DE 8 A 14 H. Y DE 16:30 A 19 H. EXCEPTO CARGA Y DESCARGA. MÁX 45 MIN;-3.6960217960;40.4236859150
0104043;440657.5700000000;4475210.8100000000;21/11/22;1 Centro;14 Justicia;SAN MATEO, CALLE, DE;12;Carga y descarga 360;Línea;2;12,92;LABORABLES DE 8 A 11 H Y DE 14,30 A 17,30 HEXCEPTO CARGA Y DESCARGA. MÁX 45 MIN;-3.6995620450;40.4254151580
0104044;440744.2300000000;4475260.7300000000;08/09/22;1 Centro;14 Justicia;SAN MATEO, CALLE, DE;24;Carga y descarga 360;Línea;2;12,3;LABORABLES DE 8 A 14 H. Y DE 16:30 A 19 H. EXCEPTO CARGA Y DESCARGA. MÁX 45 MIN;-3.6985452160;40.4258708890
0104045;440791.6200000000;4475179.7700000000;08/09/22;1 Centro;14 Justicia;SAN MATEO, TRAVESIA, DE;14;Carga y descarga 360;Línea;2;10,5;LABORABLES DE 8 A 14 H. Y DE 16:30 A 19 H. EXCEPTO CARGA Y DESCARGA MÁX 45 MIN;-3.6979790770;40.4251457540
0104047;440653.7800000000;4475107.4000000000;12/09/22;1 Centro;14 Justicia;SANTA BRIGIDA, CALLE, DE;13;Carga y descarga 360;Línea;3;13;LABORABLES DE 8 A 14 H. Y DE 16:30 A 19 H.EXCEPTO CARGA Y DESCARGA. MÁX 45 MIN;-3.6995971100;40.4244837580
0104048;441037.4200000000;4475193.0400000000;12/09/22;1 Centro;14 Justicia;SANTA TERESA, CALLE, DE;11;Carga y descarga 360;Línea;2;9;LABORABLES DE 8 A 14 H. Y DE 16:30 A 19 H. EXCEPTO CARGA Y DESCARGA. MÁX 45 MIN;-3.6950828900;40.4252825190
0104049;441024.6100000000;4474967.7700000000;09/09/22;1 Centro;14 Justicia;SANTO TOME, CALLE, DE;1;Carga y descarga 360;Línea;3;13,01;LABORABLES DE 8 A 14 H. Y DE 16:30 A 20 H. EXCEPTO CARGA Y DESCARGA. MÁX 45 MIN;-3.6952129510;40.4232519560
0104050;440773.0900000000;4474622.0000000000;21/11/22;1 Centro;14 Justicia;VICTOR HUGO, CALLE, DE;5;Carga y descarga 360;Línea;2;10;DE LUNES A VIERNES DE 9 A 14 H. Y DE 16,30 A 20 H. SÁBADOS DE 8 A 15 H. EXCEPTO CARGA Y DESCARGA. MÁX 45 MIN;-3.6981455210;40.4201197110
0104051;440596.4700000000;4474779.4700000000;06/09/23;1 Centro;14 Justicia;HORTALEZA, CALLE, DE;19;Carga y descarga 360;Línea;4;13,3;DE 8 A 22 H. EXCEPTO CARGA Y DESCARGA SUBIDA Y BAJADA DE VIAJEROS. TIEMPO MÁXIMO 30 MINUTOS.;-3.7002419160;40.4215253480
0104054;440863.4900000000;4474615.5700000000;09/02/24;1 Centro;14 Justicia;INFANTAS, CALLE, DE LAS;29;Carga y descarga 360;Línea;3;15,8;LABORABLES DE 8 A 14 H. Y DE 16,30 A 19 H. EXCEPTO CARGA Y DESCARGA  MÁXIMO 45 MINUTOS;-3.6970793610;40.4200679150
0104055;440614.5700000000;4475355.9900000000;10/02/25;1 Centro;14 Justicia;BARCELO, CALLE, DE;9;Carga y descarga 360;Línea;6;30;LABORABLES DE 8 A 20 HORAS EXCEPTO CARGA Y DESCARGA MÁXIMO 45 MINUTOS;-3.7000824620;40.4267197830
0105001;439910.5700000000;4475291.1600000000;01/09/22;1 Centro;15 Universidad;ACUERDO, CALLE, DEL;5;Carga y descarga 360;Línea;3;14,1;LABORABLES DE 8 A 17 H. EXCEPTO CARGA Y DESCARGA. MÁX 45 MIN;-3.7083749950;40.4260852330
0105003;439952.9100000000;4475608.0400000000;01/09/22;1 Centro;15 Universidad;ACUERDO, CALLE, DEL;33;Carga y descarga 360;Línea;3;16,8;LABORABLES DE 8 A 17 H. EXCEPTO CARGA Y DESCARGA. MÁX 45 MIN ;-3.7079059720;40.4289436040
0105004;439962.5100000000;4475678.7200000000;01/09/22;1 Centro;15 Universidad;ACUERDO, CALLE, DEL;41;Carga y descarga 360;Línea;2;10,4;LABORABLES DE 8 A 14 H.  Y DE 16,30 A 19 H. EXCEPTO CARGA Y DESCARGA. MÁX 45 MIN ;-3.7077994020;40.4295805620
0105005;439840.5300000000;4475169.3000000000;01/09/22;1 Centro;15 Universidad;AMANIEL, CALLE, DE;2;Carga y descarga 360;Línea;1;7;LABORABLES DE 8 A 17 H. EXCEPTO CARGA Y DESCARGA. MÁX 45 MIN;-3.7091891680;40.4249826900
0105006;439827.4800000000;4475360.7700000000;01/09/22;1 Centro;15 Universidad;AMANIEL, CALLE, DE;26;Carga y descarga 360;Línea;3;19,2;LABORABLES DE 8 A 14 H. Y DE 16:30 A 19 H. EXCEPTO CARGA Y DESCARGA. MÁX 45 MIN;-3.7093611700;40.4267069490
0105007;440348.5300000000;4474916.1200000000;22/11/22;1 Centro;15 Universidad;BALLESTA, CALLE, DE LA;28;Carga y descarga 360;Línea;2;15,2;LABORABLES DE 9 A 20 H EXCEPTO CARGA Y DESCARGA. MÁX 45 MIN;-3.7031772360;40.4227382420
0105009;440451.8800000000;4475034.2500000000;31/08/22;1 Centro;15 Universidad;COLON, CALLE, DE;15;Carga y descarga 360;Línea;2;15;LABORABLES DE 8 A 14 H. Y DE 16,30 A 19H. EXCEPTO CARGA Y DESCARGA. MÁX 45 MIN;-3.7019700720;40.4238103040
0105010;440219.3100000000;4474724.2100000000;02/09/22;1 Centro;15 Universidad;CONCEPCION ARENAL, CALLE, DE;8;Carga y descarga 360;Línea;2;10,2;LABORABLES DE 8 A 14 H. Y DE 16,30 A 19H. EXCEPTO CARGA Y DESCARGA. MÁX 45 MIN;-3.7046823970;40.4210001750
0105011;439855.9300000000;4475684.2800000000;17/04/26;1 Centro;15 Universidad;CONDE DUQUE, CALLE, DEL;23;Carga y descarga 360;Batería;5;15;LABORABLES DE 8 A 14 H. Y DE 16,30 A 19 H. EXCEPTO CARGA Y DESCARGA. MÁX 45 MIN;-3.7090563560;40.4296233040
0105012;439760.5100000000;4475484.1000000000;02/09/22;1 Centro;15 Universidad;CONDE DUQUE, CALLE, DEL;30;Carga y descarga 360;Línea;2;10;LABORABLES DE 8 A 17 H. EXCEPTO CARGA Y DESCARGA. MÁX 45 MIN;-3.7101622220;40.4278127000
0105013;439755.1100000000;4475276.9900000000;02/09/22;1 Centro;15 Universidad;CONDE DUQUE, TRAVESIA, DEL;7;Carga y descarga 360;Línea;2;10;LABORABLES DE 8 A 14 HORAS Y DE 16:30 A 19 HORAS EXCEPTO CARGA Y DESCARGA. MÁX 45 MIN.;-3.7102062250;40.4259467490
0105014;440202.8300000000;4474792.1000000000;05/09/22;1 Centro;15 Universidad;CORREDERA BAJA DE SAN PABLO, CALLE, DE LA;1;Carga y descarga 360;Línea;2;12,6;LABORABLES DE 8 A 14 H. Y DE 16:30 A 19H. EXCEPTO CARGA Y DESCARGA. MÁX 45 MIN;-3.7048830460;40.4216112340
0105015;440352.5700000000;4474946.3200000000;22/11/22;1 Centro;15 Universidad;CORREDERA BAJA DE SAN PABLO, CALLE, DE LA;41;Carga y descarga 360;Línea;2;15;LABORABLES DE 8 A 14 H. Y DE 16:30 A 19H. EXCEPTO CARGA Y DESCARGA. MÁX 45 MIN;-3.7031324880;40.4230113710
0105016;440387.7000000000;4474985.8200000000;22/11/22;1 Centro;15 Universidad;CORREDERA BAJA DE SAN PABLO, CALLE, DE LA;49;Carga y descarga 360;Línea;2;10,91;LABORABLES DE 8 A 14 H. Y DE 16:30 A 19H. EXCEPTO CARGA Y DESCARGA MÁX 45 MIN;-3.7027221930;40.4233695270
0105017;440414.8200000000;4475030.8500000000;08/09/22;1 Centro;15 Universidad;CORREDERA BAJA DE SAN PABLO, CALLE, DE LA;53;Carga y descarga 360;Línea;3;17,7;LABORABLES DE 8 A 14 H. Y DE 16:30 A 19H. EXCEPTO CARGA Y DESCARGA MÁX 45 MIN;-3.7024066080;40.4237770720
0105018;439610.7200000000;4475265.5500000000;03/09/22;1 Centro;15 Universidad;CRISTINO MARTOS, PLAZA, DE;3;Carga y descarga 360;Línea;2;12;LABORABLES DE 8 A 20 H. EXCEPTO CARGA Y DESCARGA. MÁX 45 MIN;-3.7119072220;40.4258329020
0105019;440329.3600000000;4474710.8400000000;22/11/22;1 Centro;15 Universidad;DESENGAÑO, CALLE, DEL;7;Carga y descarga 360;Línea;2;10,04;LABORABLES DE LUNES A VIERNES DE 08 A 20 H, SÁBADOS DE 8 A 15 H EXCEPTO CARGA Y DESCARGA. MÁX 45 MIN;-3.7033839600;40.4208881040
0105020;440426.3700000000;4475099.2800000000;15/06/23;1 Centro;15 Universidad;DON FELIPE, CALLE, DE;1;Carga y descarga 360;Línea;2;15;LABORABLES DE 8 A 14 H. Y DE 16:30 A 19 H. EXCEPTO CARGA Y DESCARGA MÁX 45 MIN;-3.7022769480;40.4243942620
0105021;440264.5300000000;4475280.9900000000;22/11/22;1 Centro;15 Universidad;DOS DE MAYO, CALLE, DEL;4;Carga y descarga 360;Línea;2;11,4;LABORABLES DE 8 A 17 H. EXCEPTO CARGA Y DESCARGA. MÁX 45 MIN;-3.7042017420;40.4260195140
0105023;440556.4100000000;4475099.8300000000;05/09/22;1 Centro;15 Universidad;FUENCARRAL, CALLE, DE;61;Carga y descarga 360;Línea;2;10;LABORABLES DE 8 A 19 HORAS EXCEPTO CARGA Y DESCARGA. MÁX 45 MIN;-3.7007441710;40.4244079560
0105024;440537.2000000000;4475207.0700000000;22/11/22;1 Centro;15 Universidad;FUENCARRAL, CALLE, DE;79;Carga y descarga 360;Línea;2;10,2;LABORABLES DE 8 A 14 H. Y DE 16:30 A 19H. EXCEPTO CARGA Y DESCARGA MÁX 45 MIN;-3.7009806310;40.4253733900
0105025;440181.2000000000;4475034.5200000000;06/09/22;1 Centro;15 Universidad;JESUS DEL VALLE, CALLE, DE;2;Carga y descarga 360;Línea;2;11,34;LABORABLES DE 8 A 14 HORAS Y DE 16:30 A 19 HORAS EXCEPTO CARGA Y DESCARGA. MÁX 45 MIN;-3.7051608160;40.4237930000
0105026;440347.7400000000;4475181.0900000000;06/09/22;1 Centro;15 Universidad;JESUS DEL VALLE, CALLE, DE;40;Carga y descarga 360;Línea;2;12,15;LABORABLES DE 8 A 14 H. Y DE 16,30 A 19 H. EXCEPTO CARGA Y DESCARGA. MÁX 45 MIN;-3.7032114420;40.4251251270
0105027;439733.9100000000;4475056.0800000000;05/09/22;1 Centro;15 Universidad;MAESTRO GUERRERO, CALLE, DEL;2;Carga y descarga 360;Línea;3;15;LUNES A SÁBADOS DE 8 A 14.30 H. EXCEPTO CARGA Y DESCARGA. MÁX 45 MIN ;-3.7104352370;40.4239554910
0105028;440357.4500000000;4475564.2400000000;05/09/22;1 Centro;15 Universidad;MANUELA MALASAÑA, CALLE, DE;9;Carga y descarga 360;Línea;3;16,42;LABORABLES DE 8 A 14 H. Y DE 16,30 A 19 H. EXCEPTO CARGA Y DESCARGA. MÁX 45 MIN;-3.7031330040;40.4285775990
0105029;440187.6100000000;4475415.8300000000;02/09/22;1 Centro;15 Universidad;MONTELEON, CALLE, DE;2;Carga y descarga 360;Línea;3;15,88;LABORABLES DE 8 A 14 H. Y DE 16:30 A 19 H. EXCEPTO CARGA Y DESCARGA. MÁX 45 MIN;-3.7051210530;40.4272282830
0105031;440004.5100000000;4475329.9900000000;21/05/24;1 Centro;15 Universidad;NORTE, CALLE, DEL;17;Carga y descarga 360;Línea;2;5;LABORABLES DE 8 A 17 H. EXCEPTO CARGA Y DESCARGA. MÁX 45 MIN  USO EXCLUSIVO MOTOS FUERA DE HORARIO DE CARGA Y DESCARGA;-3.7072713640;40.4264417840
0105032;439803.4900000000;4475255.8900000000;29/09/22;1 Centro;15 Universidad;CONDE DUQUE, TRAVESIA, DEL;3;Carga y descarga 360;Línea;2;11;LABORABLES DE 8 A 17 HORAS EXCEPTO CARGA Y DESCARGA. MÁX 45 MIN;-3.7096340120;40.4257602510
0105033;440242.2000000000;4474956.9900000000;22/11/22;1 Centro;15 Universidad;PEZ, CALLE, DEL;8;Carga y descarga 360;Línea;2;12;LABORABLES  DE 8 A 14 H. Y DE 16:30 A 19 H. EXCEPTO CARGA Y DESCARGA. MÁX 45 MIN;-3.7044345350;40.4230991480
0105034;440071.1600000000;4475080.6400000000;05/09/22;1 Centro;15 Universidad;PEZ, CALLE, DEL;36;Carga y descarga 360;Línea;4;21,56;LABORABLES DE 8 A 14 H. Y DE 16,30 A 19 H.EXCEPTO CARGA Y DESCARGA. MÁX 45 MIN;-3.7064623470;40.4242005450
0105035;440299.9900000000;4474863.3300000000;05/09/22;1 Centro;15 Universidad;PUEBLA, CALLE, DE LA;15;Carga y descarga 360;Línea;1;5,3;LABORABLES DE 8 A 14 H. Y DE 16:30 A 19 H. EXCEPTO CARGA Y DESCARGA. MÁX 45 MIN  ;-3.7037445220;40.4222597080
0105036;439886.9200000000;4475099.5300000000;05/09/22;1 Centro;15 Universidad;REYES, CALLE, DE LOS;3;Carga y descarga 360;Línea;1;7,5;LABORABLES DE 8 A 15 H. EXCEPTO CARGA Y DESCARGA. MÁX 45 MIN;-3.7086357480;40.4243572490
0105041;440318.2000000000;4475416.0300000000;08/09/22;1 Centro;15 Universidad;SAN ANDRES, CALLE, DE;24;Carga y descarga 360;Línea;2;12,02;LABORABLES DE 8 A 17 H. EXCEPTO CARGA Y DESCARGA. MÁX 45 MIN;-3.7035817450;40.4272394560
0105042;440331.4900000000;4475503.2100000000;19/10/22;1 Centro;15 Universidad;SAN ANDRES, CALLE, DE;36;Carga y descarga 360;Línea;2;12;LABORABLES DE LUNES A VIERNES DE 15 A 20 H. EXCEPTO CARGA Y DESCARGA MÁX 45 MIN;-3.7034332910;40.4280259550
0105043;439728.8000000000;4475193.6500000000;07/09/22;1 Centro;15 Universidad;SAN BERNARDINO, CALLE, DE;7;Carga y descarga 360;Línea;3;14,3;LABORABLES DE 9 A 14 H Y DE 16:30 A 19 H. EXCEPTO CARGA Y DESCARGA. MÁX 45 MIN;-3.7105084610;40.4251942830
0105044;439989.6000000000;4474989.8800000000;25/11/22;1 Centro;15 Universidad;SAN BERNARDO, CALLE, DE;30;Carga y descarga 360;Línea;2;17,3;LABORABLES DE 8 A 14 H. Y DE 16:30 A 19 H. EXCEPTO CARGA Y DESCARGA. MÁX 45 MIN;-3.7074150040;40.4233770900
0105045;439995.4100000000;4475162.2800000000;16/12/22;1 Centro;15 Universidad;SAN BERNARDO, CALLE, DE;48;Carga y descarga 360;Línea;2;12,3;LABORABLES DE LUNES A SÁBADOS DE 8 A 15H EXCEPTO CARGA Y DESCARGA. MÁX 45 MIN;-3.7073628650;40.4249304930
0105046;440039.5000000000;4475311.5900000000;07/09/22;1 Centro;15 Universidad;SAN BERNARDO, CALLE, DE;64;Carga y descarga 360;Línea;2;7,88;LABORABLES DE 8 A 17 H. EXCEPTO CARGA Y DESCARGA. MÁX 45 MIN;-3.7068572300;40.4262789500
0105047;440091.8600000000;4475446.7800000000;07/09/22;1 Centro;15 Universidad;SAN BERNARDO, CALLE, DE;72;Carga y descarga 360;Línea;2;12;LABORABLES DE 8 A 17 HORAS EXCEPTO CARGA Y DESCARGA. MÁX 45 MIN;-3.7062527020;40.4275005530
0105048;440087.5300000000;4475525.1000000000;07/09/22;1 Centro;15 Universidad;SAN BERNARDO, CALLE, DE;83;Carga y descarga 360;Línea;4;20;LABORABLES DE 8 A 17 HORAS EXCEPTO CARGA Y DESCARGA. MÁX 45 MIN;-3.7063112010;40.4282054060
0105050;440436.6100000000;4475080.9500000000;06/09/22;1 Centro;15 Universidad;SAN ILDEFONSO, PLAZA, DE;5;Carga y descarga 360;Línea;3;15,99;LABORABLES DE 8 A 14 H. Y DE 16:30 A 19 H. EXCEPTO CARGA Y DESCARGA. MÁX 45 MIN;-3.7021543920;40.4242295940
0105051;439441.1400000000;4475749.5000000000;06/09/22;1 Centro;15 Universidad;SERRANO JOVER, CALLE, DE;8;Carga y descarga 360;Línea;3;15;LABORABLES DE 9 A 14 H. Y DE 14,30 A 19 H.EXCEPTO CARGA Y DESCARGA. MÁX 45 MIN;-3.7139522810;40.4301806780
0105052;440059.3100000000;4474732.2000000000;05/09/22;1 Centro;15 Universidad;SILVA, CALLE, DE;10;Carga y descarga 360;Línea;4;20;LABORABLES DE 8 A 14 H. Y DE 16:30 A 19 H. EXCEPTO CARGA Y DESCARGA. MÁX 45 MIN;-3.7065690320;40.4210605650
0105053;440137.9200000000;4474823.2200000000;06/05/26;1 Centro;15 Universidad;SILVA, CALLE, DE;25;Carga y descarga 360;Línea;3;15;LABORABLES DE LUNES A VIERNES DE 8 A 14 H. Y DE 16:30 A 19 H. SÁBADOS LABORABLES DE 8 A 15 H. EXCEPTO CARGA Y DESCARGA MÁX 45 MIN.  SÁBADOS LABORABLES DE 16:45 A 18:45 H. EXCEPTO SERVICIO PUNTO LIMPIO;-3.7056510960;40.4218868270
0105054;440103.9300000000;4474708.7200000000;05/09/22;1 Centro;15 Universidad;TUDESCOS, CALLE, DE LOS;1;Carga y descarga 360;Línea;5;28,2;LABORABLES DE 8 a 17 H EXCEPTO CARGA Y DESCARGA. MÁX 45 MIN;-3.7060408790;40.4208525240
0105055;440438.5300000000;4474740.0300000000;15/06/23;1 Centro;15 Universidad;VALVERDE, CALLE, DE;11;Carga y descarga 360;Línea;2;10,7;LABORABLES DE 8 A 14 Y DE 16:30 A 19 H. EXCEPTO CARGA Y DESCARGA. MÁX 45 MIN;-3.7020999610;40.4211586550
0105056;440457.2700000000;4474811.0700000000;06/09/22;1 Centro;15 Universidad;VALVERDE, CALLE, DE;20;Carga y descarga 360;Línea;2;12;LABORABLES DE 8 A 14 Y DE 16:30 A 19 H. EXCEPTO CARGA Y DESCARGA. MÁX 45 MIN;-3.7018856750;40.4217998520
0105057;440467.6100000000;4474863.4100000000;06/09/22;1 Centro;15 Universidad;VALVERDE, CALLE, DE;21;Carga y descarga 360;Línea;2;11,5;LABORABLES DE 8 A 14 Y DE 16:30 A 19 H. EXCEPTO CARGA Y DESCARGA. MÁX 45 MIN;-3.7017686770;40.4222721410
0105058;439806.4200000000;4474973.8900000000;14/12/23;1 Centro;15 Universidad;RICARDO LEON, CALLE, DE;7;Carga y descarga 360;Batería;6;20;LABORABLES DE LUNES A VIERNES DE 0 A 11 HORAS, EXCEPTO CARGA Y DESCARGA MÁXIMO 45 MINUTOS;-3.7095727630;40.4232199280
0105059;439807.4200000000;4474999.1600000000;14/12/23;1 Centro;15 Universidad;GENERAL MITRE, CALLE, DEL;4;Carga y descarga 360;Línea;4;20;LABORABLES DE LUNES A VIERNES DE 0 A 11 HORAS, EXCEPTO CARGA Y DESCARGA MÁXIMO 45 MINUTOS;-3.7095634240;40.4234472200
0106001;440258.9200000000;4474532.7100000000;19/08/22;1 Centro;16 Sol;ABADA, CALLE, DE LA;8;Carga y descarga 360;Línea;2;12,2;LAB. DE 8 A 20 h.EXCEPTO: CARGA Y DESCARGA MÁX 45 MIN.;-3.7041976740;40.4192780930
0106002;440209.6100000000;4474002.2600000000;19/08/22;1 Centro;16 Sol;ATOCHA, CALLE, DE;10;Carga y descarga 360;Línea;3;15,46;LABORABLES DE 8 A 17 H. MÁX 45 MINUTOS;-3.7047288060;40.4144961300
0106003;440247.0500000000;4473987.7800000000;19/08/22;1 Centro;16 Sol;ATOCHA, CALLE, DE;14;Carga y descarga 360;Línea;2;14;LABORABLES DE 8 A 14 H. Y DE 16:30 A 19 H. EXCEPTO CARGA Y DESCARGA MÁX 45 MIN;-3.7042863110;40.4143685890
0106004;439945.7400000000;4474205.6200000000;19/08/22;1 Centro;16 Sol;BORDADORES, CALLE, DE LOS;1;Carga y descarga 360;Línea;2;10,25;LABORABLES DE 8 A 15 H. EXCEPTO CARGA Y DESCARGA MÁX 45 MIN;-3.7078580720;40.4163092550
0106005;440112.6600000000;4474311.5500000000;19/08/22;1 Centro;16 Sol;CELENQUE, PLAZA, DEL;3;Carga y descarga 360;Línea;4;20,5;LABORABLES DE LUNES A VIERNES DE 8 A 17 H. EXCEPTO CARGA Y DESCARGA MÁX 45 MIN;-3.7059006190;40.4172752620
0106006;440297.6100000000;4474566.4200000000;22/08/22;1 Centro;16 Sol;CHINCHILLA, CALLE, DE;6;Carga y descarga 360;Línea;2;12,7;LABORABLES DE 8 A 14 H. EXCEPTO CARGA Y DESCARGA MÁX 45 MIN;-3.7037445790;40.4195846250
0106007;439929.3200000000;4473982.4000000000;22/08/22;1 Centro;16 Sol;CUCHILLEROS, CALLE, DE LOS;15;Carga y descarga 360;Línea;4;23;LABORABLES DE 8 A 14 H. Y DE 16:30 A 19H. EXCEPTO CARGA Y DESCARGA MÁX 45 MIN;-3.7080304180;40.4142973710
0106008;440179.8500000000;4474179.0600000000;22/08/22;1 Centro;16 Sol;ESPARTEROS, CALLE, DE;3;Carga y descarga 360;Línea;1;6;LABORABLES DE 8 A 14 H. Y DE 16.30 A 19 H. EXCEPTO CARGA Y DESCARGA MÁX 45 MIN ;-3.7050963010;40.4160865460
0106009;440166.8000000000;4474129.9700000000;22/08/22;1 Centro;16 Sol;ESPARTEROS, CALLE, DE;7;Carga y descarga 360;Línea;2;8,8;LABORABLES DE 8 A 14 H. Y DE 16:30 A 19 H. EXCEPTO CARGA Y DESCARGA MÁX 45 MIN;-3.7052454420;40.4156436500
0106010;440010.7700000000;4474000.1400000000;22/08/22;1 Centro;16 Sol;IMPERIAL, CALLE;7;Carga y descarga 360;Línea;2;12,4;LABORABLES DE 8 A 17 H. EXCEPTO CARGA Y DESCARGA MÁX 45 MIN;-3.7070721460;40.4144623830
0106011;439981.7000000000;4474189.7200000000;22/08/22;1 Centro;16 Sol;MAYOR, CALLE;31;Carga y descarga 360;Línea;7;34,6;LABORABLES DE 8 A 15 H.EXCEPTO: CARGA Y DESCARGA. MÁX 45 MIN;-3.7074327090;40.4161687660
0106012;440264.2400000000;4474598.1800000000;23/08/22;1 Centro;16 Sol;MESONERO ROMANOS, CALLE, DE;11;Carga y descarga 360;Línea;6;29,67;LABORABLES DE 8 A 14 H. Y DE 16,30 A 19 H. EXCEPTO CARGA Y DESCARGA MÁX 45 MIN;-3.7041410660;40.4198686980
0106013;440350.0900000000;4474554.4900000000;22/08/22;1 Centro;16 Sol;SALUD, CALLE, DE LA;8;Carga y descarga 360;Línea;4;23,1;LABORABLES DE 8 A 14 H. Y DE 16:30 A 19 H. EXCEPTO CARGA Y DESCARGA MÁX 45 MIN;-3.7031249830;40.4194807480
0106014;440370.7000000000;4474434.2400000000;25/06/25;1 Centro;16 Sol;SAN ALBERTO, CALLE, DE;5;Carga y descarga 360;Línea;3;16;PERMITIDO CARGA Y DESCARGA LABORABLES DE LUNES A VIERNES DE 0 A 11 HORAS MÁX 45 MINUTOS ;-3.7028707610;40.4183991760
0106015;440369.0700000000;4474545.6200000000;22/08/22;1 Centro;16 Sol;TRES CRUCES, CALLE, DE LAS;5;Carga y descarga 360;Línea;3;14,3;LABORABLES DE 8 A 17 H. EXCEPTO CARGA Y DESCARGA MÁX 45 MIN;-3.7029004410;40.4194024250
0106016;440002.2000000000;4474460.9100000000;20/12/22;1 Centro;16 Sol;TRUJILLOS, TRAVESIA, DE LOS;1;Carga y descarga 360;Línea;4;19,61;DE 8 A 15 HORAS. EXCEPTO CARGA Y DESCARGA Y SUBIDA Y BAJADA DE VIAJEROS. MÁX 45 MIN;-3.7072165890;40.4186125450
 Sin Datos;439237.6700000000;4472820.7100000000;18/03/26;2 Arganzuela;21 Imperial;NATI MISTRAL, CALLE, DE;S/N;Carga y descarga 360;Línea;2;10;LAB. DE 8 A 14 H. EXCEPTO CARGA Y DESCARGA MÁXIMO 45 MINUTOS;-3.7160711360;40.4037817620
0201001;438991.6600000000;4473010.2000000000;26/09/22;2 Arganzuela;21 Imperial;COBOS DE SEGOVIA, CALLE, DE;7;Carga y descarga 360;Línea;2;10,2;LABORABLES DE 8 A 14 H. Y DE 16,30 A 19 H. EXCEPTO CARGA Y DESCARGA MÁXIMO 45 MINUTOS;-3.7189882360;40.4054704980
0201002;439303.3200000000;4473236.9300000000;22/12/22;2 Arganzuela;21 Imperial;GIL IMON, TRAVESIA, DE;1;Carga y descarga 360;Línea;2;12,4;LABORABLES DE 8 A 14 H. Y DE 16:30 A 19 H. EXCEPTO CARGA Y DESCARGA MÁXIMO 45 MINUTOS ;-3.7153371200;40.4075364120
0201003;439144.2900000000;4473242.9800000000;26/09/22;2 Arganzuela;21 Imperial;IMPERIAL, PASEO;20;Carga y descarga 360;Línea;2;10;LABORABLES DE 8 A 19 H. EXCEPTO CARGA Y DESCARGA MÁXIMO 45 MINUTOS;-3.7172118380;40.4075788680
0201004;439156.5300000000;4473255.6000000000;26/09/22;2 Arganzuela;21 Imperial;IMPERIAL, PASEO;31;Carga y descarga 360;Línea;3;15;LABORABLES DE 8 A 14 H. Y DE 16,30 A 19 H. EXCEPTO CARGA Y DESCARGA MÁXIMO 45 MINUTOS;-3.7170688270;40.4076935740
0201006;439417.4700000000;4472783.3100000000;27/09/22;2 Arganzuela;21 Imperial;JUAN ANTONIO VALLEJO-NÁJERA BOTAS, PASEO, DE;49;Carga y descarga 360;Línea;3;15,1;LABORABLES DE 8 A 14 H. Y DE 16:30 A 19 H. EXCEPTO CARGA Y DESCARGA MÁX 45 MIN;-3.7139487860;40.4034581550
0201007;438956.8500000000;4473897.9100000000;11/09/23;2 Arganzuela;21 Imperial;JUAN DUQUE, CALLE, DE;6;Carga y descarga 360;Línea;1;7,54;LABORABLES DE 8 A 14 H. EXCEPTO CARGA Y DESCARGA MÁXIMO 45 MINUTOS;-3.7194836150;40.4134652070
0201008;438959.1800000000;4473722.5500000000;26/09/22;2 Arganzuela;21 Imperial;JUAN DUQUE, CALLE, DE;23;Carga y descarga 360;Línea;2;12;LABORABLES DE 8 A 14:30 EXCEPTO CARGA Y DESCARGA MÁXIMO 45 MINUTOS;-3.7194393260;40.4118852180
0201009;438947.6100000000;4473639.5700000000;16/02/24;2 Arganzuela;21 Imperial;JUAN DUQUE, CALLE, DE;30;Carga y descarga 360;Línea;3;14,2;LABORABLES DE 8 A 14 HORAS EXCEPTO CARGA Y DESCARGA MÁXIMO 45 MINUTOS;-3.7195677250;40.4111375660
0201010;438954.7700000000;4473607.5800000000;08/04/26;2 Arganzuela;21 Imperial;JUAN DUQUE, CALLE, DE;29;Carga y descarga 360;Línea;2;9,3;LABORABLES DE 7:45 A 9:45 H EXCEPTO SERVICIO PUNTO LIMPIO;-3.7194802920;40.4108493680
0201010;438954.7700000000;4473607.5800000000;16/02/24;2 Arganzuela;21 Imperial;JUAN DUQUE, CALLE, DE;29;Carga y descarga 360;Línea;2;9,3;LABORABLES DE 9 A 14 H Y DE 16:30 A 20:00 EXCEPTO CARGA Y DESCARGA. MÁX 45 MIN;-3.7194802920;40.4108493680
0201011;438951.1800000000;4473510.2700000000;27/09/22;2 Arganzuela;21 Imperial;JUAN DUQUE, CALLE, DE;36;Carga y descarga 360;Línea;2;12,2;LABORABLES DE 8 A 14 H. Y DE 16:30 A 19 H. EXCEPTO CARGA Y DESCARGA MÁX 45 MIN;-3.7195132370;40.4099728000
0201012;438950.3100000000;4473485.0400000000;27/09/22;2 Arganzuela;21 Imperial;JUAN DUQUE, CALLE, DE;39;Carga y descarga 360;Línea;4;20;LABORABLES DE 8  A 14 H. Y DE 16:30 A 19 H. EXCEPTO CARGA Y DESCARGA MÁX 45 MIN;-3.7195210870;40.4097453930
0201013;438938.2400000000;4473382.3300000000;27/09/22;2 Arganzuela;21 Imperial;JUAN DUQUE, CALLE, DE;44;Carga y descarga 360;Línea;3;15,51;LABORABLES DE 8 A 14 H. Y DE 16,30 A 19 H. EXCEPTO CARGA Y DESCARGA MÁX 45 MIN;-3.7196534970;40.4088187480
0201014;438866.5500000000;4473832.8000000000;27/09/22;2 Arganzuela;21 Imperial;LINNEO, CALLE, DE;10;Carga y descarga 360;Línea;3;13,7;LABORABLES DE 9 A 20. EXCEPTO CARGA Y DESCARGA MÁX 45 MIN;-3.7205415250;40.4128723100
0201015;438870.6600000000;4473757.7000000000;29/09/22;2 Arganzuela;21 Imperial;LINNEO, CALLE, DE;17;Carga y descarga 360;Línea;2;10,93;TSO025253-22. LABORABLES DE 9 A 20H. EXCEPTO CARGA Y DESCARGA.;-3.7204860050;40.4121956470
0201016;439046.3600000000;4473822.9500000000;22/12/22;2 Arganzuela;21 Imperial;MAZARREDO, CALLE, DE;14;Carga y descarga 360;Línea;2;12,8;LABORABLES DE 8 A 14 H. EXCEPTO CARGA Y DESCARGA MÁXIMO 45 MINUTOS ;-3.7184215230;40.4127964510
0201017;438849.2400000000;4473031.4300000000;29/09/22;2 Arganzuela;21 Imperial;MELANCOLICOS, PASEO, DE LOS;29;Carga y descarga 360;Línea;6;30;LAB. DE 8 A 14 Y DE 16,30 A 19 H. EXCEPTO CARGA Y DESCARGA MÁXIMO 45 MINUTOS;-3.7206686070;40.4056514950
0201018;438884.9900000000;4473736.3500000000;29/09/22;2 Arganzuela;21 Imperial;MORENO NIETO, CALLE, DE;15;Carga y descarga 360;Línea;4;13;LAB DE 8 A 20 H EXCEPTO CARGA Y DESCARGA MÁX 45 MIN;-3.7203150340;40.4120041650
0201019;438837.4500000000;4472917.8700000000;29/09/22;2 Arganzuela;21 Imperial;SAN ALEJANDRO, CALLE, DE;2;Carga y descarga 360;Línea;2;10;LABORABLES DE 8 A 14 H. Y DE 16,30 A 19 H. EXCEPTO CARGA Y DESCARGA MÁXIMO 45 MINUTOS;-3.7207966050;40.4046277340
0201021;439211.2500000000;4473343.0800000000;28/09/22;2 Arganzuela;21 Imperial;SEGOVIA, RONDA, DE;20;Carga y descarga 360;Línea;3;15;LAB. DE 8 A 14 H. Y DE 16,30 A 19 H. EXCEPTO CARGA Y DESCARGA MÁX 45 MIN ;-3.7164323860;40.4084859740
0201022;439408.4300000000;4473227.4400000000;28/09/22;2 Arganzuela;21 Imperial;SEGOVIA, RONDA, DE;44;Carga y descarga 360;Línea;3;15;LAB. DE 8 A 14 H. Y DE 16:30 A 19 H. EXCEPTO CARGA Y DESCARGA MÁX 45 MIN;-3.7140976400;40.4074578590
0201023;439499.2900000000;4472873.7000000000;29/09/22;2 Arganzuela;21 Imperial;TOLEDO, CALLE, DE;136;Carga y descarga 360;Batería;6;18;LABORABLES DE 8 A 17 H. EXCEPTO CARGA Y DESCARGA MÁX 45 MIN  CARGA Y DESCARGA EN LÍNEA;-3.7129932070;40.4042777140
0201024;438815.7400000000;4473756.8800000000;28/09/22;2 Arganzuela;21 Imperial;VIRGEN DEL PUERTO, PASEO, DE LA;21;Carga y descarga 360;Batería;3;8,2;LABORABLES DE 8 A 14 H. Y DE 16,30 A 19 H. EXCEPTO CARGA Y DESCARGA MÁX 45 MIN;-3.7211331610;40.4121840160
0201025;438827.7100000000;4473851.8700000000;11/04/25;2 Arganzuela;21 Imperial;VIRGEN DEL PUERTO, PASEO, DE LA;13;Carga y descarga 360;Batería;5;13;LABORABLES DE LUNES A SÁBADOS DE 8 A 14:30 H. EN LINEA EXCEPTO CARGA Y DESCARGA MÁXIMO 45 MINUTOS;-3.7210012090;40.4130408740
0201026;439441.3100000000;4472715.2200000000;12/06/25;2 Arganzuela;21 Imperial;TOLEDO, CALLE, DE;168;Carga y descarga 360;Batería;4;10;LABORABLES DE LUNES A SÁBADOS DE 8 A 14,30 H. EXCEPTO CARGA Y DESCARGA MÁXIMO 45 MINUTOS;-3.7136614470;40.4028461220
0201027;439550.0000000000;4473012.8500000000;12/06/25;2 Arganzuela;21 Imperial;TOLEDO, CALLE, DE;126;Carga y descarga 360;Batería;5;15;LABORABLES DE LUNES A SÁBADOS DE 8 A 14,30 H. EXCEPTO CARGA Y DESCARGA MÁXIMO 45 MINUTOS;-3.7124088470;40.4055355280
0202001;439832.6000000000;4472434.3700000000;22/12/22;2 Arganzuela;22 Acacias;MELILLA, CALLE, DE;51 A;Carga y descarga 360;Línea;2;9,68;LABORABLES DE 8 A 14 H. Y DE 16:30 A  19 H. EXCEPTO CARGA Y DESCARGA MÁX 45 MIN;-3.7090239270;40.4003447030
0202002;439920.2900000000;4472506.3300000000;03/10/23;2 Arganzuela;22 Acacias;MELILLA, CALLE, DE;17;Carga y descarga 360;Batería;4;17,5;LABORABLES DE LUNES A VIERNES DE 8 A 14 HORAS EXCEPTO CARGA Y DESCARGA MÁX 45 MIN;-3.7079974730;40.4009993640
0202003;440451.0000000000;4472248.1800000000;27/09/22;2 Arganzuela;22 Acacias;ARQUITECTURA, CALLE, DE LA;19;Carga y descarga 360;Línea;3;13,1;LABORABLES DE 8 A 12 H. EXCEPTO CARGA Y DESCARGA MÁX 45 MIN;-3.7017196890;40.3987120590
0202004;440424.2800000000;4472379.9900000000;23/12/22;2 Arganzuela;22 Acacias;CARVAJALES, CALLE, DE LOS;4 B;Carga y descarga 360;Línea;6;34,18;LABORABLES DE 8 A 14 H.Y DE 16,30 A 19 H. EXCEPTO CARGA Y DESCARGA MÁX 45 MIN;-3.7020469050;40.3998971080
0202005;440442.7800000000;4472831.9100000000;23/12/22;2 Arganzuela;22 Acacias;EMBAJADORES, CALLE, DE;78 B;Carga y descarga 360;Línea;1;5,87;LABORABLES DE 8 A 14 H. Y DE 16,30 A 19 H. EXCEPTO CARGA Y DESCARGA MÁX 45 MIN ;-3.7018711790;40.4039696350
0202006;440570.4300000000;4472613.5100000000;26/09/22;2 Arganzuela;22 Acacias;EMBAJADORES, CALLE, DE;104;Carga y descarga 360;Línea;3;15;LABORABLES DE 8 A 14 H. Y DE 16,30 A 19 H. EXCEPTO CARGA Y DESCARGA MÁX 45 MIN;-3.7003465960;40.4020117810
0202007;440262.0700000000;4472879.3000000000;26/09/22;2 Arganzuela;22 Acacias;ERCILLA, CALLE, DE;1;Carga y descarga 360;Línea;3;15,99;LABORABLES DE 8 A 14 H. Y DE 16,30 A 19 H. EXCEPTO CARGA Y DESCARGA MÁX 45 MIN;-3.7040051600;40.4043841700
0202008;440335.7300000000;4472752.6100000000;26/08/22;2 Arganzuela;22 Acacias;ERCILLA, CALLE, DE;14;Carga y descarga 360;Línea;1;8;LAB. DE 8 A 14 H. Y DE 16:30 A 19 H. EXCEPTO CARGA Y DESCARGA MÁX 45 MIN;-3.7031253840;40.4032481660
0202009;440358.8300000000;4472713.5200000000;27/09/22;2 Arganzuela;22 Acacias;ERCILLA, CALLE, DE;15;Carga y descarga 360;Línea;3;14,4;LABORABLES DE 8 A 14 H. EXCEPTO CARGA Y DESCARGA MÁX 45 MIN ;-3.7028493900;40.4028971150
0202010;440390.1500000000;4472659.9000000000;27/09/22;2 Arganzuela;22 Acacias;ERCILLA, CALLE, DE;21;Carga y descarga 360;Línea;2;10;LABORABLES DE 8 A 14 H. Y DE 16,30 A 19 H. EXCEPTO CARGA Y DESCARGA MÁX 45 MIN;-3.7024753630;40.4024162890
0202011;440417.6500000000;4472594.8200000000;27/09/22;2 Arganzuela;22 Acacias;ERCILLA, CALLE, DE;36;Carga y descarga 360;Línea;2;10;LABORABLES DE 8 A 14 H. Y DE 16,30 A 19 H. EXCEPTO CARGA Y DESCARGA MÁX 45 MIN;-3.7021450530;40.4018317000
0202012;440534.4800000000;4472413.1200000000;27/09/22;2 Arganzuela;22 Acacias;ERCILLA, CALLE, DE;51;Carga y descarga 360;Batería;6;15;LABORABLES DE 8 A 14 H. Y DE 16,30 A 19 H. EXCEPTO CARGA Y DESCARGA MÁX 45 MIN;-3.7007515050;40.4002034110
0202013;440121.2400000000;4472711.9000000000;23/12/22;2 Arganzuela;22 Acacias;ESPERANZA, PASEO, DE LA;9;Carga y descarga 360;Batería;3;8,42;LABORABLES DE 8 A 14 H.Y DE 16,30 A 19 H.EXCEPTO CARGA Y DESCARGA MÁX 45 MIN;-3.7056489760;40.4028652590
0202014;440342.7400000000;4472249.3300000000;23/12/22;2 Arganzuela;22 Acacias;ESPERANZA, PASEO, DE LA;16;Carga y descarga 360;Línea;4;20,1;LABORABLES DE 8 A 14 H. EXCEPTO CARGA Y DESCARGA MÁX 45 MIN;-3.7029955520;40.3987142370
0202015;440233.7900000000;4472501.1400000000;23/12/22;2 Arganzuela;22 Acacias;ESPERANZA, PASEO, DE LA;21;Carga y descarga 360;Batería;6;16,5;LABORABLES DE 8 A 17 H. EXCEPTO CARGA Y DESCARGA MÁX 45 MIN  CARGA Y DESCARGA EN LÍNEA;-3.7043028690;40.4009753000
0202016;440371.1500000000;4472242.2500000000;10/08/23;2 Arganzuela;22 Acacias;ESPERANZA, PASEO, DE LA;51;Carga y descarga 360;Batería;7;20;DE 21 A 23 H. EXCEPTO CARGA Y DESCARGA NOCTURNA EN LÍNEA MÁX 45 MIN;-3.7026600270;40.3986528160
0202017;440061.7300000000;4472783.3800000000;23/12/22;2 Arganzuela;22 Acacias;ESPERANZA, PASEO, DE LA;2 B;Carga y descarga 360;Línea;2;13;LABORABLES DE 8 A 14 H. Y DE 16,30 A 19 H. EXCEPTO CARGA Y DESCARGA MÁX 45 MIN ;-3.7063569230;40.4035051950
0202018;440306.4500000000;4472280.4900000000;23/12/22;2 Arganzuela;22 Acacias;GARGANTILLA, CALLE, DE;3;Carga y descarga 360;Línea;2;12,3;LABORABLES DE 8 A 14 H. Y DE 16,30 A 19 H. EXCEPTO CARGA Y DESCARGA MÁX 45 MIN ;-3.7034260720;40.3989926370
0202019;439899.2500000000;4473038.1700000000;29/09/22;2 Arganzuela;22 Acacias;GASOMETRO, CALLE, DEL;1;Carga y descarga 360;Línea;3;14;LABORABLES DE 8 A 14 H. Y DE 16:30 A 19 H. EXCEPTO CARGA Y DESCARGA MÁX 45 MIN;-3.7082956400;40.4057890620
0202020;439922.9000000000;4472847.3100000000;29/09/22;2 Arganzuela;22 Acacias;GASOMETRO, CALLE, DEL;Fte 10;Carga y descarga 360;Línea;6;30,1;LABORABLES DE 8 A 14 H.Y DE 16,30 A 19 H.EXCEPTO CARGA Y DESCARGA MÁX 45 MIN;-3.7079989050;40.4040710480
0202021;439911.1300000000;4472943.5300000000;30/09/22;2 Arganzuela;22 Acacias;GASOMETRO, CALLE, DEL;S/N;Carga y descarga 360;Línea;2;10;LABORABLES DE 8 A 14 H. Y DE 16,30 A 19 H. EXCEPTO CARGA Y DESCARGA MÁX 45 MIN;-3.7081467860;40.4049374180
0202022;440502.2000000000;4472634.9400000000;11/03/25;2 Arganzuela;22 Acacias;LABRADOR, CALLE, DEL;6;Carga y descarga 360;Línea;3;17;LABORABLES DE 8 A 14 HORAS EXCEPTO CARGA Y DESCARGA MÁX 45 MIN;-3.7011526900;40.4021998830
0202023;440004.3200000000;4472740.5100000000;01/10/22;2 Arganzuela;22 Acacias;MAJUELO, CALLE, DEL;3;Carga y descarga 360;Línea;3;14;LABORABLES DE 8 A 14 H. Y DE 16,30 A 19 H. EXCEPTO CARGA Y DESCARGA MÁX 45 MIN ;-3.7070293460;40.4031144950
0202024;440374.1200000000;4472754.8600000000;01/10/22;2 Arganzuela;22 Acacias;MORATINES, CALLE, DE;11;Carga y descarga 360;Línea;3;13,4;LABORABLES DE 8 A 17 HORAS EXCEPTO CARGA Y DESCARGA MÁX 45 MIN;-3.7026731480;40.4032707410
0202026;440028.6600000000;4472253.1300000000;27/12/22;2 Arganzuela;22 Acacias;NAVES, CALLE, DE LAS;8;Carga y descarga 360;Línea;2;12,02;LABORABLES DE 8 A 14 H. Y DE 16,30 A 19 H. EXCEPTO CARGA Y DESCARGA MÁX 45 MIN ;-3.7066967440;40.3987259820
0202027;440198.1600000000;4472849.8400000000;29/08/22;2 Arganzuela;22 Acacias;PEÑUELAS, CALLE, DE LAS;4;Carga y descarga 360;Línea;3;15;LABORABLES DE 8 A 14 H. Y DE 16,30 A 19 H. EXCEPTO CARGA Y DESCARGA MÁX 45 MIN;-3.7047554490;40.4041138480
0202028;440260.9200000000;4472732.4500000000;29/09/22;2 Arganzuela;22 Acacias;PEÑUELAS, CALLE, DE LAS;18;Carga y descarga 360;Línea;2;10;LABORABLES DE 8 A 14 H. Y DE 16,30 A 19 H. EXCEPTO CARGA Y DESCARGA MÁX 45 MIN ;-3.7040049890;40.4030605800
0202029;440274.1300000000;4472707.8600000000;28/12/22;2 Arganzuela;22 Acacias;PEÑUELAS, CALLE, DE LAS;22;Carga y descarga 360;Línea;3;13,42;LABORABLES DE 8 A 14 H. Y DE 16,30 A 19 H. EXCEPTO CARGA Y DESCARGA MÁX 45 MIN ;-3.7038469100;40.4028403920
0202030;440040.0700000000;4472888.1300000000;28/12/22;2 Arganzuela;22 Acacias;RIBERA DE CURTIDORES, CALLE, DE LA;45;Carga y descarga 360;Batería;4;16,06;LABORABLES DE 8 A 14 H Y DE 16:30 A 19:00 HORAS EXCEPTO CARGA Y DESCARGA MÁX 45 MIN;-3.7066220310;40.4044471380
0202031;440328.4900000000;4472072.5200000000;29/09/22;2 Arganzuela;22 Acacias;SAN ANASTASIO, CALLE, DE;frente 2;Carga y descarga 360;Línea;2;10;LABORABLES DE 8 A 14 H. Y DE 16,30 A 19 H. EXCEPTO CARGA Y DESCARGA MÁXIMO 45 MINUTOS ;-3.7031468120;40.3971204400
0202032;439806.1800000000;4472830.0300000000;29/09/22;2 Arganzuela;22 Acacias;SAN ISIDORO DE SEVILLA, CALLE, DE;15;Carga y descarga 360;Línea;4;20;LAB. DE 8 A 14 Y DE 16,30 A 19 H. EXCEPTO CARGA Y DESCARGA MÁXIMO 45 MINUTOS;-3.7093727440;40.4039071820
0202033;440118.1000000000;4472937.3700000000;29/09/22;2 Arganzuela;22 Acacias;SORIA, CALLE, DE;frente 5A;Carga y descarga 360;Batería;3;9;LABORABLES DE 8 A 19H EXCEPTO CARGA Y DESCARGA MÁXIMO 45 MINUTOS;-3.7057071890;40.4048962790
0202034;439534.4100000000;4472863.9000000000;28/12/22;2 Arganzuela;22 Acacias;TOLEDO, CALLE, DE;147;Carga y descarga 360;Batería;6;18;LABORABLES DE 8 A 17 HORAS, EXCEPTO CARGA Y DESCARGA MÁX 45 MIN;-3.7125785570;40.4041921140
0202035;439440.8800000000;4472609.3500000000;28/12/22;2 Arganzuela;22 Acacias;TOLEDO, CALLE, DE;181;Carga y descarga 360;Batería;6;16,5;LABORABLES DE 9 A 14 H. Y DE 16:30 A 19 H EXCEPTO CARGA Y DESCARGA MÁX 45 MIN;-3.7136564050;40.4018923760
0202036;439962.2900000000;4472992.1600000000;30/09/22;2 Arganzuela;22 Acacias;TOLEDO, RONDA, DE;16;Carga y descarga 360;Línea;3;15;LABORABLES DE 8 A 14 H. Y DE 16,30 A 19 H. EXCEPTO CARGA Y DESCARGA MÁX 45 MIN;-3.7075484460;40.4053792250
0202037;439729.3300000000;4472319.2900000000;30/09/22;2 Arganzuela;22 Acacias;YESERIAS, PASEO, DE LAS;19;Carga y descarga 360;Línea;2;8,9;LAB DE 8 A 14 H EXCEPTO CARGA Y DESCARGA. MÁX 45 MIN;-3.7102299460;40.3993004870
0202038;440196.4500000000;4472078.2200000000;30/09/22;2 Arganzuela;22 Acacias;YESERIAS, PASEO, DE LAS;61;Carga y descarga 360;Línea;2;10;LABORABLES DE 8 A 14 H. EXCEPTO CARGA Y DESCARGA MÁX 45 MIN ;-3.7047031950;40.3971622660
0202039;440232.3600000000;4472939.7100000000;13/03/24;2 Arganzuela;22 Acacias;SANTOCILDES, CALLE, DE;1;Carga y descarga 360;Línea;2;10;LABORABLES DE LUNES A VIERNES DE 8 A 14 H. Y DE 16 A 20 H. SÁBADOS DE 8 A 14 F. EXCEPTO CARGA Y DESCARGA MÁXIMO 45 MINUTOS;-3.7043609100;40.4049259590
0202040;439476.2800000000;4472706.0400000000;12/06/25;2 Arganzuela;22 Acacias;TOLEDO, CALLE, DE;165;Carga y descarga 360;Batería;4;13,09;LABORABLES DE LUNES A SÁBADOS DE 8 A 14,30H. EXCEPTO CARGA Y DESCARGA MÁXIMO 45 MINUTOS;-3.7132484590;40.4027660800
0202041;439559.6500000000;4472933.6900000000;12/06/25;2 Arganzuela;22 Acacias;TOLEDO, CALLE, DE;139;Carga y descarga 360;Batería;5;11;LABORABLES DE LUNES A SÁBADOS DE 8 A 14,30 H. EXCEPTO CARGA Y DESCARGA MÁXIMO 45 MINUTOS  ;-3.7122876090;40.4048229980
0203001;440448.9300000000;4472150.6200000000;26/08/22;2 Arganzuela;23 Chopera;AGUILON, CALLE, DE;1;Carga y descarga 360;Línea;3;15;LABORABLES DE 8 A 14 H.Y DE 16 A 20 H. EXCEPTO CARGA Y DESCARGA MÁX 45 MINUTOS 0203001;-3.7017350440;40.3978331420
0203002;440899.3400000000;4471833.5700000000;29/08/22;2 Arganzuela;23 Chopera;ALONSO CARBONELL, CALLE, DE;3;Carga y descarga 360;Batería;10;29,6;LABORABLES DE 8 A 14 H. Y DE 16:30 A 19 H. EXCEPTO CARGA Y DESCARGA. MÁX 45 MINUTOS 0203002;-3.6963984580;40.3950086320
0203003;440690.3500000000;4472393.9700000000;27/02/24;2 Arganzuela;23 Chopera;EMBAJADORES, CALLE, DE;116;Carga y descarga 360;Línea;3;15;LABORABLES DE 8.00 A 17:00 H EXCEPTO CARGA Y DESCARGA MÁX 45 MINUTOS 0203003;-3.6989131130;40.4000426390
0203004;440743.7000000000;4472291.6600000000;05/09/23;2 Arganzuela;23 Chopera;EMBAJADORES, CALLE, DE;128;Carga y descarga 360;Línea;3;13,5;LAB. DE 8 A 14 H. Y DE 16,30 A 20 H. EXCEPTO CARGA Y DESCARGA MÁX 45 MINUTOS 0203004;-3.6982748380;40.3991243600
0203005;440892.8600000000;4472009.4300000000;27/08/22;2 Arganzuela;23 Chopera;EMBAJADORES, CALLE, DE;160;Carga y descarga 360;Línea;3;15;LABORABLES DE 8 A 17 H.EXCEPTO CARGA Y DESCARGA MÁX 45 MINUTOS 0203005;-3.6964911050;40.3965928030
0203006;440990.1800000000;4471821.8400000000;25/08/22;2 Arganzuela;23 Chopera;EMBAJADORES, CALLE, DE;176;Carga y descarga 360;Línea;3;15;LABORABLES DE 8 A 14 H. Y DE 16,30  A 19 H. EXCEPTO CARGA Y DESCARGA MÁX 45 MINUTOS 0203006 ;-3.6953270270;40.3949092240
0203007;440651.7000000000;4471943.0300000000;26/08/22;2 Arganzuela;23 Chopera;EUGENIO SELLES, CALLE, DE;10;Carga y descarga 360;Línea;2;10;LAB DE 8 A 14 H Y DE 16:30 A 19 H EXCEPTO CARGA Y DESCARGA MÁX 45 MINUTOS 0203007;-3.6993265020;40.3959770450
0203008;440654.3200000000;4472344.4300000000;27/08/22;2 Arganzuela;23 Chopera;GENERAL PALANCA, CALLE, DEL;7;Carga y descarga 360;Línea;2;13,2;Lab de 9 a 20 h.excepto: CARGA Y DESCARGA MÁX 45 MINUTOS 0203008;-3.6993330330;40.3995937270
0203009;440633.8800000000;4472224.9800000000;26/08/22;2 Arganzuela;23 Chopera;FERNANDO POO, CALLE, DE;17;Carga y descarga 360;Línea;3;15;LABORABLES DE 8 A 14 H. Y DE 16,30 A 19 H. EXCEPTO CARGA Y DESCARGA MÁX 45 MINUTOS 020309;-3.6995627320;40.3985154780
0203010;440615.7000000000;4472077.2400000000;26/08/22;2 Arganzuela;23 Chopera;FERNANDO POO, CALLE, DE;21;Carga y descarga 360;Línea;3;19,7;LABORABLES DE 8 A 14 H.EXCEPTO CARGA Y DESCARGA MÁX 45 MINUTOS 0203010;-3.6997631530;40.3971836370
0203011;440596.8000000000;4471927.2600000000;27/08/22;2 Arganzuela;23 Chopera;FERNANDO POO, CALLE, DE;33;Carga y descarga 360;Línea;3;18;LABORABLES DE 8 A 14 H.Y DE 16,30  A 19 H. EXCEPTO CARGA Y DESCARGA MÁX 45 MINUTOS 0203011;-3.6999718240;40.3958313420
0203012;440961.8000000000;4471737.7700000000;29/08/22;2 Arganzuela;23 Chopera;GUILLERMO DE OSMA, CALLE, DE;4;Carga y descarga 360;Línea;3;15;LABORABLES DE 8 A 14 H. Y DE 16,30  A 19 H. EXCEPTO CARGA Y DESCARGA MÁX 45 MINUTOS 0203012;-3.6956536130;40.3941498260
0203013;440745.1700000000;4472042.8100000000;27/08/22;2 Arganzuela;23 Chopera;JAIME EL CONQUISTADOR, CALLE, DE;22;Carga y descarga 360;Línea;2;15;LABORABLES DE 8 A 14 H. Y DE 16,30 A 19 H. EXCEPTO CARGA Y DESCARGA MÁX 45 MINUTOS 0203013;-3.6982343870;40.3968827200
0203014;440746.1100000000;4471884.0300000000;25/08/22;2 Arganzuela;23 Chopera;JAIME EL CONQUISTADOR, CALLE, DE;27;Carga y descarga 360;Línea;4;16,2;Lab. de 9 a 20 h.excepto: CARGA Y DESCARGA MÁX 45 MINUTOS 0203014;-3.6982084890;40.3954526740
0203015;440731.0300000000;4471742.9100000000;27/08/22;2 Arganzuela;23 Chopera;JAIME EL CONQUISTADOR, CALLE, DE;37;Carga y descarga 360;Línea;3;15,08;lab. de 8 a 14 h y de 16.30 a 19 h excepto: [CARGA Y DESCARGA] MÁX 45 MINUTOS 0203015;-3.6983730430;40.3941799630
0203016;440647.9400000000;4472087.3200000000;30/08/22;2 Arganzuela;23 Chopera;PARROCO JULIO MORATE, CALLE, DEL;5;Carga y descarga 360;Batería;5;12;LAB. DE 9 A 20 H. EXCEPTO CARGA Y DESCARGA MÁX 45 MINUTOS 0203016;-3.6993841990;40.3972766280
0203017;440818.6100000000;4471868.5600000000;09/01/24;2 Arganzuela;23 Chopera;TOMAS BORRAS, CALLE, DE;10;Carga y descarga 360;Línea;4;16;DE LUNES A SÁBADO DE 6:00 A 14:00 H.Y DE 16,30  A 19 H Y DE  22:30 A 00:00 H EXCEPTO CARGA Y DESCARGA MÁX 45 MINUTOS 0203017;-3.6973528910;40.3953178000
0203018;440547.2500000000;4472182.7000000000;24/09/22;2 Arganzuela;23 Chopera;TORRES MIRANDA, CALLE, DE;21;Carga y descarga 360;Línea;3;15;Laborables de 8 a 17h excepto carga y descarga en línea MÁX 45 MINUTOS 0203018;-3.7005796180;40.3981288460
0203019;440772.4500000000;4471998.5200000000;30/05/23;2 Arganzuela;23 Chopera;DIVINO VALLES, CALLE, DEL;28;Carga y descarga 360;Línea;2;9;LAB. DE LUNES A VIERNES  DE 9 A 14H Y DE 17 A 20 H SABADOS DE 9 A 14 H EXCEPTO CARGA Y DESCARGA MÁXIMO 45 MINUTOS CÓDIGO DE ZONA 0203019;-3.6979088900;40.3964859460
0203020;440775.1300000000;4472154.0200000000;31/05/24;2 Arganzuela;23 Chopera;JAIME EL CONQUISTADOR, CALLE, DE;3;Carga y descarga 360;Línea;2;10;LABORABLES DE LUNES A SÁBADOS DE 8 A 14:30 H EXCPEPTO CARGA Y DESCARGA MÁX. 45 MINUTOS 0203020;-3.6978917580;40.3978870000
0203021;440489.4300000000;4472089.5800000000;08/04/25;2 Arganzuela;23 Chopera;AGUILON, CALLE, DE;S/N;Carga y descarga 360;Línea;1;7,3;LAB. DE LUNES A VIERNES DE 9:00 A 14:00 H EXCEPTO CARGA Y DESCARGA MÁX 45 MINUTOS 0203021 ;-3.7012520980;40.3972861390
0204001;441444.5000000000;4471305.9900000000;25/08/22;2 Arganzuela;24 Legazpi;ANTRACITA, CALLE, DE LA;10 B;Carga y descarga 360;Línea;6;13;LABORABLES DE 8 A 14 H. EXCEPTO CARGA Y DESCARGA EN LÍNEA MÁX 45 MINUTOS 0204001;-3.6899266710;40.3902949660
0204002;441161.8300000000;4471449.5300000000;25/08/22;2 Arganzuela;24 Legazpi;EMBAJADORES, CALLE, DE;200;Carga y descarga 360;Batería;6;17;LAB. DE 8 A 14 H. Y DE 16,30 A 19 H. EXCEPTO CARGA Y DESCARGA MÁX 45 MINUTOS 0204002 ;-3.6932701660;40.3915676190
0204003;441205.3800000000;4471348.5800000000;26/09/23;2 Arganzuela;24 Legazpi;EMBAJADORES, CALLE, DE;208;Carga y descarga 360;Batería;7;15;LAB. DE 8 A 14 H Y DE 16,30 A 19 H. EXCEPTO CARGA Y DESCARGA MÁX 45 MINUTOS 0204003;-3.6927477430;40.3906615440
0204004;441311.7600000000;4470864.8400000000;30/08/22;2 Arganzuela;24 Legazpi;JOSE ANTONIO ZAPATA, CALLE, DE;4;Carga y descarga 360;Línea;3;15;LAB. DE 8 A 14 H. Y DE 16,30 A 19 H. EXCEPTO CARGA Y DESCARGA MÁX 45 MINUTOS 0204004;-3.6914498790;40.3863109610
0204005;441127.9200000000;4470964.3400000000;29/08/22;2 Arganzuela;24 Legazpi;JULIAN RABANEDO, CALLE, DE;19;Carga y descarga 360;Línea;2;15;LABORABLES DE  8 a 19 h.EXCEPTO CARGA Y DESCARGA MÁX 45 MINUTOS  0204005;-3.6936249410;40.3871946910
0204006;441501.8600000000;4471265.5700000000;29/08/22;2 Arganzuela;24 Legazpi;LITIO, CALLE, DEL;2;Carga y descarga 360;Línea;3;14,4;LABORABLES DE 08:00 A 17:00 H  ESCEPTO CARGA Y DESCARGA MÁX 45 MINUTOS 0204006;-3.6892470850;40.3899339450
0204007;441154.6700000000;4471432.2100000000;29/08/22;2 Arganzuela;24 Legazpi;MANUEL ALEIXANDRE, CALLE, DE;13;Carga y descarga 360;Línea;3;14,5;Lab. de 9 a 20 h.excepto: CARGA Y DESCARGA MÁX 45 MINUTOS 0204007;-3.6933529580;40.3914110870
0204008;442312.7400000000;4471801.3700000000;29/08/22;2 Arganzuela;24 Legazpi;MENDEZ ALVARO, CALLE, DE;70;Carga y descarga 360;Línea;2;12;LABORABLES DE 8:00 A 15:00 H  EXCEPTO CARGA Y DESCARGA. MÁX 45 MINUTOS 0204008;-3.6797422890;40.3948178370
0204009;441174.0200000000;4471297.4200000000;25/08/22;2 Arganzuela;24 Legazpi;MOLINO, PASEO, DEL;13;Carga y descarga 360;Línea;2;9;LAB. DE 8 A 14 H. EXCEPTO CARGA Y DESCARGA MÁX 45 MINUTOS 0204009 ;-3.6931125450;40.3901981930
0204010;441692.7000000000;4470873.4300000000;29/08/22;2 Arganzuela;24 Legazpi;PUERTO SERRANO, CALLE, DE;11;Carga y descarga 360;Línea;3;14,5;LABORABLES DE 8 A 17 H.EXCEPTO CARGA Y DESCARGA MÁX 45 MINUTOS 0204010;-3.6869628750;40.3864148380
0204011;441049.5300000000;4471207.7200000000;25/08/22;2 Arganzuela;24 Legazpi;TENIENTE CORONEL NOREÑA, CALLE, DEL;6;Carga y descarga 360;Línea;3;16,51;LABORABLES DE 8 A 17 H. EXCEPTO CARGA Y DESCARGA MÁX 45 MINUTOS 0204011;-3.6945708950;40.3893809830
0204012;441174.3500000000;4471084.3300000000;29/08/22;2 Arganzuela;24 Legazpi;TENIENTE CORONEL NOREÑA, CALLE, DEL;37;Carga y descarga 360;Línea;3;15;LAB. DE 8 A 14 H. Y DE 16,30 A 19 H. EXCEPTO CARGA Y DESCARGA MÁX 45 MINUTOS 0204012 ;-3.6930889390;40.3882788990
0204013;442329.3200000000;4471404.3100000000;29/08/22;2 Arganzuela;24 Legazpi;TITAN, CALLE, DE;13;Carga y descarga 360;Línea;3;15;DE LUNES A VIERNES DE 8 A 19 H. EXCEPTO CARGA Y DESCARGA MÁX 45 MINUTOS 0204013;-3.6795109280;40.3912420080
0204014;441454.3200000000;4470783.8000000000;06/03/24;2 Arganzuela;24 Legazpi;EMBAJADORES, CALLE, DE;278;Carga y descarga 360;Línea;2;12;LABORABLES DE LUNES A VIERNES DE 08.00 A 14.00 H Y DE 16:00 A 20:00 H Y SÁBADOS DE 08:00 A 14:00 H EXCEPTO CARGA Y DESCARGA TIEMPO MAXIMO 30 MINUTOS. 0204014;-3.6897629770;40.3855910390
0204015;441093.9100000000;4471356.3200000000;12/04/23;2 Arganzuela;24 Legazpi;MOLINO, PASEO, DEL;5;Carga y descarga 360;Línea;3;15;LAB. DE LUNES A VIERNES DE 8 A 17 H SÁBADOS DE 8 A 14:30 H. EXCEPTO CARGA Y DESCARGA MÁX 45 MIN. 0204015  ;-3.6940618790;40.3907228500
0204016;442411.6700000000;4471553.2000000000;16/10/25;2 Arganzuela;24 Legazpi;PLANETA TIERRA, CALLE, DEL;S/N;Carga y descarga 360;Línea;3;15;LAB. DE  LUNES A VIERNES DE 9 A 13 H. EXCEPTO CARGA Y DESCARGA MÁX. 45 MINUTOS  0204016;-3.6785542030;40.3925890310
0204017;442331.6900000000;4471486.0800000000;16/10/25;2 Arganzuela;24 Legazpi;PLANETA TIERRA, CALLE, DEL;4;Carga y descarga 360;Línea;3;15;LAB. DE  LUNES A VIERNES DE 9 A 13 H. EXCEPTO CARGA Y DESCARGA MÁX. 45 MINUTOS  0204017;-3.6794904740;40.3919790030
0205001;440922.5500000000;4472416.9600000000;06/09/23;2 Arganzuela;25 Delicias;BATALLA DEL SALADO, CALLE, DE LA;31;Carga y descarga 360;Línea;2;12;LAB. DE 8 A 17 H. EXCEPTO CARGA Y DESCARGA MÁX 45 MINUTOS 0205001;-3.6961790730;40.4002659780
0205002;440907.3600000000;4472262.3000000000;28/08/22;2 Arganzuela;25 Delicias;BATALLA DEL SALADO, CALLE, DE LA;39;Carga y descarga 360;Línea;3;15;LABORABLES DE 8:00 A 17:00 HEXCEPTO CARGA Y DESCARGA MÁX 45 MINUTOS 0205002 ;-3.6963437980;40.3988718570
0205003;440896.8700000000;4472142.8200000000;28/08/22;2 Arganzuela;25 Delicias;BATALLA DEL SALADO, CALLE, DE LA;53;Carga y descarga 360;Línea;3;15;lab. de 8 a 14h.y de 16,30 a 19h.excepto: CARGA Y DESCARGA MÁX 45 MINUTOS 0205003;-3.6964562120;40.3977948110
0205004;441096.0000000000;4472419.5800000000;27/08/22;2 Arganzuela;25 Delicias;DELICIAS, PASEO, DE LAS;52;Carga y descarga 360;Línea;4;20;LABORABLES DE 8 A 15 H. EXCEPTO CARGA Y DESCARGA MÁX 45 MINUTOS 0205004;-3.6941355040;40.4003019600
0205005;441109.7000000000;4472352.9500000000;27/08/22;2 Arganzuela;25 Delicias;DELICIAS, PASEO, DE LAS;63 B;Carga y descarga 360;Línea;3;16,99;LABORABLES DE 9 A 20 HEXCEPTO CARGA Y DESCARGA MÁX 45 MINUTOS 0205005;-3.6939679710;40.3997029330
0205006;441085.7400000000;4472309.5700000000;24/08/22;2 Arganzuela;25 Delicias;DELICIAS, PASEO, DE LAS;68;Carga y descarga 360;Línea;3;15;LABORABLES DE LUNES A VIERNES DE 8 A 14 H. Y DE 16:30 A 19 H. SÁBADOS DE 8 A 15 H. EXCEPTO CARGA Y DESCARGA MÁX 45 MINUTOS 0205006;-3.6942462570;40.3993099410
0205007;441082.7400000000;4472065.3300000000;27/08/22;2 Arganzuela;25 Delicias;DELICIAS, PASEO, DE LAS;77;Carga y descarga 360;Línea;6;29,73;LABORABLES DE LUNES A VIERNES DE 8 A 14 H. Y DE 16:30 A 19 H. SÁBADOS DE 8 A 15 H. EXCEPTO CARGA Y DESCARGA MÁX 45 MINUTOS 0205007;-3.6942589760;40.3971095540
0205008;441069.5200000000;4471933.3100000000;24/08/22;2 Arganzuela;25 Delicias;DELICIAS, PASEO, DE LAS;89;Carga y descarga 360;Línea;8;40;LABORABLES DE 8 A 15 H. EXCEPTO CARGA Y DESCARGA MÁX 45 MINUTOS 0205008;-3.6944025020;40.3959190050
0205009;441059.6100000000;4472033.5000000000;27/08/22;2 Arganzuela;25 Delicias;DELICIAS, PASEO, DE LAS;98;Carga y descarga 360;Línea;4;25,5;LABORABLES DE LUNES A VIERNES DE 8 A 14 H. Y DE 16:30 A 19 H. SÁBADOS DE 8 A 15 H. EXCEPTO CARGA Y DESCARGA MÁX 45 MINUTOS 0205009;-3.6945286100;40.3968210690
0205010;441045.7100000000;4471675.8000000000;20/08/22;2 Arganzuela;25 Delicias;DELICIAS, PASEO, DE LAS;107;Carga y descarga 360;Línea;3;13,6;LABORABLES DE 9 A 14 H.Y DE 16,30  A 19 H. EXCEPTOCARGA Y DESCARGA MÁX 45 MINUTOS 0205010;-3.6946592450;40.3935980670
0205011;441043.9600000000;4471877.8300000000;20/08/22;2 Arganzuela;25 Delicias;DELICIAS, PASEO, DE LAS;112;Carga y descarga 360;Línea;5;25;LABORABLES DE 8 A 15 H. EXCEPTO CARGA Y DESCARGA MÁX 45 MINUTOS 0205011;-3.6946985500;40.3954179530
0205012;441094.9400000000;4472194.2400000000;27/08/22;2 Arganzuela;25 Delicias;DELICIAS, PASEO, DE LAS;65F;Carga y descarga 360;Línea;3;15;Laborables de 9 a 20 h.excepto: CARGA Y DESCARGA MÁX 45 MINUTOS 0205012;-3.6941272530;40.3982719130
0205013;441068.9400000000;4472132.3400000000;27/08/22;2 Arganzuela;25 Delicias;DELICIAS, PASEO, DE LAS;88A;Carga y descarga 360;Línea;6;30;LABORABLES DE LUNES A VIERNES DE 8 A 14 H. Y DE 16:30 A 19 H. SÁBADOS DE 8 A 15 H. EXCEPTO CARGA Y DESCARGA MÁX 45 MINUTOS 0205013;-3.6944277700;40.3977119040
0205014;440818.5900000000;4472193.0700000000;27/08/22;2 Arganzuela;25 Delicias;EMBAJADORES, CALLE, DE;119;Carga y descarga 360;Batería;4;12;LAB. DE 8 A 14 H Y DE 16,30 A 19 H.EXCEPTO CARGA Y DESCARGA  MÁX 45 MIUTOS 0205014;-3.6973833150;40.3982412030
0205015;441069.6800000000;4471666.1000000000;24/08/22;2 Arganzuela;25 Delicias;EMBAJADORES, CALLE, DE;182;Carga y descarga 360;Línea;3;7,9;LABORABLES DE 9 A 14 H.Y DE 16,30  A 20 H. EXCEPTOCARGA Y DESCARGA MÁX 45 MINUTOS 0205015 ;-3.6943759170;40.3935124670
0205015;441073.6600000000;4471654.5800000000;24/08/22;2 Arganzuela;25 Delicias;EMBAJADORES, CALLE, DE;184;Carga y descarga 360;Línea;1;5,2;LABORABLES DE 9 A 14 H.Y DE 16,30  A 20 H. EXCEPTOCARGA Y DESCARGA MÁX 45 MINUTOS 0205015;-3.6943280180;40.3934088190
0205016;441114.2800000000;4471560.3800000000;27/08/22;2 Arganzuela;25 Delicias;EMBAJADORES, CALLE, DE;194;Carga y descarga 360;Línea;6;15;LABORABLES DE 8 A 14 H. Y DE 16,30  A 19 H. EXCEPTO CARGA Y DESCARGA EN LÍNEA MÁX 45 MINUTOS 0205016;-3.6938406600;40.3925627330
0205017;441822.8800000000;4471895.8200000000;29/08/22;2 Arganzuela;25 Delicias;ESTRELLA NAOS, CALLE, DE LA;5;Carga y descarga 360;Línea;3;14,33;LAB. DE 8 A 14 H. Y DE 16,30 A 19 H. EXCEPTO CARGA Y DESCARGA MÁX 45 MINUTOS 0205017;-3.6855226310;40.3956344740
0205018;440952.3500000000;4472474.5500000000;24/08/22;2 Arganzuela;25 Delicias;FERROCARRIL, CALLE, DEL;17;Carga y descarga 360;Línea;4;18,3;LABORABLES DE 8 A 14 H. Y DE 16,30 A 19 H. EXCEPTO CARGA Y DESCARGA MÁX 45 MINUTOS 0205018;-3.6958333500;40.4007863960
0205019;440805.5200000000;4472485.2300000000;23/08/22;2 Arganzuela;25 Delicias;FERROCARRIL, CALLE, DEL;33;Carga y descarga 360;Línea;3;15;LABORABLES DE 8 A 14 H. Y DE 16,30 A 19 H. EXCEPTO CARGA Y DESCARGA MÁX 45 MINUTOS 0205019;-3.6975645420;40.4008727980
0205020;441342.2700000000;4471654.9500000000;17/09/22;2 Arganzuela;25 Delicias;GRANITO, CALLE, DEL;30;Carga y descarga 360;Línea;2;10;LAB. DE 8 A 14 H. Y DE 16,30 A 19 H. EXCEPTO CARGA Y DESCARGA MÁX 45 MINUTOS 0205020;-3.6911631710;40.3934308780
0205021;441729.7200000000;4472266.4400000000;23/08/22;2 Arganzuela;25 Delicias;JUAN DE MARIANA, CALLE, DE;1;Carga y descarga 360;Línea;2;10;LAB. DE 8 A 14 H. Y DE 16,30 A 19 H. EXCEPTO CARGA Y DESCARGA MÁX 45 MINUTOS 0205021;-3.6866542220;40.3989666820
0205022;441184.1500000000;4471961.1200000000;23/09/22;2 Arganzuela;25 Delicias;JUAN DE VERA, CALLE, DE;13;Carga y descarga 360;Línea;3;15;LABORABLES DE 8 A 15 H. EXCEPTO CARGA Y DESCARGA MÁX 45 MINUTOS 0205022;-3.6930544470;40.3961775810
0205023;441211.4600000000;4472033.1400000000;29/08/22;2 Arganzuela;25 Delicias;JUANA DOÑA, CALLE, DE;5;Carga y descarga 360;Línea;3;15,5;LABORABLES DE 9 A 14H. Y DE 16.30 A 20H.EXCEPTO CARGA Y DESCARGA MÁX 45 MINUTOS 0205023;-3.6927392630;40.3968289760
0205024;441959.0500000000;4471753.3700000000;29/08/22;2 Arganzuela;25 Delicias;NEBULOSAS, CALLE, DE LAS;2 B;Carga y descarga 360;Línea;1;7;LAB. DE LUNES A VIERNES DE 8 A 15 H. EXCEPTO CARGA Y DESCARGA MÁX 45 MINUTOS 0205024;-3.6839052280;40.3943611900
0205025;441419.0800000000;4471614.4800000000;25/08/22;2 Arganzuela;25 Delicias;PLOMO, CALLE, DEL;15;Carga y descarga 360;Línea;1;6;LAB. DE 8 A 14 H. Y DE 16,30 A 19 H. EXCEPTO CARGA Y DESCARGA MÁX 45 MINUTOS 0205025;-3.6902544600;40.3930720920
0205026;441014.8200000000;4472104.2000000000;29/08/22;2 Arganzuela;25 Delicias;TOMAS BRETON, CALLE, DE;12;Carga y descarga 360;Línea;3;15,9;LABORABLES DE 8 A 14 HEXCEPTO CARGA Y DESCARGA MÁX 45 MINUTOS 0205026;-3.6950628360;40.3974553340
0205027;441101.2300000000;4472104.9900000000;27/08/22;2 Arganzuela;25 Delicias;TOMAS BRETON, CALLE, DE;13;Carga y descarga 360;Línea;3;12,2;LABORABLES DE 8 A 15 H. EXCEPTO CARGA Y DESCARGA MÁX 45 MINUTOS 0205027;-3.6940448620;40.3974685120
0205028;441308.9400000000;4472063.3900000000;27/08/22;2 Arganzuela;25 Delicias;TOMAS BRETON, CALLE, DE;52;Carga y descarga 360;Línea;2;10,4;LABORABLES DE 8 A 14 H.Y DE 16,30 A 19 H. EXCEPTOCARGA Y DESCARGA MÁX 45 MINUTOS 0205028;-3.6915935200;40.3971077780
0205029;441427.1500000000;4471885.7000000000;27/08/22;2 Arganzuela;25 Delicias;TOMAS BRETON, CALLE, DE;60;Carga y descarga 360;Línea;4;18;EXCEPTO CARGA Y DESCARGA MÁX 45 MINUTOS 0205029 ;-3.6901843300;40.3955155850
0205030;441481.9300000000;4472427.0900000000;23/08/22;2 Arganzuela;25 Delicias;VARA DE REY, CALLE, DE;11;Carga y descarga 360;Línea;4;20;LAB. DE 8 A 14 H. Y DE 16,30 A 19 H. EXCEPTO CARGA Y DESCARGA MÁX 45 MINUTOS 0205030;-3.6895886830;40.4003968420
0205032;440980.5800000000;4471882.5600000000;17/10/25;2 Arganzuela;25 Delicias;EMBAJADORES, CALLE, DE;161;Carga y descarga 360;Batería;4;13;LAB. DE LUNES A SÁBADOS DE 8 A 14 H Y DE 16:30 A  19:00 H EXCEPTO CARGA Y DESCARGA EN LÍNEA MÁX 45 MINUTOS    0205032  ;-3.6954457440;40.3954561690
0206001;440468.5500000000;4472946.9500000000;28/08/22;2 Arganzuela;26 Palos de la Frontera;ALONSO DEL BARCO, CALLE, DE;2;Carga y descarga 360;Línea;3;16,2;LABORABLES DE 7 A 18 H. EXCEPTO CARGA Y DESCARGA MÁX 45 MINUTOS 0206001;-3.7015783400;40.4050076050
0206002;441194.1700000000;4472723.9700000000;28/08/22;2 Arganzuela;26 Palos de la Frontera;ANCORA, CALLE, DEL;3;Carga y descarga 360;Línea;3;14,1;LABORABLES DE 8:00 A 17:00 HEXCEPTO CARGA Y DESCARGA MÁX 45 MINUTOS 0206002;-3.6930068920;40.4030510690
0206003;441241.2200000000;4472705.3900000000;28/08/22;2 Arganzuela;26 Palos de la Frontera;ANCORA, CALLE, DEL;10;Carga y descarga 360;Línea;3;13,4;lab. de 8 a 14 hy de 16.30 a 19 hexcepto:[CARGA YDESCARGA] MÁX 45 MINUTOS 0206003;-3.6924507220;40.4028863430
0206004;440969.4500000000;4472906.8100000000;24/08/22;2 Arganzuela;26 Palos de la Frontera;BATALLA DEL SALADO, CALLE, DE LA;1;Carga y descarga 360;Línea;3;15,1;lab. de 8 a 14 h y de 16.30 a 19 h excepto: [CARGA Y DESCARGA] MÁX 45 MINUTOS 0206004 ;-3.6956718900;40.4046823940
0206005;441338.7300000000;4472468.1700000000;28/08/22;2 Arganzuela;26 Palos de la Frontera;BUSTAMANTE, CALLE, DE;17;Carga y descarga 360;Línea;3;15;LAB. DE 8 A 14 H. Y DE 16,30 A 19 H. EXCEPTO CARGA Y DESCARGA MÁX 45 MINUTOS 0206005;-3.6912797680;40.4007564300
0206006;441148.6800000000;4472599.4200000000;04/04/23;2 Arganzuela;26 Palos de la Frontera;CANARIAS, CALLE, DE LAS;21;Carga y descarga 360;Línea;3;15;LAB DE 8 A 14 H. Y DE 16:30 A 19 H EXCEPTO CARGA Y DESCARGA MÁX 45 MINUTOS 0206006;-3.6935314350;40.4019259520
0206007;441269.4300000000;4472590.2600000000;28/08/22;2 Arganzuela;26 Palos de la Frontera;CANARIAS, CALLE, DE LAS;31;Carga y descarga 360;Línea;3;14,88;Lab. de 9 a 20 hexcepto: CARGA Y DESCARGA MÁX 45 MINUTOS 020607;-3.6921076920;40.4018515240
0206008;441410.8600000000;4472578.7500000000;28/08/22;2 Arganzuela;26 Palos de la Frontera;CANARIAS, CALLE, DE LAS;45;Carga y descarga 360;Línea;2;10,96;LAB. DE 8 A 14 H. Y DE 16,30 A 19 H. EXCEPTO CARGA Y DESCARGA MÁX 45 MINUTOS 0206008;-3.6904400410;40.4017577880
0206009;441482.9200000000;4472573.1700000000;28/08/22;2 Arganzuela;26 Palos de la Frontera;CANARIAS, CALLE, DE LAS;49;Carga y descarga 360;Línea;2;10;LAB. DE 8 A 14 H. Y DE 16,30 A 19 H. EXCEPTO CARGA Y DESCARGA MÁX 45 MINUTOS 0206009;-3.6895904020;40.4017127540
0206010;441056.0400000000;4472847.2000000000;29/08/22;2 Arganzuela;26 Palos de la Frontera;DELICIAS, CALLE, DE LAS;8;Carga y descarga 360;Línea;3;15;lab. de 8 a 14 h y de 16.30 a 19 h excepto: [CARGA Y DESCARGA] MÁX 45 MINUTOS 0206010 ;-3.6946459520;40.4041509190
0206011;441290.3200000000;4472828.9700000000;16/01/23;2 Arganzuela;26 Palos de la Frontera;DELICIAS, CALLE, DE LAS;28;Carga y descarga 360;Línea;4;23,6;LAB. DE 8 A 19:00 H EXCEPTO CARGA Y DESCARGA  MÁX 45 MINUTOS 0206011;-3.6918835510;40.4040030380
0206012;441184.0100000000;4473118.9200000000;16/01/23;2 Arganzuela;26 Palos de la Frontera;DELICIAS, PASEO, DE LAS;5;Carga y descarga 360;Línea;3;19,4;LABORABLES DE 8 A 15 H. EXCEPTO CARGA Y DESCARGA MÁX 45 MINUTOS 0206012;-3.6931630800;40.4066081050
0206013;441160.3600000000;4473089.5100000000;30/08/22;2 Arganzuela;26 Palos de la Frontera;DELICIAS, PASEO, DE LAS;10;Carga y descarga 360;Línea;6;30,1;lab. de 8 a 14 h.y de 16,30 a 19 h.excepto:[CARGA YDESCARGA] MÁX 45 MINUTOS  0206013;-3.6934390170;40.4063416230
0206014;441159.6100000000;4472875.6200000000;24/08/22;2 Arganzuela;26 Palos de la Frontera;DELICIAS, PASEO, DE LAS;31;Carga y descarga 360;Línea;7;31,1;LABORABLES  DE 08:00 A 17:00  EXCEPTO CARGA Y DESCARGA MÁX 45 MINUTOS 0206014;-3.6934281300;40.4044142500
0206014;441162.6600000000;4472902.1600000000;24/08/22;2 Arganzuela;26 Palos de la Frontera;DELICIAS, PASEO, DE LAS;27;Carga y descarga 360;Línea;2;10;LABORABLES  DE 08:00 A 17:00  EXCEPTO CARGA Y DESCARGA MÁX 45 MINUTOS 0206014;-3.6933946120;40.4046536890
0206015;441139.0900000000;4472869.8000000000;30/08/22;2 Arganzuela;26 Palos de la Frontera;DELICIAS, PASEO, DE LAS;32;Carga y descarga 360;Línea;4;15,57;lab. de 8 a 14 hy de 16.30 a 19 hexcepto:[CARGA YDESCARGA] MÁX 45 MINUTOS 0206015;-3.6936694600;40.4043601630
0206016;441151.1400000000;4472779.7600000000;20/08/22;2 Arganzuela;26 Palos de la Frontera;DELICIAS, PASEO, DE LAS;41;Carga y descarga 360;Línea;11;52,6;Lab. de 9 a 20 h. excepto: CARGA Y DESCARGA MÁX 45 MINUTOS 0206016;-3.6935191160;40.4035500580
0206017;441127.8200000000;4472754.7900000000;30/08/22;2 Arganzuela;26 Palos de la Frontera;DELICIAS, PASEO, DE LAS;42;Carga y descarga 360;Línea;3;14,8;LABORABLES DE 8 A 15 H. EXCEPTO CARGA Y DESCARGA MÁX 45 MINUTOS  0206017;-3.6937915570;40.4033238540
0206018;441125.8600000000;4472517.2300000000;30/08/22;2 Arganzuela;26 Palos de la Frontera;DELICIAS, PASEO, DE LAS;55;Carga y descarga 360;Línea;5;25;LABORABLES DE LUNES A VIERNES DE 8 A 14 H. Y DE 16:30 A 19 H. SÁBADOS DE 8 A 15 H. EXCEPTO CARGA Y DESCARGA MÁX 45 MINUTOS 0206018;-3.6937927610;40.4011836270
0206019;441050.4200000000;4472487.0700000000;30/08/22;2 Arganzuela;26 Palos de la Frontera;FERROCARRIL, CALLE, DEL;6;Carga y descarga 360;Línea;3;14,45;LABORABLES DE 8 A 14 H. Y DE 16,30 A 19 H. EXCEPTO CARGA Y DESCARGA MÁX 45 MINUTOS  0206019;-3.6946788970;40.4009062010
0206020;440803.7000000000;4472505.1400000000;30/08/22;2 Arganzuela;26 Palos de la Frontera;FERROCARRIL, CALLE, DEL;36;Carga y descarga 360;Línea;2;12,4;LAB. DE 8:00 A 15:00 EXCEPTO CARGA Y DESCARGA MÁX 45 MINUTOS 020620 ;-3.6975878040;40.4010520760
0206021;440660.9900000000;4473022.4600000000;24/08/22;2 Arganzuela;26 Palos de la Frontera;FRAY LUIS DE LEON, CALLE, DE;2;Carga y descarga 360;Línea;2;11,72;LABORABLES DE 9 A 13 H Y DE 16 A 19 H. EXCEPTO CARGA Y DESCARGA MÁX 45 MINUTOS 0206021;-3.6993176780;40.4057020870
0206022;440745.3600000000;4472838.5200000000;16/09/22;2 Arganzuela;26 Palos de la Frontera;FRAY LUIS DE LEON, CALLE, DE;14A;Carga y descarga 360;Línea;3;13;Lab. de 9 a 14 h y de 16.30 a 20 hexcepto: CARGA Y DESCARGA MÁX 45 MINUTOS 0206022;-3.6983062360;40.4040507650
0206023;441370.5200000000;4472673.9100000000;30/08/22;2 Arganzuela;26 Palos de la Frontera;GENERAL LACY, CALLE, DEL;28;Carga y descarga 360;Batería;6;16,51;LAB. DE 8 A 14 H. Y DE 16,30 A 19 H. EXCEPTO CARGA Y DESCARGA MÁX 45 MINUTOS 0206023;-3.6909242480;40.4026122400
0206024;440890.1300000000;4472876.3400000000;24/08/22;2 Arganzuela;26 Palos de la Frontera;JOSE ANTONIO DE ARMONA, CALLE, DE;9;Carga y descarga 360;Línea;4;20;lab. de 8 a 14 h y de 16.30 a 19 h excepto: [CARGA Y DESCARGA] MÁX 45 MINUTOS 0206024 ;-3.6966038060;40.4044018170
0206025;441092.6100000000;4472545.0000000000;30/08/22;2 Arganzuela;26 Palos de la Frontera;LUCA DE TENA, PLAZA, DE;9;Carga y descarga 360;Línea;3;15,1;LABORABLES DE LUNES A VIERNES DE 8 A 14 H. Y DE 16:30 A 19 H. SÁBADOS DE 8 A 15 H. EXCEPTO CARGA Y DESCARGA MÁX 45 MINUTOS 0206025;-3.6941870130;40.4014309160
0206026;440952.5100000000;4473088.6800000000;16/09/22;2 Arganzuela;26 Palos de la Frontera;MARQUES DE LA VALDAVIA, CALLE, DEL;3;Carga y descarga 360;Línea;3;15;lab. de 8 a 14 h.y de 16,30 a 19 h.excepto:[CARGA YDESCARGA] MÁX 45 MINUTOS 0206026;-3.6958883540;40.4063191050
0206027;440872.1600000000;4472676.6400000000;02/09/22;2 Arganzuela;26 Palos de la Frontera;MARTIN SOLER, CALLE, DE;3;Carga y descarga 360;Línea;8;39,88;LABORABLES DE 8 A 14 H Y DE 16.30 A 19 H EXCEPTO CARGA Y DESCARGA MÁX 45 MINUTOS 0206027  ;-3.6967970650;40.4026018130
0206028;440922.8600000000;4472671.4100000000;24/08/22;2 Arganzuela;26 Palos de la Frontera;MARTIN SOLER, CALLE, DE;9;Carga y descarga 360;Línea;3;15;lab. de 8 a 14 h y de 16.30 a 19 h excepto: [CARGA Y DESCARGA] MÁX 45 MINUTOS 0206028;-3.6961990120;40.4025580390
0206029;441214.5400000000;4473158.5800000000;22/08/23;2 Arganzuela;26 Palos de la Frontera;MENDEZ ALVARO, CALLE, DE;2;Carga y descarga 360;Línea;3;15;lab. de 8 a 14 h. y de 16,30 a 19 h. excepto: [CARGA Y DESCARGA] 0206029;-3.6928069870;40.4069670060
0206030;441268.3200000000;4473093.4500000000;30/08/22;2 Arganzuela;26 Palos de la Frontera;MENDEZ ALVARO, CALLE, DE;14;Carga y descarga 360;Línea;3;14,98;lab. de 8 a 14 h.y de 16,30 a 19 h.excepto:[CARGA YDESCARGA] MÁX 45 MINUTOS 0206030;-3.6921671650;40.4063841360
0206031;441743.0700000000;4472492.0100000000;30/08/22;2 Arganzuela;26 Palos de la Frontera;MENDEZ ALVARO, CALLE, DE;32 A;Carga y descarga 360;Línea;1;6,15;LAB. DE 8 A 14 H. Y DE 16,30 A 19 H. EXCEPTO CARGA Y DESCARGA MÁX 45 MINUTOS 0206031;-3.6865175720;40.4009999370
0206032;440890.3200000000;4472752.2000000000;30/08/22;2 Arganzuela;26 Palos de la Frontera;PALOS DE LA FRONTERA, CALLE, DE;15;Carga y descarga 360;Línea;1;7,19;LAB. DE 8 A 14.30 H EXCEPTO CARGA Y DESCARGA MÁX 45 MINUTOS 0206032;-3.6965899980;40.4032838610
0206033;441116.8400000000;4472777.6200000000;30/08/22;2 Arganzuela;26 Palos de la Frontera;PEDRO UNANUE, CALLE, DE;24;Carga y descarga 360;Línea;3;12,7;LABORABLES DE 8 A 15 H. EXCEPTO CARGA Y DESCARGA.  MÁX 45 MINUTOS 0206033;-3.6939230510;40.4035289160
0206034;441270.1300000000;4472916.7100000000;30/08/22;2 Arganzuela;26 Palos de la Frontera;RAFAEL DE RIEGO, CALLE, DE;14;Carga y descarga 360;Línea;2;13,88;LABORABLES DE 8 A 20 HEXCEPTO CARGA Y DESCARGA MÁX 45 MINUTOS 0206034;-3.6921296360;40.4047929180
0206035;441259.2900000000;4472776.9200000000;29/08/22;2 Arganzuela;26 Palos de la Frontera;RAFAEL DE RIEGO, CALLE, DE;26;Carga y descarga 360;Línea;3;14,4;Lab. de 9 a 20 hexcepto: CARGA Y DESCARGA MÁX 45 MINUTOS 0206035;-3.6922444570;40.4035326400
0206036;441246.4400000000;4472624.7700000000;26/08/22;2 Arganzuela;26 Palos de la Frontera;RAFAEL DE RIEGO, CALLE, DE;38;Carga y descarga 360;Línea;3;14,1;Lab. de 9 a 20 hexcepto: CARGA Y DESCARGA MÁX 45 MINUTOS 0206036;-3.6923816800;40.4021605780
0206037;441097.9300000000;4473101.7000000000;31/10/23;2 Arganzuela;26 Palos de la Frontera;SANTA MARIA DE LA CABEZA, PASEO, DE;9;Carga y descarga 360;Línea;3;15;lab. de 8 a 14 h.y de 16,30 a 19 h.excepto:[CARGA YDESCARGA] MÁX. 45 MINUTOS 0206037;-3.6941758400;40.4064468180
0206038;441004.8800000000;4472969.7100000000;20/08/22;2 Arganzuela;26 Palos de la Frontera;SANTA MARIA DE LA CABEZA, PASEO, DE;25;Carga y descarga 360;Línea;4;19,9;lab. de 8 a 14 h y de 16.30 a 19 h excepto: [CARGA Y DESCARGA] MÁX 45 MINUTOS 0206038 ;-3.6952602200;40.4052511120
0206039;440927.8600000000;4472887.9400000000;20/08/22;2 Arganzuela;26 Palos de la Frontera;SANTA MARIA DE LA CABEZA, PASEO, DE;34;Carga y descarga 360;Línea;3;15;lab. de 8 a 14 h y de 16.30 a 19 h excepto: [CARGA Y DESCARGA] MÁX 45 MINUTOS 0206039;-3.6961602220;40.4045090170
0206040;440892.2400000000;4472815.6000000000;20/08/22;2 Arganzuela;26 Palos de la Frontera;SANTA MARIA DE LA CABEZA, PASEO, DE;35;Carga y descarga 360;Línea;1;7,2;lab. de 8 a 14 h y de 16.30 a 19 h excepto: [CARGA Y DESCARGA] MÁX 45 MINUTOS 0206040;-3.6965732680;40.4038548140
0206041;440821.7500000000;4472715.8700000000;20/08/22;2 Arganzuela;26 Palos de la Frontera;SANTA MARIA DE LA CABEZA, PASEO, DE;41;Carga y descarga 360;Línea;10;47,7;LABORABLES DE 8 A 14 H. Y DE 16:30 A 19 H., EXCEPTO CARGA Y DESCARGA. MÁX 45 MINUTOS 0206041   ;-3.6973946600;40.4029516030
0206042;440702.9300000000;4472573.4100000000;30/08/22;2 Arganzuela;26 Palos de la Frontera;SANTA MARIA DE LA CABEZA, PASEO, DE;60;Carga y descarga 360;Línea;2;11;lab. de 8 a 14 h y de 16.30 a 19 h excepto: [CARGA Y DESCARGA] MÁX 45 MINUTOS 0206042;-3.6987815040;40.4016593540
0206043;440502.4400000000;4472854.2900000000;30/08/22;2 Arganzuela;26 Palos de la Frontera;SEBASTIAN ELCANO, CALLE, DE;3;Carga y descarga 360;Línea;3;15;LAB. DE 7 A 19 H. EXCEPTO CARGA Y DESCARGA MÁX 45 MINUTOS 0206043;-3.7011702230;40.4041752120
0206044;440681.4600000000;4472839.5800000000;30/08/22;2 Arganzuela;26 Palos de la Frontera;SEBASTIAN HERRERA, CALLE, DE;19;Carga y descarga 360;Línea;4;18,01;Lab. de 9 a 20 hexcepto: CARGA Y DESCARGA MÁX 45 MINUTOS 0206044;-3.6990593310;40.4040554640
0206045;440916.1000000000;4472567.2900000000;26/08/22;2 Arganzuela;26 Palos de la Frontera;TARRAGONA, CALLE, DE;20 B;Carga y descarga 360;Línea;2;9,7;lab. de 8 a 14 h y de 16.30 a 19 h excepto: [CARGA Y DESCARGA] MÁX 45 MINUTOS 0206045;-3.6962689700;40.4016201070
0206046;440578.4200000000;4473006.7800000000;28/08/23;2 Arganzuela;26 Palos de la Frontera;VALENCIA, RONDA, DE;3;Carga y descarga 360;Línea;2;12;lab. de 8 a 14 h. y de 16.30 a 19 h. excepto:  CARGA Y DESCARGA MÁX 45 MINUTOS 0206046;-3.7002891280;40.4055551230
0206047;440899.7100000000;4472498.0900000000;31/05/24;2 Arganzuela;26 Palos de la Frontera;FERROCARRIL, CALLE, DEL;22;Carga y descarga 360;Línea;3;14;LABORABLES DE LUNES A SÁBADOS DE 8 A 14:30 H EXCEPTO CARGA Y DESCARGA MÁX.45 MINUTOS 0206047;-3.6964556970;40.4009949520
0206048;441470.9000000000;4472686.6700000000;11/06/25;2 Arganzuela;26 Palos de la Frontera;ANCORA, CALLE, DEL;34;Carga y descarga 360;Batería;3;15;LAB. DE LUNES A SÁBADOS DE 8 A 14:30 H. EXCEPTO CARGA Y DESCARGA EN LÍNEA MÁX. 45 MINUTOS  0206048 ;-3.6897424650;40.4027347390
0205031;442119.2800000000;4472090.2000000000;22/04/26;2 Arganzuela;27 Atocha;MENDEZ ALVARO, CALLE, DE;61;Carga y descarga 360;Línea;4;23;LAB. DE  LUNES  A  SÁBADOS DE 8:00 A 14:30 EXCEPTO CARGA Y DESCARGA MÁX 45 MINUTOS   0205031;-3.6820479850;40.3974057730
0207001;441831.0400000000;4472433.8100000000;14/09/22;2 Arganzuela;27 Atocha;MENDEZ ALVARO, CALLE, DE;21;Carga y descarga 360;Línea;2;11,27;LABORABLES DE 8 A 17 HEXCEPTO CARGA Y DESCARGA MÁX 45 MINUTOS 0207001;-3.6854755910;40.4004820410
0207003;442685.8200000000;4471762.5700000000;26/08/22;2 Arganzuela;27 Atocha;RETAMA, CALLE, DE LA;3;Carga y descarga 360;Línea;3;15;LABORABLES DE 9 A 14 H Y DE 16.30 A 20 HEXCEPTO CARGA Y DESCARGA MÁX 45 MINUTOS 0207003;-3.6753431190;40.3944942880
0207004;442020.4000000000;4472263.1700000000;27/02/25;2 Arganzuela;27 Atocha;ALAMEDILLA, CALLE, DE;4;Carga y descarga 360;Batería;5;15,3;LAB. DE LUNES A DOMINGO DE 8 A 14 H EXCEPTO CARGA Y DESCARGA MÁX 45 MINUTOS 0207004;-3.6832287940;40.3989578010
0301001;442526.6900000000;4472702.6600000000;28/02/24;3 Retiro;31 Pacífico;ABTAO, CALLE, DE;1;Carga y descarga 360;Línea;3;17;LAB.DE 8:00 A 14:00 H. Y DE 16,30 A 19:00 H. EXCEPTO CARGA Y DESCARGA MÁX 45 MINUTOS 0301001;-3.6773028630;40.4029521190
0301002;442617.6600000000;4472841.0200000000;06/09/22;3 Retiro;31 Pacífico;ABTAO, CALLE, DE;11;Carga y descarga 360;Línea;4;21;LAB.DE 8 A 14 H. Y DE 16,30 A 19 H. EXCEPTO CARGA Y DESCARGA MÁX 45 MINUTOS 0301002;-3.6762432930;40.4042044900
0301003;442812.9600000000;4473125.8300000000;06/09/22;3 Retiro;31 Pacífico;ABTAO, CALLE, DE;48;Carga y descarga 360;Línea;5;25;LAB. DE 8 A 14 H. Y DE 16,30 A 19 H. EXCEPTO CARGA Y DESCARGA MÁX 45 MINUTOS 0301003;-3.6739673900;40.4067838310
0301004;441999.9100000000;4472926.4000000000;09/09/22;3 Retiro;31 Pacífico;ANTONIO NEBRIJA, CALLE, DE;2;Carga y descarga 360;Línea;3;15;LAB. DE 8 A 14 H. Y DE 16,30 A 19 H.EXCEPTO CARGA Y DESCARGA MÁX 45 MINUTOS 0301004;-3.6835306860;40.4049311150
0301005;442668.8400000000;4472591.2400000000;07/09/22;3 Retiro;31 Pacífico;CARIDAD, CALLE, DE LA;3;Carga y descarga 360;Línea;4;18,6;Laborables de lunes a viernes, de 8 a 14h, y de 16.30 a 19.00h, excepto carga y descarga MÁX 45 MINUTOS 0301005;-3.6756176800;40.4019577510
0301006;442683.6800000000;4473031.8900000000;07/02/25;3 Retiro;31 Pacífico;CAVANILLES, CALLE, DE;25;Carga y descarga 360;Línea;3;15;LAB. DE 8 A 14 H. Y DE 16,30 A 19 H. EXCEPTO CARGA Y DESCARGA MÁX 45 MINUTOS 0301006;-3.6754824620;40.4059289210
0301007;442793.3200000000;4472958.9200000000;06/09/22;3 Retiro;31 Pacífico;CAVANILLES, CALLE, DE;37;Carga y descarga 360;Línea;3;14;LAB.DE 8 A 14 H. Y DE 16,30 A 19 H. EXCEPTO CARGA Y DESCARGA MÁX 45 MINUTOS 0301007;-3.6741838530;40.4052789580
0301008;442747.4000000000;4472969.1000000000;06/09/22;3 Retiro;31 Pacífico;CAVANILLES, CALLE, DE;42;Carga y descarga 360;Línea;2;10,14;LAB.DE 8 A 14 H. Y DE 16,30 A 19 H. EXCEPTO CARGA Y DESCARGA MÁX 45 MINUTOS 0301008 ;-3.6747259280;40.4053671930
0301009;442892.7900000000;4472893.9100000000;06/09/22;3 Retiro;31 Pacífico;CAVANILLES, CALLE, DE;47;Carga y descarga 360;Línea;2;15;LAB.DE 8 A 14 H. Y DE 16,30 A 19 H. EXCEPTO CARGA Y DESCARGA MÁX 45 MINUTOS 0301009 ;-3.6730059090;40.4047002700
0301010;442205.1900000000;4472796.2000000000;06/09/22;3 Retiro;31 Pacífico;COMERCIO, CALLE, DEL;1;Carga y descarga 360;Línea;3;15;LAB.DE 8 A 14 H. Y DE 16,30 A 19 H. EXCEPTO CARGA Y DESCARGA MÁX 45 MINUTOS 0301010;-3.6810997970;40.4037723080
0301011;443018.9600000000;4472936.2600000000;09/09/22;3 Retiro;31 Pacífico;DOCTOR ESQUERDO, CALLE, DEL;140;Carga y descarga 360;Línea;5;34,87;LAB.DE 8 A 14 H. Y DE 16,30 A19 H. EXCEPTO CARGA Y DESCARGA MÁXIMO 45 MINUTOS 0301011;-3.6715228080;40.4050899960
0301012;442914.0700000000;4472791.8300000000;06/09/22;3 Retiro;31 Pacífico;DOCTOR ESQUERDO, CALLE, DEL;150;Carga y descarga 360;Línea;2;10;LAB. DE 8 A 14:30 H EXCEPTO CARGA Y DESCARGA MÁX 45 MINUTOS 0301012;-3.6727459010;40.4037821630
0301013;442217.0500000000;4473089.7500000000;06/09/22;3 Retiro;31 Pacífico;FUENTERRABIA, CALLE, DE;6;Carga y descarga 360;Línea;5;25;LAB. DE 8 A 17 H EXCEPTO CARGA Y DESCARGA MÁX 45 MINUTOS 0301013;-3.6809866960;40.4064172530
0301014;442417.6800000000;4472884.7800000000;06/09/22;3 Retiro;31 Pacífico;GRANADA, CALLE, DE;19;Carga y descarga 360;Batería;6;15,8;LAB. DE 8 A 14 H. EXCEPTO CARGA Y DESCARGA EN LINEA MÁX 45 MINUTOS 0301014 ;-3.6786038210;40.4045851630
0301015;442663.9600000000;4472719.7300000000;18/08/22;3 Retiro;31 Pacífico;GRANADA, CALLE, DE;44;Carga y descarga 360;Línea;3;14,3;LAB.DE 8 A 14 H. Y DE 16,30 A19 H. EXCEPTO CARGA Y DESCARGA MÁX 45 MINUTOS 0301015 ;-3.6756867790;40.4031148390
0301016;442695.2800000000;4472698.5300000000;06/09/22;3 Retiro;31 Pacífico;GRANADA, CALLE, DE;46;Carga y descarga 360;Línea;3;15;LAB.DE 8 A 14 H. Y DE 16,30 A19 H. EXCEPTO CARGA Y DESCARGA MÁX 45 MINUTOS 0301016;-3.6753158460;40.4029262210
0301017;442163.6100000000;4472915.1100000000;18/08/22;3 Retiro;31 Pacífico;GUTENBERG, CALLE, DE;2;Carga y descarga 360;Batería;4;13,01;LAB.DE 8 A 14 H. Y DE 16,30 A19 H. EXCEPTO CARGA Y DESCARGA MÁX 45 MINUTOS 0301017;-3.6816005630;40.4048409890
0301018;442213.8600000000;4473034.0700000000;06/09/22;3 Retiro;31 Pacífico;GUTENBERG, CALLE, DE;9;Carga y descarga 360;Línea;3;15,8;LAB.DE 8 A 14 H. Y DE16,30 A 19 H. EXCEPTOCARGA Y DESCARGA MÁX 45 MINUTOS 0301018;-3.6810192400;40.4059159720
0301019;442562.7700000000;4472512.6100000000;06/09/22;3 Retiro;31 Pacífico;HOYUELO, CALLE, DE;1;Carga y descarga 360;Línea;1;7,6;LAB.DE 8 A 14 H. Y DE 16,30 A 19 H. EXCEPTO CARGA Y DESCARGA MÁX 45 MINUTOS 0301019;-3.6768604830;40.4012421840
0301020;442445.6000000000;4473134.6800000000;06/09/22;3 Retiro;31 Pacífico;JOSE SANCHEZ PESCADOR, CALLE, DE;1;Carga y descarga 360;Línea;2;15;LAB.DE 8 A 14 H. Y DE16,30 A 19 H. EXCEPTOCARGA Y DESCARGA MÁX 45 MINUTOS 0301020;-3.6782973460;40.4068377470
0301021;442478.4500000000;4472821.1000000000;06/09/22;3 Retiro;31 Pacífico;JUAN DE URBIETA, CALLE, DE;12;Carga y descarga 360;Línea;3;14,7;LAB.DE 8 A 14 H. Y DE 16,30 A19 H. EXCEPTO CARGA Y DESCARGA MÁX 45 MINUTOS 0301021;-3.6778820090;40.4040154140
0301022;442546.3800000000;4472926.4400000000;06/09/22;3 Retiro;31 Pacífico;JUAN DE URBIETA, CALLE, DE;22;Carga y descarga 360;Línea;3;14,8;LAB.DE 8 A 14 H. Y DE 16,30 A19 H. EXCEPTO CARGA Y DESCARGA MÁX 45 MINUTOS 0301022;-3.6770909260;40.4049688160
0301023;442375.7800000000;4472690.0500000000;15/09/22;3 Retiro;31 Pacífico;LEON GIL DE PALACIO, CALLE, DE;2;Carga y descarga 360;Batería;6;15;'Días laborables de lunes a viernes de 8 a 20h y sábados de 8 a 15h. Excepto carga y descarga en línea' MÁX 45 MINUTOS 0301023;-3.6790800070;40.4028281310
0301024;442617.0800000000;4473171.2300000000;18/08/22;3 Retiro;31 Pacífico;MEDITERRANEO, AVENIDA, DEL;14;Carga y descarga 360;Línea;3;14;LAB.DE 8 A 14 H. Y DE 16,30 A 19 H. EXCEPTO CARGA Y DESCARGA;-3.6762799050;40.4071790580
0301025;442296.8600000000;4472978.0100000000;18/08/22;3 Retiro;31 Pacífico;MENENDEZ PELAYO, AVENIDA, DE;113;Carga y descarga 360;Línea;3;14,7;LAB.DE 8 A 14 H. Y DE 16,30 A 19 H. EXCEPTO CARGA Y DESCARGA MÁX 45 MINUTOS 0301025;-3.6800359870;40.4054163530
0301026;442340.0700000000;4472824.7200000000;09/09/22;3 Retiro;31 Pacífico;NARCISO SERRA, CALLE, DE;2;Carga y descarga 360;Batería;3;6,1;LAB.DE 8 A 14 H. Y DE 16,30 A 19 H. EXCEPTO CARGA Y DESCARGA MÁX 45 MINUTOS 0301026;-3.6795129340;40.4040385610
0301027;442688.0200000000;4472730.8300000000;07/09/22;3 Retiro;31 Pacífico;SANCHEZ BARCAIZTEGUI, CALLE, DE;7;Carga y descarga 360;Batería;7;15;LAB.DE 8 A 14 H. Y DE 16,30 A 19 H. EXCEPTO CARGA Y DESCARGA MÁX 45 MINUTOS 0301027;-3.6754041960;40.4032165390
0301028;442910.6400000000;4473071.6400000000;16/09/22;3 Retiro;31 Pacífico;SANCHEZ BARCAIZTEGUI, CALLE, DE;41;Carga y descarga 360;Batería;5;12;LAB. 08:00 A 14:00 H  Y DE 16.30 A 19:00  H EXCEPTO CARGA Y DESCARGA EN LÍNEA MÁX 45 MINUTOS 0301028;-3.6728115050;40.4063018590
0301029;442235.8600000000;4472691.5900000000;18/08/22;3 Retiro;31 Pacífico;TELLEZ, CALLE, DE;18;Carga y descarga 360;Línea;2;12,19;LAB.DE 8 A 14 H. Y DE 16,30 A19 H. EXCEPTO CARGA Y DESCARGA MÁX 45 MINUTOS 0301029;-3.6807288070;40.4028315690
0301030;442413.3200000000;4472599.4200000000;07/09/22;3 Retiro;31 Pacífico;TELLEZ, CALLE, DE;27;Carga y descarga 360;Batería;4;20,7;LAB.DE 8 A 14 H Y DE 16,30 A 19 H EXCEPTO CARGA Y DESCARGA MÁX 45 MINUTOS 0301030;-3.6786293180;40.4020144730
0301031;442215.9700000000;4472638.6600000000;07/09/22;3 Retiro;31 Pacífico;TELLEZ, TRAVESIA, DE;6;Carga y descarga 360;Batería;4;9,7;LABORABLES DE 9 A 14 H YDE 16,30 A 20H. EXCEPTO CARGA Y DESCARGA  MÁX 45 MINUTOS 031031;-3.6809584490;40.4023534350
0301032;442353.6500000000;4473054.1400000000;07/09/22;3 Retiro;31 Pacífico;VALDERRIBAS, CALLE, DE;4;Carga y descarga 360;Batería;4;15;LAB.DE 8 A 14 H. Y DE 16,30 A 19 H. EXCEPTO CARGA Y DESCARGA MÁX 45 MINUTOS 0301032;-3.6793737050;40.4061060800
0301033;442457.6900000000;4472995.9800000000;07/09/22;3 Retiro;31 Pacífico;VALDERRIBAS, CALLE, DE;12 B;Carga y descarga 360;Batería;4;12,9;LAB.DE 8 A 14 H. Y DE 16,30 A 19 H. EXCEPTO CARGA Y DESCARGA MÁX 45 MINUTOS 0301033;-3.6781424190;40.4055891570
0301034;442536.6100000000;4472960.0700000000;07/09/22;3 Retiro;31 Pacífico;VALDERRIBAS, CALLE, DE;29;Carga y descarga 360;Línea;3;15;LABORABLES DE 8 A 14H Y DE 16.30 A 19 H.EXCEPTO CARGA Y DESCARGA EN LÍNEA MÁX 45 MINUTOS 0301034 ;-3.6772091850;40.4052711660
0301035;442687.6900000000;4472854.2500000000;18/08/22;3 Retiro;31 Pacífico;VALDERRIBAS, CALLE, DE;30;Carga y descarga 360;Batería;25;67;LAB.DE 8 A 14 H. Y DE 16,30 A 19 H. EXCEPTO CARGA Y DESCARGA MÁX 45 MINUTOS 0301035;-3.6754192650;40.4043285930
0301036;442573.1900000000;4472939.4900000000;07/09/22;3 Retiro;31 Pacífico;VALDERRIBAS, CALLE, DE;31;Carga y descarga 360;Línea;3;15;LAB.DE 8 A 14 H. Y DE 16,30 A19 H. EXCEPTO CARGA Y DESCARGA MÁX 45 MINUTOS 0301036;-3.6767761430;40.4050886210
0301037;442562.3200000000;4472665.9600000000;07/09/22;3 Retiro;31 Pacífico;VIGO, CALLE, DE;1;Carga y descarga 360;Línea;3;14;LABORABLES DE 9 A 14 H. Y DE 16,30 A 20 H.EXCEPTO CARGA Y DESCARGA MÁX 45 MINUTOS 0301037;-3.6768795620;40.4026240430
0302001;442891.4900000000;4472575.0000000000;08/09/22;3 Retiro;32 Adelfas;ANDALUCIA, CALLE, DE;11;Carga y descarga 360;Línea;2;12;LUNES A VIERNES DE 8:30 A 15:00 EXCEPTO CARGA Y DESCARGA MÁX 45 MINUTOS 0302001;-3.6729925590;40.4018274030
0302002;443230.5700000000;4472362.4000000000;09/09/22;3 Retiro;32 Adelfas;ARREGUI Y ARUEJ, CALLE, DE;13;Carga y descarga 360;Línea;2;10,16;LAB. DE 8 A 14 H Y DE 16:30 A 19:30 H EXCEPTO CARGA Y DESCARGA MÁX 45 MINUTOS 0302002;-3.6689780160;40.3999346940
0302003;442927.4100000000;4472407.2200000000;08/09/22;3 Retiro;32 Adelfas;CATALINA SUAREZ, CALLE, DE;2;Carga y descarga 360;Línea;2;13,67;LAB.DE 8 A 14 H. Y DE 16,30 A19 H. EXCEPTO CARGA Y DESCARGA MÁX 45 MINUTOS 0302003;-3.6725542470;40.4003177160
0302004;443032.5700000000;4472570.6400000000;08/09/22;3 Retiro;32 Adelfas;CATALINA SUAREZ, CALLE, DE;26;Carga y descarga 360;Línea;3;13,99;LABORABLES DE 8:00 A 19:00 H. EXCEPTO CARGA Y DESCARGA. MÁX 45 MINUTOS 0302004;-3.6713297210;40.4017971510
0302005;443123.2700000000;4472194.7300000000;24/10/22;3 Retiro;32 Adelfas;CERRO NEGRO, CALLE, DEL;2;Carga y descarga 360;Batería;2;12;LABORABLES DE 8 A14 H  Y DE 16.30 A 19 H,  EXCEPTO CARGA Y DESCARGA MÁX 45 MINUTOS 0302005;-3.6702274080;40.3984172730
0302006;443022.9600000000;4472900.1500000000;09/09/22;3 Retiro;32 Adelfas;DOCTOR ESQUERDO, CALLE, DEL;183;Carga y descarga 360;Línea;5;18,96;LABORABLES DE 8 A 14 H.EXCEPTO CARGA Y DESCARGA MÁX 45 MINUTOS 03002006;-3.6714724450;40.4047650150
0302007;442802.9100000000;4472592.5200000000;08/09/22;3 Retiro;32 Adelfas;DOCTOR ESQUERDO, CALLE, DEL;213;Carga y descarga 360;Línea;3;14,7;LABORABLES  DE 8 A  14:30 H EXCEPTO CARGA Y DESCARGA MÁX 45 MINUTOS 0302007;-3.6740379210;40.4019782630
0302008;442970.5600000000;4472218.6900000000;08/09/22;3 Retiro;32 Adelfas;GANDIA, CALLE, DE;1;Carga y descarga 360;Batería;5;10,1;LAB. DE 8 A 14 H. Y DE 16,30 A 19 H.EXCEPTO CARGA Y DESCARGA MÁX 45 MINUTOS 0302008;-3.6720289020;40.3986221620
0302009;443034.7400000000;4472156.6200000000;08/09/22;3 Retiro;32 Adelfas;GANDIA, CALLE, DE;6;Carga y descarga 360;Batería;4;10,1;LAB.DE 8 A 14 H. Y DE 16,30 A 19 H. EXCEPTO CARGA Y DESCARGA MÁX 45 MINUTOS 0302009;-3.6712670970;40.3980679970
0302010;443044.0000000000;4472343.3500000000;08/09/22;3 Retiro;32 Adelfas;LUIS MITJANS, CALLE, DE;1;Carga y descarga 360;Línea;3;15;LAB.DE 8 A 14 H. Y DE 16,30 A19 H. EXCEPTO CARGA Y DESCARGA MÁX 45 MINUTOS 0302010;-3.6711747360;40.3997510040
0302011;443012.2100000000;4472665.7400000000;18/08/22;3 Retiro;32 Adelfas;LOS PAJARITOS, CALLE, DE;6;Carga y descarga 360;Línea;1;7;EXCEPTO CARGA Y DESCARGA SIN HORARIO MÁX 45 MINUTOS 0302011;-3.6715781560;40.4026529200
0302012;443122.7400000000;4472822.9000000000;08/09/22;3 Retiro;32 Adelfas;HERBERTO GUT, CALLE, DE;4;Carga y descarga 360;Línea;2;11,7;LAB.DE 8 A 14 H. Y DE 16,30 A19 H. EXCEPTO CARGA Y DESCARGA MÁX 45 MINUTOS 0302012;-3.6702898030;40.4040757460
0302013;442984.2300000000;4472287.1500000000;28/03/26;3 Retiro;32 Adelfas;SECO, CALLE, DE;2;Carga y descarga 360;Línea;3;15;LABORABLES DE 8:00 A 17:00 H EXCEPTO CARGA Y DESCARGA MÁX 45 MIUTOS LUNES LABORABLES DE 19:00 A 21:00 H EXCEPTO SERVICIO PUNTO LIMPIO 0302013  ;-3.6718740310;40.3992399250
0302013;442984.2300000000;4472287.1500000000;28/03/26;3 Retiro;32 Adelfas;SECO, CALLE, DE;2;Carga y descarga 360;Línea;3;15;LABORABLES DE 8:00 A 17:00 H EXCEPTO CARGA Y DESCARGA MÁX 45 MIUTOS LUNES LABORABLES DE 14:00 A 15:30 H EXCEPTO SERVICIO PUNTO LIMPIO 0302013;-3.6718740310;40.3992399250
0302014;442964.6700000000;4472236.2700000000;08/09/22;3 Retiro;32 Adelfas;SECO, CALLE, DE;3;Carga y descarga 360;Línea;3;14,8;LAB.DE 8 A 14 H. Y DE 16,30 AA 19 H. EXCEPTO CARGA Y DESCARGA MÁX 45 MINUTOS 0302014;-3.6720999480;40.3987808140
0302015;442930.8600000000;4472210.1400000000;08/09/22;3 Retiro;32 Adelfas;SECO, CALLE, DE;12;Carga y descarga 360;Línea;3;15;LAB.DE 8 A 14 H. YDE 16,30 A19 H. EXCEPTOCARGA Y DESCARGA MÁX 45 MINUTOS 0302015;-3.6724959190;40.3985430370
0303001;443431.4900000000;4474318.4300000000;08/09/22;3 Retiro;33 Estrella;ALCALDE SAINZ DE BARANDA, CALLE, DEL;80;Carga y descarga 360;Línea;3;14;LAB. DE 8 A 14 H Y 16,30 A 19 EXCEPTO CARGA Y DESCARGA MÁX 45 MINUTOS 0303001 ;-3.6667843900;40.4175691320
0303002;443315.8400000000;4473609.4000000000;08/09/22;3 Retiro;33 Estrella;ASTROS, CALLE, DE LOS;S/N;Carga y descarga 360;Línea;3;13,3;LAB. DE 8 A 14 H. Y DE 16,30 A 19 H. EXCEPTO CARGA Y DESCARGA MÁX 45 MINUTOS 0303002;-3.6680842590;40.4111742350
0303003;443246.0200000000;4474497.0500000000;19/08/22;3 Retiro;33 Estrella;DOCTOR ESQUERDO, CALLE, DEL;69;Carga y descarga 360;Línea;4;19;LAB. DE 8 A 14 H. Y DE 16,30 A 19 H. EXCEPTO CARGA Y DESCARGA MÁX 45 MINUTOS 0303003;-3.6689863810;40.4191657930
0303004;443164.0400000000;4473351.8000000000;19/08/22;3 Retiro;33 Estrella;DOCTOR ESQUERDO, CALLE, DEL;159;Carga y descarga 360;Línea;1;7;LABORABLES DE 08:00 A 14:30 H  EXCEPTO CARGA Y DESCARGA MÁX 45 MINUTOS 0303004;-3.6698502870;40.4088439010
0303005;443154.8800000000;4473222.0900000000;08/09/22;3 Retiro;33 Estrella;DOCTOR ESQUERDO, CALLE, DEL;169;Carga y descarga 360;Línea;3;20;LAB. DE 8 A 14 H. Y DE 16,30 A 19 H. EXCEPTO CARGA Y DESCARGA MÁX 45 MINUTOS 0303005;-3.6699466580;40.4076744370
0303006;443187.7400000000;4473447.3200000000;23/08/22;3 Retiro;33 Estrella;ESTRELLA POLAR, CALLE, DE LA;0;Carga y descarga 360;Línea;4;19,2;LAB. DE 8 A 14 H. Y DE 16,30 A 19 H. EXCEPTO CARGA Y DESCARGA MÁX 45 MINUTOS 0303006;-3.6695794500;40.4097056300
0303007;443389.6800000000;4473553.7400000000;08/09/22;3 Retiro;33 Estrella;ESTRELLA POLAR, CALLE, DE LA;5;Carga y descarga 360;Batería;3;9;DE LUNES A VIERNES DE 8:00 A 17:00 H SÁBADOS DE 9:00 A 14:00 H EXCEPTO CARGA Y DESCARGA  MÁX 45 MINUTOS 0303007;-3.6672091230;40.4106775380
0303008;443236.3500000000;4473443.9200000000;23/08/22;3 Retiro;33 Estrella;ESTRELLA POLAR, CALLE, DE LA;S/N;Carga y descarga 360;Línea;3;11,4;LAB. DE 8 A 14 H. Y DE 16,30 A19 H. EXCEPTO CARGA Y DESCARGA MÁX 45 MINUTOS 0303008;-3.6690063200;40.4096782420
0303009;443669.0300000000;4474394.2100000000;27/07/23;3 Retiro;33 Estrella;MARQUES DE LOZOYA, CALLE, DEL;44;Carga y descarga 360;Batería;6;18;LABORABLES DE LUNES A VIERNES DE 8 A 19 H. Y SÁBADOS DE 8 A 14 H. EXCEPTO CARGA Y DESCARGA  MÁX 45 MINUTOS 0303009;-3.6639912200;40.4182682550
0303010;443280.6300000000;4473173.2800000000;08/09/22;3 Retiro;33 Estrella;PERSEO, CALLE, DE;4;Carga y descarga 360;Línea;3;14;LAB. DE 8 A 17 H EXCEPTO CARGA Y DESCARGA MÁX 45 MINUTOS 0303010;-3.6684604060;40.4072436300
0303011;443492.7300000000;4473881.6400000000;16/01/23;3 Retiro;33 Estrella;PEZ AUSTRAL, CALLE, DEL;3;Carga y descarga 360;Línea;3;15;lab. de lunes viernes de 9 a 21 h. y sábados de 9 a 15 h. CÓDIGO 0303011;-3.6660238460;40.4136392710
0303012;443477.4600000000;4473173.8800000000;29/01/25;3 Retiro;33 Estrella;PERSEO, CALLE, DE;7;Carga y descarga 360;Línea;5;25;LAB. DE 8 A 14 H. Y DE 16:30 A 19:30 H EXCEPTO CARGA Y DESCARGA MÁX 45 MINUTOS 0303012  ;-3.6661408430;40.4072622510
0304001;442594.3900000000;4474270.5500000000;19/08/22;3 Retiro;34 Ibiza;ALCALDE SAINZ DE BARANDA, CALLE, DEL;11;Carga y descarga 360;Línea;3;15;LAB.DE 8 A 14 H. Y DE 16,30 A 19 H. EXCEPTO CARGA Y DESCARGA MÁX 45 MINUTOS 0304001 ;-3.6766464830;40.4170810290
0304002;443036.9500000000;4474334.0400000000;19/08/22;3 Retiro;34 Ibiza;ANTONIO ARIAS, CALLE, DE;3;Carga y descarga 360;Línea;3;15;LAB. DE 8 A 14 H. Y DE 16,30A 19 H. EXCEPTO CARGA Y DESCARGA MÁX 45 MINUTOS 0304002;-3.6714359480;40.4176829780
0304003;443022.4200000000;4474248.6700000000;12/09/22;3 Retiro;34 Ibiza;ANTONIO ARIAS, CALLE, DE;14;Carga y descarga 360;Línea;3;14,6;LAB. DE 8 A 14 H. Y DE 16,30 A 19 H. EXCEPTO CARGA Y DESCARGA MÁX 45 MINUTOS 0304003;-3.6715995840;40.4169136110
0304004;442582.3900000000;4474116.6500000000;10/09/22;3 Retiro;34 Ibiza;DOCE DE OCTUBRE, CALLE, DEL;7;Carga y descarga 360;Línea;3;15;LAB.DE 8 A 14 H. Y DE 16,30 A 19 H. EXCEPTO CARGA Y DESCARGA MÁX 45 MINUTOS 0304004;-3.6767740230;40.4156936690
0304005;442374.6600000000;4474658.9500000000;10/09/22;3 Retiro;34 Ibiza;DOCTOR CASTELO, CALLE, DEL;1;Carga y descarga 360;Línea;2;12;LAB. DE 8 A 14 H. Y DE 16,30 A 19 H. EXCEPTO CARGA Y DESCARGA MÁX 45 MINUTOS 0304005;-3.6792714890;40.4205643260
0304006;442496.3900000000;4474649.7000000000;12/09/22;3 Retiro;34 Ibiza;DOCTOR CASTELO, CALLE, DEL;15;Carga y descarga 360;Línea;2;12,4;LAB. DE 8 A 14 H. Y DE 16,30 A 19 H. EXCEPTO CARGA Y DESCARGA MÁX 45 MINUTOS 0304006;-3.6778358860;40.4204899560
0304007;442532.1900000000;4474647.3400000000;20/08/22;3 Retiro;34 Ibiza;DOCTOR CASTELO, CALLE, DEL;17;Carga y descarga 360;Línea;3;12,4;LAB. DE 8 A 14 H. Y DE 16,30 A 19 H. EXCEPTO CARGA Y DESCARGA MÁX 45 MINUTOS 0304007;-3.6774136160;40.4204705900
0304008;442671.8300000000;4474637.2000000000;19/08/22;3 Retiro;34 Ibiza;DOCTOR CASTELO, CALLE, DEL;27;Carga y descarga 360;Línea;3;15;LAB. DE 8 A 14 H. Y DE 16,30A 19 H. EXCEPTO CARGA Y DESCARGA MÁX 45 MINUTOS 0304008 ;-3.6757668210;40.4203895160
0304009;442758.3900000000;4474630.7600000000;10/09/22;3 Retiro;34 Ibiza;DOCTOR CASTELO, CALLE, DEL;35;Carga y descarga 360;Línea;4;20;LAB. DE 8 A 14 H. Y DE 16,30 A19 H. EXCEPTO CARGA Y DESCARGA MÁX 45 MINUTOS 0304009;-3.6747459250;40.4203370910
0304010;442796.4100000000;4474627.9900000000;19/08/22;3 Retiro;34 Ibiza;DOCTOR CASTELO, CALLE, DEL;39;Carga y descarga 360;Línea;2;8;LAB. DE 8 A 14 H. Y DE 16,30 A19 H. EXCEPTO CARGA Y DESCARGA MÁX 45 MINUTOS 0304010 ;-3.6742974710;40.4203149750
0304011;443203.5800000000;4474325.9300000000;09/09/22;3 Retiro;34 Ibiza;DOCTOR ESQUERDO, CALLE, DEL;48;Carga y descarga 360;Línea;7;35,3;LAB. DE 8 A 14 H. Y DE 16,30 A 19 H. EXCEPTO CARGA Y DESCARGA MÁX 45 MINUTOS 0304011;-3.6694712750;40.4176211560
0304012;442792.0300000000;4474727.9200000000;10/09/22;3 Retiro;34 Ibiza;FERNAN GONZALEZ, CALLE, DE;35;Carga y descarga 360;Línea;3;15,5;LAB. DE 8 A 14 H. Y DE 16,30 A19 H. EXCEPTO CARGA Y DESCARGA MÁX 45 MINUTOS 0304012;-3.6743582040;40.4212146330
0304013;442539.1100000000;4474396.0100000000;19/08/22;3 Retiro;34 Ibiza;IBIZA, CALLE, DE;10;Carga y descarga 360;Línea;10;41,4;LAB. DE 8 A 15 H. EXCEPTO CARGA Y DESCARGA MÁX 45 MINUTOS 0304013 ;-3.6773093380;40.4182072350
0304014;442538.7300000000;4474421.9500000000;14/09/22;3 Retiro;34 Ibiza;IBIZA, CALLE, DE;11;Carga y descarga 360;Línea;3;15,56;LAB. DE 8 A 15 H. EXCEPTO CARGA Y DESCARGA MÁX 45 MINUTOS 0304014;-3.6773162130;40.4184411730
0304015;442667.8900000000;4474386.1200000000;20/08/22;3 Retiro;34 Ibiza;IBIZA, CALLE, DE;22;Carga y descarga 360;Línea;3;15;LAB. DE 8 A 15 H. EXCEPTO CARGA Y DESCARGA MÁX 45 MINUTOS 0304015 ;-3.6757905990;40.4181271930
0304016;442711.3900000000;4474383.6600000000;12/09/22;3 Retiro;34 Ibiza;IBIZA, CALLE, DE;28;Carga y descarga 360;Línea;2;10,9;LAB. DE 8 A 15 H. EXCEPTO CARGA Y DESCARGA MÁX 45 MINUTOS 0304016;-3.6752775720;40.4181082850
0304017;443052.8100000000;4474359.3500000000;13/09/22;3 Retiro;34 Ibiza;IBIZA, CALLE, DE;60;Carga y descarga 360;Línea;2;12;LAB. DE 8 A 15 H. EXCEPTO CARGA Y DESCARGA MÁX 45 MINUTOS 0304017;-3.6712513410;40.4179119900
0304018;442508.7400000000;4474624.1000000000;10/09/22;3 Retiro;34 Ibiza;LOPE DE RUEDA, CALLE, DE;36;Carga y descarga 360;Línea;4;18;LAB. DE 8 A 14 H. Y DE 16,30 A 19 H. EXCEPTO CARGA Y DESCARGA MÁX 45 MINUTOS 0304018;-3.6776879480;40.4202603140
0304019;442503.6200000000;4474561.5800000000;20/08/22;3 Retiro;34 Ibiza;LOPE DE RUEDA, CALLE, DE;44;Carga y descarga 360;Línea;3;14,47;LAB. DE 8 A 14 H. Y DE 16,30A 19 H. EXCEPTO CARGA Y DESCARGA MÁX 45 MINUTOS 0304019;-3.6777426090;40.4196960080
0304020;442496.1500000000;4474371.0600000000;15/09/22;3 Retiro;34 Ibiza;LOPE DE RUEDA, CALLE, DE;53;Carga y descarga 360;Batería;5;14;LAB. DE 7 A 20 H EXCEPTO CARGA Y DESCARGA EN LINEA MÁX 45 MINUTOS 0304020;-3.6778134260;40.4179792550
0304021;442894.1100000000;4474620.8600000000;11/10/22;3 Retiro;34 Ibiza;DOCTOR CASTELO, CALLE, DEL;45;Carga y descarga 360;Línea;2;12;LAB. DE 8 A 14 H. Y DE 16,30 A19 H. EXCEPTO CARGA Y DESCARGA MÁX 45 MINUTOS 0304021;-3.6731453670;40.4202572780
0304022;442893.7800000000;4474413.4100000000;15/09/22;3 Retiro;34 Ibiza;MAIQUEZ, CALLE, DE;40;Carga y descarga 360;Línea;4;18;LABORABLES DE 09:00 A 19:00 H SÁBADOS DE 09:00 A 15:00 H EXCEPTO CARGA Y DESCARGA MÁX 45 MINUTOS 0304022;-3.6731304700;40.4183882890
0304023;442881.9600000000;4474259.9700000000;15/09/22;3 Retiro;34 Ibiza;MAIQUEZ, CALLE, DE;60;Carga y descarga 360;Línea;4;15;LAB. DE 8 A 14 H. Y DE 16,30 A 19 H. EXCEPTO CARGA Y DESCARGA MÁX 45 MINUTOS 0304023;-3.6732561200;40.4170055700
0304024;442404.5400000000;4474552.0400000000;12/09/22;3 Retiro;34 Ibiza;MENORCA, CALLE, DE;1;Carga y descarga 360;Batería;5;16;LAB. DE 8 A 17 HEXCEPTO CARGA Y DESCARGA MÁX 45 MINUTOS 0304024;-3.6789095520;40.4196038770
0304025;442663.1700000000;4474525.6600000000;12/09/22;3 Retiro;34 Ibiza;MENORCA, CALLE, DE;26;Carga y descarga 360;Línea;3;16;LAB. DE 8 A 14 H. Y DE 16,30A 19 H. EXCEPTO CARGA Y DESCARGA MÁX 45 MINUTOS 0304025;-3.6758588380;40.4193834030
0304026;442754.8200000000;4474519.1700000000;10/09/22;3 Retiro;34 Ibiza;MENORCA, CALLE, DE;34;Carga y descarga 360;Línea;3;15;LAB. DE 8 A 14 H. Y DE 16,30 A19 H. EXCEPTO CARGA Y DESCARGA MÁX 45 MINUTOS 0304026;-3.6747778960;40.4193314350
0304027;442800.9800000000;4474516.1500000000;30/12/24;3 Retiro;34 Ibiza;MENORCA, CALLE, DE;36;Carga y descarga 360;Línea;5;24,85;LAB. DE 8 A 14 H. Y DE 16,30 A 19 H. EXCEPTO CARGA Y DESCARGA MÁX 45 MINUTOS 0304027;-3.6742336430;40.4193072560
0304028;442882.6000000000;4474510.2700000000;15/09/22;3 Retiro;34 Ibiza;MENORCA, CALLE, DE;44;Carga y descarga 360;Línea;4;20,3;LAB. DE 8 A 14 H. Y DE 16,30 A 19 H. EXCEPTO CARGA Y DESCARGA MÁX 45 MINUTOS 0304028;-3.6732710740;40.4192601020
0304029;442632.3500000000;4474568.3200000000;12/09/22;3 Retiro;34 Ibiza;NARVAEZ, CALLE, DE;48;Carga y descarga 360;Línea;5;25;LAB. DE 8 A 14 H. Y DE 16,30A 19 H. EXCEPTO CARGA Y DESCARGA MÁX 45 MINUTOS 030429;-3.6762258750;40.4197659090
0304030;442618.7000000000;4474366.3000000000;20/08/22;3 Retiro;34 Ibiza;NARVAEZ, CALLE, DE;66;Carga y descarga 360;Línea;4;20;LAB.DE 8 A 14 H. Y DE 16,30A 19 H. EXCEPTO CARGA Y DESCARGA MÁX 45 MINUTOS 0304030;-3.6763685980;40.4179451070
0304031;442620.4600000000;4474144.1000000000;12/09/22;3 Retiro;34 Ibiza;NARVAEZ, CALLE, DE;71;Carga y descarga 360;Línea;3;14,5;LAB.DE 8 A 14 H. Y DE 16,30 A 19 H. EXCEPTO CARGA Y DESCARGA MÁX 45 MINUTOS 0304031;-3.6763278040;40.4159439940
0304032;442614.1000000000;4474289.2900000000;20/08/22;3 Retiro;34 Ibiza;NARVAEZ, CALLE, DE;74;Carga y descarga 360;Línea;3;14,9;LAB.DE 8 A 14 H. Y DE 16,30A 19 H. EXCEPTO CARGA Y DESCARGA MÁX 45 MINUTOS 0304032;-3.6764158100;40.4172513690
0304033;442604.8300000000;4474147.8100000000;20/08/22;3 Retiro;34 Ibiza;NARVAEZ, CALLE, DE;86;Carga y descarga 360;Línea;3;15;LAB.DE 8 A 14 H. Y DE 16,30 A 19 H. EXCEPTO CARGA Y DESCARGA MÁX 45 MINUTOS 0304033;-3.6765123540;40.4159763660
0304034;442374.3300000000;4474777.3700000000;12/09/22;3 Retiro;34 Ibiza;O'DONNELL, CALLE, DE;6;Carga y descarga 360;Línea;3;15;LAB. DE 8 A 14 H. Y DE 16,30 A 19 H.  EXCEPTO CARGA Y DESCARGA MÁX 45 MINUTOS 0304034;-3.6792861000;40.4216315170
0304035;442577.7400000000;4474763.2100000000;12/09/22;3 Retiro;34 Ibiza;O'DONNELL, CALLE, DE;20;Carga y descarga 360;Línea;2;12,2;LAB. DE 08:00 A 17:00 H EXCEPTO CARGA Y DESCARGA MÁX 45 MINUTOS 0304035;-3.6768871250;40.4215175560
0304036;442766.4100000000;4474748.9900000000;12/09/22;3 Retiro;34 Ibiza;O'DONNELL, CALLE, DE;34;Carga y descarga 360;Línea;3;15;LAB. DE 8 A 14 H. Y DE 16,30 A 21 H. EXCEPTO CARGA Y DESCARGA MÁX 45 MINUTOS 0304036;-3.6746620440;40.4214032510
0304037;442339.1900000000;4474732.8500000000;16/11/22;3 Retiro;34 Ibiza;MENENDEZ PELAYO, AVENIDA, DE;9;Carga y descarga 360;Línea;1;7,5;LAB. DE LUNES A SÁBADO DE 8 A 17 H. EXCEPTO CARGA Y DESCARGA MÁX. 45  MINUTOS  0304037;-3.6796963370;40.4212279830
0304038;442885.7700000000;4474192.3500000000;02/02/23;3 Retiro;34 Ibiza;MAIQUEZ, CALLE, DE;31;Carga y descarga 360;Línea;3;15;LAB. DE LUNES A VIERNES DE 9 A 14 H. Y DE 16:30 A 19 H. SÁBADOS DE 9 A 13 H. EXCEPTO CARGA Y DESCARGA MÁX 45 MINUTOS 0304038;-3.6732051270;40.4163962300
0304039;442845.8800000000;4474249.2500000000;02/04/24;3 Retiro;34 Ibiza;ALCALDE SAINZ DE BARANDA, CALLE, DEL;35;Carga y descarga 360;Línea;3;15;LAB. DE LUNES A SÁBADOS DE 8:00 A 14:30 H. EXCEPTO CARGA Y DESCARGA MÁX 45 MINUTOS COD 0304039    ;-3.6736804520;40.4169065630
0304040;442452.8200000000;4474308.3800000000;25/07/24;3 Retiro;34 Ibiza;MENENDEZ PELAYO, AVENIDA, DE;45;Carga y descarga 360;Línea;2;10;LAB. DE LUNES A SÁBADOS DE 8 A 14:30 H EXCEPTO CARGA Y DESCARGA MÁX. 45 MINUTOS   0304040;-3.6783184310;40.4174121410
0305001;441477.3700000000;4474015.3800000000;01/01/00;3 Retiro;35 Los Jerónimos;ACADEMIA, CALLE, DE LA;6;Carga y descarga 360;Batería;4;14,2;LAB. DE 8 A 14 H. Y DE 16,30 A 19 H. EXCEPTO CARGA Y DESCARGA MÁX 45 MINUTOS 0305001;-3.6897884160;40.4147044000
0305002;442118.2000000000;4473180.5600000000;13/09/22;3 Retiro;35 Los Jerónimos;ANDRES TORREJON, CALLE, DE;13;Carga y descarga 360;Línea;4;15;LAB.DE 8 A 14 H. Y DE 16,30 A 19 H. EXCEPTO CARGA Y DESCARGA MÁX 45 MINUTOS 0305002;-3.6821597690;40.4072289050
0305003;441302.1000000000;4474222.2200000000;13/09/22;3 Retiro;35 Los Jerónimos;ANTONIO MAURA, CALLE, DE;1;Carga y descarga 360;Batería;5;13,7;lab de lunes a viernes de 8 a 14 h y de 16.30 a a19h excepto carga y descarga  MÁX 45 MINUTOS 0305003;-3.6918732380;40.4165554550
0305004;441513.9300000000;4473927.5800000000;20/08/22;3 Retiro;35 Los Jerónimos;CASADO DEL ALISAL, CALLE, DE;16;Carga y descarga 360;Batería;4;11,9;LABORABLES DE LUNES A VIERNES DE 8 A 16H Y SÁBADOS DE 8 A 14 H. EXCEPTO CARGA Y DESCARGA. EN LÍNEA MÁX 45 MINUTOS 0305004;-3.6893494730;40.4139156090
0305006;441476.5100000000;4474313.2600000000;20/08/22;3 Retiro;35 Los Jerónimos;JUAN DE MENA, CALLE, DE;21;Carga y descarga 360;Línea;3;14;LAB. DE 8 A 14 H. Y DE 16,30 A 19 H. EXCEPTO CARGA Y DESCARGA MÁX 45 MINUTOS 0305006;-3.6898259450;40.4173878480
0305007;441508.4000000000;4474374.1700000000;13/09/22;3 Retiro;35 Los Jerónimos;MONTALBAN, CALLE, DE;14;Carga y descarga 360;Línea;7;17;lab. de 8 a 14h. y de 16,30 a 19h. excepto: CARGA Y DESCARGA  MÁX 45 MINUTOS 0305007;-3.6894557570;40.4179384600
0305008;441442.2500000000;4474482.4200000000;13/09/22;3 Retiro;35 Los Jerónimos;VALENZUELA, CALLE, DE;3;Carga y descarga 360;Línea;3;14;LAB. DE 8H  A 14 H Y DE 16.30H A 19 H.EXCPETO CARGA Y DESCARGA MÁX 45 MINUTOS 0305008;-3.6902454070;40.4189096240
0306001;442860.6300000000;4473192.5200000000;13/09/22;3 Retiro;36 Niño Jesús;ANTONIO DIAZ-CAÑABATE, CALLE, DE;33;Carga y descarga 360;Batería;6;15;LAB. DE 8 A 14 H. Y DE 16,30 A19 H. EXCEPTO CARGA Y DESCARGA MÁX 45 MINUTOS 0306001;-3.6734115630;40.4073875000
0306002;442927.7800000000;4473164.8300000000;14/09/22;3 Retiro;36 Niño Jesús;CONDE DE CARTAGENA, CALLE, DEL;41;Carga y descarga 360;Línea;4;17,9;LAB. DE 8 A 14 H. Y DE 16:30 A 19 H. EXCEPTO CARGA Y DESCARGA MÁX 45 MINUTOS 0306002;-3.6726177880;40.4071429040
0306003;442713.3900000000;4474131.0200000000;02/02/23;3 Retiro;36 Niño Jesús;DOCE DE OCTUBRE, CALLE, DEL;22;Carga y descarga 360;Línea;5;25;LAB. DE LUNES A VIERNES DE 8 A 19 H. SÁBADOS DE 9 A 13 H. EXCEPTO CARGA Y DESCARGA MÁX 45 MINUTOS 0306003 ;-3.6752313350;40.4158319240
0306004;443171.9400000000;4473889.3400000000;13/09/22;3 Retiro;36 Niño Jesús;DOCTOR ESQUERDO, CALLE, DEL;70;Carga y descarga 360;Línea;1;6,4;LAB. DE 8 A 14:30 H EXCEPTO CARGA Y DESCARGA MÁX 45 MINUTOS 0306004;-3.6698051950;40.4136867700
0306005;443138.1600000000;4473417.4100000000;13/09/22;3 Retiro;36 Niño Jesús;DOCTOR ESQUERDO, CALLE, DEL;108;Carga y descarga 360;Línea;3;15;LAB. DE 8 A 14 H. Y DE 16,30 A 19 H. EXCEPTO CARGA Y DESCARGA MÁX 45 MINUTOS 0306005;-3.6701612310;40.4094327870
0306006;442863.6400000000;4474063.7100000000;13/09/22;3 Retiro;36 Niño Jesús;DOCTOR LAGUNA, PLAZA, DEL;2;Carga y descarga 360;Batería;7;15;LAB. DE 8 A 14 H. Y DE 16,30 A 19 H. EXCEPTO CARGA Y DESCARGA MÁX 45 MINUTOS 0306006;-3.6734543630;40.4152361050
0306007;443010.4100000000;4474088.2000000000;22/08/22;3 Retiro;36 Niño Jesús;DOCTOR LAGUNA, PLAZA, DEL;7;Carga y descarga 360;Línea;3;14,9;Lab. de 9 a 20 h.excepto: CARGA Y DESCARGA MÁX 45 MINUTOS 0306007;-3.6717267240;40.4154664910
0306008;442649.4100000000;4473443.5200000000;22/08/22;3 Retiro;36 Niño Jesús;REYES MAGOS, CALLE, DE LOS;13;Carga y descarga 360;Línea;5;24;LAB DE 8:00A 17:00 H. EXCEPTO CARGA Y DESCARGA. MÁX 45 MINUTOS 0306008;-3.6759234680;40.4096343540
0306009;442601.5900000000;4473277.4600000000;13/09/22;3 Retiro;36 Niño Jesús;REYES MAGOS, PLAZA, DE LOS;6;Carga y descarga 360;Batería;5;15;Lab. de 8 a 14h. y de 16.30 a 19h. Excepto: CARGA Y DESCARGA MÁX 45 MINUTOS 0306009;-3.6764720170;40.4081346940
0306010;442989.8100000000;4473176.3100000000;22/08/22;3 Retiro;36 Niño Jesús;WALIA, CALLE, DE;2;Carga y descarga 360;Línea;8;34,5;LAB. DE 8 A 14 H. Y DE 16,30 A 19 H. EXCEPTO CARGA Y DESCARGA MÁX 45 MINUTOS 0306010;-3.6718878390;40.4072502760
0306011;442955.9900000000;4474173.3100000000;02/02/23;3 Retiro;36 Niño Jesús;DOCE DE OCTUBRE, CALLE, DEL;38;Carga y descarga 360;Línea;2;10;LAB. DE LUNES A VIERNES DE 8:30 A 19:30 H SÁBADOS DE 9 A 13.30 H EXCEPTO CARGA Y DESCARGA MÁX 45 MINUTOS 0306011;-3.6723758280;40.4162300720
0306012;442971.2900000000;4474176.1000000000;02/02/23;3 Retiro;36 Niño Jesús;DOCE DE OCTUBRE, CALLE, DEL;40;Carga y descarga 360;Línea;2;10;LAB. DE LUNES A VIERNES DE 8:30 A 19:30 H SÁBADOS DE 9 A 13.30 H EXCEPTO CARGA Y DESCARGA MÁX 45 MINUTOS 0306012;-3.6721956900;40.4162561420
0306013;442580.6300000000;4473520.5300000000;07/06/24;3 Retiro;36 Niño Jesús;MENENDEZ PELAYO, AVENIDA, DE;75;Carga y descarga 360;Línea;1;7,5;LAB. DE LUNES A SÁBADOS DE 8:00 A 14:30 H EXCEPTO CARGA Y DESCARGA MÁX 45 MINUTOS 0306013;-3.6767409640;40.4103232210
0306014;442725.3600000000;4473823.6700000000;02/07/24;3 Retiro;36 Niño Jesús;PIO BAROJA, CALLE, DE;10;Carga y descarga 360;Línea;3;15;LABORABLES DE LUNES A VIERNES DE 8 A 14 H. EXCEPTO CARGA Y DESCARGA MÁXIMO 45 MINUTOS;-3.6750625410;40.4130644230
0401002;442005.2400000000;4474750.5000000000;24/08/22;4 Salamanca;41 Recoletos;ALCALA, CALLE, DE;97;Carga y descarga 360;Línea;3;15,63;LAB. DE 8 A 14 H. Y DE 16,30 A 19 H. EXCEPTO CARGA Y DESCARGA MÁX 45 MINUTOS 0401002 ;-3.6836341620;40.4213633160
0401003;441654.5200000000;4475474.8800000000;31/08/22;4 Salamanca;41 Recoletos;AYALA, CALLE, DE;14;Carga y descarga 360;Línea;1;8;LABORABLE DE 8 A 14 H EXCEPTO  CARGA Y DESCARGA MÁX 45 MINUTOS 0401003;-3.6878345150;40.4278645530
0401004;441815.4500000000;4475464.3800000000;01/09/22;4 Salamanca;41 Recoletos;AYALA, CALLE, DE;26;Carga y descarga 360;Línea;3;17;LAB DE 8 A 14 H Y DE 16:30 A 19 H EXCEPTO CARGA Y DESCARGA MÁX 45 MINUTOS 0401004;-3.6859364780;40.4277811880
0401005;441848.6400000000;4475461.8700000000;01/09/22;4 Salamanca;41 Recoletos;AYALA, CALLE, DE;30;Carga y descarga 360;Línea;2;11;LAB. DE 8 A 14 H. Y DE 16,30 A 19 H. EXCEPTO CARGA Y DESCARGA MÁX 45 MINUTOS 0401005;-3.6855450910;40.4277608480
0401006;442036.8600000000;4475448.2500000000;22/08/22;4 Salamanca;41 Recoletos;AYALA, CALLE, DE;46;Carga y descarga 360;Línea;3;16,62;LABORABLES DE 8 A 17 HEXCEPTO CARGA Y DESCARGA MÁX 45 MINUTOS 0401006;-3.6833250510;40.4276511260
0401007;442227.3200000000;4475434.8100000000;31/08/22;4 Salamanca;41 Recoletos;AYALA, CALLE, DE;62;Carga y descarga 360;Línea;3;14,87;LAB. DE 8 A 14 H. Y DE  16,30 A 19 H. EXCEPTO CARGA Y DESCARGA MÁX 45 MINUTOS 0401007;-3.6810785410;40.4275439830
0401008;441508.8200000000;4475369.0800000000;20/04/23;4 Salamanca;41 Recoletos;CASTELLANA, PASEO, DE LA;4;Carga y descarga 360;Línea;2;12,09;LAB. DE 8 A 14 H. Y DE16,30 A 19 H. EXCEPTOCARGA Y DESCARGA MÁX 45 MINUTOS 0401008;-3.6895422160;40.4269017550
0401009;441528.8500000000;4475467.2000000000;31/08/22;4 Salamanca;41 Recoletos;CASTELLANA, PASEO, DE LA;12;Carga y descarga 360;Línea;3;15,7;LAB. DE 8 A 14 H. Y DE 16,30 A 19 H. EXCEPTO CARGA Y DESCARGA MÁX 45 MINUTOS 0401009;-3.6893152100;40.4277867450
0401010;442171.4500000000;4474864.1600000000;01/09/22;4 Salamanca;41 Recoletos;CASTELLO, CALLE, DE;2;Carga y descarga 360;Línea;4;12,37;LAB. DE 8 A 14 H. Y DE 16,30 A 19 H. EXCEPTO CARGA Y DESCARGA MÁX 45 MINUTOS 0401010;-3.6816854180;40.4223995670
0401011;442166.9300000000;4474923.9600000000;20/08/22;4 Salamanca;41 Recoletos;CASTELLO, CALLE, DE;9;Carga y descarga 360;Línea;3;15,2;LAB. DE 8 A 14 H. Y DE 16,30A 19 H. EXCEPTO CARGA Y DESCARGA MÁX 45 MINUTOS 0401011;-3.6817440890;40.4229375170
0401012;442170.6100000000;4474978.1700000000;31/08/22;4 Salamanca;41 Recoletos;CASTELLO, CALLE, DE;15;Carga y descarga 360;Línea;2;12;LAB. DE 8 A 14 H. Y DE  16,30 A 19 H. EXCEPTO CARGA Y DESCARGA MÁX 45 MINUTOS 0401012 ;-3.6817057000;40.4234260210
0401013;442174.4000000000;4475026.7400000000;01/09/22;4 Salamanca;41 Recoletos;CASTELLO, CALLE, DE;17;Carga y descarga 360;Línea;1;5;LAB. DE 8 A 14 H. Y DE  16,30 A 19 H. EXCEPTO CARGA Y DESCARGA MÁX 45 MINUTOS 0401013;-3.6816654210;40.4238640470
0401014;442181.4300000000;4475127.2900000000;01/09/22;4 Salamanca;41 Recoletos;CASTELLO, CALLE, DE;27;Carga y descarga 360;Línea;3;15;LAB. DE 8 A 13 H. Y DE 16:30 A 20 H. EXCEPTO CARGA Y DESCARGA MÁX 45 MINUTOS 0401014;-3.6815915670;40.4247702940
0401015;442185.8300000000;4475186.6600000000;21/09/22;4 Salamanca;41 Recoletos;CASTELLO, CALLE, DE;29;Carga y descarga 360;Línea;3;15;LAB. DE 8 A 14 H. Y DE 16,30 A 19 H. EXCEPTO CARGA Y DESCARGA MÁX 45 MINUTOS 0401015;-3.6815451580;40.4253056660
0401016;442190.9200000000;4475264.7500000000;21/09/22;4 Salamanca;41 Recoletos;CASTELLO, CALLE, DE;39;Carga y descarga 360;Línea;2;11,73;LAB. DE 8 A 14 H. Y DE 16,30 A 19 H. EXCEPTOCARGA Y DESCARGA MÁX 45 MINUTOS 0401016;-3.6814922160;40.4260089150
0401017;442199.0900000000;4475383.8200000000;24/08/22;4 Salamanca;41 Recoletos;CASTELLO, CALLE, DE;49;Carga y descarga 360;Línea;3;15;LAB. DE 8 A 14 H. Y DE  16,30 A 19 H. EXCEPTO CARGA Y DESCARGA ;-3.6814068460;40.4270822360
0401018;441693.9900000000;4474665.7500000000;01/09/22;4 Salamanca;41 Recoletos;CLAUDIO COELLO, CALLE, DE;1;Carga y descarga 360;Línea;2;15;LAB. DE 8 A 14 H. Y DE 16,30 A 19 H. EXCEPTO CARGA Y DESCARGA MÁX 45 MINUTOS 0401018 ;-3.6872950760;40.4205780200
0401019;441711.7900000000;4474819.2400000000;01/09/22;4 Salamanca;41 Recoletos;CLAUDIO COELLO, CALLE, DE;17;Carga y descarga 360;Línea;3;14,4;LAB. DE 8 A 14 H. Y DE 16,30 A 19 H. EXCEPTO CARGA Y DESCARGA MÁX 45 MINUTOS 0401019;-3.6870993530;40.4219620560
0401020;441730.3800000000;4474976.3200000000;20/08/22;4 Salamanca;41 Recoletos;CLAUDIO COELLO, CALLE, DE;25;Carga y descarga 360;Línea;3;16,1;laborables de 8 a 14 y de 16,30 a 19 h, Excepto carga y descarga MÁX 45 MINUTOS 0401020;-3.6868946350;40.4233791530
0401021;441739.6600000000;4475060.8200000000;20/08/22;4 Salamanca;41 Recoletos;CLAUDIO COELLO, CALLE, DE;29;Carga y descarga 360;Línea;2;13,09;LAB. DE 8 A 14 H. Y DE 16,30 A 19 H.EXCEPTO CARGA Y DESCARGA MÁX 45 MINUTOS 0401021;-3.6867930500;40.4241404420
0401022;441765.0900000000;4475274.0000000000;01/09/22;4 Salamanca;41 Recoletos;CLAUDIO COELLO, CALLE, DE;43;Carga y descarga 360;Línea;3;15;LABORABLES DE 8:00 A 17:00 HEXCEPTO CARGA Y DESCARGA. MÁX 45 MINUTOS 0401022;-3.6865127020;40.4260630020
0401023;441802.9700000000;4475587.7400000000;17/09/22;4 Salamanca;41 Recoletos;CLAUDIO COELLO, CALLE, DE;71;Carga y descarga 360;Línea;3;15,3;LAB DE 8 A 14 H. Y DE 16,30 A 19 H.EXCEPTO CARGA Y DESCARGA MÁX 45 MINUTOS 0401023;-3.6860949580;40.4288915800
0401024;441726.5400000000;4474731.6900000000;31/08/22;4 Salamanca;41 Recoletos;COLUMELA, CALLE, DE;7;Carga y descarga 360;Línea;3;11,8;Lab de 9 a14 h y de 16.30 a 20 hExcepto Carga y Descarga MÁX 45 MINUTOS 0401024;-3.6869174390;40.4211742970
0401025;441799.3500000000;4474727.5300000000;01/09/22;4 Salamanca;41 Recoletos;COLUMELA, CALLE, DE;17;Carga y descarga 360;Línea;3;15;Lab de 9 a14 h y de 16.30 a 20 hExcepto: Carga y Descarga MÁX 45 MINUTOS 0401025;-3.6860588050;40.4211423260
0401026;441524.4000000000;4475230.8800000000;01/09/22;4 Salamanca;41 Recoletos;GOYA, CALLE, DE;3;Carga y descarga 360;Línea;3;14,3;LAB. DE 8 A 14 H. Y DE 16,30 A 19 H.EXCEPTO CARGA Y DESCARGA MÁX 45 MINUTOS 0401026;-3.6893459780;40.4256577490
0401027;441702.7000000000;4475185.7300000000;19/08/22;4 Salamanca;41 Recoletos;GOYA, CALLE, DE;6;Carga y descarga 360;Línea;3;17,14;LAB. DE 8 A 14 H. Y DE 16,30 A 19 H. EXCEPTO CARGA Y DESCARGA MÁX 45 MINUTOS 0401027 ;-3.6872401290;40.4252633250
0401028;441782.4400000000;4475200.5800000000;20/08/22;4 Salamanca;41 Recoletos;GOYA, CALLE, DE;21;Carga y descarga 360;Línea;4;17;LAB. DE 8 A 14 HY DE 16.30  A 19 HEXCEPTO CARGA Y DESCARGA MÁX 45 MINUTOS 0401028;-3.6863015090;40.4254030120
0401029;442130.0300000000;4475154.4100000000;19/08/22;4 Salamanca;41 Recoletos;GOYA, CALLE, DE;26;Carga y descarga 360;Línea;3;16;LAB. DE 8 A 14 H. Y DE 16,30 A 19 H. EXCEPTOCARGA Y DESCARGA MÁX 45 MINUTOS 0401029;-3.6821999340;40.4250109940
0401030;442268.0500000000;4475145.0600000000;01/09/22;4 Salamanca;41 Recoletos;GOYA, CALLE, DE;40;Carga y descarga 360;Línea;3;15;LAB. DE 8 A 14 H. Y DE 16,30 A 19 H. EXCEPTOCARGA Y DESCARGA MÁX 45 MINUTOS 0401030;-3.6805722180;40.4249361080
0401031;442057.3300000000;4475180.3000000000;20/08/22;4 Salamanca;41 Recoletos;GOYA, CALLE, DE;43;Carga y descarga 360;Línea;3;15;LAB. DE 8 A 14 H. Y DE  16,30 A 19 H. EXCEPTO CARGA Y DESCARGA MÁX 45 MINUTOS 0401031 ;-3.6830593700;40.4252389170
0401032;442118.0300000000;4475176.3400000000;21/09/22;4 Salamanca;41 Recoletos;GOYA, CALLE, DE;47;Carga y descarga 360;Línea;2;9,27;DE 8:00  A 10:00 H EXCEPTO CARGA Y DESCARGA MÁX 45 MINUTOS 0401032;-3.6823434020;40.4252078050
0401033;442142.2800000000;4475174.6500000000;20/08/22;4 Salamanca;41 Recoletos;GOYA, CALLE, DE;49;Carga y descarga 360;Línea;2;11,4;LAB. DE 8 A 14 H. Y DE  16,30 A 19 H. EXCEPTO CARGA Y DESCARGA MÁX 45 MINUTOS 0401033   ;-3.6820574390;40.4251945120
0401034;442255.5100000000;4475166.7200000000;01/09/22;4 Salamanca;41 Recoletos;GOYA, CALLE, DE;61;Carga y descarga 360;Línea;3;14,3;LAB. DE 8 A 14 H. Y DE  16,30 A 19 H. EXCEPTO CARGA Y DESCARGA MÁX 45 MINUTOS 0401034 ;-3.6807219890;40.4251306280
0401035;441586.6700000000;4475324.8400000000;01/09/22;4 Salamanca;41 Recoletos;HERMOSILLA, CALLE, DE;6;Carga y descarga 360;Línea;4;19,8;LABORABLES DE LUNES A VIERNES DE 8 A 20 H.SABADOS DE 8 A 15 H.EXCEPTO: CARGA Y DESCARGA MÁX 45 MINUTOS 0401035;-3.6886205560;40.4265085340
0401036;442037.5000000000;4475292.8700000000;02/09/22;4 Salamanca;41 Recoletos;HERMOSILLA, CALLE, DE;36;Carga y descarga 360;Línea;3;15,3;LAB. DE 8 A 14 H. Y DE 16,30 A 19 H. EXCEPTOCARGA Y DESCARGA MÁX 45 MINUTOS 0401036;-3.6833033930;40.4262517340
0401037;442112.0600000000;4475287.4200000000;19/08/22;4 Salamanca;41 Recoletos;HERMOSILLA, CALLE, DE;42;Carga y descarga 360;Línea;3;15;LAB. DE 8 A 14 H. Y DE 16,30 A 19 H.  EXCEPTO CARGA Y DESCARGA MÁX 45 MINUTOS 0401037;-3.6824238460;40.4262081890
0401038;442216.6000000000;4475280.7600000000;21/09/22;4 Salamanca;41 Recoletos;HERMOSILLA, CALLE, DE;52;Carga y descarga 360;Línea;3;14,28;LAB. DE 8 A 14 H. Y DE 16,30 A 19 H. EXCEPTOCARGA Y DESCARGA MÁX 45 MINUTOS 0401038;-3.6811910700;40.4261550190
0401039;442279.9900000000;4475276.0300000000;01/09/22;4 Salamanca;41 Recoletos;HERMOSILLA, CALLE, DE;60;Carga y descarga 360;Línea;3;15;LAB. DE 8 A 14 H. Y DE 16,30 A 19 H. EXCEPTOCARGA Y DESCARGA MÁX 45 MINUTOS 0401039;-3.6804433600;40.4261166310
0401040;441824.1700000000;4474742.0600000000;05/09/22;4 Salamanca;41 Recoletos;LAGASCA, CALLE, DE;8;Carga y descarga 360;Línea;3;12;LAB. DE 8 A 14 H. Y DE16,30 A 19 H. EXCEPTOCARGA Y DESCARGA MÁX 45 MINUTOS 0401040;-3.6857676270;40.4212751950
0401041;441845.6900000000;4474984.6900000000;02/09/22;4 Salamanca;41 Recoletos;LAGASCA, CALLE, DE;30;Carga y descarga 360;Línea;1;6,6;LAB. DE 8 A 14 H. Y DE 16,30 A 19 H. EXCEPTO CARGA Y DESCARGA MÁX 45 MINUTOS 0401041;-3.6855361520;40.4234621750
0401042;441846.8200000000;4474999.6600000000;02/09/22;4 Salamanca;41 Recoletos;LAGASCA, CALLE, DE;32;Carga y descarga 360;Línea;2;13,3;LAB. DE 8 A 14 H. Y DE 16,30 A 19 H. EXCEPTO CARGA Y DESCARGA MÁX 45 MINUTOS 0401042;-3.6855242350;40.4235967620
0401043;441851.4200000000;4475048.8400000000;01/09/22;4 Salamanca;41 Recoletos;LAGASCA, CALLE, DE;34;Carga y descarga 360;Línea;2;8;lab. de 9 a 14 h. y de 16.30 a 20 h. excepto: CARGA Y DESCARGA MÁX 45 MINUTOS 0401043;-3.6854745590;40.4240406900
0401044;441861.2500000000;4475158.1100000000;02/09/22;4 Salamanca;41 Recoletos;LAGASCA, CALLE, DE;42;Carga y descarga 360;Línea;3;15;lab. de 9 a 14 h. y de 16.30 a 20 h. excepto: CARGA Y DESCARGA MÁX 45 MINUTOS 0401044;-3.6853686200;40.4250256620
0401045;441866.2500000000;4475212.6200000000;20/08/22;4 Salamanca;41 Recoletos;LAGASCA, CALLE, DE;44;Carga y descarga 360;Línea;3;15;lab. de 9 a 14 h. y de 16.30 a 20 h. excepto: CARGA Y DESCARGA MÁX 45 MINUTOS 0401045 ;-3.6853147040;40.4255168580
0401046;441872.6300000000;4475285.4200000000;01/09/22;4 Salamanca;41 Recoletos;LAGASCA, CALLE, DE;50;Carga y descarga 360;Línea;3;15,3;lab. de 8 a 14 h. y de 16.30 a 19 h. excepto [CARGA Y DESCARGA] MÁX 45 MINUTOS 0401046 ;-3.6852461210;40.4261735250
0401047;441892.6300000000;4475486.3900000000;17/09/22;4 Salamanca;41 Recoletos;LAGASCA, CALLE, DE;68;Carga y descarga 360;Línea;3;15;LAB. DE 8 A 14 H. Y DE 16,30 A 19 H. EXCEPTO CARGA Y DESCARGA MÁX 45 MINUTOS 0401047;-3.6850287980;40.4279849310
0401048;441899.2700000000;4475551.1500000000;17/09/22;4 Salamanca;41 Recoletos;LAGASCA, CALLE, DE;74;Carga y descarga 360;Línea;3;15,1;LAB. DE 8 A 14 H. Y DE 16,30 A19 H. EXCEPTO CARGA Y DESCARGA MÁX 45 MINUTOS 0401048;-3.6849563760;40.4285689470
0401049;441903.7000000000;4475597.1600000000;17/09/22;4 Salamanca;41 Recoletos;LAGASCA, CALLE, DE;80;Carga y descarga 360;Línea;3;16,08;LAB. DE 8 A 14 H. Y DE 16,30 A19 H. EXCEPTO CARGA Y DESCARGA MÁX 45 MINUTOS 0401049;-3.6849084770;40.4289834250
0401050;442282.7100000000;4474861.4500000000;07/09/23;4 Salamanca;41 Recoletos;MENENDEZ PELAYO, AVENIDA, DE;2;Carga y descarga 360;Línea;3;15;LABORABLES DE 8 A 14 H Y DE 16,30 A 19 H. EXCEPTO CARGA Y DESCARGA MÁX 45 MINUTOS 0401050;-3.6803736310;40.4223826650
0401051;442058.9700000000;4474797.4300000000;18/08/22;4 Salamanca;41 Recoletos;NUÑEZ DE BALBOA, CALLE, DE;2;Carga y descarga 360;Línea;3;15,4;LAB. DE 8 A 14 H. Y DE 16,30 A 19 H. EXCEPTO CARGA Y DESCARGA MÁX 45 MINUTOS 0401051;-3.6830051690;40.4217897680
0401052;442064.7400000000;4474983.8300000000;19/08/22;4 Salamanca;41 Recoletos;NUÑEZ DE BALBOA, CALLE, DE;19;Carga y descarga 360;Línea;3;13,87;LAB. DE 8 A 14 H. Y DE  16,30 A 19 H. EXCEPTO CARGA Y DESCARGA MÁX 45 MINUTOS 0401052  ;-3.6829541180;40.4234700810
0401053;442068.6100000000;4475038.7800000000;19/08/22;4 Salamanca;41 Recoletos;NUÑEZ DE BALBOA, CALLE, DE;25;Carga y descarga 360;Línea;2;12;LAB. DE 8 A 14 H. Y DE  16,30 A 19 H. EXCEPTO CARGA Y DESCARGA MÁX 45 MINUTOS 0401053 ;-3.6829134950;40.4239655180
0401054;442077.5100000000;4475055.8300000000;01/09/22;4 Salamanca;41 Recoletos;NUÑEZ DE BALBOA, CALLE, DE;24;Carga y descarga 360;Línea;4;15;lab. 9 a14 h y 16.30 a 20 h excepto: Carga y Descarga MÁX 45 MINUTOS 0401054;-3.6828101340;40.4241191850
0401055;442087.3600000000;4475192.7200000000;19/08/22;4 Salamanca;41 Recoletos;NUÑEZ DE BALBOA, CALLE, DE;28;Carga y descarga 360;Línea;3;15;LAB. DE 8 A 14 H. Y DE 16,30 A 19 H. EXCEPTOCARGA Y DESCARGA MÁX 45 MINUTOS 0401055;-3.6827064280;40.4253531070
0401056;442092.9100000000;4475270.6600000000;15/11/22;4 Salamanca;41 Recoletos;NUÑEZ DE BALBOA, CALLE, DE;36;Carga y descarga 360;Línea;3;15,88;LAB. DE 8 A 14 H. Y DE 16 A 20 H. EXCEPTOCARGA Y DESCARGA MÁX 45 MINUTOS 0401056 ;-3.6826481590;40.4260554960
0401057;442103.4900000000;4475423.0900000000;16/09/22;4 Salamanca;41 Recoletos;NUÑEZ DE BALBOA, CALLE, DE;46;Carga y descarga 360;Línea;4;18,54;LAB. DE 8  A 14 H. Y DE 16,30 A 19 H. EXCEPTO CARGA Y DESCARGA MÁX 45 MINUTOS 0401057;-3.6825372910;40.4274296210
0401058;442102.5400000000;4475535.8900000000;01/09/22;4 Salamanca;41 Recoletos;NUÑEZ DE BALBOA, CALLE, DE;63;Carga y descarga 360;Línea;7;20,81;LABORABLES DE 8 A 14 H. Y DE 16:30 A 19 H. EXCEPTO CARGA Y DESCARGA EN LÍNEA MÁX 45 MINUTOS 0401058 ;-3.6825587200;40.4284459910
0401059;441652.7800000000;4475175.1800000000;31/08/22;4 Salamanca;41 Recoletos;SERRANO, CALLE, DE;34;Carga y descarga 360;Línea;1;6; CARGA Y DESCARGADE 10:00 A 14:00 H MÁX 45 MINUTOS 0401059;-3.6878275250;40.4251644890
0401060;441949.7200000000;4474811.3800000000;31/08/22;4 Salamanca;41 Recoletos;VELAZQUEZ, CALLE, DE;6;Carga y descarga 360;Línea;3;13,4;LAB. DE 8 A 14 H. Y DE 16,30 A 19 H. EXCEPTO CARGA Y DESCARGA MÁX 45 MINUTOS 0401060 ;-3.6842940940;40.4219081410
0401061;441954.8300000000;4474881.5700000000;31/08/22;4 Salamanca;41 Recoletos;VELAZQUEZ, CALLE, DE;10;Carga y descarga 360;Línea;5;20,4;LAB.DE 8 A 14 H. Y DE 16,30 A 19 H. EXCEPTO CARGA Y DESCARGA MÁX 45 MINUTOS 0401061;-3.6842402360;40.4225413170
0401062;441938.4900000000;4474924.6600000000;31/08/22;4 Salamanca;41 Recoletos;VELAZQUEZ, CALLE, DE;17;Carga y descarga 360;Línea;3;13,22;LAB. DE 8 A 14 H. Y DE 16,30 A 19 H. EXCEPTO CARGA Y DESCARGA MÁX 45 MINUTOS 0401062;-3.6844367610;40.4229280060
0401063;441963.1100000000;4474989.9900000000;18/08/22;4 Salamanca;41 Recoletos;VELAZQUEZ, CALLE, DE;20;Carga y descarga 360;Línea;3;13,71;LAB. DE 8 A 14 H. Y DE 16,30 A 19 H. EXCEPTO CARGA Y DESCARG MÁX 45 MINUTOS 0401063;-3.6841525170;40.4235181530
0401064;441944.2300000000;4474994.5500000000;18/08/22;4 Salamanca;41 Recoletos;VELAZQUEZ, CALLE, DE;21;Carga y descarga 360;Línea;4;15;lab. de 9 a 14 h. y de 16.30 a 20 h. excepto: CARGA Y DESCARGA MÁX 45 MINUTOS 0401064;-3.6843754550;40.4235583740
0401065;441968.5700000000;4475068.5200000000;18/08/22;4 Salamanca;41 Recoletos;VELAZQUEZ, CALLE, DE;24;Carga y descarga 360;Línea;3;15,5;lab. de 9 a 14 h. y de 16.30 a 20 h. excepto: CARGA Y DESCARGA MÁX 45 MINUTOS 0401065;-3.6840953930;40.4242257550
0401066;441973.3300000000;4475127.6800000000;31/08/22;4 Salamanca;41 Recoletos;VELAZQUEZ, CALLE, DE;30;Carga y descarga 360;Línea;3;15;LAB. DE 8 A 14 H. Y DE 16,30 A 19 H. EXCEPTO CARGA Y DESCARGA MÁX 45 MINUTOS 0401066;-3.6840447430;40.4247592360
0401067;441955.0600000000;4475146.8900000000;31/08/22;4 Salamanca;41 Recoletos;VELAZQUEZ, CALLE, DE;31;Carga y descarga 360;Línea;3;15;lab. de 9 a 14 h. y de 16.30 a 20 h. excepto: CARGA Y DESCARGA MÁX 45 MINUTOS 0401062;-3.6842617800;40.4249309520
0401068;441963.7500000000;4475276.8600000000;18/08/22;4 Salamanca;41 Recoletos;VELAZQUEZ, CALLE, DE;39;Carga y descarga 360;Línea;3;20,7;LAB. DE 8 A 14 H. Y DE 16,30 A 19 H. EXCEPTO CARGA Y DESCARGA MÁX 45 MINUTOS 0401068;-3.6841711950;40.4261023070
0401069;441982.9500000000;4475276.6600000000;18/08/22;4 Salamanca;41 Recoletos;VELAZQUEZ, CALLE, DE;40;Carga y descarga 360;Línea;3;15,37;LAB. DE 8 A 14 H. Y DE 16,30 A 19 H. EXCEPTO CARGA Y DESCARGA MÁX 45 MINUTOS 0401069;-3.6839448770;40.4261018480
0401070;441970.1500000000;4475364.6200000000;18/08/22;4 Salamanca;41 Recoletos;VELAZQUEZ, CALLE, DE;43;Carga y descarga 360;Línea;2;13;LAB. DE 8 A 14 H. Y DE 16.30 A 19 H. EXCEPTO CARGA Y DESCARGA MÁX 45 MINUTOS 0401070 ;-3.6841037580;40.4268933320
0401071;441977.9900000000;4475474.4100000000;31/08/22;4 Salamanca;41 Recoletos;VELAZQUEZ, CALLE, DE;51;Carga y descarga 360;Línea;3;17,7;LAB. DE 8 A 14 H. Y DE 16,30 A 19 H. EXCEPTO CARGA Y DESCARGA MÁX 45 MINUTOS 0401071;-3.6840214240;40.4278831170
0401072;441985.3600000000;4475585.9300000000;31/08/22;4 Salamanca;41 Recoletos;VELAZQUEZ, CALLE, DE;59;Carga y descarga 360;Línea;3;15,2;LAB. DE 8 A 14 H. Y DE 16,30 A19 H. EXCEPTO CARGA Y DESCARGA MÁX 45 MINUTOS 0401072;-3.6839447050;40.4288878560
0401073;441487.3200000000;4474757.7100000000;19/09/22;4 Salamanca;41 Recoletos;VILLALAR, CALLE, DE;11;Carga y descarga 360;Línea;3;14,2;LABORABLES DE 8 A 17 HEXCEPTO CARGA Y DESCARGA. MÁX 45 MINUTOS 0401073;-3.6897394280;40.4213921350
0401074;441789.6100000000;4474866.9300000000;01/09/22;4 Salamanca;41 Recoletos;VILLANUEVA, CALLE, DE;24;Carga y descarga 360;Línea;2;12;LAB. DE 8 A 14 H Y DE 16.30 A 19 H EXCEPTO CARGA Y DESCARGA MÁX 45 MINUTOS 0401074;-3.6861864020;40.4223975040
0401075;441918.0900000000;4474857.2000000000;01/09/22;4 Salamanca;41 Recoletos;VILLANUEVA, CALLE, DE;32;Carga y descarga 360;Línea;2;12;LABORABLES DE 8 A 17 HEXCEPTO CARGA Y DESCARGA. MÁX 45 MINUTOS 0401075;-3.6846711010;40.4223187230
0401076;442081.1600000000;4474844.5800000000;01/09/22;4 Salamanca;41 Recoletos;VILLANUEVA, CALLE, DE;40;Carga y descarga 360;Línea;3;15;LAB. DE 8 A 14 H. Y DE 16,30A 19 H. EXCEPTO CARGA Y DESCARGA MÁX 45 MINUTOS 0401076;-3.6827478530;40.4222162210
0401077;442140.7200000000;4474839.8000000000;19/08/22;4 Salamanca;41 Recoletos;VILLANUEVA, CALLE, DE;43;Carga y descarga 360;Línea;1;6;LAB. DE 8 A 14 H. Y DE 16,30A 19 H. EXCEPTO CARGA Y DESCARGA MÁX 45 MINUTOS 0401077;-3.6820453500;40.4221776600
0401078;441470.8300000000;4474921.1100000000;31/03/26;4 Salamanca;41 Recoletos;VILLANUEVA, CALLE, DE;2 C;Carga y descarga 360;Línea;3;15;DE LUNES A SÁBADO DE 8:00 A 20:00 H.  EXCEPTO CARGA Y DESCARGA MÁX. 45 MINUTOS;-3.6899488440;40.4228628610
0401079;441591.5200000000;4474718.9100000000;19/10/22;4 Salamanca;41 Recoletos;SERRANO, CALLE, DE;4;Carga y descarga 360;Línea;6;30;PERMITIDO CARGA Y DESCARGA DE 10:00 A 14:00 H MÁX 45 MINUTOS 0401079;-3.6885076830;40.4210499650
0401080;441596.8300000000;4474760.9200000000;19/10/22;4 Salamanca;41 Recoletos;SERRANO, CALLE, DE;6;Carga y descarga 360;Línea;2;11;PERMITIDO CARGA Y DESCARGA DE 10:00 A 14:00 H MÁX 45 MINUTOS 0401080;-3.6884490130;40.4214287470
0401081;441601.5200000000;4474795.8700000000;19/10/22;4 Salamanca;41 Recoletos;SERRANO, CALLE, DE;8;Carga y descarga 360;Línea;1;6,5;PERMITIDO CARGA Y DESCARGA DE 10:00 A 14:00 H. MÁX 45 MINUTOS 0401081;-3.6883969310;40.4217441030
0401082;441608.3600000000;4474851.6000000000;19/10/22;4 Salamanca;41 Recoletos;SERRANO, CALLE, DE;12;Carga y descarga 360;Línea;10;50;PERMITIDO CARGA Y DESCARGA DE 10:00 A 14:00 H. MÁX 45 MINUTOS 0401082;-3.6883214720;40.4222467020
0401083;441613.4200000000;4474890.8900000000;19/10/22;4 Salamanca;41 Recoletos;SERRANO, CALLE, DE;16;Carga y descarga 360;Línea;1;6;PERMITIDO CARGA Y DESCARGA DE 10:00 A 14:00 H. MÁX 45 MINUTOS 0401083;-3.6882654370;40.4226005610
0401084;441623.5300000000;4474969.4900000000;19/10/22;4 Salamanca;41 Recoletos;SERRANO, CALLE, DE;20;Carga y descarga 360;Línea;27;135;PERMITIDO CARGA Y DESCARGA DE 10:00 A 14:00 H. MÁX 45 MINUTOS 0401084;-3.6881535380;40.4233098250
0401085;441641.9300000000;4475100.2900000000;19/10/22;4 Salamanca;41 Recoletos;SERRANO, CALLE, DE;28;Carga y descarga 360;Línea;12;60;PERMITIDO CARGA Y DESCARGA DE 10:00 A 14:00 H. MÁX 45 MINUTOS  0401085;-3.6879486480;40.4244895450
0401086;441670.8300000000;4475296.4200000000;19/10/22;4 Salamanca;41 Recoletos;SERRANO, CALLE, DE;42;Carga y descarga 360;Línea;9;45;PERMITIDO CARGA Y DESCARGA DE 10:00 A 14:00 H. MÁX 45 MINUTOS 0401086;-3.6876259590;40.4262585520
0401087;441692.1400000000;4475439.6400000000;19/10/22;4 Salamanca;41 Recoletos;SERRANO, CALLE, DE;50;Carga y descarga 360;Línea;12;60;PERMITIDO CARGA Y DESCARGA DE 10:00 A 14:00 H. MÁX 45 MINUTOS 0401087;-3.6873878950;40.4275495410
0401088;441713.0300000000;4475579.8900000000;19/10/22;4 Salamanca;41 Recoletos;SERRANO, CALLE, DE;60;Carga y descarga 360;Línea;18;95;PERMITIDO CARGA Y DESCARGA DE 10:00 A 14:00 H. MÁX 45 MINUTOS 0401088;-3.6871545290;40.4288149750
0402001;442825.2800000000;4475323.1000000000;19/05/23;4 Salamanca;42 Goya;ALCANTARA, CALLE, DE;9;Carga y descarga 360;Batería;4;13,3;LABORABLES DE 8 A 14 H.Y DE 16,00 A 19 H. EXCEPTO  CARGA Y DESCARGA EN LÍNEA MÁX 45 MINUTOS 0402001;-3.6740198150;40.4265787210
0402002;442838.7200000000;4475508.9900000000;19/05/23;4 Salamanca;42 Goya;ALCANTARA, CALLE, DE;27;Carga y descarga 360;Línea;5;15;LABORABLES DE 8 A 14 H. Y DE 16,30 A 19 H.EXCEPTO CARGA Y DESCARGA  MÁX 45 MINUTOS 0402002 ;-3.6738780080;40.4282538780
0402003;442421.2600000000;4474946.9900000000;06/09/22;4 Salamanca;42 Goya;ANTONIO ACUÑA, CALLE, DE;1;Carga y descarga 360;Línea;2;11,9;LAB. DE 8 A 14 H. Y DE 16,30 A 19 H. EXCEPTO CARGA Y DESCARGA MÁX 45 MINUTOS 0402003;-3.6787482640;40.4231628610
0402004;442430.1000000000;4475420.0200000000;21/08/22;4 Salamanca;42 Goya;AYALA, CALLE, DE;78;Carga y descarga 360;Línea;2;9,8;LAB. DE 8 A 14 H. Y DE  16,30 A 19 H. EXCEPTO CARGA Y DESCARGA MÁX 45  MINUTOS 0402004 ;-3.6786868430;40.4274241780
0402005;442548.9300000000;4475411.5000000000;21/08/22;4 Salamanca;42 Goya;AYALA, CALLE, DE;88;Carga y descarga 360;Línea;3;17,2;LAB. DE 8 A 14 H. Y DE  16,30 A 19 H. EXCEPTO CARGA Y DESCARGA MÁX 45 MINUTOS 0402005;-3.6772853310;40.4273563390
0402006;442602.2800000000;4475407.7900000000;21/08/22;4 Salamanca;42 Goya;AYALA, CALLE, DE;92;Carga y descarga 360;Línea;4;19,6;LAB. DE 8 A 14 H. Y DE  16,30 A 19 H. EXCEPTO CARGA Y DESCARGA MÁX 45 MINUTOS 0402006 ;-3.6766560510;40.4273266030
0402007;442673.9100000000;4475402.7100000000;05/09/22;4 Salamanca;42 Goya;AYALA, CALLE, DE;100;Carga y descarga 360;Línea;3;15,7;LAB. DE 8 A 14 H. Y DE  16,30 A 19 H. EXCEPTO CARGA Y DESCARGA MÁX 45 MINUTOS 0402007;-3.6758113400;40.4272850640
0402009;443145.7800000000;4475378.1000000000;21/08/22;4 Salamanca;42 Goya;AYALA, CALLE, DE;105;Carga y descarga 360;Línea;3;15;LAB.DE 8 A 14 H. Y DE 16,30 A 19 H. EXCEPTO CARGA Y DESCARGA MÁX 45 MINUTOS 0402009;-3.6702465440;40.4270958160
0402010;442760.1600000000;4475396.5800000000;22/05/23;4 Salamanca;42 Goya;AYALA, CALLE, DE;106;Carga y descarga 360;Línea;3;14,2;LABORABLES DE 8 A 17 HEXCEPTO CARGA Y DESCARGA MÁX 45 MINUTOS 0402010;-3.6747940530;40.4272364190
0402011;442813.3900000000;4475392.7800000000;05/09/22;4 Salamanca;42 Goya;AYALA, CALLE, DE;112;Carga y descarga 360;Línea;3;16;LAB.DE 8 A 14 H. Y DE 16,30 A19 H. EXCEPTO CARGA Y DESCARGA MÁX 45 MINUTOS 0402011;-3.6741661490;40.4272058230
0402012;443043.2800000000;4475376.2700000000;21/08/22;4 Salamanca;42 Goya;AYALA, CALLE, DE;146;Carga y descarga 360;Línea;3;15;LAB.DE 8 A 14 H. Y DE 16,30 A 19 H. EXCEPTO CARGA Y DESCARGA MÁX 45 MINUTOS 0402012;-3.6714547410;40.4270728400
0402013;443190.6400000000;4475520.3600000000;05/09/22;4 Salamanca;42 Goya;DON RAMON DE LA CRUZ, CALLE, DE;104;Carga y descarga 360;Batería;3;7,7;LAB.DE 8 A 14 H. Y DE16,30 A 19 H. EXCEPTOCARGA Y DESCARGA MÁX 45 MINUTOS 0402013;-3.6697305390;40.4283809600
0402014;442597.7000000000;4474878.9500000000;30/11/23;4 Salamanca;42 Goya;DUQUE DE SESTO, CALLE, DEL;17;Carga y descarga 360;Batería;4;12,5;LAB.DE 8 A 12 H Y DE 14:30 A 18 H EXCEPTO CARGA Y DESCARGA EN LÍNEA MÁX 45 MINUTOS 0402014 ;-3.6766624110;40.4225621150
0402015;442513.5500000000;4474876.1900000000;05/09/22;4 Salamanca;42 Goya;DUQUE DE SESTO, CALLE, DEL;18;Carga y descarga 360;Línea;3;15;LAB. DE 8 A 14 H. Y DE 16,30A 19 H. EXCEPTO CARGA Y DESCARGA MÁX 45 MINUTOS 0402015;-3.6776540870;40.4225309460
0402016;442635.6300000000;4474867.2400000000;04/09/22;4 Salamanca;42 Goya;DUQUE DE SESTO, CALLE, DEL;32;Carga y descarga 360;Línea;3;15,41;LAB. DE 8 A 14 H. Y DE 16,30A 19 H. EXCEPTO CARGA Y DESCARGA MÁX 45 MINUTOS 0402016;-3.6762142440;40.4224592120
0402017;442817.6600000000;4474863.1200000000;04/09/22;4 Salamanca;42 Goya;DUQUE DE SESTO, CALLE, DEL;35;Carga y descarga 360;Batería;8;17,9;LAB. DE 8 A 14 H. Y DE 16,30 A 19 H. EXCEPTO CARGA Y DESCARGA MÁX 45 MINUTOS 0402017 ;-3.6740681730;40.4224345170
0402018;442688.8400000000;4474863.4000000000;04/09/22;4 Salamanca;42 Goya;DUQUE DE SESTO, CALLE, DEL;36;Carga y descarga 360;Línea;3;17,1;LAB. DE 8 A 14 H. Y DE 16,30 A 19 H. EXCEPTO CARGA Y DESCARGA MÁX 45 MINUTOS 0402018;-3.6755867400;40.4224279860
0402019;442777.3100000000;4474857.1100000000;23/08/22;4 Salamanca;42 Goya;DUQUE DE SESTO, CALLE, DEL;44;Carga y descarga 360;Línea;3;15;LAB. DE 8 A 14 H. Y DE 16,30 A 19 H. EXCEPTO CARGA Y DESCARGA MÁX 45 MINUTOS 0402019;-3.6745433270;40.4223775650
0402020;443048.9900000000;4474837.7700000000;04/09/22;4 Salamanca;42 Goya;DUQUE DE SESTO, CALLE, DEL;58;Carga y descarga 360;Línea;3;15;LAB. DE 8.00 A 17.00 H. EXCEPTO CARGA Y DESCARGA MÁX 45 MINUTOS 0402020;-3.6713391750;40.4222217210
0402021;442324.2100000000;4475102.7200000000;16/09/22;4 Salamanca;42 Goya;ESPARTINAS, CALLE, DE;1;Carga y descarga 360;Línea;3;15;lab. 9 a 14 h y 16.30 a 20 h excepto: Carga y Descarga MÁX 45 MINUTOS 0402021;-3.6799063840;40.4245592740
0402022;442821.5100000000;4475180.9400000000;28/08/22;4 Salamanca;42 Goya;FERNAN GONZALEZ, CALLE, DE;1;Carga y descarga 360;Línea;3;15;LAB. DE 8 A 21 H EXCEPTO CARGA Y DESCARGA MÁX 45 MINUTOS 0402022;-3.6740514430;40.4252979310
0402023;442806.0800000000;4474938.9800000000;04/09/22;4 Salamanca;42 Goya;FERNAN GONZALEZ, CALLE, DE;17;Carga y descarga 360;Línea;3;15,3;LAB. DE 8 A 14 H. Y DE 16,30 A 19 H. EXCEPTO CARGA Y DESCARGA MÁX 45 MINUTOS 0402023 ;-3.6742115840;40.4231172540
0402024;442787.3700000000;4474785.2400000000;05/09/22;4 Salamanca;42 Goya;FERNAN GONZALEZ, CALLE, DE;30;Carga y descarga 360;Batería;3;8;Laborables de 9 a 14 h. y de 16.30 a 20 h. Excepto: CARGA Y DESCARGA MÁX 45 MINUTOS 0402024;-3.6744183070;40.4217305810
0402025;442486.6800000000;4475044.1900000000;05/09/22;4 Salamanca;42 Goya;FRANCISCA MORENO, CALLE, DE;1;Carga y descarga 360;Línea;3;14,2;LAB. DE 8 A 14 H. Y DE  16,30 A 19 H. EXCEPTO CARGA Y DESCARGA MÁX 45 MINUTOS 0402025 ;-3.6779858860;40.4240424090
0402026;442492.2300000000;4475114.3500000000;04/09/22;4 Salamanca;42 Goya;FRANCISCA MORENO, CALLE, DE;7;Carga y descarga 360;Línea;3;15;LAB. DE 8 A 14 H. Y DE  16,30 A 19 H. EXCEPTO CARGA Y DESCARGA MÁX 45 MINUTOS 0402026;-3.6779268720;40.4246750120
0402027;443107.2400000000;4475356.4900000000;06/09/22;4 Salamanca;42 Goya;FUENTE DEL BERRO, CALLE, DE LA;1;Carga y descarga 360;Línea;3;15;LAB.DE 8 A 14 H. Y DE 16,30 A 19 H. EXCEPTO CARGA Y DESCARGA MÁX 45 MINUTOS 0402027;-3.6706989520;40.4268984890
0402028;443096.4600000000;4475202.5600000000;14/10/22;4 Salamanca;42 Goya;FUENTE DEL BERRO, CALLE, DE LA;21;Carga y descarga 360;Línea;3;15;LAB.DE 8 A 14 H. Y DE 16,30 A 20 H. EXCEPTO CARGA Y DESCARGA MA´X 45 MINUTOS 0402028;-3.6708122260;40.4255115870
0402029;443091.2400000000;4475120.5300000000;17/09/22;4 Salamanca;42 Goya;FUENTE DEL BERRO, CALLE, DE LA;25;Carga y descarga 360;Línea;3;20,29;LAB.DE 8 A 14 H. Y DE 16,30 A19 H. EXCEPTO CARGA Y DESCARGA MÁX 45 MINUTOS 0402029;-3.6708664850;40.4247725860
0402030;442542.5700000000;4475080.7700000000;21/08/22;4 Salamanca;42 Goya;GENERAL DIAZ PORLIER, CALLE, DEL;1;Carga y descarga 360;Línea;3;19;LAB. DE 8 A 14 H. Y DE 16,30 A 19 H. EXCEPTOCARGA Y DESCARGA MÁX 45 MINUTOS 0402030;-3.6773304230;40.4243763290
0402031;442562.6800000000;4475235.8600000000;16/09/22;4 Salamanca;42 Goya;GENERAL DIAZ PORLIER, CALLE, DEL;17;Carga y descarga 360;Línea;3;15;LAB. DE 8 A 14 H. Y DE 16,30 A 19 H.EXCEPTO CARGA Y DESCARGA MÁX 45 MINUTOS 0402031;-3.6771073130;40.4257746890
0402032;442557.1300000000;4475282.8200000000;21/08/22;4 Salamanca;42 Goya;GENERAL DIAZ PORLIER, CALLE, DEL;19;Carga y descarga 360;Línea;3;15,25;LAB. DE 8 A 14 H. Y DE  16,30 A 19 H. EXCEPTO CARGA Y DESCARGA MÁX 45 MINUTOS 0402032;-3.6771770420;40.4261976470
0402033;442565.0800000000;4475394.5200000000;05/09/22;4 Salamanca;42 Goya;GENERAL DIAZ PORLIER, CALLE, DEL;27;Carga y descarga 360;Línea;3;16,1;LAB. DE 8 A 14 H. Y DE  16,30 A 19 H. EXCEPTO CARGA Y DESCARGA MÁX 45 MINUTOS 0402033;-3.6770933330;40.4272038750
0402034;442569.8900000000;4475461.6400000000;23/09/22;4 Salamanca;42 Goya;GENERAL DIAZ PORLIER, CALLE, DEL;33;Carga y descarga 360;Línea;3;15,4;LAB. DE 8 A 12 H. EXCEPTO CARGA Y DESCARGA MÁX 45 MINUTOS 0402034;-3.6770427980;40.4278096060
0402035;442576.4300000000;4475550.2700000000;21/08/22;4 Salamanca;42 Goya;GENERAL DIAZ PORLIER, CALLE, DEL;43;Carga y descarga 360;Línea;2;10;LAB. DE 8 A 14 H. Y DE  16,30 A 19 H. EXCEPTO CARGA Y DESCARGA MÁX 45 MINUTOS 0402035 ;-3.6769736420;40.4286081380
0402036;442427.0400000000;4475040.2700000000;21/08/22;4 Salamanca;42 Goya;GENERAL PARDIÑAS, CALLE, DEL;6;Carga y descarga 360;Batería;4;11,1;LAB. DE 8 A 14 H. Y DE 16,30 A 19 H. EXCEPTOCARGA Y DESCARGA MÁX 45 MINUTOS 0402036;-3.6786885050;40.4240038490
0402037;442436.7600000000;4475168.6900000000;21/08/22;4 Salamanca;42 Goya;GENERAL PARDIÑAS, CALLE, DEL;18;Carga y descarga 360;Línea;4;15;LABORABLES DE 8 A 14 H.Y DE 16,30 A 19 H.EXCEPTO CARGA Y DESCARGA MÁX 45 MINUTOS  0402038 ;-3.6785856590;40.4251607080
0402038;442424.2100000000;4475119.2800000000;05/09/22;4 Salamanca;42 Goya;GENERAL PARDIÑAS, CALLE, DEL;11;Carga y descarga 360;Línea;3;15;LAB. DE 8 A 14 H. Y DE 16,30 A 20 H. EXCEPTOCARGA Y DESCARGA MÁX 45 MINUTOS 0402037;-3.6787290130;40.4247150040
0402039;442436.4100000000;4475289.5300000000;21/08/22;4 Salamanca;42 Goya;GENERAL PARDIÑAS, CALLE, DEL;21;Carga y descarga 360;Batería;5;14,4;LAB. DE 8 A 14 H. Y DE  16,30 A 19 H. EXCEPTO CARGA Y DESCARGA MÁX 45 MINUTOS 0402039;-3.6786006700;40.4262499010
0402040;442442.0400000000;4475249.6600000000;24/08/22;4 Salamanca;42 Goya;GENERAL PARDIÑAS, CALLE, DEL;28;Carga y descarga 360;Línea;3;14,9;LAB. DE 8 A 14 H. Y DE  16,30 A 19 H. EXCEPTO CARGA Y DESCARGA MÁX 45 MINUTOS 0402040;-3.6785307120;40.4258906560
0402041;442453.0800000000;4475401.7800000000;21/08/22;4 Salamanca;42 Goya;GENERAL PARDIÑAS, CALLE, DEL;38;Carga y descarga 360;Línea;4;17;LAB. DE 8 A 14 H. Y DE  16,30 A 19 H. EXCEPTO CARGA Y DESCARGA MÁX 45 MINUTOS 0402041;-3.6784143440;40.4272620310
0402042;442463.8000000000;4475556.5900000000;04/09/22;4 Salamanca;42 Goya;GENERAL PARDIÑAS, CALLE, DEL;54;Carga y descarga 360;Línea;3;15;LAB. DE 8 A 14 H. Y DE  16,30 A 19 H. EXCEPTO CARGA Y DESCARGA MÁX 45 MINUTOS 0402042;-3.6783020450;40.4286574690
0402043;442340.4600000000;4475139.6100000000;22/08/22;4 Salamanca;42 Goya;GOYA, CALLE, DE;42;Carga y descarga 360;Línea;3;15;LAB. DE 8 A 14 H. Y DE  16,30 A 19 H. EXCEPTO CARGA Y DESCARGA MÁX 45 MINUTOS 0402043;-3.6797182240;40.4248924490
0402044;442453.8500000000;4475131.6000000000;22/08/22;4 Salamanca;42 Goya;GOYA, CALLE, DE;52;Carga y descarga 360;Línea;3;15;LAB. DE 8 A 14 H. Y DE  16,30 A 19 H. EXCEPTO CARGA Y DESCARGA MÁX 45 MINUTOS 0402044 ;-3.6783808260;40.4248281060
0402045;442609.9500000000;4475120.9700000000;17/01/24;4 Salamanca;42 Goya;GOYA, CALLE, DE;70;Carga y descarga 360;Línea;2;14;LAB DE 8 A 14 H. Y DE 16:30 A 19 H. EXCEPTO CARGA Y DESCARGA MÁX 45 MINUTOS 0402045;-3.6765397980;40.4247429070
0402046;442408.0700000000;4475155.1500000000;04/09/22;4 Salamanca;42 Goya;GOYA, CALLE, DE;75;Carga y descarga 360;Línea;3;14,4;LAB. DE 8 A 14 H. Y DE 16,30 A 19 H. EXCEPTO CARGA Y DESCARGA MÁX 45 MINUTOS 0402046;-3.6789225580;40.4250373500
0402047;442524.0300000000;4475146.9400000000;22/08/22;4 Salamanca;42 Goya;GOYA, CALLE, DE;85;Carga y descarga 360;Línea;4;22,3;LABORABLES DE 8 A 14HY DE 16:30 A 19HEXCEPTO CARGA Y DESCARGA MÁX 45 MINUTOS 0402047;-3.6775550220;40.4249713450
0402048;442764.8500000000;4475129.5700000000;22/05/23;4 Salamanca;42 Goya;GOYA, CALLE, DE;93;Carga y descarga 360;Línea;3;15;LABORABLES  DE 8:00 A 17:00 H. EXCEPTO CARGA Y DESCARGA MÁX 45 MINUTOS. PARADA TAXI RESTO DE HORARIO   0402048;-3.6747146990;40.4248309710
0402049;442363.2400000000;4475278.8000000000;23/08/22;4 Salamanca;42 Goya;HERMOSILLA, CALLE, DE;65;Carga y descarga 360;Línea;3;15;LAB. DE 8 A 14 H. Y DE  16,30 A 19 H. EXCEPTO CARGA Y DESCARGA MÁX 45 MINUTOS 0402049;-3.6794623410;40.4261479710
0402050;442461.0700000000;4475272.0000000000;24/09/22;4 Salamanca;42 Goya;HERMOSILLA, CALLE, DE;72;Carga y descarga 360;Línea;4;19;LAB. DE 8 A 14 H. Y DE  16,30 A 19 H. EXCEPTO CARGA Y DESCARGA MÁX 45 MINUTOS 0402050 ;-3.6783084620;40.4260935400
0402051;442581.0000000000;4475263.7900000000;03/09/22;4 Salamanca;42 Goya;HERMOSILLA, CALLE, DE;85;Carga y descarga 360;Línea;4;15;LABORABLES DE 7 A 20 H. EXCEPTO CARGA Y DESCARGA MÁX 45 MINUTOS 0402051;-3.6768940010;40.4260276500
0402052;442662.0500000000;4475248.6600000000;22/05/23;4 Salamanca;42 Goya;HERMOSILLA, CALLE, DE;88;Carga y descarga 360;Batería;5;15;LAB. DE 8 A 14 H. Y DE 16,30 A 19 H. EXCEPTOCARGA Y DESCARGA MÁX 45 MINUTOS 0402052;-3.6759371610;40.4258967870
0402054;442805.7900000000;4475246.8800000000;22/08/22;4 Salamanca;42 Goya;HERMOSILLA, CALLE, DE;101;Carga y descarga 360;Línea;3;15;LAB.DE 8 A 14 H. Y DE 16,30 A19 H. EXCEPTO CARGA Y DESCARGA MÁX 45 MINUTOS 0402054;-3.6742425810;40.4258908280
0402055;442919.9900000000;4475238.1200000000;12/09/22;4 Salamanca;42 Goya;HERMOSILLA, CALLE, DE;105;Carga y descarga 360;Línea;3;15,55;LAB.DE 8 A 14 H. Y DE 16,30 A 19 H. EXCEPTO CARGA Y DESCARGA MÁX 45 MINUTOS 0402055;-3.6728956720;40.4258193800
0402056;442980.2200000000;4475233.9500000000;22/08/22;4 Salamanca;42 Goya;HERMOSILLA, CALLE, DE;109;Carga y descarga 360;Línea;3;17,5;LAB.DE 8 A 14 H. Y DE 16,30 A 19 H. EXCEPTO CARGA Y DESCARGA MÁX 45 MINUTOS 0402056;-3.6721853190;40.4257861490
0402057;443072.9600000000;4475226.9800000000;06/09/22;4 Salamanca;42 Goya;HERMOSILLA, CALLE, DE;123;Carga y descarga 360;Línea;4;20;LAB.DE 8 A 14 H. Y DE 16,30 A19 H. EXCEPTO CARGA Y DESCARGA MÁX 45 MIUNTOS 0402057;-3.6710915430;40.4257299990
0402058;443114.6900000000;4475223.9000000000;24/09/22;4 Salamanca;42 Goya;HERMOSILLA, CALLE, DE;125;Carga y descarga 360;Línea;2;15;LAB.DE 8 A 14 H. Y DE 16,30 A19 H. EXCEPTO CARGA Y DESCARGA MÁX 45 MINUTOS 0402058;-3.6705993720;40.4257045020
0402059;443244.9900000000;4475214.2300000000;22/08/22;4 Salamanca;42 Goya;HERMOSILLA, CALLE, DE;137;Carga y descarga 360;Línea;3;15;LAB.DE 8 A 14 H. Y DE 16,30 A 19 H. EXCEPTO CARGA Y DESCARGA MÁX 45 MINUTOS 0402059 ;-3.6690625270;40.4256265230
0402060;443245.7400000000;4475130.8000000000;03/09/22;4 Salamanca;42 Goya;JARDIN DE SAN FEDERICO, CALLE, DEL;17;Carga y descarga 360;Línea;3;14,5;LAB.DE 8 A 14 H. Y DE 16,30 A19 H. EXCEPTO CARGA Y DESCARGA MÁX 45 MINUTOS 0402060;-3.6690462550;40.4248752030
0402061;442317.0300000000;4474997.7400000000;23/08/22;4 Salamanca;42 Goya;JORGE JUAN, CALLE, DE;49;Carga y descarga 360;Línea;3;15,1;lab. de 8 a 14h. y de 16,30 a 19 h. excepto: CARGA Y                 DESCARGA MÁX 45 MINUTOS 0402061;-3.6799814980;40.4236129770
0402063;442637.7700000000;4474966.4900000000;05/09/22;4 Salamanca;42 Goya;JORGE JUAN, CALLE, DE;78;Carga y descarga 360;Línea;4;20;LAB. DE 8 A 14 H. Y DE 16,30 A 19 H. EXCEPTO CARGA Y DESCARGA MÁX 45 MINUTOS 0402063;-3.6761979140;40.4233533130
0402064;442781.5900000000;4474956.5200000000;03/09/22;4 Salamanca;42 Goya;JORGE JUAN, CALLE, DE;88;Carga y descarga 360;Línea;3;15,87;LAB. DE 8 A 14 H. Y DE 16,30 A19 H. EXCEPTO CARGA Y DESCARGA MÁX 45 MINUTOS 0402064;-3.6745017300;40.4232737290
0402065;442897.9700000000;4474948.2100000000;17/03/25;4 Salamanca;42 Goya;JORGE JUAN, CALLE, DE;100;Carga y descarga 360;Línea;3;13,8;LAB. DE 8 A 14 H. Y DE 16,30 A19 H. EXCEPTO CARGA Y DESCARGA MÁX 45 MINUTOS 0402065;-3.6731292100;40.4232069220
0402066;443227.2800000000;4474938.5100000000;22/05/23;4 Salamanca;42 Goya;JORGE JUAN, CALLE, DE;133;Carga y descarga 360;Batería;4;16,11;LAB. DE 8 A 14 H. Y DE 16,30 A 19 H. EXCEPTO CARGA Y DESCARGA MÁX 45 MINUTOS 0402066 ;-3.6692466190;40.4231421200
0402067;442954.9700000000;4475210.0900000000;23/08/22;4 Salamanca;42 Goya;LOMBIA, CALLE, DE;6;Carga y descarga 360;Batería;6;15;LAB.DE 8 A 14 H. Y DE 16,30 A19 H. EXCEPTO CARGA Y DESCARGA MÁX 45 MINUTOS 0402067;-3.6724808510;40.4255700290
0402068;442537.9800000000;4475014.0700000000;04/09/22;4 Salamanca;42 Goya;LOPE DE RUEDA, CALLE, DE;2;Carga y descarga 360;Línea;6;13,98;LAB. DE 8 A 14 H. Y DE 16,30 A 19 H. EXCEPTOCARGA Y DESCARGA MÁX 45 MINUTOS 0402068;-3.6773784940;40.4237746080
0402069;442542.5100000000;4474958.0000000000;03/09/22;4 Salamanca;42 Goya;LOPE DE RUEDA, CALLE, DE;5;Carga y descarga 360;Línea;6;14;LABORABLES DE 8 A 14 H. Y DE 16,30 A 19 H.EXCEPTO CARGA Y DESCARGA M´X 45 MINUTOS 0402069;-3.6773200520;40.4232703480
0402070;442526.5600000000;4474858.8000000000;05/09/22;4 Salamanca;42 Goya;LOPE DE RUEDA, CALLE, DE;16;Carga y descarga 360;Línea;3;15,3;LAB. DE 8 A 14 H. Y DE 16,30 A 19 H. EXCEPTO CARGA Y DESCARGA MÁX 45 MINUTOS 0402070 ;-3.6774991020;40.4223752160
0402071;442522.9300000000;4474802.2400000000;03/09/22;4 Salamanca;42 Goya;LOPE DE RUEDA, CALLE, DE;20;Carga y descarga 360;Línea;2;13,7;LAB. DE 8 A 14 H. Y DE 16,30 A 19 H. EXCEPTO CARGA Y DESCARGA MÁX 45 MINUTOS 0402071 ;-3.6775368020;40.4218652840
0402072;443065.8200000000;4474759.5500000000;05/09/22;4 Salamanca;42 Goya;MAESTRO VIVES, CALLE, DEL;8;Carga y descarga 360;Línea;3;15,4;LAB. DE 8 A 14 H  Y DE 16.30 A 19 H. EXCEPTO CARGA Y DESCARGA MÁX 45 MINUTOS 0402072;-3.6711337700;40.4215184150
0402073;442922.4400000000;4474834.2400000000;03/09/22;4 Salamanca;42 Goya;MAIQUEZ, CALLE, DE;10;Carga y descarga 360;Batería;7;13,7;LAB. DE 8 A 14 H. Y DE 16,30 A19 H. EXCEPTO CARGA Y DESCARGA MÁX 45 MINUTOS 0402073;-3.6728305270;40.4221819000
0402074;443113.6000000000;4475434.8000000000;03/09/22;4 Salamanca;42 Goya;MARTIRES CONCEPCIONISTAS, CALLE, DE LAS;2;Carga y descarga 360;Línea;3;14;LABORABLES DE 8:00 A 17:00 HEXCEPTO CARGA Y DESCARGA. MÁX 45 MINUTOS 0402074;-3.6706310560;40.4276047740
0402075;443118.5200000000;4475509.6800000000;03/09/22;4 Salamanca;42 Goya;MARTIRES CONCEPCIONISTAS, CALLE, DE LAS;8;Carga y descarga 360;Línea;8;15,1;LAB.DE 8 A 14 H. Y DE 16,30 A 19 H. EXCEPTO CARGA Y DESCARGA MÁX 45 MINUTOS 0402075;-3.6705797190;40.4282792030
0402076;442307.1400000000;4474853.4100000000;03/09/22;4 Salamanca;42 Goya;MENENDEZ PELAYO, AVENIDA, DE;3;Carga y descarga 360;Línea;2;12;LABORABLES DE 8 A 17 H EXCEPTO CARGA Y DESCARGA MÁX 45 MINUTOS 0402076;-3.6800849750;40.4223117330
0402077;442965.7100000000;4475365.3300000000;03/09/22;4 Salamanca;42 Goya;MONTESA, CALLE, DE;6;Carga y descarga 360;Batería;6;15;laborables de 8 a 14 h y de 16.30 a 19h, excepto carga y descarga. MÁX 45 MINUTOS 0402077;-3.6723682070;40.4269688480
0402078;442959.8200000000;4475404.7400000000;03/09/22;4 Salamanca;42 Goya;MONTESA, CALLE, DE;9;Carga y descarga 360;Línea;2;11,9;LAB.DE 8 A 14 H. Y DE 16,30 A19 H. EXCEPTO CARGA Y DESCARGAMÁX 45 MINUTOS 0402078;-3.6724411450;40.4273232800
0402079;442968.3200000000;4475520.6100000000;03/09/22;4 Salamanca;42 Goya;MONTESA, CALLE, DE;21;Carga y descarga 360;Línea;3;15;LAB.DE 8 A 14 H. Y DE 16,30 A 19 H. EXCEPTO CARGA Y DESCARGA MÁX 45 MINUTOS 0402079;-3.6723513620;40.4283676100
0402080;443148.6300000000;4474943.6300000000;12/12/22;4 Salamanca;42 Goya;JORGE JUAN, CALLE, DE;127;Carga y descarga 360;Línea;6;15;LAB. DE LUNES A SÁBADOS DE 8 A 14:30 H. EXCEPTO CARGA Y DESCARGA EN LÍNEA MÁX 45 MINUTOS 0402080 ;-3.6701742370;40.4231821130
0402081;442731.2700000000;4475243.7100000000;05/06/24;4 Salamanca;42 Goya;HERMOSILLA, CALLE, DE;90;Carga y descarga 360;Línea;2;12;DE LUNES A SÁBADOS DE 8 A 17 H. EXCEPTO CARGA Y DESCARGA EN LÍNEA MÁXIMO 45 MINUTOS-0402081 ;-3.6751208110;40.4258566800
0403001;443717.2600000000;4475695.5800000000;25/01/25;4 Salamanca;43 Fuente del Berro;ALEJANDRO GONZALEZ, CALLE, DE;3;Carga y descarga 360;Línea;5;25;LAB.DE 8 A 14 H Y DE 16,30 A 19 H EXCEPTO CARGA Y DESCARGA MÁX 45 MINUTOS 0403001;-3.6635380110;40.4299952110
0403003;443436.6200000000;4475177.5800000000;02/09/22;4 Salamanca;43 Fuente del Berro;ANTONIO TOLEDANO, CALLE, DE;3B;Carga y descarga 360;Línea;2;14,3;LABORABLESDE 8 A 14 Y DE 16.30 A 19 HEXCEPTOCARGA Y DESCARGA MÁX 45 MINUTOS 0403003;-3.6668003180;40.4253092760
0403004;443436.7300000000;4475084.3600000000;02/09/22;4 Salamanca;43 Fuente del Berro;ANTONIO TOLEDANO, CALLE, DE;17;Carga y descarga 360;Línea;4;20,71;LABORABLESDE 8 A 14 Y DE 16.30 A 19 HEXCEPTOCARGA Y DESCARGA MÁX 45 MINUTOS 0403004;-3.6667906920;40.4244697210
0403005;443415.6300000000;4474923.4600000000;09/08/23;4 Salamanca;43 Fuente del Berro;ANTONIO TOLEDANO, CALLE, DE;36;Carga y descarga 360;Línea;2;12;LAB. DE 8 A 14 H. Y DE 16,30 A 19 H. EXCEPTO CARGA Y DESCARGA MÁX 45 MINUTOS 0403005;-3.6670251470;40.4230190490
0403006;443648.2000000000;4475692.7200000000;16/11/22;4 Salamanca;43 Fuente del Berro;BOCANGEL, CALLE, DE;2;Carga y descarga 360;Línea;3;12,7;LAB.DE 8 A 14 H. Y DE 16,30 A 19 H. EXCEPTO CARGA Y DESCARGA MÁX 45 MINUTOS 0403006;-3.6643520120;40.4299642710
0403008;443318.4400000000;4475110.9500000000;03/09/22;4 Salamanca;43 Fuente del Berro;FUNDADORES, CALLE, DE LOS;3;Carga y descarga 360;Línea;3;14,4;LAB.DE 8 A 14 H. Y DE 16,30 A 19 H. EXCEPTO CARGA Y DESCARGA MÁX 45 MINUTOS 0403008 ;-3.6681875060;40.4247011960
0403009;443511.5300000000;4475186.2900000000;17/09/22;4 Salamanca;43 Fuente del Berro;HERMOSILLA, CALLE, DE;142;Carga y descarga 360;Línea;2;9,5;LABORABLES DE 8 A 14 Y DE 16.30 A 19 H EXCEPTO CARGA Y DESCARGA MÁX 45 MINUTOS 0403009;-3.6659180200;40.4253927560
0403010;443626.5900000000;4475493.4100000000;03/09/22;4 Salamanca;43 Fuente del Berro;MARQUES DE MONDEJAR, CALLE, DEL;31;Carga y descarga 360;Línea;1;6;LAB. DE 8 A 13 H. Y DE 16.30 A 20 H. EXCEPTO CARGA Y DESCARGA MÁX 45 MINUTOS 0403010;-3.6645890450;40.4281674760
0403011;443344.7800000000;4475350.0500000000;04/09/22;4 Salamanca;43 Fuente del Berro;MARQUES DE ZAFRA, PASEO, DEL;5;Carga y descarga 360;Línea;4;13,53;LAB.DE 8 A 14 H. Y DE 16,30 A 19 H. EXCEPTO CARGA Y DESCARGA MÁX 45 MINUTOS 0403011 ;-3.6678982200;40.4268573510
0403012;443364.8300000000;4475342.0000000000;04/09/22;4 Salamanca;43 Fuente del Berro;MARQUES DE ZAFRA, PASEO, DEL;7;Carga y descarga 360;Línea;4;18,06;LAB.DE 8 A 14 H. Y DE 16,30 A19 H. EXCEPTO CARGA Y DESCARGA MÁX 45 MINUTOS 0403012;-3.6676611300;40.4267855590
0403013;443467.2100000000;4475301.2700000000;04/09/22;4 Salamanca;43 Fuente del Berro;MARQUES DE ZAFRA, PASEO, DEL;17;Carga y descarga 360;Línea;3;13,6;LABORABLES DE 9 A 14 Y DE 16.30 A 20 H EXCEPTO CARGA Y DESCARGA MÁX 45 MINUTOS 0403013;-3.6664507560;40.4264257410
0403014;443598.4500000000;4475238.2000000000;07/06/24;4 Salamanca;43 Fuente del Berro;MARQUES DE ZAFRA, PASEO, DEL;28;Carga y descarga 360;Línea;5;28;LABORABLES DE 8 A 14 H Y DE 16.30 A 19 H EXCEPTO CARGA Y DESCARGA EN LÍNEA MÁX 45 MINUTOS 0403014;-3.6648980980;40.4258669930
0403015;443671.0300000000;4475220.0300000000;04/09/22;4 Salamanca;43 Fuente del Berro;MARQUES DE ZAFRA, PASEO, DEL;37;Carga y descarga 360;Línea;3;15;LAB. DE 8 A 14 H EXCEPTO CARGA Y DESCARGA MÁX 45 MINUTOS 0403015;-3.6640408390;40.4257077110
0403016;443727.4700000000;4475197.6200000000;04/09/22;4 Salamanca;43 Fuente del Berro;MARQUES DE ZAFRA, PASEO, DEL;41;Carga y descarga 360;Línea;3;15;LAB. DE 8 A 14 H EXCEPTO CARGA Y DESCARGA MÁX 45 MINUTOS 0403016;-3.6633735720;40.4255096970
0403017;443504.0100000000;4475510.7900000000;03/09/22;4 Salamanca;43 Fuente del Berro;PEDRO HEREDIA, CALLE, DE;4;Carga y descarga 360;Línea;3;15;LAB. DE 9 A 14 H. Y DE 16 A 20 H. EXCEPTO CARGA Y DESCARGA MÁX 45 MINUTOS 0403017;-3.6660354770;40.4283155280
0403018;443491.3800000000;4475117.0600000000;03/09/22;4 Salamanca;43 Fuente del Berro;PORVENIR, CALLE, DEL;7;Carga y descarga 360;Línea;3;13,3;LABORABLES DE 9 A 14 Y DE 16.30 A 20 H EXCEPTO CARGA Y DESCARGA MÁX 45 MINUTOS 0403018;-3.6661494380;40.4247678310
0403019;443763.7200000000;4475336.7400000000;03/09/22;4 Salamanca;43 Fuente del Berro;BOCANGEL, CALLE, DE;30 B;Carga y descarga 360;Línea;2;12,5;LABORABLES DE 8 A 17 H.EXCEPTO CARGA Y DESCARGA MÁX 45 MINUTOS 0403019;-3.6629586930;40.4267657350
0403020;443419.7300000000;4475551.5100000000;05/09/22;4 Salamanca;43 Fuente del Berro;RUFINO BLANCO, CALLE, DE;1;Carga y descarga 360;Línea;5;12,5;LABORABLES DE 8:00 A 17 H EXCEPTO CARGA Y DESCARGA MÁX 45 MINUTOS 0403020;-3.6670327100;40.4286766630
0403021;443849.3900000000;4475362.9500000000;23/08/22;4 Salamanca;43 Fuente del Berro;SANCHO DAVILA, CALLE, DE;22;Carga y descarga 360;Línea;2;9,26;LABORABLES DE LUNES  A SÁBADOS DE 8:00 A 14:00 H. MÁX 45 MINUTOS;-3.6619510320;40.4270075800
0403022;443858.9000000000;4475265.4200000000;22/08/22;4 Salamanca;43 Fuente del Berro;SANCHO DAVILA, CALLE, DE;28;Carga y descarga 360;Línea;3;15;LABORABLES DE 8 A 14 Y DE 16.30 A 19 H EXCEPTO CARGA Y DESCARGA MÁX 45 MINUTOS 0403022;-3.6618302530;40.4261298090
0403023;443836.5000000000;4475490.0500000000;03/09/22;4 Salamanca;43 Fuente del Berro;SANCHO DAVILA, CALLE, DE;10 B;Carga y descarga 360;Línea;3;12;LAB. DE 8:00 A 17:00 H EXCEPTO CARGA Y DESCARGA MÁX 45 MINUTOS 0403023;-3.6621142110;40.4281518340
0403024;443554.1600000000;4474877.0800000000;12/12/23;4 Salamanca;43 Fuente del Berro;ELVIRA, CALLE, DE;22;Carga y descarga 360;Línea;2;10;LAB. DE 8 A 17 H. EXCEPTO CARGA Y DESCARGA MÁX 45 MINUTOS   0403024;-3.6653881490;40.4226100720
0403025;443426.1800000000;4475258.0200000000;03/07/24;4 Salamanca;43 Fuente del Berro;ANTONIO TOLEDANO, CALLE, DE;6;Carga y descarga 360;Batería;3;12;LUNES A VIERNES LABORABLES DE 8 a 17 H SÁBADOS DE 8 A 14 H EXCEPTO CARGA Y DESCARGA  MÁX 45 MINUTOS 0403025;-3.6669304940;40.4260340100
0403026;443595.6800000000;4475014.2900000000;23/01/26;4 Salamanca;43 Fuente del Berro;LOS PEÑASCALES, CALLE, DE;27;Carga y descarga 360;Línea;1;8,95;LAB.DE LUNES A VIERNES DE 8:00 A 17:00 H Y SÁBADOS DE 8:00 A 14:00 H EXCEPTO CARGA Y DESCARGA MÁX  45 MINUTOS;-3.6649109320;40.4238491500
0404001;443746.0700000000;4477030.6900000000;27/08/22;4 Salamanca;44 Guindalera;BRUSELAS, AVENIDA, DE;72;Carga y descarga 360;Línea;4;16,03;Laborables de 08:00 a 14:00 y de 16:30 a 19:00 MÁXIMO 45 MINUTOS ;-3.6633165630;40.4420242880
0404002;443084.0400000000;4476494.0500000000;22/08/22;4 Salamanca;44 Guindalera;CARTAGENA, CALLE, DE;71;Carga y descarga 360;Línea;2;13,5;Laborables de 08:00 a 14:00 y de 16:30 a 19:00 MÁXIMO 45 MINUTOS;-3.6710743540;40.4371450370
0404003;442946.9100000000;4476549.9400000000;22/08/22;4 Salamanca;44 Guindalera;MEJICO, CALLE, DE;43;Carga y descarga 360;Línea;4;20,2;Laborables de 08:00 a 14:00 y de 16:30 a 19:00 MÁXIMO 45 MINUTOS ;-3.6726961680;40.4376395570
0404004;442990.6200000000;4476570.4800000000;22/08/22;4 Salamanca;44 Guindalera;CARTAGENA, CALLE, DE;81;Carga y descarga 360;Línea;3;17,1;Laborables de 09:00 a 14:00 y de 16:30 a 19:00 MÁXIMO 45 MINUTOS ;-3.6721826260;40.4378268570
0404005;442740.2900000000;4476533.4200000000;22/08/22;4 Salamanca;44 Guindalera;COSLADA, CALLE, DE;7;Carga y descarga 360;Línea;2;12,1;Laborables de 08:00 a 14:00 y de 16:30 a 19:00 MÁXIMO 45 MINUTOS ;-3.6751305510;40.4374763210
0404006;443649.8300000000;4476494.1300000000;22/08/22;4 Salamanca;44 Guindalera;BRUSELAS, AVENIDA, DE;43;Carga y descarga 360;Batería;11;27,5;Laborables de 09:00 a 14:00 y de 16:30 a 20:00 MÁXIMO 45 MINUTOS ;-3.6644037500;40.4371839410
0404007;443885.8500000000;4476906.9900000000;23/08/22;4 Salamanca;44 Guindalera;BRISTOL, CALLE, DE;16;Carga y descarga 360;Línea;3;15;Laborables de 08:00 a 14:00 y de 16:30 a 19:00 MÁXIMO 45 MINUTOS ;-3.6616575630;40.4409191670
0404008;442742.0400000000;4476324.3600000000;23/08/22;4 Salamanca;44 Guindalera;MEJICO, CALLE, DE;1;Carga y descarga 360;Línea;3;15;Laborables de 09:00 a 14:00 y de 16:30 a 20:00 MÁXIMO 45 MINUTOS ;-3.6750911890;40.4355930660
0404009;443041.8600000000;4476065.7900000000;23/08/22;4 Salamanca;44 Guindalera;AZCONA, CALLE, DE;7;Carga y descarga 360;Línea;2;13;Laborables de 08:00 a 14:00 y de 16:30 a 19:00 MÁXIMO 45 MINUTOS  ;-3.6715331780;40.4332841040
0404010;443138.3900000000;4476065.1600000000;23/08/22;4 Salamanca;44 Guindalera;CARTAGENA, CALLE, DE;30;Carga y descarga 360;Línea;2;10;Laborables de 08:00 a 14:00 MÁXIMO 45 MINUTOS ;-3.6703951700;40.4332847910
0404011;443076.1800000000;4476009.6200000000;23/08/22;4 Salamanca;44 Guindalera;MARTINEZ IZQUIERDO, CALLE, DE;9;Carga y descarga 360;Línea;2;10;Laborables de 08:00 a 14:00 y de 16:30 a 19:00 MÁXIMO 45 MINUTOS  ;-3.6711235710;40.4327801870
0404012;443238.4800000000;4476370.7400000000;23/08/22;4 Salamanca;44 Guindalera;CONDE DE VILCHES, CALLE, DEL;12;Carga y descarga 360;Línea;2;10;Laborables de 08:00 a 14:00 y de 16:30 a 19:00 MÁXIMO 45 MINUTOS;-3.6692424930;40.4360444420
0404013;443168.9200000000;4476214.4700000000;23/08/22;4 Salamanca;44 Guindalera;ERASO, CALLE, DE;16;Carga y descarga 360;Línea;1;8,4;Laborables de 08:00 a 14:00 y de 16:30 a 19:00 MÁXIMO 45 MINUTOS;-3.6700485880;40.4346322160
0404014;443149.5000000000;4476246.4900000000;24/08/22;4 Salamanca;44 Guindalera;CARTAGENA, CALLE, DE;35;Carga y descarga 360;Línea;2;10;Laborables de 08:00 a 14:00 y de 16:30 a 19:00 MAXIMO 45 MINUTOS ;-3.6702804060;40.4349192680
0404016;442958.1200000000;4476080.1700000000;30/06/06;4 Salamanca;44 Guindalera;ERASO, CALLE, DE;1;Carga y descarga;Línea;4;20;Excepto carga y descarga servicio hospital;-3.6725217030;40.4334075760
0404017;442960.7800000000;4476160.3200000000;24/08/22;4 Salamanca;44 Guindalera;FERRER DEL RIO, CALLE, DE;5;Carga y descarga 360;Línea;2;13;Laborables de 08:00 a 14:00 y de 16:30 a 19:00 MÁXIMO 45 MINUTOS;-3.6724976380;40.4341299610
0404018;443544.0100000000;4476292.4900000000;24/08/22;4 Salamanca;44 Guindalera;VILLAFRANCA, CALLE, DE;22;Carga y descarga 360;Línea;4;23;Laborables de 08:00 a 14:00 y de 16:30 a 19:00 MÁXIMO 45 MINUTOS ;-3.6656333750;40.4353601590
0404019;443553.2600000000;4476292.3100000000;24/08/22;4 Salamanca;44 Guindalera;VILLAFRANCA, CALLE, DE;22;Carga y descarga 360;Batería;8;20;Laborables de 08:00 a 14:00 y de 16:30 a 19:00 MÁXIMO 45 MINUTOS;-3.6655243980;40.4353594140
0404020;443139.7300000000;4475805.8100000000;24/08/22;4 Salamanca;44 Guindalera;FRANCISCO NAVACERRADA, CALLE, DE;1;Carga y descarga 360;Línea;1;7;Laborables de 08:00 a 14:00 y de 16:30 a 19:00 MÁXIMO 45 MINUTOS ;-3.6703562090;40.4309486130
0404021;443387.9600000000;4475841.3200000000;24/08/22;4 Salamanca;44 Guindalera;FRANCISCO NAVACERRADA, CALLE, DE;45;Carga y descarga 360;Línea;3;15;Laborables de 08:00 a 14:00 y de 16:30 a 19:00 MÁXIMO 45 MINUTOS ;-3.6674329780;40.4312852830
0404022;443356.4100000000;4475659.8300000000;25/08/22;4 Salamanca;44 Guindalera;DOCTOR GOMEZ ULLA, CALLE, DEL;12;Carga y descarga 360;Batería;7;28,5;Laborables de 08:00 a 14:00 y de 16:30 a 19:00 MÁXIMO 45 MINUTOS ;-3.6677887850;40.4296485720
0404023;443588.7800000000;4475710.1900000000;25/08/22;4 Salamanca;44 Guindalera;CARDENAL BELLUGA, CALLE, DEL;2;Carga y descarga 360;Línea;3;15;Laborables de 09:00 a 20:00 MÁXIMO 45 MINUTOS ;-3.6650538850;40.4301183400
0404024;443474.6100000000;4475953.6500000000;25/08/22;4 Salamanca;44 Guindalera;TOREROS, AVENIDA, DE LOS;45;Carga y descarga 360;Línea;4;20,8;Laborables de 08:00 a 14:00 y de 16:30 a 19:00 MÁXIMO 45 MINUTOS ;-3.6664215360;40.4323036580
0404025;443445.0400000000;4475883.1000000000;25/08/22;4 Salamanca;44 Guindalera;LONDRES, CALLE, DE;46;Carga y descarga 360;Línea;3;17;Laborables de 08:00 a 14:00 y de 16:30 a 19:00 MÁXIMO 45 MINUTOS ;-3.6667637630;40.4316660710
0404026;443507.8800000000;4475858.5500000000;25/08/22;4 Salamanca;44 Guindalera;FRANCISCO NAVACERRADA, CALLE, DE;55;Carga y descarga 360;Línea;2;13;Laborables de 08:00 a 14:00 y de 16:30 a 19:00 MÁXIMO 45 MINUTOS;-3.6660208090;40.4314488620
0404027;443871.3800000000;4476466.8900000000;25/08/22;4 Salamanca;44 Guindalera;BRESCIA, CALLE, DE;Fte 21;Carga y descarga 360;Línea;3;15;Laborables de 08:00 a 14:00 y de 16:30 a 19:00 MÁXIMO 45 MINUTOS ;-3.6617892860;40.4369533250
0404028;442864.7700000000;4476449.1000000000;25/08/22;4 Salamanca;44 Guindalera;MEJICO, CALLE, DE;17;Carga y descarga 360;Línea;1;8,6;Laborables de 08:00 a 14:00 y de 16:30 a 19:00 EN LINEA MÁXIMO 45 MINUTOS ;-3.6736554710;40.4367248300
0404029;443454.4600000000;4476148.1100000000;29/09/14;4 Salamanca;44 Guindalera;FRANCISCO SANTOS, CALLE, DE;11;Carga y descarga 360;Línea;2;13;Laborables de 08:00 a 17:00 MÁXIMO 45 MINUTOS;-3.6666764440;40.4340535860
0404030;442732.3800000000;4476644.9800000000;26/08/22;4 Salamanca;44 Guindalera;AMERICA, AVENIDA, DE;14;Carga y descarga 360;Línea;4;19;Laborables de 09:00 a 14:00 y de 16:30 a 20:00 MÁXIMO 45 MINUTOS ;-3.6752339700;40.4384806590
0404031;443692.2200000000;4476537.1400000000;15/12/22;4 Salamanca;44 Guindalera;BRUSELAS, AVENIDA, DE;45;Carga y descarga 360;Línea;3;15;Laborables de 08:00 a 14:00 y de 16:30 a 19:00 MÁXIMO 45 MINUTOS;-3.6639077400;40.4375740680
0404032;443278.4900000000;4475925.5200000000;26/08/22;4 Salamanca;44 Guindalera;TOREROS, AVENIDA, DE LOS;16;Carga y descarga 360;Línea;3;15;Laborables de 08:00 a 14:00 MÁXIMO 45 MINUTOS;-3.6687310710;40.4320369460
0404033;442877.7200000000;4476169.9300000000;27/08/22;4 Salamanca;44 Guindalera;JOSE PICON, CALLE, DE;1;Carga y descarga 360;Línea;2;12;Laborables de 08:00 a 14:00 y de 16:30 a 19:00. MÁXIMO 45 MINUTOS ;-3.6734776250;40.4342108050
0404034;442831.8200000000;4476333.2600000000;27/08/22;4 Salamanca;44 Guindalera;ARDEMANS, CALLE, DE;53;Carga y descarga 360;Batería;4;9,62;Laborables de 08:00 a 14:00 y de 16:30 a 19:00 MÁXIMO 45 MINUTOS   ;-3.6740335660;40.4356791820
0404035;442905.8500000000;4476631.5800000000;27/08/22;4 Salamanca;44 Guindalera;COSLADA, CALLE, DE;21;Carga y descarga 360;Línea;3;15,4;Laborables de 08:00 a 20:00 En línea MÁXIMO 45 MINUTOS ;-3.6731875370;40.4383721410
0404037;443008.2000000000;4476044.3900000000;27/08/22;4 Salamanca;44 Guindalera;AZCONA, CALLE, DE;3;Carga y descarga 360;Línea;3;16,8;Laborables de 08:00 a 14:00 y de 16:30 a 19:00 MÁXIMO 45 MINUTOS ;-3.6719281760;40.4330891830
0404038;443058.4900000000;4476260.2100000000;27/08/22;4 Salamanca;44 Guindalera;FERRER DEL RIO, CALLE, DE;21;Carga y descarga 360;Línea;2;9;Laborables de 08:00 a 17:00 MÁXIMO 45 MINUTOS;-3.6713545880;40.4350367240
0404039;443078.2900000000;4476157.0000000000;09/03/23;4 Salamanca;44 Guindalera;ERASO, CALLE, DE;14;Carga y descarga 360;Línea;3;13,5;Lab de 7.30 a 14 h y de 17 a 20 h. MÁXIMO 45 MINUTOS;-3.6711118830;40.4341079020
0404040;443055.3700000000;4476142.3700000000;09/03/23;4 Salamanca;44 Guindalera;ERASO, CALLE, DE;12;Carga y descarga 360;Línea;4;19,1;Lab de 7,30 a 14 h y de 17 a 20 h. MÁXIMO 45 MINUTOS;-3.6713808290;40.4339750910
0404041;442719.3200000000;4476439.7900000000;27/08/22;4 Salamanca;44 Guindalera;ARDEMANS, CALLE, DE;73;Carga y descarga 360;Batería;2;6,4;de lunes a viernes de 8 a 20 h excepto carga y descarga MÁXIMA 45 MINUTOS;-3.6753693600;40.4366308070
0404042;443334.0700000000;4476240.3200000000;21/09/22;4 Salamanca;44 Guindalera;AZCONA, CALLE, DE;48;Carga y descarga 360;Línea;1;7,5;lab. de lunes a sábado de 8 a 14,30 h. MÁXIMO 45 MINUTOS;-3.6681039110;40.4348765820
0404043;443482.6000000000;4476519.4000000000;21/10/22;4 Salamanca;44 Guindalera;BOSTON, CALLE, DE;8;Carga y descarga 360;Línea;3;15,7;lab de 8 a 20 h. MÁXIMO 45 MINUTOS;-3.6663777040;40.4374007480
0404044;442842.5800000000;4476229.4200000000;14/03/23;4 Salamanca;44 Guindalera;ALONSO HEREDIA, CALLE, DE;2;Carga y descarga 360;Línea;3;15;lab. de 8 a 17 h. MAXIMO 45 MINUTOS;-3.6738973740;40.4347447450
0404045;442961.1000000000;4476698.7800000000;15/11/23;4 Salamanca;44 Guindalera;AMERICA, AVENIDA, DE;32;Carga y descarga 360;Línea;3;15;lab. de lunes a viernes de 8 a 14,30 h. MAXIMO 45 MINUTOS;-3.6725421570;40.4389808510
0404046;443830.8800000000;4476809.8800000000;27/12/23;4 Salamanca;44 Guindalera;BRISTOL, CALLE, DE;9;Carga y descarga 360;Línea;3;12;Laborables de 09:00 a 14:00 y de 16:30 a 20:00 En línea MÁXIMO 45 MINUTOS;-3.6622971560;40.4400411670
0404047;443299.9100000000;4476446.7900000000;09/05/24;4 Salamanca;44 Guindalera;MARQUES DE MONTEAGUDO, CALLE, DEL;15;Carga y descarga 360;Línea;2;16;lab. de lunes a viernes de 08:00 a 20:00 h y sábados de 08:00 a 14:00 h. MÁXIMO 45 MINUTOS;-3.6685251500;40.4367335960
0404048;443374.2300000000;4476649.6400000000;12/03/25;4 Salamanca;44 Guindalera;CAMILO JOSE CELA, AVENIDA, DE;10;Carga y descarga 360;Línea;3;15;lab. de 08:00 a 12:00 h. MÁXIMO 45 MINUTOS;-3.6676669170;40.4385662590
0405001;442532.1600000000;4476492.2100000000;18/08/22;4 Salamanca;45 Lista;GENERAL PARDIÑAS, CALLE, DEL;105;Carga y descarga 360;Línea;2;12,8;Laborables de 08:00 a 17:00 MÁXIMO 45 MINUTOS ;-3.6775808630;40.4370901480
0405002;442514.2200000000;4476377.0400000000;18/08/22;4 Salamanca;45 Lista;GENERAL PARDIÑAS, CALLE, DEL;93;Carga y descarga 360;Batería;6;15;Laborables de 08:00 a 17:00 MÁXIMO 45 MINUTOS  ;-3.6777819130;40.4360512600
0405003;442520.2400000000;4476336.0800000000;18/08/22;4 Salamanca;45 Lista;GENERAL PARDIÑAS, CALLE, DEL;108;Carga y descarga 360;Línea;2;13,6;Laborables de 08:00 a 17:00 MÁXIMO 45 MINUTOS ;-3.6777072000;40.4356832500
0405004;442622.3100000000;4476078.8000000000;18/08/22;4 Salamanca;45 Lista;GENERAL DIAZ PORLIER, CALLE, DEL;80 B;Carga y descarga 360;Batería;6;17,5;Laborables de 09:00 a 14:00 y de 16:30 a 20:00 MAXÍMO 45 MINUTOS   ;-3.6764805540;40.4333724540
0405005;442716.5300000000;4475986.5500000000;07/10/23;4 Salamanca;45 Lista;JUAN BRAVO, CALLE, DE;53;Carga y descarga 360;Línea;2;12,3;Lab. de 8 a 14 h. y de 16,30 a 19 h. MÁXIMO 45 MINUTOS;-3.6753615110;40.4325480820
0405006;442717.1000000000;4476086.9100000000;19/08/22;4 Salamanca;45 Lista;MALDONADO, CALLE, DE;54;Carga y descarga 360;Línea;4;25,89;Laborables de 08:00 a 14:00 y de 16:30 a 19:00 MÁXIMO 45 MINUTOS ;-3.6753637450;40.4334520950
0405007;442471.0500000000;4476004.3100000000;19/08/22;4 Salamanca;45 Lista;JUAN BRAVO, CALLE, DE;37;Carga y descarga 360;Línea;3;15;Laborables de 08:00 a 14:00 y de 16:30 a 19:00 MÁXIMO 45 MINUTOS  ;-3.6782569530;40.4326906910
0405008;442521.0600000000;4476110.3800000000;22/08/22;4 Salamanca;45 Lista;MALDONADO, CALLE, DE;59;Carga y descarga 360;Línea;3;17,5;Laborables de 08:00 a 14:00 y de 16:30 a 19:00 MÁXIMO 45 MINUTOS ;-3.6776771200;40.4336496510
0405009;442488.2700000000;4476020.4700000000;19/08/22;4 Salamanca;45 Lista;GENERAL PARDIÑAS, CALLE, DEL;90;Carga y descarga 360;Batería;6;15;Laborables de 08:00 a 14:00 y de 16:30 a 19:00 MÁXIMO 45 MINUTOS ;-3.6780555580;40.4328378270
0405010;442481.4100000000;4476113.7800000000;19/08/22;4 Salamanca;45 Lista;MALDONADO, CALLE, DE;55;Carga y descarga 360;Línea;3;14;Laborables de 08:00 a 14:00 y de 16:30 a 19:00 MÁXIMO 45 MINUTOS ;-3.6781449400;40.4336775540
0405011;442617.9500000000;4476344.6600000000;22/08/22;4 Salamanca;45 Lista;GENERAL ORAA, CALLE, DEL;84;Carga y descarga 360;Batería;7;17,5;Laborables de 08:00 a 14:00 y de 16:30 a 19:00 MÁXIMO 45 MINUTOS  ;-3.6765560130;40.4357672450
0405012;442651.7100000000;4476224.1900000000;22/08/22;4 Salamanca;45 Lista;DIEGO DE LEON, CALLE, DE;59;Carga y descarga 360;Línea;3;15;Laborables de 08:00 a 14:00 y de 16:30 a 19:00 MÁXIMO 45 MINUTOS   ;-3.6761470930;40.4346841830
0405013;442540.4700000000;4476212.6600000000;22/08/22;4 Salamanca;45 Lista;DIEGO DE LEON, CALLE, DE;56;Carga y descarga 360;Línea;3;15;Laborables de 09:00 a 14:30 y de 16:30 a 20:00 MÁXIMO 45 MINUTOS ;-3.6774573900;40.4345725710
0405014;442625.9100000000;4476130.2600000000;22/08/22;4 Salamanca;45 Lista;GENERAL DIAZ PORLIER, CALLE, DEL;93;Carga y descarga 360;Batería;6;15;Laborables de 07:30 a 12:30 EN LÍNEA  MÁXIMO 45 MINUTOS ;-3.6764428540;40.4338365490
0405015;442505.4200000000;4476127.5500000000;23/08/22;4 Salamanca;45 Lista;GENERAL PARDIÑAS, CALLE, DEL;94;Carga y descarga 360;Línea;3;16,2;Laborables de 08:00 a 14:00 y de 16:30 a 19:00 MÁXIMO 45 MINUTOS  ;-3.6778630440;40.4338038340
0405016;442624.8300000000;4476242.2200000000;30/08/22;4 Salamanca;45 Lista;GENERAL DIAZ PORLIER, CALLE, DEL;99;Carga y descarga 360;Línea;3;15;Laborables de 08:00 a 14:00 y de 16:30 a 19:00 MÁXIMO 45 MINUTOS;-3.6764656000;40.4348450700
0405017;442392.4300000000;4475983.9200000000;23/08/22;4 Salamanca;45 Lista;JUAN BRAVO, CALLE, DE;32;Carga y descarga 360;Línea;3;16;Laborables de 08:00 a 14:00 y de 16:30 a 19:00 MÁXIMO 45 MINUTOS ;-3.6791819930;40.4325018440
0405018;442828.1700000000;4476088.0800000000;23/08/22;4 Salamanca;45 Lista;MALDONADO, CALLE, DE;79;Carga y descarga 360;Línea;6;30,4;Laborables de 08:00 a 14:00 y de 16:30 a 19:00 ;-3.6740544790;40.4334699710
0405019;442766.8200000000;4475983.4300000000;23/08/22;4 Salamanca;45 Lista;JUAN BRAVO, CALLE, DE;55;Carga y descarga 360;Línea;3;15;Laborables de 08:00 a 14:00 y de 16:30 a 19:00 MÁXIMO 45 MINUTOS  ;-3.6747683270;40.4325232730
0405020;442501.2900000000;4475852.6700000000;23/08/22;4 Salamanca;45 Lista;PADILLA, CALLE, DE;33;Carga y descarga 360;Línea;3;15;Laborables de 08:00 a 14:00 y de 16:00 a 19:30 MÁXIMO 45 MINUTOS;-3.6778868220;40.4313271660
0405021;442473.2800000000;4475682.7900000000;23/08/22;4 Salamanca;45 Lista;GENERAL PARDIÑAS, CALLE, DEL;66;Carga y descarga 360;Línea;3;16,6;Laborables de 08:00 a 14:00 y de 16:30 a 19:00 MÁXIMO 45 MINUTOS ;-3.6782016620;40.4297951340
0405022;442459.8900000000;4475598.2700000000;29/07/26;4 Salamanca;45 Lista;GENERAL PARDIÑAS, CALLE, DEL;39;Carga y descarga 360;Línea;2;12,01;Laborables de 08:00 a 14:00 y de 16:30 a 19:00 MÁXIMO 45 MINUTOS ;-3.6783519490;40.4290322980
0405023;442540.2100000000;4475973.3800000000;23/08/22;4 Salamanca;45 Lista;JUAN BRAVO, CALLE, DE;42;Carga y descarga 360;Línea;3;15;Laborables de 08:00 a 14:00 y de 16:30 a 19:00  ;-3.6774388840;40.4324166450
0405024;442598.9100000000;4475864.4100000000;24/08/22;4 Salamanca;45 Lista;GENERAL DIAZ PORLIER, CALLE, DEL;67;Carga y descarga 360;Línea;3;17,1;Laborables de 08:00 a 14:00 y de 16:30 a 19:00 MÁXIMO 45 MINUTOS ;-3.6767371250;40.4314391220
0405025;442704.8200000000;4475837.9700000000;24/08/22;4 Salamanca;45 Lista;PADILLA, CALLE, DE;47;Carga y descarga 360;Línea;2;10,9;Laborables de 08:00 a 14:00 y de 16:30 a 19:00 MÁXIMO 45 MINUTOS ;-3.6754860720;40.4312089080
0405026;442579.0400000000;4475590.6500000000;24/08/22;4 Salamanca;45 Lista;GENERAL DIAZ PORLIER, CALLE, DEL;45;Carga y descarga 360;Línea;3;15;Laborables de 08:00 a 14:00 y de 16:30 a 19:00 MÁXIMO 45 MINUTOS ;-3.6769465980;40.4289716220
0405027;442560.0800000000;4475574.3800000000;24/08/22;4 Salamanca;45 Lista;DON RAMON DE LA CRUZ, CALLE, DE;67;Carga y descarga 360;Línea;2;12,5;Laborables de 08:00 a 14:00 y de 16:30 a 19:00 MÁXIMO 45 MINUTOS ;-3.6771685620;40.4288242000
0405028;442600.1400000000;4475571.3300000000;24/08/22;4 Salamanca;45 Lista;DON RAMON DE LA CRUZ, CALLE, DE;69;Carga y descarga 360;Línea;3;15,2;Laborables de 08:00 a 14:00 y de 16:30 a 19:00 MÁXIMO 45 MINUTOS ;-3.6766961010;40.4287989900
0405029;442595.2000000000;4475818.5400000000;25/08/22;4 Salamanca;45 Lista;GENERAL DIAZ PORLIER, CALLE, DEL;65;Carga y descarga 360;Línea;2;12;Laborables de 08:00 a 14:00 y de 16:30 a 19:00 MÁXIMO 45 MINUTOS  ;-3.6767767160;40.4310261340
0405030;442486.1500000000;4475867.6500000000;24/08/22;4 Salamanca;45 Lista;GENERAL PARDIÑAS, CALLE, DEL;80;Carga y descarga 360;Línea;1;8,4;Laborables de 08:00 a 14:00 y de 16:30 a 19:00 MÁXIMO 45 MINUTOS  ;-3.6780667310;40.4314608950
0405031;442479.8500000000;4475778.7700000000;24/08/22;4 Salamanca;45 Lista;GENERAL PARDIÑAS, CALLE, DEL;72;Carga y descarga 360;Línea;2;12,1;Laborables de 08:00 a 14:00 y de 16:30 a 19:00 MÁXIMO 45 MINUTOS ;-3.6781329070;40.4306594980
0405032;443200.6600000000;4475528.8100000000;25/08/22;4 Salamanca;45 Lista;DON RAMON DE LA CRUZ, CALLE, DE;117;Carga y descarga 360;Línea;2;10;Laborables de 08:00 a 14:00 y de 16:30 a 19:00 MÁXIMO 45 MINUTOS ;-3.6696131400;40.4284573350
0405033;442867.1400000000;4475551.9200000000;25/08/22;4 Salamanca;45 Lista;DON RAMON DE LA CRUZ, CALLE, DE;91;Carga y descarga 360;Línea;3;15;Laborables de 08:00 a 14:00 y de 16:30 a 19:00 MÁXIMO 45 MINUTOS ;-3.6735468960;40.4286425720
0405034;442846.5500000000;4475614.7300000000;25/08/22;4 Salamanca;45 Lista;ALCANTARA, CALLE, DE;36;Carga y descarga 360;Línea;5;16,3;Laborables de 08:00 a 14:00 y de 16:30 a 19:00 EN LINEA MÁXIMO 45 MINUTOS ;-3.6737952160;40.4292075090
0405035;442970.6800000000;4475558.2700000000;25/08/22;4 Salamanca;45 Lista;MONTESA, CALLE, DE;23;Carga y descarga 360;Línea;2;11;Laborables de 08:00 a 14:00 y de 16:30 a 19:00 MÁXIMO 45 MINUTOS ;-3.6723268970;40.4287073740
0405036;442977.1300000000;4475650.6800000000;25/08/22;4 Salamanca;45 Lista;MONTESA, CALLE, DE;33;Carga y descarga 360;Línea;3;15;Laborables de 08:00 a 14:00 y de 16:30 a 19:00 MÁXIMO 45 MINUTOS ;-3.6722591160;40.4295398820
0405037;442844.0200000000;4475818.3500000000;26/08/22;4 Salamanca;45 Lista;PADILLA, CALLE, DE;74;Carga y descarga 360;Línea;3;15,1;Laborables de 08:00 a 14:00 y de 16:30 a 19:00 MÁXIMO 45 MINUTOS ;-3.6738434020;40.4310417190
0405038;442805.6800000000;4475693.2400000000;25/08/22;4 Salamanca;45 Lista;JOSE ORTEGA Y GASSET, CALLE, DE;63;Carga y descarga 360;Línea;3;15;Laborables de 08:00 a 14:00 y de 16:30 a 19:00 MÁXIMO 45 MINUTOS ;-3.6742840630;40.4299116170
0405039;442764.2000000000;4475681.3200000000;26/08/22;4 Salamanca;45 Lista;JOSE ORTEGA Y GASSET, CALLE, DE;66;Carga y descarga 360;Línea;3;15;Laborables de 08:00 a 17:00 MÁXIMO 45 MINUTOS;-3.6747719940;40.4298013220
0405040;442868.8700000000;4475799.0400000000;26/08/22;4 Salamanca;45 Lista;ALCANTARA, CALLE, DE;56;Carga y descarga 360;Línea;3;17,7;Laborables de 08:00 a 14:00 y de 16:30 a 19:00 MÁXIMO 45 MINUTOS ;-3.6735486720;40.4308694870
0405041;442878.1700000000;4475929.3700000000;29/08/22;4 Salamanca;45 Lista;ALCANTARA, CALLE, DE;72;Carga y descarga 360;Línea;3;15,7;Laborables de 08:00 a 14:00 y de 16:30 a 19:00 MÁXIMO 45 MINUTOS;-3.6734506960;40.4320436500
0405042;442828.0000000000;4475952.6200000000;26/08/22;4 Salamanca;45 Lista;JUAN BRAVO, CALLE, DE;60;Carga y descarga 360;Línea;3;15,1;Laborables de 08:00 a 14:00 y de 16:30 a 19:00 MÁXIMO 45 MINUTOS ;-3.6740443380;40.4322500290
0405043;443096.3500000000;4475536.0900000000;29/08/22;4 Salamanca;45 Lista;DON RAMON DE LA CRUZ, CALLE, DE;109;Carga y descarga 360;Línea;3;15;Laborables de 08:00 a 14:00 y de 16:30 a 19:00 MÁXIMO 45 MINUTOS;-3.6708433950;40.4285164640
0405044;442736.6700000000;4475561.6100000000;29/08/22;4 Salamanca;45 Lista;DON RAMON DE LA CRUZ, CALLE, DE;81;Carga y descarga 360;Línea;3;15;Laborables de 08:00 a 14:00 y de 16:30 a 19:00 MÁXIMO 45 MINUTOS ;-3.6750858030;40.4287215260
0405045;442754.9100000000;4475825.0700000000;29/08/22;4 Salamanca;45 Lista;PADILLA, CALLE, DE;49;Carga y descarga 360;Línea;3;14,2;Laborables de 08:00 a 14:00 y de 16:30 a 19:00 MÁXIMO 45 MINUTOS;-3.6748944930;40.4310961500
0405046;442886.8600000000;4475815.2700000000;29/08/22;4 Salamanca;45 Lista;PADILLA, CALLE, DE;76;Carga y descarga 360;Línea;3;15;Laborables de 08:00 a 14:00 y de 16:30 a 19:00 MÁXIMO 45 MINUTOS;-3.6733380530;40.4310170810
0405048;442596.1100000000;4476105.0200000000;30/08/22;4 Salamanca;45 Lista;MALDONADO, CALLE, DE;65;Carga y descarga 360;Línea;3;15;Laborables de 08:00 a 14:00 y de 16:30 a 19:00 MÁXIMO 45 MINUTOS;-3.6767918420;40.4336069650
0405049;442588.5100000000;4475722.1900000000;29/08/22;4 Salamanca;45 Lista;GENERAL DIAZ PORLIER, CALLE, DEL;55;Carga y descarga 360;Línea;3;15;Laborables de 08:00 a 14:00 y de 16:30 a 19:00 MÁXIMO 45 MINUTOS;-3.6768468460;40.4301578170
0405050;443028.0500000000;4475677.3200000000;30/08/22;4 Salamanca;45 Lista;JOSE ORTEGA Y GASSET, CALLE, DE;85;Carga y descarga 360;Línea;3;15;Laborables de 09:00 a 17:00 MÁXIMO 45 MINUTOS;-3.6716612350;40.4297834460
0405051;443031.5700000000;4475804.8900000000;30/08/22;4 Salamanca;45 Lista;PADILLA, CALLE, DE;88;Carga y descarga 360;Línea;4;18,7;Laborables de 08:00 a 14:00 y de 16:30 a 19:00 MÁXIMO 45 MINUTOS;-3.6716310970;40.4309327990
0405052;442875.5400000000;4475688.1000000000;30/08/22;4 Salamanca;45 Lista;JOSE ORTEGA Y GASSET, CALLE, DE;69;Carga y descarga 360;Línea;2;13,4;Laborables de 08:00 a 14:30 MÁXIMO 45 MINUTOS;-3.6734599780;40.4298698480
0405053;442866.0000000000;4475886.8500000000;23/01/26;4 Salamanca;45 Lista;ALCANTARA, CALLE, DE;59;Carga y descarga 360;Línea;4;15;LAB. DE 08:00 A 14:00 H. Y DE 16:00 A 19:00 H. MÁXIMO 45 MINUTOS EN LÍNEA;-3.6735903830;40.4316599400
0406001;441644.7400000000;4476564.3900000000;23/08/22;4 Salamanca;46 Castellana;PINAR, CALLE, DEL;10;Carga y descarga 360;Línea;2;9,5;Laborables de 09:00 a 20:00 MÁXIMO 45 MINUTOS ;-3.6880498330;40.4376787470
0406002;442287.5800000000;4476513.2000000000;25/08/22;4 Salamanca;46 Castellana;CASTELLO, CALLE, DE;124;Carga y descarga 360;Línea;5;13,9;Laborables de 08:00 a 14:00 y de 16:30 a 19:00 EN LÍNEA MÁXIMO 45 MINUTOS ;-3.6804662780;40.4372629520
0406003;442073.8500000000;4476516.6100000000;25/08/22;4 Salamanca;46 Castellana;VELAZQUEZ, CALLE, DE;128;Carga y descarga 360;Línea;2;9,5;Laborables de 08:00 a 14:00 y de 16:30 a 19:00 MÁXIMO 45 MINUTOS ;-3.6829863760;40.4372787080
0406004;441944.2900000000;4476127.8000000000;17/08/22;4 Salamanca;46 Castellana;LAGASCA, CALLE, DE;106;Carga y descarga 360;Línea;2;13,5;Laborables de 08:00 a 14:00 y de 16:30 a 19:00 MÁSIMO 45 MINUTOS  ;-3.6844782430;40.4337665340
0406005;441878.0700000000;4476385.1600000000;25/08/22;4 Salamanca;46 Castellana;CLAUDIO COELLO, CALLE, DE;114;Carga y descarga 360;Línea;5;15;Laborables de 08:00 a 14:00 y de 16:30 a 19:00 EN LINEA MÁXIMO 45 MINUTOS ;-3.6852825040;40.4360804240
0406006;441940.7000000000;4476395.3100000000;25/08/22;4 Salamanca;46 Castellana;GENERAL ORAA, CALLE, DEL;22;Carga y descarga 360;Línea;4;13,4;Laborables de 08:00 a 14:00 y de 16:30 a 19:00 EN LINEA MÁXIMO 45 MINUTOS  ;-3.6845451650;40.4361765660
0406007;441957.1300000000;4476417.3500000000;25/08/22;4 Salamanca;46 Castellana;LAGASCA, CALLE, DE;121;Carga y descarga 360;Línea;5;15,9;Laborables de 08:00 a 14:00 y de 16:30 a 19:00 EN LINEA MÁXIMO 45 MINUTOS  ;-3.6843533960;40.4363766430
0406008;441908.9300000000;4476406.8900000000;26/08/22;4 Salamanca;46 Castellana;GENERAL ORAA, CALLE, DEL;21;Carga y descarga 360;Línea;4;20;Laborables de 08:00 a 14:00 y de 16:30 a 19:00 MÁXIMO 45 MINUTOS   ;-3.6849207380;40.4362783240
0406009;441963.4700000000;4476378.3800000000;17/08/22;4 Salamanca;46 Castellana;LAGASCA, CALLE, DE;128;Carga y descarga 360;Línea;2;12,7;Laborables de 08:00 a 14:00 y de 16:30 a 19:00 MÁXIMO 45 MINUTOS  ;-3.6842751300;40.4360255350
0406010;441947.6500000000;4476290.7800000000;26/08/22;4 Salamanca;46 Castellana;LAGASCA, CALLE, DE;111;Carga y descarga 360;Batería;4;14,5;Laborables de 08:00 a 14:00 y de 16:30 a 19:00 MÁXIMO 45 MINUTOS  ;-3.6844536060;40.4352356550
0406011;441672.5700000000;4476471.3800000000;27/08/22;4 Salamanca;46 Castellana;LOPEZ DE HOYOS, CALLE, DE;3;Carga y descarga 360;Línea;3;15,3;Lunes a viernes de 08:00 a 20:00 sabados 08:00 a 15:00 MÁXIMO 45 MINUTOS ;-3.6877131630;40.4368432030
0406012;441825.8300000000;4476150.9200000000;25/08/22;4 Salamanca;46 Castellana;MALDONADO, CALLE, DE;4;Carga y descarga 360;Línea;3;15,2;Laborables de 08:00 a 14:00 y de 16:30 a 19:00 MÁXIMO 45 MINUTOS ;-3.6858770050;40.4339667250
0406013;442034.8500000000;4475990.9900000000;25/08/22;4 Salamanca;46 Castellana;VELAZQUEZ, CALLE, DE;90;Carga y descarga 360;Línea;3;15,8;Laborables de 08:00 a 14:00 y de 16:30 a 19:00 MÁXIMO 45 MINUTOS ;-3.6833982180;40.4325404040
0406014;442253.1700000000;4476144.1700000000;19/08/22;4 Salamanca;46 Castellana;CASTELLO, CALLE, DE;99;Carga y descarga 360;Línea;3;14,7;Laborables de 08:00 a 14:00 y de 16:30 a 19:00 MÁXIMO 45 MINUTOS ;-3.6808383570;40.4339360720
0406015;442067.0100000000;4476422.5400000000;23/08/22;4 Salamanca;46 Castellana;VELAZQUEZ, CALLE, DE;120;Carga y descarga 360;Línea;2;10;Laborables de 08:00 a 14:00 y de 16:30 a 19:00 MXIMO 45 MINUTOS;-3.6830584540;40.4364307300
0406016;442055.6800000000;4476287.3400000000;24/08/22;4 Salamanca;46 Castellana;VELAZQUEZ, CALLE, DE;106;Carga y descarga 360;Línea;3;15;Laborables de 08:00 a 14:00 y de 16:30 a 19:00 MÁXIMO 45 MINUTOS ;-3.6831797490;40.4352119920
0406017;442153.5900000000;4476276.8800000000;25/08/22;4 Salamanca;46 Castellana;NUÑEZ DE BALBOA, CALLE, DE;102;Carga y descarga 360;Línea;5;15;Laborables de 08:00 a 14:00 y de 16:30 a 19:00 EN LÍNEA MÁXIMO 45 MINUTOS ;-3.6820244940;40.4351239860
0406018;442108.4100000000;4476243.4000000000;23/08/22;4 Salamanca;46 Castellana;DIEGO DE LEON, CALLE, DE;24;Carga y descarga 360;Línea;4;22,6;Laborables de 08:00 a 14:00 y de 16:30 a 19:00 MÁXIMO 45 MINUTOS ;-3.6825539640;40.4348196880
0406019;442252.4800000000;4476372.4800000000;23/08/22;4 Salamanca;46 Castellana;GENERAL ORAA, CALLE, DEL;48;Carga y descarga 360;Línea;7;20,2;Laborables de 08:00 a 14:00 y de 16:30 a 19:00 en linea. MAXIMO 45 MINUTOS ;-3.6808671770;40.4359924750
0406020;442275.9100000000;4476353.0700000000;24/08/22;4 Salamanca;46 Castellana;CASTELLO, CALLE, DE;112;Carga y descarga 360;Batería;6;15;Laborables de 08:00 a 14:00 y de 16:30 a 19:00 MÁXIMO 45 MINUTOS ;-3.6805891780;40.4358192700
0406021;442259.7200000000;4476108.4800000000;19/08/22;4 Salamanca;46 Castellana;CASTELLO, CALLE, DE;88;Carga y descarga 360;Batería;3;8,6;Laborables de 08:00 a 14:00 y de 16:30 a 19:00 MAXIMO 45 MINUTOS ;-3.6807579140;40.4336145280
0406022;442039.5700000000;4476058.1400000000;23/08/22;4 Salamanca;46 Castellana;VELAZQUEZ, CALLE, DE;94;Carga y descarga 360;Línea;2;13,5;Laborables de 08:00 a 14:00 y de 16:30 a 19:00 MÁXIMO 45 MINUTOS;-3.6833487140;40.4331455620
0406023;442267.0800000000;4476218.7900000000;19/08/22;4 Salamanca;46 Castellana;CASTELLO, CALLE, DE;102;Carga y descarga 360;Batería;6;15;Laborables de 08:00 a 14:00 y de 16:30 a 19:00 MÁXIMO 45 MINUTOS ;-3.6806810800;40.4346090680
0406024;442050.2000000000;4476209.7200000000;24/08/22;4 Salamanca;46 Castellana;VELAZQUEZ, CALLE, DE;102;Carga y descarga 360;Línea;2;11,4;Laborables de 08:00 a 14:00 y de 16:30 a 19:00 MÁXIMO 45 MINUTOS ;-3.6832372740;40.4345125820
0406025;442167.2900000000;4476136.8600000000;24/08/22;4 Salamanca;46 Castellana;MALDONADO, CALLE, DE;27;Carga y descarga 360;Línea;3;15;Laborables de 08:00 a 14:00 y de 16:30 a 19:00 MÁXIMO 45 MINUTOS ;-3.6818502000;40.4338641660
0406026;442159.2200000000;4476224.5200000000;24/08/22;4 Salamanca;46 Castellana;NUÑEZ DE BALBOA, CALLE, DE;100;Carga y descarga 360;Línea;3;15;Laborables de 08:00 a 14:00 y de 16:30 a 19:00 MÁXIMO 45 MINUTOS ;-3.6819533330;40.4346534730
0406027;442293.0800000000;4476378.5200000000;17/08/22;4 Salamanca;46 Castellana;GENERAL ORAA, CALLE, DEL;47;Carga y descarga 360;Línea;2;12;Laborables de 08:00 a 14:00 y de 16:30 a 19:00 MÁXIMO 45 MINUTOS  ;-3.6803891580;40.4360500570
0406028;442270.4500000000;4476267.7600000000;23/08/22;4 Salamanca;46 Castellana;CASTELLO, CALLE, DE;104;Carga y descarga 360;Batería;5;13,9;Laborables de 08:00 a 14:00 y de 16:30 a 19:00 MÁXIMO 45 MINUTOS ;-3.6806459000;40.4350507040
0406029;442080.2100000000;4476394.6800000000;18/08/22;4 Salamanca;46 Castellana;GENERAL ORAA, CALLE, DEL;33;Carga y descarga 360;Línea;2;10,3;Laborables de 08:00 a 14:00 y de 16:30 a 19:00 MÁXIMO 45 MINUTOS ;-3.6829002600;40.4361804050
0406030;442035.9900000000;4476290.7700000000;27/08/22;4 Salamanca;46 Castellana;VELAZQUEZ, CALLE, DE;97;Carga y descarga 360;Línea;3;16;Laborables de 08:00 a 14:00 y de 16:30 a 19:00 MÁXIMO 45 MINUTOS ;-3.6834121410;40.4352417280
0406031;442281.6100000000;4476433.0700000000;19/08/22;4 Salamanca;46 Castellana;CASTELLO, CALLE, DE;118;Carga y descarga 360;Batería;6;16,4;Laborables de 08:00 a 14:00 y de 16:30 a 19:00 MÁXIMO 45 MINUTOS ;-3.6805292460;40.4365399360
0406032;442080.3700000000;4476142.2000000000;22/08/22;4 Salamanca;46 Castellana;MALDONADO, CALLE, DE;19;Carga y descarga 360;Línea;4;20;Laborables de 08:00 a 14:00 y de 16:30 a 19:00 MÁXIMO 45 MINUTOS ;-3.6828753360;40.4339057630
0406033;442359.9800000000;4476373.4300000000;24/08/22;4 Salamanca;46 Castellana;GENERAL ORAA, CALLE, DEL;51;Carga y descarga 360;Línea;3;15;Laborables de 08:00 a 14:00 y de 16:30 a 19:00 MÁXIMO 45 MINUTOS ;-3.6795999660;40.4360081740
0406034;442070.0000000000;4476462.7900000000;22/08/22;4 Salamanca;46 Castellana;VELAZQUEZ, CALLE, DE;124;Carga y descarga 360;Línea;2;10;Laborables de 08:00 a 14:00 y de 16:30 a 19:00 MÁXIMO 45 MINUTOS ;-3.6830268840;40.4367937570
0406035;441673.6700000000;4475638.2100000000;27/08/22;4 Salamanca;46 Castellana;MARQUES DE VILLAMAGNA, CALLE, DEL;Fte 10;Carga y descarga 360;Línea;4;20;Lunes a viernes de 08:00 a 20:00 sabados 08:00 a 15:00 MÁXIMO 45 MINUTOS ;-3.6876238390;40.4293375130
0406036;441774.4400000000;4475895.5700000000;17/08/22;4 Salamanca;46 Castellana;PADILLA, CALLE, DE;2;Carga y descarga 360;Línea;3;15;PERMITIDO CARGA Y DESCARGA DE 10 A 14 H. MÁXIMO 45 MINUTOS ;-3.6864593590;40.4316628050
0406037;441857.5200000000;4475889.6100000000;27/08/22;4 Salamanca;46 Castellana;PADILLA, CALLE, DE;10;Carga y descarga 360;Línea;3;15;Laborables de 08:00 a 14:00 y de 16:30 a 19:00 MÁXIMO 45 MINUTOS ;-3.6854795440;40.4316154210
0406038;442018.6600000000;4475771.1100000000;18/08/22;4 Salamanca;46 Castellana;VELAZQUEZ, CALLE, DE;84;Carga y descarga 360;Línea;2;12,5;Laborables de 08:00 a 14:00 y de 16:30 a 19:00 MÁXIMO 45 MINUTOS;-3.6835690160;40.4305589440
0406039;441832.7000000000;4475875.7900000000;27/08/22;4 Salamanca;46 Castellana;CLAUDIO COELLO, CALLE, DE;101;Carga y descarga 360;Línea;3;16;Laborables de 08:00 a 14:00 y de 16:30 a 19:00 MÁXIMO 45 MINUTOS ;-3.6857708930;40.4314889120
0406040;441926.9200000000;4475869.5800000000;18/08/22;4 Salamanca;46 Castellana;LAGASCA, CALLE, DE;96;Carga y descarga 360;Línea;3;15,2;Laborables de 08:00 a 14:00 y de 16:30 a 19:00 MÁXIMO 45 MINUTOS ;-3.6846594700;40.4314396380
0406041;441929.6400000000;4475908.8800000000;17/08/22;4 Salamanca;46 Castellana;LAGASCA, CALLE, DE;87;Carga y descarga 360;Línea;3;15,1;Laborables de 08:00 a 14:00 y de 16:30 a 19:00 MÁXIMO 45 MINUTOS  ;-3.6846310510;40.4317936680
0406042;441878.8300000000;4475623.6500000000;18/08/22;4 Salamanca;46 Castellana;DON RAMON DE LA CRUZ, CALLE, DE;13;Carga y descarga 360;Línea;3;15;Laborables de 08:00 a 14:00 y de 16:30 a 19:00 MÁXIMO 45 MINUTOS  ;-3.6852039510;40.4292202280
0406043;442024.7000000000;4475612.9300000000;18/08/22;4 Salamanca;46 Castellana;DON RAMON DE LA CRUZ, CALLE, DE;21;Carga y descarga 360;Línea;3;15;Laborables de 08:00 a 14:00 y de 16:30 a 19:00 MÁXIMO 45 MINUTOS  ;-3.6834834170;40.4291345710
0406044;441916.2100000000;4475724.0000000000;18/08/22;4 Salamanca;46 Castellana;LAGASCA, CALLE, DE;Fte 75;Carga y descarga 360;Línea;3;15;Laborables de 08:00 a 14:00 y de 16:30 a 19:00 MÁXIMO 45 MINUTOS  ;-3.6847724570;40.4301275640
0406045;441625.2300000000;4475931.7200000000;22/08/22;4 Salamanca;46 Castellana;CASTELLANA, PASEO, DE LA;32;Carga y descarga 360;Línea;8;40;Laborables de 08:00 a 14:00 y de 16:30 a 19:00 MÁXIMO 45 MINUTOS ;-3.6882217770;40.4319782750
0406046;441610.6600000000;4475642.6400000000;17/08/22;4 Salamanca;46 Castellana;MARQUES DE VILLAMAGNA, CALLE, DEL;4;Carga y descarga 360;Línea;4;20;lab. de lunes a viernes de 08:00 a 20:00 sabados 08:00 a 15:00 MÁXIMO 45 MINUTOS ;-3.6883670220;40.4293731510
0406047;442239.4300000000;4475949.3500000000;26/08/22;4 Salamanca;46 Castellana;CASTELLO, CALLE, DE;83;Carga y descarga 360;Línea;3;16,5;Laborables de 09:00 a 12:00 MÁXIMO 45 MINIMO;-3.6809825700;40.4321802430
0406048;442219.0800000000;4475670.8700000000;26/08/22;4 Salamanca;46 Castellana;CASTELLO, CALLE, DE;73;Carga y descarga 360;Línea;2;11,6;Laborables de 08:00 a 14:00 y de 16:30 a 19:00 MÁXIMO 45 MINUTOS ;-3.6811972580;40.4296700000
0406049;442132.7400000000;4475605.0900000000;18/08/22;4 Salamanca;46 Castellana;DON RAMON DE LA CRUZ, CALLE, DE;29;Carga y descarga 360;Línea;3;15;Laborables de 08:00 a 14:00 y de 16:30 a 19:00 MÁXIMO 45 MINUTOS;-3.6822089860;40.4290711450
0406050;442304.3100000000;4475592.9100000000;24/08/22;4 Salamanca;46 Castellana;DON RAMON DE LA CRUZ, CALLE, DE;43;Carga y descarga 360;Línea;2;12,5;Laborables de 08:00 a 14:00 y de 16:30 a 19:00 MÁXIMO 45 MINUTOS ;-3.6801854710;40.4289736270
0406051;442059.9100000000;4475874.1300000000;25/08/22;4 Salamanca;46 Castellana;PADILLA, CALLE, DE;26;Carga y descarga 360;Línea;3;15;Laborables de 08:00 a 14:00 MÁXIMO 45 MINUTOS ;-3.6830922580;40.4314894280
0406052;441886.9500000000;4476146.6000000000;22/08/22;4 Salamanca;46 Castellana;MALDONADO, CALLE, DE;6;Carga y descarga 360;Línea;3;15;Laborables de 08:00 a 14:00 y de 16:30 a 19:00 MÁXIMO 45 MINUTOS ;-3.6851561090;40.4339318900
0406053;441987.6300000000;4476401.3000000000;25/08/22;4 Salamanca;46 Castellana;GENERAL ORAA, CALLE, DEL;27;Carga y descarga 360;Línea;3;15,3;Laborables de 08:00 a 14:00 y de 16:30 a 19:00 MÁXIMO 45 MINUTOS ;-3.6839923750;40.4362337480
0406054;441853.9100000000;4476172.8400000000;25/08/22;4 Salamanca;46 Castellana;CLAUDIO COELLO, CALLE, DE;102;Carga y descarga 360;Línea;3;15;Laborables de 08:00 a 14:00 MÁXIMO 45 MINUTOS ;-3.6855479550;40.4341662870
0406055;441820.0600000000;4475725.3500000000;26/08/22;4 Salamanca;46 Castellana;CLAUDIO COELLO, CALLE, DE;89;Carga y descarga 360;Línea;4;21;PERMITIDO CARGA Y DESCARGA DE 10 A 14 H. MÁXIMO 45 MINUTOS;-3.6859060540;40.4301325490
0406056;441645.5600000000;4476082.6600000000;25/08/22;4 Salamanca;46 Castellana;CASTELLANA, PASEO, DE LA;42;Carga y descarga 360;Línea;3;15,6;Laborables de 08:00 a 14:00 y de 16:30 a 19:00 MÁXIMO 45 MINUTOS ;-3.6879959750;40.4333390500
0406057;442127.4900000000;4475763.1900000000;26/08/22;4 Salamanca;46 Castellana;NUÑEZ DE BALBOA, CALLE, DE;70;Carga y descarga 360;Línea;2;12,2;Laborables de 08:00 a 17:00 MÁXIMO 45 MINUTOS;-3.6822853620;40.4304949450
0406058;442018.9800000000;4476050.5400000000;26/08/22;4 Salamanca;46 Castellana;VELAZQUEZ, CALLE, DE;81;Carga y descarga 360;Línea;3;15;Laborables de 08:00 a 14:00 y de 16:30 a 19:00 ;-3.6835907890;40.4330757760
0406059;442335.7000000000;4476014.1300000000;25/08/22;4 Salamanca;46 Castellana;JUAN BRAVO, CALLE, DE;27;Carga y descarga 360;Línea;3;15;Laborables de 08:00 a 14:00 MÁXIMO 45 MINUTOS ;-3.6798535570;40.4327698170
0406060;442165.6900000000;4475866.9100000000;27/09/22;4 Salamanca;46 Castellana;PADILLA, CALLE, DE;19;Carga y descarga 360;Línea;4;20,2;Laborables de 08:00 a 14:00 y de 16:30 a 19:00 MÁXIMO 45 MINUTOS ;-3.6818444130;40.4314316160
0406061;442297.1300000000;4476118.2300000000;05/10/22;4 Salamanca;46 Castellana;MALDONADO, CALLE, DE;43;Carga y descarga 360;Línea;4;10,9;Laborables de 08:00 a 11:00 servicios colegios EN LINEA MÁXIMO 45 MINUTOS;-3.6803178250;40.4337053420
0406062;441725.8300000000;4475663.9700000000;17/10/22;4 Salamanca;46 Castellana;SERRANO, CALLE, DE;66;Carga y descarga 360;Línea;5;27,1;PERMITIDO CARGA Y DESCARGA DE 10 A 14 HORAS MÁXIMO 45 MINUTOS;-3.6870112900;40.4295735140
0406063;441747.6600000000;4475862.0200000000;09/10/23;4 Salamanca;46 Castellana;SERRANO, CALLE, DE;82;Carga y descarga 360;Línea;13;63,5;PERMITIDO CARGA Y DESCARGA DE 10 A 14 H. MÁXIMO 45 MINUTOS;-3.6867721940;40.4313585070
0406064;441752.2000000000;4475926.2400000000;25/05/23;4 Salamanca;46 Castellana;SERRANO, CALLE, DE;86;Carga y descarga 360;Línea;3;14,4;PERMITIDO CARGAY DESCARGA DE 10 A 14 H. MÁXIMO 45 MINUTOS CÓDIGO DE ZONA 0406064;-3.6867245240;40.4319373090
0406064;441756.7800000000;4475986.2800000000;16/10/22;4 Salamanca;46 Castellana;SERRANO, CALLE, DE;92;Carga y descarga 360;Línea;11;54,3;PERMITIDO CARGA Y DESCARGA DE 10 A 14 H. MÁXIMO 45 MINUTOS;-3.6866760520;40.4324793270
0406065;441767.6600000000;4476137.9500000000;09/10/23;4 Salamanca;46 Castellana;SERRANO, CALLE, DE;102;Carga y descarga 360;Línea;6;28,1;PERMITIDO CARGA Y DESCARGA DE 10 A 14 H. MÁXIMO 45 MINUTOS;-3.6865616320;40.4338461180
0406066;441774.1600000000;4476233.1300000000;09/10/23;4 Salamanca;46 Castellana;SERRANO, CALLE, DE;106;Carga y descarga 360;Línea;8;42;PERMITIDO CARGA Y DESCARGA DE 10 A 14 H. MÁXIMO 45 MINUTOS;-3.6864937370;40.4347042370
0406067;441784.2800000000;4476373.6100000000;17/10/22;4 Salamanca;46 Castellana;SERRANO, CALLE, DE;116;Carga y descarga 360;Línea;13;64,2;Permitido carga y descarga de 10:00 a 14:00 Máximo 45 minutos;-3.6863872810;40.4359703590
0406068;441743.9700000000;4475809.0700000000;09/10/23;4 Salamanca;46 Castellana;SERRANO, CALLE, DE;76;Carga y descarga 360;Línea;8;42,4;PERMITIDO CARGA Y DESCARGA DE 10 A 14 H. MÁXIMO 45 MINUTOS;-3.6868108120;40.4308811190
0406069;441764.4700000000;4476096.6900000000;09/10/23;4 Salamanca;46 Castellana;SERRANO, CALLE, DE;98;Carga y descarga 360;Línea;11;54,1;PERMITIDO CARGA Y DESCARGA DE 10 A 14 H. MÁXIMO 45 MINUTOS;-3.6865954370;40.4334739240
0406070;441771.0900000000;4476187.3800000000;09/10/23;4 Salamanca;46 Castellana;SERRANO, CALLE, DE;104;Carga y descarga 360;Línea;10;49,2;PERMITIDO CARGA Y DESCARGA DE 10 A 14 H. MÁXIMO 45 MINUTOS;-3.6865255930;40.4342915930
0406071;442263.7500000000;4475717.2400000000;23/04/25;4 Salamanca;46 Castellana;JOSE ORTEGA Y GASSET, CALLE, DE;36;Carga y descarga 360;Línea;3;14,1;Lab de 08:0 a 14:30 H. MÁXIMO 45 MINUTOS;-3.6806747770;40.4300902080
0406072;441998.4000000000;4475770.0300000000;03/12/25;4 Salamanca;46 Castellana;VELAZQUEZ, CALLE, DE;67;Carga y descarga 360;Línea;2;11,5;lab. de 08:00 a 14:30 h. excepto carga y descarga MÁXIMO 45 MINUTOS;-3.6838078250;40.4305480010
0406073;442052.6200000000;4476526.1900000000;29/12/25;4 Salamanca;46 Castellana;VELAZQUEZ, CALLE, DE;121;Carga y descarga 360;Línea;3;15;LAB. DE 08:00 A 17:00 h.EXCEPTO CARGA Y DESCARGA MÁXIMO 45 MINUTOS;-3.6832375030;40.4373634480
0501002;441609.2800000000;4477950.2000000000;29/08/22;5 Chamartín;51 El Viso;MARCELIANO SANTA MARIA, CALLE, DE;2;Carga y descarga 360;Batería;4;10,8;Laborables de 08:00 a 14:00 y de 16:30 a 19:00 MÁXIMO 45 MINUTOS;-3.6885952890;40.4501605750
0501003;441487.1700000000;4477693.4800000000;29/08/22;5 Chamartín;51 El Viso;LA HABANA, PASEO, DE;10;Carga y descarga 360;Línea;2;10;Laborables de 08:00 a 14:00 y de 16:30 a 19:00 MÁXIMO 45 MINUTOS;-3.6900114680;40.4478389500
0501004;441551.3000000000;4477790.3100000000;29/08/22;5 Chamartín;51 El Viso;LA HABANA, PASEO, DE;22;Carga y descarga 360;Línea;3;13,4;Laborables de 08:00 a 14:00 y de 16:30 a 19:00 MÁXIMO 45 MINUTOS ;-3.6892642170;40.4487162060
0501005;441597.3100000000;4477908.7300000000;29/08/22;5 Chamartín;51 El Viso;QUITO, PLAZA, DE;S/N;Carga y descarga 360;Línea;3;17;Laborables de 09:00 a 14:00 MÁXIMO 45 MINUTOS;-3.6887326840;40.4497857460
0501006;441522.0900000000;4477575.8200000000;29/08/22;5 Chamartín;51 El Viso;POETA MANUEL DEL PALACIO, PLAZA, DEL;1;Carga y descarga 360;Línea;2;13;Laborables de 08:00 a 14:00 y de 16:30 a 19:00 MÁXIMO 45 MINUTOS ;-3.6895888550;40.4467814990
0501007;441839.3200000000;4477091.6300000000;29/08/22;5 Chamartín;51 El Viso;SERRANO, CALLE, DE;144;Carga y descarga 360;Línea;3;15;Laborables de 08:00 a 14:00 y de 16:30 a 19:00 MÁXIMO 45 MINUTOS;-3.6858040670;40.4424422040
0501008;441593.6900000000;4477141.3400000000;29/08/22;5 Chamartín;51 El Viso;VITRUVIO, CALLE, DE;8;Carga y descarga 360;Línea;3;15,1;Laborables de 08:00 a 14:00 y de 16:30 a 19:00 MÁXIMO 45 MINUTOS;-3.6887048380;40.4428723800
0501009;441763.8600000000;4477165.2400000000;31/08/22;5 Chamartín;51 El Viso;JORGE MANRIQUE, CALLE, DE;27;Carga y descarga 360;Línea;3;15;Laborables de 08:00 a 14:00 y de 16:30 a 19:00 MÁXIMO 45 MINUTOS;-3.6867004600;40.4430995010
0501010;441903.3200000000;4477152.1300000000;31/08/22;5 Chamartín;51 El Viso;JUAN DE LA CIERVA, CALLE, DE;3;Carga y descarga 360;Línea;3;15;Laborables de 08:00 a 14:00 y de 16:30 a 19:00 MÁXIMO 45 MINUTOS;-3.6850549820;40.4429912120
0501011;442276.5800000000;4477148.5800000000;05/10/22;5 Chamartín;51 El Viso;GABRIEL LOBO, CALLE, DE;11;Carga y descarga 360;Línea;3;15;Laborables de 08:00 a 14:00 y de 16:30 a 19:00 MÁXIMO 45 MINUTOS;-3.6806535780;40.4429857690
0501014;442281.9300000000;4476565.1900000000;30/08/22;5 Chamartín;51 El Viso;CASTELLO, CALLE, DE;119;Carga y descarga 360;Línea;1;8;Laborables de 08:00 a 14:00 y de 16:30 a 19:00 MÁXIMO 45 MINUTOS;-3.6805375540;40.4377305420
0501015;442135.5400000000;4476779.2600000000;04/10/22;5 Chamartín;51 El Viso;LOPEZ DE HOYOS, CALLE, DE;25;Carga y descarga 360;Línea;4;20,1;Laborables de 08:00 a 14:00 MÁXIMO 45 MINUTOS;-3.6822828980;40.4396490920
0501016;442091.5600000000;4476789.7600000000;30/08/22;5 Chamartín;51 El Viso;VELAZQUEZ, CALLE, DE;136;Carga y descarga 360;Línea;2;10;Laborables de 08:00 a 14:00 y de 16:30 a 19:00 MÁXIMO 45 MINIMO ;-3.6828023990;40.4397403640
0501017;442324.5500000000;4476932.6700000000;30/08/22;5 Chamartín;51 El Viso;NIELFA, CALLE, DE;3;Carga y descarga 360;Línea;2;11,1;Laborables de 08:00 a 14:00 y de 16:30 a 19:00 MÁXIMO 45 MINUTOS;-3.6800683590;40.4410442440
0501018;442512.1100000000;4477900.6500000000;30/08/22;5 Chamartín;51 El Viso;PRINCIPE DE VERGARA, CALLE, DEL;205;Carga y descarga 360;Línea;4;10;Laborables de 08:00 a 14:00 y de 16:30 a 19:00 En línea MÁXIMO 45 MINUTOS ;-3.6779446340;40.4497769800
0501019;442376.5500000000;4476667.3300000000;31/08/22;5 Chamartín;51 El Viso;PEDRO DE VALDIVIA, CALLE, DE;40;Carga y descarga 360;Línea;2;10;Laborables de 08:00 a 14:00 y de 16:30 a 19:00 MÁXIMO 45 MINUTOS;-3.6794312300;40.4386568430
0501020;442373.1000000000;4477236.5500000000;30/08/22;5 Chamartín;51 El Viso;GABRIEL LOBO, CALLE, DE;24;Carga y descarga 360;Línea;2;10;Laborables de 08:00 a 14:00 y de 16:30 a 19:00 MÁXIMO 45 MINUTOS;-3.6795235910;40.4437849880
0501021;442245.0500000000;4477117.9000000000;30/08/22;5 Chamartín;51 El Viso;GABRIEL LOBO, CALLE, DE;7;Carga y descarga 360;Línea;4;21,13;lab. de 8 a 14h. y de 16.30 a 19 h. excepto carga y descarga MÁXIMO 45 MINUTOS;-3.6810225630;40.4427066240
0501022;442252.5400000000;4477113.8000000000;30/08/22;5 Chamartín;51 El Viso;GABRIEL LOBO, CALLE, DE;7;Carga y descarga 360;Línea;3;16,6;lab. de 8 a 14 h. y de 16.30 a 19 h. Excepto Carga y Descarga MÁXIMO 45 MINUTOS;-3.6809339260;40.4426711000
0501024;441752.8400000000;4478038.1500000000;24/05/24;5 Chamartín;51 El Viso;LA HABANA, PASEO, DE;23;Carga y descarga 360;Batería;6;15;lab de 08:00 a 14:30 h. MÁXIMO 45 MINUTOS;-3.6869106210;40.4509628880
0501025;442168.2900000000;4477986.6800000000;06/06/24;5 Chamartín;51 El Viso;SERRANO, CALLE, DE;200;Carga y descarga 360;Línea;2;10;LAB. DE LUNES A SÁBADO DE 08:00 A 14:30 H. MÁXIMO 45 MINUTOS;-3.6820067900;40.4505278410
0502001;442593.5200000000;4477032.7400000000;26/09/22;5 Chamartín;52 Prosperidad;QUINTILIANO, CALLE, DE;1;Carga y descarga 360;Línea;3;18,7;Laborables de 08:00 a 14:00 h y de 16:30 a 19:00 h. MÁXIMO 45 MINUTOS ;-3.6769061470;40.4419644140
0502002;443239.8200000000;4477617.1100000000;23/07/24;5 Chamartín;52 Prosperidad;LOPEZ DE HOYOS, CALLE, DE;176;Carga y descarga 360;Línea;2;10;Laborables de 09:00 a 14:00 y de 16:30 a 20:00 MÁXIMO 45 MINUTOS ;-3.6693380050;40.4472730970
0502003;443095.7900000000;4477485.1400000000;30/08/22;5 Chamartín;52 Prosperidad;LOPEZ DE HOYOS, CALLE, DE;158;Carga y descarga 360;Línea;5;27,5;Laborables de 08:00 a 14:00 y de 16:30 a 19:00 MÁXIMO 45 MINUTOS;-3.6710245640;40.4460736670
0502004;443225.1700000000;4477581.0600000000;30/08/22;5 Chamartín;52 Prosperidad;RAMOS CARRION, CALLE, DE;2;Carga y descarga 360;Línea;3;16;Laborables de 08:00 a 14:00 y de 16:30 a 19:00 MÁXIMO 45 MINUTOS ;-3.6695075430;40.4469470270
0502005;443392.6200000000;4477517.1800000000;31/08/22;5 Chamartín;52 Prosperidad;RAMOS CARRION, CALLE, DE;12;Carga y descarga 360;Batería;3;8,8;Laborables de 09:00 a 14:00 y de 16:30 a 20:00 MÁXIMO 45 MINUTOS;-3.6675272870;40.4463827210
0502006;443446.0100000000;4477485.3100000000;20/09/22;5 Chamartín;52 Prosperidad;CORAZON DE MARIA, CALLE, DEL;47;Carga y descarga 360;Línea;2;10,8;Laborables de 08:00 a 14:00 y de 16:30 a 19:00 MÁXIMO 45 MINUTOS;-3.6668950280;40.4460996800
0502007;442959.0500000000;4477070.9900000000;26/09/22;5 Chamartín;52 Prosperidad;CONSTANCIA, CALLE, DE LA;33;Carga y descarga 360;Línea;2;11,8;Laborables de 08:00 a 14:00 y de 16:30 a 19:00 MÁXIMO 45 MINUTOS ;-3.6725997970;40.4423333990
0502008;443410.3700000000;4477315.1900000000;31/08/22;5 Chamartín;52 Prosperidad;CORAZON DE MARIA, CALLE, DEL;35;Carga y descarga 360;Línea;3;15,8; Laborables de 08:00 a 14:00 y de 16:30 a 19:00 MÁXIMO 45 MINUTOS ;-3.6673001090;40.4445644970
0502009;443012.4300000000;4477418.0900000000;05/12/25;5 Chamartín;52 Prosperidad;LOPEZ DE HOYOS, CALLE, DE;146;Carga y descarga 360;Línea;3;15;Laborables de 08:00 a 17:00 h. MÁXIMO 45 MINUTOS;-3.6720015710;40.4454647850
0502010;443206.1200000000;4477132.3600000000;31/08/22;5 Chamartín;52 Prosperidad;CLARA DEL REY, CALLE, DE;41;Carga y descarga 360;Batería;5;15;Laborables de 09:00 a 14:00 y de 16:30 a 20:00 MÁXIMO 45 MINUTOS;-3.6696920930;40.4429034920
0502011;443128.2600000000;4477069.1000000000;31/08/22;5 Chamartín;52 Prosperidad;CLARA DEL REY, CALLE, DE;35;Carga y descarga 360;Batería;5;10,7;Laborables de 09:00 a 14:00 y de 16:30 a 20:00 MÁXIMO 45 MINUTOS;-3.6706045280;40.4423281850
0502012;443434.4800000000;4477429.3700000000;31/08/22;5 Chamartín;52 Prosperidad;CORAZON DE MARIA, CALLE, DEL;41;Carga y descarga 360;Línea;3;16,8;Laborables de 08:00 a 14:00 y de 16:30 a 21:00 MÁXIMO 45 MINUTOS ;-3.6670259490;40.4455948470
0502013;443096.3700000000;4477362.5000000000;02/09/22;5 Chamartín;52 Prosperidad;CARDENAL SILICEO, CALLE, DEL;13;Carga y descarga 360;Línea;2;13,4;Laborables de 08:00 a 14:00 y de 16:30 a 19:00 MÁXIMO 45 MINUTOS ;-3.6710067450;40.4449691190
0502014;443316.3700000000;4477383.3100000000;31/08/22;5 Chamartín;52 Prosperidad;CLARA DEL REY, CALLE, DE;55;Carga y descarga 360;Línea;3;15;Laborables de 08:00 a 14:00 y de 16:30 a 19:00 MÁXIMO 45 MINUTOS;-3.6684145120;40.4451715450
0502015;443058.0600000000;4477241.7400000000;01/09/22;5 Chamartín;52 Prosperidad;CANILLAS, CALLE, DE;84;Carga y descarga 360;Línea;3;15,1;Laborables de 08:00 a 14:00 y de 16:30 a 19:00 EN LINEA MÁXIMO 45 MINUTOS;-3.6714476360;40.4438788950
0502016;443244.5200000000;4477138.1100000000;01/09/22;5 Chamartín;52 Prosperidad;CLARA DEL REY, CALLE, DE;28;Carga y descarga 360;Batería;5;12,5;Laborables de 08:00 a 14:00 y de 16:30 a 19:00 MÁXIMO 45 MINUTOS;-3.6692398580;40.4429584390
0502017;443013.0500000000;4477282.8100000000;01/09/22;5 Chamartín;52 Prosperidad;ROS DE OLANO, CALLE, DE;7;Carga y descarga 360;Línea;3;15;Laborables de 08:00 a 14:00 y de 16:30 a 19:00 MÁXIMO 45 MINUTOS ;-3.6719820340;40.4442453020
0502018;443384.5100000000;4477399.5100000000;01/09/22;5 Chamartín;52 Prosperidad;SANTA RITA, CALLE, DE;12;Carga y descarga 360;Batería;3;8;Laborables de 08:00 a 14:00 y de 16:30 a 19:00 MÁXIMO 45 MINUTOS ;-3.6676125430;40.4453222330
0502019;443188.1300000000;4476992.4200000000;01/09/22;5 Chamartín;52 Prosperidad;CORAZON DE MARIA, CALLE, DEL;9;Carga y descarga 360;Batería;3;7,5;Laborables de 08:00 a 14:00 y de 16:30 a 19:00 MÁXIMO 45 MINUTOS ;-3.6698916540;40.4416419530
0502020;442638.9000000000;4476933.2000000000;01/09/22;5 Chamartín;52 Prosperidad;CANILLAS, CALLE, DE;12 D;Carga y descarga 360;Línea;4;20;Laborables de 08:00 a 14:00 y de 16:30 a 19:00 MÁXIMO 45 MINUTOS ;-3.6763621240;40.4410701420
0502021;442564.6400000000;4476885.8200000000;02/09/22;5 Chamartín;52 Prosperidad;CANILLAS, CALLE, DE;5 B;Carga y descarga 360;Línea;3;15,8;Laborables de 08:00 a 14:00 y de 16:30 a 19:00 MÁXIMO 45 MINUTOS;-3.6772333640;40.4406387040
0502022;442486.2100000000;4476729.6300000000;02/09/22;5 Chamartín;52 Prosperidad;SANTA MARIA DE LA ALAMEDA, CALLE, DE;9;Carga y descarga 360;Línea;2;10,4;Laborables de 08:00 a 14:00 y de 16:30 a 19:00 MÁXIMO 45 MINUTOS  ;-3.6781439660;40.4392262490
0502023;442508.7200000000;4476629.1600000000;01/09/22;5 Chamartín;52 Prosperidad;SAN FERNANDO DEL JARAMA, CALLE, DE;1;Carga y descarga 360;Línea;2;12,1;Laborables de 09:00 a 14:00 y de 16:30 a 20:00 MÁXIMO 45 MINUTOS ;-3.6778695190;40.4383226940
0502024;442763.9400000000;4476970.4000000000;01/09/22;5 Chamartín;52 Prosperidad;CARTAGENA, CALLE, DE;128;Carga y descarga 360;Línea;3;15;Laborables de 09:00 a 14:00 y de 16:00 a 20:00 MÁXIMO 45 MINUTOS ;-3.6748911120;40.4414146610
0502025;442816.3700000000;4476793.6000000000;01/09/22;5 Chamartín;52 Prosperidad;MATAELPINO, CALLE, DE;4;Carga y descarga 360;Línea;3;15;Laborables de 08:00 a 14:00 y de 16:30 a 19:00 MÁXIMO 45 MINUTOS ;-3.6742570770;40.4398247030
0502026;442929.6200000000;4476828.8000000000;01/09/22;5 Chamartín;52 Prosperidad;PADRE XIFRE, CALLE, DEL;5;Carga y descarga 360;Batería;6;15;Laborables de 08:00 a 14:00 y de 16:30 a 19:00 MÁXIMO 45 MINUTOS ;-3.6729250080;40.4401503150
0502027;442770.0400000000;4476935.4400000000;01/09/22;5 Chamartín;52 Prosperidad;CARTAGENA, CALLE, DE;115;Carga y descarga 360;Línea;3;15;Laborables de 08:00 a 14:00 y de 16:30 a 19:oo MÁXIMO 45 MINUTOS ;-3.6748161690;40.4410996490
0502028;443209.4800000000;4477411.7200000000;01/09/22;5 Chamartín;52 Prosperidad;BAEZA, CALLE, DE;1;Carga y descarga 360;Línea;3;15;Laborables de 08:00 a 14:00 y de 16:30 a 19:00 MÁXIMO 45 MINUTOS ;-3.6696774250;40.4454201520
0502029;442447.9300000000;4476909.6200000000;07/09/22;5 Chamartín;52 Prosperidad;PRINCIPE DE VERGARA, CALLE, DEL;120;Carga y descarga 360;Línea;3;14,44;Laborables de 08:00 a 14:00 y de 16:30 a 19:00 MÁXIMO 45 MINUTOS;-3.6786115560;40.4408449120
0502030;442713.9200000000;4477044.5800000000;01/09/22;5 Chamartín;52 Prosperidad;CARTAGENA, CALLE, DE;127;Carga y descarga 360;Línea;2;10,2;Laborables de 08:00 a 14:00 y de 16:30 a 19:00 MÁXIMO 45 MINUTOS ;-3.6754875610;40.4420788340
0502031;443430.9700000000;4477736.4000000000;02/09/22;5 Chamartín;52 Prosperidad;SAN NAZARIO, CALLE, DE;3;Carga y descarga 360;Línea;6;15;Laborables de 08:00 a 14:00 y de 16:30 a 19:00 MÁXIMO 45 MINUTOS EN LINEA;-3.6670947040;40.4483599410
0502032;442935.9600000000;4476890.5100000000;02/09/22;5 Chamartín;52 Prosperidad;CLARA DEL REY, CALLE, DE;13;Carga y descarga 360;Línea;3;15;Laborables de 08:00 a 14:00 MÁXIMO 45 MINUTOS ;-3.6728557940;40.4407062560
0502033;443464.5300000000;4477446.7900000000;20/09/22;5 Chamartín;52 Prosperidad;CORAZON DE MARIA, CALLE, DEL;60;Carga y descarga 360;Línea;5;27,5;Laborables de 08:00 a 14:00 y de 16:30 a 19:00 MÁXIMO 45 MINUTOS ;-3.6666732360;40.4457539570
0502034;442716.4100000000;4477156.8000000000;02/09/22;5 Chamartín;52 Prosperidad;LOPEZ DE HOYOS, CALLE, DE;94;Carga y descarga 360;Línea;3;16;Laborables de 08:00 a 17:00 MÁXIMO 45 MINUTOS ;-3.6754684250;40.4430903330
0502035;442755.0500000000;4477195.4600000000;05/09/22;5 Chamartín;52 Prosperidad;LOPEZ DE HOYOS, CALLE, DE;100;Carga y descarga 360;Línea;3;18;Laborables de 08:00 a 17:00 MÁXIMO 45 MINUTOS ;-3.6750162460;40.4434406400
0502036;442769.0400000000;4477209.5100000000;05/09/22;5 Chamartín;52 Prosperidad;LOPEZ DE HOYOS, CALLE, DE;104;Carga y descarga 360;Línea;2;10;Laborables de 08:00 a 17:00 MÁXIMO 45 MINUTOS ;-3.6748525520;40.4435686390
0502037;442819.6400000000;4477260.1000000000;05/09/22;5 Chamartín;52 Prosperidad;LOPEZ DE HOYOS, CALLE, DE;114;Carga y descarga 360;Línea;2;11,3;Laborables de 08:00 a 17:00 MÁXIMO 45 MINUTOS ;-3.6742606290;40.4440274060
0502038;442872.1600000000;4477307.2300000000;05/09/22;5 Chamartín;52 Prosperidad;LOPEZ DE HOYOS, CALLE, DE;124;Carga y descarga 360;Línea;2;7,54;Laborables de 08:00 a 17:00 MÁXIMO 45 MINUTOS ;-3.6736455020;40.4444556350
0502039;442920.8000000000;4477344.6200000000;05/09/22;5 Chamartín;52 Prosperidad;LOPEZ DE HOYOS, CALLE, DE;132;Carga y descarga 360;Línea;2;12,9;Laborables de 08:00 a 17:00 MÁXIMO 45 MINUTOS ;-3.6730752940;40.4447963730
0502040;442611.6300000000;4476654.3800000000;05/09/22;5 Chamartín;52 Prosperidad;PRADENA DEL RINCON, CALLE, DE;1;Carga y descarga 360;Línea;4;21;Laborables de 09:00 a 20:00 MÁXIMO 45 MINUTOS ;-3.6766584580;40.4385570910
0502041;442718.0200000000;4476695.2100000000;02/01/15;5 Chamartín;52 Prosperidad;PADRE INDALECIO HERNANDEZ, CALLE, DEL;1;Carga y descarga;Línea;2;13;LAB. DE 09:00 A 13:00 H. EXCEPTO VEHÍCULOS DESCARGA DE GASÓLEO;-3.6754077480;40.4389323210
0502042;443471.4400000000;4477604.2500000000;05/09/22;5 Chamartín;52 Prosperidad;CORAZON DE MARIA, CALLE, DEL;57;Carga y descarga 360;Línea;4;20,5;Laborables de 08:00 a 14:00 y de 16:30 a 19:00 MÁXIMO 45 MINUTOS ;-3.6666057410;40.4471724290
0502043;443072.2000000000;4476997.3600000000;05/09/22;5 Chamartín;52 Prosperidad;CLARA DEL REY, CALLE, DE;14;Carga y descarga 360;Línea;4;11,1;Laborables de 08:00 a 17:00  EN LINEA MÁXIMO 45 MINUTOS;-3.6712590180;40.4416781640
0502044;443374.7100000000;4477416.8000000000;06/09/22;5 Chamartín;52 Prosperidad;SANTA RITA, CALLE, DE;9;Carga y descarga 360;Línea;4;11;Laborables de 08:00 a 14:00 y de 16:30 a 19:00 En línea MÁXIMO 45 MINUTOS ;-3.6677296550;40.4454769890
0502045;442728.5000000000;4477039.1600000000;06/09/22;5 Chamartín;52 Prosperidad;CARTAGENA, CALLE, DE;134;Carga y descarga 360;Línea;3;16,1;Laborables de 08:00 a 14:00 y de 16:30 a 19:00 MÁXIMO 45 MINUTOS ;-3.6753152160;40.4420308200
0502046;442863.9200000000;4476957.5900000000;06/09/22;5 Chamartín;52 Prosperidad;CONSTANCIA, CALLE, DE LA;10;Carga y descarga 360;Batería;3;8,5;Laborables de 08:00 a 14:00 y de 16:30 a 19:00 MÁXIMO 45 MINUTOS ;-3.6737111630;40.4413060280
0502047;443626.3500000000;4477499.7200000000;06/09/22;5 Chamartín;52 Prosperidad;PADRE CLARET, CALLE, DEL;11;Carga y descarga 360;Línea;2;10,1;Laborables de 09:00 a 14:00 y de 16:30 a 20:00 MÁXIMO 45 MINUTOS ;-3.6647698130;40.4462416590
0502048;442710.1600000000;4477075.1600000000;06/09/22;5 Chamartín;52 Prosperidad;CARTAGENA, CALLE, DE;138;Carga y descarga 360;Línea;2;10,1;Laborables de 08:00 a 14:00 y de 16:30 a 19:00 MÁXIMO 45 MINUTOS ;-3.6755347160;40.4423545980
0502049;443233.5000000000;4477357.8000000000;06/09/22;5 Chamartín;52 Prosperidad;SANTA HORTENSIA, CALLE, DE;13;Carga y descarga 360;Línea;4;10;Laborables de 08:00 a 14:00 y de 16:30 a 19:00 EN LINEA MÁXIMO 45 MINUTOS ;-3.6693893420;40.4449361740
0502050;442820.1700000000;4477104.5000000000;07/09/22;5 Chamartín;52 Prosperidad;CANILLAS, CALLE, DE;35;Carga y descarga 360;Línea;2;10;Laborables de 08:00 a 14:00 y de 16:30 a 19:00 MÁXIMO 45 MINUTOS;-3.6742402890;40.4426256070
0502051;443126.7000000000;4477113.5700000000;07/09/22;5 Chamartín;52 Prosperidad;PUENTEAREAS, CALLE, DE;8;Carga y descarga 360;Línea;2;14,2;Laborables de 08:00 a 12:00 y de 14:30 a 18:00 MÁXIMO 45 MINUTOS;-3.6706268170;40.4427290260
0502052;443160.6600000000;4477228.6700000000;06/09/22;5 Chamartín;52 Prosperidad;CARDENAL SILICEO, CALLE, DEL;26;Carga y descarga 360;Línea;4;20;Laborables de 08:00 a 14:00 y de 16:30 a 19:00 MÁXIMO 45 MINUTOS;-3.6702367470;40.4437676840
0502053;442460.2300000000;4476899.4200000000;07/09/22;5 Chamartín;52 Prosperidad;FRANCISCO GIRALTE, CALLE, DE;4;Carga y descarga 360;Línea;2;12,8;lab de 8 a 14 h. y de 16.30 a 19 h. excepto: Carga y Descarga MÁXIMO 45 MINUTOS;-3.6784656240;40.4407538690
0502054;443277.8600000000;4477656.0000000000;23/07/24;5 Chamartín;52 Prosperidad;LOPEZ DE HOYOS, CALLE, DE;182;Carga y descarga 360;Línea;9;45;Laborables de 09:00 a 14:00 y de 16:30 a 20:00 MÁXIMO 45 MINUTOS  ;-3.6688929320;40.4476257530
0503001;442738.2700000000;4477769.9500000000;01/09/22;5 Chamartín;53 Ciudad Jardín;PRADILLO, CALLE, DE;8;Carga y descarga 360;Línea;2;13;Laborables de 08:00 a 14:00 y de 16:30 a 19:00 MÁXIMO 45 MINUTOS ;-3.6752659410;40.4486149640
0503003;442720.2700000000;4477704.2100000000;31/08/22;5 Chamartín;53 Ciudad Jardín;EUGENIO SALAZAR, CALLE, DE;54;Carga y descarga 360;Línea;3;16;Laborables de 08:00 a 14:00 y de 16:30 a 19:00 MÁXIMO 45 MINUTOS;-3.6754722630;40.4480216670
0503004;442727.4300000000;4477291.0000000000;06/09/22;5 Chamartín;53 Ciudad Jardín;SUERO DE QUIÑONES, CALLE, DE;4;Carga y descarga 360;Línea;5;25;Laborables de 08:00 a 14:00 y de 16:30 a 19:00 MÁXIMO 45 MINUTOS ;-3.6753505100;40.4443001910
0503005;442597.4500000000;4477333.8400000000;15/12/22;5 Chamartín;53 Ciudad Jardín;PECHUAN, CALLE, DE;10;Carga y descarga 360;Línea;3;16,3;lab. de lunes a viernes de 8 a 18 h y sábados de 8 a 14,30 h. MAXIMO 45 MINUTOS;-3.6768870110;40.4446763380
0503006;442712.6600000000;4477186.8700000000;01/09/22;5 Chamartín;53 Ciudad Jardín;GENERAL ZABALA, CALLE, DEL;15;Carga y descarga 360;Línea;2;11,8;Laborables de 08:00 a 14:00 y de 16:30 a 19:00 MÁXIMO 45 MINUTOS ;-3.6755152350;40.4433604830
0503007;442606.0700000000;4477192.1600000000;02/09/22;5 Chamartín;53 Ciudad Jardín;CARTAGENA, CALLE, DE;164;Carga y descarga 360;Línea;3;15;Laborables de 08:00 a 14:00 y de 16:30 a 19:00 MÁXIMO 45 MINUTOS ;-3.6767726480;40.4434005900
0503008;443233.9900000000;4477629.8500000000;04/10/22;5 Chamartín;53 Ciudad Jardín;LOPEZ DE HOYOS, CALLE, DE;139;Carga y descarga 360;Línea;1;7,9;Laborables de 08:00 a 14:00 y de 16:30 a 19:00 MÁXIMO 45 MINUTOS;-3.6694079630;40.4473868870
0503009;443285.7800000000;4477681.8800000000;31/08/22;5 Chamartín;53 Ciudad Jardín;LOPEZ DE HOYOS, CALLE, DE;145;Carga y descarga 360;Línea;5;26,6;Laborables de 08:00 a 14:00 y de 16:30 a 19:00 MÁXIMO 45 MINUTOS;-3.6688018890;40.4478590040
0503010;442877.4300000000;4477726.6200000000;31/08/22;5 Chamartín;53 Ciudad Jardín;MARCENADO, CALLE, DE;42;Carga y descarga 360;Batería;5;15;Laborables de 08:00 a 14:00 y de 16:30 a 19:00 MÁXIMO 45 MINUTOS;-3.6736210370;40.4482341770
0503011;442916.1700000000;4477630.0600000000;31/08/22;5 Chamartín;53 Ciudad Jardín;SANCHEZ PACHECO, CALLE, DE;60;Carga y descarga 360;Línea;3;15;Laborables de 08:00 a 14:00 y de 16:30 a 19:00 MÁXIMO 45 MINUTOS;-3.6731556230;40.4473671200
0503012;443123.4100000000;4477549.6400000000;04/10/22;5 Chamartín;53 Ciudad Jardín;NIEREMBERG, CALLE, DE;2;Carga y descarga 360;Línea;3;15,3;Laborables de 08:00 a 14:00 y de 16:30 a 19:00 MÁXIMO 45 MINUTOS ;-3.6707047390;40.4466571100
0503013;443183.5900000000;4477599.1800000000;05/09/22;5 Chamartín;53 Ciudad Jardín;PANTOJA, CALLE, DE;2;Carga y descarga 360;Línea;2;12;Laborables de 08:00 a 14:00 y de 16:30 a 19:00 MÁXIMO 45 MINUTOS  ;-3.6699994280;40.4471075120
0503014;443027.0600000000;4477446.3400000000;05/12/25;5 Chamartín;53 Ciudad Jardín;LOPEZ DE HOYOS, CALLE, DE;113;Carga y descarga 360;Línea;3;15;Laborables de 08:00 a 17:00 h. MÁXIMO 45 MINUTOS ;-3.6718315180;40.4457196370
0503015;442832.8100000000;4477326.3800000000;06/09/22;5 Chamartín;53 Ciudad Jardín;MANTUANO, CALLE, DE;4;Carga y descarga 360;Línea;7;36;Laborables de 08:00 a 14:00 y de 16:30 a 19:00 MÁXIMO 45 MINUTOS ;-3.6741112020;40.4446258030
0503016;443339.8700000000;4477726.7400000000;01/09/22;5 Chamartín;53 Ciudad Jardín;LOPEZ DE HOYOS, CALLE, DE;153;Carga y descarga 360;Línea;3;15;Laborables de 08:00 a 14:00 y de 16:30 a 19:00 MÁXIMO 45 MINUTOS ;-3.6681680250;40.4482670640
0503017;442750.0400000000;4477257.2500000000;05/09/22;5 Chamartín;53 Ciudad Jardín;SUERO DE QUIÑONES, CALLE, DE;1;Carga y descarga 360;Línea;2;11;Laborables de 08:00 a 14:00 y de 16:30 a 19:00 MÁXIMO 45 MINUTOS ;-3.6750808760;40.4439974980
0503018;442660.3100000000;4477567.8700000000;01/09/22;5 Chamartín;53 Ciudad Jardín;SANCHEZ PACHECO, CALLE, DE;20;Carga y descarga 360;Línea;2;10;Laborables de 08:00 a 14:00 y de 16:30 a 19:00 MÁXIMO 45 MINUTOS ;-3.6761669750;40.4467896930
0503019;442776.7000000000;4477392.5000000000;04/10/22;5 Chamartín;53 Ciudad Jardín;MALCAMPO, CALLE, DE;5;Carga y descarga 360;Línea;2;11,4;Laborables de 08:00 a 14:00 y de 16:30 a 19:00 MÁXIMO 45 MINUTOS ;-3.6747787550;40.4452172100
0503020;442709.3000000000;4477165.2000000000;01/09/22;5 Chamartín;53 Ciudad Jardín;LOPEZ DE HOYOS, CALLE, DE;71;Carga y descarga 360;Línea;3;15;Laborables de 08:00 a 17:00 MÁXIMO 45 MINUTOS ;-3.6755529360;40.4431654480
0503021;442876.7200000000;4477325.3000000000;01/09/22;5 Chamartín;53 Ciudad Jardín;LOPEZ DE HOYOS, CALLE, DE;87;Carga y descarga 360;Línea;3;15;Laborables de 08:00 a 17:00 MÁXIMO 45 MINUTOS;-3.6735933060;40.4446192710
0503022;442935.7000000000;4477372.7400000000;02/09/22;5 Chamartín;53 Ciudad Jardín;LOPEZ DE HOYOS, CALLE, DE;95;Carga y descarga 360;Línea;4;22;Laborables de 08:00 a 17:00 MÁXIMO 45 MINUTOS ;-3.6729022040;40.4450507660
0503023;442607.3700000000;4477434.7800000000;05/09/22;5 Chamartín;53 Ciudad Jardín;SUERO DE QUIÑONES, CALLE, DE;22;Carga y descarga 360;Línea;3;16;Laborables de 08:00 a 14:00 y de 16:30 a 19:00 MÁXIMO 45 MINUTOS ;-3.6767792950;40.4455869400
0503024;442654.1100000000;4477363.2300000000;05/09/22;5 Chamartín;53 Ciudad Jardín;SUERO DE QUIÑONES, CALLE, DE;16;Carga y descarga 360;Línea;3;15;Laborables de 08:00 a 14:00 MÁXIMO 45 MINUTOS;-3.6762215780;40.4449455140
0503025;442466.1500000000;4477114.6600000000;02/09/22;5 Chamartín;53 Ciudad Jardín;PRINCIPE DE VERGARA, CALLE, DEL;128;Carga y descarga 360;Línea;2;10;Laborables de 08:00 a 14:30 MÁXIMO 45 MINUTOS ;-3.6784154330;40.4426934460
0503026;442789.8600000000;4477486.2100000000;26/09/22;5 Chamartín;53 Ciudad Jardín;EUGENIO SALAZAR, CALLE, DE;29;Carga y descarga 360;Línea;3;16,4;Laborables de 07:00 a 14:00 MÁXIMO 45 MINUTOS ;-3.6746320210;40.4460628960
0503027;442814.2400000000;4477600.1100000000;02/09/22;5 Chamartín;53 Ciudad Jardín;SANCHEZ PACHECO, CALLE, DE;46;Carga y descarga 360;Línea;4;21,3;Laborables de 08:00 a 14:00 y de 16:30 a 19:00 MÁXIMO 45 MINUTOS ;-3.6743548240;40.4470899800
0503028;442661.4000000000;4477731.3500000000;21/12/23;5 Chamartín;53 Ciudad Jardín;MANTUANO, CALLE, DE;58;Carga y descarga 360;Línea;4;19,9;lab. de 08:00 a 14:00 h y de 16:30 a 19:00 h. MÁXIMO 45 MINUTOS;-3.6761689800;40.4482621940
0504001;441615.9000000000;4478608.4000000000;07/09/22;5 Chamartín;54 Hispanoamérica;PROFESOR WAKSMAN, CALLE, DEL;7;Carga y descarga 360;Batería;5;13;Laborables de 08:00 a 14:00 y de 16:30 a 19:00 MÁXIMO 45 MINUTOS;-3.6885777560;40.4560903450
0504002;441655.4400000000;4478605.0200000000;07/09/22;5 Chamartín;54 Hispanoamérica;PROFESOR WAKSMAN, CALLE, DEL;9;Carga y descarga 360;Batería;5;17;Laborables de 08:00 a 14:00 y de 16:30 a 19:00 MÁXIMO 45 MINUTOS;-3.6881111970;40.4560629000
0504003;442520.1500000000;4478695.7500000000;12/09/22;5 Chamartín;54 Hispanoamérica;BOLIVIA, CALLE, DE;18;Carga y descarga 360;Línea;3;15;Laborables de 08:00 a 14:00 y de 16:30 a 19:00 MÁXIMO 45 MINUTOS ;-3.6779217720;40.4569401560
0504004;442695.8100000000;4478789.4700000000;05/11/25;5 Chamartín;54 Hispanoamérica;CHILE, CALLE, DE;17;Carga y descarga 360;Línea;4;20,8;Laborables de 08:00 a 14:00 y de 16:30 a 19:00 MÁXIMO 45 MINUTOS;-3.6758587230;40.4577961550
0504005;442565.9700000000;4478729.8300000000;08/09/22;5 Chamartín;54 Hispanoamérica;COLOMBIA, CALLE, DE;5;Carga y descarga 360;Línea;6;15;Laborables de 08:00 a 14:00 y de 16:30 a 19:00 EN LINEA MÁXIMO 45 MINUTOS;-3.6773844530;40.4572499540
0504006;442307.2000000000;4478579.2400000000;09/09/22;5 Chamartín;54 Hispanoamérica;RAMON DE SANTILLAN, CALLE, DE;10;Carga y descarga 360;Línea;2;10;Laborables de 08:00 a 14:00 y de 16:30 a 19:00 MÁXIMO 45 MINUTOS;-3.6804225040;40.4558754860
0504007;442134.3300000000;4478866.9700000000;09/09/22;5 Chamartín;54 Hispanoamérica;ALBERTO ALCOCER, AVENIDA, DE;32;Carga y descarga 360;Línea;3;15;Laborables de 08:00 a 14:00 y de 16:30 a 19:00 MÁXIMO 45 MINUTOS ;-3.6824875010;40.4584559160
0504008;442435.1600000000;4478870.0000000000;05/10/22;5 Chamartín;54 Hispanoamérica;ALBERTO ALCOCER, AVENIDA, DE;48;Carga y descarga 360;Línea;19;95,1;Permitido Día Laborables de 10:00 a 13:00  y de 16:00 a 18:00 MÁXIMO 45 MINUTOS;-3.6789399760;40.4585043310
0504009;442535.6600000000;4478856.5500000000;08/09/22;5 Chamartín;54 Hispanoamérica;BOLIVIA, CALLE, DE;30;Carga y descarga 360;Línea;3;15,2;Laborables de 08:00 a 14:00 y de 16:30 a 19:00 MÁXIMO 45 MINUTOS;-3.6777535520;40.4583896820
0504011;442388.5800000000;4478497.5300000000;08/09/22;5 Chamartín;54 Hispanoamérica;VICTOR ANDRES BELAUNDE, CALLE, DE;19;Carga y descarga 360;Línea;3;15,4;Laborables de 08:00 a 14:00 y de 16:30 a 19:00 MÁXIMO 45 MINUTOS;-3.6794553510;40.4551454230
0504012;442601.1800000000;4478589.0200000000;07/09/22;5 Chamartín;54 Hispanoamérica;PRINCIPE DE VERGARA, CALLE, DEL;256;Carga y descarga 360;Línea;3;15;Laborables de 08:00 a 14:00 y de 16:30 a 19:00 MÁXIMO 45 MINUTOS;-3.6769564530;40.4559845770
0504013;442630.6700000000;4478703.7500000000;07/09/22;5 Chamartín;54 Hispanoamérica;COLOMBIA, CALLE, DE;8;Carga y descarga 360;Línea;8;18,5;Laborables de 08:00 a 14:00 y de 16:30 a 19:00 MÁXIMO 45 MINUTOS EN LINEA;-3.6766190960;40.4570197970
0504014;442351.2100000000;4478583.1400000000;08/09/22;5 Chamartín;54 Hispanoamérica;COCHABAMBA, CALLE, DE;19;Carga y descarga 360;Línea;2;13;Laborables de 08:00 a 14:00 y de 16:30 a 19:00 MÁXIMO 45 MINUTOS;-3.6799039200;40.4559137020
0504015;442345.5700000000;4478694.8000000000;07/09/22;5 Chamartín;54 Hispanoamérica;VICTOR ANDRES BELAUNDE, CALLE, DE;36;Carga y descarga 360;Línea;3;15,5;Laborables de 08:00 a 14:00 y de 16:30 a 19:00 MÁXIMO 45 MINUTOS;-3.6799805820;40.4569191280
0504016;442561.9100000000;4478147.6200000000;06/10/22;5 Chamartín;54 Hispanoamérica;PRINCIPE DE VERGARA, CALLE, DEL;214;Carga y descarga 360;Batería;2;10;Sin tramo horario MÁXIMO 45 MINUTOS ;-3.6773796970;40.4520053850
0504017;442329.7500000000;4478465.0200000000;07/09/22;5 Chamartín;54 Hispanoamérica;RAMON DE SANTILLAN, CALLE, DE;5;Carga y descarga 360;Línea;3;15,1;Laborables de 08:00 a 14:00 y de 16:30 a 19:00 MÁXIMO 45 MINUTOS;-3.6801462810;40.4548485730
0504018;442342.2800000000;4478373.1200000000;07/09/22;5 Chamartín;54 Hispanoamérica;INFANTA MARIA TERESA, CALLE, DE LA;18;Carga y descarga 360;Línea;3;15,7;Laborables de 08:00 a 14:00 y de 16:30 a 19:00 MÁXIMO 45 MINUTOS;-3.6799901500;40.4540211080
0504019;442758.8800000000;4478855.0000000000;06/10/22;5 Chamartín;54 Hispanoamérica;COSTA RICA, CALLE, DE;14;Carga y descarga 360;Línea;5;25;Permitido Día Laborables de 10:00 a 13:00  y de 16:00 a 18:00 MÁXIMO 45 MINUTOS;-3.6751206960;40.4583915720
0504020;443247.5300000000;4478879.0300000000;06/10/22;5 Chamartín;54 Hispanoamérica;COSTA RICA, CALLE, DE;42;Carga y descarga 360;Línea;1;9,1;Sin tramo horario MÁXIMO 45 MINUTOS ;-3.6693599500;40.4586409810
0504021;443200.1600000000;4478862.7300000000;06/10/22;5 Chamartín;54 Hispanoamérica;COSTA RICA, CALLE, DE;40;Carga y descarga 360;Línea;1;8,1;Sin tramo horario MÁXIMO 45 MINUTOS ;-3.6699171510;40.4584908090
0504022;443145.2600000000;4478848.8400000000;06/10/22;5 Chamartín;54 Hispanoamérica;COSTA RICA, CALLE, DE;38;Carga y descarga 360;Línea;1;6,8;Sin tramo horario MÁXIMO 45 MINUTOS;-3.6705634470;40.4583622370
0504023;443104.6600000000;4478843.9900000000;06/10/22;5 Chamartín;54 Hispanoamérica;COSTA RICA, CALLE, DE;36;Carga y descarga 360;Línea;1;8;Sin tramo horario MÁXIMO 45 MINUTOS ;-3.6710418100;40.4583161140
0504024;442796.7400000000;4478697.7500000000;09/09/22;5 Chamartín;54 Hispanoamérica;COLOMBIA, CALLE, DE;18;Carga y descarga 360;Línea;3;15;Laborables de 08:00 a 14:00 y de 16:30 a 19:00 MÁXIMO 45 MINUTOS ;-3.6746600380;40.4569772260
0504025;443680.1500000000;4478549.3000000000;08/09/22;5 Chamartín;54 Hispanoamérica;EUCALIPTO, CALLE, DEL;29;Carga y descarga 360;Línea;3;15;Laborables de 08:00 a 14:00 y de 16:30 a 19:00 MÁXIMO 45 MINUTOS;-3.6642285400;40.4557006190
0504026;442832.8300000000;4478391.5300000000;07/09/22;5 Chamartín;54 Hispanoamérica;PUERTO RICO, CALLE, DE;15;Carga y descarga 360;Línea;3;15;Laborables de 08:00 a 14:00 y de 16:30 a 19:00 MÁXIMO 45 MINUTOS;-3.6742069430;40.4542209550
0504027;442578.6300000000;4478603.0400000000;12/09/22;5 Chamartín;54 Hispanoamérica;PRINCIPE DE VERGARA, CALLE, DEL;255;Carga y descarga 360;Línea;3;15;Laborables de 08:00 a 14:00 y de 16:30 a 19:00 MÁXIMO 45 MINUTOS ;-3.6772237950;40.4561093670
0504028;442928.0200000000;4478852.3200000000;08/09/22;5 Chamartín;54 Hispanoamérica;COSTA RICA, CALLE, DE;26;Carga y descarga 360;Línea;3;15;Laborables de 08:00 a 14:00 y de 16:30 a 19:00 MÁXIMO 45 MINUTOS;-3.6731257720;40.4583783940
0504029;441754.5600000000;4478740.8300000000;09/09/22;5 Chamartín;54 Hispanoamérica;JUAN RAMON JIMENEZ, CALLE, DE;4;Carga y descarga 360;Línea;4;22;Laborables de 08:00 a 14:00 y de 16:30 a 19:00 MÁXIMO 45 MINUTOS ;-3.6869547390;40.4572925250
0504030;442263.0500000000;4478379.1900000000;08/09/22;5 Chamartín;54 Hispanoamérica;INFANTA MARIA TERESA, CALLE, DE LA;12;Carga y descarga 360;Línea;3;15,1;Laborables de 08:00 a 14:00 y de 16:30 a 19:00 MÁXIMO 45 MINUTOS;-3.6809250450;40.4540708980
0504031;442831.6300000000;4478150.8300000000;08/09/22;5 Chamartín;54 Hispanoamérica;VICTOR DE LA SERNA, CALLE, DE;2;Carga y descarga 360;Línea;3;15,5;Laborables de 08:00 a 14:00 MÁXIMO 45 MINUTOS;-3.6741993800;40.4520529980
0504032;441783.3400000000;4478647.6500000000;06/09/22;5 Chamartín;54 Hispanoamérica;PADRE DAMIAN, CALLE, DEL;17;Carga y descarga 360;Línea;2;12;Laborables de 08:00 a 14:30 MÁXIMO 45 MINUTOS ;-3.6866067810;40.4564557770
0504033;443038.2900000000;4478613.4800000000;26/09/22;5 Chamartín;54 Hispanoamérica;VICTOR DE LA SERNA, CALLE, DE;35;Carga y descarga 360;Línea;4;20;Laborables de 08:00 a 12:00 y de 16:00 a 18:00 MÁXIMO 45 MINUTOS ;-3.6718037290;40.4562346160
0504034;442435.2500000000;4478184.1200000000;20/12/23;5 Chamartín;54 Hispanoamérica;RODRIGUEZ MARIN, CALLE, DE;63;Carga y descarga 360;Línea;3;18,1;Laborables de 08:00 a 14:00 MÁXIMO 45 MINUTOS;-3.6788766640;40.4523250950
0504035;442417.2900000000;4478395.3100000000;06/09/22;5 Chamartín;54 Hispanoamérica;VICTOR ANDRES BELAUNDE, CALLE, DE;1;Carga y descarga 360;Línea;3;11,4;Laborables de 08:00 a 14:00 y de 16:30 a 19:00 EN LINEA MÁXIMO 45 MINUTOS ;-3.6791074510;40.4542270290
0504036;442407.6900000000;4478533.1100000000;06/09/22;5 Chamartín;54 Hispanoamérica;ORURO, CALLE, DE;7;Carga y descarga 360;Línea;6;15;De lunes a domingo de 7:00 a 14:00 y de 16:00 a 20:00 EN LINEA MÁXIMO 45 MINUTOS  ;-3.6792332730;40.4554669090
0504037;442695.4900000000;4478686.1200000000;06/09/22;5 Chamartín;54 Hispanoamérica;CHILE, CALLE, DE;22;Carga y descarga 360;Línea;3;15;Laborables de 08:00 a 21:00 MÁXIMO 45 MINUTOS ;-3.6758531080;40.4568653280
0504038;443049.3600000000;4478450.3100000000;06/09/22;5 Chamartín;54 Hispanoamérica;URUGUAY, CALLE, DE;18;Carga y descarga 360;Línea;3;15;Laborables de 7:00 a 22:00 MÁXIMO 45 MINUTOS;-3.6716585420;40.4547656090
0504039;441559.2600000000;4478456.7400000000;06/09/22;5 Chamartín;54 Hispanoamérica;DOCTOR FLEMING, CALLE, DEL;1;Carga y descarga 360;Línea;3;8;Laborables de 08:00 a 14:00 y de 16:30 a 19:00 En línea MÁXIMO 45 MINUTOS;-3.6892317870;40.4547204030
0504040;442517.6300000000;4478762.2400000000;09/04/24;5 Chamartín;54 Hispanoamérica;BOLIVIA, CALLE, DE;22;Carga y descarga 360;Línea;6;30;lab. de 7 a 21 h. MAXIMO 45 MINUTOS;-3.6779575820;40.4575393550
0504041;442807.1300000000;4478486.7300000000;19/12/24;5 Chamartín;54 Hispanoamérica;URUGUAY, CALLE, DE;6;Carga y descarga 360;Línea;2;10;lab. de 08:00 a 14:00 h y de 16:30 a 19:00 h.MÁXIMO 45 MINUTOS;-3.6745185180;40.4550771260
0505001;442136.6800000000;4479555.7900000000;07/09/22;5 Chamartín;55 Nueva España;FRANCISCO SUAREZ, CALLE, DE;16;Carga y descarga 360;Línea;3;15;Laborables de 08:00 a 14:00 y de 16:30 a 19:00 EN LINEA  MÁXIMO 45 MINUTOS;-3.6825225090;40.4646610490
0505002;441591.9700000000;4479248.5000000000;07/09/22;5 Chamartín;55 Nueva España;CARLOS MAURRAS, CALLE, DE;2;Carga y descarga 360;Línea;4;13;Laborables de 09:00 a 14:00 y de 16:30 a 20:00 EN LINEA MÁXIMO 45 MINUTOS;-3.6889189530;40.4618548160
0505003;441637.9100000000;4479244.6000000000;07/09/22;5 Chamartín;55 Nueva España;CARLOS MAURRAS, CALLE, DE;2;Carga y descarga 360;Línea;5;13;Laborables de 09:00 a 14:00 y de 16:30 a 20:00 EN LINEA  MÁXIMO 45 MINUTOS;-3.6883767050;40.4618229020
0505004;442715.1200000000;4478996.1800000000;08/09/22;5 Chamartín;55 Nueva España;CHILE, CALLE, DE;25;Carga y descarga 360;Línea;2;12,8;Laborables de 08:00 a 14:00 y de 16:30 a 19:00 MÁXIMO 45 MINUTOS;-3.6756495360;40.4596603300
0505005;442568.0400000000;4479119.0900000000;07/09/22;5 Chamartín;55 Nueva España;TRIANA, CALLE, DE;3;Carga y descarga 360;Línea;2;13,9;Laborables de 08:00 a 14:00  ;-3.6773951670;40.4607568000
0505006;442566.2800000000;4479065.2100000000;08/09/22;5 Chamartín;55 Nueva España;ALFONSO XIII, AVENIDA, DE;151;Carga y descarga 360;Línea;4;20;Laborables de 08:00 a 14:00 y de 16:30 a 19:00 MÁXIMO 45 MINUTOS ;-3.6774112100;40.4602719050
0505007;442710.9900000000;4479067.0800000000;08/09/22;5 Chamartín;55 Nueva España;ALFONSO XIII, AVENIDA, DE;145;Carga y descarga 360;Línea;2;13,6;Laborables de 08:00 a 14:00 y de 16:30 a 19:00 MÁXIMO 45 MINUTOS;-3.6757045980;40.4602983190
0505008;443154.6300000000;4479056.1300000000;08/09/22;5 Chamartín;55 Nueva España;ALFONSO XIII, AVENIDA, DE;152;Carga y descarga 360;Línea;1;7,3;Laborables de 08:00 a 14:00 y de 16:30 a 19:00 MÁXIMO 45 MINUTOS;-3.6704714880;40.4602306520
0505009;443197.5600000000;4479298.2200000000;08/09/22;5 Chamartín;55 Nueva España;SANTA MARIA MAGDALENA, CALLE, DE;14;Carga y descarga 360;Línea;3;15;Laborables de 08:00 a 14:00 y de 16:30 a 19:00 MÁXIMO 45 MINUTOS;-3.6699867650;40.4624139080
0505010;442446.2500000000;4478900.2500000000;05/10/22;5 Chamartín;55 Nueva España;ALBERTO ALCOCER, AVENIDA, DE;47;Carga y descarga 360;Línea;9;47,9;PermitidoDía Laborables de 10:00 a 13:00  y de 16:00 a 18:00 MÁXIMO 45 MINUTOS;-3.6788118620;40.4587769440
0505011;442540.0400000000;4478915.4900000000;08/09/22;5 Chamartín;55 Nueva España;BOLIVIA, CALLE, DE;32;Carga y descarga 360;Línea;2;10,1;Laborables de 08:00 a 14:00 y de 16:30 a 19:00 MÁXIMO 45 MINUTOS;-3.6777070280;40.4589209850
0505012;442600.9300000000;4478910.4100000000;08/09/22;5 Chamartín;55 Nueva España;REPUBLICA DOMINICANA, PLAZA, DE LA;4;Carga y descarga 360;Línea;3;17;Laborables de 08:00 a 14:00 y de 16:30 a 19:00 MÁXIMO 45 MINUTOS;-3.6769884820;40.4588795610
0505013;442926.9600000000;4478877.5900000000;09/09/22;5 Chamartín;55 Nueva España;COSTA RICA, CALLE, DE;15;Carga y descarga 360;Línea;3;15;Laborables de 08:00 a 14:00 y de 16:30 a 19:00 MÁXIMO 45 MINUTOS ;-3.6731404970;40.4586064890
0505014;441883.8000000000;4479128.8100000000;08/09/22;5 Chamartín;55 Nueva España;PADRE DAMIAN, CALLE, DEL;37;Carga y descarga 360;Línea;3;15,1;Laborables de 08:00 a 14:00 y de 16:30 a 19:00 MÁXIMO 45 MINUTOS;-3.6854661370;40.4607969070
0505015;441626.2400000000;4479261.5100000000;09/09/22;5 Chamartín;55 Nueva España;CARLOS MAURRAS, CALLE, DE;3;Carga y descarga 360;Línea;5;19,7;Lab. Lunes a viernes de 08:00 a 14:00 y de 16:30 a 19:00 sabados de 08:00 a 15:00 EN LINEA MÁXIMO 45 MINUTOS ;-3.6885159340;40.4619745070
0505016;441558.6800000000;4479072.4900000000;15/09/23;5 Chamartín;55 Nueva España;CASTELLANA, PASEO, DE LA;174;Carga y descarga 360;Línea;1;8,5;Laborables de 08:00 a 14:00 y de 16:30 a 19:00 MÁXIMO 45 MINUTOS ;-3.6892952140;40.4602668630
0505017;441743.8900000000;4479352.3200000000;09/09/22;5 Chamartín;55 Nueva España;JUAN RAMON JIMENEZ, CALLE, DE;45;Carga y descarga 360;Batería;4;12;Laborables de 08:00 a 14:00 y de 16:30 a 19:00 MÁXIMO 45 MINUTOS ;-3.6871367670;40.4628012280
0505018;442284.8200000000;4479103.4400000000;10/09/22;5 Chamartín;55 Nueva España;LA HABANA, PASEO, DE;176;Carga y descarga 360;Línea;2;12;Laborables de 08:00 a 14:00 MÁXIMO 45 MINUTOS ;-3.6807341360;40.4605967720
0505019;441903.2800000000;4479515.9300000000;10/09/22;5 Chamartín;55 Nueva España;GENERAL LOPEZ POZAS, CALLE, DEL;8;Carga y descarga 360;Línea;2;12;Laborables de 08:00 a 14:00 y de 16:30 a 19:00 MÁXIMO 45 MINUTOS ;-3.6852717900;40.4642854750
0505020;441673.6700000000;4479128.9900000000;10/09/22;5 Chamartín;55 Nueva España;DOCTOR FLEMING, CALLE, DEL;29;Carga y descarga 360;Línea;2;9;Laborables de 08:00 a 14:00 y de 16:30 a 19:00 y domingos de 09:00 a 12:00 MÁXIMO 45 MINUTOS ;-3.6879443510;40.4607836710
0505021;442397.9200000000;4479615.1600000000;10/09/22;5 Chamartín;55 Nueva España;LA HABANA, PASEO, DE;206;Carga y descarga 360;Línea;2;10;lab.de lunes a viernes  de 8 a 14.30 MÁXIMO 45 MINUTOS;-3.6794466420;40.4652144680
0505022;442335.2000000000;4479454.8500000000;13/09/23;5 Chamartín;55 Nueva España;APOLONIO MORALES, CALLE, DE;12;Carga y descarga 360;Línea;3;15;lab. de 8 a 14 h. y de 16,30 a 19 h. Excepto carga y descarga MÁXIMO 45 MINUTOS;-3.6801719500;40.4637657450
0505023;441638.8300000000;4479090.4700000000;19/12/24;5 Chamartín;55 Nueva España;JUAN HURTADO DE MENDOZA, CALLE, DE;6;Carga y descarga 360;Línea;1;5;LAB. DE 08:00 A 14:00 H. MÁXIMO 45 MINUTOS;-3.6883517240;40.4604342820
0505024;441585.7700000000;4479398.1300000000;23/04/25;5 Chamartín;55 Nueva España;CASTELLANA, PASEO, DE LA;210;Carga y descarga 360;Línea;3;15;Lab de 08:0 a 14:30 H. MÁXIMO 45 MINUTOS;-3.6890058130;40.4632026420
0506001;441853.6000000000;4480619.8100000000;14/09/22;5 Chamartín;56 Castilla;PADRE FRANCISCO PALAU Y QUER, CALLE, DEL;5;Carga y descarga 360;Línea;2;11,1;Laborables de 08:00 a 14:00 y de 16:30 a 19:00 MÁXIMO 45 MINUTOS ;-3.6859589380;40.4742269230
0506002;442711.8600000000;4480574.3700000000;12/09/22;5 Chamartín;56 Castilla;BURGOS, AVENIDA, DE;12;Carga y descarga 360;Línea;4;21,7;Laborables de 08:00 a 14:00 y de 16:30 a 19:00 MÁXIMO 45 MINUTOS;-3.6758303620;40.4738770750
0506003;441880.9400000000;4480068.4000000000;14/09/22;5 Chamartín;56 Castilla;ESTEBAN TERRADAS, CALLE, DE;3;Carga y descarga 360;Línea;4;20,1;Laborables de 08:00 a 14:00 y de 16:30 a 19:00 MÁXIMO 45 MINUTOS  ;-3.6855858280;40.4692610400
0506004;441761.7400000000;4480033.1900000000;13/09/22;5 Chamartín;56 Castilla;MAURICIO LEGENDRE, CALLE, DE;1;Carga y descarga 360;Línea;3;14,5;Laborables de 08:00 a 14:00 y de 16:30 a 19:00 MÁXIMO 45 MINUTOS ;-3.6869886000;40.4689354860
0506006;441890.5400000000;4479981.4700000000;13/09/22;5 Chamartín;56 Castilla;NUÑEZ MORGADO, CALLE, DE;9;Carga y descarga 360;Línea;4;20,1;Laborables de 08:00 a 14:00 y de 16:30 a 19:00 MÁXIMO 45 MINUTOS ;-3.6854646470;40.4684786660
0506007;441808.0800000000;4480244.3400000000;12/09/22;5 Chamartín;56 Castilla;MAURICIO LEGENDRE, CALLE, DE;17;Carga y descarga 360;Línea;3;15;Laborables de 08:00 a 14:00 y de 16:30 a 19:00 MÁXIMO 45 MINUTOS ;-3.6864613070;40.4708410860
0506008;441809.3000000000;4480116.5700000000;13/09/22;5 Chamartín;56 Castilla;MAURICIO LEGENDRE, CALLE, DE;2;Carga y descarga 360;Línea;4;20;Laborables de 08:00 a 14:00 y de 16:30 a 19:00 MÁXIMO 45 MINUTOS;-3.6864352380;40.4696901280
0506009;441878.6400000000;4480140.1800000000;12/09/22;5 Chamartín;56 Castilla;AGUSTIN DE FOXA, CALLE, DE;26;Carga y descarga 360;Línea;2;10;Laborables de 08:00 a 14:00 y de 16:30 a 19:00 MÁXIMO 45 MINUTOS ;-3.6856196320;40.4699076230
0506010;441886.9900000000;4480182.7300000000;12/09/22;5 Chamartín;56 Castilla;AGUSTIN DE FOXA, CALLE, DE;30;Carga y descarga 360;Línea;2;13,1;Laborables de 08:00 a 14:00 y de 16:30 a 19:00 MÁXIMO 45 MINUTOS ;-3.6855250370;40.4702918490
0506013;441678.8800000000;4479919.1100000000;14/09/22;5 Chamartín;56 Castilla;AGUSTIN DE FOXA, CALLE, DE;5;Carga y descarga 360;Línea;3;15,1;Laborables de 08:00 a 14:00 y de 16:30 a 19:00 MÁXIMO 45 MINUTOS ;-3.6879554670;40.4679020420
0506014;443009.1700000000;4479896.8800000000;13/09/22;5 Chamartín;56 Castilla;JOSE BARDASANO BAOS, CALLE, DE;6;Carga y descarga 360;Línea;6;30,5;Laborables de 08:00 a 14:00 y de 16:30 a 19:00 MÁXIMO 45 MINUTOS ;-3.6722625540;40.4677938100
0506015;443095.4800000000;4479779.0000000000;12/09/22;5 Chamartín;56 Castilla;CARDENAL MARCELO SPINOLA, CALLE, DEL;4;Carga y descarga 360;Batería;5;13,6;Laborables de 08:00 a 14:00 y de 16:30 a 19:00 MÁXIMO 45 MINUTOS  ;-3.6712338650;40.4667377910
0506016;443212.8100000000;4479830.3000000000;12/09/22;5 Chamartín;56 Castilla;CARDENAL MARCELO SPINOLA, CALLE, DEL;10;Carga y descarga 360;Batería;5;16,3;Laborables de 08:00 a 14:00 y de 16:30 a 19:00 MÁXIMO 45 MINUTOS  ;-3.6698544690;40.4672085910
0506017;441869.6400000000;4480874.2700000000;12/09/22;5 Chamartín;56 Castilla;MANUEL CALDEIRO, CALLE, DE;1;Carga y descarga 360;Línea;5;13,5;Laborables de 08:00 a 17:00 EN LINEA MAXÍMO 45 MINUTOS;-3.6857931240;40.4765203580
0506018;441681.6500000000;4480039.3500000000;13/09/22;5 Chamartín;56 Castilla;CARMEN SANCHEZ CARRASCOSA, CALLE, DE;5;Carga y descarga 360;Línea;2;10,9;Laborables de 08:00 a 14:00 y de 16:30 a 19:00 MÁXIMO 45 MINUTOS ;-3.6879338660;40.4689851040
0506019;441938.0700000000;4481119.1000000000;12/09/22;5 Chamartín;56 Castilla;ANDRES MANJON, PLAZA, DE;7;Carga y descarga 360;Línea;3;18,1;Laborables de 08:00 a 14:00 y de 16:30 a 19:00 MÁXIMO 45 MINUTOS ;-3.6850081140;40.4787304280
0506020;441775.8900000000;4480099.4600000000;12/09/22;5 Chamartín;56 Castilla;MAURICIO LEGENDRE, CALLE, DE;9;Carga y descarga 360;Línea;4;20,9;Laborables de 08:00 a 14:00 y de 16:30 a 19:00 MÁXIMO 45 MINUTOS ;-3.6868278280;40.4695338250
0506021;442833.0400000000;4480362.2600000000;02/04/24;5 Chamartín;56 Castilla;PIO XII, AVENIDA, DE;94 E;Carga y descarga 360;Línea;2;10;Lab. de 08:00 a 14:30 h. MAXIMO 45 MINUTOS;-3.6743820390;40.4719740530
0506022;441918.0800000000;4481059.7900000000;09/01/26;5 Chamartín;56 Castilla;ANDRES MANJON, PLAZA, DE;5;Carga y descarga 360;Línea;2;10;LAB. DE LUNES A SÁBADOS DE 08:00 A 14:30 H. MÁXIMO 45 MINUTOS;-3.6852384440;40.4781950570
0506023;441811.8500000000;4480431.0500000000;19/01/26;5 Chamartín;56 Castilla;MAURICIO RAVEL, CALLE, DE;6;Carga y descarga 360;Línea;1;7;LAB. DE 08:00 A 14:00 H. Y DE 16:30 A 19:00 H. MÁXIMO 45 MINUTOS;-3.6864340350;40.4725233470
0506024;442517.9200000000;4479886.9200000000;24/03/26;5 Chamartín;56 Castilla;PLATERIAS, CALLE, DE LAS;7;Carga y descarga 360;Batería;3;9,5;LAB DE 08:00 A 17:00 MÁXIMO 45 MINUTOS;-3.6780560160;40.4676707390
0601001;439856.5300000000;4478197.9100000000;10/10/25;6 Tetuán;61 Bellas Vistas;JERONIMA LLORENTE, CALLE, DE;78;Carga y descarga 360;Línea;7;17,7;Laborables de 09:00 a 14:00 y de 16:30 a 20:00 EN LINEA MÁXIMO 45 MINUTOS;-3.7092872580;40.4522665960
0601002;439838.0000000000;4478083.5700000000;05/09/22;6 Tetuán;61 Bellas Vistas;DOCTOR FEDERICO RUBIO Y GALI, AVENIDA, DEL;33;Carga y descarga 360;Línea;3;15;Laborables de 08:00 a 14:00 y de 16:30 a 19:00 MÁXIMO 45 MINUTOS ;-3.7094948980;40.4512356730
0601003;440061.5900000000;4478469.0800000000;06/09/22;6 Tetuán;61 Bellas Vistas;JERONIMA LLORENTE, CALLE, DE;34;Carga y descarga 360;Línea;3;16,8;Laborables de 08:00 a 14:00 y de 16:30 a 19:00 MÁXIMO 45 MINUTOS ;-3.7068947010;40.4547242420
0601004;440184.2800000000;4478290.8000000000;27/01/26;6 Tetuán;61 Bellas Vistas;CASTILLA, CALLE, DE;34;Carga y descarga 360;Línea;4;10,1;Laborables de 08:00 a 14:00 y de 16:30 a 19:00 MÁXIMO 45 MINUTOS;-3.7054310810;40.4531274080
0601005;440263.4900000000;4478032.1000000000;06/02/24;6 Tetuán;61 Bellas Vistas;TOPETE, CALLE, DEL;28;Carga y descarga 360;Línea;3;16,3;lab. de 08:00 a 14:00 y 16:30 a 19:00 h. excepto Carga y Descarga MÁXIMO 45 MINUTOS;-3.7044726940;40.4508022310
0601006;440349.4100000000;4478203.3400000000;05/09/22;6 Tetuán;61 Bellas Vistas;SANTA JULIANA, CALLE, DE;1;Carga y descarga 360;Línea;2;13,5;Laborables de 09:00 a 20:00 MÁXIMO 45 MINUTOS ;-3.7034755180;40.4523513370
0601007;440340.0700000000;4478157.3000000000;07/09/22;6 Tetuán;61 Bellas Vistas;SAN RAIMUNDO, CALLE, DE;2;Carga y descarga 360;Línea;3;19,2;Laborables de 08:00 a 14:00 y de 16:30 a 19:00 MÁXIMO 45 MINUTOS ;-3.7035813440;40.4519358850
0601008;440358.2800000000;4478258.6900000000;27/01/26;6 Tetuán;61 Bellas Vistas;CASTILLA, CALLE, DE;1;Carga y descarga 360;Línea;2;12,5;Laborables de 09:00 a 14:00 y de 16:30 a 20:00 MÁXIMO 45 MINUTOS;-3.7033761670;40.4528507270
0601009;440005.5200000000;4478137.3800000000;05/09/22;6 Tetuán;61 Bellas Vistas;SAN RAIMUNDO, CALLE, DE;50;Carga y descarga 360;Línea;3;15;Laborables de 08:00 a 14:00 y de 16:30 a 19:00 MÁXIMO 45 MINUTOS ;-3.7075245540;40.4517321410
0601010;440314.8500000000;4477940.1200000000;05/09/22;6 Tetuán;61 Bellas Vistas;JUAN PANTOJA, CALLE, DE;1;Carga y descarga 360;Línea;4;20,5;Laborables de 08:00 a 14:00 y de 16:30 a 19:00 MÁXIMO 45 MINUTOS ;-3.7038583690;40.4499780880
0601011;440062.2900000000;4477679.6500000000;05/09/22;6 Tetuán;61 Bellas Vistas;DOCTOR SANTERO, CALLE, DEL;31;Carga y descarga 360;Línea;3;15,9;Laborables de 08:00 a 14:00 y de 16:30 a 19:00 MÁXIMO 45 MINUTOS ;-3.7068119090;40.4476134340
0601012;440309.4300000000;4477884.9300000000;06/09/22;6 Tetuán;61 Bellas Vistas;CARNICER, CALLE, DE;2;Carga y descarga 360;Línea;3;15;Laborables de 08:00 a 14:00 h y de 16:00 a 19:00 MÁXIMO 45 MINUTOS;-3.7039170970;40.4494800160
0601013;440084.1300000000;4477746.3300000000;07/09/22;6 Tetuán;61 Bellas Vistas;ADELA BALBOA, CALLE, DE;6;Carga y descarga 360;Línea;2;11;Laborables de 08:00 a 14:00 y de 16:30 a 19:00 MÁXIMO 45 MINUTOS;-3.7065606670;40.4482150970
0601014;440012.8400000000;4477847.8700000000;05/09/22;6 Tetuán;61 Bellas Vistas;CASTILLO PIÑEIRO, CALLE, DE;5;Carga y descarga 360;Línea;3;15;Laborables de 08:00 a 14:00 MÁXIMO 45 MINUTOS ;-3.7074108790;40.4491245530
0601015;440076.1700000000;4478553.7100000000;07/09/22;6 Tetuán;61 Bellas Vistas;PAMPLONA, CALLE, DE;43;Carga y descarga 360;Línea;4;10;Laborables de 08:00 a 14:00 EN LINEA MÁXIMO 45 MINUTOS;-3.7067307210;40.4554875930
0601016;440054.4900000000;4478311.9800000000;07/09/22;6 Tetuán;61 Bellas Vistas;CASTILLA, CALLE, DE;54;Carga y descarga 360;Línea;5;12;Laborables de 08:00 a 17:00 EN LINEA MÁXIMO 45 MINUTOS;-3.7069635710;40.4533085770
0601017;439972.4700000000;4478265.7300000000;07/09/22;6 Tetuán;61 Bellas Vistas;LEÑEROS, CALLE, DE LOS;6 B;Carga y descarga 360;Línea;2;12;Laborables de 08:00 a 19:00 MÁXIMO 45 MINUTOS;-3.7079264260;40.4528866510
0601018;440148.9100000000;4477680.5600000000;07/09/22;6 Tetuán;61 Bellas Vistas;DOCTOR SANTERO, CALLE, DEL;17;Carga y descarga 360;Línea;2;11,9;Laborables de 08:00 a 14:00 MÁXIMO 45 MINUTOS;-3.7057905540;40.4476271280
0601019;440130.1500000000;4478079.3400000000;08/09/22;6 Tetuán;61 Bellas Vistas;CAROLINAS, CALLE, DE LAS;26;Carga y descarga 360;Línea;2;14,1;Laborables de 08:00 a 14:00 y de 16:30 a 19:00 MÁXIMO 45 MINUTOS;-3.7060494170;40.4512183700
0601020;440272.2700000000;4478108.4200000000;08/09/22;6 Tetuán;61 Bellas Vistas;TOPETE, CALLE, DEL;38;Carga y descarga 360;Línea;2;9,7;Laborables de 08:00 a 14:00 y de 16:30 a 19:00 MÁXIMO 45 MINUTOS;-3.7043762650;40.4514910980
0601021;440338.4600000000;4478333.3500000000;06/09/22;6 Tetuán;61 Bellas Vistas;NAVARRA, CALLE, DE;7;Carga y descarga 360;Línea;4;21,1;Laborables de 08:00 a 14:00 y de 16:30 a 19:00 MÁXIMO 45 MINUTOS ;-3.7036168670;40.4535218320
0601022;440246.1600000000;4477681.5500000000;06/09/22;6 Tetuán;61 Bellas Vistas;DOCTOR SANTERO, CALLE, DEL;3;Carga y descarga 360;Línea;7;38,3;Laborables de 08:00 a 14:00 y de 16:30 a 19:00 MÁXIMO 45 MINUTOS ;-3.7046440660;40.4476438010
0601023;440201.6600000000;4477809.3200000000;08/09/22;6 Tetuán;61 Bellas Vistas;ALMANSA, CALLE, DE;24;Carga y descarga 360;Batería;2;5;Laborables de 08:00 a 14:00 y de 16:30 a 19:00 MÁXIMO 45 MINUTOS;-3.7051806980;40.4487913780
0602001;440487.3800000000;4478638.6400000000;13/09/22;6 Tetuán;62 Cuatro Caminos;SAN ENRIQUE, CALLE, DE;2;Carga y descarga 360;Línea;3;15;Laborables de 09:00 a 20:00 MÁXIMO 45 MINUTOS ;-3.7018892850;40.4562828590
0602002;440587.4400000000;4478539.0800000000;13/09/22;6 Tetuán;62 Cuatro Caminos;LA CORUÑA, CALLE, DE;13;Carga y descarga 360;Línea;1;8,1;Laborables de 08:00 a 14:00 y de 16:30 a 19:00 MÁXIMO 45 MINUTOS;-3.7006999390;40.4553931120
0602003;440441.2300000000;4478492.7600000000;14/09/22;6 Tetuán;62 Cuatro Caminos;MANUEL LUNA, CALLE, DE;1;Carga y descarga 360;Línea;3;15;Laborables de 08:00 a 14:00 y de 16:30 a 19:00 MÁXIMO 45 MINUTOS ;-3.7024197860;40.4549653420
0602004;440688.1500000000;4478714.9600000000;14/09/22;6 Tetuán;62 Cuatro Caminos;SAN GERMÁN, CALLE, DE;43;Carga y descarga 360;Línea;3;15;Laborables de 08:00 a 14:00 y de 16:30 a 19:00 MÁXIMO 45 MINUTOS ;-3.6995288130;40.4569845030
0602005;440416.2800000000;4478324.3400000000;14/09/22;6 Tetuán;62 Cuatro Caminos;JUAN DE OLIAS, CALLE, DE;2;Carga y descarga 360;Línea;2;13,5;Laborables de 09:00 a 20:00 máximo 45 minutos ;-3.7026982440;40.4534464310
0602006;440432.5300000000;4478438.0400000000;16/09/22;6 Tetuán;62 Cuatro Caminos;MERCEDES, CALLE, DE LAS;2;Carga y descarga 360;Línea;2;10,9;Laborables de 08:00 a 14:00 y de 16:30 a 19:00 MÁXIMO 45 MINUTOS  ;-3.7025172460;40.4544712230
0602007;440521.7400000000;4478240.4100000000;19/09/22;6 Tetuán;62 Cuatro Caminos;AVILA, CALLE, DE;6;Carga y descarga 360;Línea;4;19,5;Laborables de 09:00 a 13:00 y de 16:00 a 20:00 MÁXIMO 45 MINUTOS ;-3.7014468470;40.4526981480
0602008;440395.5700000000;4478138.6200000000;16/09/22;6 Tetuán;62 Cuatro Caminos;TERUEL, CALLE, DE;1;Carga y descarga 360;Línea;3;15;Laborables de 09:00 a 14:00 y de 16:30 a 20:00 MÁXIMO 45 MINUTOS ;-3.7029251350;40.4517718470
0602009;441032.1600000000;4478349.2400000000;16/09/22;6 Tetuán;62 Cuatro Caminos;JULIÁN BESTEIRO, CALLE, DE;8;Carga y descarga 360;Línea;4;19,9;Laborables de 09:00 a 20:00 MÁXIMO 45 MINUTOS ;-3.6954377230;40.4537145180
0602010;441069.9900000000;4478091.7100000000;14/09/22;6 Tetuán;62 Cuatro Caminos;ORENSE, CALLE, DE;24;Carga y descarga 360;Línea;2;13,6;Laborables de 08:00 a 14:00 y de 16:30 a 19:00 MÁXIMO 45 MINUTOS  ;-3.6949678400;40.4513975340
0602011;441062.9000000000;4478003.1700000000;15/09/22;6 Tetuán;62 Cuatro Caminos;ORENSE, CALLE, DE;21;Carga y descarga 360;Línea;3;19,7;Laborables de 08:00 a 14:00 y de 16:30 a 19:00 MÁXIMO 45 MINUTOS  ;-3.6950431270;40.4505986590
0602012;440772.7100000000;4478044.0600000000;15/09/22;6 Tetuán;62 Cuatro Caminos;REINA MERCEDES, CALLE, DE LA;14;Carga y descarga 360;Línea;1;7,1;Laborables de 08:00 a 14:00 y de 16:30 a 19:00 MÁXIMO 45 MINUTOS  ;-3.6984689560;40.4509469600
0602013;440642.2000000000;4478300.0300000000;11/04/25;6 Tetuán;62 Cuatro Caminos;JUAN DE OLIAS, CALLE, DE;28;Carga y descarga 360;Línea;2;13,3;Laborables de 09:00 a 20:00 MÁXIMO 45 MINUTOS;-3.7000319270;40.4532436610
0602014;440737.1100000000;4478450.6200000000;15/09/22;6 Tetuán;62 Cuatro Caminos;INFANTA MERCEDES, CALLE, DE LA;29;Carga y descarga 360;Línea;3;15;Laborables de 08:00 a 14:00 y de 16:30 a 19:00 MÁXIMO 45 MINUTOS  ;-3.6989266340;40.4546068420
0602015;440754.4200000000;4478329.4500000000;15/09/22;6 Tetuán;62 Cuatro Caminos;FORTUNATA Y JACINTA, CALLE, DE;3;Carga y descarga 360;Línea;2;13;Laborables de 08:00 a 14:00 y de 16:30 a 19:00 MÁXIMO 45 MINUTOS  ;-3.6987112600;40.4535166760
0602016;441405.4400000000;4478331.6200000000;17/06/26;6 Tetuán;62 Cuatro Caminos;CASTELLANA, PASEO, DE LA;101;Carga y descarga 360;Línea;4;20,8;Laborables de 08:00 a 14:00 y de 16:30 a 19:00 MÁXIMO 45 MINUTOS;-3.6910341980;40.4535821070
0602017;440368.4300000000;4477939.7700000000;15/09/22;6 Tetuán;62 Cuatro Caminos;PALENCIA, CALLE, DE;1;Carga y descarga 360;Línea;2;13,4;Laborables de 08:00 a 14:00 y de 16:30 a 19:00 MÁXIMO 45 MINUTOS  ;-3.7032264540;40.4499782600
0602018;440436.8300000000;4477749.3100000000;19/09/22;6 Tetuán;62 Cuatro Caminos;HERNANI, CALLE, DE;18;Carga y descarga 360;Batería;4;12,6;Laborables de 08:00 a 14:00 y de 16:30 a 19:00 MÁXIMO 45 MINUTOS  ;-3.7024019670;40.4482672360
0602019;440372.6100000000;4477645.8900000000;14/09/22;6 Tetuán;62 Cuatro Caminos;ARTISTAS, CALLE, DE LOS;3;Carga y descarga 360;Línea;2;13,8;Laborables de 08:00 a 14:00 y de 16:30 a 19:00 MÁXIMO 45 MINUTOS ;-3.7031495630;40.4473313100
0602020;440547.6000000000;4477655.5000000000;15/09/22;6 Tetuán;62 Cuatro Caminos;ARTISTAS, CALLE, DE LOS;26;Carga y descarga 360;Línea;3;16,6;Laborables de 08:00 a 14:00 y de 16:30 a 19:00 MÁXIMO 45 MINUTOS ;-3.7010870860;40.4474303740
0602021;440372.7200000000;4477754.2100000000;19/09/22;6 Tetuán;62 Cuatro Caminos;HERNANI, CALLE, DE;6;Carga y descarga 360;Línea;3;14,5;Laborables de 08:00 a 14:00 y de 16:30 a 19:00 MÁXIMO 45 MINUTOS  ;-3.7031585010;40.4483066560
0602022;440553.5200000000;4477743.3200000000;19/09/22;6 Tetuán;62 Cuatro Caminos;HERNANI, CALLE, DE;32;Carga y descarga 360;Línea;1;7,6;Laborables de 08:00 a 14:00 y de 16:30 a 19:00 MÁXIMO 45 MINUTOS  ;-3.7010255510;40.4482216860
0602023;440538.7600000000;4477917.3900000000;12/09/22;6 Tetuán;62 Cuatro Caminos;PALENCIA, CALLE, DE;31;Carga y descarga 360;Línea;4;13,9;Laborables de 08:00 a 14:00 y de 16:30 a 19:00 EN LINEA MÁXIMO 45 MINUTOS ;-3.7012158870;40.4497892990
0602024;440762.9500000000;4477597.6600000000;19/09/22;6 Tetuán;62 Cuatro Caminos;AVIADOR ZORITA, CALLE, DEL;2;Carga y descarga 360;Línea;5;26,4;Laborables de 08:00 a 20:00 MÁXIMO 45 MINUTOS ;-3.6985424090;40.4469246820
0602025;440879.0500000000;4477588.0400000000;19/09/22;6 Tetuán;62 Cuatro Caminos;EDGAR NEVILLE, CALLE, DE;1;Carga y descarga 360;Línea;5;26;Laborables de 08:00 a 14:00 y de 16:30 a 19:00 MÁXIMO 45 MINUTOS  ;-3.6971723520;40.4468463010
0602026;440467.6300000000;4478574.2700000000;14/09/22;6 Tetuán;62 Cuatro Caminos;LA CORUÑA, CALLE, DE;1;Carga y descarga 360;Línea;3;18;Laborables de 08:00 a 14:00 y de 16:30 a 19:00 MÁXIMO 45 MINUTOS ;-3.7021162330;40.4557013060
0602027;440935.6400000000;4478127.8300000000;12/09/22;6 Tetuán;62 Cuatro Caminos;EDGAR NEVILLE, CALLE, DE;30;Carga y descarga 360;Línea;3;15;Laborables de 08:00 a 17:00 MÁXIMO 45 MINUTOS ;-3.6965553910;40.4517132910
0602028;440625.2700000000;4478583.4700000000;12/09/22;6 Tetuán;62 Cuatro Caminos;LERIDA, CALLE, DE;47;Carga y descarga 360;Batería;6;16;Laborables de 08:00 a 14:00 y de 16:30 a 19:00 MÁXIMO 45 MINUTOS;-3.7002580160;40.4557954430
0602029;440721.0800000000;4477735.3400000000;20/09/22;6 Tetuán;62 Cuatro Caminos;HERNANI, CALLE, DE;48;Carga y descarga 360;Línea;2;11,5;Laborables de 08:00 a 14:00 y de 16:30 a 19:00 MÁXIMO 45 MINUTOS ;-3.6990489040;40.4481619840
0602030;441008.7100000000;4477605.0600000000;20/09/22;6 Tetuán;62 Cuatro Caminos;ORENSE, CALLE, DE;3;Carga y descarga 360;Línea;3;14,5;Laborables de 08:00 a 14:00 y de 16:30 a 19:00 MÁXIMO 45 MINUTOS ;-3.6956451910;40.4470088490
0602031;441211.0700000000;4478452.0300000000;12/09/22;6 Tetuán;62 Cuatro Caminos;BRASIL, AVENIDA, DE;10;Carga y descarga 360;Línea;6;15,1;Laborables de 07:00 a 17:00 EN LINEA MÁXIMO 45 MINUTOS;-3.6933374310;40.4546533670
0602032;440687.1500000000;4477653.0600000000;20/09/22;6 Tetuán;62 Cuatro Caminos;ARTISTAS, CALLE, DE LOS;40;Carga y descarga 360;Línea;2;14,7;Laborables de 08:00 a 14:00 y de 16:30 a 19:00 MÁXIMO 45 MINUTOS ;-3.6994413800;40.4474181130
0602033;440392.6800000000;4477935.8700000000;20/09/22;6 Tetuán;62 Cuatro Caminos;PALENCIA, CALLE, DE;7;Carga y descarga 360;Línea;2;10,9;Laborables de 08:00 a 14:00 y de 16:30 a 19:00 MÁXIMO 45 MINUTOS ;-3.7029400890;40.4499450290
0602034;441103.7400000000;4478072.5900000000;07/10/22;6 Tetuán;62 Cuatro Caminos;CARLOS TRIAS BERTRAN, PLAZA, DE;2;Carga y descarga 360;Línea;4;20;Sin tramo horario EN LINEA MÁXIMO 45 MINUTOS;-3.6945679150;40.4512275950
0602035;441360.0600000000;4477775.2600000000;20/09/22;6 Tetuán;62 Cuatro Caminos;CASTELLANA, PASEO, DE LA;85;Carga y descarga 360;Línea;4;21,3;Laborables de 08:00 a 14:00 y de 16:30 a 19:00 MÁXIMO 45 MINUTOS  ;-3.6915178890;40.4485668930
0602036;441375.1200000000;4477959.8200000000;20/09/22;6 Tetuán;62 Cuatro Caminos;CASTELLANA, PASEO, DE LA;89;Carga y descarga 360;Línea;4;19,9;lab de Lunes a viernes de 08:00 a 14:00 y de 16:30 a 19:00 sabados de 08:00 a 14:00 MÁXIMO 45 MINUTOS ;-3.6913574040;40.4502309350
0602037;440376.5700000000;4477997.1900000000;12/09/22;6 Tetuán;62 Cuatro Caminos;JAEN, CALLE, DE;2;Carga y descarga 360;Línea;3;15,6;Laborables de 09:00 a 14:00 y de 16:30 a 20:00 MÁXIMO 45 MINUTOS ;-3.7031358120;40.4504960420
0602038;441034.9100000000;4477678.5200000000;19/09/22;6 Tetuán;62 Cuatro Caminos;ORENSE, CALLE, DE;4;Carga y descarga 360;Línea;4;20;Laborables de 09:00 a 20:00 MÁXIMO 45 MINUTOS ;-3.6953430700;40.4476726210
0602039;440980.4100000000;4478421.6900000000;20/09/22;6 Tetuán;62 Cuatro Caminos;GENERAL CABRERA, CALLE, DEL;10;Carga y descarga 360;Línea;3;8,2;Laborables de lunes a viernes de 08:00 a 14:00 EN LINEA MAXIMO 45 MINUTOS;-3.6960548550;40.4543634500
0602040;440809.2800000000;4478185.8700000000;14/09/22;6 Tetuán;62 Cuatro Caminos;AVIADOR ZORITA, CALLE, DEL;50;Carga y descarga 360;Línea;3;18;Laborables de 08:00 a 14:00 y de 16:00 a 19:00 MÁXIMO 45 MINUTOS ;-3.6980509260;40.4522271770
0602041;440886.8500000000;4478513.9000000000;21/09/22;6 Tetuán;62 Cuatro Caminos;SAN AMARO, PLAZA, DE;1;Carga y descarga 360;Línea;3;7,6;Laborables de lunes a sábado de 8 a 14.30 h en línea MÁXIMO 45 MINUTOS;-3.6971666800;40.4551870200
0602042;440448.6300000000;4477851.5200000000;19/01/23;6 Tetuán;62 Cuatro Caminos;CONDESA DE GAVIA, PLAZA, DE LA;6;Carga y descarga 360;Batería;16;39,7;LABORABLES DE LUNES A VIERNES DE 6 A 20 H. SÁBADOS DE 6 A 16 H. TIEMPO MÁXIMO 45 MINUTOS;-3.7022724790;40.4491891830
0602043;440496.7000000000;4478242.9000000000;09/08/23;6 Tetuán;62 Cuatro Caminos;AVILA, CALLE, DE;4;Carga y descarga 360;Línea;2;10;lab. de lunes a sábado de 8 a 14,30 h. MAXIMO 45 MINUTOS;-3.7017423210;40.4527186600
0602044;440337.7900000000;4477706.9700000000;31/01/25;6 Tetuán;62 Cuatro Caminos;GUIPUZCOA, CALLE, DE;1;Carga y descarga 360;Línea;2;12;LAB. DE 08:00 A 14:00 H. Y DE 16:30 A 19:00 H. MÁXIMO 45 MINUTOS;-3.7035658160;40.4478793440
0603001;441270.1600000000;4479509.1100000000;10/09/22;6 Tetuán;63 Castillejos;INFANTA MERCEDES, CALLE, DE LA;100;Carga y descarga 360;Línea;3;16;Laborables de 08:00 a 14:00 y de 16:30 a 19:00 MÁXIMO 45 MINUTOS  ;-3.6927384040;40.4641802800
0603002;441026.8500000000;4479500.5500000000;14/09/22;6 Tetuán;63 Castillejos;OÑATE, CALLE, DE;2;Carga y descarga 360;Línea;2;10;Laborables de 08:00 a 14:00 y de 16:30 a 19:00 MÁXIMO 45 MINUTOS ;-3.6956073180;40.4640853980
0603003;440920.9300000000;4479351.1500000000;13/09/22;6 Tetuán;63 Castillejos;PEDRO VILLAR, CALLE, DE;1;Carga y descarga 360;Línea;2;11,7;Laborables de 09:00 a 20:00 MÁXIMO 45 MINUTOS ;-3.6968427870;40.4627319000
0603004;440913.4900000000;4479156.9800000000;12/09/22;6 Tetuán;63 Castillejos;GENERAL MARGALLO, CALLE, DEL;11;Carga y descarga 360;Línea;3;18,9;Laborables de 08:00 a 14:00 y de 16:30 a 19:00 MÁXIMO 45 MINUTOS ;-3.6969123440;40.4609828310
0603005;441122.3400000000;4479159.7200000000;12/09/22;6 Tetuán;63 Castillejos;FRANCISCO GERVAS, CALLE, DE;18;Carga y descarga 360;Línea;6;15;Laborables de 08:00 a 14:00 y de 16:30 a 19:00 EN LINEA MÁXIMO 45 MINUTOS;-3.6944495420;40.4610217930
0603006;441211.7100000000;4479299.9100000000;12/09/22;6 Tetuán;63 Castillejos;ROSARIO PINO, CALLE, DE;18;Carga y descarga 360;Línea;6;19;Laborables de 08:00 a 14:00 y de 16:30 a 19:00 EN LINEA MÁXIMO 45 MINUTOS ;-3.6934084210;40.4622908370
0603007;441376.7600000000;4479415.3200000000;12/09/22;6 Tetuán;63 Castillejos;POETA JOAN MARAGALL, CALLE, DEL;62;Carga y descarga 360;Línea;5;14;Laborables de 08:00 a 14:00 y de 16:30 a 19:00 EN LINEA MÁXIMO 45 MINUTOS ;-3.6914724540;40.4633426730
0603008;440669.5400000000;4478930.8000000000;03/10/22;6 Tetuán;63 Castillejos;FRANCISCO MEDRANO, CALLE, DE;1;Carga y descarga 360;Línea;1;8,8;Laborables de 08:00 a 14:00 y de 16:30 a 19:00 MÁXIMO 45 MINUTOS;-3.6997684240;40.4589275740
0603009;441294.9100000000;4478655.5200000000;12/09/22;6 Tetuán;63 Castillejos;POETA JOAN MARAGALL, CALLE, DEL;17;Carga y descarga 360;Línea;6;15,7;Laborables de 08:00 a 14:00 EN LINEA MÁXIMO 45 MINUTOS;-3.6923676430;40.4564921030
0603010;441433.9800000000;4478679.3600000000;12/09/22;6 Tetuán;63 Castillejos;CASTELLANA, PASEO, DE LA;113;Carga y descarga 360;Línea;3;15,9;Laborables de 08:00 a 14:00 y de 16:30 a 19:00 MÁXIMO 45 MINUTOS;-3.6907297860;40.4567168170
0603011;441471.5300000000;4479133.7100000000;12/09/22;6 Tetuán;63 Castillejos;CASTELLANA, PASEO, DE LA;151;Carga y descarga 360;Línea;3;7,92;Laborables de 08:00 a 14:00 y de 16:30 a 19:00 MÁXIMO 45 MINUTOS ;-3.6903287720;40.4608122050
0603012;441131.0800000000;4479051.7900000000;13/09/22;6 Tetuán;63 Castillejos;ORENSE, CALLE, DE;83;Carga y descarga 360;Línea;4;20,3;Laborables de 08:00 a 14:00 MÁXIMO 45 MINUTOS ;-3.6943363260;40.4600503430
0603013;441014.1900000000;4479120.2600000000;28/12/23;6 Tetuán;63 Castillejos;GENERAL MARGALLO, CALLE, DEL;23;Carga y descarga 360;Línea;1;6,5;lab. lunes a viernes de 16:30 a 20:00 h. excepto: CARGA Y DESCARGA MÁXIMO 45 MINUTOS;-3.6957212790;40.4606591100
0603014;440959.4400000000;4478951.1000000000;13/09/22;6 Tetuán;63 Castillejos;HERMANO GARATE, CALLE, DEL;13;Carga y descarga 360;Batería;5;12,5;Laborables de 08:00 a 17:00 MÁXIMO 45 MINUTOS ;-3.6963513040;40.4591309170
0603015;440984.8300000000;4479438.8100000000;13/09/22;6 Tetuán;63 Castillejos;ROSA DE SILVA, CALLE, DE;1;Carga y descarga 360;Línea;2;10;Laborables de 08:00 a 14:00 y de 16:30 a 19:00 MÁXIMO 45 MINUTOS  ;-3.6960971400;40.4635262480
0603016;441303.0900000000;4478755.2000000000;13/09/22;6 Tetuán;63 Castillejos;POETA JOAN MARAGALL, CALLE, DEL;19 B;Carga y descarga 360;Batería;5;15,5;Laborables de 08:00 a 17:00 MÁXIMO 45 MINUTOS ;-3.6922803810;40.4573907870
0603017;441115.2000000000;4478696.5800000000;13/09/22;6 Tetuán;63 Castillejos;ORENSE, CALLE, DE;44;Carga y descarga 360;Línea;6;15,1;de lunes a sabado de 08:00 a 15:00 EN LINEA MÁXIMO 45 MINUTOS ;-3.6944907380;40.4568494570
0603018;440931.7100000000;4479006.8400000000;13/09/22;6 Tetuán;63 Castillejos;INFANTA MERCEDES, CALLE, DE LA;58;Carga y descarga 360;Línea;4;20,1;Laborables de 08:00 a 22:00 MÁXIMO 45 MINUTOS ;-3.6966835050;40.4596311090
0603019;441126.5800000000;4478789.2200000000;21/09/22;6 Tetuán;63 Castillejos;ORENSE, CALLE, DE;67;Carga y descarga 360;Línea;3;8,1;lab. de 8 a 14 h. y de 16,30 a 19 h. EN LINEA MÁXIMO 45 MINUTOS;-3.6943651460;40.4576846570
0603020;441229.2800000000;4478976.1500000000;07/11/24;6 Tetuán;63 Castillejos;SOR ANGELA DE LA CRUZ, CALLE, DE;10;Carga y descarga 360;Batería;4;11,5;LAB. DE LUNES A VIERNES DE 08:00 A 14:30 H. MÁXIMO 45 MINUTOS;-3.6931712160;40.4593759710
0604001;441348.4600000000;4480254.1600000000;27/08/22;6 Tetuán;64 Almenara;MARTIRES DE LA VENTILLA, CALLE, DE LOS;41;Carga y descarga 360;Línea;3;15;Laborables de 08:00 a 14:00 y de 16:30 a 19:00 MÁXIMO 45 MINUTOS ;-3.6918837230;40.4708973500
0604002;441289.3400000000;4480043.0200000000;27/08/22;6 Tetuán;64 Almenara;SAN BENITO, CALLE, DE;22;Carga y descarga 360;Línea;3;15,1;Laborables de 08:00 a 14:00 y de 16:30 a 19:00 MÁXIMO 45 MINUTOS ;-3.6925617040;40.4689909480
0604003;441693.5800000000;4480514.0500000000;27/08/22;6 Tetuán;64 Almenara;CASTELLANA, PASEO, DE LA;247;Carga y descarga 360;Línea;3;15;Laborables de 08:00 a 14:00 y de 16:30 a 19:00 MÁXIMO 45 MINUTOS ;-3.6878368640;40.4732629790
0604004;441457.1600000000;4480102.8800000000;27/08/22;6 Tetuán;64 Almenara;VINCA, CALLE, DE LA;5;Carga y descarga 360;Línea;5;13,8;Laborables de 08:00 a 14:00 y de 16:30 a 19:00 MÁXIMO 45 MINUTOS EN LÍNEA ;-3.6905876350;40.4695423050
0604005;441048.7300000000;4479746.3500000000;29/08/22;6 Tetuán;64 Almenara;FRANCISCO CABO, CALLE, DE;5;Carga y descarga 360;Línea;3;17,5;Laborables de 09:00 a 20:00 MÁXIMO 45 MINUTOS;-3.6953721190;40.4663015410
0604006;441264.2800000000;4479655.7800000000;29/08/22;6 Tetuán;64 Almenara;NARDO, CALLE, DEL;2;Carga y descarga 360;Línea;3;14,5;Laborables de 08:00 a 12:00 y de 16:30 a 19:00 MÁXIMO 45 MINUTOS;-3.6928213680;40.4655009470
0604007;441079.3200000000;4479654.5800000000;29/08/22;6 Tetuán;64 Almenara;SIMANCAS, CALLE, DE;1;Carga y descarga 360;Línea;5;27;Laborables de 08:00 a 14:00 y de 16:30 a 19:00 MÁXIMO 45 MINIMO;-3.6950028480;40.4654769400
0604008;441446.4200000000;4480194.5900000000;29/08/22;6 Tetuán;64 Almenara;CEDROS, CALLE, DE LOS;63;Carga y descarga 360;Línea;3;16,4;Laborables de 08:00 a 14:00 y de 16:30 a 19:00 MÁXIMO 45 MINUTOS ;-3.6907227960;40.4703672500
0604009;441341.6100000000;4479669.0800000000;30/08/22;6 Tetuán;64 Almenara;CONDE DEL SERRALLO, CALLE, DEL;1 A;Carga y descarga 360;Batería;6;15,2;Laborables de 08:00 a 17:00 MÁXIMO 45 MINUTOS;-3.6919104800;40.4656260240
0604010;440982.9400000000;4480198.0500000000;29/08/22;6 Tetuán;64 Almenara;MONTOYA, CALLE, DE;42;Carga y descarga 360;Línea;2;12;Laborables de 08:00 a 17:00 MÁXIMO 45 MINUTOS;-3.6961901880;40.4703653020
0604011;441038.1700000000;4479891.1100000000;29/08/22;6 Tetuán;64 Almenara;ANTONIO, CALLE, DE;25 B;Carga y descarga 360;Línea;2;9,5;lab de Lunes a viernes de 09:00 a 20:00 sabados 09:00 a 14:00 MÁXIMO 45 MINUTOS;-3.6955100870;40.4676047340
0604012;440761.1800000000;4480262.8600000000;30/08/22;6 Tetuán;64 Almenara;YEROS, CALLE, DEL;9;Carga y descarga 360;Línea;2;10,2;lab de Lunes a viernes de 07:00 a 20:00 sabados de 07:00 a 14:00 MÁXIMO 45 MINUTOS;-3.6988118710;40.4709340770
0604013;441071.6600000000;4480534.8300000000;30/08/22;6 Tetuán;64 Almenara;NADOR, CALLE, DE;S/N;Carga y descarga 360;Línea;2;10;Laborables de lunes a sabado de 07:00 a 16:00 MÁXIMO 45 MINUTOS;-3.6951749070;40.4734059890
0605001;440636.8500000000;4479689.6800000000;30/08/22;6 Tetuán;65 Valdeacederas;CAPITAN BLANCO ARGIBAY, CALLE, DEL;50;Carga y descarga 360;Batería;4;10,4;Laborables de 08:00 a 14:00 y de 16:30 a 19:00 MÁXIMO 45 MINUTOS;-3.7002249000;40.4657615860
0605002;440443.0000000000;4479777.3900000000;30/08/22;6 Tetuán;65 Valdeacederas;CAPITAN BLANCO ARGIBAY, CALLE, DEL;90;Carga y descarga 360;Batería;3;8;Laborables de 08:00 a 14:00 y de 16:30 a 19:00 MÁXIMO 45 MINUTOS;-3.7025195950;40.4665373130
0605003;440544.3300000000;4479729.7000000000;23/05/24;6 Tetuán;65 Valdeacederas;CAPITAN BLANCO ARGIBAY, CALLE, DEL;66;Carga y descarga 360;Batería;2;7;lab. de 08:00 a 14:00 h. y de 16:30 a 19:00 h. MÁXIMO 45 MINUTOS ;-3.7013198790;40.4661153300
0605004;440992.8900000000;4479610.9900000000;30/08/22;6 Tetuán;65 Valdeacederas;MONASTERIO DE LEYRE, CALLE, DEL;2;Carga y descarga 360;Línea;3;14,5;Laborables de 08:00 a 14:00 y de 16:30 a 19:00 MÁXIMO 45 MINUTOS;-3.6960181860;40.4650776460
0605005;440997.5700000000;4479569.2700000000;31/08/22;6 Tetuán;65 Valdeacederas;CAPITAN BLANCO ARGIBAY, CALLE, DEL;8;Carga y descarga 360;Batería;1;3;Laborables de 08:00 a 20:00 MÁXIMO 45 MINUTOS;-3.6959591140;40.4647020720
0605006;440823.6500000000;4479621.8300000000;31/08/22;6 Tetuán;65 Valdeacederas;CAPITAN BLANCO ARGIBAY, CALLE, DEL;23;Carga y descarga 360;Batería;5;12,1;Laborables de 08:00 a 14:00 y de 16:30 a 19:00 MÁXIMO 45 MINUTOS;-3.6980152880;40.4651635330
0605007;440673.1800000000;4479890.4200000000;31/08/22;6 Tetuán;65 Valdeacederas;PLATANO, CALLE, DEL;15;Carga y descarga 360;Línea;3;15,1;Laborables de 08:00 a 14:00 y de 16:30 a 19:00 MÁXIMO 45 MINUTOS;-3.6998152350;40.4675725340
0605008;440880.1400000000;4479390.4500000000;31/08/22;6 Tetuán;65 Valdeacederas;AZUCENAS, CALLE, DE LAS;2;Carga y descarga 360;Línea;3;18;Laborables de 09:00 a 20:00 MÁXIMO 45 MINUTOS;-3.6973274520;40.4630827790
0605009;440839.9300000000;4479315.8900000000;31/08/22;6 Tetuán;65 Valdeacederas;CONDE DE VALLELLANO, CALLE, DEL;1;Carga y descarga 360;Línea;3;14,5;Laborables de 09:00 a 20:00 MÁXIMO 45 MINUTOS;-3.6977948140;40.4624091530
0605010;440731.0000000000;4479167.0800000000;02/09/22;6 Tetuán;65 Valdeacederas;MARQUES DE VIANA, CALLE, DEL;4;Carga y descarga 360;Batería;15;35,4;Laborables de 08:00 a 14:00 y de 16:30 a 19:00 MÁXIMO 45 MINUTOS ;-3.6990655770;40.4610607540
0605011;440794.6600000000;4479404.4200000000;31/08/22;6 Tetuán;65 Valdeacederas;CEUTA, CALLE, DE;27;Carga y descarga 360;Línea;3;15;Laborables de 08:00 a 14:00 MÁXIMO 45 MINUTOS;-3.6983370040;40.4632032150
0605012;440351.0600000000;4479832.6800000000;30/09/22;6 Tetuán;65 Valdeacederas;ESPERANZA SANCHEZ CARRASCOSA, CALLE, DE;2;Carga y descarga 360;Línea;2;12;Laborables de 08:00 a 14:00 MÁXIMO 45 MINUTOS ;-3.7036091320;40.4670292550
0605013;440388.8700000000;4479405.8100000000;31/08/22;6 Tetuán;65 Valdeacederas;MARQUES DE VIANA, CALLE, DEL;58;Carga y descarga 360;Línea;2;12;Laborables de 08:00 a 15:00 MÁXIMO 45 MINUTOS;-3.7031230920;40.4631865990
0605014;440763.1800000000;4479304.8500000000;01/09/22;6 Tetuán;65 Valdeacederas;CEUTA, CALLE, DE;19;Carga y descarga 360;Línea;3;16,7;Laborables de 08:00 a 14:00 y de 16:30 a 19:00 MÁXIMO 45 MINUTOS ;-3.6986988840;40.4623038430
0605015;440775.6600000000;4479433.7400000000;05/09/22;6 Tetuán;65 Valdeacederas;AZUCENAS, CALLE, DE LAS;20;Carga y descarga 360;Línea;3;14,4;Laborables de 09:00 a 21:00 MÁXIMO 45 MINUTOS ;-3.6985638380;40.4634659730
0605016;440262.1600000000;4480130.7400000000;01/09/22;6 Tetuán;65 Valdeacederas;DIRECCION, PASEO, DE LA;322;Carga y descarga 360;Línea;2;14,2;Lab. de lunes a viernes de 07:00 a 20:00 sabados de 07:00 a 14:00 MÁXIMO 45 MINUTOS ;-3.7046858340;40.4697077750
0605017;440245.7800000000;4480109.3500000000;01/09/22;6 Tetuán;65 Valdeacederas;ISABEL SERRANO, CALLE, DE;18;Carga y descarga 360;Línea;1;6,7;lab de Lunes a viernes de 07:00 a 20:00 sabados de 07:00 a 14:00 MÁXIMO 45 MINUTOS ;-3.7048770300;40.4695140580
0605018;440084.7000000000;4480131.4300000000;01/09/22;6 Tetuán;65 Valdeacederas;DIRECCION, PASEO, DE LA;296;Carga y descarga 360;Línea;2;10,5;lab. de Lunes a viernes de 08:00 a 20:00  sabados 08:00 a 14:00 MÁXIMO 45 MINUTOS ;-3.7067791360;40.4697010720
0605019;440711.2700000000;4479209.8200000000;14/03/23;6 Tetuán;65 Valdeacederas;CEUTA, CALLE, DE;2;Carga y descarga 360;Línea;7;33,1;Lab de 6 a 20 h. domingos y festivos de 9 a 12 h. MÁXIMO 45 MINUTOS ;-3.6993022660;40.4614444630
0605020;440453.2300000000;4480144.6400000000;01/09/22;6 Tetuán;65 Valdeacederas;ARROYO, CALLE, DEL;30;Carga y descarga 360;Línea;2;10,8;Laborables de 08:00 a 19:00 MÁXIMO 45 MINUTOS ;-3.7024333080;40.4698466030
0605021;440699.4100000000;4479637.4700000000;01/09/22;6 Tetuán;65 Valdeacederas;FRAY JUNIPERO SERRA, CALLE, DE;34;Carga y descarga 360;Línea;4;20,5;Laborables de 08:00 a 20:00 MÁXIMO 45 MINUTOS ;-3.6994822320;40.4652958290
0605022;440796.5400000000;4479959.5500000000;01/09/22;6 Tetuán;65 Valdeacederas;PINOS ALTA, CALLE, DE;62;Carga y descarga 360;Línea;6;15;Lab. de de lunes a sábado de 8 a 14,30 h. EN LÍNEA MÁXIMO 45 MINUTOS;-3.6983666250;40.4682039900
0605023;440544.1100000000;4479294.2500000000;09/01/26;6 Tetuán;65 Valdeacederas;MARQUES DE VIANA, CALLE, DEL;24;Carga y descarga 360;Línea;2;10;LAB. DE 08:00 A 14:30 H. MÁXIMO 45 MINUTOS;-3.7012817200;40.4621928040
0606001;439988.5800000000;4479017.9400000000;07/09/22;6 Tetuán;66 Berruguete;PEDRO TEZANO, CALLE, DE;15;Carga y descarga 360;Línea;2;12,4;Laborables de 08:00 a 14:00 y de 16:30 a 19:00 MÁXIMO 45 MINUTOS;-3.7078075380;40.4596634240
0606002;440690.0600000000;4479025.8600000000;12/09/22;6 Tetuán;66 Berruguete;ALGODONALES, CALLE, DE LOS;1;Carga y descarga 360;Línea;3;15;Laborables de 08:00 a 14:00 y de 16:30 a 19:00 MÁXIMO 45 MINUTOS ;-3.6995352880;40.4597852920
0606003;439857.7500000000;4478734.6900000000;07/09/22;6 Tetuán;66 Berruguete;FRANCOS RODRIGUEZ, CALLE, DE;72;Carga y descarga 360;Línea;3;15,4;Laborables de 08:00 a 14:00 y de 16:30 a 19:00 MÁXIMO 45 MINUTOS;-3.7093236980;40.4571026470
0606004;440047.4900000000;4478898.6800000000;12/09/22;6 Tetuán;66 Berruguete;ALONSO NUÑEZ, CALLE, DE;1;Carga y descarga 360;Línea;2;11,3;Laborables de 09:00 a 20:00 MÁXIMO 45 MINUTOS;-3.7071015960;40.4585935400
0606005;440463.8300000000;4478747.0100000000;06/09/22;6 Tetuán;66 Berruguete;LOPE DE HARO, CALLE, DE;1;Carga y descarga 360;Línea;3;15,1;Laborables de 08:00 a 14:00 y de 16:30 a 19:00 MÁXIMO 45 MINUTOS ;-3.7021771960;40.4572573450
0606006;440350.3200000000;4478621.8700000000;05/09/22;6 Tetuán;66 Berruguete;MARIANO FERNANDEZ, CALLE, DE;10;Carga y descarga 360;Línea;1;8,99;Laborables de 09:00 a 20:00 MÁXIMO 45 MINUTOS;-3.7035041090;40.4561213420
0606007;440130.0400000000;4478683.3500000000;04/10/22;6 Tetuán;66 Berruguete;FRANCOS RODRIGUEZ, CALLE, DE;48;Carga y descarga 360;Línea;3;15,1;Laborables de 08:00 a 14:00 y de 16:30 a 19:00 MÁXIMO 45 MINUTOS;-3.7061077440;40.4566597500
0606008;440272.7700000000;4478692.5500000000;07/09/22;6 Tetuán;66 Berruguete;LOPE DE HARO, CALLE, DE;32;Carga y descarga 360;Línea;7;37,7;Laborables de 08:00 a 14:00 y de 16:30 a 19:00 MÁXIMO 45 MINUTOS;-3.7044253100;40.4567528560
0606009;440607.5400000000;4478940.8100000000;07/09/22;6 Tetuán;66 Berruguete;MARIA ZAYAS, CALLE, DE;2;Carga y descarga 360;Línea;3;14,2;Laborables de 09:00 a 14:00 y de 16:30 a 20:00 MÁXIMO 45 MINUTOS;-3.7005004350;40.4590132890
0606010;440019.3100000000;4478690.4300000000;06/09/22;6 Tetuán;66 Berruguete;FRANCOS RODRIGUEZ, CALLE, DE;58;Carga y descarga 360;Línea;2;11,4;Laborables de 08:00 a 14:00 y de 16:30 a 19:00 MÁXIMO 45 MINUTOS ;-3.7074141450;40.4567152700
0606011;440471.3800000000;4478877.0100000000;07/09/22;6 Tetuán;66 Berruguete;NUESTRA SEÑORA DEL CARMEN, CALLE, DE;7;Carga y descarga 360;Línea;3;14,4;Laborables de 08:00 a 14:00 y de 16:30 a 19:00 MÁXIMO 45 MINUTOS;-3.7021003050;40.4584291590
0606012;440275.8300000000;4478596.1300000000;08/09/22;6 Tetuán;66 Berruguete;FRANCOS RODRIGUEZ, CALLE, DE;26;Carga y descarga 360;Línea;5;25,1;Laborables de 08:00 a 14:00 y de 16:30 a 19:00 MÁXIMO 45 MINUTOS;-3.7043801610;40.4558847100
0606013;440338.5000000000;4478519.9900000000;09/09/22;6 Tetuán;66 Berruguete;FULGENCIO DE MIGUEL, CALLE, DE;6;Carga y descarga 360;Línea;3;15;Laborables de 08:00 a 14:00 y de 16:30 a 19:00 MÁXIMO 45 MINUTOS ;-3.7036339410;40.4552035210
0606014;440372.2800000000;4478436.7100000000;09/09/22;6 Tetuán;66 Berruguete;FRANCOS RODRIGUEZ, CALLE, DE;2;Carga y descarga 360;Línea;3;15;Laborables de 09:00 a 20:00 MÁXIMO 45 MINUTOS   ;-3.7032277710;40.4544555240
0606015;439904.3200000000;4478876.7600000000;09/09/22;6 Tetuán;66 Berruguete;DIRECCION, PASEO, DE LA;23;Carga y descarga 360;Línea;3;17,5;De Lunes a viernes de 08:00 a 14:00 y de 16:30 a 19:00 MÁXIMO 45 MINUTOS ;-3.7087879830;40.4583856710
0606016;440008.5400000000;4479092.8500000000;09/09/22;6 Tetuán;66 Berruguete;DIRECCION, PASEO, DE LA;50;Carga y descarga 360;Línea;2;11;Laborables de 08:00 a 14:00 MÁXIMO 45 MINUTOS ;-3.7075792140;40.4603403740
0606017;439722.9400000000;4478852.0200000000;05/09/22;6 Tetuán;66 Berruguete;OFELIA NIETO, CALLE, DE;4;Carga y descarga 360;Línea;2;10;Laborables de 08:00 a 17:00 MÁXIMO 45 MINUTOS ;-3.7109246570;40.4581494980
0606018;440375.2600000000;4478729.1500000000;05/09/22;6 Tetuán;66 Berruguete;LOPE DE HARO, CALLE, DE;18;Carga y descarga 360;Línea;3;15,1;Laborables de 08:00 a 17:00 MÁXIMO 45 MINUTOS  ;-3.7032200940;40.4570896980
0606019;440422.8900000000;4478620.6500000000;05/09/22;6 Tetuán;66 Berruguete;MARIANO FERNANDEZ, CALLE, DE;2;Carga y descarga 360;Línea;2;12,5;Laborables de 08:00 a 14:00 MÁXIMO 45 MINUTOS ;-3.7026481670;40.4561162420
0606020;440639.0700000000;4478978.4100000000;05/09/22;6 Tetuán;66 Berruguete;TABLADA, CALLE, DE;3;Carga y descarga 360;Línea;2;12;Laborables de 09:00 a 20:00 MÁXIMO 45 MINUTOS ;-3.7001321950;40.4593540840
0606021;439909.6300000000;4478782.2800000000;07/09/22;6 Tetuán;66 Berruguete;LORENZANA, CALLE, DE;12;Carga y descarga 360;Línea;2;10;lab de Lunes a viernes de 09:00 a 20:00 MÁXIMO 45 MINUTOS;-3.7087163630;40.4575347140
0606022;440597.1700000000;4479084.5400000000;05/09/22;6 Tetuán;66 Berruguete;ALGODONALES, CALLE, DE LOS;13;Carga y descarga 360;Línea;1;5;Laborables de lunes a viernes 09:00 a 20:00 MÁXIMO 45 MINUTOS ;-3.7006362260;40.4603077150
0606023;440283.2600000000;4479216.4800000000;14/03/23;6 Tetuán;66 Berruguete;RUIZ PALACIOS, CALLE, DE;2;Carga y descarga 360;Línea;2;9,5;Laborables de 07:00 a 14:00 y de 16:30 a 20:00 MÁXIMO 45 MINUTOS;-3.7043508830;40.4614734550
0606024;440423.5000000000;4478984.3400000000;05/09/22;6 Tetuán;66 Berruguete;NUESTRA SEÑORA DEL CARMEN, CALLE, DE;22;Carga y descarga 360;Línea;3;14,3;Laborables de 08:00 a 19:00 MÁXIMO 45 MINUTOS;-3.7026750960;40.4593922430
0606025;439969.0900000000;4478791.9100000000;27/12/23;6 Tetuán;66 Berruguete;JOSE CALVO, CALLE, DE;9;Carga y descarga 360;Línea;2;14,3;de 8 a 14 h. excepto: CARGA Y DESCARGA MÁXIMO 45 MINUTOS;-3.7080160940;40.4576259860
0606026;440430.6600000000;4479355.1800000000;06/09/22;6 Tetuán;66 Berruguete;MARQUES DE VIANA, CALLE, DEL;57;Carga y descarga 360;Línea;2;12,8;Laborables de 08:00 a 14:00 y de 16:30 a 19:00 MÁXIMO 45 MINUTOS ;-3.7026254780;40.4627334470
0606027;440536.4000000000;4479209.3200000000;31/01/24;6 Tetuán;66 Berruguete;NARANJO, CALLE, DEL;30;Carga y descarga 360;Línea;1;6,5;lab. de 8 a 14 h. y de 16,30 a 19 h.MÁXIMO 45 MINUTOS;-3.7013646840;40.4614273890
0606028;440717.8200000000;4479088.3400000000;08/03/24;6 Tetuán;66 Berruguete;NARANJO, CALLE, DEL;5;Carga y descarga 360;Batería;2;5,9;lab. de 08:00 a 14:00 h. y de 16:30 a 19:00 h. MAXIMO 45 MINUTOS;-3.6992136860;40.4603506300
0606029;440094.2800000000;4478853.8400000000;25/09/25;6 Tetuán;66 Berruguete;VILLAAMIL, CALLE, DE;18;Carga y descarga 360;Línea;4;19,6;lab. de 09:00 a 14:30 h.EXCEPTO CARGA Y DESCARGA MÁXIMO 45 MINUTOS;-3.7065455980;40.4581928130
0701001;439383.4500000000;4475884.3700000000;13/09/22;7 Chamberí;71 Gaztambide;ANDRES MELLADO, CALLE, DE;9;Carga y descarga 360;Línea;3;14,6;LABORABLES DE 8 A 14 H. Y DE 16,30 A 19 H. EXCEPTO CARGA Y DESCARGA. MÁX 45 MIN ;-3.7146452730;40.4313911660
0701002;439394.1700000000;4475914.1500000000;13/09/22;7 Chamberí;71 Gaztambide;ANDRES MELLADO, CALLE, DE;14;Carga y descarga 360;Línea;3;16;LABORABLES DE 8 A 14 H. Y DE 16,30 A 19 H. EXCEPTO CARGA Y DESCARGA. MÁX 45 MIN ;-3.7145216860;40.4316598830
0701003;439387.2100000000;4475954.3000000000;13/09/22;7 Chamberí;71 Gaztambide;ANDRES MELLADO, CALLE, DE;15;Carga y descarga 360;Línea;3;16,92;LABORABLES DE 8 A 14 H. Y DE 16,30 A 19 H.EXCEPTO CARGA Y DESCARGA. MÁX 45 MIN;-3.7146076300;40.4320213050
0701005;439401.2000000000;4476048.2800000000;27/03/23;7 Chamberí;71 Gaztambide;ANDRES MELLADO, CALLE, DE;28;Carga y descarga 360;Línea;2;12,77;LABORABLES DE 8 A 14 H Y DE 16.30 A 19 H EXCEPTO CARGA Y DESCARGA. MÁX 45 MIN;-3.7144516710;40.4328691670
0701006;439406.1700000000;4476291.2300000000;13/09/22;7 Chamberí;71 Gaztambide;ANDRES MELLADO, CALLE, DE;43;Carga y descarga 360;Línea;8;41;LAB. DE 7 A 18 H. EXCEPTO CARGA Y DESCARGA MÁX 45 MIN;-3.7144161470;40.4350580380
0701007;439409.4100000000;4476187.3300000000;13/09/22;7 Chamberí;71 Gaztambide;ANDRES MELLADO, CALLE, DE;46;Carga y descarga 360;Línea;2;10,85;LABORABLES DE 9 A 20 HORAS, EXCEPTO CARGA Y DESCARGA. MÁX 45 MIN;-3.7143680760;40.4341219970
0701008;439409.4100000000;4476345.0800000000;27/03/23;7 Chamberí;71 Gaztambide;ANDRES MELLADO, CALLE, DE;47;Carga y descarga 360;Línea;2;12,4;LAB. DE LUNES A VIERNESDE 8 A 14 H. Y DE 16,30 A 19 H.EXCEPTO CARGA Y DESCARGA MÁX 45 MIN;-3.7143831450;40.4355434480
0701009;439415.8800000000;4476304.4300000000;14/09/22;7 Chamberí;71 Gaztambide;ANDRES MELLADO, CALLE, DE;54;Carga y descarga 360;Línea;3;15;LABORABLES DE LUNES A VIERNES DE 8 A 14 H. Y DE 16,30 A 19 H.EXCEPTO CARGA Y DESCARGA MÁX 45 MIN;-3.7143029310;40.4351775570
0701010;439424.1500000000;4476604.8600000000;23/09/22;7 Chamberí;71 Gaztambide;ANDRES MELLADO, CALLE, DE;63;Carga y descarga 360;Línea;3;15;LAB. DE 8 A 14 H. Y DE 16,30 A 19 H.EXCEPTO CARGA Y DESCARGA MAX 45 MIN;-3.7142341190;40.4378850120
0701011;439425.2400000000;4476463.9200000000;23/09/22;7 Chamberí;71 Gaztambide;ANDRES MELLADO, CALLE, DE;68;Carga y descarga 360;Línea;4;18,9;LABORABLES DE 9 A 20 HORAS EXCEPTO CARGA Y DESCARGA MÁX 45 MIN;-3.7142077630;40.4366149940
0701012;439428.7900000000;4476687.7800000000;27/03/23;7 Chamberí;71 Gaztambide;ANDRES MELLADO, CALLE, DE;73;Carga y descarga 360;Línea;3;16,7;LABORABLES DE 8 A 14 H. Y DE 16,30 A 19 H. EXCEPTO CARGA Y DESCARGA MÁX 45 MIN;-3.7141873080;40.4386320920
0701013;439420.2000000000;4476532.1200000000;23/09/22;7 Chamberí;71 Gaztambide;ANDRES MELLADO, CALLE, DE;76;Carga y descarga 360;Línea;4;21;LABORABLES DE 8  A 14 H Y DE 16.30 A 19H EXCEPTO CARGA Y DESCARGA MÁX 45 MIN;-3.7142737670;40.4372294340
0701014;439478.0200000000;4476264.8300000000;27/03/23;7 Chamberí;71 Gaztambide;ANDRES MELLADO, TRAVESIA, DE;4;Carga y descarga 360;Línea;2;13,9;LAB. DE 8 A 14 H. Y DE 16,30 A 19 H.EXCEPTO CARGA Y DESCARGA MÁX 45 MIN;-3.7135666230;40.4348255320
0701015;439159.8200000000;4476101.0300000000;27/03/23;7 Chamberí;71 Gaztambide;ARCIPRESTE DE HITA, CALLE, DEL;4;Carga y descarga 360;Línea;2;12;LABORABLES DE 8 A 15 H EXCEPTO CARGA Y DESCARGA MÁX 45 MIN;-3.7173022500;40.4333269030
0701016;439616.5700000000;4475777.5800000000;11/05/23;7 Chamberí;71 Gaztambide;BLASCO DE GARAY, CALLE, DE;1;Carga y descarga 360;Línea;3;13,04;LABORABLES DE 8 A 14 H. Y DE 16,30 A 19 H. EXCEPTO CARGA Y DESCARGA MÁX 45 MINUTOS ;-3.7118868820;40.4304459570
0701017;439625.7000000000;4475899.1600000000;23/09/22;7 Chamberí;71 Gaztambide;BLASCO DE GARAY, CALLE, DE;15;Carga y descarga 360;Línea;3;13,7;LABORABLES DE 8 A 14 H. Y DE 16,30 A 19 H.EXCEPTO CARGA Y DESCARGA. MÁX 45 MIN;-3.7117908550;40.4315419110
0701018;439629.5700000000;4475951.9100000000;27/03/23;7 Chamberí;71 Gaztambide;BLASCO DE GARAY, CALLE, DE;19;Carga y descarga 360;Línea;3;16;LABORABLES DE 8 A 14 H Y DE 16.30 A 19 H. EXCEPTO CARGA Y DESCARGA MÁX 45 MIN;-3.7117501750;40.4320175230
0701019;439635.9800000000;4476037.9700000000;26/09/22;7 Chamberí;71 Gaztambide;BLASCO DE GARAY, CALLE, DE;29;Carga y descarga 360;Línea;1;8;LAB. DE 8 A 14 H.Y DE 16,30 A 19 H.EXCEPTO CARGA Y DESCARGA MÁX 45 MIN;-3.7116828520;40.4327933650
0701020;439650.7000000000;4476241.9900000000;27/03/23;7 Chamberí;71 Gaztambide;BLASCO DE GARAY, CALLE, DE;39;Carga y descarga 360;Línea;3;14,85;LAB. DE 8 A 14 H.Y DE 16,30 A 19 H.EXCEPTO CARGA YDESCARGA MÁX 45 MIN;-3.7115287270;40.4346322730
0701021;439657.0700000000;4476331.4100000000;30/09/22;7 Chamberí;71 Gaztambide;BLASCO DE GARAY, CALLE, DE;47;Carga y descarga 360;Línea;4;19,06;LABORABLES DE 9 A 20 H. EXCEPTO CARGA Y DESCARGA MÁX 45 MIN;-3.7114620340;40.4354377950
0701022;439665.9700000000;4476454.1500000000;27/03/23;7 Chamberí;71 Gaztambide;BLASCO DE GARAY, CALLE, DE;55;Carga y descarga 360;Línea;6;35;LAB. DE 8 A 14 H. Y DE 16,30 A 19 H. EXCEPTO CARGA Y DESCARGA MÁX 45 MIN;-3.7113688140;40.4365446920
0701023;439683.2600000000;4476687.6800000000;30/09/22;7 Chamberí;71 Gaztambide;BLASCO DE GARAY, CALLE, DE;71;Carga y descarga 360;Línea;3;16;LABORABLES DE 9 A 20 HORAS EXCEPTO CARGA Y DESCARGA MÁX 45 MIN;-3.7111871290;40.4386495100
0701024;439482.5700000000;4476723.2400000000;30/09/22;7 Chamberí;71 Gaztambide;CEA BERMUDEZ, CALLE, DE;47;Carga y descarga 360;Línea;2;11;LABORABLES DE 8 A 17 HORAS EXCEPTO CARGA Y DESCARGA MÁX 45 MIN;-3.7135565960;40.4389556410
0701025;439208.5100000000;4476737.7200000000;30/09/22;7 Chamberí;71 Gaztambide;CEA BERMUDEZ, CALLE, DE;65;Carga y descarga 360;Línea;3;18,1;LAB. DE 8 A 14 H. Y DE 16,30 A 19 H. EXCEPTO CARGA Y DESCARGA MÁX 45 MIN;-3.7167891670;40.4390659930
0701026;439398.4100000000;4476443.1300000000;30/09/22;7 Chamberí;71 Gaztambide;DONOSO CORTES, CALLE, DE;61;Carga y descarga 360;Línea;3;15;LAB. DE 8 A 14 H. Y DE 16,30 A 19 H.EXCEPTO CARGA Y DESCARGA MÁX 45 MIN;-3.7145222020;40.4364259750
0701027;439439.5100000000;4476449.1500000000;30/09/22;7 Chamberí;71 Gaztambide;DONOSO CORTES, CALLE, DE;78;Carga y descarga 360;Batería;5;18,1;LABORABLES DE 8 A 14 H. Y DE 16,30 A 19 H. EXCEPTO CARGA Y DESCARGA MÁX 45 MIN;-3.7140381670;40.4364832130
0701028;439245.8200000000;4476463.2200000000;27/03/23;7 Chamberí;71 Gaztambide;DONOSO CORTES, CALLE, DE;90;Carga y descarga 360;Batería;5;15;LABORABLES DE 8 A 14 H.Y DE 16,30 A 19 H.EXCEPTO CARGA Y DESCARGA MÁX 45 MIN;-3.7163230650;40.4365954560
0701029;439533.6400000000;4476322.6700000000;30/09/22;7 Chamberí;71 Gaztambide;FERNANDEZ DE LOS RIOS, CALLE, DE;74;Carga y descarga 360;Línea;3;14,4;LAB. DE 8 A 14 H.Y DE 16,30 A 19 H.EXCEPTO CARGA Y DESCARGA MÁX 45 MIN;-3.7129163730;40.4353507050
0701030;439434.7400000000;4476328.6700000000;30/09/22;7 Chamberí;71 Gaztambide;FERNANDEZ DE LOS RIOS, CALLE, DE;82;Carga y descarga 360;Línea;3;16,2;LAB. DE LUNES A VIERNES DE 8 A 14 H. Y DE 16,30 A 19 H. EXCEPTO CARGA Y DESCARGA MÁX 45 MINUTOS;-3.7140829150;40.4353976300
0701031;439335.9800000000;4476334.7200000000;27/03/23;7 Chamberí;71 Gaztambide;FERNANDEZ DE LOS RIOS, CALLE, DE;92;Carga y descarga 360;Línea;2;15;LABORABLES DE 8 A 14 HORAS EXCEPTO CARGA Y DESCARGA MÁX 45 MIN;-3.7152477960;40.4354444410
0701032;439083.3100000000;4476318.2300000000;14/11/22;7 Chamberí;71 Gaztambide;ISAAC PERAL, CALLE, DE;4;Carga y descarga 360;Línea;4;22;LABORABLES DE 8 A 14 H. Y DE 16,30 A 19 H. EXCEPTO CARGA Y DESCARGA MÁX 45 MIN;-3.7182251710;40.4352774240
0701033;439107.1200000000;4476348.9700000000;30/09/22;7 Chamberí;71 Gaztambide;FERNANDEZ DE LOS RIOS, CALLE, DE;112;Carga y descarga 360;Línea;2;12;LAB. DE 8 A 14 H. Y DE 16,30 A 19 H. EXCEPTO CARGA Y DESCARGA MÁX 45 MIN;-3.7179472860;40.4355562820
0701034;439485.5700000000;4476198.8700000000;30/09/22;7 Chamberí;71 Gaztambide;FERNANDO EL CATOLICO, CALLE, DE;51;Carga y descarga 360;Línea;3;13,6;LAB. DE 8 A 14 H. Y DE 16,30 A 19 H.EXCEPTO CARGA Y DESCARGA MÁX 45 MIN;-3.7134713400;40.4342317180
0701035;439150.5700000000;4476212.4600000000;30/09/22;7 Chamberí;71 Gaztambide;FERNANDO EL CATOLICO, CALLE, DE;77;Carga y descarga 360;Línea;3;15,59;LAB. DE 8 A 14 H. Y DE16,30 A 19 H. EXCEPTO CARGA Y DESCARGA MÁX 45 MIN;-3.7174219990;40.4343295220
0701036;439331.3200000000;4476212.7400000000;29/09/22;7 Chamberí;71 Gaztambide;FERNANDO EL CATOLICO, CALLE, DE;63 B;Carga y descarga 360;Línea;3;15;LAB. DE LUNES A VIERNES DE 8 A 14 H. Y DE 16,30 A 19 H.EXCEPTO CARGA Y DESCARGA  MAXIMO 45 MINUTOS;-3.7152911110;40.4343452210
0701037;439292.2300000000;4475858.6400000000;29/09/22;7 Chamberí;71 Gaztambide;GAZTAMBIDE, CALLE, DE;5;Carga y descarga 360;Línea;8;40;LABORABLES DE 8 A 14 H. Y DE 16,30 A 19 H. EXCEPTO CARGA Y DESCARGA MÁXIMO 45 MINUTOS;-3.7157181370;40.4311527580
0701038;439304.2700000000;4476054.3200000000;29/09/22;7 Chamberí;71 Gaztambide;GAZTAMBIDE, CALLE, DE;18;Carga y descarga 360;Línea;3;16,4;LAB. DE 8 A 14 H.Y DE 16,30 A 19 H.EXCEPTO CARGA YDESCARGA MÁXIMO 45 MINUTOS;-3.7155948930;40.4329169520
0701039;439307.1600000000;4476094.9500000000;29/09/22;7 Chamberí;71 Gaztambide;GAZTAMBIDE, CALLE, DE;20;Carga y descarga 360;Línea;3;15,8;LAB. DE 8 A 14 H.Y DE 16,30 A 19 H.EXCEPTO CARGA YDESCARGA MÁXIMO 45 MINUTOS;-3.7155647560;40.4332822130
0701040;439313.0700000000;4476197.9900000000;29/09/22;7 Chamberí;71 Gaztambide;GAZTAMBIDE, CALLE, DE;26;Carga y descarga 360;Línea;3;15;LAB. DE 8 A 14 H. EXCEPTO CARGA Y DESCARGA MAXIMO 45 MINUTOS ;-3.7155048820;40.4342115500
0701041;439320.1100000000;4476473.6600000000;27/03/23;7 Chamberí;71 Gaztambide;GAZTAMBIDE, CALLE, DE;59;Carga y descarga 360;Línea;3;15,2;LAB. DE 8 A 14 H. Y DE 16,30 A 19 H.EXCEPTO CARGA Y DESCARGA  MÁX 45 MIN;-3.7154481020;40.4366953800
0701042;439323.7900000000;4476531.4700000000;24/03/23;7 Chamberí;71 Gaztambide;GAZTAMBIDE, CALLE, DE;63;Carga y descarga 360;Línea;1;7,1;LABORABLES DE 8 A 20 HORAS EXCEPTO CARGA Y DESCARGA MÁX 45 MIN;-3.7154104010;40.4372161980
0701043;439344.2700000000;4476710.0300000000;29/09/22;7 Chamberí;71 Gaztambide;GAZTAMBIDE, CALLE, DE;64;Carga y descarga 360;Línea;3;15;LABORABLES DE 8 A 14 H.Y DE 16,30 A 19 H. EXCEPTO CARGA Y DESCARGA MÁX 45 MIN;-3.7151859160;40.4388265530
0701044;439326.2600000000;4476571.9000000000;29/09/22;7 Chamberí;71 Gaztambide;GAZTAMBIDE, CALLE, DE;65;Carga y descarga 360;Línea;3;15;LABORABLES DE 8 A 14 Y DE 16:30 A 19 H. EXCEPTO CARGA Y DESCARGA MÁX 45 MIN;-3.7153850760;40.4375804850
0701045;439328.9000000000;4476612.3400000000;30/09/22;7 Chamberí;71 Gaztambide;GAZTAMBIDE, CALLE, DE;69;Carga y descarga 360;Línea;3;15;LAB. DE 8 A 14 H. Y DE 16,30 A 19 H.EXCEPTO CARGA Y DESCARGA MAXIMO 45 MIN;-3.7153578030;40.4379451720
0701046;439485.8000000000;4475820.5600000000;27/03/23;7 Chamberí;71 Gaztambide;GUZMAN EL BUENO, CALLE, DE;4;Carga y descarga 360;Línea;3;20;LABORABLES DE 8 A 14 H. Y DE 16:30 A 19 H. EXCEPTO CARGA Y DESCARGA MÁX 45 MIN;-3.7134325510;40.4308242240
0701047;439491.7500000000;4475910.1200000000;30/09/22;7 Chamberí;71 Gaztambide;GUZMAN EL BUENO, CALLE, DE;12;Carga y descarga 360;Línea;3;15;LABORABLES DE 9 A 20 H. EXCEPTO CARGA Y DESCARGA MÁX 45 MIN;-3.7133709580;40.4316314070
0701048;439497.1700000000;4475990.9300000000;30/09/22;7 Chamberí;71 Gaztambide;GUZMAN EL BUENO, CALLE, DE;20;Carga y descarga 360;Línea;3;19,1;LABORABLES DE 9 A 20H. EXCEPTO CARGA Y DESCARGA MÁX 45 MIN;-3.7133147510;40.4323593500
0701049;439517.5200000000;4476298.0700000000;30/09/22;7 Chamberí;71 Gaztambide;GUZMAN EL BUENO, CALLE, DE;44;Carga y descarga 360;Línea;3;15;LAB. DE 8 A 14 H. Y DE 16,30 A 19 H.EXCEPTO CARGA Y DESCARGA MÁX 45 MIN;-3.7131040740;40.4351281110
0701050;439519.9300000000;4476334.9100000000;03/04/24;7 Chamberí;71 Gaztambide;GUZMAN EL BUENO, CALLE, DE;46;Carga y descarga 360;Línea;1;6;LABORABLES DE 8 A 14 HORAS Y DE 16:30 A 19 HORAS EXCEPTA CARGA Y DESCARGA MÁXIMO 45 MINUTOS;-3.7130792080;40.4354593950
0701051;439509.6800000000;4476180.1300000000;30/09/22;7 Chamberí;71 Gaztambide;GUZMAN EL BUENO, CALLE, DE;47;Carga y descarga 360;Línea;3;15;RESERVA COMPARTIDA LAB. DE 8 A 14 H. Y DE 16,30 A 19 H. EXCEPTO CARGA Y DESCARGA MÁX 45 MINUTOS;-3.7131852620;40.4340644720
0701052;439525.5300000000;4476418.9500000000;13/10/22;7 Chamberí;71 Gaztambide;GUZMAN EL BUENO, CALLE, DE;54;Carga y descarga 360;Línea;3;13,4;LAB. DE 8 A 14 H. Y DE 16,30 A 19 H. EXCEPTO CARGA Y DESCARGA MÁX 45 MIN  DOMINGOS Y FESTIVOS DE 7 A 16 HORAS ;-3.7130212240;40.4362175900
0701053;439529.2400000000;4476458.6200000000;24/03/23;7 Chamberí;71 Gaztambide;GUZMAN EL BUENO, CALLE, DE;58;Carga y descarga 360;Línea;2;10,27;LAB. DE 8 A 14 H. Y DE 16,30 A 19 H. EXCEPTO CARGA Y DESCARGA MÁX 45 MIN;-3.7129812320;40.4365748290
0701054;439536.4100000000;4476558.9700000000;30/09/22;7 Chamberí;71 Gaztambide;GUZMAN EL BUENO, CALLE, DE;64;Carga y descarga 360;Línea;2;8,9;LAB. DE 8 A 14 H. Y DE 16,30 A 19 H.EXCEPTO CARGA Y DESCARGA MÁX 45 MIN;-3.7129062890;40.4374791290
0701055;439541.7100000000;4476646.5300000000;30/09/22;7 Chamberí;71 Gaztambide;GUZMAN EL BUENO, CALLE, DE;70;Carga y descarga 360;Línea;4;22,6;LABORABLES DE 8 A 14 H.Y DE 16,30 A 20 H. EXCEPTO CARGA Y DESCARGA MÁX 45 MIN;-3.7128520870;40.4382684350
0701056;439545.2100000000;4476699.0800000000;29/09/22;7 Chamberí;71 Gaztambide;GUZMAN EL BUENO, CALLE, DE;76;Carga y descarga 360;Línea;2;9,58;LABORABLES DE 8 A 14 H. Y DE 16,30 A 19 H. EXCEPTO CARGA Y DESCARGA MÁXIMO 45 MINUTOS ;-3.7128157620;40.4387420990
0701057;439195.6900000000;4476026.5400000000;21/09/22;7 Chamberí;71 Gaztambide;HILARION ESLAVA, CALLE, DE;7;Carga y descarga 360;Línea;3;15;LAB. DE 8 A 14 H. Y DE 16,30 A 19 H. EXCEPTO CARGA Y DESCARGA MÁXIMO 45 MINUTOS ;-3.7168723030;40.4326580330
0701058;439206.5200000000;4476208.2400000000;27/03/23;7 Chamberí;71 Gaztambide;HILARION ESLAVA, CALLE, DE;24;Carga y descarga 360;Línea;2;12;LABORABLES DE 8 A 14 H. Y DE 16:30 A 19 H. EXCEPTO CARGA Y DESCARGA MÁXIMO 45 MINUTOS;-3.7167620080;40.4342957180
0701059;439214.9900000000;4476358.3200000000;27/03/23;7 Chamberí;71 Gaztambide;HILARION ESLAVA, CALLE, DE;33;Carga y descarga 360;Línea;3;15,7;LAB. DE 8 A 14 H. Y DE16,30 A 19 H. EXCEPTO CARGA Y DESCARGA MÁXIMO 45 MINUTOS;-3.7166764660;40.4356480700
0701060;439229.0700000000;4476437.2400000000;21/09/22;7 Chamberí;71 Gaztambide;HILARION ESLAVA, CALLE, DE;40;Carga y descarga 360;Línea;3;17,71;LAB. DE 8 A 14 H. Y DE 16,30 A 19 H. EXCEPTO CARGA Y DESCARGA MÁXIMO 45 MINUTOS;-3.7165180430;40.4363606580
0701061;439231.0200000000;4476616.9600000000;21/09/22;7 Chamberí;71 Gaztambide;HILARION ESLAVA, CALLE, DE;47;Carga y descarga 360;Línea;3;15,5;LAB. DE 8 A 14 H. Y DE 16,30 A 19 H. EXCEPTO CARGA Y DESCARGA MÁXIMO 45 MINUTOS ;-3.7165123130;40.4379798940
0701062;439233.5700000000;4476514.2400000000;21/09/22;7 Chamberí;71 Gaztambide;HILARION ESLAVA, CALLE, DE;48;Carga y descarga 360;Línea;2;11,2;LAB. DE 8 A 14 H. Y DE 16,30 A 19 H. EXCEPTO CARGA Y DESCARGA MÁXIMO 45 MINUTOS ;-3.7164723780;40.4370541660
0701063;439245.9500000000;4476715.2400000000;27/03/23;7 Chamberí;71 Gaztambide;HILARION ESLAVA, CALLE, DE;64;Carga y descarga 360;Línea;2;12,7;LABORABLES DE 8 A 14 H. Y DE 16:30 A 19H. EXCEPTO CARGA Y DESCARGA MÁXIMO 45 MINUTOS;-3.7163456970;40.4388664310
0701064;439621.8400000000;4476566.4800000000;22/09/22;7 Chamberí;71 Gaztambide;JOAQUIN MARIA LOPEZ, CALLE, DE;25;Carga y descarga 360;Línea;3;16;LABORABLES DE 8 A 14 H. Y DE 16,30 A 19 H. EXCEPTO CARGA Y DESCARGA MÁXIMA 45 MINUTOS ;-3.7118997170;40.4375530970
0701065;439353.5800000000;4476594.4900000000;22/09/22;7 Chamberí;71 Gaztambide;JOAQUIN MARIA LOPEZ, CALLE, DE;50;Carga y descarga 360;Línea;3;17,1;LAB. DE 8 A 14 H. Y DE 16,30 A 19 H.EXCEPTO CARGA Y DESCARGA MÁXIMO 45 MINUTOS;-3.7150651370;40.4377858900
0701066;439476.3600000000;4476059.9600000000;22/09/22;7 Chamberí;71 Gaztambide;MELENDEZ VALDES, CALLE, DE;37;Carga y descarga 360;Línea;3;15;LAB. DE 8 A 14 H.Y DE 16,30 A 19 H. EXCEPTO CARGA YDESCARGA MÁXIMO 45 MINUTOS;-3.7135666800;40.4329796340
0701067;439377.3300000000;4476064.9400000000;22/09/22;7 Chamberí;71 Gaztambide;MELENDEZ VALDES, CALLE, DE;49;Carga y descarga 360;Línea;3;15;LAB. DE 8 A14 Y DE 16,30 A 19 H. EXCEPTO CARGA Y DESCARGA MÁXIMO 45 MINUTOS;-3.7147346550;40.4330171050
0701068;439281.0900000000;4476078.4000000000;22/09/22;7 Chamberí;71 Gaztambide;MELENDEZ VALDES, CALLE, DE;58;Carga y descarga 360;Línea;3;17,6;LAB. DE 8 A 14 H. Y DE 16,30 A 19 H. EXCEPTO CARGA Y DESCARGA MÁXIMO 45 MINUTOS;-3.7158704290;40.4331316390
0701069;439467.4100000000;4475925.4300000000;22/09/22;7 Chamberí;71 Gaztambide;RODRIGUEZ SAN PEDRO, CALLE, DE;45;Carga y descarga 360;Línea;3;15;LABORABLES DE 8 A 14 H. Y DE 16,30 A 19 H. EXCEPTO CARGA Y DESCARGA MÁXIMO 45 MINUTOS;-3.7136594420;40.4317675990
0701070;439272.4100000000;4475937.1300000000;14/11/22;7 Chamberí;71 Gaztambide;RODRIGUEZ SAN PEDRO, CALLE, DE;67;Carga y descarga 360;Línea;3;14,7;LABORABLES DE 8 A 14 H. Y DE 16,30 A 19 H.EXCEPTO CARGA Y DESCARGA MÁX 45 MIN;-3.7159592950;40.4318587560
0701071;439216.4100000000;4475949.0900000000;27/03/23;7 Chamberí;71 Gaztambide;RODRIGUEZ SAN PEDRO, CALLE, DE;72;Carga y descarga 360;Batería;5;16,02;LAB. DE 8 A 14 H. Y DE 16,30 A 19 H.EXCEPTO CARGA Y DESCARGA MÁXIMO 45 MINUTOS;-3.7166207170;40.4319618890
0701072;439631.4800000000;4476185.2500000000;28/08/24;7 Chamberí;71 Gaztambide;FERNANDO EL CATOLICO, CALLE, DE;45;Carga y descarga 360;Línea;3;15;LAB. DE 8 A 14 H. EXCEPTO CARGA Y DESCARGA MÁXIMO 45 MINUTOS;-3.7117499460;40.4341197050
0702001;440204.4100000000;4476106.5900000000;13/09/22;7 Chamberí;72 Arapiles;ARAPILES, CALLE, DE;2;Carga y descarga 360;Línea;4;18,66;LABORABLES DE 8 A 14 H.Y DE 16,30 A 19 H. EXCEPTO CARGA Y DESCARGA MÁX 45 MIN;-3.7049881270;40.4334523240
0702002;440028.5700000000;4476074.6000000000;27/03/23;7 Chamberí;72 Arapiles;ARAPILES, CALLE, DE;12;Carga y descarga 360;Batería;5;12,55;LABORABLES DE 8 A 14 H. Y DE 16,30 A 19 H. EXCEPTO CARGA Y DESCARGA. MÁX 45 MIN ;-3.7070579370;40.4331516930
0702003;440085.5300000000;4476064.3900000000;28/03/23;7 Chamberí;72 Arapiles;ARAPILES, CALLE, DE;13;Carga y descarga 360;Línea;4;18;LABORABLES DE 8 A 14 H.Y DE 16,30 A 19 H. EXCEPTO CARGA Y DESCARGA. MÁX 45 MIN;-3.7063855710;40.4330638590
0702004;440259.1300000000;4476462.7400000000;11/09/24;7 Chamberí;72 Arapiles;BRAVO MURILLO, CALLE, DE;37;Carga y descarga 360;Línea;3;14;LABORABLES DE 8 A 14 H. Y DE 16:30 A 19 H. EXCEPTO CARGA Y DESCARGA MÁXIMO 45 MINUTOS;-3.7043764940;40.4366648410
0702005;439736.7900000000;4476703.9200000000;14/09/22;7 Chamberí;72 Arapiles;CEA BERMUDEZ, CALLE, DE;27;Carga y descarga 360;Línea;3;16,47;LABORABLES DE 8 A 14 H. Y DE 16,30 A 19 H. EXCEPTO CARGA Y DESCARGA MÁXIMO 45 MINUTOS;-3.7105574480;40.4387999680
0702006;440030.6300000000;4475792.0200000000;30/09/22;7 Chamberí;72 Arapiles;CONDE DEL VALLE DE SUCHIL, PLAZA, DEL;8;Carga y descarga 360;Línea;3;15,28;LABORABLES DE LUNES A VIERNES DE 8 A 20 H. Y SÁBADOS DE 8 A 15 H.EXCEPTO CARGA Y DESCARGA MÁX 45 MIN;-3.7070071160;40.4306063280
0702007;440029.4100000000;4475922.2400000000;28/03/23;7 Chamberí;72 Arapiles;CONDE DEL VALLE DE SUCHIL, PLAZA, DEL;18;Carga y descarga 360;Línea;4;19,2;lab. de 9 a 14 h y de 16,30 a 20 h excepto:[ CARGA Y DESCARGA] MÁXIMO 45 MINUTOS;-3.7070338150;40.4317796310
0702008;440239.9500000000;4476388.8900000000;20/10/22;7 Chamberí;72 Arapiles;DONOSO CORTES, CALLE, DE;1;Carga y descarga 360;Línea;3;19,4;LABORABLES DE 8 A 14 H. Y DE 16,30 A 19 H. EXCEPTO CARGA Y DESCARGA MÁX 45 MIN;-3.7045957080;40.4359982620
0702009;440175.3800000000;4476401.3700000000;28/03/23;7 Chamberí;72 Arapiles;DONOSO CORTES, CALLE, DE;8;Carga y descarga 360;Línea;3;14,2;LAB. DE 9 A 20 H EXCEPTO CARGA Y  MÁXIMO 45 MINUTOS;-3.7053580280;40.4361058060
0702010;440034.6100000000;4476399.4900000000;14/09/22;7 Chamberí;72 Arapiles;DONOSO CORTES, CALLE, DE;13;Carga y descarga 360;Línea;4;19,8;LABORABLES DE 8 A 14 H.Y DE 16,30 A 19 H. EXCEPTO CARGA Y DESCARGA MÁX 45 MIN;-3.7070174290;40.4360787050
0702011;439929.1900000000;4476414.9600000000;19/09/22;7 Chamberí;72 Arapiles;DONOSO CORTES, CALLE, DE;26;Carga y descarga 360;Línea;3;15,3;LABORABLES DE 9 A 20 H.EXCEPTO CARGA Y DESCARGA MÁXIMO 45 MINUTOS;-3.7082618360;40.4362102560
0702012;439748.1600000000;4476418.2400000000;19/09/22;7 Chamberí;72 Arapiles;DONOSO CORTES, CALLE, DE;35;Carga y descarga 360;Línea;3;16,7;LAB. DE 8 A 14 H. Y DE 16,30 A 19 H. EXCEPTO CARGA Y DESCARGA MÁXIMO 45 MINUTOS;-3.7103964470;40.4362273300
0702013;439790.8500000000;4476424.7800000000;29/03/23;7 Chamberí;72 Arapiles;DONOSO CORTES, CALLE, DE;40;Carga y descarga 360;Batería;4;15,4;LAB. DE 9 A 14 H. Y DE 16,30 A 20 H. EXCEPTO CARGA Y DESCARGA MÁXIMO 45 MINUTOS;-3.7098937340;40.4362888090
0702014;439688.9100000000;4476431.3700000000;29/03/23;7 Chamberí;72 Arapiles;DONOSO CORTES, CALLE, DE;50;Carga y descarga 360;Batería;5;13,2;LAB. DE 8 A 14 H.Y DE 16,30 A 19 H. EXCEPTO CARGA Y DESCARGA MÁXIMO 45 MINUTOS;-3.7110960860;40.4363406610
0702015;440049.6000000000;4476260.6300000000;19/09/22;7 Chamberí;72 Arapiles;ESCOSURA, CALLE, DE;10;Carga y descarga 360;Línea;3;17,8;LABORABLES DE 9 A 20 HORAS EXCEPTO CARGA Y DESCARGA. MÁX 45 MIN;-3.7068276650;40.4348292560
0702016;440164.9200000000;4476277.8600000000;19/09/22;7 Chamberí;72 Arapiles;FERNANDEZ DE LOS RIOS, CALLE, DE;12;Carga y descarga 360;Línea;3;16;LAB. DE 9 A 20 H.EXCEPTO: CARGA Y DESCARGA. MÁX 45 MIN;-3.7054697550;40.4349929500
0702017;440064.5000000000;4476285.0200000000;23/09/22;7 Chamberí;72 Arapiles;FERNANDEZ DE LOS RIOS, CALLE, DE;24;Carga y descarga 360;Línea;2;10,8;LABORABLES DE 7 A 20 HORAS EXCEPTO CARGA Y DESCARGA MÁXIMO 45 MINUTOS ;-3.7066542880;40.4350497300
0702018;439785.1300000000;4476307.0200000000;20/09/22;7 Chamberí;72 Arapiles;FERNANDEZ DE LOS RIOS, CALLE, DE;46;Carga y descarga 360;Línea;3;16,7;LAB. DE 8 A 14 H. Y DE 16.30 A 19 H. EXCEPTO CARGA Y DESCARGA MÁXIMO 45 MINUTOS;-3.7099500560;40.4352276340
0702019;439680.6600000000;4476313.5500000000;20/09/22;7 Chamberí;72 Arapiles;FERNANDEZ DE LOS RIOS, CALLE, DE;58;Carga y descarga 360;Línea;2;14,69;LAB. DE 8 A 14 H. Y DE 16,30 A 19 H. EXCEPTO CARGA Y DESCARGA MÁXIMO 45 MINUTOS;-3.7111823160;40.4352791430
0702020;440094.7400000000;4476142.1400000000;20/09/22;7 Chamberí;72 Arapiles;FERNANDO EL CATOLICO, CALLE, DE;3;Carga y descarga 360;Línea;3;15;LABORABLES DE 9 A 20 HORAS EXCEPTO  CARGA Y DESCARGA. MÁX 45 MIN;-3.7062843870;40.4337649300
0702021;440027.9900000000;4476148.1900000000;20/09/22;7 Chamberí;72 Arapiles;FERNANDO EL CATOLICO, CALLE, DE;11;Carga y descarga 360;Línea;3;13,4;LABORABLES DE 8 A 14 H.Y DE 16,30 A 19 H. EXCEPTO CARGA Y DESCARGA. MÁXIMO  45 MINUTOS;-3.7070718020;40.4338149490
0702022;439934.4500000000;4476156.7100000000;20/09/22;7 Chamberí;72 Arapiles;FERNANDO EL CATOLICO, CALLE, DE;17;Carga y descarga 360;Línea;3;14,15;LABORABLES DE 8 A14 H. Y DE 16:30 A 19 H. EXCEPTO CARGA Y DESCARGA MÁXIMO 45 MINUTOS;-3.7081754340;40.4338842200
0702023;439671.0100000000;4476181.5100000000;20/09/22;7 Chamberí;72 Arapiles;FERNANDO EL CATOLICO, CALLE, DE;34;Carga y descarga 360;Línea;2;11;LAB. DE 8 A 14 H.Y DE 16,30 A 19 H.EXCEPTO CARGA YDESCARGA MÁXIMO 45 MINUTOS;-3.7112834430;40.4340884790
0702024;439729.5400000000;4475759.9100000000;21/09/22;7 Chamberí;72 Arapiles;GALILEO, CALLE, DE;1;Carga y descarga 360;Batería;3;14;LABORABLES DE 8 A 14 H. Y DE 16,30 A 19 H. EXCEPTO CARGA Y DESCARGA MÁXIMO 45 MINUTOS;-3.7105533800;40.4302953260
0702025;439742.0900000000;4475831.2800000000;21/09/22;7 Chamberí;72 Arapiles;GALILEO, CALLE, DE;12;Carga y descarga 360;Línea;3;13,4;LABORABLES DE 8 A 14 H. Y DE 16,30 A 19 H. EXCEPTO CARGA Y DESCARGA MÁXIMO 45 MINUTOS;-3.7104122610;40.4309393880
0702026;439745.6000000000;4475896.5100000000;21/09/22;7 Chamberí;72 Arapiles;GALILEO, CALLE, DE;16;Carga y descarga 360;Línea;2;9;LABORABLES DE 8 A 14 H. Y DE 16,30 A 19 H. EXCEPTO CARGA Y DESCARGA MÁXIMO 45 MINUTOS;-3.7103770810;40.4315271860
0702027;439737.9100000000;4475935.9900000000;21/09/22;7 Chamberí;72 Arapiles;GALILEO, CALLE, DE;19;Carga y descarga 360;Línea;2;11,7;LABORABLES DE 8 A 14 H. Y DE 16,30 A 19 H.EXCEPTO CARGA Y DESCARGA MÁXIMO 45 MINUTOS;-3.7104715620;40.4318819040
0702028;439751.5700000000;4476025.7400000000;31/03/23;7 Chamberí;72 Arapiles;GALILEO, CALLE, DE;32;Carga y descarga 360;Línea;4;19,2;LAB. DE 8 A 14 H. Y DE 16,30 A 19 H. EXCEPTO CARGA Y DESCARGA MÁX 45 MIN;-3.7103189260;40.4326913790
0702029;439758.4900000000;4476152.7000000000;21/09/22;7 Chamberí;72 Arapiles;GALILEO, CALLE, DE;44;Carga y descarga 360;Línea;6;30;LAB. DE 8 A 14 H. Y DE 16,30 A 19 H. EXCEPTO CARGA Y DESCARGA MÁX 45 MIN;-3.7102494260;40.4338352890
0702030;439758.5300000000;4476320.8300000000;21/09/22;7 Chamberí;72 Arapiles;GALILEO, CALLE, DE;53;Carga y descarga 360;Línea;2;11,36;LABORABLES DE 9 A 20 H EXCEPTO CARGA Y DESCARGA EN LINEA MÁX 45 MIN;-3.7102648390;40.4353500750
0702031;439774.9500000000;4476401.7500000000;26/09/22;7 Chamberí;72 Arapiles;GALILEO, CALLE, DE;72;Carga y descarga 360;Línea;3;19,4;LAB. DE 8 A 14 H. Y DE 16,30 A 19 H. EXCEPTO CARGA Y DESCARGA MÁX 45 MIN;-3.7100789710;40.4360800230
0702032;439783.8000000000;4476540.5500000000;23/09/22;7 Chamberí;72 Arapiles;GALILEO, CALLE, DE;86;Carga y descarga 360;Batería;3;14,1;LABORABLES DE 8 A 20 HORAS. EXCEPTO CARGA Y DESCARGA MÁX 45 MIN;-3.7099878140;40.4373310760
0702033;439787.0300000000;4476592.9500000000;23/09/22;7 Chamberí;72 Arapiles;GALILEO, CALLE, DE;90;Carga y descarga 360;Línea;2;12;LABORABLES DE 8 A 14 H. Y DE 16,30 A 19 H. EXCEPTO CARGA Y DESCARGA MÁX 45 MIN ;-3.7099547540;40.4378039960
0702034;439792.9100000000;4476684.2500000000;23/09/22;7 Chamberí;72 Arapiles;GALILEO, CALLE, DE;100;Carga y descarga 360;Línea;3;17,2;LABORABLES DE 8 A 14 H. Y DE 16,30 A 19 H. EXCEPTO CARGA Y DESCARGA MÁX 45 MIN;-3.7098940780;40.4386264190
0702035;439778.5200000000;4476456.4800000000;26/09/22;7 Chamberí;72 Arapiles;GALILEO, CALLE, DE;74 B;Carga y descarga 360;Línea;1;6,8;LABORABLES DE 8 A 14H.Y DE 16.30 A 19 H.EXCEPTO CARGA Y DESCARGA MÁX 45 MIN;-3.7100420730;40.4365733400
0702036;439939.7000000000;4476553.8800000000;22/09/22;7 Chamberí;72 Arapiles;JOAQUIN MARIA LOPEZ, CALLE, DE;4;Carga y descarga 360;Línea;3;15;LABORABLES DE 8 A 14 H. Y DE 16.30 A 19 H.  EXCEPTO CARGA Y DESCARGA MÁXIMO 45 MINUTOS;-3.7081510260;40.4374627420
0702037;439749.7400000000;4476557.8100000000;29/03/23;7 Chamberí;72 Arapiles;JOAQUIN MARIA LOPEZ, CALLE, DE;15;Carga y descarga 360;Batería;4;12,5;LAB. DE 9 A 20 H. EXCEPTO CARGA Y DESCARGA MÁXIMO 45 MINUTOS;-3.7103909470;40.4374845720
0702038;439802.0800000000;4476563.2800000000;30/03/23;7 Chamberí;72 Arapiles;JOAQUIN MARIA LOPEZ, CALLE, DE;16;Carga y descarga 360;Línea;3;14,4;LABORABLES DE 9 A 20 HORAS EXCEPTO CARGA Y DESCARGA MÁX 45 MIN ;-3.7097744440;40.4375373410
0702039;439698.4300000000;4476570.3800000000;22/09/22;7 Chamberí;72 Arapiles;JOAQUIN MARIA LOPEZ, CALLE, DE;24;Carga y descarga 360;Línea;3;15,8;LABORABLES DE 8 A 14 H.Y DE 16,30 A 19 H. EXCEPTO CARGA Y DESCARGA MÁXIMO 45 MINUTOS;-3.7109970220;40.4375937770
0702040;440176.5400000000;4475996.3300000000;11/09/24;7 Chamberí;72 Arapiles;MAGALLANES, CALLE, DE;1;Carga y descarga 360;Línea;3;13;LABORABLES DE 8 A 14 H. Y DE 16:30 A 19 H. EXCEPTO CARGA Y DESCARGA MÁXIMO 45 MINUTOS;-3.7053062900;40.4324571540
0702041;440146.2300000000;4476159.1300000000;22/09/22;7 Chamberí;72 Arapiles;MAGALLANES, CALLE, DE;9;Carga y descarga 360;Línea;5;25;LABORABLES DE 8 A 14 H. Y DE 16,30 A 19 H. EXCEPTO CARGA Y DESCARGA MÁXIMO 45 MINUTOS;-3.7056788270;40.4339214040
0702042;440143.7900000000;4476293.3800000000;22/09/22;7 Chamberí;72 Arapiles;MAGALLANES, CALLE, DE;19;Carga y descarga 360;Línea;2;11,6;LAB. DE 9 A 20 H. EXCEPTO CARGA Y DESCARGA MÁXIMO 45 MINUTOS;-3.7057202520;40.4351312050
0702043;440150.4900000000;4476253.4500000000;31/03/23;7 Chamberí;72 Arapiles;MAGALLANES, CALLE, DE;32;Carga y descarga 360;Batería;6;17,99;LABORABLES DE 8 A 14 H. Y DE 16,30 A 19 H. EXCEPTO CARGA Y DESCARGA MÁXIMO 45 MINUTOS ;-3.7056375170;40.4347720180
0702044;440161.5200000000;4476413.6400000000;22/09/22;7 Chamberí;72 Arapiles;MAGALLANES, CALLE, DE;42;Carga y descarga 360;Línea;2;10;LABORABLES DE 8 A 14 H Y DE 16.30 A 19.00 H. EXCEPTO CARGA Y DESCARGA MÁXIMO 45 MINUTOS;-3.7055226390;40.4362157570
0702045;439727.5000000000;4476046.8600000000;23/09/22;7 Chamberí;72 Arapiles;MELENDEZ VALDES, CALLE, DE;11;Carga y descarga 360;Batería;3;13,9;LAB. DE 8 A 14 H. Y DE 16,30 A 19 H. EXCEPTO CARGA Y DESCARGA EN LINEA MÁX 45 MIN;-3.7106047180;40.4328799390
0702046;439730.8800000000;4476055.5900000000;23/09/22;7 Chamberí;72 Arapiles;MELENDEZ VALDES, CALLE, DE;22;Carga y descarga 360;Línea;2;10,7;LABORABLES DE 8 A 14 H.Y DE 16,30 A 19 H.EXCEPTO CARGA Y DESCARGA MÁX 45 MIN;-3.7105656990;40.4329590070
0702047;439949.2100000000;4475893.0100000000;23/09/22;7 Chamberí;72 Arapiles;RODRIGUEZ SAN PEDRO, CALLE, DE;7;Carga y descarga 360;Línea;3;18;LABORABLES DE 8 A 14 H. Y DE 16,30 A 19 H. EXCEPTO CARGA Y DESCARGA MÁX 45 MIN ;-3.7079765030;40.4315102830
0702048;439720.8400000000;4475911.3100000000;23/09/22;7 Chamberí;72 Arapiles;RODRIGUEZ SAN PEDRO, CALLE, DE;19;Carga y descarga 360;Línea;3;15;LABORABLES DE 8 A 14 H. Y DE 16,30 A 19 H.EXCEPTO CARGA Y DESCARGA. MÁX 45 MIN;-3.7106703780;40.4316586800
0702049;439764.6600000000;4475917.2400000000;27/09/22;7 Chamberí;72 Arapiles;RODRIGUEZ SAN PEDRO, CALLE, DE;26;Carga y descarga 360;Línea;3;18,6;LABORABLES DE 8 A 14 H. Y DE 16,30 A 19 H.EXCEPTO CARGA Y DESCARGA MÁX 45 MIN;-3.7101544300;40.4317146000
0702050;439651.0900000000;4475924.2400000000;31/03/23;7 Chamberí;72 Arapiles;RODRIGUEZ SAN PEDRO, CALLE, DE;36;Carga y descarga 360;Batería;5;15;LABORABLES DE 8 A 14 H. Y DE 16,30 A 19 H. EXCEPTO CARGA Y DESCARGA MÁX 45 MIN;-3.7114938330;40.4317702340
0702051;440100.9900000000;4475703.7000000000;28/09/22;7 Chamberí;72 Arapiles;RUIZ JIMENEZ, GLORIETA, DE;2;Carga y descarga 360;Línea;2;10,3;LABORABLES DE 8 A 14 H. Y DE 16,30 A 19 H. EXCEPTO CARGA Y DESCARGA MÁX 45 MIN;-3.7061692790;40.4298160470
0702052;439868.1600000000;4475772.5800000000;30/03/23;7 Chamberí;72 Arapiles;VALLEHERMOSO, CALLE, DE;4;Carga y descarga 360;Línea;2;10,7;LABORABLES DE 8 A 15H. EXCEPTO CARGA Y DESCARGA MÁX 45 MIN;-3.7089205650;40.4304191430
0702053;439868.5700000000;4475924.5800000000;27/09/22;7 Chamberí;72 Arapiles;VALLEHERMOSO, CALLE, DE;17;Carga y descarga 360;Línea;3;17,05;LABORABLES DE 8 A 14 H. Y DE 16,30 A 19 H. EXCEPTO CARGA Y DESCARGA MÁX 45 MIN;-3.7089300760;40.4317885120
0702054;439889.3600000000;4476065.8100000000;26/09/22;7 Chamberí;72 Arapiles;VALLEHERMOSO, CALLE, DE;28;Carga y descarga 360;Línea;3;15;LAB. DE 8 A 14 H.Y DE 16,30 A 19 H.EXCEPTO CARGA YDESCARGA MÁXOMO 45 MINUTOS;-3.7086983150;40.4330625980
0702055;439875.4100000000;4476016.0800000000;26/09/22;7 Chamberí;72 Arapiles;VALLEHERMOSO, CALLE, DE;29;Carga y descarga 360;Línea;2;11;LABORABLES DE 8 A 14 H. Y DE 16:30 A 19 H. EXCEPTO CARGA Y DESCARGA MÁXIMO 45 MINUTOS;-3.7088581700;40.4326135710
0702056;439897.9300000000;4476190.8400000000;26/09/22;7 Chamberí;72 Arapiles;VALLEHERMOSO, CALLE, DE;36;Carga y descarga 360;Línea;5;24;LABORABLES DE 8 A 18 HORAS EXCEPTO CARGA Y DESCARGA MÁXIMO 45 MINUTOS;-3.7086092200;40.4341891480
0702057;439903.5100000000;4476269.1000000000;26/09/22;7 Chamberí;72 Arapiles;VALLEHERMOSO, CALLE, DE;42;Carga y descarga 360;Línea;3;14,1;LAB. DE 8 A 14 H. Y DE 16,30 A 19 H. EXCEPTO CARGA Y DESCARGA MÁXIMO 45 MINUTOS;-3.7085507210;40.4348946310
0702058;439896.7400000000;4476313.0800000000;31/03/23;7 Chamberí;72 Arapiles;VALLEHERMOSO, CALLE, DE;49;Carga y descarga 360;Batería;3;12;LABORABLES  DE 8 A 14 H. Y DE 16:30 A 19 H. EXCEPTO CARGA Y DESCARGA MÁXIMO 45 MINUTOS;-3.7086347170;40.4352907740
0702059;439905.2400000000;4476430.7400000000;26/09/22;7 Chamberí;72 Arapiles;VALLEHERMOSO, CALLE, DE;53;Carga y descarga 360;Batería;7;17,4;LABORABLES DE 8 A 14 H. Y DE 16:30 A 19 H. EXCEPTO CARGA Y DESCARGA MÁXIMO 45 MINUTOS;-3.7085456220;40.4363513180
0702060;439921.7700000000;4476662.0800000000;26/09/22;7 Chamberí;72 Arapiles;VALLEHERMOSO, CALLE, DE;79;Carga y descarga 360;Línea;5;21,4;LABORABLES DE LUNES A VIERNES DE 8 A 20 H. EXCEPTO CARGA Y DESCARGA MÁXIMO 45 MINUTOS;-3.7083726460;40.4384363120
0702061;440153.7700000000;4475794.1800000000;11/10/24;7 Chamberí;72 Arapiles;SAN BERNARDO, CALLE, DE;99;Carga y descarga 360;Línea;3;18;LABORABLES DE LUNES A SÁBADO DE 8 A 14:30 H. EXCEPTO CARGA Y DESCARGA MÁXIMO 45 MINUTOS;-3.7055555840;40.4306342880
0703001;440428.2400000000;4475840.8500000000;10/04/23;7 Chamberí;73 Trafalgar;ALBURQUERQUE, CALLE, DE;4;Carga y descarga 360;Línea;6;17,3;LABORABLES DE 7 A 15 H Y DE 17 A 20 H EXCEPTO CARGA Y DESCARGA MÁXIMO 45 MINUTOS;-3.7023243310;40.4310747780
0703002;440540.8400000000;4475849.0800000000;15/09/22;7 Chamberí;73 Trafalgar;ALBURQUERQUE, CALLE, DE;14;Carga y descarga 360;Línea;3;15;LABORABLES DE 8 A 14 H. Y DE 16,30 A 19 H. EXCEPTO CARGA Y DESCARGA MÁX 45 MIN ;-3.7009977620;40.4311572270
0703003;440267.4900000000;4476179.7900000000;11/10/24;7 Chamberí;73 Trafalgar;BRAVO MURILLO, CALLE, DE;2;Carga y descarga 360;Línea;2;12;LABORABLES DE 8 A 14 H. Y DE 16:30 A 19 H. EXCEPTO CARGA Y DESCARGA MÁXIMO 45 MINUTOS;-3.7042511890;40.4341166690
0703004;440273.6600000000;4476351.1600000000;13/09/22;7 Chamberí;73 Trafalgar;BRAVO MURILLO, CALLE, DE;18;Carga y descarga 360;Línea;3;14,7;LABORABLES DE 8 A 14 H. Y DE 16,30 A 19 H. EXCEPTO CARGA Y DESCARGA, MÁX 45 MIN;-3.7041945800;40.4356606180
0703005;440489.6600000000;4475677.4800000000;13/04/23;7 Chamberí;73 Trafalgar;CARDENAL CISNEROS, CALLE, DEL;3;Carga y descarga 360;Línea;4;20,9;LABORABLES DE 8 A 14 H. Y DE 16,30 A 19 H. EXCEPTO CARGA Y DESCARGA MÁX 45 MIN;-3.7015851010;40.4296077770
0703006;440468.0700000000;4475820.0400000000;13/09/22;7 Chamberí;73 Trafalgar;CARDENAL CISNEROS, CALLE, DEL;24;Carga y descarga 360;Línea;4;20;LABORABLES DE 9 A 20H. EXCEPTO CARGA Y DESCARGA. MÁX 45 MIN ;-3.7018529020;40.4308901710
0703007;440438.9200000000;4475970.5000000000;10/04/23;7 Chamberí;73 Trafalgar;CARDENAL CISNEROS, CALLE, DEL;42;Carga y descarga 360;Línea;3;15;lab. de 9 a 20 h.excepto: CARGA Y DESCARGA MÁXIMO 45 MINUTOS;-3.7022105420;40.4322432680
0703008;440418.8900000000;4476075.4100000000;13/09/22;7 Chamberí;73 Trafalgar;CARDENAL CISNEROS, CALLE, DEL;50;Carga y descarga 360;Línea;3;15;LABORABLES DE 8 A 17 H. EXCEPTO CARGA Y DESCARGA. MÁX 45 MIN;-3.7024565700;40.4331871590
0703009;440377.2800000000;4476276.7600000000;15/09/22;7 Chamberí;73 Trafalgar;CARDENAL CISNEROS, CALLE, DEL;72;Carga y descarga 360;Línea;2;9,5;lab. de 9 a 20 h.excepto: CARGA Y DESCARGA MÁXIMO 45 MINUTOS;-3.7029660440;40.4349982790
0703010;440678.8200000000;4476227.4100000000;13/06/24;7 Chamberí;73 Trafalgar;CASTILLO, CALLE, DEL;28;Carga y descarga 360;Línea;2;8;LABORABLES DE 8 A 14 H. Y DE 16:30 A 19 H. EXCEPTO CARGA Y DESCARGA MÁXIMO 45 MINUTOS;-3.6994064290;40.4345750350
0703011;440844.8000000000;4475638.5600000000;23/09/22;7 Chamberí;73 Trafalgar;COVARRUBIAS, CALLE, DE;12;Carga y descarga 360;Batería;3;15;LABORABLES DE 8 A 17 HORAS EXCEPTO CARGA Y DESCARGA MÁX 45 MIN;-3.6973948320;40.4292824520
0703012;440798.8600000000;4475783.9400000000;23/09/22;7 Chamberí;73 Trafalgar;COVARRUBIAS, CALLE, DE;23;Carga y descarga 360;Línea;3;15;LABORABLES DE 8 A 17 H. EXCEPTO CARGA Y DESCARGA MÁX 45 MIN;-3.6979499710;40.4305887380
0703013;440765.4900000000;4475908.2400000000;23/09/22;7 Chamberí;73 Trafalgar;COVARRUBIAS, CALLE, DE;37;Carga y descarga 360;Línea;3;13,8;LABORABLES DE 8 A 17 HORAS EXCEPTO CARGA Y DESCARGA MÁX 45 MIN;-3.6983549370;40.4317054900
0703014;440564.0900000000;4475687.2800000000;23/09/22;7 Chamberí;73 Trafalgar;EGUILAZ, CALLE, DE;13;Carga y descarga 360;Línea;3;18,2;LABORABLES DE 8 A 14 H. Y DE 16,30 A 19 H. EXCEPTO CARGA Y DESCARGA MÁX 45 MIN;-3.7007084760;40.4297012840
0703015;440643.0500000000;4475728.1600000000;10/04/23;7 Chamberí;73 Trafalgar;FRANCISCO DE ROJAS, CALLE, DE;12;Carga y descarga 360;Línea;4;25,3;LABORABLES DE 8 A 14 H. Y DE 16,30 A 19 H. EXCEPTO CARGA Y DESCARGA MÁX 45 MIN;-3.6997814870;40.4300747380
0703016;440398.4000000000;4475674.1700000000;23/09/22;7 Chamberí;73 Trafalgar;FUENCARRAL, CALLE, DE;111;Carga y descarga 360;Línea;1;7,7;EXCEPTO CARGA Y DESCARGA DE LUNES A VIERNES DE 8,30 A 21 H MÁX 45 MIN   SÁBADOS, DOMINGOS Y FESTIVOS DE 9 A 21 HORAS ;-3.7026606000;40.4295714520
0703017;440406.9800000000;4475695.4800000000;23/09/22;7 Chamberí;73 Trafalgar;FUENCARRAL, CALLE, DE;116;Carga y descarga 360;Línea;5;26,8;EXCEPTO CARGA Y DESCARGA DE LUNES A VIERNES DE 8,30 A 21 H MÁX 45 MIN  SÁBADOS DOMINGOS Y FESTIVOS DE 9 A 21 HORAS;-3.7025614210;40.4297637940
0703018;440363.4200000000;4475791.4400000000;28/06/23;7 Chamberí;73 Trafalgar;FUENCARRAL, CALLE, DE;123;Carga y descarga 360;Línea;15;78,1;LABORABLES DE LUNES A VIERNES DE 8:30 A 21 HORAS EXCEPTO CARGA Y DESCARGA. MÁX 45 MIN SÁBADOS, DOMINGOS Y FESTIVOS DE 9 A 21 HORAS ;-3.7030838440;40.4306251780
0703019;440379.1700000000;4475780.7200000000;30/09/22;7 Chamberí;73 Trafalgar;FUENCARRAL, CALLE, DE;126;Carga y descarga 360;Línea;9;46;EXCEPTO CARGA Y DESCARGA DE LUNES A VIERNES 8.30 A 21 H.  MÁX 45 MIN  SÁBADOS, DOMINGOS Y FESTIVOS DE 9 A 21 HORAS ;-3.7028972320;40.4305294940
0703021;440315.2000000000;4475941.3100000000;11/04/23;7 Chamberí;73 Trafalgar;FUENCARRAL, CALLE, DE;135;Carga y descarga 360;Línea;8;45,4;LAB. DE LUNES A VIERNES DE 8,30 A 21 H EXCEPTO CARGA Y DESCARGA MÁXIMO 45 MINUTOS   SÁBADOS, DOMINGOS Y FESTIVOS DE 9 A 21 HORAS;-3.7036663710;40.4319716860
0703022;440337.2300000000;4475872.8500000000;30/09/22;7 Chamberí;73 Trafalgar;FUENCARRAL, CALLE, DE;136;Carga y descarga 360;Línea;2;11,5;EXCEPTO CARGA Y DESCARGA DE LUNES A VIERNES DE  8,30 A 21 H MÁX 45 MIN SÁBADOS, DOMINGOS Y FESTIVOS DE 9 A 21 HORAS;-3.7034002320;40.4313563870
0703023;440293.4500000000;4476008.8400000000;11/04/23;7 Chamberí;73 Trafalgar;FUENCARRAL, CALLE, DE;143;Carga y descarga 360;Línea;10;52,5;LABORABLES DE LUNES A VIERNES DE 8,30 A 21 H EXCEPTO CARGA Y DESCARGA MÁX 45 MIN;-3.7039291860;40.4325781620
0703024;440297.3100000000;4476519.9500000000;28/09/22;7 Chamberí;73 Trafalgar;GARCIA DE PAREDES, CALLE, DE;1;Carga y descarga 360;Línea;3;18,2;LABORABLES DE 8 A 14 H. Y DE 16,30 A 19 H. EXCEPTO CARGA Y DESCARGA MÁX 45 MIN;-3.7039317070;40.4371826800
0703025;440349.7800000000;4476503.9800000000;11/04/23;7 Chamberí;73 Trafalgar;GARCIA DE PAREDES, CALLE, DE;8;Carga y descarga 360;Línea;3;17,1;LABORABLES DE 8 A 14 H.Y DE 16,30 A 19 H. EXCEPTO CARGA Y DESCARGA MÁX 45 MIN;-3.7033115380;40.4370429360
0703026;440512.5200000000;4476482.9900000000;11/04/23;7 Chamberí;73 Trafalgar;GARCIA DE PAREDES, CALLE, DE;18;Carga y descarga 360;Línea;3;15;LABORABLES DE 8 A 14 H.Y DE 16,30 A 19 H. EXCEPTO CARGA Y DESCARGA MÁX 45 MIN;-3.7013909830;40.4368657770
0703027;440650.3600000000;4476464.8900000000;28/09/22;7 Chamberí;73 Trafalgar;GARCIA DE PAREDES, CALLE, DE;30;Carga y descarga 360;Línea;2;10,67;LABORABLES DE 8 A 14 H.Y DE 16,30 A 19 H. EXCEPTO CARGA Y DESCARGA MÁXIMO 45 MINUTOS;-3.6997640700;40.4367125680
0703028;440662.0700000000;4475862.4100000000;28/09/22;7 Chamberí;73 Trafalgar;GARCILASO, CALLE, DE;1;Carga y descarga 360;Línea;2;9,1;LABORABLES DE 8 A 14 H. Y DE 16,30 A 19 H. EXCEPTO CARGA Y DESCARGA MÁXIMO 45 MINUTOS;-3.6995697800;40.4312851680
0703029;440405.8400000000;4476410.5600000000;28/09/22;7 Chamberí;73 Trafalgar;GENERAL ALVAREZ DE CASTRO, CALLE, DEL;23;Carga y descarga 360;Línea;3;13;LAB. DE 9 A 20 H. EXCEPTO CARGA Y DESCARGA MÁXIMO 45 MINUTOS;-3.7026419220;40.4362048700
0703030;440306.2400000000;4475865.8700000000;28/09/22;7 Chamberí;73 Trafalgar;JERONIMO DE LA QUINTANA, CALLE, DE;1;Carga y descarga 360;Línea;3;19,41;LABORABLES DE 8 A 17 HORAS EXCEPTO CARGA Y DESCARGA MÁXIMO 45 MINUTOS;-3.7037649770;40.4312914710
0703031;440234.8900000000;4475872.4600000000;10/04/23;7 Chamberí;73 Trafalgar;JERONIMO DE LA QUINTANA, CALLE, DE;11;Carga y descarga 360;Línea;2;10,64;LABORABLES DE 8 A 12 H Y DE 14.30 A 16.30 H EXCEPTO CARGA Y DESCARGA MÁXIMO 45 MINUTOS;-3.7046067660;40.4313455010
0703033;440379.0300000000;4476668.2700000000;28/09/22;7 Chamberí;73 Trafalgar;JOSE ABASCAL, CALLE, DE;4;Carga y descarga 360;Línea;3;15;LABORABLES DE 8 A 14 H. Y DE 16,30 A 19 H. EXCEPTO CARGA Y DESCARGA MÁXIMO 45 MINUTOS ;-3.7029820870;40.4385250060
0703034;440702.8600000000;4475907.8800000000;11/04/23;7 Chamberí;73 Trafalgar;JUAN DE AUSTRIA, CALLE, DE;1;Carga y descarga 360;Línea;2;12;LABORABLES DE 9 A 20 HORAS CARGA Y DESCARGA MÁX 45 MIN;-3.6990931930;40.4316980420
0703036;440648.9600000000;4476085.8200000000;22/07/25;7 Chamberí;73 Trafalgar;JUAN DE AUSTRIA, CALLE, DE;17;Carga y descarga 360;Línea;3;17;LABORABLES DE 8 A 17 HORAS EXCEPTO CARGA Y DESCARGA MÁX 45 MIN;-3.6997452770;40.4332974530
0703037;440631.7600000000;4476142.3400000000;30/09/22;7 Chamberí;73 Trafalgar;JUAN DE AUSTRIA, CALLE, DE;25;Carga y descarga 360;Línea;2;12;LABORABLES DE 8 A 14 H. EXCEPTO CARGA Y DESCARGA MÁX 45 MIN;-3.6999533180;40.4338052090
0703038;440614.2400000000;4476199.4900000000;13/04/23;7 Chamberí;73 Trafalgar;JUAN DE AUSTRIA, CALLE, DE;33;Carga y descarga 360;Línea;3;15,9;LABORABLES DE 8 A 17 HORAS EXCEPTO CARGA Y DESCARGA MÁX 45 MIN;-3.7001651970;40.4343190370
0703039;440752.0700000000;4475622.7100000000;01/10/22;7 Chamberí;73 Trafalgar;MANUEL SILVELA, CALLE, DE;6;Carga y descarga 360;Línea;3;15;LABORABLES DE 8 A 17 H. EXCEPTO CARGA Y DESCARGA MÁX 45 MIN;-3.6984864880;40.4291328520
0703040;440681.9000000000;4475790.8400000000;01/10/22;7 Chamberí;73 Trafalgar;MANUEL SILVELA, CALLE, DE;18;Carga y descarga 360;Línea;3;18,5;LABORABLES DE 8 A 17 HORAS, EXCEPTO CARGA Y DESCARGA MÁX 45 MIN;-3.6993294810;40.4306425960
0703041;440230.9900000000;4475683.7300000000;01/10/22;7 Chamberí;73 Trafalgar;MONTELEON, CALLE, DE;32;Carga y descarga 360;Línea;4;20;LABORABLES DE 8 A 14 H. Y DE 16,30 A 19 H. EXCEPTO CARGA Y DESCARGA MÁX 45 MIN;-3.7046349560;40.4296450190
0703042;440674.2400000000;4475664.3600000000;30/09/22;7 Chamberí;73 Trafalgar;NICASIO GALLEGO, CALLE, DE;8;Carga y descarga 360;Línea;3;17,4;LABORABLES DE 8 A 17 HORAS EXCEPTO CARGA Y DESCARGA MÁX 45 MIN;-3.6994079760;40.4295026970
0703043;440755.4100000000;4475663.6900000000;12/04/23;7 Chamberí;73 Trafalgar;NICASIO GALLEGO, CALLE, DE;14;Carga y descarga 360;Línea;3;13,1;LABORABLES DE 8 A17 H. EXCEPTO CARGA Y DESCARGA. MÁX 45 MIN;-3.6984510220;40.4295017230
0703044;440813.6000000000;4475669.9200000000;20/09/22;7 Chamberí;73 Trafalgar;NICASIO GALLEGO, CALLE, DE;20;Carga y descarga 360;Línea;3;15;LABORABLES DE 8 A17 H. EXCEPTO CARGA Y DESCARGA MÁX 45 MIN;-3.6977655350;40.4295622270
0703045;440550.2000000000;4475748.9400000000;21/09/22;7 Chamberí;73 Trafalgar;PALAFOX, CALLE, DE;1;Carga y descarga 360;Línea;2;10;LABORABLES DE 8 A 14 H. Y DE 16,30 A 19 H. EXCEPTO CARGA Y DESCARGA MÁXIMO 45 MINUTOS;-3.7008781290;40.4302551050
0703046;440494.8300000000;4475932.1600000000;29/12/23;7 Chamberí;73 Trafalgar;PALAFOX, CALLE, DE;25;Carga y descarga 360;Línea;3;14,74;LABORABLES DE LUNES A VIERNES DE 8 A 20 H. SÁBADOS DE 8 A 15 H. EXCEPTO CARGA Y DESCARGA MÁXIMO 45 MINUTOS;-3.7015479160;40.4319016710
0703049;440301.6100000000;4475714.8900000000;08/01/24;7 Chamberí;73 Trafalgar;SANDOVAL, CALLE, DE;9;Carga y descarga 360;Línea;2;10;LABORABLES DE 8 A 14 HORAS Y DE 16:30 A 19 HORAS EXCEPTO CARGA Y DESCARGA. MÁX 45 MINUTOS;-3.7038053130;40.4299310970
0703050;440250.6300000000;4475736.9200000000;04/11/22;7 Chamberí;73 Trafalgar;SANDOVAL, CALLE, DE;15;Carga y descarga 360;Línea;3;16;LABORABLES DE 8 A 14 H. Y DE 16,30 A 19 H. EXCEPTOCARGA Y DESCARGA MÁX 45 MIN;-3.7044084080;40.4301260750
0703051;440189.0000000000;4475752.7200000000;21/09/22;7 Chamberí;73 Trafalgar;SANDOVAL, CALLE, DE;20;Carga y descarga 360;Línea;3;16,2;LABORABLES DE 8 A 14 H.  Y DE 16,30 A 19 H. EXCEPTO CARGA Y DESCARGA MÁXIMO 45 MINUTOS ;-3.7051364660;40.4302639280
0703052;440793.1300000000;4476072.1300000000;13/04/23;7 Chamberí;73 Trafalgar;SANTA ENGRACIA, CALLE, DE;49;Carga y descarga 360;Línea;2;8,7;LABORABLES DE 8 A 14 Y DE 16:30 A 19 H. EXCEPTO CARGA Y DESCARGA MÁX 45 MIN;-3.6980443370;40.4331845230
0703053;440625.5100000000;4476595.6500000000;13/04/23;7 Chamberí;73 Trafalgar;SANTA ENGRACIA, CALLE, DE;113;Carga y descarga 360;Línea;5;25,3;LABORABLES DE 8 A 14 Y DE 16:30 A 19 H. EXCEPTO CARGA Y DESCARGA MÁX 45 MIN;-3.7000692840;40.4378886790
0703054;440589.1100000000;4476283.1600000000;12/04/23;7 Chamberí;73 Trafalgar;SANTISIMA TRINIDAD, CALLE, DE LA;3;Carga y descarga 360;Línea;3;15;LABORABLES DE LUNES A VIERNES DE 8 A 20 H. Y SÁBADOS DE 8 A 15 H.EXCEPTO CARGA Y DESCARGA MÁXIMO 45 MINUTOS;-3.7004692660;40.4350709870
0703055;440558.5200000000;4476392.3800000000;12/04/23;7 Chamberí;73 Trafalgar;SANTISIMA TRINIDAD, CALLE, DE LA;13;Carga y descarga 360;Batería;5;21;LABORABLES DE 8 A 14 H.Y DE 16,30 A 19 H. EXCEPTO CARGA Y DESCARGA MÁXIMO 45 MINUTOS;-3.7008401420;40.4360522350
0703056;440547.1100000000;4476464.8700000000;13/04/23;7 Chamberí;73 Trafalgar;SANTISIMA TRINIDAD, CALLE, DE LA;23;Carga y descarga 360;Línea;2;11,9;LAB. DE 9 A 20 H. EXCEPTO CARGA Y DESCARGA MÁXIMO 45 MINUTOS ;-3.7009814330;40.4367049480
0703057;440613.0600000000;4475822.9400000000;11/12/24;7 Chamberí;73 Trafalgar;TRAFALGAR, CALLE, DE;2;Carga y descarga 360;Línea;2;10;LAB. DE 8 A 14 H. Y DE 16:30 A 19 H. EXCEPTO CARGA Y DESCARGA MÁXIMO 45 MINUTOS;-3.7001438830;40.4309264970
0703059;440334.1500000000;4476383.0100000000;23/09/22;7 Chamberí;73 Trafalgar;VIRIATO, CALLE, DE;5;Carga y descarga 360;Línea;3;15;LABORABLES DE 8 A 14H Y DE 16.30 A 19 H. EXCEPTO CARGA Y DESCARGA MÁX 45 MIN;-3.7034845140;40.4359521960
0703060;440395.2600000000;4476378.7300000000;23/09/22;7 Chamberí;73 Trafalgar;VIRIATO, CALLE, DE;12;Carga y descarga 360;Línea;3;15;LABORABLES DE 8 A 14 H. Y DE 16,30 A 19 H. EXCEPTO CARGA Y DESCARGA MÁX 45 MIN ;-3.7027636180;40.4359181050
0703061;440678.6700000000;4476358.7300000000;23/09/22;7 Chamberí;73 Trafalgar;VIRIATO, CALLE, DE;42;Carga y descarga 360;Línea;3;17;LABORABLES DE 8 A 14 H.Y DE 16,30 A 19 H. EXCEPTO CARGA Y DESCARGA MÁX 45 MIN;-3.6994204670;40.4357575050
0703062;440338.9300000000;4475957.8800000000;16/01/23;7 Chamberí;73 Trafalgar;GONZALO DE CORDOBA, CALLE, DE;2;Carga y descarga 360;Línea;3;15;LABORABLES DE 8 A 17 HORAS EXCEPTO CARGA Y DESCARGA;-3.7033881990;40.4321223170
0703063;440389.8600000000;4475910.4900000000;23/12/24;7 Chamberí;73 Trafalgar;OLID, CALLE, DE;2;Carga y descarga 360;Línea;4;20;LABORABLES DE 8 A 14 H. Y DE 16,30 A 19 H. EXCEPTO CARGA Y DESCARGA MÁXIMO 45 MINUTOS;-3.7027834430;40.4316993020
0703065;440601.9000000000;4475856.5900000000;11/12/24;7 Chamberí;73 Trafalgar;TRAFALGAR, CALLE, DE;6;Carga y descarga 360;Línea;2;15;LAB. DE 8 A 14 H. Y DE 16:30 A 19 H. EXCEPTO CARGA Y DESCARGA MÁXIMO 45 MINUTOS;-3.7002787000;40.4312292480
0703067;440438.3300000000;4476360.5800000000;05/12/25;7 Chamberí;73 Trafalgar;GENERAL ALVAREZ DE CASTRO, CALLE, DEL;22;Carga y descarga 360;Línea;2;13;LABORABLES DE 8 A 14 H Y DE 16:30 A 19:00 H. SÁBADOS LABORABLES DE 8 A 14:00 EXCEPTO CARGA Y DESCARGA MÁXIMO 45 MINUTOS;-3.7022540870;40.4357574480
0703068;440486.4800000000;4476162.1400000000;25/02/26;7 Chamberí;73 Trafalgar;TRAFALGAR, CALLE, DE;35;Carga y descarga 360;Línea;2;13;LABORABLES DE LUNES A VIERNES DE 8 A 17 H. EXCEPTO CARGA Y DESCARGA MÁXIMO 45 MINUTOS;-3.7016678940;40.4339731430
0704001;440798.5700000000;4476306.4700000000;13/09/22;7 Chamberí;74 Almagro;ALONSO CANO, CALLE, DE;2;Carga y descarga 360;Línea;3;15;LABORABLES DE 8 A 14 HORAS Y DE 16.30 A 19 HORAS. EXCEPTO CARGA Y DESCARGA MÁX 45 MIN;-3.6980019950;40.4352959880
0704002;440803.9900000000;4476380.4300000000;13/09/22;7 Chamberí;74 Almagro;ALONSO CANO, CALLE, DE;8;Carga y descarga 360;Línea;5;27,3;LABORABLES DE 8 A 14 H. Y DE 16:30 A 19 H. EXCEPTO CARGA Y DESCARGA MÁXIMO 45 MINUTOS;-3.6979451000;40.4359627390
0704003;440808.4900000000;4476440.0100000000;13/09/22;7 Chamberí;74 Almagro;ALONSO CANO, CALLE, DE;12;Carga y descarga 360;Línea;4;22;LABORABLES DE 8 A 14 H. Y DE 16:30 A 19 H. EXCEPTO CARGA Y DESCARGA MÁXIMO 45 MINUTOS;-3.6978974880;40.4364992560
0704004;440804.5200000000;4476513.5100000000;13/09/22;7 Chamberí;74 Almagro;ALONSO CANO, CALLE, DE;23;Carga y descarga 360;Línea;3;16;LAB. DE 8 A 14 H Y DE 16.30 A 19 H EXCEPTO CARGA Y DESCARGA MÁXIMO 45 MINUTOS;-3.6979512310;40.4371614240
0704005;441211.4700000000;4475584.8400000000;02/06/25;7 Chamberí;74 Almagro;BLANCA DE NAVARRA, CALLE, DE;6;Carga y descarga 360;Línea;3;17;lab. de 8 a 14 h y de 16,30 a 19 h excepto:      CARGA Y                     DESCARGA MÁXIMO 45 MINUTOS;-3.6930674530;40.4288237990
0704006;441070.3900000000;4475790.5000000000;13/09/22;7 Chamberí;74 Almagro;CARACAS, CALLE, DE;6;Carga y descarga 360;Línea;3;15;LABORABLES DE 8 A 14 H. Y DE 16,30 A 19 H. EXCEPTO CARGA Y DESCARGA MÁXIMO 45 MINUTOS ;-3.6947495430;40.4306667180
0704007;441048.1600000000;4476054.4100000000;14/09/22;7 Chamberí;74 Almagro;FERNANDEZ DE LA HOZ, CALLE, DE;15;Carga y descarga 360;Línea;3;15,3;LAB. DE 9 A 20 H. EXCEPTO CARGA Y DESCARGA MÁXIMO 45 MINUTOS;-3.6950361940;40.4330429460
0704008;441071.3200000000;4476251.9700000000;13/04/23;7 Chamberí;74 Almagro;FERNANDEZ DE LA HOZ, CALLE, DE;42;Carga y descarga 360;Batería;6;16,1;LABORABLES DE 8 A 17 H.EXCEPTO CARGA Y DESCARGA MÁXIMO 45 MINUTOS;-3.6947813420;40.4348236410
0704009;441084.4500000000;4476434.0700000000;13/04/23;7 Chamberí;74 Almagro;FERNANDEZ DE LA HOZ, CALLE, DE;54;Carga y descarga 360;Batería;4;14,5;LABORABLES DE 9 A 20 H.EXCEPTO CARGA Y DESCARGA MÁXIMO 45 MINUTOS;-3.6946435460;40.4364650510
0704010;441459.0300000000;4476188.5300000000;13/04/23;7 Chamberí;74 Almagro;FORTUNY, CALLE, DE;32;Carga y descarga 360;Batería;6;20,25;LABORABLES DE 9 A 20 HORAS EXCEPTO CARGA Y DESCARGA. MÁX 45 MIN;-3.6902046130;40.4342797320
0704011;440701.0400000000;4476470.1800000000;19/09/22;7 Chamberí;74 Almagro;GARCIA DE PAREDES, CALLE, DE;25;Carga y descarga 360;Línea;3;18,8;LABORABLES DE 8 A 14 H.Y DE 16,30 A 19 H. EXCEPTO CARGA Y DESCARGA MÁXIMO 45 MINUTOS;-3.6991671050;40.4367638480
0704012;441101.5800000000;4476458.5000000000;13/04/23;7 Chamberí;74 Almagro;GARCIA DE PAREDES, CALLE, DE;47;Carga y descarga 360;Batería;6;18,7;LABORABLES DE 9 A 20 HORAS EXCEPTO CARGA Y DESCARGA. MÁX 45 MIN;-3.6944438130;40.4366863840
0704013;441242.4900000000;4476453.8800000000;14/04/23;7 Chamberí;74 Almagro;GARCIA DE PAREDES, CALLE, DE;59;Carga y descarga 360;Batería;4;15;LABORABLES DE 8 A 14 H. Y DE 16,30 A 19 H. EXCEPTO CARGA Y DESCARGA MÁX 45 MIN ;-3.6927821200;40.4366546420
0704014;441207.1600000000;4476446.9200000000;21/09/22;7 Chamberí;74 Almagro;GARCIA DE PAREDES, CALLE, DE;82;Carga y descarga 360;Línea;3;15,84;LAB. DE 9 A 20 H. EXCEPTO CARGA Y DESCARGA MÁXIMO 45 MINUTOS;-3.6931980310;40.4365897260
0704015;441265.0700000000;4476443.1100000000;14/04/23;7 Chamberí;74 Almagro;GARCIA DE PAREDES, CALLE, DE;84;Carga y descarga 360;Línea;3;15;LAB. DE 8 A 20 H. EXCEPTO CARGA Y DESCARGA MÁXIMO 45 MINUTOS;-3.6925148360;40.4365594740
0704016;441436.6100000000;4476438.9300000000;14/04/23;7 Chamberí;74 Almagro;GARCIA DE PAREDES, CALLE, DE;96;Carga y descarga 360;Línea;3;16,12;LAB DE 8 A 14 H. Y DE 16,30 A 19 H. EXCEPTO CARGA Y DESCARGA MÁX 45 MIN;-3.6904920650;40.4365340920
0704018;441176.9500000000;4476610.6300000000;19/09/22;7 Chamberí;74 Almagro;JOSE ABASCAL, CALLE, DE;48;Carga y descarga 360;Línea;5;24,9;LAB. DE 8 A 14 H Y DE 16.30 A 19 H EXCEPTO CARGA Y DESCARGA MÁXIMO 45 MINUTOS;-3.6935693070;40.4380623420
0704019;441378.3200000000;4476367.7400000000;20/09/22;7 Chamberí;74 Almagro;MIGUEL ANGEL, CALLE, DE;20;Carga y descarga 360;Línea;3;16,5;LAB DE 8 A 14 H. Y DE 16,30 A 19 H. EXCEPTO CARGA Y DESCARGA. MÁX 45 MIN;-3.6911727390;40.4358883690
0704020;440922.4100000000;4476312.1400000000;14/11/22;7 Chamberí;74 Almagro;MODESTO LAFUENTE, CALLE, DE;1;Carga y descarga 360;Línea;3;16,7;LABORABLES DE 8 A 14 H. EXCEPTO CARGA Y DESCARGA MÁX 45 MIN;-3.6965425570;40.4353554610
0704021;441328.9600000000;4475860.8800000000;14/04/23;7 Chamberí;74 Almagro;MONTE ESQUINZA, CALLE, DEL;47;Carga y descarga 360;Batería;1;6;LABORABLES DE 8 A 17 HORAS EXCEPTO CARGA Y DESCARGA. TIEMPO MÁX 45 MIN;-3.6917078250;40.4313194890
0704022;440697.7400000000;4476561.7100000000;28/02/23;7 Chamberí;74 Almagro;MOREJON, CALLE, DE;2;Carga y descarga 360;Línea;3;15;LABORABLES DE 8 A 20 HORAS EXCEPTO CARGA Y DESCARGA MÁX 45 MIN;-3.6992146600;40.4375878190
0704023;440854.9700000000;4476121.4400000000;07/10/22;7 Chamberí;74 Almagro;RAFAEL CALVO, CALLE, DE;3;Carga y descarga 360;Línea;3;15;LABORABLES DE 8 A 19 H.EXCEPTO CARGA Y DESCARGA MÁXIMO 45 MINUTOS;-3.6973198890;40.4336330350
0704024;441076.9800000000;4476158.5300000000;21/09/22;7 Chamberí;74 Almagro;RAFAEL CALVO, CALLE, DE;13;Carga y descarga 360;Línea;3;16,7;LABORABLES DE 7 A 14 H.Y DE 16,30 A 20 H. EXCEPTO CARGA Y DESCARGA MÁXIMO 45 MINUTOS;-3.6947060550;40.4339825390
0704025;441181.8300000000;4476153.3600000000;17/04/23;7 Chamberí;74 Almagro;RAFAEL CALVO, CALLE, DE;24;Carga y descarga 360;Batería;6;17,4;LABORABLES DE 9 A 14 H.Y DE 16,30 A 20 H. EXCEPTO CARGA Y DESCARGA MÁXIMO 45 MINUTOS;-3.6934693830;40.4339435780
0704026;441220.4100000000;4476162.9800000000;20/09/22;7 Chamberí;74 Almagro;RAFAEL CALVO, CALLE, DE;25;Carga y descarga 360;Línea;3;17,7;LABORABLES DE 8 A 14 H.Y DE 16,30 A 19 H. EXCEPTO CARGA Y DESCARGA MÁXIMO 45 MINUTOS;-3.6930155430;40.4340333600
0704027;441394.5200000000;4476169.4500000000;20/09/22;7 Chamberí;74 Almagro;RAFAEL CALVO, CALLE, DE;35;Carga y descarga 360;Línea;4;23,9;LAB DE 8 A 14 H. Y DE 16,30 A 19 H. EXCEPTO CARGA Y DESCARGA MÁXIMO 45 MINUTOS;-3.6909634950;40.4341034900
0704028;441447.3000000000;4476162.2600000000;17/04/23;7 Chamberí;74 Almagro;RAFAEL CALVO, CALLE, DE;42;Carga y descarga 360;Batería;4;12;LAB DE 8 A 14 H. Y DE 16,30 A 19 H. EXCEPTO CARGA Y DESCARGA MÁXIMO 45 MINUTOS;-3.6903406330;40.4340425850
0704029;440773.4500000000;4476176.1900000000;20/09/22;7 Chamberí;74 Almagro;SANTA ENGRACIA, CALLE, DE;50;Carga y descarga 360;Línea;2;12;LABORABLES DE 8 A 14:30H. EXCEPTO CARGA Y DESCARGA MÁX 45 MIN;-3.6982860680;40.4341205070
0704030;440627.1100000000;4476631.4000000000;17/04/23;7 Chamberí;74 Almagro;SANTA ENGRACIA, CALLE, DE;100;Carga y descarga 360;Batería;4;17,68;LABORABLES DE 8 A 14 H. Y DE 16,30 A 19 H.EXCEPTO CARGA Y DESCARGA. MÁX 45 MIN;-3.7000537570;40.4382102230
0704031;440729.5300000000;4476364.3000000000;18/04/23;7 Chamberí;74 Almagro;VIRIATO, CALLE, DE;45;Carga y descarga 360;Batería;4;13,29;LABORABLES DE 8 A 14 H.Y DE 16,30 A 20 H. EXCEPTOCARGA Y DESCARGA. MÁX 45 MIN;-3.6988213250;40.4358118210
0704032;440839.9900000000;4476347.1100000000;20/09/22;7 Chamberí;74 Almagro;VIRIATO, CALLE, DE;52;Carga y descarga 360;Línea;2;12;LABORABLES DE LUNES A VIERNES DE 8 A 20 H. Y SÁBADOS DE 8 A 15 H. EXCEPTO CARGA Y DESCARGA MÁX 45 MIN;-3.6975175590;40.4356651440
0704033;441155.3600000000;4475580.9900000000;19/09/22;7 Chamberí;74 Almagro;ZURBANO, CALLE, DE;15;Carga y descarga 360;Línea;2;11,7;LABORABLES DE 8 A 14 H. Y DE 16,30 A 19 H. EXCEPTO CARGA Y DESCARGA MÁX 45 MIN ;-3.6937284180;40.4287856970
0704034;441189.4800000000;4476061.1300000000;19/09/22;7 Chamberí;74 Almagro;ZURBANO, CALLE, DE;37;Carga y descarga 360;Línea;3;15;LABORABLES DE 9 A 20 H. EXCEPTO CARGA Y DESCARGA. MÁX 45 MIN;-3.6933707770;40.4331137060
0704035;441204.2900000000;4476141.9000000000;19/09/22;7 Chamberí;74 Almagro;ZURBANO, CALLE, DE;50;Carga y descarga 360;Línea;3;14;LABORABLES DE 8 A 14 H.Y DE 16,30 A 19 H. EXCEPTO CARGA Y DESCARGA MÁX 45 MIN;-3.6932035310;40.4338415340
0704036;441212.4900000000;4476256.6600000000;18/04/23;7 Chamberí;74 Almagro;ZURBANO, CALLE, DE;60;Carga y descarga 360;Línea;3;18,55;LABORABLES DE 8 A 14 H.EXCEPTO CARGA Y DESCARGA. MÁX 45 MIN;-3.6931175300;40.4348766400
0704037;441215.7900000000;4476427.7300000000;19/09/22;7 Chamberí;74 Almagro;ZURBANO, CALLE, DE;65;Carga y descarga 360;Línea;3;16;LABORABLES DE 8 A 14 H.Y DE 16,30 A 19 H. EXCEPTO CARGA Y DESCARGA. MÁX 45 MIN;-3.6930943820;40.4364177820
0704038;441218.9100000000;4476470.1200000000;18/04/23;7 Chamberí;74 Almagro;ZURBANO, CALLE, DE;67;Carga y descarga 360;Línea;2;10,77;LABORABLES DE 8 A 20 HORAS EXCEPTO CARGA Y DESCARGA MÁX 45 MIN;-3.6930616090;40.4367994290
0704039;441233.9900000000;4476553.6200000000;18/04/23;7 Chamberí;74 Almagro;ZURBANO, CALLE, DE;84;Carga y descarga 360;Línea;2;13,12;LAB. DE 8 A 14 H Y DE 16.30 A 19 HEXCEPTO CARGA Y DESCARGA MÁX 45 MIN;-3.6928915550;40.4375531550
0704040;441437.0400000000;4475397.3800000000;19/03/26;7 Chamberí;74 Almagro;CASTELLANA, PASEO, DE LA;7;Carga y descarga 360;Línea;1;9,5;LABORABLES DE LUNES A SÁBADOS DE 8 A 14 H. EXCEPTO CARGA Y DESCARGA MÁXIMO 45 MINUTOS;-3.6903911100;40.4271515070
0705001;441011.4400000000;4477511.8800000000;11/08/22;7 Chamberí;75 Ríos Rosas;MODESTO LAFUENTE, CALLE, DE;92;Carga y descarga 360;Línea;3;14,9;Laborables de 08:00 a 14:00 y de 16:30 a 19:00 MÁXIMO 45 MINUTOS ;-3.6956042810;40.4461694660
0705002;440754.0000000000;4477527.3000000000;11/08/22;7 Chamberí;75 Ríos Rosas;PONZANO, CALLE, DE;100;Carga y descarga 360;Línea;3;16,6;Laborables de 08:00 a 14:00 y de 16:30 a 19:00 MÁXIMO 45 MINUTOS  ;-3.6986413590;40.4462901880
0705003;440610.5900000000;4477289.3900000000;11/08/22;7 Chamberí;75 Ríos Rosas;MARIA DE GUZMAN, CALLE, DE;18;Carga y descarga 360;Línea;2;13,6;Laborables de 09:00 a 14:00 y de 16:30 a 20:00 MÁXIMO 45 MINUTOS ;-3.7003100980;40.4441371270
0705004;440336.9000000000;4477430.4700000000;11/08/22;7 Chamberí;75 Ríos Rosas;MAUDES, CALLE, DE;4;Carga y descarga 360;Línea;3;14,8;Laborables de 09:00 a 14:00 y de 16:30 a 20:00 MÁXIMO 45 MINUTOS ;-3.7035504040;40.4453883530
0705005;440425.2200000000;4477432.7200000000;11/08/22;7 Chamberí;75 Ríos Rosas;MAUDES, CALLE, DE;13;Carga y descarga 360;Línea;3;15,2;Laborables de 08:00 a 14:00 y de 16:30 a 19:00 MÁXIMO 45 MINUTOS ;-3.7025092250;40.4454144220
0705006;440397.3300000000;4477053.6400000000;16/08/22;7 Chamberí;75 Ríos Rosas;RIOS ROSAS, CALLE, DE;12;Carga y descarga 360;Línea;3;15,2;Laborables de 09:00 a 14:00 y de 16:30 a 20:00 MÁXIMO 45 MINUTOS ;-3.7028025220;40.4419981610
0705007;440638.3500000000;4477176.0200000000;16/08/22;7 Chamberí;75 Ríos Rosas;CRISTOBAL BORDIU, CALLE, DE;21;Carga y descarga 360;Línea;3;15;Laborables de 08:00 a 14:00 MÁXIMO 45 MINUTOS ;-3.6999722250;40.4431178350
0705008;440860.7100000000;4477296.0800000000;16/08/22;7 Chamberí;75 Ríos Rosas;ALONSO CANO, CALLE, DE;91;Carga y descarga 360;Línea;3;15,1;Laborables de 08:00 a 14:00 y de 16:30 a 19:00 MÁXIMO 45 MINUTOS ;-3.6973614280;40.4442149920
0705009;440829.6100000000;4477153.3400000000;16/08/22;7 Chamberí;75 Ríos Rosas;CRISTOBAL BORDIU, CALLE, DE;40;Carga y descarga 360;Línea;1;7;Laborables de 08:00 a 14:00 y de 16:30 a 19:00 MÁXIMO 45 MINUTOS ;-3.6977150010;40.4429264680
0705010;440847.5300000000;4477107.8100000000;17/12/24;7 Chamberí;75 Ríos Rosas;ALONSO CANO, CALLE, DE;77;Carga y descarga 360;Línea;3;15;LAB. DE 08:00 A 14:00 Y DE 16:30 A 19:00 MÁXIMO 45 MINUTOS;-3.6974994540;40.4425175480
0705011;440979.2600000000;4477166.2200000000;16/08/22;7 Chamberí;75 Ríos Rosas;MODESTO LAFUENTE, CALLE, DE;45;Carga y descarga 360;Línea;2;12,2;Laborables de 08:00 a 14:00 y de 16:30 a 19:00 MAXIMO 45 MINUTOS  ;-3.6959517230;40.4430538360
0705012;440853.2200000000;4477390.8100000000;16/08/22;7 Chamberí;75 Ríos Rosas;MAUDES, CALLE, DE;52;Carga y descarga 360;Batería;6;15;Laborables de 08:00 a 14:00 y de 16:30 a 19:00 MAXIMO 45 MINUTOS  ;-3.6974587170;40.4450675540
0705013;440899.7200000000;4477014.5800000000;17/08/22;7 Chamberí;75 Ríos Rosas;RIOS ROSAS, CALLE, DE;44;Carga y descarga 360;Línea;3;17,3;Laborables de 08:00 a 14:00 MAXIMO 45 MINUTOS ;-3.6968753310;40.4416816590
0705014;440923.4300000000;4477032.7700000000;17/08/22;7 Chamberí;75 Ríos Rosas;RIOS ROSAS, CALLE, DE;51;Carga y descarga 360;Línea;3;15;Laborables de 08:00 a 14:00 y de 16:30 a 19:00 MÁXIMO 45 MINUTOS;-3.6965975610;40.4418469580
0705015;440577.0300000000;4476673.0900000000;26/08/22;7 Chamberí;75 Ríos Rosas;JOSE ABASCAL, CALLE, DE;15;Carga y descarga 360;Línea;3;16,6;Laborables de 08:00 a 14:00 y de 16:30 a 19:00 MÁXIMO 45 MINUTOS ;-3.7006480860;40.4385825310
0705016;441222.5900000000;4476689.4800000000;17/08/22;7 Chamberí;75 Ríos Rosas;MALAGA, CALLE, DE;10;Carga y descarga 360;Línea;3;16,3;Laborables de 08:00 a 14:00 y de 16:30 a 19:00 MÁXIMO 45 MINUTOS ;-3.6930384620;40.4387760760
0705017;441106.4900000000;4476860.8000000000;17/08/22;7 Chamberí;75 Ríos Rosas;FERNANDEZ DE LA HOZ, CALLE, DE;59;Carga y descarga 360;Línea;2;11,3;Laborables de 08:00 a 14:00 y de 16:30 a 19:00 MÁXIMO 45 MINUTOS ;-3.6944231860;40.4403112590
0705018;441236.2900000000;4476953.1200000000;17/08/22;7 Chamberí;75 Ríos Rosas;SAN JUAN DE LA CRUZ, PLAZA, DE;1;Carga y descarga 360;Línea;2;13,3;Laborables de 08:00 a 14:00 y de 16:30 a 19:00 MÁXIMO 45 MINUTOS ;-3.6929014100;40.4411517880
0705019;440308.7400000000;4477454.5500000000;17/08/22;7 Chamberí;75 Ríos Rosas;BRAVO MURILLO, CALLE, DE;88;Carga y descarga 360;Línea;2;11,5;Laborables de 08:00 a 14:00 y de 16:30 a 19:00 MÁXIMO 45 MINUTOS ;-3.7038847250;40.4456029250
0705020;441095.7400000000;4476714.6900000000;17/08/22;7 Chamberí;75 Ríos Rosas;FERNANDEZ DE LA HOZ, CALLE, DE;72;Carga y descarga 360;Línea;2;9,3;Lab. de lunes a viernes de 08:00 a 20:00  sabados 08:00 a 15:00 MÁXIMO 45 MINUTOS ;-3.6945363450;40.4389941440
0705021;440710.0600000000;4477410.7900000000;17/08/22;7 Chamberí;75 Ríos Rosas;MAUDES, CALLE, DE;27;Carga y descarga 360;Línea;4;21;Laborables de 08:00 a 14:00 y de 16:30 a 19:00 MÁXIMO 45 MINUTOS ;-3.6991485410;40.4452371490
0705022;440371.0300000000;4477185.8700000000;18/08/22;7 Chamberí;75 Ríos Rosas;CRISTOBAL BORDIU, CALLE, DE;10;Carga y descarga 360;Línea;3;16;Laborables de 08:00 a 14:00 y de 16:30 a 19:00 MÁXIMO 45 MINUTOS ;-3.7031250970;40.4431869340
0705023;440695.1100000000;4476693.6600000000;02/03/26;7 Chamberí;75 Ríos Rosas;PONZANO, CALLE, DE;24;Carga y descarga 360;Línea;3;15,1;LAB. DE 08:00 A 14:30 H. EXCEPTO CARGA Y DESCARGA MÁXIMO 45 MINUTOS;-3.6992578610;40.4387759610
0705023;440833.9900000000;4476793.6400000000;18/08/22;7 Chamberí;75 Ríos Rosas;ALONSO CANO, CALLE, DE;24;Carga y descarga 360;Línea;2;10;Laborables de 08:00 a 17:00 MÁXIMO 45 MINUTOS ;-3.6976298020;40.4396866780
0705024;440359.4200000000;4477073.7200000000;18/08/22;7 Chamberí;75 Ríos Rosas;RIOS ROSAS, CALLE, DE;5;Carga y descarga 360;Línea;2;9,7;Laborables de 08:00 a 17:00 MÁXIMO 45 MINUTOS ;-3.7032514340;40.4421760650
0705025;440966.9600000000;4476861.4100000000;18/08/22;7 Chamberí;75 Ríos Rosas;MODESTO LAFUENTE, CALLE, DE;40;Carga y descarga 360;Línea;2;12;Laborables de 07:00 a 21:00 MÁXIMO 45 MINUTOS ;-3.6960683770;40.4403069620
0705026;440301.6500000000;4477242.4300000000;18/08/22;7 Chamberí;75 Ríos Rosas;BRAVO MURILLO, CALLE, DE;62;Carga y descarga 360;Línea;3;13,3;Laborables de 08:00 a 14:00 y de 16:30 a 19:00 MÁXIMO 45 MINUTOS ;-3.7039484380;40.4436915380
0705027;440366.8400000000;4477195.1800000000;18/08/22;7 Chamberí;75 Ríos Rosas;CRISTOBAL BORDIU, CALLE, DE;5 A;Carga y descarga 360;Línea;2;10;De lunes a viernes de 08:00 a 14:00 y sabados de 08:00 a 15:00 MÁXIMO 45 MINUTOS ;-3.7031753460;40.4432704140
0705029;440320.1800000000;4477310.5900000000;19/08/22;7 Chamberí;75 Ríos Rosas;MARIA DE GUZMAN, CALLE, DE;2;Carga y descarga 360;Línea;2;10,4;lab. de lunes a sabado de 08:00 a 14:00 MÁXIMO 45 MINUTOS ;-3.7037362710;40.4443071810
0705031;440351.0600000000;4477491.1500000000;19/08/22;7 Chamberí;75 Ríos Rosas;SANTA ENGRACIA, CALLE, DE;160;Carga y descarga 360;Línea;2;13;Laborables de 08:00 a 14:30 MÁXIMO 45 MINUTOS ;-3.7033891740;40.4459354130
0705032;440845.2000000000;4476949.3900000000;19/08/22;7 Chamberí;75 Ríos Rosas;ALONSO CANO, CALLE, DE;42;Carga y descarga 360;Línea;3;18;Lab. de lunes a viernes de 08:00 a 14:30 y de 16:30 a 19:30 sabados de 08:00 a 14:30 MÁXIMO 45 MINUTOS ;-3.6975121740;40.4410909970
0705033;440883.3500000000;4477493.5900000000;26/09/22;7 Chamberí;75 Ríos Rosas;ALONSO CANO, CALLE, DE;103;Carga y descarga 360;Línea;2;12;lab. de lunes a viernes de 8 a 14,30 h y de 16,30 a 19,30 h Sábados de 8 a 14,30 h MÁXIMO 45 MINUTOS;-3.6971129370;40.4459958020
0705034;440720.1300000000;4476788.5900000000;02/03/23;7 Chamberí;75 Ríos Rosas;BRETON DE LOS HERREROS, CALLE, DE;21;Carga y descarga 360;Línea;4;20;lab de 8 a 20 h. MAXIMO 45 MINUTOS;-3.6989717260;40.4396336220
0705035;440727.2400000000;4476911.0800000000;02/03/23;7 Chamberí;75 Ríos Rosas;ESPRONCEDA, CALLE, DE;3;Carga y descarga 360;Línea;3;15;lab de 8 a 20 h. MÁXIMO 45 MINUTOS;-3.6988993620;40.4407367370
0705036;440712.1100000000;4476939.2400000000;23/11/23;7 Chamberí;75 Ríos Rosas;PONZANO, CALLE, DE;52;Carga y descarga 360;Línea;3;15;laborables de 08:00 a 20:00 h. MÁXIMO 45 MINUTOS;-3.6990803590;40.4409897560
0706001;439765.0200000000;4477568.4900000000;11/08/22;7 Chamberí;76 Vallehermoso;GENERAL IBAÑEZ DE IBERO, CALLE, DEL;1;Carga y descarga 360;Línea;2;12,1;Laborables de 09:00 a 20:00 MÁXIMO 45 MINUTOS;-3.7103066650;40.4465905900
0706002;439436.8700000000;4477197.9400000000;11/08/22;7 Chamberí;76 Vallehermoso;MAESTRO ÁNGEL LLORCA, CALLE, DEL;4;Carga y descarga 360;Línea;4;20;Laborables de 08:00 a 14:00 y de 16:30 a 19:00 EN LINEA MÁXIMO 45 MINUTOS;-3.7141407270;40.4432286450
0706003;439570.7600000000;4477067.8700000000;11/08/22;7 Chamberí;76 Vallehermoso;GUZMAN EL BUENO, CALLE, DE;104;Carga y descarga 360;Línea;3;15;Laborables de 08:00 a 14:00 y de 16:30 a 19:00 MÁXIMO 45 MINUTOS ;-3.7125495080;40.4420659420
0706004;439537.2800000000;4477137.2600000000;11/08/22;7 Chamberí;76 Vallehermoso;JULIAN ROMEA, CALLE, DE;2;Carga y descarga 360;Línea;7;23,5;Laborables de 09:00 a 20:00 EN LINEA MÁXIMO 45 MINUTOS;-3.7129510370;40.4426889190
0706005;439784.8200000000;4477336.3500000000;16/08/22;7 Chamberí;76 Vallehermoso;SAN FRANCISCO DE SALES, PASEO, DE;39;Carga y descarga 360;Batería;5;12,1;Laborables de 08:00 a 14:00 y de 16:30 a 19:00 MÁXIMO 45 MINUTOS ;-3.7100511830;40.4445000390
0706006;439403.4800000000;4477028.8000000000;11/08/22;7 Chamberí;76 Vallehermoso;GENERAL AMPUDIA, CALLE, DEL;1;Carga y descarga 360;Línea;3;15;Laborables de 08:00 a 14:00 y de 16:30 a 19:00 MÁXIMO 45 MINUTOS  ;-3.7145181910;40.4417022290
0706007;439296.5800000000;4477239.7100000000;16/08/22;7 Chamberí;76 Vallehermoso;VALLE, AVENIDA, DEL;11;Carga y descarga 360;Línea;3;15,8;Lab. de 08:00 a 20:00  y sabados 08:00 a 15:00 MÁXMIO 45 MINUTOS ;-3.7157988090;40.4435941350
0706008;440118.0400000000;4477575.8900000000;16/08/22;7 Chamberí;76 Vallehermoso;MARQUES DE LEMA, CALLE, DEL;15;Carga y descarga 360;Batería;6;18,8;Laborables de 08:00 a 14:00 y de 16:30 a 19:00 MÁXIMO 45 MINUTOS  ;-3.7061448710;40.4466827790
0706009;440210.0600000000;4477185.1700000000;16/08/22;7 Chamberí;76 Vallehermoso;ESQUILACHE, CALLE, DE;8;Carga y descarga 360;Línea;2;10,5;Laborables de 08:00 a 14:00 y de 16:30 a 19:00 MÁXIMO 45 MINUTOS ;-3.7050229630;40.4431690010
0706010;439785.3700000000;4476738.1500000000;16/08/22;7 Chamberí;76 Vallehermoso;GALILEO, CALLE, DE;87;Carga y descarga 360;Línea;4;20,9;Laborables de 08:00 a 20:00 MÁXIMO 45 MINUTOS ;-3.7099879860;40.4391119440
0706011;439381.1300000000;4476982.0200000000;16/08/22;7 Chamberí;76 Vallehermoso;SAN FRANCISCO DE SALES, PASEO, DE;23 A;Carga y descarga 360;Línea;3;18,5;Laborables de 08:00 a 14:00 y de 16:30 a 19:00 MÁXIMO 45 MINUTOS ;-3.7147772250;40.4412787560
0706012;439275.5500000000;4476890.2000000000;16/08/22;7 Chamberí;76 Vallehermoso;SAN FRANCISCO DE SALES, PASEO, DE;13;Carga y descarga 360;Línea;3;15;Laborables de 09:00 a 20:00 MAXIMO 45 MINUTOS ;-3.7160133250;40.4404442430
0706014;439510.8400000000;4476745.6700000000;16/08/22;7 Chamberí;76 Vallehermoso;CEA BERMUDEZ, CALLE, DE;50;Carga y descarga 360;Línea;3;15;Laborables de 08:00 a 14:00 y de 16:30 a 19:00 MAXIMO 45 MINUTOS ;-3.7132254840;40.4391590980
0706015;439696.6600000000;4476743.9600000000;17/08/22;7 Chamberí;76 Vallehermoso;BLASCO DE GARAY, CALLE, DE;94;Carga y descarga 360;Línea;3;16;Laborables de 09:00 a 20:00 MÁXIMO 45 MINUTOS ;-3.7110343210;40.4391578950
0706016;439994.3700000000;4476708.8500000000;17/08/22;7 Chamberí;76 Vallehermoso;CEA BERMUDEZ, CALLE, DE;16;Carga y descarga 360;Línea;3;17;Laborables de 09:00 a 14:00 y de 16:30 a 20:00 MÁXIMO 45 MINUTOS ;-3.7075211160;40.4388623630
0706017;440081.6500000000;4476811.8500000000;17/08/22;7 Chamberí;76 Vallehermoso;BOIX Y MORER, CALLE, DE;7;Carga y descarga 360;Línea;3;15;Laborables de 08:00 a 14:00 y de 16:30 a 19:00 MÁXIMO 45 MINUTOS ;-3.7065018240;40.4397969150
0706018;439486.5400000000;4477381.6400000000;22/12/22;7 Chamberí;76 Vallehermoso;POETA ANGELA FIGUERA, CALLE, DE LA;9;Carga y descarga 360;Línea;3;17,19;Laborables de  08:00 a 18:00 MÁXIMO 45 MINUTOS;-3.7135725820;40.4448870150
0706019;439342.1600000000;4476814.9700000000;17/08/22;7 Chamberí;76 Vallehermoso;GAZTAMBIDE, CALLE, DE;83;Carga y descarga 360;Línea;3;15;lab. de lunes a viernes de 08:00 a 20:00  sabados 08:00 a 15:00 MAXIMO 45 MINUTOS ;-3.7152208090;40.4397715330
0706020;439599.7500000000;4477491.3700000000;20/10/25;7 Chamberí;76 Vallehermoso;GUZMAN EL BUENO, CALLE, DE;116;Carga y descarga 360;Línea;4;18,3;Lab de 09:00 a 14:00 h y de 16:30 a 20:00h. MAXIMO 45 MINUTOS;-3.7122480750;40.4458832740
0706021;439773.7000000000;4476834.2300000000;22/04/24;7 Chamberí;76 Vallehermoso;FILIPINAS, AVENIDA, DE;18;Carga y descarga 360;Línea;2;14;lab. de lunes a viernes de 08:00 a 20:00 h. y sábados de 08:00 a 15:00 h. MÁXIMO 45 MINUTOS;-3.7101347200;40.4399757920
0706022;439201.5500000000;4476826.0300000000;18/08/22;7 Chamberí;76 Vallehermoso;SAN FRANCISCO DE SALES, PASEO, DE;3;Carga y descarga 360;Línea;2;13;lab. de lunes a Viernes de 08:00 a 14:00 y de 16:30 a 20:00 sabados de 08:00 a 14:30 MÁXIMO 45 MINUTOS ;-3.7168797510;40.4398605700
0706023;439931.8400000000;4476802.1000000000;17/06/24;7 Chamberí;76 Vallehermoso;VALLEHERMOSO, CALLE, DE;89;Carga y descarga 360;Línea;2;10;lab. de lunes a viernes de 08:00 a 17:00 h. y sábados de 08:00 a 14:30 h. MÁXIMO 45 MINUTOS;-3.7082671640;40.4396988240
0706024;439136.7000000000;4476862.7600000000;22/08/24;7 Chamberí;76 Vallehermoso;ISAAC PERAL, CALLE, DE;46;Carga y descarga 360;Línea;3;15;Laborables de lunes a sábados de 08:00 a 14:30 horas Máximo 45 minutos;-3.7176478590;40.4401865830
0706025;439506.6100000000;4477060.2500000000;02/07/26;7 Chamberí;76 Vallehermoso;SAN FRANCISCO DE SALES, PASEO, DE;34;Carga y descarga 360;Línea;2;10,1;DE LUNES A SÁBADO DE 08:00 A 14:30 H. MÁXIMO 45 MINUTOS;-3.7133052970;40.4419933480
0706026;439860.6900000000;4476875.2800000000;06/07/26;7 Chamberí;76 Vallehermoso;FILIPINAS, AVENIDA, DE;22;Carga y descarga 360;Línea;2;10;LAB. DE 08:00 A 17:00 H. MÁXIMO 45 MINUTOS;-3.7091129650;40.4403522830
 Sin Datos;439184.3400000000;4481452.2000000000;23/03/05;8 Fuencarral - El Pardo;83 Peñagrande;ISLA DE TAVIRA, CALLE, DE LA;4;Carga y descarga;Línea;3;16,34;LAB DE 08:00 A 14:00 Y DE 16:30 A 19:00 H.EXCEPTO CARGA Y DESCARGA;-3.7175258180;40.4815340830
 Sin Datos;439396.2800000000;4481426.3600000000;05/02/04;8 Fuencarral - El Pardo;83 Peñagrande;FERMIN CABALLERO, CALLE, DE;75;Carga y descarga;Línea;3;15,3;LAB DE 08:00 A 14:00 Y DE 16:30 A 19:00 H.EXCEPTO CARGA Y DESCARGA;-3.7150230820;40.4813165310
 Sin Datos;438987.0000000000;4481153.3900000000;26/05/15;8 Fuencarral - El Pardo;83 Peñagrande;FERMIN CABALLERO, CALLE, DE;89;Carga y descarga;Línea;1;15;LAB. DE 08:00 17:00 H. EXCEPTO CARGA Y DESCARGA;-3.7198252130;40.4788274300
 Sin Datos;439316.6200000000;4481301.3800000000;14/07/22;8 Fuencarral - El Pardo;83 Peñagrande;ISLA DE AROSA, CALLE, DE LA;25;Carga y descarga;Batería;3;6,9;LAB. DE LUNES A VIERNES DE 08:00 A 14:00 Y DE 16:30 A 19:00 H. SÁBADOS DE 08:00 A 14:00 H. EXCEPTO CARGA Y DESCARGA;-3.7159508150;40.4801847670
 Sin Datos;439491.6000000000;4481483.5600000000;09/03/23;8 Fuencarral - El Pardo;83 Peñagrande;FERMIN CABALLERO, CALLE, DE;S/N;Carga y descarga;Batería;2;7,5;LAB. DE 08:00 A 14:30 H. EXCEPTO CARGA Y DESCARGA;-3.7139039800;40.4818383810
 Sin Datos;438211.5300000000;4481690.1500000000;24/04/23;8 Fuencarral - El Pardo;83 Peñagrande;RAMON GOMEZ DE LA SERNA, CALLE, DE;83;Carga y descarga;Batería;1;5,3;LAB. DE 08:00 A 17:00 H. EXCEPTO CARGA Y DESCARGA;-3.7290257690;40.4836056120
 Sin Datos;438187.6500000000;4480760.6200000000;28/12/20;8 Fuencarral - El Pardo;83 Peñagrande;ISLAS ALEUTIANAS, CALLE, DE LAS;4;Carga y descarga;Batería;2;6,19;LAB. DE 08:00 A 14:30 H. EXCEPTO CARGA Y DESCARGA TIEMPO MÁXIMO 30 MINUTOS;-3.7292169080;40.4752300000
 Sin Datos;439058.9000000000;4481415.9700000000;23/03/05;8 Fuencarral - El Pardo;83 Peñagrande;ISLA DE TAVIRA, CALLE, DE LA;26;Carga y descarga;Batería;3;16,8;LAB. DE 09:00 A 20:00 H. EXCEPTO CARGA Y DESCARGA.;-3.7190022730;40.4811983290
 Sin Datos;438954.2400000000;4481222.8200000000;04/10/21;8 Fuencarral - El Pardo;83 Peñagrande;ISLAS CIES, CALLE, DE LAS;45;Carga y descarga;Línea;3;15;DE LUNES A VIERNES DE 09:00 A 14:00 Y DE 16:30 A 20:00 H. EXCEPTO CARGA Y DESCARGA;-3.7202184340;40.4794502920
 Sin Datos;438489.8400000000;4481455.0700000000;25/02/22;8 Fuencarral - El Pardo;83 Peñagrande;RAMON GOMEZ DE LA SERNA, CALLE, DE;119;Carga y descarga;Línea;2;10;LAB. DE LUNES A SÁBADOS DE 08:00 A 18:00 H. (MÁXIMO 30 MINUTOS) EXCEPTO CARGA Y DESCARGA ;-3.7257195160;40.4815084710
 Sin Datos;438990.9400000000;4481530.8000000000;28/09/23;8 Fuencarral - El Pardo;83 Peñagrande;PICO SALVAGUARDIA, PLAZA, DEL;1;Carga y descarga;Línea;2;12,5;LAB. DE LUNES A SABADOS DE 09:00 A 11:00 Y DE 16:00 A 18:00 H. EXCEPTO CARGA Y DESCARGA ;-3.7198150140;40.4822273620
 Sin Datos;438239.4400000000;4480676.0400000000;23/01/24;8 Fuencarral - El Pardo;83 Peñagrande;JOAQUIN LORENZO, CALLE, DE;50;Carga y descarga;Línea;3;9,9;LAB. DE LUNES A SÁBADO DE 08:00 A 14:30 H. MÁX. 45 MINUTOS EXCEPTO CARGA Y DESCARGA;-3.7285977700;40.4744726070
 Sin Datos;438774.6800000000;4481891.3200000000;27/11/13;8 Fuencarral - El Pardo;83 Peñagrande;VALLE DE PINARES LLANOS, CALLE, DEL;27;Carga y descarga;Línea;3;15;LAB. DE 08:00 A 17:00 H EXCEPTO CARGA Y DESCARGA EN LÍNEA;-3.7224012880;40.4854590730
 Sin Datos;438948.2000000000;4480825.1500000000;22/12/18;8 Fuencarral - El Pardo;83 Peñagrande;MONFORTE DE LEMOS, AVENIDA, DE;S/N;Carga y descarga;Batería;4;12;DE 08:00 A 18:00 H EXCEPTO CARGA Y DESCARGA;-3.7202513790;40.4758674730
 Sin Datos;439102.2100000000;4480633.1700000000;20/08/25;8 Fuencarral - El Pardo;83 Peñagrande;CANDIDO MATEOS, CALLE, DE;21;Carga y descarga;Línea;3;15;lab. de Lunes a Sábados de 8 a 14:30 h. MÁXIMO 45 MINUTOS EXCEPTO CARGA Y DESCARGA;-3.7184161380;40.4741496880
0804001;439626.2200000000;4481529.1800000000;14/09/22;8 Fuencarral - El Pardo;84 Pilar;FERMIN CABALLERO, CALLE, DE;70;Carga y descarga 360;Línea;8;19,2;Laborables de 08:00 a 14:00 y de 16:30 a 19:00 EN LINEA MÁXIMO 45 MINUTOS ;-3.7123200960;40.4822599630
0804002;440206.7800000000;4481140.4200000000;14/09/22;8 Fuencarral - El Pardo;84 Pilar;MONDARIZ, PLAZA, DE;1;Carga y descarga 360;Línea;4;22,8;Laborables de 09:00 a 20:00 MÁXIMO 45 MINUTOS ;-3.7054342890;40.4787996990
0804003;440084.5000000000;4481109.7100000000;15/09/22;8 Fuencarral - El Pardo;84 Pilar;ARTEIJO, PLAZA, DE;1;Carga y descarga 360;Línea;3;16,5;Laborables de 09:00 a 20:00 MÁXIMO 45 MINUTOS ;-3.7068739030;40.4785143090
0804004;439443.8400000000;4480747.5800000000;15/09/22;8 Fuencarral - El Pardo;84 Pilar;SARRIA, CALLE, DE;57;Carga y descarga 360;Batería;13;31,5;Laborables de 08:00 a 14:00 y de 16:30 a 19:00 MÁXIMO 45 MINUTOS ;-3.7143971250;40.4752055920
0804005;440124.7000000000;4480871.3700000000;15/09/22;8 Fuencarral - El Pardo;84 Pilar;MELCHOR FERNANDEZ ALMAGRO, CALLE, DE;58;Carga y descarga 360;Línea;2;13,1;Laborables de 08:00 a 14:00 y de 16:30 a 19:00 MÁXIMO 45 MINUTOS ;-3.7063770340;40.4763701860
0804006;440246.6600000000;4480903.3000000000;15/09/22;8 Fuencarral - El Pardo;84 Pilar;MELCHOR FERNANDEZ ALMAGRO, CALLE, DE;50;Carga y descarga 360;Línea;3;17;Laborables de 08:00 a 14:00 y de 16:30 a 19:00 MÁXIMO 45 MINUTOS ;-3.7049413730;40.4766658320
0804007;440230.1600000000;4481151.2900000000;14/09/22;8 Fuencarral - El Pardo;84 Pilar;MONDARIZ, PLAZA, DE;1;Carga y descarga 360;Línea;3;16;Laborables de 09:00 a 20:00 MÁXIMO 45 MINUTOS ;-3.7051594990;40.4788989920
0804008;440067.1700000000;4480855.9400000000;15/09/22;8 Fuencarral - El Pardo;84 Pilar;MELCHOR FERNANDEZ ALMAGRO, CALLE, DE;62;Carga y descarga 360;Línea;3;16,4;Laborables de 08:00 a 14:00 y de 16:30 a 19:00 MÁXIMO 45 MINUTOS ;-3.7070542700;40.4762268320
0804009;439885.2100000000;4480807.8900000000;15/09/22;8 Fuencarral - El Pardo;84 Pilar;MELCHOR FERNANDEZ ALMAGRO, CALLE, DE;74;Carga y descarga 360;Línea;2;11,7;Laborables de 09:00 a 20:00 MÁXIMO 45 MINUTOS ;-3.7091962730;40.4757808420
0804010;439840.2600000000;4481048.0400000000;16/09/22;8 Fuencarral - El Pardo;84 Pilar;VERIN, PLAZA, DE;17;Carga y descarga 360;Línea;3;15;Laborables de 09:00 a 20:00 MÁXIMO 45 MINUTOS ;-3.7097493490;40.4779409500
0804011;440345.1100000000;4480929.5000000000;15/09/22;8 Fuencarral - El Pardo;84 Pilar;MELCHOR FERNANDEZ ALMAGRO, CALLE, DE;42;Carga y descarga 360;Línea;2;10,4;Laborables de 08:00 a 14:00 y de 16:30 a 19:00 MÁXIMO 45 MINUTOS ;-3.7037824520;40.4769097400
0804012;439644.9400000000;4480480.8500000000;27/09/23;8 Fuencarral - El Pardo;84 Pilar;BETANZOS, AVENIDA, DE;10;Carga y descarga 360;Línea;2;13,5;Laborables de 08:00 a 14:00 y de 16:30 a 19:00 MÁXIMO 45 MINUTOS ;-3.7119994690;40.4728168740
0804013;439604.8700000000;4480899.6500000000;16/09/22;8 Fuencarral - El Pardo;84 Pilar;LA BAÑEZA, CALLE, DE;8;Carga y descarga 360;Línea;4;12;Laborables de lunes a sabado de 08:00 a 16:00 En línea MÁXIMO 45 MINUTOS  ;-3.7125119790;40.4765870500
0804014;439763.3400000000;4480969.0700000000;16/09/22;8 Fuencarral - El Pardo;84 Pilar;RIBADEO, PLAZA, DE;3;Carga y descarga 360;Línea;3;15;Laborables de 09:00 a 20:00 MÁXIMO 45 MINUTOS;-3.7106491790;40.4772237780
0804015;439583.5700000000;4480863.9500000000;16/09/22;8 Fuencarral - El Pardo;84 Pilar;PONFERRADA, CALLE, DE;49;Carga y descarga 360;Batería;5;12,8;Laborables de lunes a sabado de 08:00 a 16:00 MÁXIMO 45 MINUTOS ;-3.7127598980;40.4762641310
0804016;439710.5700000000;4480329.7700000000;19/09/22;8 Fuencarral - El Pardo;84 Pilar;SINESIO DELGADO, CALLE, DE;62;Carga y descarga 360;Línea;6;16;De lunes a viernes de 7.30 a  14h. y de 16.30 a 19 h. Sábados 7.30 a 14 h en línea MÁXIMO 45 MINUTOS;-3.7112109070;40.4714609120
0804017;439670.0900000000;4480926.8300000000;16/09/22;8 Fuencarral - El Pardo;84 Pilar;BETANZOS, AVENIDA, DE;52;Carga y descarga 360;Línea;2;11;lab. de lunes a sabado de 8 a 14.30 h. MÁXIMO 45 MINUTOS;-3.7117453050;40.4768362300
0804018;439622.4000000000;4481125.8500000000;12/09/22;8 Fuencarral - El Pardo;84 Pilar;BETANZOS, AVENIDA, DE;S/N;Carga y descarga 360;Línea;1;7,5;lab. de lunes a sábados de 8 a 14,30 h. MÁXIMO 45 MINUTOS;-3.7123267990;40.4786256920
0804019;439647.1800000000;4480893.7400000000;09/12/22;8 Fuencarral - El Pardo;84 Pilar;LA BAÑEZA, CALLE, DE;3;Carga y descarga 360;Línea;1;7,5;lab. de lunes a sábado de 8 a 14,30 h. MÁXMO 30 MINUTOS;-3.7120123600;40.4765369170
0804020;439734.9400000000;4481544.9900000000;04/01/23;8 Fuencarral - El Pardo;84 Pilar;FERMIN CABALLERO, CALLE, DE;68;Carga y descarga 360;Línea;2;10;lab de lunes a sábado de 8 a 14:30 h. MAXIMO 45 MINUTOS;-3.7110390200;40.4824101920
0804021;439990.8400000000;4481109.1400000000;10/06/25;8 Fuencarral - El Pardo;84 Pilar;MONFORTE DE LEMOS, AVENIDA, DE;113;Carga y descarga 360;Batería;6;15;LAB. DE LUNES A VIERNES DE 08:00 A 14:00 H. Y DE 16:30 A 19:00 H. EN LÍNEA MÁXIMO 45 MINUTOS;-3.7079786800;40.4785018180
0804022;439597.8600000000;4481140.5500000000;27/02/26;8 Fuencarral - El Pardo;84 Pilar;BETANZOS, AVENIDA, DE;63;Carga y descarga 360;Línea;6;15;LAB. DE 08:00 A 17:00 H. MÁXIMO 45 MINUTOS EN LÍNEA;-3.7126176330;40.4787562690
0805001;440457.8500000000;4481738.7800000000;19/09/22;8 Fuencarral - El Pardo;85 La Paz;SANGENJO, CALLE, DE;12;Carga y descarga 360;Línea;2;13;Laborables de 08:00 a 14:00 MÁXIMO 45 MINUTOS ;-3.7025285340;40.4842078480
0805002;440443.0500000000;4481898.3100000000;19/09/22;8 Fuencarral - El Pardo;85 La Paz;FERMIN CABALLERO, CALLE, DE;28 B;Carga y descarga 360;Batería;6;18,4;Laborables de 08:00 a 14:00 MÁXIMO 45 MINUTOS ;-3.7027181250;40.4856440810
0805003;440583.0600000000;4481803.8300000000;19/09/22;8 Fuencarral - El Pardo;85 La Paz;SANGENJO, CALLE, DE;16;Carga y descarga 360;Línea;3;15;Laborables de 08:00 a 14:00 y de 16:30 a 19:00 MÁXIMO 45 MINUTOS ;-3.7010573500;40.4848028070
0805004;441117.8300000000;4481562.3200000000;21/09/22;8 Fuencarral - El Pardo;85 La Paz;JULIO PALACIOS, CALLE, DE;19;Carga y descarga 360;Batería;2;7,8;Laborables de 07:00 a 12:00 MÁXIMO 45 MINUTOS ;-3.6947257080;40.4826648150
0805005;440719.5200000000;4482071.4100000000;19/09/22;8 Fuencarral - El Pardo;85 La Paz;FERMIN CABALLERO, CALLE, DE;6;Carga y descarga 360;Batería;3;8,5;Laborables de 08:00 a 14:00 y de 16:30 a 19:00 MÁXIMO 45 MINUTOS ;-3.6994724910;40.4872232100
0805006;441788.2700000000;4481250.8700000000;07/10/22;8 Fuencarral - El Pardo;85 La Paz;ARZOBISPO MORCILLO, CALLE, DEL;con Hospital;Carga y descarga 360;Línea;4;20;Sin tramo horario MÁXIMO 45 MINUTOS;-3.6867875500;40.4799069400
0805007;440670.8900000000;4482025.9300000000;02/06/26;8 Fuencarral - El Pardo;85 La Paz;FERMIN CABALLERO, CALLE, DE;10;Carga y descarga 360;Línea;6;18,3;LAB. DE 08:00 A 14:00 H Y DE 16:30 A 19:00 H. EN LÍNEA MÁXIMO 45 MINUTOS;-3.7000419540;40.4868096490
0805008;440622.8100000000;4480988.8300000000;20/09/22;8 Fuencarral - El Pardo;85 La Paz;MELCHOR FERNANDEZ ALMAGRO, CALLE, DE;33;Carga y descarga 360;Línea;3;18,9;Laborables de 08:00 a 14:00 y de 16:30 a 19:00 MÁXIMO 45 MINUTOS ;-3.7005121230;40.4774641340
0805009;440367.2800000000;4481205.1200000000;20/09/22;8 Fuencarral - El Pardo;85 La Paz;MONFORTE DE LEMOS, AVENIDA, DE;97;Carga y descarga 360;Línea;3;14,4;Laborables de 08:00 a 17:00 MÁXIMO 45 MINUTOS ;-3.7035469090;40.4793937420
0805010;440340.5400000000;4481148.6700000000;20/09/22;8 Fuencarral - El Pardo;85 La Paz;GINZO DE LIMIA, CALLE, DE;52;Carga y descarga 360;Línea;3;7,5;Lab. de lunes a sabado 8 a 14.30 EN LINEA MÁXIMO 45 MINUTOS;-3.7038570510;40.4788830640
0805011;440732.3600000000;4480934.4400000000;20/09/22;8 Fuencarral - El Pardo;85 La Paz;VILLA DE MARIN, CALLE, DE LA;25;Carga y descarga 360;Batería;6;14,1;lab. de 8 a 17 h. en línea MÁXIMO 45 MINUTOS;-3.6992146030;40.4769812450
0805012;440496.6000000000;4481646.2800000000;12/12/23;8 Fuencarral - El Pardo;85 La Paz;SANTIAGO DE COMPOSTELA, CALLE, DE;36;Carga y descarga 360;Línea;2;11,8;lab. de 08:000 a 14:00 y de 16:30 a 19:00 h. MÁXIMO 45 MINUTOS;-3.7020626620;40.4833770010
 Sin Datos;441938.2600000000;4481826.2700000000;01/01/00;8 Fuencarral - El Pardo;86 Valverde;LLANO CASTELLANO, AVENIDA, DEL;11;Carga y descarga;Línea;7;34,6;EXCEPTO CARGA Y DESCARGA MERCADO;-3.6850706240;40.4851010890
 Sin Datos;442470.7400000000;4484695.4900000000;06/04/06;8 Fuencarral - El Pardo;86 Valverde;FEDERICO MOMPOU, CALLE, DE;4;Carga y descarga;Línea;3;15,13;LAB. DE 08:00 A 14:00 Y DE 16:30 A 19:00 H. EXCEPTO CARGA Y DESCARGA;-3.6790489520;40.5109846860
 Sin Datos;441737.2400000000;4482754.9500000000;21/09/04;8 Fuencarral - El Pardo;86 Valverde;DOCTOR JUAN BRAVO, CALLE, DEL;7;Carga y descarga;Línea;2;12;LAB. DE 08:00 A 14:00 Y DE 16:30 A 19:00 H. EXCEPTO CARGA Y DESCARGA;-3.6875277540;40.4934529230
 Sin Datos;443223.7400000000;4483904.3400000000;13/06/18;8 Fuencarral - El Pardo;86 Valverde;SAN MILLAN DE LA COGOLLA, PASEO, DE;S/N;Carga y descarga;Línea;2;10;DE LUNES A SABADO DE 08:00 A 14:30 H EXCEPTO CARGA Y DESCARGA;-3.6700905850;40.5039099180
 Sin Datos;443150.0300000000;4483449.1900000000;08/09/22;8 Fuencarral - El Pardo;86 Valverde;VALCARLOS, CALLE, DE;S/N;Carga y descarga;Línea;1;7,5;LAB. DE LUNES A SÁBADO DE 08:00 A 14:00 H. EXCEPTO CARGA Y DESCARGA TIEMPO MÁXIMO 30 MINUTOS;-3.6709196550;40.4998041600
 Sin Datos;442622.9100000000;4484656.1300000000;20/09/22;8 Fuencarral - El Pardo;86 Valverde;ISABEL COLBRAND, CALLE, DE;18 G;Carga y descarga;Batería;3;7,5;LAB. DE LUNES A SÁBADO DE 08:00 A 14:30 H. EXCEPTO CARGA Y DESCARGA. TIEMPO MÁXIMO 30 MINUTOS;-3.6772493490;40.5106412550
 Sin Datos;441601.8200000000;4483388.4700000000;26/10/22;8 Fuencarral - El Pardo;86 Valverde;CUEVA DE MONTESINOS, CALLE, DE LA;42;Carga y descarga;Línea;2;10,1;LAB. EXCEPTO SÁBADOS DE 09:00 A 17:00 H. EXCEPTO CARGA Y DESCARGA;-3.6891841170;40.4991497850
 Sin Datos;442652.1100000000;4483992.9200000000;24/11/22;8 Fuencarral - El Pardo;86 Valverde;CASTIELLO DE JACA, CALLE, DE;23 C;Carga y descarga;Línea;3;17,1;LAB. DE LUNES A VIERNES DE 08:00 A 14:30 H. EXCEPTO CARGA Y DESCARGA TIEMPO MÁXIMO 30 MIN;-3.6768446120;40.5046687430
 Sin Datos;441562.2500000000;4482014.5600000000;29/03/05;8 Fuencarral - El Pardo;86 Valverde;VIRGEN DE ARANZAZU, CALLE, DE LA;26;Carga y descarga;Línea;3;15;LAB. DE 08:00 A 14:00 Y DE 16:30 A 19:00 H. EXCEPTO CARGA Y DESCARGA;-3.6895242250;40.4867706300
 Sin Datos;441641.3200000000;4482451.3500000000;01/07/11;8 Fuencarral - El Pardo;86 Valverde;LEZAMA, CALLE, DE;13;Carga y descarga;Línea;3;18;LAB. DE 08:00 A 14:00 Y DE 16:30 A 19:00 H. EXCEPTO CARGA Y DESCARGA;-3.6886315000;40.4907111480
 Sin Datos;441607.3900000000;4482494.0400000000;03/12/15;8 Fuencarral - El Pardo;86 Valverde;CARDENAL HERRERA ORIA, AVENIDA, DEL;21;Carga y descarga;Línea;3;14;LAB. DE 08:00 A 14:00 Y DE 16:30 A 19:00 H. EXCEPTO CARGA Y DESCARGA;-3.6890360080;40.4910930810
 Sin Datos;443299.0400000000;4482972.8700000000;19/09/18;8 Fuencarral - El Pardo;86 Valverde;PUERTO DE SOMPORT, CALLE, DEL;S/N;Carga y descarga;Línea;8;40,1;DE LUNES A VIERNES DE 08:00 A 20:00 H. Y SABADOS DE 08:00 A 15:00 H. EXCEPTO CARGA Y DESCARGA;-3.6691185050;40.4955242220
 Sin Datos;442488.4800000000;4484638.6100000000;05/11/20;8 Fuencarral - El Pardo;86 Valverde;FEDERICO MOMPOU, CALLE, DE;2;Carga y descarga;Línea;2;10,1;LAB. DE 08:00 A 14:00 H. EXCEPTO CARGA Y DESCARGA;-3.6788343800;40.5104740090
 Sin Datos;442647.4500000000;4484990.8000000000;14/12/20;8 Fuencarral - El Pardo;86 Valverde;FUENCARRAL A ALCOBENDAS, CARRETERA, DE;14;Carga y descarga;Línea;4;20;DE LUNES A VIERNES DE 09:00 A 14:00 H. Y DE 16:00 A 20:00 H. EXCEPTO CARGA Y DESCARGA;-3.6769900860;40.5136574200
 Sin Datos;441456.5400000000;4483554.3300000000;14/12/20;8 Fuencarral - El Pardo;86 Valverde;INGENIOSO HIDALGO, RONDA, DEL;33;Carga y descarga;Línea;2;10,6;DE LUNES A SÁBADOS DE 08:00 A 14:30 H. EXCEPTO CARGA Y DESCARGA;-3.6909136480;40.5006340320
 Sin Datos;441348.6800000000;4481875.7400000000;11/07/22;8 Fuencarral - El Pardo;86 Valverde;SAN MODESTO, CALLE, DE;34;Carga y descarga;Línea;2;7,3;LAB. DE 08:00 A 11:00 H. EXCEPTO CARGA Y DESCARGA. MÁXIMO 30 MINUTOS;-3.6920312020;40.4855047950
 Sin Datos;443071.3800000000;4484302.7000000000;27/12/16;8 Fuencarral - El Pardo;86 Valverde;VILORIA DE LA RIOJA, CALLE, DE;52 A;Carga y descarga;Línea;1;12,9;LAB. DE 08:00 A 14:00 H Y DE 16:30 A 19:00 H. EXCEPTO CARGA Y DESCARGA;-3.6719243940;40.5074882690
 Sin Datos;443630.3100000000;4483398.6700000000;13/02/17;8 Fuencarral - El Pardo;86 Valverde;FORESTA, CALLE, DE LA;S/N;Carga y descarga;Línea;6;30,2;LAB. DE LUNES A VIERNES DE 08:00 A 20:00 H. EXCEPTO CARGA Y DESCARGA;-3.6652473730;40.4993817750
 Sin Datos;440954.2300000000;4482527.3400000000;27/03/25;8 Fuencarral - El Pardo;86 Valverde;SABADELL, CALLE, DE;86;Carga y descarga;Línea;2;9;LAB. DE 8 A 14:00 H EXCEPTO CARGA Y DESCARGA;-3.6967457280;40.4913465580
 Sin Datos;443460.3300000000;4483452.3900000000;27/06/25;8 Fuencarral - El Pardo;86 Valverde;MAROJAL, CALLE, DEL;2;Carga y descarga;Línea;2;12;LAB.DE 8:00  A  14.00 H. EXCEPTO CARGA Y DESCARGA;-3.6672580540;40.4998549240
 Sin Datos;441813.4700000000;4483260.2800000000;11/08/25;8 Fuencarral - El Pardo;86 Valverde;NUESTRA SEÑORA DE VALVERDE, CALLE, DE;130;Carga y descarga;Línea;3;15;LAB. DE 08:00 A 14:00 Y DE 16:30 A 19:00 H. MÁX 45 MINUTOS EXCEPTO CARGA Y DESCARGA;-3.6866746770;40.4980098280
 Sin Datos;441531.4200000000;4482848.2800000000;14/11/25;8 Fuencarral - El Pardo;86 Valverde;DIVINA PASTORA, CALLE, DE LA;15;Carga y descarga;Línea;1;6;DE LUNES A VIERNES DE 08:00 A 18:00 H.;-3.6899649440;40.4942790700
 Sin Datos;438503.1300000000;4481993.0800000000;21/07/10;8 Fuencarral - El Pardo;87 Mirasierra;CERRO DE LA CARRASQUETA, CALLE, DEL;136;Carga y descarga;Línea;2;12;LAB. DE 08:00 A 11:00 H.Y DE 17:00 A 18:30 H. EXCEPTO CARGA Y DESCARGA;-3.7256148940;40.4863564970
 Sin Datos;440284.9200000000;4483142.8700000000;03/03/08;8 Fuencarral - El Pardo;87 Mirasierra;COSTA BRAVA, CALLE, DE LA;con La Maso;Carga y descarga;Línea;3;15;LAB. DE 08:00 A 14:00 H. Y DE 16:30 A 19:00 H. EXCEPTO CARGA Y DESCARGA;-3.7047010180;40.4968441450
 Sin Datos;438537.8300000000;4482020.2900000000;10/05/11;8 Fuencarral - El Pardo;87 Mirasierra;PEÑA DEL AGUILA, CALLE, DE LA;6;Carga y descarga;Línea;7;34,4;LAB. DE 08:00 A 14:00 Y DE 16:30 A 19:00 H. EXCEPTO CARGA Y DESCARGA;-3.7252082090;40.4866041290
 Sin Datos;439197.4100000000;4482046.3000000000;01/08/02;8 Fuencarral - El Pardo;87 Mirasierra;CERRO MINGUETE, CALLE, DEL;10;Carga y descarga;Línea;3;15,1;LAB. DE 08:00 A 14:00 Y DE 16:30 A 19:00 H. EXCEPTO CARGA Y DESCARGA;-3.7174287020;40.4868869410
 Sin Datos;439261.7400000000;4482906.7400000000;07/09/15;8 Fuencarral - El Pardo;87 Mirasierra;COLLADO DE TIROBARRA, CALLE, DEL;9;Carga y descarga;Línea;2;8,7;LAB. DE 08:00 A 14:00 H. Y DE 16:30 A 19:00 H. EXCEPTO CARGA Y DESCARGA;-3.7167520960;40.4946429560
 Sin Datos;438744.6400000000;4482898.7900000000;05/10/22;8 Fuencarral - El Pardo;87 Mirasierra;MARIA DE MAEZTU, CALLE, DE;S/N;Carga y descarga;Línea;3;16,7;LAB. DE LUNES A VIERNES DE 08:00 A 14:00 H. EXCEPTO CARGA Y DESCARGA;-3.7228530650;40.4945329480
 Sin Datos;440558.2400000000;4482472.3700000000;18/11/11;8 Fuencarral - El Pardo;87 Mirasierra;PEÑA DEL SOL, CALLE, DE LA;30;Carga y descarga;Línea;3;15;LAB. DE 08:00 A 14:00 H. EXCEPTO CARGA Y DESCARGA;-3.7014129270;40.4908238480
 Sin Datos;439004.0700000000;4482049.3300000000;17/09/14;8 Fuencarral - El Pardo;87 Mirasierra;CERRO MINGUETE, CALLE, DEL;16 F;Carga y descarga;Línea;2;10;LAB DE 08:00 A 14:00 Y DE 16:30 A 19:00 H. EXCEPTO CARGA Y DESCARGA;-3.7197100480;40.4868994890
 Sin Datos;439290.2000000000;4482183.8500000000;04/06/19;8 Fuencarral - El Pardo;87 Mirasierra;VENTISQUERO DE LA CONDESA, AVENIDA, DEL;20;Carga y descarga;Línea;4;22,8;LAB. DE LUNES A VIERNES E 08:30 A 20:30 H Y SÁBADOS DE 08:00 A 15:00 H EXCEPTO CARGA Y DESCARGA;-3.7163470720;40.4881325510
 Sin Datos;439129.6800000000;4482034.0600000000;08/07/22;8 Fuencarral - El Pardo;87 Mirasierra;CERRO MINGUETE, CALLE, DEL;7 A;Carga y descarga;Línea;3;15;LAB. DE 08:00 A 14:00 H. EXCEPTO CARGA Y DESCARGA;-3.7182266600;40.4867714900
 Sin Datos;440663.4100000000;4483962.3100000000;12/06/18;8 Fuencarral - El Pardo;88 El Goloso;MONASTERIO DE EL ESCORIAL, AVENIDA, DEL;41 A;Carga y descarga;Línea;2;10;DE LUNES A SABADO DE 08:00 A 14:30 H EXCEPTO CARGA Y DESCARGA;-3.7003115880;40.5042523750
 Sin Datos;441200.2800000000;4484461.2800000000;27/03/23;8 Fuencarral - El Pardo;88 El Goloso;MONASTERIO DE EL ESCORIAL, AVENIDA, DEL;78;Carga y descarga;Batería;6;15;LAB. DE 08:00 A 14:00 H. EXCEPTO CARGA Y DESCARGA;-3.6940219440;40.5087860750
 Sin Datos;440460.7900000000;4483931.4700000000;25/05/16;8 Fuencarral - El Pardo;88 El Goloso;MONASTERIO DE MONTESCLAROS, CALLE, DEL;7 B;Carga y descarga;Batería;1;15;LABORABLES DE LUNES A SÁBADO DE 8:00 H. A 15:00 H.  EXCEPTO CARGAY DESCARGA EN LÍNEA;-3.7026998480;40.5039606820
 Sin Datos;440522.6600000000;4484095.4400000000;14/04/14;8 Fuencarral - El Pardo;88 El Goloso;SANTUARIO DE VALVERDE, AVENIDA, DEL;29;Carga y descarga;Línea;3;13;DE LUNES A VIERNES DE 08:00 A 17:00H. SÁBADOS DE 08:00 A 14:00 H. EXCEPTO CARGA Y DESCARGA CORREOS Y TELEGRAFOS ;-3.7019851980;40.5054419500
 Sin Datos;441180.4900000000;4484274.6100000000;07/03/17;8 Fuencarral - El Pardo;88 El Goloso;MONASTERIO DE SILOS, AVENIDA, DEL;73;Carga y descarga;Línea;3;7;LAB. DE LUNES A VIERNES DE 08:30 A 20:30 H Y SÁBADOS DE 08:00 A 15:00 H. EXCEPTO CARGA Y DESCARGA EN LÍNEA;-3.6942382350;40.5071026110
0901001;438613.1500000000;4474928.6900000000;19/06/23;9 Moncloa - Aravaca;91 Casa de Campo;ANICETO MARINAS, CALLE, DE;38;Carga y descarga 360;Línea;3;21;LAB. DE 8 A 14 H Y DE 17 A 20 h. EXCEPTO  CARGA Y DESCARGA MÁX 45 MIN;-3.7236337780;40.4227258660
0901002;437668.1400000000;4476053.4400000000;28/09/22;9 Moncloa - Aravaca;91 Casa de Campo;ANICETO MARINAS, CALLE, DE;116;Carga y descarga 360;Línea;2;9,43;LABORABLES DE 8 A 17 EXCEPTO CARGA Y DESCARGA MÁX 45 MIN;-3.7348830590;40.4327872350
0901003;438802.3100000000;4474765.0500000000;30/09/22;9 Moncloa - Aravaca;91 Casa de Campo;FLORIDA, PASEO, DE LA;11;Carga y descarga 360;Línea;3;17;LABORABLES DE 3 AM. A 4 AM. Y DE 9 AM. A 11 AM. EXCEPTO CARGA Y DESCARGA MÁX 45 MIN;-3.7213883560;40.4212653970
0901004;438571.4200000000;4475051.3100000000;29/09/22;9 Moncloa - Aravaca;91 Casa de Campo;FLORIDA, PASEO, DE LA;22;Carga y descarga 360;Línea;2;10,4;LAB. DE 8 A 14 H. Y DE 16,30 A 19 H. EXCEPTO CARGA Y DESCARGA MÁX 45 MIN ;-3.7241375800;40.4238269190
0901005;438707.8200000000;4474870.0000000000;28/08/22;9 Moncloa - Aravaca;91 Casa de Campo;FLORIDA, PASEO, DE LA;27;Carga y descarga 360;Línea;3;15,1;LABORABLES DE 9 A 20 HORAS EXCEPTO CARGA Y DESCARGA MÁX 45 MIN;-3.7225122130;40.4222035580
0901006;438560.3200000000;4475033.4100000000;28/09/22;9 Moncloa - Aravaca;91 Casa de Campo;FLORIDA, PASEO, DE LA;49;Carga y descarga 360;Línea;3;15,1;LAB. DE 8 A 14 H. Y DE 16,30 A 19 H. EXCEPTO CARGA Y DESCARGA MÁX 45 MIN;-3.7242666670;40.4236648870
0901007;438848.8700000000;4474755.3700000000;28/09/22;9 Moncloa - Aravaca;91 Casa de Campo;FLORIDA, PASEO, DE LA;Fte 3;Carga y descarga 360;Línea;6;28,8;LAB. DE 8 A 14H. Y DE 16,30 A 19 H. EXCEPTO: CARGA Y DESCARGA MÁX 45 MIN;-3.7208386030;40.4211818600
0901008;437842.4900000000;4475889.8000000000;01/10/22;9 Moncloa - Aravaca;91 Casa de Campo;LOECHES, CALLE, DE;3;Carga y descarga 360;Línea;2;10,77;LAB. DE 8 A 20 H. EXCEPTO CARGA Y DESCARGA MÁX 45 MIN;-3.7328117020;40.4313266510
0901009;437825.4600000000;4475445.1500000000;28/09/22;9 Moncloa - Aravaca;91 Casa de Campo;MELCHOR CANO, CALLE, DE;1;Carga y descarga 360;Batería;10;28,7;LAB. DE 9 A 20 H EXCEPTO CARGA Y DESCARGA MÁX 45 MIN;-3.7329690360;40.4273191550
0901010;438861.7800000000;4476231.9600000000;14/10/22;9 Moncloa - Aravaca;91 Casa de Campo;MORET, PASEO, DE;Fte 1;Carga y descarga 360;Línea;3;13,9;LAB. DE 6 A 12 H.EXCEPTO CARGA Y DESCARGA. MÁX 45 MIN;-3.7208285190;40.4344839920
0901011;438808.5300000000;4474889.9200000000;28/09/22;9 Moncloa - Aravaca;91 Casa de Campo;MOZART, CALLE, DE;3;Carga y descarga 360;Línea;1;7;LAB. DE 9 A 17 HORAS EXCEPTO CARGA Y DESCARGA MÁX 45 MIN;-3.7213271070;40.4223905720
0901012;438785.2800000000;4474914.9800000000;28/09/22;9 Moncloa - Aravaca;91 Casa de Campo;MOZART, CALLE, DE;5;Carga y descarga 360;Línea;3;15;LABORABLES DE 9 A 17 H. EXCEPTO CARGA Y DESCARGA MÁX 45 MIN;-3.7216036160;40.4226149420
0901013;438628.9400000000;4475275.9400000000;29/09/22;9 Moncloa - Aravaca;91 Casa de Campo;REY, PASEO, DEL;36;Carga y descarga 360;Línea;2;10;TODOS LOS DÍAS 24 HORAS EXCEPTO CARGA Y DESCARGA MÁX 45 MIN;-3.7234811990;40.4258545600
0901014;438264.1900000000;4475042.5400000000;23/06/25;9 Moncloa - Aravaca;91 Casa de Campo;SAN POL DE MAR, CALLE, DE;10;Carga y descarga 360;Línea;2;13,5;LABORABLES DE 8 A 14 HORAS Y DE 16:30 A 19 HORAS EXCEPTO CARGA Y DESCARGA MÁX 45 MIN;-3.7277582140;40.4237253340
0901015;438296.9900000000;4475339.0100000000;29/09/22;9 Moncloa - Aravaca;91 Casa de Campo;VALLADOLID, AVENIDA, DE;13;Carga y descarga 360;Línea;3;14,58;LABORABLES DE 9 A 20 H. EXCEPTO CARGA Y DESCARGA MÁX 45 MIN;-3.7274002300;40.4263982970
0901016;437849.3800000000;4475407.0800000000;30/06/23;9 Moncloa - Aravaca;91 Casa de Campo;MELCHOR CANO, CALLE, DE;S/N;Carga y descarga 360;Línea;4;28,6;LAB. DE 9 A 20 H. EXCEPTO CARGA Y DESCARGA MÁXIMO 45 MINUTOS;-3.7326832450;40.4269785880
0902058;439011.7900000000;4475280.8900000000;19/08/25;9 Moncloa - Aravaca;91 Casa de Campo;PINTOR ROSALES, PASEO, DEL;S/N;Carga y descarga 360;Batería;6;15;LABORABLES DE LUNES A SÁBADOS DE 8 A 14:30 H. EN LÍNEA EXCEPTO CARGA Y DESCARGA MÁXIMO 45 MINUTOS;-3.7189686980;40.4259277270
0902001;439157.3100000000;4475907.3100000000;27/09/22;9 Moncloa - Aravaca;92 Argüelles;ALTAMIRANO, CALLE, DE;2;Carga y descarga 360;Línea;3;15;LAB. DE 8 A 14 H. Y DE 16,30 A 19 H.EXCEPTO CARGA Y DESCARGA MÁX 45 MIN;-3.7173132510;40.4315815590
0902002;439111.7000000000;4475874.6200000000;27/09/22;9 Moncloa - Aravaca;92 Argüelles;ALTAMIRANO, CALLE, DE;7;Carga y descarga 360;Línea;6;30,9;LAB. DE 8 A 14 H. Y DE 16,30 A 19 H. EXCEPTO CARGA Y DESCARGA MÁX 45 MIN;-3.7178479350;40.4312832200
0902003;438985.5700000000;4475816.0700000000;27/09/22;9 Moncloa - Aravaca;92 Argüelles;ALTAMIRANO, CALLE, DE;28;Carga y descarga 360;Línea;3;15;LAB. DE 8 A 14 H. Y DE 16,30 A 19 H.EXCEPTO CARGA Y DESCARGA MÁX 45 MIN;-3.7193292030;40.4307471610
0902004;438903.5400000000;4475772.6500000000;28/09/22;9 Moncloa - Aravaca;92 Argüelles;ALTAMIRANO, CALLE, DE;38;Carga y descarga 360;Línea;3;15;LAB. DE 8 A 14 H. Y DE 16,30 A 19 H.EXCEPTO CARGA Y DESCARGA MÁX 45 MIN;-3.7202921160;40.4303501590
0902005;439255.6100000000;4474775.1900000000;28/09/22;9 Moncloa - Aravaca;92 Argüelles;ARRIAZA, CALLE, DE;12;Carga y descarga 360;Línea;2;13,2;LABORABLES DE 8 A 14 H. Y DE 16,30 A 19 H. EXCEPTO CARGA Y DESCARGA MÁX 45 MIN;-3.7160463840;40.4213901300
0902006;439120.6400000000;4475975.1600000000;19/06/23;9 Moncloa - Aravaca;92 Argüelles;BENITO GUTIERREZ, CALLE, DE;1;Carga y descarga 360;Línea;3;19,6;LAB. DE 8 A 14 H. YDE 16,30 A 19 H.EXCEPTO CARGA YDESCARGA MÁXIMO 45 MINUTOS;-3.7177521940;40.4321902700
0902007;439056.4600000000;4475948.8900000000;28/09/22;9 Moncloa - Aravaca;92 Argüelles;BENITO GUTIERREZ, CALLE, DE;10;Carga y descarga 360;Línea;3;14,3;LAB. DE 8 A 14 H. Y DE 16,30 A 19 H. EXCEPTO CARGA Y DESCARGA MÁXIMO 45 MINUTOS;-3.7185061490;40.4319484820
0902008;438857.9300000000;4475833.3700000000;28/09/22;9 Moncloa - Aravaca;92 Argüelles;BENITO GUTIERREZ, CALLE, DE;35;Carga y descarga 360;Línea;3;17,2;LABORABLES DE 8 A 14 H. EXCEPTO CARGA Y DESCARGA MÁXIMO 45 MINUTOS;-3.7208354520;40.4308937240
0902009;439232.5700000000;4475662.0100000000;19/06/23;9 Moncloa - Aravaca;92 Argüelles;BUEN SUCESO, CALLE, DEL;1;Carga y descarga 360;Línea;3;20,1;LABO. DE 9 A 20 H. EXCEPTO CARGA Y DESCARGA MÁXIMO 45 MINUTOS;-3.7164026490;40.4293769900
0902010;439248.9400000000;4475681.4900000000;29/09/22;9 Moncloa - Aravaca;92 Argüelles;BUEN SUCESO, CALLE, DEL;6;Carga y descarga 360;Línea;3;15;LABORABLES DE 8 A 20 H.EXCEPTO CARGA Y DESCARGA MÁX 45 MIN;-3.7162116250;40.4295534030
0902011;439157.5300000000;4475620.5300000000;29/09/22;9 Moncloa - Aravaca;92 Argüelles;BUEN SUCESO, CALLE, DEL;7;Carga y descarga 360;Línea;3;14,9;LAB. DE 8 A 14 H. YDE 16,30 A 19 H.EXCEPTO CARGA YDESCARGA MÁXIMO 45 MINUTOS;-3.7172832280;40.4289983790
0902012;439047.9000000000;4475558.9800000000;29/09/22;9 Moncloa - Aravaca;92 Argüelles;BUEN SUCESO, CALLE, DEL;15;Carga y descarga 360;Línea;3;15;LAB. DE 7 A 20 H. EXCEPTO CARGA Y DESCARGA MÁXIMO 45 MINUTOS;-3.7185697480;40.4284356770
0902013;439411.2700000000;4474797.7500000000;29/09/22;9 Moncloa - Aravaca;92 Argüelles;CADARSO, CALLE, DE;1;Carga y descarga 360;Línea;3;16,3;LABORABLES DE  9 A 20 H EXCEPTO CARGA Y DESCARGA MÁXIMO 45 MINUTOS;-3.7142136640;40.4216042440
0902014;439396.9800000000;4474904.9100000000;19/06/23;9 Moncloa - Aravaca;92 Argüelles;ESPAÑA, PLAZA, DE;13;Carga y descarga 360;Batería;4;11,4;LABORABLES DE 8 A 14 H. Y DE 16,30 A 19 H. EXCEPTO CARGA Y DESCARGA MÁX 45 MIN;-3.7143923700;40.4225685320
0902015;439115.2800000000;4474782.2700000000;29/09/22;9 Moncloa - Aravaca;92 Argüelles;ESTANISLAO FIGUERAS, CALLE, DE;4;Carga y descarga 360;Línea;2;12,8;LABORABLES DE 8 A 14 H Y DE 16:30 A 19 HORAS EXCEPTO CARGA Y DESCARGA MÁX 45 MIN;-3.7177011440;40.4214434150
0902016;439334.3200000000;4475392.8900000000;20/06/23;9 Moncloa - Aravaca;92 Argüelles;EVARISTO SAN MIGUEL, CALLE, DE;8;Carga y descarga 360;Línea;2;9,5;LABORABLES DE 8  A 14 H. EXCEPTO CARG A Y DESCARGA MÁX 45 MIN;-3.7151774940;40.4269604830
0902017;439401.7900000000;4474974.0300000000;29/09/22;9 Moncloa - Aravaca;92 Argüelles;FERRAZ, CALLE, DE;2;Carga y descarga 360;Línea;4;16,4;LABORABLES DE LUNES A VIERNES DE 8 A 15 H EXCEPTO CARGA Y DESCARGA. MÁXIMO 45 MINUTOS;-3.7143422360;40.4231921400
0902018;439184.3600000000;4475251.6500000000;29/09/22;9 Moncloa - Aravaca;92 Argüelles;FERRAZ, CALLE, DE;3;Carga y descarga 360;Línea;3;15,7;LAB. DE 8 A 14 H. Y DE16,30 A 19 H. EXCEPTO CARGA Y DESCARGA MÁXIMO 45 MINUTOS;-3.7169317760;40.4256767710
0902019;439115.4100000000;4475346.1300000000;29/09/22;9 Moncloa - Aravaca;92 Argüelles;FERRAZ, CALLE, DE;13;Carga y descarga 360;Línea;2;12,38;LAB. DE 9 A 14 H. Y DE16,30 A 20 H. EXCEPTOCARGA Y DESCARGA MÁXIMO 45 MINUTOS;-3.7177536270;40.4265228580
0902020;439254.6100000000;4475176.2400000000;22/06/23;9 Moncloa - Aravaca;92 Argüelles;FERRAZ, CALLE, DE;22;Carga y descarga 360;Línea;3;16,02;LABORABLES DE 8 A 14 HORAS Y DE 16:30 A 19 HORAS EXCEPTO CARGA Y DESCARGA MÁX 45 MIN;-3.7160964610;40.4250028580
0902021;439017.7400000000;4475480.1100000000;20/06/23;9 Moncloa - Aravaca;92 Argüelles;FERRAZ, CALLE, DE;27;Carga y descarga 360;Línea;2;10;LABORABLES DE LUNES A VIERNES DE 8:30 A 20:30 H. Y SÁBADOS DE 8 A 15 H. EXCEPTO CARGA Y DESCARGA MÁX 45 MIN;-3.7189177050;40.4277226310
0902022;438869.8300000000;4475681.7500000000;01/10/22;9 Moncloa - Aravaca;92 Argüelles;FERRAZ, CALLE, DE;47;Carga y descarga 360;Línea;3;16,4;LAB. DE 8 A 14 H. Y DE 16,30 A 19 H.EXCEPTO CARGA Y DESCARGA MÁX 45 MIN;-3.7206806960;40.4295285370
0902023;438693.6600000000;4475923.9600000000;20/06/23;9 Moncloa - Aravaca;92 Argüelles;FERRAZ, CALLE, DE;71;Carga y descarga 360;Línea;3;15;LABORABLES DE 9 A 20 H. EXCEPTO CARGA Y DESCARGA MÁX 45 MIN;-3.7227808730;40.4316970680
0902024;438834.8100000000;4475750.7900000000;21/06/23;9 Moncloa - Aravaca;92 Argüelles;FERRAZ, CALLE, DE;86;Carga y descarga 360;Línea;3;15,3;LAB. DE 9 A 20 H. EXCEPTO: CARGA Y DESCARGA. MÁX 45 MIN;-3.7211001580;40.4301478470
0902025;438793.8800000000;4475786.4200000000;06/06/25;9 Moncloa - Aravaca;92 Argüelles;FERRAZ, CALLE, DE;61;Carga y descarga 360;Línea;2;8;LAB. DE 8 A 14 H. Y DE 16,30 A 19 H .EXCEPTO CARGA Y DESCARGA MÁX 45 MIN;-3.7215860840;40.4304657810
0902026;439105.8700000000;4474750.9700000000;10/12/24;9 Moncloa - Aravaca;92 Argüelles;ILUSTRACION, CALLE, DE LA;21;Carga y descarga 360;Línea;2;13;LABORABLES DE 8 A 14 HORAS Y DE 16:30 A 19 HORAS EXCEPTO CARGA Y DESCARGA MÁX 45 MIN;-3.7178090890;40.4211610610
0902028;439264.2400000000;4475293.3100000000;30/09/22;9 Moncloa - Aravaca;92 Argüelles;JUAN ALVAREZ MENDIZABAL, CALLE, DE;38;Carga y descarga 360;Línea;3;15;LABORABLES DE 8 A 14 HORAS Y DE 16:30 A 19 HORAS EXCEPTO CARGA Y DESCARGA MÁX 45 MIN;-3.7159940730;40.4260581890
0902029;439198.2000000000;4475374.7400000000;29/09/22;9 Moncloa - Aravaca;92 Argüelles;JUAN ALVAREZ MENDIZABAL, CALLE, DE;41;Carga y descarga 360;Línea;2;13,2;LABORABLES DE 9A 20 HORAS EXCEPTO CARGA Y DESCARGA MÁX 45 MIN;-3.7167803430;40.4267865900
0902030;439135.8000000000;4475465.1100000000;29/09/22;9 Moncloa - Aravaca;92 Argüelles;JUAN ALVAREZ MENDIZABAL, CALLE, DE;53;Carga y descarga 360;Línea;3;14,6;LABORABLES DE 9 A 20 HORAS EXCEPTO CARGA Y DESCARGA MÁX 45 MIN;-3.7175245580;40.4275964660
0902031;438993.4900000000;4475669.0800000000;01/10/22;9 Moncloa - Aravaca;92 Argüelles;JUAN ALVAREZ MENDIZABAL, CALLE, DE;75;Carga y descarga 360;Línea;3;15;LABORABLES DE 9 A 20 H. EXCEPTO CARGA Y DESCARGA MÁX 45 MIN;-3.7192217160;40.4294237430
0902032;438967.4700000000;4475717.5400000000;06/11/25;9 Moncloa - Aravaca;92 Argüelles;JUAN ALVAREZ MENDIZABAL, CALLE, DE;77;Carga y descarga 360;Línea;3;18;LABORABLES DE 8 A 14 H. Y DE 16:30 A 19 H. EXCEPTO CARGA Y DESCARGA MÁXIMO 45 MINUTOS;-3.7195331190;40.4298577010
0902033;438928.9300000000;4475760.6500000000;01/10/22;9 Moncloa - Aravaca;92 Argüelles;JUAN ALVAREZ MENDIZABAL, CALLE, DE;83;Carga y descarga 360;Línea;2;12,1;LAB. DE 8 A 14 H. Y DE 16,30 A 19 H.EXCEPTO CARGA YDESCARGA MÁX 45 MIN;-3.7199916000;40.4302431870
0902034;438831.2700000000;4475900.1200000000;30/09/22;9 Moncloa - Aravaca;92 Argüelles;JUAN ALVAREZ MENDIZABAL, CALLE, DE;101;Carga y descarga 360;Línea;3;15;LAB. DE 8 A 14 H. Y DE 16,30 A 19 H. EXCEPTO CARGA Y DESCARGA MÁX 45 MIN ;-3.7211563080;40.4314930370
0902035;439350.4500000000;4475262.0600000000;30/09/22;9 Moncloa - Aravaca;92 Argüelles;LUISA FERNANDA, CALLE, DE;15;Carga y descarga 360;Línea;3;14,2;LABORABLES DE 8 A 14 H. Y DE 16:30 A 19 HORAS EXCEPTO CARGA Y DESCARGA MÁX 45 MIN;-3.7149748960;40.4257826540
0902036;438814.2100000000;4475636.1000000000;21/06/23;9 Moncloa - Aravaca;92 Argüelles;MARQUES DE URQUIJO, CALLE, DEL;44;Carga y descarga 360;Línea;2;14;LAB. DE 9 A 14 H. Y DE 16,30 A 20 H.EXCEPTO CARGA Y DESCARGA MÁX 45 MIN;-3.7213319200;40.4291130280
0902037;439446.3100000000;4475142.6100000000;30/09/22;9 Moncloa - Aravaca;92 Argüelles;MARTIN DE LOS HEROS, CALLE, DE;13;Carga y descarga 360;Línea;4;20,2;PERMITIDO CARGA Y DESCARGA DE LUNES A VIERNES DE 8 A 12 H MÁX 45 MIN;-3.7138335070;40.4247138010
0902038;439417.2000000000;4475187.5200000000;30/09/22;9 Moncloa - Aravaca;92 Argüelles;MARTIN DE LOS HEROS, CALLE, DE;17;Carga y descarga 360;Línea;2;13,1;LABORABLES DE 8 A 14 H Y DE 16:30 A 19 HORAS EXCEPTO CARGA Y DESCARGA MÁX 45 MIN;-3.7141810050;40.4251160740
0902039;439379.3000000000;4475244.6100000000;01/10/22;9 Moncloa - Aravaca;92 Argüelles;MARTIN DE LOS HEROS, CALLE, DE;25;Carga y descarga 360;Línea;2;12,9;LABORABLES DE 8 A 14 H. EXCEPTO CARGA Y DESCARGA MÁX 45 MIN;-3.7146331840;40.4256281270
0902040;439076.0000000000;4475707.5600000000;01/10/22;9 Moncloa - Aravaca;92 Argüelles;MARTIN DE LOS HEROS, CALLE, DE;69;Carga y descarga 360;Línea;2;10;LAB. DE 9 A 20 H. EXCEPTO CARGA Y DESCARGA MÁX 45 MIN;-3.7182527300;40.4297760550
0902041;438950.1500000000;4475907.5900000000;01/10/22;9 Moncloa - Aravaca;92 Argüelles;MARTIN DE LOS HEROS, CALLE, DE;78;Carga y descarga 360;Línea;2;11,8;LAB. DE 8 A 14 H. YDE 16,30 A 19 H.EXCEPTO CARGA Y DESCARGA MÁX 45 MIN;-3.7197555410;40.4315688400
0902042;438963.4500000000;4475875.0000000000;01/10/22;9 Moncloa - Aravaca;92 Argüelles;MARTIN DE LOS HEROS, CALLE, DE;89;Carga y descarga 360;Línea;2;13,4;LAB. DE 8 A 14 H. Y DE 16,30 A 19 H. EXCEPTO CARGA Y DESCARGA MÁX 45 MIN;-3.7195956290;40.4312764020
0902043;439197.7800000000;4475868.5900000000;01/10/22;9 Moncloa - Aravaca;92 Argüelles;PRINCESA, CALLE, DE LA;63;Carga y descarga 360;Línea;2;14;LABORABLES DE LUNES A VIERNES DE 8.30 A 20.30 Y SÁBADOS DE 8 A 15 H. EXCEPTO CARGA Y DESCARGA MÁX 45 MIN ;-3.7168325400;40.4312357220
0902044;439252.8600000000;4475560.9600000000;01/10/22;9 Moncloa - Aravaca;92 Argüelles;QUINTANA, CALLE, DE;4;Carga y descarga 360;Línea;2;12,6;LABORABLES DE 8 A 14 H. EXCEPTO CARGA Y DESCARGA MÁX 45 MIN;-3.7161538140;40.4284683360
0902045;439186.3500000000;4475511.7400000000;01/10/22;9 Moncloa - Aravaca;92 Argüelles;QUINTANA, CALLE, DE;9;Carga y descarga 360;Línea;2;10,5;LABORABLES DE 9 A 20 HORAS EXCEPTO CARGA Y DESCARGA MÁX 45 MIN;-3.7169331510;40.4280200540
0902046;439107.6400000000;4475479.7000000000;01/10/22;9 Moncloa - Aravaca;92 Argüelles;QUINTANA, CALLE, DE;20;Carga y descarga 360;Línea;3;16,4;LABORABLES DE 9 A 20 HORAS EXCEPTO CARGA Y DESCARGA MÁX 45 MIN;-3.7178579620;40.4277255530
0902047;439025.8900000000;4475421.6800000000;30/09/22;9 Moncloa - Aravaca;92 Argüelles;QUINTANA, CALLE, DE;23;Carga y descarga 360;Línea;3;15,06;LABORABLES DE 9 A 14 H. Y DE 16:30 A 19 H. EXCEPTO CARGA Y DESCARGA MÁX 45 MIN;-3.7188160620;40.4271971150
0902048;439302.2200000000;4474687.6100000000;21/06/23;9 Moncloa - Aravaca;92 Argüelles;ARRIAZA, CALLE, DE;2;Carga y descarga 360;Línea;2;12,96;LAB. DE 8 A 14 H. Y DE 16,30 A 19 H. EXCEPTO CARGA Y DESCARGA MÁX 45 MIN;-3.7154886100;40.4206044330
0902049;439253.7500000000;4475594.0700000000;30/09/22;9 Moncloa - Aravaca;92 Argüelles;TUTOR, CALLE, DEL;28;Carga y descarga 360;Línea;2;12;LABORABLES DE 8 A 10 H. Y DE 17 A 19 H. EXCEPTO CARGA Y DESCARGA MÁX 45 MIN;-3.7161465370;40.4287663890
0902050;439164.8000000000;4475741.8100000000;13/10/22;9 Moncloa - Aravaca;92 Argüelles;TUTOR, CALLE, DEL;42;Carga y descarga 360;Línea;2;13,1;LABORABLES DE 8 A 14 H. EXCEPTO CARGA Y DESCARGA MÁX 45 MIN;-3.7172091450;40.4300914110
0902051;439132.1900000000;4475781.3100000000;01/10/22;9 Moncloa - Aravaca;92 Argüelles;TUTOR, CALLE, DEL;45;Carga y descarga 360;Línea;3;16,3;LAB. DE 8 A 14 H. Y DE 16,30 A 19 H. EXCEPTO CARGA Y DESCARGA MÁX 45 MIN;-3.7175973240;40.4304444670
0902052;439099.4500000000;4475849.7900000000;01/10/22;9 Moncloa - Aravaca;92 Argüelles;TUTOR, CALLE, DEL;52;Carga y descarga 360;Línea;3;17,7;TODOS LOS DÍAS 24 HORAS EXCEPTO CARGA Y DESCARGA MÁX 45 MIN;-3.7179899720;40.4310593080
0902053;439056.7200000000;4475922.9800000000;01/10/22;9 Moncloa - Aravaca;92 Argüelles;TUTOR, CALLE, DEL;64;Carga y descarga 360;Línea;3;18;LAB. DE 8 A 14 H. Y DE 16,30 A 19 H. EXCEPTO CARGA Y DESCARGA MÁX 45 MIN;-3.7185005920;40.4317150590
0902054;439461.3000000000;4475229.1300000000;01/10/22;9 Moncloa - Aravaca;92 Argüelles;VENTURA RODRIGUEZ, CALLE, DE;6;Carga y descarga 360;Línea;2;10;LABORABLES DE 8 A 14H Y DE 16.30 A 19 H. EXCEPTO CARGA Y DESCARGA MÁX 45 MIN;-3.7136651140;40.4254939970
0902055;439421.2700000000;4475141.5200000000;01/10/22;9 Moncloa - Aravaca;92 Argüelles;VENTURA RODRIGUEZ, CALLE, DE;9;Carga y descarga 360;Línea;4;22,4;LABORABLES DE 8 A 14 H. Y DE 16,30 A 19 H. EXCEPTO CARGA Y DESCARGA MÁX 45 MIN;-3.7141285800;40.4247022840
0902056;439388.1500000000;4475066.6200000000;01/10/22;9 Moncloa - Aravaca;92 Argüelles;VENTURA RODRIGUEZ, CALLE, DE;24;Carga y descarga 360;Línea;2;12;LABORABLES DE 8 A 11 H. EXCEPTO CARGA Y DESCARGA MÁX 45 MIN;-3.7145118890;40.4240245900
 Sin Datos;439119.7800000000;4478978.8900000000;02/04/24;9 Moncloa - Aravaca;93 Ciudad Universitaria;FRANCOS RODRIGUEZ, CALLE, DE;81;Carga y descarga;Línea;2;10;LAB. DE LUNES A VIERNES DE 08:00 A 14:00 H. EXCEPTO CARGA Y DESCARGA;-3.7180502470;40.4592482590
 Sin Datos;438584.4700000000;4479605.8200000000;13/05/13;9 Moncloa - Aravaca;93 Ciudad Universitaria;RAMON CRESPO, CALLE, DE;4;Carga y descarga;Línea;2;9,1;LAB. DE 08:00 A 14:00 H. Y DE 16:30 A 19:00 H. EXCEPTO CARGA Y DESCARGA;-3.7244240010;40.4648568860
 Sin Datos;438943.3200000000;4477403.3800000000;05/03/21;9 Moncloa - Aravaca;93 Ciudad Universitaria;JUAN XXIII, PASEO, DE;3;Carga y descarga;Línea;2;10;LAB. DE LUNES A SABADO DE 08:00 A 14:30 H. EXCEPTO CARGA Y DESCARGA;-3.7199797970;40.4450433170
0903001;439592.1800000000;4477580.5800000000;26/05/23;9 Moncloa - Aravaca;93 Ciudad Universitaria;ESTUDIANTES, CALLE, DE LOS;2;Carga y descarga 360;Línea;3;18;Laborables de 09:00 a 20:00 MÁXIMO 45 MINUTOS ;-3.7123457640;40.4466869610
0903002;439749.1200000000;4477634.2600000000;26/05/23;9 Moncloa - Aravaca;93 Ciudad Universitaria;VASCOS, CALLE, DE LOS;2;Carga y descarga 360;Línea;4;21,8;Laborables de 08:00 a 14:00 y de 16:30 a 19:00 MÁXIMO 45 MINUTOS ;-3.7105003820;40.4471813090
0903003;439349.1700000000;4477851.4600000000;26/05/23;9 Moncloa - Aravaca;93 Ciudad Universitaria;ALMANSA, CALLE, DE;103;Carga y descarga 360;Línea;2;10;Laborables de 08:00 a 15:00 MÁXIMO 45 MINUTOS ;-3.7152371390;40.4491095420
0903004;439714.5500000000;4477661.9600000000;21/09/22;9 Moncloa - Aravaca;93 Ciudad Universitaria;JUAN MONTALVO, CALLE, DE;11;Carga y descarga 360;Batería;5;14,4;Laborables de 08:00 a 14:00 y de 16:30 a 19:00 MÁXIMO 45 MINUTOS ;-3.7109105620;40.4474283120
0903005;439495.5900000000;4478654.3500000000;20/09/22;9 Moncloa - Aravaca;93 Ciudad Universitaria;MOGUER, CALLE, DE;5;Carga y descarga 360;Línea;3;15;Laborables de 08:00 a 14:00 y de 16:30 a 19:00 MÁXIMO 45 MINUTOS ;-3.7135870770;40.4563527020
0903006;439560.9400000000;4478795.6200000000;20/09/22;9 Moncloa - Aravaca;93 Ciudad Universitaria;FRANCOS RODRIGUEZ, CALLE, DE;S/N;Carga y descarga 360;Línea;3;15;Laborables de 08:00 a 14:00 y de 16:30 a 19:00 EN LINEA MÁXIMO 45 MINUTOS;-3.7128298560;40.4576298250
0903007;439735.4700000000;4477895.0100000000;26/05/23;9 Moncloa - Aravaca;93 Ciudad Universitaria;ALMANSA, CALLE, DE;77 B;Carga y descarga 360;Batería;5;14,3;Laborables de 08:00 a 14:00 y de 16:30 a 19:00 MÁXIMO 45 MINUTOS ;-3.7106860780;40.4495291760
0903008;439291.4600000000;4478889.6900000000;21/09/23;9 Moncloa - Aravaca;93 Ciudad Universitaria;PIRINEOS, CALLE, DE LOS;1;Carga y descarga 360;Línea;2;10,7;lab. de 8 a 14 h. y de 16,30 a 19 h. MÁXIMO 45 MINUTOS;-3.7160168770;40.4584577490
0903009;439461.0200000000;4478652.6700000000;10/01/25;9 Moncloa - Aravaca;93 Ciudad Universitaria;DOCTOR FEDERICO RUBIO Y GALI, AVENIDA, DEL;106;Carga y descarga 360;Línea;3;14,7;LAB. DE LUNES A SÁBADO DE 08:00 A 14:30 H. MÁXIMO 45 MINUTOS;-3.7139946220;40.4563352840
0903010;439177.1700000000;4477688.5100000000;21/07/25;9 Moncloa - Aravaca;93 Ciudad Universitaria;JUAN XXIII, PASEO, DE;22;Carga y descarga 360;Línea;3;15,1;lab. de 08:00 a14:30 h. excepto CARGA Y DESCARGA MÁXIMO 45 MINUTOS;-3.7172497670;40.4476285600
 Sin Datos;439018.7500000000;4479666.3600000000;14/07/05;9 Moncloa - Aravaca;94 Valdezarza;ANTONIO MACHADO, CALLE, DE;23;Carga y descarga;Línea;3;15;LAB. DE 08:00 A 14:00 H. EXCEPTO CARGA Y DESCARGA;-3.7193077750;40.4654341410
 Sin Datos;438823.0600000000;4480133.7600000000;02/06/15;9 Moncloa - Aravaca;94 Valdezarza;VALDERRODRIGO, CALLE, DE;10;Carga y descarga;Línea;1;10;LAB. DE 08:00 A 17:00 H EXCEPTO CARGA Y DESCARGA;-3.7216609690;40.4696303690
 Sin Datos;438853.3100000000;4479733.3900000000;13/02/20;9 Moncloa - Aravaca;94 Valdezarza;SAN GERARDO, CALLE, DE;8;Carga y descarga;Línea;1;6,5;LAB. DE 08:00 A 14:30 H. EXCEPTO CARGA Y DESCARGA;-3.7212655140;40.4660257770
 Sin Datos;438541.2400000000;4480235.5500000000;24/08/20;9 Moncloa - Aravaca;94 Valdezarza;ISLA CRISTINA, CALLE, DE LA;9;Carga y descarga;Línea;1;5;LAB DE LUNES A VIERNES DE 08:00 A 19:00 H. EXCEPTO CARGA Y DESCARGA;-3.7249949540;40.4705266470
 Sin Datos;439060.8800000000;4479804.8000000000;11/05/17;9 Moncloa - Aravaca;94 Valdezarza;VALDERREY, CALLE, DE;52;Carga y descarga;Batería;2;10,4;LAB. DE 09:00 A 14:00 H. EXCEPTO CARGA Y DESCARGA;-3.7188241410;40.4666847930
 Sin Datos;439178.5800000000;4479981.6200000000;20/04/26;9 Moncloa - Aravaca;94 Valdezarza;VALDEVARNES, CALLE, DE;1;Carga y descarga;Línea;2;10,55;De lunes a viernes de 8 h. a 14 h. y de 16:30 a 19 h. Sábados de 8 a 15 h. excepto: CARGA Y DESCARGA;-3.7174527660;40.4682854650
0904001;439744.2200000000;4478934.3000000000;21/09/22;9 Moncloa - Aravaca;94 Valdezarza;OFELIA NIETO, CALLE, DE;15;Carga y descarga 360;Línea;4;21,7;Laborables de 08:00 a 14:00 y de 16:30 a 19:00 MÁXIMO 45 MINUTOS ;-3.7106815510;40.4588924520
0904002;439639.2700000000;4478807.8600000000;21/09/22;9 Moncloa - Aravaca;94 Valdezarza;FRANCOS RODRIGUEZ, CALLE, DE;96;Carga y descarga 360;Línea;2;10;lab de Lunes a viernes de 08:30 a 20:30  sabados 08:00 a 15:00 MÁXIMO 45 MINUTOS ;-3.7119072800;40.4577463070
0904003;439797.7000000000;4479225.7400000000;21/09/22;9 Moncloa - Aravaca;94 Valdezarza;ALESANCO, CALLE, DE;1;Carga y descarga 360;Línea;1;6,6;Laborables de 08:00 a 17:00 MÁXIMO 45 MINUTOS ;-3.7100784560;40.4615221570
0904004;439838.7900000000;4479292.6900000000;21/09/22;9 Moncloa - Aravaca;94 Valdezarza;ALESANCO, CALLE, DE;11;Carga y descarga 360;Batería;1;4;Laborables de 08:00 a 17:00 MÁXIMO 45 MINUTOS ;-3.7096001510;40.4621274860
0904005;439695.3600000000;4478963.5500000000;21/09/22;9 Moncloa - Aravaca;94 Valdezarza;SANCHEZ PRECIADO, CALLE, DE;18;Carga y descarga 360;Batería;1;3,5;Laborables de 09:00 a 17:00 MÁXIMO 45 MINUTOS ;-3.7112604680;40.4591526320
0904006;439688.8100000000;4478991.4000000000;19/12/24;9 Moncloa - Aravaca;94 Valdezarza;SANCHEZ PRECIADO, CALLE, DE;25;Carga y descarga 360;Batería;1;3,48;Laborables de 09:00 a 17:00 MÁXIMO 45 MINUTOS;-3.7113403380;40.4594024990
0904007;439140.0700000000;4479424.7900000000;01/10/25;9 Moncloa - Aravaca;94 Valdezarza;ARTAJONA, CALLE, DE;15;Carga y descarga 360;Línea;3;16,7;LAB. DE 08:00 A 14:00 Y DE 16:30 A 19:00 H. EXCEPTO CARGA Y DESCARGA MÁXIMO 45 MINUTOS;-3.7178536650;40.4632668130
0904008;439146.1100000000;4479517.9000000000;01/10/25;9 Moncloa - Aravaca;94 Valdezarza;ARTAJONA, CALLE, DE;27;Carga y descarga 360;Línea;3;15,9;LAB. DE 08:00 A 14:00 Y DE 16:30 A 19:00 H. EXCEPTO CARGA Y DESCARGA MÁXIMO 45 MINUTOS;-3.7177913270;40.4641064830
 Sin Datos;434843.7500000000;4480509.3000000000;20/09/17;9 Moncloa - Aravaca;95 Valdemarín;VIÑAS DE EL PARDO, CALLE, DE LAS;9;Carga y descarga;Línea;2;10,01;LABORABLES DE 8 A 17H EXCEPTO CARGA Y DESCARGA;-3.7686366900;40.4727106470
 Sin Datos;433382.8200000000;4479660.8100000000;18/12/24;9 Moncloa - Aravaca;95 Valdemarín;ZARZUELA, CAMINO, DE LA;15;Carga y descarga;Línea;3;17;LBORABLES DE LUNES A SÁBADOS DE 8 A 14:30 EXCEPTO CARGA Y DESCARGA MÁX 45 MINUTOS;-3.7857803330;40.4649517670
 Sin Datos;433579.7400000000;4479717.8600000000;31/07/25;9 Moncloa - Aravaca;95 Valdemarín;BLANCA DE CASTILLA, CALLE, DE;S/N;Carga y descarga;Línea;3;15;LABORABLES DE LUNES A VIERNES DE 8 A 14:30 H. Y DE 16:30 A 19 HORAS. SÁBADOS DE 8 A 14:30 H. EXCEPTO CARGA Y DESCARGA MÁXIMO 45 MINUTOS;-3.7834638640;40.4654807220
 Sin Datos;429742.7400000000;4480474.0500000000;11/01/22;9 Moncloa - Aravaca;96 El Plantío;VICTORIA, AVENIDA, DE LA;43;Carga y descarga;Línea;2;12;LABORABLES DE LUNES A SÁBADO DE 8 A 14:30 H. EXCEPTO CARGA Y DESCARGA;-3.8288027590;40.4719770320
 Sin Datos;433527.9100000000;4478972.7300000000;22/03/05;9 Moncloa - Aravaca;97 Aravaca;PEREZ DE VICTORIA, CALLE, DE;1;Carga y descarga;Línea;4;20;LABORABLES DE 8 A 14 H. Y DE 16:30 A 19H. EXCEPTO CARGA Y DESCARGA;-3.7839971730;40.4587646250
 Sin Datos;433597.1700000000;4478982.3600000000;17/09/08;9 Moncloa - Aravaca;97 Aravaca;BAJA DE LA IGLESIA, CALLE;1;Carga y descarga;Línea;3;15;LABORABLES DE 8 A 14 H. Y DE 16.30 A 19 H. EXCEPTO CARGA Y DESCARGA ;-3.7831813390;40.4588571580
 Sin Datos;433726.8900000000;4478976.2100000000;16/03/05;9 Moncloa - Aravaca;97 Aravaca;OLIVO, CALLE, DEL;30;Carga y descarga;Línea;2;9;LABORABLES DE 8 A 14 H. EXCEPTO CARGA Y DESCARGA ;-3.7816507970;40.4588116650
 Sin Datos;433432.0700000000;4478136.1300000000;05/10/19;9 Moncloa - Aravaca;97 Aravaca;GOLONDRINA, CALLE, DE LA;33;Carga y descarga;Línea;2;9,4;DE 9:30 A 21:30 H. EXCEPTO CARGA Y DESCARGA TIEMPO MÁXIMO 20 MINUTOS;-3.7850396130;40.4512209480
 Sin Datos;433563.7200000000;4478935.7300000000;23/02/23;9 Moncloa - Aravaca;97 Aravaca;MARQUES DE CAMARINES, PLAZA, DEL;5;Carga y descarga;Batería;3;15,1;LABORABLES DE 8 A 14 H Y DE 16:30 A 19 HORAS EXCEPTO CARGA Y DESCARGA;-3.7835708930;40.4584344870
 Sin Datos;433094.2400000000;4477470.8700000000;27/06/16;9 Moncloa - Aravaca;97 Aravaca;EUROPA, AVENIDA, DE;S/N;Carga y descarga;Línea;2;10;LABORABLES DE 8 A14 H. Y DE 16:30 A 19 H. EXCEPTO CARGA Y DESCARGA;-3.7889532580;40.4452005370
 Sin Datos;433400.2900000000;4478958.9300000000;01/08/18;9 Moncloa - Aravaca;97 Aravaca;GALAXIA, AVENIDA, DE LA;6;Carga y descarga;Línea;1;6,8;LABORABLES DE LUNES A VIERNES DE 8 A 15 H. EXCEPTO CARGA Y DESCARGA;-3.7855007290;40.4586302090
 Sin Datos;433436.9500000000;4477725.6800000000;22/11/12;9 Moncloa - Aravaca;97 Aravaca;TALGO, AVENIDA, DEL;234;Carga y descarga;Línea;3;17;LABORABLES DE 8 A 14 H. Y DE 16.30 A 19 H. EXCEPTO CARGA Y DESCARGA;-3.7849390590;40.4475241100
 Sin Datos;433472.4700000000;4478952.8400000000;14/10/21;9 Moncloa - Aravaca;97 Aravaca;CAROLI, CALLE, DE;10;Carga y descarga;Línea;2;14;DE LUNES A SÁBADO DE 7 A 20 HORAS, EXCEPTO CARGA Y DESCARGA SERVICIO DE CORREOS Y TELÉGRAFOS;-3.7846487980;40.4585812220
 Sin Datos;433333.6600000000;4477482.0000000000;25/03/22;9 Moncloa - Aravaca;97 Aravaca;EUROPA, AVENIDA, DE;25 G;Carga y descarga;Línea;3;15,6;LAB. DE 8 A 14 H. Y DE 16,30 A 19 H. EXCEPTO CARGA Y DESCARGA;-3.7861314980;40.4453204000
 Sin Datos;433165.9700000000;4477504.8400000000;04/06/14;9 Moncloa - Aravaca;97 Aravaca;EUROPA, AVENIDA, DE;S/N;Carga y descarga;Línea;3;15;LABORABLES DE 8 A 20 H. Y SÁBADOS DE 8 A 15 H. EXCEPTO CARGA Y DESCARGA;-3.7881111250;40.4455129710
 Sin Datos;433644.2100000000;4479003.9800000000;26/12/25;9 Moncloa - Aravaca;97 Aravaca;OSA MAYOR, AVENIDA, DE LA;62;Carga y descarga;Línea;3;20;LABORABLES DE 8 A 17 H. EXCEPTO CARGA Y DESCARGA MÁXIMO 45 MIMUTOS;-3.7826287780;40.4590558020
 Sin Datos;433913.6600000000;4479050.1300000000;23/12/25;9 Moncloa - Aravaca;97 Aravaca;OSA MAYOR, AVENIDA, DE LA;32;Carga y descarga;Línea;3;15;LABORABLES DE 8 A 17 H. EXCEPTO CARGA Y DESCARGA MÁXIMO 45 MINUTOS;-3.7794558530;40.4594922820
 Sin Datos;437327.5700000000;4472870.3400000000;24/10/19;10 Latina;101 Los Cármenes;SEPULVEDA, CALLE, DE;11;Carga y descarga;Línea;2;11;LABORABLES DE LUNES A SÁBADO DE 8 A 14:30  H. EXCEPTO CARGA Y DESCARGA;-3.7385843670;40.4040872060
 Sin Datos;437986.7400000000;4472775.9500000000;07/09/22;10 Latina;101 Los Cármenes;CONCEJAL FRANCISCO JOSE JIMENEZ MARTIN, CALLE, DEL;8;Carga y descarga;Línea;2;7,5;LABORABLES DE LUNES A VIERNES DE 8 A 14 HORAS. EXCEPTO CARGA Y DESCARGA EN LÍNEA, TIEMPO MÁXIMO 30 MINUTOS;-3.7308076680;40.4032860390
 Sin Datos;436947.0800000000;4472915.8400000000;11/06/24;10 Latina;101 Los Cármenes;SEPULVEDA, CALLE, DE;79;Carga y descarga;Línea;1;9,76;LAB. DE LUNES A SÁBADO DE 8 A 14:30 H. EXCEPTO CARGA Y DESCARGA MÁXIMO 45 MINUTOS.;-3.7430725740;40.4044680510
1001001;438514.5400000000;4473075.5100000000;15/09/22;10 Latina;101 Los Cármenes;ERMITA DEL SANTO, PASEO, DE LA;66;Carga y descarga 360;Línea;3;17,4;LABORABLES DE 8 A 14 H. Y DE 16,30 A 22 H. EXCEPTO CARGA Y DESCARGA MÁXIMO 45 MINUTOS ;-3.7246169730;40.4060244330
1001002;438626.0700000000;4473041.3800000000;15/09/22;10 Latina;101 Los Cármenes;MANZANARES, AVENIDA, DEL;40;Carga y descarga 360;Línea;3;14,7;LAB. DE 8 A 14 H. Y DE 16.30 A 19 H. EXCEPTO CARGA Y DESCARGA MÁXIMO 45 MINUTOS;-3.7232994570;40.4057250630
1002001;438412.6000000000;4473977.0600000000;16/09/22;10 Latina;102 Puerta del Angel;ALONSO FERNANDEZ, CALLE, DE;1;Carga y descarga 360;Línea;2;12,1;LAB. DE 9 A 13 H Y DE 16 A 20 H EXCEPTO CARGA Y DESCARGA MÁXIMO 45 MINUTOS;-3.7259056700;40.4141380310
1002002;438258.4900000000;4473563.1100000000;23/08/23;10 Latina;102 Puerta del Angel;ANTILLON, CALLE, DE;32;Carga y descarga 360;Línea;2;10;LAB. DE 8 A 14 H. Y DE 16,30 A 19 H. EXCEPTO CARGA Y DESCARGA MÁXIMO 45 MINUTOS;-3.7276817820;40.4103978200
1002003;438373.3300000000;4473892.9700000000;16/09/22;10 Latina;102 Puerta del Angel;ANTONIO ZAMORA, CALLE, DE;12;Carga y descarga 360;Línea;3;14;LABORABLES DE 8 A 14 HORAS Y DE 16:30 A 19:00, ESCEPTO CARGA Y DESCARGA MÁXIMO 45 MINUTOS;-3.7263602550;40.4133773720
1002004;438270.0400000000;4473877.7400000000;16/09/22;10 Latina;102 Puerta del Angel;ANTONIO ZAMORA, CALLE, DE;20;Carga y descarga 360;Línea;3;13,4;LAB. DE 8 A 14 H.Y DE 16,30 A 19 H.EXCEPTO CARGA Y DESCARGA MÁXIMO 45 MINUTOS;-3.7275761280;40.4132324140
1002005;438340.2100000000;4473745.3300000000;16/09/22;10 Latina;102 Puerta del Angel;CARAMUEL, CALLE, DE;19;Carga y descarga 360;Línea;3;15;LABORABLES DE 8 A 14 H EXCEPTO CARGA Y DESCARGA MÁXIMO 45 MINUTOS;-3.7267364020;40.4120454180
1002006;438550.0900000000;4473912.0300000000;15/09/22;10 Latina;102 Puerta del Angel;ERMITA DEL SANTO, PASEO, DE LA;2;Carga y descarga 360;Línea;4;20;LABORABLES DE 8 A 14 H. Y DE 16,30 A 19 H. EXCEPTO CARGA Y DESCARGA MÁXIMO 45 MINUTOS;-3.7242789280;40.4135626100
1002007;438633.1300000000;4473672.0700000000;15/09/22;10 Latina;102 Puerta del Angel;ERMITA DEL SANTO, PASEO, DE LA;16;Carga y descarga 360;Línea;3;10,3;LAB. DE 8 A 14H. Y DE 16,30 A 19 H. EXCEPTO CARGA Y DESCARGA MÁXIMO 45 MINUTOS;-3.7232771120;40.4114069710
1002008;438564.7100000000;4474090.7300000000;15/09/22;10 Latina;102 Puerta del Angel;MARQUES DE MONISTROL, PASEO, DEL;3;Carga y descarga 360;Línea;4;20,7;LAB. DE 8 A 14 H. Y DE 16,30 A 19 H. EXCEPTO CARGA Y DESCARGA MÁXIMO 45 MINUTOS;-3.7241238860;40.4151734230
1002009;438517.4500000000;4473941.7200000000;15/09/22;10 Latina;102 Puerta del Angel;PUENTE DE SEGOVIA, GLORIETA, DEL;1;Carga y descarga 360;Línea;2;13,5;LAB. DE 8 A 14 H. Y DE 16.30 A 19 H. EXCEPTO CARGA Y DESCARGA MÁXIMO 45 MINUTOS;-3.7246664770;40.4138274310
1002010;438502.1600000000;4474011.8700000000;15/09/22;10 Latina;102 Puerta del Angel;SAAVEDRA FAJARDO, CALLE, DE;8;Carga y descarga 360;Línea;2;9,9;LAB. DE 8 A 14 H.Y DE 16,30 A 19 H.EXCEPTO CARGA Y DESCARGA MÁXIMO 45 MINUTOS;-3.7248533760;40.4144583720
1002011;437725.0300000000;4473713.8100000000;18/01/23;10 Latina;102 Puerta del Angel;EXTREMADURA, PASEO, DE;112;Carga y descarga 360;Línea;3;15;LABORABLES DE 8 A 14 H. Y DE 16,30 A 19 H. EXCEPTO CARGA Y DESCARGA MÁX 45 MIN;-3.7339833440;40.4117156230
1002012;437545.4800000000;4473629.1700000000;18/01/23;10 Latina;102 Puerta del Angel;EXTREMADURA, PASEO, DE;132;Carga y descarga 360;Línea;3;15;LABORABLES DE 9 A 14 H. Y DE 16,30 A 20 H. EXCEPTO: CARGA Y DESCARGA MÁX 45 MIN;-3.7360910260;40.4109397810
1002013;437670.2500000000;4473688.0100000000;18/01/23;10 Latina;102 Puerta del Angel;EXTREMADURA, PASEO, DE;120;Carga y descarga 360;Línea;3;15;LABORABLES DE 8 A 14 HORAS Y DE 16:30 A 19 HORAS EXCEPTO CARGA Y DESCARGA MÁX 45 MN;-3.7346264310;40.4114792780
1002014;437831.6100000000;4473764.9000000000;18/01/23;10 Latina;102 Puerta del Angel;EXTREMADURA, PASEO, DE;96;Carga y descarga 360;Línea;4;23,86;LAB. DE 9 A 14 H. Y DE 16,30 A 20 H.EXCEPTO CARGA Y DESCARGA MÁX 45 MIN;-3.7327322330;40.4121834430
1002015;437898.9100000000;4473796.7600000000;17/01/23;10 Latina;102 Puerta del Angel;EXTREMADURA, PASEO, DE;88;Carga y descarga 360;Línea;2;11,1;LABORABLES DE 8 A 14 HORAS Y DE 16:30 A 19 HORAS;-3.7319422390;40.4124758810
1002016;438152.2100000000;4473843.3100000000;19/01/23;10 Latina;102 Puerta del Angel;JAIME VERA, CALLE, DE;8;Carga y descarga 360;Línea;3;15;LAB. DE 8 A 14 H. Y DE 16,30 A 19 H. EXCEPTO CARGA Y DESCARGA MÁX 45 MIN;-3.7289615400;40.4129143080
1002017;437933.3200000000;4473560.3200000000;19/01/23;10 Latina;102 Puerta del Angel;JESUITAS, PASEO, DE LOS;18;Carga y descarga 360;Línea;3;15;LAB. DE 8 A 14 H. Y DE 16,30 A 19 H. EXCEPTO CARGA Y DESCARGA MÁX 45 MIN ;-3.7315135520;40.4103486030
1002018;437331.5200000000;4473526.3600000000;18/01/23;10 Latina;102 Puerta del Angel;EXTREMADURA, PASEO, DE;154;Carga y descarga 360;Línea;6;33,2;LAB. DE 8 A 14 H. Y DE 16,30 A 19 H. EXCEPTO CARGA Y DESCARGA MÁX 45 MIN ;-3.7386024720;40.4099972650
1002019;437330.9700000000;4473437.8900000000;17/01/23;10 Latina;102 Puerta del Angel;BENICASIM, CALLE, DE;2;Carga y descarga 360;Línea;8;29,04;LABORABLES DE 9 A 20 HORAS EXCEPTO CARGA Y DESCARGA MÁX 45 MIN;-3.7386002380;40.4092000520
1002020;437703.0600000000;4473028.4200000000;18/01/23;10 Latina;102 Puerta del Angel;OLIVOS, PASEO, DE LOS;39;Carga y descarga 360;Línea;3;8;LAB. DE 8 A 14 H. Y DE 16,30 A 19 H. EXCEPTO CARGA Y DESCARGA MÁXIMO 45 MINUTOS ;-3.7341751700;40.4055393100
1002021;437374.0200000000;4473215.8300000000;18/01/23;10 Latina;102 Puerta del Angel;PATRIARCA, COSTANILLA, DEL;S/N;Carga y descarga 360;Línea;3;14,73;LAB. DE 8 A 14 H. Y DE 16,30 A 19 H. EXCEPTO CARGA Y DESCARGA MÁX 45 MIN;-3.7380710540;40.4072028930
1002022;437198.5100000000;4473102.2600000000;25/11/24;10 Latina;102 Puerta del Angel;VICENTE CAMARON, CALLE, DE;46;Carga y descarga 360;Línea;3;12,89;LABORABLES DE 8 A 14 H. EXCEPTO CARGA Y DESCARGA MÁXIMO 45 MINUTOS;-3.7401282010;40.4061665270
1002023;437406.1100000000;4472967.2100000000;18/01/23;10 Latina;102 Puerta del Angel;PERALES, PASEO, DE LOS;4;Carga y descarga 360;Línea;3;15;LAB. DE 8 A 14 H. EXCEPTO CARGA Y DESCARGA MÁX 45 MIN;-3.7376684360;40.4049657790
1002024;437584.9500000000;4473316.1400000000;29/06/23;10 Latina;102 Puerta del Angel;GENSERICO, CALLE, DE;1;Carga y descarga 360;Batería;2;15;LABORABLES DE 8 A 14 H. Y DE 16.30 A 20 H, EXCEPTO CARGA Y DESCARGA MÁX 45 MIN;-3.7355952460;40.4081226620
1002025;438114.1000000000;4473899.1100000000;18/01/23;10 Latina;102 Puerta del Angel;EXTREMADURA, PASEO, DE;42;Carga y descarga 360;Línea;3;14,3;LABORABLES DE 8 A 19 H.  EXCEPTO CARGA Y DESCARGA MÁX 45 MIN;-3.7294160110;40.4134136980
1002026;437895.0600000000;4473508.0700000000;19/01/23;10 Latina;102 Puerta del Angel;GALIANA, CALLE, DE;4;Carga y descarga 360;Línea;3;15;LABORABLES DE 8 A 14 H. EXCEPTO CARGA Y DESCARGA MÁX 45 MIN;-3.7319593130;40.4098748810
1002027;438082.4400000000;4473642.2300000000;19/01/23;10 Latina;102 Puerta del Angel;JUAN TORNERO, CALLE, DE;64;Carga y descarga 360;Línea;2;9;LAB. DE 8 A 14 H. Y DE 16,30 A 19 H. EXCEPTO CARGA Y DESCARGA MÁX 45 MIN;-3.7297641400;40.4110971150
1002028;437631.6600000000;4473330.0600000000;19/01/23;10 Latina;102 Puerta del Angel;GENSERICO, CALLE, DE;S/N;Carga y descarga 360;Batería;5;13;LABORABLES DE 8 A14 H Y DE 16.30 A 20 HORAS. EXCEPTO CARGA Y DESCARGA MÁX 45 MIN;-3.7350461230;40.4082516920
1002029;438434.3500000000;4473902.1900000000;29/05/24;10 Latina;102 Puerta del Angel;ANTONIO ZAMORA, CALLE, DE;6;Carga y descarga 360;Línea;2;12;LABORABLES DE 8 A 12 H. Y DE 17 A 19 H. EXCEPTO CARGA Y DESCARGA MÁXIMO 45 MINUTOS;-3.7256419380;40.4134651500
1002030;437599.0900000000;4473745.0800000000;01/03/24;10 Latina;102 Puerta del Angel;TURISMUNDO, CALLE, DE;3;Carga y descarga 360;Línea;3;15;LABORABLES DE 8 A 14 H. EXCEPTO CARGA Y DESCARGA MÁX 45 MIN;-3.7354706850;40.4119874910
 Sin Datos;436111.4500000000;4473071.5400000000;10/12/04;10 Latina;103 Lucero;VILLASANDINO, CALLE, DE;42;Carga y descarga;Línea;3;16,2;LABORABLES DE 9 A 14 H.Y DE 16,30 A 20 H. EXCEPTO CARGA Y DESCARGA EN LINEA ;-3.7529352400;40.4058069960
 Sin Datos;437059.4900000000;4473204.0500000000;20/09/04;10 Latina;103 Lucero;HUERTA DE CASTAÑEDA, CALLE, DE LA;14;Carga y descarga;Línea;3;15;LABORABLES DE 8 A 14 H. Y DE 16,30 A 19 H.EXCEPTO CARGA Y DESCARGA;-3.7417764860;40.4070732320
 Sin Datos;436758.8200000000;4472842.0700000000;01/03/99;10 Latina;103 Lucero;HIGUERAS, CALLE, DE LAS;57;Carga y descarga;Línea;3;15,5;LAB. DE 9 A 14 H. Y DE 16,30 A 20 H. EXCEPTO CARGA Y DESCARGA ;-3.7452836180;40.4037892100
 Sin Datos;436988.3200000000;4472962.2300000000;13/12/04;10 Latina;103 Lucero;CEBREROS, CALLE, DE;11;Carga y descarga;Línea;3;15,1;LAB. DE 8 A 14 H. Y DE 16,30 A 19 H. EXCEPTO CARGA Y DESCARGA TIEMPO MAXIMO 30 MINUTOS;-3.7425911180;40.4048896900
 Sin Datos;436770.3200000000;4472991.8600000000;04/12/03;10 Latina;103 Lucero;HIGUERAS, CALLE, DE LAS;47;Carga y descarga;Línea;3;15;LAB. DE 8 A 14 H. Y DE 16,30 A 19 H. EXCEPTO CARGA Y DESCARGA ;-3.7451630680;40.4051402450
 Sin Datos;436796.9600000000;4472969.9700000000;14/04/20;10 Latina;103 Lucero;CEBREROS, CALLE, DE;39;Carga y descarga;Batería;2;11;LABORABLES DE 8 A 14H Y DE 16.30 A 19H EXCEPTO CARGA Y DESCARGA;-3.7448469670;40.4049443500
 Sin Datos;436938.0500000000;4472966.2600000000;02/09/14;10 Latina;103 Lucero;CEBREROS, CALLE, DE;19;Carga y descarga;Línea;5;22,86;LABORABLES DE 8 A 14 H. Y DE 16,30 A 19 H. EXCEPTO CARGA Y DESCARGA;-3.7431840140;40.4049216610
 Sin Datos;436315.5700000000;4472549.3100000000;27/07/17;10 Latina;103 Lucero;LATINA, CALLE, DE LA;9;Carga y descarga;Línea;1;15;LABORABLES DE 8 A 17 HORAS EXCEPTO CARGA Y DESCARGA;-3.7504775380;40.4011182530
 Sin Datos;436086.9900000000;4473157.0100000000;07/06/22;10 Latina;103 Lucero;VILLAMANIN, CALLE, DE;37;Carga y descarga;Línea;2;10;LABORABLES DE LUNES A SÁBADO DE 8 A 14:30 H. MÁXIMO 3O MINUTOS;-3.7532320330;40.4065752180
 Sin Datos;436294.2900000000;4473304.0800000000;14/09/23;10 Latina;103 Lucero;VILLAMANIN, CALLE, DE;28;Carga y descarga;Batería;4;12,5;lab. de 8 a 14 h.y de 16,30 a 19 h.excepto:[CARGA YDESCARGA];-3.7508038950;40.4079157670
 Sin Datos;436243.3100000000;4472414.4400000000;08/11/23;10 Latina;103 Lucero;CONCEJAL FRANCISCO JOSE JIMENEZ MARTIN, CALLE, DEL;160;Carga y descarga;Batería;4;10;LABORABLES DE LUNES A VIERNES DE 8 A 14:30 H. EXCEPTO CARGA Y DESCARGA TIEMPO  MÁXIMO 45 MINUTOS;-3.7513154890;40.3998980250
 Sin Datos;436645.1800000000;4472963.7600000000;01/02/24;10 Latina;103 Lucero;CEBREROS, CALLE, DE;50;Carga y descarga;Línea;2;10;LABORABLES DE 8 A 14 H. Y DE 16:30 A 19 H.EXCEPTO CARGA Y DESCARGA;-3.7466348820;40.4048767990
 Sin Datos;436750.6500000000;4472742.9300000000;09/10/13;10 Latina;103 Lucero;HIGUERAS, CALLE, DE LAS;63;Carga y descarga;Línea;2;15;LABORABLES DE 8 A 17 H. EXCEPTO CARGA Y DESCARGA;-3.7453701350;40.4028956250
 Sin Datos;434985.6600000000;4472136.7700000000;14/12/04;10 Latina;104 Aluche;ILLESCAS, CALLE, DE;1 B;Carga y descarga;Línea;7;28,85;LABORABLES DE 9 A 20 H.EXCEPTO CARGA Y DESCARGA EN LINEA;-3.7661062800;40.3972994320
 Sin Datos;435209.6400000000;4471758.8600000000;21/02/13;10 Latina;104 Aluche;ILLESCAS, CALLE, DE;28;Carga y descarga;Línea;3;14,89;LABORABLES DE 8 A 17 H. EXCEPTO CARGA Y DESCARGA;-3.7634287330;40.3939128500
 Sin Datos;435727.1300000000;4470900.3500000000;28/02/13;10 Latina;104 Aluche;CAMARENA, CALLE, DE;298;Carga y descarga;Línea;4;44,03;LABORABLES DE 8 A 20 H. EXCEPTO CARGA Y DESCARGA;-3.7572449720;40.3862184850
 Sin Datos;435833.7500000000;4471270.7900000000;26/04/13;10 Latina;104 Aluche;CAMARENA, CALLE, DE;184;Carga y descarga;Línea;3;16,1;LABORABLES DE 8 A 14 H. Y DE 16,30 A 19 H. EXCEPTO CARGA Y DESCARGA;-3.7560262330;40.3895639290
 Sin Datos;436027.1200000000;4470747.8700000000;05/06/13;10 Latina;104 Aluche;OCAÑA, CALLE, DE;73;Carga y descarga;Línea;3;15;LABORABLES DE 8 A 17 H. EXCEPTO CARGA Y DESCARGA;-3.7536955550;40.3848682530
 Sin Datos;435771.0000000000;4471007.4200000000;08/06/15;10 Latina;104 Aluche;CAMARENA, CALLE, DE;284;Carga y descarga;Línea;2;14;LABORABLES DE 8 A 17 H. EXCEPTO CARGA Y DESCARGA;-3.7567389930;40.3871865550
 Sin Datos;435313.7200000000;4472030.2000000000;23/07/15;10 Latina;104 Aluche;ESCALONA, CALLE, DE;65;Carga y descarga;Línea;3;14,08;LABORABLES DE 8 A 17 H. EXCEPTO CARGA Y DESCARGA;-3.7622299910;40.3963649380
 Sin Datos;435133.5400000000;4471493.9600000000;25/11/22;10 Latina;104 Aluche;TEMBLEQUE, CALLE, DE;108;Carga y descarga;Línea;2;10;LABORABLES DE LUNES A VIERNES DE 8 A 14:30 HORAS;-3.7642983110;40.3915203500
 Sin Datos;436019.8000000000;4471761.2100000000;28/04/23;10 Latina;104 Aluche;LOS YEBENES, CALLE, DE;68;Carga y descarga;Línea;1;7,5;LABORABLES DE LUNES A SÁBADO DE 8 A 14:30, EXCEPTO CARGA Y DESCARGA MÁXIMO 45 MINUTOS;-3.7538835430;40.3939962160
 Sin Datos;435235.1100000000;4471830.0000000000;28/04/23;10 Latina;104 Aluche;ILLESCAS, CALLE, DE;71;Carga y descarga;Línea;1;7,5;LABORABLES DE LUNES A SÁBADOS DE 8 A 14:30 H. EXCEPTO CARGA Y DESCARGA TIEMPO MÁXIMO 45 MINUTOS;-3.7631357800;40.3945555370
 Sin Datos;434969.3600000000;4471750.7300000000;05/05/23;10 Latina;104 Aluche;MAQUEDA, CALLE, DE;S/N;Carga y descarga;Línea;1;10;LABORABLES DE 8 A 14:30 EXCEPTO CARGA Y DESCARGA;-3.7662588010;40.3938206610
 Sin Datos;435528.6400000000;4470859.6900000000;14/12/04;10 Latina;104 Aluche;OCAÑA, CALLE, DE;1;Carga y descarga;Línea;2;10,5;LABORABLES DE 9 A 14 H.Y DE 16,30 A 20 H. EXCEPTOCARGA Y DESCARGA;-3.7595792590;40.3858375830
 Sin Datos;435534.1900000000;4470853.8100000000;20/08/99;10 Latina;104 Aluche;OCAÑA, CALLE, DE;1;Carga y descarga;Línea;2;9;LABORABLES DE 9 A 14 H.Y DE 16,30 A 19 H. EXCEPTO CARGA Y DESCARGA;-3.7595131970;40.3857842980
 Sin Datos;435404.9100000000;4470783.4500000000;05/07/11;10 Latina;104 Aluche;POBLADOS, AVENIDA, DE LOS;62;Carga y descarga;Línea;2;12;EXCEPTO CARGA Y DESCARGA DE 0 A 7 H.Y C.R.T.M. DE 7 A 24 H.;-3.7610291860;40.3851413250
 Sin Datos;435895.6500000000;4471019.4800000000;15/12/04;10 Latina;104 Aluche;CAMARENA, CALLE, DE;187;Carga y descarga;Batería;3;18,17;LAB. DE 8 A 14 H. Y DE 16,30 A 19 H. EXCEPTO CARGA Y DESCARGA;-3.7552717050;40.3873052720
 Sin Datos;436105.6300000000;4470890.3700000000;19/06/06;10 Latina;104 Aluche;OCAÑA, CALLE, DE;Fte 149;Carga y descarga;Línea;3;15;LAB. DE 8 A 14 H. Y DE 16,30 A 19 H. EXCEPTO CARGA Y DESCARGA;-3.7527848960;40.3861579810
 Sin Datos;436165.7300000000;4470955.6200000000;24/11/09;10 Latina;104 Aluche;NUESTRA SEÑORA DE LA LUZ, CALLE, DE;57;Carga y descarga;Línea;3;17,1;LAB. DE 8 A 14 H. Y DE 16,30 A 19 H. EXCEPTO CARGA Y DESCARGA;-3.7520834240;40.3867504770
 Sin Datos;434892.1800000000;4471472.3900000000;25/05/16;10 Latina;104 Aluche;PADRE PIQUER, AVENIDA, DEL;56;Carga y descarga;Línea;2;11;DE LUNES A VIERNES DE 8:30 A 20:30H. Y SÁBADOS DE 8:00 A 15:00 H. EXCEPTO CARGA Y DESCARGA;-3.7671397810;40.3913074970
 Sin Datos;435382.1600000000;4471188.2400000000;17/09/21;10 Latina;104 Aluche;QUERO, CALLE, DE;105;Carga y descarga;Línea;3;15;LABORABLES DE  8 A 14 H. Y DE 16:30 A 19 H. EXCEPTO CARGA Y DESCARGA;-3.7613382400;40.3887853940
 Sin Datos;435680.2800000000;4471578.1700000000;18/10/21;10 Latina;104 Aluche;ILLESCAS, CALLE, DE;66;Carga y descarga;Línea;3;15;LABORABLES DE 8 A 14.30H EXCEPTO CARGA Y DESCARGA;-3.7578653130;40.3923209440
 Sin Datos;435537.9100000000;4471898.0000000000;27/01/22;10 Latina;104 Aluche;TEMBLEQUE, CALLE, DE;S/N;Carga y descarga;Línea;2;10;LAB. DE 10 A 12 H. Y DE 17 A 19 H. EXCEPTO CARGA Y DESCARGA;-3.7595751340;40.3951913480
 Sin Datos;435868.6600000000;4471585.1600000000;01/03/22;10 Latina;104 Aluche;CAMARENA, CALLE, DE;105;Carga y descarga;Línea;1;7,5;LABORABLES DE 8 A 19 HORAS EXCEPTO CARGA Y DESCARGA;-3.7556466490;40.3923991530
 Sin Datos;435090.5700000000;4471551.0900000000;22/04/22;10 Latina;104 Aluche;TEMBLEQUE, CALLE, DE;112;Carga y descarga;Batería;1;2,5;LABORABLES DE 5 A 14 H. EXCEPTO CARGA Y DESCARGA;-3.7648104210;40.3920315430
 Sin Datos;434869.9300000000;4471916.4300000000;27/05/22;10 Latina;104 Aluche;SESEÑA, CALLE, DE;74;Carga y descarga;Línea;2;10;Laborables de lunes a sábado de 8 a 14:30 h. Excepto Carga y Descarga “Máximo 30 minutos”;-3.7674473450;40.3953055390
 Sin Datos;435343.3600000000;4471208.3400000000;03/07/24;10 Latina;104 Aluche;MAQUEDA, CALLE, DE;117;Carga y descarga;Línea;6;32;DE LUNES A VIERNES DE 8 A 13 H. SÁBADOS DE 6 A 9 H. EXCEPTO CARGA Y DESCARGA;-3.7617972930;40.3889632970
 Sin Datos;434918.2500000000;4471842.1100000000;14/12/04;10 Latina;104 Aluche;ESCALONA, CALLE, DE;111;Carga y descarga;Línea;3;16;LAB. DE 9 A 20 H. EXCEPTO CARGA Y DESCARGA;-3.7668703760;40.3946400480
 Sin Datos;434844.4600000000;4471810.4600000000;14/12/04;10 Latina;104 Aluche;ESCALONA, CALLE, DE;S/N;Carga y descarga;Línea;5;20;LABORABLES DE 8 A 14 H. Y DE 16,30 A 19 H. EXCEPTO CARGA Y DESCARGA;-3.7677365170;40.3943488140
 Sin Datos;434946.4300000000;4471912.1000000000;23/02/00;10 Latina;104 Aluche;ESCALONA, CALLE, DE;89;Carga y descarga;Línea;3;15;LABORABLES DE 8 A 14 H. Y DE 16,30 A 19 H. EXCEPTO CARGA Y DESCARGA;-3.7665454520;40.3952722500
 Sin Datos;435156.1200000000;4471921.6700000000;16/12/04;10 Latina;104 Aluche;ILLESCAS, CALLE, DE;Fte 59;Carga y descarga;Línea;3;15;LABORABLES DE 8 A 14 H. Y DE 16,30 A 19 H. EXCEPTO CARGA Y DESCARGA;-3.7640758320;40.3953753820
 Sin Datos;435197.8700000000;4471889.8900000000;16/12/04;10 Latina;104 Aluche;ILLESCAS, CALLE, DE;65;Carga y descarga;Línea;3;16;LABORABLES DE 9 A 14 H.Y DE 16,30 A 20 H. EXCEPTO CARGA Y DESCARGA;-3.7635807390;40.3950918260
 Sin Datos;435401.2800000000;4471342.4000000000;15/12/04;10 Latina;104 Aluche;QUERO, CALLE, DE;51;Carga y descarga;Línea;2;13;LAB. DE 8 A 14 H. Y DE 16,30 A 19 H. EXCEPTO CARGA Y DESCARGA;-3.7611285940;40.3901761340
 Sin Datos;435352.6600000000;4471171.6800000000;15/12/04;10 Latina;104 Aluche;MAQUEDA, CALLE, DE;119;Carga y descarga;Línea;7;38;LAB. DE 8 A 14 H. Y DE16,30 A 19 H. EXCEPTO CARGA Y DESCARGA;-3.7616839620;40.3886343050
 Sin Datos;435408.6500000000;4471455.7600000000;30/08/04;10 Latina;104 Aluche;QUERO, CALLE, DE;47 A;Carga y descarga;Línea;3;16,26;Lab. de 8 a 14h. y de 16,30 a 19h. excepto: carga y                descarga;-3.7610532500;40.3911977750
 Sin Datos;436212.8800000000;4471557.9100000000;14/12/04;10 Latina;104 Aluche;LOS YEBENES, CALLE, DE;104;Carga y descarga;Línea;4;19;LABORABLES DE 8 A 14 H. Y DE 16,30 A 19 H.EXCEPTO CARGA Y DESCARGA;-3.7515882740;40.3921798250
 Sin Datos;436211.6300000000;4471346.3200000000;14/12/04;10 Latina;104 Aluche;LOS YEBENES, CALLE, DE;251;Carga y descarga;Línea;3;17;laborables de 8 a 14 h. y de 16,30 a 19  h.excepto: CARGA Y DESCARGA;-3.7515818000;40.3902739950
 Sin Datos;435965.0200000000;4471471.3200000000;14/12/04;10 Latina;104 Aluche;ILLESCAS, CALLE, DE;197;Carga y descarga;Línea;3;15;LABORABLES DE 8 A 14 HORAS Y DE 16,30 A 19 HORAS EXCEPTO CARGA Y DESCARGA;-3.7544998160;40.3913804910
 Sin Datos;436102.8300000000;4471337.8000000000;19/05/21;10 Latina;104 Aluche;ILLESCAS, CALLE, DE;209;Carga y descarga;Línea;3;15;LABORABLES DE 8 A 14 HORAS EXCEPTO CARGA Y DESCARGA;-3.7528628190;40.3901887960
 Sin Datos;436204.5900000000;4471360.4600000000;12/08/21;10 Latina;104 Aluche;LOS YEBENES, CALLE, DE;148;Carga y descarga;Línea;3;16,5;LABORABLES DE 8 A 14 H. Y DE 16:30 A 19 H. EXCEPTO: [CARGA Y DESCARGA];-3.7516661960;40.3904002180
 Sin Datos;435074.0200000000;4471829.6700000000;06/11/24;10 Latina;104 Aluche;MAQUEDA, CALLE, DE;7;Carga y descarga;Línea;1;10;LABORABLES DE LUNES A SÁBADO DE 8 A 14:30 H. EXCEPTO CARGA Y DESCARGA TIEMPO MÁXIMO 45 MINUTOS;-3.7650338170;40.3945398380
 Sin Datos;435864.9000000000;4471859.3700000000;02/12/24;10 Latina;104 Aluche;CAMARENA, CALLE, DE;68;Carga y descarga;Línea;2;10;LABORABLES DE LUNES A SÁBADOS DE 8 A 14,30 EXCEPTO CARGA Y DESCARGA  TIEMPO MÁXIMO 45 MINUTOS;-3.7557184400;40.3948684870
 Sin Datos;435288.1200000000;4472250.3400000000;11/06/25;10 Latina;104 Aluche;SESEÑA, CALLE, DE;34;Carga y descarga;Línea;2;10;LABORABLES DE LUNES A SÁBADO DE 8 A 14,30 H. EXCEPTO CARGA Y DESCARGA TIEMPO MÁXIMO 45 MINUTOS;-3.7625540560;40.3983460540
 Sin Datos;436028.1600000000;4471628.4200000000;04/09/25;10 Latina;104 Aluche;LOS YEBENES, CALLE, DE;88;Carga y descarga;Línea;2;10;LABORABLES DE 10 A 14 H. Y DE 16 A 19 H. EXCEPTO CYD MÁXIMO 45 MINUTOS;-3.7537717590;40.3928004530
 Sin Datos;434288.0100000000;4472261.6500000000;01/10/10;10 Latina;105 Campamento;SEDANO, CALLE, DE;28;Carga y descarga;Línea;3;15;LABORABLES DE 8 A 14 H. Y DE 16,30 A 19 H. EXCEPTO CARGA Y DESCARGA;-3.7743392820;40.3983696600
 Sin Datos;434261.9500000000;4472004.4400000000;28/04/15;10 Latina;105 Campamento;CINE, CALLE, DEL;52;Carga y descarga;Línea;4;20;LABORABLES DE 8 A 17 H. EXCEPTO CARGA Y DESCARGA;-3.7746198020;40.3960501550
 Sin Datos;434559.0900000000;4472237.8800000000;27/05/20;10 Latina;105 Campamento;FUENTESAUCO, CALLE, DE;7;Carga y descarga;Línea;3;15;LABORABLES DE 8 A 14 H. Y DE 16.30 A 21 H. EXCEPTO CARGA Y DESCARGA;-3.7711426930;40.3981772030
 Sin Datos;432665.1300000000;4470141.5300000000;08/11/21;10 Latina;105 Campamento;LANCEROS, PASEO, DE LOS;2;Carga y descarga;Batería;6;15;LABORABLES DE LUNES A SÁBADOS DE 8 A 14,30 H. EXCEPTO CARGA Y DESCARGA EN LÍNEA TIEMPO MÁXIMO 30 MINUTOS;-3.7932372640;40.3791415400
 Sin Datos;434541.8300000000;4472166.5600000000;08/07/22;10 Latina;105 Campamento;VILLACARRIEDO, CALLE, DE;5;Carga y descarga;Línea;3;15;LAB. DE 7 A 13 H. Y DE 16,00 A 19 H. EXCEPTO: CARGA Y DESCARGA;-3.7713387590;40.3975326830
 Sin Datos;434205.7100000000;4469750.6900000000;18/10/19;10 Latina;107 Aguilas;VALLE INCLAN, CALLE, DE;70;Carga y descarga;Línea;3;15;LABORABLES DE 9 A14 H. EXCEPTO CARGA Y DESCARGA;-3.7750496350;40.3757430980
 Sin Datos;434884.4400000000;4470429.9200000000;28/04/23;10 Latina;107 Aguilas;RAFAEL FINAT, CALLE, DE;17;Carga y descarga;Línea;1;7,5;LABORABLES DE LUNES A SÁBADOS DE 8 A 14:30 EXCEPTO CARGA Y DESCARGA MÁXIMO 45 MINUTOS;-3.7671243680;40.3819159160
 Sin Datos;433669.0000000000;4470665.7700000000;29/03/07;10 Latina;107 Aguilas;FUENTE DEL TIRO, CALLE, DE LA;58;Carga y descarga;Línea;3;15;LAB. DE 8 A 14 H. Y DE 16,30 A 19 H. EXCEPTO CARGA Y DESCARGA;-3.7814668200;40.3839447600
 Sin Datos;433884.9800000000;4470066.8000000000;15/12/04;10 Latina;107 Aguilas;OLIVA DE PLASENCIA, CALLE, DE;14;Carga y descarga;Batería;8;20;LABORABLES DE 8 A 20 H.EXCEPTO CARGA Y DESCARGATIEMPO MAXIMO 30 MINUTOS;-3.7788603200;40.3785654310
 Sin Datos;434583.5600000000;4470109.7800000000;16/12/04;10 Latina;107 Aguilas;RAFAEL FINAT, CALLE, DE;44;Carga y descarga;Línea;2;12;Lab. de 9 a 14 h. y de 16,30 a 20 h.excepto: CARGA Y DESCARGA;-3.7706358550;40.3790082130
 Sin Datos;434580.1400000000;4470186.7900000000;08/06/06;10 Latina;107 Aguilas;JOSE DE CADALSO, CALLE, DE;58;Carga y descarga;Línea;3;15;LABORABLES DE 8 A 14 H. Y DE 16.30 A 19 H. EXCEPTO CARGA Y DESCARGA;-3.7706840410;40.3797012050
 Sin Datos;435083.2000000000;4470530.2400000000;19/01/07;10 Latina;107 Aguilas;DAMASQUILLO, CALLE, DEL;5;Carga y descarga;Línea;3;15;LAB. DE 8 A 14 H. Y DE 16,30 A 19 H. EXCEPTO CARGA Y DESCARGA;-3.7647932320;40.3828346540
 Sin Datos;434754.9100000000;4469967.9100000000;30/11/12;10 Latina;107 Aguilas;JOSE DE CADALSO, CALLE, DE;51;Carga y descarga;Línea;3;33,4;DE LUNES A VIERNES DE 8 A 20H. SÁBADOS DE 9 A 15H. EXCEPTO CARGA Y DESCARGA;-3.7686029430;40.3777436950
 Sin Datos;435090.8400000000;4469851.5200000000;13/08/14;10 Latina;107 Aguilas;GANDO, CALLE, DE;S/N;Carga y descarga;Línea;1;15;LABORABLES DE 8 A 17 H. EXCEPTO CARGA Y DESCARGA;-3.7646341220;40.3767213090
 Sin Datos;434315.2900000000;4469671.4600000000;30/12/04;10 Latina;107 Aguilas;OSA DE LA VEGA, CALLE, DE LA;1;Carga y descarga;Línea;4;20; lab. de 8 a 14 h.  y de 16,30 a 19 h.  excepto:  CARGA Y                 DESCARGA;-3.7737507970;40.3750380160
 Sin Datos;434502.4500000000;4470236.3800000000;03/12/14;10 Latina;107 Aguilas;VALLE INCLAN, CALLE, DE;22;Carga y descarga;Línea;4;24;LABORABLES DE 8 A 17 H. EXCEPTO CARGA Y DESCARGA;-3.7716043250;40.3801423830
 Sin Datos;433587.9500000000;4470732.8600000000;11/01/18;10 Latina;107 Aguilas;FUENTE DEL TIRO, CALLE, DE LA;1;Carga y descarga;Línea;2;10;LABORABLES DE 8 A 14 H. EXCEPTO CARGA Y DESCARGA EN LINEA;-3.7824285870;40.3845421260
 Sin Datos;435063.9500000000;4470892.1200000000;11/01/18;10 Latina;107 Aguilas;GUAREÑA, CALLE, DE;13;Carga y descarga;Batería;2;8,3;DE 7 A 14 H. EXCEPTO CARGA Y DESCARGA CENTRO COMERCIAL;-3.7650568500;40.3860936380
 Sin Datos;434945.7000000000;4469911.7100000000;31/01/24;10 Latina;107 Aguilas;GENERAL MILLAN ASTRAY, CALLE, DEL;30;Carga y descarga;Línea;2;13,2;LABORABLES DE LUNES A SÁBADO DE 8 A 15 H. EXCEPTO CARGA Y DECARGA;-3.7663497870;40.3772518110
1101001;439273.2000000000;4471411.6700000000;06/06/25;11 Carabanchel;111 Comillas;ANTONIO DE LEYVA, CALLE, DE;45;Carga y descarga 360;Línea;3;18,7;LABORABLES DE LUNES A SÁBADO DE 8 A 14.30 H. EXCEPTO CARGA Y DESCARGA MÁXIMO 45 MINUTOS;-3.7155180600;40.3910907470
1101002;439207.1100000000;4471160.6400000000;06/06/25;11 Carabanchel;111 Comillas;ANTONIO DE LEYVA, CALLE, DE;71;Carga y descarga 360;Línea;2;10;LAB. DE 8 A 14 H.EXCEPTO CARGA Y DESCARGA MÁXIMO 45 MINUTOS;-3.7162728170;40.3888247560
1101003;439294.0300000000;4471854.4600000000;06/06/25;11 Carabanchel;111 Comillas;ANTONIO DE LEYVA, CALLE, DE;19;Carga y descarga 360;Línea;3;13,9;LABORABLES DE 8 A 14 HORAS EXCEPTO CARGA Y DESCARGA MÁXIMO 45 MINUTOS ;-3.7153148320;40.3950811690
1101004;439308.5200000000;4471904.5700000000;06/06/25;11 Carabanchel;111 Comillas;ANTONIO DE LEYVA, CALLE, DE;15;Carga y descarga 360;Línea;2;9,9;LABORABLES DE 8 A 14 H. EXCEPTO: [CARGA Y DESCARGA] MÁXIMO 45 MINUTOS;-3.7151489600;40.3955344350
1101005;439995.9900000000;4471698.8600000000;09/06/25;11 Carabanchel;111 Comillas;ANTONIO LOPEZ, CALLE, DE;69;Carga y descarga 360;Línea;3;15;LABORABLES DE LUNES A SÁBADOS DE 8 A 14,30 H. EXCEPTO CARGA Y DESCARGA MÁXIMO 45 MINUTOS;-3.7070294610;40.3937303630
1101006;439395.1200000000;4472058.1500000000;09/06/25;11 Carabanchel;111 Comillas;ANTONIO LOPEZ, CALLE, DE;6;Carga y descarga 360;Línea;3;15,3;LABORABLES DE 9 A 14 H.Y DE 16,30 A 20 H. EXCEPTO CARGA Y DESCARGA MÁXIMO 45 MINUTOS;-3.7141431900;40.3969240300
1101007;439459.5600000000;4472036.4500000000;10/06/25;11 Carabanchel;111 Comillas;ANTONIO LOPEZ, CALLE, DE;19;Carga y descarga 360;Línea;3;15;LABORABLES DE 8 A 17 H. EXCEPTO CARGA Y DESCARGA MÁXIMO 45 MINUTOS;-3.7133819010;40.3967334070
1101008;439590.7700000000;4471953.8100000000;10/06/25;11 Carabanchel;111 Comillas;ANTONIO LOPEZ, CALLE, DE;37;Carga y descarga 360;Línea;4;20,1;LABORABLES DE 8 A 14 H. Y DE 16.30 A 19 H. EXCEPTO CARGA Y DESCARGA MÁXIMO 45 MINUTOS;-3.7118279250;40.3959976720
1101009;439715.9200000000;4471874.9800000000;09/06/25;11 Carabanchel;111 Comillas;ANTONIO LOPEZ, CALLE, DE;49;Carga y descarga 360;Línea;5;25,1;LABORABLES DE 8 A 14 H Y DE 16.30 A 19 H. EXCEPTO CARGA Y DESCARGA MÁXIMO 45 MINUTOS;-3.7103459120;40.3952967150
1101010;439746.7700000000;4471835.9700000000;09/06/25;11 Carabanchel;111 Comillas;ANTONIO LOPEZ, CALLE, DE;58;Carga y descarga 360;Línea;3;17,3;LABORABLES DE 9 A 14 H. Y DE 16,30 A 20 H. EXCEPTO CARGA Y DESCARGA MÁXIMO 45 MINUTOS;-3.7099787610;40.3949476120
1101011;439884.4500000000;4471768.1100000000;09/06/25;11 Carabanchel;111 Comillas;ANTONIO LOPEZ, CALLE, DE;63;Carga y descarga 360;Línea;5;24,3;LABORABLES DE 9 A 14 H. Y DE 16.30 A 20 H. EXCEPTO CARGA Y DESCARGA  MÁXIMO 45 MINUTOS ;-3.7083500710;40.3943460060
1101012;439808.0800000000;4471797.3200000000;09/06/25;11 Carabanchel;111 Comillas;ANTONIO LOPEZ, CALLE, DE;66;Carga y descarga 360;Línea;2;11,3;LABORABLES DE 8 A 14 H. EXCEPTO CARGA Y DESCARGA MÁXIMO 45 MINUTOS;-3.7092527660;40.3946036650
1101013;439703.6200000000;4471779.1700000000;10/06/25;11 Carabanchel;111 Comillas;ANTONIO VICENT, CALLE, DE;56;Carga y descarga 360;Línea;2;10;LABORABLES DE LUNES A VIERNES DE 9 A 17 H. EXCEPTO CARGA Y DESCARGA MÁXIMO 45 MINUTOS;-3.7104817030;40.3944332110
1101014;439461.8000000000;4471779.4200000000;10/06/25;11 Carabanchel;111 Comillas;BALEARES, CALLE, DE;16;Carga y descarga 360;Línea;3;20,6;LABORABLES DE 9 A 14  Y DE 16,30 A 20 H. EXCEPTO CARGA Y DESCARGA MÁXIMO 45 MINUTOS;-3.7133309650;40.3944175110
1101015;439471.9500000000;4471810.9100000000;12/06/25;11 Carabanchel;111 Comillas;CONDE DE VISTAHERMOSA, CALLE, DEL;4;Carga y descarga 360;Línea;3;16,94;LABORABLES DE 11 A 14 H. Y DE 16,30 A 19 H. EXCEPTO CARGA Y DESCARGA MÁXIMO 45 MINUTOS;-3.7132144260;40.3947025010
1101016;439397.2200000000;4471889.9300000000;11/06/25;11 Carabanchel;111 Comillas;CONDES DE BARCELONA, CALLE, DE LOS;5;Carga y descarga 360;Línea;4;19,6;LABORABLES DE 8 A 13:30 H. Y DE 16:30 A 19 H. SÁBADOS DE 9 A 13 H. EXCEPTO CARGA Y DESCARGA MÁXIMO 45 MINUTOS;-3.7141024530;40.3954086140
1101017;439769.3100000000;4471863.7900000000;17/06/25;11 Carabanchel;111 Comillas;ESTEBAN DE ARTEAGA, CALLE, DE;8;Carga y descarga 360;Línea;3;15,6;LABORABLES DE 8 A 14 H. Y DE 16.30 A 19 H. EXCEPTO CARGA Y DESCARGA EN LINEA MÁXIMO 45 MINUTOS;-3.7097157730;40.3952000000
1101018;439732.8600000000;4471604.3700000000;16/06/25;11 Carabanchel;111 Comillas;FERNANDO DIAZ DE MENDOZA, CALLE, DE;59;Carga y descarga 360;Línea;2;11,7;LABORABLES DE 8 A 14 H. Y DE 16:30 A 19 H. EXCEPTO CARGA Y DESCARGA MÁXIMO 45 MINUTOS;-3.7101206830;40.3928606710
1101019;439364.8800000000;4472055.1600000000;16/06/25;11 Carabanchel;111 Comillas;FUENLABRADA, CALLE, DE;1;Carga y descarga 360;Línea;5;27;LABORABLES DE 9 A 20 H. EXCEPTO CARGA Y DESCARGA MÁXIMO 45 MINUTOS;-3.7144991690;40.3968950380
1101020;439594.9500000000;4471835.7000000000;17/06/25;11 Carabanchel;111 Comillas;INMACULADA CONCEPCION, CALLE, DE LA;7;Carga y descarga 360;Línea;3;16,4;LABORABLES DE 8 A 14 H Y DE 16:30 A 19 H. EXCEPTO CARGA Y DESCARGA MÁXIMO 45 MINUTOS;-3.7117675350;40.3949344910
1101021;439583.4500000000;4471762.9200000000;11/06/25;11 Carabanchel;111 Comillas;INMACULADA CONCEPCION, CALLE, DE LA;18;Carga y descarga 360;Línea;3;16,8;LABORABLES DE 9 A 12 H Y DE 16 A 18 HEXCEPTO CARGA Y DESCARGA MÁXIMO 45 MINUTOS;-3.7118960500;40.3942778240
1101022;439546.4700000000;4471528.2600000000;12/06/25;11 Carabanchel;111 Comillas;INMACULADA CONCEPCION, CALLE, DE LA;29;Carga y descarga 360;Línea;2;14;LABORABLES DE 9 A 12 H. Y DE 16 A 18 H. EXCEPTO CARGA Y DESCARGA MÁXIMO 45 MINUTOS;-3.7123094960;40.3921610890
1101023;439570.0600000000;4471681.1400000000;11/06/25;11 Carabanchel;111 Comillas;INMACULADA CONCEPCION, PLAZA, DE LA;S/N;Carga y descarga 360;Línea;4;19,3;LABORABLES DE 8 A 14 H. Y DE 16:30 A 19 H. EXCEPTO CARGA Y DESCARGA MÁXIMO 45 MINUTOS;-3.7120461650;40.3935399120
1101024;439710.4200000000;4471987.9100000000;11/06/25;11 Carabanchel;111 Comillas;MANZANARES, AVENIDA, DEL;144;Carga y descarga 360;Línea;3;15,3;LABORABLES DE 8 A 14 H. Y DE 16:30 A 19 H. EXCEPTO CARGA Y DESCARGA MÁXIMO 45 MINUTOS;-3.7104213710;40.3963142880
1101025;439841.0500000000;4471928.3300000000;11/06/25;11 Carabanchel;111 Comillas;MANZANARES, AVENIDA, DEL;160;Carga y descarga 360;Línea;3;15;LABORABLES DE 8 A 14 H. Y DE 16:30 A 19 H. EXCEPTO CARGA Y DESCARGA MÁXIMO 45 MINUTOS;-3.7088765620;40.3957864800
1101026;439891.0700000000;4471689.6100000000;11/06/25;11 Carabanchel;111 Comillas;MARQUES DE JURA REAL, CALLE, DEL;4;Carga y descarga 360;Línea;1;5,9;LABORABLES DE 8 A14 H. Y DE 16:30 A 19 H. EXCEPTO CARGA Y DESCARGA MÁXIMO 45 MINUTOS;-3.7082646430;40.3936399500
1101027;439782.4900000000;4471527.5900000000;11/06/25;11 Carabanchel;111 Comillas;MARQUES DE JURA REAL, CALLE, DEL;17;Carga y descarga 360;Batería;9;20;LABORABLES DE 7 A 17 H. EXCEPTO CARGA Y DESCARGA MÁXIMO 45 MINUTOS;-3.7095287030;40.3921724340
1101028;439725.6300000000;4471675.7600000000;13/06/25;11 Carabanchel;111 Comillas;PADRE OLTRA, CALLE, DEL;56;Carga y descarga 360;Línea;2;12;LABORABLES DE LUNES A VIERNES DE 9 A 17H. EXCEPTO CARGA Y DESCARGA MÁXIMO 45 MINUTOS;-3.7102127000;40.3935028990
1101029;439885.8300000000;4471525.2500000000;11/06/25;11 Carabanchel;111 Comillas;PEDRO YAGÜE, CALLE, DE;11;Carga y descarga 360;Línea;3;15,9;LABORABLES DE 9 A 20 H. EXCEPTO CARGA Y DESCARGA MÁXIMO 45 MINUTOS;-3.7083109380;40.3921585110
1101030;439966.1100000000;4471881.9200000000;16/06/25;11 Carabanchel;111 Comillas;MANZANARES, AVENIDA, DEL;172;Carga y descarga 360;Línea;3;11,5;LABORABLES DE 8 A 14 H. Y DE 16,30 A 19 H. EXCEPTO CARGA Y DESCARGA MÁXIMO 45 MINUTOS ;-3.7073987320;40.3953776740
1101031;439621.8000000000;4471339.0600000000;11/06/25;11 Carabanchel;111 Comillas;SANTA MARIA DE LA CABEZA, PASEO, DE;132;Carga y descarga 360;Línea;5;25,86;LABORABLES DE 8 A 14 Y DE 16,30 A 19 H. EXCEPTO CARGA Y DESCARGA MÁXIMO 45 MINUTOS;-3.7114039940;40.3904622120
1101032;439228.9100000000;4471242.5400000000;05/11/25;11 Carabanchel;111 Comillas;ANTONIO DE LEYVA, CALLE, DE;65;Carga y descarga 360;Línea;2;10;LABORABLES DE LUNES A SÁBADO DE 8 A 14:30 H. EXCEPTO CARGA Y DESCARGA TIEMPO MÁXIMO 45 MINUTOS;-3.7160238100;40.3895646740
 Sin Datos;438844.9200000000;4471828.8500000000;29/07/15;11 Carabanchel;112 Opañel;SALLABERRY, CALLE, DE;2;Carga y descarga;Línea;2;10,5;LABORABLES DE 8 A 14 H. Y DE 16,30 A 19 H. EXCEPTO CARGA Y DESCARGA;-3.7206039200;40.3948176080
 Sin Datos;438698.4100000000;4470775.3300000000;16/11/17;11 Carabanchel;112 Opañel;OPORTO, AVENIDA, DE;24;Carga y descarga;Línea;1;15;lab. de 9 a 20 h. excepto: [CARGA Y DESCARGA];-3.7222288280;40.3853167640
 Sin Datos;438625.5300000000;4470988.5800000000;27/01/20;11 Carabanchel;112 Opañel;PORTALEGRE, CALLE, DE;63;Carga y descarga;Línea;6;14;LABORABLES DE 8 A 14 Y DE 16.30 A 19 H. EXCEPTO CARGA Y DESCARGA EN LÍNEA ;-3.7231079170;40.3872326210
 Sin Datos;438457.6400000000;4471474.9900000000;09/03/22;11 Carabanchel;112 Opañel;SAN PATRICIO, CALLE, DE;1;Carga y descarga;Línea;2;14;LABORABLES DE 7:30 A 14 HORAS EXCEPTO CARGA Y DESCARGA;-3.7251328650;40.3916020540
 Sin Datos;438304.0000000000;4471420.3700000000;25/05/99;11 Carabanchel;112 Opañel;ALEJANDRO SANCHEZ, CALLE, DE;4;Carga y descarga;Línea;2;10;LABORABLES DE 9 A 14 H. Y DE 16:30 A 20 H. EXCEPTO CARGA Y DESCARGA;-3.7269375670;40.3910978510
 Sin Datos;438463.6300000000;4471566.4300000000;26/04/10;11 Carabanchel;112 Opañel;AZABACHE, CALLE, DEL;2;Carga y descarga;Línea;3;15;LABORABLES DE 8 A 14 Y DE 16,30 A 19 H. EXCEPTO CARGA Y DESCARGA;-3.7250710420;40.3924259670
 Sin Datos;438134.4300000000;4471083.5400000000;22/12/04;11 Carabanchel;112 Opañel;VALLE DE ORO, CALLE, DE;11;Carga y descarga;Línea;5;25;LABORABLES DE 8 A 14 H.Y DE 16,30 A 19 H.EXCEPTOCARGA Y DESCARGA;-3.7289028700;40.3880516070
 Sin Datos;438267.7100000000;4471103.8600000000;22/12/04;11 Carabanchel;112 Opañel;CASTRO DE ORO, CALLE, DE;32;Carga y descarga;Línea;3;15;LAB. DE 9 A 14 H. Y DE 16,30 A 20 H.EXCEPTO CARGA Y DESCARGA;-3.7273346270;40.3882438340
 Sin Datos;438422.8100000000;4471372.3100000000;22/12/04;11 Carabanchel;112 Opañel;ALEJANDRO SANCHEZ, CALLE, DE;22;Carga y descarga;Línea;3;15;LAB. DE 9 A 14 H. Y DE 16,30 A 20 HEXCEPTO CARGA Y DESCARGA;-3.7255333620;40.3906743210
 Sin Datos;438056.9000000000;4471243.4200000000;02/12/09;11 Carabanchel;112 Opañel;CASTRO DE ORO, CALLE, DE;1;Carga y descarga;Línea;3;15;LABORABLES DE 8 A 14 H. Y DE 16,30 A 19 H. EXCEPTO CARGA Y DESCARGA ;-3.7298317490;40.3894860060
 Sin Datos;438023.9200000000;4471213.3800000000;26/04/10;11 Carabanchel;112 Opañel;RIO DE ORO, CALLE, DEL;2;Carga y descarga;Línea;3;15;LABORABLES DE 8 A 14 H. Y DE 16,30 A 19 H. EXCEPTO CARGA Y DESCARGA ;-3.7302173490;40.3892128200
 Sin Datos;438561.2200000000;4471568.6000000000;21/12/04;11 Carabanchel;112 Opañel;CAMINO VIEJO DE LEGANES, CALLE, DEL;11;Carga y descarga;Línea;3;14;LABORABLES DE 9 A 14 H.Y DE 16,30 A 20 H. EXCEPTO CARGA Y DESCARGA;-3.7239216320;40.3924524380
 Sin Datos;438568.6400000000;4471607.7700000000;17/11/06;11 Carabanchel;112 Opañel;CAMINO VIEJO DE LEGANES, CALLE, DEL;5;Carga y descarga;Línea;3;15;LABORABLES DE 8 A 14 H. Y DE 16,30 A 19 H. EXCEPTO CARGA Y DESCARGA;-3.7238378650;40.3928062970
 Sin Datos;438612.2400000000;4471566.3000000000;05/10/04;11 Carabanchel;112 Opañel;RADIO, CALLE, DEL;12;Carga y descarga;Línea;3;18,7;lab. de 8 a 14h. y de 16,30 a 19h excepto: CARGA Y               DESCARGA;-3.7233201980;40.3924355360
 Sin Datos;438953.2400000000;4471904.4300000000;21/10/05;11 Carabanchel;112 Opañel;GENERAL MARTIN CEREZO, CALLE, DEL;1;Carga y descarga;Línea;1;8,1;LAB. DE 8 A 18 H. EXCEPTO CARGA Y DESCARGA;-3.7193349330;40.3955067620
 Sin Datos;438521.9400000000;4471609.4600000000;26/04/10;11 Carabanchel;112 Opañel;RADIO, CALLE, DEL;1;Carga y descarga;Línea;3;15;LABORABLES DE 8 A 14 H. Y DE 16,30 A 19 H. EXCEPTO CARGA Y DESCARGA ;-3.7243882490;40.3928179280
 Sin Datos;438431.9100000000;4471511.8400000000;14/05/19;11 Carabanchel;112 Opañel;SAN PATRICIO, CALLE, DE;2;Carga y descarga;Línea;7;35;LABORABLES DE 7.30 A 14 H. Y DE 17 A 19 H. EXCEPTO CARGA Y DESCARGA;-3.7254395120;40.3919314480
 Sin Datos;438416.4100000000;4471534.1100000000;23/03/22;11 Carabanchel;112 Opañel;SAN PATRICIO, CALLE, DE;2;Carga y descarga;Línea;2;7,8;LABORABLES DE 7.30 A 14 H. Y DE 17 A 19 H. EXCEPTO CARGA Y DESCARGA;-3.7256244620;40.3921312950
 Sin Datos;438471.3500000000;4471475.2600000000;24/03/22;11 Carabanchel;112 Opañel;SAN BRAULIO, CALLE, DE;3;Carga y descarga;Línea;2;15;LABORABLES DE 7,30 A 13,30 H.  EXCEPTO CARGA Y DESCARGA;-3.7249713480;40.3916052050
 Sin Datos;439206.1100000000;4471204.2000000000;01/06/22;11 Carabanchel;112 Opañel;ANTONIO DE LEYVA, CALLE, DE;80;Carga y descarga;Línea;3;15;LABORABLES DE 8 A 14 HORAS Y DE 16,30 A 19 HORAS. EXCEPTO CARGA Y DESCARGA';-3.7162887450;40.3892172890
 Sin Datos;439293.8200000000;4471898.4800000000;01/06/22;11 Carabanchel;112 Opañel;ANTONIO DE LEYVA, CALLE, DE;10;Carga y descarga;Línea;4;20,2;LABORABLES DE 8 A 14 H. EXCEPTO: [CARGA Y DESCARGA];-3.7153214780;40.3954775980
 Sin Datos;438747.6100000000;4471642.5000000000;06/06/14;11 Carabanchel;112 Opañel;MERCEDES ARTEAGA, CALLE, DE;15;Carga y descarga;Batería;3;9,3;LABORABLES DE 8 A 17 HORAS EXCEPTO CARGA Y DESCARGA EN LÍNEA;-3.7217325320;40.3931324820
 Sin Datos;438948.9300000000;4470820.4000000000;22/02/21;11 Carabanchel;112 Opañel;ANTONIA LANCHA, CALLE, DE;7;Carga y descarga;Línea;2;8;LABORABLES DE 9 A 14 H. EXCEPTO CARGA Y DESCARGA;-3.7192819340;40.3857407530
 Sin Datos;438957.8500000000;4472209.5900000000;01/01/00;11 Carabanchel;113 San Isidro;QUINCE DE MAYO, PASEO, DEL;24;Carga y descarga;Línea;2;12,2;Lab. de 9 a 20 h.excepto: CARGA Y DESCARGA;-3.7193099520;40.3982557560
 Sin Datos;439035.2100000000;4472154.7000000000;22/07/09;11 Carabanchel;113 San Isidro;QUINCE DE MAYO, PASEO, DEL;13;Carga y descarga;Línea;3;15;LABORABLES DE 8 A 14 H. Y DE 16,30 A 19 H. EXCEPTO CARGA Y DESCARGA;-3.7183931050;40.3977674810
 Sin Datos;438312.5700000000;4471523.8600000000;29/08/22;11 Carabanchel;113 San Isidro;BLASA PEREZ, CALLE, DE;2;Carga y descarga;Línea;3;17,5;LABORABLES DE 9 A 14,00 H.Y DE 16,30 A 20,00 H.EXCEPTO CARGA Y DESCARGA;-3.7268468110;40.3920309700
 Sin Datos;439122.0300000000;4472110.6500000000;18/10/06;11 Carabanchel;113 San Isidro;QUINCE DE MAYO, PASEO, DEL;3;Carga y descarga;Línea;1;15;LABORABLES DE 8 A 14 H. Y DE 16:30 A 19 H. EXCEPTO CARGA Y DESCARGA;-3.7173658490;40.3973766670
 Sin Datos;437615.2200000000;4471722.9600000000;07/11/96;11 Carabanchel;113 San Isidro;FRAGATA, CALLE, DE LA;23;Carga y descarga;Línea;3;15,5;LABORABLES DE 16,30 A 19 H. EXCEPTO CARGA Y DESCARGA;-3.7350823340;40.3937724760
 Sin Datos;437328.2400000000;4471852.6500000000;04/07/02;11 Carabanchel;113 San Isidro;VIA CARPETANA, CALLE;101;Carga y descarga;Línea;3;15;LABORABLES DE 8 A 14 H. Y DE 16,30 A 19 H. EXCEPTO CARGA Y DESCARGA;-3.7384763070;40.3949191360
 Sin Datos;437630.4500000000;4471547.0000000000;21/12/04;11 Carabanchel;113 San Isidro;CAÑETE, CALLE, DE;17;Carga y descarga;Línea;2;10;LAB. DE 8 A 14 H. EXCEPTO CARGA Y DESCARGA ;-3.7348856380;40.3921888200
 Sin Datos;437435.1800000000;4471989.7600000000;02/06/05;11 Carabanchel;113 San Isidro;MOCHUELO, CALLE, DEL;3;Carga y descarga;Línea;2;10;LAB. DE 8 A 14 H. Y DE 16 A 20 H.EXCEPTO CARGA Y DESCARGA;-3.7372297800;40.3961626840
 Sin Datos;437762.5000000000;4471830.7400000000;29/08/06;11 Carabanchel;113 San Isidro;CABO NICOLAS MUR, CALLE, DEL;5;Carga y descarga;Línea;3;15;LAB. DE 8 A 14 H. Y DE 16,30 A 19 H. EXCEPTO CARGA Y DESCARGA;-3.7333575590;40.3947544680
 Sin Datos;437743.4600000000;4471698.2800000000;20/01/09;11 Carabanchel;113 San Isidro;FRAGATA, CALLE, DE LA;5;Carga y descarga;Línea;3;16,7;LAB. DE 8 A 14 H. Y DE 16,30 A 19 H. EXCEPTO CARGA Y DESCARGA;-3.7335690380;40.3935599660
 Sin Datos;438273.7500000000;4471578.4700000000;20/12/04;11 Carabanchel;113 San Isidro;BLASA PEREZ, CALLE, DE;8;Carga y descarga;Línea;2;11,5;LAB. DE 8 A 14 H. Y DE 16,30 A 20 H.EXCEPTO CARGA Y DESCARGA;-3.7273094170;40.3925198180
 Sin Datos;437719.3900000000;4471422.5800000000;01/03/07;11 Carabanchel;113 San Isidro;MATILDE HERNANDEZ, CALLE, DE;36;Carga y descarga;Línea;3;15;LABORABLES DE 8 A 14 H. Y DE 16,30 A 19 H. EXCEPTO CARGA Y DESCARGA;-3.7338256080;40.3910742450
 Sin Datos;438074.1100000000;4471301.4200000000;02/12/09;11 Carabanchel;113 San Isidro;GENERAL RICARDOS, CALLE, DEL;146;Carga y descarga;Línea;6;32,67;Y DE 16,30 A 19 H. EXCEPTO CARGA Y DESCARGA;-3.7296347090;40.3900095750
 Sin Datos;437941.3000000000;4471228.4800000000;28/04/10;11 Carabanchel;113 San Isidro;AGUEDA DIEZ, CALLE, DE;3;Carga y descarga;Línea;3;15;LABORABLES DE 8 A 14 H. Y DE 16,30 A 19 H. EXCEPTO CARGA Y DESCARGA ;-3.7311922940;40.3893425950
 Sin Datos;437919.9600000000;4471171.4900000000;02/12/09;11 Carabanchel;113 San Isidro;GENERAL RICARDOS, CALLE, DEL;162;Carga y descarga;Línea;3;13,9;LABORABLES DE 8.00 A 14.00 Y DE 16.30 A 19.00 EXCEPTO CARGA Y DESCARGA;-3.7314380360;40.3888280790
 Sin Datos;438988.9000000000;4471999.1500000000;26/04/10;11 Carabanchel;113 San Isidro;MANUEL CARMONA, CALLE, DE;2;Carga y descarga;Línea;3;15,4;LABORABLES DE 8 A 14 H. Y DE 16,30 A 19 H. EXCEPTO CARGA Y DESCARGA;-3.7189238360;40.3963623020
 Sin Datos;438854.3000000000;4471898.9700000000;26/04/10;11 Carabanchel;113 San Isidro;COMUNEROS DE CASTILLA, CALLE, DE LOS;2;Carga y descarga;Línea;3;15;LABORABLES DE 8 A 14 H. Y DE 16,30 A 19 H. EXCEPTO CARGA Y DESCARGA ;-3.7205001570;40.3954498670
 Sin Datos;439005.1000000000;4472153.1600000000;15/11/17;11 Carabanchel;113 San Isidro;MANUEL FERNANDEZ CABALLERO, CALLE, DE;4;Carga y descarga;Línea;3;15;LABORABLES DE 9 A 14HORAS Y  DE 16 A 20 HORAS EXCEPTO CARGA Y DESCARGA;-3.7187477080;40.3977509800
 Sin Datos;437423.1700000000;4471852.5000000000;21/12/04;11 Carabanchel;113 San Isidro;SALVADOR ALONSO, CALLE, DE;14;Carga y descarga;Línea;1;8;LABORABLES DE 9 A 12 Y DE 16 A 18 HEXCEPTO CARGA Y DESCARGA;-3.7373577790;40.3949253810
 Sin Datos;437939.7700000000;4471423.8300000000;15/12/16;11 Carabanchel;113 San Isidro;CUCLILLO, CALLE, DEL;4;Carga y descarga;Línea;1;15;LABORABLES DE 8 A 14 H. Y DE 16:30 A 19 H. EXCEPTO CARGA Y DESCARGA;-3.7312293650;40.3911024920
 Sin Datos;438491.3900000000;4471625.9700000000;12/06/25;11 Carabanchel;113 San Isidro;GENERAL RICARDOS, CALLE, DEL;96;Carga y descarga;Línea;2;14;LABORABLES DE LUNES A SÁBADO DE 8 A 14,30 H. EXCEPTO CARGA Y DESCARGA TIEMPO MÁXIMO 45 MINUTOS ;-3.7247497850;40.3929646050
1103001;438656.0900000000;4472646.2400000000;26/03/24;11 Carabanchel;113 San Isidro;MANZANARES, AVENIDA, DEL;62;Carga y descarga 360;Línea;3;15,9;LABORABLES DE 8 A 14 H. Y DE 16,30 A 19 H. EXCEPTO CARGA Y DESCARGA MÁXIMO 45 MINUTOS;-3.7229076680;40.4021677970
1103002;438715.2800000000;4472479.0600000000;22/09/23;11 Carabanchel;113 San Isidro;MANZANARES, AVENIDA, DEL;74;Carga y descarga 360;Línea;2;12,5;LABORABLES DE 8 A 14 H. Y DE 16,30 A 19 H. EXCEPTO CARGA Y DESCARGA MÁXIMO 45 MINUTOS ;-3.7221940490;40.4006655020
1103003;438835.3300000000;4472372.0500000000;22/09/23;11 Carabanchel;113 San Isidro;MANZANARES, AVENIDA, DEL;90;Carga y descarga 360;Línea;3;15,3;LABORABLES DE 8 A 14 H. Y DE 16,30 A 19 H. EXCEPTO CARGA Y DESCARGA MÁXIMO 45 MINUTOS;-3.7207692180;40.3997107820
 Sin Datos;436909.1600000000;4471372.9600000000;24/05/05;11 Carabanchel;114 Vista Alegre;VIA CARPETANA, CALLE;173;Carga y descarga;Línea;2;14;LABORABLES DE 8 A 14 H. Y DE 16,30 A 19 H. EXCEPTO CARGA Y DESCARGA ;-3.7433665020;40.3905665480
 Sin Datos;436496.0700000000;4470313.0600000000;25/03/13;11 Carabanchel;114 Vista Alegre;NUESTRA SEÑORA DE FATIMA, AVENIDA, DE;79;Carga y descarga;Línea;3;15;LABORABLES DE 8 A 14 H. Y DE 16:30 A 19 H. EXCEPTO: [CARGA Y DESCARGA];-3.7481277240;40.3809868650
 Sin Datos;437504.6400000000;4471091.2100000000;21/05/13;11 Carabanchel;114 Vista Alegre;ALONDRA, CALLE, DE LA;19;Carga y descarga;Línea;2;12;LABORABLES DE 8 A 14 H. EXCEPTO CARGA Y DESCARGA;-3.7363231890;40.3880734940
 Sin Datos;436976.4700000000;4470959.6600000000;01/01/00;11 Carabanchel;114 Vista Alegre;MARCELINO CAMACHO, PASEO, DE;36;Carga y descarga;Línea;3;15;LAB. DE 8 A 14 H. Y DE16,30 A 19 H. EXCEPTO CARGA Y DESCARGA;-3.7425326190;40.3868490260
 Sin Datos;436788.6700000000;4470834.4800000000;24/04/00;11 Carabanchel;114 Vista Alegre;NUESTRA SEÑORA DE FATIMA, AVENIDA, DE;19;Carga y descarga;Línea;3;15;LABORABLES DE 9 A 14 H Y DE 16,30 A 20 H EXCEPTO CARGA Y DESCARGA;-3.7447327190;40.3857071210
 Sin Datos;436864.7900000000;4471017.4100000000;18/12/96;11 Carabanchel;114 Vista Alegre;MARCELINO CAMACHO, PASEO, DE;58;Carga y descarga;Línea;3;15;LABORABLES DE 9 A 14 H Y DE 16,30 A 20H EXCEPTO CARGA Y DESCARGA;-3.7438540310;40.3873600470
 Sin Datos;436906.5700000000;4470966.3300000000;31/07/97;11 Carabanchel;114 Vista Alegre;NUESTRA SEÑORA DE FATIMA, AVENIDA, DE;1;Carga y descarga;Línea;3;13,59;LABORABLES DE 8 A 14 H Y DE 16,30 A 20 H EXCEPTO CARGA Y DESCARGA;-3.7433567610;40.3869033990
 Sin Datos;436964.1000000000;4470702.1500000000;01/01/00;11 Carabanchel;114 Vista Alegre;FRANCOLIN, CALLE, DEL;Fte 34;Carga y descarga;Línea;3;15;LABORABLES DE 9 A 13 H Y DE 16 A 20 HEXCEPTO CARGA Y DESCARGA;-3.7426528250;40.3845278020
 Sin Datos;436813.1200000000;4470887.3400000000;02/09/02;11 Carabanchel;114 Vista Alegre;EL ESPINAR, CALLE, DE;14;Carga y descarga;Línea;1;7,5;LAB. DE 8 A 14 H. Y DE 16,30 A 19 H. EXCEPTO CARGA Y DESCARGA;-3.7444499070;40.3861845090
 Sin Datos;437012.7400000000;4470863.4000000000;01/02/08;11 Carabanchel;114 Vista Alegre;EULALIA GIL, CALLE, DE;7;Carga y descarga;Línea;2;12;LABORABLES DE 9 A 14 H. Y DE 16,30 A 20 H. EXCEPTO CARGA Y DESCARGA EN LINEA;-3.7420957380;40.3859846610
 Sin Datos;436938.0300000000;4471003.5300000000;30/11/07;11 Carabanchel;114 Vista Alegre;HALCON, CALLE, DEL;36;Carga y descarga;Línea;3;15;LAB. DE 8 A 14 H. Y DE 16,30 A 19 H. EXCEPTO CARGA Y DESCARGA ;-3.7429897820;40.3872407570
 Sin Datos;437253.0900000000;4470981.1800000000;14/10/20;11 Carabanchel;114 Vista Alegre;CASTROJERIZ, CALLE, DE;12;Carga y descarga;Línea;3;15;LAB. DE 8 A 14 H Y DE 16,30 A 19 H. EXCEPTO CARGA Y DESCARGA;-3.7392758690;40.3870629110
 Sin Datos;437417.3800000000;4471177.7300000000;21/12/04;11 Carabanchel;114 Vista Alegre;EDUARDO MORALES, CALLE, DE;16;Carga y descarga;Línea;3;15;LAB. DE 9 A 14 H. Y DE 16,30 A 20 H.EXCEPTO CARGA Y DESCARGA;-3.7373596690;40.3888461270
 Sin Datos;437246.0500000000;4471188.2200000000;21/12/04;11 Carabanchel;114 Vista Alegre;OCA, CALLE, DE LA;65;Carga y descarga;Línea;3;15;LAB. DE 9 A 14 H. Y DE 16,30 A 20 H.EXCEPTO CARGA Y DESCARGA;-3.7393792310;40.3889274300
 Sin Datos;437286.6600000000;4471209.5900000000;21/12/04;11 Carabanchel;114 Vista Alegre;OCA, CALLE, DE LA;66;Carga y descarga;Línea;3;15;LAB. DE 9 A 14 H. Y DE 16,30 A 20 H.EXCEPTO CARGA Y DESCARGA;-3.7389029310;40.3891234960
 Sin Datos;437568.1000000000;4471268.6800000000;27/09/05;11 Carabanchel;114 Vista Alegre;OCA, CALLE, DE LA;27;Carga y descarga;Línea;3;15;LABORABLES DE 8 A 14 H.Y DE 16,30 A 19 H. EXCEPTOCARGA Y DESCARGA;-3.7355930690;40.3896766300
 Sin Datos;437430.8200000000;4471245.8300000000;21/12/04;11 Carabanchel;114 Vista Alegre;OCA, CALLE, DE LA;50;Carga y descarga;Línea;3;15;LABOR. DE 9 A 14 H. Y DE 16,30 A 20 H.EXCEPTO CARGA Y DESCARGA;-3.7372081220;40.3894610830
 Sin Datos;437174.9300000000;4471105.9800000000;21/12/04;11 Carabanchel;114 Vista Alegre;PINZON, CALLE, DEL;40;Carga y descarga;Línea;3;15;LABOR. DE 9 A 14 H. Y DE 16,30 A 20 H.EXCEPTO  CARGA Y DESCARGA;-3.7402090460;40.3881814960
 Sin Datos;437352.2900000000;4471458.8400000000;21/12/04;11 Carabanchel;114 Vista Alegre;NUESTRA SEÑORA DE VALVANERA, AVENIDA, DE;97;Carga y descarga;Línea;3;15;LABORABLES DE 8 A 14 H. Y DE 16,30 A 19 H. EXCEPTO CARGA Y DESCARGA;-3.7381541900;40.3913737880
 Sin Datos;436721.4100000000;4470804.1400000000;09/02/15;11 Carabanchel;114 Vista Alegre;NUESTRA SEÑORA DE FATIMA, AVENIDA, DE;22;Carga y descarga;Línea;2;14;LABORABLES DE 8 A 17 H. EXCEPTO CARGA Y DESCARGA;-3.7455220260;40.3854283770
 Sin Datos;437465.0900000000;4471384.2300000000;28/09/21;11 Carabanchel;114 Vista Alegre;NUESTRA SEÑORA DE VALVANERA, AVENIDA, DE;79;Carga y descarga;Línea;3;15;LABORABLES DE LUNES A VIERNES DE 8 A 14,30 Y DE 16,30 A 19,30 H. SÁBADOS LABORABLES DE 8 A 15 H. EXCEPTO CARGA Y DESCARGA;-3.7368180520;40.3907104170
 Sin Datos;437503.1800000000;4470887.6800000000;03/05/10;11 Carabanchel;114 Vista Alegre;RAMON SAINZ, CALLE, DE;7;Carga y descarga;Línea;3;15;LAB. DE 8 A 14H. Y DE 16,30 A 19 H. EXCEPTO CARGA Y DESCARGA;-3.7363203810;40.3862400290
 Sin Datos;437050.8500000000;4471298.0900000000;17/12/25;11 Carabanchel;114 Vista Alegre;TUCAN, CALLE, DEL;27;Carga y descarga;Línea;6;32,4;LABORABLES DE LUNES A VIERNES DE 7:30 A 19:30 Y SÁBADOS DE 8 A 14 HORAS EXCEPTO CARGA Y DESCARGA;-3.7416897980;40.3899024320
 Sin Datos;437145.5500000000;4471163.4000000000;17/06/26;11 Carabanchel;114 Vista Alegre;OCA, CALLE, DE LA;73;Carga y descarga;Línea;3;13,04;LABORABLES DE 9 A 14 H. Y DE 16:30 A 20 H. EXCEPTO CARGA Y DESCARGA MÁXIMO 45 MINUTOS;-3.7405607850;40.3886962410
 Sin Datos;437168.9900000000;4471311.4200000000;10/04/24;11 Carabanchel;114 Vista Alegre;TUCAN, CALLE, DEL;17;Carga y descarga;Línea;10;19,18;LABORABLES DE LUNES A VIERNES DE 8 A 14:30 H. Y DE 16:30 A 19:30 H. EXCEPTO CARGA Y DESCARGA EN LINEA;-3.7402992870;40.3900318060
 Sin Datos;437049.2500000000;4471559.2100000000;18/10/06;11 Carabanchel;114 Vista Alegre;VIA CARPETANA, CALLE;145;Carga y descarga;Línea;3;18;LABORABLES DE 8 A 14 Y DE 16,30 A 19 H. EXCEPTO CARGA Y DESCARGA;-3.7417344310;40.3922550540
 Sin Datos;436867.6400000000;4471051.4500000000;15/12/04;11 Carabanchel;114 Vista Alegre;DOCTOR URQUIOLA, CALLE, DEL;25;Carga y descarga;Línea;2;11;ZONA RESERVADA PARA SUBIDA Y BAJADA DE VIAJEROS CARGA Y DESCARGA;-3.7438238360;40.3876670370
 Sin Datos;436824.4900000000;4471035.4300000000;19/10/10;11 Carabanchel;114 Vista Alegre;MARCELINO CAMACHO, PASEO, DE;49;Carga y descarga;Línea;2;11;LABORABLES DE 9 A 14 H.Y DE 16,30 A 20 H. EXCEPTO CARGA Y DESCARGA;-3.7443305600;40.3875193290
 Sin Datos;436892.8900000000;4471111.3800000000;15/12/04;11 Carabanchel;114 Vista Alegre;OCA, CALLE, DE LA;102;Carga y descarga;Línea;4;20;LABORABLES DE 9 A 14 H.Y DE 16,30 A 20 H. EXCEPTOCARGA Y DESCARGA;-3.7435323730;40.3882087690
 Sin Datos;436919.4300000000;4470440.8300000000;28/04/10;11 Carabanchel;114 Vista Alegre;REINOSA, CALLE, DE;6;Carga y descarga;Línea;3;15;LABORABLES DE 8 A 14 H. Y DE 16,30 A 19 H. EXCEPTO CARGA Y DESCARGA ;-3.7431532470;40.3821708250
 Sin Datos;436976.5000000000;4470525.2600000000;28/04/10;11 Carabanchel;114 Vista Alegre;NUESTRA SEÑORA DE LA LUZ, CALLE, DE;8;Carga y descarga;Línea;3;15;LABORABLES DE 8 A 14 H. Y DE 16,30 A 19 H. EXCEPTO CARGA Y DESCARGA;-3.7424893030;40.3829354370
 Sin Datos;437451.8500000000;4470971.7600000000;23/12/04;11 Carabanchel;114 Vista Alegre;MATILDE HERNANDEZ, CALLE, DE;88;Carga y descarga;Línea;3;14;LAB. DE 9 A 14 H. Y DE 16,30 A 20 H.EXCEPTO CARGA Y DESCARGA EN LINEA;-3.7369334460;40.3869938120
 Sin Datos;437423.4000000000;4470967.7400000000;23/12/04;11 Carabanchel;114 Vista Alegre;RAMON SAINZ, CALLE, DE;17;Carga y descarga;Línea;4;20;LAB. DE 9 A 14 H Y DE 16,30 A 20 H. EXCEPTO CARGA Y DESCARGA;-3.7372681680;40.3869551950
 Sin Datos;437200.1900000000;4470744.3100000000;23/12/04;11 Carabanchel;114 Vista Alegre;MARCELINO CAMACHO, PASEO, DE;3;Carga y descarga;Línea;4;20;LAB. DE 9 A 14 H Y DE 16,30 A 20 H. EXCEPTO CARGA Y DESCARGA;-3.7398758710;40.3849257780
 Sin Datos;437146.6100000000;4470845.6700000000;23/12/04;11 Carabanchel;114 Vista Alegre;CASTROJERIZ, CALLE, DE;9;Carga y descarga;Línea;3;15;LAB. DE 8 A 14 H Y DE 16,30 A 19 H. EXCEPTO CARGA Y DESCARGA ;-3.7405170110;40.3858347180
 Sin Datos;437105.6800000000;4470892.7600000000;23/12/04;11 Carabanchel;114 Vista Alegre;JABIRU, CALLE, DEL;12;Carga y descarga;Línea;3;18;LAB. DE 8 A 14 H Y DE 16,30 A 19 H. EXCEPTO CARGA Y DESCARGA;-3.7410037380;40.3862554990
 Sin Datos;437598.3500000000;4470937.5400000000;28/07/05;11 Carabanchel;114 Vista Alegre;FRANCISCO GARCIA, CALLE, DE;3;Carga y descarga;Línea;1;5;LABORABLES DE 9 A 18 H.EXCEPTO CARGA Y DESCARGA;-3.7352042020;40.3866965040
 Sin Datos;437657.6200000000;4470969.7300000000;28/04/10;11 Carabanchel;114 Vista Alegre;ALONDRA, CALLE, DE LA;2;Carga y descarga;Línea;3;15;LAB. DE 8 A 14 H Y DE 16,30 A 19 H. EXCEPTO CARGA Y DESCARGA ;-3.7345090320;40.3869906610
 Sin Datos;437612.9600000000;4470930.6400000000;28/04/10;11 Carabanchel;114 Vista Alegre;FRANCISCO GARCIA, CALLE, DE;2;Carga y descarga;Línea;3;15;LAB. DE 8 A 14 H Y DE 16,30 A 19 H. EXCEPTO CARGA Y DESCARGA;-3.7350314550;40.3866354840
 Sin Datos;437342.3800000000;4471278.5000000000;12/04/12;11 Carabanchel;114 Vista Alegre;AMISTAD, CALLE, DE LA;11;Carga y descarga;Línea;3;15;LABORABLES DE 8 A 15 H. Y DE 16:30 A 19 H. EXCEPTO CARGA Y DESCARGA;-3.7382532540;40.3897481920
 Sin Datos;436988.2900000000;4471378.7500000000;02/11/16;11 Carabanchel;114 Vista Alegre;CAMICHI, CALLE, DE;28;Carga y descarga;Línea;1;5,5;DE LUNES A VIERNES DE 8 A 14 h EXCEPTO CARGA Y DESCARGA;-3.7424347580;40.3906245310
 Sin Datos;436987.4000000000;4471491.6100000000;19/02/21;11 Carabanchel;114 Vista Alegre;VIA CARPETANA, CALLE;153;Carga y descarga;Línea;3;13,15;LABORABLES DE 8 A 14:30 H. EXCEPTO CARGA Y DESCARGA;-3.7424564150;40.3916409580
 Sin Datos;437062.0300000000;4471153.9300000000;24/06/21;11 Carabanchel;114 Vista Alegre;OCA, CALLE, DE LA;84;Carga y descarga;Línea;2;18;LABORABLES DE 8 A 14 H. Y DE 16,30 A 19 H. EXCEPTO CARGA Y DESCARGA;-3.7415438650;40.3886049690
 Sin Datos;436510.9000000000;4470439.6200000000;15/07/21;11 Carabanchel;114 Vista Alegre;NUESTRA SEÑORA DE FATIMA, AVENIDA, DE;71;Carga y descarga;Línea;3;15;LABORABLES DE 8 A 14 H. Y DE 16,30 A 19 H. EXCEPTO CARGA Y DESCARGA;-3.7479656910;40.3821288270
 Sin Datos;437276.2600000000;4471086.2800000000;09/09/24;11 Carabanchel;114 Vista Alegre;ALONDRA, CALLE, DE LA;43;Carga y descarga;Línea;2;10;LABORABLES DE 8 A 14 H. Y DE 16,30 A 19 H. EXCEPTO CARGA Y DESCARGA EN LÍNEA ;-3.7390133400;40.3880117860
 Sin Datos;437324.8300000000;4470932.6800000000;09/03/22;11 Carabanchel;114 Vista Alegre;UTEBO, CALLE, DE;1;Carga y descarga;Línea;7;37,6;LAB. DE 8 A 14 H Y DE 16,30 A 19 H. EXCEPTO CARGA Y DESCARGA;-3.7384259440;40.3866315310
 Sin Datos;436440.2700000000;4470069.0900000000;22/10/25;11 Carabanchel;114 Vista Alegre;COLMENAR VIEJO, CARRETERA, DE;S/N;Carga y descarga;Línea;2;10;LABORABLES DE LUNES A SÁBADO DE 8 A 14:30 H. EXCEPTO CARGA Y DESCARGA TIEMPO MÁXIMO 45 MINUTOS ;-3.7487607270;40.3787847590
 Sin Datos;438033.1700000000;4470857.2200000000;07/05/18;11 Carabanchel;115 Puerta Bonita;FRANCISCO GUZMAN, CALLE, DE;5;Carga y descarga;Línea;2;12;LABORABLES DE 8 A 17 H. EXCEPTO CARGA Y DESCARGA;-3.7300736520;40.3860047720
 Sin Datos;438152.6600000000;4470922.9900000000;11/05/18;11 Carabanchel;115 Puerta Bonita;OPORTO, AVENIDA, DE;63;Carga y descarga;Línea;1;14;LABORABLES DE 8 A 14 H. EXCEPTO CARGA Y DESCARGA;-3.7286725980;40.3866062630
 Sin Datos;437975.9000000000;4470634.6900000000;12/02/20;11 Carabanchel;115 Puerta Bonita;TARIFA, PLAZA, DE;5;Carga y descarga;Línea;2;7;LABORABLES DE 8 A 14.30 EXCEPTO CARGA Y DESCARGA;-3.7307267660;40.3839959820
 Sin Datos;438053.9300000000;4470520.8800000000;21/01/17;11 Carabanchel;115 Puerta Bonita;CAMINO VIEJO DE LEGANES, CALLE, DEL;122;Carga y descarga;Línea;1;8;LABORABLES DE 8 A 17 H. EXCEPTO CARGA Y DESCARGA;-3.7297963970;40.3829770340
 Sin Datos;437991.5200000000;4470598.5300000000;22/12/04;11 Carabanchel;115 Puerta Bonita;ALVAREZ ABELLAN, CALLE, DE;28;Carga y descarga;Línea;3;16;LABORABLES DE 9 A 12 H Y DE 16 A 18 HEXCEPTO CARGA Y DESCARGA;-3.7305392940;40.3836711150
 Sin Datos;437964.9200000000;4471032.6800000000;05/08/10;11 Carabanchel;115 Puerta Bonita;OPORTO, AVENIDA, DE;85;Carga y descarga;Línea;3;16;LABORABLES DE 8 A 14 H. Y DE 16,30 A 19 H. EXCEPTO CARGA Y DESCARGA;-3.7308948150;40.3875806350
 Sin Datos;436590.2400000000;4469889.2300000000;27/12/04;11 Carabanchel;115 Puerta Bonita;FEDERICO GRASES, CALLE, DE;18;Carga y descarga;Línea;3;18;LABORABLES DE 8 A 20 HORAS EXCEPTO CARGA Y DESCARGA MÁXIMO 15 MINUTOS;-3.7469761930;40.3771764090
 Sin Datos;436681.2000000000;4469832.2100000000;20/09/05;11 Carabanchel;115 Puerta Bonita;FEDERICO GRASES, CALLE, DE;32;Carga y descarga;Línea;3;15;LAB. DE 8 A 14 H. EXCEPTO: CARGA Y DESCARGA;-3.7458992040;40.3766698000
 Sin Datos;436600.7200000000;4469798.1700000000;22/07/97;11 Carabanchel;115 Puerta Bonita;CASTELLANOS, PASEO, DE LOS;20;Carga y descarga;Línea;3;15;LABORABLES DE 8 A 14 H. Y DE 16,30 A 20 H.EXCEPTO CARGA Y DESCARGA;-3.7468437820;40.3763569650
 Sin Datos;438112.9300000000;4470946.0700000000;07/04/26;11 Carabanchel;115 Puerta Bonita;OPORTO, AVENIDA, DE;69;Carga y descarga;Línea;3;15,85;LAB. DE LUNES A SÁBADO DE 8 A 17 H EXCEPTO CARGA Y DESCARGA TIEMPO MÁXIMO 45 MINUTOS;-3.7291428240;40.3868109240
 Sin Datos;438012.6100000000;4470455.3200000000;19/05/26;11 Carabanchel;115 Puerta Bonita;CAMINO VIEJO DE LEGANES, CALLE, DEL;165;Carga y descarga;Línea;2;9;LABORABLES DE LUNES A SÁBADO DE 8 A 17 HORAS EXCEPTO CARGA Y DESCARGA. TIEMPO MÁXIMO 45 MINUTOS.;-3.7302769940;40.3823832780
 Sin Datos;437095.3600000000;4470555.9200000000;25/10/05;11 Carabanchel;115 Puerta Bonita;FRANCISCO ROMERO, CALLE, DE;Fte 15;Carga y descarga;Línea;2;9;LUNES DE 10:00 A 12:00 H.Y JUEVES DE 14:00 A 16:00 H.EXCEPTO CARGA Y DESCARGA;-3.7410920310;40.3832201400
 Sin Datos;437742.4800000000;4470980.2400000000;28/04/10;11 Carabanchel;115 Puerta Bonita;ALEJANDRO MORAN, CALLE, DE;1;Carga y descarga;Línea;3;15;LAB. DE 8 A 14 H Y DE 16,30 A 19 H. EXCEPTO CARGA Y DESCARGA ;-3.7335103100;40.3870916160
 Sin Datos;438018.4700000000;4470640.6300000000;22/12/04;11 Carabanchel;115 Puerta Bonita;AVEFRIA, CALLE, DEL;7;Carga y descarga;Línea;1;4;Lab. de 9 a 20 h.excepto: CARGA Y DESCARGA;-3.7302258290;40.3840529910
 Sin Datos;438024.7100000000;4470610.7600000000;22/12/04;11 Carabanchel;115 Puerta Bonita;JILGUERO, CALLE, DEL;2;Carga y descarga;Línea;3;17;LABORABLES DE 8 A 14 H.Y DE 16,30 A 19 H. EXCEPTO CARGA Y DESCARGA;-3.7301493970;40.3837839300
 Sin Datos;437874.9400000000;4470533.2800000000;30/05/05;11 Carabanchel;115 Puerta Bonita;JULIO ANTONIO, CALLE, DE;25;Carga y descarga;Línea;3;15;LAB. DE 9 A 14 H. Y DE 16 A 18 H.EXCEPTO CARGA Y DESCARGA;-3.7319063140;40.3830754110
 Sin Datos;437999.4800000000;4470512.7300000000;23/12/04;11 Carabanchel;115 Puerta Bonita;JULIO ANTONIO, CALLE, DE;5;Carga y descarga;Línea;3;16;LAB. DE 9 A 14 H. Y DE 16,30 A 20 H.EXCEPTO CARGA Y DESCARGA;-3.7304371930;40.3828992260
 Sin Datos;437833.2300000000;4471054.6300000000;04/05/17;11 Carabanchel;115 Puerta Bonita;PARRA, CALLE, DE LA;48;Carga y descarga;Línea;1;15;LABORABLES DE 8 A 17 H. EXCEPTO CARGA Y DESCARGA;-3.7324484470;40.3877681070
 Sin Datos;436536.0500000000;4469846.5100000000;22/02/21;11 Carabanchel;115 Puerta Bonita;CASTELLANOS, PASEO, DE LOS;15;Carga y descarga;Línea;4;21,4;LABORABLES DE 8 A 15 H. EXCEPTO CARGA Y DESCARGA;-3.7476103430;40.3767874860
 Sin Datos;437053.2500000000;4470078.9300000000;10/03/25;11 Carabanchel;115 Puerta Bonita;MARIA ODIAGA, CALLE, DE;11;Carga y descarga;Línea;1;11,8;LABORABLES DE LUNES A SÁBADOS DE 8 A 11 H. EXCEPTO CARGA Y DESCARGA TIEMPO MÁXIMO 45 MINUTOS;-3.7415411150;40.3789203210
 Sin Datos;435755.1800000000;4468952.9300000000;19/02/97;11 Carabanchel;116 Buenavista;GOMEZ DE ARTECHE, CALLE, DE;39;Carga y descarga;Línea;3;15;laborables de 9 a 14 h. y de 16,30 a 20 h.excepto carga y descarga;-3.7567183090;40.3686777840
 Sin Datos;435947.5000000000;4468555.6200000000;27/01/09;11 Carabanchel;116 Buenavista;ENRIQUE MARTINEZ, CALLE, DE;3;Carga y descarga;Línea;3;15;LABORABLES DE 8 A 14 H. Y DE 16,30 A 19 H. EXCEPTO CARGA Y DESCARGA;-3.7544131850;40.3651130690
 Sin Datos;437011.2400000000;4469339.4200000000;16/07/13;11 Carabanchel;116 Buenavista;SECOYA, CALLE, DE LA;5;Carga y descarga;Línea;3;15;LABORABLES DE 8 A 14 H. Y DE 16:30 A 19 H. EXCEPTO: [CARGA Y DESCARGA];-3.7419628120;40.3722557330
 Sin Datos;435235.3200000000;4468516.4100000000;09/12/22;11 Carabanchel;116 Buenavista;PESETA, AVENIDA, DE LA;27;Carga y descarga;Línea;1;7,5;LABORABLES DE LUNES A SÁBADOS DE 8 A 14:30 HORAS EXCEPTO CARGA Y DESCARGA, TIEMPO MÁX 45 MIN. ;-3.7627965890;40.3647049520
 Sin Datos;435213.9700000000;4468468.7500000000;09/12/22;11 Carabanchel;116 Buenavista;PESETA, AVENIDA, DE LA;22 G;Carga y descarga;Línea;3;15;LABORABLES DE LUNES A SÁBADOS DE 8 A 14:30 HORAS EXCEPTO CARGA Y DESCARGA, TIEMPO MÁX 45 MIN. ;-3.7630431900;40.3642745460
 Sin Datos;435452.6500000000;4468256.0200000000;09/12/22;11 Carabanchel;116 Buenavista;PESETA, AVENIDA, DE LA;40 A;Carga y descarga;Batería;3;15;LABORABLES DE LUNES A SÁBADO DE 8 A 14:30 HORAS EXCEPTO CARGA Y DESCARGA. MÁXIMO 45 MINUTOS.;-3.7602107730;40.3623759930
 Sin Datos;435557.6300000000;4468247.8300000000;12/12/22;11 Carabanchel;116 Buenavista;PESETA, AVENIDA, DE LA;50;Carga y descarga;Línea;3;15;LABORABLES DE LUNES A SÁBADOS DE 8 A 14:30H EXCEPTO CARGA Y DESCARGA TIEMPO MÁXIMO 45 MIN;-3.7589736430;40.3623105040
 Sin Datos;435766.7400000000;4468231.2500000000;12/12/22;11 Carabanchel;116 Buenavista;PESETA, AVENIDA, DE LA;S/N;Carga y descarga;Línea;1;7,5;LABORABLES DE LUNES A SÁBADO DE 8 A 14:30 EXCEPTO CARGA Y DESCARGA TIEMPO MÁXIMO 45 MIN;-3.7565093510;40.3621774630
 Sin Datos;435870.3200000000;4468222.6800000000;12/12/22;11 Carabanchel;116 Buenavista;PESETA, AVENIDA, DE LA;68;Carga y descarga;Línea;3;15;LABORABLES DE LUNES A VIERNES DE 8 A 14:30 HORAS EXCEPTO CARGA Y DESCARGA  TIEMPO MÁXIMO 45 MINUTOS;-3.7552886650;40.3621084790
 Sin Datos;436351.7800000000;4468233.5800000000;12/12/22;11 Carabanchel;116 Buenavista;PESETA, AVENIDA, DE LA;94;Carga y descarga;Línea;3;14,34;LABORABLES DE LUNES A VIERNES DE 8 A 14:30 HORAS EXCEPTO CARGA Y DESCARGA TIEMPO MÁXIMO 45 MINUTOS;-3.7496198200;40.3622435820
 Sin Datos;436258.3800000000;4469619.3900000000;28/12/04;11 Carabanchel;116 Buenavista;EUGENIA DE MONTIJO, CALLE, DE;93;Carga y descarga;Línea;4;22;LABORABLES DE 9 A 20 H. EXCEPTO CARGA Y DESCARGA ;-3.7508583260;40.3747204260
 Sin Datos;435638.3100000000;4469469.5300000000;01/01/00;11 Carabanchel;116 Buenavista;JOSE CABRERA, CALLE, DE;8;Carga y descarga;Línea;3;14;lab. de 9 a 20 h.excepto: [CARGA Y DESCARGA];-3.7581468650;40.3733223510
 Sin Datos;435677.5800000000;4469571.7500000000;14/02/95;11 Carabanchel;116 Buenavista;MASCARAQUE, CALLE, DE;15;Carga y descarga;Línea;3;15;lab. de 9 a 14 h. y de 16,30 a 20 h.excepto: CARGA Y DESCARGA;-3.7576946290;40.3742467040
 Sin Datos;436728.0600000000;4469108.5300000000;03/05/07;11 Carabanchel;116 Buenavista;AGUACATE, CALLE, DEL;29;Carga y descarga;Línea;3;15;LABORABLES DE 8 A 14 H. Y DE 16,30 A 19 H. EXCEPTO CARGA Y DESCARGA;-3.7452753100;40.3701540090
 Sin Datos;435969.0400000000;4468959.7500000000;21/01/15;11 Carabanchel;116 Buenavista;ALFREDO ALEIX, CALLE, DE;10;Carga y descarga;Línea;3;15;LABORABLES DE LUNES A VIERNES DE 8 A 15 H. EXCEPTO CARGA Y DESCARGA;-3.7542001020;40.3687559920
 Sin Datos;435512.2100000000;4468861.3000000000;03/08/17;11 Carabanchel;116 Buenavista;RUFINO REJON, CALLE, DE;12;Carga y descarga;Línea;1;8;LABORABLES DE 9 A 14 H. Y DE 16:30 A 19 H. EXCEPTO CARGA Y DESCARGA;-3.7595705500;40.3678339890
 Sin Datos;436241.5700000000;4469606.9500000000;07/08/23;11 Carabanchel;116 Buenavista;EUGENIA DE MONTIJO, CALLE, DE;110;Carga y descarga;Línea;1;10;LABORABLES DE LUNES A VIERNES DE 8 A 14:30 HORAS, EXCEPTO CARGA Y DESCARGA TIEMPO MÁXIMO 45 MINUTOS;-3.7510549650;40.3746069230
 Sin Datos;435365.7000000000;4469365.8000000000;15/03/24;11 Carabanchel;116 Buenavista;JOAQUIN TURINA, CALLE, DE;S/N;Carga y descarga;Línea;1;20;LABORABLES DE LUNES A SÁBADO DE 8 A 14:30 HORAS, EXCEPTO CARGA Y DESCARGA TIEMPO MÁXIMO 45 MINUTOS ;-3.7613472350;40.3723670590
 Sin Datos;436200.5900000000;4469498.9400000000;15/11/23;11 Carabanchel;116 Buenavista;JOAQUIN TURINA, CALLE, DE;S/N;Carga y descarga;Línea;2;10;LABORABLES DE 8 A 14 H. Y DE 16:30 A 19 H. EXCEPTO CARGA Y DESCARGA;-3.7515269100;40.3736303740
 Sin Datos;436189.1200000000;4469468.1200000000;15/11/23;11 Carabanchel;116 Buenavista;JOAQUIN TURINA, CALLE, DE;1;Carga y descarga;Línea;2;10;LABORABLES DE 8 A 14 HORAS Y DE 16:30 A 19 HORAS. ESCEPTO CARGA Y DESCARGA;-3.7516589200;40.3733518590
 Sin Datos;436230.0500000000;4469533.6200000000;15/11/23;11 Carabanchel;116 Buenavista;EUGENIA DE MONTIJO, CALLE, DE;107;Carga y descarga;Línea;16;10;LABORABLES DE 8 A 14 H. Y DE 16:30 A 19 H. EXCEPTO CARGA Y DESCARGA;-3.7511833650;40.3739456150
 Sin Datos;436019.4700000000;4469348.5900000000;21/03/14;11 Carabanchel;116 Buenavista;JOAQUIN TURINA, CALLE, DE;38;Carga y descarga;Línea;3;15;LABORABLES DE 7 A 21 H. EXCEPTO CARGA Y DESCARGA;-3.7536452500;40.3722625510
 Sin Datos;436065.8300000000;4469181.8600000000;30/11/16;11 Carabanchel;116 Buenavista;CARABANCHEL ALTO, AVENIDA, DE;56;Carga y descarga;Batería;1;3,5;Laborables 8 a 14h y de 16.30 a 19 h. Excepto Carga y Descarga;-3.7530823190;40.3707639230
 Sin Datos;437227.7400000000;4468573.1800000000;16/11/18;11 Carabanchel;116 Buenavista;TRESETA, CALLE, DE LA;7;Carga y descarga;Línea;2;15;LABORABLES DE 8 A 17 H. EXCEPTO CARGA Y DESCARGA;-3.7393373480;40.3653690100
 Sin Datos;435641.2100000000;4468169.4100000000;31/03/25;11 Carabanchel;116 Buenavista;SALVADOR ALLENDE, CALLE, DE;34 D;Carga y descarga;Línea;3;15;LABORABLES DE 8 A 17 H. EXCEPTO CARGA Y DESCARGA TIEMPO MÁXIMO 45 MINUTOS;-3.7579814520;40.3616106360
 Sin Datos;435618.7900000000;4468108.0600000000;31/03/25;11 Carabanchel;116 Buenavista;PATRIMONIO DE LA HUMANIDAD, CALLE, DEL;3;Carga y descarga;Línea;1;8;LABORABLES DE 8 A 17 H. EXCEPTO CARGA Y DESCARGA TIEMPO MÁXIMO 45 MINUTOS;-3.7582392830;40.3610561840
 Sin Datos;438156.6400000000;4470519.2200000000;23/08/13;11 Carabanchel;117 Abrantes;MINEROS, CALLE, DE LOS;7;Carga y descarga;Línea;1;9;Lab. De 8 a 14 h. y de 16.30 a 19 h. Excepto: CARGA Y DESCARGA;-3.7285863100;40.3829692420
 Sin Datos;438065.4000000000;4469848.3400000000;16/06/15;11 Carabanchel;117 Abrantes;VIA LUSITANA, CALLE;S/N;Carga y descarga;Línea;3;15;EXCEPTO CARGA Y DESCARGA DE CISTERNAS DE AGUA RECICLADA;-3.7295959190;40.3769192660
 Sin Datos;438151.3800000000;4470595.2200000000;06/03/20;11 Carabanchel;117 Abrantes;PELICANO, CALLE, DEL;34;Carga y descarga;Línea;2;20;LABORABLES DE 8 A 14 H.Y DE 16,30 A 19 H. EXCEPTOCARGA Y DESCARGA;-3.7286557530;40.3836539840
 Sin Datos;437995.5200000000;4470386.7500000000;13/10/22;11 Carabanchel;117 Abrantes;PAPAGAYO, CALLE, DEL;4;Carga y descarga;Línea;3;16;LABORABLES DE 8 A 14 HORAS EXCEPTO CARGA Y DESCARGA;-3.7304715130;40.3817640250
 Sin Datos;438224.5500000000;4470761.7200000000;29/02/12;11 Carabanchel;117 Abrantes;FRANCISCO DE ICAZA, CALLE, DE;13;Carga y descarga;Línea;3;15;LABORABLES DE 8 A 14 H. Y DE 16,30 A 19 H EXCEPTO CARGA Y DESCARGA;-3.7278098380;40.3851592580
 Sin Datos;438207.6100000000;4470438.5600000000;04/08/16;11 Carabanchel;117 Abrantes;CHIMBO, CALLE, DEL;21;Carga y descarga;Línea;1;15;DE LUNES A VIERNES DE 9 A 14 H. EXCEPTO CARGA Y DESCARGA;-3.7279780580;40.3822462840
 Sin Datos;438329.4900000000;4470834.0800000000;22/12/04;11 Carabanchel;117 Abrantes;OPORTO, AVENIDA, DE;41;Carga y descarga;Línea;2;13;LABORABLES DE 9 A 14 H. Y DE 16,30 A 20 H. EXCEPTO CARGA Y DESCARGA;-3.7265806720;40.3858189050
 Sin Datos;438222.0500000000;4469470.1300000000;19/03/07;11 Carabanchel;117 Abrantes;CARRANQUE, CALLE, DE;1;Carga y descarga;Línea;3;15;LABORABLES DE 8 A 14 H. Y DE 16,30 A 19 H. EXCEPTO CARGA Y DESCARGA;-3.7277141540;40.3735233450
 Sin Datos;437945.1500000000;4470307.1200000000;14/11/25;11 Carabanchel;117 Abrantes;ALFONSO MARTINEZ CONDE, CALLE, DE;1;Carga y descarga;Línea;1;4,1;LAB. DE 9 A 14H. Y DE 16:30 A 20 H. EXCEPTO CYD;-3.7310570760;40.3810431870
 Sin Datos;438342.6100000000;4470711.7500000000;24/04/26;11 Carabanchel;117 Abrantes;ARGÜESO, CALLE, DE;20;Carga y descarga;Línea;2;13;LAB. DE 8 A 14 H. Y DE 16,30 A 19 H. EXCEPTO CARGA Y DESCARGA;-3.7264142850;40.3847173360
 Sin Datos;437979.4700000000;4470085.0400000000;09/04/24;11 Carabanchel;117 Abrantes;ABRANTES, AVENIDA, DE;80;Carga y descarga;Línea;2;10;LABORABLES DE LUNES A SÁBADO DE 8 A 14:30 HORAS;-3.7306311970;40.3790448250
 Sin Datos;438273.5000000000;4470855.5900000000;29/07/11;11 Carabanchel;117 Abrantes;OPORTO, AVENIDA, DE;47;Carga y descarga;Línea;4;21,03;Lab. de 9 a 20 h.excepto: CARGA Y DESCARGA;-3.7272424380;40.3860084390
 Sin Datos;438207.6100000000;4470595.9500000000;01/01/00;11 Carabanchel;117 Abrantes;PELICANO, CALLE, DEL;22;Carga y descarga;Línea;3;18,9;LABORABLES DE 9 A 12 H Y DE 16 A 18 HEXCEPTO CARGA Y DESCARGA;-3.7279932990;40.3836640680
 Sin Datos;438140.0200000000;4470661.4900000000;22/12/04;11 Carabanchel;117 Abrantes;CAMINO VIEJO DE LEGANES, CALLE, DEL;137;Carga y descarga;Línea;3;17;LABORABLES DE 9 A 14 H. Y DE 16,30 A 20 H. EXCEPTO CARGA Y DESCARGA;-3.7287960130;40.3842495160
 Sin Datos;437811.5400000000;4470107.1200000000;23/12/04;11 Carabanchel;117 Abrantes;CAMINO VIEJO DE LEGANES, CALLE, DEL;241;Carga y descarga;Línea;2;12;Lab. de 9 a 20 h.excepto: CARGA Y DESCARGA;-3.7326115680;40.3792308640
 Sin Datos;438664.8600000000;4470765.2900000000;05/06/98;11 Carabanchel;117 Abrantes;OPORTO, AVENIDA, DE;17;Carga y descarga;Línea;3;15,1;LAB. DE 9 A 14 H. Y DE 16,30 A 20 H.EXCEPTO CARGA Y DESCARGA;-3.7226231950;40.3852235440
 Sin Datos;438124.5200000000;4470586.2200000000;06/02/13;11 Carabanchel;117 Abrantes;PELICANO, CALLE, DEL;35;Carga y descarga;Línea;3;18;LABORABLES DE 9 A 14 H.Y DE 16,30 A 20 H. EXCEPTOCARGA Y DESCARGA;-3.7289712810;40.3835701030
 Sin Datos;438490.1400000000;4470567.5100000000;21/02/14;11 Carabanchel;117 Abrantes;SETUBAL, PLAZA, DE;S/N;Carga y descarga;Batería;6;12;LABORABLES DE 9 A 14 H. Y DE 16,30 A 20 H. EXCEPTO CARGA Y DESCARGA;-3.7246622940;40.3834293840
 Sin Datos;437977.1600000000;4470309.2900000000;06/02/25;11 Carabanchel;117 Abrantes;ALFONSO MARTINEZ CONDE, CALLE, DE;1;Carga y descarga;Línea;3;16;EXCEPTO CARGA Y DESCARGA Y RECOGIDA DE BASURAS MÁXIMO 45 MINUTOS;-3.7306802420;40.3810647300
 Sin Datos;439721.4400000000;4468993.8700000000;10/01/05;12 Usera;121 Orcasitas;GRAN AVENIDA, CALLE;8;Carga y descarga;Línea;2;10;lab. de 9 a 20 h. excepto: [CARGA Y DESCARGA];-3.7100083260;40.3693430450
 Sin Datos;439737.1100000000;4469029.1600000000;01/01/00;12 Usera;121 Orcasitas;GRAN AVENIDA, CALLE;5;Carga y descarga;Línea;3;15,2;LABORABLES DE 8 A 14 H. Y DE 16,30 A19 H.  EXCEPTO CARGA Y DESCARGA;-3.7098270420;40.3696618390
 Sin Datos;439349.0000000000;4469072.3600000000;30/11/07;12 Usera;121 Orcasitas;LEIZA, CALLE, DE;10;Carga y descarga;Línea;6;32,5;LABORABLES DE 8,00 A 14,00 H. Y DE 16,30 A 19,00 H.EXCEPTO CARGA Y DESCARGA EN LINEA;-3.7144023960;40.3700224010
 Sin Datos;439830.6800000000;4469054.0400000000;07/11/23;12 Usera;121 Orcasitas;GRAN AVENIDA, CALLE;17;Carga y descarga;Línea;1;7,5;LAB. DE LUNES A SÁBADOS DE 8 A 14:30 H. EXCEPTO CARGA Y DESCARGA;-3.7087273640;40.3698923970
 Sin Datos;440966.4900000000;4469159.8900000000;01/07/10;12 Usera;122 Orcasur;POBLADOS, AVENIDA, DE LOS;189;Carga y descarga;Línea;2;15;LABORABLES DE 8 A 17 H EXCEPTO CARGA Y DESCARGA;-3.6953595710;40.3709277890
 Sin Datos;440986.5000000000;4469212.5900000000;31/07/14;12 Usera;122 Orcasur;ANDALUCIA, AVENIDA, DE;S/N;Carga y descarga;Línea;3;18;LABORABLES DE 8:00 A 17 :00 HEXCEPTO CARGA Y DESCARGA;-3.6951287260;40.3714037450
 Sin Datos;440852.3000000000;4469135.0500000000;06/06/22;12 Usera;122 Orcasur;POBLADOS, AVENIDA, DE LOS;170;Carga y descarga;Batería;1;4;laborables de 8 a 14 y de 16 a 20 h. excepto carga y descarga;-3.6967021830;40.3706957410
 Sin Datos;440495.7900000000;4468821.1700000000;21/05/25;12 Usera;122 Orcasur;ORCASUR, AVENIDA, DE;51;Carga y descarga;Línea;4;20;LAB.DE LUNES A SÁBADOS DE 8:00 A 14:00 H. MÁX. 45 MINUTOS. EXCEPTO CARGA Y DESCARGA ;-3.7008719410;40.3678429270
 Sin Datos;441444.8000000000;4469461.4600000000;12/01/06;12 Usera;123 San Fermín;MEZQUITA, CALLE, DE LA;30;Carga y descarga;Línea;3;12,07;LABORABLES DE 8 A 14 H. Y DE 16,30 A 19 H. EXCEPTO CARGA Y DESCARGA;-3.6897536950;40.3736781010
 Sin Datos;441261.3500000000;4469374.0600000000;12/01/05;12 Usera;123 San Fermín;TACONERA, CALLE, DE;18;Carga y descarga;Línea;3;14,5;LAB. DE 8 A 14 H. EXCEPTO CARGA Y DESCARGA;-3.6919063540;40.3728774500
 Sin Datos;441449.6500000000;4469559.9900000000;05/01/05;12 Usera;123 San Fermín;GIRALDA, CALLE, DE LA;17;Carga y descarga;Línea;1;8;LABORABLES DE 8 A 14 H. EXCEPTO CARGA Y DESCARGA;-3.6897055090;40.3745657840
 Sin Datos;441361.8000000000;4469401.2100000000;07/02/05;12 Usera;123 San Fermín;ELIZONDO, CALLE, DE;20;Carga y descarga;Línea;4;16,74;LABORABLES DE 8 A 11 H.EXCEPTO CARGA Y DESCARGA;-3.6907256600;40.3731293220
 Sin Datos;441606.6200000000;4469101.0900000000;08/05/26;12 Usera;123 San Fermín;FUEROS, AVENIDA, DE LOS;46;Carga y descarga;Línea;2;10;LAB. DE LUNES A SÁBADOS DE 8 A 14 H Y DE 15 A 20 H EXCEPTO CARGA Y DESCARGA;-3.6878146340;40.3704426660
 Sin Datos;441345.8800000000;4469220.8300000000;01/10/18;12 Usera;123 San Fermín;BARRANCA, CALLE, DE;22;Carga y descarga;Línea;1;7;LABORABLES DE 8:00 A 10:30 H Y DE 17:00 A 18:30 H EXCEPTO VEHÍCULOS AUTORIZADOS DEL CENTRO DE MAYORES SAN FERMÍN;-3.6908966310;40.3715035540
 Sin Datos;440756.6600000000;4470929.9800000000;01/04/25;12 Usera;124 Almendrales;ANTONIO LOPEZ, CALLE, DE;202;Carga y descarga;Línea;2;10;LAB. DE LUNES A SÁBADOS DE 8 A 14:00 H MÁX 45 MINUTOS EXCEPTO CARGA Y DESCARGA;-3.6979955210;40.3868583070
 Sin Datos;440512.5600000000;4470865.7000000000;05/12/25;12 Usera;124 Almendrales;JESUS DEL GRAN PODER, CALLE, DE;44;Carga y descarga;Línea;1;13;LABORABLES DE 20 A 21:30 H. EXCEPTO RECOGIDA DE RESIDUOS;-3.7008653520;40.3862624890
1204001;440570.7400000000;4470755.9100000000;24/11/24;12 Usera;124 Almendrales;ALMENDRALES, CALLE, DE LOS;34;Carga y descarga 360;Línea;3;16;LABORABLES DE 9 A 14 H Y DE 16.30 A 20:00 H EXCEPTO CARGA Y DESCARGA MÁX 45 MINUTOS  1204001;-3.7001695520;40.3852774600
1204002;440263.6500000000;4470675.9000000000;23/11/24;12 Usera;124 Almendrales;AMOR HERMOSO, CALLE, DEL;52;Carga y descarga 360;Línea;2;10;LAB. DE LUNES A VIERNES   9:00 A 14:00 H. EXCEPTO CARGA Y DESCARGA MAXIMO 45 MINUTOS 1204002;-3.7037798730;40.3845341040
1204003;440941.4600000000;4470387.5800000000;24/11/24;12 Usera;124 Almendrales;ANTONIO LOPEZ, CALLE, DE;246 A;Carga y descarga 360;Línea;3;16,19;LAB DE LUNES A SÁBADO DE 8 A 14:30 H EXCEPTO CARGA Y DESCARGA MÁXIMO 45 MINUTOS 1204003;-3.6957681470;40.3819857020
1204004;440335.3000000000;4470740.3000000000;23/11/24;12 Usera;124 Almendrales;ANTONIO SALVADOR, CALLE, DE;56;Carga y descarga 360;Línea;2;10;LAB. DE 9:00 A 20:00H. EXCEPTO CARGA Y DESCARGA MAXIMO 45 MINUTOS 1204004;-3.7029418080;40.3851199530
1204005;440179.5300000000;4470712.7500000000;23/11/24;12 Usera;124 Almendrales;ANTONIO SALVADOR, CALLE, DE;81;Carga y descarga 360;Línea;3;15;LABORABLES DE 9:00 A 14:00 H  Y DE 16.30 A 20_00 H EXCEPTO CARGA Y DESCARGA MÁXIMO 45 MINUTOS 1204005;-3.7047742420;40.3848603460
1204006;440501.3600000000;4470829.1600000000;23/11/24;12 Usera;124 Almendrales;ANTONIO SALVADOR, CALLE, DE;27;Carga y descarga 360;Línea;3;15;LAB. DE 9:00 A 14:00 H. Y DE 16.30 A 20:00 H. EXCEPTO CARGA Y DESCARGA MAXIMO 45 MINUTOS 1204006;-3.7009937520;40.3859322930
1204007;440236.3400000000;4470303.0200000000;24/11/24;12 Usera;124 Almendrales;ANTONIO VELASCO ZAZO, CALLE, DE;7 B;Carga y descarga 360;Línea;3;15;LABORABLES DE 8 A 14:00 H. Y DE 16,30 A 19:00 H. EXCEPTO. CARGA Y DESCARGA MÁX. 45 MINUTOS  1204007;-3.7040666390;40.3811736490
1204008;440837.1300000000;4470290.7200000000;24/11/24;12 Usera;124 Almendrales;CORDOBA, AVENIDA, DE;31;Carga y descarga 360;Línea;3;15;LAB. DE 8 A 14 :00  Y DE 16,30 A 19:00 H. EXCEPTO CARGA Y DESCARGA MÁXIMO 45 MINUTOS.1204008;-3.6969882610;40.3811059260
1204009;440513.2300000000;4470367.1200000000;23/11/24;12 Usera;124 Almendrales;CRISTO DE LA VICTORIA, CALLE, DEL;15;Carga y descarga 360;Batería;6;15;LAB. DE 8 A 17:00 H. EXCEPTO CARGA Y DESCARGA MÁXIMO 45 MINUTOS.1204009;-3.7008108630;40.3817706140
1204010;440274.5100000000;4470414.2200000000;23/11/24;12 Usera;124 Almendrales;FRANCISCO RUIZ, CALLE, DE;9;Carga y descarga 360;Línea;5;34;LAB. DE 8 A 14:00 H. Y DE 16.30 A 20:00 H. EXCEPTO CARGA Y DESCARGA MÁXIMO 45 MINUTOS 1204010;-3.7036273520;40.3821775860
1204011;440495.0400000000;4470886.0200000000;05/12/25;12 Usera;124 Almendrales;JESUS DEL GRAN PODER, CALLE, DE;42;Carga y descarga 360;Línea;7;40;LABORABLES DE 07 A 20:00 H. EXCEPTO CARGA Y DESCARGA MAXIMO 45 MINUTOS 1204011;-3.7010735070;40.3864435430
1204013;440513.5300000000;4470950.2100000000;24/11/24;12 Usera;124 Almendrales;MONEDEROS, CALLE, DE LOS;36;Carga y descarga 360;Línea;2;10;LAB. DE 9 A 14:00 H Y DE 16.30 A 20:00 H EXCEPTO CARGA Y DESCARGA MÁXIMO 45 MINUTOS 1204013;-3.7008617420;40.3870233770
1204014;440139.0900000000;4470523.4000000000;24/11/24;12 Usera;124 Almendrales;NICOLAS USERA, CALLE, DE;75;Carga y descarga 360;Línea;3;17;LAB. DE 8 A 14:00 H Y DE 16.30 A 19:00 H EXCEPTO CARGA Y DESCARGA MÁXIMO 45 MINUTOS.1204014;-3.7052329520;40.3831513280
1204015;440305.3300000000;4470832.0900000000;23/11/24;12 Usera;124 Almendrales;PILARICA, CALLE, DE LA;25;Carga y descarga 360;Línea;3;15;LAB. DE 9 A 20:00 H.  EXCEPTO CARGA Y DESCARGA MÁXIMO 45 MINUTOS 1204015;-3.7033034020;40.3859440390
1204016;440196.0900000000;4470816.6000000000;23/11/24;12 Usera;124 Almendrales;RAMON LUJAN, CALLE, DE;26;Carga y descarga 360;Línea;3;15;LAB. DE 9 A 20:00 H. EXCEPTO CARGA Y DESCARGA MÁXIMO 45 MINUTOS 1204016;-3.7045889470;40.3857970180
1204017;440469.3600000000;4470840.4100000000;25/11/24;12 Usera;124 Almendrales;SAN ANTONIO DE PADUA, CALLE, DE;29;Carga y descarga 360;Línea;2;12;LAB DE 9:00 A 20:00 H EXCEPTO CARGA Y DESCARGA MÁX. 45 MINUTOS 1204017;-3.7013717320;40.3860308420
1204019;440676.6100000000;4470855.6300000000;10/04/25;12 Usera;124 Almendrales;CORDOBA, AVENIDA, DE;10;Carga y descarga 360;Línea;2;10;LAB. DE LUNES A SÁBADOS DE 8:00 A 14:30 H. EXCEPTO CARGA Y DESCARGA MÁX 45 MINUTOS   1204019  ;-3.6989316760;40.3861829050
1402018;440601.0100000000;4470805.9600000000;25/11/24;12 Usera;124 Almendrales;SEQUEROS, CALLE, DE;6;Carga y descarga 360;Línea;2;15;LAB. DE 9:00 A 16:30 H Y DE 16:30 A 20:00 H EXCEPTO CARGA Y DESCARGA MÁX 45 MINUTOS 1402018;-3.6998176410;40.3857306120
1205001;440506.4500000000;4471120.3900000000;24/08/24;12 Usera;125 Moscardó;HERMENEGILDO BIELSA, CALLE, DE;22;Carga y descarga 360;Línea;3;13,99;LAB. DE 8 A 14 H Y DE 16:30 A 19 H EXCEPTO CARGA Y DESCARGA MÁX 45 MINUTOS 1205001;-3.7009610930;40.3885558090
1205002;440389.8900000000;4471597.0300000000;24/08/24;12 Usera;125 Moscardó;MANZANARES, AVENIDA, DEL;198;Carga y descarga 360;Línea;3;16,23;LAB. DE 8 A 14 H. Y DE 16,30 A 19  H EXCEPTO CARGA Y DESCARGA MÁX 45 MINUTOS 1205002;-3.7023788770;40.3928415910
1205003;440268.1100000000;4471513.7400000000;24/08/24;12 Usera;125 Moscardó;ANTONIO LOPEZ, CALLE, DE;99;Carga y descarga 360;Línea;3;14,35;LABORABLES DE 8 A 17 EXCEPTO CARGA Y DESCARGA MÁX 45 MINUTOS 1205003;-3.7038058280;40.3920822500
1205004;440338.4100000000;4471398.9800000000;24/08/24;12 Usera;125 Moscardó;ANTONIO LOPEZ, CALLE, DE;138;Carga y descarga 360;Línea;3;17,31;LAB. DE 8 A 18 H EXCEPTO CARGA Y DESCARGA MÁX. 45 MINUTOS 1205004;-3.7029668460;40.3910534470
1205005;440376.3000000000;4471355.1900000000;27/08/24;12 Usera;125 Moscardó;ANTONIO LOPEZ, CALLE, DE;144;Carga y descarga 360;Línea;1;12;LAB. DE 8 A 17 H EXCEPTO CARGA Y DESCARGA MÁX 45 MINUTOS 1205005;-3.7025164440;40.3906621740
1205006;440340.1600000000;4471474.1200000000;30/08/24;12 Usera;125 Moscardó;EUGENIO CAXES, CALLE, DE;14;Carga y descarga 360;Línea;4;12;LABORABLES DE 8 A 14 H Y DE 16:30 A 19 H  EXCEPTO CARGA Y DESCARGA  MÁX 45 MINUTOS 1205006;-3.7029532670;40.3917305690
1205007;440339.9200000000;4471331.8600000000;29/08/24;12 Usera;125 Moscardó;ANTONIO LOPEZ, CALLE, DE;144;Carga y descarga 360;Batería;4;8;lab. de 8 a 14h. y de 16,30 a 19h. excepto: carga y descarga MÁX 45 MINUTOS 1205007                ;-3.7029427820;40.3904491490
1205008;440586.7100000000;4471300.1400000000;29/08/24;12 Usera;125 Moscardó;MANZANARES, AVENIDA, DEL;212;Carga y descarga 360;Línea;3;15;lab. de 8 a 14h. y de 16,30 a 19h. excepto: carga y descarga MÁX 45 MINUTOS 1205008;-3.7000322710;40.3901812330
1205009;440368.9100000000;4471065.8300000000;27/08/24;12 Usera;125 Moscardó;JESUS DEL GRAN PODER, CALLE, DE;13;Carga y descarga 360;Línea;3;15,66;LAB. DE 8 A 17 H. EXCEPTO CARGA Y DESCARGA MÁX 45 MINUTOS 1205009;-3.7025763760;40.3880543000
1205010;440588.9900000000;4471147.1600000000;29/08/24;12 Usera;125 Moscardó;ANTONIO LOPEZ, CALLE, DE;131;Carga y descarga 360;Línea;3;15;LAB. DE 8 A 14 H. Y DE 16,30 A 19 H. EXCEPTO CARGA Y DESCARGA MÁX 45 MINUTOS 1205010;-3.6999910180;40.3888032700
1205011;440537.6600000000;4471169.6400000000;27/08/24;12 Usera;125 Moscardó;ANTONIO LOPEZ, CALLE, DE;164;Carga y descarga 360;Línea;3;20,26;LAB. DE 8  A 14 H Y DE 16:30 A 19 H EXCEPTO CARGA Y DESCARGA MÁX 45 MINUTOS  1205011;-3.7005980100;40.3890019140
1205012;440508.8200000000;4471265.5200000000;24/08/24;12 Usera;125 Moscardó;SAN ZACARIAS, CALLE, DE;2;Carga y descarga 360;Línea;3;14,28;LABORABLES DE 9 A 14 Y DE 16 A 19 EXCEPTO CARGA  Y DESCARGA  1205012;-3.7009466540;40.3898636430
1205013;440543.2000000000;4471199.7000000000;27/08/24;12 Usera;125 Moscardó;ANTONIO LOPEZ, CALLE, DE;117;Carga y descarga 360;Línea;1;8,38;LAB. DE 8 A 14:30 H EXCEPTO CARGA Y DESCARGA MÁX 45 MINUTOS 1205013;-3.7005355000;40.3892734390
1205014;440656.3200000000;4471186.1700000000;24/08/24;12 Usera;125 Moscardó;MANZANARES, AVENIDA, DEL;218;Carga y descarga 360;Línea;3;15,21;LAB. DE 8 A 14 H. Y DE 16,30 A 19 H. EXCEPTO CARGA Y DESCARGA MÁX 45 MINUTOS 1205014 ;-3.6992015400;40.3891593630
1205015;439582.4600000000;4470864.0400000000;02/09/24;12 Usera;125 Moscardó;ENRIQUE FUENTES, CALLE, DE;16;Carga y descarga 360;Línea;3;15;LAB. DE 9 A 14:00 H Y DE 16:30 A 20:00 H EXCEPTO CARGA Y DESCARGA MÁX. 45 MINUTOS 1205015 ;-3.7118224820;40.3861802120
1205016;440042.9300000000;4470999.2900000000;12/06/25;12 Usera;125 Moscardó;NICOLAS USERA, CALLE, DE;S/N;Carga y descarga 360;Línea;4;19,7;LAB. DE 7 A 14 H. Y DE 16:30 A 20 H. EXCEPTO  CARGA Y DESCARGA MÁX 45 MINUTOS  1205016;-3.7064105520;40.3874314940
1205017;439989.1800000000;4470899.9700000000;16/12/25;12 Usera;125 Moscardó;GABINO JIMENO, CALLE, DE;5;Carga y descarga;Línea;2;12;Laborables de 9:30 a 12:30 excepto carga y descarga MÁX 45 MINUTOS 1205017;-3.7070343880;40.3865333260
1205018;439828.6700000000;4470889.4600000000;02/09/24;12 Usera;125 Moscardó;GABRIEL USERA, CALLE, DE;7;Carga y descarga 360;Línea;2;12;LAB. DE 9:00 A 20:00 H EXCEPTO CARGA Y DESCARGA MÁX 45 MINUTOS 1205018;-3.7089243470;40.3864269270
1205020;440032.7600000000;4470899.4100000000;02/09/24;12 Usera;125 Moscardó;NICOLAS SANCHEZ, CALLE, DE;10;Carga y descarga 360;Línea;3;15;LABORABLES DE 9:00 A 20:00 H EXCEPTO CARGA Y DESCARGA MÁX 45 MINUTOS 1205020 ;-3.7065209040;40.3865317790
1205021;440133.7900000000;4470952.7200000000;02/09/24;12 Usera;125 Moscardó;FERROVIARIOS, CALLE, DE LOS;1;Carga y descarga 360;Línea;3;15;LABORABLES DE 9:00 A 14:00 H Y DE 16:00 A 19:00 H EXCEPTO CARGA Y DESCARGA MÁX.45 MINUTOS  1205021;-3.7053356260;40.3870189070
1205022;440195.8800000000;4470978.4100000000;30/08/24;12 Usera;125 Moscardó;AMPARO USERA, CALLE, DE;33;Carga y descarga 360;Línea;2;13;LAB. DE 9 A 14 H Y DE 16.30 A 20:00 H EXCEPTO CARGA Y DESCARGA MÁX 45  MINUTOS 1205022;-3.7046065940;40.3872546800
1205023;440240.7700000000;4470861.7500000000;04/09/24;12 Usera;125 Moscardó;AMOR HERMOSO, CALLE, DEL;26;Carga y descarga 360;Línea;2;12;LAB. DE 9 A 14 H Y DE 16.30 A 20 HEXCEPTO CARGA Y DESCARGA MÁX 45 MINUTOS 1205023;-3.7040668110;40.3862071410
1205024;440294.1400000000;4470872.1100000000;03/09/24;12 Usera;125 Moscardó;PILARICA, CALLE, DE LA;16;Carga y descarga 360;Línea;3;15;LABORABLES DE 9 A 14 H Y DE 16:30 A 20:00 H EXCEPTO CARGA Y DESCARGA MÁX 45 MINUTOS 1205024 ;-3.7034390780;40.3863046010
1205025;440343.2400000000;4470878.9900000000;30/08/24;12 Usera;125 Moscardó;OLVIDO, CALLE, DEL;26;Carga y descarga 360;Línea;2;15;LAB. DE 9 A 14 H Y DE 16.30 A 20 HEXCEPTO CARGA Y DESCARGA MÁX 45 MINUTOS 1205025;-3.7028612500;40.3863699750
1205026;440328.5800000000;4471000.3800000000;30/08/24;12 Usera;125 Moscardó;OLVIDO, CALLE, DEL;2;Carga y descarga 360;Línea;3;15;LAB. DE 9:00 A 15:00 H EXCEPTO CARGA Y DESCARGA MÁX 45 MINUTOS 1205026;-3.7030453990;40.3874625490
1205027;440407.9800000000;4470996.6900000000;03/09/24;12 Usera;125 Moscardó;JESUS DEL GRAN PODER, CALLE, DE;17 B;Carga y descarga 360;Línea;3;15;LAB DE 8 A 14 H. Y DE 17 A 20 H. FESTIVOS DE 8 A 14 H. EXCEPTO CARGA Y DESCARGA MÁX 45 MINUTOS 1205027;-3.7021095870;40.3874351040
1205028;440542.5100000000;4471021.3500000000;03/09/24;12 Usera;125 Moscardó;ALMENDRALES, CALLE, DE LOS;11;Carga y descarga 360;Línea;2;10;LAB. DE 7:30 A 8:30 EXCEPTO CARGA Y DESCARGA MÁX 45 MINUTOS 1205028;-3.7005269060;40.3876662920
1205029;439651.9500000000;4470765.9100000000;14/08/24;12 Usera;125 Moscardó;MARCELO USERA, CALLE, DE;136;Carga y descarga 360;Línea;3;15,76;LAB. DE 8 A 14 H.  Y DE 16,30 A 19 H.  EXCEPTO CARGA Y DESCARGA MÁX. 45 MINUTOS 1205029;-3.7109946150;40.3853014660
1205030;439696.7000000000;4470788.2700000000;03/09/24;12 Usera;125 Moscardó;MADRIDEJOS, CALLE, DE;16;Carga y descarga 360;Línea;3;15;LAB. de 9 a 14 h. y de 16,30 a 20 h. EXCEPTO CARGA Y DESCARGA MÁX. 45 MINUTOS 1205030;-3.7104694990;40.3855054970
1205031;439778.1100000000;4470784.1300000000;14/08/24;12 Usera;125 Moscardó;MARCELO USERA, CALLE, DE;118;Carga y descarga 360;Línea;2;12,52;LABORABLES DE 8 A 17 H EXCEPTO CARGA Y DESCARGA  MÁX 45 MINUTOS 1205031;-3.7095099670;40.3854748440
1205032;439838.5600000000;4470808.8900000000;02/09/24;12 Usera;125 Moscardó;GABRIEL USERA, CALLE, DE;21;Carga y descarga 360;Línea;3;15;LAB. DE 8 A 14 H Y DE 16:30 A 19 :00 H EXCEPTO CARGA Y DESCARGAR MÁX 45 MINUTOS 1205032;-3.7088001870;40.3857016200
1205033;439929.7400000000;4470805.1100000000;13/08/24;12 Usera;125 Moscardó;MARCELO USERA, CALLE, DE;96;Carga y descarga 360;Línea;3;16,16;LABORABLES DE 8 A 14 H Y DE 16.30 A 19 H EXCEPTO CARGA Y DESCARGA 1205033;-3.7077256620;40.3856744620
1205034;440091.1000000000;4470841.8700000000;03/09/24;12 Usera;125 Moscardó;NICOLAS USERA, CALLE, DE;22;Carga y descarga 360;Línea;2;10;LAB. DE 9 A 14 H Y DE 16.30 A 20 HEXCEPTO CARGA Y DESCARGA MÁX 45 MINUTOS 1205034;-3.7058281980;40.3860174350
1205035;440162.4100000000;4470837.5600000000;13/08/24;12 Usera;125 Moscardó;MARCELO USERA, CALLE, DE;70;Carga y descarga 360;Línea;3;16,65;LABORABLES DE 8 A 14 H  Y DE 16,30 A 19 H EXCEPTO CARGA Y DESCARGA MÁX 45 MINUTOS 1205035;-3.7049877260;40.3859838590
1205036;440475.3200000000;4470946.6300000000;13/08/24;12 Usera;125 Moscardó;MARCELO USERA, CALLE, DE;26;Carga y descarga 360;Línea;3;15,53;LAB. DE 8 A 14:30 H. MÁXIMO 30 MINUTOS EXCEPTO CARGA Y DESCARGA 1205036;-3.7013115710;40.3869886550
1205037;439524.8200000000;4470893.0800000000;23/11/24;12 Usera;125 Moscardó;MANUEL NOYA, CALLE, DE;17;Carga y descarga 360;Línea;2;12;LAB. DE 9 A 13H. EXCEPTO CARGA Y DESCARGA MÁXIMO 45 MINUTOS 1205037;-3.7125043590;40.3864376420
1205038;439518.0200000000;4470978.4300000000;23/11/24;12 Usera;125 Moscardó;MANUEL NOYA, CALLE, DE;12;Carga y descarga 360;Línea;3;15;LAB. DE 8 A 17H. EXCEPTO CARGA Y DESCAGRA MAXIMO 45 MINUTOS 1205038;-3.7125925950;40.3872060930
1205039;440046.5700000000;4470846.4700000000;12/09/24;12 Usera;125 Moscardó;NICOLAS SANCHEZ, CALLE, DE;19;Carga y descarga 360;Línea;3;15;DE LUNES A VIERNES DE 9 A 14 H. Y DE 16 A 19 H. SÁBADOS DE 9 A 11 H. EXCEPTO CARGA Y DESCARGA MÁX 45 MINUTOS 1205039;-3.7063531410;40.3860558230
1205040;439998.1100000000;4470829.0800000000;13/09/24;12 Usera;125 Moscardó;GABINO JIMENO, CALLE, DE;18;Carga y descarga 360;Línea;2;12;LABORABLES DE 8:00 A 17:00 EXCEPTO CARGA Y DESCARGA MÁX 45 MINUTOS 1205040;-3.7069224320;40.3858957380
1205041;440080.1300000000;4470924.8000000000;03/03/25;12 Usera;125 Moscardó;NICOLAS USERA, CALLE, DE;6;Carga y descarga 360;Línea;2;10;DE LUNES A VIERNES DE 10  A 14 H.Y DE 15 A 19 H SÁBADOS DE 10 A 14 H EXCEPTO CARGA Y DESCARGA MÁX 45 MINUTOS  1205041  ;-3.7059653060;40.3867635970
1206001;439620.1400000000;4470412.9400000000;13/09/24;12 Usera;126 Zofío;RAFAELA YBARRA, AVENIDA, DE;16;Carga y descarga 360;Línea;2;12;laborables de 8 a 14 h. y de 16,30 a 19 h. excepto carga y descarga MÁX 45 MINUTOS 1206001 ;-3.7113358120;40.3821189720
1206002;439620.1000000000;4470301.7400000000;13/09/24;12 Usera;126 Zofío;RAFAELA YBARRA, AVENIDA, DE;32;Carga y descarga 360;Línea;3;15;Laborables de 9 a 14 h. y de 16,30 a 20 h.Excepto Carga y Descarga Máx 45 minutos 1206002 ;-3.7113258420;40.3811178430
1206003;439571.5000000000;4470037.5400000000;28/10/25;12 Usera;126 Zofío;RAFAELA YBARRA, AVENIDA, DE;S/N;Carga y descarga 360;Línea;1;5;LAB. DE 8 A 17 H. EXCEPTO CARGA Y DESCARGA MÁX. 45 MINUTOS        1206003;-3.7118732460;40.3787341100
1206004;439467.1800000000;4470224.4200000000;28/10/25;12 Usera;126 Zofío;CERRO DE LOS ANGELES, AVENIDA, DEL;6;Carga y descarga 360;Línea;2;10;LAB.  DE 8 A 14 H. EXCEPTO  CARGA Y DESCARGA MÁX. 45 MINUTOS      1206004;-3.7131198880;40.3804096670
1206005;439604.4800000000;4470472.7000000000;28/10/25;12 Usera;126 Zofío;FORNILLOS, CALLE, DE;58;Carga y descarga 360;Línea;2;12;LAB. DE 8 A 14 H. Y DE 16:30 A 19 H. EXCEPTO  CARGA Y DESCARGA MÁX.45 MINUTOS    1206005;-3.7115259760;40.3826564640
1206006;439191.4700000000;4470352.8800000000;28/10/25;12 Usera;126 Zofío;JUAN ZOFIO, CALLE, DE;S/N;Carga y descarga 360;Batería;5;15;DE LUNES A VIERNES DE 9 A 12 H. EXCEPTO CARGA Y DESCARGA MÁX 45 MINUTOS    1206006;-3.7163798460;40.3815465300
1206007;439594.2700000000;4470187.4000000000;28/10/25;12 Usera;126 Zofío;MARINA VEGA, CALLE, DE;72;Carga y descarga 360;Línea;2;10;LAB. DE LUNES  A VIERNES DE 9 A 15 H. EXCEPTO CARGA Y DESCARGA MÁX.45 MINUTOS     1206007  ;-3.7116192540;40.3800854880
1206008;439445.3900000000;4470291.4400000000;28/10/25;12 Usera;126 Zofío;SILVIO ABAD, CALLE, DE;49;Carga y descarga 360;Batería;3;12;LAB. DE 8 A 20 H. EXCEPTO CARGA Y DESCARGA MÁX 45 MINUTOS   1206008;-3.7133828750;40.3810115020
1207001;440180.1600000000;4470155.1300000000;23/11/24;12 Usera;127 Pradolongo;CRISTO DE LA VICTORIA, CALLE, DEL;106;Carga y descarga 360;Línea;2;10,6;LABORABLES DE 8 A 14 H. Y DE 16,30 A 19 H. EXCEPTO. CARGA Y DESCARGA MÁXIMO 45 MINUTOS 1207001;-3.7047145390;40.3798373970
1207002;440289.9900000000;4470231.3000000000;23/11/24;12 Usera;127 Pradolongo;CRISTO DE LA VICTORIA, CALLE, DEL;92;Carga y descarga 360;Línea;2;11,8;LABORABLES DE 8 A 14 H. EXCEPTO CARGA Y DESCARGA 1207002 ;-3.7034278480;40.3805307910
1207003;440279.3000000000;4470209.6600000000;23/11/24;12 Usera;127 Pradolongo;CRISTO DE LA VICTORIA, CALLE, DEL;49;Carga y descarga 360;Línea;3;17,8;LABORABLES DE 8 A 14 H. EXCEPTO CARGA Y DESCARGA MÁXIMO 45 MINUTOS 1207003 ;-3.7035517790;40.3803356990
1207004;439869.0200000000;4470525.6500000000;25/11/24;12 Usera;127 Pradolongo;GABRIEL USERA, CALLE, DE;68;Carga y descarga 360;Línea;2;11;LAB. DE 9 A 20H. EXCEPTO CARGA Y DESCARGA MÁXIMO 45 MINUTOS 1207004;-3.7084147010;40.3831527600
1207005;439923.8900000000;4470543.5100000000;24/11/24;12 Usera;127 Pradolongo;ISABELITA USERA, CALLE, DE;33;Carga y descarga 360;Línea;3;15;LABORABLES DE 9 A 14 H  Y DE 16.30 A 20 H EXCEPTO CARGA Y DESCARGA MÁXIMO 45 MINUTOS 1207005;-3.7077698940;40.3833170270
1207006;439940.2900000000;4470363.4200000000;23/11/24;12 Usera;127 Pradolongo;ISABELITA USERA, CALLE, DE;58;Carga y descarga 360;Línea;2;10;LABORABLES DE 8 A 14 H. EXCEPTO CARGA Y DESCARGA MÁXIMO 45 MINUTOS 1207006;-3.7075597910;40.3816961300
1207007;439967.4700000000;4470212.4100000000;23/11/24;12 Usera;127 Pradolongo;ISABELITA USERA, CALLE, DE;73;Carga y descarga 360;Línea;2;10;LABORABLES DE 8 A 14 H.  Y DE 16,30 A 19 H.  EXCEPTO. CARGA Y DESCARGA MÁXIMO 45 MINUTOS. 1207007;-3.7072254120;40.3803377040
1207008;439971.6800000000;4470182.0500000000;25/11/24;12 Usera;127 Pradolongo;ISABELITA USERA, CALLE, DE;77;Carga y descarga 360;Línea;1;5,8;LAB. DE 7 A 15 H. MÁXIMO 45 MINUTOS EXCEPTO CARGA Y DESCARGA MÁX 45 MINUTOS 1207008;-3.7071729300;40.3800650330
1207009;439717.6900000000;4470749.8500000000;23/11/24;12 Usera;127 Pradolongo;MADRIDEJOS, CALLE, DE;20;Carga y descarga 360;Línea;3;15;LAB. DE 9 A 14H. Y DE 16.30 A 20 H. EXCEPTO CARGA Y DESCARGA MÁXIMO 45 MINUTOS. 1207009;-3.7102184870;40.3851612060
1207010;440026.9600000000;4470475.8200000000;25/11/24;12 Usera;127 Pradolongo;MARIANO USERA, CALLE, DE;3;Carga y descarga 360;Línea;2;10;LABORABLES DE 9 A 21: 00 H EXCEPTO CARGA Y DESCARGA MÁX 45 MINUTOS 1207010 ;-3.7065493800;40.3827151920
1207011;439724.8800000000;4470505.8900000000;24/11/24;12 Usera;127 Pradolongo;MARIANO VELA, CALLE, DE;54;Carga y descarga 360;Línea;2;10;LAB. DE 9 A 20H. EXCEPTO CARGA Y DESCARGA MÁXIMO 45 MINUTOS. 1207011;-3.7101107710;40.3829637990
1207012;439712.3000000000;4470554.6000000000;24/11/24;12 Usera;127 Pradolongo;MARIANO VELA, CALLE, DE;47;Carga y descarga 360;Línea;2;15;LAB. DE 8 A 14H. Y DE 16.30 A 19H. EXCEPTO CARGA Y DESCARGA MÁXIMO 45 MINUTOS. 1207012;-3.7102635210;40.3834024550
1207013;440045.5100000000;4470336.2400000000;23/11/24;12 Usera;127 Pradolongo;MIRAMADRID, CALLE, DE;8;Carga y descarga 360;Línea;2;13;LABORABLES DE 8 A 14 H. EXCEPTO CARGA Y DESCARGA MÁX 45 MINUTOS  1207013;-3.7063176750;40.3814592120
1207014;440057.9300000000;4470706.4300000000;05/12/24;12 Usera;127 Pradolongo;NICOLAS SANCHEZ, CALLE, DE;36;Carga y descarga 360;Línea;3;15;LAB. DE 8 A 20 H. EXCEPTO CARGA Y DESCARGA MÁXIMO 45 MINUTOS. 1207014;-3.7062062920;40.3847943990
1207015;440046.7300000000;4470794.4600000000;23/11/24;12 Usera;127 Pradolongo;NICOLAS SANCHEZ, CALLE, DE;22;Carga y descarga 360;Línea;2;10;LAB. DE 9 A 20:00 H. EXCEPTO CARGA Y DESCARGA MÁXIMO 45 MINUTOS. 1207015;-3.7063464950;40.3855865700
1207016;440077.0100000000;4470557.8100000000;23/11/24;12 Usera;127 Pradolongo;NICOLAS SANCHEZ, CALLE, DE;58;Carga y descarga 360;Línea;2;10;LAB. DE 8 A 14 H Y DE 16:30 A 19 H EXCEPTO CARGA Y DESCARGA MÁXIMO 45 MINUTOS. 1207016;-3.7059674260;40.3834569430
1207017;440159.5700000000;4470318.8300000000;23/11/24;12 Usera;127 Pradolongo;NICOLAS USERA, CALLE, DE;124 B;Carga y descarga 360;Línea;1;10,2;LAB. DE 9 A 17 H. EXCPETO CARGA Y DESCARGA MAXIMO 45 MINUTOS. 1207017;-3.7049723710;40.3813105860
1207018;439982.2700000000;4470755.7100000000;16/12/25;12 Usera;127 Pradolongo;ORTIZ CAMPOS, CALLE, DE;8;Carga y descarga;Línea;3;16,5;LABORABLES DE 8 A 14 H Y DE 16.30 A 19 H EXCEPTO CARGA Y DESCARGA MÁXIMO 45 MINUTOS. 1207018;-3.7071021120;40.3852334560
1207019;439819.2600000000;4470518.6400000000;24/11/24;12 Usera;127 Pradolongo;PERPETUA DIAZ, CALLE, DE;39;Carga y descarga 360;Línea;2;11;LAB. DE 9 A 14H. Y DE 16.30 A 20H. EXCEPTO CARGA Y DESCARGA MÁXIMO 45 MINUTOS. 1207019;-3.7090002070;40.3830859530
1207020;439620.1700000000;4470667.7800000000;25/11/24;12 Usera;127 Pradolongo;RAFAELA YBARRA, AVENIDA, DE;11;Carga y descarga 360;Línea;5;25;LAB. DE 8 A 14:00 H Y DE 16:30 A 19:00 H. EXCEPTO CARGA Y DESCARGA MÁX 45 MINUTOS 1207020 ;-3.7113595890;40.3844153300
1207021;439631.4900000000;4470550.3900000000;25/11/24;12 Usera;127 Pradolongo;RAFAELA YBARRA, AVENIDA, DE;33;Carga y descarga 360;Línea;3;18,5;DÍAS LABORABLES DE 8 A 17:00 H EXCEPTO CARGA Y DESCARGA MÁX 45 MINUTOS 1207021;-3.7112150890;40.3833585670
1207022;439632.1700000000;4470740.0400000000;26/11/24;12 Usera;127 Pradolongo;RODRIGO UHAGON, CALLE, DE;2;Carga y descarga 360;Línea;2;12;LAB. DE 8 A 14:00 H Y DE 16:30 A 19.00 H. EXCEPTO CARGA Y DESCARGA MÁX 45 MINUTOS 1207022;-3.7112250590;40.3850664390
1207023;439941.3300000000;4470409.3300000000;03/04/25;12 Usera;127 Pradolongo;ISABELITA USERA, CALLE, DE;49;Carga y descarga 360;Línea;3;15;LAB. DE LUNES A SÁBADO DE  8:00 A 14:00 H Y DE 16:00 A 20:00 H EXCEPTO CARGA Y DESCARGA MÁX. 45 MINUTOS  1207023 ;-3.7075517690;40.3821096330
 Sin Datos;443284.5600000000;4469860.8800000000;28/01/05;13 Puente de Vallecas;131 Entrevías;SERENA, CALLE, DE LA;270;Carga y descarga;Línea;4;18,5;LAB.DE 8 A 14 H. Y DE16,30 A 19 H. EXCEPTOCARGA Y DESCARGA;-3.6681190380;40.3774031860
 Sin Datos;443259.1600000000;4469904.4000000000;05/04/01;13 Puente de Vallecas;131 Entrevías;BENAMEJI, CALLE, DE;27;Carga y descarga;Línea;6;14,79;LAB.DE 8 A 14 H. Y DE 16,30 A 19 H. EXCEPTO CARGA Y DESCARGA ;-3.6684221900;40.3777934280
 Sin Datos;442903.5700000000;4470329.8400000000;01/11/19;13 Puente de Vallecas;131 Entrevías;LAGARTERA, CALLE, DE LA;21;Carga y descarga;Línea;2;10;LABORABLES DE LUNES A SÁBADO DE 8 A 14:30 H. EXCEPTO CARGA Y DESCARGA;-3.6726488990;40.3816023940
 Sin Datos;443027.8100000000;4470339.3200000000;02/02/23;13 Puente de Vallecas;131 Entrevías;CALERO PITA, CALLE, DE;38;Carga y descarga;Línea;3;16; Lab de L a V de 8 a 14,00 y de 16,30 a 19,00 horas. Sábados de 8 a 14,00 excepto CyD el linea  ;-3.6711861950;40.3816959580
 Sin Datos;443119.6200000000;4469452.1700000000;10/12/15;13 Puente de Vallecas;131 Entrevías;IBOR, CALLE, DEL;4 A;Carga y descarga;Batería;3;8;LABORABLES DE 8 A 14 H Y DE 16:30 A 19 H EXCEPTO CARGA Y DESCARGA;-3.6700255550;40.3737105880
 Sin Datos;443186.8200000000;4469940.3300000000;23/06/20;13 Puente de Vallecas;131 Entrevías;CAMPIÑA, CALLE, DE LA;20;Carga y descarga;Batería;2;8,67;LAB. DE 8 A 14 H EXCEPTO CARGA Y DESCARGA;-3.6692774440;40.3781122790
 Sin Datos;443214.0300000000;4469984.2000000000;23/06/20;13 Puente de Vallecas;131 Entrevías;PEDROCHES, CALLE, DE;12;Carga y descarga;Línea;1;7,5;LAB. DE 8 A 14 H EXCEPTO CARGA Y DESCARGA;-3.6689608270;40.3785097390
 Sin Datos;443014.0900000000;4470467.4900000000;27/01/05;13 Puente de Vallecas;131 Entrevías;MIGUEL DE LA ROCA, CALLE, DE;18;Carga y descarga;Línea;3;15;LAB.DE 8 A 14 H. Y DE 16,30 A 19 H.EXCEPTO CARGA Y DESCARGA ;-3.6713594000;40.3828495510
 Sin Datos;443492.1400000000;4470048.0100000000;01/01/00;13 Puente de Vallecas;131 Entrevías;SERENA, CALLE, DE LA;2;Carga y descarga;Batería;3;7;LABORABLES DE 8 A 14 H. Y DE 16,30 A 19 H. EXCEPTO CARGA Y DESCARGA;-3.6656905560;40.3791030940
 Sin Datos;442955.0000000000;4470669.2600000000;23/11/17;13 Puente de Vallecas;131 Entrevías;CONDE RODRIGUEZ SAN PEDRO, CALLE, DEL;39;Carga y descarga;Línea;5;9,89;LABORABLES DE 7:30 A 20:00 H EXCEPTO CARGA Y DESCARGA;-3.6720735350;40.3846636500
 Sin Datos;443028.8800000000;4470605.8200000000;15/09/23;13 Puente de Vallecas;131 Entrevías;CONDE RODRIGUEZ SAN PEDRO, CALLE, DEL;47;Carga y descarga;Línea;3;15;LAB. DE LUNES A SÁBADO DE 8 A 14:30 H MÁX. 45 MINUTOS EXCEPTO CARGA Y DESCARGA ;-3.6711974250;40.3840972240
 Sin Datos;443853.8900000000;4469186.4200000000;26/12/23;13 Puente de Vallecas;131 Entrevías;CABO DE TARIFA, CALLE, DEL;2;Carga y descarga;Batería;2;4;LAB. DE LUNES A VIERNES DE 9:00 A 14:00 H. EXCEPTO CARGA Y DESCARGA;-3.6613532650;40.3713655290
 Sin Datos;442985.4000000000;4470466.4700000000;21/12/16;13 Puente de Vallecas;131 Entrevías;SIERRA DE CONTRAVIESA, CALLE, DE LA;34;Carga y descarga;Línea;2;15;LABORABLES DE 8:00 A 17:00 H EXCEPTO CARGA Y DESCARGA EN LINEA;-3.6716972160;40.3828383780
 Sin Datos;443259.8500000000;4471924.6900000000;20/10/03;13 Puente de Vallecas;132 San Diego;MONTE IGUELDO, AVENIDA, DEL;20;Carga y descarga;Línea;2;9;LAB.DE 8 A 14 H. Y DE 16,30 A 19 H.EXCEPTO CARGA Y DESCARGA;-3.6685939620;40.3959932600
 Sin Datos;443197.0200000000;4471768.7000000000;05/10/09;13 Puente de Vallecas;132 San Diego;MONTE IGUELDO, AVENIDA, DEL;42;Carga y descarga;Línea;2;9,6;LAB.DE 8 A 14 H. Y DE 16,30 A 19 H. EXCEPTO CARGA Y DESCARGA ;-3.6693204150;40.3945839560
 Sin Datos;443181.1000000000;4471719.7200000000;05/10/09;13 Puente de Vallecas;132 San Diego;MONTE IGUELDO, AVENIDA, DEL;50;Carga y descarga;Línea;1;8;LAB.DE 8 A 14 H. Y DE 16,30 A 19 H.EXCEPTO CARGA Y DESCARGA;-3.6695035330;40.3941419190
 Sin Datos;443132.2400000000;4471561.7700000000;05/10/09;13 Puente de Vallecas;132 San Diego;MONTE IGUELDO, AVENIDA, DEL;74;Carga y descarga;Línea;3;15;LAB.DE 8 A 14 H. Y DE 16,30 A 19 H.EXCEPTO CARGA Y DESCARGA;-3.6700652030;40.3927154260
 Sin Datos;443361.4700000000;4471820.4000000000;21/03/01;13 Puente de Vallecas;132 San Diego;MARTINEZ DE LA RIVA, CALLE, DE;11;Carga y descarga;Línea;11;58,96;EXCEPTO CARGA Y DESCARGAEN LINEALAB. DE 8 A 17 HRESTO DIAS Y HORASEN BATERIA;-3.6673873130;40.3950614010
 Sin Datos;443021.5400000000;4471763.9600000000;04/08/03;13 Puente de Vallecas;132 San Diego;PEÑA UBIÑA, CALLE, DE LA;2;Carga y descarga;Línea;2;7,99;LAB.DE 8 A 14 H. Y DE 16,30 A 19 H. EXCEPTO CARGA Y DESCARGA ;-3.6713874750;40.3945297540
 Sin Datos;443348.6400000000;4471914.7200000000;11/07/07;13 Puente de Vallecas;132 San Diego;PEÑA GORBEA, CALLE, DE LA;9;Carga y descarga;Línea;2;10,6;LABORABLES DE 9 A 19 H.EXCEPTO CARGA Y DESCARGA;-3.6675469390;40.3959098950
 Sin Datos;443589.5900000000;4471630.2900000000;12/03/01;13 Puente de Vallecas;132 San Diego;ARROYO DEL OLIVAR, CALLE, DEL;16;Carga y descarga;Línea;3;15,1;LAB.DE 8 A 14 H. Y DE 16,30 A 19 H. EXCEPTO CARGA Y DESCARGA ;-3.6646826090;40.3933644720
 Sin Datos;443416.9500000000;4471615.9700000000;01/03/10;13 Puente de Vallecas;132 San Diego;CACHERO, CALLE, DEL;12;Carga y descarga;Batería;5;15;LAB.DE 8 A 14 H. Y DE 16,30 A 19 H. EXCEPTO CARGA Y DESCARGA;-3.6667155200;40.3932236390
 Sin Datos;443501.3500000000;4471830.6900000000;12/03/07;13 Puente de Vallecas;132 San Diego;PUERTO DEL MONASTERIO, CALLE, DEL;1;Carga y descarga;Línea;1;8,56;LABORABLES DE 8 A 20 H.EXCEPTO CARGA Y DESCARGA;-3.6657400600;40.3951635030
 Sin Datos;443089.9300000000;4471424.4500000000;05/10/09;13 Puente de Vallecas;132 San Diego;MONTE IGUELDO, AVENIDA, DEL;90;Carga y descarga;Línea;1;7,9;LAB. DE 8 A 14 H. Y DE16,30 A 19 H. EXCEPTOCARGA Y DESCARGA;-3.6705514730;40.3914759460
 Sin Datos;443369.0700000000;4471277.1200000000;24/01/05;13 Puente de Vallecas;132 San Diego;PARROCO DON EMILIO FRANCO, CALLE, DEL;56;Carga y descarga;Línea;1;8;LAB. DE 8 A 14 H. Y DE16,30 A 19 H. EXCEPTOCARGA Y DESCARGA;-3.6672494600;40.3901675970
 Sin Datos;443313.8800000000;4471041.2300000000;30/03/05;13 Puente de Vallecas;132 San Diego;MAESE NICOLAS, CALLE, DE;17;Carga y descarga;Línea;2;10;CARGA Y DESCARGA DE 9 A 19 H.DE LUNES A VIERNES. EXCEPTOFESTIVOS;-3.6678787390;40.3880383710
 Sin Datos;443164.5800000000;4471302.7700000000;28/07/05;13 Puente de Vallecas;132 San Diego;CORRAL DE CANTOS, CALLE, DEL;10;Carga y descarga;Línea;2;10;EXCEPTO CARGA Y DESCARGA DE 9:00 A 18:00 H.;-3.6696610390;40.3903849770
 Sin Datos;443084.1300000000;4471017.0700000000;12/03/07;13 Puente de Vallecas;132 San Diego;SIERRA DE LA SOLANA, CALLE, DE LA;13;Carga y descarga;Línea;2;10,09;LABORABLES DE 9 A 16 H.EXCEPTO CARGA Y DESCARGA;-3.6705832720;40.3878055210
 Sin Datos;443513.6200000000;4471343.3400000000;21/01/05;13 Puente de Vallecas;132 San Diego;EDUARDO REQUENAS, CALLE, DE;3;Carga y descarga;Línea;4;20;LAB.DE 8 A 14 H. Y DE16,30 A 19 H. EXCEPTOCARGA Y DESCARGA;-3.6655522440;40.3907737290
 Sin Datos;443503.9500000000;4471458.9500000000;15/10/01;13 Puente de Vallecas;132 San Diego;MARTINEZ DE LA RIVA, CALLE, DE;52;Carga y descarga;Línea;3;13,9;LAB.DE 8 A 14 H. Y DE 16,30 A 19 H. EXCEPTO CARGA Y DESCARGA;-3.6656764610;40.3918147930
 Sin Datos;443521.0700000000;4471391.0900000000;12/09/05;13 Puente de Vallecas;132 San Diego;MARTINEZ DE LA RIVA, CALLE, DE;60;Carga y descarga;Línea;1;8,5;LAB.DE 8 A 14 H. Y DE 16,30 A 19 H. EXCEPTO CARGA Y DESCARGA;-3.6654688210;40.3912045930
 Sin Datos;443544.8100000000;4471300.5100000000;15/10/01;13 Puente de Vallecas;132 San Diego;MARTINEZ DE LA RIVA, CALLE, DE;70;Carga y descarga;Línea;3;15;LAB.DE 8 A 14 H. Y DE 16,30 A 19 H. EXCEPTO CARGA Y DESCARGA ;-3.6651810250;40.3903899050
 Sin Datos;443556.1400000000;4471258.2700000000;21/01/05;13 Puente de Vallecas;132 San Diego;MARTINEZ DE LA RIVA, CALLE, DE;72;Carga y descarga;Línea;2;9;LAB.DE 8 A 14 H. Y DE 16,30 A 19 H. EXCEPTO CARGA Y DESCARGA ;-3.6650437440;40.3900101480
 Sin Datos;443570.2600000000;4471202.9300000000;19/09/06;13 Puente de Vallecas;132 San Diego;MARTINEZ DE LA RIVA, CALLE, DE;78;Carga y descarga;Línea;3;16;LAB.DE 8 A 14 H. Y DE 16,30 A 19 H. EXCEPTO CARGA Y DESCARGA ;-3.6648726010;40.3895124200
 Sin Datos;443561.2500000000;4471118.7700000000;28/09/05;13 Puente de Vallecas;132 San Diego;PUERTO DE ARLABAN, CALLE, DEL;7;Carga y descarga;Línea;2;12;LABORABLES DE 7:30 A 16 H.EXCEPTO CARGA Y DESCARGA;-3.6649712650;40.3887543970
 Sin Datos;443051.6900000000;4471870.5900000000;01/07/10;13 Puente de Vallecas;132 San Diego;PEÑA UBIÑA, CALLE, DE LA;8 B;Carga y descarga;Línea;1;10,01;LAB.DE 8 A 14 H. Y DE 16,30 A 19 H. EXCEPTO CARGA Y DESCARGA;-3.6710417530;40.3954919790
 Sin Datos;443266.3800000000;4470917.2100000000;09/03/15;13 Puente de Vallecas;132 San Diego;SAN DIEGO, AVENIDA, DE;94;Carga y descarga;Línea;1;14;LABORABLES DE 8 A 17 H.EXCEPTO CARGA Y DESCARGA;-3.6684273460;40.3869184110
 Sin Datos;443480.2000000000;4471901.0500000000;09/05/18;13 Puente de Vallecas;132 San Diego;LOMAS DE HORCAJO, CALLE, DE LAS;4;Carga y descarga;Línea;1;9;LAB.DE 8 A 14 H. Y DE 16,30 A 19 H. EXCEPTO CARGA Y DESCARGA ;-3.6659955410;40.3957959330
 Sin Datos;443308.4900000000;4470881.9400000000;30/09/11;13 Puente de Vallecas;132 San Diego;SAN DIEGO, AVENIDA, DE;63;Carga y descarga;Línea;2;10; 'De lunes a viernes de 8 a 16 horas de septiembre a junio excepto carga y descarga' ;-3.6679280130;40.3866030550
 Sin Datos;443541.5600000000;4471157.1000000000;29/07/16;13 Puente de Vallecas;132 San Diego;PALOMERAS, CALLE, DE LAS;Fte 47;Carga y descarga;Línea;3;15;LAB.DE 8 A 14 H. Y DE 16,30 A 21 H. EXCEPTO CARGA Y DESCARGA ;-3.6652065790;40.3890975980
 Sin Datos;443320.8800000000;4471862.6300000000;17/06/20;13 Puente de Vallecas;132 San Diego;MARTINEZ DE LA RIVA, CALLE, DE;3;Carga y descarga;Batería;9;44;EXCEPTO CARGA Y DESCARGA EN LINEA LAB. DE 8 A 17 H RESTO DIAS Y HORAS EN BATERIA ;-3.6678694000;40.3954390950
 Sin Datos;443285.7700000000;4470494.1600000000;26/08/04;13 Puente de Vallecas;132 San Diego;IMAGEN, CALLE, DE LA;32;Carga y descarga;Línea;3;16;LAB.DE 8 A 14 H. Y DE16,30 A 19 H. EXCEPTOCARGA Y DESCARGA;-3.6681612070;40.3831088140
 Sin Datos;443115.5500000000;4470881.5000000000;06/07/10;13 Puente de Vallecas;132 San Diego;MARIANO BENLLIURE, CALLE, DE;24;Carga y descarga;Línea;2;10;LABORABLES DE 9 A 14 Y DE 16 A 20,30 H.EXCEPTO CARGA Y DESCARGA;-3.6702010520;40.3865866680
 Sin Datos;443456.6400000000;4470823.8800000000;25/01/05;13 Puente de Vallecas;132 San Diego;CARLOS MARTIN ALVAREZ, CALLE, DE;71;Carga y descarga;Línea;5;25;LAB.DE 8 A 14 H. Y DE 16,30 A 19 H. EXCEPTOCARGA Y DESCARGA;-3.6661775130;40.3860908300
 Sin Datos;443464.5600000000;4470854.2500000000;23/05/06;13 Puente de Vallecas;132 San Diego;CARLOS MARTIN ALVAREZ, CALLE, DE;92;Carga y descarga;Línea;3;18;LAB.DE 8 A 14 H. Y DE  16,30 A 19 H. EXCEPTO CARGA Y DESCARGA ;-3.6660869850;40.3863644750
 Sin Datos;443435.4500000000;4470695.0800000000;07/06/06;13 Puente de Vallecas;132 San Diego;IMAGEN, CALLE, DE LA;3;Carga y descarga;Línea;9;47,2;lab. de 9 a 20 h.excepto: [CARGA Y DESCARGA];-3.6664157490;40.3849288720
 Sin Datos;443385.5500000000;4470737.3900000000;25/01/05;13 Puente de Vallecas;132 San Diego;DOCTOR BELLIDO, CALLE, DEL;4;Carga y descarga;Línea;6;30;LAB. DE 7 A 14 H Y DE 16,30 A 19 H. EXCEPTO CARGA Y DESCARGA;-3.6670073850;40.3853065660
 Sin Datos;443489.7800000000;4470673.6000000000;25/01/05;13 Puente de Vallecas;132 San Diego;SAN DIEGO, AVENIDA, DE;132;Carga y descarga;Línea;2;9,66;LAB.DE 8 A 14 H. Y DE  16,30 A 19 H. EXCEPTO CARGA Y DESCARGA ;-3.6657738640;40.3847386500
 Sin Datos;443402.4700000000;4470647.7200000000;25/01/05;13 Puente de Vallecas;132 San Diego;IMAGEN, CALLE, DE LA;9;Carga y descarga;Línea;4;22;lab. de 8 a 14h.y de 16,30 a 19h.excepto: carga y              descarga;-3.6668000890;40.3844997840
 Sin Datos;443534.8700000000;4470942.2500000000;20/04/07;13 Puente de Vallecas;132 San Diego;CARLOS MARTIN ALVAREZ, CALLE, DE;47;Carga y descarga;Línea;3;15,1;LAB.DE 8 A 14 H. Y DE  16,30 A 19 H. EXCEPTO CARGA Y DESCARGA;-3.6652663950;40.3871624330
 Sin Datos;443527.9300000000;4470575.5900000000;30/11/07;13 Puente de Vallecas;132 San Diego;CARLOS AURIOLES, CALLE, DE;1;Carga y descarga;Línea;3;15;LAB.DE 8 A 14 H. Y DE  16,30 A 19 H. EXCEPTO CARGA Y DESCARGA;-3.6653156120;40.3838587590
 Sin Datos;443358.5200000000;4470347.1500000000;18/11/09;13 Puente de Vallecas;132 San Diego;CARLOS AURIOLES, CALLE, DE;35;Carga y descarga;Batería;2;10,8;LABORABLES DE 9 A 18 H.EXCEPTO CARGA Y DESCARGA;-3.6672910560;40.3817893500
 Sin Datos;443636.4300000000;4470435.0600000000;05/09/05;13 Puente de Vallecas;132 San Diego;SAN DIEGO, AVENIDA, DE;113;Carga y descarga;Línea;3;17;LAB. DE 8 A 14 H. Y DE 16,30 A 19 H. EXCEPTO CARGA Y DESCARGA EN LINEA;-3.6640250820;40.3825996840
 Sin Datos;443235.3800000000;4470487.0700000000;05/06/12;13 Puente de Vallecas;132 San Diego;PUERTO DE BALBARAN, CALLE, DEL;31;Carga y descarga;Línea;3;15;LABORABLES DE 8 A 14H Y DE 16 A 20H EXCEPTO CARGA Y DESCARGA;-3.6687541610;40.3830408040
 Sin Datos;443371.5000000000;4470556.4000000000;04/10/12;13 Puente de Vallecas;132 San Diego;PUERTO DE MORCUERA, CALLE, DEL;12;Carga y descarga;Línea;2;10;Lab de 8 a 14 h y de 17 a 20 h. Excepto carga y descarga;-3.6671567550;40.3836753550
 Sin Datos;443477.4100000000;4470751.8700000000;25/04/19;13 Puente de Vallecas;132 San Diego;PUERTO DE LA BONAIGUA, CALLE, DEL;58;Carga y descarga;Línea;3;15;;-3.6659265000;40.3854429300
 Sin Datos;443488.9100000000;4471688.5100000000;21/05/19;13 Puente de Vallecas;132 San Diego;ARROYO DEL OLIVAR, CALLE, DEL;6;Carga y descarga;Batería;1;8;LABORABLES DE LUNES A VIERNES DE 8 A 14 H Y DE 16:30 A 19 H SÁBADOS DE 8 A 15 H EXCEPTO CARGA Y DESCARGA EN LÍNEA ;-3.6658741890;40.3938819680
 Sin Datos;443188.0400000000;4471321.5300000000;15/07/19;13 Puente de Vallecas;132 San Diego;SIERRA DE ALCARAZ, CALLE, DE LA;2;Carga y descarga;Línea;2;10;DE 9:00 A 18:00 H EXCEPTO CARGA Y DESCARGA ;-3.6693861910;40.3905550310
 Sin Datos;443578.3600000000;4470518.5400000000;30/07/19;13 Puente de Vallecas;132 San Diego;SAN DIEGO, AVENIDA, DE;148;Carga y descarga;Línea;3;15,4;LABORABLES DE LUNES A VIERNES DE 8:00 A 14:00 H Y DE 16:30 A 19:00 H Y SÁBADOS DE 8:00 A 15:00 H EXCEPTO CARGA Y DESCARGA;-3.6647164130;40.3833480810
 Sin Datos;443454.6800000000;4471918.3400000000;16/02/24;13 Puente de Vallecas;132 San Diego;LOMAS DE HORCAJO, CALLE, DE LAS;2;Carga y descarga;Línea;1;6;DE LUNES A SÁBADO DE 8 A 14 Y DE 16 A 20 H. EXCEPTO CARGA Y DESCARGA  ;-3.6662977770;40.3959498870
 Sin Datos;443222.4200000000;4471079.1500000000;05/06/24;13 Puente de Vallecas;132 San Diego;MANUEL MAROTO, CALLE, DE;30;Carga y descarga;Línea;1;7,5;LAB. DE LUNES A SÁBADOS DE 8 A 14:30 H MÁX 45 MINUTOS EXCEPTO CARGA Y DESCARGA ;-3.6689595090;40.3883737230
 Sin Datos;443300.4600000000;4472006.5800000000;10/05/99;13 Puente de Vallecas;132 San Diego;MONTE IGUELDO, AVENIDA, DEL;12;Carga y descarga;Línea;1;4,2;LAB.DE 8 A 14 H. YDE 16,30 A19 H. EXCEPTOCARGA Y DESCARGA;-3.6681227620;40.3967342090
 Sin Datos;443336.8600000000;4472063.5800000000;01/01/00;13 Puente de Vallecas;132 San Diego;MONTE IGUELDO, AVENIDA, DEL;2;Carga y descarga;Línea;2;10,9;LAB. DE 8 A 14H Y DE 16:30 A 19 H EXCEPTO CARGA Y DESCARGA;-3.6676990020;40.3972497560
 Sin Datos;443211.7900000000;4472037.1500000000;22/11/05;13 Puente de Vallecas;132 San Diego;PINTORA ANGELES SANTOS, CALLE, DE LA;1;Carga y descarga;Línea;2;10,4;DE 9 A 19 H. EXCEPTO CARGA Y DESACARGA;-3.6691703010;40.3970040150
 Sin Datos;443116.7700000000;4471510.7400000000;18/10/16;13 Puente de Vallecas;132 San Diego;MONTE IGUELDO, AVENIDA, DEL;82;Carga y descarga;Línea;4;11,37;LAB.DE 8 A 14 H. Y DE 16,30 A 19 H. EXCEPTO CARGA Y DESCARGA;-3.6702428780;40.3922545390
 Sin Datos;443252.7800000000;4472117.7900000000;27/10/16;13 Puente de Vallecas;132 San Diego;MELQUIADES BIENCINTO, CALLE, DE;1;Carga y descarga;Línea;2;10;LAB. DE 8 A 14H Y DE 16:30 A 19 H EXCEPTO CARGA Y DESCARGA;-3.6686945160;40.3977330460
 Sin Datos;443241.7700000000;4472103.3000000000;27/10/16;13 Puente de Vallecas;132 San Diego;MELQUIADES BIENCINTO, CALLE, DE;3;Carga y descarga;Línea;2;10;LAB. DE 8 A 14H Y DE 16:30 A 19 H EXCEPTO CARGA Y DESCARGA;-3.6688229740;40.3976011510
 Sin Datos;443330.9700000000;4472053.8300000000;27/10/16;13 Puente de Vallecas;132 San Diego;MONTE IGUELDO, AVENIDA, DEL;6;Carga y descarga;Línea;2;10;LAB. DE 8 A 14H Y DE 16:30 A 19 H EXCEPTO CARGA Y DESCARGA;-3.6677675850;40.3971620370
 Sin Datos;443620.6400000000;4471856.2600000000;27/10/16;13 Puente de Vallecas;132 San Diego;PUERTO DE PAJARES, CALLE, DEL;4;Carga y descarga;Línea;5;35;LAB. DE 8 A 14H Y DE 16:30 A 19 H EXCEPTO CARGA Y DESCARGA;-3.6643368860;40.3954015090
 Sin Datos;443770.1800000000;4471761.9700000000;27/10/16;13 Puente de Vallecas;132 San Diego;SIERRA CARBONERA, CALLE, DE LA;1;Carga y descarga;Línea;6;22;LAB. DE 8 A 14H Y DE 16:30 A 19 H EXCEPTO CARGA Y DESCARGA;-3.6625665610;40.3945628140
 Sin Datos;443127.4600000000;4471634.3800000000;28/11/16;13 Puente de Vallecas;132 San Diego;FELISA MENDEZ, CALLE, DE;3;Carga y descarga;Línea;1;10,7;LAB. DE 8 A 15 H EXCEPTO CARGA Y DESCARGA;-3.6701279990;40.3933698010
 Sin Datos;443274.8400000000;4471144.2900000000;17/12/25;13 Puente de Vallecas;132 San Diego;MANUEL MAROTO, CALLE, DE;18;Carga y descarga;Línea;3;15;LAB. DE LUNES A SÁBADOS DE 8 A 17 H. EXCEPTO CARGA Y DESCARGA MÁXIMO  45 MINUTOS;-3.6683478200;40.3889640420
 Sin Datos;443749.5400000000;4471427.4900000000;21/01/05;13 Puente de Vallecas;133 Palomeras Bajas;RODRIGUEZ ESPINOSA, CALLE, DE;13;Carga y descarga;Línea;4;20,1;EXCEPTO CARGA Y DESCARGASERVICIOS PARQUE DE DESINFECCIONLABORABLES DE 8 A 15 H;-3.6627801600;40.3915476230
 Sin Datos;443895.0200000000;4471433.8500000000;25/06/07;13 Puente de Vallecas;133 Palomeras Bajas;ARROYO DEL OLIVAR, CALLE, DEL;68;Carga y descarga;Línea;1;14;LAB.DE 8 A 14 H. Y DE 16,30 A 19 H. EXCEPTO CARGA Y DESCARGA;-3.6610666720;40.3916153470
 Sin Datos;443733.0400000000;4471265.0700000000;06/08/13;13 Puente de Vallecas;133 Palomeras Bajas;CARLOS MARTIN ALVAREZ, CALLE, DE;17;Carga y descarga;Línea;2;13;Laborables de 8 a 14 horas. Excepto CARGA Y DESCARGA;-3.6629602400;40.3900832580
 Sin Datos;444509.2700000000;4470961.9500000000;26/04/10;13 Puente de Vallecas;133 Palomeras Bajas;PUERTO DE CARDOSO, CALLE, DEL;2;Carga y descarga;Línea;6;36,1;LAB. DE 8 A 14 H. Y DE 16,30 A 19 H.EXCEPTO CARGA Y DESCARGA;-3.6537885040;40.3874053100
 Sin Datos;444543.5500000000;4471049.6700000000;27/02/03;13 Puente de Vallecas;133 Palomeras Bajas;ARROYO DEL OLIVAR, CALLE, DEL;152;Carga y descarga;Línea;3;15;lab. de 8 a 14 h. excepto: [CARGA Y DESCARGA];-3.6533922460;40.3881975390
 Sin Datos;443727.1500000000;4470737.0200000000;19/02/09;13 Puente de Vallecas;133 Palomeras Bajas;HERMANOS TRUEBA, CALLE, DE LOS;17;Carga y descarga;Línea;2;10;lab. de 9 a 20 h. excepto: [CARGA Y DESCARGA];-3.6629830440;40.3853258740
 Sin Datos;444529.9100000000;4470929.4500000000;15/03/10;13 Puente de Vallecas;133 Palomeras Bajas;PALOMERAS, AVENIDA, DE LAS;101;Carga y descarga;Línea;6;33;LAB. DE 8 A 14 H. Y DE 16,30 A 19 H. EXCEPTO CARGA Y DESCARGA;-3.6535425330;40.3871139610
 Sin Datos;444564.9800000000;4470247.4900000000;19/04/07;13 Puente de Vallecas;133 Palomeras Bajas;BUENOS AIRES, AVENIDA, DE;87;Carga y descarga;Línea;2;10;LABORABLES DE 8 A 14 Y DE  16,30 A 19 H. EXCEPTO  CARGA Y DESCARGA;-3.6530699570;40.3809728280
 Sin Datos;443671.1200000000;4470030.7500000000;13/07/12;13 Puente de Vallecas;133 Palomeras Bajas;PUERTO DE BALBARAN, CALLE, DEL;115;Carga y descarga;Línea;3;15;LABORABLES DE 8 A 14 H Y DE 16.30 A 19 HORAS EXCEPTO CARGA Y DESCARGA EN LÍNEA;-3.6635805820;40.3789603130
 Sin Datos;444204.0900000000;4471154.6400000000;25/11/21;13 Puente de Vallecas;133 Palomeras Bajas;ALCALA DE GUADAIRA, CALLE, DE;41;Carga y descarga;Batería;4;12;LAB. DE 8 A 17  H. EXCEPTO CARGA Y DESCARGA;-3.6574008310;40.3891205170
 Sin Datos;444168.2900000000;4471241.9800000000;25/11/23;13 Puente de Vallecas;133 Palomeras Bajas;ALCALA DE GUADAIRA, CALLE, DE;8;Carga y descarga;Batería;6;16;LAB. DE LUNES A SÁBADOS DE 8 A 20 H. EXCEPTO CARGA Y DESCARGA;-3.6578301480;40.3899047810
 Sin Datos;443959.8000000000;4471612.4700000000;27/10/16;13 Puente de Vallecas;133 Palomeras Bajas;SIERRA DE CADI, CALLE, DE LA;4;Carga y descarga;Línea;3;18,51;LAB. DE 8 A 14H Y DE 16:30 A 19 H EXCEPTO CARGA Y DESCARGA;-3.6603192490;40.3932287960
 Sin Datos;443809.6100000000;4471375.4000000000;26/08/25;13 Puente de Vallecas;133 Palomeras Bajas;CARLOS MARTIN ALVAREZ, CALLE, DE;7;Carga y descarga;Línea;2;10;LABORABLES DE 8 A 18 H. EXCEPTO CARGA Y DESCARGA;-3.6620678580;40.3910827830
 Sin Datos;446360.7400000000;4470357.7000000000;25/02/20;13 Puente de Vallecas;134 Palomeras Sureste;COCHERON DE LA VILLA, CALLE, DEL;17;Carga y descarga;Línea;1;7,5;LAB. DE LUNES A SÁBADO DE 8 A 14:30 H. EXCEPTO CARGA Y DESCARGA;-3.6319250070;40.3820825320
 Sin Datos;446453.0400000000;4470381.9300000000;25/02/20;13 Puente de Vallecas;134 Palomeras Sureste;COCHERON DE LA VILLA, CALLE, DEL;S/N;Carga y descarga;Línea;2;10;LAB. DE LUNES A SÁBADO DE 8 A 14:30 H. EXCEPTO CARGA Y DESCARGA;-3.6308397110;40.3823069030
 Sin Datos;444649.8100000000;4470163.3800000000;23/11/22;13 Puente de Vallecas;134 Palomeras Sureste;VILLALOBOS, CALLE, DE;42;Carga y descarga;Batería;3;15;laborables de lunes a sábado de 8 a 14:30 h. “Máximo 30 minutos” excepto Carga y Descarga;-3.6520634420;40.3802200760
 Sin Datos;445561.2400000000;4471328.7500000000;12/05/14;13 Puente de Vallecas;134 Palomeras Sureste;ANTONIO MAIRENA, CALLE, DE;3;Carga y descarga;Batería;5;14,55;LAB. DE 8 A 14 H. EXCEPTO CARGA Y DESCARGA;-3.6414263660;40.3907787710
 Sin Datos;445703.3100000000;4471140.6000000000;16/06/06;13 Puente de Vallecas;134 Palomeras Sureste;SAN CLAUDIO, CALLE, DE;150;Carga y descarga;Línea;3;15;DE 9 A 14 H Y DE 16.30 A 20 HEXCEPTO CARGA Y DESCARGA;-3.6397364850;40.3890928430
 Sin Datos;446764.0500000000;4471055.8700000000;25/01/05;13 Puente de Vallecas;134 Palomeras Sureste;CAMPUS SUR, AVENIDA, DEL;7;Carga y descarga;Línea;1;5;EXCEPTO CARGA Y DESCARGA;-3.6272322540;40.3883981310
 Sin Datos;446892.2000000000;4470592.7300000000;12/03/07;13 Puente de Vallecas;134 Palomeras Sureste;ARBOLEDA, CALLE, DE LA;4 D;Carga y descarga;Línea;6;17,74;LABORABLES DE 8 A 20 H.EXCEPTO CARGA Y DESCARGA;-3.6256838930;40.3842337020
 Sin Datos;445068.8900000000;4470559.1000000000;01/03/10;13 Puente de Vallecas;134 Palomeras Sureste;CAMPO DE LA PALOMA, CALLE, DEL;18 posterior;Carga y descarga;Línea;3;16;LABORABLES DE 8 A 15 H. EXCEPTO CARGA Y DESCARGA;-3.6471608140;40.3838134380
 Sin Datos;445466.4000000000;4470541.7400000000;26/05/11;13 Puente de Vallecas;134 Palomeras Sureste;BENAMARGOSA, CALLE, DE;1;Carga y descarga;Línea;3;15;LABORABLES DE 8 A 14 H. Y DE 16,30 A 19 H. EXCEPTO CARGA Y DESCARGA;-3.6424764260;40.3836825740
 Sin Datos;445518.6500000000;4470594.1400000000;09/07/07;13 Puente de Vallecas;134 Palomeras Sureste;RINCON DE LA VICTORIA, CALLE, DEL;3;Carga y descarga;Línea;7;38;EXCEPTO CARGA Y DESCARGALABORABLES DE 8:00 A 20:00 H.Y SABADOS DE 9:00 A 14:00 H.;-3.6418653670;40.3841578430
 Sin Datos;445790.9500000000;4470935.5300000000;21/01/05;13 Puente de Vallecas;134 Palomeras Sureste;LEON FELIPE, CALLE, DE;4 C;Carga y descarga;Línea;3;16,35;LAB.DE 9 A 14H.EXCEPTO CARGA Y DESCARGA;-3.6386864820;40.3872515280
 Sin Datos;445588.4600000000;4470629.2500000000;17/08/07;13 Puente de Vallecas;134 Palomeras Sureste;TORREMOLINOS, CALLE, DE;4;Carga y descarga;Batería;2;8,62;LABORABLES DE 9 A 19 H.EXCEPTO CARGA Y DESCARGA;-3.6410459800;40.3844794440
 Sin Datos;445665.4900000000;4470583.2000000000;09/07/07;13 Puente de Vallecas;134 Palomeras Sureste;TORREMOLINOS, CALLE, DE;12;Carga y descarga;Batería;6;15;EXCEPTO CARGA Y DESCARGALABORABLES DE 8:00 A 20:00 H.Y SABADOS DE 9:00 A 14:00 H.;-3.6401345760;40.3840694350
 Sin Datos;445674.2500000000;4470882.0200000000;09/07/07;13 Puente de Vallecas;134 Palomeras Sureste;COIN, CALLE, DE;9;Carga y descarga;Batería;4;9,84;EXCEPTO CARGA Y DESCARGALABORABLES DE 8:00 A 20:00 H.Y DE 16:30 A 19:00 H.;-3.6400568250;40.3867613630
 Sin Datos;445879.0200000000;4470809.1100000000;14/06/10;13 Puente de Vallecas;134 Palomeras Sureste;ALBUFERA, AVENIDA, DE LA;300;Carga y descarga;Línea;3;16,97;LAB.DE 8 A 14 H. Y DE 16,30 A 19 H. EXCEPTO CARGA Y DESCARGA ;-3.6376382560;40.3861181610
 Sin Datos;445613.9500000000;4471327.9700000000;25/06/12;13 Puente de Vallecas;134 Palomeras Sureste;ANTONIO MAIRENA, CALLE, DE;6;Carga y descarga;Línea;2;10;LABORABLES DE 8 H A 14 H EXCEPTO CARGA Y DESCARGA EN LÍNEA;-3.6408052800;40.3907753910
 Sin Datos;444712.6800000000;4470244.9500000000;29/09/14;13 Puente de Vallecas;134 Palomeras Sureste;VILLALOBOS, CALLE, DE;131;Carga y descarga;Línea;3;13,8;LAB. DE 8 A 19 H.EXCEPTO CARGA Y DESCARGA;-3.6513298840;40.3809593060
 Sin Datos;444944.5400000000;4470338.8100000000;29/09/14;13 Puente de Vallecas;134 Palomeras Sureste;VILLALOBOS, CALLE, DE;18;Carga y descarga;Línea;3;15;LAB. DE 8 A 19 H.EXCEPTO CARGA Y DESCARGA;-3.6486067310;40.3818201750
 Sin Datos;444739.7800000000;4470202.5200000000;17/12/21;13 Puente de Vallecas;134 Palomeras Sureste;VILLALOBOS, CALLE, DE;125;Carga y descarga;Batería;4;12,3;LAB. DE LUNES A SÁBADOS DE 8 A 14 H. Y DE 16:00 A 19:30 H. EXCEPTO CARGA Y DESCARGA;-3.6510069650;40.3805788620
 Sin Datos;446302.4300000000;4470351.9200000000;26/01/22;13 Puente de Vallecas;134 Palomeras Sureste;COCHERON DE LA VILLA, CALLE, DEL;S/N;Carga y descarga;Línea;2;10;LAB. DE LUNES A SÁBADOS DE 8 A 14:30 H. MÁXIMO 30 MINUTOS EXCEPTO CARGA Y DESCARGA ;-3.6326114110;40.3820268980
 Sin Datos;446542.3100000000;4470391.6300000000;23/06/26;13 Puente de Vallecas;134 Palomeras Sureste;ALBUFERA, AVENIDA, DE LA;S/N;Carga y descarga;Línea;1;6;LAB.  DE LUNES A SÁBADOS DE 8 A 14:30 H. EXCEPTO  CARGA Y DESCARGA  ;-3.6297888490;40.3823998360
 Sin Datos;445696.6100000000;4471069.5300000000;11/03/21;13 Puente de Vallecas;134 Palomeras Sureste;RAFAEL ALBERTI, AVENIDA, DE;16 A;Carga y descarga;Línea;2;10;LAB. DE 8 A 14 H. EXCEPTO: CARGA Y DESCARGA;-3.6398093080;40.3884527920
 Sin Datos;445805.7000000000;4470852.9200000000;09/07/21;13 Puente de Vallecas;134 Palomeras Sureste;ALBUFERA, AVENIDA, DE LA;S/N;Carga y descarga;Línea;1;7,5;LAB. DE LUNES A SABADOS DE 8 A 14:30 H. EXCEPTO CARGA Y DESCARGA;-3.6385057710;40.3865079440
 Sin Datos;444862.6000000000;4470398.6500000000;15/07/25;13 Puente de Vallecas;134 Palomeras Sureste;PABLO NERUDA, AVENIDA, DE;61;Carga y descarga;Línea;2;10;LAB. DE LUNES A SÁBADO DE 8 A 14:30 H EXCEPTO CARGA Y DESCARGA  ;-3.6495771490;40.3823538280
 Sin Datos;445692.2900000000;4471243.2800000000;10/04/25;13 Puente de Vallecas;134 Palomeras Sureste;SAN CLAUDIO, CALLE, DE;63;Carga y descarga;Línea;1;14;LABORABLES DE 8 A 14 H. Y DE 16:30 A 19 H. EXCEPTO CARGA Y DESCARGA;-3.6398751400;40.3900171380
 Sin Datos;446981.5900000000;4470621.1300000000;15/01/26;13 Puente de Vallecas;134 Palomeras Sureste;DEMOCRACIA, AVENIDA, DE LA;7;Carga y descarga;Línea;2;12,5;LAB. DE  LUNES A SÁBADOS DE 8 A 20 H. EXCEPTO CARGA Y DESCARGA MÁXIMO 45  MINUTOS    ;-3.6246330310;40.3844958310
 Sin Datos;445363.6100000000;4471736.8200000000;09/07/04;13 Puente de Vallecas;135 Portazgo;BENJAMIN PALENCIA, CALLE, DE;45;Carga y descarga;Línea;3;15,62;DE 8 A 14 H. Y DE 16,30 A 19 H.EXCEPTO CARGA Y DESCARGA;-3.6437897600;40.3944419190
 Sin Datos;444820.4800000000;4471786.9300000000;23/02/09;13 Puente de Vallecas;135 Portazgo;BENJAMIN PALENCIA, CALLE, DE;12;Carga y descarga;Línea;3;15;DE 8 A 14 H. Y DE 16,30 A 19 H. EXCEPTO CARGA Y DESCARGA;-3.6501936520;40.3948573710
 Sin Datos;444956.8800000000;4471207.3600000000;21/09/22;13 Puente de Vallecas;135 Portazgo;PUERTO DE SOMIEDO, CALLE, DEL;1;Carga y descarga;Línea;3;12,2;MARTES Y JUEVES DE  9 A 13.00  H. EXCEPTO CARGA Y DESCARGA;-3.6485363710;40.3896453460
 Sin Datos;445080.2100000000;4471234.8400000000;01/12/06;13 Puente de Vallecas;135 Portazgo;PEDRO LABORDE, CALLE, DE;4;Carga y descarga;Línea;3;16,94;EXCEPTO CARGA Y DESCARGALABORABLES DE 8:00 A 14:00 H.DE 16:00 A 19:00 H.;-3.6470857570;40.3899016870
 Sin Datos;445025.8400000000;4471130.0300000000;10/10/07;13 Puente de Vallecas;135 Portazgo;PEDRO LABORDE, CALLE, DE;15;Carga y descarga;Línea;2;10;LAB. DE 8,00 A 14,00 H. Y DE 16,00 A 19,00 H.EXCEPTO CARGA Y DESCARGA;-3.6477172140;40.3889534420
 Sin Datos;445085.0300000000;4471157.3300000000;01/12/06;13 Puente de Vallecas;135 Portazgo;RAMIREZ TOME, CALLE, DE;21;Carga y descarga;Línea;10;52,5;LAB. DE 8 A 14 H. Y DE 16,30 A 19 H. EXCEPTO CARGA Y DESCARGA;-3.6470222160;40.3892030800
 Sin Datos;444953.0300000000;4471137.8400000000;21/01/05;13 Puente de Vallecas;135 Portazgo;PUERTO DE SOMIEDO, CALLE, DEL;19;Carga y descarga;Línea;5;27;LAB. DE 8 A 14 H. Y DE16,30 A 19 H. EXCEPTOCARGA Y DESCARGA;-3.6485756760;40.3890189310
 Sin Datos;445189.7800000000;4471220.3600000000;21/01/05;13 Puente de Vallecas;135 Portazgo;ALBUFERA, AVENIDA, DE LA;248;Carga y descarga;Línea;2;10,2;LAB. DE 8 A 14 H. Y DE 16,30 A 19 H. EXCEPTO CARGA Y DESCARGA ;-3.6457935080;40.3897776990
 Sin Datos;445079.8500000000;4471279.6800000000;21/01/05;13 Puente de Vallecas;135 Portazgo;ALBUFERA, AVENIDA, DE LA;240;Carga y descarga;Línea;3;15;LAB. DE 8 A 14 H. Y DE 16,30 A 19,00 H. EXCEPTO: CARGA Y DESCARGA;-3.6470938360;40.3903046490
 Sin Datos;445060.0800000000;4471154.5600000000;31/08/09;13 Puente de Vallecas;135 Portazgo;RAMIREZ TOME, CALLE, DE;Fte 21;Carga y descarga;Línea;5;25,3;LAB. DE 8 A 14 H. Y DE 16,30 A 19 H. EXCEPTO CARGA Y DESCARGA ;-3.6473158570;40.3891768960
 Sin Datos;445095.9000000000;4470747.7200000000;08/06/06;13 Puente de Vallecas;135 Portazgo;PABLO NERUDA, AVENIDA, DE;78;Carga y descarga;Línea;3;15;LABORABLES DE 8 A 14 H. Y DE 16,30 A 19 H. EXCEPTO CARGA Y DESCARGA;-3.6468588080;40.3855143200
 Sin Datos;444851.0100000000;4470850.0800000000;27/03/08;13 Puente de Vallecas;135 Portazgo;PEDRO LABORDE, CALLE, DE;49;Carga y descarga;Línea;3;16,04;LABORABLES DE 8:00 A 20:00 H.EXCEPTO CARGA Y DESCARGA;-3.6497527040;40.3864202240
 Sin Datos;445219.5200000000;4471203.5700000000;03/04/19;13 Puente de Vallecas;135 Portazgo;ALBUFERA, AVENIDA, DE LA;248;Carga y descarga;Línea;3;18;LAB. DE 8 A 14.30 H EXCEPTO CARGA Y DESCARGA;-3.6454417120;40.3896286160
 Sin Datos;444834.7300000000;4471840.7600000000;23/03/26;13 Puente de Vallecas;135 Portazgo;JOSE LUIS SAURA, PLAZA, DE;S/N;Carga y descarga;Batería;5;13;DE LUNES A SÁBADOS DE 8 A 20 H. EXCEPTO CARGA Y DESCARGA ;-3.6500304730;40.3953431820
 Sin Datos;445308.2800000000;4471619.0300000000;30/11/22;13 Puente de Vallecas;135 Portazgo;(Sin Asignar);S/N;Carga y descarga;Batería;2;7,9;LAB. DE 8 A 14 H Y DE 16:30 A 19 H EXCEPTO CARGA Y DESCARGA ;-3.6444317020;40.3933771350
 Sin Datos;444582.0200000000;4470881.6100000000;22/12/23;13 Puente de Vallecas;135 Portazgo;BUENOS AIRES, AVENIDA, DE;39;Carga y descarga;Línea;1;7,3;Lunes a Sábados 8:00 a 14:00  H  y de 16:00 a 20:00 H Excepto Carga y Descarga;-3.6529245410;40.3866865350
 Sin Datos;444872.2500000000;4470821.0700000000;17/01/24;13 Puente de Vallecas;135 Portazgo;PALOMERAS, AVENIDA, DE LAS;137;Carga y descarga;Línea;3;15;LAB. DE LUNES A SÁBADO DE 8 A 14:30 H MÁX. 45 MINUTOS EXCEPTO CARGA Y DESCARGA;-3.6494999150;40.3861602730
 Sin Datos;445056.3100000000;4471222.6700000000;16/06/08;13 Puente de Vallecas;135 Portazgo;DIEGO MANCHADO, CALLE, DE;56;Carga y descarga;Línea;2;15;LABORABLES DE 8 A 14H Y DE 16.30  A 19 H EXCEPTO CARGA Y DESCARGA;-3.6473661620;40.3897898460
 Sin Datos;444992.2100000000;4470965.6300000000;17/11/16;13 Puente de Vallecas;135 Portazgo;GUILLERMO PINGARRON, CALLE, DE;7;Carga y descarga;Batería;4;10;LAB. DE 8:00 A 17:00 H EXCEPTO CARGA Y DESCARGA;-3.6480992050;40.3874702260
 Sin Datos;444961.8900000000;4471025.8600000000;30/09/24;13 Puente de Vallecas;135 Portazgo;PEDRO LABORDE, CALLE, DE;25;Carga y descarga;Línea;3;15;LAB. DE 8 A 14 H.Y DE 16,30 A 19,00 H. MÁX 45 MINUTOS EXCEPTO: CARGA Y DESCARGA;-3.6484617150;40.3880107550
 Sin Datos;445213.5600000000;4471145.1100000000;25/11/25;13 Puente de Vallecas;135 Portazgo;SANTIAGO ALIO, CALLE, DE;4;Carga y descarga;Línea;1;6;LABORABLES DE LUNES A VIERNES DE 8:00  20:00 H. EXCEPTO CARGA Y DESCARGA;-3.6455068570;40.3891013230
 Sin Datos;443941.6600000000;4471939.0600000000;14/02/01;13 Puente de Vallecas;136 Numancia;LOPEZ GRASS, CALLE, DE;18;Carga y descarga;Línea;3;15,3;LAB.DE 8 A 14 H. Y DE 16,30 A 19 H. EXCEPTO CARGA Y DESCARGA;-3.6605616670;40.3961694450
 Sin Datos;444359.4700000000;4471488.7700000000;20/01/05;13 Puente de Vallecas;136 Numancia;CANTALAPIEDRA, CALLE, DE;Fte 4;Carga y descarga;Línea;3;15;LABORABLES DE 9 A 14 H. Y DE 16,30 A 20 H.EXCEPTO CARGA Y DESCARGA;-3.6555993370;40.3921410360
 Sin Datos;443651.7900000000;4471938.1000000000;22/01/13;13 Puente de Vallecas;136 Numancia;PUERTO DE CANFRANC, CALLE, DEL;3;Carga y descarga;Línea;2;10;LABORABLES DE 8:00 H A 19:00 H EXCEPTO CARGA Y DESCARGA;-3.6639770680;40.3961407970
 Sin Datos;444070.8800000000;4472431.6500000000;08/06/15;13 Puente de Vallecas;136 Numancia;PUERTO DE CANENCIA, CALLE, DEL;7;Carga y descarga;Línea;2;14;LABORABLES DE 8 A 17 EXCEPTO CARGA Y DESCARGA;-3.6590823470;40.4006154820
 Sin Datos;444291.9100000000;4471496.3200000000;06/03/18;13 Puente de Vallecas;136 Numancia;MARIANA PINEDA, PLAZA, DE;1;Carga y descarga;Línea;4;18;EXCEPTO CARGA Y DESCARGA CENTRO COMERCIAL  ALBUFERA PLAZA;-3.6563961490;40.3922041180
 Sin Datos;444566.3100000000;4472453.0200000000;19/11/19;13 Puente de Vallecas;136 Numancia;RAMON PEREZ DE AYALA, CALLE, DE;50;Carga y descarga;Batería;3;15;LABORABLES DE 8 A 14 H. EXCEPTO CARGA Y DESCARGA EN LÍNEA;-3.6532463710;40.4008417430
 Sin Datos;443630.6300000000;4472151.2300000000;18/02/23;13 Puente de Vallecas;136 Numancia;DOCTOR SALGADO, CALLE, DEL;29;Carga y descarga;Línea;3;15;LAB. DE LUNES A SÁBADO DE 9 A 14 H. Y DE 16 A 20 H. EXCEPTO CARGA Y DESCARGA;-3.6642453270;40.3980601480
 Sin Datos;443913.4500000000;4472695.6700000000;16/06/16;13 Puente de Vallecas;136 Numancia;DOCTOR LOZANO, CALLE, DEL;S/N;Carga y descarga;Línea;2;15;LAB. DE 10 A 20 H EXCEPTO CARGA Y DESCARGA;-3.6609607320;40.4029837460
 Sin Datos;443462.4000000000;4472172.1800000000;04/08/16;13 Puente de Vallecas;136 Numancia;JOSE CAMINS, CALLE, DE;2;Carga y descarga;Línea;2;15;LAB DE 8 A 17 H EXCEPTO CARGA Y DESCARGA;-3.6662294800;40.3982367910
 Sin Datos;444057.3000000000;4471833.0600000000;14/08/14;13 Puente de Vallecas;136 Numancia;ENRIQUE VELASCO, CALLE, DE;34;Carga y descarga;Línea;2;10;laborables de 8:00 a 17:00 h, excepto carga y descarga.;-3.6591897200;40.3952220590
 Sin Datos;444334.1800000000;4471557.5600000000;24/07/17;13 Puente de Vallecas;136 Numancia;MARIANA PINEDA, PLAZA, DE;6;Carga y descarga;Línea;3;14,91;EXCEPTO CARGA Y DESCARGA CENTRO COMERCIAL  ALBUFERA PLAZA;-3.6559032910;40.3927586270
 Sin Datos;444235.4500000000;4471487.6500000000;21/05/19;13 Puente de Vallecas;136 Numancia;DOLORES FOLGUERAS, CALLE, DE;34;Carga y descarga;Línea;1;8;LABORABLES DE LUNES A VIERNES DE 8 A 14 H Y DE 16:30 A 19 H SÁBADOS DE 8  A 15 H EXCEPTO CARGA Y DESCARGA EN LÍNEA;-3.6570605510;40.3921225860
 Sin Datos;443298.0600000000;4472248.4200000000;17/12/21;13 Puente de Vallecas;136 Numancia;PEÑA PRIETA, AVENIDA, DE LA;8;Carga y descarga;Línea;4;23,4;LAB.DE 8 A 14 H. Y DE 16,30 A 19 H.  MAX. 30 MINUTOS EXCEPTO CARGA Y DESCARGA;-3.6681726090;40.3989125370
 Sin Datos;444371.2400000000;4471463.1900000000;28/12/21;13 Puente de Vallecas;136 Numancia;CANTALAPIEDRA, CALLE, DE;2;Carga y descarga;Línea;2;13,69;LAB. DE 8 A 14 H. Y DE LAS 16:30 A 19 H. EXCEPTO CARGA Y DESCARGA;-3.6554585040;40.3919116230
 Sin Datos;443852.9400000000;4472687.3500000000;21/01/05;13 Puente de Vallecas;136 Numancia;SANTA MARTA, CALLE, DE;22;Carga y descarga;Línea;3;14,5;Lab. de 8 a 20 h.excepto: CARGA Y DESCARGA;-3.6616729760;40.4029046780
 Sin Datos;443590.5600000000;4472561.9000000000;05/10/09;13 Puente de Vallecas;136 Numancia;ALFONSO XIII, CALLE, DE;2;Carga y descarga;Línea;2;10;LAB. DE 8 A 14 H. Y DE 16,30 A 19 H. EXCEPTO CARGA Y DESCARGA;-3.6647537130;40.4017561270
 Sin Datos;443759.4200000000;4472696.3100000000;27/10/05;13 Puente de Vallecas;136 Numancia;MANCO DE LEPANTO, CALLE, DEL;3;Carga y descarga;Línea;2;12;LAB. DE 9 A 14 H. Y DE 16 A 19 H.EXCEPTO CARGA Y DESCARGA;-3.6627758050;40.4029785900
 Sin Datos;443636.8600000000;4472631.6300000000;05/10/09;13 Puente de Vallecas;136 Numancia;PEÑA PRIETA, AVENIDA, DE LA;Fte 61;Carga y descarga;Línea;1;8,3;LAB. DE 8 A 14 H. Y DE 16,30 A 19 H. EXCEPTO CARGA Y DESCARGA;-3.6642143870;40.4023882710
 Sin Datos;443687.7400000000;4472678.0900000000;05/10/09;13 Puente de Vallecas;136 Numancia;PEÑA PRIETA, AVENIDA, DE LA;74;Carga y descarga;Línea;3;15,88;LAB. DE 8 A 14 H. Y DE 16,30 A 19 H. EXCEPTO CARGA Y DESCARGA;-3.6636189120;40.4028095670
 Sin Datos;443753.0200000000;4472737.7800000000;05/10/09;13 Puente de Vallecas;136 Numancia;PEÑA PRIETA, AVENIDA, DE LA;84;Carga y descarga;Línea;2;10;LABORABLES DE 8 A 20 H EXCEPTO CARGA Y DESCARGA ;-3.6628549310;40.4033522730
 Sin Datos;443341.1100000000;4472161.8100000000;07/02/07;13 Puente de Vallecas;136 Numancia;MONTE OLIVETI, CALLE, DEL;Fte 9;Carga y descarga;Línea;7;40;EXCEPTO CARGA Y DESCARGA DE 8:00 H. A 24:00 H;-3.6676575200;40.3981356640
 Sin Datos;443367.4200000000;4472303.1200000000;26/05/99;13 Puente de Vallecas;136 Numancia;FRANCISCO IGLESIAS, CALLE, DE;2;Carga y descarga;Línea;2;11,84;LAB. DE 9 A 14 H Y DE 16.30 A 20 HEXCEPTO CARGA Y DESCARGA;-3.6673601550;40.3994106090
 Sin Datos;443384.8300000000;4472358.4500000000;05/10/09;13 Puente de Vallecas;136 Numancia;PEÑA PRIETA, AVENIDA, DE LA;11;Carga y descarga;Línea;5;25;LAB.DE 8 A 14 H. Y DE 16,30 A19 H. EXCEPTO CARGA Y DESCARGA;-3.6671599640;40.3999102290
 Sin Datos;443343.7900000000;4472119.0700000000;24/02/05;13 Puente de Vallecas;136 Numancia;SIERRA DE JAVALAMBRE, CALLE, DE LA;2;Carga y descarga;Línea;4;20;LAB. DE 9 A 19 H. EXCEPTOCARGA Y DESACARGAEN LINEA;-3.6676222830;40.3977506360
 Sin Datos;443810.1600000000;4472217.0200000000;12/02/01;13 Puente de Vallecas;136 Numancia;PUERTO DE CANFRANC, CALLE, DEL;46;Carga y descarga;Línea;3;13,7;LAB. DE 8 A 14 H. Y DE 16,30 A 19 H. EXCEPTO CARGA Y DESCARGA;-3.6621356390;40.3986643890
 Sin Datos;443991.3100000000;4472051.9000000000;16/06/04;13 Puente de Vallecas;136 Numancia;LOPEZ GRASS, CALLE, DE;Fte 33;Carga y descarga;Batería;3;15;LAB. DE 8 A 14 H. Y DE16,30 A 19 H. EXCEPTOCARGA Y DESCARGA;-3.6599865320;40.3971891380
 Sin Datos;443729.9000000000;4472074.2200000000;01/01/00;13 Puente de Vallecas;136 Numancia;PUERTO DE CANFRANC, CALLE, DEL;24;Carga y descarga;Línea;5;25,5;LAB. DE 9 A 14 H. Y DE 16,30 A 20 H. EXCEPTO CARGA Y DESCARGA;-3.6630687010;40.3973725410
 Sin Datos;443691.9300000000;4472003.7000000000;16/06/04;13 Puente de Vallecas;136 Numancia;PUERTO DE CANFRANC, CALLE, DEL;9;Carga y descarga;Línea;3;13,85;LAB. DE 8 A 14 H. Y DE 16,30 A 19 H. EXCEPTO CARGA Y DESCARGA;-3.6635098210;40.3967349540
 Sin Datos;443439.5500000000;4472418.4400000000;05/10/09;13 Puente de Vallecas;136 Numancia;PEÑA PRIETA, AVENIDA, DE LA;23;Carga y descarga;Línea;3;12;LAB. DE 8 A 14 H. Y DE 16,30 A 19 H. EXCEPTO CARGA Y DESCARGA;-3.6665204280;40.4004537940
 Sin Datos;443848.6200000000;4472284.3100000000;04/08/10;13 Puente de Vallecas;136 Numancia;VALDERRIBAS, CAMINO, DE;89;Carga y descarga;Línea;3;15;LAB. DE 8 A 14 H. Y DE 16,30 A 19 H. EXCEPTO CARGA Y DESCARGA ;-3.6616883310;40.3992735580
 Sin Datos;443864.8300000000;4472674.6400000000;22/09/06;13 Puente de Vallecas;136 Numancia;MANCO DE LEPANTO, CALLE, DEL;6;Carga y descarga;Línea;3;14,3;Lab. de 8 a 20 h.Excepto: Carga y Descarga;-3.6615317990;40.4027908310
 Sin Datos;443434.9900000000;4472249.3400000000;27/09/16;13 Puente de Vallecas;136 Numancia;EMILIO ORTUÑO, CALLE, DE;13;Carga y descarga;Línea;2;12;LABORABLES DE 9:00  A 14:30  Y DE 16:00 A 20:00 H EXCEPTO CARGA Y DESCARGA;-3.6665592170;40.3989302420
 Sin Datos;443624.1700000000;4471920.3300000000;27/10/16;13 Puente de Vallecas;136 Numancia;PUERTO DE CANFRANC, CALLE, DEL;1;Carga y descarga;Línea;3;18;LAB. DE 8 A 14H Y DE 16:30 A 19 H EXCEPTO CARGA Y DESCARGA;-3.6643009040;40.3959792230
 Sin Datos;443628.6800000000;4471915.4400000000;27/10/16;13 Puente de Vallecas;136 Numancia;PUERTO DE CANFRANC, CALLE, DEL;2;Carga y descarga;Línea;3;17;LAB. DE 8 A 14H Y DE 16:30 A 19 H EXCEPTO CARGA Y DESCARGA;-3.6642473900;40.3959354490
 Sin Datos;443870.6300000000;4471774.5900000000;27/10/16;13 Puente de Vallecas;136 Numancia;LOPEZ GRASS, CALLE, DE;6;Carga y descarga;Línea;1;10;LAB. DE 8 A 14H Y DE 16:30 A 19 H EXCEPTO CARGA Y DESCARGA;-3.6613840910;40.3946833640
 Sin Datos;443879.2100000000;4471837.1900000000;02/03/17;13 Puente de Vallecas;136 Numancia;PICOS DE EUROPA, CALLE, DE LOS;11;Carga y descarga;Línea;2;10;LAB.DE 8 A 20 H  EXCEPTO CARGA Y DESCARGA;-3.6612884640;40.3952474980
 Sin Datos;443831.9100000000;4471870.4000000000;20/04/21;13 Puente de Vallecas;136 Numancia;PICOS DE EUROPA, CALLE, DE LOS;11 G;Carga y descarga;Línea;7;28;LAB. DE 8 A 20 H. EXCEPTO CARGA Y DESCARGA;-3.6618487590;40.3955434310
 Sin Datos;443759.7300000000;4472134.2900000000;17/09/24;13 Puente de Vallecas;136 Numancia;ASCENSION BIELSA, CALLE, DE;1;Carga y descarga;Línea;1;5;LAB. DE 7 A 19 H. EXCEPTO CARGA Y DESCARGA;-3.6627225770;40.3979159920
 Sin Datos;443908.7000000000;4472869.4600000000;10/12/24;13 Puente de Vallecas;136 Numancia;SAN FLORENCIO, CALLE, DE;2;Carga y descarga;Línea;4;20;DE LUNES A VIERNES DE 9 A 14 H. EXCEPTO CARGA Y DESCARGA;-3.6610320080;40.4045489520
 Sin Datos;443517.8200000000;4472379.0600000000;19/06/25;13 Puente de Vallecas;136 Numancia;MENDIVIL, CALLE, DE;16;Carga y descarga;Línea;3;15;LAB. DE LUNES A SÁBADO DE 8 A 17:00 H. EXCEPTO CARGA Y DESCARGA;-3.6655946430;40.4001046910
 Sin Datos;446617.4000000000;4472764.7500000000;10/10/14;14 Moratalaz;141 Pavones;LUIS DE HOYOS SAINZ, CALLE, DE;162 B;Carga y descarga;Línea;2;12;LAB DE 08:00 A 10:00 H EXCEPTO CARGA Y DESCARGA;-3.6291033050;40.4037832520
 Sin Datos;446413.7700000000;4472690.5200000000;23/09/10;14 Moratalaz;141 Pavones;VALDEBERNARDO, CALLE, DE;S/N;Carga y descarga;Línea;3;16,5;LAB. DE 08:00 A 14:00 Y DE 16:30 A 19:00 H. EXCEPTO CARGA Y DESCARGA;-3.6314966640;40.4031016610
 Sin Datos;446403.3200000000;4472518.6600000000;21/05/21;14 Moratalaz;141 Pavones;VALDEBERNARDO, CALLE, DE;S/N;Carga y descarga;Batería;5;12,4;LAB. DE 08:00 A 14:00 H. EXCEPTO CARGA Y DESCARGA;-3.6316052970;40.4015531850
 Sin Datos;446201.4400000000;4472500.4900000000;07/08/25;14 Moratalaz;141 Pavones;(Sin Asignar);S/N;Carga y descarga;Línea;3;15,2;LABORABLES DE 09:00 A 14:00 H. EXCEPTO CARGA Y DESCARGA;-3.6339826130;40.4013759120
 Sin Datos;446478.5000000000;4473254.3500000000;15/02/05;14 Moratalaz;142 Horcajo;FUENTE CARRANTONA, CALLE, DE LA;32;Carga y descarga;Línea;3;15;LAB. DE 08:00 A 14:00 Y DE 16:30 A 19:00 H. EXCEPTO CARGA Y DESCARGA;-3.6307812120;40.4081849420
 Sin Datos;446497.3800000000;4473306.5400000000;01/05/14;14 Moratalaz;142 Horcajo;FUENTE CARRANTONA, CALLE, DE LA;34;Carga y descarga;Línea;2;14;LAB. DE 08:00 A 14:00 Y DE 16:30 A 19:00 H. EXCEPTO CARGA Y DESCARGA;-3.6305630860;40.4086567730
 Sin Datos;444834.3200000000;4473157.0700000000;26/01/06;14 Moratalaz;143 Marroquina;MARROQUINA, CALLE, DE LA;13;Carga y descarga;Línea;2;10;DE LUNES A SABADO DE 08:00 A 14:00 H.EXCEPTO CARGA Y DESCARGA;-3.6501493620;40.4072019760
 Sin Datos;445998.8500000000;4473425.7700000000;07/03/01;14 Moratalaz;143 Marroquina;ANTONIO CUMELLA, CALLE, DE;Fte 3;Carga y descarga;Línea;3;14,9;LAB. DE 08:00 A 14:00 Y DE 16:30 A 19:00 H. EXCEPTO CARGA Y DESCARGA;-3.6364483940;40.4096981240
 Sin Datos;445968.8000000000;4473239.9700000000;08/02/05;14 Moratalaz;143 Marroquina;MERIDA, CALLE, DE;1;Carga y descarga;Línea;5;15;LAB. DE 08:00 A 14:00 Y DE 16:30 A 19:00 H. EXCEPTO CARGA Y DESCARGA;-3.6367867830;40.4080225660
 Sin Datos;446469.8500000000;4473296.8100000000;11/11/08;14 Moratalaz;143 Marroquina;FUENTE CARRANTONA, CALLE, DE LA;43;Carga y descarga;Línea;3;15;LAB. DE 08:00 A 14:00 Y DE 16:30 A 19:00 H. EXCEPTO CARGA Y DESCARGA;-3.6308867500;40.4085670480
 Sin Datos;445510.2200000000;4473401.3200000000;02/12/19;14 Moratalaz;143 Marroquina;MORATALAZ, AVENIDA, DE;197;Carga y descarga;Línea;3;15;LAB. DE 08:00 A 14:30 H. EXCEPTO CARGA Y DESCARGA ;-3.6422049590;40.4094467670
 Sin Datos;445156.4900000000;4473261.4400000000;11/09/19;14 Moratalaz;143 Marroquina;CORREGIDOR ALONSO DE TOBAR, PLAZA, DEL;S/N;Carga y descarga;Batería;4;9,3;LAB. DE 08:00 A 14:30 Y DE 16:30 A 19:00 H. EXCEPTO CARGA Y DESCARGA EN LINEA;-3.6463616530;40.4081635140
 Sin Datos;446532.5700000000;4473444.0000000000;15/09/22;14 Moratalaz;143 Marroquina;VILLACONEJOS, PASAJE, DE;5;Carga y descarga;Línea;3;15;LAB. DE LUNES A SÁBADO DE 08:00 A 14:30 H. MÁXIMO 30 MINUTOS EXCEPTO CARGA Y DESCARGA;-3.6301599530;40.4098970550
 Sin Datos;446021.9400000000;4473138.8200000000;06/06/23;14 Moratalaz;143 Marroquina;MARIO CABRE, CALLE, DE;13;Carga y descarga;Línea;2;10,1;DE LUNES A VIERNES DE 07:00 A 14:00 Y DE 16:30 A 19:00 H. SÁBADOS DE 08:00 A 14:00 H. EXCEPTO CARGA Y DESCARGA;-3.6361520030;40.4071149440
 Sin Datos;444661.6200000000;4473557.1000000000;04/01/01;14 Moratalaz;143 Marroquina;ARROYO BELINCOSO, CALLE, DEL;40;Carga y descarga;Línea;3;15;LAB. DE 08:00 A 14:00 Y DE 16:30 A 19:00 H. EXCEPTO CARGA Y DESCARGA;-3.6522193440;40.4107940200
 Sin Datos;444745.2600000000;4473250.2400000000;23/11/05;14 Moratalaz;143 Marroquina;ARROYO DE LAS PILILLAS, CALLE, DEL;16;Carga y descarga;Línea;8;42,4;LAB. DE 07:00 A 20:00 H. EXCEPTO CARGA Y DESCARGA TIEMPO MAXIMO 30 MINUTOS;-3.6512069280;40.4080345410
 Sin Datos;444740.4000000000;4473107.9700000000;26/01/06;14 Moratalaz;143 Marroquina;MARROQUINA, CALLE, DE LA;3;Carga y descarga;Línea;3;15;DE LUNES A SABADO DE 08:00 A 14:00 H.EXCEPTO CARGA Y DESCARGA;-3.6512518480;40.4067527200
 Sin Datos;444952.6100000000;4473206.4900000000;23/10/09;14 Moratalaz;143 Marroquina;MARROQUINA, CALLE, DE LA;28;Carga y descarga;Batería;3;7,2;DE LUNES A SÁBADO DE 08:00 A 14:00 H. EXCEPTO CARGA Y DESCARGA;-3.6487594810;40.4076548990
 Sin Datos;444613.7300000000;4473285.8200000000;08/06/16;14 Moratalaz;143 Marroquina;ARROYO BELINCOSO, CALLE, DEL;14;Carga y descarga;Línea;2;9,9;LAB DE 08:00 A 15:00 H EXCEPTO CARGA Y DESCARGA;-3.6527601020;40.4083469180
 Sin Datos;444671.5700000000;4473507.8400000000;04/06/19;14 Moratalaz;143 Marroquina;CAMINO DE LOS VINATEROS, CALLE, DEL;63;Carga y descarga;Línea;3;15,3;LAB. DE 08:00 A 14:30 H. EXCEPTO CARGA Y DESCARGA;-3.6520976480;40.4103506080
 Sin Datos;446040.9300000000;4473500.6300000000;28/12/18;14 Moratalaz;143 Marroquina;ANTONIO CUMELLA, CALLE, DE;22;Carga y descarga;Batería;6;15,1;LAB DE 08:00 A 14:00 Y DE 16:30 A 19:00 H. EXCEPTO CARGA Y DESCARGA EN LINEA;-3.6359588590;40.4103754170
 Sin Datos;444918.7500000000;4473088.6300000000;10/03/26;14 Moratalaz;143 Marroquina;MORATALAZ, AVENIDA, DE;131;Carga y descarga;Línea;5;20,2;DE LUNES A SÁBADO DE 08.00 A 14:00 H. EXCEPTO CARGA Y DESCARGA;-3.6491482900;40.4065902290
 Sin Datos;445126.7500000000;4473197.8600000000;21/05/26;14 Moratalaz;143 Marroquina;MORATALAZ, AVENIDA, DE;157;Carga y descarga;Línea;4;22,9;LAB. DE 08:00 A 17:00 H. MÁXIMO 45 MINUTOS EXCEPTO CARGA Y DESCARGA;-3.6467066310;40.4075883790
 Sin Datos;444791.7200000000;4473192.9600000000;17/07/26;14 Moratalaz;143 Marroquina;MARROQUINA, CALLE, DE LA;19;Carga y descarga;Línea;7;36,4;lab. de 7 a 20 h.  máximo 30 minutos excepto: CARGA Y DESCARGA;-3.6506544250;40.4075221450
 Sin Datos;444782.6700000000;4473235.0700000000;17/07/26;14 Moratalaz;143 Marroquina;MARROQUINA, CALLE, DE LA;19;Carga y descarga;Línea;7;35,8;lab. de 7 a 20 h. máximo 30 minutos excepto: CARGA Y DESCARGA;-3.6507647760;40.4079007550
 Sin Datos;443939.7000000000;4473820.8200000000;23/03/15;14 Moratalaz;144 Media Legua;MANUEL MACHADO, CALLE, DE;S/N;Carga y descarga;Línea;3;13,4;LAB. DE 08:00 A 17:00 H. EXCEPTO CARGA Y DESCARGA EN LINEA;-3.6607505710;40.4131209740
 Sin Datos;444267.2100000000;4473556.9400000000;11/09/19;14 Moratalaz;144 Media Legua;CAMINO DE LOS VINATEROS, CALLE, DEL;11;Carga y descarga;Línea;7;35,1;LAB. DE 08:00 A 14:00 H. EXCEPTO CARGA Y DESCARGA ;-3.6568675220;40.4107656590
 Sin Datos;444503.2700000000;4473551.0200000000;11/09/19;14 Moratalaz;144 Media Legua;CAMINO DE LOS VINATEROS, CALLE, DEL;51;Carga y descarga;Línea;1;8;LAB. DE 08:00 A 14:00 Y DE 16:30 A 19:00 H. EXCEPTO CARGA Y DESCARGA;-3.6540849520;40.4107288180
 Sin Datos;443995.7400000000;4473788.4800000000;03/08/95;14 Moratalaz;144 Media Legua;MANUEL MACHADO, CALLE, DE;5;Carga y descarga;Línea;20;100,6;EXCEPTO CARGA Y DESCARGA;-3.6600871430;40.4128340940
 Sin Datos;444610.0400000000;4473441.5200000000;14/08/96;14 Moratalaz;144 Media Legua;ARROYO BELINCOSO, CALLE, DEL;11;Carga y descarga;Línea;2;9,1;EXCEPTO CARGA Y DESCARGA CENTRO DE DIA 3ª EDAD;-3.6528171110;40.4097492320
 Sin Datos;444065.6500000000;4473634.8800000000;14/03/24;14 Moratalaz;144 Media Legua;ALCALDE LUIS MARICHALAR, CALLE, DEL;1;Carga y descarga;Línea;2;11;LAB. DE LUNES A SÁBADO DE 08:00 A 12:00 H. EXCEPTO CARGA Y DESCARGA;-3.6592497650;40.4114550420
 Sin Datos;444425.7700000000;4473591.8600000000;09/07/24;14 Moratalaz;144 Media Legua;ARROYO DE LA MEDIA LEGUA, CALLE, DEL;33;Carga y descarga;Línea;1;8,7;LAB. DE LUNES A SÁBADO DE 08:00 A 14:30  H. MÁXIMO 45 MINUTOS EXCEPTO CARGA Y DESCARGA;-3.6550019140;40.4110907550
 Sin Datos;443967.4800000000;4473877.2000000000;23/03/15;14 Moratalaz;144 Media Legua;MANUEL MACHADO, CALLE, DE;34;Carga y descarga;Línea;8;43,3;LAB. DE 08:00 A 17:00 H. EXCEPTO CARGA Y DESCARGA ;-3.6604281680;40.4136309640
 Sin Datos;444170.6700000000;4473168.4300000000;22/07/25;14 Moratalaz;144 Media Legua;CORREGIDOR ALONSO DE AGUILAR, PLAZA, DEL;5;Carga y descarga;Línea;2;15,7;EXCEPTO CARGA Y DESCARGA DE 09:00 A 14:00 Y DE 16:00 A 18:00 H.;-3.6579710960;40.4072596730
 Sin Datos;445657.9200000000;4472245.5900000000;12/11/10;14 Moratalaz;145 Fontarrón;ENCOMIENDA DE PALACIOS, CALLE, DE LA;248;Carga y descarga;Línea;3;15;LAB. DE 08:00 A 14:00 H. Y DE 16:30 A 19:00 H. EXCEPTO CARGA Y DESCARGA;-3.6403655350;40.3990441460
 Sin Datos;445394.0100000000;4472240.7300000000;24/07/26;14 Moratalaz;145 Fontarrón;ENCOMIENDA DE PALACIOS, CALLE, DE LA;178;Carga y descarga;Línea;3;16;LAB. DE 08:00 A 14:00 Y DE 16:30 A 19:00 H. EXCEPTO CARGA Y DESCARGA;-3.6434748050;40.3989834690
 Sin Datos;445389.5000000000;4472689.7700000000;26/04/06;14 Moratalaz;145 Fontarrón;CORREGIDOR CONDE DE MACEDA Y TABOADA, PLAZA, DEL;HACIENDA PAVONE;Carga y descarga;Línea;4;21,7;LAB. DE 09:00 A 14:00 Y DE 16:30 A 19:00 H. EXCEPTO CARGA Y DESCARGA;-3.6435664780;40.4030288950
 Sin Datos;444922.6500000000;4472854.5400000000;12/01/07;14 Moratalaz;145 Fontarrón;HACIENDA DE PAVONES, CALLE, DE LA;8 D;Carga y descarga;Línea;3;21,8;EXCEPTO CARGA Y DESCARGA DE 08:00 A 16:30 H.;-3.6490821710;40.4044822030
 Sin Datos;445430.5700000000;4472632.1400000000;28/12/16;14 Moratalaz;145 Fontarrón;PICO DE LOS ARTILLEROS, CALLE, DEL;93;Carga y descarga;Línea;3;15,1;LAB. DE 08:00 A 14:00 H. EXCEPTO CARGA Y DESCARGA EN LÍNEA.;-3.6430776310;40.4025114570
 Sin Datos;445628.1000000000;4472584.9800000000;23/09/24;14 Moratalaz;145 Fontarrón;HACIENDA DE PAVONES, CALLE, DE LA;172;Carga y descarga;Batería;7;19,4;LAB. DE 09:00 A 14:00 H. Y DE 16:30 A 20:00 H.;-3.6407459220;40.4021001880
 Sin Datos;444965.3000000000;4472722.9600000000;26/12/19;14 Moratalaz;145 Fontarrón;CORREGIDOR ALONSO DE TOBAR, CALLE, DEL;8;Carga y descarga;Línea;4;19;LUNES A VIERNES DE 08:00 A 14:00 Y DE 16:30 A 21:30 H SÁBADOS DE 08:00 A 14:00 H.EXCEPTO CARGA Y DESCARGA;-3.6485681710;40.4032996180
 Sin Datos;445186.5000000000;4473142.8900000000;01/01/00;14 Moratalaz;146 Vinateros;CAMINO DE LOS VINATEROS, CALLE, DEL;118;Carga y descarga;Línea;3;16,2;DE 09:00 A 14:00 Y DE 16:30 A 20:00 HEXCEPTO CARGA Y DESCARGA;-3.6459976530;40.4070968380
 Sin Datos;444790.4800000000;4473008.1400000000;08/03/05;14 Moratalaz;146 Vinateros;MORATALAZ, AVENIDA, DE;64;Carga y descarga;Línea;3;19,1;LAB. DE 08:00 A 14:00 Y DE 17:00 A 21:00 H. EXCEPTO CARGA Y DESCARGA;-3.6506529920;40.4058570150
 Sin Datos;445474.8100000000;4473007.8300000000;23/10/09;14 Moratalaz;146 Vinateros;CAMINO DE LOS VINATEROS, CALLE, DEL;163;Carga y descarga;Línea;3;17,8;LAB. DE 08:00 A 14:00 H. EXCEPTO CARGA Y DESCARGA;-3.6425884970;40.4058992990
 Sin Datos;445523.7000000000;4472868.2900000000;30/03/22;14 Moratalaz;146 Vinateros;PICO DE LOS ARTILLEROS, CALLE, DEL;61;Carga y descarga;Línea;1;7,5;LAB. DE LUNES A VIERNES DE 08:00 A 14:30 H. EXCEPTO CARGA Y DESCARGA;-3.6420004700;40.4046458390
 Sin Datos;445238.4600000000;4472890.0800000000;09/02/05;14 Moratalaz;146 Vinateros;CAÑADA, CALLE, DE LA;17;Carga y descarga;Línea;15;79,3;EXCEPTO CARGA Y DESCARGA;-3.6453636180;40.4048232840
 Sin Datos;444826.2900000000;4472927.4800000000;11/01/07;14 Moratalaz;146 Vinateros;HACIENDA DE PAVONES, CALLE, DE LA;4 H;Carga y descarga;Línea;4;20;LAB DE 08:00 A 16:30 H EXCEPTO CARGA Y DESCARGA;-3.6502239040;40.4051326820
 Sin Datos;445299.6700000000;4473160.6300000000;18/08/25;14 Moratalaz;146 Vinateros;CAMINO DE LOS VINATEROS, CALLE, DEL;115;Carga y descarga;Batería;1;7,48;Lab. de lunes a sábado de 8 a 14 h. y de 16,30 a 19 h. máximo 45 minutos excepto CARGA Y DESCARGA;-3.6446655830;40.4072644280
 Sin Datos;445145.2800000000;4475198.9100000000;09/03/23;15 Ciudad Lineal;151 Ventas;TRECE ROSAS, AVENIDA, DE LAS;S/N;Carga y descarga;Línea;1;6;LAB. DE 07:00 A 14:00 Y DE 16:00 A 19:00 EXCEPTO CARGA Y DESCARGA;-3.6466607940;40.4256160370
1501001;444348.5400000000;4475906.3300000000;08/09/22;15 Ciudad Lineal;151 Ventas;ALCALA, CALLE, DE;244;Carga y descarga 360;Línea;3;16;Laborables de 08:00 a 14:00 y de 16:30 a 19:00 MÁXIMO 45 MINUTOS;-3.6561145400;40.4319357050
1501002;444177.8300000000;4475684.4300000000;07/09/22;15 Ciudad Lineal;151 Ventas;RICARDO ORTIZ, CALLE, DE;6;Carga y descarga 360;Línea;3;15;Laborables de 08:00 a 14:00 y de 16:30 a 19:00 MÁXIMO 45 MINUTOS;-3.6581075740;40.4299254820
1501003;444177.0000000000;4475579.7400000000;07/09/22;15 Ciudad Lineal;151 Ventas;RICARDO ORTIZ, CALLE, DE;16;Carga y descarga 360;Línea;3;17;Laborables de 08:00 a 14:00 y de 16:30 a 19:00 MÁXIMO 45 MINUTOS;-3.6581081470;40.4289821650
1501004;444176.3200000000;4475476.3500000000;07/09/22;15 Ciudad Lineal;151 Ventas;RICARDO ORTIZ, CALLE, DE;24;Carga y descarga 360;Línea;3;14;Laborables de 08:00 a 14:00 y de 16:30 a 19:00 MÁXIMO 45 MINUTOS;-3.6581070580;40.4280515090
1501005;444901.0200000000;4475668.1500000000;07/09/22;15 Ciudad Lineal;151 Ventas;HERMANOS GOMEZ, CALLE, DE LOS;53;Carga y descarga 360;Línea;2;16;Laborables de 09:00 a 20:00 MÁXIMO 45 MINUTOS;-3.6495807590;40.4298275060
1501006;444194.7400000000;4475215.7600000000;07/09/22;15 Ciudad Lineal;151 Ventas;RICARDO ORTIZ, CALLE, DE;47;Carga y descarga 360;Línea;4;18,7;Lab. de 8 a 14,00 h y de 16,30 a 19,00 h. MÁXIMO 45 MINUTOS;-3.6578671040;40.4257048460
1501007;444778.8200000000;4475308.9700000000;09/09/22;15 Ciudad Lineal;151 Ventas;MARQUES DE CORBERA, AVENIDA, DEL;57;Carga y descarga 360;Batería;6;17,4;Lab. de 8 a 14,00 h y de 16,30 a 19,00 h. MÁXIMO 45 MINUTOS;-3.6509900630;40.4265831330
1501008;444334.6600000000;4475405.3800000000;10/09/22;15 Ciudad Lineal;151 Ventas;SAN MARCELO, CALLE, DE;13;Carga y descarga 360;Línea;3;11,2;Laborables de 08:00 a 14:00 y de 16:30 a 19:00 MÁXIMO 45 MINUTOS;-3.6562342890;40.4274224020
1501009;444174.7900000000;4475315.1500000000;07/09/22;15 Ciudad Lineal;151 Ventas;RICARDO ORTIZ, CALLE, DE;38;Carga y descarga 360;Línea;4;21;Lunes a viernes de 08:00 a 14:00 y de 16:30 a 19:00  MÁXIMO 45 MINUTOS;-3.6581108970;40.4265991180
1501010;444694.9100000000;4475253.9000000000;10/09/22;15 Ciudad Lineal;151 Ventas;SAN MAXIMILIANO, CALLE, DE;50;Carga y descarga 360;Línea;3;17;Laborables de 8 a 14:00 y de 16:30 a 19:00 h. MÁXIMO 45 MINUTOS;-3.6519744050;40.4260820240
1501011;444475.6800000000;4475391.4600000000;07/09/22;15 Ciudad Lineal;151 Ventas;APOSTOL SANTIAGO, CALLE, DEL;46;Carga y descarga 360;Línea;3;11;Laborables de 8 a 14:00 y de 16:30 a 19:00 h MÁXIMO 45 MINUTOS;-3.6545707630;40.4273064350
1501012;444373.2900000000;4474894.3400000000;10/09/22;15 Ciudad Lineal;151 Ventas;MARQUES DE CORBERA, AVENIDA, DEL;10;Carga y descarga 360;Batería;3;10;Laborables de 8 a 14:00 y de 16:30 a 19:00 h MÁXIMO 45 MINUTOS;-3.6557341540;40.4228211490
1501013;444368.3800000000;4475791.2600000000;09/09/22;15 Ciudad Lineal;151 Ventas;BENIDORM, CALLE, DE;9;Carga y descarga 360;Línea;3;18;Laborables de 08:00 a 20:00 MÁXIMO 45 MINUTOS ;-3.6558705750;40.4309003700
1501014;444436.7600000000;4475748.8000000000;10/09/22;15 Ciudad Lineal;151 Ventas;BAMI, PLAZA, DE;32;Carga y descarga 360;Línea;3;14,5;Laborables de 08:00 a 20:00 MÁXIMO 45 MINUTOS ;-3.6550608140;40.4305230200
1501015;444396.9900000000;4475671.4800000000;09/09/22;15 Ciudad Lineal;151 Ventas;DAROCA, AVENIDA, DE;15;Carga y descarga 360;Línea;2;9,3;Laborables de 08:00 a 14:00 y de 16:30 a 19:00 MAXIMO 45 MINUTOS ;-3.6555229040;40.4298240110
1501016;444231.2200000000;4475861.2100000000;07/09/22;15 Ciudad Lineal;151 Ventas;JOSE MARIA FERNANDEZ LANSEROS, CALLE, DE;3;Carga y descarga 360;Línea;2;10;Laborables de 08:00 a 14:00 y de 16:30 a 19:00 MÁXIMO 45 MINUTOS;-3.6574937070;40.4315213420
1501017;444764.1800000000;4475857.3900000000;08/09/22;15 Ciudad Lineal;151 Ventas;SANTA ELENA, CALLE, DE;15;Carga y descarga 360;Línea;3;7,6;lab de Lunes a Viernes de 08:00 a 20:00 y sabados de 08:00 a 15:00 MÁXIMO 45 MINUTOS;-3.6512103650;40.4315232900
1501018;444760.1700000000;4475978.1200000000;08/09/22;15 Ciudad Lineal;151 Ventas;ALCALA, CALLE, DE;290;Carga y descarga 360;Línea;3;15;Laborables de 08:00 a 14:00 MÁXIMO 45 MINUTOS;-3.6512681200;40.4326100760
1501019;444826.2800000000;4475866.7900000000;08/09/22;15 Ciudad Lineal;151 Ventas;MAXIMO SAN JUAN, CALLE, DE;8;Carga y descarga 360;Línea;2;8;De Lunes a sabado de 08:00 a 14:00 MÁXIMO 45 MINUTOS;-3.6504791570;40.4316119830
1501020;444339.1300000000;4475174.9300000000;10/09/22;15 Ciudad Lineal;151 Ventas;MONTEJURRA, CALLE, DE;25;Carga y descarga 360;Línea;3;15,1;Laborables de 08:00 a 14:00 y de 16:30  a 19:00 En línea MÁXIMO 45 MINUTOS;-3.6561614080;40.4253466330
1501021;444767.0500000000;4475259.7500000000;10/09/22;15 Ciudad Lineal;151 Ventas;MARQUES DE CORBERA, AVENIDA, DEL;52;Carga y descarga 360;Línea;3;9;Laborables de 8 a 14:00 y de 16:30 a 19:00 h EN LINEA MÁXIMO 45 MINUTOS;-3.6511246510;40.4261390330
1501022;444261.6100000000;4475891.0500000000;08/09/22;15 Ciudad Lineal;151 Ventas;ALCALA, CALLE, DE;236;Carga y descarga 360;Línea;3;16,5;Laborables de 08:00 a 14:00 y de 16:30 a 19:00 MÁXIMO 45 MINUTOS;-3.6571380720;40.4317923510
1501023;444466.6400000000;4475926.6400000000;08/09/22;15 Ciudad Lineal;151 Ventas;ALCALA, CALLE, DE;256;Carga y descarga 360;Línea;2;12;Laborables de 8 a 14:00 y de 16:30 a 19:00 h MÁXIMO 45 MINUTOS;-3.6547240860;40.4321272440
1501024;444572.2400000000;4475945.2300000000;08/09/22;15 Ciudad Lineal;151 Ventas;ALCALA, CALLE, DE;270;Carga y descarga 360;Línea;2;10;Laborables de 8 a 14:00 y de 16:30 a 19:00 h MÁXIMO 45 MINUTOS;-3.6534807680;40.4323016530
1501025;444488.5400000000;4475088.8700000000;16/03/24;15 Ciudad Lineal;151 Ventas;MONTEJURRA, CALLE, DE;2;Carga y descarga 360;Línea;3;13;lab. de lunes a sábado de 9 a 14 h y de 16 a 19 h. MÁXIMO 45 MINUTOS;-3.6543927450;40.4245813330
1501026;444477.3600000000;4475203.0600000000;09/09/22;15 Ciudad Lineal;151 Ventas;LUIS PIERNAS, CALLE, DE;8;Carga y descarga 360;Línea;3;11,86;De lunes a domingo de 7 a 14 h. y de 16 a 20 h. MÁXIMO 45 MINUTOS;-3.6545344950;40.4256094480
1501027;444528.2600000000;4475850.1400000000;08/09/22;15 Ciudad Lineal;151 Ventas;MARCELINO ALVAREZ, CALLE, DE;14;Carga y descarga 360;Línea;3;15;Lunes a sabado de 08:00 a 21:00 MÁXIMO 45 MINUTOS;-3.6539909300;40.4314417580
1501028;444939.6600000000;4475897.6300000000;28/11/22;15 Ciudad Lineal;151 Ventas;HERMANOS MACHADO, CALLE, DE LOS;11;Carga y descarga 360;Línea;1;12,8;Laborables de 08:00 a 14:00 y de 16:30 a 19:00 MÁXIMO 45 MINUTOS ;-3.6491450820;40.4318966290
1501029;444704.5500000000;4475144.5500000000;29/11/22;15 Ciudad Lineal;151 Ventas;MARIA TERESA SAENZ DE HEREDIA, CALLE, DE;49;Carga y descarga 360;Línea;3;15;lab. de 8 a 14 h. y de 16,30 a 19 h. MÁXIMO 45 MINUTOS;-3.6518513330;40.4250968230
1501030;444736.4800000000;4475162.7200000000;29/11/22;15 Ciudad Lineal;151 Ventas;MARIA TERESA SAENZ DE HEREDIA, CALLE, DE;38;Carga y descarga 360;Línea;5;21;lab. de 8 a 14 h. y de 16,30 a 19 h. MÁXIMO 45 MINUTOS;-3.6514765040;40.4252631530
1501031;444753.2800000000;4475191.5200000000;29/11/22;15 Ciudad Lineal;151 Ventas;MARIA TERESA SAENZ DE HEREDIA, CALLE, DE;S/N;Carga y descarga 360;Línea;1;10,1;DE 8 A 20 H. MÁXIMO 45 MINUTOS;-3.6512809540;40.4255236770
1501032;444523.2900000000;4474855.8500000000;29/11/22;15 Ciudad Lineal;151 Ventas;MARIA TERESA SAENZ DE HEREDIA, CALLE, DE;10 B;Carga y descarga 360;Línea;5;19;lab. de 8 a 14 h. y de 16,30 a 19 h. MÁXIMO 45 MINUTOS;-3.6539626830;40.4224847090
1501033;445159.9800000000;4475568.1300000000;29/11/22;15 Ciudad Lineal;151 Ventas;FRANCISCO VILLAESPESA, CALLE, DE;8;Carga y descarga 360;Línea;2;10,2;LABORABLES LUNES A VIERNES DE 8 A 14 H Y DE 16 A 19:30 H. EXCEPTO CARGA Y DESCARGA MÁXIMO 45 MINUTOS;-3.6465193880;40.4289428600
1501035;444708.1200000000;4474966.8200000000;29/11/22;15 Ciudad Lineal;151 Ventas;NUESTRA SEÑORA DEL VILLAR, CALLE, DE;6;Carga y descarga 360;Línea;3;15,19;LABORABLES DE LUNES A VIERNES DE 9 A 14 H.EXCEPTO CARGA Y DESCARGA MÁXIMO 45 MINUTOS;-3.6517938080;40.4234967240
1501036;444859.8600000000;4475995.4700000000;29/11/22;15 Ciudad Lineal;151 Ventas;ALCALA, CALLE, DE;296;Carga y descarga 360;Línea;2;12,2;Laborables de 08:00 a 14:00 y de 16:30 a 19:00 MÁXIMO 45 MINUTOS ;-3.6500943010;40.4327733690
1501037;444955.2800000000;4476012.1900000000;30/11/22;15 Ciudad Lineal;151 Ventas;ALCALA, CALLE, DE;310;Carga y descarga 360;Línea;2;10,4;Laborables de 08:00 a 14:00 y de 16:30 a 19:00 MÁXIMO 45 MINUTOS ;-3.6489708450;40.4329304170
1501038;444543.8100000000;4474927.1100000000;29/11/22;15 Ciudad Lineal;151 Ventas;MARIA TERESA SAENZ DE HEREDIA, CALLE, DE;13;Carga y descarga 360;Línea;3;15;Laborables de 8 a 20 horas. Sábados no festivos de 8 a 15 horas. Excepto carga y descarga MÁXIMO 45 MINUTOS;-3.6537270830;40.4231273950
1501039;444151.0400000000;4475694.3900000000;13/01/23;15 Ciudad Lineal;151 Ventas;CYESA, CALLE, DE;11;Carga y descarga 360;Línea;1;6;DE LUNES A SÁBADOS DE 7 A 14 H Y 16 A 19 MÁXIMO 45 MINUTOS;-3.6584242480;40.4300140040
1501040;444918.2600000000;4475626.7400000000;24/01/23;15 Ciudad Lineal;151 Ventas;SERVANDO BATANERO, CALLE, DE;17;Carga y descarga 360;Línea;1;6;De lunes a sábado de 9 a 14 h. y de 16 a 19 h.;-3.6493739210;40.4294556570
1501041;444605.3900000000;4475490.8900000000;08/02/23;15 Ciudad Lineal;151 Ventas;PEDREZUELA, CALLE, DE;20;Carga y descarga 360;Línea;2;10;de lunes a viernes de 9 a 16 h MÁXIMO 45 MINUTOS;-3.6530504190;40.4282104480
1501042;444725.4500000000;4474677.4900000000;16/02/23;15 Ciudad Lineal;151 Ventas;SAN LAMBERTO, CALLE, DE;19;Carga y descarga 360;Línea;2;11;lab de 9 a 14 h. y de 16 a 19 h. MÁXIMO 45 MINUTOS;-3.6515643390;40.4208910840
1501043;444474.9500000000;4475023.1800000000;25/05/23;15 Ciudad Lineal;151 Ventas;MARQUES DE CORBERA, AVENIDA, DEL;21;Carga y descarga 360;Batería;4;10;lab. de lunes a sábado de 8 a 14 h. MÁXIMO 45 MINUTOS;-3.6545472720;40.4239882070
1501044;445033.2000000000;4475383.6500000000;27/09/23;15 Ciudad Lineal;151 Ventas;SANTA PRISCA, CALLE, DE;9;Carga y descarga 360;Línea;2;10;LAb. de lunes a sábado de 8 a 14,30 h. MAXIMO 45 MINUTOS;-3.6479979060;40.4272729740
1501045;444706.6600000000;4474586.2100000000;20/02/24;15 Ciudad Lineal;151 Ventas;SAN LAMBERTO, CALLE, DE;7;Carga y descarga 360;Línea;1;6;lunes a sábado de 09:00 a 14:00 h y de 16:00 a 19:00 h. MÁXIMO 45 MINUTOS;-3.6517779370;40.4200673420
1501046;444280.5700000000;4474805.3000000000;17/04/24;15 Ciudad Lineal;151 Ventas;MARQUES DE CORBERA, AVENIDA, DEL;4;Carga y descarga 360;Línea;1;7,5;lab. de lunes a sábado de 08:00 a 14:30 h. MÁXIMO 45 MINUTOS;-3.6568193930;40.4220129350
1501047;444476.5900000000;4475648.8600000000;25/04/24;15 Ciudad Lineal;151 Ventas;DAROCA, AVENIDA, DE;25;Carga y descarga 360;Línea;2;10,1;de lunes a viernes de 08:00 a 14:30 h. MÁXIMO 45 MINUTOS;-3.6545825660;40.4296255960
1501048;444631.6600000000;4475622.5700000000;25/04/24;15 Ciudad Lineal;151 Ventas;DAROCA, AVENIDA, DE;43;Carga y descarga 360;Línea;2;10;de lunes a viernes de 08:00 a 14:30 h. MÁXIMO 45 MINUTOS;-3.6527521950;40.4293984760
1501049;444883.6600000000;4475718.2100000000;15/07/24;15 Ciudad Lineal;151 Ventas;HERMANOS GOMEZ, CALLE, DE LOS;32;Carga y descarga 360;Línea;2;10;lab. de 09:00 a 14:00 h y de 16:00 a 19:00 h. MÁXIMO 45 MINUTOS;-3.6497896590;40.4302773930
1501050;444646.7300000000;4475958.2400000000;23/07/24;15 Ciudad Lineal;151 Ventas;ALCALA, CALLE, DE;282;Carga y descarga 360;Línea;2;10;Laborables de Lunes a Sabado de 08:00 a 14:30 h. MAXIMO 45 MINUTOS;-3.6526037990;40.4324238650
 Sin Datos;445637.9400000000;4475766.7100000000;14/02/05;15 Ciudad Lineal;152 Pueblo Nuevo;EMILIO FERRARI, CALLE, DE;62;Carga y descarga;Batería;8;45;LAB. DE 08:00 A 14:00 Y DE 16:30 A 19:00 H. EXCEPTO CARGA Y DESCARGA;-3.6409018230;40.4307637770
 Sin Datos;445577.3400000000;4475740.1100000000;14/02/05;15 Ciudad Lineal;152 Pueblo Nuevo;GUTIERRE DE CETINA, CALLE, DE;71;Carga y descarga;Batería;5;25;LAB. DE 08:00 A 14:00 Y DE 16:30 A 19:00 H. EXCEPTO CARGA Y DESCARGA;-3.6416139530;40.4305202700
 Sin Datos;446005.3800000000;4475765.6500000000;14/02/05;15 Ciudad Lineal;152 Pueblo Nuevo;SEQUILLO, CALLE, DEL;c/Franc Rioja;Carga y descarga;Línea;2;10;LAB. DE 08:00 A 14:00 Y DE 16:30 A 19:00 H. EXCEPTO CARGA Y DESCARGA;-3.6365701480;40.4307775850
 Sin Datos;445602.2500000000;4475850.1200000000;03/01/07;15 Ciudad Lineal;152 Pueblo Nuevo;EMILIO FERRARI, CALLE, DE;59;Carga y descarga;Línea;3;15;LAB. DE 08:00 A 14:00 Y DE 16:30 A 19:00 H. EXCEPTO CARGA Y DESCARGA;-3.6413298230;40.4315124030
 Sin Datos;445452.6100000000;4476101.4600000000;15/02/05;15 Ciudad Lineal;152 Pueblo Nuevo;EMILIO FERRARI, CALLE, DE;17;Carga y descarga;Línea;4;12,6;LAB. DE 08:00 A 14:00 Y DE 16:30 A 19:00 H. EXCEPTO CARGA Y DESCARGA;-3.6431154460;40.4337665340
 Sin Datos;445407.5000000000;4476026.3900000000;16/09/13;15 Ciudad Lineal;152 Pueblo Nuevo;GUTIERRE DE CETINA, CALLE, DE;29;Carga y descarga;Línea;3;15;LAB. DE 08:00 A 14:00 Y DE 16:30 A 19:00 H. EXCEPTO CARGA Y DESCARGA;-3.6436408480;40.4330880370
 Sin Datos;446209.0000000000;4475342.3500000000;27/05/15;15 Ciudad Lineal;152 Pueblo Nuevo;PORTUGALETE, CALLE, DE;23;Carga y descarga;Línea;3;15;LAB. DE 08:00 A 20:00 H. EXCEPTO CARGA Y DESCARGA ;-3.6341339310;40.4269780150
 Sin Datos;445565.5000000000;4476284.9800000000;26/04/18;15 Ciudad Lineal;152 Pueblo Nuevo;AMOS DE ESCALANTE, CALLE, DE;13;Carga y descarga;Línea;3;16,9;LAB. DE 08:00 A 14:00 Y DE 16:30 A 19:00 H. EXCEPTO CARGA Y DESCARGA;-3.6418001640;40.4354271950
 Sin Datos;445542.2400000000;4475897.6900000000;03/12/19;15 Ciudad Lineal;152 Pueblo Nuevo;VITAL AZA, CALLE, DE;38;Carga y descarga;Línea;3;15;DE LUNES A SABADO DE 07:00 A 11:00 Y DE 17:00 A 20:00 H. EXCEPTO CARGA Y DESCARGA;-3.6420413220;40.4319373660
 Sin Datos;445833.0100000000;4475286.7900000000;16/09/22;15 Ciudad Lineal;152 Pueblo Nuevo;GUTIERRE DE CETINA, CALLE, DE;100;Carga y descarga;Línea;2;10;DE LUNES A SÁBADO DE 07:00 A 14:00 Y DE 16:00 A 20:00 H. EXCEPTO CARGA Y DESCARGA;-3.6385614050;40.4264528420
 Sin Datos;445587.2700000000;4475457.3500000000;13/07/23;15 Ciudad Lineal;152 Pueblo Nuevo;BERASTEGUI, CALLE, DE;40;Carga y descarga;Línea;1;6,6;LAB. DE 07:00 A 14:00 Y DE 16:00 A 19:00 H. EXCEPTO CARGA Y DESCARGA;-3.6414727760;40.4279728990
 Sin Datos;445823.1700000000;4476470.3300000000;31/03/05;15 Ciudad Lineal;152 Pueblo Nuevo;ALFONSO PASO, CALLE, DE;1;Carga y descarga;Línea;4;24,1;LAB. DE 08:00 A 14:00 Y DE 16:30 A 19:00 H. EXCEPTO CARGA Y DESCARGA;-3.6387782700;40.4371142120
 Sin Datos;445327.3600000000;4476160.9000000000;26/09/12;15 Ciudad Lineal;152 Pueblo Nuevo;GUTIERRE DE CETINA, CALLE, DE;5;Carga y descarga;Línea;3;14,8;LAB. DE 08:00 A 14:00 Y DE 16:30 A 19:00 H. EXCEPTO CARGA Y DESCARGA  ;-3.6445972290;40.4342947440
 Sin Datos;445732.2500000000;4476441.1000000000;03/07/17;15 Ciudad Lineal;152 Pueblo Nuevo;VAZQUEZ DE MELLA, CALLE, DE;1;Carga y descarga;Línea;3;15,2;LAB. DE 08:00 A 14:00 Y DE 16:30 A 19:00 H. EXCEPTO CARGA Y DESCARGA;-3.6398476960;40.4368448640
 Sin Datos;445618.4400000000;4476372.8000000000;03/07/17;15 Ciudad Lineal;152 Pueblo Nuevo;VICENTE ESPINEL, CALLE, DE;1;Carga y descarga;Línea;4;20,3;LAB. DE 08:00 A 14:00 Y DE 16:30 A 19:00 H. EXCEPTO CARGA Y DESCARGA ;-3.6411836040;40.4362224600
 Sin Datos;445440.3400000000;4476257.2600000000;03/07/17;15 Ciudad Lineal;152 Pueblo Nuevo;RIO ULLA, CALLE, DEL;2;Carga y descarga;Batería;4;20,1;LAB. DE 08:00 A 14:00 Y DE 16:30 A 19:00 H. EXCEPTO CARGA Y DESCARGA;-3.6432734100;40.4351693640
 Sin Datos;445379.1800000000;4476225.1900000000;03/07/17;15 Ciudad Lineal;152 Pueblo Nuevo;EMILIO FERRARI, CALLE, DE;1;Carga y descarga;Línea;3;16,9;LAB. DE 08:00 A 14:00 Y DE 16:30 A 19:00 H. EXCEPTO CARGA Y DESCARGA;-3.6439916700;40.4348769260
 Sin Datos;445313.1000000000;4476184.8300000000;03/07/17;15 Ciudad Lineal;152 Pueblo Nuevo;GUTIERRE DE CETINA, CALLE, DE;1;Carga y descarga;Línea;2;10,1;LAB. DE 08:00 A 14:00 Y DE 16:30 A 19:00 H. EXCEPTO CARGA Y DESCARGA;-3.6447674550;40.4345086860
 Sin Datos;445430.2800000000;4475543.2700000000;20/03/19;15 Ciudad Lineal;152 Pueblo Nuevo;EZEQUIEL SOLANA, CALLE, DE;67;Carga y descarga;Línea;3;14;LAB. DE LUNES A VIERNES DE 08:00 A 14:30 Y DE 16:30 A 20:00 H. EXCEPTO CARGA Y DESCARGA;-3.6433307630;40.4287372250
 Sin Datos;445298.5300000000;4475437.8400000000;26/03/19;15 Ciudad Lineal;152 Pueblo Nuevo;GUILLEN DE CASTRO, CALLE, DE;8;Carga y descarga;Línea;3;14;LAB. DE LUENS A VIERNES DE 08:00 A 14:30 Y DE 16:30 A 20:00 H. EXCEPTO CARGA Y DESCARGA;-3.6448748850;40.4277782080
 Sin Datos;445382.2100000000;4476068.8400000000;13/05/22;15 Ciudad Lineal;152 Pueblo Nuevo;GUTIERRE DE CETINA, CALLE, DE;21;Carga y descarga;Línea;1;7;LAB. DE LUENS A SÁBADO DE 08:00 A 14:30 H. MÁXIMO 30 MINUTOS EXCEPTO CARGA Y DESCARGA;-3.6439425680;40.4334680800
 Sin Datos;446033.3800000000;4475994.6100000000;06/10/23;15 Ciudad Lineal;152 Pueblo Nuevo;ALUCAS, CALLE, DE;S/N;Carga y descarga;Línea;2;12;DE LUENS A SÁBADO DE 09:00 A 14:00 Y DE 16:00 A 19:00 H. EXCEPTO CARGA Y DESCARGA;-3.6362595470;40.4328421240
 Sin Datos;445605.6600000000;4476301.9600000000;15/02/05;15 Ciudad Lineal;152 Pueblo Nuevo;AMOS DE ESCALANTE, CALLE, DE;14;Carga y descarga;Línea;3;14;LAB. DE 08:00 A 14:00 Y DE 16:30 A 19:00 H. EXCEPTO CARGA Y DESCARGA ;-3.6413282190;40.4355834980
 Sin Datos;445787.0900000000;4476419.8200000000;15/02/05;15 Ciudad Lineal;152 Pueblo Nuevo;JOSE ARCONES GIL, CALLE, DE;8;Carga y descarga;Línea;3;14,5;LAB. DE 08:00 A 14:00 Y DE 16:30 A 19:00 H. EXCEPTO CARGA Y DESCARGA;-3.6391993370;40.4366568770
 Sin Datos;445633.6800000000;4476048.0100000000;15/02/05;15 Ciudad Lineal;152 Pueblo Nuevo;MADRES DE LA PLAZA DE MAYO, CALLE, DE LAS;8;Carga y descarga;Línea;2;10;LAB. DE 09:00 A 20:00 H. EXCEPTO CARGA Y DESCARGA;-3.6409761930;40.4332977970
 Sin Datos;445727.8700000000;4476377.7300000000;25/01/19;15 Ciudad Lineal;152 Pueblo Nuevo;AMOS DE ESCALANTE, CALLE, DE;45;Carga y descarga;Línea;2;9,4;DE LUNES A VIERNES LABORABLES DE 08:00 A 14:00 Y DE 16:30 A 19:00 H SABADOS LAB. DE 08:00 A 15:00 H. EXCEPTO CARGA Y DESCARGA;-3.6398938190;40.4362742560
 Sin Datos;445731.2300000000;4475484.7900000000;13/04/21;15 Ciudad Lineal;152 Pueblo Nuevo;GUTIERRE DE CETINA, CALLE, DE;107;Carga y descarga;Batería;4;18,4;LAB. DE 08:00 A 14:00 Y DE 16:30 A 19:00 H. EXCEPTO CARGA Y DESCARGA;-3.6397779090;40.4282296990
 Sin Datos;445530.8900000000;4475373.0500000000;18/11/25;15 Ciudad Lineal;152 Pueblo Nuevo;EZEQUIEL SOLANA, CALLE, DE;99;Carga y descarga;Línea;3;16,6;LAB. DE 09:00 A 14:00 H Y DE 16:30 A 20:00 H. EXCEPTO CARGA Y DESCARGA;-3.6421300730;40.4272104070
1502001;445194.4900000000;4476110.4100000000;26/09/23;15 Ciudad Lineal;152 Pueblo Nuevo;URQUIZA, CALLE, DE;1;Carga y descarga 360;Línea;2;16,5;Laborables de 08:00 a 14:00 y de 16:30 a 19:00 MAXIMO 45 MINUTOS ;-3.6461592270;40.4338305910
1502002;445354.4400000000;4475647.7800000000;03/10/23;15 Ciudad Lineal;152 Pueblo Nuevo;EZEQUIEL SOLANA, CALLE, DE;60;Carga y descarga 360;Línea;2;11,4;Laborables de 08:00 a 14:00 y de 16:30 a 19:00 MÁXIMO 45 MINUTOS ;-3.6442338020;40.4296732660
1502003;445250.3300000000;4476146.6600000000;02/10/23;15 Ciudad Lineal;152 Pueblo Nuevo;TIMOTEO DOMINGO, CALLE, DE;2;Carga y descarga 360;Línea;3;15;lab. de lunes a viernes de 8 a 20 horas y sabados de 8 a 15 horas MÁXIMO 45 MINUTOS;-3.6455041070;40.4341611870
1502004;445074.5700000000;4475947.0600000000;02/10/23;15 Ciudad Lineal;152 Pueblo Nuevo;LAGO CONSTANZA, CALLE, DEL;13;Carga y descarga 360;Batería;3;11,9;Laborables de 8 a 20 horas. Sábados no festivos de 8 a 15 horas. MÁXIMO 45 MINUTOS;-3.6475589630;40.4323516150
1502005;445395.0400000000;4475875.5100000000;02/10/23;15 Ciudad Lineal;152 Pueblo Nuevo;ARROYO DE LA ELIPA, CALLE, DEL;8;Carga y descarga 360;Línea;1;6,5;De lunes a sabado de 7 a 14 h y de 16 a 20 h MÁXIMO 45 MINUTOS;-3.6437747480;40.4317282370
1502006;445153.4400000000;4476011.3000000000;03/10/23;15 Ciudad Lineal;152 Pueblo Nuevo;EZEQUIEL SOLANA, CALLE, DE;7;Carga y descarga 360;Batería;1;3,7;de lunes a sábado de 7 a 14 h y de 16 a 19 h. MÁXIMO 45 MINUTOS;-3.6466346670;40.4329355160
1502007;445306.4500000000;4475730.7300000000;03/10/23;15 Ciudad Lineal;152 Pueblo Nuevo;EZEQUIEL SOLANA, CALLE, DE;54;Carga y descarga 360;Línea;3;15;lab. lunes a sábado de 8 a 14,30 h. MÁXIMO 45 MINUTOS;-3.6448067030;40.4304173090
1502008;445155.5700000000;4476101.8500000000;04/11/24;15 Ciudad Lineal;152 Pueblo Nuevo;ALCALA, CALLE, DE;330;Carga y descarga 360;Línea;2;10;LAB DE 08:00 A 14:00 Y DE 16:30 A 19:00 H. EXCEPTO CARGA Y DESCARGA MÁXIMO 45 MINUTOS;-3.6466174210;40.4337514650
1502009;445579.6400000000;4475680.7900000000;14/08/25;15 Ciudad Lineal;152 Pueblo Nuevo;ASCAO, CALLE, DE;9;Carga y descarga 360;Línea;3;15;lab. de lunes a sábado de 08:00 a 14:30 h. excepto CARGA Y DESCARGA MÁXIMO 45 MINUTOS;-3.6415818100;40.4299853560
 Sin Datos;445230.1200000000;4476476.5700000000;18/02/05;15 Ciudad Lineal;153 Quintana;HERMANOS DE PABLO, CALLE, DE LOS;30;Carga y descarga;Línea;3;17;LAB. DE 08:00 A 14:00 Y DE 16:30 A 19:00 H. EXCEPTO CARGA Y DESCARGA;-3.6457707610;40.4371318590
 Sin Datos;445353.1700000000;4476538.5000000000;18/02/05;15 Ciudad Lineal;153 Quintana;VIRGEN DE LLUC, CALLE, DE LA;65;Carga y descarga;Línea;2;12;LAB. DE 08:00 A 14:00 Y DE 16:30 A 19:00 H. EXCEPTO CARGA Y DESCARGA;-3.6443253610;40.4376978270
 Sin Datos;445511.4500000000;4476477.3500000000;18/02/05;15 Ciudad Lineal;153 Quintana;REVERENCIA, PLAZA, DE LA;2;Carga y descarga;Línea;4;19;LAB. DE 08:00 A 14:00 Y DE 16:30 A 19:00 H. EXCEPTO CARGA Y DESCARGA;-3.6424539660;40.4371572410
 Sin Datos;445419.2400000000;4476445.1200000000;15/02/05;15 Ciudad Lineal;153 Quintana;ELFO, CALLE, DEL;135;Carga y descarga;Línea;3;15;LAB. DE 08:00 A 14:00 Y DE 16:30 A 19:00 H. EXCEPTO CARGA Y DESCARGA;-3.6435384030;40.4368606210
 Sin Datos;445505.4600000000;4476859.3700000000;30/04/18;15 Ciudad Lineal;153 Quintana;FLORENCIO GARCIA, CALLE, DE;77;Carga y descarga;Línea;3;15;LAB. DE 08:00 A 14:00 H. EXCEPTO CARGA Y DESCARGA EN LÍNEA;-3.6425573850;40.4405979670
 Sin Datos;445366.1300000000;4476464.3000000000;10/07/17;15 Ciudad Lineal;153 Quintana;SAMBARA, CALLE, DE;123;Carga y descarga;Línea;4;14;LAB. DE LUNES A VIERNES DE 08:00 A 20:00 H. SÁBADOS LABORABLES DE 08:00 A 15:00 H. EXCEPTO CARGA Y DESCARGA;-3.6441661360;40.4370297580
 Sin Datos;445775.8400000000;4476530.1200000000;03/07/17;15 Ciudad Lineal;153 Quintana;LUVA, CALLE, DE;3;Carga y descarga;Línea;6;30,1;LAB. DE 08:00 A 14:00 Y DE 16:30 A 19:00 H. EXCEPTO CARGA Y DESCARGA;-3.6393413160;40.4376502140
 Sin Datos;445687.4300000000;4476474.4000000000;03/07/17;15 Ciudad Lineal;153 Quintana;BOLDANO, CALLE, DE;2;Carga y descarga;Línea;5;24,8;LAB. DE 08:00 A 14:00 H. Y DE 16:30 A 19:00 H. EXCEPTO CARGA Y DESCARGA;-3.6403789420;40.4371417140
 Sin Datos;445285.4100000000;4476643.6800000000;12/04/22;15 Ciudad Lineal;153 Quintana;ZIGIA, CALLE, DE LA;14;Carga y descarga;Línea;2;11,1;LAB. DE 08:00 A 14:00 H. Y DE 16:30 A 19:00 H. EXCEPTO CARGA Y DESCARGA;-3.6451334030;40.4386408580
 Sin Datos;445338.0900000000;4476781.0100000000;13/06/24;15 Ciudad Lineal;153 Quintana;JOSE DEL HIERRO, CALLE, DE;48;Carga y descarga;Batería;2;12,1;LAB. DE 08:00 A 14:30 hHRGA Y DESCARGA EN LÍNEA;-3.6445240050;40.4398809680
 Sin Datos;445465.4300000000;4476345.9300000000;14/06/24;15 Ciudad Lineal;153 Quintana;DOCTOR VALLEJO, CALLE, DEL;2;Carga y descarga;Línea;2;10,3;LAB. DE 08:00 A 14:00 H Y DE 16:30 A 19:00 H.;-3.6429852700;40.4359697860
 Sin Datos;445239.7800000000;4476727.1300000000;14/06/24;15 Ciudad Lineal;153 Quintana;JOSE DEL HIERRO, CALLE, DE;42;Carga y descarga;Batería;2;9,2;LAB. DE 08:00 A 14:30 H. MÁXIMO 45 MINUTOS EXCEPTO CARGA Y DESCARGA EN LÍNEA;-3.6456785150;40.4393896560
 Sin Datos;446081.0100000000;4476632.5500000000;06/06/01;15 Ciudad Lineal;153 Quintana;ALCALA, CALLE, DE;443;Carga y descarga;Línea;4;18;LAB. DE 08:00 A 14:00 Y DE 16:30 A 19:00 H. EXCEPTO CARGA Y DESCARGA;-3.6357520210;40.4385923860
 Sin Datos;445888.2700000000;4476630.2300000000;14/09/04;15 Ciudad Lineal;153 Quintana;ARZOBISPO COS, CALLE, DEL;1;Carga y descarga;Línea;5;26;LAB. DE 08:00 A 14:00 H. Y DE 16:30 A 19:00 H. EXCEPTO CARGA Y DESCARGA;-3.6380242570;40.4385587530
 Sin Datos;445943.7800000000;4476585.0800000000;07/03/05;15 Ciudad Lineal;153 Quintana;ALCALA, CALLE, DE;423;Carga y descarga;Línea;4;23;LAB. DE 08:00 A 14:00 Y DE 16:30 A 19:00 H. EXCEPTO CARGA Y DESCARGA;-3.6373659860;40.4381553910
 Sin Datos;446074.9400000000;4476679.4000000000;17/01/11;15 Ciudad Lineal;153 Quintana;GENERAL ARANAZ, CALLE, DEL;3;Carga y descarga;Línea;3;15;LAB. DE 08:00 A 14:00 H. Y DE 16:30 A 19:00 H. EXCEPTO CARGA Y DESCARGA;-3.6358275950;40.4390141970
1503001;445139.6700000000;4476462.2500000000;25/11/22;15 Ciudad Lineal;153 Quintana;FEDERICO GUTIERREZ, CALLE, DE;38;Carga y descarga 360;Línea;3;12,26;lab. de 8 a 14 h. y de 16,30 a 19 h. MÁXIMO 45 MINUTOS;-3.6468359470;40.4369967550
1503002;444402.4800000000;4476007.2400000000;25/11/22;15 Ciudad Lineal;153 Quintana;ALCALDE LOPEZ CASERO, CALLE, DEL;8;Carga y descarga 360;Línea;3;14,7;Laborables de 08:00 a 14:00 y de 16:30 a 19:00 MÁXIMO 45 MINUTOS;-3.6554874950;40.4328485980
1503003;444607.5700000000;4476025.5300000000;25/11/22;15 Ciudad Lineal;153 Quintana;SIENA, CALLE, DE;37;Carga y descarga 360;Línea;3;15,1;Laborables de 08:00 a 14:00 y de 16:30 a 19:00 MÁXIMO 45 MINUTOS ;-3.6530713320;40.4330269030
1503005;445010.7100000000;4476039.4100000000;19/05/23;15 Ciudad Lineal;153 Quintana;ALCALA, CALLE, DE;337;Carga y descarga 360;Línea;6;29,8;lab. de 8 a 14 h y de 16,30 a 19 h.;-3.6483197360;40.4331792520
1503006;445087.9900000000;4476098.5300000000;11/08/23;15 Ciudad Lineal;153 Quintana;VIRGEN DEL SAGRARIO, CALLE, DE LA;4;Carga y descarga 360;Línea;3;14,9;Laborables de 08:00 a 14:00 y de 16:30 a 19:00 MÁXIMO 45 MINUTOS;-3.6474137750;40.4337169160
1503007;445211.7600000000;4476340.5800000000;26/11/22;15 Ciudad Lineal;153 Quintana;FEDERICO GUTIERREZ, CALLE, DE;19;Carga y descarga 360;Línea;3;12;lab. de 8 a 14 h. y de 16,30 a 19 h. MÁXIMO 45 MINUTOS;-3.6459755370;40.4359056150
1503008;445292.6000000000;4476223.2300000000;12/03/24;15 Ciudad Lineal;153 Quintana;FEDERICO GUTIERREZ, CALLE, DE;2;Carga y descarga 360;Línea;4;15,2;lab. de 08:00 a 14:00 h. y de 16:30 a 19:00 h. MÁXIMO 45 MINUTOS;-3.6450122800;40.4348538360
1503009;445062.1900000000;4476062.4700000000;19/05/23;15 Ciudad Lineal;153 Quintana;ALCALA, CALLE, DE;339;Carga y descarga 360;Línea;4;20,2;lab. de 8 a 14 h. y de 16,30 a 19 h.;-3.6477148650;40.4333899860
1503010;444743.1800000000;4476117.6700000000;26/11/22;15 Ciudad Lineal;153 Quintana;ELFO, CALLE, DEL;59;Carga y descarga 360;Línea;3;15;Laborables de 8 a 20 horas.  Sábados no festivos de 8 a 15 horas. MÁXIMO 45 MINUTOS;-3.6514805150;40.4338666300
1503011;445344.2700000000;4476260.4500000000;14/04/26;15 Ciudad Lineal;153 Quintana;HERMANOS DE PABLO, CALLE, DE LOS;1;Carga y descarga 360;Línea;3;12;LAB. DE 8:00 A 14:00 H. Y DE 16:30 A 19:30 EN LÍNEA MÁXIMO 45 MINUTOS;-3.6444063770;40.4351925690
1503014;445111.1600000000;4476242.5100000000;28/11/22;15 Ciudad Lineal;153 Quintana;ELFO, CALLE, DEL;80;Carga y descarga 360;Línea;3;16,7;LAB DE 8 A 14 H Y DE 16.30 A 19 H MÁXIMO 45 MINUTOS;-3.6471530790;40.4350153530
1503015;445024.4500000000;4476147.7400000000;11/08/23;15 Ciudad Lineal;153 Quintana;ARGENTINA, CALLE, DE;S/N;Carga y descarga 360;Línea;2;11,1;Laborables de 08:00 a 15:00 MÁXIMO 45 MINUTOS;-3.6481671000;40.4341558020
1503016;444428.4600000000;4475937.2200000000;18/03/26;15 Ciudad Lineal;153 Quintana;ALCALA, CALLE, DE;279;Carga y descarga 360;Línea;2;9,7;LAB. DE 08:00 A 17:00 MÁXIMO 45 MINUTOS;-3.6551751760;40.4322197770
1503017;444520.4900000000;4475953.1200000000;28/11/22;15 Ciudad Lineal;153 Quintana;ALCALA, CALLE, DE;289;Carga y descarga 360;Línea;1;8,4;lab. de 8 a 14 h. y de 16,30 a 19 h. MÁXIMO 45 MINUTOS;-3.6540915410;40.4323691470
1503018;444587.9700000000;4475964.8500000000;28/11/22;15 Ciudad Lineal;153 Quintana;ALCALA, CALLE, DE;297;Carga y descarga 360;Línea;2;14,3;lab. de 8 a 14 h. y de 16,30 a 19 h. MÁXIMO 45 MINUTOS;-3.6532970200;40.4324794990
1503019;444636.5700000000;4475973.7400000000;23/07/24;15 Ciudad Lineal;153 Quintana;ALCALA, CALLE, DE;303;Carga y descarga 360;Línea;2;9,8;lab. de 8 a 14 h. y de 16,30 a 19 h. MÁXIMO 45 MIUTOS;-3.6527249220;40.4325626350
1503020;444809.1600000000;4476003.6200000000;28/11/22;15 Ciudad Lineal;153 Quintana;ALCALA, CALLE, DE;321;Carga y descarga 360;Línea;2;9,47;lab. de 8a 14 h. y de 16,30 a 19 h. MÁXIMO 45 MINUTOS;-3.6506928700;40.4328429830
1503021;444957.7700000000;4476111.2200000000;21/02/23;15 Ciudad Lineal;153 Quintana;ARGENTINA, CALLE, DE;10;Carga y descarga 360;Línea;2;12;de lunes a sábado de 7 a 14 h. y de 16 a 19 h. MAXIMO 45 MINUTOS;-3.6489501620;40.4338223970
 Sin Datos;445439.0500000000;4476872.8400000000;16/03/10;15 Ciudad Lineal;154 La Concepción;ANGEL LARRA, CALLE, DE;Fte 2;Carga y descarga;Línea;2;10;LAB. DE 08:00 A 14:00 Y DE 16:30 A 19:00 H. EXCEPTO CARGA Y DESCARGA;-3.6433415920;40.4407156530
 Sin Datos;445054.3600000000;4477141.9600000000;02/02/23;15 Ciudad Lineal;154 La Concepción;JUAN PEREZ ZUÑIGA, CALLE, DE;22;Carga y descarga;Línea;1;6;LAB. DE 07:00 A 14:00 Y DE 16:30 a 20:00 H. EXCEPTO CARGA Y DESCARGA;-3.6479004460;40.4431141110
 Sin Datos;445462.7500000000;4476871.1700000000;13/06/24;15 Ciudad Lineal;154 La Concepción;JOSE DEL HIERRO, CALLE, DE;53;Carga y descarga;Batería;3;16,41;LAB. DE 08:00 A 14:30 H. MÁXIMO 45 MINUTOS EXCEPTO CARGA Y DESCARGA EN LÍNEA;-3.6430619320;40.4407015010
 Sin Datos;445291.2600000000;4477112.6100000000;22/09/25;15 Ciudad Lineal;154 La Concepción;MARQUES DE PICO VELASCO, CALLE, DEL;60;Carga y descarga;Línea;3;14;LAB. DE 08:00 A 14:00 Y DE 16:30 A 20:00 H. EXCEPTO CARGA Y DESCARGA;-3.6451046410;40.4428650460
1504001;444161.7000000000;4476053.3200000000;03/10/23;15 Ciudad Lineal;154 La Concepción;VIRGEN DEL PUIG, CALLE, DE LA;Virgen Alegria;Carga y descarga 360;Línea;5;17,6;Laborables de 08:00 a 14:00 y de 16:30 a 19:00 MÁXIMO 45 MINUTOS ;-3.6583300540;40.4332481220
1504002;444367.1800000000;4475926.0700000000;26/09/23;15 Ciudad Lineal;154 La Concepción;ALCALA, CALLE, DE;275;Carga y descarga 360;Línea;3;15,2;Laborables de 08:00 a 14:00 y de 16:30 a 19:00 MÁXIMO 45 MINUTOS ;-3.6558965300;40.4321149830
1504003;444277.5400000000;4476350.8200000000;03/10/23;15 Ciudad Lineal;154 La Concepción;VIRGEN DE LOURDES, CALLE, DE LA;28;Carga y descarga 360;Línea;4;19;Laborables de 08:00 a 14:00 y de 16:30 a 19:00 MÁXIMO 45 MINUTOS ;-3.6569905360;40.4359351220
1504004;444386.5500000000;4476031.3900000000;02/10/23;15 Ciudad Lineal;154 La Concepción;ALCALDE LOPEZ CASERO, CALLE, DEL;7;Carga y descarga 360;Línea;2;12,2;Laborables de 08:00 a 14:00 y de 16:30 a 19:00 MÁXIMO 45 MINUTOS ;-3.6556773160;40.4330655770
1504005;444394.9500000000;4475980.8200000000;02/10/23;15 Ciudad Lineal;154 La Concepción;ALCALDE LOPEZ CASERO, CALLE, DEL;3;Carga y descarga 360;Línea;1;8,9;Laborables de 08:00 a 14:00 y de 16:30 a 19:00 MÁXIMO 45 MINUTOS ;-3.6555740120;40.4326101910
1504006;444216.2700000000;4476293.4300000000;03/10/23;15 Ciudad Lineal;154 La Concepción;VIRGEN DE LA ROCA, CALLE, DE LA;20;Carga y descarga 360;Batería;3;11,4;Laborables de 08:00 a 14:00 y de 16:30 a 19:00 MÁXIMO 45 MINUTOS ;-3.6577078790;40.4354143030
1504007;444083.3800000000;4476240.4100000000;03/10/23;15 Ciudad Lineal;154 La Concepción;DONOSTIARRA, AVENIDA;2;Carga y descarga 360;Batería;5;13;Laborables de 08:00 a 14:00 y de 16:30 a 19:00 MÁXIMO 45 MINUTOS ;-3.6592699340;40.4349279190
1504008;444777.5700000000;4476586.7300000000;11/10/23;15 Ciudad Lineal;154 La Concepción;VIRGEN DEL SAGRARIO, CALLE, DE LA;23;Carga y descarga 360;Línea;2;10,9;Laborables de 09:00 a 14:00 y de 16:00 a 19:00 MÁXIMO 45 MINUTOS ;-3.6511158270;40.4380941420
1504009;444693.8800000000;4476673.8200000000;02/10/24;15 Ciudad Lineal;154 La Concepción;VIRGEN DEL VAL, CALLE, DE LA;32;Carga y descarga 360;Línea;2;12,8;lab. de 08:00 a 14:00 h. y de 16:30 a 19:00 h.MÁXIMO 45 MINUTOS;-3.6521101960;40.4388726770
1504010;444210.0500000000;4475920.3000000000;26/09/23;15 Ciudad Lineal;154 La Concepción;RAQUEL MELLER, CALLE, DE;1;Carga y descarga 360;Línea;3;14;lab. de lunes a viernes de 08:00 a 14:00 y de 16:30 a 19:00 sabados lab. de 08:00 a 15:00 EN LINEA MÁXIMO 45 MINUTOS ;-3.6577483870;40.4320526450
1504011;444860.7800000000;4476782.8000000000;11/10/23;15 Ciudad Lineal;154 La Concepción;VIRGEN DEL VAL, CALLE, DE LA;52;Carga y descarga 360;Línea;2;10,3;Laborables de lunes a viernes de 08:00 a 14:00 y de 16:30 a 19:00 Sábados lab. de 08:00 a 15:00 MÁXIMO 45 MINUTOS;-3.6501518260;40.4398655550
1504012;444074.8800000000;4476132.6300000000;01/11/23;15 Ciudad Lineal;154 La Concepción;VIRGEN DEL CORO, CALLE, DE LA;1;Carga y descarga 360;Batería;1;2,5;de lunes a sábado de 9 a 14 h y de 16 a 19 h. MÁXIMO 45 MINUTOS;-3.6593606330;40.4339562980
1504013;444842.1800000000;4476548.6800000000;25/04/24;15 Ciudad Lineal;154 La Concepción;VIRGEN DEL PORTILLO, CALLE, DE LA;25;Carga y descarga 360;Línea;1;10;lab. de lunes a viernes de 08:00 a 14:30 h. MÁXIMO 45 MINUTOS;-3.6503507570;40.4377554660
1504014;444915.8700000000;4476595.0100000000;24/04/24;15 Ciudad Lineal;154 La Concepción;VIRGEN DEL PORTILLO, CALLE, DE LA;31;Carga y descarga 360;Línea;1;8;lab. de lunes a viernes de 08:00 a 14:00 h. MÁXIMO 45 MINUTOS;-3.6494861060;40.4381777360
1504015;444137.5700000000;4476230.9800000000;28/06/24;15 Ciudad Lineal;154 La Concepción;DONOSTIARRA, AVENIDA;10;Carga y descarga 360;Batería;1;3;DE LUNES A SÁBADO DE 09:00 A 14:00 H. Y DE 16:00 A 19:00 H. MÁXIMO 45 MINUTOS;-3.6586302840;40.4348464450
1504016;444324.5900000000;4476044.4200000000;19/03/26;15 Ciudad Lineal;154 La Concepción;ELFO, CALLE, DEL;9 A;Carga y descarga 360;Línea;1;6;DE LUNES A SÁBADO DE 09:00 A 14:00 Y DE 16:00 A 19:00 H.;-3.6564089830;40.4331780490
1505001;444727.1100000000;4477287.4500000000;30/11/22;15 Ciudad Lineal;155 San Pascual;MADRE ANTONIA PARIS, CALLE, DE LA;1;Carga y descarga 360;Línea;3;15;lab. de 8 a 14 h. MÁXIMO 45 MINUTOS;-3.6517716920;40.4444030370
1505002;444649.1600000000;4477154.5900000000;30/11/22;15 Ciudad Lineal;155 San Pascual;BADAJOZ, AVENIDA, DE;13;Carga y descarga 360;Línea;4;22;lab. de 8 a 14 h. y de 16,30 a 19 h. MÁXIMO 45 MINUTOS ;-3.6526793720;40.4432013150
1505003;444547.6600000000;4476657.6600000000;22/12/22;15 Ciudad Lineal;155 San Pascual;FRANCISCO GINER DE LOS RIOS, CALLE, DE;1;Carga y descarga 360;Línea;3;18,3;MÁXIMO 45 MINUTOS (SIN HORARIO);-3.6538326210;40.4387177490
1505004;444573.7000000000;4476609.0700000000;30/11/22;15 Ciudad Lineal;155 San Pascual;VIRGEN DEL VAL, CALLE, DE LA;9;Carga y descarga 360;Línea;5;24;lab. de 8 a 14 h. y de 16,30 a 19 h. MÁXIMO 45 MINUTOS;-3.6535215050;40.4382821290
1505005;444262.3000000000;4477046.1800000000;30/11/22;15 Ciudad Lineal;155 San Pascual;ALBACETE, CALLE, DE;3 A;Carga y descarga 360;Línea;3;15;lab. de 8 a 14 h. y de 16,30 a 19 h. MAXIMO 45 MINUTOS ;-3.6572312350;40.4421985250
1505006;444325.0200000000;4476466.6400000000;30/11/22;15 Ciudad Lineal;155 San Pascual;ANTONIO CALVO, CALLE, DE;5;Carga y descarga 360;Línea;3;15;Lab de 8 a 17 h MÁXIMO 45 MINUTOS;-3.6564410120;40.4369820880
1505007;444375.7900000000;4476804.8200000000;30/11/22;15 Ciudad Lineal;155 San Pascual;VERDAGUER Y GARCIA, CALLE, DE;7;Carga y descarga 360;Línea;3;15,1;lab de lunes a viernes de 8 a 20 h y sábados de 8 a 15 h.MÁXIMO 45 MINUTOS;-3.6558718930;40.4400316560
1505008;444478.1200000000;4477286.3700000000;01/12/22;15 Ciudad Lineal;155 San Pascual;TORRELAGUNA, CALLE, DE;69;Carga y descarga 360;Línea;1;12,2;LAB DE LUNES A VIERNES DE 8 A 14.30 Y DE 16.30 A 20 H. MÁXIMO 45 MINUTOS;-3.6547075850;40.4443767960
1505009;444347.0200000000;4476781.3700000000;30/11/22;15 Ciudad Lineal;155 San Pascual;VERDAGUER Y GARCIA, CALLE, DE;2;Carga y descarga 360;Línea;3;16,1;LAB DE LUNES A VIERNES DE 8 A 14 H Y DE 16.30 A 19 H. SABADOS LAB DE 8 A 15 H.MÁXIMO 45 MINUTOS;-3.6562090780;40.4398191460
1505010;444725.7800000000;4477497.7000000000;01/12/22;15 Ciudad Lineal;155 San Pascual;AGASTIA, CALLE, DE;48;Carga y descarga 360;Línea;3;14,9;lab. de 8 a 14 y de 16.30 a 19 h. MÁXIMO 45 MINUTOS;-3.6518057830;40.4462971780
1505011;444571.1600000000;4477302.3000000000;01/12/22;15 Ciudad Lineal;155 San Pascual;CONDESA DE VENADITO, CALLE, DE LA;16;Carga y descarga 360;Línea;3;14;LAB DE 8 A 14 H. Y DE 16.30 A 19 H. MÁXIMO 45 MINUTOS;-3.6536119750;40.4445269110
1505012;444625.2600000000;4476940.4000000000;01/12/22;15 Ciudad Lineal;155 San Pascual;VERDAGUER Y GARCIA, CALLE, DE;57;Carga y descarga 360;Línea;2;13;lab. de lunes a viernes de 8a 14.30 h y de 16.30 a 20 h. MÁXIMO 45 MINUTOS;-3.6529424740;40.4412697030
1505013;444767.7500000000;4476903.3000000000;01/12/22;15 Ciudad Lineal;155 San Pascual;CANAL DE PANAMA, CALLE, DEL;S/N;Carga y descarga 360;Batería;3;9,7;lab. de 8 a 14 h. y de 16,30 a 19 h. MÁXIMO 45 MINUTOS;-3.6512592390;40.4409450650
1505014;444634.9000000000;4476813.6000000000;03/02/23;15 Ciudad Lineal;155 San Pascual;MARTINEZ VILLERGAS, CALLE, DE;7;Carga y descarga 360;Línea;2;11,2;lab. de 7 a 14 h. y de 16 a 19 h. MÁXIMO 45 MINUTOS;-3.6528176840;40.4401287150
1505015;444431.4900000000;4476900.9600000000;01/12/22;15 Ciudad Lineal;155 San Pascual;VIRGEN DE AFRICA, CALLE, DE LA;42;Carga y descarga 360;Línea;3;16,1;de lunes a sábado de 7 a 14 h. y de 16 a 20 h. MÁXIMO 45 MINUTOS;-3.6552236480;40.4409020930
1505016;444511.1800000000;4476957.8400000000;01/12/22;15 Ciudad Lineal;155 San Pascual;PABLO SANCHEZ, CALLE, DE;2;Carga y descarga 360;Línea;2;10;lab. de lunes a sabado de 7 a 14 h y de 16 a 20 h. MÁXIMO 45 MINUTOS;-3.6542889820;40.4414193020
1505017;444309.6600000000;4476522.7400000000;07/03/23;15 Ciudad Lineal;155 San Pascual;ANTONIO CALVO, CALLE, DE;11;Carga y descarga 360;Línea;1;4,86;de lunes a sábado de 7 a 14 y de 16 a 20 h. MÁXIMO 45 MINUTOS;-3.6566270510;40.4374860610
1505018;444473.4900000000;4476728.6100000000;11/04/23;15 Ciudad Lineal;155 San Pascual;VIRGEN DE AFRICA, CALLE, DE LA;29;Carga y descarga 360;Línea;1;7,5;de lunes a sábado de 7 a 14 h. y de 16 a 19 h. MÁXIMO 45 MINUTOS;-3.6547134290;40.4393520700
 Sin Datos;444489.4700000000;4478392.9700000000;27/06/18;15 Ciudad Lineal;156 San Juan Bautista;BUESO PINEDA, CALLE, DE;36;Carga y descarga;Línea;3;15;LAB DE 08:00 A 14:00 Y DE 16:30 A 20:00 H .EXCEPTO CARGA Y DESCARGA;-3.6546704580;40.4543464330
1506001;444201.4000000000;4477968.7800000000;11/10/23;15 Ciudad Lineal;156 San Juan Bautista;CIDAMON, CALLE, DE;1;Carga y descarga 360;Línea;3;15;lab. de 8 a 14 h. y de 16,30 a 19 h. MÁXIMO 45 MINUTOS;-3.6580302820;40.4505056680
1506002;444303.9500000000;4478217.3100000000;11/10/23;15 Ciudad Lineal;156 San Juan Bautista;AGASTIA, CALLE, DE;102;Carga y descarga 360;Línea;1;7;lab. de 8:00 a 20:00 hrs.Sábados de 8:00 a 15:00 hrs MÁXIMO 45 MINUTOS;-3.6568428840;40.4527513190
1506003;444217.9100000000;4477659.9300000000;24/10/23;15 Ciudad Lineal;156 San Juan Bautista;RAMIREZ DE ARELLANO, CALLE, DE;27;Carga y descarga 360;Línea;1;6,4;Laborables 8 a 14h y de 16.30 a 19 h.MÁXIMO 45 MINUTOS;-3.6578085470;40.4477249320
1506004;444191.3800000000;4477926.8000000000;11/10/23;15 Ciudad Lineal;156 San Juan Bautista;TORRELAGUNA, CALLE, DE;72;Carga y descarga 360;Línea;1;7;Laborables de 8 a 14 H MÁXIMO 45 MINUTOS;-3.6581448160;40.4501274010
1506005;443945.2600000000;4477669.1400000000;24/10/23;15 Ciudad Lineal;156 San Juan Bautista;RAFAEL BERGAMIN, CALLE, DE;8;Carga y descarga 360;Batería;3;15;Laborables de lunes a viernes de 8 a 14 horas MAXIMO 45 MINUTOS;-3.6610243880;40.4477896760
1506006;444260.5700000000;4477778.9100000000;05/02/24;15 Ciudad Lineal;156 San Juan Bautista;TORRELAGUNA, CALLE, DE;66;Carga y descarga 360;Línea;3;15;De lunes s sábado de 9 a 14 H y de 16 a 19 H excepto carga y descarga MÁXIMO 45 MINUTOS;-3.6573159180;40.4487997430
1507001;443997.2900000000;4478800.1600000000;12/09/22;15 Ciudad Lineal;157 Colina;LOPEZ DE HOYOS, CALLE, DE;301;Carga y descarga 360;Batería;7;18;Laborables de 08:00 a 14:00  y de 16:30 a 19:00 MÁXIMO 45 MINUTOS;-3.6605105020;40.4579818500
1507002;444104.3800000000;4478841.1200000000;12/09/22;15 Ciudad Lineal;157 Colina;CAÑAS, CALLE, DE LAS;con Arturo Sori;Carga y descarga 360;Línea;2;11,9;Laborables de 09:00 a 14:00 y de 16:30 a 20:00 MÁXIMO 45 MINUTOS;-3.6592512550;40.4583576530
1507003;444008.6300000000;4478921.4900000000;12/09/22;15 Ciudad Lineal;157 Colina;VICENTE MUZAS, CALLE, DE;17;Carga y descarga 360;Línea;2;10,69;De Lunes a sábado de 07:00 a 11:00 y de 17:00 a 20:00 MÁXIMO 45 MINUTOS;-3.6603875450;40.4590753980
1507004;443992.4500000000;4478475.3700000000;12/09/22;15 Ciudad Lineal;157 Colina;TORRELAGUNA, CALLE, DE;108;Carga y descarga 360;Línea;2;9,71;Laborables de lunes a sábado de 08:00 a 14:30 MÁXIMO 45 MINUTOS;-3.6605390920;40.4550550100
1507005;444060.9700000000;4478672.6600000000;31/08/22;15 Ciudad Lineal;157 Colina;CAÑAS, CALLE, DE LAS;2 B;Carga y descarga 360;Batería;1;3;de lunes a sábado de 7 a 14 h. y de 16 a 20 h. MÁXIMO 45 MINUTOS;-3.6597484110;40.4568374820
1507006;443889.3300000000;4478566.4500000000;27/12/22;15 Ciudad Lineal;157 Colina;LOPEZ DE HOYOS, CALLE, DE;257;Carga y descarga 360;Línea;3;15;De lunes a sábado de 7 a 14 h. y de 16 a 19 h MÁXIMO 45 MINUTOS;-3.6617631590;40.4558688390
1508001;443571.8200000000;4479540.2700000000;16/10/23;15 Ciudad Lineal;158 Atalaya;ARTURO SORIA, CALLE, DE;243;Carga y descarga 360;Línea;3;15;lab. de 8 a 14 h. y de 16,30 a 19 h. MÁXIMO 45 MINUTOS;-3.6655941270;40.4646199100
 Sin Datos;443348.6000000000;4480822.3400000000;20/05/04;15 Ciudad Lineal;159 Costillares;ARTURO SORIA, CALLE, DE;312;Carga y descarga;Línea;1;8;LAB. DE 08:00 A 14:00 H. Y DE 16:30 A 19:00 H. EXCEPTO CARGA Y DESCARGA;-3.6683414020;40.4761547540
 Sin Datos;443140.0400000000;4481129.4700000000;01/01/00;15 Ciudad Lineal;159 Costillares;CALERUEGA, CALLE, DE;35;Carga y descarga;Línea;3;17,1;LAB. DE 08:00 A 14:00 Y DE 16:30 A 19:00 H. EXCEPTO CARGA Y DESCARGA;-3.6708294140;40.4789067850
 Sin Datos;443378.3400000000;4480906.2200000000;03/09/15;15 Ciudad Lineal;159 Costillares;JAZMIN, CALLE, DEL;14;Carga y descarga;Batería;1;7;LAB. DE 08:00 A 17:00 H. EXCEPTO CARGA Y DESCARGA;-3.6679980290;40.4769117460
 Sin Datos;443784.5500000000;4481342.0100000000;13/06/17;15 Ciudad Lineal;159 Costillares;DULZAINA, CALLE, DE LA;6;Carga y descarga;Batería;4;10;LAB. DE LUNES A VIERNES DE 08:00 A 20:00 H. SÁBADOS DE 08:00 A 15:00 H. EXCEPTO CARGA Y DESCARGA EN LÍNEA;-3.6632447140;40.4808653260
 Sin Datos;443117.0900000000;4480825.1900000000;31/07/17;15 Ciudad Lineal;159 Costillares;YERMA, CALLE, DE;11;Carga y descarga;Línea;2;10;LAB. DE LUNES A VIERNES DE 08:00 A 20:00 H. SÁBADOS LABORABLES DE 08:00 A 15:00 H. EXCEPTO CARGA Y DESCARGA ;-3.6710727500;40.4761640930
 Sin Datos;443517.2000000000;4481265.7900000000;21/06/19;15 Ciudad Lineal;159 Costillares;CULTURA, CALLE, DE LA;20;Carga y descarga;Línea;2;12;LAB DE 08:00 A 14:00 Y DE 16:30 A 19:00 H. SABADOS DE 08:00 A 15:00 H. EXCEPTO CARGA Y DESCARGA;-3.6663920280;40.4801609320
 Sin Datos;443023.8800000000;4480573.7600000000;13/03/24;15 Ciudad Lineal;159 Costillares;SERRANO GALVACHE, CALLE, DE;26;Carga y descarga;Línea;3;15,1;LUNES A SÁBADO DE 07:00 A 14:00 Y DE 16:00 A 19:00 H. EXCEPTO CARGA Y DESCARGA;-3.6721496810;40.4738930600
 Sin Datos;443087.1700000000;4481171.3200000000;13/04/21;15 Ciudad Lineal;159 Costillares;CONDADO DE TREVIÑO, CALLE, DEL;26;Carga y descarga;Batería;3;15;LAB DE LUNES A VIERNES DE 08:00 A 14:00 Y DE 16:30 A 19:00 H. SABADOS LAB DE 08:00 A 15:00 H. EXCEPTO CARGA Y DESCARGA EN LINEA;-3.6714568030;40.4792802960
 Sin Datos;447422.6100000000;4478449.8600000000;26/08/03;16 Hortaleza;161 Palomas;PETUNIAS, CALLE, DE LAS;con Avd Andes;Carga y descarga;Línea;3;15;LAB. DE 08:00 A 14:00 Y DE 16:30 A 19:00 H. EXCEPTO CARGA Y DESCARGA;-3.6200847770;40.4550492230
 Sin Datos;447412.7300000000;4478444.6500000000;26/08/03;16 Hortaleza;161 Palomas;PETUNIAS, CALLE, DE LAS;con Avd Andes;Carga y descarga;Línea;3;15;LAB. DE 08:00 A 14:00 Y DE 16:30 A 19:00 H. EXCEPTO CARGA Y DESCARGA;-3.6202008010;40.4550017250
 Sin Datos;447547.5100000000;4478457.4500000000;05/04/05;16 Hortaleza;161 Palomas;ARCES, AVENIDA, DE LOS;Fte 24;Carga y descarga;Línea;3;15;LAB. DE 08:00 A 14:00 Y DE 16:30 A 19:00 H. EXCEPTO CARGA Y DESCARGA;-3.6186123900;40.4551255410
 Sin Datos;447554.6100000000;4478449.9800000000;05/04/05;16 Hortaleza;161 Palomas;ARCES, AVENIDA, DE LOS;24;Carga y descarga;Línea;3;15;LAB. DE 08:00 A 14:00 Y DE 16:30 A 19:00 H. EXCEPTO CARGA Y DESCARGA;-3.6185280510;40.4550589630
 Sin Datos;447847.6000000000;4478250.8200000000;03/06/19;16 Hortaleza;161 Palomas;GUADALAJARA, CALLE, DE;32;Carga y descarga;Línea;3;14;LAB. DE 08:00 A 14:30 H EXCEPTO CARGA Y DESCARGA;-3.6150564420;40.4532829660
 Sin Datos;447028.3300000000;4478861.2800000000;05/06/18;16 Hortaleza;162 Piovera;LOPEZ DE LA PLATA, PLAZA, DE;3;Carga y descarga;Batería;2;5,5;LAB. DE 08:00 A 17:00 H EXCEPTO CARGA Y DESCARGA;-3.6247688790;40.4587310500
 Sin Datos;447061.8000000000;4478695.0600000000;22/06/16;16 Hortaleza;162 Piovera;MACHUPICHU, AVENIDA, DE;14;Carga y descarga;Línea;2;9;LAB. DE 08:00 A 14:00 Y DE 16:30 A 19:00 H. EXCEPTO CARGA Y DESCARGA;-3.6243601880;40.4572358020
 Sin Datos;444029.6900000000;4479275.1000000000;01/07/09;16 Hortaleza;163 Canillas;MONTEARAGON, CALLE, DE;2;Carga y descarga;Línea;1;7,6;LAB. DE 08:00 A 14:00 Y DE 16:30 A 19:00 H. EXCEPTO CARGA Y DESCARGA;-3.6601702790;40.4622621890
 Sin Datos;445395.7200000000;4479469.3700000000;10/03/09;16 Hortaleza;163 Canillas;CANILLAS, CARRETERA, DE;84;Carga y descarga;Línea;3;15;LAB. DE 08:00 A 14:00 Y DE 16:30 A 19:00 H. EXCEPTO CARGA Y DESCARGA;-3.6440756660;40.4641035610
 Sin Datos;445010.4600000000;4479087.8500000000;06/04/05;16 Hortaleza;163 Canillas;GOMEZNARRO, CALLE, DE;93;Carga y descarga;Línea;3;15;LAB. DE 08:00 A 14:00 H. Y DE 16:30 A 19:00 H. EXCEPTO CARGA Y DESCARGA;-3.6485866200;40.4606412910
 Sin Datos;445099.5500000000;4479036.0800000000;30/03/00;16 Hortaleza;163 Canillas;NUESTRA SEÑORA DEL TRANSITO, PLAZA, DE;11;Carga y descarga;Línea;4;19;LAB. DE 08:00 A 14:00 Y DE 16:30 A 19:00 H. EXCEPTO CARGA Y DESCARGA;-3.6475314030;40.4601805190
 Sin Datos;445692.0900000000;4479577.6300000000;31/03/05;16 Hortaleza;163 Canillas;CANILLAS, CARRETERA, DE;134;Carga y descarga;Batería;6;14;LAB. DE 09:00 A 20:00 H.EXCEPTO CARGA Y DESCARGA;-3.6405895040;40.4650981580
 Sin Datos;446452.5000000000;4479644.8000000000;31/03/05;16 Hortaleza;163 Canillas;MOTILLA DEL PALANCAR, CALLE, DE;18;Carga y descarga;Línea;4;19;EXCEPTO SERVICIO GALERIAS DE 08:00 A 20:00 H;-3.6316262100;40.4657527050
 Sin Datos;446387.4100000000;4479538.5400000000;18/03/15;16 Hortaleza;163 Canillas;MOTA DEL CUERVO, CALLE, DE;9;Carga y descarga;Batería;2;7;LAB. DE 08:00 A 14:00 H. Y DE 16:30 A 19:00 H. EXCEPTO CARGA Y DESCARGA EN LÍNEA;-3.6323848630;40.4647904220
 Sin Datos;445794.6000000000;4479548.0500000000;05/07/18;16 Hortaleza;163 Canillas;TORQUEMADA, CALLE, DE;S/N;Carga y descarga;Batería;5;12,4;DE LUNEA A SÁBADO DE 07:00 A 08:00 H. EXCEPTO CARGA Y DESCARGA;-3.6393778130;40.4648377490
 Sin Datos;444987.7800000000;4479483.0500000000;25/11/22;16 Hortaleza;163 Canillas;AGUSTIN CALVO, CALLE, DE;27;Carga y descarga;Línea;2;12;LAB. DE 08:00 A 14:00 H. Y DE 16:30 A 19:00 H. EXCEPTO CARGA Y DESCARGA;-3.6488884540;40.4641995880
 Sin Datos;446570.7600000000;4479306.8600000000;06/04/16;16 Hortaleza;163 Canillas;SILVANO, CALLE, DE;131;Carga y descarga;Línea;1;19;LAB. DE 08:00 A 14:00 Y DE 16:30 A 19:00 H. EXCEPTO CARGA Y DESCARGA;-3.6302028680;40.4627158570
 Sin Datos;444968.5500000000;4479366.4800000000;25/11/20;16 Hortaleza;163 Canillas;PEGASO, CALLE, DE;4;Carga y descarga;Línea;2;11,3;LAB. DE 08:00 A 14:00 H. Y DE 16:30 A 19:00 H. EXCEPTO CARGA Y DESCARGA;-3.6491050890;40.4631482110
 Sin Datos;445065.3000000000;4478873.7200000000;27/12/12;16 Hortaleza;163 Canillas;MILAN, CALLE, DE;34;Carga y descarga;Línea;2;12;LAB. DE 08:00 A 14:00 Y DE 16:30 A 19:00 H. EXCEPTO CARGA Y DESCARGA;-3.6479213590;40.4587151790
 Sin Datos;445086.0500000000;4479376.0300000000;31/01/22;16 Hortaleza;163 Canillas;CANILLAS, CARRETERA, DE;41;Carga y descarga;Batería;4;12;LAB DE 08:00 A 14:00 Y DE 16:30 A 19:00 H. EXCEPTO CARGA Y DESCARGA;-3.6477201360;40.4632415460
 Sin Datos;445223.3200000000;4479074.3500000000;23/05/22;16 Hortaleza;163 Canillas;ANDORRA, CALLE, DE;35;Carga y descarga;Línea;2;12;LAB.DE 08:00 A 12:00 H. EXCEPTO CARGA Y DESCARGA;-3.6460749450;40.4605330020
 Sin Datos;444793.3200000000;4479292.6600000000;15/07/26;16 Hortaleza;163 Canillas;MATAPOZUELOS, CALLE, DE;53;Carga y descarga;Línea;2;12;CUARTO MARTES DE CADA MES DE 10:00 A 13:00 H. EXCEPTO CARGA Y DESCARGA;-3.6511653880;40.4624718910
 Sin Datos;446468.7200000000;4479681.8300000000;17/04/24;16 Hortaleza;163 Canillas;MOTILLA DEL PALANCAR, CALLE, DE;34;Carga y descarga;Batería;2;10;LAB. DE 09:00 A 12:00 H.;-3.6314378780;40.4660866250
 Sin Datos;445301.3900000000;4478771.5900000000;01/04/05;16 Hortaleza;163 Canillas;PUENTECILLO, CALLE, DEL;29;Carga y descarga;Línea;5;27;LAB. DE 06:00 A 15:00 H. EXCEPTO CARGA Y DESCARGA;-3.6451281320;40.4578110520
 Sin Datos;446235.2200000000;4479445.9500000000;05/03/21;16 Hortaleza;163 Canillas;JOSE DOMINGO RUS, CALLE, DE;S/N;Carga y descarga;Línea;2;12;LAB. DE 08:00 A 12:00 H. EXCEPTO CARGA Y DESCARGA;-3.6341721480;40.4639472000
 Sin Datos;445192.0400000000;4479404.3200000000;13/11/25;16 Hortaleza;163 Canillas;CANILLAS, CARRETERA, DE;45;Carga y descarga;Línea;4;22,5;lab. de 08:00 a 14:00 y de 16:30 a 19:00 excepto carga y descarga;-3.6464724060;40.4635040180
 Sin Datos;444870.8400000000;4480685.4300000000;06/04/05;16 Hortaleza;164 Pinar del Rey;VIRGEN DEL CARMEN, AVENIDA, DE LA;37;Carga y descarga;Línea;3;15,1;LAB. DE 08:00 A 14:00 Y DE 16:30 A 19:00 H. EXCEPTO CARGA Y DESCARGA;-3.6503721860;40.4750236210
 Sin Datos;445482.4400000000;4480608.6200000000;05/04/05;16 Hortaleza;164 Pinar del Rey;MAR DE ARAL, CALLE, DEL;12;Carga y descarga;Batería;6;28;LAB. DE 09:00 A 14:00 Y DE 16:30 A 20:00 H. EXCEPTO CARGA Y DESCARGA;-3.6431507970;40.4743715370
 Sin Datos;444804.5800000000;4480432.6200000000;31/03/05;16 Hortaleza;164 Pinar del Rey;SAN LUIS, AVENIDA, DE;54;Carga y descarga;Línea;3;15;LAB. EXCEPTO CARGA Y DESCARGA DE 09:00 A 14:00 H.;-3.6511317560;40.4727412430
 Sin Datos;445845.2900000000;4480571.5800000000;01/04/05;16 Hortaleza;164 Pinar del Rey;GALAPA, CALLE, DE;6;Carga y descarga;Línea;3;17;EXCEPTO CARGA Y DESCARGA MERCADO;-3.6388673650;40.4740624270
 Sin Datos;445793.6500000000;4480586.3800000000;01/04/05;16 Hortaleza;164 Pinar del Rey;BARRANQUILLA, AVENIDA, DE LA;2;Carga y descarga;Línea;3;15;LAB. DE 09:00 A 20:00 H. EXCEPTO CARGA Y DESCARGA;-3.6394777370;40.4741922010
 Sin Datos;446100.2200000000;4480322.2400000000;08/03/99;16 Hortaleza;164 Pinar del Rey;GUATAVITA, CALLE, DE;1;Carga y descarga;Línea;3;15;LAB. DE 08:00 A 14:00 Y DE 16:30 A 19:00 H. EXCEPTO CARGA Y DESCARGA;-3.6358387670;40.4718319590
 Sin Datos;445154.6400000000;4481071.8800000000;13/02/08;16 Hortaleza;164 Pinar del Rey;SANTA SUSANA, CALLE, DE;41;Carga y descarga;Línea;3;15;LAB DE 08:00 A 14:00 Y DE 16:30 A 19:00 H.EXCEPTO CARGA Y DESCARGA;-3.6470576820;40.4785238770
 Sin Datos;445167.7400000000;4480547.0100000000;31/07/23;16 Hortaleza;164 Pinar del Rey;MAR CASPIO, CALLE, DEL;11 B;Carga y descarga;Batería;2;10;LAB. DE LUNES A VIERNES DE 08:00 A 14:30 H. MÁXIMO 45 MINUTOS EXCEPTO CARGA Y DESCARGA EN LINEA;-3.6468578340;40.4737961160
 Sin Datos;445431.4500000000;4480568.5300000000;09/12/11;16 Hortaleza;164 Pinar del Rey;MAR MENOR, CALLE, DEL;1;Carga y descarga;Línea;3;15;LAB. DE 09:00 A 14:00 Y DE 16:30 A 20:00 H. EXCEPTO CARGA Y DESCARGA;-3.6437488510;40.4740073080
 Sin Datos;445441.8800000000;4480052.5100000000;31/07/18;16 Hortaleza;164 Pinar del Rey;GRAN VIA DE HORTALEZA, AVENIDA, DE LA;67 C;Carga y descarga;Línea;5;23,8;LAB DE LUNES A SABADO DE 08:00 A 14:30 H. EXCEPTO CARGA Y DESCARGA;-3.6435814900;40.4693595890
 Sin Datos;445504.6400000000;4480557.7800000000;17/09/18;16 Hortaleza;164 Pinar del Rey;MAR NEGRO, CALLE, DEL;2;Carga y descarga;Línea;7;10,1;LAB. DE 08:00 A 14:00 H. Y DE 16:30 A 19:00 H. EXCEPTO CARGA Y DESCARGA;-3.6428846580;40.4739157490
 Sin Datos;444838.7800000000;4480687.1600000000;24/07/19;16 Hortaleza;164 Pinar del Rey;VIRGEN DEL CARMEN, AVENIDA, DE LA;35;Carga y descarga;Línea;2;12;LAB. DE 08:00 A 12:00 H. EXCEPTO CARGA Y DESCARGA;-3.6507503950;40.4750365120
 Sin Datos;444522.7800000000;4480332.1000000000;29/01/22;16 Hortaleza;164 Pinar del Rey;SAN LUIS, AVENIDA, DE;74;Carga y descarga;Línea;3;15;LAB. DE LUNES A SÁBADO DE 08:00 A 14:30 H. MÁXIMO 30 MINUTOS EXCEPTO CARGA Y DESCARGA;-3.6544471760;40.4718173490
 Sin Datos;444957.5300000000;4479886.6300000000;22/02/19;16 Hortaleza;164 Pinar del Rey;GRAN VIA DE HORTALEZA, AVENIDA, DE LA;37;Carga y descarga;Línea;2;10,1;LAB. DE 08:00 A 14:30 H. EXCEPTO CARGA Y DESCARGA;-3.6492802430;40.4678333440
 Sin Datos;445114.2800000000;4480184.4900000000;02/07/21;16 Hortaleza;164 Pinar del Rey;ANGEL LUIS DE LA HERRAN, CALLE, DE;40;Carga y descarga;Línea;3;15;LAB. DE 12:00 A 18:00 H. EXCEPTO CARGA Y DESCARGA;-3.6474571480;40.4705268190
 Sin Datos;445320.7800000000;4480851.7400000000;05/07/21;16 Hortaleza;164 Pinar del Rey;SANTA VIRGILIA, CALLE, DE;2;Carga y descarga;Batería;6;15;LAB. DE 08:00 A 12:00 H. EXCEPTO CARGA Y DESCARGA;-3.6450788580;40.4765516990
 Sin Datos;445488.1000000000;4480474.3500000000;12/02/26;16 Hortaleza;164 Pinar del Rey;MAR CASPIO, CALLE, DEL;43;Carga y descarga;Línea;2;10,7;LAB. DE 08:00 A 14:00 H. Y DE 16:30 A 19:00 H.;-3.6430724740;40.4731624820
 Sin Datos;443850.0200000000;4480079.0000000000;01/04/05;16 Hortaleza;165 Apóstol Santiago;BURGO DE OSMA, CALLE, DE;6;Carga y descarga;Línea;3;15;LAB DE 08:00 A 14:00 Y DE 16:30 A 19:00 H.EXCEPTO CARGA Y DESCARGA;-3.6623605830;40.4694918280
 Sin Datos;443756.6600000000;4479969.1100000000;04/07/07;16 Hortaleza;165 Apóstol Santiago;MESENA, CALLE, DE;106 D;Carga y descarga;Línea;4;17,8;LAB. DE 08:00 A 14:00 Y DE 16:30 A 19:00 H. EXCEPTO CARGA Y DESCARGA;-3.6634520670;40.4684954540
 Sin Datos;443637.8600000000;4480729.5500000000;12/06/18;16 Hortaleza;165 Apóstol Santiago;ESPLIEGO, CALLE, DEL;25;Carga y descarga;Línea;3;15;LAB DE 12:00 A 18:00 H EXCEPTO CARGA Y DESCARGA;-3.6649209020;40.4753383460
 Sin Datos;443599.5300000000;4480710.7000000000;01/09/22;16 Hortaleza;165 Apóstol Santiago;GOLFO DE SALONICA, CALLE, DEL;2;Carga y descarga;Batería;3;8,1;LAB. DE 08:00 A 12:00 H. EXCEPTO CARGA Y DESCARGA;-3.6653714180;40.4751655420
 Sin Datos;444168.8800000000;4480911.5700000000;17/04/24;16 Hortaleza;165 Apóstol Santiago;SOMONTIN, CALLE, DE;S/N;Carga y descarga;Línea;2;10;LAB. DE LUNES A SÁBADO DE 08:00 A 14:30 H. MÁXIMO 45 MINUTOS EXCEPTO CARGA Y DESCARGA;-3.6586726820;40.4770139610
 Sin Datos;443813.0800000000;4479892.7400000000;16/06/21;16 Hortaleza;165 Apóstol Santiago;AÑASTRO, CALLE, DE;17;Carga y descarga;Línea;3;16,3;LAB. DE 08:00 A 14:00 H. EXCEPTO CARGA Y DESCARGA;-3.6627799300;40.4678118580
 Sin Datos;443947.6800000000;4480012.1200000000;16/06/21;16 Hortaleza;165 Apóstol Santiago;AÑASTRO, CALLE, DE;S/N;Carga y descarga;Línea;2;10,4;LAB. DE 08:00 A 14:00 H. EXCEPTO CARGA Y DESCARGA;-3.6612026920;40.4688965240
 Sin Datos;443884.4000000000;4482203.4500000000;19/06/15;16 Hortaleza;166 Valdefuentes;OÑA, CALLE, DE;127;Carga y descarga;Línea;3;13,9;LAB. DE 09:00 A 12:00 H. EXCEPTO CARGA Y DESCARGA;-3.6621430300;40.4886323990
 Sin Datos;444568.2700000000;4484253.2000000000;09/09/21;16 Hortaleza;166 Valdefuentes;MANUEL POMBO ANGULO, CALLE, DE;26;Carga y descarga;Línea;1;7,8;LAB DE 08:00 A 14:00 Y DE 16:30 A 19:00 H. EXCEPTO CARGA Y DESCARGA;-3.6542534590;40.5071430620
 Sin Datos;444548.3800000000;4482684.6000000000;20/01/22;16 Hortaleza;166 Valdefuentes;OCTAVIO PAZ, CALLE, DE;29;Carga y descarga;Línea;4;19,3;LAB. DE 08:00 A 12:00 H. EXCEPTO CARGA Y DESCARGA;-3.6543509190;40.4930118600
 Sin Datos;448251.3900000000;4482597.0300000000;19/03/22;16 Hortaleza;166 Valdefuentes;JUAN ANTONIO SAMARANCH, AVENIDA, DE;64;Carga y descarga;Línea;3;15;LAB. DE LUNES A SÁBADO DE 08:00 A 14:30 H. EXCEPTO CARGA Y DESCARGA;-3.6106492510;40.4924619350
 Sin Datos;444386.3700000000;4482097.3900000000;03/10/16;16 Hortaleza;166 Valdefuentes;ALCALDE MORENO TORRES, PLAZA, DEL;4;Carga y descarga;Línea;3;15,1;LAB. DE 08:00 A 14:00 Y DE 16:30 A 19:00 H. EXCEPTO CARGA Y DESCARGA;-3.6562109690;40.4877107400
 Sin Datos;443920.1100000000;4482202.8600000000;12/04/21;16 Hortaleza;166 Valdefuentes;(Sin Asignar);S/N;Carga y descarga;Línea;3;15;LAB DE 08:00 A 12:00 H. EXCEPTO CARGA Y DESCARGA;-3.6617216200;40.4886294200
 Sin Datos;447667.7300000000;4482757.0300000000;28/05/21;16 Hortaleza;166 Valdefuentes;JUAN ANTONIO SAMARANCH, AVENIDA, DE;119;Carga y descarga;Línea;3;15;LAB DE 08:00 A 14:00 H. EXCEPTO CARGA Y DESCARGA;-3.6175493820;40.4938667130
 Sin Datos;443086.0700000000;4482152.1600000000;02/06/21;16 Hortaleza;166 Valdefuentes;MANOTERAS, AVENIDA, DE;8;Carga y descarga;Línea;2;12;LAB. DE 08:00 A 12:00 H. EXCEPTO CARGA Y DESCARGA;-3.6715577580;40.4881162220
 Sin Datos;448564.2800000000;4482488.6300000000;26/10/24;16 Hortaleza;166 Valdefuentes;JOSE ANTONIO FERNANDEZ ORDOÑEZ, CALLE, DE;45;Carga y descarga;Batería;3;15;LAB. DE LUNES A SÁBADO DE 08:00 A 14:30 H. MÁXIMO 45 MINUTOS EXCEPTO CARGA Y DESCARGA;-3.6069484020;40.4915044650
 Sin Datos;448339.5000000000;4482236.7400000000;13/11/25;16 Hortaleza;166 Valdefuentes;ESTANISLAO PEREZ PITA, CALLE, DE;27;Carga y descarga;Línea;2;12;de 09:00 a 12:00 h. días laborables;-3.6095801690;40.4892211140
 Sin Datos;440029.1400000000;4467053.8000000000;10/04/08;17 Villaverde;171 Villaverde Alto - Casco Histórico Villaverde;LAGUNA RODRIGO, CALLE, DE;7;Carga y descarga;Línea;3;15;LABORABLES DE 8_00 A 14:00H. EXCEPTO CARGA Y DESCARGA;-3.7062018810;40.3518878860
 Sin Datos;439188.0200000000;4466133.4700000000;01/01/00;17 Villaverde;171 Villaverde Alto - Casco Histórico Villaverde;HORCAJO, CALLE, DE;4;Carga y descarga;Línea;2;10,4;lab. de 8 a 14 h.y de 16,30 a 19 h. excepto:[CARGA YDESCARGA];-3.7160182520;40.3435358800
 Sin Datos;439288.9400000000;4466160.4700000000;23/11/09;17 Villaverde;171 Villaverde Alto - Casco Histórico Villaverde;ALBERTO PALACIOS, PASEO, DE;68;Carga y descarga;Línea;3;18,1;lab. de 8 a 14 h. y de 16,30 a 19 h. excepto: [CARGA Y DESCARGA];-3.7148325730;40.3437863770
 Sin Datos;439647.8500000000;4466451.0000000000;14/01/05;17 Villaverde;171 Villaverde Alto - Casco Histórico Villaverde;MORERAS, PASEO, DE LAS;11;Carga y descarga;Línea;2;13;lab. de 9 a 20 h. excepto: [CARGA Y DESCARGA];-3.7106345110;40.3464299470
 Sin Datos;439671.1900000000;4466339.8200000000;22/10/96;17 Villaverde;171 Villaverde Alto - Casco Histórico Villaverde;MORERAS, PASEO, DE LAS;19;Carga y descarga;Línea;3;12,93;laborables de 9 a 14 h. y de 16,30 a 20 h.excepto: [CARGA Y DESCARGA];-3.7103491780;40.3454300210
 Sin Datos;439607.6800000000;4466343.9800000000;01/12/07;17 Villaverde;171 Villaverde Alto - Casco Histórico Villaverde;ALADIERNA, CALLE, DE LA;16;Carga y descarga;Línea;3;17;lab. de 9 a 20 h. excepto: [CARGA Y DESCARGA];-3.7110973470;40.3454633670
 Sin Datos;439850.7900000000;4466315.8000000000;14/01/05;17 Villaverde;171 Villaverde Alto - Casco Histórico Villaverde;PARVILLAS, PLAZA, DE;4;Carga y descarga;Línea;2;9,89;lab. de 8 a 14 h. excepto: [CARGA Y DESCARGA];-3.7082322710;40.3452265640
 Sin Datos;439735.6200000000;4466189.8700000000;14/01/05;17 Villaverde;171 Villaverde Alto - Casco Histórico Villaverde;PEDRO JIMENEZ, CALLE, DE;2;Carga y descarga;Línea;1;9,76;lab. de 8 a 14 h. y de 16,30 a 19 h. excepto: [CARGA Y DESCARGA];-3.7095763730;40.3440843720
 Sin Datos;439472.2300000000;4466308.6800000000;16/09/05;17 Villaverde;171 Villaverde Alto - Casco Histórico Villaverde;ALBERTO PALACIOS, PASEO, DE;35;Carga y descarga;Línea;3;15;lab. de 8 a 14 h. excepto: [CARGA Y DESCARGA];-3.7126887370;40.3451348330
 Sin Datos;439498.1300000000;4466151.3600000000;02/01/08;17 Villaverde;171 Villaverde Alto - Casco Histórico Villaverde;LEGANES, CAMINO, DE;39;Carga y descarga;Línea;2;11;lab. de 8 a 14 h. y de 16,30 a 19 h. excepto: [CARGA Y DESCARGA];-3.7123688550;40.3437193980
 Sin Datos;439743.3100000000;4466265.9200000000;28/09/10;17 Villaverde;171 Villaverde Alto - Casco Histórico Villaverde;ESPINELA, AVENIDA, DE LA;15;Carga y descarga;Línea;3;15;LAB. DE 9 A 14 H. EXCEPTO CARGA Y DESCARGA;-3.7094931220;40.3447698590
 Sin Datos;440008.2500000000;4466669.7600000000;01/01/00;17 Villaverde;171 Villaverde Alto - Casco Histórico Villaverde;PLATA, CALLE, DE LA;14;Carga y descarga;Línea;2;10;LABORABLES DE 8 A 14 H.Y DE 16,30  A 19 H. EXCEPTOCARGA Y DESCARGA;-3.7064116980;40.3484267620
 Sin Datos;440046.7800000000;4466518.4300000000;08/06/98;17 Villaverde;171 Villaverde Alto - Casco Histórico Villaverde;OXIGENO, CALLE, DEL;13;Carga y descarga;Línea;2;10,1;LABORABLES DE 9 A 14 H. Y DE 16,30  A 20 H. EXCEPTO CARGA Y DESCARGA;-3.7059438200;40.3470661020
 Sin Datos;440036.2400000000;4466611.5700000000;17/01/05;17 Villaverde;171 Villaverde Alto - Casco Histórico Villaverde;DOCTOR CRIADO, CALLE, DEL;1;Carga y descarga;Línea;2;13;LABORABLES DE 8 A 14 H. EXCEPTO CARGA Y DESCARGA;-3.7060766890;40.3479042820
 Sin Datos;440087.8300000000;4466042.0400000000;04/12/98;17 Villaverde;171 Villaverde Alto - Casco Histórico Villaverde;LENGUAS, CALLE, DE LAS;7;Carga y descarga;Línea;3;15;LABORABLES DE 8 A 14 H. Y DE 16,30 A 19 H. EXCEPTO CARGA Y DESCARGA ;-3.7054158400;40.3427775700
 Sin Datos;439917.4600000000;4466471.1400000000;17/01/05;17 Villaverde;171 Villaverde Alto - Casco Histórico Villaverde;ALBINO HERNANDEZ LAZARO, CALLE, DE;24;Carga y descarga;Línea;4;20;lab. de 8 a 14 h. y de 16,30 a 19h excepto: CARGA Y                DESCARGA;-3.7074620440;40.3466310550
 Sin Datos;440179.8000000000;4466060.4400000000;11/01/08;17 Villaverde;171 Villaverde Alto - Casco Histórico Villaverde;LENGUAS, CALLE, DE LAS;12;Carga y descarga;Línea;3;16;Lab. de Lunes a Viernes de 8,00 a 22.00h.excepto Carga y descarga;-3.7043346680;40.3429498590
 Sin Datos;439958.1600000000;4466505.5600000000;10/09/09;17 Villaverde;171 Villaverde Alto - Casco Histórico Villaverde;DOCTOR PEREZ DOMINGUEZ, CALLE, DEL;11;Carga y descarga;Línea;2;12;DE LUNES A VIERNES DE 8 A 14 H. Y DE 16,30 A 19 H.EXCEPTO CARGA Y DESCARGA;-3.7069862030;40.3469441190
 Sin Datos;439398.7700000000;4466201.2400000000;06/08/13;17 Villaverde;171 Villaverde Alto - Casco Histórico Villaverde;ALBERTO PALACIOS, PASEO, DE;52;Carga y descarga;Línea;3;15;Laborables de 8 a 14 horas. Excepto CARGA Y DESCARGA;-3.7135435330;40.3441618940
 Sin Datos;439808.9700000000;4466274.9700000000;05/03/15;17 Villaverde;171 Villaverde Alto - Casco Histórico Villaverde;PARVILLAS ALTAS, CALLE, DE;25;Carga y descarga;Línea;1;15;LABORABLES DE 8 A 19 H.EXCEPTO CARGA Y DESCARGA;-3.7087209470;40.3448556880
 Sin Datos;439948.1700000000;4466345.4700000000;06/06/23;17 Villaverde;171 Villaverde Alto - Casco Histórico Villaverde;ALBINO HERNANDEZ LAZARO, CALLE, DE;31;Carga y descarga;Línea;2;12;LABORABLES DE 8 A 20 H. EXCEPTO CARGA Y DESCARGA;-3.7070885900;40.3455005520
 Sin Datos;439564.8700000000;4466055.7300000000;13/10/11;17 Villaverde;171 Villaverde Alto - Casco Histórico Villaverde;VILLASTAR, CALLE, DE;26;Carga y descarga;Línea;4;21,5;LABORABLES DE 8 A 14 H. Y DE  16,30 A 19 H. EXCEPTO CARGA Y DESCARGA;-3.7115741620;40.3428629980
 Sin Datos;439408.5500000000;4466214.0000000000;01/08/18;17 Villaverde;171 Villaverde Alto - Casco Histórico Villaverde;ALBERTO PALACIOS, PASEO, DE;50;Carga y descarga;Línea;3;15;DÍAS LABORABLES DE 8:00 A 15:00 H EXCEPTO GESTION ADMINISTRATIVA AUTOTAXI;-3.7134294570;40.3442771150
 Sin Datos;439493.1400000000;4466077.9700000000;08/09/17;17 Villaverde;171 Villaverde Alto - Casco Histórico Villaverde;ALBERTO PALACIOS, CALLE, DE;20;Carga y descarga;Línea;1;7;Laborables de 8 a 14h. Excepto Carga y Descarga;-3.7124207070;40.3430584340
 Sin Datos;439297.2100000000;4466613.4400000000;09/04/19;17 Villaverde;171 Villaverde Alto - Casco Histórico Villaverde;PUERTO LAPICE, CALLE, DE;2;Carga y descarga;Línea;2;11;LAB. DE 8 A 14 H EXCEPTO CARGA Y DESCARGA;-3.7147783140;40.3478681860
 Sin Datos;439987.9300000000;4467026.5100000000;21/03/26;17 Villaverde;171 Villaverde Alto - Casco Histórico Villaverde;LAGUNA RODRIGO, CALLE, DE;7;Carga y descarga;Línea;3;15;LAB. DE LUNES A SÁBADOS DE 7 A 14 H EXCEPTO CARGA Y DESCARGA;-3.7066845400;40.3516393940
 Sin Datos;439761.1900000000;4466073.8900000000;22/10/25;17 Villaverde;171 Villaverde Alto - Casco Histórico Villaverde;GOMEZ ACEBO, CALLE, DE;20;Carga y descarga;Línea;2;10,1;LAB. DE 8 A 14 H. Y DE 16 A 20 H. EXCEPTO CARGA Y DESCARGA;-3.7092645120;40.3430413600
 Sin Datos;439872.7200000000;4466057.7400000000;22/10/25;17 Villaverde;171 Villaverde Alto - Casco Histórico Villaverde;GOMEZ ACEBO, CALLE, DE;4;Carga y descarga;Línea;1;4,37;LUNES A VIERNES DE 8 A 14 H. Y DE 16,30 A 19 H. EXCEPTO CARGA Y DESCARGA;-3.7079498030;40.3429034490
 Sin Datos;439396.4800000000;4466499.1500000000;30/11/25;17 Villaverde;171 Villaverde Alto - Casco Histórico Villaverde;JUAN PEÑALVER, CALLE, DE;25;Carga y descarga;Línea;2;10,7;LABORABLES DE 8 A 14 H. Y DE 16,30 A 19 H. EXCEPTO CARGA Y DESCARGA;-3.7135987660;40.3468457420
 Sin Datos;440001.9600000000;4466727.7200000000;18/12/13;17 Villaverde;171 Villaverde Alto - Casco Histórico Villaverde;ARROYO BUENO, CALLE, DEL;13;Carga y descarga;Línea;4;21;LABORABLES DE 8 A 20 H.EXCEPTO CARGA Y DESCARGA;-3.7064911670;40.3489487840
 Sin Datos;439522.4700000000;4465966.4300000000;06/03/17;17 Villaverde;171 Villaverde Alto - Casco Histórico Villaverde;DOMINGO PARRAGA, CALLE, DE;40;Carga y descarga;Línea;2;12;LABORABLES DE 8:00 A 17:00 H EXCEPTO CARGA Y DESCARGA;-3.7120649000;40.3420559300
 Sin Datos;440257.2800000000;4466586.8300000000;19/11/18;17 Villaverde;171 Villaverde Alto - Casco Histórico Villaverde;SAN JENARO, CALLE, DE;14;Carga y descarga;Línea;2;10;LABORABLES DE 8 A 14 EXCEPTO CARGA Y DESCARGA;-3.7034719090;40.3476977880
 Sin Datos;439604.3400000000;4466473.3700000000;27/01/26;17 Villaverde;171 Villaverde Alto - Casco Histórico Villaverde;CALAMINA, CALLE, DE LA;4;Carga y descarga;Línea;5;30;LAB. DE LUNES A VIERNES DE 6 A 20 H. Y SÁBADOS LABORABLES  DE 6 A 15 H. EXCEPTO CARGA Y DESCARGA ;-3.7111489130;40.3466280190
 Sin Datos;441212.9800000000;4466105.0400000000;18/01/05;17 Villaverde;172 San Cristóbal;PINAZO, PLAZA, DE LOS;18;Carga y descarga;Línea;2;5;LABORABLES DE 9 A 14 H. Y DE 16,30 A 20 H.EXCEPTO CARGA Y DESCARGA;-3.6921748420;40.3434248980
 Sin Datos;441296.3200000000;4466093.5400000000;04/09/09;17 Villaverde;172 San Cristóbal;PINAZO, PLAZA, DE LOS;22;Carga y descarga;Línea;3;17;lab. de 8 a 14 h. y de 16,30 a 19 h. excepto: [CARGA Y DESCARGA] ;-3.6911925640;40.3433271510
 Sin Datos;441831.5700000000;4466001.6300000000;14/05/19;17 Villaverde;172 San Cristóbal;PATERNA, CALLE, DE;1;Carga y descarga;Línea;2;10;LAB DE 10 A14 H EXCEPTO CARGA Y DESCARGA;-3.6848825220;40.3425371570
 Sin Datos;441213.8200000000;4466065.2400000000;19/03/19;17 Villaverde;172 San Cristóbal;MARIA DROC, PASEO, DE;S/N;Carga y descarga;Línea;6;15;LABORABLES DE 13 A 17 H EXCEPTO CARGA Y DESCARGA EN LINEA;-3.6921612060;40.3430665700
 Sin Datos;442057.5700000000;4467160.9800000000;01/07/10;17 Villaverde;173 Butarque;VICENTE CARBALLAL, CALLE, DE;8;Carga y descarga;Línea;3;20;LABORABLES DE 8:00 A 14:00 HEXCEPTO CARGA Y DESCARGA;-3.6823270160;40.3529969030
 Sin Datos;442597.2600000000;4466100.8400000000;24/02/23;17 Villaverde;173 Butarque;BERROCAL, CALLE, DEL;11;Carga y descarga;Línea;3;15;LAB. DE LUNES A SÁBADOS DE 8 A 14:30 H. MÁX 45 MINUTOS EXCEPTO CARGA Y DESCARGA ;-3.6758767720;40.3434833970
 Sin Datos;442133.8200000000;4467483.4900000000;11/01/18;17 Villaverde;173 Butarque;LOS ROSALES, AVENIDA, DE;72;Carga y descarga;Línea;1;7;LABORABLES DE 8 A 17 H EXCEPTO CARGA Y DESCARGA;-3.6814584120;40.3559077000
 Sin Datos;442484.6800000000;4466401.4600000000;03/08/23;17 Villaverde;173 Butarque;BERROCAL, CALLE, DEL;S/N;Carga y descarga;Línea;1;7,5;LAB. DE LUNES A SÁBADOS DE 8 A 14:30 H. MÁXIMO 45 MINUTOS EXCEPTO CARGA Y DESCARGA;-3.6772292380;40.3461841480
 Sin Datos;442066.4300000000;4467276.9400000000;19/10/16;17 Villaverde;173 Butarque;CONCEPCION DE LA OLIVA, CALLE, DE;11;Carga y descarga;Línea;5;28;EXCEPTO CARGA Y DESCARGA;-3.6822332230;40.3540421500
 Sin Datos;441264.9700000000;4467169.8200000000;03/01/06;17 Villaverde;174 Los Rosales;SAHARA, CALLE, DEL;89;Carga y descarga;Batería;3;8;LAB. DE 8 A 14 H. EXCEPTO CARGA Y DESCARGA;-3.6916607270;40.3530204510
 Sin Datos;441210.3200000000;4466882.1500000000;13/04/07;17 Villaverde;174 Los Rosales;SANTA PETRONILA, CALLE, DE;Fte 11;Carga y descarga;Línea;2;12;LABORABLES DE 8 A 14 H. Y DE 16,30 A 19 H. EXCEPTO CARGA Y DESCARGA;-3.6922776880;40.3504253540
 Sin Datos;441564.0700000000;4466943.8700000000;14/01/05;17 Villaverde;174 Los Rosales;JOSE DEL PINO, CALLE, DE;70;Carga y descarga;Línea;2;17,51;LABORABLES DE 9 A 14 H. Y DE 16,30 A 20 H.EXCEPTO CARGA Y DESCARGA;-3.6881180720;40.3510060460
 Sin Datos;441534.8300000000;4466902.1900000000;25/04/23;17 Villaverde;174 Los Rosales;MARTINEZ OVIOL, CALLE, DE;40;Carga y descarga;Línea;3;15;LABORABLES DE 8 A 14 H. Y DE 16 A 20 H. EXCEPTO CARGA Y DESCARGA ;-3.6884585240;40.3506288680
 Sin Datos;441199.3800000000;4467167.9200000000;13/07/12;17 Villaverde;174 Los Rosales;SAHARA, CALLE, DEL;60;Carga y descarga;Línea;3;14;LABORABLES DE 16:00 A 18:00 EXCEPTO CARGA Y DESCARGA EN LÍNEA;-3.6924328450;40.3529988510
 Sin Datos;441319.6700000000;4467016.0200000000;01/07/10;17 Villaverde;174 Los Rosales;JUAN JOSE MARTINEZ SECO, CALLE, DE;4;Carga y descarga;Línea;2;11,1;LABORABLES DE 8 A 14 H. Y DE 16,30 A 19 H. EXCEPTO CARGA Y DESCARGA;-3.6910024560;40.3516387640
 Sin Datos;441709.2400000000;4466915.6900000000;19/06/14;17 Villaverde;174 Los Rosales;ENCARNACION OVIOL, CALLE, DE;56;Carga y descarga;Línea;3;15;LABORABLES DE 8 A 14 HEXCEPTO CARGA Y DESCARGA;-3.6864061890;40.3507627110
 Sin Datos;441553.0800000000;4466799.6700000000;14/08/14;17 Villaverde;174 Los Rosales;MARTINEZ OVIOL, CALLE, DE;54;Carga y descarga;Línea;2;10;LABORABLES DE 8 A 17 HEXCEPTO CARGA Y DESCARGA;-3.6882342680;40.3497070940
 Sin Datos;441683.5600000000;4466791.7300000000;11/09/14;17 Villaverde;174 Los Rosales;TOPACIO, CALLE, DEL;2;Carga y descarga;Línea;2;12;LABORABLES DE 8:00 A 14:00 H. Y DE 16:30 A 20:30.EXCEPTO CARGA Y DESCARGA;-3.6866973660;40.3496442980
 Sin Datos;441360.2900000000;4466858.6300000000;09/04/19;17 Villaverde;174 Los Rosales;ESPERANZA MACARENA, CALLE, DE;15;Carga y descarga;Línea;1;6;LAB. 10 A 13 H Y DE 16 A 19 H EXCEPTO CARGA Y DESCARGA;-3.6905096550;40.3502239590
 Sin Datos;441698.4100000000;4466965.0700000000;22/10/21;17 Villaverde;174 Los Rosales;JOSE DEL PINO, CALLE, DE;82;Carga y descarga;Línea;2;10;LAB. DE 8 A 20 H. EXCEPTO CARGA Y DESCARGA;-3.6865383130;40.3512071550
 Sin Datos;441730.7900000000;4467371.8300000000;13/02/24;17 Villaverde;174 Los Rosales;AUGUSTOBRIGA, CALLE, DE;S/N;Carga y descarga;Línea;2;12;LABORABLES LUNES A VIERNES DE 8 A 14 H Y 16 A 20 H SABADOS 8 A 14 H EXCEPTO CARGA Y DESCARGA;-3.6861940800;40.3548737410
 Sin Datos;441241.5400000000;4467252.0900000000;30/09/09;17 Villaverde;174 Los Rosales;SAHARA, CALLE, DEL;85;Carga y descarga;Línea;3;15;LAB. DE 9 A 20 H. EXCEPTO: CARGA Y DESCARGA;-3.6919442270;40.3537602540
 Sin Datos;441818.2200000000;4467801.5000000000;16/04/14;17 Villaverde;174 Los Rosales;UNANIMIDAD, CALLE, DE LA;55;Carga y descarga;Línea;2;15;LABORABLES DE 8:00 A 17:00 HEXCEPTO CARGA Y DESCARGA.;-3.6852037220;40.3587504880
 Sin Datos;441555.7800000000;4466886.6500000000;09/01/19;17 Villaverde;174 Los Rosales;ENCARNACION OVIOL, CALLE, DE;39;Carga y descarga;Línea;3;15;LABORABLES DE 9 A 14 H. Y DE 16,30 A 20 H. EXCEPTO CARGA Y DESCARGA ;-3.6882104900;40.3504902120
 Sin Datos;441755.2000000000;4467152.5000000000;29/08/25;17 Villaverde;174 Los Rosales;MARIA ORUE, CALLE, DE;2;Carga y descarga;Línea;2;12;MARTES DE12 A 14 H. MÁX.45 MINNUTOS EXCEPTO CARGA Y DESCARGA  ;-3.6858867450;40.3528996720
 Sin Datos;441865.5800000000;4467124.5000000000;17/01/05;17 Villaverde;174 Los Rosales;ESTACION, PASEO, DE LA;1;Carga y descarga;Batería;3;8;;-3.6845842980;40.3526543890
 Sin Datos;441483.3500000000;4467753.7800000000;18/11/25;17 Villaverde;174 Los Rosales;DULZURA, CALLE, DE LA;20;Carga y descarga;Línea;2;10;LAB.  DE 8:00  A 14:00 H Y DE 16:00 A 22:00 H EXCEPTO CARGA Y DESCARGA;-3.6891427500;40.3582972210
 Sin Datos;440813.2200000000;4467533.7400000000;05/07/96;17 Villaverde;175 Angeles;LOS BOHEMIOS, CALLE;15;Carga y descarga;Batería;6;7,91;LABORABLES DE 8 A 14 H. Y DE 16,30 A 19 H.EXCEPTO CARGA Y DESCARGA ;-3.6970139290;40.3562676900
 Sin Datos;441086.8400000000;4467742.7200000000;14/01/05;17 Villaverde;175 Angeles;GIGANTES Y CABEZUDOS, PASEO, DE LOS;26;Carga y descarga;Batería;3;7;EXCEPTO CARGA Y DESCARGA, RECOGIDA DE BASURAS DE 9 A 14 H.Y DE 16,30 A 20 H.;-3.6938111530;40.3581691650
 Sin Datos;441053.1200000000;4467552.5900000000;14/06/06;17 Villaverde;175 Angeles;LOS BOHEMIOS, CALLE;1;Carga y descarga;Batería;6;15;EXCEPTO CARGA Y DESCARGA LABORABLES DE 8 A 14 H. Y DE 16,30 A 19 H. CENTRO CULTURAL BOHEMIOS ;-3.6941905650;40.3564540160
 Sin Datos;441039.6000000000;4467340.2600000000;14/01/05;17 Villaverde;175 Angeles;LA DOLOROSA, CALLE, DE;11;Carga y descarga;Línea;2;12;lab. de 9 a 20 h. excepto: [CARGA Y DESCARGA];-3.6943302520;40.3545403370
 Sin Datos;440962.0600000000;4467313.4700000000;16/09/05;17 Villaverde;175 Angeles;LA ALEGRIA DE LA HUERTA, CALLE, DE;31;Carga y descarga;Línea;3;15;LAB. DE 8 A 14 H. EXCEPTO: CARGA Y DESCARGA;-3.6952408540;40.3542937930
 Sin Datos;440833.1000000000;4467957.3200000000;02/02/18;17 Villaverde;175 Angeles;LA CHULAPONA, CALLE, DE;1;Carga y descarga;Línea;2;12;Laborables 8 a 14h y de 16.00 a 20:00 h. Excepto Carga y Descarga EN LÍNEA;-3.6968191240;40.3600842760
 Sin Datos;440776.4000000000;4467058.8600000000;25/04/23;17 Villaverde;175 Angeles;ARAMA, CALLE, DE;1;Carga y descarga;Línea;2;13,8;LAB. DE 8 A 20 H. EXCEPTO CARGA Y DESCARGA EN LÍNEA;-3.6974034260;40.3519866060
 Sin Datos;440240.2500000000;4467619.2700000000;24/11/22;17 Villaverde;175 Angeles;EDUARDO BARREIROS, CALLE, DE;112;Carga y descarga;Línea;2;10,6;;-3.7037690450;40.3569972370
 Sin Datos;440898.9000000000;4467879.5500000000;28/05/16;17 Villaverde;175 Angeles;LA VERBENA DE LA PALOMA, AVENIDA, DE;11;Carga y descarga;Línea;2;14;LAB. DE 8 A 14 H EXCEPTO CARGA Y DESCARGA;-3.6960369790;40.3593890490
 Sin Datos;440686.1300000000;4467124.8900000000;08/05/25;17 Villaverde;175 Angeles;ANOETA, CALLE, DE;29;Carga y descarga;Línea;2;10,2;;-3.6984724510;40.3525747470
 Sin Datos;440657.2400000000;4466834.5700000000;03/08/23;17 Villaverde;175 Angeles;VIRGEN DE LOS DESAMPARADOS, CALLE, DE LA;44;Carga y descarga;Línea;1;7,5;LAB. DE LUNES A SÁBADOS DE 8 A 14:30 H MÁXIMO 45 MINUTOS EXCEPTO CARGA Y DESCARGA;-3.6987855720;40.3499579920
 Sin Datos;440789.3800000000;4467937.0800000000;09/03/24;17 Villaverde;175 Angeles;LA DEL MANOJO DE ROSAS, CALLE, DE;14;Carga y descarga;Línea;2;10;LAB. DE LUNES A SÁBADO DE 9:00 A 14:00 H EXCEPTO CARGA Y DESCARGA ;-3.6973320930;40.3598993830
 Sin Datos;440861.4500000000;4467559.4300000000;23/07/24;17 Villaverde;175 Angeles;LOS BOHEMIOS, CALLE;12;Carga y descarga;Batería;1;6,5;LAB. DE LUNES A SÁBADOS DE 8 A 14:30 H MÁX. 45 MINUTOS EXCEPTO CARGA Y DESCARGA EN LÍNEA;-3.6964483630;40.3565023160
 Sin Datos;440629.9600000000;4468300.9700000000;21/08/24;17 Villaverde;175 Angeles;SAN LUCIANO, CALLE, DE;2;Carga y descarga;Batería;2;7,5;LAB. DE 7:00 A 20:00 H. EXCEPTO CARGA Y DESCARGA;-3.6992432510;40.3631657580
 Sin Datos;441031.8400000000;4467679.3100000000;05/08/17;17 Villaverde;175 Angeles;PAN Y TOROS, CALLE, DE;50;Carga y descarga;Línea;2;10;LAB DE 8 A 14 H Y DE 16:30 A 19 H EXCEPTO CARGA Y DESCARGA;-3.6944529800;40.3575944310
 Sin Datos;441010.3700000000;4468001.3600000000;04/03/25;17 Villaverde;175 Angeles;PAN Y TOROS, CALLE, DE;6 B;Carga y descarga;Línea;4;12;LABORABLES DE 8 A 14 H Y DE 16.30 A 19 H. EXCEPTO CARGA Y DESCARGA;-3.6947355050;40.3604935400
 Sin Datos;441071.9400000000;4467999.5000000000;30/04/25;17 Villaverde;175 Angeles;GIGANTES Y CABEZUDOS, PASEO, DE LOS;6;Carga y descarga;Batería;5;10;LAB. DE LUNES A SÁBADOS DE 16 A 20 H. MÁX 45 MINUTOS EXCEPTO CARGA Y DESCARGA;-3.6940103130;40.3604816220
 Sin Datos;440994.7400000000;4467332.0800000000;15/01/24;17 Villaverde;175 Angeles;ROSA DEL AZAFRAN, CALLE, DE LA;3;Carga y descarga;Línea;3;16;LAB. DE 8 A 14 H. Y DE 16 A 20 H. EXCEPTO CARGA Y DESCARGA;-3.6948577750;40.3544637890
 Sin Datos;441032.5500000000;4467440.9900000000;15/01/24;17 Villaverde;175 Angeles;LA DOLOROSA, CALLE, DE;8;Carga y descarga;Línea;3;16;;-3.6944225560;40.3554469850
 Sin Datos;447496.5400000000;4470188.7200000000;11/04/13;18 Villa de Vallecas;181 Casco Histórico de Vallecas;SIERRA GORDA, CALLE, DE LA;34;Carga y descarga;Línea;3;12,22;Laborables de 8 a 14 horas y de 16.30 a 19 horas, excepto carga y descarga en línea;-3.6185309730;40.3806328340
 Sin Datos;445745.3600000000;4469487.9000000000;07/06/13;18 Villa de Vallecas;181 Casco Histórico de Vallecas;GAMONAL, CALLE, DEL;75;Carga y descarga;Línea;2;10;LABORABLES DE 8 A 19 H. EXCEPTO CARGA Y DESCARGA EN LINEA;-3.6391003870;40.3742074570
 Sin Datos;447353.0000000000;4469077.8800000000;28/03/18;18 Villa de Vallecas;181 Casco Histórico de Vallecas;PEÑA NUEVA, CALLE, DE LA;55;Carga y descarga;Línea;2;12;LABORABLES  DE LUNES A VIERNES DE 08:00 A 11:00 H EXCEPTO CARGA Y DESCARGA;-3.6201300980;40.3706164440
 Sin Datos;447217.3300000000;4469372.4500000000;28/03/18;18 Villa de Vallecas;181 Casco Histórico de Vallecas;PEÑA CAVERO, CALLE, DE LA;23;Carga y descarga;Línea;1;7,7;DE LUNESA VIERNES DE 10:00  A 14:00 H EXCEPTO CARGA Y DESCARGA;-3.6217524280;40.3732612170
 Sin Datos;447447.5600000000;4470150.7500000000;10/12/19;18 Villa de Vallecas;181 Casco Histórico de Vallecas;GAVIA SECA, CALLE, DE LA;1;Carga y descarga;Línea;5;24,73;LAB. DE 9 A 17 H. EXCEPTO CARGA Y DESCARGA;-3.6191048470;40.3802872840
 Sin Datos;447195.5700000000;4470072.9200000000;27/01/20;18 Villa de Vallecas;181 Casco Histórico de Vallecas;SIERRA VIEJA, CALLE, DE LA;81;Carga y descarga;Línea;2;12;LAB. DE 8 A 19 H. EXCEPTO CARGA Y DESCARGA;-3.6220668100;40.3795703990
 Sin Datos;447459.8500000000;4469059.5600000000;31/07/23;18 Villa de Vallecas;181 Casco Histórico de Vallecas;PEDROSA DEL PRINCIPE, CALLE, DE;1 E;Carga y descarga;Línea;1;6;LAB. DE 8 A 14 H. EXCEPTO CARGA Y DESCARGA;-3.6188701070;40.3704580210
 Sin Datos;447070.0900000000;4470248.1300000000;03/09/04;18 Villa de Vallecas;181 Casco Histórico de Vallecas;SIERRA DE GUADALUPE, CALLE, DE LA;9;Carga y descarga;Línea;2;12;LAB.DE 8 A 14 H. Y DE 16,30 A19 H. EXCEPTO CARGA Y DESCARGA;-3.6235596510;40.3811408190
 Sin Datos;447301.9000000000;4470074.9300000000;31/01/05;18 Villa de Vallecas;181 Casco Histórico de Vallecas;REAL DE ARGANDA, CALLE;2;Carga y descarga;Línea;3;15;LAB.DE 8 A 14 H. Y DE 16,30 A 19 H. EXCEPTO CARGA Y DESCARGA;-3.6208144960;40.3795954370
 Sin Datos;447101.9100000000;4469992.9100000000;13/04/00;18 Villa de Vallecas;181 Casco Histórico de Vallecas;SIERRA VIEJA, CALLE, DE LA;67;Carga y descarga;Línea;3;16,36;LAB.DE 8 A 14 H. Y DE 16,30 A 19 H. EXCEPTO CARGA Y DESCARGA ;-3.6231636230;40.3788440600
 Sin Datos;447094.4600000000;4469943.1700000000;31/01/05;18 Villa de Vallecas;181 Casco Histórico de Vallecas;SIERRA AYLLON, PLAZA, DE LA;1;Carga y descarga;Línea;2;13;LAB.DE 8 A 14 H. Y DE 16,30 A 19 H. EXCEPTO CARGA Y DESCARGA ;-3.6232471600;40.3783953200
 Sin Datos;447191.2400000000;4469952.9000000000;31/01/05;18 Villa de Vallecas;181 Casco Histórico de Vallecas;PUERTO DE SOMOSIERRA, CALLE, DEL;6;Carga y descarga;Línea;1;7;LAB. DE 9 A 14 H. EXCEPTO CARGA Y DESCARGAEN LINEA;-3.6221078910;40.3784893990
 Sin Datos;447541.8900000000;4470130.8600000000;12/04/04;18 Villa de Vallecas;181 Casco Histórico de Vallecas;MONTE DE MONTJUICH, CALLE, DEL;14;Carga y descarga;Línea;3;15;LAB.DE 8 A 14 H. Y DE 16,30 A 19 H. EXCEPTO CARGA Y DESCARGA;-3.6179919910;40.3801143080
 Sin Datos;447202.2100000000;4470125.3000000000;31/01/05;18 Villa de Vallecas;181 Casco Histórico de Vallecas;SIERRA GADOR, CALLE, DE LA;39;Carga y descarga;Línea;3;16,5;Lab.de 8 a 14.00h. y de 16,30 a 19h. excepto: CARGA Y               DESCARGA;-3.6219929560;40.3800430890
 Sin Datos;447476.2100000000;4470130.6000000000;28/03/11;18 Villa de Vallecas;181 Casco Histórico de Vallecas;MONTE DE MONTJUICH, CALLE, DEL;3;Carga y descarga;Línea;3;15,5;Lab.de 8 a 14.00h. y de 16,30 a 19h. excepto: CARGA Y               DESCARGA;-3.6187656560;40.3801081200
 Sin Datos;446978.4900000000;4470049.3500000000;14/03/07;18 Villa de Vallecas;181 Casco Histórico de Vallecas;PUERTO DE ALAZORES, CALLE, DEL;6;Carga y descarga;Línea;3;15,31;LAB.DE 8 A 14 H. Y DE 16,30 A 19 H. EXCEPTO CARGA Y DESCARGA;-3.6246220300;40.3793447110
 Sin Datos;447596.5400000000;4470036.5100000000;01/02/05;18 Villa de Vallecas;181 Casco Histórico de Vallecas;SIERRA DEL TORCAL, CALLE, DE LA;7;Carga y descarga;Línea;3;15;LAB. DE 8 A 14 H. Y DE 16,30 A 19 H. EXCEPTO CARGA Y DESCARGA;-3.6173404810;40.3792678200
 Sin Datos;447143.9900000000;4470150.5500000000;02/06/16;18 Villa de Vallecas;181 Casco Histórico de Vallecas;SIERRA GADOR, CALLE, DE LA;29;Carga y descarga;Línea;2;13,1;Lab. de 9 a 14h. y de 16,30 a 20h.excepto carga y descarga;-3.6226809630;40.3802663130
 Sin Datos;447536.9500000000;4470234.6200000000;24/03/20;18 Villa de Vallecas;181 Casco Histórico de Vallecas;SIERRA GORDA, CALLE, DE LA;25;Carga y descarga;Línea;1;5;LAB. DE 9 A 11 H EXCEPTO CARGA Y DESCARGA;-3.6180587410;40.3810486300
 Sin Datos;445584.7400000000;4469276.7900000000;24/03/20;18 Villa de Vallecas;181 Casco Histórico de Vallecas;CASAS DE MIRAVETE, CALLE, DE;28 C;Carga y descarga;Línea;2;10;LAB. DE 8 A 10 H. EXCEPTO CARGA Y DESCARGA;-3.6409742450;40.3722945220
 Sin Datos;446753.1300000000;4470067.6300000000;04/02/05;18 Villa de Vallecas;181 Casco Histórico de Vallecas;SAN JAIME, CALLE, DE;44;Carga y descarga;Línea;1;12,33;LAB. DE 8 A 14 H. Y DE 16,3O A 19 H. EXCEPTO CARGA Y DESCARGA;-3.6272782620;40.3794947110
 Sin Datos;446839.0900000000;4470154.2100000000;04/02/05;18 Villa de Vallecas;181 Casco Histórico de Vallecas;SAN JAIME, CALLE, DE;54;Carga y descarga;Línea;3;14,94;LAB. DE 8 A 14 H. Y DE 16,3O A 19 H. EXCEPTO CARGA Y DESCARGA;-3.6262728930;40.3802805230
 Sin Datos;446817.4400000000;4469979.8000000000;04/02/05;18 Villa de Vallecas;181 Casco Histórico de Vallecas;PUERTO DE LAS PILAS, CALLE, DEL;16;Carga y descarga;Línea;2;13,35;LAB. DE 8 A 14 H. EXCEPTO CARGA Y DESCARGA;-3.6265133640;40.3787077540
 Sin Datos;447300.3400000000;4469743.0200000000;02/02/05;18 Villa de Vallecas;181 Casco Histórico de Vallecas;FEDERICO GARCIA LORCA, PASEO, DE;38;Carga y descarga;Línea;3;15,9;LABORABLES DE 9 A 14 H Y DE 16.30 A 20 HEXCEPTO CARGA Y DESCARGA;-3.6208053860;40.3766051130
 Sin Datos;447271.5500000000;4469867.4500000000;28/05/04;18 Villa de Vallecas;181 Casco Histórico de Vallecas;FEDERICO GARCIA LORCA, PASEO, DE;32;Carga y descarga;Línea;3;15;LAB.DE 8 A 14 H. Y DE 16,30 A 19 H. EXCEPTO CARGA Y DESCARGA ;-3.6211548330;40.3777247870
 Sin Datos;447326.1400000000;4469538.6500000000;14/07/03;18 Villa de Vallecas;181 Casco Histórico de Vallecas;PEÑA DE VARGAS, CALLE, DE LA;3;Carga y descarga;Línea;2;11,1;LAB.DE 8 A 14 H. Y DE16,30 A 19 H. EXCEPTOCARGA Y DESCARGA;-3.6204847020;40.3747653460
 Sin Datos;447379.6400000000;4469485.1400000000;12/04/05;18 Villa de Vallecas;181 Casco Histórico de Vallecas;CONGOSTO, CALLE, DEL;19;Carga y descarga;Línea;3;16;LAB.DE 8 A 14 H. Y DE 16,30 A 19 H. EXCEPTO CARGA Y DESCARGA ;-3.6198499790;40.3742869260
 Sin Datos;447285.4600000000;4469656.9500000000;20/09/01;18 Villa de Vallecas;181 Casco Histórico de Vallecas;PUERTO DE PORZUNA, CALLE, DEL;5;Carga y descarga;Línea;3;13,5;LAB.DE 8 A 14 H. Y DE 16,30 A 19 H. EXCEPTO CARGA Y DESCARGA;-3.6209736060;40.3758288130
 Sin Datos;447181.2000000000;4469555.6000000000;02/02/05;18 Villa de Vallecas;181 Casco Histórico de Vallecas;PUERTO DE PORZUNA, CALLE, DEL;19;Carga y descarga;Línea;3;16,04;LAB.DE 8 A 14 H. Y DE16,30 A 19 H. EXCEPTOCARGA Y DESCARGA;-3.6221931470;40.3749092730
 Sin Datos;447357.7100000000;4469873.1400000000;02/02/05;18 Villa de Vallecas;181 Casco Histórico de Vallecas;PICO MAMPODRE, CALLE, DEL;19;Carga y descarga;Línea;1;8;LAB.DE 8 A 14 H. Y DE16,30 A 19 H. EXCEPTOCARGA Y DESCARGA;-3.6201402390;40.3777813380
 Sin Datos;447304.8800000000;4469596.1400000000;13/02/01;18 Villa de Vallecas;181 Casco Histórico de Vallecas;JUAN DE LA FUENTE, CALLE, DE;3;Carga y descarga;Línea;2;11,54;LAB. DE 8 A 14 H. EXCEPTO CARGA Y DESCARGA ;-3.6207397250;40.3752823830
 Sin Datos;447255.0100000000;4469776.5700000000;02/02/05;18 Villa de Vallecas;181 Casco Histórico de Vallecas;MONTE AYA, CALLE, DEL;25;Carga y descarga;Línea;3;17;lab. de 8 a 14,00 h.  y de 16,30 a 19 h    excepto: CARGA Y                 DESCARGA;-3.6213421330;40.3769047700
 Sin Datos;447049.9700000000;4469879.8800000000;23/11/06;18 Villa de Vallecas;181 Casco Histórico de Vallecas;SIERRA DE PALOMERAS, CALLE, DE LA;8;Carga y descarga;Línea;2;10;LAB.DE 8 A 14 H. Y DE 16,30 A 19 H. EXCEPTO CARGA Y DESCARGA ;-3.6237659740;40.3778220750
 Sin Datos;447402.0400000000;4469401.2600000000;13/09/01;18 Villa de Vallecas;181 Casco Histórico de Vallecas;CONGOSTO, CALLE, DEL;21;Carga y descarga;Línea;3;15;LAB.DE 8 A 14 H. Y DE 16,30 A 19 H. EXCEPTO CARGA Y DESCARGA;-3.6195792560;40.3735333720
 Sin Datos;447535.3100000000;4469228.1800000000;04/12/06;18 Villa de Vallecas;181 Casco Histórico de Vallecas;PUERTO DE GALAPAGAR, CALLE, DEL;14;Carga y descarga;Batería;1;3;LAB.DE 8 A 14 H. Y DE 16,30 A 19 H. EXCEPTO CARGA Y DESCARGA;-3.6179951430;40.3719819170
 Sin Datos;447507.1300000000;4469305.0500000000;27/12/12;18 Villa de Vallecas;181 Casco Histórico de Vallecas;PUERTO DE GALAPAGAR, CALLE, DEL;6;Carga y descarga;Línea;3;15;laborables de 8 a 14 horas y de 16,30 a 19 horas excepto carga y descarga en linea;-3.6183334740;40.3726728460
 Sin Datos;447014.3200000000;4469956.7700000000;16/05/17;18 Villa de Vallecas;181 Casco Histórico de Vallecas;SIERRA MORENA, CALLE, DE LA;32;Carga y descarga;Línea;3;15;LABORABLES DE 7:00 A 11:00 H EXCEPTO CARGA Y DESCARGA;-3.6241922540;40.3785128330
 Sin Datos;447040.4900000000;4469960.2200000000;16/05/17;18 Villa de Vallecas;181 Casco Histórico de Vallecas;SIERRA VIEJA, CALLE, DE LA;61;Carga y descarga;Línea;4;23,09;LABORABLES DE 7:00 A 11:00 H EXCEPTO CARGA Y DESCARGA;-3.6238843470;40.3785450910
 Sin Datos;446812.4400000000;4470033.6300000000;16/01/18;18 Villa de Vallecas;181 Casco Histórico de Vallecas;SIERRA DE GREDOS, CALLE, DE LA;26;Carga y descarga;Línea;2;12;LABORABLES DE 10:00 A 13:00 H EL SEGUNDO JUEVES DE CADA MES EXCEPTO CARGA  Y DESCARGA;-3.6265767330;40.3791923610
 Sin Datos;447523.4900000000;4469199.7100000000;07/10/21;18 Villa de Vallecas;181 Casco Histórico de Vallecas;SIERRA DE TORTEJADA, CALLE, DE LA;3;Carga y descarga;Línea;3;15;MIÉRCOLES, JUEVES Y VIERNES LABORABLES DE 8:30 A 19:00 H EXCEPTO CARGA Y DESCARGA;-3.6181321370;40.3717251740
 Sin Datos;447004.4400000000;4470202.4900000000;20/06/26;18 Villa de Vallecas;181 Casco Histórico de Vallecas;SIERRA GADOR, CALLE, DE LA;17;Carga y descarga;Línea;2;10;LAB,  DE 9:00 A 14:00 H Y DE 16:00 A 20:00 H EXCEPTO CARGA Y DESCARGA ;-3.6243290770;40.3807253670
 Sin Datos;447050.6800000000;4469977.0000000000;30/10/23;18 Villa de Vallecas;181 Casco Histórico de Vallecas;SIERRA VIEJA, CALLE, DE LA;63;Carga y descarga;Línea;1;7,5;LAB. DE 7 A 22 H. EXCEPTO CARGA Y DESCARGA;-3.6237656300;40.3786975550
 Sin Datos;447047.2900000000;4469987.3200000000;30/10/23;18 Villa de Vallecas;181 Casco Histórico de Vallecas;SIERRA VIEJA, CALLE, DE LA;63 A;Carga y descarga;Línea;2;12,5;LAB. DE 7 A 11 H. EXCEPTO CARGA Y DESCARGA;-3.6238063670;40.3787904310
 Sin Datos;447287.0300000000;4469414.5600000000;05/12/23;18 Villa de Vallecas;181 Casco Histórico de Vallecas;PEÑA NUEVA, CALLE, DE LA;16;Carga y descarga;Línea;3;15;DE LUNES A VIERNES DE 8:00 A 11:00 H EXCEPTO CARGA Y DESCARGA;-3.6209349890;40.3736458430
 Sin Datos;446549.7100000000;4469853.6300000000;18/03/17;18 Villa de Vallecas;181 Casco Histórico de Vallecas;SAN JAIME, CALLE, DE;4;Carga y descarga;Línea;1;7;LABORABLES DE 8 A 17 H EXCEPTO CARGA Y DESCARGA;-3.6296566100;40.3775542750
 Sin Datos;447415.9300000000;4469511.4400000000;15/10/18;18 Villa de Vallecas;181 Casco Histórico de Vallecas;SIERRA AITANA, CALLE, DE LA;5;Carga y descarga;Línea;1;7,5;LABORABLES DE LUNES A VIERNES DE 8:00 A 14:00 H Y DE 16:30 A 19:30 H Y SABADOS DE 8:00 A 14:00 H EXCEPTO CARGA Y DESCARGA;-3.6194246720;40.3745259070
 Sin Datos;447306.8500000000;4469980.7800000000;26/08/21;18 Villa de Vallecas;181 Casco Histórico de Vallecas;MONTES DE TOLEDO, CALLE, DE LOS;2;Carga y descarga;Línea;4;20,6;LAB.DE 8 A 14 H. Y DE 16,30 A 19 H. EXCEPTO CARGA Y DESCARGA;-3.6207484340;40.3787476310
 Sin Datos;447415.6600000000;4469342.7000000000;30/09/24;18 Villa de Vallecas;181 Casco Histórico de Vallecas;CONGOSTO, CALLE, DEL;32;Carga y descarga;Línea;2;12;LAB.DE 8 A 14 H. Y DE 16,30 A 19 H. EXCEPTO CARGA Y DESCARGA;-3.6194139010;40.3730065370
 Sin Datos;448566.5600000000;4470421.1400000000;26/04/18;18 Villa de Vallecas;182 Santa Eugenia;ZAZUAR, CALLE, DE;4;Carga y descarga;Batería;9;23;LABORABLES  DE 8:00 A 20:00 H EXCEPTO CARGA Y DESCARGA EN LÍNEA;-3.6059448090;40.3827931720
 Sin Datos;447597.7400000000;4470211.9600000000;21/03/23;18 Villa de Vallecas;182 Santa Eugenia;SIERRA GORDA, CALLE, DE LA;S/N;Carga y descarga;Línea;1;6,5;LAB DE 8 A 20 H EXCEPTO CARGA Y DESCARGA;-3.6173407680;40.3808489540
 Sin Datos;448214.3000000000;4470546.6500000000;31/01/05;18 Villa de Vallecas;182 Santa Eugenia;CASTRILLO DE AZA, CALLE, DE;15;Carga y descarga;Línea;1;8;LAB DE 8 A 14 H. EXCEPTO CARGA Y DESCARGA EN LINEA ;-3.6101047690;40.3839021890
 Sin Datos;448408.4700000000;4470474.5500000000;01/02/05;18 Villa de Vallecas;182 Santa Eugenia;PUENTELARRA, CALLE, DE;7;Carga y descarga;Línea;3;15;LAB. DE 8 A 14 H. EXCEPTOCARGA Y DESCARGA;-3.6078113910;40.3832652320
 Sin Datos;448321.2600000000;4470650.4500000000;01/02/05;18 Villa de Vallecas;182 Santa Eugenia;CASTRILLO DE AZA, CALLE, DE;16;Carga y descarga;Línea;3;15;LABORABLES DE 8 A 14 H. Y DE 16,30 A 19 H. EXCEPTO CARGA Y DESCARGA EN LINEA;-3.6088531430;40.3848441320
 Sin Datos;448395.1400000000;4470684.5800000000;11/10/06;18 Villa de Vallecas;182 Santa Eugenia;CASTRILLO DE AZA, CALLE, DE;Fte 8;Carga y descarga;Línea;3;18;LAB.DE 8 A 14 H. EXCEPTO CARGA Y DESCARGA EN LINEA ;-3.6079855130;40.3851563360
 Sin Datos;448303.1600000000;4470617.6500000000;01/02/05;18 Villa de Vallecas;182 Santa Eugenia;CASTRILLO DE AZA, CALLE, DE;Fte 16;Carga y descarga;Línea;2;10;LAB. DE 8 A 14 H. EXCEPTO CARGA Y DESCARGA;-3.6090636470;40.3845469380
 Sin Datos;448411.7200000000;4470031.4200000000;02/02/05;18 Villa de Vallecas;182 Santa Eugenia;FUENTESPINA, CALLE, DE;16;Carga y descarga;Línea;1;7;LAB.DE 8 A 14 H. Y DE 16,30 A 19 H. EXCEPTO CARGA Y DESCARGA EN LINEA;-3.6077373650;40.3792729190
 Sin Datos;448309.2600000000;4470400.9200000000;02/02/05;18 Villa de Vallecas;182 Santa Eugenia;PUENTELARRA, CALLE, DE;13;Carga y descarga;Batería;7;18;LAB. DE 8 A 14 H. Y DE16,30 A 19 H.EXCEPTOCARGA Y DESCARGA;-3.6089742660;40.3825949280
 Sin Datos;448458.9300000000;4470352.0800000000;02/02/05;18 Villa de Vallecas;182 Santa Eugenia;ZAZUAR, CALLE, DE;15;Carga y descarga;Batería;5;13;lab. de 8 a 14h. y de 16,30 a 19 h. excepto: CARGA Y                DESCARGA;-3.6072070920;40.3821641210
 Sin Datos;448388.4200000000;4470177.2500000000;13/06/14;18 Villa de Vallecas;182 Santa Eugenia;VIRGEN DE LAS VIÑAS, CALLE, DE LA;20;Carga y descarga;Línea;2;12;LAB.DE 8 A 17 H.EXCEPTO CARGA Y DESCARGA;-3.6080236140;40.3805856230
 Sin Datos;447811.0200000000;4470225.3500000000;12/04/19;18 Villa de Vallecas;182 Santa Eugenia;SIERRA GORDA, CALLE, DE LA;S/N;Carga y descarga;Batería;1;3,7;;-3.6148293790;40.3809827400
 Sin Datos;448522.2800000000;4470384.0300000000;12/05/26;18 Villa de Vallecas;182 Santa Eugenia;ZAZUAR, CALLE, DE;11;Carga y descarga;Batería;1;3;DE 8 A 20 H. EXCEPTO CARGA Y DESCARGA;-3.6064633360;40.3824561580
 Sin Datos;447573.0700000000;4470250.9700000000;05/05/26;18 Villa de Vallecas;182 Santa Eugenia;SIERRA GORDA, CALLE, DE LA;S/N;Carga y descarga;Línea;1;11,3;;-3.6176345230;40.3811984580
 Sin Datos;448578.2800000000;4470092.7300000000;07/10/18;18 Villa de Vallecas;182 Santa Eugenia;FUENTESPINA, CALLE, DE;8;Carga y descarga;Batería;4;17,5;LAB. DE 8 A 14 H Y DE 16:30 A 19 H EXCEPTO CARGA Y DESCARGA;-3.6057801410;40.3798353350
 Sin Datos;449584.6600000000;4468042.6200000000;17/07/23;18 Villa de Vallecas;183 Ensanche de Vallecas;FERNANDO CHUECA GOITIA, CALLE, DE;74;Carga y descarga;Línea;3;18;LAB. DE 8 A 12 H. Y DE 16 A 19 H. EXCEPTO CARGA Y DESCARGA  ;-3.5937629240;40.3614280340
 Sin Datos;449086.8300000000;4468652.9500000000;15/10/13;18 Villa de Vallecas;183 Ensanche de Vallecas;RAFAEL DE LEON, CALLE, DE;2;Carga y descarga;Línea;3;15;Laborables de 8 a 14 horas y de 16.30 a 19 horas excepto CARGA Y DESCARGA;-3.5996744730;40.3668962860
 Sin Datos;448124.0000000000;4469051.1500000000;29/04/22;18 Villa de Vallecas;183 Ensanche de Vallecas;LA PUEBLANUEVA, CALLE, DE;43;Carga y descarga;Batería;1;2,5;;-3.6110468830;40.3704237580
 Sin Datos;450150.9100000000;4468413.0300000000;14/10/24;18 Villa de Vallecas;183 Ensanche de Vallecas;GRAN VIA DEL SURESTE, AVENIDA, DE LA;5;Carga y descarga;Línea;2;10;LAB. lunes a viernes de 7 a 11:00 h. excepto CARGA Y DESCARGA;-3.5871232030;40.3647988020
 Sin Datos;447995.5100000000;4473310.4200000000;18/02/05;19 Vicálvaro;191 Casco Histórico de Vicálvaro;CALAHORRA, CALLE, DE;72;Carga y descarga;Línea;3;17;LAB. DE 09:00 A 20:00 H. EXCEPTO CARGA Y DESCARGA;-3.6129079650;40.4087864910
 Sin Datos;448075.4500000000;4473254.7600000000;18/02/05;19 Vicálvaro;191 Casco Histórico de Vicálvaro;CALAHORRA, CALLE, DE;52;Carga y descarga;Línea;3;14;LAB. DE 09:00 A 20:00 H. EXCEPTO CARGA Y DESCARGA;-3.6119613810;40.4082897360
 Sin Datos;448002.2600000000;4473142.9200000000;18/02/05;19 Vicálvaro;191 Casco Histórico de Vicálvaro;CALAHORRA, CALLE, DE;3;Carga y descarga;Línea;3;15;LAB. DE 09:00 A 14:00 Y DE 16:30 A 20:00 H. EXCEPTO CARGA Y DESCARGA;-3.6128148590;40.4072779500
 Sin Datos;448712.6600000000;4472973.6700000000;18/02/05;19 Vicálvaro;191 Casco Histórico de Vicálvaro;SAN CIRIACO, CALLE, DE;7;Carga y descarga;Línea;5;23,4;LAB. DE 08:00 A 14:00 Y DE 16:30 A 19:00 H. EXCEPTO CARGA Y DESCARGA;-3.6044292210;40.4057969120
 Sin Datos;448607.9900000000;4472786.2000000000;30/10/09;19 Vicálvaro;191 Casco Histórico de Vicálvaro;SAN CIPRIANO, CALLE, DE;27;Carga y descarga;Línea;3;19;EXCEPTO CARGA Y DESCARGA LAB. DE 08:00 A 20:00 H.SAB. DE 09:00 A 14:00 H.;-3.6056476160;40.4041020450
 Sin Datos;448843.6600000000;4472660.9400000000;25/02/15;19 Vicálvaro;191 Casco Histórico de Vicálvaro;FUENTE DE SAN PEDRO, CALLE, DE LA;12;Carga y descarga;Línea;2;8,4;LAB. DE 08:00 A 14:00 H. EXCEPTO CARGA Y DESCARGA;-3.6028603480;40.4029883870
 Sin Datos;448546.1700000000;4472451.7800000000;11/09/15;19 Vicálvaro;191 Casco Histórico de Vicálvaro;CRUZ DE LA MISA, CALLE, DE LA;3;Carga y descarga;Línea;1;9;LAB. DE LUNES A VIERNES DE 09:00 A 14:00 H EXCEPTO CARGA Y DESCARGA;-3.6063490310;40.4010854800
 Sin Datos;448426.8200000000;4472797.9500000000;12/03/18;19 Vicálvaro;191 Casco Histórico de Vicálvaro;SAN CIPRIANO, CALLE, DE;13;Carga y descarga;Línea;4;24;LAB. DE 08:00 A 14:00 H. EXCEPTO CARGA Y DESCARGA ;-3.6077834880;40.4041962970
 Sin Datos;448453.0400000000;4472796.2700000000;12/03/18;19 Vicálvaro;191 Casco Histórico de Vicálvaro;SAN CIPRIANO, CALLE, DE;15;Carga y descarga;Línea;2;12;LAB. DE 08:00 A 14:00 H. EXCEPTO CARGA Y DESCARGA;-3.6074743770;40.4041829470
 Sin Datos;448505.3100000000;4472794.0300000000;12/03/18;19 Vicálvaro;191 Casco Histórico de Vicálvaro;SAN CIPRIANO, CALLE, DE;19;Carga y descarga;Línea;6;37,3;LAB. DE 08:00 A 14:00 H. EXCEPTO CARGA Y DESCARGA;-3.6068581610;40.4041665600
 Sin Datos;448508.4600000000;4472778.7900000000;12/03/18;19 Vicálvaro;191 Casco Histórico de Vicálvaro;SAN CIPRIANO, CALLE, DE;26;Carga y descarga;Línea;3;15;LAB. DE 08:00 A 14:00 H. EXCEPTO CARGA Y DESCARGA;-3.6068198300;40.4040291650
 Sin Datos;448415.6100000000;4472784.8600000000;12/03/18;19 Vicálvaro;191 Casco Histórico de Vicálvaro;SAN CIPRIANO, CALLE, DE;14;Carga y descarga;Línea;7;38,7;LAB. DE 07:00 A 14:00 H. EXCEPTO CARGA Y DESCARGA;-3.6079144660;40.4040776950
 Sin Datos;448445.4900000000;4472753.0000000000;12/03/18;19 Vicálvaro;191 Casco Histórico de Vicálvaro;VELILLA, CALLE, DE;11;Carga y descarga;Línea;9;44,5;LAB. DE 08:00 A 14:00 H. EXCEPTO CARGA Y DESCARGA;-3.6075598620;40.4037930490
 Sin Datos;448509.3600000000;4473073.5000000000;01/06/18;19 Vicálvaro;191 Casco Histórico de Vicálvaro;VILLAJIMENA, CALLE, DE;S/N;Carga y descarga;Línea;1;9,7;LAB. DE 08:00 A 14:00 Y SABADOS DE 08:00 A 15:00 H. EXCEPTO CARGA Y DESCARGA;-3.6068330080;40.4066843090
 Sin Datos;447775.2000000000;4472885.8600000000;29/03/23;19 Vicálvaro;191 Casco Histórico de Vicálvaro;VIEJO DE VICALVARO, CAMINO;20;Carga y descarga;Línea;3;15;LAB DE 08:00 A 14:00 Y DE 16:30 A 19:00 H. EXCEPTO CARGA Y DESCARGA ;-3.6154694870;40.4049479030
 Sin Datos;448340.9300000000;4473111.7800000000;17/11/15;19 Vicálvaro;191 Casco Histórico de Vicálvaro;ARTILLEROS, PASEO, DE LOS;19;Carga y descarga;Línea;2;10;LAB. DE 09:00 A 14:00 H. EXCEPTO CARGA Y DESCARGA EN LÍNEA;-3.6088210000;40.4070184000
 Sin Datos;448357.0300000000;4473083.8700000000;17/11/15;19 Vicálvaro;191 Casco Histórico de Vicálvaro;VILLARDONDIEGO, CALLE, DE;24;Carga y descarga;Línea;2;9,6;LAB. DE 09:00 A 14:00 H.EXCEPTO CARGA Y DESCARGA EN LÍNEA;-3.6086290590;40.4067679030
 Sin Datos;448466.4800000000;4472781.5000000000;01/07/10;19 Vicálvaro;191 Casco Histórico de Vicálvaro;SAN CIPRIANO, CALLE, DE;20;Carga y descarga;Línea;2;11;LAB. DE 08:00 A 14:00 Y DE 16:30 A 19:00 H. EXCEPTO CARGA Y DESCARGA ;-3.6073146940;40.4040510520
 Sin Datos;448517.9600000000;4472586.3200000000;21/02/05;19 Vicálvaro;191 Casco Histórico de Vicálvaro;REAL, AVENIDA;9;Carga y descarga;Línea;5;28;LAB. DE 08:00 A 14:00 Y DE 16:30 A 19:00 H. EXCEPTO CARGA Y DESCARGA ;-3.6066922320;40.4022953370
 Sin Datos;448208.9600000000;4472793.7300000000;01/12/23;19 Vicálvaro;191 Casco Histórico de Vicálvaro;VIEJO DE VICALVARO, CAMINO;46;Carga y descarga;Línea;3;15,5;LAB. DE 08:00 A 14:30 H. EXCEPTO CARGA Y DESCARGA;-3.6103504530;40.4041453610
 Sin Datos;448331.4300000000;4472905.5200000000;21/06/24;19 Vicálvaro;191 Casco Histórico de Vicálvaro;ARTILLEROS, PASEO, DE LOS;33;Carga y descarga;Línea;3;15;LAB. DE LUNES A SÁBADOS DE 08:00 A 14:30 H. MÁXIMO 45 MINUTOS EXCEPTO CARGA Y DESCARGA;-3.6089162250;40.4051593820
 Sin Datos;449420.2400000000;4472128.6300000000;29/04/21;19 Vicálvaro;191 Casco Histórico de Vicálvaro;ALCALDE PEDRO ESCARBASSIERE, CALLE, DE;5;Carga y descarga;Línea;4;23;LAB. DE LUNES A VIERNES DE 08:00 A 20:00 H. EXCEPTO CARGA Y DESCARGA;-3.5960235860;40.3982276240
 Sin Datos;448647.6400000000;4472570.0900000000;14/10/24;19 Vicálvaro;191 Casco Histórico de Vicálvaro;HORNO DE LABRADORES, CALLE, DEL;1;Carga y descarga;Batería;2;13;LAB. DE 09:00 A 13:00 H. Y DE 16:00 A 19:00 H. EXCEPTO CARGA Y DESCARGA;-3.6051628930;40.4021578280
 Sin Datos;448695.4100000000;4472692.9400000000;15/11/24;19 Vicálvaro;191 Casco Histórico de Vicálvaro;JARDIN DE LA DUQUESA, CALLE, DEL;14 A;Carga y descarga;Línea;2;9,75;LAB. DE 8:00 A 10:00 H. Y DE 13:00 A 16:00 H. EXCEPTO CARGA Y DESCARGA;-3.6046098750;40.4032673030
 Sin Datos;447253.0500000000;4472262.8000000000;20/07/00;19 Vicálvaro;192 Valdebernardo;INDALECIO PRIETO, BULEVAR, DE;29;Carga y descarga;Línea;3;13,5;LAB. DE 08:00 A 14:00 Y DE 16:30 A 19:00 H. EXCEPTO CARGA Y DESCARGA;-3.6215710300;40.3993026070
 Sin Datos;447345.8700000000;4472698.9100000000;20/04/23;19 Vicálvaro;192 Valdebernardo;INDALECIO PRIETO, BULEVAR, DE;10;Carga y descarga;Línea;1;7,5;LAB. DE LUNES A SÁBADO DE 08:00 A 14:30 H. EXCEPTO CARGA Y DESCARGA MÁXIMO 45 MINUTOS;-3.6205133490;40.4032365350
 Sin Datos;447207.6700000000;4472261.5200000000;25/02/26;19 Vicálvaro;192 Valdebernardo;INDALECIO PRIETO, BULEVAR, DE;30;Carga y descarga;Línea;2;14;LAB.DE 8 A 14 H. Y DE 16,30 A 19 H.EXCEPTO CARGA Y DESCARGA;-3.6221057710;40.3992875380
 Sin Datos;448754.7200000000;4472226.9900000000;30/07/09;19 Vicálvaro;193 Valderrivas;AURORA BOREAL, AVENIDA, DE LA;8;Carga y descarga;Línea;3;15;LABORABLES DE 8 A 14 H.  Y DE 16,30 A 19 H. EXCEPTO CARGA Y DESCARGA;-3.6038734520;40.3990729650
 Sin Datos;448416.4100000000;4471817.3400000000;17/11/20;19 Vicálvaro;193 Valderrivas;DEHESA DE VICALVARO, CALLE, DE LA;S/N;Carga y descarga;Línea;2;12,6;LABORABLES DE LUNES A sabado DE 16:00 A 21:00 H. EXCEPTO CARGA Y DESCARGA;-3.6078266890;40.3953616890
 Sin Datos;452284.8400000000;4472973.1600000000;07/08/25;19 Vicálvaro;194 El Cañaveral;MIGUEL DELIBES, AVENIDA, DE;S/N;Carga y descarga;Línea;3;15;LAB. DE LUNES A VIERNES DE 8:00 A 14:30 H. MÁX 45 MINUTOS EXCEPTO CARGA Y DESCARGA;-3.5623324650;40.4060047230
 Sin Datos;452323.0800000000;4473007.0300000000;07/08/25;19 Vicálvaro;194 El Cañaveral;IGUALDAD, CALLE, DE LA;S/N;Carga y descarga;Línea;3;15,3;LAB. DE LUNES A VIERNES DE 8:00 A 14:30 H. MÁX 45 MINUTOS EXCEPTO CARGA Y DESCARGA;-3.5618842970;40.4063124020
 Sin Datos;446593.6700000000;4475527.4000000000;08/03/05;20 San Blas - Canillejas;201 Simancas;CANGAS DE ONIS, CALLE, DE;14;Carga y descarga;Batería;2;5,67;LAB. DE 08:00 A 14:00 Y DE 16:30 A 19:00 H. EXCEPTO CARGA Y DESCARGA;-3.6296148410;40.4286692150
 Sin Datos;446398.4500000000;4475843.6600000000;16/12/04;20 San Blas - Canillejas;201 Simancas;MIGUEL FLETA, CALLE, DE;4 B;Carga y descarga;Línea;3;15,1;LAB. DE 08:00 A 14:00 Y DE 16:30 A 19:00 H. EXCEPTO CARGA Y DESCARGA;-3.6319428260;40.4315062730
 Sin Datos;446836.6600000000;4475705.7900000000;12/12/08;20 San Blas - Canillejas;201 Simancas;VIRGEN DE LA OLIVA, CALLE, DE LA;27;Carga y descarga;Línea;2;28,8;LAB. DE 08:00 A 14:00 Y DE 16:30 A 19:00 H. EXCEPTO CARGA Y DESCARGA;-3.6267653500;40.4302925190
 Sin Datos;446268.9800000000;4475886.6900000000;09/07/09;20 San Blas - Canillejas;201 Simancas;HERMANOS GARCIA NOBLEJAS, CALLE, DE LOS;39;Carga y descarga;Línea;3;16,5;LAB. DE 08:00 A 14:00 Y DE 16:30 A 19:00 H. EXCEPTO CARGA Y DESCARGA;-3.6334727950;40.4318855140
 Sin Datos;446356.1200000000;4475726.4100000000;28/07/09;20 San Blas - Canillejas;201 Simancas;HERMANOS GARCIA NOBLEJAS, CALLE, DE LOS;45;Carga y descarga;Línea;3;17;LAB. DE 08:00 A 14:00 Y DE 16:30 A 19:00 H. EXCEPTO CARGA Y DESCARGA;-3.6324319600;40.4304476190
 Sin Datos;446668.3600000000;4475279.2400000000;03/09/10;20 San Blas - Canillejas;201 Simancas;CASTILLO DE UCLES, CALLE, DEL;2;Carga y descarga;Línea;3;15;LAB. DE 08:00 A 14:00 Y DE 16:00 A 20:00 H. EXCEPTO CARGA Y DESCARGA SUPERMERCADO;-3.6287134640;40.4264384610
 Sin Datos;446126.0200000000;4476627.8400000000;07/03/05;20 San Blas - Canillejas;201 Simancas;ALCALA, CALLE, DE;444;Carga y descarga;Línea;4;19;LAB. DE 08:00 A 14:00 Y DE 16:30 A 19:00 H. EXCEPTO CARGA Y DESCARGA ;-3.6352209470;40.4385527370
 Sin Datos;446194.4100000000;4476651.1000000000;31/05/00;20 San Blas - Canillejas;201 Simancas;ALCALA, CALLE, DE;454;Carga y descarga;Línea;3;15;LAB. DE 08:00 A 14:00 Y DE 16:30 A 19:00 H. EXCEPTO CARGA Y DESCARGA;-3.6344166860;40.4387671380
 Sin Datos;446610.7400000000;4475828.0900000000;23/11/22;20 San Blas - Canillejas;201 Simancas;EMILIO MUÑOZ, CALLE, DE;15 B;Carga y descarga;Línea;2;12;LAB. DE LUNES A SÁBADO DE 08:00 A 14:30 H. EXCEPTO CARGA Y DESCARGA MÁXIMO DE 30 MINUTOS;-3.6294388290;40.4313790760
 Sin Datos;446970.9200000000;4476039.5600000000;27/02/23;20 San Blas - Canillejas;201 Simancas;EMILIO MUÑOZ, CALLE, DE;43;Carga y descarga;Línea;1;7,5;LAB. DE LUNES A SÁBADOS DE 08:00 A 14:30 H. MÁXIMO 45 MINUTOS EXCEPTO CARGA Y DESCARGA;-3.6252104000;40.4333075380
 Sin Datos;446351.5000000000;4476706.0300000000;12/04/23;20 San Blas - Canillejas;201 Simancas;ALCALA, CALLE, DE;472;Carga y descarga;Línea;4;22;LAB. DE LUNES A SÁBADO DE 08:00 A 14:30 H. EXCEPTO CARGA Y DESCARGA MÁXIMO 45 MINUTOS;-3.6325691840;40.4392722570
 Sin Datos;447204.5300000000;4476394.6100000000;23/07/18;20 San Blas - Canillejas;201 Simancas;JULIAN CAMARILLO, CALLE, DE;38;Carga y descarga;Línea;1;7,49;LAB. DE LUNES A VIERNES DE 08:00 A 14:30 H. EXCEPTO CARGA Y DESCARGA;-3.6224857570;40.4365211430
 Sin Datos;445990.1600000000;4476580.1400000000;10/09/12;20 San Blas - Canillejas;201 Simancas;ALCALA, CALLE, DE;426;Carga y descarga;Línea;3;14,2;LAB. DE 08:00 A 14:00 Y DE 16:30 A 19:00 H. EXCEPTO CARGA Y DESCARGA;-3.6368188120;40.4381145960
 Sin Datos;446880.7600000000;4475730.4000000000;13/02/12;20 San Blas - Canillejas;201 Simancas;VIRGEN DE LA OLIVA, CALLE, DE LA;2 K;Carga y descarga;Línea;5;20;LAB. DE 08:00 A 14:00 Y DE 16:30 A 19:00 H. EXCEPTO CARGA Y DESCARGA;-3.6262474540;40.4305170040
 Sin Datos;446570.5400000000;4475568.6800000000;08/03/05;20 San Blas - Canillejas;201 Simancas;CASTROPOL, CALLE, DE;9;Carga y descarga;Batería;2;4,6;LAB. DE 08:00 A 14:00 Y DE 16:30 A 19:00 H. EXCEPTO CARGA Y DESCARGA;-3.6298910070;40.4290402050
 Sin Datos;446710.6400000000;4476830.7200000000;21/09/21;20 San Blas - Canillejas;201 Simancas;ALCALA, CALLE, DE;500;Carga y descarga;Línea;1;7,5;LAB DE 08:00 A 14:30 H. EXCEPTO CARGA Y DESCARGA MAX. 30 MINUTOS;-3.6283452810;40.4404185740
 Sin Datos;446930.3200000000;4476059.0700000000;24/03/22;20 San Blas - Canillejas;201 Simancas;ALFONSO GOMEZ, CALLE, DE;57;Carga y descarga;Línea;3;15;LAB. DE LUNES A VIERNES DE 16:00 A 20:00 H. EXCEPTO CARGA Y DESCARGA;-3.6256905960;40.4334806280
 Sin Datos;447514.2000000000;4476741.6500000000;25/03/22;20 San Blas - Canillejas;201 Simancas;CRONOS, CALLE, DE;20 C;Carga y descarga;Línea;2;12;LAB. DE LUNES A SÁBADOS DE 08:00 A 14:30 H. EXCEPTO CARGA Y DESCARGA;-3.6188635180;40.4396672540
 Sin Datos;446423.5700000000;4475857.4600000000;16/12/04;20 San Blas - Canillejas;201 Simancas;MIGUEL FLETA, CALLE, DE;6;Carga y descarga;Línea;2;12,6;LAB. DE 08:00 A 14:00 Y DE 16:30 A 19:00 H. EXCEPTO CARGA Y DESCARGA;-3.6316478100;40.4316322090
 Sin Datos;446486.3300000000;4475760.3900000000;12/05/26;20 San Blas - Canillejas;201 Simancas;EMILIO MUÑOZ, CALLE, DE;7;Carga y descarga;Línea;3;15;LABORABLES DE LUNES A SABADO DE 8 H A 14:30 H  MAXIMO 45 MINUTO;-3.6308997560;40.4307617140
 Sin Datos;446769.4100000000;4476794.6900000000;18/06/24;20 San Blas - Canillejas;201 Simancas;RUFINO GONZALEZ, CALLE, DE;4 B;Carga y descarga;Línea;2;10;DE LUNES A VIERNES DE 08:00 A 12:00 H. MÁXIMO 45 MINUTOS EXCEPTO CARGA Y DESCARGA EN LÍNEA ;-3.6276493670;40.4400977180
 Sin Datos;445957.4300000000;4476457.9500000000;22/03/10;20 San Blas - Canillejas;201 Simancas;HERMANOS GARCIA NOBLEJAS, CALLE, DE LOS;11;Carga y descarga;Línea;3;14,5;LAB. DE 08:00 A 14:00 Y DE 16:30 A 19:00 H. EXCEPTO CARGA Y DESCARGA;-3.6371942140;40.4370115950
 Sin Datos;446793.2300000000;4476725.0800000000;08/03/05;20 San Blas - Canillejas;201 Simancas;RUFINO GONZALEZ, CALLE, DE;14;Carga y descarga;Línea;2;11;LAB. DE 08:00 A 12:00 H. EXCEPTO CARGA Y DESCARGA;-3.6273625440;40.4394715320
 Sin Datos;446937.7600000000;4475467.9100000000;25/11/10;20 San Blas - Canillejas;201 Simancas;CASTILLO DE MADRIGAL DE LAS ALTAS TORRES, CALLE, D;CASTILLO UCLES;Carga y descarga;Línea;4;22;LAB. DE 08:00 A 14:00 Y DE 16:30 A 19:00 H. EXCEPTO CARGA Y DESCARGA;-3.6255535450;40.4281557300
 Sin Datos;447079.5800000000;4475850.9500000000;10/07/09;20 San Blas - Canillejas;201 Simancas;VIRGEN DE LA OLIVA, CALLE, DE LA;32;Carga y descarga;Línea;4;22,9;LAB. DE 08:00 A 14:00 Y DE 16:30 A 19:00 H. EXCEPTO CARGA Y DESCARGA;-3.6239136250;40.4316153640
 Sin Datos;446472.1600000000;4476122.3000000000;04/06/12;20 San Blas - Canillejas;201 Simancas;JULIAN CAMARILLO, CALLE, DE;15;Carga y descarga;Línea;3;14,9;LAB. DE 08:00 A 14:00 Y DE 16:30 A 19:00 H. EXCEPTO CARGA Y DESCARGA;-3.6310973700;40.4340209270
 Sin Datos;446112.6600000000;4476206.1200000000;18/10/18;20 San Blas - Canillejas;201 Simancas;ALBASANZ, CALLE, DE;2;Carga y descarga;Línea;2;9,4;LAB. DE 08:00 A 12:00 H EXCEPTO CARGA Y DESCARGA;-3.6353428150;40.4347532820
 Sin Datos;447493.3200000000;4476728.2900000000;29/11/18;20 San Blas - Canillejas;201 Simancas;CRONOS, CALLE, DE;20 B;Carga y descarga;Línea;2;10;LAB. DE 08:00 A 14:00 H. EXCEPTO CARGA Y DESCARGA;-3.6191085720;40.4395451000
 Sin Datos;446654.8600000000;4476811.2600000000;28/01/19;20 San Blas - Canillejas;201 Simancas;ALCALA, CALLE, DE;494;Carga y descarga;Línea;2;12,9;LAB. DE 08:00 A 14:00 H. EXCEPTO CARGA Y DESCARGA;-3.6290012040;40.4402394100
 Sin Datos;447141.1100000000;4476148.6100000000;11/05/21;20 San Blas - Canillejas;201 Simancas;EMILIO MUÑOZ, CALLE, DE;57;Carga y descarga;Línea;3;16,5;LAB. DE LUNES A VIERNES DE 07:00 A 13:00 H. EXCEPTO CARGA Y DESCARGA;-3.6232130120;40.4343005880
 Sin Datos;447769.3200000000;4475763.0300000000;07/03/23;20 San Blas - Canillejas;202 Hellín;HELLIN, AVENIDA, DE;13;Carga y descarga;Línea;1;7,5;LAB. DE LUNES A SABADO DE 08:00 A 14:30: EXCEPTO CARGA Y DESCARGA MÁXIMO 45 MINUTOS;-3.6157749890;40.4308673680
 Sin Datos;447577.5500000000;4475811.8700000000;07/03/05;20 San Blas - Canillejas;202 Hellín;ALCONERA, CALLE, DE;7;Carga y descarga;Línea;2;4,65;LAB. DE 09:00 A 20:00 H. EXCEPTO CARGA Y DESCARGA;-3.6180398910;40.4312953100
 Sin Datos;447216.2400000000;4475355.1800000000;13/12/11;20 San Blas - Canillejas;203 Amposta;AMPOSTA, CALLE, DE;8;Carga y descarga;Línea;3;15;LAB. DE 09:00 A 14:00 Y DE 16:30 A 19:00 H. EXCEPTO CARGA Y DESCARGA;-3.6222613290;40.4271583250
 Sin Datos;447260.9000000000;4475276.9700000000;10/03/05;20 San Blas - Canillejas;203 Amposta;AMPOSTA, CALLE, DE;18;Carga y descarga;Batería;3;10;LAB.DE 8 A 14 H. Y DE  16,30 A 19 H. EXCEPTO CARGA Y DESCARGA ;-3.6217284780;40.4264561650
 Sin Datos;447674.9500000000;4475579.6900000000;01/01/00;20 San Blas - Canillejas;203 Amposta;ALBERIQUE, CALLE, DE;16;Carga y descarga;Línea;4;27,6;LAB. DE 09:00 A 14:00 Y DE 16:30 A 19:00 H. EXCEPTO CARGA Y DESCARGA;-3.6168724890;40.4292095140
 Sin Datos;447677.9200000000;4475553.6600000000;01/01/00;20 San Blas - Canillejas;203 Amposta;ALBERIQUE, CALLE, DE;16;Carga y descarga;Línea;4;22,1;LAB. DE 09:00 A 14:00 Y DE 16:30 A 19:00 H. EXCEPTO CARGA Y DESCARGA;-3.6168353040;40.4289752320
 Sin Datos;447233.4500000000;4475361.2600000000;10/03/05;20 San Blas - Canillejas;203 Amposta;AMPOSTA, CALLE, DE;5;Carga y descarga;Línea;3;13,5;LAB. DE 09:00 A 14:00 Y DE 16:30 A 19:00 H. EXCEPTO CARGA Y DESCARGA;-3.6220590180;40.4272139020
 Sin Datos;447272.4700000000;4475290.6300000000;10/03/05;20 San Blas - Canillejas;203 Amposta;SEDA, PASAJE, DE LA;1;Carga y descarga;Línea;3;15,6;LAB. DE 09:00 A 14:00 Y DE 16:30 A 19:00 H. EXCEPTO CARGA Y DESCARGA;-3.6215932030;40.4265802680
 Sin Datos;447640.7900000000;4475367.9400000000;11/03/05;20 San Blas - Canillejas;203 Amposta;POBLADURA DEL VALLE, CALLE, DE;15;Carga y descarga;Batería;4;7,86;LAB. DE 08:00 A 20:00 H. EXCEPTO CARGA Y DESCARGA DELEGACION HACIENDA;-3.6172576890;40.4272997310
 Sin Datos;447987.8200000000;4474607.3700000000;27/02/23;20 San Blas - Canillejas;204 Arcos;SARRE, CALLE, DE;10;Carga y descarga;Línea;1;7;LAB. DE LUNES A SÁBADOS DE 08:00 A 14:30 H. MÁXIMO 45 MINUTOS EXCEPTO CARGA Y DESCARGA;-3.6131046040;40.4204698450
 Sin Datos;447430.7700000000;4474538.3400000000;27/02/23;20 San Blas - Canillejas;204 Arcos;GUADALAJARA, AVENIDA, DE;37;Carga y descarga;Batería;6;15;LAB. DE LUNES A SÁBADOS DE 08:00 A 14: 30 H. MÁX 45 MINUTOS EXCEPTO CARGA Y DESCARGA EN LÍNEA;-3.6196649710;40.4198131780
 Sin Datos;447682.7300000000;4474483.2100000000;07/03/23;20 San Blas - Canillejas;204 Arcos;AQUITANIA, CALLE, DE;33;Carga y descarga;Línea;1;6;LAB. DE LUNES A SÁBADO DE 08:00 A 14:30 H. EXCEPTO CARGA Y DESCARGA MÁXIMO 45 MINUTOS;-3.6166906320;40.4193324670
 Sin Datos;447802.7400000000;4474880.6400000000;29/04/16;20 San Blas - Canillejas;204 Arcos;ARGENTA, CALLE, DE;12 C;Carga y descarga;Línea;2;13,8;LAB. DE LUNES A VIERNES DE 08:00 A 20:00 H. Y SÁBADOS DE 08:00 A 15:00 H EXCEPTO CARGA Y DESCARGA EN LÍNEA;-3.6153085440;40.4229199850
 Sin Datos;447035.9500000000;4474842.2200000000;29/09/20;20 San Blas - Canillejas;204 Arcos;POBLADURA DEL VALLE, CALLE, DE;6;Carga y descarga;Línea;3;15;LAB. DE A 08:00 A 12:00 Y DE 19:00 A 21:00 H. SÁBADOS DE 08:00 A 12:00 H. EXCEPTO CARGA Y DESCARGA;-3.6243439730;40.4225254460
 Sin Datos;447457.9200000000;4474361.1600000000;03/04/24;20 San Blas - Canillejas;204 Arcos;AQUITANIA, CALLE, DE;S/N;Carga y descarga;Línea;2;10;LAB. DE LUNES A SÁBADOS DE 08:00 A 14:30 H. EXCEPTO CARGA Y DESCARGA MÁXIMO 45 MINUTOS;-3.6193302490;40.4182181210
 Sin Datos;447313.2500000000;4474460.8900000000;24/04/25;20 San Blas - Canillejas;204 Arcos;GUADALAJARA, AVENIDA, DE;4;Carga y descarga;Batería;6;15;LAB. DE LUNES A SÁBADOS DE 8 A 14:30 H. MÁXIMO 45 MINUTOS EXCEPTO CARGA Y DESCARGA;-3.6210437370;40.4191080960
 Sin Datos;448593.7300000000;4474888.0400000000;31/05/22;20 San Blas - Canillejas;205 Rosas;SUECIA, CALLE, DE;30;Carga y descarga;Línea;1;8,8;LAB DE 08:00 A 14:00 Y DE 16:30 A 19:00 H. EXCEPTO CARGA Y DESCARGA;-3.6059854320;40.4230358940
 Sin Datos;448524.0000000000;4475026.4200000000;15/09/22;20 San Blas - Canillejas;205 Rosas;GUADALAJARA, AVENIDA, DE;129;Carga y descarga;Línea;3;15;LAB. DE LUNES A SÁBADOS DE 08:00 A 14:30 H. MÁXIMO 30 MINUTOS EXCEPTO CARGA Y DESCARGA;-3.6068186270;40.4242781810
 Sin Datos;448840.7900000000;4475315.1200000000;27/02/23;20 San Blas - Canillejas;205 Rosas;BUDAPEST, CALLE, DE;6;Carga y descarga;Línea;1;7,5;LAB. DE LUNES A SÁBADOS DE 08:00 A 14:30 H. MÁXIMO 45 MINUTOS EXCEPTO CARGA Y DESCARGA ;-3.6031076940;40.4268986610
 Sin Datos;448734.6600000000;4475190.9500000000;07/03/23;20 San Blas - Canillejas;205 Rosas;SUECIA, CALLE, DE;37;Carga y descarga;Línea;1;7,2;LAB. DE LUNES A SÁBADO DE 08:00 A 14:30 H. EXCEPTO CARGA Y DESCARGA MÁXIMO 45 MINUTOS;-3.6043486630;40.4257736010
 Sin Datos;448616.7800000000;4475885.4100000000;16/11/21;20 San Blas - Canillejas;205 Rosas;SUECIA, CALLE, DE;79;Carga y descarga;Línea;2;10;LAB. DE LUNES A SÁBADO DE 08:00 A 14:30 H. EXCEPTO CARGA Y DESCARGA MÁXIMO 30 MINUTOS;-3.6057943500;40.4320225650
 Sin Datos;448528.9200000000;4474875.2300000000;01/02/22;20 San Blas - Canillejas;205 Rosas;SUECIA, CALLE, DE;21;Carga y descarga;Línea;1;7,5;LAB. DE LUNES A SÁBADOS DE 08:00 A 14:30 H. MÁXIMO 45 MINUTOS EXCEPTO CARGA Y DESCARGA;-3.6067482680;40.4229165470
 Sin Datos;448366.3100000000;4474757.3300000000;27/10/23;20 San Blas - Canillejas;205 Rosas;SAN MARINO, CALLE, DE;6;Carga y descarga;Línea;2;12,5;DÍAS LABORABLES DE LUNES A VIERNES DE 08:00 A 12:00 H. EXCEPTO CARGA Y DESCARGA ;-3.6086555870;40.4218441990
 Sin Datos;448314.9900000000;4475728.9100000000;15/03/05;20 San Blas - Canillejas;205 Rosas;LONGARES, CALLE, DE;22;Carga y descarga;Línea;2;12;LAB. DE 08:00 A 12:00 H. EXCEPTO CARGA Y DESCARGA;-3.6093394120;40.4305940670
 Sin Datos;448444.7000000000;4476098.8000000000;06/06/14;20 San Blas - Canillejas;205 Rosas;NIZA, AVENIDA, DE;52;Carga y descarga;Línea;3;15;LAB. DE 08:00 A 17:00 H. EXCEPTO CARGA Y DESCARGA EN LINEA.;-3.6078403250;40.4339339520
 Sin Datos;448478.4500000000;4476027.3500000000;27/09/18;20 San Blas - Canillejas;205 Rosas;MARIA SEVILLA DIAGO, CALLE, DE;24 A;Carga y descarga;Línea;2;10;LAB. DE 08:00 A 14:30 H. EXCEPTO CARGA Y DESCARGA;-3.6074366760;40.4332922970
 Sin Datos;451056.7000000000;4477335.5000000000;30/05/17;20 San Blas - Canillejas;206 Rejas;NANCLARES DE OCA, CALLE, DE;1 H;Carga y descarga;Línea;2;11,2;LAB. DE 08:00 A 12:00 H Y SABADOS DE 08:00 A 15:00 H EXCEPTO CARGA Y DESCARGA;-3.5771414760;40.4452328520
 Sin Datos;452703.6800000000;4477591.2300000000;11/06/12;20 San Blas - Canillejas;206 Rejas;INGENIERO TORRES QUEVEDO, CALLE, DEL;S/N;Carga y descarga;Línea;4;18,9;EXCEPTO CARGA Y DESCARGA;-3.5577401510;40.4476315400
 Sin Datos;449571.2500000000;4477779.8700000000;22/08/25;20 San Blas - Canillejas;206 Rejas;TERCERA, AVENIDA;S/N;Carga y descarga;Línea;1;12;LAB. DE LUNES A SÁBADOS DE 8 A 14:30 H MÁXIMO  45  MINUTOS EXCEPTO  CARGA Y DESCARGA;-3.5946922620;40.4491470130
 Sin Datos;449541.1400000000;4477268.1300000000;10/03/05;20 San Blas - Canillejas;206 Rejas;ONCE, CALLE;2;Carga y descarga;Línea;5;27,76;LAB. DE 08:00 A 14:00 Y DE 16:30 A 19:00 H. EXCEPTO CARGA Y DESCARGA;-3.5950067580;40.4445350470
 Sin Datos;450071.6400000000;4477379.4800000000;27/02/19;20 San Blas - Canillejas;206 Rejas;PIRRA, CALLE, DE;14;Carga y descarga;Línea;2;15;DE LUNES A VIERNES DE 08:00 A 12:00 H Y DE 17:00 A 18:00 H SÁBADOS DE 08:00 A 12:00 H EXCEPTO CARGA Y DESCARGA;-3.5887601430;40.4455699800
 Sin Datos;449481.3900000000;4477753.7800000000;18/07/25;20 San Blas - Canillejas;206 Rejas;CUARTA, AVENIDA;S/N;Carga y descarga;Línea;1;9,79;LAB. DE LUNES A SÁBADOS DE  8:00 A 14:30 H MÁX  45 MINUTOS EXCEPTO  CARGA Y DESCARGA;-3.5957499990;40.4489069440
 Sin Datos;448098.9600000000;4476788.5000000000;20/09/00;20 San Blas - Canillejas;207 Canillejas;LUCANO, CALLE, DE;2;Carga y descarga;Línea;1;9,4;LAB. DE 08:00 A 14:00 Y DE 16:30 A 19:00 H. EXCEPTO CARGA Y DESCARGA;-3.6119727260;40.4401251620
 Sin Datos;448161.0200000000;4476330.0300000000;11/03/05;20 San Blas - Canillejas;207 Canillejas;ETRURIA, CALLE, DE;12;Carga y descarga;Línea;4;18;LAB. DE 09:00 A 14:00 Y DE 16:30 A 19:00 H. EXCEPTO CARGA Y DESCARGA;-3.6112035870;40.4359992930
 Sin Datos;448066.4500000000;4476283.1600000000;11/03/05;20 San Blas - Canillejas;207 Canillejas;CANILLEJAS A VICALVARO, AVENIDA, DE;61;Carga y descarga;Batería;4;10,4;LAB. DE 08:00 A 14:00 Y DE 16:30 A 19:00 H. EXCEPTO CARGA Y DESCARGA;-3.6123147820;40.4355716380
 Sin Datos;448274.0400000000;4476242.5400000000;11/06/15;20 San Blas - Canillejas;207 Canillejas;LA ILIADA, CALLE, DE;17;Carga y descarga;Línea;3;18;LAB. DE 08:00 A 17:00 H. EXCEPTO CARGA Y DESCARGA;-3.6098640120;40.4352185810
 Sin Datos;448009.4100000000;4477357.4100000000;08/04/19;20 San Blas - Canillejas;207 Canillejas;BOLTAÑA, CALLE, DE;17;Carga y descarga;Línea;3;13,4;LAB DE 08:00 A 14:00 Y DE 16:30 A 19:00 H.EXCEPTO CARGA Y DESCARGA;-3.6130752110;40.4452451700
 Sin Datos;448002.5900000000;4477348.9200000000;08/04/19;20 San Blas - Canillejas;207 Canillejas;BOLTAÑA, CALLE, DE;17;Carga y descarga;Línea;1;5,8;LAB DE 08:00 A 14:00 Y DE 16:30 A 19:00 H.EXCEPTO CARGA Y DESCARGA;-3.6131549100;40.4451685090
 Sin Datos;448297.3800000000;4477607.2800000000;16/07/08;20 San Blas - Canillejas;207 Canillejas;BOLTAÑA, CALLE, DE;90;Carga y descarga;Línea;3;16;LAB. DE 08:00 A 14:00 Y DE 16:30 A 19:00 H. EXCEPTO CARGA Y DESCARGA;-3.6096999740;40.4475143130
 Sin Datos;448023.2300000000;4477374.0400000000;01/07/10;20 San Blas - Canillejas;207 Canillejas;BOLTAÑA, CALLE, DE;Fte 40;Carga y descarga;Línea;3;15;LAB DE 08:00 A 14:00 Y DE 16:30 A 19:00 H.EXCEPTO CARGA Y DESCARGA;-3.6129135230;40.4453961450
 Sin Datos;447987.1100000000;4477329.8900000000;01/07/10;20 San Blas - Canillejas;207 Canillejas;BOLTAÑA, CALLE, DE;15;Carga y descarga;Línea;12;34,7;LAB DE 08:00 A 14:00 Y DE 16:30 A 19:00 H.EXCEPTO CARGA Y DESCARGA;-3.6133357350;40.4449958770
 Sin Datos;448081.5200000000;4477525.0500000000;30/05/17;20 San Blas - Canillejas;207 Canillejas;ALCALA, CALLE, DE;603;Carga y descarga;Línea;2;10;LAB. DE 08:00 A 14:00 Y DE 16:30 A 19:00 H. EXCEPTO CARGA Y DESCARGA ;-3.6122385780;40.4467602430
 Sin Datos;448155.9100000000;4476653.8800000000;21/09/21;20 San Blas - Canillejas;207 Canillejas;LUCANO, CALLE, DE;20;Carga y descarga;Línea;2;10;LAB. DE 08:00 A 14:30 H EXCEPTO CARGA Y DESCARGA;-3.6112903330;40.4389165650
 Sin Datos;448002.3400000000;4477436.9300000000;01/01/00;20 San Blas - Canillejas;207 Canillejas;ALCALA, CALLE, DE;580;Carga y descarga;Línea;3;15;LAB. DE 08:00 A 14:00 Y DE 16:30 A 19:00 H. EXCEPTO CARGA Y DESCARGA;-3.6131649370;40.4459607950
 Sin Datos;448246.1100000000;4477572.4100000000;23/09/04;20 San Blas - Canillejas;207 Canillejas;BOLTAÑA, CALLE, DE;45;Carga y descarga;Línea;3;15;LAB. DE 08:00 A 14:00 Y DE 16:30 A 19:00 H. EXCEPTO CARGA Y DESCARGA;-3.6103016370;40.4471963780
 Sin Datos;448079.7100000000;4477435.2400000000;11/04/05;20 San Blas - Canillejas;207 Canillejas;BOLTAÑA, CALLE, DE;66;Carga y descarga;Línea;4;20;LAB. DE 08:00 A 14:00 Y DE 16:30 A 19:00 H. EXCEPTO CARGA Y DESCARGA EN LINEA ;-3.6122525590;40.4459505960
 Sin Datos;448285.7400000000;4477672.5400000000;31/08/09;20 San Blas - Canillejas;207 Canillejas;ALCALA, CALLE, DE;622;Carga y descarga;Línea;3;12,1;LAB. DE 08:00 A 14:00 Y DE 16:30 A 19:00 H. EXCEPTO CARGA Y DESCARGA;-3.6098425260;40.4481014800
 Sin Datos;447939.3000000000;4477383.6400000000;18/04/05;20 San Blas - Canillejas;207 Canillejas;ALCALA, CALLE, DE;574;Carga y descarga;Línea;3;15;LAB. DE 08:00 A 14:00 Y DE 16:30 A 19:00 H. EXCEPTO CARGA Y DESCARGA;-3.6139038800;40.4454771040
 Sin Datos;448195.5400000000;4477264.1400000000;15/06/95;20 San Blas - Canillejas;207 Canillejas;VALDERROBRES, CALLE, DE;11;Carga y descarga;Línea;3;15;LAB. DE 08:00 A 14:00 Y DE 16:30 A 19:00 H. EXCEPTO CARGA Y DESCARGA;-3.6108727620;40.4444165590
 Sin Datos;448106.7600000000;4477129.1300000000;22/06/07;20 San Blas - Canillejas;207 Canillejas;DISCOBOLO, CALLE, DEL;63;Carga y descarga;Línea;6;30;LAB. DE 08:00 A 14:00 Y DE 16:30 A 19:00 H. EXCEPTO CARGA Y DESCARGA;-3.6119084400;40.4431944970
 Sin Datos;448353.8900000000;4477485.1000000000;01/01/00;20 San Blas - Canillejas;207 Canillejas;SAN FAUSTINO, CALLE, DE;12;Carga y descarga;Batería;3;19,78;LAB. DE 08:00 A 14:00 Y DE 16:30 A 19:00 H. EXCEPTO CARGA Y DESCARGA;-3.6090235980;40.4464171560
 Sin Datos;448392.0100000000;4477691.6500000000;07/06/10;20 San Blas - Canillejas;207 Canillejas;BOLTAÑA, CALLE, DE;112;Carga y descarga;Línea;3;17;LAB. DE 08:00 A 14:00 Y DE 16:30 A 19:00 H. EXCEPTO CARGA Y DESCARGA;-3.6085909570;40.4482803000
 Sin Datos;448239.8300000000;4477656.2700000000;30/04/21;20 San Blas - Canillejas;207 Canillejas;ALCALA, CALLE, DE;623;Carga y descarga;Línea;2;12;LAB. DE 08:00 A 14:30 H EXCEPTO CARGA Y DESCARGA;-3.6103824820;40.4479515940
 Sin Datos;445334.0000000000;4477678.2200000000;15/02/05;20 San Blas - Canillejas;208 El Salvador;TELEMACO, CALLE, DE;8;Carga y descarga;Línea;3;16;LAB. DE 08:00 A 14:00 Y DE 16:30 A 19:00 H. EXCEPTO CARGA Y DESCARGA;-3.6446494830;40.4479636260
 Sin Datos;446117.7400000000;4477349.2300000000;15/03/24;20 San Blas - Canillejas;208 El Salvador;TUMACO, CALLE, DE;5;Carga y descarga;Línea;3;15;LAB. DE LUNES A VIERNES DE 08:00 A 14:00 H. EXCEPTO CARGA Y DESCARGA;-3.6353798280;40.4450512240
 Sin Datos;446236.0500000000;4477315.4800000000;19/04/24;20 San Blas - Canillejas;208 El Salvador;LOPEZ DE ARANDA, CALLE, DE;ALEGRIA ORIA;Carga y descarga;Línea;4;20;LAB. DE 08:00 A 19:00 H. EXCEPTO  CARGA Y DESCARGA;-3.6339819830;40.4447547190
 Sin Datos;446651.8600000000;4477647.2200000000;30/11/18;20 San Blas - Canillejas;208 El Salvador;JUAN IGNACIO LUCA DE TENA, CALLE, DE;20;Carga y descarga;Línea;2;10,4;LAB DE 08:00 A 20:00 H EXCEPTO CARGA Y DESCARGA;-3.6291068000;40.4477702530
 Sin Datos;449513.6300000000;4477942.4200000000;28/09/04;21 Barajas;211 Alameda de Osuna;NORAY, CALLE, DEL;2;Carga y descarga;Línea;3;16,8;LAB. DE 08:00 A 14:00 Y DE 16:30 A 19:00 H. EXCEPTO CARGA Y DESCARGA EN LINEA;-3.5953847380;40.4506083990
 Sin Datos;449887.1500000000;4478194.9200000000;03/03/05;21 Barajas;211 Alameda de Osuna;CANOA, CALLE, DE LA;14;Carga y descarga;Línea;2;12;LAB. DE 08:00 A 14:00 Y DE 16:30 A 19:00 H. EXCEPTO CARGA Y DESCARGA;-3.5910000640;40.4529051580
 Sin Datos;449715.0300000000;4478197.1900000000;31/10/22;21 Barajas;211 Alameda de Osuna;PINOS DE OSUNA, CALLE, DE LOS;4;Carga y descarga;Línea;3;16;LAB. DE LUNES A VIERNES DE 08:00 A 14:00 Y DE 16:30 A 19:00 H. SÁBADOS LAB. DE 08:00 A 15:00 H. EXCEPTO CARGA Y DESCARGA;-3.5930298820;40.4529157000
 Sin Datos;450653.4100000000;4479048.4800000000;08/03/23;21 Barajas;211 Alameda de Osuna;SOTO HIDALGO, CALLE, DE;S/N;Carga y descarga;Línea;3;15;DE LUNES A VIERNES DE 08:00 A 17:00 H. EXCEPTO CARGA Y DESCARGA,;-3.5820300090;40.4606406040
 Sin Datos;450232.1200000000;4478549.3200000000;15/04/19;21 Barajas;211 Alameda de Osuna;CORBETA, CALLE, DE LA;6;Carga y descarga;Batería;6;17,4;LAB. DE 08:00 A 14:30 H. EXCEPTO CARGA Y DESCARGA EN LÍNEA;-3.5869596230;40.4561183620
 Sin Datos;450074.7800000000;4478488.8800000000;13/06/24;21 Barajas;211 Alameda de Osuna;CARABELA, CALLE, DE LA;14;Carga y descarga;Batería;2;9;LAB. DE LUNES A SÁBADO DE 08:00 A 14:30 H. MÁXIMO 45 MINUTOS EXCEPTO CARGA Y DESCARGA;-3.5888104490;40.4555643700
 Sin Datos;450227.2500000000;4478629.8200000000;01/06/21;21 Barajas;211 Alameda de Osuna;CANTABRIA, AVENIDA, DE;31;Carga y descarga;Línea;3;15;LAB DE 08:00 A 14:30 H. EXCEPTO CARGA Y DESCARGA;-3.5870233930;40.4568436700
 Sin Datos;450276.2900000000;4478693.9900000000;01/06/21;21 Barajas;211 Alameda de Osuna;BERGANTIN, CALLE, DEL;1;Carga y descarga;Línea;2;13;LAB DE 08:00 A 14:30 H. EXCEPTO CARGA Y DESCARGA;-3.5864499770;40.4574248780
 Sin Datos;450057.7000000000;4478395.9700000000;14/07/21;21 Barajas;211 Alameda de Osuna;FALUA, CALLE, DE LA;7;Carga y descarga;Línea;1;7,5;LAB. DE LUNES A SABADO DE 08:00 A 14:30 H. EXCEPTO CARGA Y DESCARGA;-3.5890045100;40.4547267050
 Sin Datos;450440.2300000000;4477998.1700000000;03/03/05;21 Barajas;212 Aeropuerto;MEDINA DE POMAR, CALLE, DE;12;Carga y descarga;Línea;4;20;LAB. DE 08:00 A 14:00 H. EXCEPTO CARGA Y DESCARGA;-3.5844622720;40.4511656010
 Sin Datos;450930.2900000000;4480421.2500000000;25/02/05;21 Barajas;213 Casco Histórico de Barajas;SATURNO, CALLE, DE;23;Carga y descarga;Línea;4;21;LAB. DE 09:00 A 14:00 H. Y DE 16:30 A 20:00 H.EXCEPTO CARGA Y DESCARGA;-3.5788706620;40.4730235970
 Sin Datos;450926.7800000000;4480333.0000000000;01/06/10;21 Barajas;213 Casco Histórico de Barajas;GENERAL, AVENIDA;16;Carga y descarga;Línea;6;21,9;LAB DE 08:00 A 14:00 H.EXCEPTO CARGA Y DESCARGA;-3.5789051540;40.4722286750
 Sin Datos;450868.2000000000;4480212.7400000000;10/07/06;21 Barajas;213 Casco Histórico de Barajas;GONZALO DE CESPEDES, CALLE, DE;13;Carga y descarga;Línea;3;14;DE LUNES A SABADO DE 08:00 A 14:00 H. EXCEPTO CARGA Y DESCARGA;-3.5795868600;40.4711418890
 Sin Datos;450803.0000000000;4480255.5500000000;09/10/06;21 Barajas;213 Casco Histórico de Barajas;GONZALO DE CESPEDES, CALLE, DE;7;Carga y descarga;Línea;1;7;LAB DE 08:00 A 14:00 H.EXCEPTO CARGA Y DESCARGA;-3.5803592640;40.4715234210
 Sin Datos;450696.0500000000;4480309.7100000000;30/05/07;21 Barajas;213 Casco Histórico de Barajas;LOGROÑO, AVENIDA, DE;124;Carga y descarga;Línea;3;15;LAB DE 08:00 A 14:00 Y DE 16:30 A 19:00 H.EXCEPTO CARGA Y DESCARGA;-3.5816251570;40.4720052790
 Sin Datos;450811.9800000000;4480298.0200000000;26/10/10;21 Barajas;213 Casco Histórico de Barajas;CANAL DE SUEZ, CALLE, DEL;16;Carga y descarga;Línea;2;12;LAB DE 08:00 A 14:00 Y DE 16:00 A 20:00 H.EXCEPTO CARGA Y DESCARGA;-3.5802565900;40.4719060430
 Sin Datos;451060.3800000000;4480521.6400000000;06/02/23;21 Barajas;213 Casco Histórico de Barajas;MAYOR DE BARAJAS, PLAZA;13;Carga y descarga;Línea;1;8;LAB DE 08:00 A 14:00 Y DE 16:30 A 19:00 H. EXCEPTO CARGA Y DESCARGA;-3.5773437300;40.4739360890
 Sin Datos;450879.4100000000;4480269.8100000000;14/11/14;21 Barajas;213 Casco Histórico de Barajas;GENERAL, AVENIDA;35;Carga y descarga;Línea;3;17,6;LAB. DE 08:00 A 14:00 Y DE 16:30 A 19:00 H. EXCEPTO CARGA Y DESCARGA;-3.5794589750;40.4716560610
 Sin Datos;450890.3700000000;4480284.4200000000;14/11/14;21 Barajas;213 Casco Histórico de Barajas;CANAL DE SUEZ, PASAJE, DEL;2 A;Carga y descarga;Línea;2;10,2;LAB. DE 08:00 A 14:00 Y DE 16:30 A 19:00 H. EXCEPTO CARGA Y DESCARGA;-3.5793309190;40.4717883570
 Sin Datos;450723.0300000000;4480607.3600000000;08/06/21;21 Barajas;213 Casco Histórico de Barajas;SANTA EDUVIGIS, CALLE, DE;S/N;Carga y descarga;Batería;4;10;LAB. DE 08:00 A 14:00 Y DE 16:30 A 19:00 H. SÁBADOS DE 08:00 A 14:00 H. EXCEPTO CARGA Y DESCARGA;-3.5813299690;40.4746879250
 Sin Datos;450304.3800000000;4480449.2300000000;23/05/11;21 Barajas;214 Timón;ALHAURIN, CALLE, DE;2;Carga y descarga;Línea;2;11;LAB DE 08:00 A 14:00 Y DE 16:30 A 19:00 H.EXCEPTO CARGA Y DESCARGA EN  LINEA;-3.5862563170;40.4732381690
 Sin Datos;450660.8500000000;4480391.3000000000;30/05/07;21 Barajas;214 Timón;LOGROÑO, AVENIDA, DE;329;Carga y descarga;Línea;3;15,1;LAB. DE 08:00 A 14:00 H. Y DE 16:30 A 19:00 H. EXCEPTO CARGA Y DESCARGA;-3.5820466820;40.4727376910
 Sin Datos;450618.4500000000;4480212.9000000000;24/02/05;21 Barajas;214 Timón;ALARO, CALLE, DE;8 B;Carga y descarga;Línea;4;18,6;LAB. DE 08:00 A 14:00 Y DE 16:30 A 19:00 H. EXCEPTO CARGA Y DESCARGA;-3.5825329510;40.4711281950
 Sin Datos;449955.8900000000;4480183.3900000000;26/10/21;21 Barajas;214 Timón;PLAYA DE BARLOVENTO, CALLE, DE LA;40;Carga y descarga;Línea;1;7,5;LAB. DE LUNES A VIERNES DE 08:00 A 14:00 H. MÁXIMO 30 MINUTOS EXCEPTO CARGA Y DESCARGA;-3.5903461480;40.4708226940
 Sin Datos;449792.4800000000;4479307.2300000000;03/06/09;21 Barajas;215 Corralejos;BAHIA DE PALMA, CALLE, DE LA;7 H;Carga y descarga;Línea;2;14,7;LAB. DE 08:00 A 14:00  Y DE 16:30 A 19:00 H. EXCEPTO CARGA Y DESCARGA EN LINEA;-3.5922044220;40.4629198300
 Sin Datos;447629.7400000000;4479347.0500000000;07/11/14;21 Barajas;215 Corralejos;AMBERES, CALLE, DE;7;Carga y descarga;Línea;3;15;LAB. DE 09:00 A 14:00 H. EXCEPTO CARGA Y DESCARGA;-3.6177160550;40.4631450600
 Sin Datos;447880.7400000000;4479389.9900000000;07/11/14;21 Barajas;215 Corralejos;AMSTERDAM, CALLE, DE;9;Carga y descarga;Batería;3;14,9;LAB. DE 09:00 A 14:00 H. EXCEPTO CARGA Y DESCARGA EN LINEA;-3.6147592490;40.4635477340
 Sin Datos;449734.7900000000;4479551.1800000000;25/03/19;21 Barajas;215 Corralejos;BAHIA DE GANDO, CALLE, DE LA;1;Carga y descarga;Línea;2;12;LAB. DE LUNES A VIERNES DE 08:00 A 14:00 Y DE 16:30 A 21:00 H SABADOS DE 08:00 A 15:00 H. EXCEPTO CARGA Y DESCARGA;-3.5929040600;40.4651139140
 Sin Datos;447724.2900000000;4479171.9100000000;26/12/24;21 Barajas;215 Corralejos;DOCE ESTRELLAS, PASEO, DE LAS;1;Carga y descarga;Línea;2;10;lab. de lunes a viernes de 8 a 14 h. y de 16 a 20 h. excepto CARGA Y DESCARGA;-3.6165864110;40.4615729780
