<?xml version="1.0" encoding="UTF-8" standalone="yes"?>
<kml xmlns="http://www.opengis.net/kml/2.2" xmlns:ns2="http://www.google.com/kml/ext/2.2" xmlns:ns3="http://www.w3.org/2005/Atom" xmlns:ns4="urn:oasis:names:tc:ciq:xsdschema:xAL:2.0">
    <Document>
        <Schema name="da_aparcamientosBici_1" id="da_aparcamientosBici_1">
            <SimpleField type="string" name="ID"/>
            <SimpleField type="string" name="NOMBRE"/>
            <SimpleField type="string" name="DESCRIPCION"/>
            <SimpleField type="string" name="DIRECCION"/>
            <SimpleField type="string" name="URL"/>
            <SimpleField type="string" name="EMAIL"/>
            <SimpleField type="string" name="CONTACTO"/>
            <SimpleField type="string" name="HORARIOS"/>
            <SimpleField type="string" name="PRECIOS"/>
            <SimpleField type="string" name="TITULARIDAD"/>
            <SimpleField type="string" name="TARJETAJOVEN"/>
            <SimpleField type="string" name="ACCESOPMR"/>
            <SimpleField type="string" name="NROPLAZAS"/>
            <SimpleField type="string" name="TOTALPLAZAS"/>
        </Schema>
        <Folder>
            <name>da_aparcamientosBici</name>
            <Placemark id="da_aparcamientosBici.fid--175d4967_1a00d9bb795_15f1">
                <ExtendedData>
                    <SchemaData schemaUrl="#da_aparcamientosBici_1">
                        <SimpleData name="ID">65998</SimpleData>
                        <SimpleData name="NOMBRE">APARCABICIS_217</SimpleData>
                        <SimpleData name="DESCRIPCION">Frente a Carril de los Niños.</SimpleData>
                        <SimpleData name="DIRECCION">CARRIL DE CASTELL, 23 </SimpleData>
                        <SimpleData name="TITULARIDAD">MUNICIPAL</SimpleData>
                        <SimpleData name="TARJETAJOVEN">No</SimpleData>
                        <SimpleData name="ACCESOPMR">No</SimpleData>
                        <SimpleData name="NROPLAZAS">8</SimpleData>
                        <SimpleData name="TOTALPLAZAS">2084</SimpleData>
                    </SchemaData>
                </ExtendedData>
                <Point>
                    <coordinates>-4.4021306000177125,36.725663637634234</coordinates>
                </Point>
            </Placemark>
            <Placemark id="da_aparcamientosBici.fid--175d4967_1a00d9bb795_15f2">
                <ExtendedData>
                    <SchemaData schemaUrl="#da_aparcamientosBici_1">
                        <SimpleData name="ID">66088</SimpleData>
                        <SimpleData name="NOMBRE">APARCABICIS_298</SimpleData>
                        <SimpleData name="DESCRIPCION">Esq. Cl. Peinado</SimpleData>
                        <SimpleData name="DIRECCION">CALLE EDUARDO DOMÍNGUEZ ÁVILA, 19 </SimpleData>
                        <SimpleData name="TITULARIDAD">MUNICIPAL</SimpleData>
                        <SimpleData name="TARJETAJOVEN">No</SimpleData>
                        <SimpleData name="ACCESOPMR">No</SimpleData>
                        <SimpleData name="NROPLAZAS">10</SimpleData>
                        <SimpleData name="TOTALPLAZAS">2084</SimpleData>
                    </SchemaData>
                </ExtendedData>
                <Point>
                    <coordinates>-4.421604000018227,36.73118603764117</coordinates>
                </Point>
            </Placemark>
            <Placemark id="da_aparcamientosBici.fid--175d4967_1a00d9bb795_15f3">
                <ExtendedData>
                    <SchemaData schemaUrl="#da_aparcamientosBici_1">
                        <SimpleData name="ID">65996</SimpleData>
                        <SimpleData name="NOMBRE">APARCABICIS_186</SimpleData>
                        <SimpleData name="DESCRIPCION">Esquina c/ Mar.</SimpleData>
                        <SimpleData name="DIRECCION">PLAZA NIÑO DE LAS MORAS, 4 </SimpleData>
                        <SimpleData name="TITULARIDAD">MUNICIPAL</SimpleData>
                        <SimpleData name="TARJETAJOVEN">No</SimpleData>
                        <SimpleData name="ACCESOPMR">No</SimpleData>
                        <SimpleData name="NROPLAZAS">6</SimpleData>
                        <SimpleData name="TOTALPLAZAS">2084</SimpleData>
                    </SchemaData>
                </ExtendedData>
                <Point>
                    <coordinates>-4.3593090000166566,36.719506037626466</coordinates>
                </Point>
            </Placemark>
            <Placemark id="da_aparcamientosBici.fid--175d4967_1a00d9bb795_15f4">
                <ExtendedData>
                    <SchemaData schemaUrl="#da_aparcamientosBici_1">
                        <SimpleData name="ID">66061</SimpleData>
                        <SimpleData name="NOMBRE">APARCABICIS_268</SimpleData>
                        <SimpleData name="DESCRIPCION">A la altura del número 18</SimpleData>
                        <SimpleData name="DIRECCION">CALLE REAL, 18 </SimpleData>
                        <SimpleData name="TITULARIDAD">MUNICIPAL</SimpleData>
                        <SimpleData name="TARJETAJOVEN">No</SimpleData>
                        <SimpleData name="ACCESOPMR">No</SimpleData>
                        <SimpleData name="NROPLAZAS">6</SimpleData>
                        <SimpleData name="TOTALPLAZAS">2084</SimpleData>
                    </SchemaData>
                </ExtendedData>
                <Point>
                    <coordinates>-4.358914000016654,36.721509037629</coordinates>
                </Point>
            </Placemark>
            <Placemark id="da_aparcamientosBici.fid--175d4967_1a00d9bb795_15f5">
                <ExtendedData>
                    <SchemaData schemaUrl="#da_aparcamientosBici_1">
                        <SimpleData name="ID">65999</SimpleData>
                        <SimpleData name="NOMBRE">APARCABICIS_229</SimpleData>
                        <SimpleData name="DESCRIPCION">Frente a Colegio San Estanislao de Kostka.</SimpleData>
                        <SimpleData name="DIRECCION">AVENIDA DE JUAN SEBASTIÁN ELCANO, 170 </SimpleData>
                        <SimpleData name="TITULARIDAD">MUNICIPAL</SimpleData>
                        <SimpleData name="TARJETAJOVEN">No</SimpleData>
                        <SimpleData name="ACCESOPMR">No</SimpleData>
                        <SimpleData name="NROPLAZAS">6</SimpleData>
                        <SimpleData name="TOTALPLAZAS">2084</SimpleData>
                    </SchemaData>
                </ExtendedData>
                <Point>
                    <coordinates>-4.362181000016733,36.72120303762866</coordinates>
                </Point>
            </Placemark>
            <Placemark id="da_aparcamientosBici.fid--175d4967_1a00d9bb795_15f6">
                <ExtendedData>
                    <SchemaData schemaUrl="#da_aparcamientosBici_1">
                        <SimpleData name="ID">66123</SimpleData>
                        <SimpleData name="NOMBRE">APARCABICIS_325</SimpleData>
                        <SimpleData name="DESCRIPCION">Esq. Plaza Cristo del Amor</SimpleData>
                        <SimpleData name="DIRECCION">CALLE FERNANDO EL CATÓLICO, 2 </SimpleData>
                        <SimpleData name="TITULARIDAD">MUNICIPAL</SimpleData>
                        <SimpleData name="TARJETAJOVEN">No</SimpleData>
                        <SimpleData name="ACCESOPMR">No</SimpleData>
                        <SimpleData name="NROPLAZAS">4</SimpleData>
                        <SimpleData name="TOTALPLAZAS">2084</SimpleData>
                    </SchemaData>
                </ExtendedData>
                <Point>
                    <coordinates>-4.4137735782546565,36.729218337392126</coordinates>
                </Point>
            </Placemark>
            <Placemark id="da_aparcamientosBici.fid--175d4967_1a00d9bb795_15f7">
                <ExtendedData>
                    <SchemaData schemaUrl="#da_aparcamientosBici_1">
                        <SimpleData name="ID">65974</SimpleData>
                        <SimpleData name="NOMBRE">APARCABICIS_051</SimpleData>
                        <SimpleData name="DESCRIPCION">A la altura del Polideportivo la Mosca</SimpleData>
                        <SimpleData name="DIRECCION">CALLE EUCALIPTUS, 18 </SimpleData>
                        <SimpleData name="TITULARIDAD">MUNICIPAL</SimpleData>
                        <SimpleData name="TARJETAJOVEN">No</SimpleData>
                        <SimpleData name="ACCESOPMR">No</SimpleData>
                        <SimpleData name="NROPLAZAS">4</SimpleData>
                        <SimpleData name="TOTALPLAZAS">2084</SimpleData>
                    </SchemaData>
                </ExtendedData>
                <Point>
                    <coordinates>-4.371040000016962,36.72862003763808</coordinates>
                </Point>
            </Placemark>
            <Placemark id="da_aparcamientosBici.fid--175d4967_1a00d9bb795_15f8">
                <ExtendedData>
                    <SchemaData schemaUrl="#da_aparcamientosBici_1">
                        <SimpleData name="ID">66005</SimpleData>
                        <SimpleData name="NOMBRE">APARCABICIS_233</SimpleData>
                        <SimpleData name="DESCRIPCION">Puerta del Conservatorio de Música Manuel Carra.</SimpleData>
                        <SimpleData name="DIRECCION">AVENIDA DE JACINTO BENAVENTE, 13 </SimpleData>
                        <SimpleData name="TITULARIDAD">MUNICIPAL</SimpleData>
                        <SimpleData name="TARJETAJOVEN">No</SimpleData>
                        <SimpleData name="ACCESOPMR">No</SimpleData>
                        <SimpleData name="NROPLAZAS">4</SimpleData>
                        <SimpleData name="TOTALPLAZAS">2084</SimpleData>
                    </SchemaData>
                </ExtendedData>
                <Point>
                    <coordinates>-4.424559000018357,36.749926037665055</coordinates>
                </Point>
            </Placemark>
            <Placemark id="da_aparcamientosBici.fid--175d4967_1a00d9bb795_15f9">
                <ExtendedData>
                    <SchemaData schemaUrl="#da_aparcamientosBici_1">
                        <SimpleData name="ID">65885</SimpleData>
                        <SimpleData name="NOMBRE">APARCABICIS_338</SimpleData>
                        <SimpleData name="DIRECCION">CALLE BARROSO, 7 </SimpleData>
                        <SimpleData name="TITULARIDAD">MUNICIPAL</SimpleData>
                        <SimpleData name="TARJETAJOVEN">No</SimpleData>
                        <SimpleData name="ACCESOPMR">No</SimpleData>
                        <SimpleData name="NROPLAZAS">6</SimpleData>
                        <SimpleData name="TOTALPLAZAS">2084</SimpleData>
                    </SchemaData>
                </ExtendedData>
                <Point>
                    <coordinates>-4.42277191001822,36.7157982076216</coordinates>
                </Point>
            </Placemark>
            <Placemark id="da_aparcamientosBici.fid--175d4967_1a00d9bb795_15fa">
                <ExtendedData>
                    <SchemaData schemaUrl="#da_aparcamientosBici_1">
                        <SimpleData name="ID">78125</SimpleData>
                        <SimpleData name="NOMBRE">APARCABICIS_345</SimpleData>
                        <SimpleData name="DIRECCION">CALLE ALCALDE JOAQUÍN QUILES, 31 </SimpleData>
                        <SimpleData name="TITULARIDAD">MUNICIPAL</SimpleData>
                        <SimpleData name="TARJETAJOVEN">No</SimpleData>
                        <SimpleData name="ACCESOPMR">No</SimpleData>
                        <SimpleData name="NROPLAZAS">6</SimpleData>
                        <SimpleData name="TOTALPLAZAS">2084</SimpleData>
                    </SchemaData>
                </ExtendedData>
                <Point>
                    <coordinates>-4.416805414202457,36.74951609539198</coordinates>
                </Point>
            </Placemark>
            <Placemark id="da_aparcamientosBici.fid--175d4967_1a00d9bb795_15fb">
                <ExtendedData>
                    <SchemaData schemaUrl="#da_aparcamientosBici_1">
                        <SimpleData name="ID">65988</SimpleData>
                        <SimpleData name="NOMBRE">APARCABICIS_206</SimpleData>
                        <SimpleData name="DESCRIPCION">Junto a Oficina de Turismo.</SimpleData>
                        <SimpleData name="DIRECCION">PLAZA DE LA MARINA, 11 </SimpleData>
                        <SimpleData name="TITULARIDAD">MUNICIPAL</SimpleData>
                        <SimpleData name="TARJETAJOVEN">No</SimpleData>
                        <SimpleData name="ACCESOPMR">No</SimpleData>
                        <SimpleData name="NROPLAZAS">16</SimpleData>
                        <SimpleData name="TOTALPLAZAS">2084</SimpleData>
                    </SchemaData>
                </ExtendedData>
                <Point>
                    <coordinates>-4.420364000018164,36.71747503762376</coordinates>
                </Point>
            </Placemark>
            <Placemark id="da_aparcamientosBici.fid--175d4967_1a00d9bb795_15fc">
                <ExtendedData>
                    <SchemaData schemaUrl="#da_aparcamientosBici_1">
                        <SimpleData name="ID">66049</SimpleData>
                        <SimpleData name="NOMBRE">APARCABICIS_257</SimpleData>
                        <SimpleData name="DESCRIPCION">A la altura del Paseo de Levante</SimpleData>
                        <SimpleData name="DIRECCION">PASEO DE LA FAROLA, 21 </SimpleData>
                        <SimpleData name="TITULARIDAD">MUNICIPAL</SimpleData>
                        <SimpleData name="TARJETAJOVEN">No</SimpleData>
                        <SimpleData name="ACCESOPMR">No</SimpleData>
                        <SimpleData name="NROPLAZAS">10</SimpleData>
                        <SimpleData name="TOTALPLAZAS">2084</SimpleData>
                    </SchemaData>
                </ExtendedData>
                <Point>
                    <coordinates>-4.414342000017987,36.71355903761881</coordinates>
                </Point>
            </Placemark>
            <Placemark id="da_aparcamientosBici.fid--175d4967_1a00d9bb795_15fd">
                <ExtendedData>
                    <SchemaData schemaUrl="#da_aparcamientosBici_1">
                        <SimpleData name="ID">66019</SimpleData>
                        <SimpleData name="NOMBRE">APARCABICIS_203</SimpleData>
                        <SimpleData name="DESCRIPCION">Puerta del Colegio Manolo Garvayo</SimpleData>
                        <SimpleData name="DIRECCION">CALLE ENCARNACIÓN FONTIVEROS, 4 </SimpleData>
                        <SimpleData name="TITULARIDAD">MUNICIPAL</SimpleData>
                        <SimpleData name="TARJETAJOVEN">No</SimpleData>
                        <SimpleData name="ACCESOPMR">No</SimpleData>
                        <SimpleData name="NROPLAZAS">8</SimpleData>
                        <SimpleData name="TOTALPLAZAS">2084</SimpleData>
                    </SchemaData>
                </ExtendedData>
                <Point>
                    <coordinates>-4.447960000018945,36.72640803763508</coordinates>
                </Point>
            </Placemark>
            <Placemark id="da_aparcamientosBici.fid--175d4967_1a00d9bb795_15fe">
                <ExtendedData>
                    <SchemaData schemaUrl="#da_aparcamientosBici_1">
                        <SimpleData name="ID">66037</SimpleData>
                        <SimpleData name="NOMBRE">APARCABICIS_216</SimpleData>
                        <SimpleData name="DESCRIPCION">Glorieta Antonio Molina</SimpleData>
                        <SimpleData name="DIRECCION">GLORIETA ANTONIO MOLINA, 1 </SimpleData>
                        <SimpleData name="TITULARIDAD">MUNICIPAL</SimpleData>
                        <SimpleData name="TARJETAJOVEN">No</SimpleData>
                        <SimpleData name="ACCESOPMR">No</SimpleData>
                        <SimpleData name="NROPLAZAS">8</SimpleData>
                        <SimpleData name="TOTALPLAZAS">2084</SimpleData>
                    </SchemaData>
                </ExtendedData>
                <Point>
                    <coordinates>-4.4358220000185336,36.700153037601666</coordinates>
                </Point>
            </Placemark>
            <Placemark id="da_aparcamientosBici.fid--175d4967_1a00d9bb795_15ff">
                <ExtendedData>
                    <SchemaData schemaUrl="#da_aparcamientosBici_1">
                        <SimpleData name="ID">66036</SimpleData>
                        <SimpleData name="NOMBRE">APARCABICIS_215</SimpleData>
                        <SimpleData name="DESCRIPCION">Junto aparatos de gimnasia</SimpleData>
                        <SimpleData name="DIRECCION">GLORIETA ANTONIO MOLINA, 1 </SimpleData>
                        <SimpleData name="TITULARIDAD">MUNICIPAL</SimpleData>
                        <SimpleData name="TARJETAJOVEN">No</SimpleData>
                        <SimpleData name="ACCESOPMR">No</SimpleData>
                        <SimpleData name="NROPLAZAS">4</SimpleData>
                        <SimpleData name="TOTALPLAZAS">2084</SimpleData>
                    </SchemaData>
                </ExtendedData>
                <Point>
                    <coordinates>-4.435701000018523,36.70028403760188</coordinates>
                </Point>
            </Placemark>
            <Placemark id="da_aparcamientosBici.fid--175d4967_1a00d9bb795_1600">
                <ExtendedData>
                    <SchemaData schemaUrl="#da_aparcamientosBici_1">
                        <SimpleData name="ID">65911</SimpleData>
                        <SimpleData name="NOMBRE">APARCABICIS_135</SimpleData>
                        <SimpleData name="DESCRIPCION">Esquina con Gta. Antonio Molina</SimpleData>
                        <SimpleData name="DIRECCION">GLORIETA ANTONIO MOLINA, 1 </SimpleData>
                        <SimpleData name="TITULARIDAD">MUNICIPAL</SimpleData>
                        <SimpleData name="TARJETAJOVEN">No</SimpleData>
                        <SimpleData name="ACCESOPMR">No</SimpleData>
                        <SimpleData name="NROPLAZAS">4</SimpleData>
                        <SimpleData name="TOTALPLAZAS">2084</SimpleData>
                    </SchemaData>
                </ExtendedData>
                <Point>
                    <coordinates>-4.435955286044537,36.69995220842055</coordinates>
                </Point>
            </Placemark>
            <Placemark id="da_aparcamientosBici.fid--175d4967_1a00d9bb795_1601">
                <ExtendedData>
                    <SchemaData schemaUrl="#da_aparcamientosBici_1">
                        <SimpleData name="ID">65907</SimpleData>
                        <SimpleData name="NOMBRE">APARCABICIS_112</SimpleData>
                        <SimpleData name="DESCRIPCION">Frente al C.E.P Pablo Ruiz Picasso</SimpleData>
                        <SimpleData name="DIRECCION">CALLE HONDURAS, 6 </SimpleData>
                        <SimpleData name="TITULARIDAD">MUNICIPAL</SimpleData>
                        <SimpleData name="TARJETAJOVEN">No</SimpleData>
                        <SimpleData name="ACCESOPMR">No</SimpleData>
                        <SimpleData name="NROPLAZAS">4</SimpleData>
                        <SimpleData name="TOTALPLAZAS">2084</SimpleData>
                    </SchemaData>
                </ExtendedData>
                <Point>
                    <coordinates>-4.435107707995867,36.720345140337315</coordinates>
                </Point>
            </Placemark>
            <Placemark id="da_aparcamientosBici.fid--175d4967_1a00d9bb795_1602">
                <ExtendedData>
                    <SchemaData schemaUrl="#da_aparcamientosBici_1">
                        <SimpleData name="ID">66023</SimpleData>
                        <SimpleData name="NOMBRE">APARCABICIS_220</SimpleData>
                        <SimpleData name="DESCRIPCION">Junto al Campo de Fútbol</SimpleData>
                        <SimpleData name="DIRECCION">CALLE LA ARGENTINITA, 6 </SimpleData>
                        <SimpleData name="TITULARIDAD">MUNICIPAL</SimpleData>
                        <SimpleData name="TARJETAJOVEN">No</SimpleData>
                        <SimpleData name="ACCESOPMR">No</SimpleData>
                        <SimpleData name="NROPLAZAS">4</SimpleData>
                        <SimpleData name="TOTALPLAZAS">2084</SimpleData>
                    </SchemaData>
                </ExtendedData>
                <Point>
                    <coordinates>-4.4456498504959585,36.72360590762418</coordinates>
                </Point>
            </Placemark>
            <Placemark id="da_aparcamientosBici.fid--175d4967_1a00d9bb795_1603">
                <ExtendedData>
                    <SchemaData schemaUrl="#da_aparcamientosBici_1">
                        <SimpleData name="ID">66074</SimpleData>
                        <SimpleData name="NOMBRE">APARCABICIS_284</SimpleData>
                        <SimpleData name="DESCRIPCION">Esquina con Cl. Miguel Carrera</SimpleData>
                        <SimpleData name="DIRECCION">CALLE MIGUEL CARRERA, 30 </SimpleData>
                        <SimpleData name="TITULARIDAD">MUNICIPAL</SimpleData>
                        <SimpleData name="TARJETAJOVEN">No</SimpleData>
                        <SimpleData name="ACCESOPMR">No</SimpleData>
                        <SimpleData name="NROPLAZAS">8</SimpleData>
                        <SimpleData name="TOTALPLAZAS">2084</SimpleData>
                    </SchemaData>
                </ExtendedData>
                <Point>
                    <coordinates>-4.468355000019529,36.72357003763137</coordinates>
                </Point>
            </Placemark>
            <Placemark id="da_aparcamientosBici.fid--175d4967_1a00d9bb795_1604">
                <ExtendedData>
                    <SchemaData schemaUrl="#da_aparcamientosBici_1">
                        <SimpleData name="ID">66041</SimpleData>
                        <SimpleData name="NOMBRE">APARCABICIS_221</SimpleData>
                        <SimpleData name="DESCRIPCION">Frente a la Ciudad de la Justicia</SimpleData>
                        <SimpleData name="DIRECCION">CALLE FISCAL LUIS PORTERO GARCÍA, 11 </SimpleData>
                        <SimpleData name="TITULARIDAD">MUNICIPAL</SimpleData>
                        <SimpleData name="TARJETAJOVEN">No</SimpleData>
                        <SimpleData name="ACCESOPMR">No</SimpleData>
                        <SimpleData name="NROPLAZAS">8</SimpleData>
                        <SimpleData name="TOTALPLAZAS">2084</SimpleData>
                    </SchemaData>
                </ExtendedData>
                <Point>
                    <coordinates>-4.460662000019276,36.71563803762134</coordinates>
                </Point>
            </Placemark>
            <Placemark id="da_aparcamientosBici.fid--175d4967_1a00d9bb795_1605">
                <ExtendedData>
                    <SchemaData schemaUrl="#da_aparcamientosBici_1">
                        <SimpleData name="ID">66021</SimpleData>
                        <SimpleData name="NOMBRE">APARCABICIS_213</SimpleData>
                        <SimpleData name="DESCRIPCION">Esq. con Cl. O'donnell</SimpleData>
                        <SimpleData name="DIRECCION">CALLE JUAN FERNÁNDEZ SÚRIA, 9 </SimpleData>
                        <SimpleData name="TITULARIDAD">MUNICIPAL</SimpleData>
                        <SimpleData name="TARJETAJOVEN">No</SimpleData>
                        <SimpleData name="ACCESOPMR">No</SimpleData>
                        <SimpleData name="NROPLAZAS">8</SimpleData>
                        <SimpleData name="TOTALPLAZAS">2084</SimpleData>
                    </SchemaData>
                </ExtendedData>
                <Point>
                    <coordinates>-4.438764000018676,36.72215003762969</coordinates>
                </Point>
            </Placemark>
            <Placemark id="da_aparcamientosBici.fid--175d4967_1a00d9bb795_1606">
                <ExtendedData>
                    <SchemaData schemaUrl="#da_aparcamientosBici_1">
                        <SimpleData name="ID">65939</SimpleData>
                        <SimpleData name="NOMBRE">APARCABICIS_034</SimpleData>
                        <SimpleData name="DESCRIPCION">Esquina con Walt Whitman junto Edificio negro.</SimpleData>
                        <SimpleData name="DIRECCION">CALLE DEL VOLUNTARIADO MALAGUEÑO, 3 </SimpleData>
                        <SimpleData name="TITULARIDAD">MUNICIPAL</SimpleData>
                        <SimpleData name="TARJETAJOVEN">No</SimpleData>
                        <SimpleData name="ACCESOPMR">No</SimpleData>
                        <SimpleData name="NROPLAZAS">10</SimpleData>
                        <SimpleData name="TOTALPLAZAS">2084</SimpleData>
                    </SchemaData>
                </ExtendedData>
                <Point>
                    <coordinates>-4.434388875979829,36.715339869142696</coordinates>
                </Point>
            </Placemark>
            <Placemark id="da_aparcamientosBici.fid--175d4967_1a00d9bb795_1607">
                <ExtendedData>
                    <SchemaData schemaUrl="#da_aparcamientosBici_1">
                        <SimpleData name="ID">66085</SimpleData>
                        <SimpleData name="NOMBRE">APARCABICIS_295</SimpleData>
                        <SimpleData name="DESCRIPCION">Esq. con Cl. Antonio Jiménez Ruiz</SimpleData>
                        <SimpleData name="DIRECCION">CALLE DIEGO DE VERGARA, 6 </SimpleData>
                        <SimpleData name="TITULARIDAD">MUNICIPAL</SimpleData>
                        <SimpleData name="TARJETAJOVEN">No</SimpleData>
                        <SimpleData name="ACCESOPMR">No</SimpleData>
                        <SimpleData name="NROPLAZAS">6</SimpleData>
                        <SimpleData name="TOTALPLAZAS">2084</SimpleData>
                    </SchemaData>
                </ExtendedData>
                <Point>
                    <coordinates>-4.434362000018547,36.721972037629456</coordinates>
                </Point>
            </Placemark>
            <Placemark id="da_aparcamientosBici.fid--175d4967_1a00d9bb795_1608">
                <ExtendedData>
                    <SchemaData schemaUrl="#da_aparcamientosBici_1">
                        <SimpleData name="ID">65920</SimpleData>
                        <SimpleData name="NOMBRE">APARCABICIS_038</SimpleData>
                        <SimpleData name="DESCRIPCION">Esquina con c/ Ejido</SimpleData>
                        <SimpleData name="DIRECCION">PLAZA DEL MAESTRO ARTOLA, 3 </SimpleData>
                        <SimpleData name="TITULARIDAD">MUNICIPAL</SimpleData>
                        <SimpleData name="TARJETAJOVEN">No</SimpleData>
                        <SimpleData name="ACCESOPMR">No</SimpleData>
                        <SimpleData name="NROPLAZAS">8</SimpleData>
                        <SimpleData name="TOTALPLAZAS">2084</SimpleData>
                    </SchemaData>
                </ExtendedData>
                <Point>
                    <coordinates>-4.418459236640003,36.72917452072093</coordinates>
                </Point>
            </Placemark>
            <Placemark id="da_aparcamientosBici.fid--175d4967_1a00d9bb795_1609">
                <ExtendedData>
                    <SchemaData schemaUrl="#da_aparcamientosBici_1">
                        <SimpleData name="ID">65954</SimpleData>
                        <SimpleData name="NOMBRE">APARCABICIS_131</SimpleData>
                        <SimpleData name="DESCRIPCION">Frente c/ Diamantino García Acosta</SimpleData>
                        <SimpleData name="DIRECCION">CALLE LUIS BARAHONA DE SOTO, 11 </SimpleData>
                        <SimpleData name="TITULARIDAD">MUNICIPAL</SimpleData>
                        <SimpleData name="TARJETAJOVEN">No</SimpleData>
                        <SimpleData name="ACCESOPMR">No</SimpleData>
                        <SimpleData name="NROPLAZAS">12</SimpleData>
                        <SimpleData name="TOTALPLAZAS">2084</SimpleData>
                    </SchemaData>
                </ExtendedData>
                <Point>
                    <coordinates>-4.445101618785563,36.69303578894998</coordinates>
                </Point>
            </Placemark>
            <Placemark id="da_aparcamientosBici.fid--175d4967_1a00d9bb795_160a">
                <ExtendedData>
                    <SchemaData schemaUrl="#da_aparcamientosBici_1">
                        <SimpleData name="ID">65924</SimpleData>
                        <SimpleData name="NOMBRE">APARCABICIS_160</SimpleData>
                        <SimpleData name="DESCRIPCION">Esquina con c/ Hilera</SimpleData>
                        <SimpleData name="DIRECCION">CALLE ARMENGUAL DE LA MOTA, 8 </SimpleData>
                        <SimpleData name="TITULARIDAD">MUNICIPAL</SimpleData>
                        <SimpleData name="TARJETAJOVEN">No</SimpleData>
                        <SimpleData name="ACCESOPMR">No</SimpleData>
                        <SimpleData name="NROPLAZAS">8</SimpleData>
                        <SimpleData name="TOTALPLAZAS">2084</SimpleData>
                    </SchemaData>
                </ExtendedData>
                <Point>
                    <coordinates>-4.429265856761262,36.718053248214346</coordinates>
                </Point>
            </Placemark>
            <Placemark id="da_aparcamientosBici.fid--175d4967_1a00d9bb795_160b">
                <ExtendedData>
                    <SchemaData schemaUrl="#da_aparcamientosBici_1">
                        <SimpleData name="ID">66092</SimpleData>
                        <SimpleData name="NOMBRE">APARCABICIS_302</SimpleData>
                        <SimpleData name="DESCRIPCION">Esq. Cl. Armengual de la Mota</SimpleData>
                        <SimpleData name="DIRECCION">CALLE ARMENGUAL DE LA MOTA, 8 </SimpleData>
                        <SimpleData name="TITULARIDAD">MUNICIPAL</SimpleData>
                        <SimpleData name="TARJETAJOVEN">No</SimpleData>
                        <SimpleData name="ACCESOPMR">No</SimpleData>
                        <SimpleData name="NROPLAZAS">8</SimpleData>
                        <SimpleData name="TOTALPLAZAS">2084</SimpleData>
                    </SchemaData>
                </ExtendedData>
                <Point>
                    <coordinates>-4.4291720000183945,36.71806203762447</coordinates>
                </Point>
            </Placemark>
            <Placemark id="da_aparcamientosBici.fid--175d4967_1a00d9bb795_160c">
                <ExtendedData>
                    <SchemaData schemaUrl="#da_aparcamientosBici_1">
                        <SimpleData name="ID">65976</SimpleData>
                        <SimpleData name="NOMBRE">APARCABICIS_174</SimpleData>
                        <SimpleData name="DESCRIPCION">Esquina con c/ San Jorge.</SimpleData>
                        <SimpleData name="DIRECCION">CALLE DUQUE DE RIVAS, 28 </SimpleData>
                        <SimpleData name="TITULARIDAD">MUNICIPAL</SimpleData>
                        <SimpleData name="TARJETAJOVEN">No</SimpleData>
                        <SimpleData name="ACCESOPMR">No</SimpleData>
                        <SimpleData name="NROPLAZAS">4</SimpleData>
                        <SimpleData name="TOTALPLAZAS">2084</SimpleData>
                    </SchemaData>
                </ExtendedData>
                <Point>
                    <coordinates>-4.424337000018298,36.72867203763802</coordinates>
                </Point>
            </Placemark>
            <Placemark id="da_aparcamientosBici.fid--175d4967_1a00d9bb795_160d">
                <ExtendedData>
                    <SchemaData schemaUrl="#da_aparcamientosBici_1">
                        <SimpleData name="ID">65876</SimpleData>
                        <SimpleData name="NOMBRE">APARCABICIS_328</SimpleData>
                        <SimpleData name="DESCRIPCION">Esq. C/ Natalia</SimpleData>
                        <SimpleData name="DIRECCION">CALLE CATALUÑA, 9 </SimpleData>
                        <SimpleData name="TITULARIDAD">MUNICIPAL</SimpleData>
                        <SimpleData name="TARJETAJOVEN">No</SimpleData>
                        <SimpleData name="ACCESOPMR">No</SimpleData>
                        <SimpleData name="NROPLAZAS">4</SimpleData>
                        <SimpleData name="TOTALPLAZAS">2084</SimpleData>
                    </SchemaData>
                </ExtendedData>
                <Point>
                    <coordinates>-4.433017840018513,36.72309383763085</coordinates>
                </Point>
            </Placemark>
            <Placemark id="da_aparcamientosBici.fid--175d4967_1a00d9bb795_160e">
                <ExtendedData>
                    <SchemaData schemaUrl="#da_aparcamientosBici_1">
                        <SimpleData name="ID">65975</SimpleData>
                        <SimpleData name="NOMBRE">APARCABICIS_163</SimpleData>
                        <SimpleData name="DESCRIPCION">Esquina con Cl. Antonio Baena Gómez.</SimpleData>
                        <SimpleData name="DIRECCION">CALLE ANTONIO BAENA GÓMEZ, 1 </SimpleData>
                        <SimpleData name="TITULARIDAD">MUNICIPAL</SimpleData>
                        <SimpleData name="TARJETAJOVEN">No</SimpleData>
                        <SimpleData name="ACCESOPMR">No</SimpleData>
                        <SimpleData name="NROPLAZAS">20</SimpleData>
                        <SimpleData name="TOTALPLAZAS">2084</SimpleData>
                    </SchemaData>
                </ExtendedData>
                <Point>
                    <coordinates>-4.422108000018209,36.718508037625085</coordinates>
                </Point>
            </Placemark>
            <Placemark id="da_aparcamientosBici.fid--175d4967_1a00d9bb795_160f">
                <ExtendedData>
                    <SchemaData schemaUrl="#da_aparcamientosBici_1">
                        <SimpleData name="ID">65967</SimpleData>
                        <SimpleData name="NOMBRE">APARCABICIS_092</SimpleData>
                        <SimpleData name="DESCRIPCION">Esq. con Cl. Antonio Romero</SimpleData>
                        <SimpleData name="DIRECCION">CALLE FÉLIX CORRALES, 7 </SimpleData>
                        <SimpleData name="TITULARIDAD">MUNICIPAL</SimpleData>
                        <SimpleData name="TARJETAJOVEN">No</SimpleData>
                        <SimpleData name="ACCESOPMR">No</SimpleData>
                        <SimpleData name="NROPLAZAS">6</SimpleData>
                        <SimpleData name="TOTALPLAZAS">2084</SimpleData>
                    </SchemaData>
                </ExtendedData>
                <Point>
                    <coordinates>-4.4391330000186855,36.724662037632825</coordinates>
                </Point>
            </Placemark>
            <Placemark id="da_aparcamientosBici.fid--175d4967_1a00d9bb795_1610">
                <ExtendedData>
                    <SchemaData schemaUrl="#da_aparcamientosBici_1">
                        <SimpleData name="ID">66008</SimpleData>
                        <SimpleData name="NOMBRE">APARCABICIS_185</SimpleData>
                        <SimpleData name="DESCRIPCION">Esquina Avenida Barcelona.</SimpleData>
                        <SimpleData name="DIRECCION">CALLE CALZADA DE LA TRINIDAD, 1 </SimpleData>
                        <SimpleData name="TITULARIDAD">MUNICIPAL</SimpleData>
                        <SimpleData name="TARJETAJOVEN">No</SimpleData>
                        <SimpleData name="ACCESOPMR">No</SimpleData>
                        <SimpleData name="NROPLAZAS">6</SimpleData>
                        <SimpleData name="TOTALPLAZAS">2084</SimpleData>
                    </SchemaData>
                </ExtendedData>
                <Point>
                    <coordinates>-4.431579000018476,36.724742037633014</coordinates>
                </Point>
            </Placemark>
            <Placemark id="da_aparcamientosBici.fid--175d4967_1a00d9bb795_1611">
                <ExtendedData>
                    <SchemaData schemaUrl="#da_aparcamientosBici_1">
                        <SimpleData name="ID">66000</SimpleData>
                        <SimpleData name="NOMBRE">APARCABICIS_072</SimpleData>
                        <SimpleData name="DESCRIPCION">Esquina c/ Quiteria.</SimpleData>
                        <SimpleData name="DIRECCION">CALLE LÁGRIMA, 8 </SimpleData>
                        <SimpleData name="TITULARIDAD">MUNICIPAL</SimpleData>
                        <SimpleData name="TARJETAJOVEN">No</SimpleData>
                        <SimpleData name="ACCESOPMR">No</SimpleData>
                        <SimpleData name="NROPLAZAS">4</SimpleData>
                        <SimpleData name="TOTALPLAZAS">2084</SimpleData>
                    </SchemaData>
                </ExtendedData>
                <Point>
                    <coordinates>-4.416113000018128,36.74632003766043</coordinates>
                </Point>
            </Placemark>
            <Placemark id="da_aparcamientosBici.fid--175d4967_1a00d9bb795_1612">
                <ExtendedData>
                    <SchemaData schemaUrl="#da_aparcamientosBici_1">
                        <SimpleData name="ID">66020</SimpleData>
                        <SimpleData name="NOMBRE">APARCABICIS_212</SimpleData>
                        <SimpleData name="DESCRIPCION">Esquina con Cl. Martínez de la Rosa</SimpleData>
                        <SimpleData name="DIRECCION">CALLE MORALES VILLARRUBIA, 26 </SimpleData>
                        <SimpleData name="TITULARIDAD">MUNICIPAL</SimpleData>
                        <SimpleData name="TARJETAJOVEN">No</SimpleData>
                        <SimpleData name="ACCESOPMR">No</SimpleData>
                        <SimpleData name="NROPLAZAS">6</SimpleData>
                        <SimpleData name="TOTALPLAZAS">2084</SimpleData>
                    </SchemaData>
                </ExtendedData>
                <Point>
                    <coordinates>-4.438784000018688,36.726501037635174</coordinates>
                </Point>
            </Placemark>
            <Placemark id="da_aparcamientosBici.fid--175d4967_1a00d9bb795_1613">
                <ExtendedData>
                    <SchemaData schemaUrl="#da_aparcamientosBici_1">
                        <SimpleData name="ID">65929</SimpleData>
                        <SimpleData name="NOMBRE">APARCABICIS_064</SimpleData>
                        <SimpleData name="DESCRIPCION">A la altura del Tintero</SimpleData>
                        <SimpleData name="DIRECCION">CALLE PLAYA DEL CHANQUETE, 97 </SimpleData>
                        <SimpleData name="TITULARIDAD">MUNICIPAL</SimpleData>
                        <SimpleData name="TARJETAJOVEN">No</SimpleData>
                        <SimpleData name="ACCESOPMR">No</SimpleData>
                        <SimpleData name="NROPLAZAS">8</SimpleData>
                        <SimpleData name="TOTALPLAZAS">2084</SimpleData>
                    </SchemaData>
                </ExtendedData>
                <Point>
                    <coordinates>-4.3476408720180375,36.71669442059572</coordinates>
                </Point>
            </Placemark>
            <Placemark id="da_aparcamientosBici.fid--175d4967_1a00d9bb795_1614">
                <ExtendedData>
                    <SchemaData schemaUrl="#da_aparcamientosBici_1">
                        <SimpleData name="ID">74268</SimpleData>
                        <SimpleData name="NOMBRE">APARCABICIS_889</SimpleData>
                        <SimpleData name="DESCRIPCION">Calle cuarteles, 31</SimpleData>
                        <SimpleData name="DIRECCION">CALLE CUARTELES, 31 </SimpleData>
                        <SimpleData name="TITULARIDAD">MUNICIPAL</SimpleData>
                        <SimpleData name="TARJETAJOVEN">No</SimpleData>
                        <SimpleData name="ACCESOPMR">No</SimpleData>
                        <SimpleData name="NROPLAZAS">4</SimpleData>
                        <SimpleData name="TOTALPLAZAS">2084</SimpleData>
                    </SchemaData>
                </ExtendedData>
                <Point>
                    <coordinates>-4.428341883089292,36.7135056521214</coordinates>
                </Point>
            </Placemark>
            <Placemark id="da_aparcamientosBici.fid--175d4967_1a00d9bb795_1615">
                <ExtendedData>
                    <SchemaData schemaUrl="#da_aparcamientosBici_1">
                        <SimpleData name="ID">65986</SimpleData>
                        <SimpleData name="NOMBRE">APARCABICIS_200</SimpleData>
                        <SimpleData name="DESCRIPCION">Esquina c/ Jacinto Verdaguer.</SimpleData>
                        <SimpleData name="DIRECCION">CALLE CUARTELES, 49 </SimpleData>
                        <SimpleData name="TITULARIDAD">MUNICIPAL</SimpleData>
                        <SimpleData name="TARJETAJOVEN">No</SimpleData>
                        <SimpleData name="ACCESOPMR">No</SimpleData>
                        <SimpleData name="NROPLAZAS">10</SimpleData>
                        <SimpleData name="TOTALPLAZAS">2084</SimpleData>
                    </SchemaData>
                </ExtendedData>
                <Point>
                    <coordinates>-4.429621000018399,36.7122850376171</coordinates>
                </Point>
            </Placemark>
            <Placemark id="da_aparcamientosBici.fid--175d4967_1a00d9bb795_1616">
                <ExtendedData>
                    <SchemaData schemaUrl="#da_aparcamientosBici_1">
                        <SimpleData name="ID">65953</SimpleData>
                        <SimpleData name="NOMBRE">APARCABICIS_130</SimpleData>
                        <SimpleData name="DESCRIPCION">Frente I.E.S. Emilio Prados</SimpleData>
                        <SimpleData name="DIRECCION">CALLE LUIS BARAHONA DE SOTO, 18 </SimpleData>
                        <SimpleData name="TITULARIDAD">MUNICIPAL</SimpleData>
                        <SimpleData name="TARJETAJOVEN">No</SimpleData>
                        <SimpleData name="ACCESOPMR">No</SimpleData>
                        <SimpleData name="NROPLAZAS">8</SimpleData>
                        <SimpleData name="TOTALPLAZAS">2084</SimpleData>
                    </SchemaData>
                </ExtendedData>
                <Point>
                    <coordinates>-4.446769952792857,36.691199048130585</coordinates>
                </Point>
            </Placemark>
            <Placemark id="da_aparcamientosBici.fid--175d4967_1a00d9bb795_1617">
                <ExtendedData>
                    <SchemaData schemaUrl="#da_aparcamientosBici_1">
                        <SimpleData name="ID">65949</SimpleData>
                        <SimpleData name="NOMBRE">APARCABICIS_125</SimpleData>
                        <SimpleData name="DESCRIPCION">Esquina con Camino de la Térmica</SimpleData>
                        <SimpleData name="DIRECCION">AVENIDA DE LOS GUINDOS, 46 </SimpleData>
                        <SimpleData name="TITULARIDAD">MUNICIPAL</SimpleData>
                        <SimpleData name="TARJETAJOVEN">No</SimpleData>
                        <SimpleData name="ACCESOPMR">No</SimpleData>
                        <SimpleData name="NROPLAZAS">8</SimpleData>
                        <SimpleData name="TOTALPLAZAS">2084</SimpleData>
                    </SchemaData>
                </ExtendedData>
                <Point>
                    <coordinates>-4.446625000018809,36.69054103758937</coordinates>
                </Point>
            </Placemark>
            <Placemark id="da_aparcamientosBici.fid--175d4967_1a00d9bb795_1618">
                <ExtendedData>
                    <SchemaData schemaUrl="#da_aparcamientosBici_1">
                        <SimpleData name="ID">65985</SimpleData>
                        <SimpleData name="NOMBRE">APARCABICIS_199</SimpleData>
                        <SimpleData name="DESCRIPCION">Esquina c/ Dos Aceras.</SimpleData>
                        <SimpleData name="DIRECCION">CALLE REFINO, 28 </SimpleData>
                        <SimpleData name="TITULARIDAD">MUNICIPAL</SimpleData>
                        <SimpleData name="TARJETAJOVEN">No</SimpleData>
                        <SimpleData name="ACCESOPMR">No</SimpleData>
                        <SimpleData name="NROPLAZAS">8</SimpleData>
                        <SimpleData name="TOTALPLAZAS">2084</SimpleData>
                    </SchemaData>
                </ExtendedData>
                <Point>
                    <coordinates>-4.420206000018176,36.72639403763515</coordinates>
                </Point>
            </Placemark>
            <Placemark id="da_aparcamientosBici.fid--175d4967_1a00d9bb795_1619">
                <ExtendedData>
                    <SchemaData schemaUrl="#da_aparcamientosBici_1">
                        <SimpleData name="ID">65951</SimpleData>
                        <SimpleData name="NOMBRE">APARCABICIS_128</SimpleData>
                        <SimpleData name="DESCRIPCION">Esquina con Cl. Conejito de Málaga</SimpleData>
                        <SimpleData name="DIRECCION">CALLE CONEJITO DE MÁLAGA, 3 </SimpleData>
                        <SimpleData name="TITULARIDAD">MUNICIPAL</SimpleData>
                        <SimpleData name="TARJETAJOVEN">No</SimpleData>
                        <SimpleData name="ACCESOPMR">No</SimpleData>
                        <SimpleData name="NROPLAZAS">10</SimpleData>
                        <SimpleData name="TOTALPLAZAS">2084</SimpleData>
                    </SchemaData>
                </ExtendedData>
                <Point>
                    <coordinates>-4.453040957469881,36.69895865658434</coordinates>
                </Point>
            </Placemark>
            <Placemark id="da_aparcamientosBici.fid--175d4967_1a00d9bb795_161a">
                <ExtendedData>
                    <SchemaData schemaUrl="#da_aparcamientosBici_1">
                        <SimpleData name="ID">66063</SimpleData>
                        <SimpleData name="NOMBRE">APARCABICIS_270</SimpleData>
                        <SimpleData name="DIRECCION">CALLE PALESTINA, 7 </SimpleData>
                        <SimpleData name="TITULARIDAD">MUNICIPAL</SimpleData>
                        <SimpleData name="TARJETAJOVEN">No</SimpleData>
                        <SimpleData name="ACCESOPMR">No</SimpleData>
                        <SimpleData name="NROPLAZAS">8</SimpleData>
                        <SimpleData name="TOTALPLAZAS">2084</SimpleData>
                    </SchemaData>
                </ExtendedData>
                <Point>
                    <coordinates>-4.440451000018707,36.7179400376243</coordinates>
                </Point>
            </Placemark>
            <Placemark id="da_aparcamientosBici.fid--175d4967_1a00d9bb795_161b">
                <ExtendedData>
                    <SchemaData schemaUrl="#da_aparcamientosBici_1">
                        <SimpleData name="ID">66053</SimpleData>
                        <SimpleData name="NOMBRE">APARCABICIS_263</SimpleData>
                        <SimpleData name="DESCRIPCION">A la altura del número 14</SimpleData>
                        <SimpleData name="DIRECCION">AVENIDA DE SANTIAGO RAMÓN Y CAJAL, 24 </SimpleData>
                        <SimpleData name="TITULARIDAD">MUNICIPAL</SimpleData>
                        <SimpleData name="TARJETAJOVEN">No</SimpleData>
                        <SimpleData name="ACCESOPMR">No</SimpleData>
                        <SimpleData name="NROPLAZAS">8</SimpleData>
                        <SimpleData name="TOTALPLAZAS">2084</SimpleData>
                    </SchemaData>
                </ExtendedData>
                <Point>
                    <coordinates>-4.423583000018303,36.73874403765078</coordinates>
                </Point>
            </Placemark>
            <Placemark id="da_aparcamientosBici.fid--175d4967_1a00d9bb795_161c">
                <ExtendedData>
                    <SchemaData schemaUrl="#da_aparcamientosBici_1">
                        <SimpleData name="ID">66009</SimpleData>
                        <SimpleData name="NOMBRE">APARCABICIS_188</SimpleData>
                        <SimpleData name="DESCRIPCION">Junto al Colegio.</SimpleData>
                        <SimpleData name="DIRECCION">CALLE PLAYA VIRGINIA, 1 </SimpleData>
                        <SimpleData name="TITULARIDAD">MUNICIPAL</SimpleData>
                        <SimpleData name="TARJETAJOVEN">No</SimpleData>
                        <SimpleData name="ACCESOPMR">No</SimpleData>
                        <SimpleData name="NROPLAZAS">8</SimpleData>
                        <SimpleData name="TOTALPLAZAS">2084</SimpleData>
                    </SchemaData>
                </ExtendedData>
                <Point>
                    <coordinates>-4.3507613636438425,36.71849312012764</coordinates>
                </Point>
            </Placemark>
            <Placemark id="da_aparcamientosBici.fid--175d4967_1a00d9bb795_161d">
                <ExtendedData>
                    <SchemaData schemaUrl="#da_aparcamientosBici_1">
                        <SimpleData name="ID">66102</SimpleData>
                        <SimpleData name="NOMBRE">APARCABICIS_239</SimpleData>
                        <SimpleData name="DESCRIPCION">Esq. con Pasaje Alcalde Peña Rodríguez</SimpleData>
                        <SimpleData name="DIRECCION">AVENIDA DE SANTIAGO RAMÓN Y CAJAL, 11 </SimpleData>
                        <SimpleData name="TITULARIDAD">MUNICIPAL</SimpleData>
                        <SimpleData name="TARJETAJOVEN">No</SimpleData>
                        <SimpleData name="ACCESOPMR">No</SimpleData>
                        <SimpleData name="NROPLAZAS">12</SimpleData>
                        <SimpleData name="TOTALPLAZAS">2084</SimpleData>
                    </SchemaData>
                </ExtendedData>
                <Point>
                    <coordinates>-4.4237600000183095,36.73996703765242</coordinates>
                </Point>
            </Placemark>
            <Placemark id="da_aparcamientosBici.fid--175d4967_1a00d9bb795_161e">
                <ExtendedData>
                    <SchemaData schemaUrl="#da_aparcamientosBici_1">
                        <SimpleData name="ID">78124</SimpleData>
                        <SimpleData name="NOMBRE">APARCABICIS_344</SimpleData>
                        <SimpleData name="DESCRIPCION">Esq. Concejal Eduardo Heredia</SimpleData>
                        <SimpleData name="DIRECCION">AVENIDA DE SANTIAGO RAMÓN Y CAJAL, 11 </SimpleData>
                        <SimpleData name="TITULARIDAD">MUNICIPAL</SimpleData>
                        <SimpleData name="TARJETAJOVEN">No</SimpleData>
                        <SimpleData name="ACCESOPMR">No</SimpleData>
                        <SimpleData name="NROPLAZAS">12</SimpleData>
                        <SimpleData name="TOTALPLAZAS">2084</SimpleData>
                    </SchemaData>
                </ExtendedData>
                <Point>
                    <coordinates>-4.423753120770425,36.74008030449639</coordinates>
                </Point>
            </Placemark>
            <Placemark id="da_aparcamientosBici.fid--175d4967_1a00d9bb795_161f">
                <ExtendedData>
                    <SchemaData schemaUrl="#da_aparcamientosBici_1">
                        <SimpleData name="ID">66104</SimpleData>
                        <SimpleData name="NOMBRE">APARCABICIS_309</SimpleData>
                        <SimpleData name="DESCRIPCION">Esq. Pasaje Francisco Blanca Mora</SimpleData>
                        <SimpleData name="DIRECCION">AVENIDA DE SANTIAGO RAMÓN Y CAJAL, 7 </SimpleData>
                        <SimpleData name="TITULARIDAD">MUNICIPAL</SimpleData>
                        <SimpleData name="TARJETAJOVEN">No</SimpleData>
                        <SimpleData name="ACCESOPMR">No</SimpleData>
                        <SimpleData name="NROPLAZAS">6</SimpleData>
                        <SimpleData name="TOTALPLAZAS">2084</SimpleData>
                    </SchemaData>
                </ExtendedData>
                <Point>
                    <coordinates>-4.423867000018308,36.73944703765167</coordinates>
                </Point>
            </Placemark>
            <Placemark id="da_aparcamientosBici.fid--175d4967_1a00d9bb795_1620">
                <ExtendedData>
                    <SchemaData schemaUrl="#da_aparcamientosBici_1">
                        <SimpleData name="ID">65905</SimpleData>
                        <SimpleData name="NOMBRE">APARCABICIS_148</SimpleData>
                        <SimpleData name="DESCRIPCION">Esquina con c/ Toril</SimpleData>
                        <SimpleData name="DIRECCION">CALLE DE LA VEGA, 33 </SimpleData>
                        <SimpleData name="TITULARIDAD">MUNICIPAL</SimpleData>
                        <SimpleData name="TARJETAJOVEN">No</SimpleData>
                        <SimpleData name="ACCESOPMR">No</SimpleData>
                        <SimpleData name="NROPLAZAS">8</SimpleData>
                        <SimpleData name="TOTALPLAZAS">2084</SimpleData>
                    </SchemaData>
                </ExtendedData>
                <Point>
                    <coordinates>-4.501124918481237,36.66783376992723</coordinates>
                </Point>
            </Placemark>
            <Placemark id="da_aparcamientosBici.fid--175d4967_1a00d9bb795_1621">
                <ExtendedData>
                    <SchemaData schemaUrl="#da_aparcamientosBici_1">
                        <SimpleData name="ID">66007</SimpleData>
                        <SimpleData name="NOMBRE">APARCABICIS_237</SimpleData>
                        <SimpleData name="DESCRIPCION">Frente a nº 91.</SimpleData>
                        <SimpleData name="DIRECCION">AVENIDA DE SANTIAGO RAMÓN Y CAJAL, 91 </SimpleData>
                        <SimpleData name="TITULARIDAD">MUNICIPAL</SimpleData>
                        <SimpleData name="TARJETAJOVEN">No</SimpleData>
                        <SimpleData name="ACCESOPMR">No</SimpleData>
                        <SimpleData name="NROPLAZAS">6</SimpleData>
                        <SimpleData name="TOTALPLAZAS">2084</SimpleData>
                    </SchemaData>
                </ExtendedData>
                <Point>
                    <coordinates>-4.422896000018304,36.74571703765968</coordinates>
                </Point>
            </Placemark>
            <Placemark id="da_aparcamientosBici.fid--175d4967_1a00d9bb795_1622">
                <ExtendedData>
                    <SchemaData schemaUrl="#da_aparcamientosBici_1">
                        <SimpleData name="ID">66066</SimpleData>
                        <SimpleData name="NOMBRE">APARCABICIS_272</SimpleData>
                        <SimpleData name="DESCRIPCION">A la altura del número 4</SimpleData>
                        <SimpleData name="DIRECCION">CALLE DÁNVILA Y COLLADO, 6 </SimpleData>
                        <SimpleData name="TITULARIDAD">MUNICIPAL</SimpleData>
                        <SimpleData name="TARJETAJOVEN">No</SimpleData>
                        <SimpleData name="ACCESOPMR">No</SimpleData>
                        <SimpleData name="NROPLAZAS">8</SimpleData>
                        <SimpleData name="TOTALPLAZAS">2084</SimpleData>
                    </SchemaData>
                </ExtendedData>
                <Point>
                    <coordinates>-4.358220000016638,36.719497037626454</coordinates>
                </Point>
            </Placemark>
            <Placemark id="da_aparcamientosBici.fid--175d4967_1a00d9bb795_1623">
                <ExtendedData>
                    <SchemaData schemaUrl="#da_aparcamientosBici_1">
                        <SimpleData name="ID">66006</SimpleData>
                        <SimpleData name="NOMBRE">APARCABICIS_234</SimpleData>
                        <SimpleData name="DESCRIPCION">Esquina Cl. Doctor Peralta Almagro.</SimpleData>
                        <SimpleData name="DIRECCION">AVENIDA DE SANTIAGO RAMÓN Y CAJAL, 41 </SimpleData>
                        <SimpleData name="TITULARIDAD">MUNICIPAL</SimpleData>
                        <SimpleData name="TARJETAJOVEN">No</SimpleData>
                        <SimpleData name="ACCESOPMR">No</SimpleData>
                        <SimpleData name="NROPLAZAS">6</SimpleData>
                        <SimpleData name="TOTALPLAZAS">2084</SimpleData>
                    </SchemaData>
                </ExtendedData>
                <Point>
                    <coordinates>-4.423230000018304,36.743404037656745</coordinates>
                </Point>
            </Placemark>
            <Placemark id="da_aparcamientosBici.fid--175d4967_1a00d9bb795_1624">
                <ExtendedData>
                    <SchemaData schemaUrl="#da_aparcamientosBici_1">
                        <SimpleData name="ID">66068</SimpleData>
                        <SimpleData name="NOMBRE">APARCABICIS_275</SimpleData>
                        <SimpleData name="DESCRIPCION">A la altura del número 7</SimpleData>
                        <SimpleData name="DIRECCION">CALLE MALPICA, 9 </SimpleData>
                        <SimpleData name="TITULARIDAD">MUNICIPAL</SimpleData>
                        <SimpleData name="TARJETAJOVEN">No</SimpleData>
                        <SimpleData name="ACCESOPMR">No</SimpleData>
                        <SimpleData name="NROPLAZAS">8</SimpleData>
                        <SimpleData name="TOTALPLAZAS">2084</SimpleData>
                    </SchemaData>
                </ExtendedData>
                <Point>
                    <coordinates>-4.429331000018393,36.71479803762033</coordinates>
                </Point>
            </Placemark>
            <Placemark id="da_aparcamientosBici.fid--175d4967_1a00d9bb795_1625">
                <ExtendedData>
                    <SchemaData schemaUrl="#da_aparcamientosBici_1">
                        <SimpleData name="ID">66103</SimpleData>
                        <SimpleData name="NOMBRE">APARCABICIS_240</SimpleData>
                        <SimpleData name="DESCRIPCION">Esq. con Cl. Alcalde Madorel Perea</SimpleData>
                        <SimpleData name="DIRECCION">AVENIDA DE SANTIAGO RAMÓN Y CAJAL, 33 </SimpleData>
                        <SimpleData name="TITULARIDAD">MUNICIPAL</SimpleData>
                        <SimpleData name="TARJETAJOVEN">No</SimpleData>
                        <SimpleData name="ACCESOPMR">No</SimpleData>
                        <SimpleData name="NROPLAZAS">6</SimpleData>
                        <SimpleData name="TOTALPLAZAS">2084</SimpleData>
                    </SchemaData>
                </ExtendedData>
                <Point>
                    <coordinates>-4.423381000018305,36.742456037655536</coordinates>
                </Point>
            </Placemark>
            <Placemark id="da_aparcamientosBici.fid--175d4967_1a00d9bb795_1626">
                <ExtendedData>
                    <SchemaData schemaUrl="#da_aparcamientosBici_1">
                        <SimpleData name="ID">65973</SimpleData>
                        <SimpleData name="NOMBRE">APARCABICIS_047</SimpleData>
                        <SimpleData name="DESCRIPCION">Frente a calle Ateneo, nº 106</SimpleData>
                        <SimpleData name="DIRECCION">PASEO MARÍTIMO EL PEDREGAL, 106 </SimpleData>
                        <SimpleData name="TITULARIDAD">MUNICIPAL</SimpleData>
                        <SimpleData name="TARJETAJOVEN">No</SimpleData>
                        <SimpleData name="ACCESOPMR">No</SimpleData>
                        <SimpleData name="NROPLAZAS">8</SimpleData>
                        <SimpleData name="TOTALPLAZAS">2084</SimpleData>
                    </SchemaData>
                </ExtendedData>
                <Point>
                    <coordinates>-4.366689000016828,36.718996037625786</coordinates>
                </Point>
            </Placemark>
            <Placemark id="da_aparcamientosBici.fid--175d4967_1a00d9bb795_1627">
                <ExtendedData>
                    <SchemaData schemaUrl="#da_aparcamientosBici_1">
                        <SimpleData name="ID">65994</SimpleData>
                        <SimpleData name="NOMBRE">APARCABICIS_165</SimpleData>
                        <SimpleData name="DESCRIPCION">Esquina con Cl. Pintor Dámaso Ruano.</SimpleData>
                        <SimpleData name="DIRECCION">CALLE PRACTICANTE FERNÁNDEZ ALCOLEA, 90 </SimpleData>
                        <SimpleData name="TITULARIDAD">MUNICIPAL</SimpleData>
                        <SimpleData name="TARJETAJOVEN">No</SimpleData>
                        <SimpleData name="ACCESOPMR">No</SimpleData>
                        <SimpleData name="NROPLAZAS">8</SimpleData>
                        <SimpleData name="TOTALPLAZAS">2084</SimpleData>
                    </SchemaData>
                </ExtendedData>
                <Point>
                    <coordinates>-4.355027000016565,36.71930603762626</coordinates>
                </Point>
            </Placemark>
            <Placemark id="da_aparcamientosBici.fid--175d4967_1a00d9bb795_1628">
                <ExtendedData>
                    <SchemaData schemaUrl="#da_aparcamientosBici_1">
                        <SimpleData name="ID">65901</SimpleData>
                        <SimpleData name="NOMBRE">APARCABICIS_059</SimpleData>
                        <SimpleData name="DESCRIPCION">Esquina con Cl. Padre Lerchundi</SimpleData>
                        <SimpleData name="DIRECCION">CALLE PRACTICANTE FERNÁNDEZ ALCOLEA, 72 </SimpleData>
                        <SimpleData name="TITULARIDAD">MUNICIPAL</SimpleData>
                        <SimpleData name="TARJETAJOVEN">No</SimpleData>
                        <SimpleData name="ACCESOPMR">No</SimpleData>
                        <SimpleData name="NROPLAZAS">4</SimpleData>
                        <SimpleData name="TOTALPLAZAS">2084</SimpleData>
                    </SchemaData>
                </ExtendedData>
                <Point>
                    <coordinates>-4.355864524857887,36.71937765200322</coordinates>
                </Point>
            </Placemark>
            <Placemark id="da_aparcamientosBici.fid--175d4967_1a00d9bb795_1629">
                <ExtendedData>
                    <SchemaData schemaUrl="#da_aparcamientosBici_1">
                        <SimpleData name="ID">65995</SimpleData>
                        <SimpleData name="NOMBRE">APARCABICIS_176</SimpleData>
                        <SimpleData name="DESCRIPCION">Esquina c/ Practicante Fernández Alcolea.</SimpleData>
                        <SimpleData name="DIRECCION">CALLE MAR, 16 </SimpleData>
                        <SimpleData name="TITULARIDAD">MUNICIPAL</SimpleData>
                        <SimpleData name="TARJETAJOVEN">No</SimpleData>
                        <SimpleData name="ACCESOPMR">No</SimpleData>
                        <SimpleData name="NROPLAZAS">4</SimpleData>
                        <SimpleData name="TOTALPLAZAS">2084</SimpleData>
                    </SchemaData>
                </ExtendedData>
                <Point>
                    <coordinates>-4.359082000016657,36.72000703762719</coordinates>
                </Point>
            </Placemark>
            <Placemark id="da_aparcamientosBici.fid--175d4967_1a00d9bb795_162a">
                <ExtendedData>
                    <SchemaData schemaUrl="#da_aparcamientosBici_1">
                        <SimpleData name="ID">80630</SimpleData>
                        <SimpleData name="NOMBRE">APARCABICIS_892</SimpleData>
                        <SimpleData name="DESCRIPCION">Avenida Andalucía, a la altura del Nº 31</SimpleData>
                        <SimpleData name="DIRECCION">AVENIDA DE ANDALUCÍA, 31 </SimpleData>
                        <SimpleData name="TITULARIDAD">MUNICIPAL</SimpleData>
                        <SimpleData name="TARJETAJOVEN">No</SimpleData>
                        <SimpleData name="ACCESOPMR">No</SimpleData>
                        <SimpleData name="NROPLAZAS">4</SimpleData>
                        <SimpleData name="TOTALPLAZAS">2084</SimpleData>
                    </SchemaData>
                </ExtendedData>
                <Point>
                    <coordinates>-4.441122042889125,36.71611156259437</coordinates>
                </Point>
            </Placemark>
            <Placemark id="da_aparcamientosBici.fid--175d4967_1a00d9bb795_162b">
                <ExtendedData>
                    <SchemaData schemaUrl="#da_aparcamientosBici_1">
                        <SimpleData name="ID">65919</SimpleData>
                        <SimpleData name="NOMBRE">APARCABICIS_032</SimpleData>
                        <SimpleData name="DESCRIPCION">Esquina con Plaza del Teatro</SimpleData>
                        <SimpleData name="DIRECCION">PLAZA DEL TEATRO, 8 </SimpleData>
                        <SimpleData name="TITULARIDAD">MUNICIPAL</SimpleData>
                        <SimpleData name="TARJETAJOVEN">No</SimpleData>
                        <SimpleData name="ACCESOPMR">No</SimpleData>
                        <SimpleData name="NROPLAZAS">10</SimpleData>
                        <SimpleData name="TOTALPLAZAS">2084</SimpleData>
                    </SchemaData>
                </ExtendedData>
                <Point>
                    <coordinates>-4.421117305773816,36.723355026113055</coordinates>
                </Point>
            </Placemark>
            <Placemark id="da_aparcamientosBici.fid--175d4967_1a00d9bb795_162c">
                <ExtendedData>
                    <SchemaData schemaUrl="#da_aparcamientosBici_1">
                        <SimpleData name="ID">65926</SimpleData>
                        <SimpleData name="NOMBRE">APARCABICIS_054</SimpleData>
                        <SimpleData name="DESCRIPCION">A la altura del I.E.S. Mediterráneo</SimpleData>
                        <SimpleData name="DIRECCION">CALLE IDUMEA, 4 </SimpleData>
                        <SimpleData name="TITULARIDAD">MUNICIPAL</SimpleData>
                        <SimpleData name="TARJETAJOVEN">No</SimpleData>
                        <SimpleData name="ACCESOPMR">No</SimpleData>
                        <SimpleData name="NROPLAZAS">4</SimpleData>
                        <SimpleData name="TOTALPLAZAS">2084</SimpleData>
                    </SchemaData>
                </ExtendedData>
                <Point>
                    <coordinates>-4.353402256982169,36.72188019682102</coordinates>
                </Point>
            </Placemark>
            <Placemark id="da_aparcamientosBici.fid--175d4967_1a00d9bb795_162d">
                <ExtendedData>
                    <SchemaData schemaUrl="#da_aparcamientosBici_1">
                        <SimpleData name="ID">66040</SimpleData>
                        <SimpleData name="NOMBRE">APARCABICIS_204</SimpleData>
                        <SimpleData name="DESCRIPCION">Junto al CEIP Cayetano Bolívar</SimpleData>
                        <SimpleData name="DIRECCION">CALLE DEL ROMERO, 2 </SimpleData>
                        <SimpleData name="TITULARIDAD">MUNICIPAL</SimpleData>
                        <SimpleData name="TARJETAJOVEN">No</SimpleData>
                        <SimpleData name="ACCESOPMR">No</SimpleData>
                        <SimpleData name="NROPLAZAS">8</SimpleData>
                        <SimpleData name="TOTALPLAZAS">2084</SimpleData>
                    </SchemaData>
                </ExtendedData>
                <Point>
                    <coordinates>-4.571261000023073,36.73233003764224</coordinates>
                </Point>
            </Placemark>
            <Placemark id="da_aparcamientosBici.fid--175d4967_1a00d9bb795_162e">
                <ExtendedData>
                    <SchemaData schemaUrl="#da_aparcamientosBici_1">
                        <SimpleData name="ID">66001</SimpleData>
                        <SimpleData name="NOMBRE">APARCABICIS_080</SimpleData>
                        <SimpleData name="DESCRIPCION">Esquina Av. Jacinto Benavente.</SimpleData>
                        <SimpleData name="DIRECCION">GLORIETA JOSÉ GASPAR ANAYA MUÑOZ, 2 </SimpleData>
                        <SimpleData name="TITULARIDAD">MUNICIPAL</SimpleData>
                        <SimpleData name="TARJETAJOVEN">No</SimpleData>
                        <SimpleData name="ACCESOPMR">No</SimpleData>
                        <SimpleData name="NROPLAZAS">4</SimpleData>
                        <SimpleData name="TOTALPLAZAS">2084</SimpleData>
                    </SchemaData>
                </ExtendedData>
                <Point>
                    <coordinates>-4.423872000018338,36.749912037665</coordinates>
                </Point>
            </Placemark>
            <Placemark id="da_aparcamientosBici.fid--175d4967_1a00d9bb795_162f">
                <ExtendedData>
                    <SchemaData schemaUrl="#da_aparcamientosBici_1">
                        <SimpleData name="ID">65971</SimpleData>
                        <SimpleData name="NOMBRE">APARCABICIS_044</SimpleData>
                        <SimpleData name="DESCRIPCION">A la altura de OMAU</SimpleData>
                        <SimpleData name="DIRECCION">CAMINO DE LA DESVIACIÓN, 18 </SimpleData>
                        <SimpleData name="TITULARIDAD">MUNICIPAL</SimpleData>
                        <SimpleData name="TARJETAJOVEN">No</SimpleData>
                        <SimpleData name="ACCESOPMR">No</SimpleData>
                        <SimpleData name="NROPLAZAS">6</SimpleData>
                        <SimpleData name="TOTALPLAZAS">2084</SimpleData>
                    </SchemaData>
                </ExtendedData>
                <Point>
                    <coordinates>-4.383776000017255,36.72346403763147</coordinates>
                </Point>
            </Placemark>
            <Placemark id="da_aparcamientosBici.fid--175d4967_1a00d9bb795_1630">
                <ExtendedData>
                    <SchemaData schemaUrl="#da_aparcamientosBici_1">
                        <SimpleData name="ID">65878</SimpleData>
                        <SimpleData name="NOMBRE">APARCABICIS_330</SimpleData>
                        <SimpleData name="DIRECCION">CAMINO DEL CORCEL, 20 </SimpleData>
                        <SimpleData name="TITULARIDAD">MUNICIPAL</SimpleData>
                        <SimpleData name="TARJETAJOVEN">No</SimpleData>
                        <SimpleData name="ACCESOPMR">No</SimpleData>
                        <SimpleData name="NROPLAZAS">5</SimpleData>
                        <SimpleData name="TOTALPLAZAS">2084</SimpleData>
                    </SchemaData>
                </ExtendedData>
                <Point>
                    <coordinates>-4.444272370018947,36.76438611768327</coordinates>
                </Point>
            </Placemark>
            <Placemark id="da_aparcamientosBici.fid--175d4967_1a00d9bb795_1631">
                <ExtendedData>
                    <SchemaData schemaUrl="#da_aparcamientosBici_1">
                        <SimpleData name="ID">65972</SimpleData>
                        <SimpleData name="NOMBRE">APARCABICIS_045</SimpleData>
                        <SimpleData name="DESCRIPCION">Esquina con Camino Viejo de Vélez</SimpleData>
                        <SimpleData name="DIRECCION">CARRETERA DE OLÍAS, 60 </SimpleData>
                        <SimpleData name="TITULARIDAD">MUNICIPAL</SimpleData>
                        <SimpleData name="TARJETAJOVEN">No</SimpleData>
                        <SimpleData name="ACCESOPMR">No</SimpleData>
                        <SimpleData name="NROPLAZAS">8</SimpleData>
                        <SimpleData name="TOTALPLAZAS">2084</SimpleData>
                    </SchemaData>
                </ExtendedData>
                <Point>
                    <coordinates>-4.347615000016403,36.72215003762989</coordinates>
                </Point>
            </Placemark>
            <Placemark id="da_aparcamientosBici.fid--175d4967_1a00d9bb795_1632">
                <ExtendedData>
                    <SchemaData schemaUrl="#da_aparcamientosBici_1">
                        <SimpleData name="ID">65970</SimpleData>
                        <SimpleData name="NOMBRE">APARCABICIS_037</SimpleData>
                        <SimpleData name="DIRECCION">PLAZA EJIDO, 1 </SimpleData>
                        <SimpleData name="TITULARIDAD">MUNICIPAL</SimpleData>
                        <SimpleData name="TARJETAJOVEN">No</SimpleData>
                        <SimpleData name="ACCESOPMR">No</SimpleData>
                        <SimpleData name="NROPLAZAS">8</SimpleData>
                        <SimpleData name="TOTALPLAZAS">2084</SimpleData>
                    </SchemaData>
                </ExtendedData>
                <Point>
                    <coordinates>-4.41942100001816,36.72797303763713</coordinates>
                </Point>
            </Placemark>
            <Placemark id="da_aparcamientosBici.fid--175d4967_1a00d9bb795_1633">
                <ExtendedData>
                    <SchemaData schemaUrl="#da_aparcamientosBici_1">
                        <SimpleData name="ID">65942</SimpleData>
                        <SimpleData name="NOMBRE">APARCABICIS_104</SimpleData>
                        <SimpleData name="DESCRIPCION">A la altura del Complejo Deportivo de Carranque</SimpleData>
                        <SimpleData name="DIRECCION">AVENIDA DE SANTA ROSA DE LIMA, 5 </SimpleData>
                        <SimpleData name="TITULARIDAD">MUNICIPAL</SimpleData>
                        <SimpleData name="TARJETAJOVEN">No</SimpleData>
                        <SimpleData name="ACCESOPMR">No</SimpleData>
                        <SimpleData name="NROPLAZAS">4</SimpleData>
                        <SimpleData name="TOTALPLAZAS">2084</SimpleData>
                    </SchemaData>
                </ExtendedData>
                <Point>
                    <coordinates>-4.448840618152499,36.72137711446207</coordinates>
                </Point>
            </Placemark>
            <Placemark id="da_aparcamientosBici.fid--175d4967_1a00d9bb795_1634">
                <ExtendedData>
                    <SchemaData schemaUrl="#da_aparcamientosBici_1">
                        <SimpleData name="ID">78128</SimpleData>
                        <SimpleData name="NOMBRE">APARCABICIS_348</SimpleData>
                        <SimpleData name="DIRECCION">CALLE CÓMPETA, 29 </SimpleData>
                        <SimpleData name="TITULARIDAD">MUNICIPAL</SimpleData>
                        <SimpleData name="TARJETAJOVEN">No</SimpleData>
                        <SimpleData name="ACCESOPMR">No</SimpleData>
                        <SimpleData name="NROPLAZAS">8</SimpleData>
                        <SimpleData name="TOTALPLAZAS">2084</SimpleData>
                    </SchemaData>
                </ExtendedData>
                <Point>
                    <coordinates>-4.453477070799514,36.719275316234146</coordinates>
                </Point>
            </Placemark>
            <Placemark id="da_aparcamientosBici.fid--175d4967_1a00d9bb795_1635">
                <ExtendedData>
                    <SchemaData schemaUrl="#da_aparcamientosBici_1">
                        <SimpleData name="ID">66050</SimpleData>
                        <SimpleData name="NOMBRE">APARCABICIS_256</SimpleData>
                        <SimpleData name="DESCRIPCION">Esquina con Cl. Canales</SimpleData>
                        <SimpleData name="DIRECCION">CALLE CANALES, 10 </SimpleData>
                        <SimpleData name="TITULARIDAD">MUNICIPAL</SimpleData>
                        <SimpleData name="TARJETAJOVEN">No</SimpleData>
                        <SimpleData name="ACCESOPMR">No</SimpleData>
                        <SimpleData name="NROPLAZAS">8</SimpleData>
                        <SimpleData name="TOTALPLAZAS">2084</SimpleData>
                    </SchemaData>
                </ExtendedData>
                <Point>
                    <coordinates>-4.427311000018328,36.711259037615854</coordinates>
                </Point>
            </Placemark>
            <Placemark id="da_aparcamientosBici.fid--175d4967_1a00d9bb795_1636">
                <ExtendedData>
                    <SchemaData schemaUrl="#da_aparcamientosBici_1">
                        <SimpleData name="ID">65950</SimpleData>
                        <SimpleData name="NOMBRE">APARCABICIS_126</SimpleData>
                        <SimpleData name="DESCRIPCION">En el parque.</SimpleData>
                        <SimpleData name="DIRECCION">CALLE NIÑO DEL MUSEO, 3 </SimpleData>
                        <SimpleData name="TITULARIDAD">MUNICIPAL</SimpleData>
                        <SimpleData name="TARJETAJOVEN">No</SimpleData>
                        <SimpleData name="ACCESOPMR">No</SimpleData>
                        <SimpleData name="NROPLAZAS">8</SimpleData>
                        <SimpleData name="TOTALPLAZAS">2084</SimpleData>
                    </SchemaData>
                </ExtendedData>
                <Point>
                    <coordinates>-4.448545575160794,36.699724251775095</coordinates>
                </Point>
            </Placemark>
            <Placemark id="da_aparcamientosBici.fid--175d4967_1a00d9bb795_1637">
                <ExtendedData>
                    <SchemaData schemaUrl="#da_aparcamientosBici_1">
                        <SimpleData name="ID">66076</SimpleData>
                        <SimpleData name="NOMBRE">APARCABICIS_278</SimpleData>
                        <SimpleData name="DESCRIPCION">A la altura del número 1</SimpleData>
                        <SimpleData name="DIRECCION">PLAZA DE LA LUZ, 1 </SimpleData>
                        <SimpleData name="TITULARIDAD">MUNICIPAL</SimpleData>
                        <SimpleData name="TARJETAJOVEN">No</SimpleData>
                        <SimpleData name="ACCESOPMR">No</SimpleData>
                        <SimpleData name="NROPLAZAS">6</SimpleData>
                        <SimpleData name="TOTALPLAZAS">2084</SimpleData>
                    </SchemaData>
                </ExtendedData>
                <Point>
                    <coordinates>-4.453104000019007,36.696106037596415</coordinates>
                </Point>
            </Placemark>
            <Placemark id="da_aparcamientosBici.fid--175d4967_1a00d9bb795_1638">
                <ExtendedData>
                    <SchemaData schemaUrl="#da_aparcamientosBici_1">
                        <SimpleData name="ID">79054</SimpleData>
                        <SimpleData name="NOMBRE">APARCABICIS_890</SimpleData>
                        <SimpleData name="DESCRIPCION">Recinto ferial entre C/ Paquiro y Avenida las Malagueñas</SimpleData>
                        <SimpleData name="DIRECCION">CALLE PAQUIRO, 2 </SimpleData>
                        <SimpleData name="TITULARIDAD">MUNICIPAL</SimpleData>
                        <SimpleData name="TARJETAJOVEN">No</SimpleData>
                        <SimpleData name="ACCESOPMR">No</SimpleData>
                        <SimpleData name="NROPLAZAS">10</SimpleData>
                        <SimpleData name="TOTALPLAZAS">2084</SimpleData>
                    </SchemaData>
                </ExtendedData>
                <Point>
                    <coordinates>-4.4624441724646235,36.700793101748474</coordinates>
                </Point>
            </Placemark>
            <Placemark id="da_aparcamientosBici.fid--175d4967_1a00d9bb795_1639">
                <ExtendedData>
                    <SchemaData schemaUrl="#da_aparcamientosBici_1">
                        <SimpleData name="ID">65937</SimpleData>
                        <SimpleData name="NOMBRE">APARCABICIS_015</SimpleData>
                        <SimpleData name="DESCRIPCION">Frente salida estación.</SimpleData>
                        <SimpleData name="DIRECCION">CALLE EXPLANADA DE LA ESTACIÓN, 3 </SimpleData>
                        <SimpleData name="TITULARIDAD">MUNICIPAL</SimpleData>
                        <SimpleData name="TARJETAJOVEN">No</SimpleData>
                        <SimpleData name="ACCESOPMR">No</SimpleData>
                        <SimpleData name="NROPLAZAS">12</SimpleData>
                        <SimpleData name="TOTALPLAZAS">2084</SimpleData>
                    </SchemaData>
                </ExtendedData>
                <Point>
                    <coordinates>-4.431202411670045,36.712213559224516</coordinates>
                </Point>
            </Placemark>
            <Placemark id="da_aparcamientosBici.fid--175d4967_1a00d9bb795_163a">
                <ExtendedData>
                    <SchemaData schemaUrl="#da_aparcamientosBici_1">
                        <SimpleData name="ID">66065</SimpleData>
                        <SimpleData name="NOMBRE">APARCABICIS_273</SimpleData>
                        <SimpleData name="DESCRIPCION">Esquina Plaza Eduardo Dato</SimpleData>
                        <SimpleData name="DIRECCION">CALLE JOSÉ CANALEJAS, 5 </SimpleData>
                        <SimpleData name="TITULARIDAD">MUNICIPAL</SimpleData>
                        <SimpleData name="TARJETAJOVEN">No</SimpleData>
                        <SimpleData name="ACCESOPMR">No</SimpleData>
                        <SimpleData name="NROPLAZAS">8</SimpleData>
                        <SimpleData name="TOTALPLAZAS">2084</SimpleData>
                    </SchemaData>
                </ExtendedData>
                <Point>
                    <coordinates>-4.436457000018625,36.729533037639065</coordinates>
                </Point>
            </Placemark>
            <Placemark id="da_aparcamientosBici.fid--175d4967_1a00d9bb795_163b">
                <ExtendedData>
                    <SchemaData schemaUrl="#da_aparcamientosBici_1">
                        <SimpleData name="ID">66119</SimpleData>
                        <SimpleData name="NOMBRE">APARCABICIS_321</SimpleData>
                        <SimpleData name="DIRECCION">CALLE MORENO NIETO, 8 </SimpleData>
                        <SimpleData name="TITULARIDAD">MUNICIPAL</SimpleData>
                        <SimpleData name="TARJETAJOVEN">No</SimpleData>
                        <SimpleData name="ACCESOPMR">No</SimpleData>
                        <SimpleData name="NROPLAZAS">8</SimpleData>
                        <SimpleData name="TOTALPLAZAS">2084</SimpleData>
                    </SchemaData>
                </ExtendedData>
                <Point>
                    <coordinates>-4.436900594793945,36.729999699194934</coordinates>
                </Point>
            </Placemark>
            <Placemark id="da_aparcamientosBici.fid--175d4967_1a00d9bb795_163c">
                <ExtendedData>
                    <SchemaData schemaUrl="#da_aparcamientosBici_1">
                        <SimpleData name="ID">65891</SimpleData>
                        <SimpleData name="NOMBRE">APARCABICIS_010</SimpleData>
                        <SimpleData name="DESCRIPCION">Esquina con Av.de Cervantes. </SimpleData>
                        <SimpleData name="DIRECCION">CALLE ROMA, 2 </SimpleData>
                        <SimpleData name="TITULARIDAD">MUNICIPAL</SimpleData>
                        <SimpleData name="TARJETAJOVEN">No</SimpleData>
                        <SimpleData name="ACCESOPMR">No</SimpleData>
                        <SimpleData name="NROPLAZAS">10</SimpleData>
                        <SimpleData name="TOTALPLAZAS">2084</SimpleData>
                    </SchemaData>
                </ExtendedData>
                <Point>
                    <coordinates>-4.4145512581051785,36.72019894288173</coordinates>
                </Point>
            </Placemark>
            <Placemark id="da_aparcamientosBici.fid--175d4967_1a00d9bb795_163d">
                <ExtendedData>
                    <SchemaData schemaUrl="#da_aparcamientosBici_1">
                        <SimpleData name="ID">66084</SimpleData>
                        <SimpleData name="NOMBRE">APARCABICIS_294</SimpleData>
                        <SimpleData name="DESCRIPCION">Pl. Pepe Mena</SimpleData>
                        <SimpleData name="DIRECCION">CALLE OLLERÍAS, 55 </SimpleData>
                        <SimpleData name="TITULARIDAD">MUNICIPAL</SimpleData>
                        <SimpleData name="TARJETAJOVEN">No</SimpleData>
                        <SimpleData name="ACCESOPMR">No</SimpleData>
                        <SimpleData name="NROPLAZAS">8</SimpleData>
                        <SimpleData name="TOTALPLAZAS">2084</SimpleData>
                    </SchemaData>
                </ExtendedData>
                <Point>
                    <coordinates>-4.422965000018255,36.72591703763451</coordinates>
                </Point>
            </Placemark>
            <Placemark id="da_aparcamientosBici.fid--175d4967_1a00d9bb795_163e">
                <ExtendedData>
                    <SchemaData schemaUrl="#da_aparcamientosBici_1">
                        <SimpleData name="ID">66054</SimpleData>
                        <SimpleData name="NOMBRE">APARCABICIS_261</SimpleData>
                        <SimpleData name="DESCRIPCION">A la altura del número 31</SimpleData>
                        <SimpleData name="DIRECCION">CALLE LAS MORERAS, 31 </SimpleData>
                        <SimpleData name="TITULARIDAD">MUNICIPAL</SimpleData>
                        <SimpleData name="TARJETAJOVEN">No</SimpleData>
                        <SimpleData name="ACCESOPMR">No</SimpleData>
                        <SimpleData name="NROPLAZAS">6</SimpleData>
                        <SimpleData name="TOTALPLAZAS">2084</SimpleData>
                    </SchemaData>
                </ExtendedData>
                <Point>
                    <coordinates>-4.417693000018164,36.744306037657864</coordinates>
                </Point>
            </Placemark>
            <Placemark id="da_aparcamientosBici.fid--175d4967_1a00d9bb795_163f">
                <ExtendedData>
                    <SchemaData schemaUrl="#da_aparcamientosBici_1">
                        <SimpleData name="ID">66078</SimpleData>
                        <SimpleData name="NOMBRE">APARCABICIS_280</SimpleData>
                        <SimpleData name="DESCRIPCION">Esquina c/ Niño del Museo</SimpleData>
                        <SimpleData name="DIRECCION">CALLE NIÑO DEL MUSEO, 14 </SimpleData>
                        <SimpleData name="TITULARIDAD">MUNICIPAL</SimpleData>
                        <SimpleData name="TARJETAJOVEN">No</SimpleData>
                        <SimpleData name="ACCESOPMR">No</SimpleData>
                        <SimpleData name="NROPLAZAS">8</SimpleData>
                        <SimpleData name="TOTALPLAZAS">2084</SimpleData>
                    </SchemaData>
                </ExtendedData>
                <Point>
                    <coordinates>-4.448898000018899,36.70034703760186</coordinates>
                </Point>
            </Placemark>
            <Placemark id="da_aparcamientosBici.fid--175d4967_1a00d9bb795_1640">
                <ExtendedData>
                    <SchemaData schemaUrl="#da_aparcamientosBici_1">
                        <SimpleData name="ID">66015</SimpleData>
                        <SimpleData name="NOMBRE">APARCABICIS_056</SimpleData>
                        <SimpleData name="DESCRIPCION">Nº 34.</SimpleData>
                        <SimpleData name="DIRECCION">CALLE MARTÍNEZ FALERO, 34 </SimpleData>
                        <SimpleData name="TITULARIDAD">MUNICIPAL</SimpleData>
                        <SimpleData name="TARJETAJOVEN">No</SimpleData>
                        <SimpleData name="ACCESOPMR">No</SimpleData>
                        <SimpleData name="NROPLAZAS">4</SimpleData>
                        <SimpleData name="TOTALPLAZAS">2084</SimpleData>
                    </SchemaData>
                </ExtendedData>
                <Point>
                    <coordinates>-4.356082000016589,36.72099603762842</coordinates>
                </Point>
            </Placemark>
            <Placemark id="da_aparcamientosBici.fid--175d4967_1a00d9bb795_1641">
                <ExtendedData>
                    <SchemaData schemaUrl="#da_aparcamientosBici_1">
                        <SimpleData name="ID">65900</SimpleData>
                        <SimpleData name="NOMBRE">APARCABICIS_022</SimpleData>
                        <SimpleData name="DESCRIPCION">A la altura del Polideportivo Trinidad</SimpleData>
                        <SimpleData name="DIRECCION">CALLE MALASAÑA, 4 </SimpleData>
                        <SimpleData name="TITULARIDAD">MUNICIPAL</SimpleData>
                        <SimpleData name="TARJETAJOVEN">No</SimpleData>
                        <SimpleData name="ACCESOPMR">No</SimpleData>
                        <SimpleData name="NROPLAZAS">4</SimpleData>
                        <SimpleData name="TOTALPLAZAS">2084</SimpleData>
                    </SchemaData>
                </ExtendedData>
                <Point>
                    <coordinates>-4.427141547221421,36.723419522374556</coordinates>
                </Point>
            </Placemark>
            <Placemark id="da_aparcamientosBici.fid--175d4967_1a00d9bb795_1642">
                <ExtendedData>
                    <SchemaData schemaUrl="#da_aparcamientosBici_1">
                        <SimpleData name="ID">66090</SimpleData>
                        <SimpleData name="NOMBRE">APARCABICIS_301</SimpleData>
                        <SimpleData name="DESCRIPCION">Esq. Cl. San Lucas Mayor</SimpleData>
                        <SimpleData name="DIRECCION">CALLE AMARGURA, 58 </SimpleData>
                        <SimpleData name="TITULARIDAD">MUNICIPAL</SimpleData>
                        <SimpleData name="TARJETAJOVEN">No</SimpleData>
                        <SimpleData name="ACCESOPMR">No</SimpleData>
                        <SimpleData name="NROPLAZAS">8</SimpleData>
                        <SimpleData name="TOTALPLAZAS">2084</SimpleData>
                    </SchemaData>
                </ExtendedData>
                <Point>
                    <coordinates>-4.4112880000179535,36.72982703763957</coordinates>
                </Point>
            </Placemark>
            <Placemark id="da_aparcamientosBici.fid--175d4967_1a00d9bb795_1643">
                <ExtendedData>
                    <SchemaData schemaUrl="#da_aparcamientosBici_1">
                        <SimpleData name="ID">65969</SimpleData>
                        <SimpleData name="NOMBRE">APARCABICIS_173</SimpleData>
                        <SimpleData name="DESCRIPCION">Esq. con Cl. Árbol Blanco (Biblioteca)</SimpleData>
                        <SimpleData name="DIRECCION">CALLE ÁRBOL BLANCO, 19 </SimpleData>
                        <SimpleData name="TITULARIDAD">MUNICIPAL</SimpleData>
                        <SimpleData name="TARJETAJOVEN">No</SimpleData>
                        <SimpleData name="ACCESOPMR">No</SimpleData>
                        <SimpleData name="NROPLAZAS">8</SimpleData>
                        <SimpleData name="TOTALPLAZAS">2084</SimpleData>
                    </SchemaData>
                </ExtendedData>
                <Point>
                    <coordinates>-4.501755237599754,36.66571243126755</coordinates>
                </Point>
            </Placemark>
            <Placemark id="da_aparcamientosBici.fid--175d4967_1a00d9bb795_1644">
                <ExtendedData>
                    <SchemaData schemaUrl="#da_aparcamientosBici_1">
                        <SimpleData name="ID">65889</SimpleData>
                        <SimpleData name="NOMBRE">APARCABICIS_341</SimpleData>
                        <SimpleData name="DESCRIPCION">Puerta I.E.S Huelin</SimpleData>
                        <SimpleData name="DIRECCION">CALLE TOMÁS ECHEVERRÍA, 4 </SimpleData>
                        <SimpleData name="TITULARIDAD">MUNICIPAL</SimpleData>
                        <SimpleData name="TARJETAJOVEN">No</SimpleData>
                        <SimpleData name="ACCESOPMR">No</SimpleData>
                        <SimpleData name="NROPLAZAS">8</SimpleData>
                        <SimpleData name="TOTALPLAZAS">2084</SimpleData>
                    </SchemaData>
                </ExtendedData>
                <Point>
                    <coordinates>-4.43578147001854,36.704329337607014</coordinates>
                </Point>
            </Placemark>
            <Placemark id="da_aparcamientosBici.fid--175d4967_1a00d9bb795_1645">
                <ExtendedData>
                    <SchemaData schemaUrl="#da_aparcamientosBici_1">
                        <SimpleData name="ID">66097</SimpleData>
                        <SimpleData name="NOMBRE">APARCABICIS_307</SimpleData>
                        <SimpleData name="DESCRIPCION">Junto a estación de Metro</SimpleData>
                        <SimpleData name="DIRECCION">CALLE SANTA MARTA, 8 </SimpleData>
                        <SimpleData name="TITULARIDAD">MUNICIPAL</SimpleData>
                        <SimpleData name="TARJETAJOVEN">No</SimpleData>
                        <SimpleData name="ACCESOPMR">No</SimpleData>
                        <SimpleData name="NROPLAZAS">8</SimpleData>
                        <SimpleData name="TOTALPLAZAS">2084</SimpleData>
                    </SchemaData>
                </ExtendedData>
                <Point>
                    <coordinates>-4.440430000018685,36.71125603761578</coordinates>
                </Point>
            </Placemark>
            <Placemark id="da_aparcamientosBici.fid--175d4967_1a00d9bb795_1646">
                <ExtendedData>
                    <SchemaData schemaUrl="#da_aparcamientosBici_1">
                        <SimpleData name="ID">66080</SimpleData>
                        <SimpleData name="NOMBRE">APARCABICIS_282</SimpleData>
                        <SimpleData name="DESCRIPCION">A la altura del número 4</SimpleData>
                        <SimpleData name="DIRECCION">CALLE CRISTOBALINA FERNÁNDEZ, 4 </SimpleData>
                        <SimpleData name="TITULARIDAD">MUNICIPAL</SimpleData>
                        <SimpleData name="TARJETAJOVEN">No</SimpleData>
                        <SimpleData name="ACCESOPMR">No</SimpleData>
                        <SimpleData name="NROPLAZAS">8</SimpleData>
                        <SimpleData name="TOTALPLAZAS">2084</SimpleData>
                    </SchemaData>
                </ExtendedData>
                <Point>
                    <coordinates>-4.536638000021752,36.723042037630535</coordinates>
                </Point>
            </Placemark>
            <Placemark id="da_aparcamientosBici.fid--175d4967_1a00d9bb795_1647">
                <ExtendedData>
                    <SchemaData schemaUrl="#da_aparcamientosBici_1">
                        <SimpleData name="ID">66096</SimpleData>
                        <SimpleData name="NOMBRE">APARCABICIS_306</SimpleData>
                        <SimpleData name="DESCRIPCION">Esq. Benjamín Franklin</SimpleData>
                        <SimpleData name="DIRECCION">CALLE DE CRISTÓBAL DE VILLALÓN, 11 </SimpleData>
                        <SimpleData name="TITULARIDAD">MUNICIPAL</SimpleData>
                        <SimpleData name="TARJETAJOVEN">No</SimpleData>
                        <SimpleData name="ACCESOPMR">No</SimpleData>
                        <SimpleData name="NROPLAZAS">6</SimpleData>
                        <SimpleData name="TOTALPLAZAS">2084</SimpleData>
                    </SchemaData>
                </ExtendedData>
                <Point>
                    <coordinates>-4.454707000019091,36.71033403761456</coordinates>
                </Point>
            </Placemark>
            <Placemark id="da_aparcamientosBici.fid--175d4967_1a00d9bb795_1648">
                <ExtendedData>
                    <SchemaData schemaUrl="#da_aparcamientosBici_1">
                        <SimpleData name="ID">66059</SimpleData>
                        <SimpleData name="NOMBRE">APARCABICIS_267</SimpleData>
                        <SimpleData name="DESCRIPCION">A la altura del número 26</SimpleData>
                        <SimpleData name="DIRECCION">CALLE PAQUIRO, 26 </SimpleData>
                        <SimpleData name="TITULARIDAD">MUNICIPAL</SimpleData>
                        <SimpleData name="TARJETAJOVEN">No</SimpleData>
                        <SimpleData name="ACCESOPMR">No</SimpleData>
                        <SimpleData name="NROPLAZAS">8</SimpleData>
                        <SimpleData name="TOTALPLAZAS">2084</SimpleData>
                    </SchemaData>
                </ExtendedData>
                <Point>
                    <coordinates>-4.46713100001942,36.69913203760027</coordinates>
                </Point>
            </Placemark>
            <Placemark id="da_aparcamientosBici.fid--175d4967_1a00d9bb795_1649">
                <ExtendedData>
                    <SchemaData schemaUrl="#da_aparcamientosBici_1">
                        <SimpleData name="ID">66024</SimpleData>
                        <SimpleData name="NOMBRE">APARCABICIS_110</SimpleData>
                        <SimpleData name="DIRECCION">CALLE CONDE DE GUADALHORCE, 17 </SimpleData>
                        <SimpleData name="TITULARIDAD">MUNICIPAL</SimpleData>
                        <SimpleData name="TARJETAJOVEN">No</SimpleData>
                        <SimpleData name="ACCESOPMR">No</SimpleData>
                        <SimpleData name="NROPLAZAS">8</SimpleData>
                        <SimpleData name="TOTALPLAZAS">2084</SimpleData>
                    </SchemaData>
                </ExtendedData>
                <Point>
                    <coordinates>-4.442642000018755,36.71416003761953</coordinates>
                </Point>
            </Placemark>
            <Placemark id="da_aparcamientosBici.fid--175d4967_1a00d9bb795_164a">
                <ExtendedData>
                    <SchemaData schemaUrl="#da_aparcamientosBici_1">
                        <SimpleData name="ID">65894</SimpleData>
                        <SimpleData name="NOMBRE">APARCABICIS_136</SimpleData>
                        <SimpleData name="DIRECCION">CALLE TOMÁS ECHEVERRÍA, 6 </SimpleData>
                        <SimpleData name="TITULARIDAD">MUNICIPAL</SimpleData>
                        <SimpleData name="TARJETAJOVEN">No</SimpleData>
                        <SimpleData name="ACCESOPMR">No</SimpleData>
                        <SimpleData name="NROPLAZAS">8</SimpleData>
                        <SimpleData name="TOTALPLAZAS">2084</SimpleData>
                    </SchemaData>
                </ExtendedData>
                <Point>
                    <coordinates>-4.434651690018505,36.70377506760628</coordinates>
                </Point>
            </Placemark>
            <Placemark id="da_aparcamientosBici.fid--175d4967_1a00d9bb795_164b">
                <ExtendedData>
                    <SchemaData schemaUrl="#da_aparcamientosBici_1">
                        <SimpleData name="ID">66012</SimpleData>
                        <SimpleData name="NOMBRE">APARCABICIS_168</SimpleData>
                        <SimpleData name="DESCRIPCION">Frente a los jardines</SimpleData>
                        <SimpleData name="DIRECCION">CALLE DE TESEO, 14 </SimpleData>
                        <SimpleData name="TITULARIDAD">MUNICIPAL</SimpleData>
                        <SimpleData name="TARJETAJOVEN">No</SimpleData>
                        <SimpleData name="ACCESOPMR">No</SimpleData>
                        <SimpleData name="NROPLAZAS">14</SimpleData>
                        <SimpleData name="TOTALPLAZAS">2084</SimpleData>
                    </SchemaData>
                </ExtendedData>
                <Point>
                    <coordinates>-4.477697000019799,36.72078603762783</coordinates>
                </Point>
            </Placemark>
            <Placemark id="da_aparcamientosBici.fid--175d4967_1a00d9bb795_164c">
                <ExtendedData>
                    <SchemaData schemaUrl="#da_aparcamientosBici_1">
                        <SimpleData name="ID">65898</SimpleData>
                        <SimpleData name="NOMBRE">APARCABICIS_121</SimpleData>
                        <SimpleData name="DESCRIPCION">A la altura del Estadio de Atletismo.</SimpleData>
                        <SimpleData name="DIRECCION">AVENIDA ALICIA DE LARROCHA, 2 </SimpleData>
                        <SimpleData name="TITULARIDAD">MUNICIPAL</SimpleData>
                        <SimpleData name="TARJETAJOVEN">No</SimpleData>
                        <SimpleData name="ACCESOPMR">No</SimpleData>
                        <SimpleData name="NROPLAZAS">8</SimpleData>
                        <SimpleData name="TOTALPLAZAS">2084</SimpleData>
                    </SchemaData>
                </ExtendedData>
                <Point>
                    <coordinates>-4.458033000019103,36.68253903757918</coordinates>
                </Point>
            </Placemark>
            <Placemark id="da_aparcamientosBici.fid--175d4967_1a00d9bb795_164d">
                <ExtendedData>
                    <SchemaData schemaUrl="#da_aparcamientosBici_1">
                        <SimpleData name="ID">66087</SimpleData>
                        <SimpleData name="NOMBRE">APARCABICIS_297</SimpleData>
                        <SimpleData name="DESCRIPCION">Esq. Cl Maestro Pablo Luna</SimpleData>
                        <SimpleData name="DIRECCION">CALLE SONDALEZAS, 20 </SimpleData>
                        <SimpleData name="TITULARIDAD">MUNICIPAL</SimpleData>
                        <SimpleData name="TARJETAJOVEN">No</SimpleData>
                        <SimpleData name="ACCESOPMR">No</SimpleData>
                        <SimpleData name="NROPLAZAS">10</SimpleData>
                        <SimpleData name="TOTALPLAZAS">2084</SimpleData>
                    </SchemaData>
                </ExtendedData>
                <Point>
                    <coordinates>-4.4425850000187825,36.72556603763403</coordinates>
                </Point>
            </Placemark>
            <Placemark id="da_aparcamientosBici.fid--175d4967_1a00d9bb795_164e">
                <ExtendedData>
                    <SchemaData schemaUrl="#da_aparcamientosBici_1">
                        <SimpleData name="ID">66060</SimpleData>
                        <SimpleData name="NOMBRE">APARCABICIS_266</SimpleData>
                        <SimpleData name="DESCRIPCION">A la altura del número 14</SimpleData>
                        <SimpleData name="DIRECCION">CALLE PAQUIRO, 1 </SimpleData>
                        <SimpleData name="TITULARIDAD">MUNICIPAL</SimpleData>
                        <SimpleData name="TARJETAJOVEN">No</SimpleData>
                        <SimpleData name="ACCESOPMR">No</SimpleData>
                        <SimpleData name="NROPLAZAS">8</SimpleData>
                        <SimpleData name="TOTALPLAZAS">2084</SimpleData>
                    </SchemaData>
                </ExtendedData>
                <Point>
                    <coordinates>-4.4646770000193445,36.69957403760085</coordinates>
                </Point>
            </Placemark>
            <Placemark id="da_aparcamientosBici.fid--175d4967_1a00d9bb795_164f">
                <ExtendedData>
                    <SchemaData schemaUrl="#da_aparcamientosBici_1">
                        <SimpleData name="ID">65880</SimpleData>
                        <SimpleData name="NOMBRE">APARCABICIS_332</SimpleData>
                        <SimpleData name="DIRECCION">ALAMEDA PRINCIPAL, 2 </SimpleData>
                        <SimpleData name="TITULARIDAD">MUNICIPAL</SimpleData>
                        <SimpleData name="TARJETAJOVEN">No</SimpleData>
                        <SimpleData name="ACCESOPMR">No</SimpleData>
                        <SimpleData name="NROPLAZAS">5</SimpleData>
                        <SimpleData name="TOTALPLAZAS">2084</SimpleData>
                    </SchemaData>
                </ExtendedData>
                <Point>
                    <coordinates>-4.42155954001819,36.718057197624546</coordinates>
                </Point>
            </Placemark>
            <Placemark id="da_aparcamientosBici.fid--175d4967_1a00d9bb795_1650">
                <ExtendedData>
                    <SchemaData schemaUrl="#da_aparcamientosBici_1">
                        <SimpleData name="ID">65879</SimpleData>
                        <SimpleData name="NOMBRE">APARCABICIS_331</SimpleData>
                        <SimpleData name="DIRECCION">ALAMEDA PRINCIPAL, 2 </SimpleData>
                        <SimpleData name="TITULARIDAD">MUNICIPAL</SimpleData>
                        <SimpleData name="TARJETAJOVEN">No</SimpleData>
                        <SimpleData name="ACCESOPMR">No</SimpleData>
                        <SimpleData name="NROPLAZAS">5</SimpleData>
                        <SimpleData name="TOTALPLAZAS">2084</SimpleData>
                    </SchemaData>
                </ExtendedData>
                <Point>
                    <coordinates>-4.4215035700181975,36.71805786762454</coordinates>
                </Point>
            </Placemark>
            <Placemark id="da_aparcamientosBici.fid--175d4967_1a00d9bb795_1651">
                <ExtendedData>
                    <SchemaData schemaUrl="#da_aparcamientosBici_1">
                        <SimpleData name="ID">66042</SimpleData>
                        <SimpleData name="NOMBRE">APARCABICIS_241</SimpleData>
                        <SimpleData name="DESCRIPCION">Esquina con c/ Prosper Mérimée.</SimpleData>
                        <SimpleData name="DIRECCION">CALLE DE SAINT-EXUPÉRY, 22 </SimpleData>
                        <SimpleData name="TITULARIDAD">MUNICIPAL</SimpleData>
                        <SimpleData name="TARJETAJOVEN">No</SimpleData>
                        <SimpleData name="ACCESOPMR">No</SimpleData>
                        <SimpleData name="NROPLAZAS">12</SimpleData>
                        <SimpleData name="TOTALPLAZAS">2084</SimpleData>
                    </SchemaData>
                </ExtendedData>
                <Point>
                    <coordinates>-4.457246000019183,36.71708803762315</coordinates>
                </Point>
            </Placemark>
            <Placemark id="da_aparcamientosBici.fid--175d4967_1a00d9bb795_1652">
                <ExtendedData>
                    <SchemaData schemaUrl="#da_aparcamientosBici_1">
                        <SimpleData name="ID">79687</SimpleData>
                        <SimpleData name="NOMBRE">APARCABICIS_891</SimpleData>
                        <SimpleData name="DESCRIPCION">frente a la Comisaria Provincial de Málaga</SimpleData>
                        <SimpleData name="DIRECCION">PLAZA DE MANUEL AZAÑA, 3 </SimpleData>
                        <SimpleData name="TITULARIDAD">MUNICIPAL</SimpleData>
                        <SimpleData name="TARJETAJOVEN">No</SimpleData>
                        <SimpleData name="ACCESOPMR">No</SimpleData>
                        <SimpleData name="NROPLAZAS">10</SimpleData>
                        <SimpleData name="TOTALPLAZAS">2084</SimpleData>
                    </SchemaData>
                </ExtendedData>
                <Point>
                    <coordinates>-4.448242398240892,36.714520216939114</coordinates>
                </Point>
            </Placemark>
            <Placemark id="da_aparcamientosBici.fid--175d4967_1a00d9bb795_1653">
                <ExtendedData>
                    <SchemaData schemaUrl="#da_aparcamientosBici_1">
                        <SimpleData name="ID">80754</SimpleData>
                        <SimpleData name="NOMBRE">APARCABICIS_893</SimpleData>
                        <SimpleData name="DIRECCION">PLAZA DE MANUEL AZAÑA, 3 </SimpleData>
                        <SimpleData name="TITULARIDAD">MUNICIPAL</SimpleData>
                        <SimpleData name="TARJETAJOVEN">No</SimpleData>
                        <SimpleData name="ACCESOPMR">No</SimpleData>
                        <SimpleData name="NROPLAZAS">10</SimpleData>
                        <SimpleData name="TOTALPLAZAS">2084</SimpleData>
                    </SchemaData>
                </ExtendedData>
                <Point>
                    <coordinates>-4.4489138661744265,36.714619754750835</coordinates>
                </Point>
            </Placemark>
            <Placemark id="da_aparcamientosBici.fid--175d4967_1a00d9bb795_1654">
                <ExtendedData>
                    <SchemaData schemaUrl="#da_aparcamientosBici_1">
                        <SimpleData name="ID">65945</SimpleData>
                        <SimpleData name="NOMBRE">APARCABICIS_107</SimpleData>
                        <SimpleData name="DESCRIPCION">A la altura de la Comisaría de Policía</SimpleData>
                        <SimpleData name="DIRECCION">PLAZA DE MANUEL AZAÑA, 3 </SimpleData>
                        <SimpleData name="TITULARIDAD">MUNICIPAL</SimpleData>
                        <SimpleData name="TARJETAJOVEN">No</SimpleData>
                        <SimpleData name="ACCESOPMR">No</SimpleData>
                        <SimpleData name="NROPLAZAS">8</SimpleData>
                        <SimpleData name="TOTALPLAZAS">2084</SimpleData>
                    </SchemaData>
                </ExtendedData>
                <Point>
                    <coordinates>-4.448250532169187,36.71461743193542</coordinates>
                </Point>
            </Placemark>
            <Placemark id="da_aparcamientosBici.fid--175d4967_1a00d9bb795_1655">
                <ExtendedData>
                    <SchemaData schemaUrl="#da_aparcamientosBici_1">
                        <SimpleData name="ID">78126</SimpleData>
                        <SimpleData name="NOMBRE">APARCABICIS_346</SimpleData>
                        <SimpleData name="DIRECCION">CALLE CARPIO, 52 </SimpleData>
                        <SimpleData name="TITULARIDAD">MUNICIPAL</SimpleData>
                        <SimpleData name="TARJETAJOVEN">No</SimpleData>
                        <SimpleData name="ACCESOPMR">No</SimpleData>
                        <SimpleData name="NROPLAZAS">8</SimpleData>
                        <SimpleData name="TOTALPLAZAS">2084</SimpleData>
                    </SchemaData>
                </ExtendedData>
                <Point>
                    <coordinates>-4.4403367848264335,36.70381885757548</coordinates>
                </Point>
            </Placemark>
            <Placemark id="da_aparcamientosBici.fid--175d4967_1a00d9bb795_1656">
                <ExtendedData>
                    <SchemaData schemaUrl="#da_aparcamientosBici_1">
                        <SimpleData name="ID">66056</SimpleData>
                        <SimpleData name="NOMBRE">APARCABICIS_262</SimpleData>
                        <SimpleData name="DESCRIPCION">Esquina calle Doctor Jiménez Ruiz</SimpleData>
                        <SimpleData name="DIRECCION">PASAJE SONDALEZAS, 12 </SimpleData>
                        <SimpleData name="TITULARIDAD">MUNICIPAL</SimpleData>
                        <SimpleData name="TARJETAJOVEN">No</SimpleData>
                        <SimpleData name="ACCESOPMR">No</SimpleData>
                        <SimpleData name="NROPLAZAS">10</SimpleData>
                        <SimpleData name="TOTALPLAZAS">2084</SimpleData>
                    </SchemaData>
                </ExtendedData>
                <Point>
                    <coordinates>-4.441369000018743,36.722231037629754</coordinates>
                </Point>
            </Placemark>
            <Placemark id="da_aparcamientosBici.fid--175d4967_1a00d9bb795_1657">
                <ExtendedData>
                    <SchemaData schemaUrl="#da_aparcamientosBici_1">
                        <SimpleData name="ID">66069</SimpleData>
                        <SimpleData name="NOMBRE">APARCABICIS_276</SimpleData>
                        <SimpleData name="DESCRIPCION">A la altura del número 3</SimpleData>
                        <SimpleData name="DIRECCION">CALLE POETA MUÑOZ ROJAS, 3 </SimpleData>
                        <SimpleData name="TITULARIDAD">MUNICIPAL</SimpleData>
                        <SimpleData name="TARJETAJOVEN">No</SimpleData>
                        <SimpleData name="ACCESOPMR">No</SimpleData>
                        <SimpleData name="NROPLAZAS">8</SimpleData>
                        <SimpleData name="TOTALPLAZAS">2084</SimpleData>
                    </SchemaData>
                </ExtendedData>
                <Point>
                    <coordinates>-4.435386000018548,36.71091603761535</coordinates>
                </Point>
            </Placemark>
            <Placemark id="da_aparcamientosBici.fid--175d4967_1a00d9bb795_1658">
                <ExtendedData>
                    <SchemaData schemaUrl="#da_aparcamientosBici_1">
                        <SimpleData name="ID">66095</SimpleData>
                        <SimpleData name="NOMBRE">APARCABICIS_305</SimpleData>
                        <SimpleData name="DESCRIPCION">Esq. con Cl. Carrión</SimpleData>
                        <SimpleData name="DIRECCION">PLAZUELA CRISTO DE LA CRUCIFIXIÓN, 1 </SimpleData>
                        <SimpleData name="TITULARIDAD">MUNICIPAL</SimpleData>
                        <SimpleData name="TARJETAJOVEN">No</SimpleData>
                        <SimpleData name="ACCESOPMR">No</SimpleData>
                        <SimpleData name="NROPLAZAS">6</SimpleData>
                        <SimpleData name="TOTALPLAZAS">2084</SimpleData>
                    </SchemaData>
                </ExtendedData>
                <Point>
                    <coordinates>-4.4191740000181525,36.72689203763576</coordinates>
                </Point>
            </Placemark>
            <Placemark id="da_aparcamientosBici.fid--175d4967_1a00d9bb795_1659">
                <ExtendedData>
                    <SchemaData schemaUrl="#da_aparcamientosBici_1">
                        <SimpleData name="ID">74290</SimpleData>
                        <SimpleData name="NOMBRE">APARCABICIS_1876</SimpleData>
                        <SimpleData name="DIRECCION">CALLE CONCEJAL MUÑOZ CERVÁN, 3 </SimpleData>
                        <SimpleData name="TITULARIDAD">MUNICIPAL</SimpleData>
                        <SimpleData name="TARJETAJOVEN">No</SimpleData>
                        <SimpleData name="ACCESOPMR">No</SimpleData>
                        <SimpleData name="NROPLAZAS">8</SimpleData>
                        <SimpleData name="TOTALPLAZAS">2084</SimpleData>
                    </SchemaData>
                </ExtendedData>
                <Point>
                    <coordinates>-4.439917169552852,36.69831447722425</coordinates>
                </Point>
            </Placemark>
            <Placemark id="da_aparcamientosBici.fid--175d4967_1a00d9bb795_165a">
                <ExtendedData>
                    <SchemaData schemaUrl="#da_aparcamientosBici_1">
                        <SimpleData name="ID">66099</SimpleData>
                        <SimpleData name="NOMBRE">APARCABICIS_314</SimpleData>
                        <SimpleData name="DESCRIPCION">Esq. con Cl. Sondalezas</SimpleData>
                        <SimpleData name="DIRECCION">PASAJE SONDALEZAS, 2 </SimpleData>
                        <SimpleData name="TITULARIDAD">MUNICIPAL</SimpleData>
                        <SimpleData name="TARJETAJOVEN">No</SimpleData>
                        <SimpleData name="ACCESOPMR">No</SimpleData>
                        <SimpleData name="NROPLAZAS">10</SimpleData>
                        <SimpleData name="TOTALPLAZAS">2084</SimpleData>
                    </SchemaData>
                </ExtendedData>
                <Point>
                    <coordinates>-4.440725000018728,36.72227803762984</coordinates>
                </Point>
            </Placemark>
            <Placemark id="da_aparcamientosBici.fid--175d4967_1a00d9bb795_165b">
                <ExtendedData>
                    <SchemaData schemaUrl="#da_aparcamientosBici_1">
                        <SimpleData name="ID">65881</SimpleData>
                        <SimpleData name="NOMBRE">APARCABICIS_333</SimpleData>
                        <SimpleData name="DIRECCION">ALAMEDA PRINCIPAL, 51 </SimpleData>
                        <SimpleData name="TITULARIDAD">MUNICIPAL</SimpleData>
                        <SimpleData name="TARJETAJOVEN">No</SimpleData>
                        <SimpleData name="ACCESOPMR">No</SimpleData>
                        <SimpleData name="NROPLAZAS">5</SimpleData>
                        <SimpleData name="TOTALPLAZAS">2084</SimpleData>
                    </SchemaData>
                </ExtendedData>
                <Point>
                    <coordinates>-4.424974550018284,36.71684452762295</coordinates>
                </Point>
            </Placemark>
            <Placemark id="da_aparcamientosBici.fid--175d4967_1a00d9bb795_165c">
                <ExtendedData>
                    <SchemaData schemaUrl="#da_aparcamientosBici_1">
                        <SimpleData name="ID">66048</SimpleData>
                        <SimpleData name="NOMBRE">APARCABICIS_255</SimpleData>
                        <SimpleData name="DESCRIPCION">A la altura del número 23</SimpleData>
                        <SimpleData name="DIRECCION">CALLE ZARZAMORA, 22 </SimpleData>
                        <SimpleData name="TITULARIDAD">MUNICIPAL</SimpleData>
                        <SimpleData name="TARJETAJOVEN">No</SimpleData>
                        <SimpleData name="ACCESOPMR">No</SimpleData>
                        <SimpleData name="NROPLAZAS">6</SimpleData>
                        <SimpleData name="TOTALPLAZAS">2084</SimpleData>
                    </SchemaData>
                </ExtendedData>
                <Point>
                    <coordinates>-4.496755000020465,36.742261037655126</coordinates>
                </Point>
            </Placemark>
            <Placemark id="da_aparcamientosBici.fid--175d4967_1a00d9bb795_165d">
                <ExtendedData>
                    <SchemaData schemaUrl="#da_aparcamientosBici_1">
                        <SimpleData name="ID">78859</SimpleData>
                        <SimpleData name="NOMBRE">APARCABICIS_349</SimpleData>
                        <SimpleData name="DESCRIPCION">C/ MAESTRANZA ,9</SimpleData>
                        <SimpleData name="DIRECCION">CALLE MAESTRANZA, 9 </SimpleData>
                        <SimpleData name="TITULARIDAD">MUNICIPAL</SimpleData>
                        <SimpleData name="TARJETAJOVEN">No</SimpleData>
                        <SimpleData name="ACCESOPMR">No</SimpleData>
                        <SimpleData name="NROPLAZAS">10</SimpleData>
                        <SimpleData name="TOTALPLAZAS">2084</SimpleData>
                    </SchemaData>
                </ExtendedData>
                <Point>
                    <coordinates>-4.410448739260049,36.719889069179715</coordinates>
                </Point>
            </Placemark>
            <Placemark id="da_aparcamientosBici.fid--175d4967_1a00d9bb795_165e">
                <ExtendedData>
                    <SchemaData schemaUrl="#da_aparcamientosBici_1">
                        <SimpleData name="ID">66071</SimpleData>
                        <SimpleData name="NOMBRE">APARCABICIS_287</SimpleData>
                        <SimpleData name="DESCRIPCION">A la altura del número 1</SimpleData>
                        <SimpleData name="DIRECCION">CALLE VÍCTOR HUGO, 10 </SimpleData>
                        <SimpleData name="TITULARIDAD">MUNICIPAL</SimpleData>
                        <SimpleData name="TARJETAJOVEN">No</SimpleData>
                        <SimpleData name="ACCESOPMR">No</SimpleData>
                        <SimpleData name="NROPLAZAS">6</SimpleData>
                        <SimpleData name="TOTALPLAZAS">2084</SimpleData>
                    </SchemaData>
                </ExtendedData>
                <Point>
                    <coordinates>-4.481441000019965,36.73722203764877</coordinates>
                </Point>
            </Placemark>
            <Placemark id="da_aparcamientosBici.fid--175d4967_1a00d9bb795_165f">
                <ExtendedData>
                    <SchemaData schemaUrl="#da_aparcamientosBici_1">
                        <SimpleData name="ID">65992</SimpleData>
                        <SimpleData name="NOMBRE">APARCABICIS_230</SimpleData>
                        <SimpleData name="DESCRIPCION">Esquina c/ Rosario.</SimpleData>
                        <SimpleData name="DIRECCION">CALLE CRUZ DEL MOLINILLO, 15 </SimpleData>
                        <SimpleData name="TITULARIDAD">MUNICIPAL</SimpleData>
                        <SimpleData name="TARJETAJOVEN">No</SimpleData>
                        <SimpleData name="ACCESOPMR">No</SimpleData>
                        <SimpleData name="NROPLAZAS">8</SimpleData>
                        <SimpleData name="TOTALPLAZAS">2084</SimpleData>
                    </SchemaData>
                </ExtendedData>
                <Point>
                    <coordinates>-4.423449000018263,36.726809037635626</coordinates>
                </Point>
            </Placemark>
            <Placemark id="da_aparcamientosBici.fid--175d4967_1a00d9bb795_1660">
                <ExtendedData>
                    <SchemaData schemaUrl="#da_aparcamientosBici_1">
                        <SimpleData name="ID">66116</SimpleData>
                        <SimpleData name="NOMBRE">APARCABICIS_317</SimpleData>
                        <SimpleData name="DESCRIPCION">Junto a instalaciones deportivas</SimpleData>
                        <SimpleData name="DIRECCION">CALLE DECANO EDUARDO PALANCA, 6 </SimpleData>
                        <SimpleData name="TITULARIDAD">MUNICIPAL</SimpleData>
                        <SimpleData name="TARJETAJOVEN">No</SimpleData>
                        <SimpleData name="ACCESOPMR">No</SimpleData>
                        <SimpleData name="NROPLAZAS">8</SimpleData>
                        <SimpleData name="TOTALPLAZAS">2084</SimpleData>
                    </SchemaData>
                </ExtendedData>
                <Point>
                    <coordinates>-4.5130192992041085,36.668896846003285</coordinates>
                </Point>
            </Placemark>
            <Placemark id="da_aparcamientosBici.fid--175d4967_1a00d9bb795_1661">
                <ExtendedData>
                    <SchemaData schemaUrl="#da_aparcamientosBici_1">
                        <SimpleData name="ID">65955</SimpleData>
                        <SimpleData name="NOMBRE">APARCABICIS_133</SimpleData>
                        <SimpleData name="DESCRIPCION">Inacua.</SimpleData>
                        <SimpleData name="DIRECCION">CALLE MARILYN MONROE, 8 </SimpleData>
                        <SimpleData name="TITULARIDAD">MUNICIPAL</SimpleData>
                        <SimpleData name="TARJETAJOVEN">No</SimpleData>
                        <SimpleData name="ACCESOPMR">No</SimpleData>
                        <SimpleData name="NROPLAZAS">12</SimpleData>
                        <SimpleData name="TOTALPLAZAS">2084</SimpleData>
                    </SchemaData>
                </ExtendedData>
                <Point>
                    <coordinates>-4.454956054706517,36.68043150939093</coordinates>
                </Point>
            </Placemark>
            <Placemark id="da_aparcamientosBici.fid--175d4967_1a00d9bb795_1662">
                <ExtendedData>
                    <SchemaData schemaUrl="#da_aparcamientosBici_1">
                        <SimpleData name="ID">66108</SimpleData>
                        <SimpleData name="NOMBRE">APARCABICIS_245</SimpleData>
                        <SimpleData name="DESCRIPCION">Junto a edificio de Consejería de Hacienda</SimpleData>
                        <SimpleData name="DIRECCION">PLAZA DE SAN JUAN DE LA CRUZ, 4 </SimpleData>
                        <SimpleData name="TITULARIDAD">MUNICIPAL</SimpleData>
                        <SimpleData name="TARJETAJOVEN">No</SimpleData>
                        <SimpleData name="ACCESOPMR">No</SimpleData>
                        <SimpleData name="NROPLAZAS">8</SimpleData>
                        <SimpleData name="TOTALPLAZAS">2084</SimpleData>
                    </SchemaData>
                </ExtendedData>
                <Point>
                    <coordinates>-4.433362000018514,36.71816103762464</coordinates>
                </Point>
            </Placemark>
            <Placemark id="da_aparcamientosBici.fid--175d4967_1a00d9bb795_1663">
                <ExtendedData>
                    <SchemaData schemaUrl="#da_aparcamientosBici_1">
                        <SimpleData name="ID">66057</SimpleData>
                        <SimpleData name="NOMBRE">APARCABICIS_254</SimpleData>
                        <SimpleData name="DESCRIPCION">Intersección Paseo de Reding</SimpleData>
                        <SimpleData name="DIRECCION">PASEO DE REDING, 45 </SimpleData>
                        <SimpleData name="TITULARIDAD">MUNICIPAL</SimpleData>
                        <SimpleData name="TARJETAJOVEN">No</SimpleData>
                        <SimpleData name="ACCESOPMR">No</SimpleData>
                        <SimpleData name="NROPLAZAS">8</SimpleData>
                        <SimpleData name="TOTALPLAZAS">2084</SimpleData>
                    </SchemaData>
                </ExtendedData>
                <Point>
                    <coordinates>-4.408363000017858,36.72090103762816</coordinates>
                </Point>
            </Placemark>
            <Placemark id="da_aparcamientosBici.fid--175d4967_1a00d9bb795_1664">
                <ExtendedData>
                    <SchemaData schemaUrl="#da_aparcamientosBici_1">
                        <SimpleData name="ID">65936</SimpleData>
                        <SimpleData name="NOMBRE">APARCABICIS_083</SimpleData>
                        <SimpleData name="DESCRIPCION">Junto a  Hospital Materno Infantil.</SimpleData>
                        <SimpleData name="DIRECCION">AVENIDA DEL ARROYO DE LOS ÁNGELES, 58 </SimpleData>
                        <SimpleData name="TITULARIDAD">MUNICIPAL</SimpleData>
                        <SimpleData name="TARJETAJOVEN">No</SimpleData>
                        <SimpleData name="ACCESOPMR">No</SimpleData>
                        <SimpleData name="NROPLAZAS">6</SimpleData>
                        <SimpleData name="TOTALPLAZAS">2084</SimpleData>
                    </SchemaData>
                </ExtendedData>
                <Point>
                    <coordinates>-4.433611035365542,36.72957651606977</coordinates>
                </Point>
            </Placemark>
            <Placemark id="da_aparcamientosBici.fid--175d4967_1a00d9bb795_1665">
                <ExtendedData>
                    <SchemaData schemaUrl="#da_aparcamientosBici_1">
                        <SimpleData name="ID">65925</SimpleData>
                        <SimpleData name="NOMBRE">APARCABICIS_043</SimpleData>
                        <SimpleData name="DESCRIPCION">A la altura de la Escuela de Español para extranjeros de la UMA.</SimpleData>
                        <SimpleData name="DIRECCION">AVENIDA DE LA ESTACIÓN DE EL PALO, 4 </SimpleData>
                        <SimpleData name="TITULARIDAD">MUNICIPAL</SimpleData>
                        <SimpleData name="TARJETAJOVEN">No</SimpleData>
                        <SimpleData name="ACCESOPMR">No</SimpleData>
                        <SimpleData name="NROPLAZAS">6</SimpleData>
                        <SimpleData name="TOTALPLAZAS">2084</SimpleData>
                    </SchemaData>
                </ExtendedData>
                <Point>
                    <coordinates>-4.361416697518849,36.72061173498125</coordinates>
                </Point>
            </Placemark>
            <Placemark id="da_aparcamientosBici.fid--175d4967_1a00d9bb795_1666">
                <ExtendedData>
                    <SchemaData schemaUrl="#da_aparcamientosBici_1">
                        <SimpleData name="ID">66058</SimpleData>
                        <SimpleData name="NOMBRE">APARCABICIS_265</SimpleData>
                        <SimpleData name="DESCRIPCION">A la altura de los números 43- 45</SimpleData>
                        <SimpleData name="DIRECCION">CALLE ALMERÍA, 47 </SimpleData>
                        <SimpleData name="TITULARIDAD">MUNICIPAL</SimpleData>
                        <SimpleData name="TARJETAJOVEN">No</SimpleData>
                        <SimpleData name="ACCESOPMR">No</SimpleData>
                        <SimpleData name="NROPLAZAS">8</SimpleData>
                        <SimpleData name="TOTALPLAZAS">2084</SimpleData>
                    </SchemaData>
                </ExtendedData>
                <Point>
                    <coordinates>-4.356129000016592,36.72063103762792</coordinates>
                </Point>
            </Placemark>
            <Placemark id="da_aparcamientosBici.fid--175d4967_1a00d9bb795_1667">
                <ExtendedData>
                    <SchemaData schemaUrl="#da_aparcamientosBici_1">
                        <SimpleData name="ID">65883</SimpleData>
                        <SimpleData name="NOMBRE">APARCABICIS_550</SimpleData>
                        <SimpleData name="DESCRIPCION">Av. Jorge Silvela frente C/ Fernando Loring</SimpleData>
                        <SimpleData name="DIRECCION">AVENIDA DE JORGE SILVELA, 68 </SimpleData>
                        <SimpleData name="TITULARIDAD">MUNICIPAL</SimpleData>
                        <SimpleData name="TARJETAJOVEN">No</SimpleData>
                        <SimpleData name="ACCESOPMR">No</SimpleData>
                        <SimpleData name="NROPLAZAS">3</SimpleData>
                        <SimpleData name="TOTALPLAZAS">2084</SimpleData>
                    </SchemaData>
                </ExtendedData>
                <Point>
                    <coordinates>-4.424641680018319,36.73519209764628</coordinates>
                </Point>
            </Placemark>
            <Placemark id="da_aparcamientosBici.fid--175d4967_1a00d9bb795_1668">
                <ExtendedData>
                    <SchemaData schemaUrl="#da_aparcamientosBici_1">
                        <SimpleData name="ID">66109</SimpleData>
                        <SimpleData name="NOMBRE">APARCABICIS_127</SimpleData>
                        <SimpleData name="DESCRIPCION">Junto a oficinas municipales</SimpleData>
                        <SimpleData name="DIRECCION">CALLE CONCEJAL MUÑOZ CERVÁN, 4 </SimpleData>
                        <SimpleData name="TITULARIDAD">MUNICIPAL</SimpleData>
                        <SimpleData name="TARJETAJOVEN">No</SimpleData>
                        <SimpleData name="ACCESOPMR">No</SimpleData>
                        <SimpleData name="NROPLAZAS">32</SimpleData>
                        <SimpleData name="TOTALPLAZAS">2084</SimpleData>
                    </SchemaData>
                </ExtendedData>
                <Point>
                    <coordinates>-4.4390880000186135,36.69796603759887</coordinates>
                </Point>
            </Placemark>
            <Placemark id="da_aparcamientosBici.fid--175d4967_1a00d9bb795_1669">
                <ExtendedData>
                    <SchemaData schemaUrl="#da_aparcamientosBici_1">
                        <SimpleData name="ID">65961</SimpleData>
                        <SimpleData name="NOMBRE">APARCABICIS_146</SimpleData>
                        <SimpleData name="DESCRIPCION">Frente a c/ Josefa Morales</SimpleData>
                        <SimpleData name="DIRECCION">CAMINO HUERTECILLA, 39 </SimpleData>
                        <SimpleData name="TITULARIDAD">MUNICIPAL</SimpleData>
                        <SimpleData name="TARJETAJOVEN">No</SimpleData>
                        <SimpleData name="ACCESOPMR">No</SimpleData>
                        <SimpleData name="NROPLAZAS">12</SimpleData>
                        <SimpleData name="TOTALPLAZAS">2084</SimpleData>
                    </SchemaData>
                </ExtendedData>
                <Point>
                    <coordinates>-4.506781697293836,36.67331541688607</coordinates>
                </Point>
            </Placemark>
            <Placemark id="da_aparcamientosBici.fid--175d4967_1a00d9bb795_166a">
                <ExtendedData>
                    <SchemaData schemaUrl="#da_aparcamientosBici_1">
                        <SimpleData name="ID">78127</SimpleData>
                        <SimpleData name="NOMBRE">APARCABICIS_347</SimpleData>
                        <SimpleData name="DESCRIPCION">Esq. Mahler</SimpleData>
                        <SimpleData name="DIRECCION">BULEVAR ADOLFO SUÁREZ, 93 </SimpleData>
                        <SimpleData name="TITULARIDAD">MUNICIPAL</SimpleData>
                        <SimpleData name="TARJETAJOVEN">No</SimpleData>
                        <SimpleData name="ACCESOPMR">No</SimpleData>
                        <SimpleData name="NROPLAZAS">8</SimpleData>
                        <SimpleData name="TOTALPLAZAS">2084</SimpleData>
                    </SchemaData>
                </ExtendedData>
                <Point>
                    <coordinates>-4.454700904635556,36.70170657726697</coordinates>
                </Point>
            </Placemark>
            <Placemark id="da_aparcamientosBici.fid--175d4967_1a00d9bb795_166b">
                <ExtendedData>
                    <SchemaData schemaUrl="#da_aparcamientosBici_1">
                        <SimpleData name="ID">66091</SimpleData>
                        <SimpleData name="NOMBRE">APARCABICIS_300</SimpleData>
                        <SimpleData name="DESCRIPCION">A la altura del CP Cupiana</SimpleData>
                        <SimpleData name="DIRECCION">CALLE PORTALES DE LA VICTORIA, 22 </SimpleData>
                        <SimpleData name="TITULARIDAD">MUNICIPAL</SimpleData>
                        <SimpleData name="TARJETAJOVEN">No</SimpleData>
                        <SimpleData name="ACCESOPMR">No</SimpleData>
                        <SimpleData name="NROPLAZAS">6</SimpleData>
                        <SimpleData name="TOTALPLAZAS">2084</SimpleData>
                    </SchemaData>
                </ExtendedData>
                <Point>
                    <coordinates>-4.544685000021993,36.70640203760932</coordinates>
                </Point>
            </Placemark>
            <Placemark id="da_aparcamientosBici.fid--175d4967_1a00d9bb795_166c">
                <ExtendedData>
                    <SchemaData schemaUrl="#da_aparcamientosBici_1">
                        <SimpleData name="ID">65964</SimpleData>
                        <SimpleData name="NOMBRE">APARCABICIS_157</SimpleData>
                        <SimpleData name="DESCRIPCION">Esquina con Av. Editor Ángel Caffarena</SimpleData>
                        <SimpleData name="DIRECCION">CALLE ROSA GARCÍA ASCOT, 28 </SimpleData>
                        <SimpleData name="TITULARIDAD">MUNICIPAL</SimpleData>
                        <SimpleData name="TARJETAJOVEN">No</SimpleData>
                        <SimpleData name="ACCESOPMR">No</SimpleData>
                        <SimpleData name="NROPLAZAS">16</SimpleData>
                        <SimpleData name="TOTALPLAZAS">2084</SimpleData>
                    </SchemaData>
                </ExtendedData>
                <Point>
                    <coordinates>-4.47455227377003,36.72676035465196</coordinates>
                </Point>
            </Placemark>
            <Placemark id="da_aparcamientosBici.fid--175d4967_1a00d9bb795_166d">
                <ExtendedData>
                    <SchemaData schemaUrl="#da_aparcamientosBici_1">
                        <SimpleData name="ID">65886</SimpleData>
                        <SimpleData name="NOMBRE">APARCABICIS_337</SimpleData>
                        <SimpleData name="DIRECCION">AVENIDA IMPERIO ARGENTINA, 21 </SimpleData>
                        <SimpleData name="TITULARIDAD">MUNICIPAL</SimpleData>
                        <SimpleData name="TARJETAJOVEN">No</SimpleData>
                        <SimpleData name="ACCESOPMR">No</SimpleData>
                        <SimpleData name="NROPLAZAS">5</SimpleData>
                        <SimpleData name="TOTALPLAZAS">2084</SimpleData>
                    </SchemaData>
                </ExtendedData>
                <Point>
                    <coordinates>-4.452737080018956,36.68208422757854</coordinates>
                </Point>
            </Placemark>
            <Placemark id="da_aparcamientosBici.fid--175d4967_1a00d9bb795_166e">
                <ExtendedData>
                    <SchemaData schemaUrl="#da_aparcamientosBici_1">
                        <SimpleData name="ID">66086</SimpleData>
                        <SimpleData name="NOMBRE">APARCABICIS_296</SimpleData>
                        <SimpleData name="DESCRIPCION">Esq. Cl. Poeta Concha Mendez</SimpleData>
                        <SimpleData name="DIRECCION">CALLE SAN CAYETANO, 6 </SimpleData>
                        <SimpleData name="TITULARIDAD">MUNICIPAL</SimpleData>
                        <SimpleData name="TARJETAJOVEN">No</SimpleData>
                        <SimpleData name="ACCESOPMR">No</SimpleData>
                        <SimpleData name="NROPLAZAS">12</SimpleData>
                        <SimpleData name="TOTALPLAZAS">2084</SimpleData>
                    </SchemaData>
                </ExtendedData>
                <Point>
                    <coordinates>-4.415330000018048,36.72647203763518</coordinates>
                </Point>
            </Placemark>
            <Placemark id="da_aparcamientosBici.fid--175d4967_1a00d9bb795_166f">
                <ExtendedData>
                    <SchemaData schemaUrl="#da_aparcamientosBici_1">
                        <SimpleData name="ID">66110</SimpleData>
                        <SimpleData name="NOMBRE">APARCABICIS_246</SimpleData>
                        <SimpleData name="DESCRIPCION">Esq. con Paseo Antonio Machado</SimpleData>
                        <SimpleData name="DIRECCION">PASEO DE ANTONIO MACHADO, 56 </SimpleData>
                        <SimpleData name="TITULARIDAD">MUNICIPAL</SimpleData>
                        <SimpleData name="TARJETAJOVEN">No</SimpleData>
                        <SimpleData name="ACCESOPMR">No</SimpleData>
                        <SimpleData name="NROPLAZAS">8</SimpleData>
                        <SimpleData name="TOTALPLAZAS">2084</SimpleData>
                    </SchemaData>
                </ExtendedData>
                <Point>
                    <coordinates>-4.432983000018461,36.70376503760631</coordinates>
                </Point>
            </Placemark>
            <Placemark id="da_aparcamientosBici.fid--175d4967_1a00d9bb795_1670">
                <ExtendedData>
                    <SchemaData schemaUrl="#da_aparcamientosBici_1">
                        <SimpleData name="ID">65931</SimpleData>
                        <SimpleData name="NOMBRE">APARCABICIS_082</SimpleData>
                        <SimpleData name="DESCRIPCION">Esquina con c/ Blas de Lezo</SimpleData>
                        <SimpleData name="DIRECCION">AVENIDA DEL ARROYO DE LOS ÁNGELES, 43 </SimpleData>
                        <SimpleData name="TITULARIDAD">MUNICIPAL</SimpleData>
                        <SimpleData name="TARJETAJOVEN">No</SimpleData>
                        <SimpleData name="ACCESOPMR">No</SimpleData>
                        <SimpleData name="NROPLAZAS">4</SimpleData>
                        <SimpleData name="TOTALPLAZAS">2084</SimpleData>
                    </SchemaData>
                </ExtendedData>
                <Point>
                    <coordinates>-4.433712959308103,36.7293400484724</coordinates>
                </Point>
            </Placemark>
            <Placemark id="da_aparcamientosBici.fid--175d4967_1a00d9bb795_1671">
                <ExtendedData>
                    <SchemaData schemaUrl="#da_aparcamientosBici_1">
                        <SimpleData name="ID">65930</SimpleData>
                        <SimpleData name="NOMBRE">APARCABICIS_081</SimpleData>
                        <SimpleData name="DESCRIPCION">Frente al Cuartel de la Guardia Civil</SimpleData>
                        <SimpleData name="DIRECCION">AVENIDA DEL ARROYO DE LOS ÁNGELES, 27 </SimpleData>
                        <SimpleData name="TITULARIDAD">MUNICIPAL</SimpleData>
                        <SimpleData name="TARJETAJOVEN">No</SimpleData>
                        <SimpleData name="ACCESOPMR">No</SimpleData>
                        <SimpleData name="NROPLAZAS">8</SimpleData>
                        <SimpleData name="TOTALPLAZAS">2084</SimpleData>
                    </SchemaData>
                </ExtendedData>
                <Point>
                    <coordinates>-4.431390166301138,36.728462962297044</coordinates>
                </Point>
            </Placemark>
            <Placemark id="da_aparcamientosBici.fid--175d4967_1a00d9bb795_1672">
                <ExtendedData>
                    <SchemaData schemaUrl="#da_aparcamientosBici_1">
                        <SimpleData name="ID">65892</SimpleData>
                        <SimpleData name="NOMBRE">APARCABICIS_013</SimpleData>
                        <SimpleData name="DESCRIPCION">Av. COmandante Benítez esquina Puente del Pechel.</SimpleData>
                        <SimpleData name="DIRECCION">AVENIDA DEL COMANDANTE BENÍTEZ, 8 </SimpleData>
                        <SimpleData name="TITULARIDAD">MUNICIPAL</SimpleData>
                        <SimpleData name="TARJETAJOVEN">No</SimpleData>
                        <SimpleData name="ACCESOPMR">No</SimpleData>
                        <SimpleData name="NROPLAZAS">10</SimpleData>
                        <SimpleData name="TOTALPLAZAS">2084</SimpleData>
                    </SchemaData>
                </ExtendedData>
                <Point>
                    <coordinates>-4.425772000018295,36.714464037619955</coordinates>
                </Point>
            </Placemark>
            <Placemark id="da_aparcamientosBici.fid--175d4967_1a00d9bb795_1673">
                <ExtendedData>
                    <SchemaData schemaUrl="#da_aparcamientosBici_1">
                        <SimpleData name="ID">65914</SimpleData>
                        <SimpleData name="NOMBRE">APARCABICIS_014</SimpleData>
                        <SimpleData name="DESCRIPCION">A la altura de la Facultad de económicas</SimpleData>
                        <SimpleData name="DIRECCION">CALLE EJIDO, 6 </SimpleData>
                        <SimpleData name="TITULARIDAD">MUNICIPAL</SimpleData>
                        <SimpleData name="TARJETAJOVEN">No</SimpleData>
                        <SimpleData name="ACCESOPMR">No</SimpleData>
                        <SimpleData name="NROPLAZAS">8</SimpleData>
                        <SimpleData name="TOTALPLAZAS">2084</SimpleData>
                    </SchemaData>
                </ExtendedData>
                <Point>
                    <coordinates>-4.417969000018122,36.727814037636875</coordinates>
                </Point>
            </Placemark>
            <Placemark id="da_aparcamientosBici.fid--175d4967_1a00d9bb795_1674">
                <ExtendedData>
                    <SchemaData schemaUrl="#da_aparcamientosBici_1">
                        <SimpleData name="ID">66083</SimpleData>
                        <SimpleData name="NOMBRE">APARCABICIS_293</SimpleData>
                        <SimpleData name="DESCRIPCION">A la altura del números 6-8</SimpleData>
                        <SimpleData name="DIRECCION">CALLE GUADALETE, 6 </SimpleData>
                        <SimpleData name="TITULARIDAD">MUNICIPAL</SimpleData>
                        <SimpleData name="TARJETAJOVEN">No</SimpleData>
                        <SimpleData name="ACCESOPMR">No</SimpleData>
                        <SimpleData name="NROPLAZAS">6</SimpleData>
                        <SimpleData name="TOTALPLAZAS">2084</SimpleData>
                    </SchemaData>
                </ExtendedData>
                <Point>
                    <coordinates>-4.437662000018582,36.701498037603415</coordinates>
                </Point>
            </Placemark>
            <Placemark id="da_aparcamientosBici.fid--175d4967_1a00d9bb795_1675">
                <ExtendedData>
                    <SchemaData schemaUrl="#da_aparcamientosBici_1">
                        <SimpleData name="ID">66079</SimpleData>
                        <SimpleData name="NOMBRE">APARCABICIS_281</SimpleData>
                        <SimpleData name="DESCRIPCION">Esquina c/ Virgen de Belen</SimpleData>
                        <SimpleData name="DIRECCION">AVENIDA DE ISAAC PERAL, 21 </SimpleData>
                        <SimpleData name="TITULARIDAD">MUNICIPAL</SimpleData>
                        <SimpleData name="TARJETAJOVEN">No</SimpleData>
                        <SimpleData name="ACCESOPMR">No</SimpleData>
                        <SimpleData name="NROPLAZAS">8</SimpleData>
                        <SimpleData name="TOTALPLAZAS">2084</SimpleData>
                    </SchemaData>
                </ExtendedData>
                <Point>
                    <coordinates>-4.456443000019103,36.69529103759545</coordinates>
                </Point>
            </Placemark>
            <Placemark id="da_aparcamientosBici.fid--175d4967_1a00d9bb795_1676">
                <ExtendedData>
                    <SchemaData schemaUrl="#da_aparcamientosBici_1">
                        <SimpleData name="ID">65874</SimpleData>
                        <SimpleData name="NOMBRE">APARCABICIS_326</SimpleData>
                        <SimpleData name="DESCRIPCION">Esq. Av. Manuel Agustín Heredia</SimpleData>
                        <SimpleData name="DIRECCION">AVENIDA DE MANUEL AGUSTÍN HEREDIA, 26 </SimpleData>
                        <SimpleData name="TITULARIDAD">MUNICIPAL</SimpleData>
                        <SimpleData name="TARJETAJOVEN">No</SimpleData>
                        <SimpleData name="ACCESOPMR">No</SimpleData>
                        <SimpleData name="NROPLAZAS">5</SimpleData>
                        <SimpleData name="TOTALPLAZAS">2084</SimpleData>
                    </SchemaData>
                </ExtendedData>
                <Point>
                    <coordinates>-4.423917390018241,36.71355803761877</coordinates>
                </Point>
            </Placemark>
            <Placemark id="da_aparcamientosBici.fid--175d4967_1a00d9bb795_1677">
                <ExtendedData>
                    <SchemaData schemaUrl="#da_aparcamientosBici_1">
                        <SimpleData name="ID">66055</SimpleData>
                        <SimpleData name="NOMBRE">APARCABICIS_264</SimpleData>
                        <SimpleData name="DESCRIPCION">Esquina calle Segismundo Moret</SimpleData>
                        <SimpleData name="DIRECCION">CALLE MARQUÉS DE OVIECO, 12 </SimpleData>
                        <SimpleData name="TITULARIDAD">MUNICIPAL</SimpleData>
                        <SimpleData name="TARJETAJOVEN">No</SimpleData>
                        <SimpleData name="ACCESOPMR">No</SimpleData>
                        <SimpleData name="NROPLAZAS">8</SimpleData>
                        <SimpleData name="TOTALPLAZAS">2084</SimpleData>
                    </SchemaData>
                </ExtendedData>
                <Point>
                    <coordinates>-4.437486000018649,36.72871003763799</coordinates>
                </Point>
            </Placemark>
            <Placemark id="da_aparcamientosBici.fid--175d4967_1a00d9bb795_1678">
                <ExtendedData>
                    <SchemaData schemaUrl="#da_aparcamientosBici_1">
                        <SimpleData name="ID">65934</SimpleData>
                        <SimpleData name="NOMBRE">APARCABICIS_090</SimpleData>
                        <SimpleData name="DESCRIPCION">Frente al Colegio de Gamarra</SimpleData>
                        <SimpleData name="DIRECCION">CALLE DOCTOR ESCASSI, 4 </SimpleData>
                        <SimpleData name="TITULARIDAD">MUNICIPAL</SimpleData>
                        <SimpleData name="TARJETAJOVEN">No</SimpleData>
                        <SimpleData name="ACCESOPMR">No</SimpleData>
                        <SimpleData name="NROPLAZAS">6</SimpleData>
                        <SimpleData name="TOTALPLAZAS">2084</SimpleData>
                    </SchemaData>
                </ExtendedData>
                <Point>
                    <coordinates>-4.439821000018706,36.72215403762965</coordinates>
                </Point>
            </Placemark>
            <Placemark id="da_aparcamientosBici.fid--175d4967_1a00d9bb795_1679">
                <ExtendedData>
                    <SchemaData schemaUrl="#da_aparcamientosBici_1">
                        <SimpleData name="ID">65981</SimpleData>
                        <SimpleData name="NOMBRE">APARCABICIS_194</SimpleData>
                        <SimpleData name="DESCRIPCION">Esquina con c/ Montaño.</SimpleData>
                        <SimpleData name="DIRECCION">PLAZA DE MONTAÑO, 4 </SimpleData>
                        <SimpleData name="TITULARIDAD">MUNICIPAL</SimpleData>
                        <SimpleData name="TARJETAJOVEN">No</SimpleData>
                        <SimpleData name="ACCESOPMR">No</SimpleData>
                        <SimpleData name="NROPLAZAS">8</SimpleData>
                        <SimpleData name="TOTALPLAZAS">2084</SimpleData>
                    </SchemaData>
                </ExtendedData>
                <Point>
                    <coordinates>-4.420527000018179,36.72552503763398</coordinates>
                </Point>
            </Placemark>
            <Placemark id="da_aparcamientosBici.fid--175d4967_1a00d9bb795_167a">
                <ExtendedData>
                    <SchemaData schemaUrl="#da_aparcamientosBici_1">
                        <SimpleData name="ID">66010</SimpleData>
                        <SimpleData name="NOMBRE">APARCABICIS_190</SimpleData>
                        <SimpleData name="DESCRIPCION">Frente a c/ Miguel Moya.</SimpleData>
                        <SimpleData name="DIRECCION">CALLE ALONSO CARRILLO DE ALBORNOZ, 5 </SimpleData>
                        <SimpleData name="TITULARIDAD">MUNICIPAL</SimpleData>
                        <SimpleData name="TARJETAJOVEN">No</SimpleData>
                        <SimpleData name="ACCESOPMR">No</SimpleData>
                        <SimpleData name="NROPLAZAS">8</SimpleData>
                        <SimpleData name="TOTALPLAZAS">2084</SimpleData>
                    </SchemaData>
                </ExtendedData>
                <Point>
                    <coordinates>-4.3609390000167005,36.72070003762804</coordinates>
                </Point>
            </Placemark>
            <Placemark id="da_aparcamientosBici.fid--175d4967_1a00d9bb795_167b">
                <ExtendedData>
                    <SchemaData schemaUrl="#da_aparcamientosBici_1">
                        <SimpleData name="ID">65928</SimpleData>
                        <SimpleData name="NOMBRE">APARCABICIS_055</SimpleData>
                        <SimpleData name="DESCRIPCION">Frente a c/ Pintor Martínez Cubells.</SimpleData>
                        <SimpleData name="DIRECCION">CALLE MANUEL DE PALACIO, 14 </SimpleData>
                        <SimpleData name="TITULARIDAD">MUNICIPAL</SimpleData>
                        <SimpleData name="TARJETAJOVEN">No</SimpleData>
                        <SimpleData name="ACCESOPMR">No</SimpleData>
                        <SimpleData name="NROPLAZAS">6</SimpleData>
                        <SimpleData name="TOTALPLAZAS">2084</SimpleData>
                    </SchemaData>
                </ExtendedData>
                <Point>
                    <coordinates>-4.370616674440163,36.72515230165852</coordinates>
                </Point>
            </Placemark>
            <Placemark id="da_aparcamientosBici.fid--175d4967_1a00d9bb795_167c">
                <ExtendedData>
                    <SchemaData schemaUrl="#da_aparcamientosBici_1">
                        <SimpleData name="ID">65997</SimpleData>
                        <SimpleData name="NOMBRE">APARCABICIS_201</SimpleData>
                        <SimpleData name="DESCRIPCION">Junto a Colegio.</SimpleData>
                        <SimpleData name="DIRECCION">CALLE ESCULTOR MARÍN HIGUERO, 4 </SimpleData>
                        <SimpleData name="TITULARIDAD">MUNICIPAL</SimpleData>
                        <SimpleData name="TARJETAJOVEN">No</SimpleData>
                        <SimpleData name="ACCESOPMR">No</SimpleData>
                        <SimpleData name="NROPLAZAS">8</SimpleData>
                        <SimpleData name="TOTALPLAZAS">2084</SimpleData>
                    </SchemaData>
                </ExtendedData>
                <Point>
                    <coordinates>-4.364537000016786,36.72152103762904</coordinates>
                </Point>
            </Placemark>
            <Placemark id="da_aparcamientosBici.fid--175d4967_1a00d9bb795_167d">
                <ExtendedData>
                    <SchemaData schemaUrl="#da_aparcamientosBici_1">
                        <SimpleData name="ID">65935</SimpleData>
                        <SimpleData name="NOMBRE">APARCABICIS_091</SimpleData>
                        <SimpleData name="DESCRIPCION">A la altura del Colegio de Gamarra</SimpleData>
                        <SimpleData name="DIRECCION">CALLE JOSÉ MARÍA COOPELLO, 30 </SimpleData>
                        <SimpleData name="TITULARIDAD">MUNICIPAL</SimpleData>
                        <SimpleData name="TARJETAJOVEN">No</SimpleData>
                        <SimpleData name="ACCESOPMR">No</SimpleData>
                        <SimpleData name="NROPLAZAS">6</SimpleData>
                        <SimpleData name="TOTALPLAZAS">2084</SimpleData>
                    </SchemaData>
                </ExtendedData>
                <Point>
                    <coordinates>-4.439136385936351,36.725096406162635</coordinates>
                </Point>
            </Placemark>
            <Placemark id="da_aparcamientosBici.fid--175d4967_1a00d9bb795_167e">
                <ExtendedData>
                    <SchemaData schemaUrl="#da_aparcamientosBici_1">
                        <SimpleData name="ID">66035</SimpleData>
                        <SimpleData name="NOMBRE">APARCABICIS_211</SimpleData>
                        <SimpleData name="DESCRIPCION">c/ Capulino Jaúregui</SimpleData>
                        <SimpleData name="DIRECCION">PLAZA DE MURILLO CARRERA, 5 </SimpleData>
                        <SimpleData name="TITULARIDAD">MUNICIPAL</SimpleData>
                        <SimpleData name="TARJETAJOVEN">No</SimpleData>
                        <SimpleData name="ACCESOPMR">No</SimpleData>
                        <SimpleData name="NROPLAZAS">10</SimpleData>
                        <SimpleData name="TOTALPLAZAS">2084</SimpleData>
                    </SchemaData>
                </ExtendedData>
                <Point>
                    <coordinates>-4.435344000018533,36.705867037608954</coordinates>
                </Point>
            </Placemark>
            <Placemark id="da_aparcamientosBici.fid--175d4967_1a00d9bb795_167f">
                <ExtendedData>
                    <SchemaData schemaUrl="#da_aparcamientosBici_1">
                        <SimpleData name="ID">66064</SimpleData>
                        <SimpleData name="NOMBRE">APARCABICIS_271</SimpleData>
                        <SimpleData name="DESCRIPCION">A la altura del número 3</SimpleData>
                        <SimpleData name="DIRECCION">CALLE CORREGIDOR PEDRO ZAPATA, 8 </SimpleData>
                        <SimpleData name="TITULARIDAD">MUNICIPAL</SimpleData>
                        <SimpleData name="TARJETAJOVEN">No</SimpleData>
                        <SimpleData name="ACCESOPMR">No</SimpleData>
                        <SimpleData name="NROPLAZAS">8</SimpleData>
                        <SimpleData name="TOTALPLAZAS">2084</SimpleData>
                    </SchemaData>
                </ExtendedData>
                <Point>
                    <coordinates>-4.452611000019036,36.71150903761611</coordinates>
                </Point>
            </Placemark>
            <Placemark id="da_aparcamientosBici.fid--175d4967_1a00d9bb795_1680">
                <ExtendedData>
                    <SchemaData schemaUrl="#da_aparcamientosBici_1">
                        <SimpleData name="ID">65923</SimpleData>
                        <SimpleData name="NOMBRE">APARCABICIS_142</SimpleData>
                        <SimpleData name="DESCRIPCION">Esquina con Cl. Ingeniero José Mª Garnica</SimpleData>
                        <SimpleData name="DIRECCION">PASEO DE ANTONIO MACHADO, 12 </SimpleData>
                        <SimpleData name="TITULARIDAD">MUNICIPAL</SimpleData>
                        <SimpleData name="TARJETAJOVEN">No</SimpleData>
                        <SimpleData name="ACCESOPMR">No</SimpleData>
                        <SimpleData name="NROPLAZAS">20</SimpleData>
                        <SimpleData name="TOTALPLAZAS">2084</SimpleData>
                    </SchemaData>
                </ExtendedData>
                <Point>
                    <coordinates>-4.427506327647424,36.70992572500567</coordinates>
                </Point>
            </Placemark>
            <Placemark id="da_aparcamientosBici.fid--175d4967_1a00d9bb795_1681">
                <ExtendedData>
                    <SchemaData schemaUrl="#da_aparcamientosBici_1">
                        <SimpleData name="ID">66033</SimpleData>
                        <SimpleData name="NOMBRE">APARCABICIS_195</SimpleData>
                        <SimpleData name="DESCRIPCION">Esq. con Cl. Gongora</SimpleData>
                        <SimpleData name="DIRECCION">PASEO DE ANTONIO MACHADO, 36 </SimpleData>
                        <SimpleData name="TITULARIDAD">MUNICIPAL</SimpleData>
                        <SimpleData name="TARJETAJOVEN">No</SimpleData>
                        <SimpleData name="ACCESOPMR">No</SimpleData>
                        <SimpleData name="NROPLAZAS">8</SimpleData>
                        <SimpleData name="TOTALPLAZAS">2084</SimpleData>
                    </SchemaData>
                </ExtendedData>
                <Point>
                    <coordinates>-4.429167000018374,36.70827303761207</coordinates>
                </Point>
            </Placemark>
            <Placemark id="da_aparcamientosBici.fid--175d4967_1a00d9bb795_1682">
                <ExtendedData>
                    <SchemaData schemaUrl="#da_aparcamientosBici_1">
                        <SimpleData name="ID">66026</SimpleData>
                        <SimpleData name="NOMBRE">APARCABICIS_205</SimpleData>
                        <SimpleData name="DESCRIPCION">Esq. con Cl. Virgen de la Cabeza</SimpleData>
                        <SimpleData name="DIRECCION">CALLE CORREGIDOR FRANCISCO DE MOLINA, 1 </SimpleData>
                        <SimpleData name="TITULARIDAD">MUNICIPAL</SimpleData>
                        <SimpleData name="TARJETAJOVEN">No</SimpleData>
                        <SimpleData name="ACCESOPMR">No</SimpleData>
                        <SimpleData name="NROPLAZAS">10</SimpleData>
                        <SimpleData name="TOTALPLAZAS">2084</SimpleData>
                    </SchemaData>
                </ExtendedData>
                <Point>
                    <coordinates>-4.447904000018907,36.713684037618926</coordinates>
                </Point>
            </Placemark>
            <Placemark id="da_aparcamientosBici.fid--175d4967_1a00d9bb795_1683">
                <ExtendedData>
                    <SchemaData schemaUrl="#da_aparcamientosBici_1">
                        <SimpleData name="ID">65912</SimpleData>
                        <SimpleData name="NOMBRE">APARCABICIS_004</SimpleData>
                        <SimpleData name="DESCRIPCION">Esquina con c/ Linaje</SimpleData>
                        <SimpleData name="DIRECCION">ALAMEDA DE COLÓN, 7 </SimpleData>
                        <SimpleData name="TITULARIDAD">MUNICIPAL</SimpleData>
                        <SimpleData name="TARJETAJOVEN">No</SimpleData>
                        <SimpleData name="ACCESOPMR">No</SimpleData>
                        <SimpleData name="NROPLAZAS">10</SimpleData>
                        <SimpleData name="TOTALPLAZAS">2084</SimpleData>
                    </SchemaData>
                </ExtendedData>
                <Point>
                    <coordinates>-4.424977000018284,36.7158480376217</coordinates>
                </Point>
            </Placemark>
            <Placemark id="da_aparcamientosBici.fid--175d4967_1a00d9bb795_1684">
                <ExtendedData>
                    <SchemaData schemaUrl="#da_aparcamientosBici_1">
                        <SimpleData name="ID">66122</SimpleData>
                        <SimpleData name="NOMBRE">APARCABICIS_247</SimpleData>
                        <SimpleData name="DESCRIPCION">Frente Estación María Zambrano</SimpleData>
                        <SimpleData name="DIRECCION">CALLE HÉROE DE SOSTOA, 1 </SimpleData>
                        <SimpleData name="TITULARIDAD">MUNICIPAL</SimpleData>
                        <SimpleData name="TARJETAJOVEN">No</SimpleData>
                        <SimpleData name="ACCESOPMR">No</SimpleData>
                        <SimpleData name="NROPLAZAS">34</SimpleData>
                        <SimpleData name="TOTALPLAZAS">2084</SimpleData>
                    </SchemaData>
                </ExtendedData>
                <Point>
                    <coordinates>-4.430753000018421,36.71175103761642</coordinates>
                </Point>
            </Placemark>
            <Placemark id="da_aparcamientosBici.fid--175d4967_1a00d9bb795_1685">
                <ExtendedData>
                    <SchemaData schemaUrl="#da_aparcamientosBici_1">
                        <SimpleData name="ID">66107</SimpleData>
                        <SimpleData name="NOMBRE">APARCABICIS_244</SimpleData>
                        <SimpleData name="DESCRIPCION">Esq. con Av. Carlos Haya</SimpleData>
                        <SimpleData name="DIRECCION">CALLE PEDRO ESPINOSA, 2 </SimpleData>
                        <SimpleData name="TITULARIDAD">MUNICIPAL</SimpleData>
                        <SimpleData name="TARJETAJOVEN">No</SimpleData>
                        <SimpleData name="ACCESOPMR">No</SimpleData>
                        <SimpleData name="NROPLAZAS">4</SimpleData>
                        <SimpleData name="TOTALPLAZAS">2084</SimpleData>
                    </SchemaData>
                </ExtendedData>
                <Point>
                    <coordinates>-4.450333000018999,36.72254803763015</coordinates>
                </Point>
            </Placemark>
            <Placemark id="da_aparcamientosBici.fid--175d4967_1a00d9bb795_1686">
                <ExtendedData>
                    <SchemaData schemaUrl="#da_aparcamientosBici_1">
                        <SimpleData name="ID">65933</SimpleData>
                        <SimpleData name="NOMBRE">APARCABICIS_089</SimpleData>
                        <SimpleData name="DESCRIPCION">Esquina con c/ Nuestra Señora de los Clarines</SimpleData>
                        <SimpleData name="DIRECCION">AVENIDA DEL ARROYO DE LOS ÁNGELES, 95 </SimpleData>
                        <SimpleData name="TITULARIDAD">MUNICIPAL</SimpleData>
                        <SimpleData name="TARJETAJOVEN">No</SimpleData>
                        <SimpleData name="ACCESOPMR">No</SimpleData>
                        <SimpleData name="NROPLAZAS">6</SimpleData>
                        <SimpleData name="TOTALPLAZAS">2084</SimpleData>
                    </SchemaData>
                </ExtendedData>
                <Point>
                    <coordinates>-4.436985254306371,36.73164020237252</coordinates>
                </Point>
            </Placemark>
            <Placemark id="da_aparcamientosBici.fid--175d4967_1a00d9bb795_1687">
                <ExtendedData>
                    <SchemaData schemaUrl="#da_aparcamientosBici_1">
                        <SimpleData name="ID">65932</SimpleData>
                        <SimpleData name="NOMBRE">APARCABICIS_087</SimpleData>
                        <SimpleData name="DESCRIPCION">Esquina con c/ Blas de Lezo</SimpleData>
                        <SimpleData name="DIRECCION">AVENIDA DEL ARROYO DE LOS ÁNGELES, 47 </SimpleData>
                        <SimpleData name="TITULARIDAD">MUNICIPAL</SimpleData>
                        <SimpleData name="TARJETAJOVEN">No</SimpleData>
                        <SimpleData name="ACCESOPMR">No</SimpleData>
                        <SimpleData name="NROPLAZAS">6</SimpleData>
                        <SimpleData name="TOTALPLAZAS">2084</SimpleData>
                    </SchemaData>
                </ExtendedData>
                <Point>
                    <coordinates>-4.434227943438978,36.729748492046824</coordinates>
                </Point>
            </Placemark>
            <Placemark id="da_aparcamientosBici.fid--175d4967_1a00d9bb795_1688">
                <ExtendedData>
                    <SchemaData schemaUrl="#da_aparcamientosBici_1">
                        <SimpleData name="ID">66111</SimpleData>
                        <SimpleData name="NOMBRE">APARCABICIS_277</SimpleData>
                        <SimpleData name="DESCRIPCION">Junto a la Agencia Municipal de Asociaciones y del Voluntariado</SimpleData>
                        <SimpleData name="DIRECCION">CALLE FRANCISCO JIMÉNEZ LOMAS, 11 </SimpleData>
                        <SimpleData name="TITULARIDAD">MUNICIPAL</SimpleData>
                        <SimpleData name="TARJETAJOVEN">No</SimpleData>
                        <SimpleData name="ACCESOPMR">No</SimpleData>
                        <SimpleData name="NROPLAZAS">8</SimpleData>
                        <SimpleData name="TOTALPLAZAS">2084</SimpleData>
                    </SchemaData>
                </ExtendedData>
                <Point>
                    <coordinates>-4.445712000018788,36.6944490375944</coordinates>
                </Point>
            </Placemark>
            <Placemark id="da_aparcamientosBici.fid--175d4967_1a00d9bb795_1689">
                <ExtendedData>
                    <SchemaData schemaUrl="#da_aparcamientosBici_1">
                        <SimpleData name="ID">66011</SimpleData>
                        <SimpleData name="NOMBRE">APARCABICIS_166</SimpleData>
                        <SimpleData name="DESCRIPCION">Biblioteca</SimpleData>
                        <SimpleData name="DIRECCION">AVENIDA DE EUROPA, 28 </SimpleData>
                        <SimpleData name="TITULARIDAD">MUNICIPAL</SimpleData>
                        <SimpleData name="TARJETAJOVEN">No</SimpleData>
                        <SimpleData name="ACCESOPMR">No</SimpleData>
                        <SimpleData name="NROPLAZAS">12</SimpleData>
                        <SimpleData name="TOTALPLAZAS">2084</SimpleData>
                    </SchemaData>
                </ExtendedData>
                <Point>
                    <coordinates>-4.444828000018786,36.70294403760514</coordinates>
                </Point>
            </Placemark>
            <Placemark id="da_aparcamientosBici.fid--175d4967_1a00d9bb795_168a">
                <ExtendedData>
                    <SchemaData schemaUrl="#da_aparcamientosBici_1">
                        <SimpleData name="ID">65947</SimpleData>
                        <SimpleData name="NOMBRE">APARCABICIS_115</SimpleData>
                        <SimpleData name="DESCRIPCION">Esquina con c/ Virgen de las Flores</SimpleData>
                        <SimpleData name="DIRECCION">CALLE VIRGEN DE FLORES, 4 </SimpleData>
                        <SimpleData name="TITULARIDAD">MUNICIPAL</SimpleData>
                        <SimpleData name="TARJETAJOVEN">No</SimpleData>
                        <SimpleData name="ACCESOPMR">No</SimpleData>
                        <SimpleData name="NROPLAZAS">6</SimpleData>
                        <SimpleData name="TOTALPLAZAS">2084</SimpleData>
                    </SchemaData>
                </ExtendedData>
                <Point>
                    <coordinates>-4.4432562589833235,36.71844455171031</coordinates>
                </Point>
            </Placemark>
            <Placemark id="da_aparcamientosBici.fid--175d4967_1a00d9bb795_168b">
                <ExtendedData>
                    <SchemaData schemaUrl="#da_aparcamientosBici_1">
                        <SimpleData name="ID">66043</SimpleData>
                        <SimpleData name="NOMBRE">APARCABICIS_253</SimpleData>
                        <SimpleData name="DESCRIPCION">Frente al nº 76</SimpleData>
                        <SimpleData name="DIRECCION">AVENIDA DE SALVADOR ALLENDE, 49 </SimpleData>
                        <SimpleData name="TITULARIDAD">MUNICIPAL</SimpleData>
                        <SimpleData name="TARJETAJOVEN">No</SimpleData>
                        <SimpleData name="ACCESOPMR">No</SimpleData>
                        <SimpleData name="NROPLAZAS">6</SimpleData>
                        <SimpleData name="TOTALPLAZAS">2084</SimpleData>
                    </SchemaData>
                </ExtendedData>
                <Point>
                    <coordinates>-4.3596770000166645,36.719450037626444</coordinates>
                </Point>
            </Placemark>
            <Placemark id="da_aparcamientosBici.fid--175d4967_1a00d9bb795_168c">
                <ExtendedData>
                    <SchemaData schemaUrl="#da_aparcamientosBici_1">
                        <SimpleData name="ID">65875</SimpleData>
                        <SimpleData name="NOMBRE">APARCABICIS_327</SimpleData>
                        <SimpleData name="DESCRIPCION">Esq. Cl. Poeta Narciso Franquelo Martínez</SimpleData>
                        <SimpleData name="DIRECCION">CALLE POETA BERNARDO DE LA TORRE, 6 </SimpleData>
                        <SimpleData name="TITULARIDAD">MUNICIPAL</SimpleData>
                        <SimpleData name="TARJETAJOVEN">No</SimpleData>
                        <SimpleData name="ACCESOPMR">No</SimpleData>
                        <SimpleData name="NROPLAZAS">4</SimpleData>
                        <SimpleData name="TOTALPLAZAS">2084</SimpleData>
                    </SchemaData>
                </ExtendedData>
                <Point>
                    <coordinates>-4.430608865810765,36.73175965742507</coordinates>
                </Point>
            </Placemark>
            <Placemark id="da_aparcamientosBici.fid--175d4967_1a00d9bb795_168d">
                <ExtendedData>
                    <SchemaData schemaUrl="#da_aparcamientosBici_1">
                        <SimpleData name="ID">65943</SimpleData>
                        <SimpleData name="NOMBRE">APARCABICIS_105</SimpleData>
                        <SimpleData name="DESCRIPCION">Esquina con c/ Simeón Jiménez Reyna</SimpleData>
                        <SimpleData name="DIRECCION">CALLE INGENIERO DE LA TORRE ACOSTA, 5 </SimpleData>
                        <SimpleData name="TITULARIDAD">MUNICIPAL</SimpleData>
                        <SimpleData name="TARJETAJOVEN">No</SimpleData>
                        <SimpleData name="ACCESOPMR">No</SimpleData>
                        <SimpleData name="NROPLAZAS">4</SimpleData>
                        <SimpleData name="TOTALPLAZAS">2084</SimpleData>
                    </SchemaData>
                </ExtendedData>
                <Point>
                    <coordinates>-4.438734054584095,36.71985924771931</coordinates>
                </Point>
            </Placemark>
            <Placemark id="da_aparcamientosBici.fid--175d4967_1a00d9bb795_168e">
                <ExtendedData>
                    <SchemaData schemaUrl="#da_aparcamientosBici_1">
                        <SimpleData name="ID">66094</SimpleData>
                        <SimpleData name="NOMBRE">APARCABICIS_304</SimpleData>
                        <SimpleData name="DESCRIPCION">Esq. Cl. Nazareno del Paso</SimpleData>
                        <SimpleData name="DIRECCION">CALLE NAZARENO DEL PASO, 1 </SimpleData>
                        <SimpleData name="TITULARIDAD">MUNICIPAL</SimpleData>
                        <SimpleData name="TARJETAJOVEN">No</SimpleData>
                        <SimpleData name="ACCESOPMR">No</SimpleData>
                        <SimpleData name="NROPLAZAS">12</SimpleData>
                        <SimpleData name="TOTALPLAZAS">2084</SimpleData>
                    </SchemaData>
                </ExtendedData>
                <Point>
                    <coordinates>-4.427958000018358,36.71706103762327</coordinates>
                </Point>
            </Placemark>
            <Placemark id="da_aparcamientosBici.fid--175d4967_1a00d9bb795_168f">
                <ExtendedData>
                    <SchemaData schemaUrl="#da_aparcamientosBici_1">
                        <SimpleData name="ID">66082</SimpleData>
                        <SimpleData name="NOMBRE">APARCABICIS_292</SimpleData>
                        <SimpleData name="DESCRIPCION">A la altura del número 17</SimpleData>
                        <SimpleData name="DIRECCION">CALLE MAESTRO USANDIZAGA, 15 </SimpleData>
                        <SimpleData name="TITULARIDAD">MUNICIPAL</SimpleData>
                        <SimpleData name="TARJETAJOVEN">No</SimpleData>
                        <SimpleData name="ACCESOPMR">No</SimpleData>
                        <SimpleData name="NROPLAZAS">6</SimpleData>
                        <SimpleData name="TOTALPLAZAS">2084</SimpleData>
                    </SchemaData>
                </ExtendedData>
                <Point>
                    <coordinates>-4.503760000020458,36.662338037553205</coordinates>
                </Point>
            </Placemark>
            <Placemark id="da_aparcamientosBici.fid--175d4967_1a00d9bb795_1690">
                <ExtendedData>
                    <SchemaData schemaUrl="#da_aparcamientosBici_1">
                        <SimpleData name="ID">65987</SimpleData>
                        <SimpleData name="NOMBRE">APARCABICIS_202</SimpleData>
                        <SimpleData name="DESCRIPCION">Esquina con Cl. San Rafael.</SimpleData>
                        <SimpleData name="DIRECCION">CALLE SAN RAFAEL, 6 </SimpleData>
                        <SimpleData name="TITULARIDAD">MUNICIPAL</SimpleData>
                        <SimpleData name="TARJETAJOVEN">No</SimpleData>
                        <SimpleData name="ACCESOPMR">No</SimpleData>
                        <SimpleData name="NROPLAZAS">8</SimpleData>
                        <SimpleData name="TOTALPLAZAS">2084</SimpleData>
                    </SchemaData>
                </ExtendedData>
                <Point>
                    <coordinates>-4.425332000018312,36.72347203763136</coordinates>
                </Point>
            </Placemark>
            <Placemark id="da_aparcamientosBici.fid--175d4967_1a00d9bb795_1691">
                <ExtendedData>
                    <SchemaData schemaUrl="#da_aparcamientosBici_1">
                        <SimpleData name="ID">65893</SimpleData>
                        <SimpleData name="NOMBRE">APARCABICIS_002</SimpleData>
                        <SimpleData name="DESCRIPCION">Esquina con Cl. Escultor Palma Burgos</SimpleData>
                        <SimpleData name="DIRECCION">CALLE ESCULTOR PALMA BURGOS, 3 </SimpleData>
                        <SimpleData name="TITULARIDAD">MUNICIPAL</SimpleData>
                        <SimpleData name="TARJETAJOVEN">No</SimpleData>
                        <SimpleData name="ACCESOPMR">No</SimpleData>
                        <SimpleData name="NROPLAZAS">8</SimpleData>
                        <SimpleData name="TOTALPLAZAS">2084</SimpleData>
                    </SchemaData>
                </ExtendedData>
                <Point>
                    <coordinates>-4.437704086322339,36.71675892244996</coordinates>
                </Point>
            </Placemark>
            <Placemark id="da_aparcamientosBici.fid--175d4967_1a00d9bb795_1692">
                <ExtendedData>
                    <SchemaData schemaUrl="#da_aparcamientosBici_1">
                        <SimpleData name="ID">65960</SimpleData>
                        <SimpleData name="NOMBRE">APARCABICIS_145</SimpleData>
                        <SimpleData name="DESCRIPCION">Esquina con c/ Conde Lucanor</SimpleData>
                        <SimpleData name="DIRECCION">CALLE WILKINSON, 46 </SimpleData>
                        <SimpleData name="TITULARIDAD">MUNICIPAL</SimpleData>
                        <SimpleData name="TARJETAJOVEN">No</SimpleData>
                        <SimpleData name="ACCESOPMR">No</SimpleData>
                        <SimpleData name="NROPLAZAS">8</SimpleData>
                        <SimpleData name="TOTALPLAZAS">2084</SimpleData>
                    </SchemaData>
                </ExtendedData>
                <Point>
                    <coordinates>-4.460309743900358,36.66917625018559</coordinates>
                </Point>
            </Placemark>
            <Placemark id="da_aparcamientosBici.fid--175d4967_1a00d9bb795_1693">
                <ExtendedData>
                    <SchemaData schemaUrl="#da_aparcamientosBici_1">
                        <SimpleData name="ID">65968</SimpleData>
                        <SimpleData name="NOMBRE">APARCABICIS_119</SimpleData>
                        <SimpleData name="DESCRIPCION">Junto a Colegio San José.</SimpleData>
                        <SimpleData name="DIRECCION">CALLE VIRGEN DE FLORES, 23 </SimpleData>
                        <SimpleData name="TITULARIDAD">MUNICIPAL</SimpleData>
                        <SimpleData name="TARJETAJOVEN">No</SimpleData>
                        <SimpleData name="ACCESOPMR">No</SimpleData>
                        <SimpleData name="NROPLAZAS">6</SimpleData>
                        <SimpleData name="TOTALPLAZAS">2084</SimpleData>
                    </SchemaData>
                </ExtendedData>
                <Point>
                    <coordinates>-4.443112000018785,36.720469037627545</coordinates>
                </Point>
            </Placemark>
            <Placemark id="da_aparcamientosBici.fid--175d4967_1a00d9bb795_1694">
                <ExtendedData>
                    <SchemaData schemaUrl="#da_aparcamientosBici_1">
                        <SimpleData name="ID">79859</SimpleData>
                        <SimpleData name="NOMBRE">APARCABICIS_3044</SimpleData>
                        <SimpleData name="DESCRIPCION">Plaza Enrique Navarro, N.º 5</SimpleData>
                        <SimpleData name="DIRECCION">PLAZA DE ENRIQUE NAVARRO, 4 </SimpleData>
                        <SimpleData name="TITULARIDAD">MUNICIPAL</SimpleData>
                        <SimpleData name="TARJETAJOVEN">No</SimpleData>
                        <SimpleData name="ACCESOPMR">No</SimpleData>
                        <SimpleData name="NROPLAZAS">3</SimpleData>
                        <SimpleData name="TOTALPLAZAS">2084</SimpleData>
                    </SchemaData>
                </ExtendedData>
                <Point>
                    <coordinates>-4.42880759051091,36.7164286671827</coordinates>
                </Point>
            </Placemark>
            <Placemark id="da_aparcamientosBici.fid--175d4967_1a00d9bb795_1695">
                <ExtendedData>
                    <SchemaData schemaUrl="#da_aparcamientosBici_1">
                        <SimpleData name="ID">65890</SimpleData>
                        <SimpleData name="NOMBRE">APARCABICIS_342</SimpleData>
                        <SimpleData name="DIRECCION">CALLE LA UNIÓN, 68 </SimpleData>
                        <SimpleData name="TITULARIDAD">MUNICIPAL</SimpleData>
                        <SimpleData name="TARJETAJOVEN">No</SimpleData>
                        <SimpleData name="ACCESOPMR">No</SimpleData>
                        <SimpleData name="NROPLAZAS">8</SimpleData>
                        <SimpleData name="TOTALPLAZAS">2084</SimpleData>
                    </SchemaData>
                </ExtendedData>
                <Point>
                    <coordinates>-4.44308280001875,36.70924383761326</coordinates>
                </Point>
            </Placemark>
            <Placemark id="da_aparcamientosBici.fid--175d4967_1a00d9bb795_1696">
                <ExtendedData>
                    <SchemaData schemaUrl="#da_aparcamientosBici_1">
                        <SimpleData name="ID">65956</SimpleData>
                        <SimpleData name="NOMBRE">APARCABICIS_137</SimpleData>
                        <SimpleData name="DESCRIPCION">I.E.S. Sata Bárbara</SimpleData>
                        <SimpleData name="DIRECCION">AVENIDA DE EUROPA, 153 </SimpleData>
                        <SimpleData name="TITULARIDAD">MUNICIPAL</SimpleData>
                        <SimpleData name="TARJETAJOVEN">No</SimpleData>
                        <SimpleData name="ACCESOPMR">No</SimpleData>
                        <SimpleData name="NROPLAZAS">8</SimpleData>
                        <SimpleData name="TOTALPLAZAS">2084</SimpleData>
                    </SchemaData>
                </ExtendedData>
                <Point>
                    <coordinates>-4.460663795490407,36.695547794345906</coordinates>
                </Point>
            </Placemark>
            <Placemark id="da_aparcamientosBici.fid--175d4967_1a00d9bb795_1697">
                <ExtendedData>
                    <SchemaData schemaUrl="#da_aparcamientosBici_1">
                        <SimpleData name="ID">65882</SimpleData>
                        <SimpleData name="NOMBRE">APARCABICIS_336</SimpleData>
                        <SimpleData name="DESCRIPCION">C/ CORREGIDOR NICOLAS ISIDRO - ESQ. ALMOGIA</SimpleData>
                        <SimpleData name="DIRECCION">CALLE CORREGIDOR NICOLÁS ISIDRO, 16 </SimpleData>
                        <SimpleData name="TITULARIDAD">MUNICIPAL</SimpleData>
                        <SimpleData name="TARJETAJOVEN">No</SimpleData>
                        <SimpleData name="ACCESOPMR">No</SimpleData>
                        <SimpleData name="NROPLAZAS">5</SimpleData>
                        <SimpleData name="TOTALPLAZAS">2084</SimpleData>
                    </SchemaData>
                </ExtendedData>
                <Point>
                    <coordinates>-4.4533998800190595,36.714914327620406</coordinates>
                </Point>
            </Placemark>
            <Placemark id="da_aparcamientosBici.fid--175d4967_1a00d9bb795_1698">
                <ExtendedData>
                    <SchemaData schemaUrl="#da_aparcamientosBici_1">
                        <SimpleData name="ID">65906</SimpleData>
                        <SimpleData name="NOMBRE">APARCABICIS_140</SimpleData>
                        <SimpleData name="DESCRIPCION">Esq. con Cl. Villanueva de Tapia.</SimpleData>
                        <SimpleData name="DIRECCION">CALLE VILLANUEVA DE ALGAIDAS, 14 </SimpleData>
                        <SimpleData name="TITULARIDAD">MUNICIPAL</SimpleData>
                        <SimpleData name="TARJETAJOVEN">No</SimpleData>
                        <SimpleData name="ACCESOPMR">No</SimpleData>
                        <SimpleData name="NROPLAZAS">10</SimpleData>
                        <SimpleData name="TOTALPLAZAS">2084</SimpleData>
                    </SchemaData>
                </ExtendedData>
                <Point>
                    <coordinates>-4.455305000019037,36.686394037584066</coordinates>
                </Point>
            </Placemark>
            <Placemark id="da_aparcamientosBici.fid--175d4967_1a00d9bb795_1699">
                <ExtendedData>
                    <SchemaData schemaUrl="#da_aparcamientosBici_1">
                        <SimpleData name="ID">65983</SimpleData>
                        <SimpleData name="NOMBRE">APARCABICIS_197</SimpleData>
                        <SimpleData name="DESCRIPCION">Esquina Plaza Francisco Silvela.</SimpleData>
                        <SimpleData name="DIRECCION">CALLE HURTADO DE MENDOZA, 19 </SimpleData>
                        <SimpleData name="TITULARIDAD">MUNICIPAL</SimpleData>
                        <SimpleData name="TARJETAJOVEN">No</SimpleData>
                        <SimpleData name="ACCESOPMR">No</SimpleData>
                        <SimpleData name="NROPLAZAS">6</SimpleData>
                        <SimpleData name="TOTALPLAZAS">2084</SimpleData>
                    </SchemaData>
                </ExtendedData>
                <Point>
                    <coordinates>-4.411973000017967,36.7281060376373</coordinates>
                </Point>
            </Placemark>
            <Placemark id="da_aparcamientosBici.fid--175d4967_1a00d9bb795_169a">
                <ExtendedData>
                    <SchemaData schemaUrl="#da_aparcamientosBici_1">
                        <SimpleData name="ID">65944</SimpleData>
                        <SimpleData name="NOMBRE">APARCABICIS_106</SimpleData>
                        <SimpleData name="DESCRIPCION">Esquina con c/ Obispo Ángel Herrera Oria</SimpleData>
                        <SimpleData name="DIRECCION">CALLE INGENIERO DE LA TORRE ACOSTA, 4 </SimpleData>
                        <SimpleData name="TITULARIDAD">MUNICIPAL</SimpleData>
                        <SimpleData name="TARJETAJOVEN">No</SimpleData>
                        <SimpleData name="ACCESOPMR">No</SimpleData>
                        <SimpleData name="NROPLAZAS">4</SimpleData>
                        <SimpleData name="TOTALPLAZAS">2084</SimpleData>
                    </SchemaData>
                </ExtendedData>
                <Point>
                    <coordinates>-4.437114000339058,36.71836715117691</coordinates>
                </Point>
            </Placemark>
            <Placemark id="da_aparcamientosBici.fid--175d4967_1a00d9bb795_169b">
                <ExtendedData>
                    <SchemaData schemaUrl="#da_aparcamientosBici_1">
                        <SimpleData name="ID">66013</SimpleData>
                        <SimpleData name="NOMBRE">APARCABICIS_170</SimpleData>
                        <SimpleData name="DESCRIPCION">Esquina Cl. Navarro Ledesma</SimpleData>
                        <SimpleData name="DIRECCION">CALLE ALICIA ALONSO, 2 </SimpleData>
                        <SimpleData name="TITULARIDAD">MUNICIPAL</SimpleData>
                        <SimpleData name="TARJETAJOVEN">No</SimpleData>
                        <SimpleData name="ACCESOPMR">No</SimpleData>
                        <SimpleData name="NROPLAZAS">6</SimpleData>
                        <SimpleData name="TOTALPLAZAS">2084</SimpleData>
                    </SchemaData>
                </ExtendedData>
                <Point>
                    <coordinates>-4.486795000020085,36.72272803763027</coordinates>
                </Point>
            </Placemark>
            <Placemark id="da_aparcamientosBici.fid--175d4967_1a00d9bb795_169c">
                <ExtendedData>
                    <SchemaData schemaUrl="#da_aparcamientosBici_1">
                        <SimpleData name="ID">65940</SimpleData>
                        <SimpleData name="NOMBRE">APARCABICIS_096</SimpleData>
                        <SimpleData name="DESCRIPCION">A la altura de la Plaza Aparejador Federico Bermudez</SimpleData>
                        <SimpleData name="DIRECCION">CALLE INGENIERO DE LA TORRE ACOSTA, 9 </SimpleData>
                        <SimpleData name="TITULARIDAD">MUNICIPAL</SimpleData>
                        <SimpleData name="TARJETAJOVEN">No</SimpleData>
                        <SimpleData name="ACCESOPMR">No</SimpleData>
                        <SimpleData name="NROPLAZAS">4</SimpleData>
                        <SimpleData name="TOTALPLAZAS">2084</SimpleData>
                    </SchemaData>
                </ExtendedData>
                <Point>
                    <coordinates>-4.439570903796766,36.72098152601971</coordinates>
                </Point>
            </Placemark>
            <Placemark id="da_aparcamientosBici.fid--175d4967_1a00d9bb795_169d">
                <ExtendedData>
                    <SchemaData schemaUrl="#da_aparcamientosBici_1">
                        <SimpleData name="ID">66120</SimpleData>
                        <SimpleData name="NOMBRE">APARCABICIS_322</SimpleData>
                        <SimpleData name="DESCRIPCION">Esq. Calle Cervantes con Plaza de la Malagueta</SimpleData>
                        <SimpleData name="DIRECCION">CALLE CERVANTES, 15 </SimpleData>
                        <SimpleData name="TITULARIDAD">MUNICIPAL</SimpleData>
                        <SimpleData name="TARJETAJOVEN">No</SimpleData>
                        <SimpleData name="ACCESOPMR">No</SimpleData>
                        <SimpleData name="NROPLAZAS">10</SimpleData>
                        <SimpleData name="TOTALPLAZAS">2084</SimpleData>
                    </SchemaData>
                </ExtendedData>
                <Point>
                    <coordinates>-4.410000000017894,36.71870003762538</coordinates>
                </Point>
            </Placemark>
            <Placemark id="da_aparcamientosBici.fid--175d4967_1a00d9bb795_169e">
                <ExtendedData>
                    <SchemaData schemaUrl="#da_aparcamientosBici_1">
                        <SimpleData name="ID">65984</SimpleData>
                        <SimpleData name="NOMBRE">APARCABICIS_198</SimpleData>
                        <SimpleData name="DESCRIPCION">Esquina Av. Manuel Agustín Heredia.</SimpleData>
                        <SimpleData name="DIRECCION">CALLE TOMÁS HEREDIA, 25 </SimpleData>
                        <SimpleData name="TITULARIDAD">MUNICIPAL</SimpleData>
                        <SimpleData name="TARJETAJOVEN">No</SimpleData>
                        <SimpleData name="ACCESOPMR">No</SimpleData>
                        <SimpleData name="NROPLAZAS">6</SimpleData>
                        <SimpleData name="TOTALPLAZAS">2084</SimpleData>
                    </SchemaData>
                </ExtendedData>
                <Point>
                    <coordinates>-4.422520880018212,36.71493585762052</coordinates>
                </Point>
            </Placemark>
            <Placemark id="da_aparcamientosBici.fid--175d4967_1a00d9bb795_169f">
                <ExtendedData>
                    <SchemaData schemaUrl="#da_aparcamientosBici_1">
                        <SimpleData name="ID">66002</SimpleData>
                        <SimpleData name="NOMBRE">APARCABICIS_169</SimpleData>
                        <SimpleData name="DESCRIPCION">Junto a Colegio Rafael Alberti.</SimpleData>
                        <SimpleData name="DIRECCION">CALLE DEL MARQUÉS DE MANTUA, 17 </SimpleData>
                        <SimpleData name="TITULARIDAD">MUNICIPAL</SimpleData>
                        <SimpleData name="TARJETAJOVEN">No</SimpleData>
                        <SimpleData name="ACCESOPMR">No</SimpleData>
                        <SimpleData name="NROPLAZAS">4</SimpleData>
                        <SimpleData name="TOTALPLAZAS">2084</SimpleData>
                    </SchemaData>
                </ExtendedData>
                <Point>
                    <coordinates>-4.415095000018112,36.75017903766538</coordinates>
                </Point>
            </Placemark>
            <Placemark id="da_aparcamientosBici.fid--175d4967_1a00d9bb795_16a0">
                <ExtendedData>
                    <SchemaData schemaUrl="#da_aparcamientosBici_1">
                        <SimpleData name="ID">74269</SimpleData>
                        <SimpleData name="NOMBRE">APARCABICIS_590</SimpleData>
                        <SimpleData name="DESCRIPCION">Calle Alonso Cano esquina con Arroyo de los Angeles</SimpleData>
                        <SimpleData name="DIRECCION">CALLE ALONSO CANO, 15 </SimpleData>
                        <SimpleData name="TITULARIDAD">MUNICIPAL</SimpleData>
                        <SimpleData name="TARJETAJOVEN">No</SimpleData>
                        <SimpleData name="ACCESOPMR">No</SimpleData>
                        <SimpleData name="NROPLAZAS">3</SimpleData>
                        <SimpleData name="TOTALPLAZAS">2084</SimpleData>
                    </SchemaData>
                </ExtendedData>
                <Point>
                    <coordinates>-4.429234077497017,36.72765513623721</coordinates>
                </Point>
            </Placemark>
            <Placemark id="da_aparcamientosBici.fid--175d4967_1a00d9bb795_16a1">
                <ExtendedData>
                    <SchemaData schemaUrl="#da_aparcamientosBici_1">
                        <SimpleData name="ID">66052</SimpleData>
                        <SimpleData name="NOMBRE">APARCABICIS_260</SimpleData>
                        <SimpleData name="DESCRIPCION">Esquina Av. Cervantes</SimpleData>
                        <SimpleData name="DIRECCION">AVENIDA DE CERVANTES, 2 </SimpleData>
                        <SimpleData name="TITULARIDAD">MUNICIPAL</SimpleData>
                        <SimpleData name="TARJETAJOVEN">No</SimpleData>
                        <SimpleData name="ACCESOPMR">No</SimpleData>
                        <SimpleData name="NROPLAZAS">8</SimpleData>
                        <SimpleData name="TOTALPLAZAS">2084</SimpleData>
                    </SchemaData>
                </ExtendedData>
                <Point>
                    <coordinates>-4.416167000018057,36.71975303762667</coordinates>
                </Point>
            </Placemark>
            <Placemark id="da_aparcamientosBici.fid--175d4967_1a00d9bb795_16a2">
                <ExtendedData>
                    <SchemaData schemaUrl="#da_aparcamientosBici_1">
                        <SimpleData name="ID">65979</SimpleData>
                        <SimpleData name="NOMBRE">APARCABICIS_191</SimpleData>
                        <SimpleData name="DESCRIPCION">Frente al Ayuntamiento.</SimpleData>
                        <SimpleData name="DIRECCION">AVENIDA DE CERVANTES, 4 </SimpleData>
                        <SimpleData name="TITULARIDAD">MUNICIPAL</SimpleData>
                        <SimpleData name="TARJETAJOVEN">No</SimpleData>
                        <SimpleData name="ACCESOPMR">No</SimpleData>
                        <SimpleData name="NROPLAZAS">8</SimpleData>
                        <SimpleData name="TOTALPLAZAS">2084</SimpleData>
                    </SchemaData>
                </ExtendedData>
                <Point>
                    <coordinates>-4.414844000018018,36.720041037627006</coordinates>
                </Point>
            </Placemark>
            <Placemark id="da_aparcamientosBici.fid--175d4967_1a00d9bb795_16a3">
                <ExtendedData>
                    <SchemaData schemaUrl="#da_aparcamientosBici_1">
                        <SimpleData name="ID">65990</SimpleData>
                        <SimpleData name="NOMBRE">APARCABICIS_210</SimpleData>
                        <SimpleData name="DESCRIPCION">Avenida de la Rosaleda.</SimpleData>
                        <SimpleData name="DIRECCION">AVENIDA DE LA ROSALEDA, 19 </SimpleData>
                        <SimpleData name="TITULARIDAD">MUNICIPAL</SimpleData>
                        <SimpleData name="TARJETAJOVEN">No</SimpleData>
                        <SimpleData name="ACCESOPMR">No</SimpleData>
                        <SimpleData name="NROPLAZAS">8</SimpleData>
                        <SimpleData name="TOTALPLAZAS">2084</SimpleData>
                    </SchemaData>
                </ExtendedData>
                <Point>
                    <coordinates>-4.42553300001832,36.724565037632814</coordinates>
                </Point>
            </Placemark>
            <Placemark id="da_aparcamientosBici.fid--175d4967_1a00d9bb795_16a4">
                <ExtendedData>
                    <SchemaData schemaUrl="#da_aparcamientosBici_1">
                        <SimpleData name="ID">65899</SimpleData>
                        <SimpleData name="NOMBRE">APARCABICIS_035</SimpleData>
                        <SimpleData name="DESCRIPCION">Paseo Marítimo frente a nº23</SimpleData>
                        <SimpleData name="DIRECCION">PASEO MARÍTIMO CIUDAD DE MELILLA, 23 </SimpleData>
                        <SimpleData name="TITULARIDAD">MUNICIPAL</SimpleData>
                        <SimpleData name="TARJETAJOVEN">No</SimpleData>
                        <SimpleData name="ACCESOPMR">No</SimpleData>
                        <SimpleData name="NROPLAZAS">6</SimpleData>
                        <SimpleData name="TOTALPLAZAS">2084</SimpleData>
                    </SchemaData>
                </ExtendedData>
                <Point>
                    <coordinates>-4.410763000017904,36.71773003762413</coordinates>
                </Point>
            </Placemark>
            <Placemark id="da_aparcamientosBici.fid--175d4967_1a00d9bb795_16a5">
                <ExtendedData>
                    <SchemaData schemaUrl="#da_aparcamientosBici_1">
                        <SimpleData name="ID">66067</SimpleData>
                        <SimpleData name="NOMBRE">APARCABICIS_274</SimpleData>
                        <SimpleData name="DESCRIPCION">A la altura del  número 11</SimpleData>
                        <SimpleData name="DIRECCION">CALLE DOCTOR GÁLVEZ MOLL, 11 </SimpleData>
                        <SimpleData name="TITULARIDAD">MUNICIPAL</SimpleData>
                        <SimpleData name="TARJETAJOVEN">No</SimpleData>
                        <SimpleData name="ACCESOPMR">No</SimpleData>
                        <SimpleData name="NROPLAZAS">6</SimpleData>
                        <SimpleData name="TOTALPLAZAS">2084</SimpleData>
                    </SchemaData>
                </ExtendedData>
                <Point>
                    <coordinates>-4.428037000018428,36.73928603765152</coordinates>
                </Point>
            </Placemark>
            <Placemark id="da_aparcamientosBici.fid--175d4967_1a00d9bb795_16a6">
                <ExtendedData>
                    <SchemaData schemaUrl="#da_aparcamientosBici_1">
                        <SimpleData name="ID">65991</SimpleData>
                        <SimpleData name="NOMBRE">APARCABICIS_222</SimpleData>
                        <SimpleData name="DESCRIPCION">Esquina c/ Mármoles.</SimpleData>
                        <SimpleData name="DIRECCION">CALLE PESO DE LA HARINA, 25 </SimpleData>
                        <SimpleData name="TITULARIDAD">MUNICIPAL</SimpleData>
                        <SimpleData name="TARJETAJOVEN">No</SimpleData>
                        <SimpleData name="ACCESOPMR">No</SimpleData>
                        <SimpleData name="NROPLAZAS">8</SimpleData>
                        <SimpleData name="TOTALPLAZAS">2084</SimpleData>
                    </SchemaData>
                </ExtendedData>
                <Point>
                    <coordinates>-4.430954000018454,36.72135903762867</coordinates>
                </Point>
            </Placemark>
            <Placemark id="da_aparcamientosBici.fid--175d4967_1a00d9bb795_16a7">
                <ExtendedData>
                    <SchemaData schemaUrl="#da_aparcamientosBici_1">
                        <SimpleData name="ID">66101</SimpleData>
                        <SimpleData name="NOMBRE">APARCABICIS_258</SimpleData>
                        <SimpleData name="DIRECCION">CALLE BOLIVIA, 63 </SimpleData>
                        <SimpleData name="TITULARIDAD">MUNICIPAL</SimpleData>
                        <SimpleData name="TARJETAJOVEN">No</SimpleData>
                        <SimpleData name="ACCESOPMR">No</SimpleData>
                        <SimpleData name="NROPLAZAS">8</SimpleData>
                        <SimpleData name="TOTALPLAZAS">2084</SimpleData>
                    </SchemaData>
                </ExtendedData>
                <Point>
                    <coordinates>-4.377829000017101,36.721639037629124</coordinates>
                </Point>
            </Placemark>
            <Placemark id="da_aparcamientosBici.fid--175d4967_1a00d9bb795_16a8">
                <ExtendedData>
                    <SchemaData schemaUrl="#da_aparcamientosBici_1">
                        <SimpleData name="ID">66014</SimpleData>
                        <SimpleData name="NOMBRE">APARCABICIS_235</SimpleData>
                        <SimpleData name="DESCRIPCION">Esquina con Cl. Barrera de la Trinidad.</SimpleData>
                        <SimpleData name="DIRECCION">PLAZA BAILÉN, 12 </SimpleData>
                        <SimpleData name="TITULARIDAD">MUNICIPAL</SimpleData>
                        <SimpleData name="TARJETAJOVEN">No</SimpleData>
                        <SimpleData name="ACCESOPMR">No</SimpleData>
                        <SimpleData name="NROPLAZAS">4</SimpleData>
                        <SimpleData name="TOTALPLAZAS">2084</SimpleData>
                    </SchemaData>
                </ExtendedData>
                <Point>
                    <coordinates>-4.43160500001848,36.724005037632026</coordinates>
                </Point>
            </Placemark>
            <Placemark id="da_aparcamientosBici.fid--175d4967_1a00d9bb795_16a9">
                <ExtendedData>
                    <SchemaData schemaUrl="#da_aparcamientosBici_1">
                        <SimpleData name="ID">65887</SimpleData>
                        <SimpleData name="NOMBRE">APARCABICIS_339</SimpleData>
                        <SimpleData name="DIRECCION">CALLE CARRETERÍA, 30 </SimpleData>
                        <SimpleData name="TITULARIDAD">MUNICIPAL</SimpleData>
                        <SimpleData name="TARJETAJOVEN">No</SimpleData>
                        <SimpleData name="ACCESOPMR">No</SimpleData>
                        <SimpleData name="NROPLAZAS">12</SimpleData>
                        <SimpleData name="TOTALPLAZAS">2084</SimpleData>
                    </SchemaData>
                </ExtendedData>
                <Point>
                    <coordinates>-4.424416780018279,36.722412877630035</coordinates>
                </Point>
            </Placemark>
            <Placemark id="da_aparcamientosBici.fid--175d4967_1a00d9bb795_16aa">
                <ExtendedData>
                    <SchemaData schemaUrl="#da_aparcamientosBici_1">
                        <SimpleData name="ID">65903</SimpleData>
                        <SimpleData name="NOMBRE">APARCABICIS_111</SimpleData>
                        <SimpleData name="DESCRIPCION">A la altura del Centro de Servicios Sociales</SimpleData>
                        <SimpleData name="DIRECCION">CALLE FERNÁNDEZ FERMINA, 7 </SimpleData>
                        <SimpleData name="TITULARIDAD">MUNICIPAL</SimpleData>
                        <SimpleData name="TARJETAJOVEN">No</SimpleData>
                        <SimpleData name="ACCESOPMR">No</SimpleData>
                        <SimpleData name="NROPLAZAS">4</SimpleData>
                        <SimpleData name="TOTALPLAZAS">2084</SimpleData>
                    </SchemaData>
                </ExtendedData>
                <Point>
                    <coordinates>-4.440922737140287,36.7135963816129</coordinates>
                </Point>
            </Placemark>
            <Placemark id="da_aparcamientosBici.fid--175d4967_1a00d9bb795_16ab">
                <ExtendedData>
                    <SchemaData schemaUrl="#da_aparcamientosBici_1">
                        <SimpleData name="ID">66031</SimpleData>
                        <SimpleData name="NOMBRE">APARCABICIS_236</SimpleData>
                        <SimpleData name="DIRECCION">CALLE COMPOSITOR LEHMBERG RUIZ, 21 </SimpleData>
                        <SimpleData name="TITULARIDAD">MUNICIPAL</SimpleData>
                        <SimpleData name="TARJETAJOVEN">No</SimpleData>
                        <SimpleData name="ACCESOPMR">No</SimpleData>
                        <SimpleData name="NROPLAZAS">8</SimpleData>
                        <SimpleData name="TOTALPLAZAS">2084</SimpleData>
                    </SchemaData>
                </ExtendedData>
                <Point>
                    <coordinates>-4.435150654045437,36.718474613496674</coordinates>
                </Point>
            </Placemark>
            <Placemark id="da_aparcamientosBici.fid--175d4967_1a00d9bb795_16ac">
                <ExtendedData>
                    <SchemaData schemaUrl="#da_aparcamientosBici_1">
                        <SimpleData name="ID">65909</SimpleData>
                        <SimpleData name="NOMBRE">APARCABICIS_114</SimpleData>
                        <SimpleData name="DESCRIPCION">Esquina con Av. José Ortega y Gasset</SimpleData>
                        <SimpleData name="DIRECCION">CALLE MAX ESTRELLA, 14 </SimpleData>
                        <SimpleData name="TITULARIDAD">MUNICIPAL</SimpleData>
                        <SimpleData name="TARJETAJOVEN">No</SimpleData>
                        <SimpleData name="ACCESOPMR">No</SimpleData>
                        <SimpleData name="NROPLAZAS">10</SimpleData>
                        <SimpleData name="TOTALPLAZAS">2084</SimpleData>
                    </SchemaData>
                </ExtendedData>
                <Point>
                    <coordinates>-4.464783668537449,36.70716861671212</coordinates>
                </Point>
            </Placemark>
            <Placemark id="da_aparcamientosBici.fid--175d4967_1a00d9bb795_16ad">
                <ExtendedData>
                    <SchemaData schemaUrl="#da_aparcamientosBici_1">
                        <SimpleData name="ID">66081</SimpleData>
                        <SimpleData name="NOMBRE">APARCABICIS_289</SimpleData>
                        <SimpleData name="DESCRIPCION">Esquina c/ Charles Dickens</SimpleData>
                        <SimpleData name="DIRECCION">CALLE DEL DOCTOR MIGUEL DÍAZ RECIO, 22 </SimpleData>
                        <SimpleData name="TITULARIDAD">MUNICIPAL</SimpleData>
                        <SimpleData name="TARJETAJOVEN">No</SimpleData>
                        <SimpleData name="ACCESOPMR">No</SimpleData>
                        <SimpleData name="NROPLAZAS">6</SimpleData>
                        <SimpleData name="TOTALPLAZAS">2084</SimpleData>
                    </SchemaData>
                </ExtendedData>
                <Point>
                    <coordinates>-4.465126000019433,36.7235170376313</coordinates>
                </Point>
            </Placemark>
            <Placemark id="da_aparcamientosBici.fid--175d4967_1a00d9bb795_16ae">
                <ExtendedData>
                    <SchemaData schemaUrl="#da_aparcamientosBici_1">
                        <SimpleData name="ID">66028</SimpleData>
                        <SimpleData name="NOMBRE">APARCABICIS_224</SimpleData>
                        <SimpleData name="DESCRIPCION">Frente a Biblioteca</SimpleData>
                        <SimpleData name="DIRECCION">CALLE MARTÍNEZ MALDONADO, 71 </SimpleData>
                        <SimpleData name="TITULARIDAD">MUNICIPAL</SimpleData>
                        <SimpleData name="TARJETAJOVEN">No</SimpleData>
                        <SimpleData name="ACCESOPMR">No</SimpleData>
                        <SimpleData name="NROPLAZAS">4</SimpleData>
                        <SimpleData name="TOTALPLAZAS">2084</SimpleData>
                    </SchemaData>
                </ExtendedData>
                <Point>
                    <coordinates>-4.438559000018667,36.72141003762871</coordinates>
                </Point>
            </Placemark>
            <Placemark id="da_aparcamientosBici.fid--175d4967_1a00d9bb795_16af">
                <ExtendedData>
                    <SchemaData schemaUrl="#da_aparcamientosBici_1">
                        <SimpleData name="ID">66114</SimpleData>
                        <SimpleData name="NOMBRE">APARCABICIS_290</SimpleData>
                        <SimpleData name="DESCRIPCION">Esq. con Cl. Corregidor Horacio Coppola</SimpleData>
                        <SimpleData name="DIRECCION">CALLE MANUEL RIVADENEYRA, 8 </SimpleData>
                        <SimpleData name="TITULARIDAD">MUNICIPAL</SimpleData>
                        <SimpleData name="TARJETAJOVEN">No</SimpleData>
                        <SimpleData name="ACCESOPMR">No</SimpleData>
                        <SimpleData name="NROPLAZAS">8</SimpleData>
                        <SimpleData name="TOTALPLAZAS">2084</SimpleData>
                    </SchemaData>
                </ExtendedData>
                <Point>
                    <coordinates>-4.468084000019522,36.72542403763372</coordinates>
                </Point>
            </Placemark>
            <Placemark id="da_aparcamientosBici.fid--175d4967_1a00d9bb795_16b0">
                <ExtendedData>
                    <SchemaData schemaUrl="#da_aparcamientosBici_1">
                        <SimpleData name="ID">65908</SimpleData>
                        <SimpleData name="NOMBRE">APARCABICIS_159</SimpleData>
                        <SimpleData name="DESCRIPCION">Esquina con Cl. Monseñor Carrillo Rubio</SimpleData>
                        <SimpleData name="DIRECCION">CALLE MARTÍNEZ MALDONADO, 63 </SimpleData>
                        <SimpleData name="TITULARIDAD">MUNICIPAL</SimpleData>
                        <SimpleData name="TARJETAJOVEN">No</SimpleData>
                        <SimpleData name="ACCESOPMR">No</SimpleData>
                        <SimpleData name="NROPLAZAS">4</SimpleData>
                        <SimpleData name="TOTALPLAZAS">2084</SimpleData>
                    </SchemaData>
                </ExtendedData>
                <Point>
                    <coordinates>-4.437028169650586,36.72132551608518</coordinates>
                </Point>
            </Placemark>
            <Placemark id="da_aparcamientosBici.fid--175d4967_1a00d9bb795_16b1">
                <ExtendedData>
                    <SchemaData schemaUrl="#da_aparcamientosBici_1">
                        <SimpleData name="ID">66029</SimpleData>
                        <SimpleData name="NOMBRE">APARCABICIS_225</SimpleData>
                        <SimpleData name="DESCRIPCION">Esq. con Cl. Santa Elena</SimpleData>
                        <SimpleData name="DIRECCION">CALLE MARTÍNEZ MALDONADO, 49 </SimpleData>
                        <SimpleData name="TITULARIDAD">MUNICIPAL</SimpleData>
                        <SimpleData name="TARJETAJOVEN">No</SimpleData>
                        <SimpleData name="ACCESOPMR">No</SimpleData>
                        <SimpleData name="NROPLAZAS">8</SimpleData>
                        <SimpleData name="TOTALPLAZAS">2084</SimpleData>
                    </SchemaData>
                </ExtendedData>
                <Point>
                    <coordinates>-4.43549300001858,36.72142103762872</coordinates>
                </Point>
            </Placemark>
            <Placemark id="da_aparcamientosBici.fid--175d4967_1a00d9bb795_16b2">
                <ExtendedData>
                    <SchemaData schemaUrl="#da_aparcamientosBici_1">
                        <SimpleData name="ID">65913</SimpleData>
                        <SimpleData name="NOMBRE">APARCABICIS_009</SimpleData>
                        <SimpleData name="DESCRIPCION">Esquina con Plaza Religiosa Filipense Dolores Márquez</SimpleData>
                        <SimpleData name="DIRECCION">CALLE CERROJO, 1 </SimpleData>
                        <SimpleData name="TITULARIDAD">MUNICIPAL</SimpleData>
                        <SimpleData name="TARJETAJOVEN">No</SimpleData>
                        <SimpleData name="ACCESOPMR">No</SimpleData>
                        <SimpleData name="NROPLAZAS">10</SimpleData>
                        <SimpleData name="TOTALPLAZAS">2084</SimpleData>
                    </SchemaData>
                </ExtendedData>
                <Point>
                    <coordinates>-4.426427000018324,36.71998603762696</coordinates>
                </Point>
            </Placemark>
            <Placemark id="da_aparcamientosBici.fid--175d4967_1a00d9bb795_16b3">
                <ExtendedData>
                    <SchemaData schemaUrl="#da_aparcamientosBici_1">
                        <SimpleData name="ID">65957</SimpleData>
                        <SimpleData name="NOMBRE">APARCABICIS_138</SimpleData>
                        <SimpleData name="DESCRIPCION">Frente a Cl. Concha Lagos</SimpleData>
                        <SimpleData name="DIRECCION">CALLE CONCHA LAGOS, 2 </SimpleData>
                        <SimpleData name="TITULARIDAD">MUNICIPAL</SimpleData>
                        <SimpleData name="TARJETAJOVEN">No</SimpleData>
                        <SimpleData name="ACCESOPMR">No</SimpleData>
                        <SimpleData name="NROPLAZAS">12</SimpleData>
                        <SimpleData name="TOTALPLAZAS">2084</SimpleData>
                    </SchemaData>
                </ExtendedData>
                <Point>
                    <coordinates>-4.4545269012641295,36.68377851270053</coordinates>
                </Point>
            </Placemark>
            <Placemark id="da_aparcamientosBici.fid--175d4967_1a00d9bb795_16b4">
                <ExtendedData>
                    <SchemaData schemaUrl="#da_aparcamientosBici_1">
                        <SimpleData name="ID">66072</SimpleData>
                        <SimpleData name="NOMBRE">APARCABICIS_286</SimpleData>
                        <SimpleData name="DESCRIPCION">Esquina con Cl. Ruiseñores</SimpleData>
                        <SimpleData name="DIRECCION">CALLE RUISEÑORES, 19 </SimpleData>
                        <SimpleData name="TITULARIDAD">MUNICIPAL</SimpleData>
                        <SimpleData name="TARJETAJOVEN">No</SimpleData>
                        <SimpleData name="ACCESOPMR">No</SimpleData>
                        <SimpleData name="NROPLAZAS">6</SimpleData>
                        <SimpleData name="TOTALPLAZAS">2084</SimpleData>
                    </SchemaData>
                </ExtendedData>
                <Point>
                    <coordinates>-4.483426000020009,36.73337403764384</coordinates>
                </Point>
            </Placemark>
            <Placemark id="da_aparcamientosBici.fid--175d4967_1a00d9bb795_16b5">
                <ExtendedData>
                    <SchemaData schemaUrl="#da_aparcamientosBici_1">
                        <SimpleData name="ID">66030</SimpleData>
                        <SimpleData name="NOMBRE">APARCABICIS_226</SimpleData>
                        <SimpleData name="DESCRIPCION">Esq. con Cl. Luis Braille</SimpleData>
                        <SimpleData name="DIRECCION">CALLE MARTÍNEZ MALDONADO, 43 </SimpleData>
                        <SimpleData name="TITULARIDAD">MUNICIPAL</SimpleData>
                        <SimpleData name="TARJETAJOVEN">No</SimpleData>
                        <SimpleData name="ACCESOPMR">No</SimpleData>
                        <SimpleData name="NROPLAZAS">4</SimpleData>
                        <SimpleData name="TOTALPLAZAS">2084</SimpleData>
                    </SchemaData>
                </ExtendedData>
                <Point>
                    <coordinates>-4.435000000018562,36.721411037628734</coordinates>
                </Point>
            </Placemark>
            <Placemark id="da_aparcamientosBici.fid--175d4967_1a00d9bb795_16b6">
                <ExtendedData>
                    <SchemaData schemaUrl="#da_aparcamientosBici_1">
                        <SimpleData name="ID">65982</SimpleData>
                        <SimpleData name="NOMBRE">APARCABICIS_196</SimpleData>
                        <SimpleData name="DESCRIPCION">Esquina Cl. Álamos.</SimpleData>
                        <SimpleData name="DIRECCION">CALLE ÁLAMOS, 30 </SimpleData>
                        <SimpleData name="TITULARIDAD">MUNICIPAL</SimpleData>
                        <SimpleData name="TARJETAJOVEN">No</SimpleData>
                        <SimpleData name="ACCESOPMR">No</SimpleData>
                        <SimpleData name="NROPLAZAS">8</SimpleData>
                        <SimpleData name="TOTALPLAZAS">2084</SimpleData>
                    </SchemaData>
                </ExtendedData>
                <Point>
                    <coordinates>-4.4189630000181435,36.72340403763131</coordinates>
                </Point>
            </Placemark>
            <Placemark id="da_aparcamientosBici.fid--175d4967_1a00d9bb795_16b7">
                <ExtendedData>
                    <SchemaData schemaUrl="#da_aparcamientosBici_1">
                        <SimpleData name="ID">65980</SimpleData>
                        <SimpleData name="NOMBRE">APARCABICIS_192</SimpleData>
                        <SimpleData name="DESCRIPCION">Esquina con Alameda Principal.</SimpleData>
                        <SimpleData name="DIRECCION">CALLE TOMÁS HEREDIA, 2 </SimpleData>
                        <SimpleData name="TITULARIDAD">MUNICIPAL</SimpleData>
                        <SimpleData name="TARJETAJOVEN">No</SimpleData>
                        <SimpleData name="ACCESOPMR">No</SimpleData>
                        <SimpleData name="NROPLAZAS">8</SimpleData>
                        <SimpleData name="TOTALPLAZAS">2084</SimpleData>
                    </SchemaData>
                </ExtendedData>
                <Point>
                    <coordinates>-4.423492000018248,36.71696103762309</coordinates>
                </Point>
            </Placemark>
            <Placemark id="da_aparcamientosBici.fid--175d4967_1a00d9bb795_16b8">
                <ExtendedData>
                    <SchemaData schemaUrl="#da_aparcamientosBici_1">
                        <SimpleData name="ID">65896</SimpleData>
                        <SimpleData name="NOMBRE">APARCABICIS_139</SimpleData>
                        <SimpleData name="DESCRIPCION">Esquina con c/ La Crónica</SimpleData>
                        <SimpleData name="DIRECCION">CALLE NUESTRA SEÑORA DE LAS CANDELAS, 13 </SimpleData>
                        <SimpleData name="TITULARIDAD">MUNICIPAL</SimpleData>
                        <SimpleData name="TARJETAJOVEN">No</SimpleData>
                        <SimpleData name="ACCESOPMR">No</SimpleData>
                        <SimpleData name="NROPLAZAS">8</SimpleData>
                        <SimpleData name="TOTALPLAZAS">2084</SimpleData>
                    </SchemaData>
                </ExtendedData>
                <Point>
                    <coordinates>-4.450106620807469,36.6874006837944</coordinates>
                </Point>
            </Placemark>
            <Placemark id="da_aparcamientosBici.fid--175d4967_1a00d9bb795_16b9">
                <ExtendedData>
                    <SchemaData schemaUrl="#da_aparcamientosBici_1">
                        <SimpleData name="ID">66106</SimpleData>
                        <SimpleData name="NOMBRE">APARCABICIS_243</SimpleData>
                        <SimpleData name="DESCRIPCION">A la altura del Instituto Nacional de la S.S.</SimpleData>
                        <SimpleData name="DIRECCION">CALLE HUÉSCAR, 12 </SimpleData>
                        <SimpleData name="TITULARIDAD">MUNICIPAL</SimpleData>
                        <SimpleData name="TARJETAJOVEN">No</SimpleData>
                        <SimpleData name="ACCESOPMR">No</SimpleData>
                        <SimpleData name="NROPLAZAS">8</SimpleData>
                        <SimpleData name="TOTALPLAZAS">2084</SimpleData>
                    </SchemaData>
                </ExtendedData>
                <Point>
                    <coordinates>-4.432875000018495,36.718511037625035</coordinates>
                </Point>
            </Placemark>
            <Placemark id="da_aparcamientosBici.fid--175d4967_1a00d9bb795_16ba">
                <ExtendedData>
                    <SchemaData schemaUrl="#da_aparcamientosBici_1">
                        <SimpleData name="ID">65888</SimpleData>
                        <SimpleData name="NOMBRE">APARCABICIS_340</SimpleData>
                        <SimpleData name="DIRECCION">CALLE CARRETERÍA, 68 </SimpleData>
                        <SimpleData name="HORARIOS">12</SimpleData>
                        <SimpleData name="TITULARIDAD">MUNICIPAL</SimpleData>
                        <SimpleData name="TARJETAJOVEN">No</SimpleData>
                        <SimpleData name="ACCESOPMR">No</SimpleData>
                        <SimpleData name="NROPLAZAS">12</SimpleData>
                        <SimpleData name="TOTALPLAZAS">2084</SimpleData>
                    </SchemaData>
                </ExtendedData>
                <Point>
                    <coordinates>-4.42267125001824,36.72369572763168</coordinates>
                </Point>
            </Placemark>
            <Placemark id="da_aparcamientosBici.fid--175d4967_1a00d9bb795_16bb">
                <ExtendedData>
                    <SchemaData schemaUrl="#da_aparcamientosBici_1">
                        <SimpleData name="ID">66027</SimpleData>
                        <SimpleData name="NOMBRE">APARCABICIS_218</SimpleData>
                        <SimpleData name="DESCRIPCION">Esq. con Cl. Horacio Lengo</SimpleData>
                        <SimpleData name="DIRECCION">AVENIDA DE LA AURORA, 65 </SimpleData>
                        <SimpleData name="TITULARIDAD">MUNICIPAL</SimpleData>
                        <SimpleData name="TARJETAJOVEN">No</SimpleData>
                        <SimpleData name="ACCESOPMR">No</SimpleData>
                        <SimpleData name="NROPLAZAS">10</SimpleData>
                        <SimpleData name="TOTALPLAZAS">2084</SimpleData>
                    </SchemaData>
                </ExtendedData>
                <Point>
                    <coordinates>-4.439794000018686,36.715067037620656</coordinates>
                </Point>
            </Placemark>
            <Placemark id="da_aparcamientosBici.fid--175d4967_1a00d9bb795_16bc">
                <ExtendedData>
                    <SchemaData schemaUrl="#da_aparcamientosBici_1">
                        <SimpleData name="ID">65884</SimpleData>
                        <SimpleData name="NOMBRE">APARCABICIS_334</SimpleData>
                        <SimpleData name="DIRECCION">CALLE MAESTRO TOMÁS BRETÓN, 31 </SimpleData>
                        <SimpleData name="TITULARIDAD">MUNICIPAL</SimpleData>
                        <SimpleData name="TARJETAJOVEN">No</SimpleData>
                        <SimpleData name="ACCESOPMR">No</SimpleData>
                        <SimpleData name="NROPLAZAS">10</SimpleData>
                        <SimpleData name="TOTALPLAZAS">2084</SimpleData>
                    </SchemaData>
                </ExtendedData>
                <Point>
                    <coordinates>-4.5033107200204405,36.6619229675527</coordinates>
                </Point>
            </Placemark>
            <Placemark id="da_aparcamientosBici.fid--175d4967_1a00d9bb795_16bd">
                <ExtendedData>
                    <SchemaData schemaUrl="#da_aparcamientosBici_1">
                        <SimpleData name="ID">66047</SimpleData>
                        <SimpleData name="NOMBRE">APARCABICIS_250</SimpleData>
                        <SimpleData name="DIRECCION">PLAZA ENRIQUE GARCÍA-HERRERA, 7 </SimpleData>
                        <SimpleData name="TITULARIDAD">MUNICIPAL</SimpleData>
                        <SimpleData name="TARJETAJOVEN">No</SimpleData>
                        <SimpleData name="ACCESOPMR">No</SimpleData>
                        <SimpleData name="NROPLAZAS">10</SimpleData>
                        <SimpleData name="TOTALPLAZAS">2084</SimpleData>
                    </SchemaData>
                </ExtendedData>
                <Point>
                    <coordinates>-4.4241980000182695,36.72003503762697</coordinates>
                </Point>
            </Placemark>
            <Placemark id="da_aparcamientosBici.fid--175d4967_1a00d9bb795_16be">
                <ExtendedData>
                    <SchemaData schemaUrl="#da_aparcamientosBici_1">
                        <SimpleData name="ID">66046</SimpleData>
                        <SimpleData name="NOMBRE">APARCABICIS_249</SimpleData>
                        <SimpleData name="DIRECCION">PLAZA ENRIQUE GARCÍA-HERRERA, 13 </SimpleData>
                        <SimpleData name="TITULARIDAD">MUNICIPAL</SimpleData>
                        <SimpleData name="TARJETAJOVEN">No</SimpleData>
                        <SimpleData name="ACCESOPMR">No</SimpleData>
                        <SimpleData name="NROPLAZAS">10</SimpleData>
                        <SimpleData name="TOTALPLAZAS">2084</SimpleData>
                    </SchemaData>
                </ExtendedData>
                <Point>
                    <coordinates>-4.42443500001827,36.71951603762638</coordinates>
                </Point>
            </Placemark>
            <Placemark id="da_aparcamientosBici.fid--175d4967_1a00d9bb795_16bf">
                <ExtendedData>
                    <SchemaData schemaUrl="#da_aparcamientosBici_1">
                        <SimpleData name="ID">66045</SimpleData>
                        <SimpleData name="NOMBRE">APARCABICIS_251</SimpleData>
                        <SimpleData name="DIRECCION">PLAZA ENRIQUE GARCÍA-HERRERA, 16 </SimpleData>
                        <SimpleData name="TITULARIDAD">MUNICIPAL</SimpleData>
                        <SimpleData name="TARJETAJOVEN">No</SimpleData>
                        <SimpleData name="ACCESOPMR">No</SimpleData>
                        <SimpleData name="NROPLAZAS">10</SimpleData>
                        <SimpleData name="TOTALPLAZAS">2084</SimpleData>
                    </SchemaData>
                </ExtendedData>
                <Point>
                    <coordinates>-4.424826000018283,36.71951803762638</coordinates>
                </Point>
            </Placemark>
            <Placemark id="da_aparcamientosBici.fid--175d4967_1a00d9bb795_16c0">
                <ExtendedData>
                    <SchemaData schemaUrl="#da_aparcamientosBici_1">
                        <SimpleData name="ID">65977</SimpleData>
                        <SimpleData name="NOMBRE">APARCABICIS_162</SimpleData>
                        <SimpleData name="DESCRIPCION">Esquina Av. Gregorio Prieto. (Estación de metro Ciudad de la Justicia)</SimpleData>
                        <SimpleData name="DIRECCION">BULEVAR LOUIS PASTEUR, 15 </SimpleData>
                        <SimpleData name="TITULARIDAD">MUNICIPAL</SimpleData>
                        <SimpleData name="TARJETAJOVEN">No</SimpleData>
                        <SimpleData name="ACCESOPMR">No</SimpleData>
                        <SimpleData name="NROPLAZAS">4</SimpleData>
                        <SimpleData name="TOTALPLAZAS">2084</SimpleData>
                    </SchemaData>
                </ExtendedData>
                <Point>
                    <coordinates>-4.464547634144158,36.717868345868816</coordinates>
                </Point>
            </Placemark>
            <Placemark id="da_aparcamientosBici.fid--175d4967_1a00d9bb795_16c1">
                <ExtendedData>
                    <SchemaData schemaUrl="#da_aparcamientosBici_1">
                        <SimpleData name="ID">66025</SimpleData>
                        <SimpleData name="NOMBRE">APARCABICIS_179</SimpleData>
                        <SimpleData name="DESCRIPCION">Junto al colegio</SimpleData>
                        <SimpleData name="DIRECCION">AVENIDA DE LA AURORA, 77 </SimpleData>
                        <SimpleData name="TITULARIDAD">MUNICIPAL</SimpleData>
                        <SimpleData name="TARJETAJOVEN">No</SimpleData>
                        <SimpleData name="ACCESOPMR">No</SimpleData>
                        <SimpleData name="NROPLAZAS">10</SimpleData>
                        <SimpleData name="TOTALPLAZAS">2084</SimpleData>
                    </SchemaData>
                </ExtendedData>
                <Point>
                    <coordinates>-4.441189000018721,36.71481703762029</coordinates>
                </Point>
            </Placemark>
            <Placemark id="da_aparcamientosBici.fid--175d4967_1a00d9bb795_16c2">
                <ExtendedData>
                    <SchemaData schemaUrl="#da_aparcamientosBici_1">
                        <SimpleData name="ID">66089</SimpleData>
                        <SimpleData name="NOMBRE">APARCABICIS_299</SimpleData>
                        <SimpleData name="DESCRIPCION">A la altura del Colegio Julio Caro Baroja</SimpleData>
                        <SimpleData name="DIRECCION">CALLE CONDE LUCANOR, 13 </SimpleData>
                        <SimpleData name="TITULARIDAD">MUNICIPAL</SimpleData>
                        <SimpleData name="TARJETAJOVEN">No</SimpleData>
                        <SimpleData name="ACCESOPMR">No</SimpleData>
                        <SimpleData name="NROPLAZAS">10</SimpleData>
                        <SimpleData name="TOTALPLAZAS">2084</SimpleData>
                    </SchemaData>
                </ExtendedData>
                <Point>
                    <coordinates>-4.4615380000191704,36.66939903756233</coordinates>
                </Point>
            </Placemark>
            <Placemark id="da_aparcamientosBici.fid--175d4967_1a00d9bb795_16c3">
                <ExtendedData>
                    <SchemaData schemaUrl="#da_aparcamientosBici_1">
                        <SimpleData name="ID">66075</SimpleData>
                        <SimpleData name="NOMBRE">APARCABICIS_285</SimpleData>
                        <SimpleData name="DESCRIPCION">Esquina calle Platino</SimpleData>
                        <SimpleData name="DIRECCION">CALLE ESCRITORA MATILDE DEL NIDO, 2 </SimpleData>
                        <SimpleData name="TITULARIDAD">MUNICIPAL</SimpleData>
                        <SimpleData name="TARJETAJOVEN">No</SimpleData>
                        <SimpleData name="ACCESOPMR">No</SimpleData>
                        <SimpleData name="NROPLAZAS">8</SimpleData>
                        <SimpleData name="TOTALPLAZAS">2084</SimpleData>
                    </SchemaData>
                </ExtendedData>
                <Point>
                    <coordinates>-4.482346000019994,36.73821603764995</coordinates>
                </Point>
            </Placemark>
            <Placemark id="da_aparcamientosBici.fid--175d4967_1a00d9bb795_16c4">
                <ExtendedData>
                    <SchemaData schemaUrl="#da_aparcamientosBici_1">
                        <SimpleData name="ID">65904</SimpleData>
                        <SimpleData name="NOMBRE">APARCABICIS_144</SimpleData>
                        <SimpleData name="DESCRIPCION">Esquina con Cl. Acacias de Guadalmar</SimpleData>
                        <SimpleData name="DIRECCION">CALLE ACACIAS DE GUADALMAR, 2 </SimpleData>
                        <SimpleData name="TITULARIDAD">MUNICIPAL</SimpleData>
                        <SimpleData name="TARJETAJOVEN">No</SimpleData>
                        <SimpleData name="ACCESOPMR">No</SimpleData>
                        <SimpleData name="NROPLAZAS">8</SimpleData>
                        <SimpleData name="TOTALPLAZAS">2084</SimpleData>
                    </SchemaData>
                </ExtendedData>
                <Point>
                    <coordinates>-4.4564259052466655,36.66398691795782</coordinates>
                </Point>
            </Placemark>
            <Placemark id="da_aparcamientosBici.fid--175d4967_1a00d9bb795_16c5">
                <ExtendedData>
                    <SchemaData schemaUrl="#da_aparcamientosBici_1">
                        <SimpleData name="ID">66073</SimpleData>
                        <SimpleData name="NOMBRE">APARCABICIS_283</SimpleData>
                        <SimpleData name="DESCRIPCION">A la altura de la biblioteca Serafín Estebanez Calderón</SimpleData>
                        <SimpleData name="DIRECCION">CALLE PILAR, 1 </SimpleData>
                        <SimpleData name="TITULARIDAD">MUNICIPAL</SimpleData>
                        <SimpleData name="TARJETAJOVEN">No</SimpleData>
                        <SimpleData name="ACCESOPMR">No</SimpleData>
                        <SimpleData name="NROPLAZAS">6</SimpleData>
                        <SimpleData name="TOTALPLAZAS">2084</SimpleData>
                    </SchemaData>
                </ExtendedData>
                <Point>
                    <coordinates>-4.567985000022945,36.73226203764211</coordinates>
                </Point>
            </Placemark>
            <Placemark id="da_aparcamientosBici.fid--175d4967_1a00d9bb795_16c6">
                <ExtendedData>
                    <SchemaData schemaUrl="#da_aparcamientosBici_1">
                        <SimpleData name="ID">66039</SimpleData>
                        <SimpleData name="NOMBRE">APARCABICIS_189</SimpleData>
                        <SimpleData name="DESCRIPCION">Junta de Distrito</SimpleData>
                        <SimpleData name="DIRECCION">CALLE IGNACIO SÁNCHEZ MEJÍAS, 6 </SimpleData>
                        <SimpleData name="TITULARIDAD">MUNICIPAL</SimpleData>
                        <SimpleData name="TARJETAJOVEN">No</SimpleData>
                        <SimpleData name="ACCESOPMR">No</SimpleData>
                        <SimpleData name="NROPLAZAS">10</SimpleData>
                        <SimpleData name="TOTALPLAZAS">2084</SimpleData>
                    </SchemaData>
                </ExtendedData>
                <Point>
                    <coordinates>-4.545418000022081,36.727817037636605</coordinates>
                </Point>
            </Placemark>
            <Placemark id="da_aparcamientosBici.fid--175d4967_1a00d9bb795_16c7">
                <ExtendedData>
                    <SchemaData schemaUrl="#da_aparcamientosBici_1">
                        <SimpleData name="ID">66121</SimpleData>
                        <SimpleData name="NOMBRE">APARCABICIS_323</SimpleData>
                        <SimpleData name="DESCRIPCION">Esq. Cl. Viñas del Mar</SimpleData>
                        <SimpleData name="DIRECCION">AVENIDA DE GREGORIO DIEGO, 5 </SimpleData>
                        <SimpleData name="TITULARIDAD">MUNICIPAL</SimpleData>
                        <SimpleData name="TARJETAJOVEN">No</SimpleData>
                        <SimpleData name="ACCESOPMR">No</SimpleData>
                        <SimpleData name="NROPLAZAS">4</SimpleData>
                        <SimpleData name="TOTALPLAZAS">2084</SimpleData>
                    </SchemaData>
                </ExtendedData>
                <Point>
                    <coordinates>-4.4545400800190365,36.69165317759074</coordinates>
                </Point>
            </Placemark>
            <Placemark id="da_aparcamientosBici.fid--175d4967_1a00d9bb795_16c8">
                <ExtendedData>
                    <SchemaData schemaUrl="#da_aparcamientosBici_1">
                        <SimpleData name="ID">66077</SimpleData>
                        <SimpleData name="NOMBRE">APARCABICIS_279</SimpleData>
                        <SimpleData name="DIRECCION">AVENIDA DE SOR TERESA PRAT, 84 </SimpleData>
                        <SimpleData name="TITULARIDAD">MUNICIPAL</SimpleData>
                        <SimpleData name="TARJETAJOVEN">No</SimpleData>
                        <SimpleData name="ACCESOPMR">No</SimpleData>
                        <SimpleData name="NROPLAZAS">6</SimpleData>
                        <SimpleData name="TOTALPLAZAS">2084</SimpleData>
                    </SchemaData>
                </ExtendedData>
                <Point>
                    <coordinates>-4.445262000018767,36.690481037589336</coordinates>
                </Point>
            </Placemark>
            <Placemark id="da_aparcamientosBici.fid--175d4967_1a00d9bb795_16c9">
                <ExtendedData>
                    <SchemaData schemaUrl="#da_aparcamientosBici_1">
                        <SimpleData name="ID">65941</SimpleData>
                        <SimpleData name="NOMBRE">APARCABICIS_101</SimpleData>
                        <SimpleData name="DESCRIPCION">Esquina con Cl. Manuel España Lobo</SimpleData>
                        <SimpleData name="DIRECCION">CALLE MANUEL ESPAÑA LOBO, 1 </SimpleData>
                        <SimpleData name="TITULARIDAD">MUNICIPAL</SimpleData>
                        <SimpleData name="TARJETAJOVEN">No</SimpleData>
                        <SimpleData name="ACCESOPMR">No</SimpleData>
                        <SimpleData name="NROPLAZAS">8</SimpleData>
                        <SimpleData name="TOTALPLAZAS">2084</SimpleData>
                    </SchemaData>
                </ExtendedData>
                <Point>
                    <coordinates>-4.437650442142032,36.71719323352624</coordinates>
                </Point>
            </Placemark>
            <Placemark id="da_aparcamientosBici.fid--175d4967_1a00d9bb795_16ca">
                <ExtendedData>
                    <SchemaData schemaUrl="#da_aparcamientosBici_1">
                        <SimpleData name="ID">66113</SimpleData>
                        <SimpleData name="NOMBRE">APARCABICIS_311</SimpleData>
                        <SimpleData name="DESCRIPCION">Junto al Colegio Los Guindos</SimpleData>
                        <SimpleData name="DIRECCION">AVENIDA DE GREGORIO DIEGO, 41 </SimpleData>
                        <SimpleData name="TITULARIDAD">MUNICIPAL</SimpleData>
                        <SimpleData name="TARJETAJOVEN">No</SimpleData>
                        <SimpleData name="ACCESOPMR">No</SimpleData>
                        <SimpleData name="NROPLAZAS">8</SimpleData>
                        <SimpleData name="TOTALPLAZAS">2084</SimpleData>
                    </SchemaData>
                </ExtendedData>
                <Point>
                    <coordinates>-4.449998000018898,36.689079037587504</coordinates>
                </Point>
            </Placemark>
            <Placemark id="da_aparcamientosBici.fid--175d4967_1a00d9bb795_16cb">
                <ExtendedData>
                    <SchemaData schemaUrl="#da_aparcamientosBici_1">
                        <SimpleData name="ID">66117</SimpleData>
                        <SimpleData name="NOMBRE">APARCABICIS_319</SimpleData>
                        <SimpleData name="DESCRIPCION">Esq. CMNO de lo Guindos</SimpleData>
                        <SimpleData name="DIRECCION">CALLE REALENGA DE SAN LUIS, 13 </SimpleData>
                        <SimpleData name="TITULARIDAD">MUNICIPAL</SimpleData>
                        <SimpleData name="TARJETAJOVEN">No</SimpleData>
                        <SimpleData name="ACCESOPMR">No</SimpleData>
                        <SimpleData name="NROPLAZAS">8</SimpleData>
                        <SimpleData name="TOTALPLAZAS">2084</SimpleData>
                    </SchemaData>
                </ExtendedData>
                <Point>
                    <coordinates>-4.449040000018885,36.69345003759308</coordinates>
                </Point>
            </Placemark>
            <Placemark id="da_aparcamientosBici.fid--175d4967_1a00d9bb795_16cc">
                <ExtendedData>
                    <SchemaData schemaUrl="#da_aparcamientosBici_1">
                        <SimpleData name="ID">65938</SimpleData>
                        <SimpleData name="NOMBRE">APARCABICIS_025</SimpleData>
                        <SimpleData name="DESCRIPCION">A la altura de la Delegación de Medio Ambiente de la J.A.</SimpleData>
                        <SimpleData name="DIRECCION">CALLE MAURICIO MORO PARETO, 4 </SimpleData>
                        <SimpleData name="TITULARIDAD">MUNICIPAL</SimpleData>
                        <SimpleData name="TARJETAJOVEN">No</SimpleData>
                        <SimpleData name="ACCESOPMR">No</SimpleData>
                        <SimpleData name="NROPLAZAS">6</SimpleData>
                        <SimpleData name="TOTALPLAZAS">2084</SimpleData>
                    </SchemaData>
                </ExtendedData>
                <Point>
                    <coordinates>-4.434775114077987,36.71409280065805</coordinates>
                </Point>
            </Placemark>
            <Placemark id="da_aparcamientosBici.fid--175d4967_1a00d9bb795_16cd">
                <ExtendedData>
                    <SchemaData schemaUrl="#da_aparcamientosBici_1">
                        <SimpleData name="ID">65902</SimpleData>
                        <SimpleData name="NOMBRE">APARCABICIS_147</SimpleData>
                        <SimpleData name="DESCRIPCION">Esquina con c/ Ángeles Rubio Arguelles</SimpleData>
                        <SimpleData name="DIRECCION">CALLE TORREMOLINOS, 78 </SimpleData>
                        <SimpleData name="TITULARIDAD">MUNICIPAL</SimpleData>
                        <SimpleData name="TARJETAJOVEN">No</SimpleData>
                        <SimpleData name="ACCESOPMR">No</SimpleData>
                        <SimpleData name="NROPLAZAS">8</SimpleData>
                        <SimpleData name="TOTALPLAZAS">2084</SimpleData>
                    </SchemaData>
                </ExtendedData>
                <Point>
                    <coordinates>-4.504952430745602,36.66380618863979</coordinates>
                </Point>
            </Placemark>
            <Placemark id="da_aparcamientosBici.fid--175d4967_1a00d9bb795_16ce">
                <ExtendedData>
                    <SchemaData schemaUrl="#da_aparcamientosBici_1">
                        <SimpleData name="ID">66100</SimpleData>
                        <SimpleData name="NOMBRE">APARCABICIS_313</SimpleData>
                        <SimpleData name="DIRECCION">CALLE PIRANDELLO, 16 </SimpleData>
                        <SimpleData name="TITULARIDAD">MUNICIPAL</SimpleData>
                        <SimpleData name="TARJETAJOVEN">No</SimpleData>
                        <SimpleData name="ACCESOPMR">No</SimpleData>
                        <SimpleData name="NROPLAZAS">8</SimpleData>
                        <SimpleData name="TOTALPLAZAS">2084</SimpleData>
                    </SchemaData>
                </ExtendedData>
                <Point>
                    <coordinates>-4.461793000019308,36.7158040376215</coordinates>
                </Point>
            </Placemark>
            <Placemark id="da_aparcamientosBici.fid--175d4967_1a00d9bb795_16cf">
                <ExtendedData>
                    <SchemaData schemaUrl="#da_aparcamientosBici_1">
                        <SimpleData name="ID">65948</SimpleData>
                        <SimpleData name="NOMBRE">APARCABICIS_120</SimpleData>
                        <SimpleData name="DESCRIPCION">Esquina Plaza Cruz de Humilladero</SimpleData>
                        <SimpleData name="DIRECCION">CAMINO DE SAN RAFAEL, 4 </SimpleData>
                        <SimpleData name="TITULARIDAD">MUNICIPAL</SimpleData>
                        <SimpleData name="TARJETAJOVEN">No</SimpleData>
                        <SimpleData name="ACCESOPMR">No</SimpleData>
                        <SimpleData name="NROPLAZAS">4</SimpleData>
                        <SimpleData name="TOTALPLAZAS">2084</SimpleData>
                    </SchemaData>
                </ExtendedData>
                <Point>
                    <coordinates>-4.441748857516899,36.711650207872076</coordinates>
                </Point>
            </Placemark>
            <Placemark id="da_aparcamientosBici.fid--175d4967_1a00d9bb795_16d0">
                <ExtendedData>
                    <SchemaData schemaUrl="#da_aparcamientosBici_1">
                        <SimpleData name="ID">66017</SimpleData>
                        <SimpleData name="NOMBRE">APARCABICIS_097</SimpleData>
                        <SimpleData name="DESCRIPCION">Junto al Estadio de la Rosaleda</SimpleData>
                        <SimpleData name="DIRECCION">AVENIDA DE LA PALMILLA, 1 </SimpleData>
                        <SimpleData name="TITULARIDAD">MUNICIPAL</SimpleData>
                        <SimpleData name="TARJETAJOVEN">No</SimpleData>
                        <SimpleData name="ACCESOPMR">No</SimpleData>
                        <SimpleData name="NROPLAZAS">8</SimpleData>
                        <SimpleData name="TOTALPLAZAS">2084</SimpleData>
                    </SchemaData>
                </ExtendedData>
                <Point>
                    <coordinates>-4.4275890000183935,36.7337920376445</coordinates>
                </Point>
            </Placemark>
            <Placemark id="da_aparcamientosBici.fid--175d4967_1a00d9bb795_16d1">
                <ExtendedData>
                    <SchemaData schemaUrl="#da_aparcamientosBici_1">
                        <SimpleData name="ID">74288</SimpleData>
                        <SimpleData name="NOMBRE">APARCABICIS_2119</SimpleData>
                        <SimpleData name="DESCRIPCION">Camino de las Erizas, 3</SimpleData>
                        <SimpleData name="DIRECCION">CAMINO  DE LAS ERIZAS, 3 </SimpleData>
                        <SimpleData name="TITULARIDAD">MUNICIPAL</SimpleData>
                        <SimpleData name="TARJETAJOVEN">No</SimpleData>
                        <SimpleData name="ACCESOPMR">No</SimpleData>
                        <SimpleData name="NROPLAZAS">5</SimpleData>
                        <SimpleData name="TOTALPLAZAS">2084</SimpleData>
                    </SchemaData>
                </ExtendedData>
                <Point>
                    <coordinates>-4.433208569705133,36.75154711852285</coordinates>
                </Point>
            </Placemark>
            <Placemark id="da_aparcamientosBici.fid--175d4967_1a00d9bb795_16d2">
                <ExtendedData>
                    <SchemaData schemaUrl="#da_aparcamientosBici_1">
                        <SimpleData name="ID">65922</SimpleData>
                        <SimpleData name="NOMBRE">APARCABICIS_063</SimpleData>
                        <SimpleData name="DESCRIPCION">Frente Escuela Turismo.</SimpleData>
                        <SimpleData name="DIRECCION">PASEO DE SANCHA, 12 </SimpleData>
                        <SimpleData name="TITULARIDAD">MUNICIPAL</SimpleData>
                        <SimpleData name="TARJETAJOVEN">No</SimpleData>
                        <SimpleData name="ACCESOPMR">No</SimpleData>
                        <SimpleData name="NROPLAZAS">10</SimpleData>
                        <SimpleData name="TOTALPLAZAS">2084</SimpleData>
                    </SchemaData>
                </ExtendedData>
                <Point>
                    <coordinates>-4.404055000017744,36.72158603762901</coordinates>
                </Point>
            </Placemark>
            <Placemark id="da_aparcamientosBici.fid--175d4967_1a00d9bb795_16d3">
                <ExtendedData>
                    <SchemaData schemaUrl="#da_aparcamientosBici_1">
                        <SimpleData name="ID">66016</SimpleData>
                        <SimpleData name="NOMBRE">APARCABICIS_231</SimpleData>
                        <SimpleData name="DESCRIPCION">Esquina Cl. Hermanos Álvarez Quintero</SimpleData>
                        <SimpleData name="DIRECCION">CALLE HERMANOS ÁLVAREZ QUINTERO, 6 </SimpleData>
                        <SimpleData name="TITULARIDAD">MUNICIPAL</SimpleData>
                        <SimpleData name="TARJETAJOVEN">No</SimpleData>
                        <SimpleData name="ACCESOPMR">No</SimpleData>
                        <SimpleData name="NROPLAZAS">6</SimpleData>
                        <SimpleData name="TOTALPLAZAS">2084</SimpleData>
                    </SchemaData>
                </ExtendedData>
                <Point>
                    <coordinates>-4.423713000018338,36.74859203766335</coordinates>
                </Point>
            </Placemark>
            <Placemark id="da_aparcamientosBici.fid--175d4967_1a00d9bb795_16d4">
                <ExtendedData>
                    <SchemaData schemaUrl="#da_aparcamientosBici_1">
                        <SimpleData name="ID">66003</SimpleData>
                        <SimpleData name="NOMBRE">APARCABICIS_219</SimpleData>
                        <SimpleData name="DESCRIPCION">Esquina Pasaje Francisco Blanca Mora.</SimpleData>
                        <SimpleData name="DIRECCION">AVENIDA DE LA PALMILLA, 27 </SimpleData>
                        <SimpleData name="TITULARIDAD">MUNICIPAL</SimpleData>
                        <SimpleData name="TARJETAJOVEN">No</SimpleData>
                        <SimpleData name="ACCESOPMR">No</SimpleData>
                        <SimpleData name="NROPLAZAS">6</SimpleData>
                        <SimpleData name="TOTALPLAZAS">2084</SimpleData>
                    </SchemaData>
                </ExtendedData>
                <Point>
                    <coordinates>-4.426076100018379,36.73948193765176</coordinates>
                </Point>
            </Placemark>
            <Placemark id="da_aparcamientosBici.fid--175d4967_1a00d9bb795_16d5">
                <ExtendedData>
                    <SchemaData schemaUrl="#da_aparcamientosBici_1">
                        <SimpleData name="ID">65962</SimpleData>
                        <SimpleData name="NOMBRE">APARCABICIS_149</SimpleData>
                        <SimpleData name="DESCRIPCION">Esquina con c/ Vega. (jardines)</SimpleData>
                        <SimpleData name="DIRECCION">PLAZA DE LA INMACULADA, 5 </SimpleData>
                        <SimpleData name="TITULARIDAD">MUNICIPAL</SimpleData>
                        <SimpleData name="TARJETAJOVEN">No</SimpleData>
                        <SimpleData name="ACCESOPMR">No</SimpleData>
                        <SimpleData name="NROPLAZAS">4</SimpleData>
                        <SimpleData name="TOTALPLAZAS">2084</SimpleData>
                    </SchemaData>
                </ExtendedData>
                <Point>
                    <coordinates>-4.503053426763001,36.669675371488786</coordinates>
                </Point>
            </Placemark>
            <Placemark id="da_aparcamientosBici.fid--175d4967_1a00d9bb795_16d6">
                <ExtendedData>
                    <SchemaData schemaUrl="#da_aparcamientosBici_1">
                        <SimpleData name="ID">66034</SimpleData>
                        <SimpleData name="NOMBRE">APARCABICIS_207</SimpleData>
                        <SimpleData name="DESCRIPCION">Museo del Automóvil</SimpleData>
                        <SimpleData name="DIRECCION">AVENIDA DE SOR TERESA PRAT, 15 </SimpleData>
                        <SimpleData name="TITULARIDAD">MUNICIPAL</SimpleData>
                        <SimpleData name="TARJETAJOVEN">No</SimpleData>
                        <SimpleData name="ACCESOPMR">No</SimpleData>
                        <SimpleData name="NROPLAZAS">16</SimpleData>
                        <SimpleData name="TOTALPLAZAS">2084</SimpleData>
                    </SchemaData>
                </ExtendedData>
                <Point>
                    <coordinates>-4.439582000018637,36.69974503760116</coordinates>
                </Point>
            </Placemark>
            <Placemark id="da_aparcamientosBici.fid--175d4967_1a00d9bb795_16d7">
                <ExtendedData>
                    <SchemaData schemaUrl="#da_aparcamientosBici_1">
                        <SimpleData name="ID">66032</SimpleData>
                        <SimpleData name="NOMBRE">APARCABICIS_187</SimpleData>
                        <SimpleData name="DESCRIPCION">Esquina Avda.Sor Teresa Prat</SimpleData>
                        <SimpleData name="DIRECCION">AVENIDA DE SOR TERESA PRAT, 2 </SimpleData>
                        <SimpleData name="TITULARIDAD">MUNICIPAL</SimpleData>
                        <SimpleData name="TARJETAJOVEN">No</SimpleData>
                        <SimpleData name="ACCESOPMR">No</SimpleData>
                        <SimpleData name="NROPLAZAS">10</SimpleData>
                        <SimpleData name="TOTALPLAZAS">2084</SimpleData>
                    </SchemaData>
                </ExtendedData>
                <Point>
                    <coordinates>-4.4391200000186295,36.701845037603825</coordinates>
                </Point>
            </Placemark>
            <Placemark id="da_aparcamientosBici.fid--175d4967_1a00d9bb795_16d8">
                <ExtendedData>
                    <SchemaData schemaUrl="#da_aparcamientosBici_1">
                        <SimpleData name="ID">66038</SimpleData>
                        <SimpleData name="NOMBRE">APARCABICIS_223</SimpleData>
                        <SimpleData name="DESCRIPCION">Esquina c/ Emilio Prados</SimpleData>
                        <SimpleData name="DIRECCION">AVENIDA DE SOR TERESA PRAT, 50 </SimpleData>
                        <SimpleData name="TITULARIDAD">MUNICIPAL</SimpleData>
                        <SimpleData name="TARJETAJOVEN">No</SimpleData>
                        <SimpleData name="ACCESOPMR">No</SimpleData>
                        <SimpleData name="NROPLAZAS">4</SimpleData>
                        <SimpleData name="TOTALPLAZAS">2084</SimpleData>
                    </SchemaData>
                </ExtendedData>
                <Point>
                    <coordinates>-4.441744000018688,36.69717703759783</coordinates>
                </Point>
            </Placemark>
            <Placemark id="da_aparcamientosBici.fid--175d4967_1a00d9bb795_16d9">
                <ExtendedData>
                    <SchemaData schemaUrl="#da_aparcamientosBici_1">
                        <SimpleData name="ID">65895</SimpleData>
                        <SimpleData name="NOMBRE">APARCABICIS_124</SimpleData>
                        <SimpleData name="DESCRIPCION">Ave María</SimpleData>
                        <SimpleData name="DIRECCION">AVENIDA DE SOR TERESA PRAT, 49 </SimpleData>
                        <SimpleData name="TITULARIDAD">MUNICIPAL</SimpleData>
                        <SimpleData name="TARJETAJOVEN">No</SimpleData>
                        <SimpleData name="ACCESOPMR">No</SimpleData>
                        <SimpleData name="NROPLAZAS">8</SimpleData>
                        <SimpleData name="TOTALPLAZAS">2084</SimpleData>
                    </SchemaData>
                </ExtendedData>
                <Point>
                    <coordinates>-4.44169600001868,36.69683603759746</coordinates>
                </Point>
            </Placemark>
        </Folder>
    </Document>
</kml>
