<?xml version="1.0" encoding="UTF-8" standalone="yes"?>
<kml xmlns="http://www.opengis.net/kml/2.2" xmlns:ns2="http://www.google.com/kml/ext/2.2" xmlns:ns3="http://www.w3.org/2005/Atom" xmlns:ns4="urn:oasis:names:tc:ciq:xsdschema:xAL:2.0">
    <Document>
        <Schema name="da_aparcamientosMoto_1" id="da_aparcamientosMoto_1">
            <SimpleField type="string" name="ID"/>
            <SimpleField type="string" name="NOMBRE"/>
            <SimpleField type="string" name="DESCRIPCION"/>
            <SimpleField type="string" name="DIRECCION"/>
            <SimpleField type="string" name="URL"/>
            <SimpleField type="string" name="EMAIL"/>
            <SimpleField type="string" name="CONTACTO"/>
            <SimpleField type="string" name="HORARIOS"/>
            <SimpleField type="string" name="PRECIOS"/>
            <SimpleField type="string" name="TITULARIDAD"/>
            <SimpleField type="string" name="TARJETAJOVEN"/>
            <SimpleField type="string" name="ACCESOPMR"/>
            <SimpleField type="string" name="LONGITUD"/>
        </Schema>
        <Folder>
            <name>da_aparcamientosMoto</name>
            <Placemark id="da_aparcamientosMoto.fid--175d4967_1a00d9bb795_30bc">
                <ExtendedData>
                    <SchemaData schemaUrl="#da_aparcamientosMoto_1">
                        <SimpleData name="ID">65623</SimpleData>
                        <SimpleData name="NOMBRE">APARCAMOTOS_033</SimpleData>
                        <SimpleData name="DESCRIPCION">Esq. Peinado</SimpleData>
                        <SimpleData name="DIRECCION">CALLE EDUARDO DOMÍNGUEZ ÁVILA, 19 </SimpleData>
                        <SimpleData name="HORARIOS">Lectivos 8 a 15 h.</SimpleData>
                        <SimpleData name="TITULARIDAD">MUNICIPAL</SimpleData>
                        <SimpleData name="TARJETAJOVEN">No</SimpleData>
                        <SimpleData name="ACCESOPMR">No</SimpleData>
                        <SimpleData name="LONGITUD">20</SimpleData>
                    </SchemaData>
                </ExtendedData>
                <Point>
                    <coordinates>-4.421669000018234,36.731155037641145</coordinates>
                </Point>
            </Placemark>
            <Placemark id="da_aparcamientosMoto.fid--175d4967_1a00d9bb795_30bd">
                <ExtendedData>
                    <SchemaData schemaUrl="#da_aparcamientosMoto_1">
                        <SimpleData name="ID">65841</SimpleData>
                        <SimpleData name="NOMBRE">APARCAMOTOS_030</SimpleData>
                        <SimpleData name="DESCRIPCION">Esq. Paco Miranda</SimpleData>
                        <SimpleData name="DIRECCION">CALLE CRISTO DE LA EPIDEMIA, 93 </SimpleData>
                        <SimpleData name="HORARIOS">24 h.</SimpleData>
                        <SimpleData name="TITULARIDAD">MUNICIPAL</SimpleData>
                        <SimpleData name="TARJETAJOVEN">No</SimpleData>
                        <SimpleData name="ACCESOPMR">No</SimpleData>
                        <SimpleData name="LONGITUD">6</SimpleData>
                    </SchemaData>
                </ExtendedData>
                <Point>
                    <coordinates>-4.4155510000180715,36.732542037642936</coordinates>
                </Point>
            </Placemark>
            <Placemark id="da_aparcamientosMoto.fid--175d4967_1a00d9bb795_30be">
                <ExtendedData>
                    <SchemaData schemaUrl="#da_aparcamientosMoto_1">
                        <SimpleData name="ID">65780</SimpleData>
                        <SimpleData name="NOMBRE">APARCAMOTOS_325</SimpleData>
                        <SimpleData name="DIRECCION">CAMINO COLMENAR, 8 </SimpleData>
                        <SimpleData name="TITULARIDAD">MUNICIPAL</SimpleData>
                        <SimpleData name="TARJETAJOVEN">No</SimpleData>
                        <SimpleData name="ACCESOPMR">No</SimpleData>
                        <SimpleData name="LONGITUD">8,5</SimpleData>
                    </SchemaData>
                </ExtendedData>
                <Point>
                    <coordinates>-4.415677830018084,36.73373063764447</coordinates>
                </Point>
            </Placemark>
            <Placemark id="da_aparcamientosMoto.fid--175d4967_1a00d9bb795_30bf">
                <ExtendedData>
                    <SchemaData schemaUrl="#da_aparcamientosMoto_1">
                        <SimpleData name="ID">75533</SimpleData>
                        <SimpleData name="NOMBRE">APARCAMOTOS_307</SimpleData>
                        <SimpleData name="DESCRIPCION">Esquina con Calle ODonnell</SimpleData>
                        <SimpleData name="DIRECCION">CALLE JUAN FERNÁNDEZ SÚRIA, 2 </SimpleData>
                        <SimpleData name="HORARIOS">Laborables de 8 a 20h</SimpleData>
                        <SimpleData name="TITULARIDAD">MUNICIPAL</SimpleData>
                        <SimpleData name="TARJETAJOVEN">No</SimpleData>
                        <SimpleData name="ACCESOPMR">No</SimpleData>
                        <SimpleData name="LONGITUD">10</SimpleData>
                    </SchemaData>
                </ExtendedData>
                <Point>
                    <coordinates>-4.43876244986269,36.722144943180034</coordinates>
                </Point>
            </Placemark>
            <Placemark id="da_aparcamientosMoto.fid--175d4967_1a00d9bb795_30c0">
                <ExtendedData>
                    <SchemaData schemaUrl="#da_aparcamientosMoto_1">
                        <SimpleData name="ID">65795</SimpleData>
                        <SimpleData name="NOMBRE">APARCAMOTOS_274</SimpleData>
                        <SimpleData name="DESCRIPCION">Esq. con Cl. Almería</SimpleData>
                        <SimpleData name="DIRECCION">CALLE PADRE COLOMA, 2 </SimpleData>
                        <SimpleData name="HORARIOS">24 h.</SimpleData>
                        <SimpleData name="TITULARIDAD">MUNICIPAL</SimpleData>
                        <SimpleData name="TARJETAJOVEN">No</SimpleData>
                        <SimpleData name="ACCESOPMR">No</SimpleData>
                        <SimpleData name="LONGITUD">20</SimpleData>
                    </SchemaData>
                </ExtendedData>
                <Point>
                    <coordinates>-4.356448000016599,36.72047503762772</coordinates>
                </Point>
            </Placemark>
            <Placemark id="da_aparcamientosMoto.fid--175d4967_1a00d9bb795_30c1">
                <ExtendedData>
                    <SchemaData schemaUrl="#da_aparcamientosMoto_1">
                        <SimpleData name="ID">65761</SimpleData>
                        <SimpleData name="NOMBRE">APARCAMOTOS_299</SimpleData>
                        <SimpleData name="DIRECCION">CALLE DOÑA, 52 </SimpleData>
                        <SimpleData name="TITULARIDAD">MUNICIPAL</SimpleData>
                        <SimpleData name="TARJETAJOVEN">No</SimpleData>
                        <SimpleData name="ACCESOPMR">No</SimpleData>
                        <SimpleData name="LONGITUD">10</SimpleData>
                    </SchemaData>
                </ExtendedData>
                <Point>
                    <coordinates>-4.419032910018168,36.732870397643396</coordinates>
                </Point>
            </Placemark>
            <Placemark id="da_aparcamientosMoto.fid--175d4967_1a00d9bb795_30c2">
                <ExtendedData>
                    <SchemaData schemaUrl="#da_aparcamientosMoto_1">
                        <SimpleData name="ID">65729</SimpleData>
                        <SimpleData name="NOMBRE">APARCAMOTOS_228</SimpleData>
                        <SimpleData name="DESCRIPCION">Intersección c/ Huerto del Conde</SimpleData>
                        <SimpleData name="DIRECCION">CALLE FRAILES, 4 </SimpleData>
                        <SimpleData name="TITULARIDAD">MUNICIPAL</SimpleData>
                        <SimpleData name="TARJETAJOVEN">No</SimpleData>
                        <SimpleData name="ACCESOPMR">No</SimpleData>
                        <SimpleData name="LONGITUD">10</SimpleData>
                    </SchemaData>
                </ExtendedData>
                <Point>
                    <coordinates>-4.417518000018105,36.724667037632905</coordinates>
                </Point>
            </Placemark>
            <Placemark id="da_aparcamientosMoto.fid--175d4967_1a00d9bb795_30c3">
                <ExtendedData>
                    <SchemaData schemaUrl="#da_aparcamientosMoto_1">
                        <SimpleData name="ID">65786</SimpleData>
                        <SimpleData name="NOMBRE">APARCAMOTOS_255</SimpleData>
                        <SimpleData name="DESCRIPCION">Esq. con Cl. Somera</SimpleData>
                        <SimpleData name="DIRECCION">CALLE MARTÍNEZ CAMPOS, 12 </SimpleData>
                        <SimpleData name="HORARIOS">24 h.</SimpleData>
                        <SimpleData name="TITULARIDAD">MUNICIPAL</SimpleData>
                        <SimpleData name="TARJETAJOVEN">No</SimpleData>
                        <SimpleData name="ACCESOPMR">No</SimpleData>
                        <SimpleData name="LONGITUD">12</SimpleData>
                    </SchemaData>
                </ExtendedData>
                <Point>
                    <coordinates>-4.423323000018228,36.7154270376212</coordinates>
                </Point>
            </Placemark>
            <Placemark id="da_aparcamientosMoto.fid--175d4967_1a00d9bb795_30c4">
                <ExtendedData>
                    <SchemaData schemaUrl="#da_aparcamientosMoto_1">
                        <SimpleData name="ID">65625</SimpleData>
                        <SimpleData name="NOMBRE">APARCAMOTOS_064</SimpleData>
                        <SimpleData name="DESCRIPCION">Esq. Hurtado de Mendoza y Pedro de Quejan</SimpleData>
                        <SimpleData name="DIRECCION">PLAZA FRANCISCO SILVELA, 3 </SimpleData>
                        <SimpleData name="HORARIOS">24 h</SimpleData>
                        <SimpleData name="TITULARIDAD">MUNICIPAL</SimpleData>
                        <SimpleData name="TARJETAJOVEN">No</SimpleData>
                        <SimpleData name="ACCESOPMR">No</SimpleData>
                        <SimpleData name="LONGITUD">6</SimpleData>
                    </SchemaData>
                </ExtendedData>
                <Point>
                    <coordinates>-4.411833000017966,36.728173037637454</coordinates>
                </Point>
            </Placemark>
            <Placemark id="da_aparcamientosMoto.fid--175d4967_1a00d9bb795_30c5">
                <ExtendedData>
                    <SchemaData schemaUrl="#da_aparcamientosMoto_1">
                        <SimpleData name="ID">78115</SimpleData>
                        <SimpleData name="NOMBRE">APARCAMOTOS_356</SimpleData>
                        <SimpleData name="DIRECCION">AVENIDA DE JACINTO BENAVENTE, 27 </SimpleData>
                        <SimpleData name="TITULARIDAD">MUNICIPAL</SimpleData>
                        <SimpleData name="TARJETAJOVEN">No</SimpleData>
                        <SimpleData name="ACCESOPMR">No</SimpleData>
                        <SimpleData name="LONGITUD">10</SimpleData>
                    </SchemaData>
                </ExtendedData>
                <Point>
                    <coordinates>-4.4255540640492494,36.75282238001731</coordinates>
                </Point>
            </Placemark>
            <Placemark id="da_aparcamientosMoto.fid--175d4967_1a00d9bb795_30c6">
                <ExtendedData>
                    <SchemaData schemaUrl="#da_aparcamientosMoto_1">
                        <SimpleData name="ID">65684</SimpleData>
                        <SimpleData name="NOMBRE">APARCAMOTOS_159</SimpleData>
                        <SimpleData name="DIRECCION">AVENIDA DE JACINTO BENAVENTE, 18 </SimpleData>
                        <SimpleData name="HORARIOS">24 h.</SimpleData>
                        <SimpleData name="TITULARIDAD">MUNICIPAL</SimpleData>
                        <SimpleData name="TARJETAJOVEN">No</SimpleData>
                        <SimpleData name="ACCESOPMR">No</SimpleData>
                        <SimpleData name="LONGITUD">20</SimpleData>
                    </SchemaData>
                </ExtendedData>
                <Point>
                    <coordinates>-4.424431000018363,36.75081503766614</coordinates>
                </Point>
            </Placemark>
            <Placemark id="da_aparcamientosMoto.fid--175d4967_1a00d9bb795_30c7">
                <ExtendedData>
                    <SchemaData schemaUrl="#da_aparcamientosMoto_1">
                        <SimpleData name="ID">65842</SimpleData>
                        <SimpleData name="NOMBRE">APARCAMOTOS_087</SimpleData>
                        <SimpleData name="DESCRIPCION">Esq. Maestranza</SimpleData>
                        <SimpleData name="DIRECCION">PLAZA DEL GENERAL TORRIJOS, 3 </SimpleData>
                        <SimpleData name="HORARIOS">L a V lab 8 a 15 h.</SimpleData>
                        <SimpleData name="TITULARIDAD">MUNICIPAL</SimpleData>
                        <SimpleData name="TARJETAJOVEN">No</SimpleData>
                        <SimpleData name="ACCESOPMR">No</SimpleData>
                        <SimpleData name="LONGITUD">78</SimpleData>
                    </SchemaData>
                </ExtendedData>
                <Point>
                    <coordinates>-4.412138611096215,36.720143043781</coordinates>
                </Point>
            </Placemark>
            <Placemark id="da_aparcamientosMoto.fid--175d4967_1a00d9bb795_30c8">
                <ExtendedData>
                    <SchemaData schemaUrl="#da_aparcamientosMoto_1">
                        <SimpleData name="ID">65774</SimpleData>
                        <SimpleData name="NOMBRE">APARCAMOTOS_314</SimpleData>
                        <SimpleData name="DESCRIPCION">C/ Ferrocarril del Puerto esq. C/ Ayala</SimpleData>
                        <SimpleData name="DIRECCION">CALLE AYALA, 24 </SimpleData>
                        <SimpleData name="TITULARIDAD">MUNICIPAL</SimpleData>
                        <SimpleData name="TARJETAJOVEN">No</SimpleData>
                        <SimpleData name="ACCESOPMR">No</SimpleData>
                        <SimpleData name="LONGITUD">6</SimpleData>
                    </SchemaData>
                </ExtendedData>
                <Point>
                    <coordinates>-4.432389670018456,36.7091656776132</coordinates>
                </Point>
            </Placemark>
            <Placemark id="da_aparcamientosMoto.fid--175d4967_1a00d9bb795_30c9">
                <ExtendedData>
                    <SchemaData schemaUrl="#da_aparcamientosMoto_1">
                        <SimpleData name="ID">65773</SimpleData>
                        <SimpleData name="NOMBRE">APARCAMOTOS_296</SimpleData>
                        <SimpleData name="DESCRIPCION">Esq. Calle Alfambra</SimpleData>
                        <SimpleData name="DIRECCION">CALLE ALMANZOR, 7 </SimpleData>
                        <SimpleData name="TITULARIDAD">MUNICIPAL</SimpleData>
                        <SimpleData name="TARJETAJOVEN">No</SimpleData>
                        <SimpleData name="ACCESOPMR">No</SimpleData>
                        <SimpleData name="LONGITUD">12</SimpleData>
                    </SchemaData>
                </ExtendedData>
                <Point>
                    <coordinates>-4.442212370018729,36.70999353761421</coordinates>
                </Point>
            </Placemark>
            <Placemark id="da_aparcamientosMoto.fid--175d4967_1a00d9bb795_30ca">
                <ExtendedData>
                    <SchemaData schemaUrl="#da_aparcamientosMoto_1">
                        <SimpleData name="ID">65836</SimpleData>
                        <SimpleData name="NOMBRE">APARCAMOTOS_119</SimpleData>
                        <SimpleData name="DESCRIPCION">Esq. Juan Villarazo</SimpleData>
                        <SimpleData name="DIRECCION">AVENIDA DE JOSÉ RIBERA, 22 </SimpleData>
                        <SimpleData name="HORARIOS">24 h</SimpleData>
                        <SimpleData name="TITULARIDAD">MUNICIPAL</SimpleData>
                        <SimpleData name="TARJETAJOVEN">No</SimpleData>
                        <SimpleData name="ACCESOPMR">No</SimpleData>
                        <SimpleData name="LONGITUD">13</SimpleData>
                    </SchemaData>
                </ExtendedData>
                <Point>
                    <coordinates>-4.471755198228931,36.72012392668964</coordinates>
                </Point>
            </Placemark>
            <Placemark id="da_aparcamientosMoto.fid--175d4967_1a00d9bb795_30cb">
                <ExtendedData>
                    <SchemaData schemaUrl="#da_aparcamientosMoto_1">
                        <SimpleData name="ID">65846</SimpleData>
                        <SimpleData name="NOMBRE">APARCAMOTOS_117</SimpleData>
                        <SimpleData name="DESCRIPCION">Junto I.E.S Campanillas</SimpleData>
                        <SimpleData name="DIRECCION">CALLE FAUSTO, 45 </SimpleData>
                        <SimpleData name="HORARIOS">24 h.</SimpleData>
                        <SimpleData name="TITULARIDAD">MUNICIPAL</SimpleData>
                        <SimpleData name="TARJETAJOVEN">No</SimpleData>
                        <SimpleData name="ACCESOPMR">No</SimpleData>
                        <SimpleData name="LONGITUD">15</SimpleData>
                    </SchemaData>
                </ExtendedData>
                <Point>
                    <coordinates>-4.551011000022279,36.72673503763516</coordinates>
                </Point>
            </Placemark>
            <Placemark id="da_aparcamientosMoto.fid--175d4967_1a00d9bb795_30cc">
                <ExtendedData>
                    <SchemaData schemaUrl="#da_aparcamientosMoto_1">
                        <SimpleData name="ID">65707</SimpleData>
                        <SimpleData name="NOMBRE">APARCAMOTOS_183</SimpleData>
                        <SimpleData name="DIRECCION">CALLE FISCAL LUIS PORTERO GARCÍA, 9 </SimpleData>
                        <SimpleData name="HORARIOS">Laborables 8 a 15 h</SimpleData>
                        <SimpleData name="TITULARIDAD">MUNICIPAL</SimpleData>
                        <SimpleData name="TARJETAJOVEN">No</SimpleData>
                        <SimpleData name="ACCESOPMR">No</SimpleData>
                        <SimpleData name="LONGITUD">22</SimpleData>
                    </SchemaData>
                </ExtendedData>
                <Point>
                    <coordinates>-4.460441000019269,36.716302037622185</coordinates>
                </Point>
            </Placemark>
            <Placemark id="da_aparcamientosMoto.fid--175d4967_1a00d9bb795_30cd">
                <ExtendedData>
                    <SchemaData schemaUrl="#da_aparcamientosMoto_1">
                        <SimpleData name="ID">65849</SimpleData>
                        <SimpleData name="NOMBRE">APARCAMOTOS_120</SimpleData>
                        <SimpleData name="DESCRIPCION">Esq. Avda. Gregorio Prieto</SimpleData>
                        <SimpleData name="DIRECCION">CALLE FISCAL LUIS PORTERO GARCÍA, 10 </SimpleData>
                        <SimpleData name="HORARIOS">Lab.8 a 15 h.</SimpleData>
                        <SimpleData name="TITULARIDAD">MUNICIPAL</SimpleData>
                        <SimpleData name="TARJETAJOVEN">No</SimpleData>
                        <SimpleData name="ACCESOPMR">No</SimpleData>
                        <SimpleData name="LONGITUD">19</SimpleData>
                    </SchemaData>
                </ExtendedData>
                <Point>
                    <coordinates>-4.462521225233331,36.71440886993035</coordinates>
                </Point>
            </Placemark>
            <Placemark id="da_aparcamientosMoto.fid--175d4967_1a00d9bb795_30ce">
                <ExtendedData>
                    <SchemaData schemaUrl="#da_aparcamientosMoto_1">
                        <SimpleData name="ID">65848</SimpleData>
                        <SimpleData name="NOMBRE">APARCAMOTOS_122</SimpleData>
                        <SimpleData name="DESCRIPCION">Frente a Ciudad de la Justicia</SimpleData>
                        <SimpleData name="DIRECCION">CALLE FISCAL LUIS PORTERO GARCÍA, 6 </SimpleData>
                        <SimpleData name="HORARIOS">Laborables 8 a 15h</SimpleData>
                        <SimpleData name="TITULARIDAD">MUNICIPAL</SimpleData>
                        <SimpleData name="TARJETAJOVEN">No</SimpleData>
                        <SimpleData name="ACCESOPMR">No</SimpleData>
                        <SimpleData name="LONGITUD">33</SimpleData>
                    </SchemaData>
                </ExtendedData>
                <Point>
                    <coordinates>-4.4615482539131515,36.7147459015485</coordinates>
                </Point>
            </Placemark>
            <Placemark id="da_aparcamientosMoto.fid--175d4967_1a00d9bb795_30cf">
                <ExtendedData>
                    <SchemaData schemaUrl="#da_aparcamientosMoto_1">
                        <SimpleData name="ID">65618</SimpleData>
                        <SimpleData name="NOMBRE">APARCAMOTOS_036</SimpleData>
                        <SimpleData name="DESCRIPCION">Esq. Hilera</SimpleData>
                        <SimpleData name="DIRECCION">CALLE ESPERANTO, 3 </SimpleData>
                        <SimpleData name="HORARIOS">24 h.</SimpleData>
                        <SimpleData name="TITULARIDAD">MUNICIPAL</SimpleData>
                        <SimpleData name="TARJETAJOVEN">No</SimpleData>
                        <SimpleData name="ACCESOPMR">No</SimpleData>
                        <SimpleData name="LONGITUD">13</SimpleData>
                    </SchemaData>
                </ExtendedData>
                <Point>
                    <coordinates>-4.431691914815292,36.71867514033708</coordinates>
                </Point>
            </Placemark>
            <Placemark id="da_aparcamientosMoto.fid--175d4967_1a00d9bb795_30d0">
                <ExtendedData>
                    <SchemaData schemaUrl="#da_aparcamientosMoto_1">
                        <SimpleData name="ID">65859</SimpleData>
                        <SimpleData name="NOMBRE">APARCAMOTOS_061</SimpleData>
                        <SimpleData name="DESCRIPCION">Esq. Ejido</SimpleData>
                        <SimpleData name="DIRECCION">PLAZA DEL MAESTRO ARTOLA, 3 </SimpleData>
                        <SimpleData name="HORARIOS">Lectivos 8 a 20 h.</SimpleData>
                        <SimpleData name="TITULARIDAD">MUNICIPAL</SimpleData>
                        <SimpleData name="TARJETAJOVEN">No</SimpleData>
                        <SimpleData name="ACCESOPMR">No</SimpleData>
                        <SimpleData name="LONGITUD">11</SimpleData>
                    </SchemaData>
                </ExtendedData>
                <Point>
                    <coordinates>-4.418339000018136,36.72926603763878</coordinates>
                </Point>
            </Placemark>
            <Placemark id="da_aparcamientosMoto.fid--175d4967_1a00d9bb795_30d1">
                <ExtendedData>
                    <SchemaData schemaUrl="#da_aparcamientosMoto_1">
                        <SimpleData name="ID">65863</SimpleData>
                        <SimpleData name="NOMBRE">APARCAMOTOS_015</SimpleData>
                        <SimpleData name="DESCRIPCION">Esquina c/Juan de Herrera</SimpleData>
                        <SimpleData name="DIRECCION">AVENIDA DEL DOCTOR GÁLVEZ GINACHERO, 9 </SimpleData>
                        <SimpleData name="HORARIOS">24 h.</SimpleData>
                        <SimpleData name="TITULARIDAD">MUNICIPAL</SimpleData>
                        <SimpleData name="TARJETAJOVEN">No</SimpleData>
                        <SimpleData name="ACCESOPMR">No</SimpleData>
                        <SimpleData name="LONGITUD">25</SimpleData>
                    </SchemaData>
                </ExtendedData>
                <Point>
                    <coordinates>-4.427877000018385,36.72683003763564</coordinates>
                </Point>
            </Placemark>
            <Placemark id="da_aparcamientosMoto.fid--175d4967_1a00d9bb795_30d2">
                <ExtendedData>
                    <SchemaData schemaUrl="#da_aparcamientosMoto_1">
                        <SimpleData name="ID">65603</SimpleData>
                        <SimpleData name="NOMBRE">APARCAMOTOS_212</SimpleData>
                        <SimpleData name="DIRECCION">CALLE GREGORIO DE FRÍAS, 8 </SimpleData>
                        <SimpleData name="HORARIOS">24 h</SimpleData>
                        <SimpleData name="TITULARIDAD">MUNICIPAL</SimpleData>
                        <SimpleData name="TARJETAJOVEN">No</SimpleData>
                        <SimpleData name="ACCESOPMR">No</SimpleData>
                        <SimpleData name="LONGITUD">8</SimpleData>
                    </SchemaData>
                </ExtendedData>
                <Point>
                    <coordinates>-4.441559000018714,36.70979703761391</coordinates>
                </Point>
            </Placemark>
            <Placemark id="da_aparcamientosMoto.fid--175d4967_1a00d9bb795_30d3">
                <ExtendedData>
                    <SchemaData schemaUrl="#da_aparcamientosMoto_1">
                        <SimpleData name="ID">65615</SimpleData>
                        <SimpleData name="NOMBRE">APARCAMOTOS_006</SimpleData>
                        <SimpleData name="DESCRIPCION">Esq. con Cl. Martínez Campos</SimpleData>
                        <SimpleData name="DIRECCION">CALLE MARTÍNEZ CAMPOS, 19 </SimpleData>
                        <SimpleData name="HORARIOS">Laborables 8 a 20 h.</SimpleData>
                        <SimpleData name="TITULARIDAD">MUNICIPAL</SimpleData>
                        <SimpleData name="TARJETAJOVEN">No</SimpleData>
                        <SimpleData name="ACCESOPMR">No</SimpleData>
                        <SimpleData name="LONGITUD">13</SimpleData>
                    </SchemaData>
                </ExtendedData>
                <Point>
                    <coordinates>-4.424567000018266,36.71506903762073</coordinates>
                </Point>
            </Placemark>
            <Placemark id="da_aparcamientosMoto.fid--175d4967_1a00d9bb795_30d4">
                <ExtendedData>
                    <SchemaData schemaUrl="#da_aparcamientosMoto_1">
                        <SimpleData name="ID">80808</SimpleData>
                        <SimpleData name="NOMBRE">APARCAMOTOS_390</SimpleData>
                        <SimpleData name="DESCRIPCION"> C/ Don Cristian esquina con C/ Hilera, en Nº 1</SimpleData>
                        <SimpleData name="DIRECCION">CALLE DON CRISTIÁN, 2 </SimpleData>
                        <SimpleData name="TITULARIDAD">MUNICIPAL</SimpleData>
                        <SimpleData name="TARJETAJOVEN">No</SimpleData>
                        <SimpleData name="ACCESOPMR">No</SimpleData>
                        <SimpleData name="LONGITUD">12</SimpleData>
                    </SchemaData>
                </ExtendedData>
                <Point>
                    <coordinates>-4.428781297725484,36.718138314254524</coordinates>
                </Point>
            </Placemark>
            <Placemark id="da_aparcamientosMoto.fid--175d4967_1a00d9bb795_30d5">
                <ExtendedData>
                    <SchemaData schemaUrl="#da_aparcamientosMoto_1">
                        <SimpleData name="ID">65594</SimpleData>
                        <SimpleData name="NOMBRE">APARCAMOTOS_203</SimpleData>
                        <SimpleData name="DIRECCION">CALLE LA REGENTE, 20 </SimpleData>
                        <SimpleData name="HORARIOS">24 h</SimpleData>
                        <SimpleData name="TITULARIDAD">MUNICIPAL</SimpleData>
                        <SimpleData name="TARJETAJOVEN">No</SimpleData>
                        <SimpleData name="ACCESOPMR">No</SimpleData>
                        <SimpleData name="LONGITUD">15</SimpleData>
                    </SchemaData>
                </ExtendedData>
                <Point>
                    <coordinates>-4.430104000018446,36.72612803763476</coordinates>
                </Point>
            </Placemark>
            <Placemark id="da_aparcamientosMoto.fid--175d4967_1a00d9bb795_30d6">
                <ExtendedData>
                    <SchemaData schemaUrl="#da_aparcamientosMoto_1">
                        <SimpleData name="ID">78117</SimpleData>
                        <SimpleData name="NOMBRE">APARCAMOTOS_359</SimpleData>
                        <SimpleData name="DIRECCION">CALLE JEREZ PERCHET, 8 </SimpleData>
                        <SimpleData name="TITULARIDAD">MUNICIPAL</SimpleData>
                        <SimpleData name="TARJETAJOVEN">No</SimpleData>
                        <SimpleData name="ACCESOPMR">No</SimpleData>
                        <SimpleData name="LONGITUD">10</SimpleData>
                    </SchemaData>
                </ExtendedData>
                <Point>
                    <coordinates>-4.420910050931233,36.745761559720464</coordinates>
                </Point>
            </Placemark>
            <Placemark id="da_aparcamientosMoto.fid--175d4967_1a00d9bb795_30d7">
                <ExtendedData>
                    <SchemaData schemaUrl="#da_aparcamientosMoto_1">
                        <SimpleData name="ID">65814</SimpleData>
                        <SimpleData name="NOMBRE">APARCAMOTOS_049</SimpleData>
                        <SimpleData name="DESCRIPCION">Esq. con Cl. Cuarteles</SimpleData>
                        <SimpleData name="DIRECCION">CALLE CUARTELES, 40 </SimpleData>
                        <SimpleData name="HORARIOS">24 h.</SimpleData>
                        <SimpleData name="TITULARIDAD">MUNICIPAL</SimpleData>
                        <SimpleData name="TARJETAJOVEN">No</SimpleData>
                        <SimpleData name="ACCESOPMR">No</SimpleData>
                        <SimpleData name="LONGITUD">13</SimpleData>
                    </SchemaData>
                </ExtendedData>
                <Point>
                    <coordinates>-4.428633000018367,36.7134460376186</coordinates>
                </Point>
            </Placemark>
            <Placemark id="da_aparcamientosMoto.fid--175d4967_1a00d9bb795_30d8">
                <ExtendedData>
                    <SchemaData schemaUrl="#da_aparcamientosMoto_1">
                        <SimpleData name="ID">65790</SimpleData>
                        <SimpleData name="NOMBRE">APARCAMOTOS_320</SimpleData>
                        <SimpleData name="DESCRIPCION">Av. Bonaire esq. Metralla</SimpleData>
                        <SimpleData name="DIRECCION">AVENIDA DE BONAIRE, 10 </SimpleData>
                        <SimpleData name="TITULARIDAD">MUNICIPAL</SimpleData>
                        <SimpleData name="TARJETAJOVEN">No</SimpleData>
                        <SimpleData name="ACCESOPMR">No</SimpleData>
                        <SimpleData name="LONGITUD">10</SimpleData>
                    </SchemaData>
                </ExtendedData>
                <Point>
                    <coordinates>-4.455178390019062,36.695232967595324</coordinates>
                </Point>
            </Placemark>
            <Placemark id="da_aparcamientosMoto.fid--175d4967_1a00d9bb795_30d9">
                <ExtendedData>
                    <SchemaData schemaUrl="#da_aparcamientosMoto_1">
                        <SimpleData name="ID">65730</SimpleData>
                        <SimpleData name="NOMBRE">APARCAMOTOS_230</SimpleData>
                        <SimpleData name="DESCRIPCION">A la altura del nº 11</SimpleData>
                        <SimpleData name="DIRECCION">CALLE CALVO, 3 </SimpleData>
                        <SimpleData name="TITULARIDAD">MUNICIPAL</SimpleData>
                        <SimpleData name="TARJETAJOVEN">No</SimpleData>
                        <SimpleData name="ACCESOPMR">No</SimpleData>
                        <SimpleData name="LONGITUD">36</SimpleData>
                    </SchemaData>
                </ExtendedData>
                <Point>
                    <coordinates>-4.428448000018376,36.718247037624714</coordinates>
                </Point>
            </Placemark>
            <Placemark id="da_aparcamientosMoto.fid--175d4967_1a00d9bb795_30da">
                <ExtendedData>
                    <SchemaData schemaUrl="#da_aparcamientosMoto_1">
                        <SimpleData name="ID">65797</SimpleData>
                        <SimpleData name="NOMBRE">APARCAMOTOS_271</SimpleData>
                        <SimpleData name="DIRECCION">CALLE LÍBAR, 4 </SimpleData>
                        <SimpleData name="HORARIOS">24 h.</SimpleData>
                        <SimpleData name="TITULARIDAD">MUNICIPAL</SimpleData>
                        <SimpleData name="TARJETAJOVEN">No</SimpleData>
                        <SimpleData name="ACCESOPMR">No</SimpleData>
                        <SimpleData name="LONGITUD">5</SimpleData>
                    </SchemaData>
                </ExtendedData>
                <Point>
                    <coordinates>-4.449524000018868,36.68685803758463</coordinates>
                </Point>
            </Placemark>
            <Placemark id="da_aparcamientosMoto.fid--175d4967_1a00d9bb795_30db">
                <ExtendedData>
                    <SchemaData schemaUrl="#da_aparcamientosMoto_1">
                        <SimpleData name="ID">65619</SimpleData>
                        <SimpleData name="NOMBRE">APARCAMOTOS_020</SimpleData>
                        <SimpleData name="DESCRIPCION">Esq. con Cl. Don Cristian</SimpleData>
                        <SimpleData name="DIRECCION">CALLE DON CRISTIÁN, 10 </SimpleData>
                        <SimpleData name="HORARIOS">Laborables 8 a 20 h.</SimpleData>
                        <SimpleData name="TITULARIDAD">MUNICIPAL</SimpleData>
                        <SimpleData name="TARJETAJOVEN">No</SimpleData>
                        <SimpleData name="ACCESOPMR">No</SimpleData>
                        <SimpleData name="LONGITUD">19</SimpleData>
                    </SchemaData>
                </ExtendedData>
                <Point>
                    <coordinates>-4.429491162318514,36.71881435318223</coordinates>
                </Point>
            </Placemark>
            <Placemark id="da_aparcamientosMoto.fid--175d4967_1a00d9bb795_30dc">
                <ExtendedData>
                    <SchemaData schemaUrl="#da_aparcamientosMoto_1">
                        <SimpleData name="ID">65608</SimpleData>
                        <SimpleData name="NOMBRE">APARCAMOTOS_022</SimpleData>
                        <SimpleData name="DESCRIPCION">Esq. con Cl. Mármoles</SimpleData>
                        <SimpleData name="DIRECCION">CALLE ARMENGUAL DE LA MOTA, 43 </SimpleData>
                        <SimpleData name="HORARIOS">laborables 8 a 22 h.</SimpleData>
                        <SimpleData name="TITULARIDAD">MUNICIPAL</SimpleData>
                        <SimpleData name="TARJETAJOVEN">No</SimpleData>
                        <SimpleData name="ACCESOPMR">No</SimpleData>
                        <SimpleData name="LONGITUD">22</SimpleData>
                    </SchemaData>
                </ExtendedData>
                <Point>
                    <coordinates>-4.4290990000184,36.72140703762872</coordinates>
                </Point>
            </Placemark>
            <Placemark id="da_aparcamientosMoto.fid--175d4967_1a00d9bb795_30dd">
                <ExtendedData>
                    <SchemaData schemaUrl="#da_aparcamientosMoto_1">
                        <SimpleData name="ID">80147</SimpleData>
                        <SimpleData name="NOMBRE">APARCAMOTOS_386</SimpleData>
                        <SimpleData name="DESCRIPCION">C/ Eduardo de Palacio esquina con C/ Frigiliana</SimpleData>
                        <SimpleData name="DIRECCION">CALLE EDUARDO DE PALACIO, 2 </SimpleData>
                        <SimpleData name="TITULARIDAD">MUNICIPAL</SimpleData>
                        <SimpleData name="TARJETAJOVEN">No</SimpleData>
                        <SimpleData name="ACCESOPMR">No</SimpleData>
                        <SimpleData name="LONGITUD">12</SimpleData>
                    </SchemaData>
                </ExtendedData>
                <Point>
                    <coordinates>-4.445735507605929,36.696420053836675</coordinates>
                </Point>
            </Placemark>
            <Placemark id="da_aparcamientosMoto.fid--175d4967_1a00d9bb795_30de">
                <ExtendedData>
                    <SchemaData schemaUrl="#da_aparcamientosMoto_1">
                        <SimpleData name="ID">65701</SimpleData>
                        <SimpleData name="NOMBRE">APARCAMOTOS_177</SimpleData>
                        <SimpleData name="DESCRIPCION">Esq. Casas de Campos</SimpleData>
                        <SimpleData name="DIRECCION">CALLE BLASCO DE GARAY, 3 </SimpleData>
                        <SimpleData name="HORARIOS">24 h.</SimpleData>
                        <SimpleData name="TITULARIDAD">MUNICIPAL</SimpleData>
                        <SimpleData name="TARJETAJOVEN">No</SimpleData>
                        <SimpleData name="ACCESOPMR">No</SimpleData>
                        <SimpleData name="LONGITUD">30</SimpleData>
                    </SchemaData>
                </ExtendedData>
                <Point>
                    <coordinates>-4.4224590000182085,36.71611303762202</coordinates>
                </Point>
            </Placemark>
            <Placemark id="da_aparcamientosMoto.fid--175d4967_1a00d9bb795_30df">
                <ExtendedData>
                    <SchemaData schemaUrl="#da_aparcamientosMoto_1">
                        <SimpleData name="ID">65812</SimpleData>
                        <SimpleData name="NOMBRE">APARCAMOTOS_295</SimpleData>
                        <SimpleData name="DIRECCION">PASAJE EGUILUZ, 2 </SimpleData>
                        <SimpleData name="TITULARIDAD">MUNICIPAL</SimpleData>
                        <SimpleData name="TARJETAJOVEN">No</SimpleData>
                        <SimpleData name="ACCESOPMR">No</SimpleData>
                        <SimpleData name="LONGITUD">16</SimpleData>
                    </SchemaData>
                </ExtendedData>
                <Point>
                    <coordinates>-4.436446700018573,36.71119903761572</coordinates>
                </Point>
            </Placemark>
            <Placemark id="da_aparcamientosMoto.fid--175d4967_1a00d9bb795_30e0">
                <ExtendedData>
                    <SchemaData schemaUrl="#da_aparcamientosMoto_1">
                        <SimpleData name="ID">65815</SimpleData>
                        <SimpleData name="NOMBRE">APARCAMOTOS_021</SimpleData>
                        <SimpleData name="DESCRIPCION">Esq. con Cl. Enrique Scholtz</SimpleData>
                        <SimpleData name="DIRECCION">CALLE ARMENGUAL DE LA MOTA, 26 </SimpleData>
                        <SimpleData name="HORARIOS">Laborables 8 A 20 h.</SimpleData>
                        <SimpleData name="TITULARIDAD">MUNICIPAL</SimpleData>
                        <SimpleData name="TARJETAJOVEN">No</SimpleData>
                        <SimpleData name="ACCESOPMR">No</SimpleData>
                        <SimpleData name="LONGITUD">15</SimpleData>
                    </SchemaData>
                </ExtendedData>
                <Point>
                    <coordinates>-4.429163000018403,36.72042303762747</coordinates>
                </Point>
            </Placemark>
            <Placemark id="da_aparcamientosMoto.fid--175d4967_1a00d9bb795_30e1">
                <ExtendedData>
                    <SchemaData schemaUrl="#da_aparcamientosMoto_1">
                        <SimpleData name="ID">65734</SimpleData>
                        <SimpleData name="NOMBRE">APARCAMOTOS_236</SimpleData>
                        <SimpleData name="DESCRIPCION">A la altura del número 12</SimpleData>
                        <SimpleData name="DIRECCION">PASEO DE LA FAROLA, 12 </SimpleData>
                        <SimpleData name="TITULARIDAD">MUNICIPAL</SimpleData>
                        <SimpleData name="TARJETAJOVEN">No</SimpleData>
                        <SimpleData name="ACCESOPMR">No</SimpleData>
                        <SimpleData name="LONGITUD">29</SimpleData>
                    </SchemaData>
                </ExtendedData>
                <Point>
                    <coordinates>-4.413145000017968,36.716349037622315</coordinates>
                </Point>
            </Placemark>
            <Placemark id="da_aparcamientosMoto.fid--175d4967_1a00d9bb795_30e2">
                <ExtendedData>
                    <SchemaData schemaUrl="#da_aparcamientosMoto_1">
                        <SimpleData name="ID">65688</SimpleData>
                        <SimpleData name="NOMBRE">APARCAMOTOS_164</SimpleData>
                        <SimpleData name="DESCRIPCION">Esq. Av. Málaga Oloroso</SimpleData>
                        <SimpleData name="DIRECCION">CALLE JEREZ PERCHET, 33 </SimpleData>
                        <SimpleData name="HORARIOS">24 h.</SimpleData>
                        <SimpleData name="TITULARIDAD">MUNICIPAL</SimpleData>
                        <SimpleData name="TARJETAJOVEN">No</SimpleData>
                        <SimpleData name="ACCESOPMR">No</SimpleData>
                        <SimpleData name="LONGITUD">8</SimpleData>
                    </SchemaData>
                </ExtendedData>
                <Point>
                    <coordinates>-4.417531000018163,36.74648503766068</coordinates>
                </Point>
            </Placemark>
            <Placemark id="da_aparcamientosMoto.fid--175d4967_1a00d9bb795_30e3">
                <ExtendedData>
                    <SchemaData schemaUrl="#da_aparcamientosMoto_1">
                        <SimpleData name="ID">78120</SimpleData>
                        <SimpleData name="NOMBRE">APARCAMOTOS_362</SimpleData>
                        <SimpleData name="DESCRIPCION">Esq. Domingo Lozano</SimpleData>
                        <SimpleData name="DIRECCION">CALLE MORALES VILLARRUBIA, 22 </SimpleData>
                        <SimpleData name="TITULARIDAD">MUNICIPAL</SimpleData>
                        <SimpleData name="TARJETAJOVEN">No</SimpleData>
                        <SimpleData name="ACCESOPMR">No</SimpleData>
                        <SimpleData name="LONGITUD">10</SimpleData>
                    </SchemaData>
                </ExtendedData>
                <Point>
                    <coordinates>-4.438862858792488,36.72602575447435</coordinates>
                </Point>
            </Placemark>
            <Placemark id="da_aparcamientosMoto.fid--175d4967_1a00d9bb795_30e4">
                <ExtendedData>
                    <SchemaData schemaUrl="#da_aparcamientosMoto_1">
                        <SimpleData name="ID">65771</SimpleData>
                        <SimpleData name="NOMBRE">APARCAMOTOS_310</SimpleData>
                        <SimpleData name="DIRECCION">AVENIDA DE JANE BOWLES, 1 </SimpleData>
                        <SimpleData name="TITULARIDAD">MUNICIPAL</SimpleData>
                        <SimpleData name="TARJETAJOVEN">No</SimpleData>
                        <SimpleData name="ACCESOPMR">No</SimpleData>
                        <SimpleData name="LONGITUD">22</SimpleData>
                    </SchemaData>
                </ExtendedData>
                <Point>
                    <coordinates>-4.426652120018403,36.743974707657415</coordinates>
                </Point>
            </Placemark>
            <Placemark id="da_aparcamientosMoto.fid--175d4967_1a00d9bb795_30e5">
                <ExtendedData>
                    <SchemaData schemaUrl="#da_aparcamientosMoto_1">
                        <SimpleData name="ID">65659</SimpleData>
                        <SimpleData name="NOMBRE">APARCAMOTOS_124</SimpleData>
                        <SimpleData name="DESCRIPCION">Esq. con Cl. Jacinto Verdaguer</SimpleData>
                        <SimpleData name="DIRECCION">CALLE JACINTO VERDAGUER, 16 </SimpleData>
                        <SimpleData name="HORARIOS">24 h.</SimpleData>
                        <SimpleData name="TITULARIDAD">MUNICIPAL</SimpleData>
                        <SimpleData name="TARJETAJOVEN">No</SimpleData>
                        <SimpleData name="ACCESOPMR">No</SimpleData>
                        <SimpleData name="LONGITUD">11</SimpleData>
                    </SchemaData>
                </ExtendedData>
                <Point>
                    <coordinates>-4.428899735230707,36.711507219180774</coordinates>
                </Point>
            </Placemark>
            <Placemark id="da_aparcamientosMoto.fid--175d4967_1a00d9bb795_30e6">
                <ExtendedData>
                    <SchemaData schemaUrl="#da_aparcamientosMoto_1">
                        <SimpleData name="ID">65765</SimpleData>
                        <SimpleData name="NOMBRE">APARCAMOTOS_302</SimpleData>
                        <SimpleData name="DIRECCION">CALLE JOSÉ CALDERÓN, 24 </SimpleData>
                        <SimpleData name="TITULARIDAD">MUNICIPAL</SimpleData>
                        <SimpleData name="TARJETAJOVEN">No</SimpleData>
                        <SimpleData name="ACCESOPMR">No</SimpleData>
                        <SimpleData name="LONGITUD">22</SimpleData>
                    </SchemaData>
                </ExtendedData>
                <Point>
                    <coordinates>-4.537111230021767,36.72264216763003</coordinates>
                </Point>
            </Placemark>
            <Placemark id="da_aparcamientosMoto.fid--175d4967_1a00d9bb795_30e7">
                <ExtendedData>
                    <SchemaData schemaUrl="#da_aparcamientosMoto_1">
                        <SimpleData name="ID">65742</SimpleData>
                        <SimpleData name="NOMBRE">APARCAMOTOS_245</SimpleData>
                        <SimpleData name="DESCRIPCION">Esq. Av. de Mayo</SimpleData>
                        <SimpleData name="DIRECCION">PASEO IBÉRICO, 5 </SimpleData>
                        <SimpleData name="HORARIOS">24 h.</SimpleData>
                        <SimpleData name="TITULARIDAD">MUNICIPAL</SimpleData>
                        <SimpleData name="TARJETAJOVEN">No</SimpleData>
                        <SimpleData name="ACCESOPMR">No</SimpleData>
                        <SimpleData name="LONGITUD">10</SimpleData>
                    </SchemaData>
                </ExtendedData>
                <Point>
                    <coordinates>-4.4475800000187915,36.67893503757462</coordinates>
                </Point>
            </Placemark>
            <Placemark id="da_aparcamientosMoto.fid--175d4967_1a00d9bb795_30e8">
                <ExtendedData>
                    <SchemaData schemaUrl="#da_aparcamientosMoto_1">
                        <SimpleData name="ID">75304</SimpleData>
                        <SimpleData name="NOMBRE">APARCAMOTOS_338</SimpleData>
                        <SimpleData name="DESCRIPCION">esquina con Avenida Jorge Luis Borges</SimpleData>
                        <SimpleData name="DIRECCION">CALLE JOAQUÍN TURINA, 25 </SimpleData>
                        <SimpleData name="TITULARIDAD">MUNICIPAL</SimpleData>
                        <SimpleData name="TARJETAJOVEN">No</SimpleData>
                        <SimpleData name="ACCESOPMR">No</SimpleData>
                        <SimpleData name="LONGITUD"> </SimpleData>
                    </SchemaData>
                </ExtendedData>
                <Point>
                    <coordinates>-4.463181485924571,36.72033494556805</coordinates>
                </Point>
            </Placemark>
            <Placemark id="da_aparcamientosMoto.fid--175d4967_1a00d9bb795_30e9">
                <ExtendedData>
                    <SchemaData schemaUrl="#da_aparcamientosMoto_1">
                        <SimpleData name="ID">65702</SimpleData>
                        <SimpleData name="NOMBRE">APARCAMOTOS_178</SimpleData>
                        <SimpleData name="DESCRIPCION">Esq. Escultor Marin Higuero</SimpleData>
                        <SimpleData name="DIRECCION">AVENIDA DE JUAN SEBASTIÁN ELCANO, 155 </SimpleData>
                        <SimpleData name="HORARIOS">24 h</SimpleData>
                        <SimpleData name="TITULARIDAD">MUNICIPAL</SimpleData>
                        <SimpleData name="TARJETAJOVEN">No</SimpleData>
                        <SimpleData name="ACCESOPMR">No</SimpleData>
                        <SimpleData name="LONGITUD">24</SimpleData>
                    </SchemaData>
                </ExtendedData>
                <Point>
                    <coordinates>-4.364192000016781,36.721838037629404</coordinates>
                </Point>
            </Placemark>
            <Placemark id="da_aparcamientosMoto.fid--175d4967_1a00d9bb795_30ea">
                <ExtendedData>
                    <SchemaData schemaUrl="#da_aparcamientosMoto_1">
                        <SimpleData name="ID">65733</SimpleData>
                        <SimpleData name="NOMBRE">APARCAMOTOS_233</SimpleData>
                        <SimpleData name="DESCRIPCION">A la altura del nº 21A</SimpleData>
                        <SimpleData name="DIRECCION">CALLE CERRAJA, 21A</SimpleData>
                        <SimpleData name="TITULARIDAD">MUNICIPAL</SimpleData>
                        <SimpleData name="TARJETAJOVEN">No</SimpleData>
                        <SimpleData name="ACCESOPMR">No</SimpleData>
                        <SimpleData name="LONGITUD">11</SimpleData>
                    </SchemaData>
                </ExtendedData>
                <Point>
                    <coordinates>-4.49625500002045,36.74280103765581</coordinates>
                </Point>
            </Placemark>
            <Placemark id="da_aparcamientosMoto.fid--175d4967_1a00d9bb795_30eb">
                <ExtendedData>
                    <SchemaData schemaUrl="#da_aparcamientosMoto_1">
                        <SimpleData name="ID">65800</SimpleData>
                        <SimpleData name="NOMBRE">APARCAMOTOS_256</SimpleData>
                        <SimpleData name="DESCRIPCION">Esq. con Cl. Somera</SimpleData>
                        <SimpleData name="DIRECCION">CALLE BARROSO, 13 </SimpleData>
                        <SimpleData name="HORARIOS">24 h.</SimpleData>
                        <SimpleData name="TITULARIDAD">MUNICIPAL</SimpleData>
                        <SimpleData name="TARJETAJOVEN">No</SimpleData>
                        <SimpleData name="ACCESOPMR">No</SimpleData>
                        <SimpleData name="LONGITUD">13</SimpleData>
                    </SchemaData>
                </ExtendedData>
                <Point>
                    <coordinates>-4.423703000018238,36.715563037621344</coordinates>
                </Point>
            </Placemark>
            <Placemark id="da_aparcamientosMoto.fid--175d4967_1a00d9bb795_30ec">
                <ExtendedData>
                    <SchemaData schemaUrl="#da_aparcamientosMoto_1">
                        <SimpleData name="ID">65695</SimpleData>
                        <SimpleData name="NOMBRE">APARCAMOTOS_170</SimpleData>
                        <SimpleData name="DIRECCION">PLAZA DE JESÚS "EL RICO", 5 </SimpleData>
                        <SimpleData name="HORARIOS">24 h.</SimpleData>
                        <SimpleData name="TITULARIDAD">MUNICIPAL</SimpleData>
                        <SimpleData name="TARJETAJOVEN">No</SimpleData>
                        <SimpleData name="ACCESOPMR">No</SimpleData>
                        <SimpleData name="LONGITUD">105</SimpleData>
                    </SchemaData>
                </ExtendedData>
                <Point>
                    <coordinates>-4.416769000018079,36.72251103763015</coordinates>
                </Point>
            </Placemark>
            <Placemark id="da_aparcamientosMoto.fid--175d4967_1a00d9bb795_30ed">
                <ExtendedData>
                    <SchemaData schemaUrl="#da_aparcamientosMoto_1">
                        <SimpleData name="ID">65750</SimpleData>
                        <SimpleData name="NOMBRE">APARCAMOTOS_253</SimpleData>
                        <SimpleData name="DESCRIPCION">Esq. con Alameda de Colón</SimpleData>
                        <SimpleData name="DIRECCION">CALLE MARTÍNEZ CAMPOS, 20 </SimpleData>
                        <SimpleData name="HORARIOS">24 h.</SimpleData>
                        <SimpleData name="TITULARIDAD">MUNICIPAL</SimpleData>
                        <SimpleData name="TARJETAJOVEN">No</SimpleData>
                        <SimpleData name="ACCESOPMR">No</SimpleData>
                        <SimpleData name="LONGITUD">6</SimpleData>
                    </SchemaData>
                </ExtendedData>
                <Point>
                    <coordinates>-4.424412000018265,36.71513003762073</coordinates>
                </Point>
            </Placemark>
            <Placemark id="da_aparcamientosMoto.fid--175d4967_1a00d9bb795_30ee">
                <ExtendedData>
                    <SchemaData schemaUrl="#da_aparcamientosMoto_1">
                        <SimpleData name="ID">65681</SimpleData>
                        <SimpleData name="NOMBRE">APARCAMOTOS_156</SimpleData>
                        <SimpleData name="DESCRIPCION">Puerta de Gimnasio.</SimpleData>
                        <SimpleData name="DIRECCION">AVENIDA DE PARMÉNIDES, 7 </SimpleData>
                        <SimpleData name="HORARIOS">24h</SimpleData>
                        <SimpleData name="TITULARIDAD">MUNICIPAL</SimpleData>
                        <SimpleData name="TARJETAJOVEN">No</SimpleData>
                        <SimpleData name="ACCESOPMR">No</SimpleData>
                        <SimpleData name="LONGITUD">20</SimpleData>
                    </SchemaData>
                </ExtendedData>
                <Point>
                    <coordinates>-4.479967653771248,36.72298309661495</coordinates>
                </Point>
            </Placemark>
            <Placemark id="da_aparcamientosMoto.fid--175d4967_1a00d9bb795_30ef">
                <ExtendedData>
                    <SchemaData schemaUrl="#da_aparcamientosMoto_1">
                        <SimpleData name="ID">65796</SimpleData>
                        <SimpleData name="NOMBRE">APARCAMOTOS_226</SimpleData>
                        <SimpleData name="DIRECCION">CALLE PALMA DEL RÍO, 2 </SimpleData>
                        <SimpleData name="HORARIOS">24 h.</SimpleData>
                        <SimpleData name="TITULARIDAD">MUNICIPAL</SimpleData>
                        <SimpleData name="TARJETAJOVEN">No</SimpleData>
                        <SimpleData name="ACCESOPMR">No</SimpleData>
                        <SimpleData name="LONGITUD">10</SimpleData>
                    </SchemaData>
                </ExtendedData>
                <Point>
                    <coordinates>-4.453326000018994,36.69167803759076</coordinates>
                </Point>
            </Placemark>
            <Placemark id="da_aparcamientosMoto.fid--175d4967_1a00d9bb795_30f0">
                <ExtendedData>
                    <SchemaData schemaUrl="#da_aparcamientosMoto_1">
                        <SimpleData name="ID">65748</SimpleData>
                        <SimpleData name="NOMBRE">APARCAMOTOS_247</SimpleData>
                        <SimpleData name="DESCRIPCION">Esq. Cl. Alemania</SimpleData>
                        <SimpleData name="DIRECCION">CALLE CONCEJAL RODRÍGUEZ SORIA, 2 </SimpleData>
                        <SimpleData name="HORARIOS">24 h.</SimpleData>
                        <SimpleData name="TITULARIDAD">MUNICIPAL</SimpleData>
                        <SimpleData name="TARJETAJOVEN">No</SimpleData>
                        <SimpleData name="ACCESOPMR">No</SimpleData>
                        <SimpleData name="LONGITUD">10</SimpleData>
                    </SchemaData>
                </ExtendedData>
                <Point>
                    <coordinates>-4.424401000018251,36.71323903761837</coordinates>
                </Point>
            </Placemark>
            <Placemark id="da_aparcamientosMoto.fid--175d4967_1a00d9bb795_30f1">
                <ExtendedData>
                    <SchemaData schemaUrl="#da_aparcamientosMoto_1">
                        <SimpleData name="ID">65754</SimpleData>
                        <SimpleData name="NOMBRE">APARCAMOTOS_254</SimpleData>
                        <SimpleData name="DESCRIPCION">Esq. con Cl. San Lorenzo</SimpleData>
                        <SimpleData name="DIRECCION">CALLE MARTÍNEZ CAMPOS, 17 </SimpleData>
                        <SimpleData name="HORARIOS">24 h.</SimpleData>
                        <SimpleData name="TITULARIDAD">MUNICIPAL</SimpleData>
                        <SimpleData name="TARJETAJOVEN">No</SimpleData>
                        <SimpleData name="ACCESOPMR">No</SimpleData>
                        <SimpleData name="LONGITUD">11</SimpleData>
                    </SchemaData>
                </ExtendedData>
                <Point>
                    <coordinates>-4.424057000018251,36.715224037620835</coordinates>
                </Point>
            </Placemark>
            <Placemark id="da_aparcamientosMoto.fid--175d4967_1a00d9bb795_30f2">
                <ExtendedData>
                    <SchemaData schemaUrl="#da_aparcamientosMoto_1">
                        <SimpleData name="ID">65768</SimpleData>
                        <SimpleData name="NOMBRE">APARCAMOTOS_305</SimpleData>
                        <SimpleData name="DESCRIPCION">Esq. con Cl. Capulino Jauregui</SimpleData>
                        <SimpleData name="DIRECCION">CALLE AYALA, 61 </SimpleData>
                        <SimpleData name="TITULARIDAD">MUNICIPAL</SimpleData>
                        <SimpleData name="TARJETAJOVEN">No</SimpleData>
                        <SimpleData name="ACCESOPMR">No</SimpleData>
                        <SimpleData name="LONGITUD">8</SimpleData>
                    </SchemaData>
                </ExtendedData>
                <Point>
                    <coordinates>-4.435913890018553,36.70603139760916</coordinates>
                </Point>
            </Placemark>
            <Placemark id="da_aparcamientosMoto.fid--175d4967_1a00d9bb795_30f3">
                <ExtendedData>
                    <SchemaData schemaUrl="#da_aparcamientosMoto_1">
                        <SimpleData name="ID">65746</SimpleData>
                        <SimpleData name="NOMBRE">APARCAMOTOS_234</SimpleData>
                        <SimpleData name="DESCRIPCION">Esquina c/ Mendivil</SimpleData>
                        <SimpleData name="DIRECCION">CALLE EGUILUZ, 10 </SimpleData>
                        <SimpleData name="TITULARIDAD">MUNICIPAL</SimpleData>
                        <SimpleData name="TARJETAJOVEN">No</SimpleData>
                        <SimpleData name="ACCESOPMR">No</SimpleData>
                        <SimpleData name="LONGITUD">16</SimpleData>
                    </SchemaData>
                </ExtendedData>
                <Point>
                    <coordinates>-4.434987000018539,36.712241037617105</coordinates>
                </Point>
            </Placemark>
            <Placemark id="da_aparcamientosMoto.fid--175d4967_1a00d9bb795_30f4">
                <ExtendedData>
                    <SchemaData schemaUrl="#da_aparcamientosMoto_1">
                        <SimpleData name="ID">65792</SimpleData>
                        <SimpleData name="NOMBRE">APARCAMOTOS_235</SimpleData>
                        <SimpleData name="DESCRIPCION">Frente Cl. Dos Aceras</SimpleData>
                        <SimpleData name="DIRECCION">CALLE REFINO, 37 </SimpleData>
                        <SimpleData name="HORARIOS">Motos</SimpleData>
                        <SimpleData name="TITULARIDAD">MUNICIPAL</SimpleData>
                        <SimpleData name="TARJETAJOVEN">No</SimpleData>
                        <SimpleData name="ACCESOPMR">No</SimpleData>
                        <SimpleData name="LONGITUD">6</SimpleData>
                    </SchemaData>
                </ExtendedData>
                <Point>
                    <coordinates>-4.42030400001818,36.726434037635194</coordinates>
                </Point>
            </Placemark>
            <Placemark id="da_aparcamientosMoto.fid--175d4967_1a00d9bb795_30f5">
                <ExtendedData>
                    <SchemaData schemaUrl="#da_aparcamientosMoto_1">
                        <SimpleData name="ID">65671</SimpleData>
                        <SimpleData name="NOMBRE">APARCAMOTOS_136</SimpleData>
                        <SimpleData name="DESCRIPCION">Esq. con Pasaje Noblejas</SimpleData>
                        <SimpleData name="DIRECCION">CALLE SALITRE, 20 </SimpleData>
                        <SimpleData name="HORARIOS">24 h.</SimpleData>
                        <SimpleData name="TITULARIDAD">MUNICIPAL</SimpleData>
                        <SimpleData name="TARJETAJOVEN">No</SimpleData>
                        <SimpleData name="ACCESOPMR">No</SimpleData>
                        <SimpleData name="LONGITUD">14</SimpleData>
                    </SchemaData>
                </ExtendedData>
                <Point>
                    <coordinates>-4.427490234393343,36.713447757292016</coordinates>
                </Point>
            </Placemark>
            <Placemark id="da_aparcamientosMoto.fid--175d4967_1a00d9bb795_30f6">
                <ExtendedData>
                    <SchemaData schemaUrl="#da_aparcamientosMoto_1">
                        <SimpleData name="ID">65617</SimpleData>
                        <SimpleData name="NOMBRE">APARCAMOTOS_003</SimpleData>
                        <SimpleData name="DESCRIPCION">Esquina Casas de Campos</SimpleData>
                        <SimpleData name="DIRECCION">CALLE CASAS DE CAMPOS, 35 </SimpleData>
                        <SimpleData name="HORARIOS">Laborables 8 a 20 h.</SimpleData>
                        <SimpleData name="TITULARIDAD">MUNICIPAL</SimpleData>
                        <SimpleData name="TARJETAJOVEN">No</SimpleData>
                        <SimpleData name="ACCESOPMR">No</SimpleData>
                        <SimpleData name="LONGITUD">20</SimpleData>
                    </SchemaData>
                </ExtendedData>
                <Point>
                    <coordinates>-4.424760000018271,36.71563203762142</coordinates>
                </Point>
            </Placemark>
            <Placemark id="da_aparcamientosMoto.fid--175d4967_1a00d9bb795_30f7">
                <ExtendedData>
                    <SchemaData schemaUrl="#da_aparcamientosMoto_1">
                        <SimpleData name="ID">78442</SimpleData>
                        <SimpleData name="NOMBRE">APARCAMOTOS_372</SimpleData>
                        <SimpleData name="DESCRIPCION">C/ Vega N.º 22, esquina con C/ Caño</SimpleData>
                        <SimpleData name="DIRECCION">CALLE DE LA VEGA, 22 </SimpleData>
                        <SimpleData name="TITULARIDAD">MUNICIPAL</SimpleData>
                        <SimpleData name="TARJETAJOVEN">No</SimpleData>
                        <SimpleData name="ACCESOPMR">No</SimpleData>
                        <SimpleData name="LONGITUD">9</SimpleData>
                    </SchemaData>
                </ExtendedData>
                <Point>
                    <coordinates>-4.50178926777043,36.66836925839527</coordinates>
                </Point>
            </Placemark>
            <Placemark id="da_aparcamientosMoto.fid--175d4967_1a00d9bb795_30f8">
                <ExtendedData>
                    <SchemaData schemaUrl="#da_aparcamientosMoto_1">
                        <SimpleData name="ID">65607</SimpleData>
                        <SimpleData name="NOMBRE">APARCAMOTOS_217</SimpleData>
                        <SimpleData name="DESCRIPCION">Esq. con Cl. Juan Sebastian Bach</SimpleData>
                        <SimpleData name="DIRECCION">CALLE JUAN SEBASTIÁN BACH, 5 </SimpleData>
                        <SimpleData name="HORARIOS">24 h</SimpleData>
                        <SimpleData name="TITULARIDAD">MUNICIPAL</SimpleData>
                        <SimpleData name="TARJETAJOVEN">No</SimpleData>
                        <SimpleData name="ACCESOPMR">No</SimpleData>
                        <SimpleData name="LONGITUD">6</SimpleData>
                    </SchemaData>
                </ExtendedData>
                <Point>
                    <coordinates>-4.449969000018912,36.69500203759508</coordinates>
                </Point>
            </Placemark>
            <Placemark id="da_aparcamientosMoto.fid--175d4967_1a00d9bb795_30f9">
                <ExtendedData>
                    <SchemaData schemaUrl="#da_aparcamientosMoto_1">
                        <SimpleData name="ID">65805</SimpleData>
                        <SimpleData name="NOMBRE">APARCAMOTOS_289</SimpleData>
                        <SimpleData name="DIRECCION">CALLE MALPICA, 12 </SimpleData>
                        <SimpleData name="TITULARIDAD">MUNICIPAL</SimpleData>
                        <SimpleData name="TARJETAJOVEN">No</SimpleData>
                        <SimpleData name="ACCESOPMR">No</SimpleData>
                        <SimpleData name="LONGITUD">14</SimpleData>
                    </SchemaData>
                </ExtendedData>
                <Point>
                    <coordinates>-4.429689000018404,36.7150290376206</coordinates>
                </Point>
            </Placemark>
            <Placemark id="da_aparcamientosMoto.fid--175d4967_1a00d9bb795_30fa">
                <ExtendedData>
                    <SchemaData schemaUrl="#da_aparcamientosMoto_1">
                        <SimpleData name="ID">65588</SimpleData>
                        <SimpleData name="NOMBRE">APARCAMOTOS_193</SimpleData>
                        <SimpleData name="DESCRIPCION">Esq. Jonas</SimpleData>
                        <SimpleData name="DIRECCION">CALLE SANTA MARÍA MICAELA, 4 </SimpleData>
                        <SimpleData name="HORARIOS">24 h</SimpleData>
                        <SimpleData name="TITULARIDAD">MUNICIPAL</SimpleData>
                        <SimpleData name="TARJETAJOVEN">No</SimpleData>
                        <SimpleData name="ACCESOPMR">No</SimpleData>
                        <SimpleData name="LONGITUD">12</SimpleData>
                    </SchemaData>
                </ExtendedData>
                <Point>
                    <coordinates>-4.417117000018116,36.731590037641716</coordinates>
                </Point>
            </Placemark>
            <Placemark id="da_aparcamientosMoto.fid--175d4967_1a00d9bb795_30fb">
                <ExtendedData>
                    <SchemaData schemaUrl="#da_aparcamientosMoto_1">
                        <SimpleData name="ID">65731</SimpleData>
                        <SimpleData name="NOMBRE">APARCAMOTOS_231</SimpleData>
                        <SimpleData name="DESCRIPCION">A la altura del nº 5</SimpleData>
                        <SimpleData name="DIRECCION">CALLE SAN MILLÁN, 3 </SimpleData>
                        <SimpleData name="TITULARIDAD">MUNICIPAL</SimpleData>
                        <SimpleData name="TARJETAJOVEN">No</SimpleData>
                        <SimpleData name="ACCESOPMR">No</SimpleData>
                        <SimpleData name="LONGITUD">8</SimpleData>
                    </SchemaData>
                </ExtendedData>
                <Point>
                    <coordinates>-4.420162000018178,36.727017037635875</coordinates>
                </Point>
            </Placemark>
            <Placemark id="da_aparcamientosMoto.fid--175d4967_1a00d9bb795_30fc">
                <ExtendedData>
                    <SchemaData schemaUrl="#da_aparcamientosMoto_1">
                        <SimpleData name="ID">65629</SimpleData>
                        <SimpleData name="NOMBRE">APARCAMOTOS_053</SimpleData>
                        <SimpleData name="DESCRIPCION">Frente esquina c/ Arapiles</SimpleData>
                        <SimpleData name="DIRECCION">CALLE SAN MILLÁN, 12 </SimpleData>
                        <SimpleData name="HORARIOS">Lectivos 8 a 20 h.</SimpleData>
                        <SimpleData name="TITULARIDAD">MUNICIPAL</SimpleData>
                        <SimpleData name="TARJETAJOVEN">No</SimpleData>
                        <SimpleData name="ACCESOPMR">No</SimpleData>
                        <SimpleData name="LONGITUD">24</SimpleData>
                    </SchemaData>
                </ExtendedData>
                <Point>
                    <coordinates>-4.419749000018181,36.728965037638396</coordinates>
                </Point>
            </Placemark>
            <Placemark id="da_aparcamientosMoto.fid--175d4967_1a00d9bb795_30fd">
                <ExtendedData>
                    <SchemaData schemaUrl="#da_aparcamientosMoto_1">
                        <SimpleData name="ID">65638</SimpleData>
                        <SimpleData name="NOMBRE">APARCAMOTOS_081</SimpleData>
                        <SimpleData name="DESCRIPCION">Esq. Jurado de Parra</SimpleData>
                        <SimpleData name="DIRECCION">CALLE PADRE LERCHUNDI, 3 </SimpleData>
                        <SimpleData name="HORARIOS">24 h</SimpleData>
                        <SimpleData name="TITULARIDAD">MUNICIPAL</SimpleData>
                        <SimpleData name="TARJETAJOVEN">No</SimpleData>
                        <SimpleData name="ACCESOPMR">No</SimpleData>
                        <SimpleData name="LONGITUD">8</SimpleData>
                    </SchemaData>
                </ExtendedData>
                <Point>
                    <coordinates>-4.355420000016572,36.71994203762707</coordinates>
                </Point>
            </Placemark>
            <Placemark id="da_aparcamientosMoto.fid--175d4967_1a00d9bb795_30fe">
                <ExtendedData>
                    <SchemaData schemaUrl="#da_aparcamientosMoto_1">
                        <SimpleData name="ID">65732</SimpleData>
                        <SimpleData name="NOMBRE">APARCAMOTOS_232</SimpleData>
                        <SimpleData name="DESCRIPCION">A la altura del número 3</SimpleData>
                        <SimpleData name="DIRECCION">CALLE DIEGO VÁZQUEZ OTERO, 6 </SimpleData>
                        <SimpleData name="TITULARIDAD">MUNICIPAL</SimpleData>
                        <SimpleData name="TARJETAJOVEN">No</SimpleData>
                        <SimpleData name="ACCESOPMR">No</SimpleData>
                        <SimpleData name="LONGITUD">12</SimpleData>
                    </SchemaData>
                </ExtendedData>
                <Point>
                    <coordinates>-4.4392300000186715,36.71755503762381</coordinates>
                </Point>
            </Placemark>
            <Placemark id="da_aparcamientosMoto.fid--175d4967_1a00d9bb795_30ff">
                <ExtendedData>
                    <SchemaData schemaUrl="#da_aparcamientosMoto_1">
                        <SimpleData name="ID">65723</SimpleData>
                        <SimpleData name="NOMBRE">APARCAMOTOS_154</SimpleData>
                        <SimpleData name="DIRECCION">AVENIDA DE PRÍES, 10 </SimpleData>
                        <SimpleData name="HORARIOS">24 h</SimpleData>
                        <SimpleData name="TITULARIDAD">MUNICIPAL</SimpleData>
                        <SimpleData name="TARJETAJOVEN">No</SimpleData>
                        <SimpleData name="ACCESOPMR">No</SimpleData>
                        <SimpleData name="LONGITUD">7</SimpleData>
                    </SchemaData>
                </ExtendedData>
                <Point>
                    <coordinates>-4.40677500001782,36.72108103762836</coordinates>
                </Point>
            </Placemark>
            <Placemark id="da_aparcamientosMoto.fid--175d4967_1a00d9bb795_3100">
                <ExtendedData>
                    <SchemaData schemaUrl="#da_aparcamientosMoto_1">
                        <SimpleData name="ID">65632</SimpleData>
                        <SimpleData name="NOMBRE">APARCAMOTOS_074</SimpleData>
                        <SimpleData name="DESCRIPCION">Esq. Avenida Juan Sebastián Elcano</SimpleData>
                        <SimpleData name="DIRECCION">CALLE ARQUITECTO EDUARDO ESTEVE, 2 </SimpleData>
                        <SimpleData name="HORARIOS">24 h.</SimpleData>
                        <SimpleData name="TITULARIDAD">MUNICIPAL</SimpleData>
                        <SimpleData name="TARJETAJOVEN">No</SimpleData>
                        <SimpleData name="ACCESOPMR">No</SimpleData>
                        <SimpleData name="LONGITUD">16</SimpleData>
                    </SchemaData>
                </ExtendedData>
                <Point>
                    <coordinates>-4.362996000016747,36.72132903762884</coordinates>
                </Point>
            </Placemark>
            <Placemark id="da_aparcamientosMoto.fid--175d4967_1a00d9bb795_3101">
                <ExtendedData>
                    <SchemaData schemaUrl="#da_aparcamientosMoto_1">
                        <SimpleData name="ID">65801</SimpleData>
                        <SimpleData name="NOMBRE">APARCAMOTOS_280</SimpleData>
                        <SimpleData name="DESCRIPCION">Esq. con Cl. Federica Montseny</SimpleData>
                        <SimpleData name="DIRECCION">CALLE MAR, 20 </SimpleData>
                        <SimpleData name="HORARIOS">24 h.</SimpleData>
                        <SimpleData name="TITULARIDAD">MUNICIPAL</SimpleData>
                        <SimpleData name="TARJETAJOVEN">No</SimpleData>
                        <SimpleData name="ACCESOPMR">No</SimpleData>
                        <SimpleData name="LONGITUD">10</SimpleData>
                    </SchemaData>
                </ExtendedData>
                <Point>
                    <coordinates>-4.359052000016652,36.719827037626885</coordinates>
                </Point>
            </Placemark>
            <Placemark id="da_aparcamientosMoto.fid--175d4967_1a00d9bb795_3102">
                <ExtendedData>
                    <SchemaData schemaUrl="#da_aparcamientosMoto_1">
                        <SimpleData name="ID">65740</SimpleData>
                        <SimpleData name="NOMBRE">APARCAMOTOS_240</SimpleData>
                        <SimpleData name="DESCRIPCION">Esq. Cl. Trinidad</SimpleData>
                        <SimpleData name="DIRECCION">CALLE MALASAÑA, 3 </SimpleData>
                        <SimpleData name="HORARIOS">24 h.</SimpleData>
                        <SimpleData name="TITULARIDAD">MUNICIPAL</SimpleData>
                        <SimpleData name="TARJETAJOVEN">No</SimpleData>
                        <SimpleData name="ACCESOPMR">No</SimpleData>
                        <SimpleData name="LONGITUD">15</SimpleData>
                    </SchemaData>
                </ExtendedData>
                <Point>
                    <coordinates>-4.427199000018365,36.723318037631216</coordinates>
                </Point>
            </Placemark>
            <Placemark id="da_aparcamientosMoto.fid--175d4967_1a00d9bb795_3103">
                <ExtendedData>
                    <SchemaData schemaUrl="#da_aparcamientosMoto_1">
                        <SimpleData name="ID">65767</SimpleData>
                        <SimpleData name="NOMBRE">APARCAMOTOS_304</SimpleData>
                        <SimpleData name="DIRECCION">CALLE TOMÁS ECHEVERRÍA, 12 </SimpleData>
                        <SimpleData name="TITULARIDAD">MUNICIPAL</SimpleData>
                        <SimpleData name="TARJETAJOVEN">No</SimpleData>
                        <SimpleData name="ACCESOPMR">No</SimpleData>
                        <SimpleData name="LONGITUD">10</SimpleData>
                    </SchemaData>
                </ExtendedData>
                <Point>
                    <coordinates>-4.433664240018482,36.70304781760534</coordinates>
                </Point>
            </Placemark>
            <Placemark id="da_aparcamientosMoto.fid--175d4967_1a00d9bb795_3104">
                <ExtendedData>
                    <SchemaData schemaUrl="#da_aparcamientosMoto_1">
                        <SimpleData name="ID">65830</SimpleData>
                        <SimpleData name="NOMBRE">APARCAMOTOS_112</SimpleData>
                        <SimpleData name="DESCRIPCION">Esq. Plaza Reina Manescau</SimpleData>
                        <SimpleData name="DIRECCION">CALLE MUÑOZ DEGRAIN, 2 </SimpleData>
                        <SimpleData name="HORARIOS">Motos 8 a 20 h.</SimpleData>
                        <SimpleData name="TITULARIDAD">MUNICIPAL</SimpleData>
                        <SimpleData name="TARJETAJOVEN">No</SimpleData>
                        <SimpleData name="ACCESOPMR">No</SimpleData>
                        <SimpleData name="LONGITUD">16</SimpleData>
                    </SchemaData>
                </ExtendedData>
                <Point>
                    <coordinates>-4.434843000018516,36.70567803760874</coordinates>
                </Point>
            </Placemark>
            <Placemark id="da_aparcamientosMoto.fid--175d4967_1a00d9bb795_3105">
                <ExtendedData>
                    <SchemaData schemaUrl="#da_aparcamientosMoto_1">
                        <SimpleData name="ID">65601</SimpleData>
                        <SimpleData name="NOMBRE">APARCAMOTOS_210</SimpleData>
                        <SimpleData name="DESCRIPCION">Esq. Obispo José de Gómez</SimpleData>
                        <SimpleData name="DIRECCION">CALLE OBISPO JOSÉ DE GÓMEZ, 2 </SimpleData>
                        <SimpleData name="HORARIOS">24 h</SimpleData>
                        <SimpleData name="TITULARIDAD">MUNICIPAL</SimpleData>
                        <SimpleData name="TARJETAJOVEN">No</SimpleData>
                        <SimpleData name="ACCESOPMR">No</SimpleData>
                        <SimpleData name="LONGITUD">9</SimpleData>
                    </SchemaData>
                </ExtendedData>
                <Point>
                    <coordinates>-4.419871000018196,36.73566603764691</coordinates>
                </Point>
            </Placemark>
            <Placemark id="da_aparcamientosMoto.fid--175d4967_1a00d9bb795_3106">
                <ExtendedData>
                    <SchemaData schemaUrl="#da_aparcamientosMoto_1">
                        <SimpleData name="ID">65872</SimpleData>
                        <SimpleData name="NOMBRE">APARCAMOTOS_333</SimpleData>
                        <SimpleData name="DESCRIPCION">Esquina con Avda. Salvador Allende</SimpleData>
                        <SimpleData name="DIRECCION">CALLE ARQUITECTO EDUARDO ESTEVE, 11 </SimpleData>
                        <SimpleData name="TITULARIDAD">MUNICIPAL</SimpleData>
                        <SimpleData name="TARJETAJOVEN">No</SimpleData>
                        <SimpleData name="ACCESOPMR">No</SimpleData>
                        <SimpleData name="LONGITUD">32</SimpleData>
                    </SchemaData>
                </ExtendedData>
                <Point>
                    <coordinates>-4.363056500016747,36.71997654762709</coordinates>
                </Point>
            </Placemark>
            <Placemark id="da_aparcamientosMoto.fid--175d4967_1a00d9bb795_3107">
                <ExtendedData>
                    <SchemaData schemaUrl="#da_aparcamientosMoto_1">
                        <SimpleData name="ID">65870</SimpleData>
                        <SimpleData name="NOMBRE">APARCAMOTOS_330</SimpleData>
                        <SimpleData name="DESCRIPCION">esquina con C/ Albéniz</SimpleData>
                        <SimpleData name="DIRECCION">CALLE BOCANA, 2 </SimpleData>
                        <SimpleData name="TITULARIDAD">MUNICIPAL</SimpleData>
                        <SimpleData name="TARJETAJOVEN">No</SimpleData>
                        <SimpleData name="ACCESOPMR">No</SimpleData>
                        <SimpleData name="LONGITUD">18</SimpleData>
                    </SchemaData>
                </ExtendedData>
                <Point>
                    <coordinates>-4.418712270018167,36.734920407645966</coordinates>
                </Point>
            </Placemark>
            <Placemark id="da_aparcamientosMoto.fid--175d4967_1a00d9bb795_3108">
                <ExtendedData>
                    <SchemaData schemaUrl="#da_aparcamientosMoto_1">
                        <SimpleData name="ID">65720</SimpleData>
                        <SimpleData name="NOMBRE">APARCAMOTOS_149</SimpleData>
                        <SimpleData name="DIRECCION">CAMINO DE LA DESVIACIÓN, 18 </SimpleData>
                        <SimpleData name="HORARIOS">24 h.</SimpleData>
                        <SimpleData name="TITULARIDAD">MUNICIPAL</SimpleData>
                        <SimpleData name="TARJETAJOVEN">No</SimpleData>
                        <SimpleData name="ACCESOPMR">No</SimpleData>
                        <SimpleData name="LONGITUD">5</SimpleData>
                    </SchemaData>
                </ExtendedData>
                <Point>
                    <coordinates>-4.383887000017254,36.72335003763133</coordinates>
                </Point>
            </Placemark>
            <Placemark id="da_aparcamientosMoto.fid--175d4967_1a00d9bb795_3109">
                <ExtendedData>
                    <SchemaData schemaUrl="#da_aparcamientosMoto_1">
                        <SimpleData name="ID">65656</SimpleData>
                        <SimpleData name="NOMBRE">APARCAMOTOS_070</SimpleData>
                        <SimpleData name="DESCRIPCION">Esq. Ingeniero José Maria Garnica</SimpleData>
                        <SimpleData name="DIRECCION">CALLE CANALES, 22 </SimpleData>
                        <SimpleData name="HORARIOS">Laborables 8 a 15 h.</SimpleData>
                        <SimpleData name="TITULARIDAD">MUNICIPAL</SimpleData>
                        <SimpleData name="TARJETAJOVEN">No</SimpleData>
                        <SimpleData name="ACCESOPMR">No</SimpleData>
                        <SimpleData name="LONGITUD">30</SimpleData>
                    </SchemaData>
                </ExtendedData>
                <Point>
                    <coordinates>-4.428511000018361,36.7103640376147</coordinates>
                </Point>
            </Placemark>
            <Placemark id="da_aparcamientosMoto.fid--175d4967_1a00d9bb795_310a">
                <ExtendedData>
                    <SchemaData schemaUrl="#da_aparcamientosMoto_1">
                        <SimpleData name="ID">65655</SimpleData>
                        <SimpleData name="NOMBRE">APARCAMOTOS_063</SimpleData>
                        <SimpleData name="DIRECCION">PLAZA EJIDO, 1 </SimpleData>
                        <SimpleData name="HORARIOS">Lectivos 8 a 20 h.</SimpleData>
                        <SimpleData name="TITULARIDAD">MUNICIPAL</SimpleData>
                        <SimpleData name="TARJETAJOVEN">No</SimpleData>
                        <SimpleData name="ACCESOPMR">No</SimpleData>
                        <SimpleData name="LONGITUD">19</SimpleData>
                    </SchemaData>
                </ExtendedData>
                <Point>
                    <coordinates>-4.41938100001816,36.72785603763699</coordinates>
                </Point>
            </Placemark>
            <Placemark id="da_aparcamientosMoto.fid--175d4967_1a00d9bb795_310b">
                <ExtendedData>
                    <SchemaData schemaUrl="#da_aparcamientosMoto_1">
                        <SimpleData name="ID">65763</SimpleData>
                        <SimpleData name="NOMBRE">APARCAMOTOS_300</SimpleData>
                        <SimpleData name="DIRECCION">CALLE BENAHAVÍS, 10 </SimpleData>
                        <SimpleData name="TITULARIDAD">MUNICIPAL</SimpleData>
                        <SimpleData name="TARJETAJOVEN">No</SimpleData>
                        <SimpleData name="ACCESOPMR">No</SimpleData>
                        <SimpleData name="LONGITUD">10</SimpleData>
                    </SchemaData>
                </ExtendedData>
                <Point>
                    <coordinates>-4.464783700019314,36.68350506758037</coordinates>
                </Point>
            </Placemark>
            <Placemark id="da_aparcamientosMoto.fid--175d4967_1a00d9bb795_310c">
                <ExtendedData>
                    <SchemaData schemaUrl="#da_aparcamientosMoto_1">
                        <SimpleData name="ID">65587</SimpleData>
                        <SimpleData name="NOMBRE">APARCAMOTOS_190</SimpleData>
                        <SimpleData name="DESCRIPCION">Esq. Calderón y Cubero</SimpleData>
                        <SimpleData name="DIRECCION">PASEO DE LOS TILOS, 45 </SimpleData>
                        <SimpleData name="HORARIOS">24 h</SimpleData>
                        <SimpleData name="TITULARIDAD">MUNICIPAL</SimpleData>
                        <SimpleData name="TARJETAJOVEN">No</SimpleData>
                        <SimpleData name="ACCESOPMR">No</SimpleData>
                        <SimpleData name="LONGITUD">16</SimpleData>
                    </SchemaData>
                </ExtendedData>
                <Point>
                    <coordinates>-4.43691400001859,36.713148037618254</coordinates>
                </Point>
            </Placemark>
            <Placemark id="da_aparcamientosMoto.fid--175d4967_1a00d9bb795_310d">
                <ExtendedData>
                    <SchemaData schemaUrl="#da_aparcamientosMoto_1">
                        <SimpleData name="ID">65862</SimpleData>
                        <SimpleData name="NOMBRE">APARCAMOTOS_062</SimpleData>
                        <SimpleData name="DIRECCION">PLAZA EJIDO, 7 </SimpleData>
                        <SimpleData name="HORARIOS">Lectivos 8 a 20 h.</SimpleData>
                        <SimpleData name="TITULARIDAD">MUNICIPAL</SimpleData>
                        <SimpleData name="TARJETAJOVEN">No</SimpleData>
                        <SimpleData name="ACCESOPMR">No</SimpleData>
                        <SimpleData name="LONGITUD">12</SimpleData>
                    </SchemaData>
                </ExtendedData>
                <Point>
                    <coordinates>-4.418618000018145,36.72783103763693</coordinates>
                </Point>
            </Placemark>
            <Placemark id="da_aparcamientosMoto.fid--175d4967_1a00d9bb795_310e">
                <ExtendedData>
                    <SchemaData schemaUrl="#da_aparcamientosMoto_1">
                        <SimpleData name="ID">65643</SimpleData>
                        <SimpleData name="NOMBRE">APARCAMOTOS_095</SimpleData>
                        <SimpleData name="DESCRIPCION">Días lectivos de 7:30 a 14:30 horas</SimpleData>
                        <SimpleData name="DIRECCION">CALLE DEL CIPRÉS, 18 </SimpleData>
                        <SimpleData name="HORARIOS">Lectivos 7:30 a14:30</SimpleData>
                        <SimpleData name="TITULARIDAD">MUNICIPAL</SimpleData>
                        <SimpleData name="TARJETAJOVEN">No</SimpleData>
                        <SimpleData name="ACCESOPMR">No</SimpleData>
                        <SimpleData name="LONGITUD">8</SimpleData>
                    </SchemaData>
                </ExtendedData>
                <Point>
                    <coordinates>-4.448087000018939,36.724448037632534</coordinates>
                </Point>
            </Placemark>
            <Placemark id="da_aparcamientosMoto.fid--175d4967_1a00d9bb795_310f">
                <ExtendedData>
                    <SchemaData schemaUrl="#da_aparcamientosMoto_1">
                        <SimpleData name="ID">65850</SimpleData>
                        <SimpleData name="NOMBRE">APARCAMOTOS_123</SimpleData>
                        <SimpleData name="DESCRIPCION">Facultad de Ciencias de la Información y Turismo.</SimpleData>
                        <SimpleData name="DIRECCION">CALLE DE LEÓN TOLSTOI, 7 </SimpleData>
                        <SimpleData name="HORARIOS">24 h.</SimpleData>
                        <SimpleData name="TITULARIDAD">MUNICIPAL</SimpleData>
                        <SimpleData name="TARJETAJOVEN">No</SimpleData>
                        <SimpleData name="ACCESOPMR">No</SimpleData>
                        <SimpleData name="LONGITUD">15</SimpleData>
                    </SchemaData>
                </ExtendedData>
                <Point>
                    <coordinates>-4.470363000019564,36.71475803762023</coordinates>
                </Point>
            </Placemark>
            <Placemark id="da_aparcamientosMoto.fid--175d4967_1a00d9bb795_3110">
                <ExtendedData>
                    <SchemaData schemaUrl="#da_aparcamientosMoto_1">
                        <SimpleData name="ID">65828</SimpleData>
                        <SimpleData name="NOMBRE">APARCAMOTOS_094</SimpleData>
                        <SimpleData name="DESCRIPCION">Esq.Camino Suárez</SimpleData>
                        <SimpleData name="DIRECCION">CALLE BLAS DE LEZO, 3 </SimpleData>
                        <SimpleData name="HORARIOS">Laborables 9 a 21h</SimpleData>
                        <SimpleData name="TITULARIDAD">MUNICIPAL</SimpleData>
                        <SimpleData name="TARJETAJOVEN">No</SimpleData>
                        <SimpleData name="ACCESOPMR">No</SimpleData>
                        <SimpleData name="LONGITUD">11</SimpleData>
                    </SchemaData>
                </ExtendedData>
                <Point>
                    <coordinates>-4.434834122676362,36.72739238765318</coordinates>
                </Point>
            </Placemark>
            <Placemark id="da_aparcamientosMoto.fid--175d4967_1a00d9bb795_3111">
                <ExtendedData>
                    <SchemaData schemaUrl="#da_aparcamientosMoto_1">
                        <SimpleData name="ID">65678</SimpleData>
                        <SimpleData name="NOMBRE">APARCAMOTOS_137</SimpleData>
                        <SimpleData name="DESCRIPCION">Esq. Pasillo de Atocha</SimpleData>
                        <SimpleData name="DIRECCION">CALLE PANADEROS, 26 </SimpleData>
                        <SimpleData name="HORARIOS">24 h.</SimpleData>
                        <SimpleData name="TITULARIDAD">MUNICIPAL</SimpleData>
                        <SimpleData name="TARJETAJOVEN">No</SimpleData>
                        <SimpleData name="ACCESOPMR">No</SimpleData>
                        <SimpleData name="LONGITUD">25</SimpleData>
                    </SchemaData>
                </ExtendedData>
                <Point>
                    <coordinates>-4.4254300000182925,36.717407037623666</coordinates>
                </Point>
            </Placemark>
            <Placemark id="da_aparcamientosMoto.fid--175d4967_1a00d9bb795_3112">
                <ExtendedData>
                    <SchemaData schemaUrl="#da_aparcamientosMoto_1">
                        <SimpleData name="ID">79309</SimpleData>
                        <SimpleData name="NOMBRE">APARCAMOTOS_380</SimpleData>
                        <SimpleData name="DESCRIPCION">C/ José Canalejas esquina con la Plaza Eduardo Dato</SimpleData>
                        <SimpleData name="DIRECCION">CALLE JOSÉ CANALEJAS, 6 </SimpleData>
                        <SimpleData name="TITULARIDAD">MUNICIPAL</SimpleData>
                        <SimpleData name="TARJETAJOVEN">No</SimpleData>
                        <SimpleData name="ACCESOPMR">No</SimpleData>
                        <SimpleData name="LONGITUD">10</SimpleData>
                    </SchemaData>
                </ExtendedData>
                <Point>
                    <coordinates>-4.436477696938288,36.72950447663267</coordinates>
                </Point>
            </Placemark>
            <Placemark id="da_aparcamientosMoto.fid--175d4967_1a00d9bb795_3113">
                <ExtendedData>
                    <SchemaData schemaUrl="#da_aparcamientosMoto_1">
                        <SimpleData name="ID">65808</SimpleData>
                        <SimpleData name="NOMBRE">APARCAMOTOS_292</SimpleData>
                        <SimpleData name="DESCRIPCION">Esq. con Cl. Tomás Echeverria</SimpleData>
                        <SimpleData name="DIRECCION">CALLE DE ANTONIO SOLER, 5 </SimpleData>
                        <SimpleData name="HORARIOS">24 h.</SimpleData>
                        <SimpleData name="TITULARIDAD">MUNICIPAL</SimpleData>
                        <SimpleData name="TARJETAJOVEN">No</SimpleData>
                        <SimpleData name="ACCESOPMR">No</SimpleData>
                        <SimpleData name="LONGITUD">28</SimpleData>
                    </SchemaData>
                </ExtendedData>
                <Point>
                    <coordinates>-4.434506756453879,36.70408165492796</coordinates>
                </Point>
            </Placemark>
            <Placemark id="da_aparcamientosMoto.fid--175d4967_1a00d9bb795_3114">
                <ExtendedData>
                    <SchemaData schemaUrl="#da_aparcamientosMoto_1">
                        <SimpleData name="ID">75545</SimpleData>
                        <SimpleData name="NOMBRE">APARCAMOTOS_060_B</SimpleData>
                        <SimpleData name="DESCRIPCION">Frente a Calle Sagasta</SimpleData>
                        <SimpleData name="DIRECCION">PLAZA DE ARRIOLA, 8 </SimpleData>
                        <SimpleData name="HORARIOS">Laborables de 15 a 5h y no laborables 24h</SimpleData>
                        <SimpleData name="TITULARIDAD">MUNICIPAL</SimpleData>
                        <SimpleData name="TARJETAJOVEN">No</SimpleData>
                        <SimpleData name="ACCESOPMR">No</SimpleData>
                        <SimpleData name="LONGITUD">26</SimpleData>
                    </SchemaData>
                </ExtendedData>
                <Point>
                    <coordinates>-4.42488480402314,36.718718651988574</coordinates>
                </Point>
            </Placemark>
            <Placemark id="da_aparcamientosMoto.fid--175d4967_1a00d9bb795_3115">
                <ExtendedData>
                    <SchemaData schemaUrl="#da_aparcamientosMoto_1">
                        <SimpleData name="ID">65858</SimpleData>
                        <SimpleData name="NOMBRE">APARCAMOTOS_047</SimpleData>
                        <SimpleData name="DESCRIPCION">Esquina c/ Ordóñez</SimpleData>
                        <SimpleData name="DIRECCION">CALLE PANADEROS, 20 </SimpleData>
                        <SimpleData name="HORARIOS">24 h.</SimpleData>
                        <SimpleData name="TITULARIDAD">MUNICIPAL</SimpleData>
                        <SimpleData name="TARJETAJOVEN">No</SimpleData>
                        <SimpleData name="ACCESOPMR">No</SimpleData>
                        <SimpleData name="LONGITUD">48</SimpleData>
                    </SchemaData>
                </ExtendedData>
                <Point>
                    <coordinates>-4.424734000018273,36.71756903762387</coordinates>
                </Point>
            </Placemark>
            <Placemark id="da_aparcamientosMoto.fid--175d4967_1a00d9bb795_3116">
                <ExtendedData>
                    <SchemaData schemaUrl="#da_aparcamientosMoto_1">
                        <SimpleData name="ID">75536</SimpleData>
                        <SimpleData name="NOMBRE">APARCAMOTOS_311</SimpleData>
                        <SimpleData name="DESCRIPCION">Esquina con Calle Francisco Vigil Escalera</SimpleData>
                        <SimpleData name="DIRECCION">CALLE MAGISTRADO SALVADOR BARBERÁ, 5 </SimpleData>
                        <SimpleData name="HORARIOS">24h</SimpleData>
                        <SimpleData name="TITULARIDAD">MUNICIPAL</SimpleData>
                        <SimpleData name="TARJETAJOVEN">No</SimpleData>
                        <SimpleData name="ACCESOPMR">No</SimpleData>
                        <SimpleData name="LONGITUD">10</SimpleData>
                    </SchemaData>
                </ExtendedData>
                <Point>
                    <coordinates>-4.443502179409332,36.72373926078411</coordinates>
                </Point>
            </Placemark>
            <Placemark id="da_aparcamientosMoto.fid--175d4967_1a00d9bb795_3117">
                <ExtendedData>
                    <SchemaData schemaUrl="#da_aparcamientosMoto_1">
                        <SimpleData name="ID">79219</SimpleData>
                        <SimpleData name="NOMBRE">APARCAMOTOS_377A</SimpleData>
                        <SimpleData name="DESCRIPCION">C/ Alcalde José María de los Llanos esq. C /Vistafranca</SimpleData>
                        <SimpleData name="DIRECCION">CALLE ALCALDE JOSÉ MARÍA DE LLANOS, 2 </SimpleData>
                        <SimpleData name="TITULARIDAD">MUNICIPAL</SimpleData>
                        <SimpleData name="TARJETAJOVEN">No</SimpleData>
                        <SimpleData name="ACCESOPMR">No</SimpleData>
                        <SimpleData name="LONGITUD"> </SimpleData>
                    </SchemaData>
                </ExtendedData>
                <Point>
                    <coordinates>-4.449185031841008,36.697462486229334</coordinates>
                </Point>
            </Placemark>
            <Placemark id="da_aparcamientosMoto.fid--175d4967_1a00d9bb795_3118">
                <ExtendedData>
                    <SchemaData schemaUrl="#da_aparcamientosMoto_1">
                        <SimpleData name="ID">65722</SimpleData>
                        <SimpleData name="NOMBRE">APARCAMOTOS_143</SimpleData>
                        <SimpleData name="DESCRIPCION">Esq. con Cl. Sagasta</SimpleData>
                        <SimpleData name="DIRECCION">PLAZA DE ARRIOLA, 12 </SimpleData>
                        <SimpleData name="HORARIOS">Laborables de 10 a 5h y no laborables 24h</SimpleData>
                        <SimpleData name="TITULARIDAD">MUNICIPAL</SimpleData>
                        <SimpleData name="TARJETAJOVEN">No</SimpleData>
                        <SimpleData name="ACCESOPMR">No</SimpleData>
                        <SimpleData name="LONGITUD">16</SimpleData>
                    </SchemaData>
                </ExtendedData>
                <Point>
                    <coordinates>-4.42450800001827,36.71842603762499</coordinates>
                </Point>
            </Placemark>
            <Placemark id="da_aparcamientosMoto.fid--175d4967_1a00d9bb795_3119">
                <ExtendedData>
                    <SchemaData schemaUrl="#da_aparcamientosMoto_1">
                        <SimpleData name="ID">78444</SimpleData>
                        <SimpleData name="NOMBRE">APARCAMOTOS_373</SimpleData>
                        <SimpleData name="DESCRIPCION">C/ Alozaina N.º 44, esquina con C/ Alcalde Díaz Zafra</SimpleData>
                        <SimpleData name="DIRECCION">CALLE ALOZAINA, 44 </SimpleData>
                        <SimpleData name="TITULARIDAD">MUNICIPAL</SimpleData>
                        <SimpleData name="TARJETAJOVEN">No</SimpleData>
                        <SimpleData name="ACCESOPMR">No</SimpleData>
                        <SimpleData name="LONGITUD">10</SimpleData>
                    </SchemaData>
                </ExtendedData>
                <Point>
                    <coordinates>-4.4507258519232336,36.70941580611808</coordinates>
                </Point>
            </Placemark>
            <Placemark id="da_aparcamientosMoto.fid--175d4967_1a00d9bb795_311a">
                <ExtendedData>
                    <SchemaData schemaUrl="#da_aparcamientosMoto_1">
                        <SimpleData name="ID">65679</SimpleData>
                        <SimpleData name="NOMBRE">APARCAMOTOS_133</SimpleData>
                        <SimpleData name="DESCRIPCION">Esq.Panaderos</SimpleData>
                        <SimpleData name="DIRECCION">CALLE PANADEROS, 31 </SimpleData>
                        <SimpleData name="HORARIOS">24 h.</SimpleData>
                        <SimpleData name="TITULARIDAD">MUNICIPAL</SimpleData>
                        <SimpleData name="TARJETAJOVEN">No</SimpleData>
                        <SimpleData name="ACCESOPMR">No</SimpleData>
                        <SimpleData name="LONGITUD">20</SimpleData>
                    </SchemaData>
                </ExtendedData>
                <Point>
                    <coordinates>-4.425325021166021,36.71735126194727</coordinates>
                </Point>
            </Placemark>
            <Placemark id="da_aparcamientosMoto.fid--175d4967_1a00d9bb795_311b">
                <ExtendedData>
                    <SchemaData schemaUrl="#da_aparcamientosMoto_1">
                        <SimpleData name="ID">65856</SimpleData>
                        <SimpleData name="NOMBRE">APARCAMOTOS_098</SimpleData>
                        <SimpleData name="DESCRIPCION">Esq. con Cl. Martínez Maldonado</SimpleData>
                        <SimpleData name="DIRECCION">CALLE PELAYO, 1 </SimpleData>
                        <SimpleData name="HORARIOS">Laborables 8 a 21 h.</SimpleData>
                        <SimpleData name="TITULARIDAD">MUNICIPAL</SimpleData>
                        <SimpleData name="TARJETAJOVEN">No</SimpleData>
                        <SimpleData name="ACCESOPMR">No</SimpleData>
                        <SimpleData name="LONGITUD">15</SimpleData>
                    </SchemaData>
                </ExtendedData>
                <Point>
                    <coordinates>-4.4326570000185,36.72170903762916</coordinates>
                </Point>
            </Placemark>
            <Placemark id="da_aparcamientosMoto.fid--175d4967_1a00d9bb795_311c">
                <ExtendedData>
                    <SchemaData schemaUrl="#da_aparcamientosMoto_1">
                        <SimpleData name="ID">65675</SimpleData>
                        <SimpleData name="NOMBRE">APARCAMOTOS_129</SimpleData>
                        <SimpleData name="DIRECCION">CALLE MARTÍNEZ FALERO, 63 </SimpleData>
                        <SimpleData name="HORARIOS">Laborables 9 a 14 h.</SimpleData>
                        <SimpleData name="TITULARIDAD">MUNICIPAL</SimpleData>
                        <SimpleData name="TARJETAJOVEN">No</SimpleData>
                        <SimpleData name="ACCESOPMR">No</SimpleData>
                        <SimpleData name="LONGITUD">3</SimpleData>
                    </SchemaData>
                </ExtendedData>
                <Point>
                    <coordinates>-4.355517178790453,36.720848229455406</coordinates>
                </Point>
            </Placemark>
            <Placemark id="da_aparcamientosMoto.fid--175d4967_1a00d9bb795_311d">
                <ExtendedData>
                    <SchemaData schemaUrl="#da_aparcamientosMoto_1">
                        <SimpleData name="ID">65753</SimpleData>
                        <SimpleData name="NOMBRE">APARCAMOTOS_257</SimpleData>
                        <SimpleData name="DESCRIPCION">Esq. con Cl. Pinzón</SimpleData>
                        <SimpleData name="DIRECCION">CALLE SOMERA, 11 </SimpleData>
                        <SimpleData name="HORARIOS">24 h.</SimpleData>
                        <SimpleData name="TITULARIDAD">MUNICIPAL</SimpleData>
                        <SimpleData name="TARJETAJOVEN">No</SimpleData>
                        <SimpleData name="ACCESOPMR">No</SimpleData>
                        <SimpleData name="LONGITUD">11</SimpleData>
                    </SchemaData>
                </ExtendedData>
                <Point>
                    <coordinates>-4.423308000018228,36.715068037620654</coordinates>
                </Point>
            </Placemark>
            <Placemark id="da_aparcamientosMoto.fid--175d4967_1a00d9bb795_311e">
                <ExtendedData>
                    <SchemaData schemaUrl="#da_aparcamientosMoto_1">
                        <SimpleData name="ID">65798</SimpleData>
                        <SimpleData name="NOMBRE">APARCAMOTOS_278</SimpleData>
                        <SimpleData name="DESCRIPCION">Esq. con Cl. Doña del Toboso</SimpleData>
                        <SimpleData name="DIRECCION">PASAJE MORA, 4 </SimpleData>
                        <SimpleData name="HORARIOS">24 h.</SimpleData>
                        <SimpleData name="TITULARIDAD">MUNICIPAL</SimpleData>
                        <SimpleData name="TARJETAJOVEN">No</SimpleData>
                        <SimpleData name="ACCESOPMR">No</SimpleData>
                        <SimpleData name="LONGITUD">15</SimpleData>
                    </SchemaData>
                </ExtendedData>
                <Point>
                    <coordinates>-4.359406000016665,36.72160203762914</coordinates>
                </Point>
            </Placemark>
            <Placemark id="da_aparcamientosMoto.fid--175d4967_1a00d9bb795_311f">
                <ExtendedData>
                    <SchemaData schemaUrl="#da_aparcamientosMoto_1">
                        <SimpleData name="ID">78122</SimpleData>
                        <SimpleData name="NOMBRE">APARCAMOTOS_364</SimpleData>
                        <SimpleData name="DESCRIPCION">Esq. Arroyo de los Ángeles</SimpleData>
                        <SimpleData name="DIRECCION">CALLE BLAS DE LEZO, 22 </SimpleData>
                        <SimpleData name="TITULARIDAD">MUNICIPAL</SimpleData>
                        <SimpleData name="TARJETAJOVEN">No</SimpleData>
                        <SimpleData name="ACCESOPMR">No</SimpleData>
                        <SimpleData name="LONGITUD">10</SimpleData>
                    </SchemaData>
                </ExtendedData>
                <Point>
                    <coordinates>-4.434175779989201,36.72946168556937</coordinates>
                </Point>
            </Placemark>
            <Placemark id="da_aparcamientosMoto.fid--175d4967_1a00d9bb795_3120">
                <ExtendedData>
                    <SchemaData schemaUrl="#da_aparcamientosMoto_1">
                        <SimpleData name="ID">65725</SimpleData>
                        <SimpleData name="NOMBRE">APARCAMOTOS_198</SimpleData>
                        <SimpleData name="DESCRIPCION">Esq.calle Rosario</SimpleData>
                        <SimpleData name="DIRECCION">CALLE CRUZ DEL MOLINILLO, 20 </SimpleData>
                        <SimpleData name="TITULARIDAD">MUNICIPAL</SimpleData>
                        <SimpleData name="TARJETAJOVEN">No</SimpleData>
                        <SimpleData name="ACCESOPMR">No</SimpleData>
                        <SimpleData name="LONGITUD">10</SimpleData>
                    </SchemaData>
                </ExtendedData>
                <Point>
                    <coordinates>-4.423396000018262,36.72677583763561</coordinates>
                </Point>
            </Placemark>
            <Placemark id="da_aparcamientosMoto.fid--175d4967_1a00d9bb795_3121">
                <ExtendedData>
                    <SchemaData schemaUrl="#da_aparcamientosMoto_1">
                        <SimpleData name="ID">65697</SimpleData>
                        <SimpleData name="NOMBRE">APARCAMOTOS_172</SimpleData>
                        <SimpleData name="DESCRIPCION">Esq. con Cl. Callejones del Perchel</SimpleData>
                        <SimpleData name="DIRECCION">PLAZA DE LA SOLIDARIDAD, 9 </SimpleData>
                        <SimpleData name="HORARIOS">Laborables 8 a 20 h.</SimpleData>
                        <SimpleData name="TITULARIDAD">MUNICIPAL</SimpleData>
                        <SimpleData name="TARJETAJOVEN">No</SimpleData>
                        <SimpleData name="ACCESOPMR">No</SimpleData>
                        <SimpleData name="LONGITUD">10</SimpleData>
                    </SchemaData>
                </ExtendedData>
                <Point>
                    <coordinates>-4.431080000018433,36.71403203761933</coordinates>
                </Point>
            </Placemark>
            <Placemark id="da_aparcamientosMoto.fid--175d4967_1a00d9bb795_3122">
                <ExtendedData>
                    <SchemaData schemaUrl="#da_aparcamientosMoto_1">
                        <SimpleData name="ID">65747</SimpleData>
                        <SimpleData name="NOMBRE">APARCAMOTOS_260</SimpleData>
                        <SimpleData name="DESCRIPCION">Esq. Avda. de Manuel Agustín Heredia</SimpleData>
                        <SimpleData name="DIRECCION">CALLE SOMERA, 14 </SimpleData>
                        <SimpleData name="HORARIOS">24 h.</SimpleData>
                        <SimpleData name="TITULARIDAD">MUNICIPAL</SimpleData>
                        <SimpleData name="TARJETAJOVEN">No</SimpleData>
                        <SimpleData name="ACCESOPMR">No</SimpleData>
                        <SimpleData name="LONGITUD">16</SimpleData>
                    </SchemaData>
                </ExtendedData>
                <Point>
                    <coordinates>-4.422984000018218,36.714630037620154</coordinates>
                </Point>
            </Placemark>
            <Placemark id="da_aparcamientosMoto.fid--175d4967_1a00d9bb795_3123">
                <ExtendedData>
                    <SchemaData schemaUrl="#da_aparcamientosMoto_1">
                        <SimpleData name="ID">65726</SimpleData>
                        <SimpleData name="NOMBRE">APARCAMOTOS_221</SimpleData>
                        <SimpleData name="DESCRIPCION">Esq. La Regente</SimpleData>
                        <SimpleData name="DIRECCION">AVENIDA DE BARCELONA, 42 </SimpleData>
                        <SimpleData name="TITULARIDAD">MUNICIPAL</SimpleData>
                        <SimpleData name="TARJETAJOVEN">No</SimpleData>
                        <SimpleData name="ACCESOPMR">No</SimpleData>
                        <SimpleData name="LONGITUD">12</SimpleData>
                    </SchemaData>
                </ExtendedData>
                <Point>
                    <coordinates>-4.430714000018461,36.72591103763452</coordinates>
                </Point>
            </Placemark>
            <Placemark id="da_aparcamientosMoto.fid--175d4967_1a00d9bb795_3124">
                <ExtendedData>
                    <SchemaData schemaUrl="#da_aparcamientosMoto_1">
                        <SimpleData name="ID">65694</SimpleData>
                        <SimpleData name="NOMBRE">APARCAMOTOS_169</SimpleData>
                        <SimpleData name="DIRECCION">CALLE PANADEROS, 1 </SimpleData>
                        <SimpleData name="HORARIOS">24 h.</SimpleData>
                        <SimpleData name="TITULARIDAD">MUNICIPAL</SimpleData>
                        <SimpleData name="TARJETAJOVEN">No</SimpleData>
                        <SimpleData name="ACCESOPMR">No</SimpleData>
                        <SimpleData name="LONGITUD">9</SimpleData>
                    </SchemaData>
                </ExtendedData>
                <Point>
                    <coordinates>-4.4229880000182344,36.71811203762458</coordinates>
                </Point>
            </Placemark>
            <Placemark id="da_aparcamientosMoto.fid--175d4967_1a00d9bb795_3125">
                <ExtendedData>
                    <SchemaData schemaUrl="#da_aparcamientosMoto_1">
                        <SimpleData name="ID">65809</SimpleData>
                        <SimpleData name="NOMBRE">APARCAMOTOS_293</SimpleData>
                        <SimpleData name="DESCRIPCION">Frente a Cl. San Salvador</SimpleData>
                        <SimpleData name="DIRECCION">PASEO DE LOS TILOS, 67 </SimpleData>
                        <SimpleData name="HORARIOS">24 h.</SimpleData>
                        <SimpleData name="TITULARIDAD">MUNICIPAL</SimpleData>
                        <SimpleData name="TARJETAJOVEN">No</SimpleData>
                        <SimpleData name="ACCESOPMR">No</SimpleData>
                        <SimpleData name="LONGITUD">15</SimpleData>
                    </SchemaData>
                </ExtendedData>
                <Point>
                    <coordinates>-4.43999848052023,36.7120833527078</coordinates>
                </Point>
            </Placemark>
            <Placemark id="da_aparcamientosMoto.fid--175d4967_1a00d9bb795_3126">
                <ExtendedData>
                    <SchemaData schemaUrl="#da_aparcamientosMoto_1">
                        <SimpleData name="ID">65760</SimpleData>
                        <SimpleData name="NOMBRE">APARCAMOTOS_298</SimpleData>
                        <SimpleData name="DESCRIPCION">Esquina con Calle Tarantas</SimpleData>
                        <SimpleData name="DIRECCION">CALLE SANTA MARTA, 8 </SimpleData>
                        <SimpleData name="HORARIOS">24h</SimpleData>
                        <SimpleData name="TITULARIDAD">MUNICIPAL</SimpleData>
                        <SimpleData name="TARJETAJOVEN">No</SimpleData>
                        <SimpleData name="ACCESOPMR">No</SimpleData>
                        <SimpleData name="LONGITUD">10</SimpleData>
                    </SchemaData>
                </ExtendedData>
                <Point>
                    <coordinates>-4.440404513186214,36.71132844294872</coordinates>
                </Point>
            </Placemark>
            <Placemark id="da_aparcamientosMoto.fid--175d4967_1a00d9bb795_3127">
                <ExtendedData>
                    <SchemaData schemaUrl="#da_aparcamientosMoto_1">
                        <SimpleData name="ID">65772</SimpleData>
                        <SimpleData name="NOMBRE">APARCAMOTOS_313</SimpleData>
                        <SimpleData name="DESCRIPCION">Pz. César Álvarez Dumont esq. C/ Cruceta</SimpleData>
                        <SimpleData name="DIRECCION">PLAZA DE CÉSAR ÁLVAREZ DUMONT, 5 </SimpleData>
                        <SimpleData name="TITULARIDAD">MUNICIPAL</SimpleData>
                        <SimpleData name="TARJETAJOVEN">No</SimpleData>
                        <SimpleData name="ACCESOPMR">No</SimpleData>
                        <SimpleData name="LONGITUD">6</SimpleData>
                    </SchemaData>
                </ExtendedData>
                <Point>
                    <coordinates>-4.451526500018946,36.690914747589815</coordinates>
                </Point>
            </Placemark>
            <Placemark id="da_aparcamientosMoto.fid--175d4967_1a00d9bb795_3128">
                <ExtendedData>
                    <SchemaData schemaUrl="#da_aparcamientosMoto_1">
                        <SimpleData name="ID">65736</SimpleData>
                        <SimpleData name="NOMBRE">APARCAMOTOS_237</SimpleData>
                        <SimpleData name="DESCRIPCION">Esq. Correo de Andalucía</SimpleData>
                        <SimpleData name="DIRECCION">CAMINO DE LA TÉRMICA, 16 </SimpleData>
                        <SimpleData name="HORARIOS">24 h.</SimpleData>
                        <SimpleData name="TITULARIDAD">MUNICIPAL</SimpleData>
                        <SimpleData name="TARJETAJOVEN">No</SimpleData>
                        <SimpleData name="ACCESOPMR">No</SimpleData>
                        <SimpleData name="LONGITUD">10</SimpleData>
                    </SchemaData>
                </ExtendedData>
                <Point>
                    <coordinates>-4.44791600001884,36.689149037587605</coordinates>
                </Point>
            </Placemark>
            <Placemark id="da_aparcamientosMoto.fid--175d4967_1a00d9bb795_3129">
                <ExtendedData>
                    <SchemaData schemaUrl="#da_aparcamientosMoto_1">
                        <SimpleData name="ID">65670</SimpleData>
                        <SimpleData name="NOMBRE">APARCAMOTOS_125</SimpleData>
                        <SimpleData name="DIRECCION">CALLE DE TESEO, 14 </SimpleData>
                        <SimpleData name="HORARIOS">24 h</SimpleData>
                        <SimpleData name="TITULARIDAD">MUNICIPAL</SimpleData>
                        <SimpleData name="TARJETAJOVEN">No</SimpleData>
                        <SimpleData name="ACCESOPMR">No</SimpleData>
                        <SimpleData name="LONGITUD">6</SimpleData>
                    </SchemaData>
                </ExtendedData>
                <Point>
                    <coordinates>-4.477726478492357,36.720527200692175</coordinates>
                </Point>
            </Placemark>
            <Placemark id="da_aparcamientosMoto.fid--175d4967_1a00d9bb795_312a">
                <ExtendedData>
                    <SchemaData schemaUrl="#da_aparcamientosMoto_1">
                        <SimpleData name="ID">65869</SimpleData>
                        <SimpleData name="NOMBRE">APARCAMOTOS_331</SimpleData>
                        <SimpleData name="DESCRIPCION">esquina con C/ Ramos Marín</SimpleData>
                        <SimpleData name="DIRECCION">CALLE GÓMEZ PALLETE, 11 </SimpleData>
                        <SimpleData name="TITULARIDAD">MUNICIPAL</SimpleData>
                        <SimpleData name="TARJETAJOVEN">No</SimpleData>
                        <SimpleData name="ACCESOPMR">No</SimpleData>
                    </SchemaData>
                </ExtendedData>
                <Point>
                    <coordinates>-4.418352160018125,36.72447741763266</coordinates>
                </Point>
            </Placemark>
            <Placemark id="da_aparcamientosMoto.fid--175d4967_1a00d9bb795_312b">
                <ExtendedData>
                    <SchemaData schemaUrl="#da_aparcamientosMoto_1">
                        <SimpleData name="ID">78445</SimpleData>
                        <SimpleData name="NOMBRE">APARCAMOTOS_374</SimpleData>
                        <SimpleData name="DESCRIPCION">C/ Casarabonela N.º 24, esquina con la Plaza Alcalde Enrique Gómez Rodriguez</SimpleData>
                        <SimpleData name="DIRECCION">CALLE CASARABONELA, 24 </SimpleData>
                        <SimpleData name="TITULARIDAD">MUNICIPAL</SimpleData>
                        <SimpleData name="TARJETAJOVEN">No</SimpleData>
                        <SimpleData name="ACCESOPMR">No</SimpleData>
                        <SimpleData name="LONGITUD">10</SimpleData>
                    </SchemaData>
                </ExtendedData>
                <Point>
                    <coordinates>-4.449492815965948,36.708619034228015</coordinates>
                </Point>
            </Placemark>
            <Placemark id="da_aparcamientosMoto.fid--175d4967_1a00d9bb795_312c">
                <ExtendedData>
                    <SchemaData schemaUrl="#da_aparcamientosMoto_1">
                        <SimpleData name="ID">79299</SimpleData>
                        <SimpleData name="NOMBRE">APARCAMOTOS_2909</SimpleData>
                        <SimpleData name="DESCRIPCION">Av. de los Guindos esq. C /Calañas</SimpleData>
                        <SimpleData name="DIRECCION">CALLE CALAÑAS, 11 </SimpleData>
                        <SimpleData name="TITULARIDAD">MUNICIPAL</SimpleData>
                        <SimpleData name="TARJETAJOVEN">No</SimpleData>
                        <SimpleData name="ACCESOPMR">No</SimpleData>
                        <SimpleData name="LONGITUD">8</SimpleData>
                    </SchemaData>
                </ExtendedData>
                <Point>
                    <coordinates>-4.451553410584287,36.6924300315113</coordinates>
                </Point>
            </Placemark>
            <Placemark id="da_aparcamientosMoto.fid--175d4967_1a00d9bb795_312d">
                <ExtendedData>
                    <SchemaData schemaUrl="#da_aparcamientosMoto_1">
                        <SimpleData name="ID">65642</SimpleData>
                        <SimpleData name="NOMBRE">APARCAMOTOS_096</SimpleData>
                        <SimpleData name="DESCRIPCION">Esq. Sondalezas</SimpleData>
                        <SimpleData name="DIRECCION">CALLE SONDALEZAS, 20 </SimpleData>
                        <SimpleData name="HORARIOS">24 h.</SimpleData>
                        <SimpleData name="TITULARIDAD">MUNICIPAL</SimpleData>
                        <SimpleData name="TARJETAJOVEN">No</SimpleData>
                        <SimpleData name="ACCESOPMR">No</SimpleData>
                        <SimpleData name="LONGITUD">10</SimpleData>
                    </SchemaData>
                </ExtendedData>
                <Point>
                    <coordinates>-4.442548155803401,36.725503259946805</coordinates>
                </Point>
            </Placemark>
            <Placemark id="da_aparcamientosMoto.fid--175d4967_1a00d9bb795_312e">
                <ExtendedData>
                    <SchemaData schemaUrl="#da_aparcamientosMoto_1">
                        <SimpleData name="ID">65692</SimpleData>
                        <SimpleData name="NOMBRE">APARCAMOTOS_139</SimpleData>
                        <SimpleData name="DESCRIPCION">Días Lectivos de 8:30 a 16:30. </SimpleData>
                        <SimpleData name="DIRECCION">CALLE CORTÉS EL VIEJO, 2 </SimpleData>
                        <SimpleData name="HORARIOS">Lectivos 8:30-16:30</SimpleData>
                        <SimpleData name="TITULARIDAD">MUNICIPAL</SimpleData>
                        <SimpleData name="TARJETAJOVEN">No</SimpleData>
                        <SimpleData name="ACCESOPMR">No</SimpleData>
                        <SimpleData name="LONGITUD">10</SimpleData>
                    </SchemaData>
                </ExtendedData>
                <Point>
                    <coordinates>-4.450036883373122,36.70218442739541</coordinates>
                </Point>
            </Placemark>
            <Placemark id="da_aparcamientosMoto.fid--175d4967_1a00d9bb795_312f">
                <ExtendedData>
                    <SchemaData schemaUrl="#da_aparcamientosMoto_1">
                        <SimpleData name="ID">65709</SimpleData>
                        <SimpleData name="NOMBRE">APARCAMOTOS_186</SimpleData>
                        <SimpleData name="DESCRIPCION">Esq. AV. Gregorio Diego</SimpleData>
                        <SimpleData name="DIRECCION">AVENIDA DE VELÁZQUEZ, 97 </SimpleData>
                        <SimpleData name="HORARIOS">24 h</SimpleData>
                        <SimpleData name="TITULARIDAD">MUNICIPAL</SimpleData>
                        <SimpleData name="TARJETAJOVEN">No</SimpleData>
                        <SimpleData name="ACCESOPMR">No</SimpleData>
                        <SimpleData name="LONGITUD">10</SimpleData>
                    </SchemaData>
                </ExtendedData>
                <Point>
                    <coordinates>-4.455024000019046,36.692174037591414</coordinates>
                </Point>
            </Placemark>
            <Placemark id="da_aparcamientosMoto.fid--175d4967_1a00d9bb795_3130">
                <ExtendedData>
                    <SchemaData schemaUrl="#da_aparcamientosMoto_1">
                        <SimpleData name="ID">78118</SimpleData>
                        <SimpleData name="NOMBRE">APARCAMOTOS_360</SimpleData>
                        <SimpleData name="DIRECCION">AVENIDA DE VELÁZQUEZ, 102 </SimpleData>
                        <SimpleData name="TITULARIDAD">MUNICIPAL</SimpleData>
                        <SimpleData name="TARJETAJOVEN">No</SimpleData>
                        <SimpleData name="ACCESOPMR">No</SimpleData>
                        <SimpleData name="LONGITUD">10</SimpleData>
                    </SchemaData>
                </ExtendedData>
                <Point>
                    <coordinates>-4.456017373845957,36.69191904091871</coordinates>
                </Point>
            </Placemark>
            <Placemark id="da_aparcamientosMoto.fid--175d4967_1a00d9bb795_3131">
                <ExtendedData>
                    <SchemaData schemaUrl="#da_aparcamientosMoto_1">
                        <SimpleData name="ID">65597</SimpleData>
                        <SimpleData name="NOMBRE">APARCAMOTOS_205</SimpleData>
                        <SimpleData name="DESCRIPCION">Esq. Montaño</SimpleData>
                        <SimpleData name="DIRECCION">CALLE MARIBLANCA, 9 </SimpleData>
                        <SimpleData name="HORARIOS">Solo Motos</SimpleData>
                        <SimpleData name="TITULARIDAD">MUNICIPAL</SimpleData>
                        <SimpleData name="TARJETAJOVEN">No</SimpleData>
                        <SimpleData name="ACCESOPMR">No</SimpleData>
                        <SimpleData name="LONGITUD">74</SimpleData>
                    </SchemaData>
                </ExtendedData>
                <Point>
                    <coordinates>-4.420263000018179,36.72450903763275</coordinates>
                </Point>
            </Placemark>
            <Placemark id="da_aparcamientosMoto.fid--175d4967_1a00d9bb795_3132">
                <ExtendedData>
                    <SchemaData schemaUrl="#da_aparcamientosMoto_1">
                        <SimpleData name="ID">65738</SimpleData>
                        <SimpleData name="NOMBRE">APARCAMOTOS_243</SimpleData>
                        <SimpleData name="DESCRIPCION">Esq. Cl. La Regente</SimpleData>
                        <SimpleData name="DIRECCION">CALLE SEVILLA, 25 </SimpleData>
                        <SimpleData name="HORARIOS">24 h.</SimpleData>
                        <SimpleData name="TITULARIDAD">MUNICIPAL</SimpleData>
                        <SimpleData name="TARJETAJOVEN">No</SimpleData>
                        <SimpleData name="ACCESOPMR">No</SimpleData>
                        <SimpleData name="LONGITUD">10</SimpleData>
                    </SchemaData>
                </ExtendedData>
                <Point>
                    <coordinates>-4.429516000018424,36.7257980376343</coordinates>
                </Point>
            </Placemark>
            <Placemark id="da_aparcamientosMoto.fid--175d4967_1a00d9bb795_3133">
                <ExtendedData>
                    <SchemaData schemaUrl="#da_aparcamientosMoto_1">
                        <SimpleData name="ID">65644</SimpleData>
                        <SimpleData name="NOMBRE">APARCAMOTOS_097</SimpleData>
                        <SimpleData name="DESCRIPCION">Esq. Juan Antonio Tercero</SimpleData>
                        <SimpleData name="DIRECCION">CALLE NUESTRA SEÑORA DE LOS CLARINES, 2 </SimpleData>
                        <SimpleData name="HORARIOS">Laborables 8 a 20 h.</SimpleData>
                        <SimpleData name="TITULARIDAD">MUNICIPAL</SimpleData>
                        <SimpleData name="TARJETAJOVEN">No</SimpleData>
                        <SimpleData name="ACCESOPMR">No</SimpleData>
                        <SimpleData name="LONGITUD">15</SimpleData>
                    </SchemaData>
                </ExtendedData>
                <Point>
                    <coordinates>-4.439978599567065,36.729340048472416</coordinates>
                </Point>
            </Placemark>
            <Placemark id="da_aparcamientosMoto.fid--175d4967_1a00d9bb795_3134">
                <ExtendedData>
                    <SchemaData schemaUrl="#da_aparcamientosMoto_1">
                        <SimpleData name="ID">65843</SimpleData>
                        <SimpleData name="NOMBRE">APARCAMOTOS_016</SimpleData>
                        <SimpleData name="DESCRIPCION">Frente a Cl. Purificación</SimpleData>
                        <SimpleData name="DIRECCION">CALLE PURIFICACIÓN, 9 </SimpleData>
                        <SimpleData name="HORARIOS">24 h.</SimpleData>
                        <SimpleData name="TITULARIDAD">MUNICIPAL</SimpleData>
                        <SimpleData name="TARJETAJOVEN">No</SimpleData>
                        <SimpleData name="ACCESOPMR">No</SimpleData>
                        <SimpleData name="LONGITUD">27</SimpleData>
                    </SchemaData>
                </ExtendedData>
                <Point>
                    <coordinates>-4.425495000018318,36.72450003763265</coordinates>
                </Point>
            </Placemark>
            <Placemark id="da_aparcamientosMoto.fid--175d4967_1a00d9bb795_3135">
                <ExtendedData>
                    <SchemaData schemaUrl="#da_aparcamientosMoto_1">
                        <SimpleData name="ID">65835</SimpleData>
                        <SimpleData name="NOMBRE">APARCAMOTOS_113</SimpleData>
                        <SimpleData name="DESCRIPCION">Esq. Avda. Sor Teresa Prat</SimpleData>
                        <SimpleData name="DIRECCION">CALLE SARGENTO CROOKE LÓPEZ, 10 </SimpleData>
                        <SimpleData name="HORARIOS">24 h.</SimpleData>
                        <SimpleData name="TITULARIDAD">MUNICIPAL</SimpleData>
                        <SimpleData name="TARJETAJOVEN">No</SimpleData>
                        <SimpleData name="ACCESOPMR">No</SimpleData>
                        <SimpleData name="LONGITUD">14</SimpleData>
                    </SchemaData>
                </ExtendedData>
                <Point>
                    <coordinates>-4.440204000018651,36.701508037603354</coordinates>
                </Point>
            </Placemark>
            <Placemark id="da_aparcamientosMoto.fid--175d4967_1a00d9bb795_3136">
                <ExtendedData>
                    <SchemaData schemaUrl="#da_aparcamientosMoto_1">
                        <SimpleData name="ID">65666</SimpleData>
                        <SimpleData name="NOMBRE">APARCAMOTOS_127</SimpleData>
                        <SimpleData name="DESCRIPCION">Esq. Comandante Roman</SimpleData>
                        <SimpleData name="DIRECCION">CALLE SARGENTO CROOKE LÓPEZ, 7 </SimpleData>
                        <SimpleData name="HORARIOS">24 h.</SimpleData>
                        <SimpleData name="TITULARIDAD">MUNICIPAL</SimpleData>
                        <SimpleData name="TARJETAJOVEN">No</SimpleData>
                        <SimpleData name="ACCESOPMR">No</SimpleData>
                        <SimpleData name="LONGITUD">8</SimpleData>
                    </SchemaData>
                </ExtendedData>
                <Point>
                    <coordinates>-4.440303146857797,36.70146178047973</coordinates>
                </Point>
            </Placemark>
            <Placemark id="da_aparcamientosMoto.fid--175d4967_1a00d9bb795_3137">
                <ExtendedData>
                    <SchemaData schemaUrl="#da_aparcamientosMoto_1">
                        <SimpleData name="ID">65770</SimpleData>
                        <SimpleData name="NOMBRE">APARCAMOTOS_309</SimpleData>
                        <SimpleData name="DIRECCION">CALLE PUJERRA, 1 </SimpleData>
                        <SimpleData name="TITULARIDAD">MUNICIPAL</SimpleData>
                        <SimpleData name="TARJETAJOVEN">No</SimpleData>
                        <SimpleData name="ACCESOPMR">No</SimpleData>
                        <SimpleData name="LONGITUD">7</SimpleData>
                    </SchemaData>
                </ExtendedData>
                <Point>
                    <coordinates>-4.444152110018759,36.70057737760219</coordinates>
                </Point>
            </Placemark>
            <Placemark id="da_aparcamientosMoto.fid--175d4967_1a00d9bb795_3138">
                <ExtendedData>
                    <SchemaData schemaUrl="#da_aparcamientosMoto_1">
                        <SimpleData name="ID">65793</SimpleData>
                        <SimpleData name="NOMBRE">APARCAMOTOS_242</SimpleData>
                        <SimpleData name="DESCRIPCION">Esq. con Cl. Trinidad</SimpleData>
                        <SimpleData name="DIRECCION">CALLE SEVILLA, 2 </SimpleData>
                        <SimpleData name="HORARIOS">24 h.</SimpleData>
                        <SimpleData name="TITULARIDAD">MUNICIPAL</SimpleData>
                        <SimpleData name="TARJETAJOVEN">No</SimpleData>
                        <SimpleData name="ACCESOPMR">No</SimpleData>
                        <SimpleData name="LONGITUD">5</SimpleData>
                    </SchemaData>
                </ExtendedData>
                <Point>
                    <coordinates>-4.429614000018431,36.72382603763183</coordinates>
                </Point>
            </Placemark>
            <Placemark id="da_aparcamientosMoto.fid--175d4967_1a00d9bb795_3139">
                <ExtendedData>
                    <SchemaData schemaUrl="#da_aparcamientosMoto_1">
                        <SimpleData name="ID">65645</SimpleData>
                        <SimpleData name="NOMBRE">APARCAMOTOS_091</SimpleData>
                        <SimpleData name="DESCRIPCION">Esq. Eugenio Gross</SimpleData>
                        <SimpleData name="DIRECCION">AVENIDA DE SAN SEBASTIÁN, 2 </SimpleData>
                        <SimpleData name="HORARIOS">Laborables 8 a 20h</SimpleData>
                        <SimpleData name="TITULARIDAD">MUNICIPAL</SimpleData>
                        <SimpleData name="TARJETAJOVEN">No</SimpleData>
                        <SimpleData name="ACCESOPMR">No</SimpleData>
                        <SimpleData name="LONGITUD">14</SimpleData>
                    </SchemaData>
                </ExtendedData>
                <Point>
                    <coordinates>-4.43590633573007,36.723054580314404</coordinates>
                </Point>
            </Placemark>
            <Placemark id="da_aparcamientosMoto.fid--175d4967_1a00d9bb795_313a">
                <ExtendedData>
                    <SchemaData schemaUrl="#da_aparcamientosMoto_1">
                        <SimpleData name="ID">75531</SimpleData>
                        <SimpleData name="NOMBRE">APARCAMOTOS_287</SimpleData>
                        <SimpleData name="DESCRIPCION">Esquina con Plaza Basconia</SimpleData>
                        <SimpleData name="DIRECCION">AVENIDA DE SAN SEBASTIÁN, 9 </SimpleData>
                        <SimpleData name="HORARIOS">Laborables de 8 a 20h.</SimpleData>
                        <SimpleData name="TITULARIDAD">MUNICIPAL</SimpleData>
                        <SimpleData name="TARJETAJOVEN">No</SimpleData>
                        <SimpleData name="ACCESOPMR">No</SimpleData>
                        <SimpleData name="LONGITUD">10</SimpleData>
                    </SchemaData>
                </ExtendedData>
                <Point>
                    <coordinates>-4.4368835758349805,36.722967681189644</coordinates>
                </Point>
            </Placemark>
            <Placemark id="da_aparcamientosMoto.fid--175d4967_1a00d9bb795_313b">
                <ExtendedData>
                    <SchemaData schemaUrl="#da_aparcamientosMoto_1">
                        <SimpleData name="ID">65829</SimpleData>
                        <SimpleData name="NOMBRE">APARCAMOTOS_093</SimpleData>
                        <SimpleData name="DESCRIPCION">Esq. Plaza Bailén</SimpleData>
                        <SimpleData name="DIRECCION">CALLE BAILÉN, 4 </SimpleData>
                        <SimpleData name="HORARIOS">24 h.</SimpleData>
                        <SimpleData name="TITULARIDAD">MUNICIPAL</SimpleData>
                        <SimpleData name="TARJETAJOVEN">No</SimpleData>
                        <SimpleData name="ACCESOPMR">No</SimpleData>
                        <SimpleData name="LONGITUD">14</SimpleData>
                    </SchemaData>
                </ExtendedData>
                <Point>
                    <coordinates>-4.432325000018502,36.7242260376323</coordinates>
                </Point>
            </Placemark>
            <Placemark id="da_aparcamientosMoto.fid--175d4967_1a00d9bb795_313c">
                <ExtendedData>
                    <SchemaData schemaUrl="#da_aparcamientosMoto_1">
                        <SimpleData name="ID">65639</SimpleData>
                        <SimpleData name="NOMBRE">APARCAMOTOS_080</SimpleData>
                        <SimpleData name="DESCRIPCION">Esq. Keromnes</SimpleData>
                        <SimpleData name="DIRECCION">CALLE MAESTRANZA, 27 </SimpleData>
                        <SimpleData name="HORARIOS">24 h.</SimpleData>
                        <SimpleData name="TITULARIDAD">MUNICIPAL</SimpleData>
                        <SimpleData name="TARJETAJOVEN">No</SimpleData>
                        <SimpleData name="ACCESOPMR">No</SimpleData>
                        <SimpleData name="LONGITUD">34</SimpleData>
                    </SchemaData>
                </ExtendedData>
                <Point>
                    <coordinates>-4.40824806692001,36.719624362685785</coordinates>
                </Point>
            </Placemark>
            <Placemark id="da_aparcamientosMoto.fid--175d4967_1a00d9bb795_313d">
                <ExtendedData>
                    <SchemaData schemaUrl="#da_aparcamientosMoto_1">
                        <SimpleData name="ID">65756</SimpleData>
                        <SimpleData name="NOMBRE">APARCAMOTOS_265</SimpleData>
                        <SimpleData name="DESCRIPCION">Esq. con Cl. Fernando Camino</SimpleData>
                        <SimpleData name="DIRECCION">CALLE MAESTRANZA, 16 </SimpleData>
                        <SimpleData name="HORARIOS">24 h.</SimpleData>
                        <SimpleData name="TITULARIDAD">MUNICIPAL</SimpleData>
                        <SimpleData name="TARJETAJOVEN">No</SimpleData>
                        <SimpleData name="ACCESOPMR">No</SimpleData>
                        <SimpleData name="LONGITUD">10</SimpleData>
                    </SchemaData>
                </ExtendedData>
                <Point>
                    <coordinates>-4.409001000017873,36.71966203762661</coordinates>
                </Point>
            </Placemark>
            <Placemark id="da_aparcamientosMoto.fid--175d4967_1a00d9bb795_313e">
                <ExtendedData>
                    <SchemaData schemaUrl="#da_aparcamientosMoto_1">
                        <SimpleData name="ID">65775</SimpleData>
                        <SimpleData name="NOMBRE">APARCAMOTOS_315</SimpleData>
                        <SimpleData name="DESCRIPCION">Calle Rotonda de Suárez</SimpleData>
                        <SimpleData name="DIRECCION">CALLE ROTONDA DE SUÁREZ, 3 </SimpleData>
                        <SimpleData name="TITULARIDAD">MUNICIPAL</SimpleData>
                        <SimpleData name="TARJETAJOVEN">No</SimpleData>
                        <SimpleData name="ACCESOPMR">No</SimpleData>
                        <SimpleData name="LONGITUD">14</SimpleData>
                    </SchemaData>
                </ExtendedData>
                <Point>
                    <coordinates>-4.443691430018827,36.72920253763866</coordinates>
                </Point>
            </Placemark>
            <Placemark id="da_aparcamientosMoto.fid--175d4967_1a00d9bb795_313f">
                <ExtendedData>
                    <SchemaData schemaUrl="#da_aparcamientosMoto_1">
                        <SimpleData name="ID">65660</SimpleData>
                        <SimpleData name="NOMBRE">APARCAMOTOS_099</SimpleData>
                        <SimpleData name="DESCRIPCION">Esq. con Cl. Sondalezas</SimpleData>
                        <SimpleData name="DIRECCION">PASAJE SONDALEZAS, 10 </SimpleData>
                        <SimpleData name="HORARIOS">Laborables 8 a 15 h.</SimpleData>
                        <SimpleData name="TITULARIDAD">MUNICIPAL</SimpleData>
                        <SimpleData name="TARJETAJOVEN">No</SimpleData>
                        <SimpleData name="ACCESOPMR">No</SimpleData>
                        <SimpleData name="LONGITUD">34</SimpleData>
                    </SchemaData>
                </ExtendedData>
                <Point>
                    <coordinates>-4.441171000018741,36.72223003762976</coordinates>
                </Point>
            </Placemark>
            <Placemark id="da_aparcamientosMoto.fid--175d4967_1a00d9bb795_3140">
                <ExtendedData>
                    <SchemaData schemaUrl="#da_aparcamientosMoto_1">
                        <SimpleData name="ID">65737</SimpleData>
                        <SimpleData name="NOMBRE">APARCAMOTOS_239</SimpleData>
                        <SimpleData name="DESCRIPCION">Esq. Cl. Villanueva de Tapia</SimpleData>
                        <SimpleData name="DIRECCION">CALLE VILLANUEVA DE TAPIA, 15 </SimpleData>
                        <SimpleData name="HORARIOS">24 h.</SimpleData>
                        <SimpleData name="TITULARIDAD">MUNICIPAL</SimpleData>
                        <SimpleData name="TARJETAJOVEN">No</SimpleData>
                        <SimpleData name="ACCESOPMR">No</SimpleData>
                        <SimpleData name="LONGITUD">10</SimpleData>
                    </SchemaData>
                </ExtendedData>
                <Point>
                    <coordinates>-4.456147000019053,36.68338703758027</coordinates>
                </Point>
            </Placemark>
            <Placemark id="da_aparcamientosMoto.fid--175d4967_1a00d9bb795_3141">
                <ExtendedData>
                    <SchemaData schemaUrl="#da_aparcamientosMoto_1">
                        <SimpleData name="ID">65766</SimpleData>
                        <SimpleData name="NOMBRE">APARCAMOTOS_303</SimpleData>
                        <SimpleData name="DIRECCION">CALLE VENDEJA, 16 </SimpleData>
                        <SimpleData name="TITULARIDAD">MUNICIPAL</SimpleData>
                        <SimpleData name="TARJETAJOVEN">No</SimpleData>
                        <SimpleData name="ACCESOPMR">No</SimpleData>
                        <SimpleData name="LONGITUD">20</SimpleData>
                    </SchemaData>
                </ExtendedData>
                <Point>
                    <coordinates>-4.422017140018205,36.716762717622885</coordinates>
                </Point>
            </Placemark>
            <Placemark id="da_aparcamientosMoto.fid--175d4967_1a00d9bb795_3142">
                <ExtendedData>
                    <SchemaData schemaUrl="#da_aparcamientosMoto_1">
                        <SimpleData name="ID">65713</SimpleData>
                        <SimpleData name="NOMBRE">APARCAMOTOS_224</SimpleData>
                        <SimpleData name="DESCRIPCION">Esq. con Cl. Sebastián Souvirón</SimpleData>
                        <SimpleData name="DIRECCION">PLAZA DE ARRIOLA, 7 </SimpleData>
                        <SimpleData name="HORARIOS">Laborables de 10 a 5h y no laborables 24h</SimpleData>
                        <SimpleData name="TITULARIDAD">MUNICIPAL</SimpleData>
                        <SimpleData name="TARJETAJOVEN">No</SimpleData>
                        <SimpleData name="ACCESOPMR">No</SimpleData>
                        <SimpleData name="LONGITUD">30</SimpleData>
                    </SchemaData>
                </ExtendedData>
                <Point>
                    <coordinates>-4.42461100001827,36.718557037625125</coordinates>
                </Point>
            </Placemark>
            <Placemark id="da_aparcamientosMoto.fid--175d4967_1a00d9bb795_3143">
                <ExtendedData>
                    <SchemaData schemaUrl="#da_aparcamientosMoto_1">
                        <SimpleData name="ID">65717</SimpleData>
                        <SimpleData name="NOMBRE">APARCAMOTOS_130</SimpleData>
                        <SimpleData name="DESCRIPCION">Esq. con Cl. Atarazanas</SimpleData>
                        <SimpleData name="DIRECCION">PLAZA DE ARRIOLA, 16 </SimpleData>
                        <SimpleData name="HORARIOS">Motos de 00 a 17 h</SimpleData>
                        <SimpleData name="TITULARIDAD">MUNICIPAL</SimpleData>
                        <SimpleData name="TARJETAJOVEN">No</SimpleData>
                        <SimpleData name="ACCESOPMR">No</SimpleData>
                        <SimpleData name="LONGITUD">14</SimpleData>
                    </SchemaData>
                </ExtendedData>
                <Point>
                    <coordinates>-4.424263000018264,36.718149037624656</coordinates>
                </Point>
            </Placemark>
            <Placemark id="da_aparcamientosMoto.fid--175d4967_1a00d9bb795_3144">
                <ExtendedData>
                    <SchemaData schemaUrl="#da_aparcamientosMoto_1">
                        <SimpleData name="ID">65715</SimpleData>
                        <SimpleData name="NOMBRE">APARCAMOTOS_060</SimpleData>
                        <SimpleData name="DESCRIPCION">Esq. con Cl. Atarazanas</SimpleData>
                        <SimpleData name="DIRECCION">PLAZA DE ARRIOLA, 16 </SimpleData>
                        <SimpleData name="HORARIOS">Laborables de 15 a 5h y no laborables 24h</SimpleData>
                        <SimpleData name="TITULARIDAD">MUNICIPAL</SimpleData>
                        <SimpleData name="TARJETAJOVEN">No</SimpleData>
                        <SimpleData name="ACCESOPMR">No</SimpleData>
                        <SimpleData name="LONGITUD">22</SimpleData>
                    </SchemaData>
                </ExtendedData>
                <Point>
                    <coordinates>-4.42446864413403,36.71817534245362</coordinates>
                </Point>
            </Placemark>
            <Placemark id="da_aparcamientosMoto.fid--175d4967_1a00d9bb795_3145">
                <ExtendedData>
                    <SchemaData schemaUrl="#da_aparcamientosMoto_1">
                        <SimpleData name="ID">75489</SimpleData>
                        <SimpleData name="NOMBRE">APARCAMOTOS_341</SimpleData>
                        <SimpleData name="DIRECCION">CALLE SPITERI, 16 </SimpleData>
                        <SimpleData name="TITULARIDAD">MUNICIPAL</SimpleData>
                        <SimpleData name="TARJETAJOVEN">No</SimpleData>
                        <SimpleData name="ACCESOPMR">No</SimpleData>
                        <SimpleData name="LONGITUD">5</SimpleData>
                    </SchemaData>
                </ExtendedData>
                <Point>
                    <coordinates>-4.441073439648711,36.70262890164345,4062852.4525467</coordinates>
                </Point>
            </Placemark>
            <Placemark id="da_aparcamientosMoto.fid--175d4967_1a00d9bb795_3146">
                <ExtendedData>
                    <SchemaData schemaUrl="#da_aparcamientosMoto_1">
                        <SimpleData name="ID">65683</SimpleData>
                        <SimpleData name="NOMBRE">APARCAMOTOS_158</SimpleData>
                        <SimpleData name="DESCRIPCION">Frente al nº 29</SimpleData>
                        <SimpleData name="DIRECCION">CALLE CÉSAR VALLEJO, 26 </SimpleData>
                        <SimpleData name="HORARIOS">24h</SimpleData>
                        <SimpleData name="TITULARIDAD">MUNICIPAL</SimpleData>
                        <SimpleData name="TARJETAJOVEN">No</SimpleData>
                        <SimpleData name="ACCESOPMR">No</SimpleData>
                        <SimpleData name="LONGITUD">22</SimpleData>
                    </SchemaData>
                </ExtendedData>
                <Point>
                    <coordinates>-4.491316000020153,36.69601203759622</coordinates>
                </Point>
            </Placemark>
            <Placemark id="da_aparcamientosMoto.fid--175d4967_1a00d9bb795_3147">
                <ExtendedData>
                    <SchemaData schemaUrl="#da_aparcamientosMoto_1">
                        <SimpleData name="ID">65593</SimpleData>
                        <SimpleData name="NOMBRE">APARCAMOTOS_202</SimpleData>
                        <SimpleData name="DIRECCION">CALLE DOCTOR GUTIÉRREZ CALZADA, 2 </SimpleData>
                        <SimpleData name="HORARIOS">24 h</SimpleData>
                        <SimpleData name="TITULARIDAD">MUNICIPAL</SimpleData>
                        <SimpleData name="TARJETAJOVEN">No</SimpleData>
                        <SimpleData name="ACCESOPMR">No</SimpleData>
                        <SimpleData name="LONGITUD">39</SimpleData>
                    </SchemaData>
                </ExtendedData>
                <Point>
                    <coordinates>-4.448291000018944,36.72274103763035</coordinates>
                </Point>
            </Placemark>
            <Placemark id="da_aparcamientosMoto.fid--175d4967_1a00d9bb795_3148">
                <ExtendedData>
                    <SchemaData schemaUrl="#da_aparcamientosMoto_1">
                        <SimpleData name="ID">65871</SimpleData>
                        <SimpleData name="NOMBRE">APARCAMOTOS_329</SimpleData>
                        <SimpleData name="DIRECCION">CALLE OLLETAS, 3 </SimpleData>
                        <SimpleData name="TITULARIDAD">MUNICIPAL</SimpleData>
                        <SimpleData name="TARJETAJOVEN">No</SimpleData>
                        <SimpleData name="ACCESOPMR">No</SimpleData>
                    </SchemaData>
                </ExtendedData>
                <Point>
                    <coordinates>-4.4154907400180825,36.73513003764625</coordinates>
                </Point>
            </Placemark>
            <Placemark id="da_aparcamientosMoto.fid--175d4967_1a00d9bb795_3149">
                <ExtendedData>
                    <SchemaData schemaUrl="#da_aparcamientosMoto_1">
                        <SimpleData name="ID">65832</SimpleData>
                        <SimpleData name="NOMBRE">APARCAMOTOS_110</SimpleData>
                        <SimpleData name="DESCRIPCION">Esq.Alicia Larrocha</SimpleData>
                        <SimpleData name="DIRECCION">CALLE MARILYN MONROE, 6 </SimpleData>
                        <SimpleData name="HORARIOS">24 h.</SimpleData>
                        <SimpleData name="TITULARIDAD">MUNICIPAL</SimpleData>
                        <SimpleData name="TARJETAJOVEN">No</SimpleData>
                        <SimpleData name="ACCESOPMR">No</SimpleData>
                        <SimpleData name="LONGITUD">19</SimpleData>
                    </SchemaData>
                </ExtendedData>
                <Point>
                    <coordinates>-4.454446434993667,36.68110049149235</coordinates>
                </Point>
            </Placemark>
            <Placemark id="da_aparcamientosMoto.fid--175d4967_1a00d9bb795_314a">
                <ExtendedData>
                    <SchemaData schemaUrl="#da_aparcamientosMoto_1">
                        <SimpleData name="ID">65807</SimpleData>
                        <SimpleData name="NOMBRE">APARCAMOTOS_291</SimpleData>
                        <SimpleData name="DIRECCION">PLAZA DEL TEATRO, 2 </SimpleData>
                        <SimpleData name="TITULARIDAD">MUNICIPAL</SimpleData>
                        <SimpleData name="TARJETAJOVEN">No</SimpleData>
                        <SimpleData name="ACCESOPMR">No</SimpleData>
                        <SimpleData name="LONGITUD">30</SimpleData>
                    </SchemaData>
                </ExtendedData>
                <Point>
                    <coordinates>-4.4209960000181985,36.72365703763168</coordinates>
                </Point>
            </Placemark>
            <Placemark id="da_aparcamientosMoto.fid--175d4967_1a00d9bb795_314b">
                <ExtendedData>
                    <SchemaData schemaUrl="#da_aparcamientosMoto_1">
                        <SimpleData name="ID">65845</SimpleData>
                        <SimpleData name="NOMBRE">APARCAMOTOS_301_</SimpleData>
                        <SimpleData name="DIRECCION">PASEO MARTIRICOS, 28 </SimpleData>
                        <SimpleData name="HORARIOS">24 h.</SimpleData>
                        <SimpleData name="TITULARIDAD">MUNICIPAL</SimpleData>
                        <SimpleData name="TARJETAJOVEN">No</SimpleData>
                        <SimpleData name="ACCESOPMR">No</SimpleData>
                        <SimpleData name="LONGITUD">20</SimpleData>
                    </SchemaData>
                </ExtendedData>
                <Point>
                    <coordinates>-4.4268898507287275,36.7298587531604</coordinates>
                </Point>
            </Placemark>
            <Placemark id="da_aparcamientosMoto.fid--175d4967_1a00d9bb795_314c">
                <ExtendedData>
                    <SchemaData schemaUrl="#da_aparcamientosMoto_1">
                        <SimpleData name="ID">65783</SimpleData>
                        <SimpleData name="NOMBRE">APARCAMOTOS_322</SimpleData>
                        <SimpleData name="DIRECCION">CALLE MENORCA, 3 </SimpleData>
                        <SimpleData name="TITULARIDAD">MUNICIPAL</SimpleData>
                        <SimpleData name="TARJETAJOVEN">No</SimpleData>
                        <SimpleData name="ACCESOPMR">No</SimpleData>
                        <SimpleData name="LONGITUD">5</SimpleData>
                    </SchemaData>
                </ExtendedData>
                <Point>
                    <coordinates>-4.453669280019008,36.69236690759173</coordinates>
                </Point>
            </Placemark>
            <Placemark id="da_aparcamientosMoto.fid--175d4967_1a00d9bb795_314d">
                <ExtendedData>
                    <SchemaData schemaUrl="#da_aparcamientosMoto_1">
                        <SimpleData name="ID">78082</SimpleData>
                        <SimpleData name="NOMBRE">APARCAMOTOS_346</SimpleData>
                        <SimpleData name="DESCRIPCION">Paseo Marítimo Pablo Ruíz Picasso esquina con C/ Gutenberg</SimpleData>
                        <SimpleData name="DIRECCION">PASEO MARÍTIMO PABLO RUIZ PICASSO, 18 </SimpleData>
                        <SimpleData name="TITULARIDAD">MUNICIPAL</SimpleData>
                        <SimpleData name="TARJETAJOVEN">No</SimpleData>
                        <SimpleData name="ACCESOPMR">No</SimpleData>
                        <SimpleData name="LONGITUD">30</SimpleData>
                    </SchemaData>
                </ExtendedData>
                <Point>
                    <coordinates>-4.4046255911732946,36.72045355139835</coordinates>
                </Point>
            </Placemark>
            <Placemark id="da_aparcamientosMoto.fid--175d4967_1a00d9bb795_314e">
                <ExtendedData>
                    <SchemaData schemaUrl="#da_aparcamientosMoto_1">
                        <SimpleData name="ID">65784</SimpleData>
                        <SimpleData name="NOMBRE">APARCAMOTOS_328</SimpleData>
                        <SimpleData name="DESCRIPCION">Junto a Eshmún Sport Clinic</SimpleData>
                        <SimpleData name="DIRECCION">CALLE DE LA MINILLA, 2 </SimpleData>
                        <SimpleData name="TITULARIDAD">MUNICIPAL</SimpleData>
                        <SimpleData name="TARJETAJOVEN">No</SimpleData>
                        <SimpleData name="ACCESOPMR">No</SimpleData>
                        <SimpleData name="LONGITUD">12</SimpleData>
                    </SchemaData>
                </ExtendedData>
                <Point>
                    <coordinates>-4.39438233001754,36.73339616764406</coordinates>
                </Point>
            </Placemark>
            <Placemark id="da_aparcamientosMoto.fid--175d4967_1a00d9bb795_314f">
                <ExtendedData>
                    <SchemaData schemaUrl="#da_aparcamientosMoto_1">
                        <SimpleData name="ID">65703</SimpleData>
                        <SimpleData name="NOMBRE">APARCAMOTOS_179</SimpleData>
                        <SimpleData name="DESCRIPCION">Esq. Pío Baroja</SimpleData>
                        <SimpleData name="DIRECCION">PLAZA MIRAMAR DEL PALO, 7 </SimpleData>
                        <SimpleData name="HORARIOS">24 h</SimpleData>
                        <SimpleData name="TITULARIDAD">MUNICIPAL</SimpleData>
                        <SimpleData name="TARJETAJOVEN">No</SimpleData>
                        <SimpleData name="ACCESOPMR">No</SimpleData>
                        <SimpleData name="LONGITUD">44</SimpleData>
                    </SchemaData>
                </ExtendedData>
                <Point>
                    <coordinates>-4.361962000016725,36.720452037627695</coordinates>
                </Point>
            </Placemark>
            <Placemark id="da_aparcamientosMoto.fid--175d4967_1a00d9bb795_3150">
                <ExtendedData>
                    <SchemaData schemaUrl="#da_aparcamientosMoto_1">
                        <SimpleData name="ID">78114</SimpleData>
                        <SimpleData name="NOMBRE">APARCAMOTOS_355</SimpleData>
                        <SimpleData name="DIRECCION">PASEO MARÍTIMO PABLO RUIZ PICASSO, 71 </SimpleData>
                        <SimpleData name="TITULARIDAD">MUNICIPAL</SimpleData>
                        <SimpleData name="TARJETAJOVEN">No</SimpleData>
                        <SimpleData name="ACCESOPMR">No</SimpleData>
                        <SimpleData name="LONGITUD">15</SimpleData>
                    </SchemaData>
                </ExtendedData>
                <Point>
                    <coordinates>-4.393245063130973,36.723156128215045</coordinates>
                </Point>
            </Placemark>
            <Placemark id="da_aparcamientosMoto.fid--175d4967_1a00d9bb795_3151">
                <ExtendedData>
                    <SchemaData schemaUrl="#da_aparcamientosMoto_1">
                        <SimpleData name="ID">65721</SimpleData>
                        <SimpleData name="NOMBRE">APARCAMOTOS_142</SimpleData>
                        <SimpleData name="DESCRIPCION">Esquina Obispo Ángel Herrera Oria</SimpleData>
                        <SimpleData name="DIRECCION">CALLE PEDRO GÓMEZ CHAIX, 2 </SimpleData>
                        <SimpleData name="HORARIOS">Laborables 8 a 18 h.</SimpleData>
                        <SimpleData name="TITULARIDAD">MUNICIPAL</SimpleData>
                        <SimpleData name="TARJETAJOVEN">No</SimpleData>
                        <SimpleData name="ACCESOPMR">No</SimpleData>
                        <SimpleData name="LONGITUD">12</SimpleData>
                    </SchemaData>
                </ExtendedData>
                <Point>
                    <coordinates>-4.440853000018714,36.71821003762463</coordinates>
                </Point>
            </Placemark>
            <Placemark id="da_aparcamientosMoto.fid--175d4967_1a00d9bb795_3152">
                <ExtendedData>
                    <SchemaData schemaUrl="#da_aparcamientosMoto_1">
                        <SimpleData name="ID">74965</SimpleData>
                        <SimpleData name="NOMBRE">APARCAMOTOS_337</SimpleData>
                        <SimpleData name="DIRECCION">AVENIDA DEL COMANDANTE BENÍTEZ, 10 </SimpleData>
                        <SimpleData name="TITULARIDAD">MUNICIPAL</SimpleData>
                        <SimpleData name="TARJETAJOVEN">No</SimpleData>
                        <SimpleData name="ACCESOPMR">No</SimpleData>
                        <SimpleData name="LONGITUD">9</SimpleData>
                    </SchemaData>
                </ExtendedData>
                <Point>
                    <coordinates>-4.425724129569651,36.71343038250266</coordinates>
                </Point>
            </Placemark>
            <Placemark id="da_aparcamientosMoto.fid--175d4967_1a00d9bb795_3153">
                <ExtendedData>
                    <SchemaData schemaUrl="#da_aparcamientosMoto_1">
                        <SimpleData name="ID">65788</SimpleData>
                        <SimpleData name="NOMBRE">APARCAMOTOS_268</SimpleData>
                        <SimpleData name="DESCRIPCION">Esq. con Cl. Navalón
</SimpleData>
                        <SimpleData name="DIRECCION">AVENIDA DEL COMANDANTE BENÍTEZ, 11 </SimpleData>
                        <SimpleData name="HORARIOS">24 h.</SimpleData>
                        <SimpleData name="TITULARIDAD">MUNICIPAL</SimpleData>
                        <SimpleData name="TARJETAJOVEN">No</SimpleData>
                        <SimpleData name="ACCESOPMR">No</SimpleData>
                        <SimpleData name="LONGITUD">10</SimpleData>
                    </SchemaData>
                </ExtendedData>
                <Point>
                    <coordinates>-4.425629000018288,36.71328603761846</coordinates>
                </Point>
            </Placemark>
            <Placemark id="da_aparcamientosMoto.fid--175d4967_1a00d9bb795_3154">
                <ExtendedData>
                    <SchemaData schemaUrl="#da_aparcamientosMoto_1">
                        <SimpleData name="ID">65787</SimpleData>
                        <SimpleData name="NOMBRE">APARCAMOTOS_246</SimpleData>
                        <SimpleData name="DESCRIPCION">Esq. con Cl. Navalón
</SimpleData>
                        <SimpleData name="DIRECCION">AVENIDA DEL COMANDANTE BENÍTEZ, 11 </SimpleData>
                        <SimpleData name="HORARIOS">24 h.</SimpleData>
                        <SimpleData name="TITULARIDAD">MUNICIPAL</SimpleData>
                        <SimpleData name="TARJETAJOVEN">No</SimpleData>
                        <SimpleData name="ACCESOPMR">No</SimpleData>
                        <SimpleData name="LONGITUD">10</SimpleData>
                    </SchemaData>
                </ExtendedData>
                <Point>
                    <coordinates>-4.42569300001829,36.71329403761841</coordinates>
                </Point>
            </Placemark>
            <Placemark id="da_aparcamientosMoto.fid--175d4967_1a00d9bb795_3155">
                <ExtendedData>
                    <SchemaData schemaUrl="#da_aparcamientosMoto_1">
                        <SimpleData name="ID">65743</SimpleData>
                        <SimpleData name="NOMBRE">APARCAMOTOS_248</SimpleData>
                        <SimpleData name="DESCRIPCION">Frente a Cl. Roma</SimpleData>
                        <SimpleData name="DIRECCION">JARDINES ALCALDE PEDRO LUIS ALONSO, 1 </SimpleData>
                        <SimpleData name="HORARIOS">24 h.</SimpleData>
                        <SimpleData name="TITULARIDAD">MUNICIPAL</SimpleData>
                        <SimpleData name="TARJETAJOVEN">No</SimpleData>
                        <SimpleData name="ACCESOPMR">No</SimpleData>
                        <SimpleData name="LONGITUD">10</SimpleData>
                    </SchemaData>
                </ExtendedData>
                <Point>
                    <coordinates>-4.4145680000180185,36.72080503762808</coordinates>
                </Point>
            </Placemark>
            <Placemark id="da_aparcamientosMoto.fid--175d4967_1a00d9bb795_3156">
                <ExtendedData>
                    <SchemaData schemaUrl="#da_aparcamientosMoto_1">
                        <SimpleData name="ID">65794</SimpleData>
                        <SimpleData name="NOMBRE">APARCAMOTOS_270</SimpleData>
                        <SimpleData name="DESCRIPCION">Esq. con Cl. Roma</SimpleData>
                        <SimpleData name="DIRECCION">JARDINES ALCALDE PEDRO LUIS ALONSO, 1 </SimpleData>
                        <SimpleData name="HORARIOS">24 h.</SimpleData>
                        <SimpleData name="TITULARIDAD">MUNICIPAL</SimpleData>
                        <SimpleData name="TARJETAJOVEN">No</SimpleData>
                        <SimpleData name="ACCESOPMR">No</SimpleData>
                        <SimpleData name="LONGITUD">48</SimpleData>
                    </SchemaData>
                </ExtendedData>
                <Point>
                    <coordinates>-4.414422000018014,36.72079003762798</coordinates>
                </Point>
            </Placemark>
            <Placemark id="da_aparcamientosMoto.fid--175d4967_1a00d9bb795_3157">
                <ExtendedData>
                    <SchemaData schemaUrl="#da_aparcamientosMoto_1">
                        <SimpleData name="ID">78101</SimpleData>
                        <SimpleData name="NOMBRE">APARCAMOTOS_347</SimpleData>
                        <SimpleData name="DIRECCION">CALLE PACÍFICO, 15 </SimpleData>
                        <SimpleData name="TITULARIDAD">MUNICIPAL</SimpleData>
                        <SimpleData name="TARJETAJOVEN">No</SimpleData>
                        <SimpleData name="ACCESOPMR">No</SimpleData>
                        <SimpleData name="LONGITUD">15</SimpleData>
                    </SchemaData>
                </ExtendedData>
                <Point>
                    <coordinates>-4.437846551411115,36.69746204662874</coordinates>
                </Point>
            </Placemark>
            <Placemark id="da_aparcamientosMoto.fid--175d4967_1a00d9bb795_3158">
                <ExtendedData>
                    <SchemaData schemaUrl="#da_aparcamientosMoto_1">
                        <SimpleData name="ID">65621</SimpleData>
                        <SimpleData name="NOMBRE">APARCAMOTOS_001</SimpleData>
                        <SimpleData name="DESCRIPCION">Esquina con Cl. Duquesa de Parcent</SimpleData>
                        <SimpleData name="DIRECCION">ALAMEDA DE COLÓN, 30 </SimpleData>
                        <SimpleData name="HORARIOS">Laborables 8 a 20 h.</SimpleData>
                        <SimpleData name="TITULARIDAD">MUNICIPAL</SimpleData>
                        <SimpleData name="TARJETAJOVEN">No</SimpleData>
                        <SimpleData name="ACCESOPMR">No</SimpleData>
                        <SimpleData name="LONGITUD">57</SimpleData>
                    </SchemaData>
                </ExtendedData>
                <Point>
                    <coordinates>-4.42418240012563,36.71397615571718</coordinates>
                </Point>
            </Placemark>
            <Placemark id="da_aparcamientosMoto.fid--175d4967_1a00d9bb795_3159">
                <ExtendedData>
                    <SchemaData schemaUrl="#da_aparcamientosMoto_1">
                        <SimpleData name="ID">65710</SimpleData>
                        <SimpleData name="NOMBRE">APARCAMOTOS_223</SimpleData>
                        <SimpleData name="DESCRIPCION">Esq. Av. Luz</SimpleData>
                        <SimpleData name="DIRECCION">AVENIDA DE ISAAC PERAL, 4 </SimpleData>
                        <SimpleData name="HORARIOS">24 h</SimpleData>
                        <SimpleData name="TITULARIDAD">MUNICIPAL</SimpleData>
                        <SimpleData name="TARJETAJOVEN">No</SimpleData>
                        <SimpleData name="ACCESOPMR">No</SimpleData>
                        <SimpleData name="LONGITUD">19</SimpleData>
                    </SchemaData>
                </ExtendedData>
                <Point>
                    <coordinates>-4.455919000019083,36.69718203759784</coordinates>
                </Point>
            </Placemark>
            <Placemark id="da_aparcamientosMoto.fid--175d4967_1a00d9bb795_315a">
                <ExtendedData>
                    <SchemaData schemaUrl="#da_aparcamientosMoto_1">
                        <SimpleData name="ID">65810</SimpleData>
                        <SimpleData name="NOMBRE">APARCAMOTOS_294</SimpleData>
                        <SimpleData name="DIRECCION">AVENIDA DE JOSÉ ORTEGA Y GASSET, 11 </SimpleData>
                        <SimpleData name="TITULARIDAD">MUNICIPAL</SimpleData>
                        <SimpleData name="TARJETAJOVEN">No</SimpleData>
                        <SimpleData name="ACCESOPMR">No</SimpleData>
                        <SimpleData name="LONGITUD">10</SimpleData>
                    </SchemaData>
                </ExtendedData>
                <Point>
                    <coordinates>-4.442639853480846,36.7118450829683</coordinates>
                </Point>
            </Placemark>
            <Placemark id="da_aparcamientosMoto.fid--175d4967_1a00d9bb795_315b">
                <ExtendedData>
                    <SchemaData schemaUrl="#da_aparcamientosMoto_1">
                        <SimpleData name="ID">75541</SimpleData>
                        <SimpleData name="NOMBRE">APARCAMOTOS_312</SimpleData>
                        <SimpleData name="DESCRIPCION">Esquina con Mendivil</SimpleData>
                        <SimpleData name="DIRECCION">CALLE JOVELLANOS, 6 </SimpleData>
                        <SimpleData name="HORARIOS">24h</SimpleData>
                        <SimpleData name="TITULARIDAD">MUNICIPAL</SimpleData>
                        <SimpleData name="TARJETAJOVEN">No</SimpleData>
                        <SimpleData name="ACCESOPMR">No</SimpleData>
                        <SimpleData name="LONGITUD">10</SimpleData>
                    </SchemaData>
                </ExtendedData>
                <Point>
                    <coordinates>-4.430374655245106,36.71305276188899</coordinates>
                </Point>
            </Placemark>
            <Placemark id="da_aparcamientosMoto.fid--175d4967_1a00d9bb795_315c">
                <ExtendedData>
                    <SchemaData schemaUrl="#da_aparcamientosMoto_1">
                        <SimpleData name="ID">65711</SimpleData>
                        <SimpleData name="NOMBRE">APARCAMOTOS_219</SimpleData>
                        <SimpleData name="DESCRIPCION">Esq. Antonio Baena Gómez</SimpleData>
                        <SimpleData name="DIRECCION">CALLE MARTÍNEZ, 16 </SimpleData>
                        <SimpleData name="HORARIOS">Motos de 11 a 7 h</SimpleData>
                        <SimpleData name="TITULARIDAD">MUNICIPAL</SimpleData>
                        <SimpleData name="TARJETAJOVEN">No</SimpleData>
                        <SimpleData name="ACCESOPMR">No</SimpleData>
                        <SimpleData name="LONGITUD">34</SimpleData>
                    </SchemaData>
                </ExtendedData>
                <Point>
                    <coordinates>-4.422061000018206,36.71847903762507</coordinates>
                </Point>
            </Placemark>
            <Placemark id="da_aparcamientosMoto.fid--175d4967_1a00d9bb795_315d">
                <ExtendedData>
                    <SchemaData schemaUrl="#da_aparcamientosMoto_1">
                        <SimpleData name="ID">65861</SimpleData>
                        <SimpleData name="NOMBRE">APARCAMOTOS_034</SimpleData>
                        <SimpleData name="DESCRIPCION">Esq. Plaza del Ejido</SimpleData>
                        <SimpleData name="DIRECCION">CALLE EJIDO, 6 </SimpleData>
                        <SimpleData name="HORARIOS">Lectivos 8 a 20 h.</SimpleData>
                        <SimpleData name="TITULARIDAD">MUNICIPAL</SimpleData>
                        <SimpleData name="TARJETAJOVEN">No</SimpleData>
                        <SimpleData name="ACCESOPMR">No</SimpleData>
                        <SimpleData name="LONGITUD">11</SimpleData>
                    </SchemaData>
                </ExtendedData>
                <Point>
                    <coordinates>-4.417920000018121,36.728025037637195</coordinates>
                </Point>
            </Placemark>
            <Placemark id="da_aparcamientosMoto.fid--175d4967_1a00d9bb795_315e">
                <ExtendedData>
                    <SchemaData schemaUrl="#da_aparcamientosMoto_1">
                        <SimpleData name="ID">65591</SimpleData>
                        <SimpleData name="NOMBRE">APARCAMOTOS_200</SimpleData>
                        <SimpleData name="DESCRIPCION">Esq. Garcerán</SimpleData>
                        <SimpleData name="DIRECCION">PASEO DE ANTONIO MACHADO, 72 </SimpleData>
                        <SimpleData name="HORARIOS">24 h</SimpleData>
                        <SimpleData name="TITULARIDAD">MUNICIPAL</SimpleData>
                        <SimpleData name="TARJETAJOVEN">No</SimpleData>
                        <SimpleData name="ACCESOPMR">No</SimpleData>
                        <SimpleData name="LONGITUD">13</SimpleData>
                    </SchemaData>
                </ExtendedData>
                <Point>
                    <coordinates>-4.434993000018511,36.701315037603145</coordinates>
                </Point>
            </Placemark>
            <Placemark id="da_aparcamientosMoto.fid--175d4967_1a00d9bb795_315f">
                <ExtendedData>
                    <SchemaData schemaUrl="#da_aparcamientosMoto_1">
                        <SimpleData name="ID">65821</SimpleData>
                        <SimpleData name="NOMBRE">APARCAMOTOS_002</SimpleData>
                        <SimpleData name="DESCRIPCION">Esq. Av. Manuel Agustín Heredia</SimpleData>
                        <SimpleData name="DIRECCION">AVENIDA DE MANUEL AGUSTÍN HEREDIA, 26 </SimpleData>
                        <SimpleData name="HORARIOS">Laborables 8 a 20 h.</SimpleData>
                        <SimpleData name="TITULARIDAD">MUNICIPAL</SimpleData>
                        <SimpleData name="TARJETAJOVEN">No</SimpleData>
                        <SimpleData name="ACCESOPMR">No</SimpleData>
                        <SimpleData name="LONGITUD">21</SimpleData>
                    </SchemaData>
                </ExtendedData>
                <Point>
                    <coordinates>-4.42398592831529,36.71355580243343</coordinates>
                </Point>
            </Placemark>
            <Placemark id="da_aparcamientosMoto.fid--175d4967_1a00d9bb795_3160">
                <ExtendedData>
                    <SchemaData schemaUrl="#da_aparcamientosMoto_1">
                        <SimpleData name="ID">75540</SimpleData>
                        <SimpleData name="NOMBRE">APARCAMOTOS_295_</SimpleData>
                        <SimpleData name="DESCRIPCION">Esquina con Avenida Paloma</SimpleData>
                        <SimpleData name="DIRECCION">CALLE HÉROE DE SOSTOA, 194 </SimpleData>
                        <SimpleData name="HORARIOS">24h</SimpleData>
                        <SimpleData name="TITULARIDAD">MUNICIPAL</SimpleData>
                        <SimpleData name="TARJETAJOVEN">No</SimpleData>
                        <SimpleData name="ACCESOPMR">No</SimpleData>
                        <SimpleData name="LONGITUD">10</SimpleData>
                    </SchemaData>
                </ExtendedData>
                <Point>
                    <coordinates>-4.44427836192539,36.70107078309489</coordinates>
                </Point>
            </Placemark>
            <Placemark id="da_aparcamientosMoto.fid--175d4967_1a00d9bb795_3161">
                <ExtendedData>
                    <SchemaData schemaUrl="#da_aparcamientosMoto_1">
                        <SimpleData name="ID">65664</SimpleData>
                        <SimpleData name="NOMBRE">APARCAMOTOS_114</SimpleData>
                        <SimpleData name="DESCRIPCION">Esq. con Cl. Concejal Muñoz Cervan</SimpleData>
                        <SimpleData name="DIRECCION">CALLE PACÍFICO, 22 </SimpleData>
                        <SimpleData name="HORARIOS">24 h.</SimpleData>
                        <SimpleData name="TITULARIDAD">MUNICIPAL</SimpleData>
                        <SimpleData name="TARJETAJOVEN">No</SimpleData>
                        <SimpleData name="ACCESOPMR">No</SimpleData>
                        <SimpleData name="LONGITUD">24</SimpleData>
                    </SchemaData>
                </ExtendedData>
                <Point>
                    <coordinates>-4.438274000018587,36.6975370375983</coordinates>
                </Point>
            </Placemark>
            <Placemark id="da_aparcamientosMoto.fid--175d4967_1a00d9bb795_3162">
                <ExtendedData>
                    <SchemaData schemaUrl="#da_aparcamientosMoto_1">
                        <SimpleData name="ID">65657</SimpleData>
                        <SimpleData name="NOMBRE">APARCAMOTOS_073</SimpleData>
                        <SimpleData name="DESCRIPCION">Esq. Av. Cánovas del Castillo</SimpleData>
                        <SimpleData name="DIRECCION">CALLE ARENAL, 2 </SimpleData>
                        <SimpleData name="HORARIOS">Laborables 8 a 20h</SimpleData>
                        <SimpleData name="TITULARIDAD">MUNICIPAL</SimpleData>
                        <SimpleData name="TARJETAJOVEN">No</SimpleData>
                        <SimpleData name="ACCESOPMR">No</SimpleData>
                        <SimpleData name="LONGITUD">30</SimpleData>
                    </SchemaData>
                </ExtendedData>
                <Point>
                    <coordinates>-4.410595000017908,36.719113037625895</coordinates>
                </Point>
            </Placemark>
            <Placemark id="da_aparcamientosMoto.fid--175d4967_1a00d9bb795_3163">
                <ExtendedData>
                    <SchemaData schemaUrl="#da_aparcamientosMoto_1">
                        <SimpleData name="ID">65712</SimpleData>
                        <SimpleData name="NOMBRE">APARCAMOTOS_220</SimpleData>
                        <SimpleData name="DESCRIPCION">Esq. Antonio Baena Gómez</SimpleData>
                        <SimpleData name="DIRECCION">CALLE MARTÍNEZ, 7 </SimpleData>
                        <SimpleData name="HORARIOS">24 h</SimpleData>
                        <SimpleData name="TITULARIDAD">MUNICIPAL</SimpleData>
                        <SimpleData name="TARJETAJOVEN">No</SimpleData>
                        <SimpleData name="ACCESOPMR">No</SimpleData>
                        <SimpleData name="LONGITUD">34</SimpleData>
                    </SchemaData>
                </ExtendedData>
                <Point>
                    <coordinates>-4.422335000018213,36.718496037625044</coordinates>
                </Point>
            </Placemark>
            <Placemark id="da_aparcamientosMoto.fid--175d4967_1a00d9bb795_3164">
                <ExtendedData>
                    <SchemaData schemaUrl="#da_aparcamientosMoto_1">
                        <SimpleData name="ID">65778</SimpleData>
                        <SimpleData name="NOMBRE">APARCAMOTOS_316</SimpleData>
                        <SimpleData name="DESCRIPCION">Excepto carga y descarga en días laborables de 8 a 20 h RESTO HORARIO MOTOS</SimpleData>
                        <SimpleData name="DIRECCION">CALLE CORTINA DEL MUELLE, 11 </SimpleData>
                        <SimpleData name="TITULARIDAD">MUNICIPAL</SimpleData>
                        <SimpleData name="TARJETAJOVEN">No</SimpleData>
                        <SimpleData name="ACCESOPMR">No</SimpleData>
                        <SimpleData name="LONGITUD">29</SimpleData>
                    </SchemaData>
                </ExtendedData>
                <Point>
                    <coordinates>-4.418774460018126,36.719433527626286</coordinates>
                </Point>
            </Placemark>
            <Placemark id="da_aparcamientosMoto.fid--175d4967_1a00d9bb795_3165">
                <ExtendedData>
                    <SchemaData schemaUrl="#da_aparcamientosMoto_1">
                        <SimpleData name="ID">79308</SimpleData>
                        <SimpleData name="NOMBRE">APARCAMOTOS_379</SimpleData>
                        <SimpleData name="DESCRIPCION">C/ David Santiago esquina con C/ Coda Jiménez</SimpleData>
                        <SimpleData name="DIRECCION">CALLE DAVID SANTIAGO, 13 </SimpleData>
                        <SimpleData name="TITULARIDAD">MUNICIPAL</SimpleData>
                        <SimpleData name="TARJETAJOVEN">No</SimpleData>
                        <SimpleData name="ACCESOPMR">No</SimpleData>
                        <SimpleData name="LONGITUD">6.5</SimpleData>
                    </SchemaData>
                </ExtendedData>
                <Point>
                    <coordinates>-4.418779445764022,36.73854771723133</coordinates>
                </Point>
            </Placemark>
            <Placemark id="da_aparcamientosMoto.fid--175d4967_1a00d9bb795_3166">
                <ExtendedData>
                    <SchemaData schemaUrl="#da_aparcamientosMoto_1">
                        <SimpleData name="ID">80144</SimpleData>
                        <SimpleData name="NOMBRE">APARCAMOTOS_384</SimpleData>
                        <SimpleData name="DESCRIPCION">C/ Linares esquina con Camino Huertecilla</SimpleData>
                        <SimpleData name="DIRECCION">CALLE LINARES, 16 </SimpleData>
                        <SimpleData name="TITULARIDAD">MUNICIPAL</SimpleData>
                        <SimpleData name="TARJETAJOVEN">No</SimpleData>
                        <SimpleData name="ACCESOPMR">No</SimpleData>
                        <SimpleData name="LONGITUD">11</SimpleData>
                    </SchemaData>
                </ExtendedData>
                <Point>
                    <coordinates>-4.508268353185198,36.67445157596867</coordinates>
                </Point>
            </Placemark>
            <Placemark id="da_aparcamientosMoto.fid--175d4967_1a00d9bb795_3167">
                <ExtendedData>
                    <SchemaData schemaUrl="#da_aparcamientosMoto_1">
                        <SimpleData name="ID">65779</SimpleData>
                        <SimpleData name="NOMBRE">APARCAMOTOS_317</SimpleData>
                        <SimpleData name="DESCRIPCION">Excepto carga y descarga en días laborables de 8 a 20 h RESTO HORARIO MOTOS</SimpleData>
                        <SimpleData name="DIRECCION">CALLE CORTINA DEL MUELLE, 15 </SimpleData>
                        <SimpleData name="TITULARIDAD">MUNICIPAL</SimpleData>
                        <SimpleData name="TARJETAJOVEN">No</SimpleData>
                        <SimpleData name="ACCESOPMR">No</SimpleData>
                        <SimpleData name="LONGITUD">48</SimpleData>
                    </SchemaData>
                </ExtendedData>
                <Point>
                    <coordinates>-4.418343180018115,36.71972711762667</coordinates>
                </Point>
            </Placemark>
            <Placemark id="da_aparcamientosMoto.fid--175d4967_1a00d9bb795_3168">
                <ExtendedData>
                    <SchemaData schemaUrl="#da_aparcamientosMoto_1">
                        <SimpleData name="ID">65654</SimpleData>
                        <SimpleData name="NOMBRE">APARCAMOTOS_050</SimpleData>
                        <SimpleData name="DESCRIPCION">Esq. Cañon</SimpleData>
                        <SimpleData name="DIRECCION">CALLE CORTINA DEL MUELLE, 13 </SimpleData>
                        <SimpleData name="HORARIOS">24 h.</SimpleData>
                        <SimpleData name="TITULARIDAD">MUNICIPAL</SimpleData>
                        <SimpleData name="TARJETAJOVEN">No</SimpleData>
                        <SimpleData name="ACCESOPMR">No</SimpleData>
                        <SimpleData name="LONGITUD">32</SimpleData>
                    </SchemaData>
                </ExtendedData>
                <Point>
                    <coordinates>-4.4184990000181115,36.719544037626406</coordinates>
                </Point>
            </Placemark>
            <Placemark id="da_aparcamientosMoto.fid--175d4967_1a00d9bb795_3169">
                <ExtendedData>
                    <SchemaData schemaUrl="#da_aparcamientosMoto_1">
                        <SimpleData name="ID">65613</SimpleData>
                        <SimpleData name="NOMBRE">APARCAMOTOS_019</SimpleData>
                        <SimpleData name="DESCRIPCION">Esq. Puerta del Mar</SimpleData>
                        <SimpleData name="DIRECCION">CALLE ATARAZANAS, 1 </SimpleData>
                        <SimpleData name="HORARIOS">De 9 a 21 h.</SimpleData>
                        <SimpleData name="TITULARIDAD">MUNICIPAL</SimpleData>
                        <SimpleData name="TARJETAJOVEN">No</SimpleData>
                        <SimpleData name="ACCESOPMR">No</SimpleData>
                        <SimpleData name="LONGITUD">30</SimpleData>
                    </SchemaData>
                </ExtendedData>
                <Point>
                    <coordinates>-4.423012000018231,36.718459037625024</coordinates>
                </Point>
            </Placemark>
            <Placemark id="da_aparcamientosMoto.fid--175d4967_1a00d9bb795_316a">
                <ExtendedData>
                    <SchemaData schemaUrl="#da_aparcamientosMoto_1">
                        <SimpleData name="ID">65749</SimpleData>
                        <SimpleData name="NOMBRE">APARCAMOTOS_249</SimpleData>
                        <SimpleData name="DESCRIPCION">Esq. con Avda. Cervantes</SimpleData>
                        <SimpleData name="DIRECCION">CALLE ALCALDE PEDRO LUIS ALONSO, 1 </SimpleData>
                        <SimpleData name="HORARIOS">24 h.</SimpleData>
                        <SimpleData name="TITULARIDAD">MUNICIPAL</SimpleData>
                        <SimpleData name="TARJETAJOVEN">No</SimpleData>
                        <SimpleData name="ACCESOPMR">No</SimpleData>
                        <SimpleData name="LONGITUD">17</SimpleData>
                    </SchemaData>
                </ExtendedData>
                <Point>
                    <coordinates>-4.415844000018047,36.720049037627014</coordinates>
                </Point>
            </Placemark>
            <Placemark id="da_aparcamientosMoto.fid--175d4967_1a00d9bb795_316b">
                <ExtendedData>
                    <SchemaData schemaUrl="#da_aparcamientosMoto_1">
                        <SimpleData name="ID">65727</SimpleData>
                        <SimpleData name="NOMBRE">APARCAMOTOS_225</SimpleData>
                        <SimpleData name="DIRECCION">CALLE MANUEL DE PALACIO, 16 </SimpleData>
                        <SimpleData name="TITULARIDAD">MUNICIPAL</SimpleData>
                        <SimpleData name="TARJETAJOVEN">No</SimpleData>
                        <SimpleData name="ACCESOPMR">No</SimpleData>
                        <SimpleData name="LONGITUD">10</SimpleData>
                    </SchemaData>
                </ExtendedData>
                <Point>
                    <coordinates>-4.37030500001693,36.725220037633775</coordinates>
                </Point>
            </Placemark>
            <Placemark id="da_aparcamientosMoto.fid--175d4967_1a00d9bb795_316c">
                <ExtendedData>
                    <SchemaData schemaUrl="#da_aparcamientosMoto_1">
                        <SimpleData name="ID">65782</SimpleData>
                        <SimpleData name="NOMBRE">APARCAMOTOS_323</SimpleData>
                        <SimpleData name="DESCRIPCION">C/ Enrique Van Dulken esq. C/ Maestro Vert</SimpleData>
                        <SimpleData name="DIRECCION">CALLE ENRIQUE VAN DULKEN, 9 </SimpleData>
                        <SimpleData name="TITULARIDAD">MUNICIPAL</SimpleData>
                        <SimpleData name="TARJETAJOVEN">No</SimpleData>
                        <SimpleData name="ACCESOPMR">No</SimpleData>
                        <SimpleData name="LONGITUD">10</SimpleData>
                    </SchemaData>
                </ExtendedData>
                <Point>
                    <coordinates>-4.498802150020295,36.66482823755637</coordinates>
                </Point>
            </Placemark>
            <Placemark id="da_aparcamientosMoto.fid--175d4967_1a00d9bb795_316d">
                <ExtendedData>
                    <SchemaData schemaUrl="#da_aparcamientosMoto_1">
                        <SimpleData name="ID">65724</SimpleData>
                        <SimpleData name="NOMBRE">APARCAMOTOS_155</SimpleData>
                        <SimpleData name="DIRECCION">PASEO MARÍTIMO PABLO RUIZ PICASSO, 10 </SimpleData>
                        <SimpleData name="TITULARIDAD">MUNICIPAL</SimpleData>
                        <SimpleData name="TARJETAJOVEN">No</SimpleData>
                        <SimpleData name="ACCESOPMR">No</SimpleData>
                        <SimpleData name="LONGITUD">22</SimpleData>
                    </SchemaData>
                </ExtendedData>
                <Point>
                    <coordinates>-4.406544000017802,36.71984303762679</coordinates>
                </Point>
            </Placemark>
            <Placemark id="da_aparcamientosMoto.fid--175d4967_1a00d9bb795_316e">
                <ExtendedData>
                    <SchemaData schemaUrl="#da_aparcamientosMoto_1">
                        <SimpleData name="ID">65852</SimpleData>
                        <SimpleData name="NOMBRE">APARCAMOTOS_058</SimpleData>
                        <SimpleData name="DESCRIPCION">Esq. Picacho</SimpleData>
                        <SimpleData name="DIRECCION">CALLE VICTORIA, 48 </SimpleData>
                        <SimpleData name="HORARIOS">24 h.</SimpleData>
                        <SimpleData name="TITULARIDAD">MUNICIPAL</SimpleData>
                        <SimpleData name="TARJETAJOVEN">No</SimpleData>
                        <SimpleData name="ACCESOPMR">No</SimpleData>
                        <SimpleData name="LONGITUD">10</SimpleData>
                    </SchemaData>
                </ExtendedData>
                <Point>
                    <coordinates>-4.415489000018052,36.72464403763288</coordinates>
                </Point>
            </Placemark>
            <Placemark id="da_aparcamientosMoto.fid--175d4967_1a00d9bb795_316f">
                <ExtendedData>
                    <SchemaData schemaUrl="#da_aparcamientosMoto_1">
                        <SimpleData name="ID">65758</SimpleData>
                        <SimpleData name="NOMBRE">APARCAMOTOS_263</SimpleData>
                        <SimpleData name="DESCRIPCION">Esq. con Cl. Fernando Camino</SimpleData>
                        <SimpleData name="DIRECCION">CALLE ARENAL, 13 </SimpleData>
                        <SimpleData name="HORARIOS">24 h.</SimpleData>
                        <SimpleData name="TITULARIDAD">MUNICIPAL</SimpleData>
                        <SimpleData name="TARJETAJOVEN">No</SimpleData>
                        <SimpleData name="ACCESOPMR">No</SimpleData>
                        <SimpleData name="LONGITUD">10</SimpleData>
                    </SchemaData>
                </ExtendedData>
                <Point>
                    <coordinates>-4.409357000017881,36.71905203762583</coordinates>
                </Point>
            </Placemark>
            <Placemark id="da_aparcamientosMoto.fid--175d4967_1a00d9bb795_3170">
                <ExtendedData>
                    <SchemaData schemaUrl="#da_aparcamientosMoto_1">
                        <SimpleData name="ID">65868</SimpleData>
                        <SimpleData name="NOMBRE">APARCAMOTOS_332</SimpleData>
                        <SimpleData name="DIRECCION">CALLE LA MERCED, 2 </SimpleData>
                        <SimpleData name="TITULARIDAD">MUNICIPAL</SimpleData>
                        <SimpleData name="TARJETAJOVEN">No</SimpleData>
                        <SimpleData name="ACCESOPMR">No</SimpleData>
                        <SimpleData name="LONGITUD">19</SimpleData>
                    </SchemaData>
                </ExtendedData>
                <Point>
                    <coordinates>-4.4176064800181045,36.72411672763223</coordinates>
                </Point>
            </Placemark>
            <Placemark id="da_aparcamientosMoto.fid--175d4967_1a00d9bb795_3171">
                <ExtendedData>
                    <SchemaData schemaUrl="#da_aparcamientosMoto_1">
                        <SimpleData name="ID">65628</SimpleData>
                        <SimpleData name="NOMBRE">APARCAMOTOS_072</SimpleData>
                        <SimpleData name="DESCRIPCION">Esq. Escultor Marín Higuero</SimpleData>
                        <SimpleData name="DIRECCION">AVENIDA DE PÍO BAROJA, 9 </SimpleData>
                        <SimpleData name="HORARIOS">24 h.</SimpleData>
                        <SimpleData name="TITULARIDAD">MUNICIPAL</SimpleData>
                        <SimpleData name="TARJETAJOVEN">No</SimpleData>
                        <SimpleData name="ACCESOPMR">No</SimpleData>
                        <SimpleData name="LONGITUD">6</SimpleData>
                    </SchemaData>
                </ExtendedData>
                <Point>
                    <coordinates>-4.364353000016783,36.720462037627726</coordinates>
                </Point>
            </Placemark>
            <Placemark id="da_aparcamientosMoto.fid--175d4967_1a00d9bb795_3172">
                <ExtendedData>
                    <SchemaData schemaUrl="#da_aparcamientosMoto_1">
                        <SimpleData name="ID">65636</SimpleData>
                        <SimpleData name="NOMBRE">APARCAMOTOS_071</SimpleData>
                        <SimpleData name="DESCRIPCION">Esq. calle Ortega Munilla</SimpleData>
                        <SimpleData name="DIRECCION">AVENIDA DE LA ESTACIÓN DE EL PALO, 6 </SimpleData>
                        <SimpleData name="HORARIOS">Laborables 8 a 20 h.</SimpleData>
                        <SimpleData name="TITULARIDAD">MUNICIPAL</SimpleData>
                        <SimpleData name="TARJETAJOVEN">No</SimpleData>
                        <SimpleData name="ACCESOPMR">No</SimpleData>
                        <SimpleData name="LONGITUD">26</SimpleData>
                    </SchemaData>
                </ExtendedData>
                <Point>
                    <coordinates>-4.3614780000167155,36.72041903762759</coordinates>
                </Point>
            </Placemark>
            <Placemark id="da_aparcamientosMoto.fid--175d4967_1a00d9bb795_3173">
                <ExtendedData>
                    <SchemaData schemaUrl="#da_aparcamientosMoto_1">
                        <SimpleData name="ID">65585</SimpleData>
                        <SimpleData name="NOMBRE">APARCAMOTOS_188</SimpleData>
                        <SimpleData name="DIRECCION">CALLE PINOSOL, 21 </SimpleData>
                        <SimpleData name="HORARIOS">24 h</SimpleData>
                        <SimpleData name="TITULARIDAD">MUNICIPAL</SimpleData>
                        <SimpleData name="TARJETAJOVEN">No</SimpleData>
                        <SimpleData name="ACCESOPMR">No</SimpleData>
                        <SimpleData name="LONGITUD">10</SimpleData>
                    </SchemaData>
                </ExtendedData>
                <Point>
                    <coordinates>-4.410005000017915,36.72628103763503</coordinates>
                </Point>
            </Placemark>
            <Placemark id="da_aparcamientosMoto.fid--175d4967_1a00d9bb795_3174">
                <ExtendedData>
                    <SchemaData schemaUrl="#da_aparcamientosMoto_1">
                        <SimpleData name="ID">65744</SimpleData>
                        <SimpleData name="NOMBRE">APARCAMOTOS_261</SimpleData>
                        <SimpleData name="DESCRIPCION">Esq. con Cl. Somera</SimpleData>
                        <SimpleData name="DIRECCION">CALLE DUQUESA DE PARCENT, 7 </SimpleData>
                        <SimpleData name="HORARIOS">24 h.</SimpleData>
                        <SimpleData name="TITULARIDAD">MUNICIPAL</SimpleData>
                        <SimpleData name="TARJETAJOVEN">No</SimpleData>
                        <SimpleData name="ACCESOPMR">No</SimpleData>
                        <SimpleData name="LONGITUD">10</SimpleData>
                    </SchemaData>
                </ExtendedData>
                <Point>
                    <coordinates>-4.423302000018229,36.71469503762026</coordinates>
                </Point>
            </Placemark>
            <Placemark id="da_aparcamientosMoto.fid--175d4967_1a00d9bb795_3175">
                <ExtendedData>
                    <SchemaData schemaUrl="#da_aparcamientosMoto_1">
                        <SimpleData name="ID">65622</SimpleData>
                        <SimpleData name="NOMBRE">APARCAMOTOS_032</SimpleData>
                        <SimpleData name="DESCRIPCION">Esq. Martínez Campos</SimpleData>
                        <SimpleData name="DIRECCION">CALLE DUQUESA DE PARCENT, 2 </SimpleData>
                        <SimpleData name="HORARIOS">Laborables 8 a 20 h.</SimpleData>
                        <SimpleData name="TITULARIDAD">MUNICIPAL</SimpleData>
                        <SimpleData name="TARJETAJOVEN">No</SimpleData>
                        <SimpleData name="ACCESOPMR">No</SimpleData>
                        <SimpleData name="LONGITUD">17</SimpleData>
                    </SchemaData>
                </ExtendedData>
                <Point>
                    <coordinates>-4.422518000018206,36.71554603762132</coordinates>
                </Point>
            </Placemark>
            <Placemark id="da_aparcamientosMoto.fid--175d4967_1a00d9bb795_3176">
                <ExtendedData>
                    <SchemaData schemaUrl="#da_aparcamientosMoto_1">
                        <SimpleData name="ID">75544</SimpleData>
                        <SimpleData name="NOMBRE">APARCAMOTOS_318</SimpleData>
                        <SimpleData name="DESCRIPCION">Esquina con Avenida Cervantes</SimpleData>
                        <SimpleData name="DIRECCION">CALLE CORTINA DEL MUELLE, 25 </SimpleData>
                        <SimpleData name="HORARIOS">Excepto Carga y Descarga en días laborables de 8 a 20h. RESTO HORARIO MOTOS</SimpleData>
                        <SimpleData name="TITULARIDAD">MUNICIPAL</SimpleData>
                        <SimpleData name="TARJETAJOVEN">No</SimpleData>
                        <SimpleData name="ACCESOPMR">No</SimpleData>
                        <SimpleData name="LONGITUD">43</SimpleData>
                    </SchemaData>
                </ExtendedData>
                <Point>
                    <coordinates>-4.417718107318194,36.71959129570693</coordinates>
                </Point>
            </Placemark>
            <Placemark id="da_aparcamientosMoto.fid--175d4967_1a00d9bb795_3177">
                <ExtendedData>
                    <SchemaData schemaUrl="#da_aparcamientosMoto_1">
                        <SimpleData name="ID">65598</SimpleData>
                        <SimpleData name="NOMBRE">APARCAMOTOS_206</SimpleData>
                        <SimpleData name="DESCRIPCION">Esq. Dean García Mota</SimpleData>
                        <SimpleData name="DIRECCION">CALLE CORTINA DEL MUELLE, 25 </SimpleData>
                        <SimpleData name="HORARIOS">24 h</SimpleData>
                        <SimpleData name="TITULARIDAD">MUNICIPAL</SimpleData>
                        <SimpleData name="TARJETAJOVEN">No</SimpleData>
                        <SimpleData name="ACCESOPMR">No</SimpleData>
                        <SimpleData name="LONGITUD">44</SimpleData>
                    </SchemaData>
                </ExtendedData>
                <Point>
                    <coordinates>-4.4174930000180925,36.71958703762643</coordinates>
                </Point>
            </Placemark>
            <Placemark id="da_aparcamientosMoto.fid--175d4967_1a00d9bb795_3178">
                <ExtendedData>
                    <SchemaData schemaUrl="#da_aparcamientosMoto_1">
                        <SimpleData name="ID">65827</SimpleData>
                        <SimpleData name="NOMBRE">APARCAMOTOS_089</SimpleData>
                        <SimpleData name="DIRECCION">AVENIDA DE LA CIBELES, 3 </SimpleData>
                        <SimpleData name="HORARIOS">Laborables 8 a 20h </SimpleData>
                        <SimpleData name="TITULARIDAD">MUNICIPAL</SimpleData>
                        <SimpleData name="TARJETAJOVEN">No</SimpleData>
                        <SimpleData name="ACCESOPMR">No</SimpleData>
                        <SimpleData name="LONGITUD">10</SimpleData>
                    </SchemaData>
                </ExtendedData>
                <Point>
                    <coordinates>-4.420619756001578,36.73906256548356</coordinates>
                </Point>
            </Placemark>
            <Placemark id="da_aparcamientosMoto.fid--175d4967_1a00d9bb795_3179">
                <ExtendedData>
                    <SchemaData schemaUrl="#da_aparcamientosMoto_1">
                        <SimpleData name="ID">65705</SimpleData>
                        <SimpleData name="NOMBRE">APARCAMOTOS_181</SimpleData>
                        <SimpleData name="DIRECCION">CALLE ALMERÍA, 24 </SimpleData>
                        <SimpleData name="HORARIOS">24 h</SimpleData>
                        <SimpleData name="TITULARIDAD">MUNICIPAL</SimpleData>
                        <SimpleData name="TARJETAJOVEN">No</SimpleData>
                        <SimpleData name="ACCESOPMR">No</SimpleData>
                        <SimpleData name="LONGITUD">12</SimpleData>
                    </SchemaData>
                </ExtendedData>
                <Point>
                    <coordinates>-4.35784200001663,36.720805037628196</coordinates>
                </Point>
            </Placemark>
            <Placemark id="da_aparcamientosMoto.fid--175d4967_1a00d9bb795_317a">
                <ExtendedData>
                    <SchemaData schemaUrl="#da_aparcamientosMoto_1">
                        <SimpleData name="ID">78103</SimpleData>
                        <SimpleData name="NOMBRE">APARCAMOTOS_349</SimpleData>
                        <SimpleData name="DESCRIPCION">Esq. Eolo</SimpleData>
                        <SimpleData name="DIRECCION">AVENIDA DE PLUTARCO, 75 </SimpleData>
                        <SimpleData name="TITULARIDAD">MUNICIPAL</SimpleData>
                        <SimpleData name="TARJETAJOVEN">No</SimpleData>
                        <SimpleData name="ACCESOPMR">No</SimpleData>
                        <SimpleData name="LONGITUD">10</SimpleData>
                    </SchemaData>
                </ExtendedData>
                <Point>
                    <coordinates>-4.474257422585746,36.72101969841511</coordinates>
                </Point>
            </Placemark>
            <Placemark id="da_aparcamientosMoto.fid--175d4967_1a00d9bb795_317b">
                <ExtendedData>
                    <SchemaData schemaUrl="#da_aparcamientosMoto_1">
                        <SimpleData name="ID">65752</SimpleData>
                        <SimpleData name="NOMBRE">APARCAMOTOS_258</SimpleData>
                        <SimpleData name="DESCRIPCION">Esq. con San Lorenzo</SimpleData>
                        <SimpleData name="DIRECCION">CALLE DE PINZÓN, 5 </SimpleData>
                        <SimpleData name="HORARIOS">24 h.</SimpleData>
                        <SimpleData name="TITULARIDAD">MUNICIPAL</SimpleData>
                        <SimpleData name="TARJETAJOVEN">No</SimpleData>
                        <SimpleData name="ACCESOPMR">No</SimpleData>
                        <SimpleData name="LONGITUD">6</SimpleData>
                    </SchemaData>
                </ExtendedData>
                <Point>
                    <coordinates>-4.423886000018245,36.71476403762032</coordinates>
                </Point>
            </Placemark>
            <Placemark id="da_aparcamientosMoto.fid--175d4967_1a00d9bb795_317c">
                <ExtendedData>
                    <SchemaData schemaUrl="#da_aparcamientosMoto_1">
                        <SimpleData name="ID">65706</SimpleData>
                        <SimpleData name="NOMBRE">APARCAMOTOS_182</SimpleData>
                        <SimpleData name="DESCRIPCION">Esq, con Cl. Edom</SimpleData>
                        <SimpleData name="DIRECCION">CALLE EDUARDO CARVAJAL, 7 </SimpleData>
                        <SimpleData name="HORARIOS">24 h</SimpleData>
                        <SimpleData name="TITULARIDAD">MUNICIPAL</SimpleData>
                        <SimpleData name="TARJETAJOVEN">No</SimpleData>
                        <SimpleData name="ACCESOPMR">No</SimpleData>
                        <SimpleData name="LONGITUD">11</SimpleData>
                    </SchemaData>
                </ExtendedData>
                <Point>
                    <coordinates>-4.441617000018731,36.715639037621436</coordinates>
                </Point>
            </Placemark>
            <Placemark id="da_aparcamientosMoto.fid--175d4967_1a00d9bb795_317d">
                <ExtendedData>
                    <SchemaData schemaUrl="#da_aparcamientosMoto_1">
                        <SimpleData name="ID">65663</SimpleData>
                        <SimpleData name="NOMBRE">APARCAMOTOS_106</SimpleData>
                        <SimpleData name="DESCRIPCION">Esq. Edom</SimpleData>
                        <SimpleData name="DIRECCION">CALLE MONSEÑOR ÓSCAR ROMERO, 1 </SimpleData>
                        <SimpleData name="HORARIOS">24 h.</SimpleData>
                        <SimpleData name="TITULARIDAD">MUNICIPAL</SimpleData>
                        <SimpleData name="TARJETAJOVEN">No</SimpleData>
                        <SimpleData name="ACCESOPMR">No</SimpleData>
                        <SimpleData name="LONGITUD">23</SimpleData>
                    </SchemaData>
                </ExtendedData>
                <Point>
                    <coordinates>-4.440189000018698,36.715460037621185</coordinates>
                </Point>
            </Placemark>
            <Placemark id="da_aparcamientosMoto.fid--175d4967_1a00d9bb795_317e">
                <ExtendedData>
                    <SchemaData schemaUrl="#da_aparcamientosMoto_1">
                        <SimpleData name="ID">65831</SimpleData>
                        <SimpleData name="NOMBRE">APARCAMOTOS_109</SimpleData>
                        <SimpleData name="DESCRIPCION">Esq. Eduardo Marquina</SimpleData>
                        <SimpleData name="DIRECCION">CALLE LASSO DE LA VEGA, 17 </SimpleData>
                        <SimpleData name="HORARIOS">24 h.</SimpleData>
                        <SimpleData name="TITULARIDAD">MUNICIPAL</SimpleData>
                        <SimpleData name="TARJETAJOVEN">No</SimpleData>
                        <SimpleData name="ACCESOPMR">No</SimpleData>
                        <SimpleData name="LONGITUD">15</SimpleData>
                    </SchemaData>
                </ExtendedData>
                <Point>
                    <coordinates>-4.438626766223452,36.70328115863312</coordinates>
                </Point>
            </Placemark>
            <Placemark id="da_aparcamientosMoto.fid--175d4967_1a00d9bb795_317f">
                <ExtendedData>
                    <SchemaData schemaUrl="#da_aparcamientosMoto_1">
                        <SimpleData name="ID">75527</SimpleData>
                        <SimpleData name="NOMBRE">APARCAMOTOS_334</SimpleData>
                        <SimpleData name="DESCRIPCION">Esquina con Lope de Rueda</SimpleData>
                        <SimpleData name="DIRECCION">CALLE ESCRITORA ANA MARÍA MATUTE, 1 </SimpleData>
                        <SimpleData name="TITULARIDAD">MUNICIPAL</SimpleData>
                        <SimpleData name="TARJETAJOVEN">No</SimpleData>
                        <SimpleData name="ACCESOPMR">No</SimpleData>
                        <SimpleData name="LONGITUD">10</SimpleData>
                    </SchemaData>
                </ExtendedData>
                <Point>
                    <coordinates>-4.480582295780834,36.73776100730269</coordinates>
                </Point>
            </Placemark>
            <Placemark id="da_aparcamientosMoto.fid--175d4967_1a00d9bb795_3180">
                <ExtendedData>
                    <SchemaData schemaUrl="#da_aparcamientosMoto_1">
                        <SimpleData name="ID">65616</SimpleData>
                        <SimpleData name="NOMBRE">APARCAMOTOS_004</SimpleData>
                        <SimpleData name="DESCRIPCION">Esq. con Cl. Pinzón</SimpleData>
                        <SimpleData name="DIRECCION">ALAMEDA DE COLÓN, 20 </SimpleData>
                        <SimpleData name="HORARIOS">Laborables 8 a 20 h.</SimpleData>
                        <SimpleData name="TITULARIDAD">MUNICIPAL</SimpleData>
                        <SimpleData name="TARJETAJOVEN">No</SimpleData>
                        <SimpleData name="ACCESOPMR">No</SimpleData>
                        <SimpleData name="LONGITUD">36</SimpleData>
                    </SchemaData>
                </ExtendedData>
                <Point>
                    <coordinates>-4.424475431460522,36.71468892342034</coordinates>
                </Point>
            </Placemark>
            <Placemark id="da_aparcamientosMoto.fid--175d4967_1a00d9bb795_3181">
                <ExtendedData>
                    <SchemaData schemaUrl="#da_aparcamientosMoto_1">
                        <SimpleData name="ID">65833</SimpleData>
                        <SimpleData name="NOMBRE">APARCAMOTOS_111</SimpleData>
                        <SimpleData name="DESCRIPCION">Esq. con Cl. Marqués de Valdeflores</SimpleData>
                        <SimpleData name="DIRECCION">CALLE HÉROE DE SOSTOA, 107 </SimpleData>
                        <SimpleData name="HORARIOS">24h</SimpleData>
                        <SimpleData name="TITULARIDAD">MUNICIPAL</SimpleData>
                        <SimpleData name="TARJETAJOVEN">No</SimpleData>
                        <SimpleData name="ACCESOPMR">No</SimpleData>
                        <SimpleData name="LONGITUD">13</SimpleData>
                    </SchemaData>
                </ExtendedData>
                <Point>
                    <coordinates>-4.440020844358976,36.70435852055253</coordinates>
                </Point>
            </Placemark>
            <Placemark id="da_aparcamientosMoto.fid--175d4967_1a00d9bb795_3182">
                <ExtendedData>
                    <SchemaData schemaUrl="#da_aparcamientosMoto_1">
                        <SimpleData name="ID">80475</SimpleData>
                        <SimpleData name="NOMBRE">APARCAMOTOS_387</SimpleData>
                        <SimpleData name="DESCRIPCION">C/ Nuñez Vela esquina con Poeta Ximénez Molina</SimpleData>
                        <SimpleData name="DIRECCION">CALLE NÚÑEZ VELA, 19 </SimpleData>
                        <SimpleData name="TITULARIDAD">MUNICIPAL</SimpleData>
                        <SimpleData name="TARJETAJOVEN">No</SimpleData>
                        <SimpleData name="ACCESOPMR">No</SimpleData>
                        <SimpleData name="LONGITUD">16</SimpleData>
                    </SchemaData>
                </ExtendedData>
                <Point>
                    <coordinates>-4.450043635415401,36.72622362114309</coordinates>
                </Point>
            </Placemark>
            <Placemark id="da_aparcamientosMoto.fid--175d4967_1a00d9bb795_3183">
                <ExtendedData>
                    <SchemaData schemaUrl="#da_aparcamientosMoto_1">
                        <SimpleData name="ID">65682</SimpleData>
                        <SimpleData name="NOMBRE">APARCAMOTOS_157</SimpleData>
                        <SimpleData name="DESCRIPCION">Esquina con Santa Rosa de Lima</SimpleData>
                        <SimpleData name="DIRECCION">CALLE ARGÉNTEA, 39 </SimpleData>
                        <SimpleData name="HORARIOS">24h</SimpleData>
                        <SimpleData name="TITULARIDAD">MUNICIPAL</SimpleData>
                        <SimpleData name="TARJETAJOVEN">No</SimpleData>
                        <SimpleData name="ACCESOPMR">No</SimpleData>
                        <SimpleData name="LONGITUD">20</SimpleData>
                    </SchemaData>
                </ExtendedData>
                <Point>
                    <coordinates>-4.448367837761975,36.72180994345432</coordinates>
                </Point>
            </Placemark>
            <Placemark id="da_aparcamientosMoto.fid--175d4967_1a00d9bb795_3184">
                <ExtendedData>
                    <SchemaData schemaUrl="#da_aparcamientosMoto_1">
                        <SimpleData name="ID">65686</SimpleData>
                        <SimpleData name="NOMBRE">APARCAMOTOS_162</SimpleData>
                        <SimpleData name="DESCRIPCION">Esq. Corregidor Ruíz de Pereda</SimpleData>
                        <SimpleData name="DIRECCION">CALLE CORREGIDOR FRANCISCO DE MOLINA, 1 </SimpleData>
                        <SimpleData name="HORARIOS">24 h</SimpleData>
                        <SimpleData name="TITULARIDAD">MUNICIPAL</SimpleData>
                        <SimpleData name="TARJETAJOVEN">No</SimpleData>
                        <SimpleData name="ACCESOPMR">No</SimpleData>
                        <SimpleData name="LONGITUD">55</SimpleData>
                    </SchemaData>
                </ExtendedData>
                <Point>
                    <coordinates>-4.448044000018905,36.713788037619</coordinates>
                </Point>
            </Placemark>
            <Placemark id="da_aparcamientosMoto.fid--175d4967_1a00d9bb795_3185">
                <ExtendedData>
                    <SchemaData schemaUrl="#da_aparcamientosMoto_1">
                        <SimpleData name="ID">65592</SimpleData>
                        <SimpleData name="NOMBRE">APARCAMOTOS_201</SimpleData>
                        <SimpleData name="DESCRIPCION">Bolsa de Aparcamiento</SimpleData>
                        <SimpleData name="DIRECCION">CALLE PADRE MARTÍN, 4 </SimpleData>
                        <SimpleData name="HORARIOS">24 h</SimpleData>
                        <SimpleData name="TITULARIDAD">MUNICIPAL</SimpleData>
                        <SimpleData name="TARJETAJOVEN">No</SimpleData>
                        <SimpleData name="ACCESOPMR">No</SimpleData>
                        <SimpleData name="LONGITUD">7</SimpleData>
                    </SchemaData>
                </ExtendedData>
                <Point>
                    <coordinates>-4.450468000019026,36.7292660376387</coordinates>
                </Point>
            </Placemark>
            <Placemark id="da_aparcamientosMoto.fid--175d4967_1a00d9bb795_3186">
                <ExtendedData>
                    <SchemaData schemaUrl="#da_aparcamientosMoto_1">
                        <SimpleData name="ID">65866</SimpleData>
                        <SimpleData name="NOMBRE">APARCAMOTOS_326</SimpleData>
                        <SimpleData name="DESCRIPCION">C/ ARGENTEA Nº: DEL 56 AL 62</SimpleData>
                        <SimpleData name="DIRECCION">CALLE ARGÉNTEA, 56 </SimpleData>
                        <SimpleData name="HORARIOS">24h</SimpleData>
                        <SimpleData name="TITULARIDAD">MUNICIPAL</SimpleData>
                        <SimpleData name="TARJETAJOVEN">No</SimpleData>
                        <SimpleData name="ACCESOPMR">No</SimpleData>
                        <SimpleData name="LONGITUD">30</SimpleData>
                    </SchemaData>
                </ExtendedData>
                <Point>
                    <coordinates>-4.448290490018934,36.72186332762928</coordinates>
                </Point>
            </Placemark>
            <Placemark id="da_aparcamientosMoto.fid--175d4967_1a00d9bb795_3187">
                <ExtendedData>
                    <SchemaData schemaUrl="#da_aparcamientosMoto_1">
                        <SimpleData name="ID">65822</SimpleData>
                        <SimpleData name="NOMBRE">APARCAMOTOS_040</SimpleData>
                        <SimpleData name="DIRECCION">CALLE HÉROE DE SOSTOA, 1 </SimpleData>
                        <SimpleData name="HORARIOS">24 h</SimpleData>
                        <SimpleData name="TITULARIDAD">MUNICIPAL</SimpleData>
                        <SimpleData name="TARJETAJOVEN">No</SimpleData>
                        <SimpleData name="ACCESOPMR">No</SimpleData>
                        <SimpleData name="LONGITUD">55</SimpleData>
                    </SchemaData>
                </ExtendedData>
                <Point>
                    <coordinates>-4.430803000018419,36.71143103761602</coordinates>
                </Point>
            </Placemark>
            <Placemark id="da_aparcamientosMoto.fid--175d4967_1a00d9bb795_3188">
                <ExtendedData>
                    <SchemaData schemaUrl="#da_aparcamientosMoto_1">
                        <SimpleData name="ID">80033</SimpleData>
                        <SimpleData name="NOMBRE">APARCAMOTOS_383</SimpleData>
                        <SimpleData name="DESCRIPCION">Avenida Gregorio Prieto esquina con C/ Franz Kafka</SimpleData>
                        <SimpleData name="DIRECCION">AVENIDA DE GREGORIO PRIETO, 25 </SimpleData>
                        <SimpleData name="TITULARIDAD">MUNICIPAL</SimpleData>
                        <SimpleData name="TARJETAJOVEN">No</SimpleData>
                        <SimpleData name="ACCESOPMR">No</SimpleData>
                        <SimpleData name="LONGITUD">10</SimpleData>
                    </SchemaData>
                </ExtendedData>
                <Point>
                    <coordinates>-4.463404467882063,36.716371235926054</coordinates>
                </Point>
            </Placemark>
            <Placemark id="da_aparcamientosMoto.fid--175d4967_1a00d9bb795_3189">
                <ExtendedData>
                    <SchemaData schemaUrl="#da_aparcamientosMoto_1">
                        <SimpleData name="ID">78102</SimpleData>
                        <SimpleData name="NOMBRE">APARCAMOTOS_348</SimpleData>
                        <SimpleData name="DESCRIPCION">Esq. Bv Louis Pasteur</SimpleData>
                        <SimpleData name="DIRECCION">AVENIDA DE GREGORIO PRIETO, 8 </SimpleData>
                        <SimpleData name="TITULARIDAD">MUNICIPAL</SimpleData>
                        <SimpleData name="TARJETAJOVEN">No</SimpleData>
                        <SimpleData name="ACCESOPMR">No</SimpleData>
                        <SimpleData name="LONGITUD">10</SimpleData>
                    </SchemaData>
                </ExtendedData>
                <Point>
                    <coordinates>-4.4639197128738495,36.71765798744495</coordinates>
                </Point>
            </Placemark>
            <Placemark id="da_aparcamientosMoto.fid--175d4967_1a00d9bb795_318a">
                <ExtendedData>
                    <SchemaData schemaUrl="#da_aparcamientosMoto_1">
                        <SimpleData name="ID">78441</SimpleData>
                        <SimpleData name="NOMBRE">APARCAMOTOS_371</SimpleData>
                        <SimpleData name="DESCRIPCION">C/ Corregidor José Viciana N.º 2</SimpleData>
                        <SimpleData name="DIRECCION">CALLE CORREGIDOR JOSÉ VICIANA, 2 </SimpleData>
                        <SimpleData name="TITULARIDAD">MUNICIPAL</SimpleData>
                        <SimpleData name="TARJETAJOVEN">No</SimpleData>
                        <SimpleData name="ACCESOPMR">No</SimpleData>
                        <SimpleData name="LONGITUD">10</SimpleData>
                    </SchemaData>
                </ExtendedData>
                <Point>
                    <coordinates>-4.449128920197333,36.71722253100631</coordinates>
                </Point>
            </Placemark>
            <Placemark id="da_aparcamientosMoto.fid--175d4967_1a00d9bb795_318b">
                <ExtendedData>
                    <SchemaData schemaUrl="#da_aparcamientosMoto_1">
                        <SimpleData name="ID">65853</SimpleData>
                        <SimpleData name="NOMBRE">APARCAMOTOS_057</SimpleData>
                        <SimpleData name="DESCRIPCION">Esq. Plz Victoria</SimpleData>
                        <SimpleData name="DIRECCION">CALLE VICTORIA, 106 </SimpleData>
                        <SimpleData name="HORARIOS">L 7:30 a 14:30 h.</SimpleData>
                        <SimpleData name="TITULARIDAD">MUNICIPAL</SimpleData>
                        <SimpleData name="TARJETAJOVEN">No</SimpleData>
                        <SimpleData name="ACCESOPMR">No</SimpleData>
                        <SimpleData name="LONGITUD">31</SimpleData>
                    </SchemaData>
                </ExtendedData>
                <Point>
                    <coordinates>-4.414084000018016,36.72650303763525</coordinates>
                </Point>
            </Placemark>
            <Placemark id="da_aparcamientosMoto.fid--175d4967_1a00d9bb795_318c">
                <ExtendedData>
                    <SchemaData schemaUrl="#da_aparcamientosMoto_1">
                        <SimpleData name="ID">65687</SimpleData>
                        <SimpleData name="NOMBRE">APARCAMOTOS_163</SimpleData>
                        <SimpleData name="DIRECCION">CALLE VICTORIA, 20 </SimpleData>
                        <SimpleData name="HORARIOS">24 h.</SimpleData>
                        <SimpleData name="TITULARIDAD">MUNICIPAL</SimpleData>
                        <SimpleData name="TARJETAJOVEN">No</SimpleData>
                        <SimpleData name="ACCESOPMR">No</SimpleData>
                        <SimpleData name="LONGITUD">21</SimpleData>
                    </SchemaData>
                </ExtendedData>
                <Point>
                    <coordinates>-4.416258000018073,36.723710037631754</coordinates>
                </Point>
            </Placemark>
            <Placemark id="da_aparcamientosMoto.fid--175d4967_1a00d9bb795_318d">
                <ExtendedData>
                    <SchemaData schemaUrl="#da_aparcamientosMoto_1">
                        <SimpleData name="ID">78110</SimpleData>
                        <SimpleData name="NOMBRE">APARCAMOTOS_352</SimpleData>
                        <SimpleData name="DESCRIPCION">Esq. Banda del Mar</SimpleData>
                        <SimpleData name="DIRECCION">AVENIDA DE SALVADOR ALLENDE, 39 </SimpleData>
                        <SimpleData name="TITULARIDAD">MUNICIPAL</SimpleData>
                        <SimpleData name="TARJETAJOVEN">No</SimpleData>
                        <SimpleData name="ACCESOPMR">No</SimpleData>
                        <SimpleData name="LONGITUD">20</SimpleData>
                    </SchemaData>
                </ExtendedData>
                <Point>
                    <coordinates>-4.359320134616767,36.719317344317524</coordinates>
                </Point>
            </Placemark>
            <Placemark id="da_aparcamientosMoto.fid--175d4967_1a00d9bb795_318e">
                <ExtendedData>
                    <SchemaData schemaUrl="#da_aparcamientosMoto_1">
                        <SimpleData name="ID">65690</SimpleData>
                        <SimpleData name="NOMBRE">APARCAMOTOS_166</SimpleData>
                        <SimpleData name="DESCRIPCION">Esq. Paseo Marítimo Pablo Ruiz Picasso.</SimpleData>
                        <SimpleData name="DIRECCION">CALLE IDRIS, 6 </SimpleData>
                        <SimpleData name="HORARIOS">24 h.</SimpleData>
                        <SimpleData name="TITULARIDAD">MUNICIPAL</SimpleData>
                        <SimpleData name="TARJETAJOVEN">No</SimpleData>
                        <SimpleData name="ACCESOPMR">No</SimpleData>
                        <SimpleData name="LONGITUD">20</SimpleData>
                    </SchemaData>
                </ExtendedData>
                <Point>
                    <coordinates>-4.396638000017565,36.72275003763055</coordinates>
                </Point>
            </Placemark>
            <Placemark id="da_aparcamientosMoto.fid--175d4967_1a00d9bb795_318f">
                <ExtendedData>
                    <SchemaData schemaUrl="#da_aparcamientosMoto_1">
                        <SimpleData name="ID">65650</SimpleData>
                        <SimpleData name="NOMBRE">APARCAMOTOS_107</SimpleData>
                        <SimpleData name="DESCRIPCION">Esq. Avda. La Paloma</SimpleData>
                        <SimpleData name="DIRECCION">AVENIDA DE EUROPA, 51 </SimpleData>
                        <SimpleData name="HORARIOS">LV 9-21 y Sa 9-14 h.</SimpleData>
                        <SimpleData name="TITULARIDAD">MUNICIPAL</SimpleData>
                        <SimpleData name="TARJETAJOVEN">No</SimpleData>
                        <SimpleData name="ACCESOPMR">No</SimpleData>
                        <SimpleData name="LONGITUD">16</SimpleData>
                    </SchemaData>
                </ExtendedData>
                <Point>
                    <coordinates>-4.445343017596934,36.70266398043062</coordinates>
                </Point>
            </Placemark>
            <Placemark id="da_aparcamientosMoto.fid--175d4967_1a00d9bb795_3190">
                <ExtendedData>
                    <SchemaData schemaUrl="#da_aparcamientosMoto_1">
                        <SimpleData name="ID">78108</SimpleData>
                        <SimpleData name="NOMBRE">APARCAMOTOS_351</SimpleData>
                        <SimpleData name="DIRECCION">AVENIDA DE SALVADOR ALLENDE, 92 </SimpleData>
                        <SimpleData name="TITULARIDAD">MUNICIPAL</SimpleData>
                        <SimpleData name="TARJETAJOVEN">No</SimpleData>
                        <SimpleData name="ACCESOPMR">No</SimpleData>
                        <SimpleData name="LONGITUD">7</SimpleData>
                    </SchemaData>
                </ExtendedData>
                <Point>
                    <coordinates>-4.35794174003861,36.719114088714385</coordinates>
                </Point>
            </Placemark>
            <Placemark id="da_aparcamientosMoto.fid--175d4967_1a00d9bb795_3191">
                <ExtendedData>
                    <SchemaData schemaUrl="#da_aparcamientosMoto_1">
                        <SimpleData name="ID">65806</SimpleData>
                        <SimpleData name="NOMBRE">APARCAMOTOS_290</SimpleData>
                        <SimpleData name="DESCRIPCION">Esquina con Pasaje Noblejas</SimpleData>
                        <SimpleData name="DIRECCION">CALLE PEREGRINO, 36 </SimpleData>
                        <SimpleData name="HORARIOS">24 h.</SimpleData>
                        <SimpleData name="TITULARIDAD">MUNICIPAL</SimpleData>
                        <SimpleData name="TARJETAJOVEN">No</SimpleData>
                        <SimpleData name="ACCESOPMR">No</SimpleData>
                        <SimpleData name="LONGITUD">22</SimpleData>
                    </SchemaData>
                </ExtendedData>
                <Point>
                    <coordinates>-4.428333000018359,36.71428403761967</coordinates>
                </Point>
            </Placemark>
            <Placemark id="da_aparcamientosMoto.fid--175d4967_1a00d9bb795_3192">
                <ExtendedData>
                    <SchemaData schemaUrl="#da_aparcamientosMoto_1">
                        <SimpleData name="ID">65698</SimpleData>
                        <SimpleData name="NOMBRE">APARCAMOTOS_174</SimpleData>
                        <SimpleData name="DIRECCION">AVENIDA DE SALVADOR ALLENDE, 334 </SimpleData>
                        <SimpleData name="HORARIOS">24 h</SimpleData>
                        <SimpleData name="TITULARIDAD">MUNICIPAL</SimpleData>
                        <SimpleData name="TARJETAJOVEN">No</SimpleData>
                        <SimpleData name="ACCESOPMR">No</SimpleData>
                        <SimpleData name="LONGITUD">13</SimpleData>
                    </SchemaData>
                </ExtendedData>
                <Point>
                    <coordinates>-4.349162000016421,36.71740503762382</coordinates>
                </Point>
            </Placemark>
            <Placemark id="da_aparcamientosMoto.fid--175d4967_1a00d9bb795_3193">
                <ExtendedData>
                    <SchemaData schemaUrl="#da_aparcamientosMoto_1">
                        <SimpleData name="ID">78293</SimpleData>
                        <SimpleData name="NOMBRE">APARCAMOTOS_367</SimpleData>
                        <SimpleData name="DESCRIPCION">C/ Marmolista, nº 18</SimpleData>
                        <SimpleData name="DIRECCION">CALLE MARMOLISTA, 18 </SimpleData>
                        <SimpleData name="TITULARIDAD">MUNICIPAL</SimpleData>
                        <SimpleData name="TARJETAJOVEN">No</SimpleData>
                        <SimpleData name="ACCESOPMR">No</SimpleData>
                        <SimpleData name="LONGITUD">9</SimpleData>
                    </SchemaData>
                </ExtendedData>
                <Point>
                    <coordinates>-4.417675657983046,36.73640379533185,4066568.19391697</coordinates>
                </Point>
            </Placemark>
            <Placemark id="da_aparcamientosMoto.fid--175d4967_1a00d9bb795_3194">
                <ExtendedData>
                    <SchemaData schemaUrl="#da_aparcamientosMoto_1">
                        <SimpleData name="ID">65718</SimpleData>
                        <SimpleData name="NOMBRE">APARCAMOTOS_147</SimpleData>
                        <SimpleData name="DESCRIPCION">Frente al número 274.</SimpleData>
                        <SimpleData name="DIRECCION">AVENIDA DE SALVADOR ALLENDE, 270 </SimpleData>
                        <SimpleData name="HORARIOS">24 h.</SimpleData>
                        <SimpleData name="TITULARIDAD">MUNICIPAL</SimpleData>
                        <SimpleData name="TARJETAJOVEN">No</SimpleData>
                        <SimpleData name="ACCESOPMR">No</SimpleData>
                        <SimpleData name="LONGITUD">10</SimpleData>
                    </SchemaData>
                </ExtendedData>
                <Point>
                    <coordinates>-4.351199000016472,36.71777003762426</coordinates>
                </Point>
            </Placemark>
            <Placemark id="da_aparcamientosMoto.fid--175d4967_1a00d9bb795_3195">
                <ExtendedData>
                    <SchemaData schemaUrl="#da_aparcamientosMoto_1">
                        <SimpleData name="ID">65799</SimpleData>
                        <SimpleData name="NOMBRE">APARCAMOTOS_281</SimpleData>
                        <SimpleData name="DIRECCION">CALLE MIGUEL SEL GÓMEZ DE LA CRUZ, 3 </SimpleData>
                        <SimpleData name="HORARIOS">24 h.</SimpleData>
                        <SimpleData name="TITULARIDAD">MUNICIPAL</SimpleData>
                        <SimpleData name="TARJETAJOVEN">No</SimpleData>
                        <SimpleData name="ACCESOPMR">No</SimpleData>
                        <SimpleData name="LONGITUD">9</SimpleData>
                    </SchemaData>
                </ExtendedData>
                <Point>
                    <coordinates>-4.375016000017054,36.72983303763962</coordinates>
                </Point>
            </Placemark>
            <Placemark id="da_aparcamientosMoto.fid--175d4967_1a00d9bb795_3196">
                <ExtendedData>
                    <SchemaData schemaUrl="#da_aparcamientosMoto_1">
                        <SimpleData name="ID">65699</SimpleData>
                        <SimpleData name="NOMBRE">APARCAMOTOS_175</SimpleData>
                        <SimpleData name="DESCRIPCION">Junto a Corte Inglés</SimpleData>
                        <SimpleData name="DIRECCION">CALLE HILERA, 3 </SimpleData>
                        <SimpleData name="HORARIOS">24 h.</SimpleData>
                        <SimpleData name="TITULARIDAD">MUNICIPAL</SimpleData>
                        <SimpleData name="TARJETAJOVEN">No</SimpleData>
                        <SimpleData name="ACCESOPMR">No</SimpleData>
                        <SimpleData name="LONGITUD">23</SimpleData>
                    </SchemaData>
                </ExtendedData>
                <Point>
                    <coordinates>-4.427387000018346,36.717647037623976</coordinates>
                </Point>
            </Placemark>
            <Placemark id="da_aparcamientosMoto.fid--175d4967_1a00d9bb795_3197">
                <ExtendedData>
                    <SchemaData schemaUrl="#da_aparcamientosMoto_1">
                        <SimpleData name="ID">65759</SimpleData>
                        <SimpleData name="NOMBRE">APARCAMOTOS_297</SimpleData>
                        <SimpleData name="DESCRIPCION">Esq. Calle La Unión</SimpleData>
                        <SimpleData name="DIRECCION">PASAJE SANTO TOMÁS, 3 </SimpleData>
                        <SimpleData name="TITULARIDAD">MUNICIPAL</SimpleData>
                        <SimpleData name="TARJETAJOVEN">No</SimpleData>
                        <SimpleData name="ACCESOPMR">No</SimpleData>
                        <SimpleData name="LONGITUD">21</SimpleData>
                    </SchemaData>
                </ExtendedData>
                <Point>
                    <coordinates>-4.440581120018686,36.71077047761523</coordinates>
                </Point>
            </Placemark>
            <Placemark id="da_aparcamientosMoto.fid--175d4967_1a00d9bb795_3198">
                <ExtendedData>
                    <SchemaData schemaUrl="#da_aparcamientosMoto_1">
                        <SimpleData name="ID">65689</SimpleData>
                        <SimpleData name="NOMBRE">APARCAMOTOS_165</SimpleData>
                        <SimpleData name="DIRECCION">CALLE VIRGEN DE FLORES, 23 </SimpleData>
                        <SimpleData name="HORARIOS">Lectivos 8 a 15 h.</SimpleData>
                        <SimpleData name="TITULARIDAD">MUNICIPAL</SimpleData>
                        <SimpleData name="TARJETAJOVEN">No</SimpleData>
                        <SimpleData name="ACCESOPMR">No</SimpleData>
                        <SimpleData name="LONGITUD">15</SimpleData>
                    </SchemaData>
                </ExtendedData>
                <Point>
                    <coordinates>-4.443108000018786,36.720465037627555</coordinates>
                </Point>
            </Placemark>
            <Placemark id="da_aparcamientosMoto.fid--175d4967_1a00d9bb795_3199">
                <ExtendedData>
                    <SchemaData schemaUrl="#da_aparcamientosMoto_1">
                        <SimpleData name="ID">65648</SimpleData>
                        <SimpleData name="NOMBRE">APARCAMOTOS_103</SimpleData>
                        <SimpleData name="DESCRIPCION">Esq. Unión</SimpleData>
                        <SimpleData name="DIRECCION">CALLE LA UNIÓN, 81 </SimpleData>
                        <SimpleData name="HORARIOS">24 h.</SimpleData>
                        <SimpleData name="TITULARIDAD">MUNICIPAL</SimpleData>
                        <SimpleData name="TARJETAJOVEN">No</SimpleData>
                        <SimpleData name="ACCESOPMR">No</SimpleData>
                        <SimpleData name="LONGITUD">11</SimpleData>
                    </SchemaData>
                </ExtendedData>
                <Point>
                    <coordinates>-4.443380311150246,36.708923700974225</coordinates>
                </Point>
            </Placemark>
            <Placemark id="da_aparcamientosMoto.fid--175d4967_1a00d9bb795_319a">
                <ExtendedData>
                    <SchemaData schemaUrl="#da_aparcamientosMoto_1">
                        <SimpleData name="ID">65781</SimpleData>
                        <SimpleData name="NOMBRE">APARCAMOTOS_324</SimpleData>
                        <SimpleData name="DIRECCION">PLAZA DE ENRIQUE NAVARRO, 4 </SimpleData>
                        <SimpleData name="TITULARIDAD">MUNICIPAL</SimpleData>
                        <SimpleData name="TARJETAJOVEN">No</SimpleData>
                        <SimpleData name="ACCESOPMR">No</SimpleData>
                        <SimpleData name="LONGITUD">20</SimpleData>
                    </SchemaData>
                </ExtendedData>
                <Point>
                    <coordinates>-4.428938610018389,36.7162651676222</coordinates>
                </Point>
            </Placemark>
            <Placemark id="da_aparcamientosMoto.fid--175d4967_1a00d9bb795_319b">
                <ExtendedData>
                    <SchemaData schemaUrl="#da_aparcamientosMoto_1">
                        <SimpleData name="ID">65813</SimpleData>
                        <SimpleData name="NOMBRE">APARCAMOTOS_048</SimpleData>
                        <SimpleData name="DESCRIPCION">Esquina con Cl. Canales</SimpleData>
                        <SimpleData name="DIRECCION">CALLE PLAZA DE TOROS VIEJA, 6 </SimpleData>
                        <SimpleData name="HORARIOS">Laborables 8 a 20 h.</SimpleData>
                        <SimpleData name="TITULARIDAD">MUNICIPAL</SimpleData>
                        <SimpleData name="TARJETAJOVEN">No</SimpleData>
                        <SimpleData name="ACCESOPMR">No</SimpleData>
                        <SimpleData name="LONGITUD">24</SimpleData>
                    </SchemaData>
                </ExtendedData>
                <Point>
                    <coordinates>-4.42711400001832,36.71226703761709</coordinates>
                </Point>
            </Placemark>
            <Placemark id="da_aparcamientosMoto.fid--175d4967_1a00d9bb795_319c">
                <ExtendedData>
                    <SchemaData schemaUrl="#da_aparcamientosMoto_1">
                        <SimpleData name="ID">65741</SimpleData>
                        <SimpleData name="NOMBRE">APARCAMOTOS_244</SimpleData>
                        <SimpleData name="DESCRIPCION">Esq. Cl. Amarguillo</SimpleData>
                        <SimpleData name="DIRECCION">CALLE LA UNIÓN, 66 </SimpleData>
                        <SimpleData name="TITULARIDAD">MUNICIPAL</SimpleData>
                        <SimpleData name="TARJETAJOVEN">No</SimpleData>
                        <SimpleData name="ACCESOPMR">No</SimpleData>
                        <SimpleData name="LONGITUD">7</SimpleData>
                    </SchemaData>
                </ExtendedData>
                <Point>
                    <coordinates>-4.442727000018749,36.709392037613405</coordinates>
                </Point>
            </Placemark>
            <Placemark id="da_aparcamientosMoto.fid--175d4967_1a00d9bb795_319d">
                <ExtendedData>
                    <SchemaData schemaUrl="#da_aparcamientosMoto_1">
                        <SimpleData name="ID">65633</SimpleData>
                        <SimpleData name="NOMBRE">APARCAMOTOS_082</SimpleData>
                        <SimpleData name="DESCRIPCION">Esq. Faro</SimpleData>
                        <SimpleData name="DIRECCION">CALLE REDING, 17 </SimpleData>
                        <SimpleData name="HORARIOS">24 h.</SimpleData>
                        <SimpleData name="TITULARIDAD">MUNICIPAL</SimpleData>
                        <SimpleData name="TARJETAJOVEN">No</SimpleData>
                        <SimpleData name="ACCESOPMR">No</SimpleData>
                        <SimpleData name="LONGITUD">10</SimpleData>
                    </SchemaData>
                </ExtendedData>
                <Point>
                    <coordinates>-4.411187768000395,36.7177178436313</coordinates>
                </Point>
            </Placemark>
            <Placemark id="da_aparcamientosMoto.fid--175d4967_1a00d9bb795_319e">
                <ExtendedData>
                    <SchemaData schemaUrl="#da_aparcamientosMoto_1">
                        <SimpleData name="ID">65802</SimpleData>
                        <SimpleData name="NOMBRE">APARCAMOTOS_286</SimpleData>
                        <SimpleData name="DESCRIPCION">Esquina con Cl. Sánchez Albarrán</SimpleData>
                        <SimpleData name="DIRECCION">CALLE SANCHO MIRANDA, 9 </SimpleData>
                        <SimpleData name="TITULARIDAD">MUNICIPAL</SimpleData>
                        <SimpleData name="TARJETAJOVEN">No</SimpleData>
                        <SimpleData name="ACCESOPMR">No</SimpleData>
                        <SimpleData name="LONGITUD">6</SimpleData>
                    </SchemaData>
                </ExtendedData>
                <Point>
                    <coordinates>-4.419947000018233,36.74784603766236</coordinates>
                </Point>
            </Placemark>
            <Placemark id="da_aparcamientosMoto.fid--175d4967_1a00d9bb795_319f">
                <ExtendedData>
                    <SchemaData schemaUrl="#da_aparcamientosMoto_1">
                        <SimpleData name="ID">65757</SimpleData>
                        <SimpleData name="NOMBRE">APARCAMOTOS_264</SimpleData>
                        <SimpleData name="DESCRIPCION">Esq. con Cl. Maestranza</SimpleData>
                        <SimpleData name="DIRECCION">CALLE FERNANDO CAMINO, 13 </SimpleData>
                        <SimpleData name="HORARIOS">24 h.</SimpleData>
                        <SimpleData name="TITULARIDAD">MUNICIPAL</SimpleData>
                        <SimpleData name="TARJETAJOVEN">No</SimpleData>
                        <SimpleData name="ACCESOPMR">No</SimpleData>
                        <SimpleData name="LONGITUD">10</SimpleData>
                    </SchemaData>
                </ExtendedData>
                <Point>
                    <coordinates>-4.409115000017878,36.719579037626524</coordinates>
                </Point>
            </Placemark>
            <Placemark id="da_aparcamientosMoto.fid--175d4967_1a00d9bb795_31a0">
                <ExtendedData>
                    <SchemaData schemaUrl="#da_aparcamientosMoto_1">
                        <SimpleData name="ID">78119</SimpleData>
                        <SimpleData name="NOMBRE">APARCAMOTOS_361</SimpleData>
                        <SimpleData name="DIRECCION">CALLE MIGUEL DE MÉRIDA NICOLICH, 1 </SimpleData>
                        <SimpleData name="TITULARIDAD">MUNICIPAL</SimpleData>
                        <SimpleData name="TARJETAJOVEN">No</SimpleData>
                        <SimpleData name="ACCESOPMR">No</SimpleData>
                        <SimpleData name="LONGITUD">10</SimpleData>
                    </SchemaData>
                </ExtendedData>
                <Point>
                    <coordinates>-4.457843821287387,36.68472408400485</coordinates>
                </Point>
            </Placemark>
            <Placemark id="da_aparcamientosMoto.fid--175d4967_1a00d9bb795_31a1">
                <ExtendedData>
                    <SchemaData schemaUrl="#da_aparcamientosMoto_1">
                        <SimpleData name="ID">65803</SimpleData>
                        <SimpleData name="NOMBRE">APARCAMOTOS_285</SimpleData>
                        <SimpleData name="DESCRIPCION">Esquina con Cl. Rodrígo de Narváez</SimpleData>
                        <SimpleData name="DIRECCION">CALLE RODRIGO NARVÁEZ, 12 </SimpleData>
                        <SimpleData name="TITULARIDAD">MUNICIPAL</SimpleData>
                        <SimpleData name="TARJETAJOVEN">No</SimpleData>
                        <SimpleData name="ACCESOPMR">No</SimpleData>
                        <SimpleData name="LONGITUD">10</SimpleData>
                    </SchemaData>
                </ExtendedData>
                <Point>
                    <coordinates>-4.446979000018903,36.722997037630776</coordinates>
                </Point>
            </Placemark>
            <Placemark id="da_aparcamientosMoto.fid--175d4967_1a00d9bb795_31a2">
                <ExtendedData>
                    <SchemaData schemaUrl="#da_aparcamientosMoto_1">
                        <SimpleData name="ID">65685</SimpleData>
                        <SimpleData name="NOMBRE">APARCAMOTOS_160</SimpleData>
                        <SimpleData name="DESCRIPCION">Esq. con Cl. Salitre</SimpleData>
                        <SimpleData name="DIRECCION">CALLE PLAZA DE TOROS VIEJA, 14 </SimpleData>
                        <SimpleData name="HORARIOS">24h</SimpleData>
                        <SimpleData name="TITULARIDAD">MUNICIPAL</SimpleData>
                        <SimpleData name="TARJETAJOVEN">No</SimpleData>
                        <SimpleData name="ACCESOPMR">No</SimpleData>
                        <SimpleData name="LONGITUD">23</SimpleData>
                    </SchemaData>
                </ExtendedData>
                <Point>
                    <coordinates>-4.42806400001836,36.71293403761801</coordinates>
                </Point>
            </Placemark>
            <Placemark id="da_aparcamientosMoto.fid--175d4967_1a00d9bb795_31a3">
                <ExtendedData>
                    <SchemaData schemaUrl="#da_aparcamientosMoto_1">
                        <SimpleData name="ID">65676</SimpleData>
                        <SimpleData name="NOMBRE">APARCAMOTOS_135</SimpleData>
                        <SimpleData name="DESCRIPCION">Esq. con Cl. Constancia</SimpleData>
                        <SimpleData name="DIRECCION">CALLE PLAZA DE TOROS VIEJA, 9 </SimpleData>
                        <SimpleData name="HORARIOS">24 H</SimpleData>
                        <SimpleData name="TITULARIDAD">MUNICIPAL</SimpleData>
                        <SimpleData name="TARJETAJOVEN">No</SimpleData>
                        <SimpleData name="ACCESOPMR">No</SimpleData>
                        <SimpleData name="LONGITUD">10</SimpleData>
                    </SchemaData>
                </ExtendedData>
                <Point>
                    <coordinates>-4.42743390800403,36.71245868027905</coordinates>
                </Point>
            </Placemark>
            <Placemark id="da_aparcamientosMoto.fid--175d4967_1a00d9bb795_31a4">
                <ExtendedData>
                    <SchemaData schemaUrl="#da_aparcamientosMoto_1">
                        <SimpleData name="ID">65696</SimpleData>
                        <SimpleData name="NOMBRE">APARCAMOTOS_171</SimpleData>
                        <SimpleData name="DESCRIPCION">Esq.Maestranza</SimpleData>
                        <SimpleData name="DIRECCION">CALLE PERIODISTA LEOVIGILDO CABALLERO GUTIÉRREZ, 1 </SimpleData>
                        <SimpleData name="HORARIOS">Laborables 8 a 20 h.</SimpleData>
                        <SimpleData name="TITULARIDAD">MUNICIPAL</SimpleData>
                        <SimpleData name="TARJETAJOVEN">No</SimpleData>
                        <SimpleData name="ACCESOPMR">No</SimpleData>
                        <SimpleData name="LONGITUD">4</SimpleData>
                    </SchemaData>
                </ExtendedData>
                <Point>
                    <coordinates>-4.410849000017921,36.71979303762674</coordinates>
                </Point>
            </Placemark>
            <Placemark id="da_aparcamientosMoto.fid--175d4967_1a00d9bb795_31a5">
                <ExtendedData>
                    <SchemaData schemaUrl="#da_aparcamientosMoto_1">
                        <SimpleData name="ID">76694</SimpleData>
                        <SimpleData name="NOMBRE">APARCAMOTOS_342</SimpleData>
                        <SimpleData name="DIRECCION">CALLE JUAN DE HERRERA, 30 </SimpleData>
                        <SimpleData name="TITULARIDAD">MUNICIPAL</SimpleData>
                        <SimpleData name="TARJETAJOVEN">No</SimpleData>
                        <SimpleData name="ACCESOPMR">No</SimpleData>
                        <SimpleData name="LONGITUD">10</SimpleData>
                    </SchemaData>
                </ExtendedData>
                <Point>
                    <coordinates>-4.428005699067489,36.725549826417556</coordinates>
                </Point>
            </Placemark>
            <Placemark id="da_aparcamientosMoto.fid--175d4967_1a00d9bb795_31a6">
                <ExtendedData>
                    <SchemaData schemaUrl="#da_aparcamientosMoto_1">
                        <SimpleData name="ID">78554</SimpleData>
                        <SimpleData name="NOMBRE">APARCAMOTOS_375</SimpleData>
                        <SimpleData name="DESCRIPCION">C/ Don Juan de Austria N.º 33, esquina con C/ La Regente</SimpleData>
                        <SimpleData name="DIRECCION">CALLE DON JUAN DE AUSTRIA, 33 </SimpleData>
                        <SimpleData name="TITULARIDAD">MUNICIPAL</SimpleData>
                        <SimpleData name="TARJETAJOVEN">No</SimpleData>
                        <SimpleData name="ACCESOPMR">No</SimpleData>
                        <SimpleData name="LONGITUD">12</SimpleData>
                    </SchemaData>
                </ExtendedData>
                <Point>
                    <coordinates>-4.428862573629474,36.72567829736694,4065393.17178397</coordinates>
                </Point>
            </Placemark>
            <Placemark id="da_aparcamientosMoto.fid--175d4967_1a00d9bb795_31a7">
                <ExtendedData>
                    <SchemaData schemaUrl="#da_aparcamientosMoto_1">
                        <SimpleData name="ID">65739</SimpleData>
                        <SimpleData name="NOMBRE">APARCAMOTOS_241</SimpleData>
                        <SimpleData name="DESCRIPCION">Esq. Cl. La Regente</SimpleData>
                        <SimpleData name="DIRECCION">CALLE DON JUAN DE AUSTRIA, 35 </SimpleData>
                        <SimpleData name="HORARIOS">24 h.</SimpleData>
                        <SimpleData name="TITULARIDAD">MUNICIPAL</SimpleData>
                        <SimpleData name="TARJETAJOVEN">No</SimpleData>
                        <SimpleData name="ACCESOPMR">No</SimpleData>
                        <SimpleData name="LONGITUD">10</SimpleData>
                    </SchemaData>
                </ExtendedData>
                <Point>
                    <coordinates>-4.428802000018403,36.72598703763461</coordinates>
                </Point>
            </Placemark>
            <Placemark id="da_aparcamientosMoto.fid--175d4967_1a00d9bb795_31a8">
                <ExtendedData>
                    <SchemaData schemaUrl="#da_aparcamientosMoto_1">
                        <SimpleData name="ID">65595</SimpleData>
                        <SimpleData name="NOMBRE">APARCAMOTOS_204</SimpleData>
                        <SimpleData name="DESCRIPCION">Esq. con Cl. Carretería</SimpleData>
                        <SimpleData name="DIRECCION">CALLE CARRETERÍA, 88 </SimpleData>
                        <SimpleData name="HORARIOS">24 h</SimpleData>
                        <SimpleData name="TITULARIDAD">MUNICIPAL</SimpleData>
                        <SimpleData name="TARJETAJOVEN">No</SimpleData>
                        <SimpleData name="ACCESOPMR">No</SimpleData>
                        <SimpleData name="LONGITUD">13</SimpleData>
                    </SchemaData>
                </ExtendedData>
                <Point>
                    <coordinates>-4.421678000018216,36.72401503763205</coordinates>
                </Point>
            </Placemark>
            <Placemark id="da_aparcamientosMoto.fid--175d4967_1a00d9bb795_31a9">
                <ExtendedData>
                    <SchemaData schemaUrl="#da_aparcamientosMoto_1">
                        <SimpleData name="ID">78116</SimpleData>
                        <SimpleData name="NOMBRE">APARCAMOTOS_357</SimpleData>
                        <SimpleData name="DIRECCION">PLAZA DE JOHN F. KENNEDY, 2 </SimpleData>
                        <SimpleData name="TITULARIDAD">MUNICIPAL</SimpleData>
                        <SimpleData name="TARJETAJOVEN">No</SimpleData>
                        <SimpleData name="ACCESOPMR">No</SimpleData>
                        <SimpleData name="LONGITUD">6</SimpleData>
                    </SchemaData>
                </ExtendedData>
                <Point>
                    <coordinates>-4.423610407062384,36.74994834646723</coordinates>
                </Point>
            </Placemark>
            <Placemark id="da_aparcamientosMoto.fid--175d4967_1a00d9bb795_31aa">
                <ExtendedData>
                    <SchemaData schemaUrl="#da_aparcamientosMoto_1">
                        <SimpleData name="ID">65838</SimpleData>
                        <SimpleData name="NOMBRE">APARCAMOTOS_018</SimpleData>
                        <SimpleData name="DESCRIPCION">Esquina con Cl. Montalbán</SimpleData>
                        <SimpleData name="DIRECCION">CALLE ANGOSTA DEL CARMEN, 17 </SimpleData>
                        <SimpleData name="HORARIOS">24 h.</SimpleData>
                        <SimpleData name="TITULARIDAD">MUNICIPAL</SimpleData>
                        <SimpleData name="TARJETAJOVEN">No</SimpleData>
                        <SimpleData name="ACCESOPMR">No</SimpleData>
                        <SimpleData name="LONGITUD">14</SimpleData>
                    </SchemaData>
                </ExtendedData>
                <Point>
                    <coordinates>-4.428395000018363,36.71495403762052</coordinates>
                </Point>
            </Placemark>
            <Placemark id="da_aparcamientosMoto.fid--175d4967_1a00d9bb795_31ab">
                <ExtendedData>
                    <SchemaData schemaUrl="#da_aparcamientosMoto_1">
                        <SimpleData name="ID">65662</SimpleData>
                        <SimpleData name="NOMBRE">APARCAMOTOS_059</SimpleData>
                        <SimpleData name="DIRECCION">AVENIDA DE LA AURORA, 25 </SimpleData>
                        <SimpleData name="HORARIOS">24 h.</SimpleData>
                        <SimpleData name="TITULARIDAD">MUNICIPAL</SimpleData>
                        <SimpleData name="TARJETAJOVEN">No</SimpleData>
                        <SimpleData name="ACCESOPMR">No</SimpleData>
                        <SimpleData name="LONGITUD">26</SimpleData>
                    </SchemaData>
                </ExtendedData>
                <Point>
                    <coordinates>-4.4319120000184675,36.71620103762214</coordinates>
                </Point>
            </Placemark>
            <Placemark id="da_aparcamientosMoto.fid--175d4967_1a00d9bb795_31ac">
                <ExtendedData>
                    <SchemaData schemaUrl="#da_aparcamientosMoto_1">
                        <SimpleData name="ID">80689</SimpleData>
                        <SimpleData name="NOMBRE">APARCAMOTOS_389</SimpleData>
                        <SimpleData name="DESCRIPCION">Paseo de los Curas esquina con Avenida Cánovas del Castillo</SimpleData>
                        <SimpleData name="DIRECCION">PASEO DE LOS CURAS, 2 </SimpleData>
                        <SimpleData name="TITULARIDAD">MUNICIPAL</SimpleData>
                        <SimpleData name="TARJETAJOVEN">No</SimpleData>
                        <SimpleData name="ACCESOPMR">No</SimpleData>
                        <SimpleData name="LONGITUD">85</SimpleData>
                    </SchemaData>
                </ExtendedData>
                <Point>
                    <coordinates>-4.413140477822558,36.71954233366271</coordinates>
                </Point>
            </Placemark>
            <Placemark id="da_aparcamientosMoto.fid--175d4967_1a00d9bb795_31ad">
                <ExtendedData>
                    <SchemaData schemaUrl="#da_aparcamientosMoto_1">
                        <SimpleData name="ID">65791</SimpleData>
                        <SimpleData name="NOMBRE">APARCAMOTOS_275</SimpleData>
                        <SimpleData name="DIRECCION">PASEO DE LOS CURAS, 1 </SimpleData>
                        <SimpleData name="HORARIOS">24 h.</SimpleData>
                        <SimpleData name="TITULARIDAD">MUNICIPAL</SimpleData>
                        <SimpleData name="TARJETAJOVEN">No</SimpleData>
                        <SimpleData name="ACCESOPMR">No</SimpleData>
                        <SimpleData name="LONGITUD">64</SimpleData>
                    </SchemaData>
                </ExtendedData>
                <Point>
                    <coordinates>-4.418849000018117,36.718002037624416</coordinates>
                </Point>
            </Placemark>
            <Placemark id="da_aparcamientosMoto.fid--175d4967_1a00d9bb795_31ae">
                <ExtendedData>
                    <SchemaData schemaUrl="#da_aparcamientosMoto_1">
                        <SimpleData name="ID">79310</SimpleData>
                        <SimpleData name="NOMBRE">APARCAMOTOS_381</SimpleData>
                        <SimpleData name="DESCRIPCION">Paseo de Los Curas esquina con la Plaza La Marina</SimpleData>
                        <SimpleData name="DIRECCION">PASEO DE LOS CURAS, 1 </SimpleData>
                        <SimpleData name="TITULARIDAD">MUNICIPAL</SimpleData>
                        <SimpleData name="TARJETAJOVEN">No</SimpleData>
                        <SimpleData name="ACCESOPMR">No</SimpleData>
                        <SimpleData name="LONGITUD">40</SimpleData>
                    </SchemaData>
                </ExtendedData>
                <Point>
                    <coordinates>-4.419324102044423,36.71787908260901</coordinates>
                </Point>
            </Placemark>
            <Placemark id="da_aparcamientosMoto.fid--175d4967_1a00d9bb795_31af">
                <ExtendedData>
                    <SchemaData schemaUrl="#da_aparcamientosMoto_1">
                        <SimpleData name="ID">65826</SimpleData>
                        <SimpleData name="NOMBRE">APARCAMOTOS_086</SimpleData>
                        <SimpleData name="DESCRIPCION">Esq. con Cl. Topete</SimpleData>
                        <SimpleData name="DIRECCION">PASEO MARÍTIMO CIUDAD DE MELILLA, 9 </SimpleData>
                        <SimpleData name="HORARIOS">24 h.</SimpleData>
                        <SimpleData name="TITULARIDAD">MUNICIPAL</SimpleData>
                        <SimpleData name="TARJETAJOVEN">No</SimpleData>
                        <SimpleData name="ACCESOPMR">No</SimpleData>
                        <SimpleData name="LONGITUD">14</SimpleData>
                    </SchemaData>
                </ExtendedData>
                <Point>
                    <coordinates>-4.412367269414721,36.715920394118456</coordinates>
                </Point>
            </Placemark>
            <Placemark id="da_aparcamientosMoto.fid--175d4967_1a00d9bb795_31b0">
                <ExtendedData>
                    <SchemaData schemaUrl="#da_aparcamientosMoto_1">
                        <SimpleData name="ID">65599</SimpleData>
                        <SimpleData name="NOMBRE">APARCAMOTOS_207</SimpleData>
                        <SimpleData name="DESCRIPCION">Esq. Alcalde Pedro Luis Alonso</SimpleData>
                        <SimpleData name="DIRECCION">AVENIDA DE CERVANTES, 2 </SimpleData>
                        <SimpleData name="HORARIOS">24 h</SimpleData>
                        <SimpleData name="TITULARIDAD">MUNICIPAL</SimpleData>
                        <SimpleData name="TARJETAJOVEN">No</SimpleData>
                        <SimpleData name="ACCESOPMR">No</SimpleData>
                        <SimpleData name="LONGITUD">11</SimpleData>
                    </SchemaData>
                </ExtendedData>
                <Point>
                    <coordinates>-4.415992000018053,36.71982303762681</coordinates>
                </Point>
            </Placemark>
            <Placemark id="da_aparcamientosMoto.fid--175d4967_1a00d9bb795_31b1">
                <ExtendedData>
                    <SchemaData schemaUrl="#da_aparcamientosMoto_1">
                        <SimpleData name="ID">79141</SimpleData>
                        <SimpleData name="NOMBRE">APARCAMOTOS_378</SimpleData>
                        <SimpleData name="DESCRIPCION">Avenida Cervantes esquina con C/ Juan Luis Peralta</SimpleData>
                        <SimpleData name="DIRECCION">AVENIDA DE CERVANTES, 3 </SimpleData>
                        <SimpleData name="TITULARIDAD">MUNICIPAL</SimpleData>
                        <SimpleData name="TARJETAJOVEN">No</SimpleData>
                        <SimpleData name="ACCESOPMR">No</SimpleData>
                        <SimpleData name="LONGITUD">20</SimpleData>
                    </SchemaData>
                </ExtendedData>
                <Point>
                    <coordinates>-4.416389021699958,36.719725982857135</coordinates>
                </Point>
            </Placemark>
            <Placemark id="da_aparcamientosMoto.fid--175d4967_1a00d9bb795_31b2">
                <ExtendedData>
                    <SchemaData schemaUrl="#da_aparcamientosMoto_1">
                        <SimpleData name="ID">79311</SimpleData>
                        <SimpleData name="NOMBRE">APARCAMOTOS_382</SimpleData>
                        <SimpleData name="DESCRIPCION">Avenida Cervantes esquina con C/ Juan Luis Peralta</SimpleData>
                        <SimpleData name="DIRECCION">AVENIDA DE CERVANTES, 3 </SimpleData>
                        <SimpleData name="TITULARIDAD">MUNICIPAL</SimpleData>
                        <SimpleData name="TARJETAJOVEN">No</SimpleData>
                        <SimpleData name="ACCESOPMR">No</SimpleData>
                        <SimpleData name="LONGITUD">20</SimpleData>
                    </SchemaData>
                </ExtendedData>
                <Point>
                    <coordinates>-4.416369528314361,36.71970621542543</coordinates>
                </Point>
            </Placemark>
            <Placemark id="da_aparcamientosMoto.fid--175d4967_1a00d9bb795_31b3">
                <ExtendedData>
                    <SchemaData schemaUrl="#da_aparcamientosMoto_1">
                        <SimpleData name="ID">65824</SimpleData>
                        <SimpleData name="NOMBRE">APARCAMOTOS_075</SimpleData>
                        <SimpleData name="DESCRIPCION">Esq. Angel Guimera</SimpleData>
                        <SimpleData name="DIRECCION">CALLE BOLIVIA, 222 </SimpleData>
                        <SimpleData name="HORARIOS">24 h.</SimpleData>
                        <SimpleData name="TITULARIDAD">MUNICIPAL</SimpleData>
                        <SimpleData name="TARJETAJOVEN">No</SimpleData>
                        <SimpleData name="ACCESOPMR">No</SimpleData>
                        <SimpleData name="LONGITUD">27</SimpleData>
                    </SchemaData>
                </ExtendedData>
                <Point>
                    <coordinates>-4.371865242736606,36.72106268631479</coordinates>
                </Point>
            </Placemark>
            <Placemark id="da_aparcamientosMoto.fid--175d4967_1a00d9bb795_31b4">
                <ExtendedData>
                    <SchemaData schemaUrl="#da_aparcamientosMoto_1">
                        <SimpleData name="ID">65640</SimpleData>
                        <SimpleData name="NOMBRE">APARCAMOTOS_090</SimpleData>
                        <SimpleData name="DESCRIPCION">Esq. Avenida Santiago Ramón y Cajal</SimpleData>
                        <SimpleData name="DIRECCION">CALLE DOLORES CORTÉS, 5 </SimpleData>
                        <SimpleData name="HORARIOS">Días lectivos de 7:30 a 19h.</SimpleData>
                        <SimpleData name="TITULARIDAD">MUNICIPAL</SimpleData>
                        <SimpleData name="TARJETAJOVEN">No</SimpleData>
                        <SimpleData name="ACCESOPMR">No</SimpleData>
                        <SimpleData name="LONGITUD">14</SimpleData>
                    </SchemaData>
                </ExtendedData>
                <Point>
                    <coordinates>-4.4235728681270725,36.7478124227695</coordinates>
                </Point>
            </Placemark>
            <Placemark id="da_aparcamientosMoto.fid--175d4967_1a00d9bb795_31b5">
                <ExtendedData>
                    <SchemaData schemaUrl="#da_aparcamientosMoto_1">
                        <SimpleData name="ID">65637</SimpleData>
                        <SimpleData name="NOMBRE">APARCAMOTOS_085</SimpleData>
                        <SimpleData name="DESCRIPCION">Esq. Pl. de la Malagueta</SimpleData>
                        <SimpleData name="DIRECCION">PLAZA DE LA MALAGUETA, 5 </SimpleData>
                        <SimpleData name="HORARIOS">24 h.</SimpleData>
                        <SimpleData name="TITULARIDAD">MUNICIPAL</SimpleData>
                        <SimpleData name="TARJETAJOVEN">No</SimpleData>
                        <SimpleData name="ACCESOPMR">No</SimpleData>
                        <SimpleData name="LONGITUD">25</SimpleData>
                    </SchemaData>
                </ExtendedData>
                <Point>
                    <coordinates>-4.410066000017891,36.71784503762425</coordinates>
                </Point>
            </Placemark>
            <Placemark id="da_aparcamientosMoto.fid--175d4967_1a00d9bb795_31b6">
                <ExtendedData>
                    <SchemaData schemaUrl="#da_aparcamientosMoto_1">
                        <SimpleData name="ID">65745</SimpleData>
                        <SimpleData name="NOMBRE">APARCAMOTOS_259</SimpleData>
                        <SimpleData name="DESCRIPCION">Esq. con Avda. Manuel Agustín Heredia</SimpleData>
                        <SimpleData name="DIRECCION">CALLE SAN LORENZO, 33 </SimpleData>
                        <SimpleData name="HORARIOS">24 h.</SimpleData>
                        <SimpleData name="TITULARIDAD">MUNICIPAL</SimpleData>
                        <SimpleData name="TARJETAJOVEN">No</SimpleData>
                        <SimpleData name="ACCESOPMR">No</SimpleData>
                        <SimpleData name="LONGITUD">10</SimpleData>
                    </SchemaData>
                </ExtendedData>
                <Point>
                    <coordinates>-4.4234880000182315,36.71406003761944</coordinates>
                </Point>
            </Placemark>
            <Placemark id="da_aparcamientosMoto.fid--175d4967_1a00d9bb795_31b7">
                <ExtendedData>
                    <SchemaData schemaUrl="#da_aparcamientosMoto_1">
                        <SimpleData name="ID">65817</SimpleData>
                        <SimpleData name="NOMBRE">APARCAMOTOS_288</SimpleData>
                        <SimpleData name="DESCRIPCION">Esq. con Cl. Don Cristian</SimpleData>
                        <SimpleData name="DIRECCION">CALLE PESO DE LA HARINA, 15 </SimpleData>
                        <SimpleData name="TITULARIDAD">MUNICIPAL</SimpleData>
                        <SimpleData name="TARJETAJOVEN">No</SimpleData>
                        <SimpleData name="ACCESOPMR">No</SimpleData>
                        <SimpleData name="LONGITUD">11</SimpleData>
                    </SchemaData>
                </ExtendedData>
                <Point>
                    <coordinates>-4.4314010000184645,36.720629037627766</coordinates>
                </Point>
            </Placemark>
            <Placemark id="da_aparcamientosMoto.fid--175d4967_1a00d9bb795_31b8">
                <ExtendedData>
                    <SchemaData schemaUrl="#da_aparcamientosMoto_1">
                        <SimpleData name="ID">65635</SimpleData>
                        <SimpleData name="NOMBRE">APARCAMOTOS_077</SimpleData>
                        <SimpleData name="DIRECCION">CALLE BOLIVIA, 157 </SimpleData>
                        <SimpleData name="HORARIOS">24 h</SimpleData>
                        <SimpleData name="TITULARIDAD">MUNICIPAL</SimpleData>
                        <SimpleData name="TARJETAJOVEN">No</SimpleData>
                        <SimpleData name="ACCESOPMR">No</SimpleData>
                        <SimpleData name="LONGITUD">25</SimpleData>
                    </SchemaData>
                </ExtendedData>
                <Point>
                    <coordinates>-4.369024000016888,36.72026203762747</coordinates>
                </Point>
            </Placemark>
            <Placemark id="da_aparcamientosMoto.fid--175d4967_1a00d9bb795_31b9">
                <ExtendedData>
                    <SchemaData schemaUrl="#da_aparcamientosMoto_1">
                        <SimpleData name="ID">65609</SimpleData>
                        <SimpleData name="NOMBRE">APARCAMOTOS_069</SimpleData>
                        <SimpleData name="DIRECCION">ALAMEDA DE CAPUCHINOS, 40 </SimpleData>
                        <SimpleData name="HORARIOS">24 h.</SimpleData>
                        <SimpleData name="TITULARIDAD">MUNICIPAL</SimpleData>
                        <SimpleData name="TARJETAJOVEN">No</SimpleData>
                        <SimpleData name="ACCESOPMR">No</SimpleData>
                        <SimpleData name="LONGITUD">15</SimpleData>
                    </SchemaData>
                </ExtendedData>
                <Point>
                    <coordinates>-4.419007000018159,36.730696037640605</coordinates>
                </Point>
            </Placemark>
            <Placemark id="da_aparcamientosMoto.fid--175d4967_1a00d9bb795_31ba">
                <ExtendedData>
                    <SchemaData schemaUrl="#da_aparcamientosMoto_1">
                        <SimpleData name="ID">75305</SimpleData>
                        <SimpleData name="NOMBRE">APARCAMOTOS_339</SimpleData>
                        <SimpleData name="DIRECCION">CALLE OBISPO FERNÁNDEZ DE CÓRDOVA, 2 </SimpleData>
                        <SimpleData name="TITULARIDAD">MUNICIPAL</SimpleData>
                        <SimpleData name="TARJETAJOVEN">No</SimpleData>
                        <SimpleData name="ACCESOPMR">No</SimpleData>
                        <SimpleData name="LONGITUD"> </SimpleData>
                    </SchemaData>
                </ExtendedData>
                <Point>
                    <coordinates>-4.417968163266431,36.736264521429746</coordinates>
                </Point>
            </Placemark>
            <Placemark id="da_aparcamientosMoto.fid--175d4967_1a00d9bb795_31bb">
                <ExtendedData>
                    <SchemaData schemaUrl="#da_aparcamientosMoto_1">
                        <SimpleData name="ID">65728</SimpleData>
                        <SimpleData name="NOMBRE">APARCAMOTOS_229</SimpleData>
                        <SimpleData name="DESCRIPCION">Intersección c/ Bachiller Serrano</SimpleData>
                        <SimpleData name="DIRECCION">CALLE GUILLÉN ROBLES, 7 </SimpleData>
                        <SimpleData name="TITULARIDAD">MUNICIPAL</SimpleData>
                        <SimpleData name="TARJETAJOVEN">No</SimpleData>
                        <SimpleData name="ACCESOPMR">No</SimpleData>
                        <SimpleData name="LONGITUD">10</SimpleData>
                    </SchemaData>
                </ExtendedData>
                <Point>
                    <coordinates>-4.414051000018043,36.734282037645194</coordinates>
                </Point>
            </Placemark>
            <Placemark id="da_aparcamientosMoto.fid--175d4967_1a00d9bb795_31bc">
                <ExtendedData>
                    <SchemaData schemaUrl="#da_aparcamientosMoto_1">
                        <SimpleData name="ID">65844</SimpleData>
                        <SimpleData name="NOMBRE">APARCAMOTOS_078</SimpleData>
                        <SimpleData name="DESCRIPCION">Esq. Practicante Pedro Román</SimpleData>
                        <SimpleData name="DIRECCION">CALLE BOLIVIA, 119 </SimpleData>
                        <SimpleData name="HORARIOS">24 h</SimpleData>
                        <SimpleData name="TITULARIDAD">MUNICIPAL</SimpleData>
                        <SimpleData name="TARJETAJOVEN">No</SimpleData>
                        <SimpleData name="ACCESOPMR">No</SimpleData>
                        <SimpleData name="LONGITUD">20</SimpleData>
                    </SchemaData>
                </ExtendedData>
                <Point>
                    <coordinates>-4.374503000017019,36.72154503762905</coordinates>
                </Point>
            </Placemark>
            <Placemark id="da_aparcamientosMoto.fid--175d4967_1a00d9bb795_31bd">
                <ExtendedData>
                    <SchemaData schemaUrl="#da_aparcamientosMoto_1">
                        <SimpleData name="ID">65634</SimpleData>
                        <SimpleData name="NOMBRE">APARCAMOTOS_076</SimpleData>
                        <SimpleData name="DESCRIPCION">Esq. con Cl. Cesar Riario</SimpleData>
                        <SimpleData name="DIRECCION">CALLE BOLIVIA, 73 </SimpleData>
                        <SimpleData name="HORARIOS">Laborables 8 a 20 h.</SimpleData>
                        <SimpleData name="TITULARIDAD">MUNICIPAL</SimpleData>
                        <SimpleData name="TARJETAJOVEN">No</SimpleData>
                        <SimpleData name="ACCESOPMR">No</SimpleData>
                        <SimpleData name="LONGITUD">23</SimpleData>
                    </SchemaData>
                </ExtendedData>
                <Point>
                    <coordinates>-4.37733493747036,36.72157867029008</coordinates>
                </Point>
            </Placemark>
            <Placemark id="da_aparcamientosMoto.fid--175d4967_1a00d9bb795_31be">
                <ExtendedData>
                    <SchemaData schemaUrl="#da_aparcamientosMoto_1">
                        <SimpleData name="ID">78130</SimpleData>
                        <SimpleData name="NOMBRE">APARCAMOTOS_366</SimpleData>
                        <SimpleData name="DIRECCION">CALLE BOLIVIA, 52 </SimpleData>
                        <SimpleData name="TITULARIDAD">MUNICIPAL</SimpleData>
                        <SimpleData name="TARJETAJOVEN">No</SimpleData>
                        <SimpleData name="ACCESOPMR">No</SimpleData>
                        <SimpleData name="LONGITUD">10</SimpleData>
                    </SchemaData>
                </ExtendedData>
                <Point>
                    <coordinates>-4.378795069456116,36.72146327417222</coordinates>
                </Point>
            </Placemark>
            <Placemark id="da_aparcamientosMoto.fid--175d4967_1a00d9bb795_31bf">
                <ExtendedData>
                    <SchemaData schemaUrl="#da_aparcamientosMoto_1">
                        <SimpleData name="ID">65840</SimpleData>
                        <SimpleData name="NOMBRE">APARCAMOTOS_029</SimpleData>
                        <SimpleData name="DESCRIPCION">Nº17</SimpleData>
                        <SimpleData name="DIRECCION">CALLE COMPOSITOR LEHMBERG RUIZ, 17 </SimpleData>
                        <SimpleData name="HORARIOS">Laborales 8 a 21 h.</SimpleData>
                        <SimpleData name="TITULARIDAD">MUNICIPAL</SimpleData>
                        <SimpleData name="TARJETAJOVEN">No</SimpleData>
                        <SimpleData name="ACCESOPMR">No</SimpleData>
                        <SimpleData name="LONGITUD">22</SimpleData>
                    </SchemaData>
                </ExtendedData>
                <Point>
                    <coordinates>-4.4344920000185395,36.71790503762432</coordinates>
                </Point>
            </Placemark>
            <Placemark id="da_aparcamientosMoto.fid--175d4967_1a00d9bb795_31c0">
                <ExtendedData>
                    <SchemaData schemaUrl="#da_aparcamientosMoto_1">
                        <SimpleData name="ID">65769</SimpleData>
                        <SimpleData name="NOMBRE">APARCAMOTOS_308</SimpleData>
                        <SimpleData name="DESCRIPCION">Esq. C/Eduardo Marquina</SimpleData>
                        <SimpleData name="DIRECCION">CALLE ABOGADO FEDERICO ORELLANA TOLEDANO, 6 </SimpleData>
                        <SimpleData name="TITULARIDAD">MUNICIPAL</SimpleData>
                        <SimpleData name="TARJETAJOVEN">No</SimpleData>
                        <SimpleData name="ACCESOPMR">No</SimpleData>
                        <SimpleData name="LONGITUD">8</SimpleData>
                    </SchemaData>
                </ExtendedData>
                <Point>
                    <coordinates>-4.439250520018635,36.70245758760463</coordinates>
                </Point>
            </Placemark>
            <Placemark id="da_aparcamientosMoto.fid--175d4967_1a00d9bb795_31c1">
                <ExtendedData>
                    <SchemaData schemaUrl="#da_aparcamientosMoto_1">
                        <SimpleData name="ID">80500</SimpleData>
                        <SimpleData name="NOMBRE">APARCAMOTOS_388</SimpleData>
                        <SimpleData name="DESCRIPCION">C/ Godino esquina con Avenida Doctor Marañón</SimpleData>
                        <SimpleData name="DIRECCION">CALLE GODINO, 14 </SimpleData>
                        <SimpleData name="TITULARIDAD">MUNICIPAL</SimpleData>
                        <SimpleData name="TARJETAJOVEN">No</SimpleData>
                        <SimpleData name="ACCESOPMR">No</SimpleData>
                        <SimpleData name="LONGITUD">15</SimpleData>
                    </SchemaData>
                </ExtendedData>
                <Point>
                    <coordinates>-4.428761575220552,36.730101202034504</coordinates>
                </Point>
            </Placemark>
            <Placemark id="da_aparcamientosMoto.fid--175d4967_1a00d9bb795_31c2">
                <ExtendedData>
                    <SchemaData schemaUrl="#da_aparcamientosMoto_1">
                        <SimpleData name="ID">65596</SimpleData>
                        <SimpleData name="NOMBRE">APARCAMOTOS_187</SimpleData>
                        <SimpleData name="DESCRIPCION">Frente a Cl. Postigo de Arance.</SimpleData>
                        <SimpleData name="DIRECCION">AVENIDA DE LA ROSALEDA, 8 </SimpleData>
                        <SimpleData name="HORARIOS">24 h</SimpleData>
                        <SimpleData name="TITULARIDAD">MUNICIPAL</SimpleData>
                        <SimpleData name="TARJETAJOVEN">No</SimpleData>
                        <SimpleData name="ACCESOPMR">No</SimpleData>
                        <SimpleData name="LONGITUD">30</SimpleData>
                    </SchemaData>
                </ExtendedData>
                <Point>
                    <coordinates>-4.425377000018306,36.72278603763054</coordinates>
                </Point>
            </Placemark>
            <Placemark id="da_aparcamientosMoto.fid--175d4967_1a00d9bb795_31c3">
                <ExtendedData>
                    <SchemaData schemaUrl="#da_aparcamientosMoto_1">
                        <SimpleData name="ID">65604</SimpleData>
                        <SimpleData name="NOMBRE">APARCAMOTOS_213</SimpleData>
                        <SimpleData name="DESCRIPCION">Esq. Emilio la Cerda</SimpleData>
                        <SimpleData name="DIRECCION">CALLE ALTAMIRA, 39 </SimpleData>
                        <SimpleData name="HORARIOS">24 h</SimpleData>
                        <SimpleData name="TITULARIDAD">MUNICIPAL</SimpleData>
                        <SimpleData name="TARJETAJOVEN">No</SimpleData>
                        <SimpleData name="ACCESOPMR">No</SimpleData>
                        <SimpleData name="LONGITUD">8</SimpleData>
                    </SchemaData>
                </ExtendedData>
                <Point>
                    <coordinates>-4.437474000018583,36.70239303760458</coordinates>
                </Point>
            </Placemark>
            <Placemark id="da_aparcamientosMoto.fid--175d4967_1a00d9bb795_31c4">
                <ExtendedData>
                    <SchemaData schemaUrl="#da_aparcamientosMoto_1">
                        <SimpleData name="ID">65669</SimpleData>
                        <SimpleData name="NOMBRE">APARCAMOTOS_118</SimpleData>
                        <SimpleData name="DESCRIPCION">Esq. Kandisky</SimpleData>
                        <SimpleData name="DIRECCION">AVENIDA DEL DOCTOR MANUEL DOMÍNGUEZ, 6 </SimpleData>
                        <SimpleData name="HORARIOS">24 h.</SimpleData>
                        <SimpleData name="TITULARIDAD">MUNICIPAL</SimpleData>
                        <SimpleData name="TARJETAJOVEN">No</SimpleData>
                        <SimpleData name="ACCESOPMR">No</SimpleData>
                        <SimpleData name="LONGITUD">17</SimpleData>
                    </SchemaData>
                </ExtendedData>
                <Point>
                    <coordinates>-4.466535151024236,36.714791591526485</coordinates>
                </Point>
            </Placemark>
            <Placemark id="da_aparcamientosMoto.fid--175d4967_1a00d9bb795_31c5">
                <ExtendedData>
                    <SchemaData schemaUrl="#da_aparcamientosMoto_1">
                        <SimpleData name="ID">65647</SimpleData>
                        <SimpleData name="NOMBRE">APARCAMOTOS_105</SimpleData>
                        <SimpleData name="DESCRIPCION">Esq. Avenida Ortega y Gasset</SimpleData>
                        <SimpleData name="DIRECCION">CALLE MAX ESTRELLA, 14 </SimpleData>
                        <SimpleData name="HORARIOS">24 h.</SimpleData>
                        <SimpleData name="TITULARIDAD">MUNICIPAL</SimpleData>
                        <SimpleData name="TARJETAJOVEN">No</SimpleData>
                        <SimpleData name="ACCESOPMR">No</SimpleData>
                        <SimpleData name="LONGITUD">31</SimpleData>
                    </SchemaData>
                </ExtendedData>
                <Point>
                    <coordinates>-4.464813843388858,36.707035731782604</coordinates>
                </Point>
            </Placemark>
            <Placemark id="da_aparcamientosMoto.fid--175d4967_1a00d9bb795_31c6">
                <ExtendedData>
                    <SchemaData schemaUrl="#da_aparcamientosMoto_1">
                        <SimpleData name="ID">65700</SimpleData>
                        <SimpleData name="NOMBRE">APARCAMOTOS_176</SimpleData>
                        <SimpleData name="DESCRIPCION">Esq, -Calixto y Melibea</SimpleData>
                        <SimpleData name="DIRECCION">ROBINSON CRUSOE, 22 </SimpleData>
                        <SimpleData name="HORARIOS">24 h.</SimpleData>
                        <SimpleData name="TITULARIDAD">MUNICIPAL</SimpleData>
                        <SimpleData name="TARJETAJOVEN">No</SimpleData>
                        <SimpleData name="ACCESOPMR">No</SimpleData>
                        <SimpleData name="LONGITUD">3</SimpleData>
                    </SchemaData>
                </ExtendedData>
                <Point>
                    <coordinates>-4.463553000019346,36.71102603761547</coordinates>
                </Point>
            </Placemark>
            <Placemark id="da_aparcamientosMoto.fid--175d4967_1a00d9bb795_31c7">
                <ExtendedData>
                    <SchemaData schemaUrl="#da_aparcamientosMoto_1">
                        <SimpleData name="ID">65646</SimpleData>
                        <SimpleData name="NOMBRE">APARCAMOTOS_102</SimpleData>
                        <SimpleData name="DESCRIPCION">Esq. Shanti Andia</SimpleData>
                        <SimpleData name="DIRECCION">CALLE MAX ESTRELLA, 2 </SimpleData>
                        <SimpleData name="HORARIOS">De 9 a 22 h.</SimpleData>
                        <SimpleData name="TITULARIDAD">MUNICIPAL</SimpleData>
                        <SimpleData name="TARJETAJOVEN">No</SimpleData>
                        <SimpleData name="ACCESOPMR">No</SimpleData>
                        <SimpleData name="LONGITUD">33</SimpleData>
                    </SchemaData>
                </ExtendedData>
                <Point>
                    <coordinates>-4.462097000019302,36.70859703761235</coordinates>
                </Point>
            </Placemark>
            <Placemark id="da_aparcamientosMoto.fid--175d4967_1a00d9bb795_31c8">
                <ExtendedData>
                    <SchemaData schemaUrl="#da_aparcamientosMoto_1">
                        <SimpleData name="ID">75543</SimpleData>
                        <SimpleData name="NOMBRE">APARCAMOTOS_336</SimpleData>
                        <SimpleData name="DESCRIPCION">Esquina con Rio Arnoya</SimpleData>
                        <SimpleData name="DIRECCION">CALLE CORREGIDOR FRANCISCO DE LUJÁN, 11 </SimpleData>
                        <SimpleData name="HORARIOS">24h</SimpleData>
                        <SimpleData name="TITULARIDAD">MUNICIPAL</SimpleData>
                        <SimpleData name="TARJETAJOVEN">No</SimpleData>
                        <SimpleData name="ACCESOPMR">No</SimpleData>
                        <SimpleData name="LONGITUD">10</SimpleData>
                    </SchemaData>
                </ExtendedData>
                <Point>
                    <coordinates>-4.450817701674907,36.7111150817993</coordinates>
                </Point>
            </Placemark>
            <Placemark id="da_aparcamientosMoto.fid--175d4967_1a00d9bb795_31c9">
                <ExtendedData>
                    <SchemaData schemaUrl="#da_aparcamientosMoto_1">
                        <SimpleData name="ID">78392</SimpleData>
                        <SimpleData name="NOMBRE">APARCAMOTOS_344</SimpleData>
                        <SimpleData name="DESCRIPCION">Av. Nehemias esq. C/ Sanhedún</SimpleData>
                        <SimpleData name="DIRECCION">AVENIDA DE NEHEMÍAS, 1 </SimpleData>
                        <SimpleData name="TITULARIDAD">MUNICIPAL</SimpleData>
                        <SimpleData name="TARJETAJOVEN">No</SimpleData>
                        <SimpleData name="ACCESOPMR">No</SimpleData>
                        <SimpleData name="LONGITUD">12</SimpleData>
                    </SchemaData>
                </ExtendedData>
                <Point>
                    <coordinates>-4.455401146679442,36.70456104267907</coordinates>
                </Point>
            </Placemark>
            <Placemark id="da_aparcamientosMoto.fid--175d4967_1a00d9bb795_31ca">
                <ExtendedData>
                    <SchemaData schemaUrl="#da_aparcamientosMoto_1">
                        <SimpleData name="ID">65602</SimpleData>
                        <SimpleData name="NOMBRE">APARCAMOTOS_211</SimpleData>
                        <SimpleData name="DIRECCION">CALLE CORREGIDOR FRANCISCO DE LUJÁN, 5 </SimpleData>
                        <SimpleData name="HORARIOS">24 h</SimpleData>
                        <SimpleData name="TITULARIDAD">MUNICIPAL</SimpleData>
                        <SimpleData name="TARJETAJOVEN">No</SimpleData>
                        <SimpleData name="ACCESOPMR">No</SimpleData>
                        <SimpleData name="LONGITUD">5</SimpleData>
                    </SchemaData>
                </ExtendedData>
                <Point>
                    <coordinates>-4.449764700627578,36.71131625812081</coordinates>
                </Point>
            </Placemark>
            <Placemark id="da_aparcamientosMoto.fid--175d4967_1a00d9bb795_31cb">
                <ExtendedData>
                    <SchemaData schemaUrl="#da_aparcamientosMoto_1">
                        <SimpleData name="ID">65820</SimpleData>
                        <SimpleData name="NOMBRE">APARCAMOTOS_012</SimpleData>
                        <SimpleData name="DESCRIPCION">Nº 19</SimpleData>
                        <SimpleData name="DIRECCION">AVENIDA DE LA AURORA, 28 </SimpleData>
                        <SimpleData name="HORARIOS">De 8 a 20 h.</SimpleData>
                        <SimpleData name="TITULARIDAD">MUNICIPAL</SimpleData>
                        <SimpleData name="TARJETAJOVEN">No</SimpleData>
                        <SimpleData name="ACCESOPMR">No</SimpleData>
                        <SimpleData name="LONGITUD">9</SimpleData>
                    </SchemaData>
                </ExtendedData>
                <Point>
                    <coordinates>-4.432184000018476,36.71639103762235</coordinates>
                </Point>
            </Placemark>
            <Placemark id="da_aparcamientosMoto.fid--175d4967_1a00d9bb795_31cc">
                <ExtendedData>
                    <SchemaData schemaUrl="#da_aparcamientosMoto_1">
                        <SimpleData name="ID">80146</SimpleData>
                        <SimpleData name="NOMBRE">APARCAMOTOS_385</SimpleData>
                        <SimpleData name="DESCRIPCION"> C/ Emilio Prados esquina con Avenida Sor Teresa Prat</SimpleData>
                        <SimpleData name="DIRECCION">CALLE EMILIO PRADOS, 19 </SimpleData>
                        <SimpleData name="TITULARIDAD">MUNICIPAL</SimpleData>
                        <SimpleData name="TARJETAJOVEN">No</SimpleData>
                        <SimpleData name="ACCESOPMR">No</SimpleData>
                        <SimpleData name="LONGITUD">10</SimpleData>
                    </SchemaData>
                </ExtendedData>
                <Point>
                    <coordinates>-4.441972742401847,36.69726334193377</coordinates>
                </Point>
            </Placemark>
            <Placemark id="da_aparcamientosMoto.fid--175d4967_1a00d9bb795_31cd">
                <ExtendedData>
                    <SchemaData schemaUrl="#da_aparcamientosMoto_1">
                        <SimpleData name="ID">65735</SimpleData>
                        <SimpleData name="NOMBRE">APARCAMOTOS_238</SimpleData>
                        <SimpleData name="DIRECCION">CALLE MANUEL ALTOLAGUIRRE, 15 </SimpleData>
                        <SimpleData name="HORARIOS">24 h.</SimpleData>
                        <SimpleData name="TITULARIDAD">MUNICIPAL</SimpleData>
                        <SimpleData name="TARJETAJOVEN">No</SimpleData>
                        <SimpleData name="ACCESOPMR">No</SimpleData>
                        <SimpleData name="LONGITUD">11</SimpleData>
                    </SchemaData>
                </ExtendedData>
                <Point>
                    <coordinates>-4.443025000018725,36.69669503759726</coordinates>
                </Point>
            </Placemark>
            <Placemark id="da_aparcamientosMoto.fid--175d4967_1a00d9bb795_31ce">
                <ExtendedData>
                    <SchemaData schemaUrl="#da_aparcamientosMoto_1">
                        <SimpleData name="ID">65819</SimpleData>
                        <SimpleData name="NOMBRE">APARCAMOTOS_011</SimpleData>
                        <SimpleData name="DESCRIPCION">Nº 22</SimpleData>
                        <SimpleData name="DIRECCION">AVENIDA DE LA AURORA, 22 </SimpleData>
                        <SimpleData name="HORARIOS">De 8 a 20 h.</SimpleData>
                        <SimpleData name="TITULARIDAD">MUNICIPAL</SimpleData>
                        <SimpleData name="TARJETAJOVEN">No</SimpleData>
                        <SimpleData name="ACCESOPMR">No</SimpleData>
                        <SimpleData name="LONGITUD">11</SimpleData>
                    </SchemaData>
                </ExtendedData>
                <Point>
                    <coordinates>-4.431227000018452,36.71633903762229</coordinates>
                </Point>
            </Placemark>
            <Placemark id="da_aparcamientosMoto.fid--175d4967_1a00d9bb795_31cf">
                <ExtendedData>
                    <SchemaData schemaUrl="#da_aparcamientosMoto_1">
                        <SimpleData name="ID">65665</SimpleData>
                        <SimpleData name="NOMBRE">APARCAMOTOS_115</SimpleData>
                        <SimpleData name="DESCRIPCION">Esq. Avda. de Velázquez</SimpleData>
                        <SimpleData name="DIRECCION">CALLE FRIGILIANA, 3 </SimpleData>
                        <SimpleData name="HORARIOS">24 h.</SimpleData>
                        <SimpleData name="TITULARIDAD">MUNICIPAL</SimpleData>
                        <SimpleData name="TARJETAJOVEN">No</SimpleData>
                        <SimpleData name="ACCESOPMR">No</SimpleData>
                        <SimpleData name="LONGITUD">11</SimpleData>
                    </SchemaData>
                </ExtendedData>
                <Point>
                    <coordinates>-4.447716772575166,36.69763175023079</coordinates>
                </Point>
            </Placemark>
            <Placemark id="da_aparcamientosMoto.fid--175d4967_1a00d9bb795_31d0">
                <ExtendedData>
                    <SchemaData schemaUrl="#da_aparcamientosMoto_1">
                        <SimpleData name="ID">65641</SimpleData>
                        <SimpleData name="NOMBRE">APARCAMOTOS_092</SimpleData>
                        <SimpleData name="DESCRIPCION">Esq. Arturo Reyes</SimpleData>
                        <SimpleData name="DIRECCION">CALLE ARQUÍMEDES, 2 </SimpleData>
                        <SimpleData name="HORARIOS">24 h.</SimpleData>
                        <SimpleData name="TITULARIDAD">MUNICIPAL</SimpleData>
                        <SimpleData name="TARJETAJOVEN">No</SimpleData>
                        <SimpleData name="ACCESOPMR">No</SimpleData>
                        <SimpleData name="LONGITUD">8</SimpleData>
                    </SchemaData>
                </ExtendedData>
                <Point>
                    <coordinates>-4.439305000018709,36.729641037639226</coordinates>
                </Point>
            </Placemark>
            <Placemark id="da_aparcamientosMoto.fid--175d4967_1a00d9bb795_31d1">
                <ExtendedData>
                    <SchemaData schemaUrl="#da_aparcamientosMoto_1">
                        <SimpleData name="ID">65818</SimpleData>
                        <SimpleData name="NOMBRE">APARCAMOTOS_028</SimpleData>
                        <SimpleData name="DESCRIPCION">Esq. Hilera</SimpleData>
                        <SimpleData name="DIRECCION">CALLE COMPOSITOR LEHMBERG RUIZ, 1 </SimpleData>
                        <SimpleData name="HORARIOS">24h</SimpleData>
                        <SimpleData name="TITULARIDAD">MUNICIPAL</SimpleData>
                        <SimpleData name="TARJETAJOVEN">No</SimpleData>
                        <SimpleData name="ACCESOPMR">No</SimpleData>
                        <SimpleData name="LONGITUD">25</SimpleData>
                    </SchemaData>
                </ExtendedData>
                <Point>
                    <coordinates>-4.430594220775915,36.71816504941662</coordinates>
                </Point>
            </Placemark>
            <Placemark id="da_aparcamientosMoto.fid--175d4967_1a00d9bb795_31d2">
                <ExtendedData>
                    <SchemaData schemaUrl="#da_aparcamientosMoto_1">
                        <SimpleData name="ID">65606</SimpleData>
                        <SimpleData name="NOMBRE">APARCAMOTOS_216</SimpleData>
                        <SimpleData name="DESCRIPCION">Esq. con Cl. Beethoven</SimpleData>
                        <SimpleData name="DIRECCION">CALLE BEETHOVEN, 6 </SimpleData>
                        <SimpleData name="HORARIOS">24 h</SimpleData>
                        <SimpleData name="TITULARIDAD">MUNICIPAL</SimpleData>
                        <SimpleData name="TARJETAJOVEN">No</SimpleData>
                        <SimpleData name="ACCESOPMR">No</SimpleData>
                        <SimpleData name="LONGITUD">17</SimpleData>
                    </SchemaData>
                </ExtendedData>
                <Point>
                    <coordinates>-4.450239000018919,36.69436903759428</coordinates>
                </Point>
            </Placemark>
            <Placemark id="da_aparcamientosMoto.fid--175d4967_1a00d9bb795_31d3">
                <ExtendedData>
                    <SchemaData schemaUrl="#da_aparcamientosMoto_1">
                        <SimpleData name="ID">65762</SimpleData>
                        <SimpleData name="NOMBRE">APARCAMOTOS_269</SimpleData>
                        <SimpleData name="DESCRIPCION">Esq. con Avda. de la Luz</SimpleData>
                        <SimpleData name="DIRECCION">CALLE TRAVESÍA DE LA LUZ, 1 </SimpleData>
                        <SimpleData name="HORARIOS">24 h.</SimpleData>
                        <SimpleData name="TITULARIDAD">MUNICIPAL</SimpleData>
                        <SimpleData name="TARJETAJOVEN">No</SimpleData>
                        <SimpleData name="ACCESOPMR">No</SimpleData>
                        <SimpleData name="LONGITUD">7</SimpleData>
                    </SchemaData>
                </ExtendedData>
                <Point>
                    <coordinates>-4.452793000018997,36.696557037597024</coordinates>
                </Point>
            </Placemark>
            <Placemark id="da_aparcamientosMoto.fid--175d4967_1a00d9bb795_31d4">
                <ExtendedData>
                    <SchemaData schemaUrl="#da_aparcamientosMoto_1">
                        <SimpleData name="ID">65816</SimpleData>
                        <SimpleData name="NOMBRE">APARCAMOTOS_068</SimpleData>
                        <SimpleData name="DESCRIPCION">Esq. Hilera</SimpleData>
                        <SimpleData name="DIRECCION">CALLE COMPOSITOR LEHMBERG RUIZ, 2 </SimpleData>
                        <SimpleData name="HORARIOS">Laborables 8 a 20h.</SimpleData>
                        <SimpleData name="TITULARIDAD">MUNICIPAL</SimpleData>
                        <SimpleData name="TARJETAJOVEN">No</SimpleData>
                        <SimpleData name="ACCESOPMR">No</SimpleData>
                        <SimpleData name="LONGITUD">26</SimpleData>
                    </SchemaData>
                </ExtendedData>
                <Point>
                    <coordinates>-4.4307510000184385,36.718163037624606</coordinates>
                </Point>
            </Placemark>
            <Placemark id="da_aparcamientosMoto.fid--175d4967_1a00d9bb795_31d5">
                <ExtendedData>
                    <SchemaData schemaUrl="#da_aparcamientosMoto_1">
                        <SimpleData name="ID">65867</SimpleData>
                        <SimpleData name="NOMBRE">APARCAMOTOS_340</SimpleData>
                        <SimpleData name="DIRECCION">CALLE CARRETERÍA, 70 </SimpleData>
                        <SimpleData name="TITULARIDAD">MUNICIPAL</SimpleData>
                        <SimpleData name="TARJETAJOVEN">No</SimpleData>
                        <SimpleData name="ACCESOPMR">No</SimpleData>
                    </SchemaData>
                </ExtendedData>
                <Point>
                    <coordinates>-4.42257100001823,36.723723967631734</coordinates>
                </Point>
            </Placemark>
            <Placemark id="da_aparcamientosMoto.fid--175d4967_1a00d9bb795_31d6">
                <ExtendedData>
                    <SchemaData schemaUrl="#da_aparcamientosMoto_1">
                        <SimpleData name="ID">65777</SimpleData>
                        <SimpleData name="NOMBRE">APARCAMOTOS_319</SimpleData>
                        <SimpleData name="DIRECCION">CALLE MAESTRO TOMÁS BRETÓN, 31 </SimpleData>
                        <SimpleData name="TITULARIDAD">MUNICIPAL</SimpleData>
                        <SimpleData name="TARJETAJOVEN">No</SimpleData>
                        <SimpleData name="ACCESOPMR">No</SimpleData>
                        <SimpleData name="LONGITUD">10</SimpleData>
                    </SchemaData>
                </ExtendedData>
                <Point>
                    <coordinates>-4.5033107200204405,36.6619229675527</coordinates>
                </Point>
            </Placemark>
            <Placemark id="da_aparcamientosMoto.fid--175d4967_1a00d9bb795_31d7">
                <ExtendedData>
                    <SchemaData schemaUrl="#da_aparcamientosMoto_1">
                        <SimpleData name="ID">65691</SimpleData>
                        <SimpleData name="NOMBRE">APARCAMOTOS_167</SimpleData>
                        <SimpleData name="DESCRIPCION">Esq. Juan Luis Peralta</SimpleData>
                        <SimpleData name="DIRECCION">CALLE GUILLÉN SOTELO, 2 </SimpleData>
                        <SimpleData name="HORARIOS">24 h.</SimpleData>
                        <SimpleData name="TITULARIDAD">MUNICIPAL</SimpleData>
                        <SimpleData name="TARJETAJOVEN">No</SimpleData>
                        <SimpleData name="ACCESOPMR">No</SimpleData>
                        <SimpleData name="LONGITUD">31</SimpleData>
                    </SchemaData>
                </ExtendedData>
                <Point>
                    <coordinates>-4.4164290000180655,36.720061037627126</coordinates>
                </Point>
            </Placemark>
            <Placemark id="da_aparcamientosMoto.fid--175d4967_1a00d9bb795_31d8">
                <ExtendedData>
                    <SchemaData schemaUrl="#da_aparcamientosMoto_1">
                        <SimpleData name="ID">65600</SimpleData>
                        <SimpleData name="NOMBRE">APARCAMOTOS_208</SimpleData>
                        <SimpleData name="DESCRIPCION">Esq. Don Juan Temboury</SimpleData>
                        <SimpleData name="DIRECCION">CALLE GUILLÉN SOTELO, 1 </SimpleData>
                        <SimpleData name="HORARIOS">24 h</SimpleData>
                        <SimpleData name="TITULARIDAD">MUNICIPAL</SimpleData>
                        <SimpleData name="TARJETAJOVEN">No</SimpleData>
                        <SimpleData name="ACCESOPMR">No</SimpleData>
                        <SimpleData name="LONGITUD">25</SimpleData>
                    </SchemaData>
                </ExtendedData>
                <Point>
                    <coordinates>-4.416507000018068,36.720061037627076</coordinates>
                </Point>
            </Placemark>
            <Placemark id="da_aparcamientosMoto.fid--175d4967_1a00d9bb795_31d9">
                <ExtendedData>
                    <SchemaData schemaUrl="#da_aparcamientosMoto_1">
                        <SimpleData name="ID">65661</SimpleData>
                        <SimpleData name="NOMBRE">APARCAMOTOS_027</SimpleData>
                        <SimpleData name="DESCRIPCION">Esq. con Cl. Compositor Lehmberg Ruiz</SimpleData>
                        <SimpleData name="DIRECCION">CALLE COMPOSITOR LEHMBERG RUIZ, 18 </SimpleData>
                        <SimpleData name="HORARIOS">Laborables 8 a 21 h.</SimpleData>
                        <SimpleData name="TITULARIDAD">MUNICIPAL</SimpleData>
                        <SimpleData name="TARJETAJOVEN">No</SimpleData>
                        <SimpleData name="ACCESOPMR">No</SimpleData>
                        <SimpleData name="LONGITUD">45</SimpleData>
                    </SchemaData>
                </ExtendedData>
                <Point>
                    <coordinates>-4.432637000018495,36.717903037624275</coordinates>
                </Point>
            </Placemark>
            <Placemark id="da_aparcamientosMoto.fid--175d4967_1a00d9bb795_31da">
                <ExtendedData>
                    <SchemaData schemaUrl="#da_aparcamientosMoto_1">
                        <SimpleData name="ID">78123</SimpleData>
                        <SimpleData name="NOMBRE">APARCAMOTOS_365</SimpleData>
                        <SimpleData name="DIRECCION">CALLE DE DEMÓSTENES, 8 </SimpleData>
                        <SimpleData name="TITULARIDAD">MUNICIPAL</SimpleData>
                        <SimpleData name="TARJETAJOVEN">No</SimpleData>
                        <SimpleData name="ACCESOPMR">No</SimpleData>
                        <SimpleData name="LONGITUD">10</SimpleData>
                    </SchemaData>
                </ExtendedData>
                <Point>
                    <coordinates>-4.477242003058946,36.719294211010265</coordinates>
                </Point>
            </Placemark>
            <Placemark id="da_aparcamientosMoto.fid--175d4967_1a00d9bb795_31db">
                <ExtendedData>
                    <SchemaData schemaUrl="#da_aparcamientosMoto_1">
                        <SimpleData name="ID">78113</SimpleData>
                        <SimpleData name="NOMBRE">APARCAMOTOS_354</SimpleData>
                        <SimpleData name="DESCRIPCION">Esq Casas de Campo</SimpleData>
                        <SimpleData name="DIRECCION">CALLE SAN LORENZO, 14 </SimpleData>
                        <SimpleData name="TITULARIDAD">MUNICIPAL</SimpleData>
                        <SimpleData name="TARJETAJOVEN">No</SimpleData>
                        <SimpleData name="ACCESOPMR">No</SimpleData>
                        <SimpleData name="LONGITUD">10</SimpleData>
                    </SchemaData>
                </ExtendedData>
                <Point>
                    <coordinates>-4.4244215922779775,36.71568106361928</coordinates>
                </Point>
            </Placemark>
            <Placemark id="da_aparcamientosMoto.fid--175d4967_1a00d9bb795_31dc">
                <ExtendedData>
                    <SchemaData schemaUrl="#da_aparcamientosMoto_1">
                        <SimpleData name="ID">78121</SimpleData>
                        <SimpleData name="NOMBRE">APARCAMOTOS_363</SimpleData>
                        <SimpleData name="DESCRIPCION">Esq. Obispo Ángel Herrera Oria</SimpleData>
                        <SimpleData name="DIRECCION">CALLE MANUEL ESPAÑA LOBO, 5 </SimpleData>
                        <SimpleData name="TITULARIDAD">MUNICIPAL</SimpleData>
                        <SimpleData name="TARJETAJOVEN">No</SimpleData>
                        <SimpleData name="ACCESOPMR">No</SimpleData>
                        <SimpleData name="LONGITUD">10</SimpleData>
                    </SchemaData>
                </ExtendedData>
                <Point>
                    <coordinates>-4.438046234129135,36.7179630230378</coordinates>
                </Point>
            </Placemark>
            <Placemark id="da_aparcamientosMoto.fid--175d4967_1a00d9bb795_31dd">
                <ExtendedData>
                    <SchemaData schemaUrl="#da_aparcamientosMoto_1">
                        <SimpleData name="ID">65586</SimpleData>
                        <SimpleData name="NOMBRE">APARCAMOTOS_306</SimpleData>
                        <SimpleData name="DESCRIPCION">Esq. Rafael Andrades Navarrete</SimpleData>
                        <SimpleData name="DIRECCION">AVENIDA DE GREGORIO DIEGO, 30 </SimpleData>
                        <SimpleData name="HORARIOS">24 h</SimpleData>
                        <SimpleData name="TITULARIDAD">MUNICIPAL</SimpleData>
                        <SimpleData name="TARJETAJOVEN">No</SimpleData>
                        <SimpleData name="ACCESOPMR">No</SimpleData>
                        <SimpleData name="LONGITUD">15</SimpleData>
                    </SchemaData>
                </ExtendedData>
                <Point>
                    <coordinates>-4.452092290018954,36.69005151758872</coordinates>
                </Point>
            </Placemark>
            <Placemark id="da_aparcamientosMoto.fid--175d4967_1a00d9bb795_31de">
                <ExtendedData>
                    <SchemaData schemaUrl="#da_aparcamientosMoto_1">
                        <SimpleData name="ID">65785</SimpleData>
                        <SimpleData name="NOMBRE">APARCAMOTOS_327</SimpleData>
                        <SimpleData name="DIRECCION">CAMINO DE SAN RAFAEL, 55 </SimpleData>
                        <SimpleData name="TITULARIDAD">MUNICIPAL</SimpleData>
                        <SimpleData name="TARJETAJOVEN">No</SimpleData>
                        <SimpleData name="ACCESOPMR">No</SimpleData>
                        <SimpleData name="LONGITUD">12.5</SimpleData>
                    </SchemaData>
                </ExtendedData>
                <Point>
                    <coordinates>-4.448111210018888,36.707542207611034</coordinates>
                </Point>
            </Placemark>
            <Placemark id="da_aparcamientosMoto.fid--175d4967_1a00d9bb795_31df">
                <ExtendedData>
                    <SchemaData schemaUrl="#da_aparcamientosMoto_1">
                        <SimpleData name="ID">65680</SimpleData>
                        <SimpleData name="NOMBRE">APARCAMOTOS_151</SimpleData>
                        <SimpleData name="DESCRIPCION">Camino San Rafael nº 97 esquina Glorieta del Carnaval</SimpleData>
                        <SimpleData name="DIRECCION">CAMINO DE SAN RAFAEL, 97 </SimpleData>
                        <SimpleData name="HORARIOS">24 h</SimpleData>
                        <SimpleData name="TITULARIDAD">MUNICIPAL</SimpleData>
                        <SimpleData name="TARJETAJOVEN">No</SimpleData>
                        <SimpleData name="ACCESOPMR">No</SimpleData>
                        <SimpleData name="LONGITUD">23</SimpleData>
                    </SchemaData>
                </ExtendedData>
                <Point>
                    <coordinates>-4.453956000019052,36.70423503760679</coordinates>
                </Point>
            </Placemark>
            <Placemark id="da_aparcamientosMoto.fid--175d4967_1a00d9bb795_31e0">
                <ExtendedData>
                    <SchemaData schemaUrl="#da_aparcamientosMoto_1">
                        <SimpleData name="ID">65804</SimpleData>
                        <SimpleData name="NOMBRE">APARCAMOTOS_282</SimpleData>
                        <SimpleData name="DESCRIPCION">Esquina con Cl. Casarabonela</SimpleData>
                        <SimpleData name="DIRECCION">CALLE VALLE DE ABDALAJÍS, 8 </SimpleData>
                        <SimpleData name="TITULARIDAD">MUNICIPAL</SimpleData>
                        <SimpleData name="TARJETAJOVEN">No</SimpleData>
                        <SimpleData name="ACCESOPMR">No</SimpleData>
                        <SimpleData name="LONGITUD">10</SimpleData>
                    </SchemaData>
                </ExtendedData>
                <Point>
                    <coordinates>-4.44874100001891,36.708680037612545</coordinates>
                </Point>
            </Placemark>
            <Placemark id="da_aparcamientosMoto.fid--175d4967_1a00d9bb795_31e1">
                <ExtendedData>
                    <SchemaData schemaUrl="#da_aparcamientosMoto_1">
                        <SimpleData name="ID">65776</SimpleData>
                        <SimpleData name="NOMBRE">APARCAMOTOS_321</SimpleData>
                        <SimpleData name="DESCRIPCION">C/Valle de Abdalajis esq. Cmno. San</SimpleData>
                        <SimpleData name="DIRECCION">CALLE VALLE DE ABDALAJÍS, 3 </SimpleData>
                        <SimpleData name="TITULARIDAD">MUNICIPAL</SimpleData>
                        <SimpleData name="TARJETAJOVEN">No</SimpleData>
                        <SimpleData name="ACCESOPMR">No</SimpleData>
                        <SimpleData name="LONGITUD">10</SimpleData>
                    </SchemaData>
                </ExtendedData>
                <Point>
                    <coordinates>-4.448617930018903,36.70769829761126</coordinates>
                </Point>
            </Placemark>
            <Placemark id="da_aparcamientosMoto.fid--175d4967_1a00d9bb795_31e2">
                <ExtendedData>
                    <SchemaData schemaUrl="#da_aparcamientosMoto_1">
                        <SimpleData name="ID">65860</SimpleData>
                        <SimpleData name="NOMBRE">APARCAMOTOS_042</SimpleData>
                        <SimpleData name="DIRECCION">CALLE MAURICIO MORO PARETO, 4 </SimpleData>
                        <SimpleData name="HORARIOS">24 h</SimpleData>
                        <SimpleData name="TITULARIDAD">MUNICIPAL</SimpleData>
                        <SimpleData name="TARJETAJOVEN">No</SimpleData>
                        <SimpleData name="ACCESOPMR">No</SimpleData>
                        <SimpleData name="LONGITUD">10</SimpleData>
                    </SchemaData>
                </ExtendedData>
                <Point>
                    <coordinates>-4.434837000018544,36.71415003761951</coordinates>
                </Point>
            </Placemark>
            <Placemark id="da_aparcamientosMoto.fid--175d4967_1a00d9bb795_31e3">
                <ExtendedData>
                    <SchemaData schemaUrl="#da_aparcamientosMoto_1">
                        <SimpleData name="ID">65620</SimpleData>
                        <SimpleData name="NOMBRE">APARCAMOTOS_005</SimpleData>
                        <SimpleData name="DESCRIPCION">Esq. con Cl. Trinidad Grund</SimpleData>
                        <SimpleData name="DIRECCION">CALLE TRINIDAD GRUND, 39 </SimpleData>
                        <SimpleData name="HORARIOS">Laborables 8 a 20 h.</SimpleData>
                        <SimpleData name="TITULARIDAD">MUNICIPAL</SimpleData>
                        <SimpleData name="TARJETAJOVEN">No</SimpleData>
                        <SimpleData name="ACCESOPMR">No</SimpleData>
                        <SimpleData name="LONGITUD">18</SimpleData>
                    </SchemaData>
                </ExtendedData>
                <Point>
                    <coordinates>-4.425007000018276,36.716260037622234</coordinates>
                </Point>
            </Placemark>
            <Placemark id="da_aparcamientosMoto.fid--175d4967_1a00d9bb795_31e4">
                <ExtendedData>
                    <SchemaData schemaUrl="#da_aparcamientosMoto_1">
                        <SimpleData name="ID">78081</SimpleData>
                        <SimpleData name="NOMBRE">APARCAMOTOS_345</SimpleData>
                        <SimpleData name="DESCRIPCION">Paseo Sancha esquina con C/ Gutenberg</SimpleData>
                        <SimpleData name="DIRECCION">PASEO DE SANCHA, 12 </SimpleData>
                        <SimpleData name="TITULARIDAD">MUNICIPAL</SimpleData>
                        <SimpleData name="TARJETAJOVEN">No</SimpleData>
                        <SimpleData name="ACCESOPMR">No</SimpleData>
                        <SimpleData name="LONGITUD">10</SimpleData>
                    </SchemaData>
                </ExtendedData>
                <Point>
                    <coordinates>-4.405412566591712,36.7213919123821</coordinates>
                </Point>
            </Placemark>
            <Placemark id="da_aparcamientosMoto.fid--175d4967_1a00d9bb795_31e5">
                <ExtendedData>
                    <SchemaData schemaUrl="#da_aparcamientosMoto_1">
                        <SimpleData name="ID">65751</SimpleData>
                        <SimpleData name="NOMBRE">APARCAMOTOS_252</SimpleData>
                        <SimpleData name="DESCRIPCION">Esq. con Cl. San Lorenzo</SimpleData>
                        <SimpleData name="DIRECCION">CALLE TRINIDAD GRUND, 40 </SimpleData>
                        <SimpleData name="HORARIOS">24 h.</SimpleData>
                        <SimpleData name="TITULARIDAD">MUNICIPAL</SimpleData>
                        <SimpleData name="TARJETAJOVEN">No</SimpleData>
                        <SimpleData name="ACCESOPMR">No</SimpleData>
                        <SimpleData name="LONGITUD">10</SimpleData>
                    </SchemaData>
                </ExtendedData>
                <Point>
                    <coordinates>-4.424636000018268,36.716436037622394</coordinates>
                </Point>
            </Placemark>
            <Placemark id="da_aparcamientosMoto.fid--175d4967_1a00d9bb795_31e6">
                <ExtendedData>
                    <SchemaData schemaUrl="#da_aparcamientosMoto_1">
                        <SimpleData name="ID">65873</SimpleData>
                        <SimpleData name="NOMBRE">APARCAMOTOS_335</SimpleData>
                        <SimpleData name="DIRECCION">PASEO DE SANCHA, 30 </SimpleData>
                        <SimpleData name="TITULARIDAD">MUNICIPAL</SimpleData>
                        <SimpleData name="TARJETAJOVEN">No</SimpleData>
                        <SimpleData name="ACCESOPMR">No</SimpleData>
                        <SimpleData name="LONGITUD">10</SimpleData>
                    </SchemaData>
                </ExtendedData>
                <Point>
                    <coordinates>-4.4016055700176855,36.72168315762912</coordinates>
                </Point>
            </Placemark>
            <Placemark id="da_aparcamientosMoto.fid--175d4967_1a00d9bb795_31e7">
                <ExtendedData>
                    <SchemaData schemaUrl="#da_aparcamientosMoto_1">
                        <SimpleData name="ID">65834</SimpleData>
                        <SimpleData name="NOMBRE">APARCAMOTOS_108</SimpleData>
                        <SimpleData name="DESCRIPCION">Esq. Concejal Muñoz Cerván</SimpleData>
                        <SimpleData name="DIRECCION">AVENIDA DE SOR TERESA PRAT, 15 </SimpleData>
                        <SimpleData name="HORARIOS">24 h.</SimpleData>
                        <SimpleData name="TITULARIDAD">MUNICIPAL</SimpleData>
                        <SimpleData name="TARJETAJOVEN">No</SimpleData>
                        <SimpleData name="ACCESOPMR">No</SimpleData>
                        <SimpleData name="LONGITUD">28</SimpleData>
                    </SchemaData>
                </ExtendedData>
                <Point>
                    <coordinates>-4.439758000018638,36.69956103760091</coordinates>
                </Point>
            </Placemark>
            <Placemark id="da_aparcamientosMoto.fid--175d4967_1a00d9bb795_31e8">
                <ExtendedData>
                    <SchemaData schemaUrl="#da_aparcamientosMoto_1">
                        <SimpleData name="ID">78294</SimpleData>
                        <SimpleData name="NOMBRE">APARCAMOTOS_368</SimpleData>
                        <SimpleData name="DESCRIPCION">C/ Ortega Munilla esquina con C/ Sor Lucía</SimpleData>
                        <SimpleData name="DIRECCION">CALLE ORTEGA MUNILLA, 15 </SimpleData>
                        <SimpleData name="TITULARIDAD">MUNICIPAL</SimpleData>
                        <SimpleData name="TARJETAJOVEN">No</SimpleData>
                        <SimpleData name="ACCESOPMR">No</SimpleData>
                        <SimpleData name="LONGITUD">17</SimpleData>
                    </SchemaData>
                </ExtendedData>
                <Point>
                    <coordinates>-4.36026372291136,36.719980376529875,4064671.88040333</coordinates>
                </Point>
            </Placemark>
            <Placemark id="da_aparcamientosMoto.fid--175d4967_1a00d9bb795_31e9">
                <ExtendedData>
                    <SchemaData schemaUrl="#da_aparcamientosMoto_1">
                        <SimpleData name="ID">78112</SimpleData>
                        <SimpleData name="NOMBRE">APARCAMOTOS_353</SimpleData>
                        <SimpleData name="DESCRIPCION">Esq. Plaza de la Solidaridad</SimpleData>
                        <SimpleData name="DIRECCION">AVENIDA DE LAS AMÉRICAS, 7 </SimpleData>
                        <SimpleData name="TITULARIDAD">MUNICIPAL</SimpleData>
                        <SimpleData name="TARJETAJOVEN">No</SimpleData>
                        <SimpleData name="ACCESOPMR">No</SimpleData>
                        <SimpleData name="LONGITUD">10</SimpleData>
                    </SchemaData>
                </ExtendedData>
                <Point>
                    <coordinates>-4.433379921936595,36.714405304182286</coordinates>
                </Point>
            </Placemark>
            <Placemark id="da_aparcamientosMoto.fid--175d4967_1a00d9bb795_31ea">
                <ExtendedData>
                    <SchemaData schemaUrl="#da_aparcamientosMoto_1">
                        <SimpleData name="ID">65851</SimpleData>
                        <SimpleData name="NOMBRE">APARCAMOTOS_013</SimpleData>
                        <SimpleData name="DESCRIPCION">Junto a Centro Comercial Larios</SimpleData>
                        <SimpleData name="DIRECCION">CALLE DE WALT WHITMAN, 3 </SimpleData>
                        <SimpleData name="HORARIOS">24 h.</SimpleData>
                        <SimpleData name="TITULARIDAD">MUNICIPAL</SimpleData>
                        <SimpleData name="TARJETAJOVEN">No</SimpleData>
                        <SimpleData name="ACCESOPMR">No</SimpleData>
                        <SimpleData name="LONGITUD">25</SimpleData>
                    </SchemaData>
                </ExtendedData>
                <Point>
                    <coordinates>-4.433674000018512,36.71592003762179</coordinates>
                </Point>
            </Placemark>
            <Placemark id="da_aparcamientosMoto.fid--175d4967_1a00d9bb795_31eb">
                <ExtendedData>
                    <SchemaData schemaUrl="#da_aparcamientosMoto_1">
                        <SimpleData name="ID">78555</SimpleData>
                        <SimpleData name="NOMBRE">APARCAMOTOS_376</SimpleData>
                        <SimpleData name="DESCRIPCION">C/ San Jorge N.º 11, esquina con C/ Salamanca</SimpleData>
                        <SimpleData name="DIRECCION">CALLE SAN JORGE, 11 </SimpleData>
                        <SimpleData name="TITULARIDAD">MUNICIPAL</SimpleData>
                        <SimpleData name="TARJETAJOVEN">No</SimpleData>
                        <SimpleData name="ACCESOPMR">No</SimpleData>
                        <SimpleData name="LONGITUD">10</SimpleData>
                    </SchemaData>
                </ExtendedData>
                <Point>
                    <coordinates>-4.424692621407149,36.728699494178144</coordinates>
                </Point>
            </Placemark>
        </Folder>
    </Document>
</kml>
