FID,ID,NOMBRE,DESCRIPCION,DIRECCION,SDOGEOMETRIA,URL,EMAIL,CONTACTO,HORARIOS,PRECIOS,TITULARIDAD,TARJETAJOVEN,ACCESOPMR,NROPLAZAS,TOTALPLAZAS
da_aparcamientosMovilidadReducida.fid--175d4967_1a00d91a118_-6f7c,77785,APARCAPMR_1340,"Paseo Cerrado de Calderón, nº 18","PASEO CERRADO DE CALDERÓN, 18 ",POINT (376631.01216743 4065383.98199543),,,,,,MUNICIPAL,No,No,1,2028
da_aparcamientosMovilidadReducida.fid--175d4967_1a00d91a118_-6f7b,66988,APARCAPMR_412,No hay más datos,"AVENIDA DEL MAYORAZGO, 10 ",POINT (375276.222225103 4065961.34231138),,,,,,MUNICIPAL,No,No,1,2028
da_aparcamientosMovilidadReducida.fid--175d4967_1a00d91a118_-6f7a,67044,APARCAPMR_234,Junto al puente,"AVENIDA DEL MAYORAZGO, 19 ",POINT (375268.140724821 4065969.80867105),,,,,,MUNICIPAL,No,No,1,2028
da_aparcamientosMovilidadReducida.fid--175d4967_1a00d91a118_-6f79,67061,APARCAPMR_339,A la altura del nº 4,"PASEO CERRADO DE CALDERÓN, 2 ",POINT (376511.8612563 4064931.51985364),,,,,,MUNICIPAL,No,No,2,2028
da_aparcamientosMovilidadReducida.fid--175d4967_1a00d91a118_-6f78,67154,APARCAPMR_089,Esquina con c/ Gerona,"CALLE ASALTO, 20 ",POINT (371610.959749688 4064149.93060631),,,,,,MUNICIPAL,No,No,3,2028
da_aparcamientosMovilidadReducida.fid--175d4967_1a00d91a118_-6f77,66996,APARCAPMR_425,Esquina con Avenida Santiago Ramón y Cajal (frente al parque),"AVENIDA DE GUERRERO STRACHAN, 2 ",POINT (372827.296378239 4066702.95367016),,,,,,MUNICIPAL,No,No,1,2028
da_aparcamientosMovilidadReducida.fid--175d4967_1a00d91a118_-6f76,66711,APARCAPMR_329,Esquina con c/ Argentea. Frente al nº 12,"CALLE GUSTAVO GARCÍA HERRERA, 12 ",POINT (371316.138105982 4064817.00277555),,,,,,MUNICIPAL,No,No,2,2028
da_aparcamientosMovilidadReducida.fid--175d4967_1a00d91a118_-6f75,67214,APARCAPMR_355,Esquina con c/ Zenete,"CALLE MANRIQUE, 18 ",POINT (373595.730622163 4065858.69769792),,,,,,MUNICIPAL,No,No,2,2028
da_aparcamientosMovilidadReducida.fid--175d4967_1a00d91a118_-6f74,78437,APARCAPMR_1389,C/ Lanuza esquina con C/ Diego de Vergara,"CALLE LANUZA, 9 ",POINT (371910.911295422 4065033.48638494),,,,,,MUNICIPAL,No,No,1,2028
da_aparcamientosMovilidadReducida.fid--175d4967_1a00d91a118_-6f73,67069,APARCAPMR_262,Esquina con c/ San Juan Bosco,"CALLE ALBÉNIZ, 28 ",POINT (372990.790316336 4066380.73286383),,,,,,MUNICIPAL,No,No,2,2028
da_aparcamientosMovilidadReducida.fid--175d4967_1a00d91a118_-6f72,66367,APARCAPMR_853,,"AVENIDA DE LA PALOMA, 44 ",POINT (370953.911407363 4062784.76833073),,,,,,MUNICIPAL,No,No,1,2028
da_aparcamientosMovilidadReducida.fid--175d4967_1a00d91a118_-6f71,67126,APARCAPMR_083,Esquina con Cl. Poeta Bernardo de la Torre,"CALLE POETISA AURORA CÁNOVAS, 4 ",POINT (372052.812483141 4066148.25935281),,,,,,MUNICIPAL,No,No,2,2028
da_aparcamientosMovilidadReducida.fid--175d4967_1a00d91a118_-6f70,79307,APARCAPMR_1422,"Avenida Manuel Gorría, nº 63","AVENIDA DE MANUEL GORRÍA, 63 ",POINT (373419.506749962 4066615.69425939),,,,,,MUNICIPAL,No,No,1,2028
da_aparcamientosMovilidadReducida.fid--175d4967_1a00d91a118_-6f6f,66494,APARCAPMR_691,Esquina con Cl. Lágrima,"CALLE LÁGRIMA, 9 ",POINT (373593.074549765 4067684.1653414),,,,,,MUNICIPAL,No,No,3,2028
da_aparcamientosMovilidadReducida.fid--175d4967_1a00d91a118_-6f6e,66415,APARCAPMR_1076,Esq. con Glorieta Lourdes Martín Casares,"CAMINO COLMENAR, 39 ",POINT (373579.007302993 4066557.25778772),,,,,,MUNICIPAL,No,No,1,2028
da_aparcamientosMovilidadReducida.fid--175d4967_1a00d91a118_-6f6d,66690,APARCAPMR_572,Esquina con c/ Regimiento,"CALLE MIGUEL DE UNAMUNO, 9 ",POINT (373225.760102043 4065918.02256014),,,,,,MUNICIPAL,No,No,4,2028
da_aparcamientosMovilidadReducida.fid--175d4967_1a00d91a118_-6f6c,76893,APARCAPMR_698,,"AVENIDA DE MANUEL GORRÍA, 28 ",POINT (373359.127383625 4066605.62341797),,,,,,MUNICIPAL,No,No,1,2028
da_aparcamientosMovilidadReducida.fid--175d4967_1a00d91a118_-6f6b,66142,APARCAPMR_823,,"CAMINO COLMENAR, 38 ",POINT (373578.729306845 4066435.75819774),,,,,,MUNICIPAL,No,No,1,2028
da_aparcamientosMovilidadReducida.fid--175d4967_1a00d91a118_-6f6a,66259,APARCAPMR_1162,,"CALLE DOÑA, 51 ",POINT (373266.999963694 4066175.00028989),,,,,,MUNICIPAL,No,No,1,2028
da_aparcamientosMovilidadReducida.fid--175d4967_1a00d91a118_-6f69,66849,APARCAPMR_902,Esquina con c/ Zenete.,"CALLE CRISTO DE LA EPIDEMIA, 58 ",POINT (373655.918772775 4065881.24898241),,,,,,MUNICIPAL,No,No,1,2028
da_aparcamientosMovilidadReducida.fid--175d4967_1a00d91a118_-6f68,66535,APARCAPMR_605,Esquina con c/ Sacromonte,"AVENIDA DE MANUEL GORRÍA, 15 ",POINT (373077.80656234 4066562.20538895),,,,,,MUNICIPAL,No,No,3,2028
da_aparcamientosMovilidadReducida.fid--175d4967_1a00d91a118_-6f67,67191,APARCAPMR_265,A la altura del nº 42,"AVENIDA DE MANUEL GORRÍA, 42 ",POINT (373533.010749236 4066542.22328277),,,,,,MUNICIPAL,No,No,1,2028
da_aparcamientosMovilidadReducida.fid--175d4967_1a00d91a118_-6f66,80909,APARCAPMR_549,Esquina con Valparaiso,"AVENIDA DE JUAN SEBASTIÁN ELCANO, 193 ",POINT (378464.448826862 4064806.72742898),,,,,,MUNICIPAL,No,No,2,2028
da_aparcamientosMovilidadReducida.fid--175d4967_1a00d91a118_-6f65,66944,APARCAPMR_497,Entrada al Castillo de Gibralfaro,"CAMINO GIBRALFARO, 11 ",POINT (374039.065189824 4065103.30782979),,,,,,MUNICIPAL,No,No,3,2028
da_aparcamientosMovilidadReducida.fid--175d4967_1a00d91a118_-6f64,67200,APARCAPMR_098,A la altura del nº 72,"CALLE CONDE DE UREÑA, 72 ",POINT (374162.620250246 4065749.85553089),,,,,,MUNICIPAL,No,No,2,2028
da_aparcamientosMovilidadReducida.fid--175d4967_1a00d91a118_-6f63,66591,APARCAPMR_992,Esq. Cl. Mendoza Tenorio.,"CALLE JOSÉ TALLAVI, 5 ",POINT (373044.012999116 4067072.61622243),,,,,,MUNICIPAL,No,No,1,2028
da_aparcamientosMovilidadReducida.fid--175d4967_1a00d91a118_-6f62,66636,APARCAPMR_067,Esquina con Av. Santiago Ramón y Cajal,"CALLE LEONCIO TALAVERA, 2 ",POINT (372912.849911441 4066866.55147687),,,,,,MUNICIPAL,No,No,1,2028
da_aparcamientosMovilidadReducida.fid--175d4967_1a00d91a118_-6f61,67071,APARCAPMR_186,Esquina con c/ Alcalde Nicolás Maroto,"CALLE ALCALDE NICOLÁS MAROTO, 17 ",POINT (373493.067880292 4067999.12620889),,,,,,MUNICIPAL,No,No,2,2028
da_aparcamientosMovilidadReducida.fid--175d4967_1a00d91a118_-6f60,78440,APARCAPMR_1390,Avenida San Javier esquina con C/ Luis de Narváez,"AVENIDA DE SAN JAVIER, 47 ",POINT (365855.267234162 4058676.30817077),,,,,,MUNICIPAL,No,No,1,2028
da_aparcamientosMovilidadReducida.fid--175d4967_1a00d91a118_-6f5f,66374,APARCAPMR_938,,"CALLE EL COPO, 7 ",POINT (373276.728811683 4068198.20859119),,,,,,MUNICIPAL,No,No,1,2028
da_aparcamientosMovilidadReducida.fid--175d4967_1a00d91a118_-6f5e,66862,APARCAPMR_1021,Esq.con Cl. Carlos Frontaura,"CALLE PADRE COLOMA, 6 ",POINT (378851.887475291 4064680.61178708),,,,,,MUNICIPAL,No,No,1,2028
da_aparcamientosMovilidadReducida.fid--175d4967_1a00d91a118_-6f5d,66193,APARCAPMR_736,Calle Marcos Zapata esquina con Pje. Nuestra Señora del Pilar.,"CALLE MARCOS ZAPATA, 17 ",POINT (378235.863568215 4065002.70750562),,,,,,MUNICIPAL,No,No,1,2028
da_aparcamientosMovilidadReducida.fid--175d4967_1a00d91a118_-6f5c,66577,APARCAPMR_1109,Esq. con Cl. Panamá,"CALLE MARCOS ZAPATA, 15 ",POINT (378215.171270684 4065007.10620946),,,,,,MUNICIPAL,No,No,1,2028
da_aparcamientosMovilidadReducida.fid--175d4967_1a00d91a118_-6f5b,66357,APARCAPMR_865,,"CALLE LUIS TABOADA, 28 ",POINT (378414.136535882 4065142.08791176),,,,,,MUNICIPAL,No,No,1,2028
da_aparcamientosMovilidadReducida.fid--175d4967_1a00d91a118_-6f5a,66614,APARCAPMR_1058,Esq. con Cl. Princesa Irene,"CALLE ÁLAVA, 18 ",POINT (378352.057594491 4065267.68897242),,,,,,MUNICIPAL,No,No,2,2028
da_aparcamientosMovilidadReducida.fid--175d4967_1a00d91a118_-6f59,66634,APARCAPMR_143,Esquina con Cl. Padre Hidalgo,"CALLE PADRE HIDALGO, 14 ",POINT (378548.51152802 4064930.39554371),,,,,,MUNICIPAL,No,No,1,2028
da_aparcamientosMovilidadReducida.fid--175d4967_1a00d91a118_-6f58,76695,APARCAPMR_1326,,"AVENIDA DE MIRAFLORES DEL PALO, 18 ",POINT (378848.416783578 4064932.56715093),,,,,,MUNICIPAL,No,No,1,2028
da_aparcamientosMovilidadReducida.fid--175d4967_1a00d91a118_-6f57,66606,APARCAPMR_948,,"AVENIDA DE JUAN SEBASTIÁN ELCANO, 159 ",POINT (378192.149957248 4064889.59487048),,,,,,MUNICIPAL,No,No,1,2028
da_aparcamientosMovilidadReducida.fid--175d4967_1a00d91a118_-6f56,78436,APARCAPMR_1386,"Avenida Miraflores del Palo, N.º 45","AVENIDA DE MIRAFLORES DEL PALO, 45 ",POINT (378802.808438568 4065162.63167889),,,,,,MUNICIPAL,No,No,1,2028
da_aparcamientosMovilidadReducida.fid--175d4967_1a00d91a118_-6f55,66712,APARCAPMR_1235,,"CALLE ARROYO ACEITERO, 33 ",POINT (373627.000253179 4067268.99977086),,,,,,MUNICIPAL,No,No,1,2028
da_aparcamientosMovilidadReducida.fid--175d4967_1a00d91a118_-6f54,66734,APARCAPMR_949,Intersección c/ Dulcinea del Toboso,"AVENIDA DE JUAN SEBASTIÁN ELCANO, 145 ",POINT (378089.303860861 4064918.57773049),,,,,,MUNICIPAL,No,No,1,2028
da_aparcamientosMovilidadReducida.fid--175d4967_1a00d91a118_-6f53,67048,APARCAPMR_313,Junto al Tintero. En la explanada del aparcamiento,"CALLE PLAYA DEL CHANQUETE, 95 ",POINT (379544.306636117 4064344.84923314),,,,,,MUNICIPAL,No,No,4,2028
da_aparcamientosMovilidadReducida.fid--175d4967_1a00d91a118_-6f52,66684,APARCAPMR_539,Esquina con c/ Villafuerte,"CALLE EL PALUSTRE, 16 ",POINT (378557.584467584 4065084.31046691),,,,,,MUNICIPAL,No,No,2,2028
da_aparcamientosMovilidadReducida.fid--175d4967_1a00d91a118_-6f51,67050,APARCAPMR_110,Esquina con Av. Juan Sebastián Elcano,"AVENIDA DE JUAN SEBASTIÁN ELCANO, 179 ",POINT (378283.455699266 4064832.5383785),,,,,,MUNICIPAL,No,No,2,2028
da_aparcamientosMovilidadReducida.fid--175d4967_1a00d91a118_-6f50,66205,APARCAPMR_1084,Esq. con Cl. El Palustre,"CALLE ÁLAVA, 2 ",POINT (378395.625450881 4065140.57566932),,,,,,MUNICIPAL,No,No,2,2028
da_aparcamientosMovilidadReducida.fid--175d4967_1a00d91a118_-6f4f,66288,APARCAPMR_817,,"CALLE DE ALONSO DE MUDARRA, 6 ",POINT (364959.736208 4059595.06016674),,,,,,MUNICIPAL,No,No,1,2028
da_aparcamientosMovilidadReducida.fid--175d4967_1a00d91a118_-6f4e,66858,APARCAPMR_975,A la altura del número 5,"CALLE DON DIEGO DE MIRANDA, 5 ",POINT (378531.976111603 4065257.03231168),,,,,,MUNICIPAL,No,No,1,2028
da_aparcamientosMovilidadReducida.fid--175d4967_1a00d91a118_-6f4d,66893,APARCAPMR_599,Esquina con c/ Abogado Victoriano Frías,"CALLE PANAMÁ, 5 ",POINT (378190.998683867 4064956.232273),,,,,,MUNICIPAL,No,No,2,2028
da_aparcamientosMovilidadReducida.fid--175d4967_1a00d91a118_-6f4c,67077,APARCAPMR_354,A la altura del nº 18,"CALLE MOSCATEL, 15 ",POINT (373567.891210828 4067515.86849193),,,,,,MUNICIPAL,No,No,2,2028
da_aparcamientosMovilidadReducida.fid--175d4967_1a00d91a118_-6f4b,66435,APARCAPMR_1160,Esq. Cl. Rodrigo de Ulloa,"CALLE FERNANDO EL CATÓLICO, 56 ",POINT (373703.999684321 4066002.99997974),,,,,,MUNICIPAL,No,No,1,2028
da_aparcamientosMovilidadReducida.fid--175d4967_1a00d91a118_-6f4a,67012,APARCAPMR_448,Esquina con c / Ramirez Madrid,"CALLE CRISTO DE LA EPIDEMIA, 92 ",POINT (373613.85409267 4066136.73510993),,,,,,MUNICIPAL,No,No,2,2028
da_aparcamientosMovilidadReducida.fid--175d4967_1a00d91a118_-6f49,66508,APARCAPMR_518,Esquina con c/ Santa María Micaela,"CALLE CRISTO DE LA EPIDEMIA, 77 ",POINT (373631.268582599 4066010.17709208),,,,,,MUNICIPAL,No,No,2,2028
da_aparcamientosMovilidadReducida.fid--175d4967_1a00d91a118_-6f48,66791,APARCAPMR_413,A la altura del nº 9,"CALLE DON DIEGO DE MIRANDA, 16 ",POINT (378592.355169088 4065204.70026115),,,,,,MUNICIPAL,No,No,2,2028
da_aparcamientosMovilidadReducida.fid--175d4967_1a00d91a118_-6f47,66161,APARCAPMR_1238,,"AVENIDA DE JUAN SEBASTIÁN ELCANO, 66 ",POINT (377194.999878244 4064949.00051587),,,,,,MUNICIPAL,No,No,1,2028
da_aparcamientosMovilidadReducida.fid--175d4967_1a00d91a118_-6f46,66233,APARCAPMR_787,A la altura del centro ciudadano de La Mosca.,"CALLE EUCALIPTUS, 48 ",POINT (377611.32173055 4065829.50386139),,,,,,MUNICIPAL,No,No,1,2028
da_aparcamientosMovilidadReducida.fid--175d4967_1a00d91a118_-6f45,66826,APARCAPMR_1170,,"PASEO DE LA FAROLA, 16 ",POINT (373750.999600124 4064247.99985489),,,,,,MUNICIPAL,No,No,2,2028
da_aparcamientosMovilidadReducida.fid--175d4967_1a00d91a118_-6f44,66827,APARCAPMR_1171,,"PASEO DE LA FAROLA, 5 ",POINT (373890.999892582 4064602.00071364),,,,,,MUNICIPAL,No,No,1,2028
da_aparcamientosMovilidadReducida.fid--175d4967_1a00d91a118_-6f43,74585,APARCAPMR_719,,"PASEO DE SALVADOR RUEDA, 61 ",POINT (374514.551885976 4065431.62621796),,,,,,MUNICIPAL,No,No,1,2028
da_aparcamientosMovilidadReducida.fid--175d4967_1a00d91a118_-6f42,76286,APARCAPMR_1320,Avenida Jane Bowles esquina con la Plaza Jacques Cousteau,"AVENIDA DE JANE BOWLES, 42 ",POINT (372487.348373907 4068296.61906076),,,,,,MUNICIPAL,No,No,2,2028
da_aparcamientosMovilidadReducida.fid--175d4967_1a00d91a118_-6f41,66518,APARCAPMR_529,Esquina con c/ Tomás Heredia,"CALLE BARROSO, 8 ",POINT (372913.813622915 4064286.93283991),,,,,,MUNICIPAL,No,No,1,2028
da_aparcamientosMovilidadReducida.fid--175d4967_1a00d91a118_-6f40,66261,APARCAPMR_1074,,"CALLE ALCALDE JOAQUÍN QUILES, 19 ",POINT (373362.994259851 4068066.2158572),,,,,,MUNICIPAL,No,No,2,2028
da_aparcamientosMovilidadReducida.fid--175d4967_1a00d91a118_-6f3f,67070,APARCAPMR_345,A la altura del nº 2,"CALLE ALCALDE JOAQUÍN QUILES, 17 ",POINT (373303.052225328 4068041.76614306),,,,,,MUNICIPAL,No,No,1,2028
da_aparcamientosMovilidadReducida.fid--175d4967_1a00d91a118_-6f3e,66303,APARCAPMR_844,,"CALLE ALCALDE JOAQUÍN QUILES, 17 ",POINT (373308.02444445 4068044.50509516),,,,,,MUNICIPAL,No,No,1,2028
da_aparcamientosMovilidadReducida.fid--175d4967_1a00d91a118_-6f3d,66536,APARCAPMR_646,Esquina con c/ Saxofón,"CALLE ALCALDE JOAQUÍN QUILES, 1 ",POINT (373090.464833686 4068031.98291327),,,,,,MUNICIPAL,No,No,2,2028
da_aparcamientosMovilidadReducida.fid--175d4967_1a00d91a118_-6f3c,66852,APARCAPMR_988,Esquina con Cl. Antonio Vico,"CALLE EMILIO OREJÓN, 19 ",POINT (373129.409238131 4067146.24833288),,,,,,MUNICIPAL,No,No,1,2028
da_aparcamientosMovilidadReducida.fid--175d4967_1a00d91a118_-6f3b,66537,APARCAPMR_598,Frente al nº 18,"CALLE ALCALDE NICOLÁS MAROTO, 18 ",POINT (373465.392198848 4067994.22981948),,,,,,MUNICIPAL,No,No,1,2028
da_aparcamientosMovilidadReducida.fid--175d4967_1a00d91a118_-6f3a,66921,APARCAPMR_470,Esquina con c/ Huerto del Conde,"CALLE FRAILES, 2 ",POINT (373426.961389858 4065243.84461013),,,,,,MUNICIPAL,No,No,2,2028
da_aparcamientosMovilidadReducida.fid--175d4967_1a00d91a118_-6f39,78719,APARCAPMR_1391,Avenida Jacinto Benavente N.º 11 esquina con el Puente del Conservatorio,"AVENIDA DE JACINTO BENAVENTE, 11 ",POINT (372828.433364451 4068091.76571327),,,,,,MUNICIPAL,No,No,1,2028
da_aparcamientosMovilidadReducida.fid--175d4967_1a00d91a118_-6f38,76027,APARCAPMR_1300,esquina con con la calle Guadalbullón,"CALLE DEVA, 18 ",POINT (372085.720130993 4066943.10920919),,,,,,MUNICIPAL,No,No,1,2028
da_aparcamientosMovilidadReducida.fid--175d4967_1a00d91a118_-6f37,66674,APARCAPMR_1178,Esq. C/Quintanar,"CALLE ESCULTOR MARIANO BENLLIURE, 9 ",POINT (373230.000444145 4068249.99995424),,,,,,MUNICIPAL,No,No,2,2028
da_aparcamientosMovilidadReducida.fid--175d4967_1a00d91a118_-6f36,67290,APARCAPMR_078,Aparcamientos,"CALLE DEVA, 14 ",POINT (372138.40116406 4066845.25550637),,,,,,MUNICIPAL,No,No,2,2028
da_aparcamientosMovilidadReducida.fid--175d4967_1a00d91a118_-6f35,67118,APARCAPMR_019,Aparcamientos,"CALLE DEVA, 16 ",POINT (372119.842625222 4066905.98270116),,,,,,MUNICIPAL,No,No,2,2028
da_aparcamientosMovilidadReducida.fid--175d4967_1a00d91a118_-6f34,66181,APARCAPMR_732,A la altura del nº 9,"CALLE EL COPO, 9 ",POINT (373271.137883912 4068235.58022581),,,,,,MUNICIPAL,No,No,2,2028
da_aparcamientosMovilidadReducida.fid--175d4967_1a00d91a118_-6f33,67119,APARCAPMR_021,Esquina con c/ Doctor Salguero Morales,"CALLE DOCTOR SALGUERO MORALES, 12 ",POINT (372374.292866375 4066908.51887911),,,,,,MUNICIPAL,No,No,2,2028
da_aparcamientosMovilidadReducida.fid--175d4967_1a00d91a118_-6f32,78856,APARCAPMR_1409,esquina con C/ Debussy,"AVENIDA DE JANE BOWLES, 27 ",POINT (372564.795762814 4068104.12312373),,,,,,MUNICIPAL,No,No,1,2028
da_aparcamientosMovilidadReducida.fid--175d4967_1a00d91a118_-6f31,66910,APARCAPMR_433,Esquina con Paseo de Reding,"PLAZA DEL GENERAL TORRIJOS, 1 ",POINT (373914.288017121 4064819.6495213),,,,,,MUNICIPAL,No,No,2,2028
da_aparcamientosMovilidadReducida.fid--175d4967_1a00d91a118_-6f30,66918,APARCAPMR_456,A la altura del nº 25,"CALLE CONDE DE UREÑA, 22 ",POINT (374001.958595128 4065804.69861461),,,,,,MUNICIPAL,No,No,1,2028
da_aparcamientosMovilidadReducida.fid--175d4967_1a00d91a118_-6f2f,66900,APARCAPMR_615,Esquina con c/ Llano. Frente al nº 3,"CALLE GERARDO DIEGO, 1 ",POINT (370480.963899182 4065980.85509844),,,,,,MUNICIPAL,No,No,1,2028
da_aparcamientosMovilidadReducida.fid--175d4967_1a00d91a118_-6f2e,66391,APARCAPMR_647,Esquina con Cl. Pozo Máximo,"CALLE CANÓNIGO FERNÁNDEZ DE ÁVILA, 4 ",POINT (370665.561488871 4062981.41664983),,,,,,MUNICIPAL,No,No,1,2028
da_aparcamientosMovilidadReducida.fid--175d4967_1a00d91a118_-6f2d,66902,APARCAPMR_667,Frente al nº 7,"CALLE JOSÉ CROOKE, 3 ",POINT (371064.891029838 4062612.08995299),,,,,,MUNICIPAL,No,No,1,2028
da_aparcamientosMovilidadReducida.fid--175d4967_1a00d91a118_-6f2c,67251,APARCAPMR_314,Vial de servicio de sentido oeste antes de la intersección con  Av. de los Guindos. ,"AVENIDA DE LOS GUINDOS, 37 ",POINT (371023.938425199 4061420.49367952),,,,,,MUNICIPAL,No,No,9,2028
da_aparcamientosMovilidadReducida.fid--175d4967_1a00d91a118_-6f2b,66382,APARCAPMR_980,Esquina con calle Maria Villanueva Gallego,"CALLE LEOPOLDO ALAS ""CLARÍN"", 9 ",POINT (371955.455636046 4063311.56105298),,,,,,MUNICIPAL,No,No,1,2028
da_aparcamientosMovilidadReducida.fid--175d4967_1a00d91a118_-6f2a,66402,APARCAPMR_945,,"CALLE MIGUEL CARRERA, 34 ",POINT (368831.602450336 4065189.66187965),,,,,,MUNICIPAL,No,No,2,2028
da_aparcamientosMovilidadReducida.fid--175d4967_1a00d91a118_-6f29,66794,APARCAPMR_561,Esquina con Cl. Eugenio Gross,"CALLE EUGENIO GROSS, 9 ",POINT (371790.592850004 4065131.99763747),,,,,,MUNICIPAL,No,No,1,2028
da_aparcamientosMovilidadReducida.fid--175d4967_1a00d91a118_-6f28,66637,APARCAPMR_101,A la altura del nº 3,"CALLE ENCARNACIÓN FONTIVEROS, 1 ",POINT (370699.296600668 4065387.39553601),,,,,,MUNICIPAL,No,No,4,2028
da_aparcamientosMovilidadReducida.fid--175d4967_1a00d91a118_-6f27,67098,APARCAPMR_191,Esquina con Cl. Eugenio Gross,"CALLE EUGENIO GROSS, 10 ",POINT (371779.008663308 4065026.48981066),,,,,,MUNICIPAL,No,No,1,2028
da_aparcamientosMovilidadReducida.fid--175d4967_1a00d91a118_-6f26,66699,APARCAPMR_978,A la altura del nº 4,"CALLE JACOBO LAAN, 2 ",POINT (371155.037368606 4062749.00511289),,,,,,MUNICIPAL,No,No,1,2028
da_aparcamientosMovilidadReducida.fid--175d4967_1a00d91a118_-6f25,66896,APARCAPMR_729,Esq. Orfila,"CALLE AYALA, 32 ",POINT (371971.810461853 4063464.23489552),,,,,,MUNICIPAL,No,No,1,2028
da_aparcamientosMovilidadReducida.fid--175d4967_1a00d91a118_-6f24,77448,APARCAPMR_1322,C/ Andarax esqina con Camino San Rafael,"CALLE ANDARAX, 5 ",POINT (371056.449043859 4063673.21116962),,,,,,MUNICIPAL,No,No,1,2028
da_aparcamientosMovilidadReducida.fid--175d4967_1a00d91a118_-6f23,66946,APARCAPMR_228,Esquina con c/ Casarabonela. Frente al nº 6,"CALLE PERIANA, 6 ",POINT (370708.491907732 4063566.67531716),,,,,,MUNICIPAL,No,No,2,2028
da_aparcamientosMovilidadReducida.fid--175d4967_1a00d91a118_-6f22,67089,APARCAPMR_008,Esquina con c/ Diego de Vergara,"CALLE ANDALUCÍA, 23 ",POINT (371891.37691369 4065182.43344969),,,,,,MUNICIPAL,No,No,3,2028
da_aparcamientosMovilidadReducida.fid--175d4967_1a00d91a118_-6f21,66947,APARCAPMR_300,A la altura del nº 3,"CALLE EDUARDO TORRES ROYBON, 3 ",POINT (371080.23597516 4063454.04732628),,,,,,MUNICIPAL,No,No,2,2028
da_aparcamientosMovilidadReducida.fid--175d4967_1a00d91a118_-6f20,66329,APARCAPMR_839,,"CALLE ROCINANTE, 32 ",POINT (368072.788608372 4067559.94140271),,,,,,MUNICIPAL,No,No,1,2028
da_aparcamientosMovilidadReducida.fid--175d4967_1a00d91a118_-6f1f,66670,APARCAPMR_687,Esquina Cl. Anselmo ,"CALLE ROCINANTE, 10 ",POINT (368006.256985738 4067367.84410434),,,,,,MUNICIPAL,No,No,1,2028
da_aparcamientosMovilidadReducida.fid--175d4967_1a00d91a118_-6f1e,67254,APARCAPMR_148,Esquina con Cl. Comandante Román,"CALLE COMANDANTE ROMÁN, 5 ",POINT (371335.823694381 4062714.03087778),,,,,,MUNICIPAL,No,No,2,2028
da_aparcamientosMovilidadReducida.fid--175d4967_1a00d91a118_-6f1d,76288,APARCAPMR_1313,,"AVENIDA DE LAS MUSAS, 10 ",POINT (370857.699818629 4066577.51269358),,,,,,MUNICIPAL,No,No,1,2028
da_aparcamientosMovilidadReducida.fid--175d4967_1a00d91a118_-6f1c,67182,APARCAPMR_123,No hay más datos,"CALLE MIRRA, 1 ",POINT (370359.346298449 4063855.65001513),,,,,,MUNICIPAL,No,No,2,2028
da_aparcamientosMovilidadReducida.fid--175d4967_1a00d91a118_-6f1b,66231,APARCAPMR_783,Frente al nº 19,"CALLE JULIO VERNE, 19 ",POINT (369061.692774523 4066273.92313192),,,,,,MUNICIPAL,No,No,1,2028
da_aparcamientosMovilidadReducida.fid--175d4967_1a00d91a118_-6f1a,80629,APARCAPMR_1449,C/ Martín de la Plaza esquina con C/ Ortega Prados,"CALLE MARTÍN DE LA PLAZA, 13 ",POINT (370021.862850589 4065054.83011325),,,,,,MUNICIPAL,No,No,1,2028
da_aparcamientosMovilidadReducida.fid--175d4967_1a00d91a118_-6f19,66666,APARCAPMR_679,Esquina con c/ Jordán Marbella,"CALLE RÍO GEVORA, 3 ",POINT (371609.760652477 4063379.10739035),,,,,,MUNICIPAL,No,No,1,2028
da_aparcamientosMovilidadReducida.fid--175d4967_1a00d91a118_-6f18,75828,APARCAPMR_1305,,"CALLE HIPÓCRATES, 3 ",POINT (370617.709999169 4066185.78735615),,,,,,MUNICIPAL,No,No,2,2028
da_aparcamientosMovilidadReducida.fid--175d4967_1a00d91a118_-6f17,66437,APARCAPMR_1189,,"CALLE HIPÓCRATES, 1 ",POINT (370693.99964595 4066081.00071304),,,,,,MUNICIPAL,No,No,1,2028
da_aparcamientosMovilidadReducida.fid--175d4967_1a00d91a118_-6f16,66425,APARCAPMR_642,Esquina con c/ Milagrosa,"CALLE OMAR, 24 ",POINT (371220.149228249 4061760.61492668),,,,,,MUNICIPAL,No,No,1,2028
da_aparcamientosMovilidadReducida.fid--175d4967_1a00d91a118_-6f15,76806,APARCAPMR_1206,,"CALLE JUAN DE ROBLES, 57 ",POINT (369387.933155009 4064965.4102611),,,,,,MUNICIPAL,No,No,1,2028
da_aparcamientosMovilidadReducida.fid--175d4967_1a00d91a118_-6f14,67179,APARCAPMR_224,Esquina con Cl. Juan de Robles,"CALLE JUAN DE ROBLES, 16 ",POINT (369845.607953411 4065164.76689897),,,,,,MUNICIPAL,No,No,3,2028
da_aparcamientosMovilidadReducida.fid--175d4967_1a00d91a118_-6f13,67274,APARCAPMR_485,A la altura del nº 45,"CALLE FAUSTO, 45 ",POINT (361512.623977667 4065692.21767715),,,,,,MUNICIPAL,No,No,2,2028
da_aparcamientosMovilidadReducida.fid--175d4967_1a00d91a118_-6f12,67004,APARCAPMR_435,A la altura del nº 6,"CALLE JOSÉ CARMONA, 6 ",POINT (369027.666708151 4065280.74477993),,,,,,MUNICIPAL,No,No,1,2028
da_aparcamientosMovilidadReducida.fid--175d4967_1a00d91a118_-6f11,66793,APARCAPMR_590,A la altura del nº 1,"CALLE JUAN MARTÍNEZ MONTAÑÉS, 1 ",POINT (369841.486303743 4061686.53168931),,,,,,MUNICIPAL,No,No,1,2028
da_aparcamientosMovilidadReducida.fid--175d4967_1a00d91a118_-6f10,66244,APARCAPMR_779,,"CALLE MONSEÑOR CARRILLO RUBIO, 18 ",POINT (371710.474205388 4064813.44962347),,,,,,MUNICIPAL,No,No,1,2028
da_aparcamientosMovilidadReducida.fid--175d4967_1a00d91a118_-6f0f,66130,APARCAPMR_828,Esquina con c/ Reboul.,"CALLE GREGORIO DE FRÍAS, 1 ",POINT (371278.451430764 4063590.5558312),,,,,,MUNICIPAL,No,No,1,2028
da_aparcamientosMovilidadReducida.fid--175d4967_1a00d91a118_-6f0e,76804,APARCAPMR_1277,,"CALLE FISCAL LUIS PORTERO GARCÍA, 12 ",POINT (369367.607152972 4064172.22046026),,,,,,MUNICIPAL,No,No,2,2028
da_aparcamientosMovilidadReducida.fid--175d4967_1a00d91a118_-6f0d,66234,APARCAPMR_773,En el lateral del Parque.,"CALLE ORSON WELLES, 18 ",POINT (369358.064644027 4065317.29045916),,,,,,MUNICIPAL,No,No,1,2028
da_aparcamientosMovilidadReducida.fid--175d4967_1a00d91a118_-6f0c,66436,APARCAPMR_1187,,"CALLE ESPERANTO, 8 ",POINT (372047.521357031 4064639.10669076),,,,,,MUNICIPAL,No,No,3,2028
da_aparcamientosMovilidadReducida.fid--175d4967_1a00d91a118_-6f0b,67003,APARCAPMR_432,Esquina con Cl. Navarro Ledesma,"CALLE MESONERO ROMANOS, 2 ",POINT (369513.645447819 4065423.46868116),,,,,,MUNICIPAL,No,No,2,2028
da_aparcamientosMovilidadReducida.fid--175d4967_1a00d91a118_-6f0a,76805,APARCAPMR_1276,,"CALLE FISCAL LUIS PORTERO GARCÍA, 11 ",POINT (369537.431691491 4064282.5251762),,,,,,MUNICIPAL,No,No,3,2028
da_aparcamientosMovilidadReducida.fid--175d4967_1a00d91a118_-6f09,66249,APARCAPMR_801,Calle Tomás Moro esquina calle Manuel Bartolome de Cossio,"CALLE TOMÁS MORO, 50 ",POINT (370053.318404428 4063951.92375892),,,,,,MUNICIPAL,No,No,1,2028
da_aparcamientosMovilidadReducida.fid--175d4967_1a00d91a118_-6f08,66876,APARCAPMR_616,Esquina con c/ Juan de Robles,"CALLE JUAN DE ROBLES, 55 ",POINT (369484.863361924 4064973.80671499),,,,,,MUNICIPAL,No,No,1,2028
da_aparcamientosMovilidadReducida.fid--175d4967_1a00d91a118_-6f07,66371,APARCAPMR_911,,"CALLE JUAN DE ROBLES, 28 ",POINT (369552.720866479 4065001.2038551),,,,,,MUNICIPAL,No,No,1,2028
da_aparcamientosMovilidadReducida.fid--175d4967_1a00d91a118_-6f06,67257,APARCAPMR_202,Esquina con Cl. Jorge Guillén,"CALLE JORGE GUILLÉN, 24 ",POINT (371090.422028361 4062521.02649322),,,,,,MUNICIPAL,No,No,2,2028
da_aparcamientosMovilidadReducida.fid--175d4967_1a00d91a118_-6f05,66750,APARCAPMR_915,,"CALLE JORGE GUILLÉN, 24 ",POINT (371090.923634463 4062526.15794288),,,,,,MUNICIPAL,No,No,1,2028
da_aparcamientosMovilidadReducida.fid--175d4967_1a00d91a118_-6f04,67162,APARCAPMR_348,A la altura del nº 6,"CALLE CORREGIDOR JERÓNIMO VALENZUELA, 10 ",POINT (370283.316915868 4064374.8264909),,,,,,MUNICIPAL,No,No,2,2028
da_aparcamientosMovilidadReducida.fid--175d4967_1a00d91a118_-6f03,66270,APARCAPMR_1169,Esq. Paseo Antonio Machado,"CALLE JACINTO VERDAGUER, 1 ",POINT (372503.000431101 4063685.99963598),,,,,,MUNICIPAL,No,No,3,2028
da_aparcamientosMovilidadReducida.fid--175d4967_1a00d91a118_-6f02,67145,APARCAPMR_298,Esquina con Cl. Almanzor,"CALLE ALMANZOR, 2 ",POINT (371243.805012364 4063715.90256113),,,,,,MUNICIPAL,No,No,1,2028
da_aparcamientosMovilidadReducida.fid--175d4967_1a00d91a118_-6f01,67087,APARCAPMR_047,Delante del colegio Miraflores de los Angeles. Frente al nº 6,"AVENIDA DE MIRAFLORES DE LOS ÁNGELES, 9 ",POINT (371207.137866163 4065892.30508529),,,,,,MUNICIPAL,No,No,4,2028
da_aparcamientosMovilidadReducida.fid--175d4967_1a00d91a118_-6f00,66906,APARCAPMR_407,Esquina con c/ Velarde (Frente al nº 43).,"CALLE EUGENIO GROSS, 58 ",POINT (371862.339905522 4065483.20456813),,,,,,MUNICIPAL,No,No,2,2028
da_aparcamientosMovilidadReducida.fid--175d4967_1a00d91a118_-6eff,66802,APARCAPMR_660,Esquina Cl. José María Coopello,"CALLE MORALES VILLARRUBIA, 10 ",POINT (371489.308117164 4065331.35775502),,,,,,MUNICIPAL,No,No,1,2028
da_aparcamientosMovilidadReducida.fid--175d4967_1a00d91a118_-6efe,78438,APARCAPMR_1388,C/ Lanuza esquina con C/ Eugenio Gross,"CALLE LANUZA, 20 ",POINT (371796.291611667 4065035.80126881),,,,,,MUNICIPAL,No,No,1,2028
da_aparcamientosMovilidadReducida.fid--175d4967_1a00d91a118_-6efd,66174,APARCAPMR_706,Esquina con c/ Joaquín Gaztambide,"CALLE BORODÍN, 1 ",POINT (372759.138632935 4067583.61525359),,,,,,MUNICIPAL,No,No,1,2028
da_aparcamientosMovilidadReducida.fid--175d4967_1a00d91a118_-6efc,66317,APARCAPMR_871,Esquina con calle Massenet.,"CALLE BORODÍN, 6 ",POINT (372600.946725206 4067600.64415433),,,,,,MUNICIPAL,No,No,2,2028
da_aparcamientosMovilidadReducida.fid--175d4967_1a00d91a118_-6efb,66975,APARCAPMR_389,Esquina con c/ La Regente,"CALLE LA REGENTE, 1 ",POINT (372604.944876762 4065420.76540707),,,,,,MUNICIPAL,No,No,1,2028
da_aparcamientosMovilidadReducida.fid--175d4967_1a00d91a118_-6efa,67039,APARCAPMR_036,Esquina con c/ San Millán. En la puerta del Conservatorio Superior de Música,"PLAZA DEL MAESTRO ARTOLA, 2 ",POINT (373325.870582415 4065770.55581291),,,,,,MUNICIPAL,No,No,3,2028
da_aparcamientosMovilidadReducida.fid--175d4967_1a00d91a118_-6ef9,67241,APARCAPMR_107,Esquina con c/ Beethoven,"CALLE JOAQUÍN RODRIGO, 2 ",POINT (370543.411401653 4061928.08763785),,,,,,MUNICIPAL,No,No,3,2028
da_aparcamientosMovilidadReducida.fid--175d4967_1a00d91a118_-6ef8,66295,APARCAPMR_818,,"CALLE EDUARDO DE PALACIO, 12 ",POINT (370791.982048067 4062013.24318729),,,,,,MUNICIPAL,No,No,2,2028
da_aparcamientosMovilidadReducida.fid--175d4967_1a00d91a118_-6ef7,66318,APARCAPMR_856,,"CALLE CONCEJAL MASSO ROURA, 2 ",POINT (370820.578301627 4062883.98276245),,,,,,MUNICIPAL,No,No,1,2028
da_aparcamientosMovilidadReducida.fid--175d4967_1a00d91a118_-6ef6,66916,APARCAPMR_365,Esquina con c/ Juan de Herrera,"AVENIDA DEL DOCTOR GÁLVEZ GINACHERO, 9 ",POINT (372501.343758111 4065518.38359569),,,,,,MUNICIPAL,No,No,2,2028
da_aparcamientosMovilidadReducida.fid--175d4967_1a00d91a118_-6ef5,66753,APARCAPMR_1002,,"CALLE MOSCATEL, 6 ",POINT (373483.825251071 4067560.54534213),,,,,,MUNICIPAL,No,No,1,2028
da_aparcamientosMovilidadReducida.fid--175d4967_1a00d91a118_-6ef4,66774,APARCAPMR_318,Esquina Av. Bonaire,"CALLE BALTASAR GRACIÁN, 8 ",POINT (370110.6245856 4062020.19565345),,,,,,MUNICIPAL,No,No,2,2028
da_aparcamientosMovilidadReducida.fid--175d4967_1a00d91a118_-6ef3,66299,APARCAPMR_863,,"CALLE CALZADA DE LA TRINIDAD, 10 ",POINT (372143.982013524 4065324.73507295),,,,,,MUNICIPAL,No,No,1,2028
da_aparcamientosMovilidadReducida.fid--175d4967_1a00d91a118_-6ef2,66308,APARCAPMR_875,,"CALLE CANCHO PÉREZ, 5 ",POINT (370247.6461611 4062688.03021663),,,,,,MUNICIPAL,No,No,2,2028
da_aparcamientosMovilidadReducida.fid--175d4967_1a00d91a118_-6ef1,67097,APARCAPMR_287,Esquina con c/ Juan Sánchez (Frente a la Plaza Prudencio Jiménez).,"CALLE FRANCISCO FERRER, 1 ",POINT (371645.568072784 4065270.86451466),,,,,,MUNICIPAL,No,No,1,2028
da_aparcamientosMovilidadReducida.fid--175d4967_1a00d91a118_-6ef0,66857,APARCAPMR_977,Esquina calle Fernando Alcántara,"CALLE FRANCISCO FERRER, 13 ",POINT (371574.393212885 4065287.30629006),,,,,,MUNICIPAL,No,No,1,2028
da_aparcamientosMovilidadReducida.fid--175d4967_1a00d91a118_-6eef,67205,APARCAPMR_153,"C/ La Regente, nº 23, esquina con C/ Don Juan de Austria","CALLE LA REGENTE, 23 ",POINT (372395.85931004 4065412.28387328),,,,,,MUNICIPAL,No,No,2,2028
da_aparcamientosMovilidadReducida.fid--175d4967_1a00d91a118_-6eee,67032,APARCAPMR_068,Esquina con Cl. La Regente,"CALLE LA REGENTE, 27 ",POINT (372352.296086975 4065424.05468939),,,,,,MUNICIPAL,No,No,2,2028
da_aparcamientosMovilidadReducida.fid--175d4967_1a00d91a118_-6eed,67076,APARCAPMR_206,Esquina con c/ Alcalde José Hernández,"CALLE JEREZ PERCHET, 8 ",POINT (373166.359931206 4067606.36063969),,,,,,MUNICIPAL,No,No,2,2028
da_aparcamientosMovilidadReducida.fid--175d4967_1a00d91a118_-6eec,67289,APARCAPMR_526,Esquina con c/ Cayetano de Cabra,"CALLE CAYETANO DE CABRA, 5 ",POINT (370539.233077139 4062575.15967144),,,,,,MUNICIPAL,No,No,1,2028
da_aparcamientosMovilidadReducida.fid--175d4967_1a00d91a118_-6eeb,66342,APARCAPMR_141,A la altura del nº 5,"AVENIDA DE BONAIRE, 3A",POINT (370036.717594405 4062022.45051588),,,,,,MUNICIPAL,No,No,2,2028
da_aparcamientosMovilidadReducida.fid--175d4967_1a00d91a118_-6eea,67001,APARCAPMR_430,Esquina con c/ Cúchares,"CALLE CURRITO DE LA CRUZ, 7 ",POINT (370272.668591776 4062302.37910235),,,,,,MUNICIPAL,No,No,1,2028
da_aparcamientosMovilidadReducida.fid--175d4967_1a00d91a118_-6ee9,67288,APARCAPMR_524,Esquina con c/ Aniba,"AVENIDA DE BONAIRE, 1 ",POINT (370084.4001705 4062021.54803227),,,,,,MUNICIPAL,No,No,1,2028
da_aparcamientosMovilidadReducida.fid--175d4967_1a00d91a118_-6ee8,67158,APARCAPMR_332,Esquina con c/ Capitán Marcos García,"CALLE CAPITÁN HUELIN, 58 ",POINT (371580.714920208 4064852.86798388),,,,,,MUNICIPAL,No,No,1,2028
da_aparcamientosMovilidadReducida.fid--175d4967_1a00d91a118_-6ee7,66840,APARCAPMR_1107,Esquina con Cl. José Palanca,"AVENIDA DE MANUEL TORRES, 4 ",POINT (370702.292258819 4062559.42568093),,,,,,MUNICIPAL,No,No,1,2028
da_aparcamientosMovilidadReducida.fid--175d4967_1a00d91a118_-6ee6,67222,APARCAPMR_119,Esquina con Cl. Cerezuela,"CALLE CEREZUELA, 3 ",POINT (372548.3619202 4064609.7916574),,,,,,MUNICIPAL,No,No,2,2028
da_aparcamientosMovilidadReducida.fid--175d4967_1a00d91a118_-6ee5,66759,APARCAPMR_1032,Cerca de Cl. José Palanca,"CALLE MANUEL VARGAS, 1 ",POINT (370726.828601068 4062610.32016149),,,,,,MUNICIPAL,No,No,2,2028
da_aparcamientosMovilidadReducida.fid--175d4967_1a00d91a118_-6ee4,66924,APARCAPMR_477,Esquina con c/ Ntra Sra de las Candelas,"CALLE LÍBAR, 2 ",POINT (370500.823684498 4061152.31649552),,,,,,MUNICIPAL,No,No,2,2028
da_aparcamientosMovilidadReducida.fid--175d4967_1a00d91a118_-6ee3,66901,APARCAPMR_613,Esquina con Cl. El Ches,"CALLE EL CHES, 4 ",POINT (370037.023854978 4062350.5775053),,,,,,MUNICIPAL,No,No,1,2028
da_aparcamientosMovilidadReducida.fid--175d4967_1a00d91a118_-6ee2,67236,APARCAPMR_258,"A la altura del nº 6, junto al parque","CALLE GUILLERMO CARRERA RUBIO, 13 ",POINT (370888.36518159 4062046.46544056),,,,,,MUNICIPAL,No,No,2,2028
da_aparcamientosMovilidadReducida.fid--175d4967_1a00d91a118_-6ee1,66781,APARCAPMR_200,Esquina con c/ Luis Braile. En la puerta de la Parroquia Santa María de la Amargura,"CALLE HONDURAS, 1 ",POINT (371888.906485344 4064837.45261062),,,,,,MUNICIPAL,No,No,2,2028
da_aparcamientosMovilidadReducida.fid--175d4967_1a00d91a118_-6ee0,66511,APARCAPMR_247,Esquina con Cl. Cocherito,"CALLE CURRITO DE LA CRUZ, 2 ",POINT (370351.126771818 4062371.3499773),,,,,,MUNICIPAL,No,No,2,2028
da_aparcamientosMovilidadReducida.fid--175d4967_1a00d91a118_-6edf,66355,APARCAPMR_142,A la altura del nº 27,"CALLE CURRITO DE LA CRUZ, 2 ",POINT (370353.528109111 4062369.89775627),,,,,,MUNICIPAL,No,No,2,2028
da_aparcamientosMovilidadReducida.fid--175d4967_1a00d91a118_-6ede,66919,APARCAPMR_459,Esquina con c/ Cocherito,"CALLE CURRITO DE LA CRUZ, 10 ",POINT (370288.699410422 4062300.58510795),,,,,,MUNICIPAL,No,No,1,2028
da_aparcamientosMovilidadReducida.fid--175d4967_1a00d91a118_-6edd,66398,APARCAPMR_555,Esquina con c/ de  Enrique Scholtz,"CALLE ARMENGUAL DE LA MOTA, 31 ",POINT (372369.739132245 4064802.6524388),,,,,,MUNICIPAL,No,No,2,2028
da_aparcamientosMovilidadReducida.fid--175d4967_1a00d91a118_-6edc,66195,APARCAPMR_753,,"AVENIDA DE JANE BOWLES, 2 ",POINT (372652.181960181 4067374.93659961),,,,,,MUNICIPAL,No,No,1,2028
da_aparcamientosMovilidadReducida.fid--175d4967_1a00d91a118_-6edb,66576,APARCAPMR_1105,Esq. con Cl. Málaga Oloroso,"CALLE JEREZ PERCHET, 28 ",POINT (373437.876408801 4067641.67338048),,,,,,MUNICIPAL,No,No,1,2028
da_aparcamientosMovilidadReducida.fid--175d4967_1a00d91a118_-6eda,67190,APARCAPMR_263,Esquina con c/ Sevilla,"AVENIDA DEL DOCTOR GÁLVEZ GINACHERO, 23 ",POINT (372366.392299262 4065529.8187033),,,,,,MUNICIPAL,No,No,1,2028
da_aparcamientosMovilidadReducida.fid--175d4967_1a00d91a118_-6ed9,66360,APARCAPMR_886,Esquina Cl. Luis Barahona de Soto,"CALLE LUIS BARAHONA DE SOTO, 12 ",POINT (370968.134251478 4061873.23738294),,,,,,MUNICIPAL,No,No,1,2028
da_aparcamientosMovilidadReducida.fid--175d4967_1a00d91a118_-6ed8,66366,APARCAPMR_883,Estacionamiento para PMR,"CALLE NÍSPEROS, 2 ",POINT (367796.860809926 4066439.4132643),,,,,,MUNICIPAL,No,No,1,2028
da_aparcamientosMovilidadReducida.fid--175d4967_1a00d91a118_-6ed7,66817,APARCAPMR_961,Intersección Cl. Guadalbullón,"CALLE DEVA, 6A",POINT (372147.385476149 4066797.47359735),,,,,,MUNICIPAL,No,No,1,2028
da_aparcamientosMovilidadReducida.fid--175d4967_1a00d91a118_-6ed6,66218,APARCAPMR_1118,Esq. con Cl. Smetana,"CALLE DE ENEAS, 97 ",POINT (361538.04348271 4065553.59875344),,,,,,MUNICIPAL,No,No,1,2028
da_aparcamientosMovilidadReducida.fid--175d4967_1a00d91a118_-6ed5,66256,APARCAPMR_1040,Frente a Pasaje Trigueros,"CALLE COMPÁS DE LA VICTORIA, 6 ",POINT (373776.281280623 4065570.1096398),,,,,,MUNICIPAL,No,No,1,2028
da_aparcamientosMovilidadReducida.fid--175d4967_1a00d91a118_-6ed4,67206,APARCAPMR_199,Esquina con c/ San Jorge,"CALLE DUQUE DE RIVAS, 28 ",POINT (372817.081034453 4065722.04972065),,,,,,MUNICIPAL,No,No,2,2028
da_aparcamientosMovilidadReducida.fid--175d4967_1a00d91a118_-6ed3,76026,APARCAPMR_1297,esquina con con la calle Borodin,"AVENIDA DE JANE BOWLES, 3 ",POINT (372668.574768832 4067609.99298327),,,,,,MUNICIPAL,No,No,1,2028
da_aparcamientosMovilidadReducida.fid--175d4967_1a00d91a118_-6ed2,66803,APARCAPMR_595,Esquina con Cl. Fiscal Enrique Beltrán,"CALLE TOMÁS ESCALONILLA, 6 ",POINT (371185.338891813 4065295.85270881),,,,,,MUNICIPAL,No,No,2,2028
da_aparcamientosMovilidadReducida.fid--175d4967_1a00d91a118_-6ed1,66970,APARCAPMR_383,Esquina con c/ Gaspar Sanz,"CALLE LOMITA, 45 ",POINT (365797.559676775 4059018.77669978),,,,,,MUNICIPAL,No,No,1,2028
da_aparcamientosMovilidadReducida.fid--175d4967_1a00d91a118_-6ed0,66406,APARCAPMR_888,Esquina Avda. Doctor Gálvez Ginachero,"AVENIDA DEL DOCTOR GÁLVEZ GINACHERO, 6 ",POINT (372421.585263479 4065529.84395599),,,,,,MUNICIPAL,No,No,1,2028
da_aparcamientosMovilidadReducida.fid--175d4967_1a00d91a118_-6ecf,67151,APARCAPMR_221,Esquina con c/ Ubrique,"CALLE UBRIQUE, 12 ",POINT (370196.146473566 4063570.37351749),,,,,,MUNICIPAL,No,No,1,2028
da_aparcamientosMovilidadReducida.fid--175d4967_1a00d91a118_-6ece,66984,APARCAPMR_406,Esquina con Cl. Eugenio Gross,"CALLE EUGENIO GROSS, 19 ",POINT (371801.320420957 4065272.28621048),,,,,,MUNICIPAL,No,No,1,2028
da_aparcamientosMovilidadReducida.fid--175d4967_1a00d91a118_-6ecd,66223,APARCAPMR_1255,"C/ EDUARDO DOMINGUEZ AVILA, ESQ. PLAZA CAPUCHINOS","CALLE EDUARDO DOMÍNGUEZ ÁVILA, 1 ",POINT (373076.999946392 4065818.00004436),,,,,,MUNICIPAL,No,No,1,2028
da_aparcamientosMovilidadReducida.fid--175d4967_1a00d91a118_-6ecc,67094,APARCAPMR_012,Esquina con Avda. de Barcelona,"CALLE CALZADA DE LA TRINIDAD, 2 ",POINT (372175.298532682 4065295.31624127),,,,,,MUNICIPAL,No,No,2,2028
da_aparcamientosMovilidadReducida.fid--175d4967_1a00d91a118_-6ecb,66447,APARCAPMR_1001,Junto al CEIP Blas Infante,"CALLE JEREZ PERCHET, 12 ",POINT (373261.977518264 4067552.62444193),,,,,,MUNICIPAL,No,No,1,2028
da_aparcamientosMovilidadReducida.fid--175d4967_1a00d91a118_-6eca,67007,APARCAPMR_443,Esquina con Cl. Cisne,"CALLE CISNE, 1 ",POINT (370101.690925441 4063544.12849226),,,,,,MUNICIPAL,No,No,3,2028
da_aparcamientosMovilidadReducida.fid--175d4967_1a00d91a118_-6ec9,66765,APARCAPMR_592,Esquina Doctor Peralta Almagro,"CALLE LICENCIADO GONZÁLEZ GARCÍA, 6 ",POINT (372924.576547873 4067377.48340311),,,,,,MUNICIPAL,No,No,1,2028
da_aparcamientosMovilidadReducida.fid--175d4967_1a00d91a118_-6ec8,77782,APARCAPMR_1328,"C/ Joaquín Gaztambide, nº 3","CALLE JOAQUÍN GAZTAMBIDE, 3 ",POINT (372747.03149788 4067447.17749581),,,,,,MUNICIPAL,No,No,1,2028
da_aparcamientosMovilidadReducida.fid--175d4967_1a00d91a118_-6ec7,66801,APARCAPMR_672,Esquina con Camino de Suárez,"CALLE MORAIMA, 10 ",POINT (371599.417627266 4065568.13368158),,,,,,MUNICIPAL,No,No,1,2028
da_aparcamientosMovilidadReducida.fid--175d4967_1a00d91a118_-6ec6,66542,APARCAPMR_1159,,"CALLE ABEL, 2 ",POINT (359685.000139414 4065934.00057135),,,,,,MUNICIPAL,No,No,3,2028
da_aparcamientosMovilidadReducida.fid--175d4967_1a00d91a118_-6ec5,66404,APARCAPMR_1010,Esq. con Cl. Calamón,"AVENIDA DE SAN JAVIER, 18 ",POINT (365721.913892376 4058760.16627452),,,,,,MUNICIPAL,No,No,1,2028
da_aparcamientosMovilidadReducida.fid--175d4967_1a00d91a118_-6ec4,77271,APARCAPMR_1318,C/ Bauxita frente a C/ Cobre,"CALLE BAUXITA, 26 ",POINT (363109.367297538 4065797.79977366),,,,,,MUNICIPAL,No,No,2,2028
da_aparcamientosMovilidadReducida.fid--175d4967_1a00d91a118_-6ec3,66491,APARCAPMR_684,Esquina con Avd. Diego Fernández,"CALLE MIGUEL CARRERA, 54 ",POINT (368739.657605523 4065181.1275821),,,,,,MUNICIPAL,No,No,1,2028
da_aparcamientosMovilidadReducida.fid--175d4967_1a00d91a118_-6ec2,66378,APARCAPMR_1009,Esq. con Cl. Juan de Herrera,"CALLE LA REGENTE, 15 ",POINT (372477.530707004 4065412.05504712),,,,,,MUNICIPAL,No,No,1,2028
da_aparcamientosMovilidadReducida.fid--175d4967_1a00d91a118_-6ec1,79306,APARCAPMR_1423,C/ Gaspar Sanz esquina con C/ Cabo de Gata,"CALLE DE GASPAR SANZ, 14 ",POINT (365821.408583236 4059006.61992886),,,,,,MUNICIPAL,No,No,1,2028
da_aparcamientosMovilidadReducida.fid--175d4967_1a00d91a118_-6ec0,66751,APARCAPMR_972,Esquina c/ Luis de Narvaez,"CALLE DE GASPAR SANZ, 18 ",POINT (365973.352871906 4058935.44034914),,,,,,MUNICIPAL,No,No,1,2028
da_aparcamientosMovilidadReducida.fid--175d4967_1a00d91a118_-6ebf,66707,APARCAPMR_080,Esquina con c/ Monseñor Carrillo Rubio. En la puerta de la oficina del INEM,"CALLE CAPITÁN MARCOS GARCÍA, 2 ",POINT (371638.114055891 4064897.81100252),,,,,,MUNICIPAL,No,No,2,2028
da_aparcamientosMovilidadReducida.fid--175d4967_1a00d91a118_-6ebe,66200,APARCAPMR_1166,Esquina con Bulevar Louis Pasteur,"CALLE GUSTAVO PITTALUGA, 2 ",POINT (369124.999923459 4064498.9999251),,,,,,MUNICIPAL,No,No,1,2028
da_aparcamientosMovilidadReducida.fid--175d4967_1a00d91a118_-6ebd,77982,APARCAPMR_1358,Esquina Av. Montiel,"CALLE JOSÉ CALDERÓN, 202 ",POINT (361934.758160152 4065905.76833545),,,,,,MUNICIPAL,No,No,1,2028
da_aparcamientosMovilidadReducida.fid--175d4967_1a00d91a118_-6ebc,77983,APARCAPMR_1359,Esquina C/ Guardia Civil Diego Díaz Díaz,"CALLE JOSÉ CALDERÓN, 174 ",POINT (362039.845670148 4065829.08371238),,,,,,MUNICIPAL,No,No,1,2028
da_aparcamientosMovilidadReducida.fid--175d4967_1a00d91a118_-6ebb,66622,APARCAPMR_607,Esquina con c/ Calamuchita,"AVENIDA DE SAN JAVIER, 8 ",POINT (365650.979315672 4058807.10325161),,,,,,MUNICIPAL,No,No,2,2028
da_aparcamientosMovilidadReducida.fid--175d4967_1a00d91a118_-6eba,66255,APARCAPMR_774,A la altura del nº 32,"AVENIDA DE SAN JAVIER, 33 ",POINT (365815.91818132 4058706.20787035),,,,,,MUNICIPAL,No,No,1,2028
da_aparcamientosMovilidadReducida.fid--175d4967_1a00d91a118_-6eb9,66206,APARCAPMR_1104,,"CALLE JOSÉ CALDERÓN, 64 ",POINT (362521.798078131 4065413.35296607),,,,,,MUNICIPAL,No,No,1,2028
da_aparcamientosMovilidadReducida.fid--175d4967_1a00d91a118_-6eb8,66140,APARCAPMR_821,Esquina con calle La Gioconda.,"CALLE FEDORA, 1 ",POINT (365491.943087977 4058726.54250246),,,,,,MUNICIPAL,No,No,1,2028
da_aparcamientosMovilidadReducida.fid--175d4967_1a00d91a118_-6eb7,66887,APARCAPMR_528,Esquina con Cl. El Requinto,"CARRETERA DE CAMPANILLAS A COLMENAREJO, 2 ",POINT (363040.74209077 4065621.92942239),,,,,,MUNICIPAL,No,No,1,2028
da_aparcamientosMovilidadReducida.fid--175d4967_1a00d91a118_-6eb6,66602,APARCAPMR_991,Frente al nº 19.,"CALLE BAUXITA, 19 ",POINT (363107.150777979 4065803.11745808),,,,,,MUNICIPAL,No,No,1,2028
da_aparcamientosMovilidadReducida.fid--175d4967_1a00d91a118_-6eb5,66965,APARCAPMR_377,Esquina con Camino de los Prados,"CALLE DRIZA, 1 ",POINT (368181.820491854 4062473.73491271),,,,,,MUNICIPAL,No,No,1,2028
da_aparcamientosMovilidadReducida.fid--175d4967_1a00d91a118_-6eb4,75485,APARCAPMR_1303,Esquina con calle Presbítero Samuel,"CALLE MAESE NICOLÁS, 35 ",POINT (373014.366995773 4068300.23507784),,,,,,MUNICIPAL,No,No,1,2028
da_aparcamientosMovilidadReducida.fid--175d4967_1a00d91a118_-6eb3,66167,APARCAPMR_1046,Esq. con Cl. Adonis,"CALLE JOSÉ CALDERÓN, 74B",POINT (362462.448191275 4065466.68403239),,,,,,MUNICIPAL,No,No,1,2028
da_aparcamientosMovilidadReducida.fid--175d4967_1a00d91a118_-6eb2,77981,APARCAPMR_1357,Esquina Av. Antonio Montiel,"CALLE JOSÉ CALDERÓN, 210 ",POINT (361892.464192584 4065946.4697656),,,,,,MUNICIPAL,No,No,1,2028
da_aparcamientosMovilidadReducida.fid--175d4967_1a00d91a118_-6eb1,67019,APARCAPMR_458,A la altura del nº 8,"CALLE GUILLERMO LEE, 8 ",POINT (366646.848148446 4063193.28433331),,,,,,MUNICIPAL,No,No,1,2028
da_aparcamientosMovilidadReducida.fid--175d4967_1a00d91a118_-6eb0,66908,APARCAPMR_417,Esquina con c/ La Unión,"CALLE EDISON, 5 ",POINT (371784.205501359 4063926.16274448),,,,,,MUNICIPAL,No,No,1,2028
da_aparcamientosMovilidadReducida.fid--175d4967_1a00d91a118_-6eaf,66999,APARCAPMR_428,A la altura del nº 5,"CALLE LILÍ ÁLVAREZ, 6 ",POINT (369828.199444161 4060899.47388788),,,,,,MUNICIPAL,No,No,1,2028
da_aparcamientosMovilidadReducida.fid--175d4967_1a00d91a118_-6eae,66240,APARCAPMR_751,,"CALLE HONDURAS, 13 ",POINT (371774.533911639 4064754.56666857),,,,,,MUNICIPAL,No,No,1,2028
da_aparcamientosMovilidadReducida.fid--175d4967_1a00d91a118_-6ead,66851,APARCAPMR_982,Esquina calle Abogado Victoriano Frias,"CALLE PANAMÁ, 3 ",POINT (378182.78810993 4064940.99149238),,,,,,MUNICIPAL,No,No,1,2028
da_aparcamientosMovilidadReducida.fid--175d4967_1a00d91a118_-6eac,80628,APARCAPMR_1448,C/ Luxemburgo esquina con C/ Guillermo Lee,"CALLE LUXEMBURGO, 1 ",POINT (366646.609049354 4063289.3927754),,,,,,MUNICIPAL,No,No,1,2028
da_aparcamientosMovilidadReducida.fid--175d4967_1a00d91a118_-6eab,66594,APARCAPMR_921,,"CALLE JOSÉ MARÍA JACQUARD, 19 ",POINT (366695.56516524 4063357.67961013),,,,,,MUNICIPAL,No,No,1,2028
da_aparcamientosMovilidadReducida.fid--175d4967_1a00d91a118_-6eaa,66159,APARCAPMR_1167,Esq. Carretera Campanillas a Colmenarejo,"CALLE BAUXITA, 2 ",POINT (363005.999842228 4065751.00067827),,,,,,MUNICIPAL,No,No,1,2028
da_aparcamientosMovilidadReducida.fid--175d4967_1a00d91a118_-6ea9,66810,APARCAPMR_998,,"CALLE RONDA DEL NORTE, 57 ",POINT (359440.073682991 4066378.49515598),,,,,,MUNICIPAL,No,No,1,2028
da_aparcamientosMovilidadReducida.fid--175d4967_1a00d91a118_-6ea8,66287,APARCAPMR_805,,"AVENIDA DE LOS GUINDOS, 44 ",POINT (370709.705274441 4061547.10879295),,,,,,MUNICIPAL,No,No,1,2028
da_aparcamientosMovilidadReducida.fid--175d4967_1a00d91a118_-6ea7,80908,APARCAPMR_244,,"CALLE CAPITÁN HUELIN, 1 ",POINT (371737.652131088 4064644.93949174),,,,,,MUNICIPAL,No,No,3,2028
da_aparcamientosMovilidadReducida.fid--175d4967_1a00d91a118_-6ea6,78715,APARCAPMR_1400,C/ Las Navas esquina con C/ Mendoza,"CALLE LAS NAVAS, 9 ",POINT (371757.980590812 4062872.31411546),,,,,,MUNICIPAL,No,No,1,2028
da_aparcamientosMovilidadReducida.fid--175d4967_1a00d91a118_-6ea5,67149,APARCAPMR_196,Esquina con c/ Monseñor Carrillo Rubio,"CALLE ALFÉREZ SIMO CASTILLO, 7 ",POINT (371789.83781923 4064681.899644),,,,,,MUNICIPAL,No,No,1,2028
da_aparcamientosMovilidadReducida.fid--175d4967_1a00d91a118_-6ea4,66221,APARCAPMR_1114,Esq. con Cl. Mateo Flecha,"CALLE DE ENEAS, 18 ",POINT (361583.393770721 4065849.05764481),,,,,,MUNICIPAL,No,No,1,2028
da_aparcamientosMovilidadReducida.fid--175d4967_1a00d91a118_-6ea3,66741,APARCAPMR_930,Frente a Cl. Monseñor Carrillo Rubio,"CALLE MONSEÑOR CARRILLO RUBIO, 5 ",POINT (371772.290036701 4064718.09348772),,,,,,MUNICIPAL,No,No,1,2028
da_aparcamientosMovilidadReducida.fid--175d4967_1a00d91a118_-6ea2,67263,APARCAPMR_242,,"PASEO IBÉRICO, 4 ",POINT (370610.271936431 4060185.6468516),,,,,,MUNICIPAL,No,No,1,2028
da_aparcamientosMovilidadReducida.fid--175d4967_1a00d91a118_-6ea1,66994,APARCAPMR_422,Esquina con Avenida Moscú,"CALLE HELSINKI, 38 ",POINT (361818.897435976 4065481.86338744),,,,,,MUNICIPAL,No,No,2,2028
da_aparcamientosMovilidadReducida.fid--175d4967_1a00d91a118_-6ea0,66369,APARCAPMR_885,,"AVENIDA DE JOSÉ RIBERA, 29 ",POINT (368557.177945202 4064927.2255908),,,,,,MUNICIPAL,No,No,1,2028
da_aparcamientosMovilidadReducida.fid--175d4967_1a00d91a118_-6e9f,66743,APARCAPMR_994,Esq. Calle de Carmen Laforet,"AVENIDA DE JOSÉ RIBERA, 3 ",POINT (368502.792381151 4065114.26023051),,,,,,MUNICIPAL,No,No,1,2028
da_aparcamientosMovilidadReducida.fid--175d4967_1a00d91a118_-6e9e,66736,APARCAPMR_996,,"CALLE SEVERO OCHOA, 51 ",POINT (361153.809893211 4066997.45009609),,,,,,MUNICIPAL,No,No,1,2028
da_aparcamientosMovilidadReducida.fid--175d4967_1a00d91a118_-6e9d,66655,APARCAPMR_670,Esquina c/ Juan Muñoz Herrera,"CALLE PALMA DEL RÍO, 14 ",POINT (370100.047800318 4061540.12799193),,,,,,MUNICIPAL,No,No,2,2028
da_aparcamientosMovilidadReducida.fid--175d4967_1a00d91a118_-6e9c,66933,APARCAPMR_225,,"AVENIDA DE JOSÉ RIBERA, 4 ",POINT (368525.123357412 4064998.93132948),,,,,,MUNICIPAL,No,No,1,2028
da_aparcamientosMovilidadReducida.fid--175d4967_1a00d91a118_-6e9b,66347,APARCAPMR_327,Esquina con Avda. Sor Teresa Prat,"AVENIDA DE LOS GUINDOS, 48 ",POINT (370894.493690317 4061471.55396716),,,,,,MUNICIPAL,No,No,1,2028
da_aparcamientosMovilidadReducida.fid--175d4967_1a00d91a118_-6e9a,67021,APARCAPMR_461,Esquina con c/ Pontazgo,"CALLE JOSÉ CALDERÓN, 134 ",POINT (362234.880575591 4065659.38242349),,,,,,MUNICIPAL,No,No,1,2028
da_aparcamientosMovilidadReducida.fid--175d4967_1a00d91a118_-6e99,66986,APARCAPMR_398,A la altura del nº 6,"CALLE EDWARD ELGAR, 2 ",POINT (371855.065194202 4063591.25783822),,,,,,MUNICIPAL,No,No,1,2028
da_aparcamientosMovilidadReducida.fid--175d4967_1a00d91a118_-6e98,66408,APARCAPMR_981,Frente al nº 12,"CALLE EMILIO LAFUENTE ALCÁNTARA, 12 ",POINT (370595.638997574 4062839.5546154),,,,,,MUNICIPAL,No,No,2,2028
da_aparcamientosMovilidadReducida.fid--175d4967_1a00d91a118_-6e97,66304,APARCAPMR_849,,"PLAZA DEL ALCALDE ENRIQUE GÓMEZ RODRÍGUEZ, 9 ",POINT (370466.141874191 4063552.12244481),,,,,,MUNICIPAL,No,No,1,2028
da_aparcamientosMovilidadReducida.fid--175d4967_1a00d91a118_-6e96,66517,APARCAPMR_531,"Esquina con Cl. Luis Barahona de Soto, frente al nº 6","CALLE LUIS BARAHONA DE SOTO, 16 ",POINT (370809.421961979 4061647.65311459),,,,,,MUNICIPAL,No,No,2,2028
da_aparcamientosMovilidadReducida.fid--175d4967_1a00d91a118_-6e95,67231,APARCAPMR_271,A la altura del nº 15,"CALLE FRANCISCO PACHECO, 10 ",POINT (370654.540533556 4061669.45584738),,,,,,MUNICIPAL,No,No,2,2028
da_aparcamientosMovilidadReducida.fid--175d4967_1a00d91a118_-6e94,78443,APARCAPMR_1394,C/ Pierrot esquina con C/ Robinson Crusoe,"CALLE PIERROT, 23 ",POINT (369267.503732935 4063897.58497501),,,,,,MUNICIPAL,No,No,1,2028
da_aparcamientosMovilidadReducida.fid--175d4967_1a00d91a118_-6e93,76808,APARCAPMR_1217,,"AVENIDA DE PARMÉNIDES, 8 ",POINT (367832.892445757 4065146.02036261),,,,,,MUNICIPAL,No,No,1,2028
da_aparcamientosMovilidadReducida.fid--175d4967_1a00d91a118_-6e92,66991,APARCAPMR_416,Esquina con c/ Navarro Ledesma,"AVENIDA DE PARMÉNIDES, 2 ",POINT (367831.87457396 4065315.51736205),,,,,,MUNICIPAL,No,No,1,2028
da_aparcamientosMovilidadReducida.fid--175d4967_1a00d91a118_-6e91,66145,APARCAPMR_829,,"CALLE NENÚFAR, 1 ",POINT (367318.661041779 4066375.46860284),,,,,,MUNICIPAL,No,No,1,2028
da_aparcamientosMovilidadReducida.fid--175d4967_1a00d91a118_-6e90,66315,APARCAPMR_866,,"CALLE DE BALZAC, 99 ",POINT (367407.07803836 4066461.53816376),,,,,,MUNICIPAL,No,No,1,2028
da_aparcamientosMovilidadReducida.fid--175d4967_1a00d91a118_-6e8f,67020,APARCAPMR_460,A la altura del nº 7,"CALLE FRANCISCO PACHECO, 8 ",POINT (370751.303281488 4061620.24932144),,,,,,MUNICIPAL,No,No,1,2028
da_aparcamientosMovilidadReducida.fid--175d4967_1a00d91a118_-6e8e,66834,APARCAPMR_1091,Esq. con Av. Plutarco,"CALLE DE ANTÍGONA, 10 ",POINT (368172.045774361 4064988.96656861),,,,,,MUNICIPAL,No,No,1,2028
da_aparcamientosMovilidadReducida.fid--175d4967_1a00d91a118_-6e8d,66756,APARCAPMR_1043,Esq. con Cl. Halcón,"CALLE NOGALES, 2 ",POINT (367651.931643921 4066285.41564888),,,,,,MUNICIPAL,No,No,1,2028
da_aparcamientosMovilidadReducida.fid--175d4967_1a00d91a118_-6e8c,66241,APARCAPMR_762,,"CALLE JOSÉ MARÍA GONZÁLEZ RUIZ, 7 ",POINT (366963.201830848 4065164.80608116),,,,,,MUNICIPAL,No,No,1,2028
da_aparcamientosMovilidadReducida.fid--175d4967_1a00d91a118_-6e8b,66520,APARCAPMR_525,Esquina con c/ Comares,"CALLE PALMA DEL RÍO, 31 ",POINT (369900.641184641 4061241.48412136),,,,,,MUNICIPAL,No,No,2,2028
da_aparcamientosMovilidadReducida.fid--175d4967_1a00d91a118_-6e8a,66392,APARCAPMR_612,Esquina con Cl. Palma del Río,"CALLE PALMA DEL RÍO, 26 ",POINT (369970.901129645 4061389.34447632),,,,,,MUNICIPAL,No,No,1,2028
da_aparcamientosMovilidadReducida.fid--175d4967_1a00d91a118_-6e89,80036,APARCAPMR_1435,"C/ Escritora Josefina Aldecoa, N.º 3","CALLE ESCRITORA JOSEFINA ALDECOA, 3 ",POINT (368320.850124951 4065432.02159334),,,,,,MUNICIPAL,No,No,1,2028
da_aparcamientosMovilidadReducida.fid--175d4967_1a00d91a118_-6e88,66983,APARCAPMR_405,Esquina con Cl. Juan Pérez de Viedma,"CALLE JUAN PÉREZ DE VIEDMA, 25 ",POINT (367183.816472233 4067554.45447555),,,,,,MUNICIPAL,No,No,1,2028
da_aparcamientosMovilidadReducida.fid--175d4967_1a00d91a118_-6e87,67169,APARCAPMR_024,Esquina con Pasaje Eguiluz,"PASAJE EGUILUZ, 5 ",POINT (371731.356599245 4063776.05449718),,,,,,MUNICIPAL,No,No,4,2028
da_aparcamientosMovilidadReducida.fid--175d4967_1a00d91a118_-6e86,67199,APARCAPMR_108,Esquina con c/ Maestro Guerrero,"CALLE AYALA, 75 ",POINT (371647.882156634 4063068.70060718),,,,,,MUNICIPAL,No,No,2,2028
da_aparcamientosMovilidadReducida.fid--175d4967_1a00d91a118_-6e85,67022,APARCAPMR_462,A la altura del nº 9,"CALLE PEDRO CEVALLOS, 9 ",POINT (362268.474807821 4065513.98153804),,,,,,MUNICIPAL,No,No,1,2028
da_aparcamientosMovilidadReducida.fid--175d4967_1a00d91a118_-6e84,66661,APARCAPMR_673,A la altura del nº 13,"CALLE LEANDRA, 13 ",POINT (367434.886150158 4067128.55454918),,,,,,MUNICIPAL,No,No,1,2028
da_aparcamientosMovilidadReducida.fid--175d4967_1a00d91a118_-6e83,67224,APARCAPMR_201,Frente a c/ Muñoz Degrain,"CALLE CAPULINO JÁUREGUI, 6 ",POINT (371796.153127177 4063143.96843415),,,,,,MUNICIPAL,No,No,2,2028
da_aparcamientosMovilidadReducida.fid--175d4967_1a00d91a118_-6e82,67148,APARCAPMR_276,Esquina con Cl. Monseñor Carrillo Rubio,"CALLE MONSEÑOR CARRILLO RUBIO, 7 ",POINT (371757.509368426 4064735.04819678),,,,,,MUNICIPAL,No,No,1,2028
da_aparcamientosMovilidadReducida.fid--175d4967_1a00d91a118_-6e81,67270,APARCAPMR_335,Esquina con c/ Alcabalas,"CALLE JOSÉ CALDERÓN, 145 ",POINT (362146.7300586 4065731.17705535),,,,,,MUNICIPAL,No,No,1,2028
da_aparcamientosMovilidadReducida.fid--175d4967_1a00d91a118_-6e80,66659,APARCAPMR_641,Esquina  con c/ Demostenes,"CALLE DE ANTÍGONA, 3 ",POINT (368068.135139771 4064796.56950058),,,,,,MUNICIPAL,No,No,2,2028
da_aparcamientosMovilidadReducida.fid--175d4967_1a00d91a118_-6e7f,66266,APARCAPMR_1041,Esq. con Cl. Teseo,"CALLE DE ANTÍGONA, 5 ",POINT (368116.756890904 4064890.83790267),,,,,,MUNICIPAL,No,No,1,2028
da_aparcamientosMovilidadReducida.fid--175d4967_1a00d91a118_-6e7e,66777,APARCAPMR_127,Esquina con Av. Los Guindos,"AVENIDA DE LOS GUINDOS, 40 ",POINT (370637.13054226 4061599.06203218),,,,,,MUNICIPAL,No,No,5,2028
da_aparcamientosMovilidadReducida.fid--175d4967_1a00d91a118_-6e7d,66466,APARCAPMR_1273,esquina con C/ Ramón Ramos Martín,"CALLE MANUEL FLORES CALDERÓN, 2 ",POINT (366686.000223866 4065502.99982561),,,,,,MUNICIPAL,No,No,1,2028
da_aparcamientosMovilidadReducida.fid--175d4967_1a00d91a118_-6e7c,66338,APARCAPMR_334,Esquina con c/ Soliva,"CALLE ZARAGÜETA, 17 ",POINT (370247.279954543 4064911.75339525),,,,,,MUNICIPAL,No,No,1,2028
da_aparcamientosMovilidadReducida.fid--175d4967_1a00d91a118_-6e7b,66755,APARCAPMR_1123,Esq. con Cl. Conde de Belalcazar,"CALLE RUY LÓPEZ, 50 ",POINT (369865.999586889 4065263.00074786),,,,,,MUNICIPAL,No,No,1,2028
da_aparcamientosMovilidadReducida.fid--175d4967_1a00d91a118_-6e7a,66940,APARCAPMR_093,Esquina con Cl. Sanhedun,"CALLE SANHEDÚN, 4 ",POINT (370016.746435103 4063150.04262798),,,,,,MUNICIPAL,No,No,3,2028
da_aparcamientosMovilidadReducida.fid--175d4967_1a00d91a118_-6e79,66870,APARCAPMR_669,Esquina con c/ Alozaina,"CALLE RÍO ÁGUEDA, 2 ",POINT (370820.592499758 4063678.55649826),,,,,,MUNICIPAL,No,No,2,2028
da_aparcamientosMovilidadReducida.fid--175d4967_1a00d91a118_-6e78,78714,APARCAPMR_1397,C/ Zancara esquina con C/ Virgen de la Fuensanta,"CALLE ZÁNCARA, 3 ",POINT (371006.610903019 4064155.98350777),,,,,,MUNICIPAL,No,No,3,2028
da_aparcamientosMovilidadReducida.fid--175d4967_1a00d91a118_-6e77,80145,APARCAPMR_1438,"Avenida Rocío Jurado, Nº 8","AVENIDA ROCÍO JURADO, 8 ",POINT (366927.920709742 4066366.72113923),,,,,,MUNICIPAL,No,No,1,2028
da_aparcamientosMovilidadReducida.fid--175d4967_1a00d91a118_-6e76,66440,APARCAPMR_997,Junto S. E. P. San Andres,"EL CAMARÁ, 5 ",POINT (369765.455681232 4062350.14333762),,,,,,MUNICIPAL,No,No,1,2028
da_aparcamientosMovilidadReducida.fid--175d4967_1a00d91a118_-6e75,66570,APARCAPMR_714,Esquina con c/ Herodoto,"CALLE FUENTE ALEGRE, 18 ",POINT (367616.66368849 4067640.66293443),,,,,,MUNICIPAL,No,No,1,2028
da_aparcamientosMovilidadReducida.fid--175d4967_1a00d91a118_-6e74,66665,APARCAPMR_680,Esquina con Avda. Velázquez,"CALLE CHICO DEL MATADERO, 2 ",POINT (370051.372318246 4061803.56624027),,,,,,MUNICIPAL,No,No,2,2028
da_aparcamientosMovilidadReducida.fid--175d4967_1a00d91a118_-6e73,67229,APARCAPMR_306,Esquina con Cl. Conejito de Málaga,"CALLE CONEJITO DE MÁLAGA, 10 ",POINT (370135.844512913 4062434.62899135),,,,,,MUNICIPAL,No,No,1,2028
da_aparcamientosMovilidadReducida.fid--175d4967_1a00d91a118_-6e72,67187,APARCAPMR_328,Esquina con c/ Alonso de Aguilar,"CALLE RUY LÓPEZ, 30 ",POINT (370020.902083581 4065182.67746651),,,,,,MUNICIPAL,No,No,2,2028
da_aparcamientosMovilidadReducida.fid--175d4967_1a00d91a118_-6e71,76897,APARCAPMR_1283,,"CALLE INGENIERO DE LA CIERVA, 26 ",POINT (370103.361114715 4062335.65847703),,,,,,MUNICIPAL,No,No,1,2028
da_aparcamientosMovilidadReducida.fid--175d4967_1a00d91a118_-6e70,66872,APARCAPMR_611,Frente a Cl. Estribor,"CALLE TARQUINA, 29 ",POINT (368117.069689797 4062504.86853559),,,,,,MUNICIPAL,No,No,2,2028
da_aparcamientosMovilidadReducida.fid--175d4967_1a00d91a118_-6e6f,66273,APARCAPMR_1182,,"CALLE VIRGEN DE LA SERVITA, 20 ",POINT (370936.000171036 4064342.00061867),,,,,,MUNICIPAL,No,No,1,2028
da_aparcamientosMovilidadReducida.fid--175d4967_1a00d91a118_-6e6e,77272,APARCAPMR_1316,Avenida Moliere esquina con la Avenida Velázquez,"AVENIDA DE MOLIÈRE, 1 ",POINT (369879.755015231 4061529.86238925),,,,,,MUNICIPAL,No,No,1,2028
da_aparcamientosMovilidadReducida.fid--175d4967_1a00d91a118_-6e6d,66495,APARCAPMR_675,Esq. Cl. Ayala,"CALLE GÓNGORA, 30 ",POINT (372180.653572583 4063676.86744416),,,,,,MUNICIPAL,No,No,2,2028
da_aparcamientosMovilidadReducida.fid--175d4967_1a00d91a118_-6e6c,66134,APARCAPMR_809,,"CALLE TRAFALGAR, 9 ",POINT (371051.974766594 4062236.02156929),,,,,,MUNICIPAL,No,No,2,2028
da_aparcamientosMovilidadReducida.fid--175d4967_1a00d91a118_-6e6b,66407,APARCAPMR_909,Esquina Callejón del Perchel,"CALLE CALLEJONES DEL PERCHEL, 1 ",POINT (372335.306143499 4064279.02844622),,,,,,MUNICIPAL,No,No,3,2028
da_aparcamientosMovilidadReducida.fid--175d4967_1a00d91a118_-6e6a,66580,APARCAPMR_1249,,"CALLE VIRGEN DE LA SERVITA, 8 ",POINT (371027.000202957 4064361.00034288),,,,,,MUNICIPAL,No,No,1,2028
da_aparcamientosMovilidadReducida.fid--175d4967_1a00d91a118_-6e69,80037,APARCAPMR_1431,C/ Virgen de los Dolores esquina con C/ Virgen del Rosario,"CALLE VIRGEN DE LOS DOLORES, 3 ",POINT (370988.335901355 4064559.96369066),,,,,,MUNICIPAL,No,No,1,2028
da_aparcamientosMovilidadReducida.fid--175d4967_1a00d91a118_-6e68,66208,APARCAPMR_1119,Esq. con cl. Jacinto Verdaguer,"CALLE SALITRE, 40 ",POINT (372353.505049315 4063864.13617697),,,,,,MUNICIPAL,No,No,1,2028
da_aparcamientosMovilidadReducida.fid--175d4967_1a00d91a118_-6e67,66875,APARCAPMR_233,Esquina con c/ De la Maestria Industrial.,"CALLE DEL POLITÉCNICO, 10 ",POINT (370741.758061701 4064626.75328722),,,,,,MUNICIPAL,No,No,2,2028
da_aparcamientosMovilidadReducida.fid--175d4967_1a00d91a118_-6e66,78391,APARCAPMR_1337,Av. Editor Angel Caffarena esq. C/ Poeta Aurora de Albornoz,"CALLE SANHEDÚN, 1 ",POINT (370005.173606887 4063114.95185283),,,,,,MUNICIPAL,No,No,1,2028
da_aparcamientosMovilidadReducida.fid--175d4967_1a00d91a118_-6e65,66976,APARCAPMR_393,A la altura del nº 9,"CALLE SAN MILLÁN, 9 ",POINT (373177.781191206 4065574.28509995),,,,,,MUNICIPAL,No,No,1,2028
da_aparcamientosMovilidadReducida.fid--175d4967_1a00d91a118_-6e64,66238,APARCAPMR_785,A la altura del nº 21,"AVENIDA DE LAS POSTAS, 21 ",POINT (373320.162819083 4066863.01743489),,,,,,MUNICIPAL,No,No,1,2028
da_aparcamientosMovilidadReducida.fid--175d4967_1a00d91a118_-6e63,66442,APARCAPMR_905,,"CALLE URGANDA, 2 ",POINT (373102.10505411 4068272.59261786),,,,,,MUNICIPAL,No,No,2,2028
da_aparcamientosMovilidadReducida.fid--175d4967_1a00d91a118_-6e62,76289,APARCAPMR_1294,,"CALLE INGENIERO DE LA CIERVA, 8 ",POINT (370256.581129824 4062269.15390769),,,,,,MUNICIPAL,No,No,1,2028
da_aparcamientosMovilidadReducida.fid--175d4967_1a00d91a118_-6e61,66943,APARCAPMR_159,A la altura del nº 17,"CALLE VIRGEN DE LA ESTRELLA, 17 ",POINT (371140.680125344 4064255.41477034),,,,,,MUNICIPAL,No,No,1,2028
da_aparcamientosMovilidadReducida.fid--175d4967_1a00d91a118_-6e60,67062,APARCAPMR_218,Esquina con c/ San Vicente de Paul,"CALLE SAN VICENTE DE PAUL, 5 ",POINT (375101.428578512 4065319.18501613),,,,,,MUNICIPAL,No,No,2,2028
da_aparcamientosMovilidadReducida.fid--175d4967_1a00d91a118_-6e5f,67059,APARCAPMR_117,Esquina con c/ Mar. Frente al nº 119,"CALLE QUITAPENAS, 121 ",POINT (378606.36334978 4064541.44140534),,,,,,MUNICIPAL,No,No,2,2028
da_aparcamientosMovilidadReducida.fid--175d4967_1a00d91a118_-6e5e,66421,APARCAPMR_1053,Esq. con Pasaje Begoña,"PASAJE URBASA, 2 ",POINT (371610.295594671 4065144.06880807),,,,,,MUNICIPAL,No,No,1,2028
da_aparcamientosMovilidadReducida.fid--175d4967_1a00d91a118_-6e5d,67249,APARCAPMR_147,Esquina con Avda. Manuel Torres,"CALLE NIÑO DE GLORIA, 13 ",POINT (370588.300614845 4062650.24212954),,,,,,MUNICIPAL,No,No,2,2028
da_aparcamientosMovilidadReducida.fid--175d4967_1a00d91a118_-6e5c,66544,APARCAPMR_1234,,"CALLE NIÑO DE GLORIA, 7 ",POINT (370556.000275834 4062636.00031316),,,,,,MUNICIPAL,No,No,1,2028
da_aparcamientosMovilidadReducida.fid--175d4967_1a00d91a118_-6e5b,66597,APARCAPMR_983,A la altura del nº 6,"CALLE CHICO DEL MATADERO, 6 ",POINT (369990.410883204 4061870.58069207),,,,,,MUNICIPAL,No,No,1,2028
da_aparcamientosMovilidadReducida.fid--175d4967_1a00d91a118_-6e5a,66284,APARCAPMR_793,Esquina con Alameda Barceló.,"CALLE VARELA, 1 ",POINT (373300.238322318 4066057.09296593),,,,,,MUNICIPAL,No,No,1,2028
da_aparcamientosMovilidadReducida.fid--175d4967_1a00d91a118_-6e59,66816,APARCAPMR_927,Esquina calle Toquero,"CALLE PERIODISTA JUANITO CORTÉS, 2 ",POINT (373612.542420568 4066239.96483771),,,,,,MUNICIPAL,No,No,1,2028
da_aparcamientosMovilidadReducida.fid--175d4967_1a00d91a118_-6e58,66166,APARCAPMR_1233,,"CALLE NIÑO DE GLORIA, 5 ",POINT (370549.000154946 4062627.00050347),,,,,,MUNICIPAL,No,No,1,2028
da_aparcamientosMovilidadReducida.fid--175d4967_1a00d91a118_-6e57,67227,APARCAPMR_165,Frente al nº 7,"CALLE CHICO DEL MATADERO, 5 ",POINT (370010.755646043 4061831.86618519),,,,,,MUNICIPAL,No,No,2,2028
da_aparcamientosMovilidadReducida.fid--175d4967_1a00d91a118_-6e56,66228,APARCAPMR_758,,"CALLE POTRO DE CÓRDOBA, 5 ",POINT (372933.052644539 4067676.45968151),,,,,,MUNICIPAL,No,No,2,2028
da_aparcamientosMovilidadReducida.fid--175d4967_1a00d91a118_-6e55,66560,APARCAPMR_699,Esquina con c/ Virgen de Gracia,"ALAMEDA BARCELÓ, 53 ",POINT (373247.984918264 4066027.47731587),,,,,,MUNICIPAL,No,No,1,2028
da_aparcamientosMovilidadReducida.fid--175d4967_1a00d91a118_-6e54,66969,APARCAPMR_382,"Frente al nº 1, esquina con Cl. Toril.","CALLE DE LA VEGA, 33 ",POINT (365849.806763186 4059078.59749173),,,,,,MUNICIPAL,No,No,1,2028
da_aparcamientosMovilidadReducida.fid--175d4967_1a00d91a118_-6e53,80915,APARCAPMR_0608,,"PASEO DE LA SIERRA, 86 ",POINT (376789.27436903 4066380.96418052),,,,,,MUNICIPAL,No,No,1,2028
da_aparcamientosMovilidadReducida.fid--175d4967_1a00d91a118_-6e52,66526,APARCAPMR_901,Intersección Alameda Barcelo,"CALLE VICENTE GÓMEZ DE CÁDIZ, 8 ",POINT (373148.949439487 4065965.09520209),,,,,,MUNICIPAL,No,No,2,2028
da_aparcamientosMovilidadReducida.fid--175d4967_1a00d91a118_-6e51,66697,APARCAPMR_543,Esquina hacia la plaza Nazaret,"AVENIDA DE LAS POSTAS, 13 ",POINT (373211.515330499 4066757.82642869),,,,,,MUNICIPAL,No,No,2,2028
da_aparcamientosMovilidadReducida.fid--175d4967_1a00d91a118_-6e50,66540,APARCAPMR_1184,,"CALLE SANSÓN CARRASCO, 1 ",POINT (373742.000256327 4067605.0001028),,,,,,MUNICIPAL,No,No,2,2028
da_aparcamientosMovilidadReducida.fid--175d4967_1a00d91a118_-6e4f,77788,APARCAPMR_1327,Alameda Barceló esquina con C/ Montserrat,"ALAMEDA BARCELÓ, 31 ",POINT (373145.399082419 4065997.99204804),,,,,,MUNICIPAL,No,No,1,2028
da_aparcamientosMovilidadReducida.fid--175d4967_1a00d91a118_-6e4e,67121,APARCAPMR_076,Esquina con Avda. Barcelona,"CALLE VELARDE, 1 ",POINT (372224.142888138 4065453.63955136),,,,,,MUNICIPAL,No,No,2,2028
da_aparcamientosMovilidadReducida.fid--175d4967_1a00d91a118_-6e4d,80901,APARCAPMR_37,,"CALLE MALPICA, 7 ",POINT (372352.991164184 4064179.23496226),,,,,,MUNICIPAL,No,No,1,2028
da_aparcamientosMovilidadReducida.fid--175d4967_1a00d91a118_-6e4c,66197,APARCAPMR_766,Intersección con Luisa Sene,"CALLE ISABEL DALVO, 1 ",POINT (365933.583257774 4058730.33285405),,,,,,MUNICIPAL,No,No,1,2028
da_aparcamientosMovilidadReducida.fid--175d4967_1a00d91a118_-6e4b,67245,APARCAPMR_163,Esquina con Avda. Velázquez,"CALLE MORETI, 2 ",POINT (370786.483552985 4062458.55236159),,,,,,MUNICIPAL,No,No,1,2028
da_aparcamientosMovilidadReducida.fid--175d4967_1a00d91a118_-6e4a,74625,APARCAPMR_734,,"CALLE SAN VICENTE DE PAUL, 24 ",POINT (375365.260193539 4065253.15038485),,,,,,MUNICIPAL,No,No,2,2028
da_aparcamientosMovilidadReducida.fid--175d4967_1a00d91a118_-6e49,67223,APARCAPMR_087,Esquina c/ Hermosilla,"CALLE SAN MILLÁN, 4 ",POINT (373186.228131784 4065578.45363189),,,,,,MUNICIPAL,No,No,2,2028
da_aparcamientosMovilidadReducida.fid--175d4967_1a00d91a118_-6e48,66396,APARCAPMR_177,Frente al Centro de Salud de El Torcal. ,"CALLE JOSÉ PALANCA, 22 ",POINT (370600.839819047 4062687.03979447),,,,,,MUNICIPAL,No,No,2,2028
da_aparcamientosMovilidadReducida.fid--175d4967_1a00d91a118_-6e47,76895,APARCAPMR_899,,"CALLE EMILIO DE LA CERDA, 27 ",POINT (371605.360304434 4062793.7621791),,,,,,MUNICIPAL,No,No,2,2028
da_aparcamientosMovilidadReducida.fid--175d4967_1a00d91a118_-6e46,67256,APARCAPMR_104,Esquina con Av. Velázquez,"CALLE GIUSEPPE MICAEL, 2 ",POINT (370690.185378114 4062362.52414084),,,,,,MUNICIPAL,No,No,2,2028
da_aparcamientosMovilidadReducida.fid--175d4967_1a00d91a118_-6e45,66649,APARCAPMR_677,Esquina con Av. San Javier,"CALLE ISABEL COLBRAN, 27 ",POINT (365961.927099813 4058593.51388247),,,,,,MUNICIPAL,No,No,1,2028
da_aparcamientosMovilidadReducida.fid--175d4967_1a00d91a118_-6e44,67117,APARCAPMR_337,Esquina con Cl. Duero. Frente al nº 1,"CALLE DUERO, 5 ",POINT (372185.682209757 4066719.43738307),,,,,,MUNICIPAL,No,No,2,2028
da_aparcamientosMovilidadReducida.fid--175d4967_1a00d91a118_-6e43,78858,APARCAPMR_1410,C/ Emilio Diaz esquina con C/ Santa Paula,"CALLE EMILIO DÍAZ, 25 ",POINT (372927.522761968 4066582.29586777),,,,,,MUNICIPAL,No,No,1,2028
da_aparcamientosMovilidadReducida.fid--175d4967_1a00d91a118_-6e42,66394,APARCAPMR_588,Esquina con Cl. Carril de la Cordobesa,"CARRIL DE LA CORDOBESA, 34 ",POINT (371329.53308619 4063161.94549032),,,,,,MUNICIPAL,No,No,2,2028
da_aparcamientosMovilidadReducida.fid--175d4967_1a00d91a118_-6e41,66713,APARCAPMR_1082,Esq. con Cl. Liberia,"CALLE PEINADO, 24 ",POINT (372950.555208419 4066011.64833403),,,,,,MUNICIPAL,No,No,1,2028
da_aparcamientosMovilidadReducida.fid--175d4967_1a00d91a118_-6e40,66196,APARCAPMR_759,Esquina con Cl. Pedro Miguel Carbonell.,"CAMINO DE CASABERMEJA, 82 ",POINT (372817.155781086 4068535.37231304),,,,,,MUNICIPAL,No,No,2,2028
da_aparcamientosMovilidadReducida.fid--175d4967_1a00d91a118_-6e3f,66632,APARCAPMR_094,Esquina con Cl. El Mediodía,"PASEO MARÍTIMO EL PEDREGAL, 102 ",POINT (377931.408200298 4064620.12835463),,,,,,MUNICIPAL,No,No,2,2028
da_aparcamientosMovilidadReducida.fid--175d4967_1a00d91a118_-6e3e,67051,APARCAPMR_216,,"PASEO MARÍTIMO EL PEDREGAL, 103 ",POINT (377913.714728381 4064582.09971098),,,,,,MUNICIPAL,No,No,2,2028
da_aparcamientosMovilidadReducida.fid--175d4967_1a00d91a118_-6e3d,66192,APARCAPMR_740,,"CALLE PRACTICANTE FERNÁNDEZ ALCOLEA, 3 ",POINT (378672.994979322 4064682.59184572),,,,,,MUNICIPAL,No,No,2,2028
da_aparcamientosMovilidadReducida.fid--175d4967_1a00d91a118_-6e3c,66449,APARCAPMR_933,,"AVENIDA DE JUAN XXIII, 6 ",POINT (371262.799593622 4063099.91321256),,,,,,MUNICIPAL,No,No,1,2028
da_aparcamientosMovilidadReducida.fid--175d4967_1a00d91a118_-6e3b,66682,APARCAPMR_567,,"CALLE CONDE DE GUADALHORCE, 6 ",POINT (371257.988474678 4064025.56154813),,,,,,MUNICIPAL,No,No,2,2028
da_aparcamientosMovilidadReducida.fid--175d4967_1a00d91a118_-6e3a,67268,APARCAPMR_229,A la altura del nº 6,"CALLE DE ANTONIO SOLER, 7 ",POINT (371834.236511992 4062973.65048546),,,,,,MUNICIPAL,No,No,2,2028
da_aparcamientosMovilidadReducida.fid--175d4967_1a00d91a118_-6e39,66766,APARCAPMR_664,Esquina con Avda. Santiago Ramón y Cajal,"CALLE OBISPO JULIÁN, 2 ",POINT (372962.736661221 4067156.90342901),,,,,,MUNICIPAL,No,No,1,2028
da_aparcamientosMovilidadReducida.fid--175d4967_1a00d91a118_-6e38,66885,APARCAPMR_520,Esquina con c/ Arabia. Frente al nº 36,"CALLE ARABIA, 11 ",POINT (378700.916394696 4064966.22271337),,,,,,MUNICIPAL,No,No,1,2028
da_aparcamientosMovilidadReducida.fid--175d4967_1a00d91a118_-6e37,66626,APARCAPMR_545,A la altura del nº 7,"CALLE PASTORA IMPERIO, 11 ",POINT (373314.65380359 4068359.89189398),,,,,,MUNICIPAL,No,No,2,2028
da_aparcamientosMovilidadReducida.fid--175d4967_1a00d91a118_-6e36,67167,APARCAPMR_020,En la puerta del Centro Base de Discapacitados,"CALLE DIEGO VÁZQUEZ OTERO, 5 ",POINT (371525.188462777 4064517.79528045),,,,,,MUNICIPAL,No,No,6,2028
da_aparcamientosMovilidadReducida.fid--175d4967_1a00d91a118_-6e35,67142,APARCAPMR_053,Trasladada desde Avda. Herrera Oria,"CALLE DIEGO VÁZQUEZ OTERO, 3 ",POINT (371491.580323237 4064517.58423373),,,,,,MUNICIPAL,No,No,4,2028
da_aparcamientosMovilidadReducida.fid--175d4967_1a00d91a118_-6e34,67082,APARCAPMR_121,Esquina con Cl. Alcalde Joaquín Quiles,"CALLE EMILIO THUILLIER, 138 ",POINT (373072.223351859 4068033.39099898),,,,,,MUNICIPAL,No,No,3,2028
da_aparcamientosMovilidadReducida.fid--175d4967_1a00d91a118_-6e33,66293,APARCAPMR_827,,"CALLE LE CORBUSIER, 2 ",POINT (379109.773334051 4064573.21748207),,,,,,MUNICIPAL,No,No,2,2028
da_aparcamientosMovilidadReducida.fid--175d4967_1a00d91a118_-6e32,66942,APARCAPMR_158,Esquina con c/ Santa Cristina,"AVENIDA DE PRÍES, 1 ",POINT (374330.747667862 4064849.48707507),,,,,,MUNICIPAL,No,No,2,2028
da_aparcamientosMovilidadReducida.fid--175d4967_1a00d91a118_-6e31,66829,APARCAPMR_1156,,"CALLE GUINDAS, 18 ",POINT (373238.999986881 4067242.00015953),,,,,,MUNICIPAL,No,No,2,2028
da_aparcamientosMovilidadReducida.fid--175d4967_1a00d91a118_-6e30,66841,APARCAPMR_1037,Esq. con Cl. Archez,"CALLE BORGE, 5 ",POINT (373234.804849188 4067093.19828798),,,,,,MUNICIPAL,No,No,1,2028
da_aparcamientosMovilidadReducida.fid--175d4967_1a00d91a118_-6e2f,66612,APARCAPMR_1176,Esq. C/ Las Pitas,"CALLE FRANCISCO LÓPEZ LÓPEZ, 87 ",POINT (373389.000266121 4067234.00063267),,,,,,MUNICIPAL,No,No,1,2028
da_aparcamientosMovilidadReducida.fid--175d4967_1a00d91a118_-6e2e,66696,APARCAPMR_550,Esquina con Cl. Concejal Matías Abela,"CALLE CONCEJAL MATÍAS ABELA, 9 ",POINT (377606.674971823 4065133.82317744),,,,,,MUNICIPAL,No,No,1,2028
da_aparcamientosMovilidadReducida.fid--175d4967_1a00d91a118_-6e2d,66954,APARCAPMR_363,Esquina con c/ San Quintín,"CALLE MALASAÑA, 25 ",POINT (372527.372187634 4065267.45987667),,,,,,MUNICIPAL,No,No,1,2028
da_aparcamientosMovilidadReducida.fid--175d4967_1a00d91a118_-6e2c,66217,APARCAPMR_1065,,"CALLE ALCALDE BARRANCO CÓRDOBA, 1 ",POINT (372901.374612728 4067137.42947961),,,,,,MUNICIPAL,No,No,1,2028
da_aparcamientosMovilidadReducida.fid--175d4967_1a00d91a118_-6e2b,67209,APARCAPMR_029,Esquina con Plaza de la Merced,"CALLE GÓMEZ PALLETE, 3 ",POINT (373391.150783939 4065195.76953702),,,,,,MUNICIPAL,No,No,2,2028
da_aparcamientosMovilidadReducida.fid--175d4967_1a00d91a118_-6e2a,67055,APARCAPMR_038,Esquina con Av. Juan Sebastián Elcano,"CALLE MAR, 4 ",POINT (378606.639943157 4064759.36191788),,,,,,MUNICIPAL,No,No,2,2028
da_aparcamientosMovilidadReducida.fid--175d4967_1a00d91a118_-6e29,66170,APARCAPMR_1164,,"CALLE JUAN GOROSTIDI, 3 ",POINT (366058.999743849 4058153.00011262),,,,,,MUNICIPAL,No,No,1,2028
da_aparcamientosMovilidadReducida.fid--175d4967_1a00d91a118_-6e28,66538,APARCAPMR_653,Esquina Cl. Fernando Loring,"CALLE EMILIO DÍAZ, 26 ",POINT (372889.694920676 4066448.96091058),,,,,,MUNICIPAL,No,No,1,2028
da_aparcamientosMovilidadReducida.fid--175d4967_1a00d91a118_-6e27,66481,APARCAPMR_604,A la altura del nº 8,"CALLE OLLETAS, 8 ",POINT (373621.696734467 4066408.05805781),,,,,,MUNICIPAL,No,No,1,2028
da_aparcamientosMovilidadReducida.fid--175d4967_1a00d91a118_-6e26,66914,APARCAPMR_438,Esquina con Cl. Tomás Echevarría,"CALLE TOMÁS ECHEVERRÍA, 12 ",POINT (371947.680796286 4062860.37260693),,,,,,MUNICIPAL,No,No,2,2028
da_aparcamientosMovilidadReducida.fid--175d4967_1a00d91a118_-6e25,66592,APARCAPMR_1013,Esq. con Cl. Miguel Moreno Masson,"CALLE MIGUEL MORENO MASSON, 11 ",POINT (371157.060948298 4064331.64091384),,,,,,MUNICIPAL,No,No,1,2028
da_aparcamientosMovilidadReducida.fid--175d4967_1a00d91a118_-6e24,67124,APARCAPMR_095,Frente a Cl. Escritora Luciana Narváez,"CALLE ESCRITORA LUCIANA NARVÁEZ, 3 ",POINT (372171.897763259 4066125.78619134),,,,,,MUNICIPAL,No,No,3,2028
da_aparcamientosMovilidadReducida.fid--175d4967_1a00d91a118_-6e23,66137,APARCAPMR_832,,"CALLE FRANCISCO LÓPEZ LÓPEZ, 101 ",POINT (373416.458084826 4067274.70452562),,,,,,MUNICIPAL,No,No,2,2028
da_aparcamientosMovilidadReducida.fid--175d4967_1a00d91a118_-6e22,66148,APARCAPMR_792,Esquina con Avenida Pío Baroja.,"CALLE ARQUITECTO EDUARDO ESTEVE, 9 ",POINT (378282.596513598 4064692.83025718),,,,,,MUNICIPAL,No,No,1,2028
da_aparcamientosMovilidadReducida.fid--175d4967_1a00d91a118_-6e21,66633,APARCAPMR_249,Esquina con c/ Aguilar y Cano,"CALLE PRACTICANTE FERNÁNDEZ ALCOLEA, 16 ",POINT (378744.688823949 4064644.20845894),,,,,,MUNICIPAL,No,No,2,2028
da_aparcamientosMovilidadReducida.fid--175d4967_1a00d91a118_-6e20,67053,APARCAPMR_282,Frente a c/ Alcaucín,"CALLE IDUMEA, 6 ",POINT (379192.796765995 4064902.17751486),,,,,,MUNICIPAL,No,No,1,2028
da_aparcamientosMovilidadReducida.fid--175d4967_1a00d91a118_-6e1f,66267,APARCAPMR_1132,Esq. Cmno. de la Térmica,"CALLE AYAMONTE, 4 ",POINT (370702.99962803 4061061.00045403),,,,,,MUNICIPAL,No,No,2,2028
da_aparcamientosMovilidadReducida.fid--175d4967_1a00d91a118_-6e1e,66548,APARCAPMR_1131,Esq. con Cl. Pacífico,"CALLE AYAMONTE, 10 ",POINT (370819.00024566 4061005.0006676),,,,,,MUNICIPAL,No,No,2,2028
da_aparcamientosMovilidadReducida.fid--175d4967_1a00d91a118_-6e1d,80499,APARCAPMR_1446,C/ Algarrobo esquina con C/ Alcaucín,"CALLE ALGARROBO, 14 ",POINT (379369.687339593 4064865.77843294),,,,,,MUNICIPAL,No,No,1,2028
da_aparcamientosMovilidadReducida.fid--175d4967_1a00d91a118_-6e1c,66654,APARCAPMR_621,Esquina con c/ del Día,"CALLE DEL ROMERO, 11 ",POINT (359684.50833227 4066282.3727164),,,,,,MUNICIPAL,No,No,2,2028
da_aparcamientosMovilidadReducida.fid--175d4967_1a00d91a118_-6e1b,66291,APARCAPMR_833,"A la altura del nº 50, frente a la intersección con calle Albarrobo","CARRETERA DE OLÍAS, 50 ",POINT (379357.401339225 4064783.20742923),,,,,,MUNICIPAL,No,No,1,2028
da_aparcamientosMovilidadReducida.fid--175d4967_1a00d91a118_-6e1a,80477,APARCAPMR_1443," C/ Periodista Paco Rengel, Nº 1","CALLE PERIODISTA PACO RENGEL, 1 ",POINT (369550.080257831 4060732.56730424),,,,,,MUNICIPAL,No,No,5,2028
da_aparcamientosMovilidadReducida.fid--175d4967_1a00d91a118_-6e19,80478,APARCAPMR_1444,C/ Periodista Paco Rengel esquina con C/ Miguel Mérida Nicolich,"CALLE PERIODISTA PACO RENGEL, 3 ",POINT (369526.552597582 4060493.12431226),,,,,,MUNICIPAL,No,No,5,2028
da_aparcamientosMovilidadReducida.fid--175d4967_1a00d91a118_-6e18,77275,APARCAPMR_1308,C/ Centauro esquina con C/ Antares,"CALLE CENTAURO, 6 ",POINT (367039.812834874 4066561.24042551),,,,,,MUNICIPAL,No,No,1,2028
da_aparcamientosMovilidadReducida.fid--175d4967_1a00d91a118_-6e17,67084,APARCAPMR_034,Frente al Pabellón de Ciudad Jardín,"GLORIETA JOSÉ GASPAR ANAYA MUÑOZ, 2 ",POINT (372901.605383174 4068071.69327846),,,,,,MUNICIPAL,No,No,3,2028
da_aparcamientosMovilidadReducida.fid--175d4967_1a00d91a118_-6e16,77968,APARCAPMR_1344,Esquina César Manrique,"CALLE PINTOR MURILLO BRACHO, 6 ",POINT (369437.816821425 4065754.78231099),,,,,,MUNICIPAL,No,No,1,2028
da_aparcamientosMovilidadReducida.fid--175d4967_1a00d91a118_-6e15,77967,APARCAPMR_1343,Esquina Av. Octavio Paz,"CALLE PINTOR MURILLO BRACHO, 6 ",POINT (369399.187654756 4065764.83647765),,,,,,MUNICIPAL,No,No,1,2028
da_aparcamientosMovilidadReducida.fid--175d4967_1a00d91a118_-6e14,66411,APARCAPMR_958,Esquina calle Montesa,"CALLE VELASCO, 35 ",POINT (371668.285602793 4063519.0342937),,,,,,MUNICIPAL,No,No,1,2028
da_aparcamientosMovilidadReducida.fid--175d4967_1a00d91a118_-6e13,66133,APARCAPMR_796,,"CALLE ESPIREA, 3 ",POINT (373528.763241728 4066372.58275605),,,,,,MUNICIPAL,No,No,1,2028
da_aparcamientosMovilidadReducida.fid--175d4967_1a00d91a118_-6e12,77986,APARCAPMR_1362,Esquina José Calderón,"CALLE CABO FRANCISCO JAVIER SORIA TOLEDO, 2 ",POINT (361900.092991914 4066010.73495636),,,,,,MUNICIPAL,No,No,1,2028
da_aparcamientosMovilidadReducida.fid--175d4967_1a00d91a118_-6e11,66639,APARCAPMR_342,Esquina con Cl. Maestro Salvador Baberá,"PLAZUELA PÁRROCO JOSÉ MARÍA ORTEGA MUÑOZ, 2 ",POINT (371040.180207894 4065313.78428254),,,,,,MUNICIPAL,No,No,2,2028
da_aparcamientosMovilidadReducida.fid--175d4967_1a00d91a118_-6e10,66987,APARCAPMR_411,Esquina con Cl. Eugenio Selles,"JARDINES MAESTRA LOLA ROMERO, 1 ",POINT (377846.045984621 4064833.8819259),,,,,,MUNICIPAL,No,No,2,2028
da_aparcamientosMovilidadReducida.fid--175d4967_1a00d91a118_-6e0f,66913,APARCAPMR_437,Esquina con Paseo Acacias,"PASEO DE LAS ACACIAS, 26 ",POINT (377680.005467609 4064732.95875977),,,,,,MUNICIPAL,No,No,2,2028
da_aparcamientosMovilidadReducida.fid--175d4967_1a00d91a118_-6e0e,66549,APARCAPMR_1134,Esq. con Cl. Pacífico,"AVENIDA DE MOLIÈRE, 53 ",POINT (370730.000400288 4060845.99969504),,,,,,MUNICIPAL,No,No,2,2028
da_aparcamientosMovilidadReducida.fid--175d4967_1a00d91a118_-6e0d,66136,APARCAPMR_797,,"CALLE LE CORBUSIER, 11 ",POINT (379203.535663049 4064571.00559129),,,,,,MUNICIPAL,No,No,1,2028
da_aparcamientosMovilidadReducida.fid--175d4967_1a00d91a118_-6e0c,66323,APARCAPMR_864,Esquina con Cl. Emilio Zola,"CALLE EMILIO ZOLA, 24 ",POINT (367559.248873976 4066483.25955505),,,,,,MUNICIPAL,No,No,2,2028
da_aparcamientosMovilidadReducida.fid--175d4967_1a00d91a118_-6e0b,66380,APARCAPMR_941,,"CALLE GENERAL BLAKE, 1 ",POINT (371659.06558094 4064959.3602648),,,,,,MUNICIPAL,No,No,1,2028
da_aparcamientosMovilidadReducida.fid--175d4967_1a00d91a118_-6e0a,66433,APARCAPMR_1188,,"CALLE CANALES, 3 ",POINT (372553.999821454 4063817.00011138),,,,,,MUNICIPAL,No,No,1,2028
da_aparcamientosMovilidadReducida.fid--175d4967_1a00d91a118_-6e09,67037,APARCAPMR_025,A la altura del nº 2,"PLAZA EJIDO, 1 ",POINT (373262.35660958 4065631.2357483),,,,,,MUNICIPAL,No,No,3,2028
da_aparcamientosMovilidadReducida.fid--175d4967_1a00d91a118_-6e08,67038,APARCAPMR_079,A la altura del nº 7,"PLAZA EJIDO, 5 ",POINT (373323.19513229 4065634.38971592),,,,,,MUNICIPAL,No,No,3,2028
da_aparcamientosMovilidadReducida.fid--175d4967_1a00d91a118_-6e07,66871,APARCAPMR_624,Esquina con Cl. Alozaina,"CALLE ALOZAINA, 8 ",POINT (370792.122267767 4063697.47762509),,,,,,MUNICIPAL,No,No,1,2028
da_aparcamientosMovilidadReducida.fid--175d4967_1a00d91a118_-6e06,67100,APARCAPMR_082,Frente a Cl. Tejares,"CALLE TEJARES, 50 ",POINT (371636.708203055 4065718.21403781),,,,,,MUNICIPAL,No,No,2,2028
da_aparcamientosMovilidadReducida.fid--175d4967_1a00d91a118_-6e05,66745,APARCAPMR_1018,Esq. Cl Cómpeta,"AVENIDA DE SANTA ROSA DE LIMA, 24 ",POINT (370563.196196589 4064741.18162021),,,,,,MUNICIPAL,No,No,1,2028
da_aparcamientosMovilidadReducida.fid--175d4967_1a00d91a118_-6e04,66257,APARCAPMR_1121,,"PASAJE RUBENS, 5 ",POINT (368098.000318796 4067731.00066836),,,,,,MUNICIPAL,No,No,1,2028
da_aparcamientosMovilidadReducida.fid--175d4967_1a00d91a118_-6e03,66702,APARCAPMR_1008,Esq. Cl. Escritor Jacobo Orellana Espejo,"CALLE ESCRITOR ANTONIO NAVARRO TRUJILLO, 27 ",POINT (368123.602668187 4067066.75942003),,,,,,MUNICIPAL,No,No,1,2028
da_aparcamientosMovilidadReducida.fid--175d4967_1a00d91a118_-6e02,66395,APARCAPMR_639,Esquina con c/ Pacífico,"CALLE DE FRANCISCO DE COSSÍO, 22 ",POINT (371128.662789145 4061570.35205548),,,,,,MUNICIPAL,No,No,1,2028
da_aparcamientosMovilidadReducida.fid--175d4967_1a00d91a118_-6e01,67230,APARCAPMR_214,Esquina con Av. Sor Teresa Prat,"CALLE DE FRANCISCO DE COSSÍO, 8 ",POINT (370975.44574483 4061634.31297565),,,,,,MUNICIPAL,No,No,1,2028
da_aparcamientosMovilidadReducida.fid--175d4967_1a00d91a118_-6e00,66131,APARCAPMR_848,,"CALLE ARCHIDONA, 25 ",POINT (370207.455981763 4064496.24748217),,,,,,MUNICIPAL,No,No,3,2028
da_aparcamientosMovilidadReducida.fid--175d4967_1a00d91a118_-6dff,66620,APARCAPMR_1218,,"CALLE LUIS F PALLARDO PEINADO, 10 ",POINT (370434.99983172 4064338.00034842),,,,,,MUNICIPAL,No,No,3,2028
da_aparcamientosMovilidadReducida.fid--175d4967_1a00d91a118_-6dfe,66486,APARCAPMR_619,,"PLAZA DE CAPUCHINOS, 16 ",POINT (373101.171622662 4065719.26139703),,,,,,MUNICIPAL,No,No,2,2028
da_aparcamientosMovilidadReducida.fid--175d4967_1a00d91a118_-6dfd,79733,APARCAPMR_1426, C/ Alcalde José María Corona esquina con Avenida Velázquez,"CALLE ALCALDE JOSÉ MARÍA CORONA, 3 ",POINT (370400.359544856 4062148.58006613),,,,,,MUNICIPAL,No,No,1,2028
da_aparcamientosMovilidadReducida.fid--175d4967_1a00d91a118_-6dfc,66897,APARCAPMR_725,Esquina Av. Manuel Torres,"AVENIDA DE VELÁZQUEZ, 25 ",POINT (370775.082426354 4062477.27807642),,,,,,MUNICIPAL,No,No,1,2028
da_aparcamientosMovilidadReducida.fid--175d4967_1a00d91a118_-6dfb,66798,APARCAPMR_661,Esquina con c/ Concejal José María Martín Carpena,"CALLE MAGISTRADO SALVADOR BARBERÁ, 17 ",POINT (371023.883947041 4065456.50473765),,,,,,MUNICIPAL,No,No,2,2028
da_aparcamientosMovilidadReducida.fid--175d4967_1a00d91a118_-6dfa,66807,APARCAPMR_671,,"CAMINO SAN ALBERTO, 27 ",POINT (370446.108693559 4066214.25041989),,,,,,MUNICIPAL,No,No,1,2028
da_aparcamientosMovilidadReducida.fid--175d4967_1a00d91a118_-6df9,66593,APARCAPMR_935,Esquina calle Zaragueta,"CALLE CASTILLA, 24 ",POINT (370173.009389926 4064953.70795148),,,,,,MUNICIPAL,No,No,1,2028
da_aparcamientosMovilidadReducida.fid--175d4967_1a00d91a118_-6df8,67159,APARCAPMR_323,Esquina con Plaza José Bergamín,"CALLE CASTILLA, 33 ",POINT (370118.366819154 4064780.94656047),,,,,,MUNICIPAL,No,No,2,2028
da_aparcamientosMovilidadReducida.fid--175d4967_1a00d91a118_-6df7,76807,APARCAPMR_1168,,"CALLE ANTONIO RAÍZ, 9 ",POINT (368922.198972381 4065283.70090331),,,,,,MUNICIPAL,No,No,1,2028
da_aparcamientosMovilidadReducida.fid--175d4967_1a00d91a118_-6df6,66385,APARCAPMR_625,Esquina Cl. Doctor Ruíz Jiménez,"CALLE DOCTOR RUIZ JIMÉNEZ, 6 ",POINT (371281.205280518 4065055.13729708),,,,,,MUNICIPAL,No,No,2,2028
da_aparcamientosMovilidadReducida.fid--175d4967_1a00d91a118_-6df5,66502,APARCAPMR_504,A la altura de c/ Sagasta,"PLAZA DE ARRIOLA, 10 ",POINT (372773.655103425 4064586.04101898),,,,,,MUNICIPAL,No,No,3,2028
da_aparcamientosMovilidadReducida.fid--175d4967_1a00d91a118_-6df4,66171,APARCAPMR_1289,,"CALLE MAGISTRADO SALVADOR BARBERÁ, 11 ",POINT (371053.000261606 4065268.99999502),,,,,,MUNICIPAL,No,No,1,2028
da_aparcamientosMovilidadReducida.fid--175d4967_1a00d91a118_-6df3,66861,APARCAPMR_1003,Esq. Cl. Luis Rosales,"CALLE JUAN RAMÓN JIMÉNEZ, 8 ",POINT (370794.747104692 4066225.92577488),,,,,,MUNICIPAL,No,No,1,2028
da_aparcamientosMovilidadReducida.fid--175d4967_1a00d91a118_-6df2,67228,APARCAPMR_134,Esquina con Cl. Idelfonso Marzo,"CALLE ILDEFONSO MARZO, 1 ",POINT (370912.620657823 4062407.73003205),,,,,,MUNICIPAL,No,No,2,2028
da_aparcamientosMovilidadReducida.fid--175d4967_1a00d91a118_-6df1,77992,APARCAPMR_1368,,"CALLE DIEGO LARA VALLE, 17 ",POINT (371405.758309879 4063608.38659941),,,,,,MUNICIPAL,No,No,1,2028
da_aparcamientosMovilidadReducida.fid--175d4967_1a00d91a118_-6df0,66615,APARCAPMR_1092,Esq. Camino San Alberto,"CAMINO SAN ALBERTO, 14 ",POINT (370466.627175824 4066103.61381376),,,,,,MUNICIPAL,No,No,1,2028
da_aparcamientosMovilidadReducida.fid--175d4967_1a00d91a118_-6def,66280,APARCAPMR_824,ampliación de 1 plaza el 14/07/2016,"CAMINO SAN ALBERTO, 1 ",POINT (370647.892665885 4065964.71770508),,,,,,MUNICIPAL,No,No,2,2028
da_aparcamientosMovilidadReducida.fid--175d4967_1a00d91a118_-6dee,66758,APARCAPMR_1261,Esq. Avd. Juan XXIII,"CALLE CORREGIDOR PAZ Y GUZMÁN, 2 ",POINT (370747.000265111 4063962.00071544),,,,,,MUNICIPAL,No,No,2,2028
da_aparcamientosMovilidadReducida.fid--175d4967_1a00d91a118_-6ded,67234,APARCAPMR_255,Esquina con c/ Las Navas,"CALLE GARCERÁN, 30 ",POINT (371689.198508306 4062791.34397143),,,,,,MUNICIPAL,No,No,2,2028
da_aparcamientosMovilidadReducida.fid--175d4967_1a00d91a118_-6dec,66929,APARCAPMR_391,Esquina con c/ Acanto,"AVENIDA DE VELÁZQUEZ, 8 ",POINT (370823.068584057 4062564.19113139),,,,,,MUNICIPAL,No,No,1,2028
da_aparcamientosMovilidadReducida.fid--175d4967_1a00d91a118_-6deb,66789,APARCAPMR_397,Esquina con c/ Agustín Montes Fuentes,"PASAJE FERRERÍA DE HEREDIA, 15 ",POINT (372147.174033138 4063316.48247314),,,,,,MUNICIPAL,No,No,2,2028
da_aparcamientosMovilidadReducida.fid--175d4967_1a00d91a118_-6dea,66868,APARCAPMR_662,Esquina con Cl. Periana,"CALLE ALOZAINA, 15 ",POINT (370692.995738381 4063671.11821859),,,,,,MUNICIPAL,No,No,1,2028
da_aparcamientosMovilidadReducida.fid--175d4967_1a00d91a118_-6de9,66516,APARCAPMR_533,Esquina con Av. de Velázquez,"AVENIDA DE VELÁZQUEZ, 72 ",POINT (370215.473215559 4061972.01034875),,,,,,MUNICIPAL,No,No,1,2028
da_aparcamientosMovilidadReducida.fid--175d4967_1a00d91a118_-6de8,67014,APARCAPMR_451,Esquina con c/ Arturo Reyes,"CALLE MORENO NIETO, 37 ",POINT (371509.358566459 4065880.60333857),,,,,,MUNICIPAL,No,No,1,2028
da_aparcamientosMovilidadReducida.fid--175d4967_1a00d91a118_-6de7,66353,APARCAPMR_091,Esquina con Cl. Perdiguera,"CALLE PERDIGUERA, 1 ",POINT (370599.462918277 4062262.8946794),,,,,,MUNICIPAL,No,No,2,2028
da_aparcamientosMovilidadReducida.fid--175d4967_1a00d91a118_-6de6,78799,APARCAPMR_1405,"C/ Perdiguera, N.º 3 esquina con C/ Albertillas","CALLE PERDIGUERA, 3 ",POINT (370635.976289009 4062238.44330265),,,,,,MUNICIPAL,No,No,1,2028
da_aparcamientosMovilidadReducida.fid--175d4967_1a00d91a118_-6de5,66467,APARCAPMR_1271,,"AVENIDA DEL DOCTOR MAÑAS BERNABÉU, 13 ",POINT (370968.999860652 4063722.00064086),,,,,,MUNICIPAL,No,No,1,2028
da_aparcamientosMovilidadReducida.fid--175d4967_1a00d91a118_-6de4,66706,APARCAPMR_105,Esquina con c/ Alonso de Palencia,"CALLE BLANCO CORIS, 3 ",POINT (372040.163505077 4064758.0726401),,,,,,MUNICIPAL,No,No,2,2028
da_aparcamientosMovilidadReducida.fid--175d4967_1a00d91a118_-6de3,66292,APARCAPMR_799,,"CALLE ARAGONITO, 11 ",POINT (367928.306382761 4067166.31403722),,,,,,MUNICIPAL,No,No,2,2028
da_aparcamientosMovilidadReducida.fid--175d4967_1a00d91a118_-6de2,67160,APARCAPMR_243,Esquina con c/ Alozaina,"CALLE CIUDAD DE ANDÚJAR, 13 ",POINT (370757.227815736 4063679.75167661),,,,,,MUNICIPAL,No,No,1,2028
da_aparcamientosMovilidadReducida.fid--175d4967_1a00d91a118_-6de1,66500,APARCAPMR_317,Esquina con c/ Torres Quevedo,"CALLE BERRUGUETE, 12A",POINT (370085.540466324 4062132.25982424),,,,,,MUNICIPAL,No,No,1,2028
da_aparcamientosMovilidadReducida.fid--175d4967_1a00d91a118_-6de0,67250,APARCAPMR_114,,"CALLE NIÑO DEL MUSEO, 1 ",POINT (370630.733607189 4062532.13570576),,,,,,MUNICIPAL,No,No,2,2028
da_aparcamientosMovilidadReducida.fid--175d4967_1a00d91a118_-6ddf,66853,APARCAPMR_932,Esquina calle Las Pilas,"CALLE NIÑO JESÚS DE PRAGA, 1 ",POINT (370529.40986598 4062194.08412895),,,,,,MUNICIPAL,No,No,1,2028
da_aparcamientosMovilidadReducida.fid--175d4967_1a00d91a118_-6dde,66804,APARCAPMR_580,Esquina con Cl. Magistrado Salvador Barberá,"CALLE MAGISTRADO SALVADOR BARBERÁ, 16 ",POINT (371080.83134673 4065241.00890948),,,,,,MUNICIPAL,No,No,2,2028
da_aparcamientosMovilidadReducida.fid--175d4967_1a00d91a118_-6ddd,66775,APARCAPMR_296,Esquina con Cl. Antonio Soler,"CALLE DE ANTONIO SOLER, 1 ",POINT (371899.23703128 4063058.31417361),,,,,,MUNICIPAL,No,No,2,2028
da_aparcamientosMovilidadReducida.fid--175d4967_1a00d91a118_-6ddc,66832,APARCAPMR_1089,Esq. con Cl. Ministerio de la Vivienda,"CALLE BLAS OTERO, 3 ",POINT (371028.531002283 4065210.1876248),,,,,,MUNICIPAL,No,No,1,2028
da_aparcamientosMovilidadReducida.fid--175d4967_1a00d91a118_-6ddb,67085,APARCAPMR_203,No hay más datos,"AVENIDA DE CARLINDA, 6 ",POINT (370632.409273706 4066034.85718786),,,,,,MUNICIPAL,No,No,1,2028
da_aparcamientosMovilidadReducida.fid--175d4967_1a00d91a118_-6dda,76287,APARCAPMR_1312,C/ Los Millones esquina con C/ Manuel Moriel F. Bolaños,"CALLE LOS MILLONES, 5 ",POINT (371000.15905222 4065259.34008625),,,,,,MUNICIPAL,No,No,1,2028
da_aparcamientosMovilidadReducida.fid--175d4967_1a00d91a118_-6dd9,67136,APARCAPMR_145,A la altura del nº 10,"AVENIDA DE JUAN XXIII, 31 ",POINT (371012.316856085 4063522.72730585),,,,,,MUNICIPAL,No,No,2,2028
da_aparcamientosMovilidadReducida.fid--175d4967_1a00d91a118_-6dd8,67262,APARCAPMR_174,"Frente al  nº 10, a la altura de la plaza Larita.","AVENIDA DE ANTONIO GAUDÍ, 8 ",POINT (369882.456200049 4062265.14186121),,,,,,MUNICIPAL,No,No,2,2028
da_aparcamientosMovilidadReducida.fid--175d4967_1a00d91a118_-6dd7,66264,APARCAPMR_1070,Frente a Plaza Larita,"AVENIDA DE ANTONIO GAUDÍ, 18 ",POINT (369808.254415697 4062226.54485073),,,,,,MUNICIPAL,No,No,2,2028
da_aparcamientosMovilidadReducida.fid--175d4967_1a00d91a118_-6dd6,67043,APARCAPMR_183,Esquina con c/ Noray,"PASEO DE LOS TILOS, 61 ",POINT (371483.293129023 4063933.83744382),,,,,,MUNICIPAL,No,No,2,2028
da_aparcamientosMovilidadReducida.fid--175d4967_1a00d91a118_-6dd5,66926,APARCAPMR_480,A la altua del nº 2,"CALLE LUIS F PALLARDO PEINADO, 2A",POINT (370584.249668545 4064363.53880181),,,,,,MUNICIPAL,No,No,1,2028
da_aparcamientosMovilidadReducida.fid--175d4967_1a00d91a118_-6dd4,66276,APARCAPMR_765,,"CALLE CEREZO, 10 ",POINT (367739.577217124 4066471.92421284),,,,,,MUNICIPAL,No,No,1,2028
da_aparcamientosMovilidadReducida.fid--175d4967_1a00d91a118_-6dd3,67031,APARCAPMR_319,Esquina con c/ Fernando el Católico,"CALLE SAN PATRICIO, 4 ",POINT (373730.607325282 4065704.5789916),,,,,,MUNICIPAL,No,No,2,2028
da_aparcamientosMovilidadReducida.fid--175d4967_1a00d91a118_-6dd2,67011,APARCAPMR_447,Esquina con Cl. Kandinsky,"CALLE KANDINSKY, 1 ",POINT (369297.807848941 4064256.88064302),,,,,,MUNICIPAL,No,No,2,2028
da_aparcamientosMovilidadReducida.fid--175d4967_1a00d91a118_-6dd1,67042,APARCAPMR_111,Esquina con c/ Ramón Alarcón,"PASEO DE LOS TILOS, 49 ",POINT (371618.285369067 4064007.32495151),,,,,,MUNICIPAL,No,No,2,2028
da_aparcamientosMovilidadReducida.fid--175d4967_1a00d91a118_-6dd0,66850,APARCAPMR_940,Frente a Cl. Avicebron,"CALLE EMILIO THUILLIER, 33 ",POINT (373047.721992533 4067466.7006717),,,,,,MUNICIPAL,No,No,1,2028
da_aparcamientosMovilidadReducida.fid--175d4967_1a00d91a118_-6dcf,66679,APARCAPMR_565,Esquina con Cl. Tomás Fernández,"CALLE EMILIO THUILLIER, 13 ",POINT (373026.100493332 4067322.73109422),,,,,,MUNICIPAL,No,No,1,2028
da_aparcamientosMovilidadReducida.fid--175d4967_1a00d91a118_-6dce,66553,APARCAPMR_1072,Esq. con Camino Retiro,"CALLE DECANO JUAN RAFAEL DE LARA, 1 ",POINT (365397.152375105 4059210.78552146),,,,,,MUNICIPAL,No,No,1,2028
da_aparcamientosMovilidadReducida.fid--175d4967_1a00d91a118_-6dcd,66797,APARCAPMR_651,,"CALLE FERNANDO CHIRINO, 7 ",POINT (372043.548633854 4065340.82156736),,,,,,MUNICIPAL,No,No,1,2028
da_aparcamientosMovilidadReducida.fid--175d4967_1a00d91a118_-6dcc,67057,APARCAPMR_167,Esquina con Cl. Mariano de Cavia,"CALLE MARIANO DE CAVIA, 31 ",POINT (377605.5066468 4065085.65305723),,,,,,MUNICIPAL,No,No,1,2028
da_aparcamientosMovilidadReducida.fid--175d4967_1a00d91a118_-6dcb,67024,APARCAPMR_466,Junto al portón del Colegio María Zambrano (frente al nº 7).,"CALLE LAS MORERAS, 7 ",POINT (373482.162708657 4067379.64714063),,,,,,MUNICIPAL,No,No,2,2028
da_aparcamientosMovilidadReducida.fid--175d4967_1a00d91a118_-6dca,66482,APARCAPMR_629,,"CALLE TRINIDAD, 62 ",POINT (372398.221213382 4065141.99746067),,,,,,MUNICIPAL,No,No,1,2028
da_aparcamientosMovilidadReducida.fid--175d4967_1a00d91a118_-6dc9,66971,APARCAPMR_384,Esquina con Cl. Mariano de Cavia,"CALLE MARIANO DE CAVIA, 42 ",POINT (377715.582816801 4065076.44535022),,,,,,MUNICIPAL,No,No,1,2028
da_aparcamientosMovilidadReducida.fid--175d4967_1a00d91a118_-6dc8,80907,APARCAPMR_86,Esquina con Calle Almería,"CALLE PADRE LERCHUNDI, 1 ",POINT (378965.077119979 4064693.55331119),,,,,,MUNICIPAL,No,No,2,2028
da_aparcamientosMovilidadReducida.fid--175d4967_1a00d91a118_-6dc7,66728,APARCAPMR_1139,,"PASEO MARTIRICOS, 26 ",POINT (372579.000172043 4065840.00067667),,,,,,MUNICIPAL,No,No,2,2028
da_aparcamientosMovilidadReducida.fid--175d4967_1a00d91a118_-6dc6,66260,APARCAPMR_1186,Esq. C / Dolores Casini,"CAMINO DE CASABERMEJA, 33 ",POINT (372861.00039181 4068440.00073556),,,,,,MUNICIPAL,No,No,2,2028
da_aparcamientosMovilidadReducida.fid--175d4967_1a00d91a118_-6dc5,67033,APARCAPMR_069,Esquina con c/ Duquesa de Parcent,"CALLE SOMERA, 12 ",POINT (372892.614101782 4064178.45514543),,,,,,MUNICIPAL,No,No,2,2028
da_aparcamientosMovilidadReducida.fid--175d4967_1a00d91a118_-6dc4,66438,APARCAPMR_1060,Esq. con Cl. López Alarcón,"CALLE EMILIO THUILLIER, 111 ",POINT (373025.994823604 4068029.93765551),,,,,,MUNICIPAL,No,No,1,2028
da_aparcamientosMovilidadReducida.fid--175d4967_1a00d91a118_-6dc3,67092,APARCAPMR_322,Esquina con c/ Nicolás Salmerón,"CALLE BLAS DE LEZO, 25 ",POINT (371918.493274292 4065785.31322397),,,,,,MUNICIPAL,No,No,2,2028
da_aparcamientosMovilidadReducida.fid--175d4967_1a00d91a118_-6dc2,66327,APARCAPMR_861,,"CALLE MACABEOS, 2 ",POINT (373899.041955597 4065493.73256362),,,,,,MUNICIPAL,No,No,1,2028
da_aparcamientosMovilidadReducida.fid--175d4967_1a00d91a118_-6dc1,66483,APARCAPMR_583,Esquina con Cl. Lanuza,"CALLE PELAYO, 12 ",POINT (372076.275361225 4065033.96770194),,,,,,MUNICIPAL,No,No,2,2028
da_aparcamientosMovilidadReducida.fid--175d4967_1a00d91a118_-6dc0,80687,APARCAPMR_1456,C/ Jabalón esquina con C/ Esla,"CALLE JABALÓN, 4 ",POINT (372159.81837303 4067167.39953849),,,,,,MUNICIPAL,No,No,1,2028
da_aparcamientosMovilidadReducida.fid--175d4967_1a00d91a118_-6dbf,67123,APARCAPMR_190,Frente al nº 6,"CALLE GUADIATO, 6 ",POINT (372075.296190665 4067238.07472385),,,,,,MUNICIPAL,No,No,1,2028
da_aparcamientosMovilidadReducida.fid--175d4967_1a00d91a118_-6dbe,78439,APARCAPMR_1387,"C/ Leopoldo Werner, N.º 4","CALLE LEOPOLDO WERNER, 4 ",POINT (372808.976892897 4066209.73571061),,,,,,MUNICIPAL,No,No,1,2028
da_aparcamientosMovilidadReducida.fid--175d4967_1a00d91a118_-6dbd,66744,APARCAPMR_926,Esquina con c/ San Nicolás.,"CALLE FARO, 2 ",POINT (373909.782558749 4064470.94992219),,,,,,MUNICIPAL,No,No,1,2028
da_aparcamientosMovilidadReducida.fid--175d4967_1a00d91a118_-6dbc,67129,APARCAPMR_044,Frente a c/ Toledo. En la puerta de Bomberos.,"PASEO MARTIRICOS, 16 ",POINT (372575.920773227 4065740.07067139),,,,,,MUNICIPAL,No,No,2,2028
da_aparcamientosMovilidadReducida.fid--175d4967_1a00d91a118_-6dbb,67073,APARCAPMR_261,No hay más datos,"CALLE DÍAZ CAMACHO, 2 ",POINT (373177.360956315 4067712.67015366),,,,,,MUNICIPAL,No,No,1,2028
da_aparcamientosMovilidadReducida.fid--175d4967_1a00d91a118_-6dba,66152,APARCAPMR_843,,"CALLE GUADALBULLÓN, 8 ",POINT (372114.997481864 4066784.00989232),,,,,,MUNICIPAL,No,No,1,2028
da_aparcamientosMovilidadReducida.fid--175d4967_1a00d91a118_-6db9,67091,APARCAPMR_096,Esquina con c/ Tejares,"CALLE BLAS DE LEZO, 14 ",POINT (371900.339520784 4065684.92110509),,,,,,MUNICIPAL,No,No,2,2028
da_aparcamientosMovilidadReducida.fid--175d4967_1a00d91a118_-6db8,67278,APARCAPMR_492,Esquina con Cl. Sancho Miranda,"CALLE EMILIO THUILLIER, 89 ",POINT (373082.944686418 4067807.80598403),,,,,,MUNICIPAL,No,No,1,2028
da_aparcamientosMovilidadReducida.fid--175d4967_1a00d91a118_-6db7,66484,APARCAPMR_631,Esquina con Duque de Rivas,"CALLE SAN BARTOLOMÉ, 8 ",POINT (372871.683702003 4065563.56219299),,,,,,MUNICIPAL,No,No,1,2028
da_aparcamientosMovilidadReducida.fid--175d4967_1a00d91a118_-6db6,67075,APARCAPMR_346,Esquina con Cl. Las Moreras. Frente al nº 23.,"CALLE LAS MORERAS, 6 ",POINT (373390.131829424 4067452.85522315),,,,,,MUNICIPAL,No,No,2,2028
da_aparcamientosMovilidadReducida.fid--175d4967_1a00d91a118_-6db5,66643,APARCAPMR_058,"Esquina con c/ Juan de Canderrera
","CALLE PEINADO, 3 ",POINT (373011.540712584 4066006.28961857),,,,,,MUNICIPAL,No,No,2,2028
da_aparcamientosMovilidadReducida.fid--175d4967_1a00d91a118_-6db4,74584,APARCAPMR_882,"Calle Panaderos, 1","CALLE PANADEROS, 1 ",POINT (372924.83741099 4064547.57488047),,,,Excepto personas movilidad reducida,,MUNICIPAL,No,No,2,2028
da_aparcamientosMovilidadReducida.fid--175d4967_1a00d91a118_-6db3,66782,APARCAPMR_157,,"CALLE GUADALQUIVIREJO, 61 ",POINT (365367.266904212 4063029.30988002),,,,,,MUNICIPAL,No,No,1,2028
da_aparcamientosMovilidadReducida.fid--175d4967_1a00d91a118_-6db2,66964,APARCAPMR_376,Esquina con Camino de los Prados,"CAMINO DE LOS PRADOS, 3 ",POINT (368454.142326692 4062496.93032294),,,,,,MUNICIPAL,No,No,1,2028
da_aparcamientosMovilidadReducida.fid--175d4967_1a00d91a118_-6db1,66813,APARCAPMR_1014,Esq. con la Cl. Alberto Peláez Domínguez,"CALLE DE LUIS DE NARVÁEZ, 60 ",POINT (365947.515322452 4058849.51346643),,,,,,MUNICIPAL,No,No,1,2028
da_aparcamientosMovilidadReducida.fid--175d4967_1a00d91a118_-6db0,66210,APARCAPMR_1181,,"CALLE FELIPE PEDRELL, 42 ",POINT (368135.000117303 4062667.00011872),,,,,,MUNICIPAL,No,No,1,2028
da_aparcamientosMovilidadReducida.fid--175d4967_1a00d91a118_-6daf,66652,APARCAPMR_648,Esquina Cl. Tarajal,"CALLE GUADALQUIVIREJO, 31 ",POINT (365402.328858295 4063181.97953145),,,,,,MUNICIPAL,No,No,1,2028
da_aparcamientosMovilidadReducida.fid--175d4967_1a00d91a118_-6dae,66819,APARCAPMR_971,Frente al nº 19,"CALLE EL REQUINTO, 6 ",POINT (363181.772265917 4065632.25350917),,,,,,MUNICIPAL,No,No,1,2028
da_aparcamientosMovilidadReducida.fid--175d4967_1a00d91a118_-6dad,67271,APARCAPMR_194,Esquina con c/ El Chaparral,"CALLE SALINO, 11 ",POINT (365482.448232179 4063262.98445535),,,,,,MUNICIPAL,No,No,1,2028
da_aparcamientosMovilidadReducida.fid--175d4967_1a00d91a118_-6dac,66236,APARCAPMR_788,,"CALLE SALINO, 54 ",POINT (365378.200447315 4063106.20697878),,,,,,MUNICIPAL,No,No,1,2028
da_aparcamientosMovilidadReducida.fid--175d4967_1a00d91a118_-6dab,66727,APARCAPMR_1099,Esq. con Cl. Tarajal,"CALLE SALINO, 36 ",POINT (365429.223712286 4063168.98839321),,,,,,MUNICIPAL,No,No,1,2028
da_aparcamientosMovilidadReducida.fid--175d4967_1a00d91a118_-6daa,75490,APARCAPMR_1291,Esquina con calle Decano Ángel Caffarena,"CALLE DECANO EDUARDO PALANCA, 19 ",POINT (364863.184559219 4059225.20185695),,,,,,MUNICIPAL,No,No,1,2028
da_aparcamientosMovilidadReducida.fid--175d4967_1a00d91a118_-6da9,66968,APARCAPMR_381,A la altura de c/ Pedernal,"CALLE DECANO EDUARDO PALANCA, 17 ",POINT (364754.076062953 4059201.275982),,,,,,MUNICIPAL,No,No,1,2028
da_aparcamientosMovilidadReducida.fid--175d4967_1a00d91a118_-6da8,66685,APARCAPMR_547,Esquina con Cl. Decano Salvador Barroso,"CALLE DECANO SALVADOR BARROSO, 26 ",POINT (364823.7112499 4059679.06091382),,,,,,MUNICIPAL,No,No,1,2028
da_aparcamientosMovilidadReducida.fid--175d4967_1a00d91a118_-6da7,66746,APARCAPMR_1007,,"CAMINO GUADALMAR A LA LOMA, 29 ",POINT (368305.937530461 4059037.77178441),,,,,,MUNICIPAL,No,No,1,2028
da_aparcamientosMovilidadReducida.fid--175d4967_1a00d91a118_-6da6,77789,APARCAPMR_1334,C/ Guadalquivirejo esquina con C/ Chaparral,"CALLE GUADALQUIVIREJO, 20 ",POINT (365448.797972319 4063263.46532507),,,,,,MUNICIPAL,No,No,1,2028
da_aparcamientosMovilidadReducida.fid--175d4967_1a00d91a118_-6da5,66714,APARCAPMR_1183,Esq. Virgen de las Flores,"CALLE PEDRO LUIS GÁLVEZ, 12 ",POINT (371129.000125634 4064738.00035534),,,,,,MUNICIPAL,No,No,2,2028
da_aparcamientosMovilidadReducida.fid--175d4967_1a00d91a118_-6da4,67261,APARCAPMR_213,Esquina con Cl. Río Gargaliga,"CARRIL DE LA CORDOBESA, 13 ",POINT (371434.849379419 4063273.10663201),,,,,,MUNICIPAL,No,No,3,2028
da_aparcamientosMovilidadReducida.fid--175d4967_1a00d91a118_-6da3,67026,APARCAPMR_471,Esquina con c/ Flores García,"PASEO DE LOS TILOS, 78 ",POINT (371408.575734775 4063904.95693059),,,,,,MUNICIPAL,No,No,2,2028
da_aparcamientosMovilidadReducida.fid--175d4967_1a00d91a118_-6da2,66183,APARCAPMR_743,,"CALLE HORACIO LENGO, 26 ",POINT (371437.001909736 4064218.03346356),,,,,,MUNICIPAL,No,No,1,2028
da_aparcamientosMovilidadReducida.fid--175d4967_1a00d91a118_-6da1,66410,APARCAPMR_965,A la altura del número 18,"CALLE CONDE DE GUADALHORCE, 16 ",POINT (371209.749274269 4064128.56192286),,,,,,MUNICIPAL,No,No,2,2028
da_aparcamientosMovilidadReducida.fid--175d4967_1a00d91a118_-6da0,77985,APARCAPMR_1361,Esquina José Calderón,"CALLE VICENZO BELLINI, 1 ",POINT (361837.515013123 4065989.06946751),,,,,,MUNICIPAL,No,No,1,2028
da_aparcamientosMovilidadReducida.fid--175d4967_1a00d91a118_-6d9f,66653,APARCAPMR_622,A la altura del nº 60,"CALLE CONEJITO, 9 ",POINT (365362.299174941 4063010.0840578),,,,,,MUNICIPAL,No,No,2,2028
da_aparcamientosMovilidadReducida.fid--175d4967_1a00d91a118_-6d9e,77989,APARCAPMR_1365,Esquina C/ Cocherito,"AVENIDA DE VELÁZQUEZ, 58 ",POINT (370449.290893861 4062192.70457098),,,,,,MUNICIPAL,No,No,1,2028
da_aparcamientosMovilidadReducida.fid--175d4967_1a00d91a118_-6d9d,66345,APARCAPMR_197,Esquina con Av. Andalucía,"AVENIDA DE ANDALUCÍA, 64 ",POINT (371115.332383312 4064358.267011),,,,,,MUNICIPAL,No,No,2,2028
da_aparcamientosMovilidadReducida.fid--175d4967_1a00d91a118_-6d9c,66603,APARCAPMR_908,Avda. Andalucía esquina con calle Virgen de la Esperanza,"AVENIDA DE ANDALUCÍA, 88 ",POINT (370912.97568654 4064318.23114401),,,,,,MUNICIPAL,No,No,2,2028
da_aparcamientosMovilidadReducida.fid--175d4967_1a00d91a118_-6d9b,67041,APARCAPMR_073,Estación de autobuses,"PASEO DE LOS TILOS, 24 ",POINT (371889.553991036 4064040.47957225),,,,,,MUNICIPAL,No,No,2,2028
da_aparcamientosMovilidadReducida.fid--175d4967_1a00d91a118_-6d9a,66783,APARCAPMR_140,,"CAMINO MARTÍNEZ, 55 ",POINT (362291.591302132 4065285.37005996),,,,,,MUNICIPAL,No,No,1,2028
da_aparcamientosMovilidadReducida.fid--175d4967_1a00d91a118_-6d99,66554,APARCAPMR_1153,Esq. Cl. Manguito,"CAMINO MARTÍNEZ, 35 ",POINT (362301.999756096 4065366.00031902),,,,,,MUNICIPAL,No,No,1,2028
da_aparcamientosMovilidadReducida.fid--175d4967_1a00d91a118_-6d98,67246,APARCAPMR_252,Frente a la Plaza Reyna Manescau,"CALLE MUÑOZ DEGRAIN, 3 ",POINT (371816.903639644 4063153.38445363),,,,,,MUNICIPAL,No,No,2,2028
da_aparcamientosMovilidadReducida.fid--175d4967_1a00d91a118_-6d97,66676,APARCAPMR_1278,esq. C/ Miguel Moreno Masson,"CALLE PEDRO ALONSO GARCÍA, 3 ",POINT (371177.00036348 4064291.99982568),,,,,,MUNICIPAL,No,No,1,2028
da_aparcamientosMovilidadReducida.fid--175d4967_1a00d91a118_-6d96,67233,APARCAPMR_340,Esquina con Cl. Altamira,"CALLE GARCERÁN, 56 ",POINT (371629.27000711 4062848.88815121),,,,,,MUNICIPAL,No,No,1,2028
da_aparcamientosMovilidadReducida.fid--175d4967_1a00d91a118_-6d95,66128,APARCAPMR_814,Esquina con c/ Vicenzo Bellini.,"CALLE JOAQUÍN DICENTA, 23 ",POINT (361761.88576322 4066048.25623648),,,,,,MUNICIPAL,No,No,1,2028
da_aparcamientosMovilidadReducida.fid--175d4967_1a00d91a118_-6d94,76896,APARCAPMR_1229,,"CALLE GOYA, 2 ",POINT (371664.902458494 4063133.85857561),,,,,,MUNICIPAL,No,No,1,2028
da_aparcamientosMovilidadReducida.fid--175d4967_1a00d91a118_-6d93,77988,APARCAPMR_1364,Esquina Alcalde Joaquín Alonso,"AVENIDA DE VELÁZQUEZ, 56 ",POINT (370479.848709893 4062216.56448897),,,,,,MUNICIPAL,No,No,1,2028
da_aparcamientosMovilidadReducida.fid--175d4967_1a00d91a118_-6d92,76900,APARCAPMR_1220,,"CALLE JOSÉ FERNANDO CARVAJAL, 7 ",POINT (362057.471045174 4065738.3494119),,,,,,MUNICIPAL,No,No,2,2028
da_aparcamientosMovilidadReducida.fid--175d4967_1a00d91a118_-6d91,66144,APARCAPMR_782,Esquina con c/ Alberto Pelaez Dominguez.,"CALLE DE LUIS DE NARVÁEZ, 62 ",POINT (365958.9568521 4058863.17191305),,,,,,MUNICIPAL,No,No,1,2028
da_aparcamientosMovilidadReducida.fid--175d4967_1a00d91a118_-6d90,66618,APARCAPMR_1195,C/ Catedrático Cristóbal Cuevas esq. C/ Doctor Norman Bethune,"CALLE DOCTOR NORMAN BETHUNE, 8 ",POINT (366507.999982803 4065412.00066743),,,,,,MUNICIPAL,No,No,1,2028
da_aparcamientosMovilidadReducida.fid--175d4967_1a00d91a118_-6d8f,66286,APARCAPMR_816,,"CALLE EMILIO LÓPEZ CEREZO, 3 ",POINT (371639.654899128 4063795.09526209),,,,,,MUNICIPAL,No,No,1,2028
da_aparcamientosMovilidadReducida.fid--175d4967_1a00d91a118_-6d8e,66709,APARCAPMR_351,Esquina con c/ Benjamín Franklin. Frente al nº 11,"CALLE DE CRISTÓBAL DE VILLALÓN, 11 ",POINT (370072.681468806 4063716.89855993),,,,,,MUNICIPAL,No,No,2,2028
da_aparcamientosMovilidadReducida.fid--175d4967_1a00d91a118_-6d8d,76028,APARCAPMR_1295,esquina con con la calle Doctor Gámez Gutiérrez,"CALLE DOCTOR GÓMEZ DEL RÍO, 14 ",POINT (367748.066097598 4063345.54120861),,,,,,MUNICIPAL,No,No,1,2028
da_aparcamientosMovilidadReducida.fid--175d4967_1a00d91a118_-6d8c,66383,APARCAPMR_1005,Esq. Cl. José María González Ruiz,"CALLE JOAQUÍN FERNÁNDEZ RECIO, 2 ",POINT (366938.992836343 4065164.73872277),,,,,,MUNICIPAL,No,No,1,2028
da_aparcamientosMovilidadReducida.fid--175d4967_1a00d91a118_-6d8b,76029,APARCAPMR_1323,esquina con Avenida Andersen,"CALLE EMILIO ZOLA, 15 ",POINT (367486.951309303 4066514.54078391),,,,,,MUNICIPAL,No,No,1,2028
da_aparcamientosMovilidadReducida.fid--175d4967_1a00d91a118_-6d8a,66737,APARCAPMR_800,,"CALLE OBSIDIANA, 3 ",POINT (369924.228346566 4063707.70052025),,,,,,MUNICIPAL,No,No,2,2028
da_aparcamientosMovilidadReducida.fid--175d4967_1a00d91a118_-6d89,67183,APARCAPMR_237,A la altura del nº 1,"CALLE OBSIDIANA, 3 ",POINT (369939.195755817 4063709.55317538),,,,,,MUNICIPAL,No,No,3,2028
da_aparcamientosMovilidadReducida.fid--175d4967_1a00d91a118_-6d88,66609,APARCAPMR_274,,"CALLE OBSIDIANA, 4A",POINT (369955.05422374 4063719.66003868),,,,,,MUNICIPAL,No,No,2,2028
da_aparcamientosMovilidadReducida.fid--175d4967_1a00d91a118_-6d87,67184,APARCAPMR_207,A la altura del nº 5,"CALLE OBSIDIANA, 5 ",POINT (369855.1288115 4063663.95389811),,,,,,MUNICIPAL,No,No,2,2028
da_aparcamientosMovilidadReducida.fid--175d4967_1a00d91a118_-6d86,66450,APARCAPMR_946,Esquina calle Héroe de Sostoa,"CALLE MAESTRO CHAPÍ, 9 ",POINT (371745.539794116 4063362.19566485),,,,,,MUNICIPAL,No,No,1,2028
da_aparcamientosMovilidadReducida.fid--175d4967_1a00d91a118_-6d85,66522,APARCAPMR_441,Esquina con c/ Coronel Osuna,"CALLE CIUDAD DE ANDÚJAR, 17 ",POINT (370751.122966042 4063751.54251443),,,,,,MUNICIPAL,No,No,1,2028
da_aparcamientosMovilidadReducida.fid--175d4967_1a00d91a118_-6d84,76809,APARCAPMR_1208,,"AVENIDA DEL EDITOR ÁNGEL CAFFARENA, 13 ",POINT (368221.478286993 4065521.02574781),,,,,,MUNICIPAL,No,No,1,2028
da_aparcamientosMovilidadReducida.fid--175d4967_1a00d91a118_-6d83,66510,APARCAPMR_522,Esquina con c/ Valero. Frente al nº 31,"CALLE EDUARDO MARQUINA, 27 ",POINT (371530.787146229 4062983.06405398),,,,,,MUNICIPAL,No,No,1,2028
da_aparcamientosMovilidadReducida.fid--175d4967_1a00d91a118_-6d82,66607,APARCAPMR_903,,"CALLE CONDE DE GUADALHORCE, 19 ",POINT (371162.630476007 4064143.80734129),,,,,,MUNICIPAL,No,No,1,2028
da_aparcamientosMovilidadReducida.fid--175d4967_1a00d91a118_-6d81,66448,APARCAPMR_1004,Esquina con Cl. Cortés el Viejo,"CALLE ALPARGATERITO, 5 ",POINT (370494.802270771 4062818.55378836),,,,,,MUNICIPAL,No,No,1,2028
da_aparcamientosMovilidadReducida.fid--175d4967_1a00d91a118_-6d80,66730,APARCAPMR_1155,Esq. Cl. Chiquelo II,"AVENIDA DE VELÁZQUEZ, 78 ",POINT (370154.999681521 4061909.00032109),,,,,,MUNICIPAL,No,No,1,2028
da_aparcamientosMovilidadReducida.fid--175d4967_1a00d91a118_-6d7f,66456,APARCAPMR_1026,Esq. con Cl. Teseo,"CALLE DE TESEO, 15 ",POINT (367960.789719053 4064873.71365188),,,,,,MUNICIPAL,No,No,1,2028
da_aparcamientosMovilidadReducida.fid--175d4967_1a00d91a118_-6d7e,76813,APARCAPMR_815,,"CALLE ESCRITOR ANTONIO NAVARRO TRUJILLO, 34 ",POINT (368236.152967277 4067049.97941467),,,,,,MUNICIPAL,No,No,1,2028
da_aparcamientosMovilidadReducida.fid--175d4967_1a00d91a118_-6d7d,66499,APARCAPMR_681,Esquina con c/ San Jorge,"CALLE DE JUAN DEL ENCINA, 25 ",POINT (372937.608251485 4065739.69930362),,,,,,MUNICIPAL,No,No,1,2028
da_aparcamientosMovilidadReducida.fid--175d4967_1a00d91a118_-6d7c,67211,APARCAPMR_284,Esquina con c/ Empecinado,"CALLE DE JUAN DEL ENCINA, 33 ",POINT (372937.3419733 4065745.96489252),,,,,,MUNICIPAL,No,No,2,2028
da_aparcamientosMovilidadReducida.fid--175d4967_1a00d91a118_-6d7b,66189,APARCAPMR_735,Esquina Plaza General Cano.,"PLAZA DEL GENERAL CANO, 1 ",POINT (370686.841421934 4062938.50173509),,,,,,MUNICIPAL,No,No,1,2028
da_aparcamientosMovilidadReducida.fid--175d4967_1a00d91a118_-6d7a,67010,APARCAPMR_446,A la altura del nº 145,"CALLE LOPE DE RUEDA, 212 ",POINT (367242.123093675 4067132.91707549),,,,,,MUNICIPAL,No,No,2,2028
da_aparcamientosMovilidadReducida.fid--175d4967_1a00d91a118_-6d79,66705,APARCAPMR_193,Esquina con Av. Santa Rosa de Lima,"AVENIDA DE SANTA ROSA DE LIMA, 3 ",POINT (370617.804324876 4065002.89555475),,,,,,MUNICIPAL,No,No,2,2028
da_aparcamientosMovilidadReducida.fid--175d4967_1a00d91a118_-6d78,66265,APARCAPMR_1256,C/ CASARABONELA -ESQ. RIO SORBE,"CALLE CASARABONELA, 21 ",POINT (370532.000044077 4063523.00013914),,,,,,MUNICIPAL,No,No,1,2028
da_aparcamientosMovilidadReducida.fid--175d4967_1a00d91a118_-6d77,66600,APARCAPMR_985,A la altura del nº 14,"CALLE CÓMPETA, 14 ",POINT (370382.759001652 4064718.28057009),,,,,,MUNICIPAL,No,No,1,2028
da_aparcamientosMovilidadReducida.fid--175d4967_1a00d91a118_-6d76,80038,APARCAPMR_1434,C/ Azalea frente al N.º 17,"CALLE AZALEA, 17 ",POINT (367272.49735878 4066517.63361714),,,,,,MUNICIPAL,No,No,1,2028
da_aparcamientosMovilidadReducida.fid--175d4967_1a00d91a118_-6d75,66204,APARCAPMR_1057,Esq. con Cl. Joyería,"CALLE ORFEBRERÍA, 17 ",POINT (367773.813082911 4066652.8233104),,,,,,MUNICIPAL,No,No,1,2028
da_aparcamientosMovilidadReducida.fid--175d4967_1a00d91a118_-6d74,67174,APARCAPMR_149,Esquina con c/ Corregidor José Viciana,"CALLE CORREGIDOR CARLOS GARAFA, 2 ",POINT (370470.475546021 4064457.35177372),,,,,,MUNICIPAL,No,No,1,2028
da_aparcamientosMovilidadReducida.fid--175d4967_1a00d91a118_-6d73,66598,APARCAPMR_987,Esquina calle Virgen de la Cabeza,"AVENIDA DE ANDALUCÍA, 104 ",POINT (370713.965443322 4064272.7445198),,,,,,MUNICIPAL,No,No,1,2028
da_aparcamientosMovilidadReducida.fid--175d4967_1a00d91a118_-6d72,67108,APARCAPMR_151,Esquina con Cl. Palo Mayor,"CALLE SONDALEZAS, 12 ",POINT (371323.59074595 4065117.36000614),,,,,,MUNICIPAL,No,No,1,2028
da_aparcamientosMovilidadReducida.fid--175d4967_1a00d91a118_-6d71,66610,APARCAPMR_924,,"CALLE MENSAJERA, 10 ",POINT (367797.069723287 4066984.36153186),,,,,,MUNICIPAL,No,No,1,2028
da_aparcamientosMovilidadReducida.fid--175d4967_1a00d91a118_-6d70,66300,APARCAPMR_877,frente al nº 25,"AVENIDA DEL EDITOR ÁNGEL CAFFARENA, 23 ",POINT (368027.900407983 4065541.13191027),,,,,,MUNICIPAL,No,No,1,2028
da_aparcamientosMovilidadReducida.fid--175d4967_1a00d91a118_-6d6f,66524,APARCAPMR_541,Esquina con c/ Francisco Lozano. Frente al nº 19,"AVENIDA DE PEPITA DURÁN, 19 ",POINT (368648.106679711 4065038.97765306),,,,,,MUNICIPAL,No,No,2,2028
da_aparcamientosMovilidadReducida.fid--175d4967_1a00d91a118_-6d6e,66949,APARCAPMR_357,Esquina con c/ Ntra. Sra. de las Candelas,"CALLE PAUL VALÉRY, 5 ",POINT (370079.615313654 4061386.14351347),,,,,,MUNICIPAL,No,No,2,2028
da_aparcamientosMovilidadReducida.fid--175d4967_1a00d91a118_-6d6d,66628,APARCAPMR_546,Esquina con Cl. Montesquieu,"CALLE MONTESQUIEU, 2 ",POINT (369213.135935604 4065599.15843321),,,,,,MUNICIPAL,No,No,3,2028
da_aparcamientosMovilidadReducida.fid--175d4967_1a00d91a118_-6d6c,77273,APARCAPMR_1325,C/ Lope de Rueda frente a la Avenida Manuel Rodríguez,"CALLE LOPE DE RUEDA, 40 ",POINT (368029.074613124 4066433.03141484),,,,,,MUNICIPAL,No,No,1,2028
da_aparcamientosMovilidadReducida.fid--175d4967_1a00d91a118_-6d6b,66319,APARCAPMR_868,,"CALLE ESCRITOR GÁLVEZ PALACIOS, 5 ",POINT (368024.734242709 4066644.06436144),,,,,,MUNICIPAL,No,No,1,2028
da_aparcamientosMovilidadReducida.fid--175d4967_1a00d91a118_-6d6a,67150,APARCAPMR_299,Esquina con c/ Stendhal,"CALLE ALMOGÍA, 12 ",POINT (370117.83666807 4064497.41016663),,,,,,MUNICIPAL,No,No,2,2028
da_aparcamientosMovilidadReducida.fid--175d4967_1a00d91a118_-6d69,66854,APARCAPMR_936,Esquina calle Cristo de los Milagros,"CALLE HIGUERAS, 2 ",POINT (367721.549885245 4066195.67712839),,,,,,MUNICIPAL,No,No,1,2028
da_aparcamientosMovilidadReducida.fid--175d4967_1a00d91a118_-6d68,67025,APARCAPMR_469,Esquina con c/ Higueras,"CALLE HIGUERAS, 16 ",POINT (367778.888092165 4066231.39794646),,,,,,MUNICIPAL,No,No,1,2028
da_aparcamientosMovilidadReducida.fid--175d4967_1a00d91a118_-6d67,66700,APARCAPMR_912,,"CALLE SOLÓN, 1 ",POINT (367674.295339028 4065132.91607528),,,,,,MUNICIPAL,No,No,1,2028
da_aparcamientosMovilidadReducida.fid--175d4967_1a00d91a118_-6d66,66405,APARCAPMR_1011,Esq. con Cl. Alderete,"CALLE SAN BARTOLOMÉ, 22 ",POINT (372946.066490011 4065577.18587188),,,,,,MUNICIPAL,No,No,1,2028
da_aparcamientosMovilidadReducida.fid--175d4967_1a00d91a118_-6d65,66453,APARCAPMR_1086,Esq. con Cl. Armengual de la Mota,"CALLE RÍOS ROSAS, 8 ",POINT (372348.773915147 4064738.65652266),,,,,,MUNICIPAL,No,No,1,2028
da_aparcamientosMovilidadReducida.fid--175d4967_1a00d91a118_-6d64,66786,APARCAPMR_189,En la puerta del colegio Salvador Allende. Frente a los nº 54 y 56.,"CALLE VÍCTOR HUGO, 72 ",POINT (367626.54532664 4066569.36459647),,,,,,MUNICIPAL,No,No,2,2028
da_aparcamientosMovilidadReducida.fid--175d4967_1a00d91a118_-6d63,66629,APARCAPMR_557,,"CALLE DE SÓFOCLES, 50 ",POINT (367756.345942321 4065079.31566731),,,,,,MUNICIPAL,No,No,1,2028
da_aparcamientosMovilidadReducida.fid--175d4967_1a00d91a118_-6d62,67243,APARCAPMR_090,,"CALLE HAYDN, 11 ",POINT (370545.676236769 4062097.7301152),,,,,,MUNICIPAL,No,No,2,2028
da_aparcamientosMovilidadReducida.fid--175d4967_1a00d91a118_-6d61,78716,APARCAPMR_1399,C/ Haydn esquina con C/ Haendel,"CALLE HAYDN, 7 ",POINT (370531.20722746 4062057.41415218),,,,,,MUNICIPAL,No,No,1,2028
da_aparcamientosMovilidadReducida.fid--175d4967_1a00d91a118_-6d60,66498,APARCAPMR_637,Esquina Plaza Manuel Azaña,"CALLE VIRGEN DE LA CABEZA, 49 ",POINT (370684.437059777 4064274.28590363),,,,,,MUNICIPAL,No,No,1,2028
da_aparcamientosMovilidadReducida.fid--175d4967_1a00d91a118_-6d5f,66547,APARCAPMR_1042,Esq. con Cl. Plaza de Acinipo,"CALLE REAL MAESTRANZA, 6 ",POINT (372933.416968879 4067616.86722482),,,,,,MUNICIPAL,No,No,2,2028
da_aparcamientosMovilidadReducida.fid--175d4967_1a00d91a118_-6d5e,66806,APARCAPMR_602,Esquina con c/ Martínez de la Rosa,"CALLE VANDELVIRA, 13 ",POINT (371141.833263157 4065644.37167789),,,,,,MUNICIPAL,No,No,1,2028
da_aparcamientosMovilidadReducida.fid--175d4967_1a00d91a118_-6d5d,66673,APARCAPMR_1069,,"CALLE SAN FERNANDO, 11 ",POINT (365733.12813674 4059110.86281867),,,,,,MUNICIPAL,No,No,1,2028
da_aparcamientosMovilidadReducida.fid--175d4967_1a00d91a118_-6d5c,66320,APARCAPMR_846,,"CALLE VIRGEN DEL PERPETUO SOCORRO, 15 ",POINT (370770.781794342 4064224.77125922),,,,,,MUNICIPAL,No,No,3,2028
da_aparcamientosMovilidadReducida.fid--175d4967_1a00d91a118_-6d5b,66842,APARCAPMR_1081,Esq. con Camino Castillejos,"CALLE CONJUNTO VILLA MARÍA, 2A",POINT (370914.311582729 4065365.92771063),,,,,,MUNICIPAL,No,No,1,2028
da_aparcamientosMovilidadReducida.fid--175d4967_1a00d91a118_-6d5a,80555,APARCAPMR_1454,C/ Conjunto Villa María esquina con C/ La Argentinita,"CALLE CONJUNTO VILLA MARÍA, 3 ",POINT (370873.829678828 4065246.37113711),,,,,,MUNICIPAL,No,No,3,2028
da_aparcamientosMovilidadReducida.fid--175d4967_1a00d91a118_-6d59,66335,APARCAPMR_330,Esquina con c/ Fernández Fermina,"CALLE VIRGEN DEL PILAR, 49 ",POINT (370885.446636762 4063986.55768745),,,,,,MUNICIPAL,No,No,2,2028
da_aparcamientosMovilidadReducida.fid--175d4967_1a00d91a118_-6d58,67013,APARCAPMR_450,Esquina con c/ Pasillo del Matadero,"CALLE SAN ANDRÉS, 6 ",POINT (372595.488703733 4064073.6619363),,,,,,MUNICIPAL,No,No,1,2028
da_aparcamientosMovilidadReducida.fid--175d4967_1a00d91a118_-6d57,67226,APARCAPMR_103,Esquina con c/ Osorio,"CALLE CARPIO, 28 ",POINT (371410.919207109 4062928.37092143),,,,,,MUNICIPAL,No,No,2,2028
da_aparcamientosMovilidadReducida.fid--175d4967_1a00d91a118_-6d56,67253,APARCAPMR_175,Esquina con c / Las Navas,"CALLE PRINCESA, 42 ",POINT (371539.624034366 4062705.53495513),,,,,,MUNICIPAL,No,No,2,2028
da_aparcamientosMovilidadReducida.fid--175d4967_1a00d91a118_-6d55,67107,APARCAPMR_085,Delante de la oficina del INEM,"CALLE ROSA, 6 ",POINT (371169.320016682 4065107.1574657),,,,,,MUNICIPAL,No,No,3,2028
da_aparcamientosMovilidadReducida.fid--175d4967_1a00d91a118_-6d54,66799,APARCAPMR_046,Esquina Cl. Ntra. Sra. de los Clarines,"CALLE NUESTRA SEÑORA DE LOS CLARINES, 7 ",POINT (371481.860101897 4065911.96660133),,,,,,MUNICIPAL,No,No,2,2028
da_aparcamientosMovilidadReducida.fid--175d4967_1a00d91a118_-6d53,80474,APARCAPMR_1441, C/ Zafiro esquina con C/ Diana,"CALLE ZAFIRO, 13 ",POINT (366971.410646734 4067622.72222582),,,,,,MUNICIPAL,No,No,1,2028
da_aparcamientosMovilidadReducida.fid--175d4967_1a00d91a118_-6d52,67095,APARCAPMR_136,Esquina con Cl. Ecuador,"CALLE BAILÉN, 34 ",POINT (371941.685986449 4065286.16688457),,,,,,MUNICIPAL,No,No,2,2028
da_aparcamientosMovilidadReducida.fid--175d4967_1a00d91a118_-6d51,67279,APARCAPMR_493,Esquina Av. Miraflores de los Ángeles.,"CALLE ROTONDA DE SUÁREZ, 5 ",POINT (371138.984857987 4065809.12763176),,,,,,MUNICIPAL,No,No,1,2028
da_aparcamientosMovilidadReducida.fid--175d4967_1a00d91a118_-6d50,66726,APARCAPMR_1251,C/ SHANTI ANDIA ESQ. PIERROT,"CALLE SHANTI ANDÍA, 14 ",POINT (369408.999568911 4063843.00069192),,,,,,MUNICIPAL,No,No,1,2028
da_aparcamientosMovilidadReducida.fid--175d4967_1a00d91a118_-6d4f,76285,APARCAPMR_1319,,"CALLE CONDE DE TORENO, 2 ",POINT (372379.801773542 4066176.88457177),,,,,,MUNICIPAL,No,No,1,2028
da_aparcamientosMovilidadReducida.fid--175d4967_1a00d91a118_-6d4e,66332,APARCAPMR_277,Esquina con c/ Virgen del Amparo,"CALLE VIRGEN DE LA CABEZA, 21 ",POINT (370638.41550095 4064507.05957688),,,,,,MUNICIPAL,No,No,1,2028
da_aparcamientosMovilidadReducida.fid--175d4967_1a00d91a118_-6d4d,67034,APARCAPMR_072,Frente a c/ Cortina,"CALLE TEJEROS, 8 ",POINT (373583.851999709 4065715.51302382),,,,,,MUNICIPAL,No,No,2,2028
da_aparcamientosMovilidadReducida.fid--175d4967_1a00d91a118_-6d4c,66156,APARCAPMR_1079,Esq. con Pasaje Eguiluz,"CALLE POETA MUÑOZ ROJAS, 5 ",POINT (371742.490245916 4063772.80355281),,,,,,MUNICIPAL,No,No,1,2028
da_aparcamientosMovilidadReducida.fid--175d4967_1a00d91a118_-6d4b,66546,APARCAPMR_1173,Esq. Marques de Ovieco,"CALLE PACHECO, 21 ",POINT (371662.000016604 4065932.0001864),,,,,,MUNICIPAL,No,No,1,2028
da_aparcamientosMovilidadReducida.fid--175d4967_1a00d91a118_-6d4a,66589,APARCAPMR_922,,"CALLE MIRAAZUCENAS, 7 ",POINT (371401.462795176 4066065.64869392),,,,,,MUNICIPAL,No,No,1,2028
da_aparcamientosMovilidadReducida.fid--175d4967_1a00d91a118_-6d49,67105,APARCAPMR_220,Esquina con c/ Marqués de Ovieco,"CALLE NICOLÁS SALMERÓN, 43 ",POINT (371644.744121951 4065794.72444231),,,,,,MUNICIPAL,No,No,1,2028
da_aparcamientosMovilidadReducida.fid--175d4967_1a00d91a118_-6d48,66274,APARCAPMR_1093,Esq. AV Sor Teresa Prat,"CALLE CONCEJAL MUÑOZ CERVÁN, 1 ",POINT (371333.999718627 4062387.00068492),,,,,,MUNICIPAL,No,No,1,2028
da_aparcamientosMovilidadReducida.fid--175d4967_1a00d91a118_-6d47,66269,APARCAPMR_1095,,"CALLE CONCEJAL MUÑOZ CERVÁN, 3 ",POINT (371405.999990954 4062334.00073481),,,,,,MUNICIPAL,No,No,2,2028
da_aparcamientosMovilidadReducida.fid--175d4967_1a00d91a118_-6d46,66429,APARCAPMR_1096,,"CALLE CONCEJAL MUÑOZ CERVÁN, 3 ",POINT (371411.000137675 4062339.9997447),,,,,,MUNICIPAL,No,No,1,2028
da_aparcamientosMovilidadReducida.fid--175d4967_1a00d91a118_-6d45,66336,APARCAPMR_131,A la altura del nº 96,"CALLE VIRGEN DEL ROCÍO, 96 ",POINT (370746.144516268 4064389.72143939),,,,,,MUNICIPAL,No,No,2,2028
da_aparcamientosMovilidadReducida.fid--175d4967_1a00d91a118_-6d44,67255,APARCAPMR_279,Frente al nº 6,"CALLE LA UNIÓN MERCANTIL, 27 ",POINT (370205.969671206 4060822.8874179),,,,,,MUNICIPAL,No,No,3,2028
da_aparcamientosMovilidadReducida.fid--175d4967_1a00d91a118_-6d43,66311,APARCAPMR_880,Esquina con Avenida Moliere.,"CALLE LA UNIÓN MERCANTIL, 40 ",POINT (370312.651323273 4061080.09790955),,,,,,MUNICIPAL,No,No,1,2028
da_aparcamientosMovilidadReducida.fid--175d4967_1a00d91a118_-6d42,80624,APARCAPMR_1453,C/ Villanueva de Tapia esquina con C/ Pilar Lorengar,"CALLE VILLANUEVA DE TAPIA, 14 ",POINT (369939.144255757 4060848.60493371),,,,,,MUNICIPAL,No,No,1,2028
da_aparcamientosMovilidadReducida.fid--175d4967_1a00d91a118_-6d41,79688,APARCAPMR_1430,C/ Paulo Freire esquina con C/ Mahler,"CALLE PAULO FREIRE, 4 ",POINT (370011.516066438 4062815.11215919),,,,,,MUNICIPAL,No,No,1,2028
da_aparcamientosMovilidadReducida.fid--175d4967_1a00d91a118_-6d40,66733,APARCAPMR_937,Esquina Cl. San Andrés,"CALLE SAN ANDRÉS, 39 ",POINT (372336.511106692 4063760.92649211),,,,,,MUNICIPAL,No,No,1,2028
da_aparcamientosMovilidadReducida.fid--175d4967_1a00d91a118_-6d3f,66362,APARCAPMR_894,,"CALLE ERESMA, 14 ",POINT (371774.360702909 4066812.79106419),,,,,,MUNICIPAL,No,No,2,2028
da_aparcamientosMovilidadReducida.fid--175d4967_1a00d91a118_-6d3e,78939,APARCAPMR_1408,,"CALLE VIRGEN DE LA CABEZA, 15 ",POINT (370632.717552958 4064536.19112981),,,,,,MUNICIPAL,No,No,1,2028
da_aparcamientosMovilidadReducida.fid--175d4967_1a00d91a118_-6d3d,66141,APARCAPMR_811,Esquina con c/ Hoyo Higuerón.,"CALLE TRES CRUCES, 13 ",POINT (370350.777927488 4062799.6616384),,,,,,MUNICIPAL,No,No,2,2028
da_aparcamientosMovilidadReducida.fid--175d4967_1a00d91a118_-6d3c,80035,APARCAPMR_1436,C/ Nicolas Salmerón esquina con C/ José Canalejas,"CALLE NICOLÁS SALMERÓN, 20 ",POINT (371734.21524801 4065792.60278946),,,,,,MUNICIPAL,No,No,1,2028
da_aparcamientosMovilidadReducida.fid--175d4967_1a00d91a118_-6d3b,66272,APARCAPMR_1267,esquina con C/ Nª Sª de los Clarines,"CALLE NUESTRA SEÑORA DE LOS CLARINES, 22 ",POINT (371626.999824266 4066025.9997809),,,,,,MUNICIPAL,No,No,2,2028
da_aparcamientosMovilidadReducida.fid--175d4967_1a00d91a118_-6d3a,66981,APARCAPMR_402,Esquina con c/ Villanueva de Tapia,"AVENIDA IMPERIO ARGENTINA, 5 ",POINT (369821.464101183 4060779.06283613),,,,,,MUNICIPAL,No,No,1,2028
da_aparcamientosMovilidadReducida.fid--175d4967_1a00d91a118_-6d39,66662,APARCAPMR_638,Esquina c/ Cerraja,"CALLE ZARZAMORA, 23 ",POINT (366393.264803519 4067356.38470239),,,,,,MUNICIPAL,No,No,2,2028
da_aparcamientosMovilidadReducida.fid--175d4967_1a00d91a118_-6d38,66551,APARCAPMR_1149,Esq. Plaza de Acinipo,"CALLE REAL MAESTRANZA, 5 ",POINT (372934.000382666 4067628.00032985),,,,,,MUNICIPAL,No,No,1,2028
da_aparcamientosMovilidadReducida.fid--175d4967_1a00d91a118_-6d37,66880,APARCAPMR_523,A la altura del nº 13,"CALLE VILLANUEVA DEL ROSARIO, 13 ",POINT (369794.793161602 4061165.28640703),,,,,,MUNICIPAL,No,No,1,2028
da_aparcamientosMovilidadReducida.fid--175d4967_1a00d91a118_-6d36,66173,APARCAPMR_707,Esquina con Plaza de La Virreina,"PLAZA DE LA VIRREINA, 1 ",POINT (372641.73514637 4067142.89748639),,,,,,MUNICIPAL,No,No,1,2028
da_aparcamientosMovilidadReducida.fid--175d4967_1a00d91a118_-6d35,66176,APARCAPMR_720,Junto a la Plaza de La Virreina,"PLAZA DE LA VIRREINA, 1 ",POINT (372641.038392945 4067140.34398831),,,,,,MUNICIPAL,No,No,1,2028
da_aparcamientosMovilidadReducida.fid--175d4967_1a00d91a118_-6d34,66363,APARCAPMR_895,,"CALLE VILLAFRANCA DE LOS CABALLEROS, 8 ",POINT (373215.73908323 4068191.40123755),,,,,,MUNICIPAL,No,No,2,2028
da_aparcamientosMovilidadReducida.fid--175d4967_1a00d91a118_-6d33,80805,APARCAPMR_1462,"Plaza Juan Gómez ""Juanito"" esquina con C/ Cineasta Ricardo Franco","PLAZA DE JUAN GÓMEZ ""JUANITO"", 4 ",POINT (369265.535710285 4062007.21406438),,,,,,MUNICIPAL,No,No,1,2028
da_aparcamientosMovilidadReducida.fid--175d4967_1a00d91a118_-6d32,66389,APARCAPMR_643,A la altura del nº 2,"AVENIDA IMPERIO ARGENTINA, 3 ",POINT (369737.729244311 4060793.88069946),,,,,,MUNICIPAL,No,No,1,2028
da_aparcamientosMovilidadReducida.fid--175d4967_1a00d91a118_-6d31,66939,APARCAPMR_077,Esquina con Cl. Eurípides. En la puerta de la Junta Municipal de Distrito nº 10,"CALLE VÍCTOR HUGO, 24 ",POINT (367706.912855051 4066700.73917803),,,,,,MUNICIPAL,No,No,2,2028
da_aparcamientosMovilidadReducida.fid--175d4967_1a00d91a118_-6d30,66333,APARCAPMR_155,Esquina con Cl. Virgen del Rocío,"CALLE VIRGEN DEL ROCÍO, 28 ",POINT (371204.626403517 4064480.20759724),,,,,,MUNICIPAL,No,No,2,2028
da_aparcamientosMovilidadReducida.fid--175d4967_1a00d91a118_-6d2f,66895,APARCAPMR_594,Esquina con c/ Virgen de la Inmaculada,"CALLE VIRGEN DEL ROCÍO, 28 ",POINT (371206.031667811 4064482.03540949),,,,,,MUNICIPAL,No,No,1,2028
da_aparcamientosMovilidadReducida.fid--175d4967_1a00d91a118_-6d2e,66426,APARCAPMR_1087,Esq. con Cl. Virgen Inmaculada,"CALLE VIRGEN DEL ROCÍO, 26 ",POINT (371223.676926603 4064490.09225968),,,,,,MUNICIPAL,No,No,1,2028
da_aparcamientosMovilidadReducida.fid--175d4967_1a00d91a118_-6d2d,67144,APARCAPMR_007,Junto al vial de servicio del Puente de las Américas,"PUENTE DE LAS AMÉRICAS, 1 ",POINT (371641.422099383 4064431.8089728),,,,,,MUNICIPAL,No,No,2,2028
da_aparcamientosMovilidadReducida.fid--175d4967_1a00d91a118_-6d2c,80837,APARCAPMR_1465,,"CALLE PALOMA, 8 ",POINT (359704.505250121 4066057.9504899),,,,,,MUNICIPAL,No,No,1,2028
da_aparcamientosMovilidadReducida.fid--175d4967_1a00d91a118_-6d2b,77990,APARCAPMR_1366,Esquina Av. Imperio Argentina,"CAMINO DE LA TÉRMICA, 91 ",POINT (370366.262734954 4060450.94548477),,,,,,MUNICIPAL,No,No,2,2028
da_aparcamientosMovilidadReducida.fid--175d4967_1a00d91a118_-6d2a,66446,APARCAPMR_929,Esquina calle Eugenio Selles,"PASEO DE LAS ACACIAS, 8 ",POINT (377687.95809378 4064836.53688192),,,,,,MUNICIPAL,No,No,1,2028
da_aparcamientosMovilidadReducida.fid--175d4967_1a00d91a118_-6d29,66341,APARCAPMR_066,Esquina con Avda. Carlos Haya,"CARRIL DE SANTA ROSA, 3 ",POINT (370900.851183112 4064940.03672681),,,,,,MUNICIPAL,No,No,4,2028
da_aparcamientosMovilidadReducida.fid--175d4967_1a00d91a118_-6d28,67081,APARCAPMR_302,Frente al nº 18,"CALLE SÁNCHEZ ALBARRÁN, 21 ",POINT (373236.849785472 4067732.30813876),,,,,,MUNICIPAL,No,No,2,2028
da_aparcamientosMovilidadReducida.fid--175d4967_1a00d91a118_-6d27,66471,APARCAPMR_1126,,"CALLE PEDRO XIMEN, 3B",POINT (373633.999808832 4067523.99999958),,,,,,MUNICIPAL,No,No,1,2028
da_aparcamientosMovilidadReducida.fid--175d4967_1a00d91a118_-6d26,66757,APARCAPMR_1136,Esq. Paseo Martiricos,"PASEO MARTIRICOS, 41 ",POINT (372566.000402812 4066106.00003837),,,,,,MUNICIPAL,No,No,2,2028
da_aparcamientosMovilidadReducida.fid--175d4967_1a00d91a118_-6d25,66843,APARCAPMR_1135,Esq. Paseo Martiricos,"PASEO MARTIRICOS, 41 ",POINT (372574.999625227 4066116.00017682),,,,,,MUNICIPAL,No,No,2,2028
da_aparcamientosMovilidadReducida.fid--175d4967_1a00d91a118_-6d24,80836,APARCAPMR_1464,,"CALLE PALOMA, 1 ",POINT (359744.439945768 4066107.57178551),,,,,,MUNICIPAL,No,No,1,2028
da_aparcamientosMovilidadReducida.fid--175d4967_1a00d91a118_-6d23,66972,APARCAPMR_369,Esquina con Cl. María Tubau,"CALLE MARÍA TUBAU, 30 ",POINT (373004.841848211 4067157.41074509),,,,,,MUNICIPAL,No,No,1,2028
da_aparcamientosMovilidadReducida.fid--175d4967_1a00d91a118_-6d22,66454,APARCAPMR_1275,,"CALLE ISLA CRISTINA, 18 ",POINT (371308.000109705 4062842.00054389),,,,,,MUNICIPAL,No,No,1,2028
da_aparcamientosMovilidadReducida.fid--175d4967_1a00d91a118_-6d21,66412,APARCAPMR_1059,Esquina con Av. Nuestra Señora de las Guías,"AVENIDA DE NUESTRA SEÑORA DE LAS GUÍAS, 2 ",POINT (373093.863971275 4066718.90403194),,,,,,MUNICIPAL,No,No,1,2028
da_aparcamientosMovilidadReducida.fid--175d4967_1a00d91a118_-6d20,80738,APARCAPMR_1457,"Camino de la Térmica, nº 50,  esquina con C/ Pilar Lorengar","CAMINO DE LA TÉRMICA, 50 ",POINT (370424.389565557 4060607.03299968),,,,,,MUNICIPAL,No,No,1,2028
da_aparcamientosMovilidadReducida.fid--175d4967_1a00d91a118_-6d1f,66978,APARCAPMR_395,A la altura del nº 12,"CALLE MORRITOS ALTOS, 16 ",POINT (373513.158449601 4067175.75213265),,,,,,MUNICIPAL,No,No,1,2028
da_aparcamientosMovilidadReducida.fid--175d4967_1a00d91a118_-6d1e,66767,APARCAPMR_652,Esquina con c/ Pepa Flores Marisol,"CALLE PASTORA IMPERIO, 13 ",POINT (373318.06897348 4068416.59587427),,,,,,MUNICIPAL,No,No,1,2028
da_aparcamientosMovilidadReducida.fid--175d4967_1a00d91a118_-6d1d,74624,APARCAPMR_1000,,"CALLE DEL CIPRÉS, 2 ",POINT (370678.865419025 4065146.16921889),,,,,,MUNICIPAL,No,No,2,2028
da_aparcamientosMovilidadReducida.fid--175d4967_1a00d91a118_-6d1c,66588,APARCAPMR_1020,,"CALLE CÁCERES, 14 ",POINT (376666.098878925 4065612.7278365),,,,,,MUNICIPAL,No,No,1,2028
da_aparcamientosMovilidadReducida.fid--175d4967_1a00d91a118_-6d1b,66306,APARCAPMR_878,,"CALLE CÁCERES, 40 ",POINT (376772.798742648 4065759.10027444),,,,,,MUNICIPAL,No,No,1,2028
da_aparcamientosMovilidadReducida.fid--175d4967_1a00d91a118_-6d1a,66915,APARCAPMR_449,Junto al Colegio y al Seminario. Frente al nº 1,"PASAJE DE LOS ALMENDRALES, 1 ",POINT (374083.367638518 4066371.19423359),,,,,,MUNICIPAL,No,No,2,2028
da_aparcamientosMovilidadReducida.fid--175d4967_1a00d91a118_-6d19,77451,APARCAPMR_1315,"C/ Cezanne, nº 9","CALLE DE CÉZANNE, 9 ",POINT (362688.426910328 4065173.78663949),,,,,,MUNICIPAL,No,No,1,2028
da_aparcamientosMovilidadReducida.fid--175d4967_1a00d91a118_-6d18,66414,APARCAPMR_1022,Esquina con Cno. del Colmenar,"CALLE OLLETAS, 3 ",POINT (373610.294066593 4066420.20073914),,,,,,MUNICIPAL,No,No,1,2028
da_aparcamientosMovilidadReducida.fid--175d4967_1a00d91a118_-6d17,66513,APARCAPMR_538,Centro Acuático de Málaga,"CALLE MARILYN MONROE, 6 ",POINT (370026.154960762 4060469.24561452),,,,,,MUNICIPAL,No,No,5,2028
da_aparcamientosMovilidadReducida.fid--175d4967_1a00d91a118_-6d16,67016,APARCAPMR_455,A la altura del nº 1. Modificada el día 13/05/2016. Se añade una plaza PMR más.,"AVENIDA HERNÁN NÚÑEZ DE TOLEDO, 1 ",POINT (377834.277587633 4065603.59719695),,,,,,MUNICIPAL,No,No,3,2028
da_aparcamientosMovilidadReducida.fid--175d4967_1a00d91a118_-6d15,67068,APARCAPMR_120,A la altura del nº 7,"AVENIDA DE NUESTRA SEÑORA DE LAS GUÍAS, 8 ",POINT (373085.583247036 4066852.1199983),,,,,,MUNICIPAL,No,No,3,2028
da_aparcamientosMovilidadReducida.fid--175d4967_1a00d91a118_-6d14,67188,APARCAPMR_954,Frente a nº 6.,"AVENIDA DE NUESTRA SEÑORA DE LAS GUÍAS, 6 ",POINT (373085.530642948 4066795.25902068),,,,,,MUNICIPAL,No,No,1,2028
da_aparcamientosMovilidadReducida.fid--175d4967_1a00d91a118_-6d13,66504,APARCAPMR_512,Frene al nº 41,"CALLE CRISTOBALINA FERNÁNDEZ, 43 ",POINT (362742.944220221 4065268.14229482),,,,,,MUNICIPAL,No,No,2,2028
da_aparcamientosMovilidadReducida.fid--175d4967_1a00d91a118_-6d12,66497,APARCAPMR_542,A la altura del nº 109,"AVENIDA DEL PINTOR JOAQUÍN SOROLLA, 105 ",POINT (376131.792974576 4064946.61601494),,,,,,MUNICIPAL,No,No,1,2028
da_aparcamientosMovilidadReducida.fid--175d4967_1a00d91a118_-6d11,66917,APARCAPMR_454,Esquina con c/ Quitapenas,"PLAZA DE LA VIRGEN MILAGROSA, 5 ",POINT (378188.690317256 4064617.39530969),,,,,,MUNICIPAL,No,No,2,2028
da_aparcamientosMovilidadReducida.fid--175d4967_1a00d91a118_-6d10,66845,APARCAPMR_1055,Esq. con Cl. Villafuerte,"CALLE REINO DE LEÓN, 22 ",POINT (378723.881169418 4065291.70285227),,,,,,MUNICIPAL,No,No,1,2028
da_aparcamientosMovilidadReducida.fid--175d4967_1a00d91a118_-6d0f,66428,APARCAPMR_1138,,"PASEO MARTIRICOS, 26A",POINT (372580.000406199 4065855.99991297),,,,,,MUNICIPAL,No,No,2,2028
da_aparcamientosMovilidadReducida.fid--175d4967_1a00d91a118_-6d0e,66830,APARCAPMR_1137,,"PASEO MARTIRICOS, 40 ",POINT (372596.999954613 4066061.99973051),,,,,,MUNICIPAL,No,No,2,2028
da_aparcamientosMovilidadReducida.fid--175d4967_1a00d91a118_-6d0d,67064,APARCAPMR_338,A la altura del nº 2,"PASEO MIRAMAR, 2 ",POINT (375272.676620506 4065102.05150143),,,,,,MUNICIPAL,No,No,1,2028
da_aparcamientosMovilidadReducida.fid--175d4967_1a00d91a118_-6d0c,67065,APARCAPMR_128,Esquina con c/ Ramos Carrión,"PASEO MIRAMAR, 25 ",POINT (375265.751366008 4065424.01340184),,,,,,MUNICIPAL,No,No,2,2028
da_aparcamientosMovilidadReducida.fid--175d4967_1a00d91a118_-6d0b,76898,APARCAPMR_1143,,"CALLE JUAN DE JUANES, 3 ",POINT (362663.346608015 4065150.66397307),,,,,,MUNICIPAL,No,No,1,2028
da_aparcamientosMovilidadReducida.fid--175d4967_1a00d91a118_-6d0a,66693,APARCAPMR_578,Esquina con Cañada del Tesoro,"CALLE AMALIA HEREDIA, 1 ",POINT (371265.571200993 4062043.74309829),,,,,,MUNICIPAL,No,No,1,2028
da_aparcamientosMovilidadReducida.fid--175d4967_1a00d91a118_-6d09,66263,APARCAPMR_1133,Esq. Cmno. de la Térmica,"CAMINO DE LA TÉRMICA, 61 ",POINT (370590.999791937 4060909.00023346),,,,,,MUNICIPAL,No,No,2,2028
da_aparcamientosMovilidadReducida.fid--175d4967_1a00d91a118_-6d08,66724,APARCAPMR_1247,,"CALLE MENORCA, 1 ",POINT (370109.000280146 4061742.00008647),,,,,,MUNICIPAL,No,No,1,2028
da_aparcamientosMovilidadReducida.fid--175d4967_1a00d91a118_-6d07,66879,APARCAPMR_509,Esquina con c/ Duero,"CALLE CABRIEL, 7 ",POINT (372335.434964843 4066762.04039096),,,,,,MUNICIPAL,No,No,2,2028
da_aparcamientosMovilidadReducida.fid--175d4967_1a00d91a118_-6d06,66451,APARCAPMR_1056,Esq. con Cl. Doctor Nazcle Zorrilla,"CALLE CABRIEL, 7 ",POINT (372342.229483173 4066765.82289661),,,,,,MUNICIPAL,No,No,1,2028
da_aparcamientosMovilidadReducida.fid--175d4967_1a00d91a118_-6d05,66525,APARCAPMR_544,Esquina Av. Pintor Jaraba,"AVENIDA DE JORGE SILVELA, 90 ",POINT (372803.623526897 4066576.95308604),,,,,,MUNICIPAL,No,No,1,2028
da_aparcamientosMovilidadReducida.fid--175d4967_1a00d91a118_-6d04,66149,APARCAPMR_813,Esquina con c/ Cañizares.,"CALLE MENDOZA, 18 ",POINT (371801.673555789 4062831.11981332),,,,,,MUNICIPAL,No,No,1,2028
da_aparcamientosMovilidadReducida.fid--175d4967_1a00d91a118_-6d03,66179,APARCAPMR_749,,"PASEO MARÍTIMO PABLO RUIZ PICASSO, 17 ",POINT (374588.061638265 4064783.44688742),,,,,,MUNICIPAL,No,No,2,2028
da_aparcamientosMovilidadReducida.fid--175d4967_1a00d91a118_-6d02,66836,APARCAPMR_1140,Esq. Doctor Marañón,"CALLE TOLEDO, 8 ",POINT (372466.999719754 4065763.00071215),,,,,,MUNICIPAL,No,No,2,2028
da_aparcamientosMovilidadReducida.fid--175d4967_1a00d91a118_-6d01,67192,APARCAPMR_056,Aparcamientos.,"CALLE PEDRO GÓMEZ CHAIX, 5 ",POINT (371315.244180828 4064454.86462593),,,,,,MUNICIPAL,No,No,2,2028
da_aparcamientosMovilidadReducida.fid--175d4967_1a00d91a118_-6d00,66742,APARCAPMR_966,,"CALLE EDUARDO CARVAJAL, 9 ",POINT (371232.527184624 4064336.16410084),,,,,,MUNICIPAL,No,No,1,2028
da_aparcamientosMovilidadReducida.fid--175d4967_1a00d91a118_-6cff,67060,APARCAPMR_144,A la alltura del nº 27,"CALLE SIERRA DE GRAZALEMA, 25 ",POINT (374740.171294775 4065799.69968072),,,,,,MUNICIPAL,No,No,2,2028
da_aparcamientosMovilidadReducida.fid--175d4967_1a00d91a118_-6cfe,66129,APARCAPMR_804,Esquina con Cl. Don José Fernández Castany.,"CALLE HÉROE DE SOSTOA, 103 ",POINT (371402.277447796 4063040.90400536),,,,,,MUNICIPAL,No,No,2,2028
da_aparcamientosMovilidadReducida.fid--175d4967_1a00d91a118_-6cfd,66328,APARCAPMR_841,,"CALLE SINAÍ, 1 ",POINT (373120.948594975 4066762.66518927),,,,,,MUNICIPAL,No,No,1,2028
da_aparcamientosMovilidadReducida.fid--175d4967_1a00d91a118_-6cfc,66168,APARCAPMR_1284,esquina con C/ Notario Roberto Cano,"AVENIDA DE JORGE SILVELA, 80 ",POINT (372801.000381752 4066513.99999998),,,,,,MUNICIPAL,No,No,1,2028
da_aparcamientosMovilidadReducida.fid--175d4967_1a00d91a118_-6cfb,66164,APARCAPMR_1129,,"CALLE SIERRA DE GRAZALEMA, 33 ",POINT (374716.000246836 4065956.99965052),,,,,,MUNICIPAL,No,No,1,2028
da_aparcamientosMovilidadReducida.fid--175d4967_1a00d91a118_-6cfa,66158,APARCAPMR_1110,,"CALLE SIERRA DE GRAZALEMA, 28 ",POINT (374731.744409592 4065961.18419543),,,,,,MUNICIPAL,No,No,1,2028
da_aparcamientosMovilidadReducida.fid--175d4967_1a00d91a118_-6cf9,66290,APARCAPMR_830,,"CALLE ROJAS, 22 ",POINT (373206.224634428 4066111.27107861),,,,,,MUNICIPAL,No,No,1,2028
da_aparcamientosMovilidadReducida.fid--175d4967_1a00d91a118_-6cf8,67219,APARCAPMR_293,Esquina con c/ Marruecos,"CALLE ROJAS, 26 ",POINT (373185.000131425 4066121.73542944),,,,,,MUNICIPAL,No,No,2,2028
da_aparcamientosMovilidadReducida.fid--175d4967_1a00d91a118_-6cf7,78800,APARCAPMR_1401,"C/ Los Chirimoyos, N.º 16","CALLE CHIRIMOYOS, 16 ",POINT (373434.254974579 4067309.72108483),,,,,,MUNICIPAL,No,No,1,2028
da_aparcamientosMovilidadReducida.fid--175d4967_1a00d91a118_-6cf6,66178,APARCAPMR_739,c/Mármoles a la altura del nº 24,"CALLE MÁRMOLES, 24 ",POINT (372504.995245501 4064943.53517467),,,,,,MUNICIPAL,No,No,1,2028
da_aparcamientosMovilidadReducida.fid--175d4967_1a00d91a118_-6cf5,67146,APARCAPMR_235,Esquina con Plaza Guerrero Strachan. Frente al nº 3,"CALLE ALFÉREZ HERMINIO BORDALLO, 3 ",POINT (371648.588006587 4064681.63166067),,,,,,MUNICIPAL,No,No,1,2028
da_aparcamientosMovilidadReducida.fid--175d4967_1a00d91a118_-6cf4,67186,APARCAPMR_057,Servicios técnicos,"CALLE PEDRO GÓMEZ CHAIX, 2 ",POINT (371328.686883365 4064583.96998213),,,,,,MUNICIPAL,No,No,2,2028
da_aparcamientosMovilidadReducida.fid--175d4967_1a00d91a118_-6cf3,66505,APARCAPMR_513,Junto al Centro de Arte Contemporáneo,"AVENIDA DEL COMANDANTE BENÍTEZ, 10 ",POINT (372668.129768944 4064023.79005363),,,,,,MUNICIPAL,No,No,2,2028
da_aparcamientosMovilidadReducida.fid--175d4967_1a00d91a118_-6cf2,66937,APARCAPMR_052,,"CARRIL LOS MIMBRALES, 4 ",POINT (364562.698045358 4065044.58611445),,,,,,MUNICIPAL,No,No,2,2028
da_aparcamientosMovilidadReducida.fid--175d4967_1a00d91a118_-6cf1,78099,APARCAPMR_1382,,"TAIWÁN, 15 ",POINT (364670.401244185 4059515.30782929),,,,,,MUNICIPAL,No,No,1,2028
da_aparcamientosMovilidadReducida.fid--175d4967_1a00d91a118_-6cf0,66268,APARCAPMR_1094,,"CALLE CONCEJAL MUÑOZ CERVÁN, 4 ",POINT (371429.000066135 4062312.99964942),,,,,,MUNICIPAL,No,No,1,2028
da_aparcamientosMovilidadReducida.fid--175d4967_1a00d91a118_-6cef,77991,APARCAPMR_1367,Esquina C/ Cartaya,"CALLE CATAMARÁN, 8 ",POINT (370435.83793877 4061776.81519098),,,,,,MUNICIPAL,No,No,1,2028
da_aparcamientosMovilidadReducida.fid--175d4967_1a00d91a118_-6cee,77979,APARCAPMR_1355,Esquina Av. Julio Cortázar,"AVENIDA OCTAVIO PAZ, 12 ",POINT (369475.372725662 4066164.44487808),,,,,,MUNICIPAL,No,No,1,2028
da_aparcamientosMovilidadReducida.fid--175d4967_1a00d91a118_-6ced,77980,APARCAPMR_1356,Esquina Av. Julio Cortázar,"AVENIDA OCTAVIO PAZ, 12 ",POINT (369491.182096441 4066170.67897819),,,,,,MUNICIPAL,No,No,1,2028
da_aparcamientosMovilidadReducida.fid--175d4967_1a00d91a118_-6cec,77976,APARCAPMR_1352,Esquina c/ Manet,"AVENIDA OCTAVIO PAZ, 9 ",POINT (369471.474618526 4066094.36673669),,,,,,MUNICIPAL,No,No,1,2028
da_aparcamientosMovilidadReducida.fid--175d4967_1a00d91a118_-6ceb,77975,APARCAPMR_1351,Esquina Max Bruch,"AVENIDA OCTAVIO PAZ, 9 ",POINT (369427.55378519 4065955.72507001),,,,,,MUNICIPAL,No,No,2,2028
da_aparcamientosMovilidadReducida.fid--175d4967_1a00d91a118_-6cea,77977,APARCAPMR_1353,Esquina c/ Manet,"AVENIDA OCTAVIO PAZ, 9 ",POINT (369483.64545186 4066090.66257002),,,,,,MUNICIPAL,No,No,1,2028
da_aparcamientosMovilidadReducida.fid--175d4967_1a00d91a118_-6ce9,78089,APARCAPMR_1372,,"CALLE COREA, 3 ",POINT (364514.40240248 4059229.13470539),,,,,,MUNICIPAL,No,No,1,2028
da_aparcamientosMovilidadReducida.fid--175d4967_1a00d91a118_-6ce8,77274,APARCAPMR_1314,C/ Astrea esquina con C/ Centauro,"CALLE ASTREA, 10 ",POINT (367133.249458808 4066496.26735809),,,,,,MUNICIPAL,No,No,1,2028
da_aparcamientosMovilidadReducida.fid--175d4967_1a00d91a118_-6ce7,78087,APARCAPMR_1370,,"CALLE COREA, 14 ",POINT (364670.534374765 4059153.1048635),,,,,,MUNICIPAL,No,No,1,2028
da_aparcamientosMovilidadReducida.fid--175d4967_1a00d91a118_-6ce6,66126,APARCAPMR_810,Esquina con c/ Campoy.,"BULEVAR ADOLFO SUÁREZ, 55 ",POINT (370516.538855324 4062945.41115494),,,,,,MUNICIPAL,No,No,1,2028
da_aparcamientosMovilidadReducida.fid--175d4967_1a00d91a118_-6ce5,66359,APARCAPMR_887,,"BULEVAR ADOLFO SUÁREZ, 85 ",POINT (370297.412696498 4062834.72433148),,,,,,MUNICIPAL,No,No,1,2028
da_aparcamientosMovilidadReducida.fid--175d4967_1a00d91a118_-6ce4,66135,APARCAPMR_812,,"BULEVAR ADOLFO SUÁREZ, 73 ",POINT (370392.288445341 4062881.57878198),,,,,,MUNICIPAL,No,No,1,2028
da_aparcamientosMovilidadReducida.fid--175d4967_1a00d91a118_-6ce3,79737,APARCAPMR_1425,"C/ Tucídides, N.º 74","CALLE TUCÍDIDES, 74 ",POINT (369332.396025206 4061405.22371698),,,,,,MUNICIPAL,No,No,1,2028
da_aparcamientosMovilidadReducida.fid--175d4967_1a00d91a118_-6ce2,78098,APARCAPMR_1381,,"TAIWÁN, 14 ",POINT (364563.696280945 4059569.70956064),,,,,,MUNICIPAL,No,No,1,2028
da_aparcamientosMovilidadReducida.fid--175d4967_1a00d91a118_-6ce1,66235,APARCAPMR_764,,"CALLE VIOLETA, 8 ",POINT (362985.030780382 4065311.48707578),,,,,,MUNICIPAL,No,No,1,2028
da_aparcamientosMovilidadReducida.fid--175d4967_1a00d91a118_-6ce0,66476,APARCAPMR_064,Frente a los Jardines de Puerta Oscura,"JARDINES ALCALDE PEDRO LUIS ALONSO, 1 ",POINT (373673.388584097 4064832.39973472),,,,,,MUNICIPAL,No,No,3,2028
da_aparcamientosMovilidadReducida.fid--175d4967_1a00d91a118_-6cdf,77965,APARCAPMR_1341,Esquina Plaza Manos Unidas,"AVENIDA OCTAVIO PAZ, 1 ",POINT (369342.34186386 4065684.52415881),,,,,,MUNICIPAL,No,No,1,2028
da_aparcamientosMovilidadReducida.fid--175d4967_1a00d91a118_-6cde,77966,APARCAPMR_1342,Esquina Plaza Manos Unidas,"AVENIDA OCTAVIO PAZ, 2 ",POINT (369362.947112274 4065683.73047322),,,,,,MUNICIPAL,No,No,1,2028
da_aparcamientosMovilidadReducida.fid--175d4967_1a00d91a118_-6cdd,78100,APARCAPMR_1383,,"TAIWÁN, 8 ",POINT (364768.633825173 4059460.88881077),,,,,,MUNICIPAL,No,No,1,2028
da_aparcamientosMovilidadReducida.fid--175d4967_1a00d91a118_-6cdc,66657,APARCAPMR_627,,"CALLE VIOLETA, 3 ",POINT (363002.92825175 4065317.8314474),,,,,,MUNICIPAL,No,No,1,2028
da_aparcamientosMovilidadReducida.fid--175d4967_1a00d91a118_-6cdb,77970,APARCAPMR_1346,,"AVENIDA OCTAVIO PAZ, 7 ",POINT (369394.584732952 4065852.89384337),,,,,,MUNICIPAL,No,No,1,2028
da_aparcamientosMovilidadReducida.fid--175d4967_1a00d91a118_-6cda,77971,APARCAPMR_1347,,"AVENIDA OCTAVIO PAZ, 8 ",POINT (369411.401135216 4065848.23556277),,,,,,MUNICIPAL,No,No,1,2028
da_aparcamientosMovilidadReducida.fid--175d4967_1a00d91a118_-6cd9,66427,APARCAPMR_1088,Frente a Cl. Fuente de la Reina,"CALLE CASTELLÓN DE LA PLANA, 8 ",POINT (369530.687793953 4058621.12965663),,,,,,MUNICIPAL,No,No,1,2028
da_aparcamientosMovilidadReducida.fid--175d4967_1a00d91a118_-6cd8,78088,APARCAPMR_1371,,"CALLE COREA, 8 ",POINT (364588.85287296 4059188.52124358),,,,,,MUNICIPAL,No,No,1,2028
da_aparcamientosMovilidadReducida.fid--175d4967_1a00d91a118_-6cd7,78090,APARCAPMR_1373,,"CALLE COREA, 44 ",POINT (364450.294891968 4059263.62839145),,,,,,MUNICIPAL,No,No,1,2028
da_aparcamientosMovilidadReducida.fid--175d4967_1a00d91a118_-6cd6,66199,APARCAPMR_763,,"CALLE COMPOSITOR ENRIQUE ARANDA, 15 ",POINT (367519.160905856 4066778.16136775),,,,,,MUNICIPAL,No,No,1,2028
da_aparcamientosMovilidadReducida.fid--175d4967_1a00d91a118_-6cd5,66254,APARCAPMR_776,,"BULEVAR ADOLFO SUÁREZ, 23 ",POINT (370657.165312746 4063038.24773773),,,,,,MUNICIPAL,No,No,1,2028
da_aparcamientosMovilidadReducida.fid--175d4967_1a00d91a118_-6cd4,66423,APARCAPMR_1029,En vial de servicio,"CALLE PACÍFICO, 43 ",POINT (371243.461689279 4061718.71690379),,,,,,MUNICIPAL,No,No,1,2028
da_aparcamientosMovilidadReducida.fid--175d4967_1a00d91a118_-6cd3,66309,APARCAPMR_873,,"CALLE GALLITO, 5 ",POINT (370195.786239987 4062066.75553515),,,,,,MUNICIPAL,No,No,1,2028
da_aparcamientosMovilidadReducida.fid--175d4967_1a00d91a118_-6cd2,67235,APARCAPMR_343,Esquina con Cl. Francisco Jiménez Lomas,"CALLE FRANCISCO JIMÉNEZ LOMAS, 7 ",POINT (370897.307707447 4061972.26444085),,,,,,MUNICIPAL,No,No,2,2028
da_aparcamientosMovilidadReducida.fid--175d4967_1a00d91a118_-6cd1,66348,APARCAPMR_116,Esquina con Avd. de la Luz,"AVENIDA DE ISAAC PERAL, 4 ",POINT (369937.695624769 4062268.74135082),,,,,,MUNICIPAL,No,No,2,2028
da_aparcamientosMovilidadReducida.fid--175d4967_1a00d91a118_-6cd0,66974,APARCAPMR_388,Parque de Huelin,"PASEO DE ANTONIO MACHADO, 46 ",POINT (372135.972572248 4063145.03771159),,,,,,MUNICIPAL,No,No,2,2028
da_aparcamientosMovilidadReducida.fid--175d4967_1a00d91a118_-6ccf,66469,APARCAPMR_1263,esq. C/ San Bartolome,"CALLE SALAMANCA, 2 ",POINT (372796.999666873 4065560.0006729),,,,,,MUNICIPAL,No,No,1,2028
da_aparcamientosMovilidadReducida.fid--175d4967_1a00d91a118_-6cce,66147,APARCAPMR_822,,"CALLE LUIS CARRERAS, 1 ",POINT (370876.683742304 4062522.17350371),,,,,,MUNICIPAL,No,No,1,2028
da_aparcamientosMovilidadReducida.fid--175d4967_1a00d91a118_-6ccd,66611,APARCAPMR_1177,Esq. C/ Berrocal,"CALLE DOMINGO LOZANO, 21 ",POINT (371691.999981341 4065420.99972005),,,,,,MUNICIPAL,No,No,1,2028
da_aparcamientosMovilidadReducida.fid--175d4967_1a00d91a118_-6ccc,66892,APARCAPMR_579,Esquina con c/ Oscar Esplá,"CALLE RODOLFO HALFFTER, 11 ",POINT (369882.648437349 4062821.89029579),,,,,,MUNICIPAL,No,No,1,2028
da_aparcamientosMovilidadReducida.fid--175d4967_1a00d91a118_-6ccb,66384,APARCAPMR_596,Esquina con Pasaje Aralar,"PASAJE BEGOÑA, 4 ",POINT (371621.565329364 4065088.31184963),,,,,,MUNICIPAL,No,No,2,2028
da_aparcamientosMovilidadReducida.fid--175d4967_1a00d91a118_-6cca,66275,APARCAPMR_771,,"PLAZA APAREJADOR FEDERICO BERMÚDEZ, 2 ",POINT (371425.725699332 4064898.83804795),,,,,,MUNICIPAL,No,No,2,2028
da_aparcamientosMovilidadReducida.fid--175d4967_1a00d91a118_-6cc9,67115,APARCAPMR_290,Esquina con c/ José María Freuiller,"CALLE JOSÉ MARÍA FREUILLER, 5 ",POINT (371559.110157373 4065193.26022381),,,,,,MUNICIPAL,No,No,2,2028
da_aparcamientosMovilidadReducida.fid--175d4967_1a00d91a118_-6cc8,67113,APARCAPMR_009,Esquina con Plaza de Basconia,"PASAJE ARÁNZAZU, 3 ",POINT (371667.167628896 4065077.66783572),,,,,,MUNICIPAL,No,No,2,2028
da_aparcamientosMovilidadReducida.fid--175d4967_1a00d91a118_-6cc7,66630,APARCAPMR_560,Esquina con c/ Cristino Martos,"AVENIDA DEL ARROYO DE LOS ÁNGELES, 83 ",POINT (371813.632302808 4065957.91488493),,,,,,MUNICIPAL,No,No,2,2028
da_aparcamientosMovilidadReducida.fid--175d4967_1a00d91a118_-6cc6,66444,APARCAPMR_944,Intersección Puente Juan Pablo II,"CALLE REBOUL, 2 ",POINT (371492.255338578 4063755.36318672),,,,,,MUNICIPAL,No,No,1,2028
da_aparcamientosMovilidadReducida.fid--175d4967_1a00d91a118_-6cc5,66995,APARCAPMR_424,Esquina con Camino San Rafael,"CALLE ANTONIO MARTELO, 28 ",POINT (371238.871935974 4063841.95510104),,,,,,MUNICIPAL,No,No,2,2028
da_aparcamientosMovilidadReducida.fid--175d4967_1a00d91a118_-6cc4,66401,APARCAPMR_931,Esquina con c/ Lucientes.,"CALLE MAESTRO LECUONA, 8 ",POINT (371746.646151461 4064109.73535771),,,,,,MUNICIPAL,No,No,1,2028
da_aparcamientosMovilidadReducida.fid--175d4967_1a00d91a118_-6cc3,66479,APARCAPMR_635,Esquina con c/ Carril,"CALLE MÁRMOLES, 43 ",POINT (372232.088166881 4064934.90302127),,,,,,MUNICIPAL,No,No,1,2028
da_aparcamientosMovilidadReducida.fid--175d4967_1a00d91a118_-6cc2,66701,APARCAPMR_989,Esquina c/ Puente de la Concepción,"AVENIDA DEL GUADALMEDINA, 20 ",POINT (372852.013252166 4067589.33830393),,,,,,MUNICIPAL,No,No,1,2028
da_aparcamientosMovilidadReducida.fid--175d4967_1a00d91a118_-6cc1,79735,APARCAPMR_1429,C/ Alpandeire esquina con C/ Juan gris,"CALLE ALPANDEIRE, 24 ",POINT (370057.165114239 4063476.48415219),,,,,,MUNICIPAL,No,No,1,2028
da_aparcamientosMovilidadReducida.fid--175d4967_1a00d91a118_-6cc0,66211,APARCAPMR_1144,Esquina con C/ Lomita,"CALLE DEL MAESTRO VERT, 13 ",POINT (365737.999954619 4058870.00073575),,,,,,MUNICIPAL,No,No,2,2028
da_aparcamientosMovilidadReducida.fid--175d4967_1a00d91a118_-6cbf,80150,APARCAPMR_1440,C/ Massenet esquina con C/ Werther,"CALLE MASSENET, 3 ",POINT (372539.163582399 4067370.87986186),,,,,,MUNICIPAL,No,No,1,2028
da_aparcamientosMovilidadReducida.fid--175d4967_1a00d91a118_-6cbe,66646,APARCAPMR_291,A la altura del nº 76,"AVENIDA DEL ARROYO DE LOS ÁNGELES, 80 ",POINT (371888.407333103 4065911.94995278),,,,,,MUNICIPAL,No,No,2,2028
da_aparcamientosMovilidadReducida.fid--175d4967_1a00d91a118_-6cbd,66873,APARCAPMR_551,Esquina con Av. José Ortega y Gasset,"AVENIDA DE JOSÉ ORTEGA Y GASSET, 77 ",POINT (370551.249206761 4063750.0894835),,,,,,MUNICIPAL,No,No,1,2028
da_aparcamientosMovilidadReducida.fid--175d4967_1a00d91a118_-6cbc,67079,APARCAPMR_168,Esquina con c/ Actriz Rosario Pino (frente al nº 16).,"AVENIDA DE JORGE SILVELA, 44 ",POINT (372788.10578489 4066322.86292748),,,,,,MUNICIPAL,No,No,1,2028
da_aparcamientosMovilidadReducida.fid--175d4967_1a00d91a118_-6cbb,66372,APARCAPMR_917,Esquina con Av. Guadalmedina.,"AVENIDA DEL GUADALMEDINA, 14 ",POINT (372855.844482183 4067516.71160851),,,,,,MUNICIPAL,No,No,2,2028
da_aparcamientosMovilidadReducida.fid--175d4967_1a00d91a118_-6cba,74588,APARCAPMR_1264,,"CALLE EJIDO, 6 ",POINT (373388.041199156 4065624.8249717),,,,,,MUNICIPAL,No,No,3,2028
da_aparcamientosMovilidadReducida.fid--175d4967_1a00d91a118_-6cb9,66585,APARCAPMR_950,Esquina calle Cristo de la Epidemia,"CALLE GORDÓN, 5 ",POINT (373688.246900837 4065814.4161443),,,,,,MUNICIPAL,No,No,2,2028
da_aparcamientosMovilidadReducida.fid--175d4967_1a00d91a118_-6cb8,67252,APARCAPMR_232,A la altura del nº 22,"CALLE PINTOR JOSÉ DE RIBERA, 20 ",POINT (370990.022644237 4062192.26787245),,,,,,MUNICIPAL,No,No,2,2028
da_aparcamientosMovilidadReducida.fid--175d4967_1a00d91a118_-6cb7,66769,APARCAPMR_582,Centro de Salud de Carlinda,"CALLE ALCALDE JOSÉ LUIS ESTRADA, 9 ",POINT (370758.563225131 4065996.69264614),,,,,,MUNICIPAL,No,No,2,2028
da_aparcamientosMovilidadReducida.fid--175d4967_1a00d91a118_-6cb6,66855,APARCAPMR_939,Esquina calle Bucarest,"CALLE ESTOCOLMO, 2 ",POINT (361939.828504792 4065413.73723355),,,,,,MUNICIPAL,No,No,1,2028
da_aparcamientosMovilidadReducida.fid--175d4967_1a00d91a118_-6cb5,66739,APARCAPMR_925,,"CALLE HALCÓN, 6 ",POINT (367713.364457003 4066307.4349831),,,,,,MUNICIPAL,No,No,1,2028
da_aparcamientosMovilidadReducida.fid--175d4967_1a00d91a118_-6cb4,66352,APARCAPMR_257,Esquina con Cl. Doradilla,"CALLE HÉROE DE SOSTOA, 200 ",POINT (370919.397727174 4062626.7517813),,,,,,MUNICIPAL,No,No,1,2028
da_aparcamientosMovilidadReducida.fid--175d4967_1a00d91a118_-6cb3,66601,APARCAPMR_986,Esquina con calle La Tía Tula,"CALLE LA CELESTINA, 68 ",POINT (359967.860744971 4066072.6590728),,,,,,MUNICIPAL,No,No,2,2028
da_aparcamientosMovilidadReducida.fid--175d4967_1a00d91a118_-6cb2,66146,APARCAPMR_820,,"CAMINO DEL PATO, 44 ",POINT (370179.166579252 4061076.32751654),,,,,,MUNICIPAL,No,No,2,2028
da_aparcamientosMovilidadReducida.fid--175d4967_1a00d91a118_-6cb1,66307,APARCAPMR_874,,"PARQUE FRANCISCO MORENO PORTALES, 2 ",POINT (370603.519025378 4061273.52411654),,,,,,MUNICIPAL,No,No,1,2028
da_aparcamientosMovilidadReducida.fid--175d4967_1a00d91a118_-6cb0,66190,APARCAPMR_742,A la altura del nº 36,"CALLE PACÍFICO, 36 ",POINT (371289.420250065 4061892.32219052),,,,,,MUNICIPAL,No,No,1,2028
da_aparcamientosMovilidadReducida.fid--175d4967_1a00d91a118_-6caf,66302,APARCAPMR_847,,"CALLE ANTONIO MARÍA ISOLA, 1 ",POINT (372487.707478176 4067028.96452621),,,,,,MUNICIPAL,No,No,1,2028
da_aparcamientosMovilidadReducida.fid--175d4967_1a00d91a118_-6cae,66550,APARCAPMR_1054,Esa. con Cl. Alonso de Fonseca,"CALLE TOMÁS DE BURGOS, 1 ",POINT (371872.295143738 4065836.32283047),,,,,,MUNICIPAL,No,No,2,2028
da_aparcamientosMovilidadReducida.fid--175d4967_1a00d91a118_-6cad,66865,APARCAPMR_1038,Esq. con Cl. Cristino Martos,"CALLE TOMÁS DE BURGOS, 29 ",POINT (371780.289202596 4065907.27550675),,,,,,MUNICIPAL,No,No,1,2028
da_aparcamientosMovilidadReducida.fid--175d4967_1a00d91a118_-6cac,66822,APARCAPMR_473,Esquina con Plaza Aparejador Federico Bermúdez,"PLAZA APAREJADOR FEDERICO BERMÚDEZ, 7 ",POINT (371384.79458769 4064981.11647879),,,,,,MUNICIPAL,No,No,2,2028
da_aparcamientosMovilidadReducida.fid--175d4967_1a00d91a118_-6cab,77450,APARCAPMR_1310,C/ Jalón esqina con C/ Nuestra Señora de las Candelas,"CALLE JALÓN, 7 ",POINT (370545.537411744 4061123.90888954),,,,,,MUNICIPAL,No,No,1,2028
da_aparcamientosMovilidadReducida.fid--175d4967_1a00d91a118_-6caa,76890,APARCAPMR_129,,"ALAMEDA DE COLÓN, 6 ",POINT (372729.56168398 4064324.09969586),,,,,,MUNICIPAL,No,No,3,2028
da_aparcamientosMovilidadReducida.fid--175d4967_1a00d91a118_-6ca9,66138,APARCAPMR_807,Enfrente de Cl. Coello. ,"CALLE HÉROE DE SOSTOA, 27 ",POINT (371965.348301529 4063572.73003354),,,,,,MUNICIPAL,No,No,2,2028
da_aparcamientosMovilidadReducida.fid--175d4967_1a00d91a118_-6ca8,66155,APARCAPMR_1098,Esquina con Av. Europa,"CALLE CORTIJO DE ECHARTE, 2 ",POINT (370561.609136086 4062775.3774552),,,,,,MUNICIPAL,No,No,1,2028
da_aparcamientosMovilidadReducida.fid--175d4967_1a00d91a118_-6ca7,66387,APARCAPMR_640,Esquina con Cl. Cortijo de Echarte,"CALLE CORTIJO DE ECHARTE, 2 ",POINT (370554.036745121 4062753.78691903),,,,,,MUNICIPAL,No,No,1,2028
da_aparcamientosMovilidadReducida.fid--175d4967_1a00d91a118_-6ca6,66198,APARCAPMR_761,A la altura del nº 18,"CALLE PEDRO DE VALDIVIA, 18 ",POINT (379229.533769904 4064799.10319878),,,,,,MUNICIPAL,No,No,1,2028
da_aparcamientosMovilidadReducida.fid--175d4967_1a00d91a118_-6ca5,66904,APARCAPMR_392,Esquina con c/ Cervantes,"CALLE ARENAL, 5 ",POINT (374068.90969173 4064640.65400801),,,,,,MUNICIPAL,No,No,1,2028
da_aparcamientosMovilidadReducida.fid--175d4967_1a00d91a118_-6ca4,77787,APARCAPMR_1333,C/ Maestro Vert esquina con C/ Los Gavilanes,"CALLE DEL MAESTRO VERT, 2 ",POINT (365671.48621899 4058900.84816672),,,,,,MUNICIPAL,No,No,1,2028
da_aparcamientosMovilidadReducida.fid--175d4967_1a00d91a118_-6ca3,66780,APARCAPMR_281,"Frente a c/ Fuensanta Moreno
","CALLE FUENSANTA MORENO, 7 ",POINT (365229.849724855 4059798.40100991),,,,,,MUNICIPAL,No,No,1,2028
da_aparcamientosMovilidadReducida.fid--175d4967_1a00d91a118_-6ca2,77783,APARCAPMR_1329,C/ Manuel de Palacio esquina con la C/ Octavio Picón,"CALLE MANUEL DE PALACIO, 27 ",POINT (377827.993962096 4065288.56598764),,,,,,MUNICIPAL,No,No,1,2028
da_aparcamientosMovilidadReducida.fid--175d4967_1a00d91a118_-6ca1,66271,APARCAPMR_1172,Esq. Molina Lario,"CALLE CORTINA DEL MUELLE, 1 ",POINT (373219.999992736 4064632.00073601),,,,,,MUNICIPAL,No,No,2,2028
da_aparcamientosMovilidadReducida.fid--175d4967_1a00d91a118_-6ca0,66532,APARCAPMR_656,Esquina con Cl. San Mateo,"CALLE PINTOR MARTÍNEZ CUBELLS, 10 ",POINT (377608.5346233 4065012.61332705),,,,,,MUNICIPAL,No,No,1,2028
da_aparcamientosMovilidadReducida.fid--175d4967_1a00d91a118_-6c9f,67120,APARCAPMR_315,Esquina con c/ Deva,"CALLE EBRO, 6 ",POINT (372071.834927248 4066991.37066845),,,,,,MUNICIPAL,No,No,1,2028
da_aparcamientosMovilidadReducida.fid--175d4967_1a00d91a118_-6c9e,67122,APARCAPMR_023,Aparcamientos,"CALLE EBRO, 6 ",POINT (372072.432335159 4066992.60878221),,,,,,MUNICIPAL,No,No,2,2028
da_aparcamientosMovilidadReducida.fid--175d4967_1a00d91a118_-6c9d,75827,APARCAPMR_1306,,"CALLE EBRO, 10 ",POINT (372085.222917952 4066992.91107624),,,,,,MUNICIPAL,No,No,1,2028
da_aparcamientosMovilidadReducida.fid--175d4967_1a00d91a118_-6c9c,66523,APARCAPMR_535,Delante del Cento de Salud,"CALLE ENRIQUE VAN DULKEN, 9 ",POINT (366065.219283362 4058747.38209006),,,,,,MUNICIPAL,No,No,2,2028
da_aparcamientosMovilidadReducida.fid--175d4967_1a00d91a118_-6c9b,66574,APARCAPMR_1285,ESQ. C/ SANTA CRISTINA,"CALLE NAVAS DE TOLOSA, 4 ",POINT (374381.999651671 4064819.00039158),,,,,,MUNICIPAL,No,No,1,2028
da_aparcamientosMovilidadReducida.fid--175d4967_1a00d91a118_-6c9a,66555,APARCAPMR_1150,,"CALLE FERNÁNDEZ SHAW, 83 ",POINT (377507.000234134 4065544.99993007),,,,,,MUNICIPAL,No,No,1,2028
da_aparcamientosMovilidadReducida.fid--175d4967_1a00d91a118_-6c99,66596,APARCAPMR_976,A la altura del nº 15,"CALLE FERNÁNDEZ SHAW, 15 ",POINT (377343.311081155 4065089.91040199),,,,,,MUNICIPAL,No,No,1,2028
da_aparcamientosMovilidadReducida.fid--175d4967_1a00d91a118_-6c98,66979,APARCAPMR_396,A la altura del nº 5,"CALLE PINTOR RAMOS ROSAS, 1 ",POINT (373420.407676937 4068041.91894696),,,,,,MUNICIPAL,No,No,1,2028
da_aparcamientosMovilidadReducida.fid--175d4967_1a00d91a118_-6c97,66948,APARCAPMR_311,,"CALLE LA ERA, 26 ",POINT (374692.845781958 4066166.83310127),,,,,,MUNICIPAL,No,No,2,2028
da_aparcamientosMovilidadReducida.fid--175d4967_1a00d91a118_-6c96,66468,APARCAPMR_1265,esquina con Avda. Pío Baroja,"AVENIDA DE LA ESTACIÓN DE EL PALO, 7 ",POINT (378413.962427733 4064718.9059233),,,,,,MUNICIPAL,No,No,2,2028
da_aparcamientosMovilidadReducida.fid--175d4967_1a00d91a118_-6c95,67208,APARCAPMR_238,A la altura nº 35,"CALLE FERRÁNDIZ, 37 ",POINT (374025.609091133 4065548.04057591),,,,,,MUNICIPAL,No,No,1,2028
da_aparcamientosMovilidadReducida.fid--175d4967_1a00d91a118_-6c94,66258,APARCAPMR_1163,,"CALLE FERRÁNDIZ, 32 ",POINT (373953.999833814 4065545.00030994),,,,,,MUNICIPAL,No,No,1,2028
da_aparcamientosMovilidadReducida.fid--175d4967_1a00d91a118_-6c93,66368,APARCAPMR_891,,"CALLE FERRÁNDIZ, 48 ",POINT (374065.631624982 4065518.46399061),,,,,,MUNICIPAL,No,No,2,2028
da_aparcamientosMovilidadReducida.fid--175d4967_1a00d91a118_-6c92,66738,APARCAPMR_920,,"CALLE DEL MAESTRO VERT, 43 ",POINT (365984.243976715 4058774.37066349),,,,,,MUNICIPAL,No,No,1,2028
da_aparcamientosMovilidadReducida.fid--175d4967_1a00d91a118_-6c91,66489,APARCAPMR_665,Esquina con c/ Aljofaina,"CALLE ALMERÍA, 35 ",POINT (378813.229540985 4064759.68737165),,,,,,MUNICIPAL,No,No,2,2028
da_aparcamientosMovilidadReducida.fid--175d4967_1a00d91a118_-6c90,67045,APARCAPMR_124,A la altura del nº 20,"AVENIDA DE PÍO BAROJA, 27 ",POINT (378389.766548073 4064705.66495157),,,,,,MUNICIPAL,No,No,2,2028
da_aparcamientosMovilidadReducida.fid--175d4967_1a00d91a118_-6c8f,66664,APARCAPMR_690,Esquina con c/ Cristo de la Epidemia,"CALLE PACO MIRANDA, 26 ",POINT (373531.024873061 4066067.7728633),,,,,,MUNICIPAL,No,No,2,2028
da_aparcamientosMovilidadReducida.fid--175d4967_1a00d91a118_-6c8e,66882,APARCAPMR_500,Esquina con Cl. Guillén Sotelo,"CALLE ALCALDE PEDRO LUIS ALONSO, 2 ",POINT (373550.215562787 4064756.73528077),,,,,,MUNICIPAL,No,No,1,2028
da_aparcamientosMovilidadReducida.fid--175d4967_1a00d91a118_-6c8d,66485,APARCAPMR_630,A la altura del nº 3,"PLAZA DE OLLETAS, 7 ",POINT (373590.335996478 4066231.18089098),,,,,,MUNICIPAL,No,No,1,2028
da_aparcamientosMovilidadReducida.fid--175d4967_1a00d91a118_-6c8c,77963,APARCAPMR_1331,C/ Miguel Bueno Lara esquina con la Plaza Maestro Artola,"CALLE MIGUEL BUENO LARA, 8 ",POINT (373310.781364246 4065803.75483508),,,,,,MUNICIPAL,No,No,1,2028
da_aparcamientosMovilidadReducida.fid--175d4967_1a00d91a118_-6c8b,66132,APARCAPMR_798,,"CALLE FRANCISCO GUILLÓN, 1 ",POINT (378375.709443426 4065423.47277192),,,,,,MUNICIPAL,No,No,1,2028
da_aparcamientosMovilidadReducida.fid--175d4967_1a00d91a118_-6c8a,66825,APARCAPMR_1148,Esq. Plaza Olletas,"PLAZA DE OLLETAS, 6 ",POINT (373553.999656661 4066222.99971781),,,,,,MUNICIPAL,No,No,2,2028
da_aparcamientosMovilidadReducida.fid--175d4967_1a00d91a118_-6c89,67054,APARCAPMR_166,Esquina con c/ Amador de los Ríos,"CALLE MANUEL DE PALACIO, 19 ",POINT (377704.78956746 4065285.08934224),,,,,,MUNICIPAL,No,No,4,2028
da_aparcamientosMovilidadReducida.fid--175d4967_1a00d91a118_-6c88,66953,APARCAPMR_362,Esquina con c/ Rojas,"CALLE MOYA, 18 ",POINT (373164.33245335 4066185.96707771),,,,,,MUNICIPAL,No,No,1,2028
da_aparcamientosMovilidadReducida.fid--175d4967_1a00d91a118_-6c87,66251,APARCAPMR_778,a la altura del nº 6,"CALLE CHIRIMOYOS, 3 ",POINT (373387.794480891 4067280.89904527),,,,,,MUNICIPAL,No,No,2,2028
da_aparcamientosMovilidadReducida.fid--175d4967_1a00d91a118_-6c86,66833,APARCAPMR_1066,Esq. con Pasaje de Gaza,"PLAZA DE NAZARET, 2 ",POINT (373139.257258758 4066816.87614844),,,,,,MUNICIPAL,No,No,1,2028
da_aparcamientosMovilidadReducida.fid--175d4967_1a00d91a118_-6c85,67273,APARCAPMR_483,A la altura del nº 4,"PLAZA DE NAZARET, 4 ",POINT (373201.659025904 4066796.85272838),,,,,,MUNICIPAL,No,No,1,2028
da_aparcamientosMovilidadReducida.fid--175d4967_1a00d91a118_-6c84,66443,APARCAPMR_959,,"AVENIDA DE LA CIBELES, 6 ",POINT (373183.218707989 4066854.50608098),,,,,,MUNICIPAL,No,No,1,2028
da_aparcamientosMovilidadReducida.fid--175d4967_1a00d91a118_-6c83,66277,APARCAPMR_795,,"AVENIDA DE LA CIBELES, 3 ",POINT (373163.946648377 4066867.77456997),,,,,,MUNICIPAL,No,No,1,2028
da_aparcamientosMovilidadReducida.fid--175d4967_1a00d91a118_-6c82,66530,APARCAPMR_632,Esquina con c/ Gabriel y Galán,"CALLE OCTAVIO PICÓN, 24 ",POINT (377852.813687942 4065190.41906613),,,,,,MUNICIPAL,No,No,2,2028
da_aparcamientosMovilidadReducida.fid--175d4967_1a00d91a118_-6c81,67052,APARCAPMR_239,Esquina con Pasaje Miramar del Palo,"CALLE ESCULTOR MARÍN HIGUERO, 4 ",POINT (378153.537211992 4064832.41955251),,,,,,MUNICIPAL,No,No,2,2028
da_aparcamientosMovilidadReducida.fid--175d4967_1a00d91a118_-6c80,67009,APARCAPMR_445,A la altura del nº 6,"CALLE BORDE ALEGRE, 8 ",POINT (373128.390372283 4068105.82470235),,,,,,MUNICIPAL,No,No,2,2028
da_aparcamientosMovilidadReducida.fid--175d4967_1a00d91a118_-6c7f,66837,APARCAPMR_1287,C/ Domingo Lozano esq. C/ Berrocal,"CALLE DOMINGO LOZANO, 30 ",POINT (371703.999561103 4065426.00060821),,,,,,MUNICIPAL,No,No,1,2028
da_aparcamientosMovilidadReducida.fid--175d4967_1a00d91a118_-6c7e,66752,APARCAPMR_984,Esquina Plaza Donizetti,"CALLE DE HELIO, 6 ",POINT (367084.917862124 4067501.18586397),,,,,,MUNICIPAL,No,No,1,2028
da_aparcamientosMovilidadReducida.fid--175d4967_1a00d91a118_-6c7d,66237,APARCAPMR_748,"El dia 27 de agosto se amplia una plaza.
","AVENIDA DE ANDERSEN, 24 ",POINT (367636.114682238 4066732.86112463),,,,,,MUNICIPAL,No,No,2,2028
da_aparcamientosMovilidadReducida.fid--175d4967_1a00d91a118_-6c7c,66812,APARCAPMR_990,Intersección con la calle Águila,"CALLE CRISTO DE LOS MILAGROS, 16 ",POINT (367652.000491808 4066232.15115007),,,,,,MUNICIPAL,No,No,1,2028
da_aparcamientosMovilidadReducida.fid--175d4967_1a00d91a118_-6c7b,76811,APARCAPMR_1257,,"CALLE CANARIOS, 9 ",POINT (367787.825225761 4066419.21942369),,,,,,MUNICIPAL,No,No,1,2028
da_aparcamientosMovilidadReducida.fid--175d4967_1a00d91a118_-6c7a,76812,APARCAPMR_666,,"CALLE PLAUTO, 3 ",POINT (367482.502321782 4066709.81627071),,,,,,MUNICIPAL,No,No,1,2028
da_aparcamientosMovilidadReducida.fid--175d4967_1a00d91a118_-6c79,66219,APARCAPMR_1151,Esq. Cl. Petunia.,"CALLE PLAUTO, 20 ",POINT (367327.999990841 4066480.99967286),,,,,,MUNICIPAL,No,No,1,2028
da_aparcamientosMovilidadReducida.fid--175d4967_1a00d91a118_-6c78,66694,APARCAPMR_581,Junto a la biblioteca. Frente al nº 2,"PLAZA DE EL SALVADOR, 4 ",POINT (359962.250303594 4066228.20268976),,,,,,MUNICIPAL,No,No,2,2028
da_aparcamientosMovilidadReducida.fid--175d4967_1a00d91a118_-6c77,66678,APARCAPMR_570,Esquina Mercedes Llopart. Frente al colegio Féliz Revollo de Toro,"AVENIDA MARÍA VICTORIA ATENCIA, 1 ",POINT (367768.005143761 4065523.57065936),,,,,,MUNICIPAL,No,No,2,2028
da_aparcamientosMovilidadReducida.fid--175d4967_1a00d91a118_-6c76,66698,APARCAPMR_979,Esquina calle Montazgo,"CARRIL DE SEGOVIA, 26 ",POINT (362125.074607769 4065589.74173167),,,,,,MUNICIPAL,No,No,1,2028
da_aparcamientosMovilidadReducida.fid--175d4967_1a00d91a118_-6c75,67280,APARCAPMR_494,Esquina con c/ Mateo Flecha,"CALLE DE PENÉLOPE, 48 ",POINT (361615.59671108 4065807.50359307),,,,,,MUNICIPAL,No,No,2,2028
da_aparcamientosMovilidadReducida.fid--175d4967_1a00d91a118_-6c74,66925,APARCAPMR_478,Puerta del Instituto Victoria Kent,"CAMINO DEL PATO, 8 ",POINT (370418.915152381 4061576.82439918),,,,,,MUNICIPAL,No,No,2,2028
da_aparcamientosMovilidadReducida.fid--175d4967_1a00d91a118_-6c73,66165,APARCAPMR_1179,Esq. C/Boccacio,"CALLE ESCRITORA ANA MARÍA MATUTE, 5 ",POINT (367767.999573217 4066778.9999815),,,,,,MUNICIPAL,No,No,1,2028
da_aparcamientosMovilidadReducida.fid--175d4967_1a00d91a118_-6c72,66420,APARCAPMR_1044,Esq. con Cl. Bolina,"CALLE RETAMA, 7 ",POINT (366794.996096824 4067504.25607418),,,,,,MUNICIPAL,No,No,2,2028
da_aparcamientosMovilidadReducida.fid--175d4967_1a00d91a118_-6c71,66567,APARCAPMR_712,Esquina con Cl. Oro,"CALLE ORO, 2 ",POINT (367381.886226664 4067047.3886438),,,,,,MUNICIPAL,No,No,1,2028
da_aparcamientosMovilidadReducida.fid--175d4967_1a00d91a118_-6c70,66856,APARCAPMR_951,Esquina calle Nestor Almendros,"CALLE JUANA CASTRO, 4 ",POINT (368831.612657066 4065411.7020056),,,,,,MUNICIPAL,No,No,1,2028
da_aparcamientosMovilidadReducida.fid--175d4967_1a00d91a118_-6c6f,66932,APARCAPMR_081,Esquina con c/ Boccacio,"AVENIDA DE ANDERSEN, 3 ",POINT (367713.340821175 4066806.54210804),,,,,,MUNICIPAL,No,No,2,2028
da_aparcamientosMovilidadReducida.fid--175d4967_1a00d91a118_-6c6e,66784,APARCAPMR_156,A la altura del nº 5,"CALLE ESQUILO, 19 ",POINT (367697.202032662 4065211.49153114),,,,,,MUNICIPAL,No,No,3,2028
da_aparcamientosMovilidadReducida.fid--175d4967_1a00d91a118_-6c6d,66455,APARCAPMR_1274,esquina con Avda. Manuel Rodríguez,"CALLE ABETOS, 2 ",POINT (367942.999858181 4066430.00017631),,,,,,MUNICIPAL,No,No,1,2028
da_aparcamientosMovilidadReducida.fid--175d4967_1a00d91a118_-6c6c,80622,APARCAPMR_1450," C/ Esquilo, Nº 21","CALLE ESQUILO, 21 ",POINT (367718.804442462 4065229.50170465),,,,,,MUNICIPAL,No,No,1,2028
da_aparcamientosMovilidadReducida.fid--175d4967_1a00d91a118_-6c6b,66814,APARCAPMR_897,C/ Forja con Avda. Manuel Rodríguez,"CALLE FORJA, 1 ",POINT (367890.314987949 4066424.09831251),,,,,,MUNICIPAL,No,No,1,2028
da_aparcamientosMovilidadReducida.fid--175d4967_1a00d91a118_-6c6a,67259,APARCAPMR_241,Esquina con c/ Luis Armiñán Pérez,"CAMINO DEL PATO, 40 ",POINT (370220.227092284 4061221.95816703),,,,,,MUNICIPAL,No,No,1,2028
da_aparcamientosMovilidadReducida.fid--175d4967_1a00d91a118_-6c69,66184,APARCAPMR_722,Frente al nº 2,"CALLE GUADALHORCE, 2 ",POINT (369088.659121464 4059161.60177795),,,,,,MUNICIPAL,No,No,2,2028
da_aparcamientosMovilidadReducida.fid--175d4967_1a00d91a118_-6c68,67135,APARCAPMR_146,A la altura del nº 3,"AVENIDA DE JOSÉ ORTEGA Y GASSET, 6 ",POINT (371207.085856684 4063907.270943),,,,,,MUNICIPAL,No,No,1,2028
da_aparcamientosMovilidadReducida.fid--175d4967_1a00d91a118_-6c67,67220,APARCAPMR_22,Esquina con Alameda de Colón,"ALAMEDA DE COLÓN, 19 ",POINT (372810.332321744 4064083.46904849),,,,,,MUNICIPAL,No,No,2,2028
da_aparcamientosMovilidadReducida.fid--175d4967_1a00d91a118_-6c66,66501,APARCAPMR_250,Esquina con c/ Campitos,"CALLE CALERITO, 3 ",POINT (369822.150752088 4062338.21073356),,,,,,MUNICIPAL,No,No,2,2028
da_aparcamientosMovilidadReducida.fid--175d4967_1a00d91a118_-6c65,66792,APARCAPMR_423,Esquina con c/ Jerusalén,"CALLE CALERITO, 13 ",POINT (369779.691772415 4062410.62622832),,,,,,MUNICIPAL,No,No,1,2028
da_aparcamientosMovilidadReducida.fid--175d4967_1a00d91a118_-6c64,77269,APARCAPMR_1317,C/ Manuel Curros Enríquez esquina con C/ Guadalhorce,"CALLE MANUEL CURROS ENRÍQUEZ, 1 ",POINT (369822.370188741 4058787.16204649),,,,,,MUNICIPAL,No,No,1,2028
da_aparcamientosMovilidadReducida.fid--175d4967_1a00d91a118_-6c63,66203,APARCAPMR_1192,,"CALLE DANIEL BLANXART, 21 ",POINT (367187.000325014 4063496.99970064),,,,,,MUNICIPAL,No,No,1,2028
da_aparcamientosMovilidadReducida.fid--175d4967_1a00d91a118_-6c62,66575,APARCAPMR_1290,,"CALLE DANIEL BLANXART, 4 ",POINT (366997.99987581 4063523.00072745),,,,,,MUNICIPAL,No,No,1,2028
da_aparcamientosMovilidadReducida.fid--175d4967_1a00d91a118_-6c61,67116,APARCAPMR_049,Esquina con Cl. José María Copello,"CALLE JOSÉ MARÍA COOPELLO, 30 ",POINT (371491.563448423 4065341.93943408),,,,,,MUNICIPAL,No,No,2,2028
da_aparcamientosMovilidadReducida.fid--175d4967_1a00d91a118_-6c60,66623,APARCAPMR_644,A la altura del nº 30,"CALLE CAMPANILLAS, 25 ",POINT (369522.70770867 4059065.95035966),,,,,,MUNICIPAL,No,No,1,2028
da_aparcamientosMovilidadReducida.fid--175d4967_1a00d91a118_-6c5f,66557,APARCAPMR_685,Esquina con c/ Andromeda,"AVENIDA DE PLUTARCO, 69 ",POINT (368132.99973748 4064978.00020547),,,,,,MUNICIPAL,No,No,1,2028
da_aparcamientosMovilidadReducida.fid--175d4967_1a00d91a118_-6c5e,66326,APARCAPMR_857,,"CALLE HÉROE DE SOSTOA, 95 ",POINT (371459.477055244 4063107.49926484),,,,,,MUNICIPAL,No,No,1,2028
da_aparcamientosMovilidadReducida.fid--175d4967_1a00d91a118_-6c5d,76803,APARCAPMR_1025,,"CALLE DE QUASIMODO, 23 ",POINT (369132.907753909 4063850.70553541),,,,,,MUNICIPAL,No,No,3,2028
da_aparcamientosMovilidadReducida.fid--175d4967_1a00d91a118_-6c5c,66583,APARCAPMR_1090,Esq. con Av. María Zambrano,"CALLE DE QUASIMODO, 7 ",POINT (369122.005685298 4063513.42557626),,,,,,MUNICIPAL,No,No,2,2028
da_aparcamientosMovilidadReducida.fid--175d4967_1a00d91a118_-6c5b,66660,APARCAPMR_658,Esquina con Cl. Carril del Capitán,"CARRIL DEL CAPITÁN, 3 ",POINT (369454.757393337 4065403.19558495),,,,,,MUNICIPAL,No,No,1,2028
da_aparcamientosMovilidadReducida.fid--175d4967_1a00d91a118_-6c5a,66966,APARCAPMR_378,A la altura de c/ San Martín,"CALLE NÚÑEZ VELA, 29 ",POINT (370568.071396796 4065487.72156788),,,,,,MUNICIPAL,No,No,4,2028
da_aparcamientosMovilidadReducida.fid--175d4967_1a00d91a118_-6c59,66785,APARCAPMR_283,Esquina con c/ Juan de Rihuerga,"CALLE TAMAYO Y BAUS, 14 ",POINT (369029.011716935 4065512.70351355),,,,,,MUNICIPAL,No,No,1,2028
da_aparcamientosMovilidadReducida.fid--175d4967_1a00d91a118_-6c58,66945,APARCAPMR_182,A la altura del nº 4,"PLAZA JOSÉ BERGAMÍN, 4 ",POINT (370064.782135907 4064680.12894589),,,,,,MUNICIPAL,No,No,1,2028
da_aparcamientosMovilidadReducida.fid--175d4967_1a00d91a118_-6c57,66687,APARCAPMR_552,,"CALLE CORREGIDOR FRANCISCO DE MOLINA, 18 ",POINT (370320.642136837 4064002.2966216),,,,,,MUNICIPAL,No,No,2,2028
da_aparcamientosMovilidadReducida.fid--175d4967_1a00d91a118_-6c56,66416,APARCAPMR_1100,Esq. con Cl. Alejandro Dumas,"AVENIDA DE ISAAC PERAL, 27 ",POINT (369791.430841275 4061942.8448985),,,,,,MUNICIPAL,No,No,1,2028
da_aparcamientosMovilidadReducida.fid--175d4967_1a00d91a118_-6c55,66951,APARCAPMR_359,Esquina con c/ Torres Quevedo,"AVENIDA DE ISAAC PERAL, 14 ",POINT (369942.042263491 4062161.59344123),,,,,,MUNICIPAL,No,No,1,2028
da_aparcamientosMovilidadReducida.fid--175d4967_1a00d91a118_-6c54,66457,APARCAPMR_1061,Esq. con Pasaje Mexía Dávila,"CALLE NÚÑEZ VELA, 22 ",POINT (370367.186992041 4065364.88042177),,,,,,MUNICIPAL,No,No,1,2028
da_aparcamientosMovilidadReducida.fid--175d4967_1a00d91a118_-6c53,67164,APARCAPMR_018,Esquina con c/ Corregidor Francisco Molina,"CALLE CORREGIDOR PEDRO ZAPATA, 2 ",POINT (370307.981765449 4063905.44433243),,,,,,MUNICIPAL,No,No,2,2028
da_aparcamientosMovilidadReducida.fid--175d4967_1a00d91a118_-6c52,66356,APARCAPMR_879,"C/ Andrés Bernáldez N.º 13, esquina con Carril las Morillas","CALLE ANDRÉS BERNÁLDEZ, 13 ",POINT (369044.929337692 4065054.62238398),,,,,,MUNICIPAL,No,No,2,2028
da_aparcamientosMovilidadReducida.fid--175d4967_1a00d91a118_-6c51,67086,APARCAPMR_152,A la altura del nº 188,"AVENIDA CARLOS DE HAYA, 190 ",POINT (369954.818073419 4065311.60787351),,,,,,MUNICIPAL,No,No,1,2028
da_aparcamientosMovilidadReducida.fid--175d4967_1a00d91a118_-6c50,66157,APARCAPMR_1101,Esq. con Camino de la Témica,"CALLE PILAR LORENGAR, 15 ",POINT (370403.615291848 4060600.67046386),,,,,,MUNICIPAL,No,No,1,2028
da_aparcamientosMovilidadReducida.fid--175d4967_1a00d91a118_-6c4f,80739,APARCAPMR_1455,C/ Francisco Rueda Pérez esquina con Pasaje Turia,"CALLE FRANCISCO RUEDA PÉREZ, 3 ",POINT (371494.882262933 4064880.11515356),,,,,,MUNICIPAL,No,No,1,2028
da_aparcamientosMovilidadReducida.fid--175d4967_1a00d91a118_-6c4e,67096,APARCAPMR_259,Delante de la puerta del colegio de La Purísima,"CALLE DOCTOR ESCASSI, 12 ",POINT (371442.319081735 4065122.07573696),,,,,,MUNICIPAL,No,No,4,2028
da_aparcamientosMovilidadReducida.fid--175d4967_1a00d91a118_-6c4d,66960,APARCAPMR_372,Esquina con c/ Rafael Alberti,"CALLE SOLIVA, 30 ",POINT (370215.592555538 4064809.05375184),,,,,,MUNICIPAL,No,No,1,2028
da_aparcamientosMovilidadReducida.fid--175d4967_1a00d91a118_-6c4c,80625,APARCAPMR_1447,"C/ Corregidor Francisco de Molina, Nº 13","CALLE CORREGIDOR FRANCISCO DE MOLINA, 13 ",POINT (370419.263174719 4064015.74845479),,,,,,MUNICIPAL,No,No,1,2028
da_aparcamientosMovilidadReducida.fid--175d4967_1a00d91a118_-6c4b,66377,APARCAPMR_1006,Esq. Cl. Río Guadiana,"CALLE CORREGIDOR FRANCISCO DE MOLINA, 10 ",POINT (370444.912817005 4064032.47185333),,,,,,MUNICIPAL,No,No,1,2028
da_aparcamientosMovilidadReducida.fid--175d4967_1a00d91a118_-6c4a,66641,APARCAPMR_171,Esquina con Pasaje del Cartero,"CALLE PADRE MARTÍN, 11 ",POINT (370489.05430052 4065731.99587617),,,,,,MUNICIPAL,No,No,1,2028
da_aparcamientosMovilidadReducida.fid--175d4967_1a00d91a118_-6c49,67171,APARCAPMR_747,,"CALLE DEL TROMBÓN, 56 ",POINT (368324.981500287 4067402.19658911),,,,,,MUNICIPAL,No,No,1,2028
da_aparcamientosMovilidadReducida.fid--175d4967_1a00d91a118_-6c48,66432,APARCAPMR_1193,Esq. C/ Sigfrido,"CALLE MAREA BAJA, 9 ",POINT (368795.999860898 4063854.00057408),,,,,,MUNICIPAL,No,No,1,2028
da_aparcamientosMovilidadReducida.fid--175d4967_1a00d91a118_-6c47,66584,APARCAPMR_898,,"CALLE MAREA BAJA, 21 ",POINT (368698.888945796 4063864.0063661),,,,,,MUNICIPAL,No,No,1,2028
da_aparcamientosMovilidadReducida.fid--175d4967_1a00d91a118_-6c46,77993,APARCAPMR_1369,Esquina Av. Sor Teresa Prat,"CALLE CARLOS REIN, 2 ",POINT (371456.840010599 4062624.22281596),,,,,,MUNICIPAL,No,No,1,2028
da_aparcamientosMovilidadReducida.fid--175d4967_1a00d91a118_-6c45,66835,APARCAPMR_1286,,"CALLE JAMAICA, 8 ",POINT (371479.999983509 4065575.00014602),,,,,,MUNICIPAL,No,No,1,2028
da_aparcamientosMovilidadReducida.fid--175d4967_1a00d91a118_-6c44,67153,APARCAPMR_245,Esquina con c/ Virgen de las Flores,"CALLE ARGÉNTEA, 1 ",POINT (371134.343324187 4064876.75624682),,,,,,MUNICIPAL,No,No,1,2028
da_aparcamientosMovilidadReducida.fid--175d4967_1a00d91a118_-6c43,66867,APARCAPMR_586,Esquina con Av. Simón Bolívar,"CALLE DE MÁXIMO GORKY, 2 ",POINT (372001.970152196 4066496.66868339),,,,,,MUNICIPAL,No,No,2,2028
da_aparcamientosMovilidadReducida.fid--175d4967_1a00d91a118_-6c42,66838,APARCAPMR_1048,Esq. con Cl. Miragladiolos,"CALLE JUAN ANTONIO TERCERO, 8 ",POINT (371313.274062693 4065837.83576811),,,,,,MUNICIPAL,No,No,2,2028
da_aparcamientosMovilidadReducida.fid--175d4967_1a00d91a118_-6c41,80737,APARCAPMR_1459,"C/ Héroe de Sostoa, Nº 85","CALLE HÉROE DE SOSTOA, 85 ",POINT (371519.997643942 4063159.708944),,,,,,MUNICIPAL,No,No,1,2028
da_aparcamientosMovilidadReducida.fid--175d4967_1a00d91a118_-6c40,78795,APARCAPMR_1402,C/ Héroe de Sostoa esquina con C/ Pulgar,"CALLE HÉROE DE SOSTOA, 42 ",POINT (371861.655695079 4063502.78235171),,,,,,MUNICIPAL,No,No,1,2028
da_aparcamientosMovilidadReducida.fid--175d4967_1a00d91a118_-6c3f,66430,APARCAPMR_1185,,"CALLE VICTORIA, 62 ",POINT (373624.999941937 4065296.99987656),,,,,,MUNICIPAL,No,No,1,2028
da_aparcamientosMovilidadReducida.fid--175d4967_1a00d91a118_-6c3e,66663,APARCAPMR_568,Esquina con c/ Tamayo y Baus,"CALLE TAMAYO Y BAUS, 8 ",POINT (369023.855844459 4065449.79968974),,,,,,MUNICIPAL,No,No,1,2028
da_aparcamientosMovilidadReducida.fid--175d4967_1a00d91a118_-6c3d,66717,APARCAPMR_1232,C/ Licurgo esq. Pje. Amantillo,"CALLE LICURGO, 28 ",POINT (369303.000234156 4061608.00065237),,,,,,MUNICIPAL,No,No,1,2028
da_aparcamientosMovilidadReducida.fid--175d4967_1a00d91a118_-6c3c,67134,APARCAPMR_303,Esquina con Avda. Santa Rosa de Lima,"AVENIDA CARLOS DE HAYA, 67 ",POINT (370659.414871152 4065048.17374447),,,,,,MUNICIPAL,No,No,1,2028
da_aparcamientosMovilidadReducida.fid--175d4967_1a00d91a118_-6c3b,74964,APARCAPMR_1293,,"CALLE DEL TROMBÓN, 12 ",POINT (368288.439402477 4067120.79565971),,,,,,MUNICIPAL,No,No,1,2028
da_aparcamientosMovilidadReducida.fid--175d4967_1a00d91a118_-6c3a,66541,APARCAPMR_1175,esq. Gabriel de la Encina,"CALLE REBOUL, 29 ",POINT (371323.999684762 4063599.99966298),,,,,,MUNICIPAL,No,No,1,2028
da_aparcamientosMovilidadReducida.fid--175d4967_1a00d91a118_-6c39,67178,APARCAPMR_347,Esquina con Cl. Alfarnate,"CALLE ALFARNATE, 2 ",POINT (370032.471400634 4063581.98379113),,,,,,MUNICIPAL,No,No,1,2028
da_aparcamientosMovilidadReducida.fid--175d4967_1a00d91a118_-6c38,66886,APARCAPMR_534,Esquina con c/ Flaubert,"CALLE FLAUBERT, 2 ",POINT (369536.485328218 4065267.64221936),,,,,,MUNICIPAL,No,No,1,2028
da_aparcamientosMovilidadReducida.fid--175d4967_1a00d91a118_-6c37,67147,APARCAPMR_215,Esquina con Cl. Ubrique,"AVENIDA DE JOSÉ ORTEGA Y GASSET, 149 ",POINT (370163.720684157 4063660.22159926),,,,,,MUNICIPAL,No,No,1,2028
da_aparcamientosMovilidadReducida.fid--175d4967_1a00d91a118_-6c36,66894,APARCAPMR_601,Esquina con c/ Calixto y Melibea,"CALLE DE QUASIMODO, 18 ",POINT (369140.162598502 4063823.56226671),,,,,,MUNICIPAL,No,No,2,2028
da_aparcamientosMovilidadReducida.fid--175d4967_1a00d91a118_-6c35,67161,APARCAPMR_016,Junto a Dirección General de Policía,"CALLE DE CONAN DOYLE, 7 ",POINT (370521.95754116 4064181.90561456),,,,,,MUNICIPAL,No,No,2,2028
da_aparcamientosMovilidadReducida.fid--175d4967_1a00d91a118_-6c34,66708,APARCAPMR_122,A la altura del nº 2,"CALLE CORREGIDOR JOSÉ VICIANA, 4 ",POINT (370521.431723289 4064489.7421236),,,,,,MUNICIPAL,No,No,3,2028
da_aparcamientosMovilidadReducida.fid--175d4967_1a00d91a118_-6c33,66279,APARCAPMR_806,Frente a Cl. Río Guadajira.,"CALLE HÉROE DE SOSTOA, 59 ",POINT (371771.708756092 4063390.23225743),,,,,,MUNICIPAL,No,No,1,2028
da_aparcamientosMovilidadReducida.fid--175d4967_1a00d91a118_-6c32,79610,APARCAPMR_1432,"C/ Pablo Bruna esq. C /Charles Dickens
","CALLE PABLO BRUNA, 3 ",POINT (369054.774633093 4065163.25418659),,,,,,MUNICIPAL,No,No,1,2028
da_aparcamientosMovilidadReducida.fid--175d4967_1a00d91a118_-6c31,66127,APARCAPMR_808,,"CALLE MANUEL AMARO, 14 ",POINT (368975.463076801 4065123.1644667),,,,,,MUNICIPAL,No,No,1,2028
da_aparcamientosMovilidadReducida.fid--175d4967_1a00d91a118_-6c30,66938,APARCAPMR_285,Puerta del colegio.,"CALLE TAMAYO Y BAUS, 43 ",POINT (368998.675190794 4065800.19474842),,,,,,MUNICIPAL,No,No,2,2028
da_aparcamientosMovilidadReducida.fid--175d4967_1a00d91a118_-6c2f,66565,APARCAPMR_710,Avda.Virgen de Belén,"AVENIDA DE ISAAC PERAL, 22 ",POINT (369848.031715763 4062006.82101737),,,,,,MUNICIPAL,No,No,1,2028
da_aparcamientosMovilidadReducida.fid--175d4967_1a00d91a118_-6c2e,66716,APARCAPMR_1202,C/ Los Ficus esq. C/ Los Aguacates,"CALLE LOS FICUS, 18 ",POINT (373299.999933874 4067365.99981087),,,,,,MUNICIPAL,No,No,1,2028
da_aparcamientosMovilidadReducida.fid--175d4967_1a00d91a118_-6c2d,66294,APARCAPMR_819,,"CALLE PILAR LORENGAR, 1 ",POINT (369764.116962164 4060910.41235691),,,,,,MUNICIPAL,No,No,1,2028
da_aparcamientosMovilidadReducida.fid--175d4967_1a00d91a118_-6c2c,67035,APARCAPMR_292,A la altura del nº 18,"CALLE TOQUERO, 23 ",POINT (373722.730533929 4066266.31528173),,,,,,MUNICIPAL,No,No,1,2028
da_aparcamientosMovilidadReducida.fid--175d4967_1a00d91a118_-6c2b,66905,APARCAPMR_399,Esquina con Av. Carlos Haya,"CALLE PEDRO ESPINOSA, 1 ",POINT (370493.29597896 4065086.41129251),,,,,,MUNICIPAL,No,No,3,2028
da_aparcamientosMovilidadReducida.fid--175d4967_1a00d91a118_-6c2a,67284,APARCAPMR_508,Esquina con Cl. Escultor Marín Higuero,"AVENIDA DE SALVADOR ALLENDE, 10 ",POINT (378114.531299997 4064659.12603032),,,,,,MUNICIPAL,No,No,1,2028
da_aparcamientosMovilidadReducida.fid--175d4967_1a00d91a118_-6c29,67283,APARCAPMR_507,Esquina con Avenida Pintor Joaquín Sorolla,"CALLE IDRIS, 2 ",POINT (375273.365372996 4065087.66866175),,,,,,MUNICIPAL,No,No,1,2028
da_aparcamientosMovilidadReducida.fid--175d4967_1a00d91a118_-6c28,66884,APARCAPMR_516,Frente al Centro de Salud,"CALLE SANCHO MIRANDA, 11 ",POINT (373253.970550453 4067853.14312754),,,,,,MUNICIPAL,No,No,2,2028
da_aparcamientosMovilidadReducida.fid--175d4967_1a00d91a118_-6c27,66980,APARCAPMR_401,A la altura del nº 10,"CALLE ARMIJO, 11 ",POINT (373357.399753603 4067106.74679772),,,,,,MUNICIPAL,No,No,1,2028
da_aparcamientosMovilidadReducida.fid--175d4967_1a00d91a118_-6c26,67058,APARCAPMR_062,Esquina con c/  Keromnes,"CALLE PUERTO, 15 ",POINT (374248.589925302 4064753.24151528),,,,,,MUNICIPAL,No,No,2,2028
da_aparcamientosMovilidadReducida.fid--175d4967_1a00d91a118_-6c25,66961,APARCAPMR_373,A la altura del nº 9,"CALLE FRANCISCO JIMÉNEZ LOMAS, 9 ",POINT (370853.617993512 4061951.8626731),,,,,,MUNICIPAL,No,No,2,2028
da_aparcamientosMovilidadReducida.fid--175d4967_1a00d91a118_-6c24,78718,APARCAPMR_1393,C/ Rojas esquina con C/ Maestre de Calatrava,"CALLE ROJAS, 67 ",POINT (373114.077499974 4066364.7723519),,,,,,MUNICIPAL,No,No,1,2028
da_aparcamientosMovilidadReducida.fid--175d4967_1a00d91a118_-6c23,74586,APARCAPMR_1097,,"CALLE REPÚBLICA ARGENTINA, 4 ",POINT (375032.557338314 4065407.04543651),,,,,,MUNICIPAL,No,No,2,2028
da_aparcamientosMovilidadReducida.fid--175d4967_1a00d91a118_-6c22,66579,APARCAPMR_1240,Cl. Poeta salvador Ibarra esq Poeta Narciso Franquelo Martinez,"CALLE POETA SALVADOR IBARRA ESPAÑA, 10 ",POINT (372243.999622795 4066187.0001678),,,,,,MUNICIPAL,No,No,1,2028
da_aparcamientosMovilidadReducida.fid--175d4967_1a00d91a118_-6c21,66681,APARCAPMR_564,Esquina Av. la Paloma,"AVENIDA DE EUROPA, 53 ",POINT (370886.450200608 4062857.5795312),,,,,,MUNICIPAL,No,No,2,2028
da_aparcamientosMovilidadReducida.fid--175d4967_1a00d91a118_-6c20,66403,APARCAPMR_1017,Esq. con Cl. Mario Moreno,"AVENIDA DE SALVADOR ALLENDE, 34 ",POINT (378403.466166129 4064623.83693867),,,,,,MUNICIPAL,No,No,1,2028
da_aparcamientosMovilidadReducida.fid--175d4967_1a00d91a118_-6c1f,67127,APARCAPMR_138,Esquina con c/ Poeta Agustín Ruano,"CALLE POETISA JUANA LUNA, 4 ",POINT (372136.681741285 4066133.76666325),,,,,,MUNICIPAL,No,No,1,2028
da_aparcamientosMovilidadReducida.fid--175d4967_1a00d91a118_-6c1e,66586,APARCAPMR_955,,"CALLE POETISA JUANA LUNA, 1 ",POINT (372128.35311219 4066098.02518541),,,,,,MUNICIPAL,No,No,1,2028
da_aparcamientosMovilidadReducida.fid--175d4967_1a00d91a118_-6c1d,78940,APARCAPMR_1412,,"AVENIDA DE EUROPA, 21 ",POINT (371142.483307166 4062927.57302944),,,,,,MUNICIPAL,No,No,1,2028
da_aparcamientosMovilidadReducida.fid--175d4967_1a00d91a118_-6c1c,66344,APARCAPMR_185,Esquina con Av. Juan XXIII,"AVENIDA DE EUROPA, 1 ",POINT (371277.821029457 4062998.0192305),,,,,,MUNICIPAL,No,No,2,2028
da_aparcamientosMovilidadReducida.fid--175d4967_1a00d91a118_-6c1b,66533,APARCAPMR_609,Esquina con c/ Cid Campeador,"CALLE VILLAFUERTE, 45 ",POINT (378629.934087864 4065160.0361707),,,,,,MUNICIPAL,No,No,2,2028
da_aparcamientosMovilidadReducida.fid--175d4967_1a00d91a118_-6c1a,67177,APARCAPMR_219,Esquina con Cl. Siméon Giménez Reyna. Delante de la Tesorería General de la Seguridad Socialo,"CALLE INGENIERO DE LA TORRE ACOSTA, 5 ",POINT (371505.596081371 4064780.75599381),,,,,,MUNICIPAL,No,No,2,2028
da_aparcamientosMovilidadReducida.fid--175d4967_1a00d91a118_-6c19,66175,APARCAPMR_708,Esquina con Cl. Actriz Rosario Pino,"CALLE ACTRIZ ROSARIO PINO, 15 ",POINT (372823.614016215 4066117.08366745),,,,,,MUNICIPAL,No,No,1,2028
da_aparcamientosMovilidadReducida.fid--175d4967_1a00d91a118_-6c18,67215,APARCAPMR_180,A la altura del nº 10,"CALLE MARMOLISTA, 10 ",POINT (373446.331718185 4066508.32457727),,,,,,MUNICIPAL,No,No,3,2028
da_aparcamientosMovilidadReducida.fid--175d4967_1a00d91a118_-6c17,67046,APARCAPMR_187,Esquina con Cl. Padre Lerchundi,"AVENIDA DE SALVADOR ALLENDE, 138 ",POINT (378913.107483439 4064533.09911219),,,,,,MUNICIPAL,No,No,2,2028
da_aparcamientosMovilidadReducida.fid--175d4967_1a00d91a118_-6c16,67125,APARCAPMR_137,Esquina con c/ Poetisa Juana Luna,"CALLE POETISA JUANA LUNA, 8 ",POINT (372143.936325522 4066210.40452438),,,,,,MUNICIPAL,No,No,1,2028
da_aparcamientosMovilidadReducida.fid--175d4967_1a00d91a118_-6c15,67047,APARCAPMR_210,Esquina con Playa Virginia. Frente al nº 278.,"AVENIDA DE SALVADOR ALLENDE, 292 ",POINT (379383.108762431 4064399.60449932),,,,,,MUNICIPAL,No,No,1,2028
da_aparcamientosMovilidadReducida.fid--175d4967_1a00d91a118_-6c14,66506,APARCAPMR_515,Esquina con c/ Badajoz,"CALLE MARÍA DE ZAYAS Y SOTOMAYOR, 6 ",POINT (373152.088576418 4068363.49565549),,,,,,MUNICIPAL,No,No,2,2028
da_aparcamientosMovilidadReducida.fid--175d4967_1a00d91a118_-6c13,67152,APARCAPMR_179,A la altura del nº 9,"CALLE PEÑARRUBIA, 40 ",POINT (370025.636714841 4063819.14284465),,,,,,MUNICIPAL,No,No,1,2028
da_aparcamientosMovilidadReducida.fid--175d4967_1a00d91a118_-6c12,66898,APARCAPMR_726,Esq. Peñarrubia,"CALLE PEÑARRUBIA, 40 ",POINT (370023.126056618 4063810.8233573),,,,,,MUNICIPAL,No,No,1,2028
da_aparcamientosMovilidadReducida.fid--175d4967_1a00d91a118_-6c11,66715,APARCAPMR_1194,,"PASAJE BERNARDA ALBA, 11 ",POINT (369587.999910767 4058585.00026396),,,,,,MUNICIPAL,No,No,1,2028
da_aparcamientosMovilidadReducida.fid--175d4967_1a00d91a118_-6c10,66578,APARCAPMR_1115,Esq. con Cl. Decano Salvador Barroso,"CALLE DECANO LÓPEZ ARJONA, 43 ",POINT (364898.549942037 4059751.81024838),,,,,,MUNICIPAL,No,No,1,2028
da_aparcamientosMovilidadReducida.fid--175d4967_1a00d91a118_-6c0f,75486,APARCAPMR_1302,,"CALLE DECANO LÓPEZ ARJONA, 9 ",POINT (365068.599840866 4059581.91290615),,,,,,MUNICIPAL,No,No,1,2028
da_aparcamientosMovilidadReducida.fid--175d4967_1a00d91a118_-6c0e,66239,APARCAPMR_767,Esquina con Botavara,"CALLE GEA, 15 ",POINT (368481.610851557 4062404.16498332),,,,,,MUNICIPAL,No,No,1,2028
da_aparcamientosMovilidadReducida.fid--175d4967_1a00d91a118_-6c0d,66566,APARCAPMR_711,Esquina con Cl. Félix Gancedo,"CALLE FÉLIX GANCEDO, 14 ",POINT (366740.867193823 4065071.6934161),,,,,,MUNICIPAL,No,No,1,2028
da_aparcamientosMovilidadReducida.fid--175d4967_1a00d91a118_-6c0c,67180,APARCAPMR_154,,"CALLE PÉRTIGA, 4 ",POINT (368472.839742991 4062322.38627171),,,,,,MUNICIPAL,No,No,1,2028
da_aparcamientosMovilidadReducida.fid--175d4967_1a00d91a118_-6c0b,66911,APARCAPMR_434,A la altura del nº 34,"CALLE NEMOROSO, 36 ",POINT (365443.819540552 4063136.33464363),,,,,,MUNICIPAL,No,No,1,2028
da_aparcamientosMovilidadReducida.fid--175d4967_1a00d91a118_-6c0a,66650,APARCAPMR_620,Esquina con Cl. Hermanos Lumiere,"CALLE LUIS RECUERDA MONTILLA, 1 ",POINT (369330.805347524 4061908.97613999),,,,,,MUNICIPAL,No,No,1,2028
da_aparcamientosMovilidadReducida.fid--175d4967_1a00d91a118_-6c09,66723,APARCAPMR_1244,,"CALLE NEMOROSO, 26 ",POINT (365463.999592386 4063172.000479),,,,,,MUNICIPAL,No,No,2,2028
da_aparcamientosMovilidadReducida.fid--175d4967_1a00d91a118_-6c08,66194,APARCAPMR_737,,"CALLE PINOSOL, 40 ",POINT (373938.45785203 4065283.46517235),,,,,,MUNICIPAL,No,No,1,2028
da_aparcamientosMovilidadReducida.fid--175d4967_1a00d91a118_-6c07,78801,APARCAPMR_1403,"C/ Gonzalo de Ayora, N.º 17","CALLE DE GONZALO DE AYORA, 17 ",POINT (364758.687114971 4059696.88096302),,,,,,MUNICIPAL,No,No,1,2028
da_aparcamientosMovilidadReducida.fid--175d4967_1a00d91a118_-6c06,66563,APARCAPMR_695,Esquina con c/ Chaparral,"CALLE GENERACIÓN, 5 ",POINT (365314.616152023 4063296.28593136),,,,,,MUNICIPAL,No,No,1,2028
da_aparcamientosMovilidadReducida.fid--175d4967_1a00d91a118_-6c05,67237,APARCAPMR_294,Esquina con Cl. Genil,"CALLE HÉROE DE SOSTOA, 89 ",POINT (371488.279230396 4063144.70728306),,,,,,MUNICIPAL,No,No,2,2028
da_aparcamientosMovilidadReducida.fid--175d4967_1a00d91a118_-6c04,66977,APARCAPMR_394,Centro de Salud Miraflores,"CALLE ENRIQUE DE EGAS, 31 ",POINT (371303.636885324 4065769.73453859),,,,,,MUNICIPAL,No,No,3,2028
da_aparcamientosMovilidadReducida.fid--175d4967_1a00d91a118_-6c03,67267,APARCAPMR_321,Esquina con Cl. Maestro Tomás Bretón,"CALLE MAESTRO SERRANO, 13 ",POINT (365570.183011271 4058500.61549203),,,,,,MUNICIPAL,No,No,1,2028
da_aparcamientosMovilidadReducida.fid--175d4967_1a00d91a118_-6c02,77972,APARCAPMR_1348,,"CALLE CÉSAR MANRIQUE, 1 ",POINT (369446.547496433 4065633.92885251),,,,,,MUNICIPAL,No,No,1,2028
da_aparcamientosMovilidadReducida.fid--175d4967_1a00d91a118_-6c01,77973,APARCAPMR_1349,,"CALLE CÉSAR MANRIQUE, 4 ",POINT (369454.540829841 4065642.41594201),,,,,,MUNICIPAL,No,No,1,2028
da_aparcamientosMovilidadReducida.fid--175d4967_1a00d91a118_-6c00,66325,APARCAPMR_869,,"CALLE DEL DÍA, 6 ",POINT (359812.730605654 4066204.92436155),,,,,,MUNICIPAL,No,No,1,2028
da_aparcamientosMovilidadReducida.fid--175d4967_1a00d91a118_-6bff,66441,APARCAPMR_893,Esquina calle Cantaro,"CALLE VASIJA, 23 ",POINT (360315.356008174 4066275.11130086),,,,,,MUNICIPAL,No,No,1,2028
da_aparcamientosMovilidadReducida.fid--175d4967_1a00d91a118_-6bfe,76025,APARCAPMR_1296,esquina con con el Pasaje Maestro Soutullo,"CALLE MAESTRO SERRANO, 63 ",POINT (365794.629093257 4058450.10945848),,,,,,MUNICIPAL,No,No,1,2028
da_aparcamientosMovilidadReducida.fid--175d4967_1a00d91a118_-6bfd,67080,APARCAPMR_352,Esquina con c/ San Juan Bosco,"CALLE SALESIANOS, 5 ",POINT (372967.176977407 4066415.84793748),,,,,,MUNICIPAL,No,No,2,2028
da_aparcamientosMovilidadReducida.fid--175d4967_1a00d91a118_-6bfc,77969,APARCAPMR_1345,Esquina Pintor Murillo Bracho,"CALLE CÉSAR MANRIQUE, 6 ",POINT (369459.968229703 4065766.42226598),,,,,,MUNICIPAL,No,No,1,2028
da_aparcamientosMovilidadReducida.fid--175d4967_1a00d91a118_-6bfb,77978,APARCAPMR_1354,Esquina c/ Manet,"CALLE CÉSAR MANRIQUE, 9 ",POINT (369554.173662486 4066071.983503),,,,,,MUNICIPAL,No,No,1,2028
da_aparcamientosMovilidadReducida.fid--175d4967_1a00d91a118_-6bfa,77974,APARCAPMR_1350,Esquina Max Bruch,"CALLE CÉSAR MANRIQUE, 10 ",POINT (369510.348221262 4065923.40251772),,,,,,MUNICIPAL,No,No,1,2028
da_aparcamientosMovilidadReducida.fid--175d4967_1a00d91a118_-6bf9,66296,APARCAPMR_836,Esquina con c/ Torrox.,"CALLE HUNGRÍA, 52B",POINT (338840.535174451 -492303.5223275),,,,,,MUNICIPAL,No,No,1,2028
da_aparcamientosMovilidadReducida.fid--175d4967_1a00d91a118_-6bf8,66278,APARCAPMR_757,,"CALLE NAVARRO LEDESMA, 196 ",POINT (366676.562120272 4064970.86147941),,,,,,MUNICIPAL,No,No,2,2028
da_aparcamientosMovilidadReducida.fid--175d4967_1a00d91a118_-6bf7,66725,APARCAPMR_1253,,"CALLE RICARDO LÓPEZ BARROSO, 1 ",POINT (365834.000381138 4058430.00004401),,,,,,MUNICIPAL,No,No,1,2028
da_aparcamientosMovilidadReducida.fid--175d4967_1a00d91a118_-6bf6,77987,APARCAPMR_1363,Esquina C/ San Lucas,"CALLE SANTA JUSTA, 7 ",POINT (371306.943521292 4063275.89355895),,,,,,MUNICIPAL,No,No,1,2028
da_aparcamientosMovilidadReducida.fid--175d4967_1a00d91a118_-6bf5,66376,APARCAPMR_999,Esq. con Pasaje Maestro Soutullo,"CALLE ÁNGELES RUBIO-ARGÜELLES, 55 ",POINT (365816.465893514 4058507.01682666),,,,,,MUNICIPAL,No,No,1,2028
da_aparcamientosMovilidadReducida.fid--175d4967_1a00d91a118_-6bf4,66869,APARCAPMR_600,Esquina con c/ Mastil,"CALLE BACHILLER PALMA, 4 ",POINT (368396.95001634 4062253.81072765),,,,,,MUNICIPAL,No,No,2,2028
da_aparcamientosMovilidadReducida.fid--175d4967_1a00d91a118_-6bf3,66188,APARCAPMR_730,A la altura del nº 10,"CALLE LOS FICUS, 12B",POINT (373228.912529707 4067358.59566755),,,,,,MUNICIPAL,No,No,1,2028
da_aparcamientosMovilidadReducida.fid--175d4967_1a00d91a118_-6bf2,66691,APARCAPMR_576,A la altura del nº18,"PASAJE DE LA ALBORADA, 2 ",POINT (370717.889837234 4062745.59715519),,,,,,MUNICIPAL,No,No,1,2028
da_aparcamientosMovilidadReducida.fid--175d4967_1a00d91a118_-6bf1,66417,APARCAPMR_1120,,"CALLE VERONÉS, 23 ",POINT (362547.381884853 4065204.32156871),,,,,,MUNICIPAL,No,No,1,2028
da_aparcamientosMovilidadReducida.fid--175d4967_1a00d91a118_-6bf0,66747,APARCAPMR_952,Esquina Camino Guadalmar a la Loma,"CALLE BOGOTÁ, 2 ",POINT (368523.940058928 4059059.61414212),,,,,,MUNICIPAL,No,No,2,2028
da_aparcamientosMovilidadReducida.fid--175d4967_1a00d91a118_-6bef,66572,APARCAPMR_717,Esquina con Plza. Ntra. Sra. del Rosario,"CALLE PINTOR DÁMASO RUANO, 10 ",POINT (378980.79403362 4064541.62437636),,,,,,MUNICIPAL,No,No,2,2028
da_aparcamientosMovilidadReducida.fid--175d4967_1a00d91a118_-6bee,78796,APARCAPMR_1407,C/ Wilkinson esquina con C/ Conde Lucanor,"CALLE WILKINSON, 50 ",POINT (369505.305910436 4059161.12042441),,,,,,MUNICIPAL,No,No,1,2028
da_aparcamientosMovilidadReducida.fid--175d4967_1a00d91a118_-6bed,67008,APARCAPMR_444,Esquina con c/ Andarax,"CALLE LA UNIÓN, 77 ",POINT (371131.394488499 4063594.95452084),,,,,,MUNICIPAL,No,No,1,2028
da_aparcamientosMovilidadReducida.fid--175d4967_1a00d91a118_-6bec,67112,APARCAPMR_195,A la altura del nº 8,"CALLE EDUARDO SAN MARTÍN, 14 ",POINT (371669.968184495 4065188.49530705),,,,,,MUNICIPAL,No,No,2,2028
da_aparcamientosMovilidadReducida.fid--175d4967_1a00d91a118_-6beb,66182,APARCAPMR_728,A la altura del nº 2,"CALLE RAFAEL SALINAS, 2 ",POINT (371726.61518932 4063384.33469175),,,,,,MUNICIPAL,No,No,1,2028
da_aparcamientosMovilidadReducida.fid--175d4967_1a00d91a118_-6bea,66191,APARCAPMR_738,A la altura del nº1,"CALLE MITJANA, 2 ",POINT (373696.107691055 4065753.15369176),,,,,,MUNICIPAL,No,No,1,2028
da_aparcamientosMovilidadReducida.fid--175d4967_1a00d91a118_-6be9,67287,APARCAPMR_521,A la altura del nº 89,"AVENIDA DE EUROPA, 91 ",POINT (370356.957678179 4062629.81947786),,,,,,MUNICIPAL,No,No,1,2028
da_aparcamientosMovilidadReducida.fid--175d4967_1a00d91a118_-6be8,66582,APARCAPMR_1083,,"AVENIDA DE EUROPA, 87 ",POINT (370421.380530973 4062660.76522911),,,,,,MUNICIPAL,No,No,1,2028
da_aparcamientosMovilidadReducida.fid--175d4967_1a00d91a118_-6be7,66343,APARCAPMR_106,Esquina con Cl. Jerónimo Bobadilla.,"AVENIDA DE EUROPA, 83 ",POINT (370462.173745714 4062687.83838528),,,,,,MUNICIPAL,No,No,2,2028
da_aparcamientosMovilidadReducida.fid--175d4967_1a00d91a118_-6be6,66846,APARCAPMR_1023,Esq. Cl. Diego López de Zuñiga,"CALLE NAVARRO LEDESMA, 165 ",POINT (368830.816539758 4065348.13145526),,,,,,MUNICIPAL,No,No,1,2028
da_aparcamientosMovilidadReducida.fid--175d4967_1a00d91a118_-6be5,67029,APARCAPMR_479,Esquina con c/ Antonio Luis Carrión,"CALLE LA UNIÓN, 27 ",POINT (371657.929288347 4063846.63606345),,,,,,MUNICIPAL,No,No,1,2028
da_aparcamientosMovilidadReducida.fid--175d4967_1a00d91a118_-6be4,66330,APARCAPMR_075,A la altura de c/ Pedro de Paz,"CALLE LA UNIÓN, 72 ",POINT (371073.300973409 4063560.33745615),,,,,,MUNICIPAL,No,No,2,2028
da_aparcamientosMovilidadReducida.fid--175d4967_1a00d91a118_-6be3,66839,APARCAPMR_1064,Esq. con Cl. Niño Jesús de Praga,"CALLE PRINCESA POLIXENA, 4 ",POINT (370605.774300899 4062150.32004669),,,,,,MUNICIPAL,No,No,1,2028
da_aparcamientosMovilidadReducida.fid--175d4967_1a00d91a118_-6be2,66761,APARCAPMR_585,Esquina con Cl. Navarro Ledesma,"CALLE NAVARRO LEDESMA, 221 ",POINT (368467.446109953 4065264.68933598),,,,,,MUNICIPAL,No,No,1,2028
da_aparcamientosMovilidadReducida.fid--175d4967_1a00d91a118_-6be1,79698,APARCAPMR_1427,"C/ Navarro Ledesma, Nº 122","CALLE NAVARRO LEDESMA, 122 ",POINT (368770.125691579 4065347.10310706),,,,,,MUNICIPAL,No,No,1,2028
da_aparcamientosMovilidadReducida.fid--175d4967_1a00d91a118_-6be0,80623,APARCAPMR_1452," C/ Hermes esquina con C/ Antigona, a la altura del Nº 5","CALLE HERMES, 12 ",POINT (368206.807682162 4065050.00667756),,,,,,MUNICIPAL,No,No,1,2028
da_aparcamientosMovilidadReducida.fid--175d4967_1a00d91a118_-6bdf,77790,APARCAPMR_1332,Avenida Europa esquina con C/ Cortijuelo,"AVENIDA DE EUROPA, 73 ",POINT (370696.699754895 4062809.79065491),,,,,,MUNICIPAL,No,No,1,2028
da_aparcamientosMovilidadReducida.fid--175d4967_1a00d91a118_-6bde,66409,APARCAPMR_1016,Esq. Pasaje Alborada,"AVENIDA DE EUROPA, 65 ",POINT (370702.111014246 4062790.00987369),,,,,,MUNICIPAL,No,No,1,2028
da_aparcamientosMovilidadReducida.fid--175d4967_1a00d91a118_-6bdd,66230,APARCAPMR_770,,"CALLE LA UNIÓN, 28 ",POINT (371587.392895891 4063826.17209408),,,,,,MUNICIPAL,No,No,1,2028
da_aparcamientosMovilidadReducida.fid--175d4967_1a00d91a118_-6bdc,66242,APARCAPMR_791,,"PASEO TANIMA, 2 ",POINT (370687.523881142 4060326.18635394),,,,,,MUNICIPAL,No,No,1,2028
da_aparcamientosMovilidadReducida.fid--175d4967_1a00d91a118_-6bdb,66824,APARCAPMR_1027,Esq. con Cl. Corregidor Jerónimo Valenzuela,"CALLE CORREGIDOR NICOLÁS ISIDRO, 14 ",POINT (370270.92217657 4064259.03222086),,,,,,MUNICIPAL,No,No,1,2028
da_aparcamientosMovilidadReducida.fid--175d4967_1a00d91a118_-6bda,67017,APARCAPMR_457,Plaza bloque 23,"CALLE CORREGIDOR NICOLÁS ISIDRO, 14 ",POINT (370267.012394927 4064237.83791562),,,,,,MUNICIPAL,No,No,2,2028
da_aparcamientosMovilidadReducida.fid--175d4967_1a00d91a118_-6bd9,66909,APARCAPMR_418,Esquina con c/ Almogía,"CALLE CORREGIDOR NICOLÁS ISIDRO, 16 ",POINT (370185.137605128 4064234.84466918),,,,,,MUNICIPAL,No,No,2,2028
da_aparcamientosMovilidadReducida.fid--175d4967_1a00d91a118_-6bd8,66285,APARCAPMR_825,,"CALLE PIRITA, 5 ",POINT (367687.78720511 4066951.76365563),,,,,,MUNICIPAL,No,No,1,2028
da_aparcamientosMovilidadReducida.fid--175d4967_1a00d91a118_-6bd7,66422,APARCAPMR_1031,Esq. Paseo Marítimo Pablo Ruiz Picasso,"CALLE FERNANDO CAMINO, 22 ",POINT (374140.058810081 4064572.86233039),,,,,,MUNICIPAL,No,No,1,2028
da_aparcamientosMovilidadReducida.fid--175d4967_1a00d91a118_-6bd6,77268,APARCAPMR_1311,,"CALLE VILLANUEVA DE ALGAIDAS, 3 ",POINT (369856.566624016 4061125.34444434),,,,,,MUNICIPAL,No,No,1,2028
da_aparcamientosMovilidadReducida.fid--175d4967_1a00d91a118_-6bd5,66202,APARCAPMR_1190,Esq. C/ Eolo,"CALLE HERMES, 1 ",POINT (368289.000049107 4065045.99996183),,,,,,MUNICIPAL,No,No,1,2028
da_aparcamientosMovilidadReducida.fid--175d4967_1a00d91a118_-6bd4,67217,APARCAPMR_164,Esquina con c/ Don Cristian,"CALLE MONTES DE OCA, 21 ",POINT (372279.826237604 4064710.1181828),,,,,,MUNICIPAL,No,No,2,2028
da_aparcamientosMovilidadReducida.fid--175d4967_1a00d91a118_-6bd3,66346,APARCAPMR_227,Esquina con c/ El Ches. Frente al nº 8,"AVENIDA DE EUROPA, 108 ",POINT (370030.070164301 4062429.31347446),,,,,,MUNICIPAL,No,No,1,2028
da_aparcamientosMovilidadReducida.fid--175d4967_1a00d91a118_-6bd2,66695,APARCAPMR_563,Esquina con c/ Ferrándiz,"CALLE HURTADO DE MENDOZA, 1 ",POINT (373880.016195638 4065548.63549132),,,,,,MUNICIPAL,No,No,2,2028
da_aparcamientosMovilidadReducida.fid--175d4967_1a00d91a118_-6bd1,66301,APARCAPMR_876,,"CALLE VIRGEN DE LA FUENSANTA, 50 ",POINT (370745.813280161 4064121.9079987),,,,,,MUNICIPAL,No,No,1,2028
da_aparcamientosMovilidadReducida.fid--175d4967_1a00d91a118_-6bd0,66672,APARCAPMR_1062,Esq. con Av. Plutarco,"CALLE FRANCISCO BARBÍN, 19 ",POINT (368464.869721502 4064936.85564944),,,,,,MUNICIPAL,No,No,1,2028
da_aparcamientosMovilidadReducida.fid--175d4967_1a00d91a118_-6bcf,76810,APARCAPMR_1230,,"CALLE CRISTO DEL PUERTO, 21 ",POINT (367787.402718175 4066309.6260568),,,,,,MUNICIPAL,No,No,2,2028
da_aparcamientosMovilidadReducida.fid--175d4967_1a00d91a118_-6bce,66809,APARCAPMR_923,Esquina con Cl. Cristino Martos,"CALLE CRISTINO MARTOS, 5 ",POINT (371753.465628991 4065893.47439143),,,,,,MUNICIPAL,No,No,1,2028
da_aparcamientosMovilidadReducida.fid--175d4967_1a00d91a118_-6bcd,66458,APARCAPMR_1127,Esq. con Cl. Mercedes Llopart,"CALLE NAVARRO LEDESMA, 245 ",POINT (367812.000083118 4065329.9997457),,,,,,MUNICIPAL,No,No,2,2028
da_aparcamientosMovilidadReducida.fid--175d4967_1a00d91a118_-6bcc,67275,APARCAPMR_486,Esquina con Explanada de la Estación,"CALLE MENDÍVIL, 6 ",POINT (372100.168228234 4063971.53878215),,,,,,MUNICIPAL,No,No,1,2028
da_aparcamientosMovilidadReducida.fid--175d4967_1a00d91a118_-6bcb,66749,APARCAPMR_1019,Esquina con Cl. Cronista Madrid Muñoz,"CALLE CRONISTA MADRID MUÑOZ, 5 ",POINT (372943.068555858 4067545.26370539),,,,,,MUNICIPAL,No,No,1,2028
da_aparcamientosMovilidadReducida.fid--175d4967_1a00d91a118_-6bca,66172,APARCAPMR_1073,,"CALLE SEBASTIÁN DE ESLAVA, 14 ",POINT (371771.693301172 4065673.49409455),,,,,,MUNICIPAL,No,No,1,2028
da_aparcamientosMovilidadReducida.fid--175d4967_1a00d91a118_-6bc9,67258,APARCAPMR_132,Palacio de Deportes Martín Carpena,"CALLE MIGUEL DE MÉRIDA NICOLICH, 2 ",POINT (369562.991366895 4060554.6931406),,,,,,MUNICIPAL,No,No,13,2028
da_aparcamientosMovilidadReducida.fid--175d4967_1a00d91a118_-6bc8,66358,APARCAPMR_852,,"CALLE MONTAÑA BLANCA, 20 ",POINT (370679.183683799 4062164.08018219),,,,,,MUNICIPAL,No,No,2,2028
da_aparcamientosMovilidadReducida.fid--175d4967_1a00d91a118_-6bc7,66688,APARCAPMR_558,A la altura del nº 15,"CALLE INDUSTRIAL, 18 ",POINT (370290.47557637 4066069.61445651),,,,,,MUNICIPAL,No,No,1,2028
da_aparcamientosMovilidadReducida.fid--175d4967_1a00d91a118_-6bc6,66143,APARCAPMR_802,,"CALLE VIÑUELA, 8 ",POINT (370204.549413081 4064010.70325324),,,,,,MUNICIPAL,No,No,1,2028
da_aparcamientosMovilidadReducida.fid--175d4967_1a00d91a118_-6bc5,66754,APARCAPMR_1071,Esq. con Cl. Virgen de la Paloma,"CALLE VIRGEN DEL ROSARIO, 14 ",POINT (371004.301803944 4064509.59723278),,,,,,MUNICIPAL,No,No,1,2028
da_aparcamientosMovilidadReducida.fid--175d4967_1a00d91a118_-6bc4,66337,APARCAPMR_130,Esquina con c/ Virgen de los Dolores,"CALLE VIRGEN DEL ROSARIO, 7 ",POINT (370996.38185474 4064558.0782794),,,,,,MUNICIPAL,No,No,2,2028
da_aparcamientosMovilidadReducida.fid--175d4967_1a00d91a118_-6bc3,67194,APARCAPMR_198,Esquina con c/ Peinado,"CALLE ACTRIZ ROSARIO PINO, 10 ",POINT (372790.182925941 4065979.35262402),,,,,,MUNICIPAL,No,No,2,2028
da_aparcamientosMovilidadReducida.fid--175d4967_1a00d91a118_-6bc2,66677,APARCAPMR_559,Esquina con Cl. Segismundo Moret. ,"CALLE SEGISMUNDO MORET, 60 ",POINT (371531.295678125 4065762.07799311),,,,,,MUNICIPAL,No,No,3,2028
da_aparcamientosMovilidadReducida.fid--175d4967_1a00d91a118_-6bc1,67163,APARCAPMR_301,A la altura del nº 12,"CALLE CORREGIDOR NICOLÁS ISIDRO, 17 ",POINT (370369.568578638 4064277.37977367),,,,,,MUNICIPAL,No,No,2,2028
da_aparcamientosMovilidadReducida.fid--175d4967_1a00d91a118_-6bc0,67202,APARCAPMR_297,Esquina con Plaza de Toros Vieja,"CALLE PLAZA DE TOROS VIEJA, 9 ",POINT (372509.217724786 4063928.33490627),,,,,,MUNICIPAL,No,No,2,2028
da_aparcamientosMovilidadReducida.fid--175d4967_1a00d91a118_-6bbf,66928,APARCAPMR_489,Esquina con Camino de Rojas. Frente al nº 1,"CALLE DE ÍTACA, 1 ",POINT (360143.778606358 4066264.05546491),,,,,,MUNICIPAL,No,No,2,2028
da_aparcamientosMovilidadReducida.fid--175d4967_1a00d91a118_-6bbe,76872,APARCAPMR_1299_,,"CALLE CERVANTES, 11 ",POINT (374090.557232967 4064651.28588892),,,,,,MUNICIPAL,No,No,1,2028
da_aparcamientosMovilidadReducida.fid--175d4967_1a00d91a118_-6bbd,66250,APARCAPMR_750,,"CALLE DEL MARQUÉS DE MANTUA, 10 ",POINT (373441.027610871 4068143.95442774),,,,,,MUNICIPAL,No,No,1,2028
da_aparcamientosMovilidadReducida.fid--175d4967_1a00d91a118_-6bbc,66445,APARCAPMR_906,Esquina con Av. Jacinto Benavente.,"CALLE DOLORES CORTÉS, 4 ",POINT (372923.341860551 4067840.16329363),,,,,,MUNICIPAL,No,No,1,2028
da_aparcamientosMovilidadReducida.fid--175d4967_1a00d91a118_-6bbb,66888,APARCAPMR_491,A la altura del nº 24,"AVENIDA DE LA ROSALEDA, 24 ",POINT (372707.551291801 4065384.94662574),,,,,,MUNICIPAL,No,No,1,2028
da_aparcamientosMovilidadReducida.fid--175d4967_1a00d91a118_-6bba,66529,APARCAPMR_577,A la altua del 274,"CALLE BOLIVIA, 276 ",POINT (377930.724228269 4064673.19729412),,,,,,MUNICIPAL,No,No,2,2028
da_aparcamientosMovilidadReducida.fid--175d4967_1a00d91a118_-6bb9,66528,APARCAPMR_589,A la altura del nº 274,"CALLE BOLIVIA, 272 ",POINT (377920.687180468 4064675.0104188),,,,,,MUNICIPAL,No,No,2,2028
da_aparcamientosMovilidadReducida.fid--175d4967_1a00d91a118_-6bb8,66561,APARCAPMR_693,Esquina con Cl. Andes,"CALLE ANTOFAGASTA, 46 ",POINT (378834.98208318 4064806.81831379),,,,,,MUNICIPAL,No,No,1,2028
da_aparcamientosMovilidadReducida.fid--175d4967_1a00d91a118_-6bb7,66248,APARCAPMR_772,,"CALLE BOLIVIA, 117 ",POINT (377234.148342681 4064871.3313968),,,,,,MUNICIPAL,No,No,2,2028
da_aparcamientosMovilidadReducida.fid--175d4967_1a00d91a118_-6bb6,66478,APARCAPMR_634,Esquina con Av. Barcelona,"CALLE MARTÍNEZ MALDONADO, 1 ",POINT (372149.937236537 4064932.90967051),,,,,,MUNICIPAL,No,No,1,2028
da_aparcamientosMovilidadReducida.fid--175d4967_1a00d91a118_-6bb5,66227,APARCAPMR_1102,Esq. Av. Jacinto Benavente,"CALLE DOLORES CORTÉS, 8 ",POINT (372983.191034539 4067865.57189722),,,,,,MUNICIPAL,No,No,1,2028
da_aparcamientosMovilidadReducida.fid--175d4967_1a00d91a118_-6bb4,66891,APARCAPMR_573,A la altura del nº 20,"CALLE DEL MARQUÉS DE MANTUA, 22 ",POINT (373665.02108197 4068083.3276238),,,,,,MUNICIPAL,No,No,1,2028
da_aparcamientosMovilidadReducida.fid--175d4967_1a00d91a118_-6bb3,67196,APARCAPMR_004,Esquina con Av. Manuel Agustin Heredia,"CALLE ALEMANIA, 16 ",POINT (372774.89069536 4063964.04669194),,,,,,MUNICIPAL,No,No,2,2028
da_aparcamientosMovilidadReducida.fid--175d4967_1a00d91a118_-6bb2,66312,APARCAPMR_387,,"AVENIDA DE LA ROSALEDA, 11 ",POINT (372723.976013973 4065112.22570387),,,,,,MUNICIPAL,No,No,3,2028
da_aparcamientosMovilidadReducida.fid--175d4967_1a00d91a118_-6bb1,66878,APARCAPMR_496,Esquina con c/ Séneca,"CALLE MARTÍNEZ DE LA ROSA, 25 ",POINT (371919.444936106 4065408.87647937),,,,,,MUNICIPAL,No,No,2,2028
da_aparcamientosMovilidadReducida.fid--175d4967_1a00d91a118_-6bb0,66464,APARCAPMR_1125,,"AVENIDA DEL DOCTOR MARAÑÓN, 25 ",POINT (372447.000248143 4065902.00018784),,,,,,MUNICIPAL,No,No,1,2028
da_aparcamientosMovilidadReducida.fid--175d4967_1a00d91a118_-6baf,66400,APARCAPMR_919,A la altura del nº 15.,"CALLE ANTOFAGASTA, 15 ",POINT (378741.019907488 4064906.54196923),,,,,,MUNICIPAL,No,No,1,2028
da_aparcamientosMovilidadReducida.fid--175d4967_1a00d91a118_-6bae,66647,APARCAPMR_288,Frente a c/ Jándula. Frente al nº 4,"CALLE DOCTOR GÁLVEZ MOLL, 4 ",POINT (372615.990899869 4066869.95544167),,,,,,MUNICIPAL,No,No,3,2028
da_aparcamientosMovilidadReducida.fid--175d4967_1a00d91a118_-6bad,74589,APARCAPMR_1199,,"PASEO MARÍTIMO CIUDAD DE MELILLA, 9 ",POINT (373878.350688411 4064309.79026628),,,,,,MUNICIPAL,No,No,4,2028
da_aparcamientosMovilidadReducida.fid--175d4967_1a00d91a118_-6bac,66316,APARCAPMR_872,Esquina con Cl. Cabo de Gata.,"CALLE DE DOLORES PONCE DE LEÓN, 8 ",POINT (365813.230100632 4058923.40884744),,,,,,MUNICIPAL,No,No,1,2028
da_aparcamientosMovilidadReducida.fid--175d4967_1a00d91a118_-6bab,66931,APARCAPMR_501,Esquina con Av. Cervantes,"AVENIDA DE CERVANTES, 3 ",POINT (373609.185092205 4064746.50030144),,,,,,MUNICIPAL,No,No,3,2028
da_aparcamientosMovilidadReducida.fid--175d4967_1a00d91a118_-6baa,66527,APARCAPMR_633,Fente al nº 119,"CALLE BANDA DEL MAR, 107 ",POINT (379070.64931293 4064431.92677184),,,,,,MUNICIPAL,No,No,2,2028
da_aparcamientosMovilidadReducida.fid--175d4967_1a00d91a118_-6ba9,67195,APARCAPMR_907,Nº 106.,"CALLE BOLIVIA, 106 ",POINT (377083.310814062 4064867.39431349),,,,,,MUNICIPAL,No,No,1,2028
da_aparcamientosMovilidadReducida.fid--175d4967_1a00d91a118_-6ba8,66490,APARCAPMR_628,En su acceso desde Cl. Bolivia.,"CALLE BOLIVIA, 222 ",POINT (377494.504620717 4064808.49229626),,,,,,MUNICIPAL,No,No,1,2028
da_aparcamientosMovilidadReducida.fid--175d4967_1a00d91a118_-6ba7,77786,APARCAPMR_1339,"C/ Doctor Gálvez Moll, nº 42","CALLE DOCTOR GÁLVEZ MOLL, 42 ",POINT (372489.38719189 4066918.26950954),,,,,,MUNICIPAL,No,No,2,2028
da_aparcamientosMovilidadReducida.fid--175d4967_1a00d91a118_-6ba6,79860,APARCAPMR_1433,C/ Lorenza Correa esquina con C/ Donato Jiménez,"CALLE DONATO JIMÉNEZ, 1 ",POINT (372979.688080856 4066907.33137034),,,,,,MUNICIPAL,No,No,1,2028
da_aparcamientosMovilidadReducida.fid--175d4967_1a00d91a118_-6ba5,66507,APARCAPMR_517,Esquina con Pasaje Nicolás Maroto. Frente al nº 11.,"CALLE COMENDADOR BOBADILLA, 6 ",POINT (373211.692185699 4067925.4926296),,,,,,MUNICIPAL,No,No,3,2028
da_aparcamientosMovilidadReducida.fid--175d4967_1a00d91a118_-6ba4,66556,APARCAPMR_694,A la altura del nº 4,"CALLE CABALLERO PLATIR, 3 ",POINT (378686.574766731 4065188.21602651),,,,,,MUNICIPAL,No,No,1,2028
da_aparcamientosMovilidadReducida.fid--175d4967_1a00d91a118_-6ba3,66262,APARCAPMR_1124,,"CALLE SOR JUANA INÉS DE LA CRUZ, 2 ",POINT (373366.00033455 4068369.00073232),,,,,,MUNICIPAL,No,No,1,2028
da_aparcamientosMovilidadReducida.fid--175d4967_1a00d91a118_-6ba2,66768,APARCAPMR_597,A la altura del nº 7,"CALLE QUINTANAR DE LA ORDEN, 7 ",POINT (373072.98578035 4068250.02697707),,,,,,MUNICIPAL,No,No,2,2028
da_aparcamientosMovilidadReducida.fid--175d4967_1a00d91a118_-6ba1,66473,APARCAPMR_1051,Esq. con Cl. Dolores Cortés,"CALLE DOLORES CORTÉS, 17 ",POINT (373072.962340167 4067921.6060913),,,,,,MUNICIPAL,No,No,1,2028
da_aparcamientosMovilidadReducida.fid--175d4967_1a00d91a118_-6ba0,67106,APARCAPMR_059,Esquina con Cl. Martínez Maldonado,"CALLE MARTÍNEZ MALDONADO, 11 ",POINT (372062.275741469 4064934.93578276),,,,,,MUNICIPAL,No,No,2,2028
da_aparcamientosMovilidadReducida.fid--175d4967_1a00d91a118_-6b9f,66252,APARCAPMR_777,,"CALLE FRANCISCO SOTO DE LANGA, 2 ",POINT (365963.645069913 4058628.99552536),,,,,,MUNICIPAL,No,No,1,2028
da_aparcamientosMovilidadReducida.fid--175d4967_1a00d91a118_-6b9e,67212,APARCAPMR_126,A la altura del nº 2,"CALLE LAGUNILLAS, 59 ",POINT (373624.233288893 4065436.71674914),,,,,,MUNICIPAL,No,No,2,2028
da_aparcamientosMovilidadReducida.fid--175d4967_1a00d91a118_-6b9d,67063,APARCAPMR_040,Esquina con c/ Magallanes,"PASEO MARÍTIMO CIUDAD DE MELILLA, 15 ",POINT (373938.275419873 4064368.58198543),,,,,,MUNICIPAL,No,No,2,2028
da_aparcamientosMovilidadReducida.fid--175d4967_1a00d91a118_-6b9c,76030,APARCAPMR_1298,esquina con calle Pintor Casilari Roldán,"PASEO MARÍTIMO CIUDAD DE MELILLA, 21 ",POINT (373982.352653006 4064419.4994651),,,,,,MUNICIPAL,No,No,2,2028
da_aparcamientosMovilidadReducida.fid--175d4967_1a00d91a118_-6b9b,66213,APARCAPMR_1280,,"CALLE CARRETERÍA, 52 ",POINT (372857.000099482 4065106.99981872),,,,,,MUNICIPAL,No,No,1,2028
da_aparcamientosMovilidadReducida.fid--175d4967_1a00d91a118_-6b9a,66232,APARCAPMR_769,A la altura del nº 28,"CALLE EMPINADA, 1 ",POINT (374194.766692893 4065644.50271528),,,,,,MUNICIPAL,No,No,2,2028
da_aparcamientosMovilidadReducida.fid--175d4967_1a00d91a118_-6b99,67131,APARCAPMR_267,Esquina con Cl. Edom,"AVENIDA DE LA AURORA, 42 ",POINT (371444.597287169 4064273.03182675),,,,,,MUNICIPAL,No,No,2,2028
da_aparcamientosMovilidadReducida.fid--175d4967_1a00d91a118_-6b98,66860,APARCAPMR_963,Esquina c/ Rodriguez,"CALLE MONTSERRAT, 11 ",POINT (373136.705593584 4066060.92642862),,,,,,MUNICIPAL,No,No,1,2028
da_aparcamientosMovilidadReducida.fid--175d4967_1a00d91a118_-6b97,66732,APARCAPMR_1161,Esq. Camino Colmenar,"CALLE PORTAZGO, 1 ",POINT (373592.000268836 4066373.00037977),,,,,,MUNICIPAL,No,No,1,2028
da_aparcamientosMovilidadReducida.fid--175d4967_1a00d91a118_-6b96,66397,APARCAPMR_654,,"ALAMEDA DE CAPUCHINOS, 80 ",POINT (373476.180146846 4066109.2530912),,,,,,MUNICIPAL,No,No,1,2028
da_aparcamientosMovilidadReducida.fid--175d4967_1a00d91a118_-6b95,66180,APARCAPMR_745,,"CALLE BOLIVIA, 159 ",POINT (377788.22612379 4064700.87668716),,,,,,MUNICIPAL,No,No,1,2028
da_aparcamientosMovilidadReducida.fid--175d4967_1a00d91a118_-6b94,66844,APARCAPMR_1050,Esq. con Cl. Niña de la Puebla,"CALLE BOLIVIA, 135 ",POINT (377453.181654343 4064828.24567039),,,,,,MUNICIPAL,No,No,2,2028
da_aparcamientosMovilidadReducida.fid--175d4967_1a00d91a118_-6b93,66150,APARCAPMR_768,esquina con C/ Miguel Bueno Lara,"ALAMEDA DE CAPUCHINOS, 28 ",POINT (373233.608436321 4065873.8494919),,,,,,MUNICIPAL,No,No,1,2028
da_aparcamientosMovilidadReducida.fid--175d4967_1a00d91a118_-6b92,66472,APARCAPMR_1279,,"CALLE CARRETERÍA, 18 ",POINT (372773.999868407 4064984.9999573),,,,,,MUNICIPAL,No,No,1,2028
da_aparcamientosMovilidadReducida.fid--175d4967_1a00d91a118_-6b91,66314,APARCAPMR_840,,"CALLE FEDERICO FELLINI, 55 ",POINT (376017.540307623 4065525.01331356),,,,,,MUNICIPAL,No,No,1,2028
da_aparcamientosMovilidadReducida.fid--175d4967_1a00d91a118_-6b90,66418,APARCAPMR_974,A la altura de Cl. Enrico Toselli,"CALLE FEDERICO FELLINI, 55 ",POINT (376016.428618461 4065509.93875554),,,,,,MUNICIPAL,No,No,1,2028
da_aparcamientosMovilidadReducida.fid--175d4967_1a00d91a118_-6b8f,66599,APARCAPMR_904,Calle Montserrat a la altura del nº 35,"CALLE MONTSERRAT, 35 ",POINT (373086.046330649 4066222.24076125),,,,,,MUNICIPAL,No,No,1,2028
da_aparcamientosMovilidadReducida.fid--175d4967_1a00d91a118_-6b8e,66480,APARCAPMR_571,Esquina con c/ Rodríguez,"CALLE MONTSERRAT, 62 ",POINT (373072.535402076 4066291.802746),,,,,,MUNICIPAL,No,No,1,2028
da_aparcamientosMovilidadReducida.fid--175d4967_1a00d91a118_-6b8d,66920,APARCAPMR_465,A la altura del nº 9,"CAMINO DE LOS ALMENDRALES, 9 ",POINT (373879.669365656 4066382.06717437),,,,,,MUNICIPAL,No,No,1,2028
da_aparcamientosMovilidadReducida.fid--175d4967_1a00d91a118_-6b8c,67193,APARCAPMR_065,Esquina con Cl. Purificación,"AVENIDA DE LA ROSALEDA, 18 ",POINT (372709.607538836 4065249.41933168),,,,,,MUNICIPAL,No,No,2,2028
da_aparcamientosMovilidadReducida.fid--175d4967_1a00d91a118_-6b8b,66648,APARCAPMR_060,Esquina con Cl. Poeta Narciso Franquelo Martín,"CALLE POETA NARCISO FRANQUELO MARTÍNEZ, 3 ",POINT (372266.428649273 4066119.36466536),,,,,,MUNICIPAL,No,No,3,2028
da_aparcamientosMovilidadReducida.fid--175d4967_1a00d91a118_-6b8a,66617,APARCAPMR_1191,C/ Aguilar y Cano esq. C/ Almería,"CALLE AGUILAR Y CANO, 2 ",POINT (378787.999596961 4064752.99990227),,,,,,MUNICIPAL,No,No,1,2028
da_aparcamientosMovilidadReducida.fid--175d4967_1a00d91a118_-6b89,66642,APARCAPMR_264,Esquina con c/ Doña,"CALLE MONTSERRAT, 28 ",POINT (373120.241057882 4066128.59950546),,,,,,MUNICIPAL,No,No,2,2028
da_aparcamientosMovilidadReducida.fid--175d4967_1a00d91a118_-6b88,67104,APARCAPMR_051,Esquina con c/ Lanuza,"CALLE NATALIA, 1 ",POINT (372009.680915831 4065034.78480735),,,,,,MUNICIPAL,No,No,1,2028
da_aparcamientosMovilidadReducida.fid--175d4967_1a00d91a118_-6b87,66488,APARCAPMR_674,Esquina con Cl. Pintor Enrique Florido,"CALLE PINTOR ENRIQUE FLORIDO, 30 ",POINT (378055.023166929 4064732.73457419),,,,,,MUNICIPAL,No,No,1,2028
da_aparcamientosMovilidadReducida.fid--175d4967_1a00d91a118_-6b86,67078,APARCAPMR_092,Esquina con c/ San Juan Bosco,"CALLE OBISPO BARTOLOMÉ ESPEJO, 2 ",POINT (372986.006351145 4066421.53123391),,,,,,MUNICIPAL,No,No,3,2028
da_aparcamientosMovilidadReducida.fid--175d4967_1a00d91a118_-6b85,66952,APARCAPMR_361,Esquina con c/ San Juan Bosco,"CALLE MARRUECOS, 2 ",POINT (373064.769954485 4066080.02320596),,,,,,MUNICIPAL,No,No,1,2028
da_aparcamientosMovilidadReducida.fid--175d4967_1a00d91a118_-6b84,66321,APARCAPMR_855,Esquina con Cl. Sillita de la Reina,"PLAZA COLMENILLAS, 1 ",POINT (370763.531555552 4062857.54677977),,,,,,MUNICIPAL,No,No,1,2028
da_aparcamientosMovilidadReducida.fid--175d4967_1a00d91a118_-6b83,77792,APARCAPMR_1336,C/ Cenit esquina con C/ Fuente Alegre,"CALLE CENIT, 9 ",POINT (367566.053970606 4067474.8816907),,,,,,MUNICIPAL,No,No,1,2028
da_aparcamientosMovilidadReducida.fid--175d4967_1a00d91a118_-6b82,66459,APARCAPMR_1128,,"CALLE DE LORENZO VALLA, 11 ",POINT (368150.999796991 4067707.00008225),,,,,,MUNICIPAL,No,No,1,2028
da_aparcamientosMovilidadReducida.fid--175d4967_1a00d91a118_-6b81,66903,APARCAPMR_379,A la altura del nº 37,"CALLE TAMBRE, 37 ",POINT (370270.13678768 4066343.63593036),,,,,,MUNICIPAL,No,No,1,2028
da_aparcamientosMovilidadReducida.fid--175d4967_1a00d91a118_-6b80,67173,APARCAPMR_226,Esquina con c/ Mefistófeles,"CALLE HAMLET, 7 ",POINT (369344.792591585 4063716.6455694),,,,,,MUNICIPAL,No,No,2,2028
da_aparcamientosMovilidadReducida.fid--175d4967_1a00d91a118_-6b7f,66935,APARCAPMR_308,A la altura del nº 1,"CALLE ATABALERO, 1 ",POINT (368668.198207221 4066072.33171931),,,,,,MUNICIPAL,No,No,1,2028
da_aparcamientosMovilidadReducida.fid--175d4967_1a00d91a118_-6b7e,66519,APARCAPMR_527,Esquina con Bv. de Louis Pasteur,"CALLE MALLARMÉ, 4 ",POINT (369455.095694413 4064640.26317357),,,,,,MUNICIPAL,No,No,1,2028
da_aparcamientosMovilidadReducida.fid--175d4967_1a00d91a118_-6b7d,66313,APARCAPMR_845,Junto a Plaza Willy Brandt,"AVENIDA DEL DOCTOR MANUEL DOMÍNGUEZ, 15 ",POINT (368828.922175055 4064802.18128051),,,,,,MUNICIPAL,No,No,1,2028
da_aparcamientosMovilidadReducida.fid--175d4967_1a00d91a118_-6b7c,67197,APARCAPMR_353,Esquina con c/ Chaves,"CALLE ALTOZANO, 26 ",POINT (373625.407445651 4065508.0839334),,,,,,MUNICIPAL,No,No,3,2028
da_aparcamientosMovilidadReducida.fid--175d4967_1a00d91a118_-6b7b,67286,APARCAPMR_514,A la altura del nº 31,"CALLE DOLORES IBÁRRURI, 31 ",POINT (369204.321944342 4062145.01955777),,,,,,MUNICIPAL,No,No,1,2028
da_aparcamientosMovilidadReducida.fid--175d4967_1a00d91a118_-6b7a,66364,APARCAPMR_884,,"CALLE LAGUNILLAS, 17 ",POINT (373492.128675864 4065350.94069076),,,,,,MUNICIPAL,No,No,1,2028
da_aparcamientosMovilidadReducida.fid--175d4967_1a00d91a118_-6b79,67166,APARCAPMR_253,A la altura del nº 9,"CALLE DAN, 5 ",POINT (369897.677867116 4063024.02617321),,,,,,MUNICIPAL,No,No,1,2028
da_aparcamientosMovilidadReducida.fid--175d4967_1a00d91a118_-6b78,66222,APARCAPMR_1085,,"CALLE DAN, 5 ",POINT (369894.000322319 4063012.00016281),,,,,,MUNICIPAL,No,No,2,2028
da_aparcamientosMovilidadReducida.fid--175d4967_1a00d91a118_-6b77,66669,APARCAPMR_686,Esquina con Cl. La Maltesa,"CALLE ARTEMISA, 3 ",POINT (368045.937971086 4067338.21789292),,,,,,MUNICIPAL,No,No,1,2028
da_aparcamientosMovilidadReducida.fid--175d4967_1a00d91a118_-6b76,66247,APARCAPMR_756,,"CALLE ALCALDE DÍAZ ZAFRA, 35 ",POINT (370418.227037374 4063538.53340933),,,,,,MUNICIPAL,No,No,3,2028
da_aparcamientosMovilidadReducida.fid--175d4967_1a00d91a118_-6b75,66990,APARCAPMR_415,Esquina con Avda. Ortega y Gasset,"CALLE ALCALDE DÍAZ ZAFRA, 26 ",POINT (370386.118946251 4063689.12145041),,,,,,MUNICIPAL,No,No,3,2028
da_aparcamientosMovilidadReducida.fid--175d4967_1a00d91a118_-6b74,66322,APARCAPMR_851,,"CALLE MIGUEL ÁNGEL, 11 ",POINT (369805.676803488 4062192.18533246),,,,,,MUNICIPAL,No,No,1,2028
da_aparcamientosMovilidadReducida.fid--175d4967_1a00d91a118_-6b73,76802,APARCAPMR_1258,,"CALLE MAX ESTRELLA, 5 ",POINT (369159.034012498 4063385.25588407),,,,,,MUNICIPAL,No,No,2,2028
da_aparcamientosMovilidadReducida.fid--175d4967_1a00d91a118_-6b72,66859,APARCAPMR_942,Esquina Carril de Gamarra,"CALLE MARTÍNEZ MALDONADO, 74 ",POINT (371201.596064444 4064951.92076744),,,,,,MUNICIPAL,No,No,1,2028
da_aparcamientosMovilidadReducida.fid--175d4967_1a00d91a118_-6b71,66890,APARCAPMR_569,A la altura del nº 12,"CALLE NUZAS, 9 ",POINT (368913.948658553 4065883.78986957),,,,,,MUNICIPAL,No,No,1,2028
da_aparcamientosMovilidadReducida.fid--175d4967_1a00d91a118_-6b70,66253,APARCAPMR_784,,"CALLE NUZAS, 7 ",POINT (368943.576861643 4065822.44152259),,,,,,MUNICIPAL,No,No,1,2028
da_aparcamientosMovilidadReducida.fid--175d4967_1a00d91a118_-6b6f,78937,APARCAPMR_1411,,"CALLE CONCHA LAGOS, 3 ",POINT (369988.014842689 4060641.4632415),,,,,,MUNICIPAL,No,No,1,2028
da_aparcamientosMovilidadReducida.fid--175d4967_1a00d91a118_-6b6e,67165,APARCAPMR_160,Esquina con c/ Corregidor Paz y Guzmán,"CALLE CORREGIDOR RUIZ DE PEREDA, 14 ",POINT (370662.59694484 4063935.04667783),,,,,,MUNICIPAL,No,No,2,2028
da_aparcamientosMovilidadReducida.fid--175d4967_1a00d91a118_-6b6d,66760,APARCAPMR_593,Esquina con  c/ Torrox,"CALLE ALHAURÍN EL GRANDE, 2 ",POINT (370320.350946048 4064504.23956765),,,,,,MUNICIPAL,No,No,1,2028
da_aparcamientosMovilidadReducida.fid--175d4967_1a00d91a118_-6b6c,66764,APARCAPMR_371,Esquina con c/ Río Cabrera. Frente al nº 15,"PLAZA DE NUESTRA SEÑORA DEL CARMEN, 3 ",POINT (370750.364943544 4063848.12549862),,,,,,MUNICIPAL,No,No,3,2028
da_aparcamientosMovilidadReducida.fid--175d4967_1a00d91a118_-6b6b,66569,APARCAPMR_713,Esquina con Cl. Nuzas,"CALLE NUZAS, 1 ",POINT (368962.411506566 4065579.43900023),,,,,,MUNICIPAL,No,No,1,2028
da_aparcamientosMovilidadReducida.fid--175d4967_1a00d91a118_-6b6a,66185,APARCAPMR_744,Junto al Kiosko,"BULEVAR LOUIS PASTEUR, 13 ",POINT (369278.526706631 4064563.27462418),,,,,,MUNICIPAL,No,No,1,2028
da_aparcamientosMovilidadReducida.fid--175d4967_1a00d91a118_-6b69,66212,APARCAPMR_1180,Esq. C/Lope de Rueda,"CALLE ESCRITOR ATIENZA HUERTOS, 2 ",POINT (367817.000343544 4066861.00039131),,,,,,MUNICIPAL,No,No,1,2028
da_aparcamientosMovilidadReducida.fid--175d4967_1a00d91a118_-6b68,66936,APARCAPMR_050,Esquina con Cl. Manuel Rivadeneyra,"CALLE CORREGIDOR HORACIO COPPOLA, 11 ",POINT (368908.349366734 4065428.54865896),,,,,,MUNICIPAL,No,No,2,2028
da_aparcamientosMovilidadReducida.fid--175d4967_1a00d91a118_-6b67,66503,APARCAPMR_505,Esquina con c/ Corregidor Francisco de Molina,"CALLE CORREGIDOR RUIZ DE PEREDA, 26 ",POINT (370617.009896803 4064069.88303193),,,,,,MUNICIPAL,No,No,1,2028
da_aparcamientosMovilidadReducida.fid--175d4967_1a00d91a118_-6b66,67156,APARCAPMR_172,A la altura del nº 5,"CALLE BENAGALBÓN, 16 ",POINT (370258.06733975 4064389.60124522),,,,,,MUNICIPAL,No,No,1,2028
da_aparcamientosMovilidadReducida.fid--175d4967_1a00d91a118_-6b65,66413,APARCAPMR_1146,,"CALLE ALONSO DE AGUILAR, 50 ",POINT (369940.99995397 4065008.9998004),,,,,,MUNICIPAL,No,No,1,2028
da_aparcamientosMovilidadReducida.fid--175d4967_1a00d91a118_-6b64,66671,APARCAPMR_1270,esquina con C/ Doctor Miguel Díaz Recio,"CALLE DE CHARLES DICKENS, 33 ",POINT (369156.000415491 4065208.00002645),,,,,,MUNICIPAL,No,No,2,2028
da_aparcamientosMovilidadReducida.fid--175d4967_1a00d91a118_-6b63,66340,APARCAPMR_236,Esquina con c/ Pedro Mantuano,"CALLE GÓMEZ OCAÑA, 11 ",POINT (370342.420165434 4064988.14269577),,,,,,MUNICIPAL,No,No,1,2028
da_aparcamientosMovilidadReducida.fid--175d4967_1a00d91a118_-6b62,66930,APARCAPMR_495,Esquina con Av. Herrera Oria,"AVENIDA DEL OBISPO ÁNGEL HERRERA ORIA, 51 ",POINT (370832.150647734 4064646.68081726),,,,,,MUNICIPAL,No,No,2,2028
da_aparcamientosMovilidadReducida.fid--175d4967_1a00d91a118_-6b61,67181,APARCAPMR_304,Esquina con Cl. Max Estrella,"CALLE MAX ESTRELLA, 3 ",POINT (369328.523924059 4063569.25886102),,,,,,MUNICIPAL,No,No,2,2028
da_aparcamientosMovilidadReducida.fid--175d4967_1a00d91a118_-6b60,66220,APARCAPMR_1111,,"CALLE LANZAROTE DEL LAGO, 67 ",POINT (367332.723441262 4067644.25529712),,,,,,MUNICIPAL,No,No,1,2028
da_aparcamientosMovilidadReducida.fid--175d4967_1a00d91a118_-6b5f,76816,APARCAPMR_890_,,"CALLE ORTOSA, 29 ",POINT (368188.561371707 4067395.96376546),,,,,,MUNICIPAL,No,No,1,2028
da_aparcamientosMovilidadReducida.fid--175d4967_1a00d91a118_-6b5e,66379,APARCAPMR_928,Esquina Cesar Arbasia,"CALLE CÉSAR ARBASIA, 47 ",POINT (371053.844107826 4065751.66284895),,,,,,MUNICIPAL,No,No,2,2028
da_aparcamientosMovilidadReducida.fid--175d4967_1a00d91a118_-6b5d,67102,APARCAPMR_248,Esquina con c/ Barón de Les,"CALLE MARTÍNEZ DE LA ROSA, 149 ",POINT (371303.254492615 4065597.03542498),,,,,,MUNICIPAL,No,No,1,2028
da_aparcamientosMovilidadReducida.fid--175d4967_1a00d91a118_-6b5c,67157,APARCAPMR_099,Esquina con c/ Robinson Crusoe. Frente al nº 1,"ROBINSON CRUSOE, 22 ",POINT (369286.74301594 4063814.82057095),,,,,,MUNICIPAL,No,No,2,2028
da_aparcamientosMovilidadReducida.fid--175d4967_1a00d91a118_-6b5b,67109,APARCAPMR_286,A la altura del nº 7. Calle sin salida,"CAMINO DE CASTILLEJOS, 9 ",POINT (370895.2239267 4065400.65680034),,,,,,MUNICIPAL,No,No,2,2028
da_aparcamientosMovilidadReducida.fid--175d4967_1a00d91a118_-6b5a,80804,APARCAPMR_1463,Camino Castillejos esquina con C/ Rubén Darío,"CAMINO DE CASTILLEJOS, 7 ",POINT (370967.121831192 4065360.49375792),,,,,,MUNICIPAL,No,No,1,2028
da_aparcamientosMovilidadReducida.fid--175d4967_1a00d91a118_-6b59,67139,APARCAPMR_275,A la altura del nº 20,"AVENIDA DE NEHEMÍAS, 18 ",POINT (369834.902361421 4063169.03146991),,,,,,MUNICIPAL,No,No,5,2028
da_aparcamientosMovilidadReducida.fid--175d4967_1a00d91a118_-6b58,67140,APARCAPMR_506,A la altura del nº 14,"AVENIDA DE NEHEMÍAS, 14 ",POINT (369861.518404688 4063083.32174852),,,,,,MUNICIPAL,No,No,4,2028
da_aparcamientosMovilidadReducida.fid--175d4967_1a00d91a118_-6b57,77791,APARCAPMR_1335,"C/ Elena Soriano, frente al nº 9","CALLE ELENA SORIANO, 9 ",POINT (369024.299579901 4063414.87258533),,,,,,MUNICIPAL,No,No,1,2028
da_aparcamientosMovilidadReducida.fid--175d4967_1a00d91a118_-6b56,66424,APARCAPMR_1052,Esq. con Cl. Max Aub,"CALLE DE JUAN DE RIHUERGA, 19 ",POINT (369103.65636366 4065496.75037222),,,,,,MUNICIPAL,No,No,1,2028
da_aparcamientosMovilidadReducida.fid--175d4967_1a00d91a118_-6b55,66462,APARCAPMR_1245,C/ Carril de las Morillas    esq. Avda. Jorge Luis Borges,"CARRIL DE LAS MORILLAS, 62 ",POINT (369053.999950733 4064870.00049721),,,,,,MUNICIPAL,No,No,1,2028
da_aparcamientosMovilidadReducida.fid--175d4967_1a00d91a118_-6b54,67175,APARCAPMR_113,Esquina con c/ Nicolás Maquiavelo,"CALLE HAMLET, 18 ",POINT (369403.241556273 4063710.51822011),,,,,,MUNICIPAL,No,No,2,2028
da_aparcamientosMovilidadReducida.fid--175d4967_1a00d91a118_-6b53,66883,APARCAPMR_511,Esquina con Cl. Cuevas de San Marcos,"CALLE CUEVAS DE SAN MARCOS, 2 ",POINT (369013.560409643 4062569.48952444),,,,,,MUNICIPAL,No,No,2,2028
da_aparcamientosMovilidadReducida.fid--175d4967_1a00d91a118_-6b52,66373,APARCAPMR_892,Calle La Cronica esquina Avda. Moliere,"CALLE LA CRÓNICA, 14 ",POINT (370520.071614239 4061276.09445597),,,,,,MUNICIPAL,No,No,1,2028
da_aparcamientosMovilidadReducida.fid--175d4967_1a00d91a118_-6b51,67099,APARCAPMR_260,Esquina con Eugenio Gross,"CALLE GONZÁLEZ ANAYA, 49 ",POINT (371796.013958971 4065070.07025111),,,,,,MUNICIPAL,No,No,1,2028
da_aparcamientosMovilidadReducida.fid--175d4967_1a00d91a118_-6b50,76894,APARCAPMR_702,,"CALLE INFANTES, 39 ",POINT (371514.739667477 4062809.16822613),,,,,,MUNICIPAL,No,No,1,2028
da_aparcamientosMovilidadReducida.fid--175d4967_1a00d91a118_-6b4f,66331,APARCAPMR_133,Esquina con c/ La Unión,"CALLE FLORES GARCÍA, 2 ",POINT (371486.720916164 4063815.02665894),,,,,,MUNICIPAL,No,No,2,2028
da_aparcamientosMovilidadReducida.fid--175d4967_1a00d91a118_-6b4e,66492,APARCAPMR_692,Esquina con c/ Cancho Pérez,"CALLE PANERÓN, 6 ",POINT (370244.984905716 4062717.42152472),,,,,,MUNICIPAL,No,No,2,2028
da_aparcamientosMovilidadReducida.fid--175d4967_1a00d91a118_-6b4d,66805,APARCAPMR_636,Esquina c/ Félix Corrales,"CALLE ÁLVAREZ CURIEL, 22 ",POINT (371496.370834727 4065279.18751447),,,,,,MUNICIPAL,No,No,1,2028
da_aparcamientosMovilidadReducida.fid--175d4967_1a00d91a118_-6b4c,66375,APARCAPMR_962,A la altura del número 14,"CALLE DE LA DEFENSA, 12 ",POINT (371896.745210831 4066341.61551623),,,,,,MUNICIPAL,No,No,1,2028
da_aparcamientosMovilidadReducida.fid--175d4967_1a00d91a118_-6b4b,67006,APARCAPMR_442,Esquina con c/ Corregidor Francisco de Molina,"CALLE CORREGIDOR FRANCISCO DE LUJÁN, 15 ",POINT (370361.181279695 4063802.77335366),,,,,,MUNICIPAL,No,No,1,2028
da_aparcamientosMovilidadReducida.fid--175d4967_1a00d91a118_-6b4a,66808,APARCAPMR_562,Esquina con c/ Ibrahim,"CAMINO DE SUÁREZ, 93 ",POINT (371199.963409659 4065753.94127095),,,,,,MUNICIPAL,No,No,2,2028
da_aparcamientosMovilidadReducida.fid--175d4967_1a00d91a118_-6b49,67111,APARCAPMR_109,Esquina con c/ Vandelvira,"CAMINO DE SUÁREZ, 93 ",POINT (371198.034542487 4065753.12588262),,,,,,MUNICIPAL,No,No,2,2028
da_aparcamientosMovilidadReducida.fid--175d4967_1a00d91a118_-6b48,66982,APARCAPMR_403,Esquina con Av. José María Garnica,"AVENIDA INGENIERO JOSÉ MARÍA GARNICA, 5 ",POINT (372406.185483179 4063651.43216534),,,,,,MUNICIPAL,No,No,2,2028
da_aparcamientosMovilidadReducida.fid--175d4967_1a00d91a118_-6b47,66386,APARCAPMR_650,Esquina con c/ Río Cabrera,"PLAZA DE NUESTRA SEÑORA DEL CARMEN, 15 ",POINT (370794.23109734 4063849.07366551),,,,,,MUNICIPAL,No,No,1,2028
da_aparcamientosMovilidadReducida.fid--175d4967_1a00d91a118_-6b46,79690,APARCAPMR_1428,"C/ Puerto de los Pinos, Nº 5","CALLE PUERTO DE LOS PINOS, 5 ",POINT (370678.902881745 4063008.2810329),,,,,,MUNICIPAL,No,No,1,2028
da_aparcamientosMovilidadReducida.fid--175d4967_1a00d91a118_-6b45,66958,APARCAPMR_368,Esquina con Plaza Hermanos Superviel,"CALLE EUGENIO RIOBOO, 22 ",POINT (371655.240013666 4065302.16041129),,,,,,MUNICIPAL,No,No,2,2028
da_aparcamientosMovilidadReducida.fid--175d4967_1a00d91a118_-6b44,67185,APARCAPMR_331,Esquina con c/ Periana,"CALLE CORONEL OSUNA, 9 ",POINT (370690.262510722 4063728.1248754),,,,,,MUNICIPAL,No,No,1,2028
da_aparcamientosMovilidadReducida.fid--175d4967_1a00d91a118_-6b43,66209,APARCAPMR_1036,Esq. con Pasaje Frigiliana,"CALLE FRIGILIANA, 27 ",POINT (370875.279232296 4062186.08771726),,,,,,MUNICIPAL,No,No,1,2028
da_aparcamientosMovilidadReducida.fid--175d4967_1a00d91a118_-6b42,66992,APARCAPMR_420,Esquina con Cl. Canchal,"CALLE CANCHAL, 1 ",POINT (370376.020832404 4062701.71564748),,,,,,MUNICIPAL,No,No,2,2028
da_aparcamientosMovilidadReducida.fid--175d4967_1a00d91a118_-6b41,67260,APARCAPMR_256,Esquina con Cl. Chiquito de la Audiencia,"CALLE ANTILLAS, 1 ",POINT (370170.034798805 4062073.52680235),,,,,,MUNICIPAL,No,No,1,2028
da_aparcamientosMovilidadReducida.fid--175d4967_1a00d91a118_-6b40,66552,APARCAPMR_1028,Esquina con Cl. Baltasar Gracían,"CALLE ANTILLAS, 6 ",POINT (370135.418165523 4062039.81898326),,,,,,MUNICIPAL,No,No,1,2028
da_aparcamientosMovilidadReducida.fid--175d4967_1a00d91a118_-6b3f,78447,APARCAPMR_1398,C/ Alcalde Díaz Zafra esquina con C/ Alozaina,"CALLE ALCALDE DÍAZ ZAFRA, 24 ",POINT (370405.239834595 4063629.72369495),,,,,,MUNICIPAL,No,No,1,2028
da_aparcamientosMovilidadReducida.fid--175d4967_1a00d91a118_-6b3e,66282,APARCAPMR_837,,"CALLE MERLO, 18 ",POINT (371525.839996066 4064050.66397633),,,,,,MUNICIPAL,No,No,2,2028
da_aparcamientosMovilidadReducida.fid--175d4967_1a00d91a118_-6b3d,67141,APARCAPMR_309,Esquina con Cl. Sanhedún,"AVENIDA DE NEHEMÍAS, 4 ",POINT (370020.709064929 4063115.0850007),,,,,,MUNICIPAL,No,No,1,2028
da_aparcamientosMovilidadReducida.fid--175d4967_1a00d91a118_-6b3c,66125,APARCAPMR_835,,"AVENIDA DE NEHEMÍAS, 10 ",POINT (369933.487922224 4063124.66739731),,,,,,MUNICIPAL,No,No,1,2028
da_aparcamientosMovilidadReducida.fid--175d4967_1a00d91a118_-6b3b,66470,APARCAPMR_1108,Esquina con Cl. Hornaza,"CALLE LARA CASTAÑEDA, 25 ",POINT (367742.749751254 4066538.45443202),,,,,,MUNICIPAL,No,No,1,2028
da_aparcamientosMovilidadReducida.fid--175d4967_1a00d91a118_-6b3a,66721,APARCAPMR_1246,,"CALLE CONCHA LAGOS, 2 ",POINT (370013.999870961 4060756.99995317),,,,,,MUNICIPAL,No,No,1,2028
da_aparcamientosMovilidadReducida.fid--175d4967_1a00d91a118_-6b39,66776,APARCAPMR_178,A la altura del nº 29,"CALLE EMILIO PRADOS, 16 ",POINT (371047.224943988 4062330.21575648),,,,,,MUNICIPAL,No,No,1,2028
da_aparcamientosMovilidadReducida.fid--175d4967_1a00d91a118_-6b38,77793,APARCAPMR_1330,C/ Pastor de Iberia esquina con C/ Mondragón,"CALLE PASTOR DE IBERIA, 3 ",POINT (372908.014199337 4067450.30077714),,,,,,MUNICIPAL,No,No,2,2028
da_aparcamientosMovilidadReducida.fid--175d4967_1a00d91a118_-6b37,66675,APARCAPMR_1241,,"CALLE COMPOSITOR CARMELO BERNAOLA, 18 ",POINT (360438.999874025 4066675.00039002),,,,,,MUNICIPAL,No,No,1,2028
da_aparcamientosMovilidadReducida.fid--175d4967_1a00d91a118_-6b36,66621,APARCAPMR_614,A la altura del nº 10,"GRUPO LOS MILLONES, 10 ",POINT (370954.054211321 4065286.33734985),,,,,,MUNICIPAL,No,No,2,2028
da_aparcamientosMovilidadReducida.fid--175d4967_1a00d91a118_-6b35,67090,APARCAPMR_161,Esquina Plaza de Bailén,"PLAZA BAILÉN, 7 ",POINT (372125.89180634 4065227.70921309),,,,,,MUNICIPAL,No,No,2,2028
da_aparcamientosMovilidadReducida.fid--175d4967_1a00d91a118_-6b34,76891,APARCAPMR_1205,,"AVENIDA DE LA ROSALEDA, 27 ",POINT (372701.798538967 4065480.94647444),,,,,,MUNICIPAL,No,No,2,2028
da_aparcamientosMovilidadReducida.fid--175d4967_1a00d91a118_-6b33,67015,APARCAPMR_453,A la altura de los  nº 111 y 113,"CALLE MARTÍNEZ DE LA ROSA, 78 ",POINT (371463.728412413 4065530.39403917),,,,,,MUNICIPAL,No,No,3,2028
da_aparcamientosMovilidadReducida.fid--175d4967_1a00d91a118_-6b32,67002,APARCAPMR_431,Esquina con c/ Rosa del Mar,"CALLE LORENZO SILVA, 22 ",POINT (371380.050645445 4065486.26822066),,,,,,MUNICIPAL,No,No,1,2028
da_aparcamientosMovilidadReducida.fid--175d4967_1a00d91a118_-6b31,78794,APARCAPMR_1406,C/ Ruiseñores esquina con C/ Robles,"CALLE RUISEÑORES, 19 ",POINT (367686.706605829 4066376.74027291),,,,,,MUNICIPAL,No,No,1,2028
da_aparcamientosMovilidadReducida.fid--175d4967_1a00d91a118_-6b30,66828,APARCAPMR_1281,,"CALLE CARRETERÍA, 94 ",POINT (373109.999937702 4065226.999779),,,,,,MUNICIPAL,No,No,1,2028
da_aparcamientosMovilidadReducida.fid--175d4967_1a00d91a118_-6b2f,80149,APARCAPMR_1439,C/ Cerrojo esquina con C/ Almansa,"CALLE CERROJO, 42 ",POINT (372391.843751291 4064640.78886173),,,,,,MUNICIPAL,No,No,1,2028
da_aparcamientosMovilidadReducida.fid--175d4967_1a00d91a118_-6b2e,66616,APARCAPMR_1147,Esq. Juan Sebastián Bach,"CALLE SCHUBERT, 3 ",POINT (370443.000052868 4062054.00059572),,,,,,MUNICIPAL,No,No,2,2028
da_aparcamientosMovilidadReducida.fid--175d4967_1a00d91a118_-6b2d,67101,APARCAPMR_280,Esquina con c/ Berrocal,"CALLE MARTÍNEZ DE LA ROSA, 48 ",POINT (371687.986032645 4065471.26673889),,,,,,MUNICIPAL,No,No,1,2028
da_aparcamientosMovilidadReducida.fid--175d4967_1a00d91a118_-6b2c,66729,APARCAPMR_1152,Esq. Cl. Luis Salazar,"CALLE JUMILLANO, 20 ",POINT (361864.000230443 4065739.99972722),,,,,,MUNICIPAL,No,No,1,2028
da_aparcamientosMovilidadReducida.fid--175d4967_1a00d91a118_-6b2b,67128,APARCAPMR_017,"Esquina con Cl. Godino, frente al nº 9","CALLE GODINO, 9 ",POINT (372397.818951458 4065958.18374181),,,,,,MUNICIPAL,No,No,2,2028
da_aparcamientosMovilidadReducida.fid--175d4967_1a00d91a118_-6b2a,66434,APARCAPMR_1049,Esq. con Cl. Plaza de Toros Vieja,"CALLE CONSTANCIA, 11 ",POINT (372497.388833942 4063921.31017869),,,,,,MUNICIPAL,No,No,1,2028
da_aparcamientosMovilidadReducida.fid--175d4967_1a00d91a118_-6b29,66224,APARCAPMR_1252,C/ CANCHAL- ESQ. ALPARGATERITO,"CALLE CANCHAL, 2 ",POINT (370370.999964107 4062719.00020823),,,,,,MUNICIPAL,No,No,1,2028
da_aparcamientosMovilidadReducida.fid--175d4967_1a00d91a118_-6b28,66778,APARCAPMR_295,Esquina con Cl. Guadiaro,"CALLE VICENTE ALEIXANDRE, 5 ",POINT (370980.331400038 4062582.99829282),,,,,,MUNICIPAL,No,No,1,2028
da_aparcamientosMovilidadReducida.fid--175d4967_1a00d91a118_-6b27,66889,APARCAPMR_530,Esquina c/ Martínez Campos,"CALLE SAN LORENZO, 23 ",POINT (372802.679199214 4064221.48349765),,,,,,MUNICIPAL,No,No,2,2028
da_aparcamientosMovilidadReducida.fid--175d4967_1a00d91a118_-6b26,66731,APARCAPMR_1154,Esq. Cmno. del Pato,"CALLE NUESTRA SEÑORA DE LAS CANDELAS, 21 ",POINT (370301.999679704 4061272.00011334),,,,,,MUNICIPAL,No,No,1,2028
da_aparcamientosMovilidadReducida.fid--175d4967_1a00d91a118_-6b25,67218,APARCAPMR_173,Esquina con c/ Zamarrilla,"CALLE PESO DE LA HARINA, 6 ",POINT (372100.281149996 4064768.62496464),,,,,,MUNICIPAL,No,No,2,2028
da_aparcamientosMovilidadReducida.fid--175d4967_1a00d91a118_-6b24,67244,APARCAPMR_135,Esquina con c/ Cavite,"CALLE MANUEL ALTOLAGUIRRE, 14 ",POINT (370954.010661308 4062267.74298343),,,,,,MUNICIPAL,No,No,2,2028
da_aparcamientosMovilidadReducida.fid--175d4967_1a00d91a118_-6b23,67114,APARCAPMR_192,Esquina con c/ Eugenio Gross,"PASAJE ARCHANDA, 1 ",POINT (371779.122783173 4065150.00166669),,,,,,MUNICIPAL,No,No,3,2028
da_aparcamientosMovilidadReducida.fid--175d4967_1a00d91a118_-6b22,66419,APARCAPMR_1039,,"CALLE ALCALDE RONQUILLO, 24 ",POINT (371743.077722804 4066171.59295249),,,,,,MUNICIPAL,No,No,1,2028
da_aparcamientosMovilidadReducida.fid--175d4967_1a00d91a118_-6b21,77784,APARCAPMR_1338,Avenida Aurora esquina con Pasaje Decano Antonio Serrano,"AVENIDA DE LA AURORA, 26 ",POINT (372173.059149586 4064366.83171293),,,,,,MUNICIPAL,No,No,1,2028
da_aparcamientosMovilidadReducida.fid--175d4967_1a00d91a118_-6b20,66955,APARCAPMR_364,Esquina con Cl. Chopín,"CALLE CHOPÍN, 6 ",POINT (370475.49915449 4061974.79282198),,,,,,MUNICIPAL,No,No,1,2028
da_aparcamientosMovilidadReducida.fid--175d4967_1a00d91a118_-6b1f,66899,APARCAPMR_723,Esq. Emilio Prados,"CALLE EMILIO PRADOS, 12 ",POINT (371003.306435673 4062362.09672071),,,,,,MUNICIPAL,No,No,1,2028
da_aparcamientosMovilidadReducida.fid--175d4967_1a00d91a118_-6b1e,67240,APARCAPMR_325,Esquina con Cl. Frigiliana,"CALLE FRIGILIANA, 19 ",POINT (370761.070893596 4062255.55894202),,,,,,MUNICIPAL,No,No,1,2028
da_aparcamientosMovilidadReducida.fid--175d4967_1a00d91a118_-6b1d,66297,APARCAPMR_803,,"CALLE FRIGILIANA, 17 ",POINT (370742.65707191 4062276.15993083),,,,,,MUNICIPAL,No,No,1,2028
da_aparcamientosMovilidadReducida.fid--175d4967_1a00d91a118_-6b1c,66354,APARCAPMR_246,Esquina con Cl. Balazón,"CALLE BALAZÓN, 3 ",POINT (370240.509648467 4062627.70577106),,,,,,MUNICIPAL,No,No,2,2028
da_aparcamientosMovilidadReducida.fid--175d4967_1a00d91a118_-6b1b,66571,APARCAPMR_715,Esquina con Avda. José Ribera,"CALLE DEL MARQUÉS DE BECCARIA, 5 ",POINT (368600.589553566 4064718.05641179),,,,,,MUNICIPAL,No,No,2,2028
da_aparcamientosMovilidadReducida.fid--175d4967_1a00d91a118_-6b1a,67103,APARCAPMR_204,Inicio de aparcamientos,"CALLE MERO, 10 ",POINT (371189.192372998 4065924.35797378),,,,,,MUNICIPAL,No,No,2,2028
da_aparcamientosMovilidadReducida.fid--175d4967_1a00d91a118_-6b19,66640,APARCAPMR_205,Mediación de aparcamientos,"CALLE MERO, 14 ",POINT (371257.030244662 4065952.1204052),,,,,,MUNICIPAL,No,No,2,2028
da_aparcamientosMovilidadReducida.fid--175d4967_1a00d91a118_-6b18,66151,APARCAPMR_838,,"CALLE MARÍA VILLANUEVA GALLEGO, 6 ",POINT (371978.296400701 4063351.27691677),,,,,,MUNICIPAL,No,No,1,2028
da_aparcamientosMovilidadReducida.fid--175d4967_1a00d91a118_-6b17,80492,APARCAPMR_1445," C/ María Villanueva Gallego esquina con C/ Leopoldo Alas ""Clarín""","CALLE MARÍA VILLANUEVA GALLEGO, 6 ",POINT (371948.416183847 4063290.18217667),,,,,,MUNICIPAL,No,No,1,2028
da_aparcamientosMovilidadReducida.fid--175d4967_1a00d91a118_-6b16,66160,APARCAPMR_1196,Con Plaza Eduardo Dato,"PLAZA DE EDUARDO DATO, 2 ",POINT (371735.000089031 4065836.00051599),,,,,,MUNICIPAL,No,No,1,2028
da_aparcamientosMovilidadReducida.fid--175d4967_1a00d91a118_-6b15,66496,APARCAPMR_659,Esquina con Cl. Compositor Lehmberg Ruiz,"CALLE COMPOSITOR LEHMBERG RUIZ, 1 ",POINT (372246.931256803 4064561.02584944),,,,,,MUNICIPAL,No,No,1,2028
da_aparcamientosMovilidadReducida.fid--175d4967_1a00d91a118_-6b14,66787,APARCAPMR_386,Esquina con Avenida de Velázquez,"CALLE BEETHOVEN, 2 ",POINT (370361.959663094 4062042.04158446),,,,,,MUNICIPAL,No,No,2,2028
da_aparcamientosMovilidadReducida.fid--175d4967_1a00d91a118_-6b13,67000,APARCAPMR_429,A la altura del nº 3,"CALLE BEETHOVEN, 2 ",POINT (370384.673232519 4062006.67660276),,,,,,MUNICIPAL,No,No,2,2028
da_aparcamientosMovilidadReducida.fid--175d4967_1a00d91a118_-6b12,75826,APARCAPMR_1307,,"CALLE BRAHMS, 6 ",POINT (370396.603476654 4061929.3895256),,,,,,MUNICIPAL,No,No,1,2028
da_aparcamientosMovilidadReducida.fid--175d4967_1a00d91a118_-6b11,66881,APARCAPMR_015,Esquina con c/ Hilera,"CALLE COMPOSITOR LEHMBERG RUIZ, 4 ",POINT (372193.064932919 4064515.90499725),,,,,,MUNICIPAL,No,No,2,2028
da_aparcamientosMovilidadReducida.fid--175d4967_1a00d91a118_-6b10,66604,APARCAPMR_934,Esquina Cl. Martínez Maldonado,"CALLE MARTÍNEZ MALDONADO, 72 ",POINT (371238.273073177 4064937.60924658),,,,,,MUNICIPAL,No,No,1,2028
da_aparcamientosMovilidadReducida.fid--175d4967_1a00d91a118_-6b0f,66512,APARCAPMR_176,Escquina Av. de la Luz,"AVENIDA DE LA LUZ, 11 ",POINT (370231.201864233 4062207.25352554),,,,,,MUNICIPAL,No,No,2,2028
da_aparcamientosMovilidadReducida.fid--175d4967_1a00d91a118_-6b0e,66390,APARCAPMR_676,Esquina con c/ Travesía de la Luz,"AVENIDA DE LA LUZ, 11 ",POINT (370226.995459948 4062198.54723554),,,,,,MUNICIPAL,No,No,1,2028
da_aparcamientosMovilidadReducida.fid--175d4967_1a00d91a118_-6b0d,66349,APARCAPMR_326,A la altura del nº 31,"AVENIDA DE LA LUZ, 31 ",POINT (370021.20874955 4062267.89091101),,,,,,MUNICIPAL,No,No,1,2028
da_aparcamientosMovilidadReducida.fid--175d4967_1a00d91a118_-6b0c,66772,APARCAPMR_184,Esquina con c/ El Ches,"AVENIDA DE LA LUZ, 31 ",POINT (370023.334376049 4062269.76775779),,,,,,MUNICIPAL,No,No,2,2028
da_aparcamientosMovilidadReducida.fid--175d4967_1a00d91a118_-6b0b,66177,APARCAPMR_727,A la altura del nº 26-24,"AVENIDA DE LA LUZ, 26 ",POINT (370129.623629058 4062270.18350151),,,,,,MUNICIPAL,No,No,2,2028
da_aparcamientosMovilidadReducida.fid--175d4967_1a00d91a118_-6b0a,66381,APARCAPMR_953,,"CALLE ALBACETE, 16 ",POINT (371010.549691905 4065540.13120796),,,,,,MUNICIPAL,No,No,1,2028
da_aparcamientosMovilidadReducida.fid--175d4967_1a00d91a118_-6b09,66613,APARCAPMR_1198,,"CALLE PAZ, 1 ",POINT (359657.000313548 4066022.99964025),,,,,,MUNICIPAL,No,No,1,2028
da_aparcamientosMovilidadReducida.fid--175d4967_1a00d91a118_-6b08,66658,APARCAPMR_657,,"AVENIDA DE JULIO CORTÁZAR, 19 ",POINT (369430.153214544 4066223.57081913),,,,,,MUNICIPAL,No,No,2,2028
da_aparcamientosMovilidadReducida.fid--175d4967_1a00d91a118_-6b07,66831,APARCAPMR_1141,,"AVENIDA DEL DOCTOR MARAÑÓN, 20 ",POINT (372460.999951903 4065848.99976384),,,,,,MUNICIPAL,No,No,2,2028
da_aparcamientosMovilidadReducida.fid--175d4967_1a00d91a118_-6b06,66656,APARCAPMR_610,Esquina con c/ Jordán Marbella,"CALLE BORGOÑA, 24 ",POINT (371639.36758668 4063423.81938205),,,,,,MUNICIPAL,No,No,1,2028
da_aparcamientosMovilidadReducida.fid--175d4967_1a00d91a118_-6b05,66595,APARCAPMR_947,Esquina Cl. Gévora,"CALLE BORGOÑA, 36 ",POINT (371608.269137501 4063389.44206305),,,,,,MUNICIPAL,No,No,1,2028
da_aparcamientosMovilidadReducida.fid--175d4967_1a00d91a118_-6b04,66169,APARCAPMR_1045,,"CALLE MAESTRO TOMÁS BRETÓN, 23 ",POINT (365541.03289449 4058444.53084612),,,,,,MUNICIPAL,No,No,1,2028
da_aparcamientosMovilidadReducida.fid--175d4967_1a00d91a118_-6b03,80143,APARCAPMR_1437,"C/ Carretera Campo de Golf, Nº 54","CARRETERA CAMPO DE GOLF, 54 ",POINT (368301.636268744 4057934.28324011),,,,,,MUNICIPAL,No,No,1,2028
da_aparcamientosMovilidadReducida.fid--175d4967_1a00d91a118_-6b02,66310,APARCAPMR_860,,"CALLE DOCTOR RAMOS ACOSTA, 22 ",POINT (365734.010072628 4058584.98466376),,,,,,MUNICIPAL,No,No,1,2028
da_aparcamientosMovilidadReducida.fid--175d4967_1a00d91a118_-6b01,66967,APARCAPMR_380,A la altura del nº 67,"PASEO DE SANCHA, 64 ",POINT (375131.659109887 4065041.35908803),,,,,,MUNICIPAL,No,No,1,2028
da_aparcamientosMovilidadReducida.fid--175d4967_1a00d91a118_-6b00,66923,APARCAPMR_476,Esquina con Cl. Remedios Varo,"CALLE REMEDIOS VARO, 1 ",POINT (365421.249789396 4057900.45538769),,,,,,MUNICIPAL,No,No,1,2028
da_aparcamientosMovilidadReducida.fid--175d4967_1a00d91a118_-6aff,66997,APARCAPMR_426,Esquina con c/ Atabalero,"AVENIDA DEL ATABAL, 1 ",POINT (368743.135071523 4066071.27695601),,,,,,MUNICIPAL,No,No,3,2028
da_aparcamientosMovilidadReducida.fid--175d4967_1a00d91a118_-6afe,67277,APARCAPMR_488,A la altura del nº 23,"CALLE JACOB, 23 ",POINT (361674.596892764 4065781.67981591),,,,,,MUNICIPAL,No,No,2,2028
da_aparcamientosMovilidadReducida.fid--175d4967_1a00d91a118_-6afd,67265,APARCAPMR_031,Esquina con c/ Israel,"CALLE IGNACIO SÁNCHEZ MEJÍAS, 2 ",POINT (362003.532328491 4065825.03172966),,,,,,MUNICIPAL,No,No,2,2028
da_aparcamientosMovilidadReducida.fid--175d4967_1a00d91a118_-6afc,66564,APARCAPMR_705,,"CARRETERA CAMPO DE GOLF, 65 ",POINT (368270.390491017 4057928.73970334),,,,,,MUNICIPAL,No,No,1,2028
da_aparcamientosMovilidadReducida.fid--175d4967_1a00d91a118_-6afb,66201,APARCAPMR_1165,,"CALLE DOCTOR RAMOS ACOSTA, 18 ",POINT (365688.999623455 4058609.99993897),,,,,,MUNICIPAL,No,No,1,2028
da_aparcamientosMovilidadReducida.fid--175d4967_1a00d91a118_-6afa,66509,APARCAPMR_519,A la altura del nº 7,"CALLE ESLA, 1B",POINT (372262.699807071 4067137.58292366),,,,,,MUNICIPAL,No,No,3,2028
da_aparcamientosMovilidadReducida.fid--175d4967_1a00d91a118_-6af9,66877,APARCAPMR_490,Esquina con c/ José Calderón,"CALLE DE MATISSE, 4 ",POINT (362650.07852661 4065274.34450913),,,,,,MUNICIPAL,No,No,2,2028
da_aparcamientosMovilidadReducida.fid--175d4967_1a00d91a118_-6af8,66216,APARCAPMR_1142,,"AVENIDA DEL DOCTOR MARAÑÓN, 38 ",POINT (372470.000005981 4066008.00061211),,,,,,MUNICIPAL,No,No,2,2028
da_aparcamientosMovilidadReducida.fid--175d4967_1a00d91a118_-6af7,66763,APARCAPMR_574,Esquina con Cl. López Pinto,"CALLE LÓPEZ PINTO, 13 ",POINT (372342.894591564 4063516.97100691),,,,,,MUNICIPAL,No,No,1,2028
da_aparcamientosMovilidadReducida.fid--175d4967_1a00d91a118_-6af6,66818,APARCAPMR_967,A la altura del nº 12,"CALLE DOLORES IBÁRRURI, 12 ",POINT (369302.363083282 4062223.93158988),,,,,,MUNICIPAL,No,No,2,2028
da_aparcamientosMovilidadReducida.fid--175d4967_1a00d91a118_-6af5,80627,APARCAPMR_1451,C/ Gran Bretaña frente a C/ Grecia,"CALLE GRAN BRETAÑA, 15 ",POINT (366856.118481891 4063046.31411596),,,,,,MUNICIPAL,No,No,1,2028
da_aparcamientosMovilidadReducida.fid--175d4967_1a00d91a118_-6af4,67133,APARCAPMR_266,Esquina con Cl. Monseñor Oscar Romero,"AVENIDA DE LA AURORA, 48 ",POINT (371367.401454418 4064242.48000705),,,,,,MUNICIPAL,No,No,3,2028
da_aparcamientosMovilidadReducida.fid--175d4967_1a00d91a118_-6af3,66710,APARCAPMR_231,,"AVENIDA DE LA AURORA, 62 ",POINT (371264.874969833 4064224.49809601),,,,,,MUNICIPAL,No,No,2,2028
da_aparcamientosMovilidadReducida.fid--175d4967_1a00d91a118_-6af2,66645,APARCAPMR_088,Esquina con c/ Alonso Hernández,"CAMINO DE SUÁREZ, 47 ",POINT (371521.015103414 4065615.94645141),,,,,,MUNICIPAL,No,No,2,2028
da_aparcamientosMovilidadReducida.fid--175d4967_1a00d91a118_-6af1,66562,APARCAPMR_716,Esquina con c/ Cuarteles,"CALLE CONDE DUQUE DE OLIVARES, 2 ",POINT (372474.360790892 4064145.96769612),,,,,,MUNICIPAL,No,No,4,2028
da_aparcamientosMovilidadReducida.fid--175d4967_1a00d91a118_-6af0,66815,APARCAPMR_913,,"CALLE DE ANDRÓMEDA, 24 ",POINT (368173.017757509 4065278.12637048),,,,,,MUNICIPAL,No,No,2,2028
da_aparcamientosMovilidadReducida.fid--175d4967_1a00d91a118_-6aef,66187,APARCAPMR_746,,"CALLE MARÍA BARRIENTOS, 10 ",POINT (367081.542141811 4064888.1827178),,,,,,MUNICIPAL,No,No,1,2028
da_aparcamientosMovilidadReducida.fid--175d4967_1a00d91a118_-6aee,80476,APARCAPMR_1442,C/ María Barrientos esquina con C/ Navarro Ledesma,"CALLE MARÍA BARRIENTOS, 1 ",POINT (367025.227017631 4065007.46724947),,,,,,MUNICIPAL,No,No,1,2028
da_aparcamientosMovilidadReducida.fid--175d4967_1a00d91a118_-6aed,66461,APARCAPMR_1227,,"CALLE MAESTRO TOMÁS BRETÓN, 8 ",POINT (365556.999579766 4058439.00073631),,,,,,MUNICIPAL,No,No,1,2028
da_aparcamientosMovilidadReducida.fid--175d4967_1a00d91a118_-6aec,66934,APARCAPMR_251,Esquina con c/ Sófocles,"CALLE ARISTÓFANES, 11 ",POINT (367626.186722272 4065033.01903519),,,,,,MUNICIPAL,No,No,2,2028
da_aparcamientosMovilidadReducida.fid--175d4967_1a00d91a118_-6aeb,67281,APARCAPMR_498,Esquina con c/ Forja,"CALLE LARA CASTAÑEDA, 12 ",POINT (367827.8462586 4066581.87403776),,,,,,MUNICIPAL,No,No,3,2028
da_aparcamientosMovilidadReducida.fid--175d4967_1a00d91a118_-6aea,66515,APARCAPMR_536,Esquina con Pasaje Mari-Gaila. Frente al nº 22,"PASAJE MARI-GAILA, 2 ",POINT (369071.299312631 4059015.35914904),,,,,,MUNICIPAL,No,No,1,2028
da_aparcamientosMovilidadReducida.fid--175d4967_1a00d91a118_-6ae9,66305,APARCAPMR_842,,"CALLE JARDINERA, 1 ",POINT (360159.626553255 4066306.88579105),,,,,,MUNICIPAL,No,No,1,2028
da_aparcamientosMovilidadReducida.fid--175d4967_1a00d91a118_-6ae8,66226,APARCAPMR_1269,,"CALLE LANZAROTE DEL LAGO, 18 ",POINT (367374.999571195 4067435.00007787),,,,,,MUNICIPAL,No,No,1,2028
da_aparcamientosMovilidadReducida.fid--175d4967_1a00d91a118_-6ae7,66608,APARCAPMR_914,,"CALLE ARISTÓFANES, 4 ",POINT (367560.389737708 4065132.12647483),,,,,,MUNICIPAL,No,No,3,2028
da_aparcamientosMovilidadReducida.fid--175d4967_1a00d91a118_-6ae6,67264,APARCAPMR_169,No hay más datos,"CALLE ACACIAS DE GUADALMAR, 24 ",POINT (369369.402012645 4058813.96112995),,,,,,MUNICIPAL,No,No,1,2028
da_aparcamientosMovilidadReducida.fid--175d4967_1a00d91a118_-6ae5,66811,APARCAPMR_957,Intersección Cmno. de Rojas,"CALLE MOSAICO, 2 ",POINT (360169.599508305 4066343.23178565),,,,,,MUNICIPAL,No,No,1,2028
da_aparcamientosMovilidadReducida.fid--175d4967_1a00d91a118_-6ae4,66545,APARCAPMR_1221,,"CALLE NUESTRA SEÑORA DE LAS CANDELAS, 15 ",POINT (370408.000034622 4061191.00059614),,,,,,MUNICIPAL,No,No,1,2028
da_aparcamientosMovilidadReducida.fid--175d4967_1a00d91a118_-6ae3,67088,APARCAPMR_002,Esquina con Cl. Martínez de la Rosa,"CALLE MARTÍNEZ DE LA ROSA, 128 ",POINT (371040.464749152 4065699.82157706),,,,,,MUNICIPAL,No,No,3,2028
da_aparcamientosMovilidadReducida.fid--175d4967_1a00d91a118_-6ae2,67201,APARCAPMR_467,Esquina con c/ Hilera,"CALLE COMPOSITOR LEHMBERG RUIZ, 34 ",POINT (371825.500415015 4064659.35727283),,,,,,MUNICIPAL,No,No,2,2028
da_aparcamientosMovilidadReducida.fid--175d4967_1a00d91a118_-6ae1,66393,APARCAPMR_419,A la altura del nº 5,"CALLE AMADEO VIVES, 9 ",POINT (371660.497940835 4063278.78772478),,,,,,MUNICIPAL,No,No,2,2028
da_aparcamientosMovilidadReducida.fid--175d4967_1a00d91a118_-6ae0,67143,APARCAPMR_212,Esquina con c/ Virgen de las Flores,"AVENIDA DEL OBISPO ÁNGEL HERRERA ORIA, 58 ",POINT (371092.891748338 4064634.16001892),,,,,,MUNICIPAL,No,No,1,2028
da_aparcamientosMovilidadReducida.fid--175d4967_1a00d91a118_-6adf,66748,APARCAPMR_968,Intersección c/ Herman Hesse,"CALLE HEMINGWAY, 1 ",POINT (368438.645921326 4061160.249928),,,,,,MUNICIPAL,No,No,1,2028
da_aparcamientosMovilidadReducida.fid--175d4967_1a00d91a118_-6ade,67170,APARCAPMR_181,A la altura del nº 7,"CALLE FERNÁNDEZ FERMINA, 29 ",POINT (371036.688976899 4064020.57347899),,,,,,MUNICIPAL,No,No,2,2028
da_aparcamientosMovilidadReducida.fid--175d4967_1a00d91a118_-6add,67030,APARCAPMR_481,Esquina con Cl. Fernández Fermina,"CALLE FERNÁNDEZ FERMINA, 29 ",POINT (371037.128063894 4064022.32568288),,,,,,MUNICIPAL,No,No,2,2028
da_aparcamientosMovilidadReducida.fid--175d4967_1a00d91a118_-6adc,67266,APARCAPMR_307,Esquina con Paseo Abel Sánchez.,"CALLE ACACIAS DE GUADALMAR, 2 ",POINT (369840.075372968 4058602.81582263),,,,,,MUNICIPAL,No,No,4,2028
da_aparcamientosMovilidadReducida.fid--175d4967_1a00d91a118_-6adb,66820,APARCAPMR_973,Intersección calle Ramirez Arcas,"CALLE JUMILLANO, 10 ",POINT (361887.86146139 4065830.04280139),,,,,,MUNICIPAL,No,No,2,2028
da_aparcamientosMovilidadReducida.fid--175d4967_1a00d91a118_-6ada,76899,APARCAPMR_1272,,"CALLE CAMOENS, 1 ",POINT (362532.248428809 4065372.17650788),,,,,,MUNICIPAL,No,No,1,2028
da_aparcamientosMovilidadReducida.fid--175d4967_1a00d91a118_-6ad9,79734,APARCAPMR_1424,C/ Andrómeda esquina con C/ Esquilo,"CALLE DE ANDRÓMEDA, 12 ",POINT (368114.718851726 4065174.79508618),,,,,,MUNICIPAL,No,No,1,2028
da_aparcamientosMovilidadReducida.fid--175d4967_1a00d91a118_-6ad8,67110,APARCAPMR_071,Esquina con c/ Eugenio Gross,"CAMINO DE SUÁREZ, 1 ",POINT (371859.327387411 4065541.99176335),,,,,,MUNICIPAL,No,No,2,2028
da_aparcamientosMovilidadReducida.fid--175d4967_1a00d91a118_-6ad7,66963,APARCAPMR_375,Frente a la puerta del Colegio,"CALLE JACOB, 16 ",POINT (361714.144024151 4065859.77858845),,,,,,MUNICIPAL,No,No,1,2028
da_aparcamientosMovilidadReducida.fid--175d4967_1a00d91a118_-6ad6,66651,APARCAPMR_591,A la altura del nº 31,"CALLE DE BARTOLOMÉ ESCOBEDO, 37 ",POINT (361801.391223881 4065525.3857887),,,,,,MUNICIPAL,No,No,1,2028
da_aparcamientosMovilidadReducida.fid--175d4967_1a00d91a118_-6ad5,66521,APARCAPMR_1130,Esquina con c/ Isla Cristina,"CALLE ABOGADO FEDERICO ORELLANA TOLEDANO, 8 ",POINT (371410.000358953 4062861.0004772),,,,,,MUNICIPAL,No,No,2,2028
da_aparcamientosMovilidadReducida.fid--175d4967_1a00d91a118_-6ad4,66864,APARCAPMR_1035,Esq. con Cl. Asalto,"CALLE GERONA, 12 ",POINT (371622.863778726 4064147.98717558),,,,,,MUNICIPAL,No,No,1,2028
da_aparcamientosMovilidadReducida.fid--175d4967_1a00d91a118_-6ad3,66795,APARCAPMR_617,Esquina c/ Filipinas,"CALLE DOMINGO SAVIO, 14 ",POINT (371772.262815355 4065487.53622913),,,,,,MUNICIPAL,No,No,1,2028
da_aparcamientosMovilidadReducida.fid--175d4967_1a00d91a118_-6ad2,67168,APARCAPMR_268,Esquina con Plaza Avenida de la Aurora,"AVENIDA DE LA AURORA, 63 ",POINT (371445.41573795 4064266.28181518),,,,,,MUNICIPAL,No,No,2,2028
da_aparcamientosMovilidadReducida.fid--175d4967_1a00d91a118_-6ad1,66770,APARCAPMR_217,Esquina con Av. Aurora.,"AVENIDA DE LA AURORA, 61 ",POINT (371490.160130906 4064267.45655078),,,,,,MUNICIPAL,No,No,2,2028
da_aparcamientosMovilidadReducida.fid--175d4967_1a00d91a118_-6ad0,66559,APARCAPMR_696,Esquina con c/ La Unión Mercantil,"AVENIDA DE GREGORIO DIEGO, 39 ",POINT (370426.933122849 4061362.14744128),,,,,,MUNICIPAL,No,No,1,2028
da_aparcamientosMovilidadReducida.fid--175d4967_1a00d91a118_-6acf,67232,APARCAPMR_230,A la altura del nº 17,"CALLE FRANCISCO PADILLA, 9 ",POINT (370686.042193418 4061737.97647461),,,,,,MUNICIPAL,No,No,1,2028
da_aparcamientosMovilidadReducida.fid--175d4967_1a00d91a118_-6ace,66439,APARCAPMR_1157,,"CALLE FRANCISCO PADILLA, 13 ",POINT (370615.000167807 4061793.00045329),,,,,,MUNICIPAL,No,No,1,2028
da_aparcamientosMovilidadReducida.fid--175d4967_1a00d91a118_-6acd,66324,APARCAPMR_867,,"CALLE VIÑA DEL MAR, 8 ",POINT (370103.794613886 4061651.59399928),,,,,,MUNICIPAL,No,No,2,2028
da_aparcamientosMovilidadReducida.fid--175d4967_1a00d91a118_-6acc,66388,APARCAPMR_603,A la altura del nº 22,"AVENIDA DE GREGORIO DIEGO, 24 ",POINT (370243.139025113 4061496.25331412),,,,,,MUNICIPAL,No,No,2,2028
da_aparcamientosMovilidadReducida.fid--175d4967_1a00d91a118_-6acb,66771,APARCAPMR_270,Esquina con Avda. de Velázquez,"AVENIDA DE GREGORIO DIEGO, 1 ",POINT (370008.860018832 4061679.33594675),,,,,,MUNICIPAL,No,No,2,2028
da_aparcamientosMovilidadReducida.fid--175d4967_1a00d91a118_-6aca,67276,APARCAPMR_487,Esquina con c/ Arlequín,"CALLE PRINCIPAL DE COLMENAREJO, 14 ",POINT (363165.731359129 4066313.44823688),,,,,,MUNICIPAL,No,No,2,2028
da_aparcamientosMovilidadReducida.fid--175d4967_1a00d91a118_-6ac9,66214,APARCAPMR_1024,Esq. con Cl. Ronda del Poniente,"CALLE CUEVA DE VIERA, 37 ",POINT (359607.813029009 4066111.63085825),,,,,,MUNICIPAL,No,No,1,2028
da_aparcamientosMovilidadReducida.fid--175d4967_1a00d91a118_-6ac8,66625,APARCAPMR_587,A la altura del nº 5,"CALLE FIDIAS, 2 ",POINT (369222.745381568 4061750.54954061),,,,,,MUNICIPAL,No,No,1,2028
da_aparcamientosMovilidadReducida.fid--175d4967_1a00d91a118_-6ac7,66847,APARCAPMR_1030,Esq. con Cl. Rafael Muntaner,"CALLE FIDIAS, 57 ",POINT (369208.915080737 4061388.46915341),,,,,,MUNICIPAL,No,No,1,2028
da_aparcamientosMovilidadReducida.fid--175d4967_1a00d91a118_-6ac6,66463,APARCAPMR_1243,,"CALLE ROGELIO OLIVA, 13 ",POINT (369410.000163193 4058624.00021234),,,,,,MUNICIPAL,No,No,1,2028
da_aparcamientosMovilidadReducida.fid--175d4967_1a00d91a118_-6ac5,66399,APARCAPMR_970,Esquina c/ Toledillo,"CALLE TORRE DEL PASO, 13 ",POINT (370687.362637491 4062890.21046341),,,,,,MUNICIPAL,No,No,1,2028
da_aparcamientosMovilidadReducida.fid--175d4967_1a00d91a118_-6ac4,77449,APARCAPMR_1309,C/ Río Duratón esquina con la Plaza Río Trabanco,"CALLE RÍO DURATÓN, 1 ",POINT (370796.845740895 4063644.17420668),,,,,,MUNICIPAL,No,No,1,2028
da_aparcamientosMovilidadReducida.fid--175d4967_1a00d91a118_-6ac3,67027,APARCAPMR_472,Esquina con c/ Cañete la Real,"CALLE RÍO TÁVORA, 4 ",POINT (370143.144379734 4063918.99370598),,,,,,MUNICIPAL,No,No,1,2028
da_aparcamientosMovilidadReducida.fid--175d4967_1a00d91a118_-6ac2,78093,APARCAPMR_1376,,"CALLE NEPAL, 8 ",POINT (364651.117627889 4059278.84828053),,,,,,MUNICIPAL,No,No,1,2028
da_aparcamientosMovilidadReducida.fid--175d4967_1a00d91a118_-6ac1,67282,APARCAPMR_499,Esquina con c/ Virgen del Rosario,"CALLE VIRGEN DE LA PALOMA, 26 ",POINT (371002.75804648 4064520.10841558),,,,,,MUNICIPAL,No,No,1,2028
da_aparcamientosMovilidadReducida.fid--175d4967_1a00d91a118_-6ac0,66762,APARCAPMR_584,Esquina con Cl. Casarabonela,"CALLE VALLE DE ABDALAJÍS, 8 ",POINT (370594.367701557 4063543.04843648),,,,,,MUNICIPAL,No,No,2,2028
da_aparcamientosMovilidadReducida.fid--175d4967_1a00d91a118_-6abf,78091,APARCAPMR_1374,,"CALLE NEPAL, 32 ",POINT (364483.748032012 4059369.38010595),,,,,,MUNICIPAL,No,No,1,2028
da_aparcamientosMovilidadReducida.fid--175d4967_1a00d91a118_-6abe,66215,APARCAPMR_1122,Esq. Calle Brezo,"CALLE URANIO, 66 ",POINT (367084.000158331 4067624.00069652),,,,,,MUNICIPAL,No,No,1,2028
da_aparcamientosMovilidadReducida.fid--175d4967_1a00d91a118_-6abd,66719,APARCAPMR_1034,Esq. con Cl. Piedra Franca,"CALLE CALIZA, 42 ",POINT (364693.631019724 4059187.46247863),,,,,,MUNICIPAL,No,No,1,2028
da_aparcamientosMovilidadReducida.fid--175d4967_1a00d91a118_-6abc,66703,APARCAPMR_956,Frente al nº 58,"CALLE TRAVESÍA DE MAQUEDA, 58 ",POINT (359941.380297793 4066375.59669475),,,,,,MUNICIPAL,No,No,1,2028
da_aparcamientosMovilidadReducida.fid--175d4967_1a00d91a118_-6abb,66558,APARCAPMR_683,Esquina con c/ Polonesa,"CALLE ZURITA, 11 ",POINT (367833.828956556 4067127.74441583),,,,,,MUNICIPAL,No,No,1,2028
da_aparcamientosMovilidadReducida.fid--175d4967_1a00d91a118_-6aba,78092,APARCAPMR_1375,,"CALLE NEPAL, 20 ",POINT (364565.296535191 4059325.78384386),,,,,,MUNICIPAL,No,No,1,2028
da_aparcamientosMovilidadReducida.fid--175d4967_1a00d91a118_-6ab9,66573,APARCAPMR_709,Esquina con c/ Vélez Málaga,"CALLE VÉLEZ MÁLAGA, 2 ",POINT (373914.671297264 4064571.65632259),,,,,,MUNICIPAL,No,No,1,2028
da_aparcamientosMovilidadReducida.fid--175d4967_1a00d91a118_-6ab8,66735,APARCAPMR_969,Esquina c/ Cordoba,"CALLE TRINIDAD GRUND, 16 ",POINT (372962.570270875 4064426.81598879),,,,,,MUNICIPAL,No,No,1,2028
da_aparcamientosMovilidadReducida.fid--175d4967_1a00d91a118_-6ab7,66339,APARCAPMR_240,Esquina con c/ Leandro Martínez Marín,"CAMINO DE SAN RAFAEL, 4 ",POINT (371239.946860379 4063849.69321704),,,,,,MUNICIPAL,No,No,1,2028
da_aparcamientosMovilidadReducida.fid--175d4967_1a00d91a118_-6ab6,67028,APARCAPMR_475,,"CALLE MAURICIO MORO PARETO, 9A",POINT (371827.084648897 4064153.25194086),,,,,,MUNICIPAL,No,No,1,2028
da_aparcamientosMovilidadReducida.fid--175d4967_1a00d91a118_-6ab5,66638,APARCAPMR_254,"Esquina con Av. de las Américas, frente al antiguo Edificio Negro.","CALLE MAURICIO MORO PARETO, 13 ",POINT (371787.626533243 4064250.46903434),,,,,,MUNICIPAL,No,No,2,2028
da_aparcamientosMovilidadReducida.fid--175d4967_1a00d91a118_-6ab4,66683,APARCAPMR_554,Esquina con c/ Virgen de la Fuensanta,"CALLE VIRGEN DE LA ESPERANZA, 53 ",POINT (370931.463225914 4064157.94496866),,,,,,MUNICIPAL,No,No,2,2028
da_aparcamientosMovilidadReducida.fid--175d4967_1a00d91a118_-6ab3,67066,APARCAPMR_222,Junto al Hotel Las Vegas,"PASEO DE SANCHA, 38 ",POINT (374872.907547773 4064936.8451332),,,,,,MUNICIPAL,No,No,1,2028
da_aparcamientosMovilidadReducida.fid--175d4967_1a00d91a118_-6ab2,66452,APARCAPMR_1077,,"PASEO DE SANCHA, 13 ",POINT (374577.773396466 4064913.96629221),,,,,,MUNICIPAL,No,No,1,2028
da_aparcamientosMovilidadReducida.fid--175d4967_1a00d91a118_-6ab1,78717,APARCAPMR_1392,"C/ Hermanos Álvarez Quintero, N.º 5 esquina con la Avenida Jacinto Benavente","CALLE HERMANOS ÁLVAREZ QUINTERO, 5 ",POINT (372893.377920613 4067933.4124834),,,,,,MUNICIPAL,No,No,1,2028
da_aparcamientosMovilidadReducida.fid--175d4967_1a00d91a118_-6ab0,66823,APARCAPMR_484,Esquina con c/ Quintanar de la Orden (frente al nº 4),"CALLE VENTILLAS DE TOLEDO, 2 ",POINT (373170.410946781 4068270.75816012),,,,,,MUNICIPAL,No,No,1,2028
da_aparcamientosMovilidadReducida.fid--175d4967_1a00d91a118_-6aaf,80736,APARCAPMR_1458,Avenida Virgen de Belén esquina con Avenida Velázquez,"AVENIDA DE LA VIRGEN DE BELÉN, 2 ",POINT (370066.867119036 4061851.18148691),,,,,,MUNICIPAL,No,No,1,2028
da_aparcamientosMovilidadReducida.fid--175d4967_1a00d91a118_-6aae,66543,APARCAPMR_1158,,"CALLE VIRGEN DEL GRAN PODER, 22 ",POINT (370728.000148348 4064296.99993083),,,,,,MUNICIPAL,No,No,1,2028
da_aparcamientosMovilidadReducida.fid--175d4967_1a00d91a118_-6aad,66874,APARCAPMR_606,Esquina con Cl. Virgen de la Esperanza,"CALLE VIRGEN DE LA ESPERANZA, 22 ",POINT (370871.961533841 4064414.90059259),,,,,,MUNICIPAL,No,No,1,2028
da_aparcamientosMovilidadReducida.fid--175d4967_1a00d91a118_-6aac,66465,APARCAPMR_1268,,"CALLE BADAJOZ, 5 ",POINT (373190.999818668 4068301.00005704),,,,,,MUNICIPAL,No,No,1,2028
da_aparcamientosMovilidadReducida.fid--175d4967_1a00d91a118_-6aab,74587,APARCAPMR_1214,,"CALLE POSTIGOS, 12 ",POINT (373082.824944772 4065502.03250966),,,,,,MUNICIPAL,No,No,1,2028
da_aparcamientosMovilidadReducida.fid--175d4967_1a00d91a118_-6aaa,66289,APARCAPMR_826,Esquina con Cl. Virgen de la Paloma.,"CALLE VIRGEN DE LA ESPERANZA, 12 ",POINT (370847.651281202 4064504.4812964),,,,,,MUNICIPAL,No,No,1,2028
da_aparcamientosMovilidadReducida.fid--175d4967_1a00d91a118_-6aa9,66365,APARCAPMR_881,,"PASAJE DE LLOBREGAT, 6 ",POINT (373360.139067888 4067969.94256689),,,,,,MUNICIPAL,No,No,1,2028
da_aparcamientosMovilidadReducida.fid--175d4967_1a00d91a118_-6aa8,66718,APARCAPMR_1225,C/ Alcalde Nicolas Maroto esq. C/Pje. Llobregat,"PASAJE DE LLOBREGAT, 6 ",POINT (373348.999593978 4067982.00060534),,,,,,MUNICIPAL,No,No,1,2028
da_aparcamientosMovilidadReducida.fid--175d4967_1a00d91a118_-6aa7,66153,APARCAPMR_858,,"CALLE EL INDICADOR MALAGUEÑO, 19 ",POINT (365000.680181791 4059152.66043566),,,,,,MUNICIPAL,No,No,1,2028
da_aparcamientosMovilidadReducida.fid--175d4967_1a00d91a118_-6aa6,66644,APARCAPMR_139,Esquina con c/ Segismundo Moret,"CALLE VENEGAS, 13 ",POINT (371425.532737326 4065758.65785541),,,,,,MUNICIPAL,No,No,2,2028
da_aparcamientosMovilidadReducida.fid--175d4967_1a00d91a118_-6aa5,66692,APARCAPMR_575,Esquina con Avda. Sor Teresa Prat,"CALLE SOLDADO MUÑOZ CAÑERO, 2 ",POINT (371425.636486629 4062631.7209601),,,,,,MUNICIPAL,No,No,2,2028
da_aparcamientosMovilidadReducida.fid--175d4967_1a00d91a118_-6aa4,66848,APARCAPMR_1075,Frente Paseo Limonar,"PASEO DE SANCHA, 65 ",POINT (375072.769348389 4065014.57838422),,,,,,MUNICIPAL,No,No,1,2028
da_aparcamientosMovilidadReducida.fid--175d4967_1a00d91a118_-6aa3,66139,APARCAPMR_794,,"PASEO DE SANCHA, 46 ",POINT (374936.848420388 4064961.74936026),,,,,,MUNICIPAL,No,No,1,2028
da_aparcamientosMovilidadReducida.fid--175d4967_1a00d91a118_-6aa2,66350,APARCAPMR_118,Esquina con c/ Manuel Altolaguirre,"AVENIDA DE SOR TERESA PRAT, 56 ",POINT (371163.3821304 4062165.43594371),,,,,,MUNICIPAL,No,No,2,2028
da_aparcamientosMovilidadReducida.fid--175d4967_1a00d91a118_-6aa1,66922,APARCAPMR_474,A la altura del nº 17 (Gestión Tributaria),"AVENIDA DE SOR TERESA PRAT, 17 ",POINT (371328.172743725 4062413.64567329),,,,,,MUNICIPAL,No,No,2,2028
da_aparcamientosMovilidadReducida.fid--175d4967_1a00d91a118_-6aa0,66245,APARCAPMR_786,,"CALLE PINTOR JOSÉ PONCE, 36 ",POINT (377927.852393017 4065378.81078071),,,,,,MUNICIPAL,No,No,1,2028
da_aparcamientosMovilidadReducida.fid--175d4967_1a00d91a118_-6a9f,66773,APARCAPMR_269,Esquina con Avda. Sor Teresa Prat,"AVENIDA DE SOR TERESA PRAT, 2 ",POINT (371466.25264963 4062759.01406041),,,,,,MUNICIPAL,No,No,1,2028
da_aparcamientosMovilidadReducida.fid--175d4967_1a00d91a118_-6a9e,66686,APARCAPMR_553,Esquina con c/ Virgen de la Inmaculada,"CALLE VIRGEN DE LA PALOMA, 27 ",POINT (371189.846162207 4064560.82982787),,,,,,MUNICIPAL,No,No,2,2028
da_aparcamientosMovilidadReducida.fid--175d4967_1a00d91a118_-6a9d,76892,APARCAPMR_1216,,"CALLE SAN JUAN BOSCO, 35 ",POINT (373034.983049313 4066201.28590683),,,,,,MUNICIPAL,No,No,1,2028
da_aparcamientosMovilidadReducida.fid--175d4967_1a00d91a118_-6a9c,78802,APARCAPMR_1404,"C/ El Indicador Malagueño, N.º 10","CALLE EL INDICADOR MALAGUEÑO, 10 ",POINT (364975.936896703 4059081.13126513),,,,,,MUNICIPAL,No,No,1,2028
da_aparcamientosMovilidadReducida.fid--175d4967_1a00d91a118_-6a9b,67269,APARCAPMR_032,Esquina con c/ Grice Hutchison,"PLAZA DE LA INMACULADA, 8 ",POINT (365707.201563029 4059265.90919593),,,,,,MUNICIPAL,No,No,2,2028
da_aparcamientosMovilidadReducida.fid--175d4967_1a00d91a118_-6a9a,66225,APARCAPMR_1254,,"CALLE VIRGEN DEL GRAN PODER, 3 ",POINT (370801.000304489 4064306.00067636),,,,,,MUNICIPAL,No,No,1,2028
da_aparcamientosMovilidadReducida.fid--175d4967_1a00d91a118_-6a99,67247,APARCAPMR_188,Esquina con Plaza Moreno Villa,"PLAZA DE REYNA MANESCAU, 1 ",POINT (371829.656155067 4063171.39493132),,,,,,MUNICIPAL,No,No,2,2028
da_aparcamientosMovilidadReducida.fid--175d4967_1a00d91a118_-6a98,67155,APARCAPMR_011,Esquina con c/ Mauricio Moro Pareto,"CALLE BABEL, 2 ",POINT (371708.94867974 4064264.82981137),,,,,,MUNICIPAL,No,No,3,2028
da_aparcamientosMovilidadReducida.fid--175d4967_1a00d91a118_-6a97,66957,APARCAPMR_367,Esquina con c / Almirante Enríquez,"CALLE EUGENIO SELLÉS, 44 ",POINT (377974.696000094 4064833.2388716),,,,,,MUNICIPAL,No,No,4,2028
da_aparcamientosMovilidadReducida.fid--175d4967_1a00d91a118_-6a96,66162,APARCAPMR_1068,Esq. con Cl. Obispo González García,"CALLE GENERAL IBÁÑEZ, 16 ",POINT (373764.709039806 4066050.85710862),,,,,,MUNICIPAL,No,No,1,2028
da_aparcamientosMovilidadReducida.fid--175d4967_1a00d91a118_-6a95,66474,APARCAPMR_1047,,"CALLE GENERAL IBÁÑEZ, 52 ",POINT (373716.822463186 4066237.42565942),,,,,,MUNICIPAL,No,No,1,2028
da_aparcamientosMovilidadReducida.fid--175d4967_1a00d91a118_-6a94,66154,APARCAPMR_859,,"CALLE PRESTE JUAN DE LAS INDIAS, 7 ",POINT (364997.561572717 4059061.35147488),,,,,,MUNICIPAL,No,No,1,2028
da_aparcamientosMovilidadReducida.fid--175d4967_1a00d91a118_-6a93,66186,APARCAPMR_333,,"CAMINO DE SAN RAFAEL, 16 ",POINT (371068.673857109 4063706.54941204),,,,,,MUNICIPAL,No,No,1,2028
da_aparcamientosMovilidadReducida.fid--175d4967_1a00d91a118_-6a92,66704,APARCAPMR_1012,Esq. Cl. Emilio Carreras,"CALLE SAN JUAN BOSCO, 48 ",POINT (373041.279191981 4066214.80497943),,,,,,MUNICIPAL,No,No,1,2028
da_aparcamientosMovilidadReducida.fid--175d4967_1a00d91a118_-6a91,67248,APARCAPMR_162,Esquina con c/ Angelillo de Triana,"CALLE GAUCÍN, 15 ",POINT (370417.844303343 4062464.36194208),,,,,,MUNICIPAL,No,No,2,2028
da_aparcamientosMovilidadReducida.fid--175d4967_1a00d91a118_-6a90,66788,APARCAPMR_390,Esquina con Avenida de Velázquez,"CALLE GAUCÍN, 2 ",POINT (370612.149670964 4062341.15187433),,,,,,MUNICIPAL,No,No,2,2028
da_aparcamientosMovilidadReducida.fid--175d4967_1a00d91a118_-6a8f,66605,APARCAPMR_993,Esquina con Cl. Sierra Bermeja,"CALLE GAUCÍN, 7 ",POINT (370511.217803713 4062397.42186034),,,,,,MUNICIPAL,No,No,1,2028
da_aparcamientosMovilidadReducida.fid--175d4967_1a00d91a118_-6a8e,66590,APARCAPMR_916,,"CALLE GAUCÍN, 27 ",POINT (370267.095012955 4062568.11695779),,,,,,MUNICIPAL,No,No,1,2028
da_aparcamientosMovilidadReducida.fid--175d4967_1a00d91a118_-6a8d,66720,APARCAPMR_1033,Esq. con Cl. Alazores,"CALLE GAUCÍN, 13 ",POINT (370438.542287108 4062442.68458301),,,,,,MUNICIPAL,No,No,1,2028
da_aparcamientosMovilidadReducida.fid--175d4967_1a00d91a118_-6a8c,66950,APARCAPMR_358,Esquina con Pasaje Virgen de Belén,"AVENIDA DE LA VIRGEN DE BELÉN, 5A",POINT (369971.294342369 4061924.57721456),,,,,,MUNICIPAL,No,No,2,2028
da_aparcamientosMovilidadReducida.fid--175d4967_1a00d91a118_-6a8b,66298,APARCAPMR_854,,"AVENIDA DE SOR TERESA PRAT, 76 ",POINT (370995.738615158 4061771.26832107),,,,,,MUNICIPAL,No,No,1,2028
da_aparcamientosMovilidadReducida.fid--175d4967_1a00d91a118_-6a8a,66680,APARCAPMR_566,Esquina con c/ San Juan Bosco (frente al nº 2).,"CALLE SAN JUAN BOSCO, 120 ",POINT (372992.33373238 4066653.99071359),,,,,,MUNICIPAL,No,No,2,2028
da_aparcamientosMovilidadReducida.fid--175d4967_1a00d91a118_-6a89,66334,APARCAPMR_211,Esquina con c/ Virgen de la Salud,"CALLE VIRGEN DE LA PALOMA, 68 ",POINT (370782.724197545 4064475.59386728),,,,,,MUNICIPAL,No,No,2,2028
da_aparcamientosMovilidadReducida.fid--175d4967_1a00d91a118_-6a88,66581,APARCAPMR_1242,,"CALLE FRANCISCO FERNÁNDEZ GOLFÍN, 1 ",POINT (366598.999679797 4065440.00036208),,,,,,MUNICIPAL,No,No,2,2028
da_aparcamientosMovilidadReducida.fid--175d4967_1a00d91a118_-6a87,66668,APARCAPMR_688,Esquina con c/ Joyería ,"CALLE FILIGRANA, 26 ",POINT (367789.51592946 4066717.35056572),,,,,,MUNICIPAL,No,No,1,2028
da_aparcamientosMovilidadReducida.fid--175d4967_1a00d91a118_-6a86,78097,APARCAPMR_1380,,"CALLE BANGLADESH, 21 ",POINT (364523.98062022 4059471.53095711),,,,,,MUNICIPAL,No,No,1,2028
da_aparcamientosMovilidadReducida.fid--175d4967_1a00d91a118_-6a85,66722,APARCAPMR_1248,,"CALLE VIÑA DEL MAR, 1 ",POINT (370185.999936425 4061767.00000259),,,,,,MUNICIPAL,No,No,1,2028
da_aparcamientosMovilidadReducida.fid--175d4967_1a00d91a118_-6a84,78096,APARCAPMR_1379,,"CALLE BANGLADESH, 15 ",POINT (364640.815217516 4059408.57619185),,,,,,MUNICIPAL,No,No,1,2028
da_aparcamientosMovilidadReducida.fid--175d4967_1a00d91a118_-6a83,78095,APARCAPMR_1378,,"CALLE BANGLADESH, 15 ",POINT (364641.403198423 4059409.1641566),,,,,,MUNICIPAL,No,No,1,2028
da_aparcamientosMovilidadReducida.fid--175d4967_1a00d91a118_-6a82,77984,APARCAPMR_1360,Esquina José Calderón,"CALLE GUARDIA CIVIL DIEGO DÍAZ DÍAZ, 1 ",POINT (362068.437335783 4065835.33732108),,,,,,MUNICIPAL,No,No,1,2028
da_aparcamientosMovilidadReducida.fid--175d4967_1a00d91a118_-6a81,78094,APARCAPMR_1377,,"CALLE BANGLADESH, 3 ",POINT (364728.994871096 4059359.75215534),,,,,,MUNICIPAL,No,No,1,2028
da_aparcamientosMovilidadReducida.fid--175d4967_1a00d91a118_-6a80,66619,APARCAPMR_1236,C/Arturo Toscanini esq. Giordano Bruno,"CALLE ARTURO TOSCANINI, 3 ",POINT (369100.000433301 4064704.00065438),,,,,,MUNICIPAL,No,No,1,2028
da_aparcamientosMovilidadReducida.fid--175d4967_1a00d91a118_-6a7f,66229,APARCAPMR_781,A la altura del número 23,"CARRIL DE LA VIRGEN MILAGROSA, 36 ",POINT (378345.18955936 4064640.1996521),,,,,,MUNICIPAL,No,No,1,2028
da_aparcamientosMovilidadReducida.fid--175d4967_1a00d91a118_-6a7e,66531,APARCAPMR_548,Esquina con c/ Castañer y Vilchez,"CALLE ORTEGA MUNILLA, 14 ",POINT (378557.10618188 4064670.84411455),,,,,,MUNICIPAL,No,No,1,2028
